['/home/exouser/duty-cycle-investigation/src/calls', '/home/exouser/miniforge3/envs/dc-study/lib/python39.zip', '/home/exouser/miniforge3/envs/dc-study/lib/python3.9', '/home/exouser/miniforge3/envs/dc-study/lib/python3.9/lib-dynload', '/home/exouser/miniforge3/envs/dc-study/lib/python3.9/site-packages', '/home/exouser/duty-cycle-investigation/src/bout', '/home/exouser/duty-cycle-investigation/src', '/home/exouser/duty-cycle-investigation/src/calls']
['/home/exouser/duty-cycle-investigation/src/calls', '/home/exouser/miniforge3/envs/dc-study/lib/python39.zip', '/home/exouser/miniforge3/envs/dc-study/lib/python3.9', '/home/exouser/miniforge3/envs/dc-study/lib/python3.9/lib-dynload', '/home/exouser/miniforge3/envs/dc-study/lib/python3.9/site-packages', '/home/exouser/duty-cycle-investigation/src/bout', '/home/exouser/duty-cycle-investigation/src', '/home/exouser/duty-cycle-investigation/src/calls', '../src', '/home/exouser/duty-cycle-investigation/src/bout', '/home/exouser/duty-cycle-investigation/src']
Searching for files from Carp Pond
Will be looking at 2498 files from Carp Pond
Looking at bio230143-bucket01/ubna_data_01/recover-20220715/UBNA_008/20220713_003000.WAV
Median LF frequency in File: nan
Median HF frequency in File: 18240.0
There are now 7 rows in call catalogue
Looking at bio230143-bucket01/ubna_data_01/recover-20220715/UBNA_008/20220713_010000.WAV
Median LF frequency in File: 65760.0
Median HF frequency in File: 17760.0
There are now 21 rows in call catalogue
Looking at bio230143-bucket01/ubna_data_01/recover-20220715/UBNA_008/20220713_013000.WAV
Median LF frequency in File: nan
Median HF frequency in File: 26880.000000000004
There are now 22 rows in call catalogue
Looking at bio230143-bucket01/ubna_data_01/recover-20220715/UBNA_008/20220713_020000.WAV
Median LF frequency in File: nan
Median HF frequency in File: 29760.0
There are now 25 rows in call catalogue
Looking at bio230143-bucket01/ubna_data_01/recover-20220715/UBNA_008/20220713_030000.WAV
Median LF frequency in File: nan
Median HF frequency in File: 18240.0
There are now 29 rows in call catalogue
Looking at bio230143-bucket01/ubna_data_01/recover-20220715/UBNA_008/20220713_033000.WAV
Median LF frequency in File: nan
Median HF frequency in File: 25440.0
There are now 30 rows in call catalogue
Looking at bio230143-bucket01/ubna_data_01/recover-20220715/UBNA_008/20220713_043000.WAV
Median LF frequency in File: nan
Median HF frequency in File: 24960.0
There are now 50 rows in call catalogue
Looking at bio230143-bucket01/ubna_data_01/recover-20220715/UBNA_008/20220713_050000.WAV
Median LF frequency in File: 42240.0
Median HF frequency in File: 25920.0
There are now 157 rows in call catalogue
Looking at bio230143-bucket01/ubna_data_01/recover-20220715/UBNA_008/20220713_053000.WAV
Median LF frequency in File: 43200.0
Median HF frequency in File: 24960.0
There are now 383 rows in call catalogue
Looking at bio230143-bucket01/ubna_data_01/recover-20220715/UBNA_008/20220713_060000.WAV
Median LF frequency in File: nan
Median HF frequency in File: 27839.999999999996
There are now 434 rows in call catalogue
Looking at bio230143-bucket01/ubna_data_01/recover-20220715/UBNA_008/20220713_063000.WAV
Median LF frequency in File: nan
Median HF frequency in File: 25920.0
There are now 460 rows in call catalogue
Looking at bio230143-bucket01/ubna_data_01/recover-20220715/UBNA_008/20220713_070000.WAV
Median LF frequency in File: nan
Median HF frequency in File: 27839.999999999996
There are now 837 rows in call catalogue
Looking at bio230143-bucket01/ubna_data_01/recover-20220715/UBNA_008/20220713_073000.WAV
Median LF frequency in File: 54719.99999999999
Median HF frequency in File: 27839.999999999996
There are now 1090 rows in call catalogue
Looking at bio230143-bucket01/ubna_data_01/recover-20220715/UBNA_008/20220713_080000.WAV
Median LF frequency in File: nan
Median HF frequency in File: 27839.999999999996
There are now 1113 rows in call catalogue
Looking at bio230143-bucket01/ubna_data_01/recover-20220715/UBNA_008/20220713_083000.WAV
Median LF frequency in File: 40320.0
Median HF frequency in File: 27839.999999999996
There are now 1199 rows in call catalogue
Looking at bio230143-bucket01/ubna_data_01/recover-20220715/UBNA_008/20220713_090000.WAV
Median LF frequency in File: 43680.0
Median HF frequency in File: 27839.999999999996
There are now 1342 rows in call catalogue
Looking at bio230143-bucket01/ubna_data_01/recover-20220715/UBNA_008/20220713_093000.WAV
Median LF frequency in File: 43200.0
Median HF frequency in File: 26880.000000000004
There are now 1416 rows in call catalogue
Looking at bio230143-bucket01/ubna_data_01/recover-20220715/UBNA_008/20220713_100000.WAV
Median LF frequency in File: nan
Median HF frequency in File: 26880.000000000004
There are now 1432 rows in call catalogue
Looking at bio230143-bucket01/ubna_data_01/recover-20220715/UBNA_008/20220713_103000.WAV
Median LF frequency in File: nan
Median HF frequency in File: 26880.000000000004
There are now 1485 rows in call catalogue
Looking at bio230143-bucket01/ubna_data_01/recover-20220715/UBNA_008/20220713_110000.WAV
Median LF frequency in File: 43200.0
Median HF frequency in File: 26880.000000000004
There are now 1512 rows in call catalogue
Looking at bio230143-bucket01/ubna_data_01/recover-20220715/UBNA_008/20220713_130000.WAV
Median LF frequency in File: nan
Median HF frequency in File: 24000.0
There are now 1513 rows in call catalogue
Looking at bio230143-bucket01/ubna_data_01/recover-20220715/UBNA_008/20220713_133000.WAV
Median LF frequency in File: nan
Median HF frequency in File: 21120.0
There are now 1514 rows in call catalogue
Looking at bio230143-bucket01/ubna_data_01/recover-20220715/UBNA_008/20220713_140000.WAV
Median LF frequency in File: nan
Median HF frequency in File: 16320.000000000002
There are now 1527 rows in call catalogue
Looking at bio230143-bucket01/ubna_data_01/recover-20220715/UBNA_008/20220713_143000.WAV
Median LF frequency in File: nan
Median HF frequency in File: 16800.0
There are now 1533 rows in call catalogue
Looking at bio230143-bucket01/ubna_data_01/recover-20220715/UBNA_008/20220713_150000.WAV
Median LF frequency in File: nan
Median HF frequency in File: 15360.0
There are now 1534 rows in call catalogue
Looking at bio230143-bucket01/ubna_data_01/recover-20220715/UBNA_008/20220713_153000.WAV
Median LF frequency in File: nan
Median HF frequency in File: 16320.000000000002
There are now 1535 rows in call catalogue
Looking at bio230143-bucket01/ubna_data_01/recover-20220715/UBNA_008/20220714_003000.WAV
Median LF frequency in File: nan
Median HF frequency in File: 16320.000000000002
There are now 1536 rows in call catalogue
Looking at bio230143-bucket01/ubna_data_01/recover-20220715/UBNA_008/20220714_010000.WAV
Median LF frequency in File: nan
Median HF frequency in File: 17280.0
There are now 1539 rows in call catalogue
Looking at bio230143-bucket01/ubna_data_01/recover-20220715/UBNA_008/20220714_020000.WAV
Median LF frequency in File: nan
Median HF frequency in File: 17280.0
There are now 1542 rows in call catalogue
Looking at bio230143-bucket01/ubna_data_01/recover-20220715/UBNA_008/20220714_033000.WAV
Median LF frequency in File: nan
Median HF frequency in File: 16320.000000000002
There are now 1545 rows in call catalogue
Looking at bio230143-bucket01/ubna_data_01/recover-20220715/UBNA_008/20220714_040000.WAV
Median LF frequency in File: nan
Median HF frequency in File: 18240.0
There are now 1561 rows in call catalogue
Looking at bio230143-bucket01/ubna_data_01/recover-20220715/UBNA_008/20220714_043000.WAV
Median LF frequency in File: nan
Median HF frequency in File: 16320.000000000002
There are now 1587 rows in call catalogue
Looking at bio230143-bucket01/ubna_data_01/recover-20220715/UBNA_008/20220714_050000.WAV
Median LF frequency in File: 45120.0
Median HF frequency in File: 26880.000000000004
There are now 1616 rows in call catalogue
Looking at bio230143-bucket01/ubna_data_01/recover-20220715/UBNA_008/20220714_053000.WAV
Median LF frequency in File: 42240.0
Median HF frequency in File: 40320.0
There are now 1636 rows in call catalogue
Looking at bio230143-bucket01/ubna_data_01/recover-20220715/UBNA_008/20220714_060000.WAV
Median LF frequency in File: 41280.0
Median HF frequency in File: 26880.000000000004
There are now 1680 rows in call catalogue
Looking at bio230143-bucket01/ubna_data_01/recover-20220715/UBNA_008/20220714_063000.WAV
Median LF frequency in File: nan
Median HF frequency in File: 27839.999999999996
There are now 1920 rows in call catalogue
Looking at bio230143-bucket01/ubna_data_01/recover-20220715/UBNA_008/20220714_070000.WAV
Median LF frequency in File: nan
Median HF frequency in File: 26880.000000000004
There are now 1942 rows in call catalogue
Looking at bio230143-bucket01/ubna_data_01/recover-20220715/UBNA_008/20220714_073000.WAV
Median LF frequency in File: nan
Median HF frequency in File: 27839.999999999996
There are now 1954 rows in call catalogue
Looking at bio230143-bucket01/ubna_data_01/recover-20220715/UBNA_008/20220714_080000.WAV
Median LF frequency in File: nan
Median HF frequency in File: 27839.999999999996
There are now 2432 rows in call catalogue
Looking at bio230143-bucket01/ubna_data_01/recover-20220715/UBNA_008/20220714_083000.WAV
Median LF frequency in File: nan
Median HF frequency in File: 27839.999999999996
There are now 3288 rows in call catalogue
Looking at bio230143-bucket01/ubna_data_01/recover-20220715/UBNA_008/20220714_090000.WAV
Median LF frequency in File: 42240.0
Median HF frequency in File: 26880.000000000004
There are now 3431 rows in call catalogue
Looking at bio230143-bucket01/ubna_data_01/recover-20220715/UBNA_008/20220714_093000.WAV
Median LF frequency in File: nan
Median HF frequency in File: 26880.000000000004
There are now 3526 rows in call catalogue
Looking at bio230143-bucket01/ubna_data_01/recover-20220715/UBNA_008/20220714_100000.WAV
Median LF frequency in File: nan
Median HF frequency in File: 25920.0
There are now 3538 rows in call catalogue
Looking at bio230143-bucket01/ubna_data_01/recover-20220715/UBNA_008/20220714_103000.WAV
Median LF frequency in File: 39360.0
Median HF frequency in File: 38880.0
There are now 3549 rows in call catalogue
Looking at bio230143-bucket01/ubna_data_01/recover-20220715/UBNA_008/20220714_123000.WAV
Median LF frequency in File: nan
Median HF frequency in File: 18240.0
There are now 3552 rows in call catalogue
Looking at bio230143-bucket01/ubna_data_01/recover-20220715/UBNA_008/20220714_133000.WAV
Median LF frequency in File: nan
Median HF frequency in File: 24960.0
There are now 3554 rows in call catalogue
Looking at bio230143-bucket01/ubna_data_01/recover-20220715/UBNA_008/20220714_150000.WAV
Median LF frequency in File: nan
Median HF frequency in File: 16320.000000000002
There are now 3555 rows in call catalogue
Looking at bio230143-bucket01/ubna_data_01/recover-20220715/UBNA_008/20220714_153000.WAV
Median LF frequency in File: nan
Median HF frequency in File: 15840.0
There are now 3557 rows in call catalogue
Looking at bio230143-bucket01/ubna_data_01/recover-20220715/UBNA_008/20220715_000000.WAV
Median LF frequency in File: nan
Median HF frequency in File: 15360.0
There are now 3559 rows in call catalogue
Looking at bio230143-bucket01/ubna_data_01/recover-20220715/UBNA_008/20220715_003000.WAV
Median LF frequency in File: nan
Median HF frequency in File: 24000.0
There are now 3560 rows in call catalogue
Looking at bio230143-bucket01/ubna_data_01/recover-20220715/UBNA_008/20220715_010000.WAV
Median LF frequency in File: nan
Median HF frequency in File: 23040.0
There are now 3561 rows in call catalogue
Looking at bio230143-bucket01/ubna_data_01/recover-20220715/UBNA_008/20220715_020000.WAV
Median LF frequency in File: nan
Median HF frequency in File: 16320.000000000002
There are now 3562 rows in call catalogue
Looking at bio230143-bucket01/ubna_data_01/recover-20220715/UBNA_008/20220715_030000.WAV
Median LF frequency in File: nan
Median HF frequency in File: 24960.0
There are now 3563 rows in call catalogue
Looking at bio230143-bucket01/ubna_data_01/recover-20220715/UBNA_008/20220715_050000.WAV
Median LF frequency in File: nan
Median HF frequency in File: 26880.000000000004
There are now 3605 rows in call catalogue
Looking at bio230143-bucket01/ubna_data_01/recover-20220715/UBNA_008/20220715_053000.WAV
Median LF frequency in File: 42240.0
Median HF frequency in File: 25920.0
There are now 3832 rows in call catalogue
Looking at bio230143-bucket01/ubna_data_01/recover-20220715/UBNA_008/20220715_060000.WAV
Median LF frequency in File: 42240.0
Median HF frequency in File: 26880.000000000004
There are now 4880 rows in call catalogue
Looking at bio230143-bucket01/ubna_data_01/recover-20220715/UBNA_008/20220715_063000.WAV
Median LF frequency in File: nan
Median HF frequency in File: 27839.999999999996
There are now 6016 rows in call catalogue
Looking at bio230143-bucket01/ubna_data_01/recover-20220715/UBNA_008/20220715_070000.WAV
Median LF frequency in File: 40320.0
Median HF frequency in File: 27839.999999999996
There are now 7183 rows in call catalogue
Looking at bio230143-bucket01/ubna_data_01/recover-20220715/UBNA_008/20220715_073000.WAV
Median LF frequency in File: 41280.0
Median HF frequency in File: 27839.999999999996
There are now 8029 rows in call catalogue
Looking at bio230143-bucket01/ubna_data_01/recover-20220715/UBNA_008/20220715_080000.WAV
Median LF frequency in File: 48000.0
Median HF frequency in File: 27839.999999999996
There are now 8155 rows in call catalogue
Looking at bio230143-bucket01/ubna_data_01/recover-20220715/UBNA_008/20220715_083000.WAV
Median LF frequency in File: 50880.0
Median HF frequency in File: 26880.000000000004
There are now 8325 rows in call catalogue
Looking at bio230143-bucket01/ubna_data_01/recover-20220715/UBNA_008/20220715_090000.WAV
Median LF frequency in File: 51840.0
Median HF frequency in File: 26880.000000000004
There are now 8952 rows in call catalogue
Looking at bio230143-bucket01/ubna_data_01/recover-20220715/UBNA_008/20220715_093000.WAV
Median LF frequency in File: 42240.0
Median HF frequency in File: 26880.000000000004
There are now 9087 rows in call catalogue
Looking at bio230143-bucket01/ubna_data_01/recover-20220715/UBNA_008/20220715_100000.WAV
Median LF frequency in File: 42240.0
Median HF frequency in File: 26880.000000000004
There are now 9178 rows in call catalogue
Looking at bio230143-bucket01/ubna_data_01/recover-20220715/UBNA_008/20220715_103000.WAV
Median LF frequency in File: nan
Median HF frequency in File: 26880.000000000004
There are now 9416 rows in call catalogue
Looking at bio230143-bucket01/ubna_data_01/recover-20220715/UBNA_008/20220715_110000.WAV
Median LF frequency in File: nan
Median HF frequency in File: 26880.000000000004
There are now 9656 rows in call catalogue
Looking at bio230143-bucket01/ubna_data_01/recover-20220717/UBNA_006/20220716_000000.WAV
Median LF frequency in File: nan
Median HF frequency in File: 16320.000000000002
There are now 9662 rows in call catalogue
Looking at bio230143-bucket01/ubna_data_01/recover-20220717/UBNA_006/20220716_003000.WAV
Median LF frequency in File: nan
Median HF frequency in File: 18720.0
There are now 9670 rows in call catalogue
Looking at bio230143-bucket01/ubna_data_01/recover-20220717/UBNA_006/20220716_010000.WAV
Median LF frequency in File: nan
Median HF frequency in File: 21120.0
There are now 9678 rows in call catalogue
Looking at bio230143-bucket01/ubna_data_01/recover-20220717/UBNA_006/20220716_013000.WAV
Median LF frequency in File: nan
Median HF frequency in File: 17280.0
There are now 9684 rows in call catalogue
Looking at bio230143-bucket01/ubna_data_01/recover-20220717/UBNA_006/20220716_020000.WAV
Median LF frequency in File: nan
Median HF frequency in File: 18240.0
There are now 9689 rows in call catalogue
Looking at bio230143-bucket01/ubna_data_01/recover-20220717/UBNA_006/20220716_023000.WAV
Median LF frequency in File: nan
Median HF frequency in File: 18240.0
There are now 9693 rows in call catalogue
Looking at bio230143-bucket01/ubna_data_01/recover-20220717/UBNA_006/20220716_030000.WAV
Median LF frequency in File: nan
Median HF frequency in File: 17280.0
There are now 9698 rows in call catalogue
Looking at bio230143-bucket01/ubna_data_01/recover-20220717/UBNA_006/20220716_033000.WAV
Median LF frequency in File: nan
Median HF frequency in File: 21120.0
There are now 9699 rows in call catalogue
Looking at bio230143-bucket01/ubna_data_01/recover-20220717/UBNA_006/20220716_040000.WAV
Median LF frequency in File: nan
Median HF frequency in File: 24000.0
There are now 9715 rows in call catalogue
Looking at bio230143-bucket01/ubna_data_01/recover-20220717/UBNA_006/20220716_043000.WAV
Median LF frequency in File: 42240.0
Median HF frequency in File: 24000.0
There are now 9881 rows in call catalogue
Looking at bio230143-bucket01/ubna_data_01/recover-20220717/UBNA_006/20220716_050000.WAV
Median LF frequency in File: 41280.0
Median HF frequency in File: 26880.000000000004
There are now 10758 rows in call catalogue
Looking at bio230143-bucket01/ubna_data_01/recover-20220717/UBNA_006/20220716_053000.WAV
Median LF frequency in File: 48960.0
Median HF frequency in File: 26880.000000000004
There are now 14289 rows in call catalogue
Looking at bio230143-bucket01/ubna_data_01/recover-20220717/UBNA_006/20220716_060000.WAV
Median LF frequency in File: 42240.0
Median HF frequency in File: 26880.000000000004
There are now 18881 rows in call catalogue
Looking at bio230143-bucket01/ubna_data_01/recover-20220717/UBNA_006/20220716_063000.WAV
Median LF frequency in File: 48960.0
Median HF frequency in File: 26880.000000000004
There are now 22484 rows in call catalogue
Looking at bio230143-bucket01/ubna_data_01/recover-20220717/UBNA_006/20220716_070000.WAV
Median LF frequency in File: 48000.0
Median HF frequency in File: 25920.0
There are now 28413 rows in call catalogue
Looking at bio230143-bucket01/ubna_data_01/recover-20220717/UBNA_006/20220716_073000.WAV
Median LF frequency in File: 47040.0
Median HF frequency in File: 26880.000000000004
There are now 32441 rows in call catalogue
Looking at bio230143-bucket01/ubna_data_01/recover-20220717/UBNA_006/20220716_080000.WAV
Median LF frequency in File: 52800.00000000001
Median HF frequency in File: 26880.000000000004
There are now 36092 rows in call catalogue
Looking at bio230143-bucket01/ubna_data_01/recover-20220717/UBNA_006/20220716_083000.WAV
Median LF frequency in File: 43200.0
Median HF frequency in File: 26880.000000000004
There are now 39013 rows in call catalogue
Looking at bio230143-bucket01/ubna_data_01/recover-20220717/UBNA_006/20220716_090000.WAV
Median LF frequency in File: 42240.0
Median HF frequency in File: 26880.000000000004
There are now 40613 rows in call catalogue
Looking at bio230143-bucket01/ubna_data_01/recover-20220717/UBNA_006/20220716_093000.WAV
Median LF frequency in File: nan
Median HF frequency in File: 26880.000000000004
There are now 42729 rows in call catalogue
Looking at bio230143-bucket01/ubna_data_01/recover-20220717/UBNA_006/20220716_100000.WAV
Median LF frequency in File: 42240.0
Median HF frequency in File: 26880.000000000004
There are now 44658 rows in call catalogue
Looking at bio230143-bucket01/ubna_data_01/recover-20220717/UBNA_006/20220716_103000.WAV
Median LF frequency in File: 42720.0
Median HF frequency in File: 26880.000000000004
There are now 44855 rows in call catalogue
Looking at bio230143-bucket01/ubna_data_01/recover-20220717/UBNA_006/20220716_110000.WAV
Median LF frequency in File: 42240.0
Median HF frequency in File: 25920.0
There are now 44985 rows in call catalogue
Looking at bio230143-bucket01/ubna_data_01/recover-20220717/UBNA_006/20220716_113000.WAV
Median LF frequency in File: nan
Median HF frequency in File: 19680.0
There are now 44991 rows in call catalogue
Looking at bio230143-bucket01/ubna_data_01/recover-20220717/UBNA_006/20220716_120000.WAV
Median LF frequency in File: nan
Median HF frequency in File: 17760.0
There are now 44993 rows in call catalogue
Looking at bio230143-bucket01/ubna_data_01/recover-20220717/UBNA_006/20220716_123000.WAV
Median LF frequency in File: nan
Median HF frequency in File: 20160.0
There are now 44998 rows in call catalogue
Looking at bio230143-bucket01/ubna_data_01/recover-20220717/UBNA_006/20220716_130000.WAV
Median LF frequency in File: nan
Median HF frequency in File: 18720.0
There are now 45000 rows in call catalogue
Looking at bio230143-bucket01/ubna_data_01/recover-20220717/UBNA_006/20220716_133000.WAV
Median LF frequency in File: nan
Median HF frequency in File: 18240.0
There are now 45032 rows in call catalogue
Looking at bio230143-bucket01/ubna_data_01/recover-20220717/UBNA_006/20220716_140000.WAV
Median LF frequency in File: nan
Median HF frequency in File: 18240.0
There are now 45037 rows in call catalogue
Looking at bio230143-bucket01/ubna_data_01/recover-20220717/UBNA_006/20220716_143000.WAV
Median LF frequency in File: nan
Median HF frequency in File: 17760.0
There are now 45041 rows in call catalogue
Looking at bio230143-bucket01/ubna_data_01/recover-20220717/UBNA_006/20220716_150000.WAV
Median LF frequency in File: nan
Median HF frequency in File: 24000.0
There are now 45042 rows in call catalogue
Looking at bio230143-bucket01/ubna_data_01/recover-20220717/UBNA_006/20220716_153000.WAV
Median LF frequency in File: nan
Median HF frequency in File: 19200.0
There are now 45043 rows in call catalogue
Looking at bio230143-bucket01/ubna_data_01/recover-20220717/UBNA_006/20220717_000000.WAV
Median LF frequency in File: nan
Median HF frequency in File: 18720.0
There are now 45051 rows in call catalogue
Looking at bio230143-bucket01/ubna_data_01/recover-20220717/UBNA_006/20220717_003000.WAV
Median LF frequency in File: nan
Median HF frequency in File: 20640.0
There are now 45053 rows in call catalogue
Looking at bio230143-bucket01/ubna_data_01/recover-20220717/UBNA_006/20220717_010000.WAV
Median LF frequency in File: nan
Median HF frequency in File: 17280.0
There are now 45092 rows in call catalogue
Looking at bio230143-bucket01/ubna_data_01/recover-20220717/UBNA_006/20220717_013000.WAV
Median LF frequency in File: nan
Median HF frequency in File: 19200.0
There are now 45102 rows in call catalogue
Looking at bio230143-bucket01/ubna_data_01/recover-20220717/UBNA_006/20220717_020000.WAV
Median LF frequency in File: nan
Median HF frequency in File: 19200.0
There are now 45110 rows in call catalogue
Looking at bio230143-bucket01/ubna_data_01/recover-20220717/UBNA_006/20220717_023000.WAV
Median LF frequency in File: nan
Median HF frequency in File: 18240.0
There are now 45115 rows in call catalogue
Looking at bio230143-bucket01/ubna_data_01/recover-20220717/UBNA_006/20220717_030000.WAV
Median LF frequency in File: nan
Median HF frequency in File: 19200.0
There are now 45129 rows in call catalogue
Looking at bio230143-bucket01/ubna_data_01/recover-20220717/UBNA_006/20220717_033000.WAV
Median LF frequency in File: nan
Median HF frequency in File: 31680.0
There are now 45133 rows in call catalogue
Looking at bio230143-bucket01/ubna_data_01/recover-20220717/UBNA_006/20220717_040000.WAV
Median LF frequency in File: nan
Median HF frequency in File: 24960.0
There are now 45134 rows in call catalogue
Looking at bio230143-bucket01/ubna_data_01/recover-20220717/UBNA_006/20220717_043000.WAV
Median LF frequency in File: 42240.0
Median HF frequency in File: 20160.0
There are now 45164 rows in call catalogue
Looking at bio230143-bucket01/ubna_data_01/recover-20220717/UBNA_006/20220717_050000.WAV
Median LF frequency in File: 43200.0
Median HF frequency in File: 24000.0
There are now 45269 rows in call catalogue
Looking at bio230143-bucket01/ubna_data_01/recover-20220717/UBNA_006/20220717_053000.WAV
Median LF frequency in File: 43200.0
Median HF frequency in File: 25920.0
There are now 45539 rows in call catalogue
Looking at bio230143-bucket01/ubna_data_01/recover-20220717/UBNA_006/20220717_060000.WAV
Median LF frequency in File: 42240.0
Median HF frequency in File: 25920.0
There are now 45857 rows in call catalogue
Looking at bio230143-bucket01/ubna_data_01/recover-20220717/UBNA_006/20220717_063000.WAV
Median LF frequency in File: 43200.0
Median HF frequency in File: 26880.000000000004
There are now 47228 rows in call catalogue
Looking at bio230143-bucket01/ubna_data_01/recover-20220717/UBNA_006/20220717_070000.WAV
Median LF frequency in File: 41280.0
Median HF frequency in File: 26880.000000000004
There are now 49910 rows in call catalogue
Looking at bio230143-bucket01/ubna_data_01/recover-20220717/UBNA_006/20220717_073000.WAV
Median LF frequency in File: 41280.0
Median HF frequency in File: 26880.000000000004
There are now 51450 rows in call catalogue
Looking at bio230143-bucket01/ubna_data_01/recover-20220717/UBNA_006/20220717_080000.WAV
Median LF frequency in File: 41760.0
Median HF frequency in File: 26880.000000000004
There are now 52431 rows in call catalogue
Looking at bio230143-bucket01/ubna_data_01/recover-20220717/UBNA_006/20220717_083000.WAV
Median LF frequency in File: 41280.0
Median HF frequency in File: 26880.000000000004
There are now 53086 rows in call catalogue
Looking at bio230143-bucket01/ubna_data_01/recover-20220717/UBNA_006/20220717_090000.WAV
Median LF frequency in File: 42240.0
Median HF frequency in File: 26880.000000000004
There are now 53533 rows in call catalogue
Looking at bio230143-bucket01/ubna_data_01/recover-20220717/UBNA_006/20220717_093000.WAV
Median LF frequency in File: 43200.0
Median HF frequency in File: 27360.0
There are now 53638 rows in call catalogue
Looking at bio230143-bucket01/ubna_data_01/recover-20220717/UBNA_006/20220717_100000.WAV
Median LF frequency in File: nan
Median HF frequency in File: 27839.999999999996
There are now 53686 rows in call catalogue
Looking at bio230143-bucket01/ubna_data_01/recover-20220717/UBNA_006/20220717_103000.WAV
Median LF frequency in File: 34560.0
Median HF frequency in File: 25920.0
There are now 54220 rows in call catalogue
Looking at bio230143-bucket01/ubna_data_01/recover-20220717/UBNA_006/20220717_110000.WAV
Median LF frequency in File: nan
Median HF frequency in File: 25920.0
There are now 54342 rows in call catalogue
Looking at bio230143-bucket01/ubna_data_01/recover-20220717/UBNA_006/20220717_113000.WAV
Median LF frequency in File: 42240.0
Median HF frequency in File: 29760.0
There are now 54376 rows in call catalogue
Looking at bio230143-bucket01/ubna_data_01/recover-20220717/UBNA_006/20220717_120000.WAV
Median LF frequency in File: nan
Median HF frequency in File: 19200.0
There are now 54384 rows in call catalogue
Looking at bio230143-bucket01/ubna_data_01/recover-20220717/UBNA_006/20220717_123000.WAV
Median LF frequency in File: nan
Median HF frequency in File: 19200.0
There are now 54393 rows in call catalogue
Looking at bio230143-bucket01/ubna_data_01/recover-20220717/UBNA_006/20220717_130000.WAV
Median LF frequency in File: nan
Median HF frequency in File: 21120.0
There are now 54396 rows in call catalogue
Looking at bio230143-bucket01/ubna_data_01/recover-20220717/UBNA_006/20220717_133000.WAV
Median LF frequency in File: nan
Median HF frequency in File: 19200.0
There are now 54397 rows in call catalogue
Looking at bio230143-bucket01/ubna_data_01/recover-20220717/UBNA_006/20220717_140000.WAV
Median LF frequency in File: nan
Median HF frequency in File: 20160.0
There are now 54400 rows in call catalogue
Looking at bio230143-bucket01/ubna_data_01/recover-20220717/UBNA_006/20220717_150000.WAV
Median LF frequency in File: nan
Median HF frequency in File: 26880.000000000004
There are now 54401 rows in call catalogue
Looking at bio230143-bucket01/ubna_data_01/recover-20220717/UBNA_006/20220717_153000.WAV
Median LF frequency in File: nan
Median HF frequency in File: 18240.0
There are now 54414 rows in call catalogue
Looking at bio230143-bucket01/ubna_data_01/recover-20220719/UBNA_002/20220718_000000.WAV
Median LF frequency in File: nan
Median HF frequency in File: 18240.0
There are now 54417 rows in call catalogue
Looking at bio230143-bucket01/ubna_data_01/recover-20220719/UBNA_004/20220718_000000.WAV
Median LF frequency in File: nan
Median HF frequency in File: 18240.0
There are now 54420 rows in call catalogue
Looking at bio230143-bucket01/ubna_data_01/recover-20220719/UBNA_004/20220718_003000.WAV
Median LF frequency in File: nan
Median HF frequency in File: 20640.0
There are now 54422 rows in call catalogue
Looking at bio230143-bucket01/ubna_data_01/recover-20220719/UBNA_002/20220718_003000.WAV
Median LF frequency in File: nan
Median HF frequency in File: 20160.0
There are now 54425 rows in call catalogue
Looking at bio230143-bucket01/ubna_data_01/recover-20220719/UBNA_002/20220718_010000.WAV
Median LF frequency in File: nan
Median HF frequency in File: 20160.0
There are now 54426 rows in call catalogue
Looking at bio230143-bucket01/ubna_data_01/recover-20220719/UBNA_004/20220718_010000.WAV
Median LF frequency in File: nan
Median HF frequency in File: 19200.0
There are now 54431 rows in call catalogue
Looking at bio230143-bucket01/ubna_data_01/recover-20220719/UBNA_004/20220718_020000.WAV
Median LF frequency in File: nan
Median HF frequency in File: 19200.0
There are now 54440 rows in call catalogue
Looking at bio230143-bucket01/ubna_data_01/recover-20220719/UBNA_002/20220718_020000.WAV
Median LF frequency in File: nan
Median HF frequency in File: 18240.0
There are now 54445 rows in call catalogue
Looking at bio230143-bucket01/ubna_data_01/recover-20220719/UBNA_002/20220718_023000.WAV
Median LF frequency in File: nan
Median HF frequency in File: 17280.0
There are now 54448 rows in call catalogue
Looking at bio230143-bucket01/ubna_data_01/recover-20220719/UBNA_004/20220718_023000.WAV
Median LF frequency in File: nan
Median HF frequency in File: 18720.0
There are now 54452 rows in call catalogue
Looking at bio230143-bucket01/ubna_data_01/recover-20220719/UBNA_002/20220718_030000.WAV
Median LF frequency in File: nan
Median HF frequency in File: 18240.0
There are now 54454 rows in call catalogue
Looking at bio230143-bucket01/ubna_data_01/recover-20220719/UBNA_002/20220718_033000.WAV
Median LF frequency in File: nan
Median HF frequency in File: 18240.0
There are now 54455 rows in call catalogue
Looking at bio230143-bucket01/ubna_data_01/recover-20220719/UBNA_004/20220718_040000.WAV
Median LF frequency in File: nan
Median HF frequency in File: 18240.0
There are now 54464 rows in call catalogue
Looking at bio230143-bucket01/ubna_data_01/recover-20220719/UBNA_002/20220718_040000.WAV
Median LF frequency in File: nan
Median HF frequency in File: 20160.0
There are now 54466 rows in call catalogue
Looking at bio230143-bucket01/ubna_data_01/recover-20220719/UBNA_004/20220718_043000.WAV
Median LF frequency in File: 46080.0
Median HF frequency in File: 24000.0
There are now 54593 rows in call catalogue
Looking at bio230143-bucket01/ubna_data_01/recover-20220719/UBNA_002/20220718_043000.WAV
Median LF frequency in File: 45120.0
Median HF frequency in File: 23040.0
There are now 54676 rows in call catalogue
Looking at bio230143-bucket01/ubna_data_01/recover-20220719/UBNA_002/20220718_050000.WAV
Median LF frequency in File: 40320.0
Median HF frequency in File: 27839.999999999996
There are now 54784 rows in call catalogue
Looking at bio230143-bucket01/ubna_data_01/recover-20220719/UBNA_004/20220718_050000.WAV
Median LF frequency in File: 41280.0
Median HF frequency in File: 27839.999999999996
There are now 54936 rows in call catalogue
Looking at bio230143-bucket01/ubna_data_01/recover-20220719/UBNA_004/20220718_053000.WAV
Median LF frequency in File: nan
Median HF frequency in File: 25920.0
There are now 57235 rows in call catalogue
Looking at bio230143-bucket01/ubna_data_01/recover-20220719/UBNA_002/20220718_053000.WAV
Median LF frequency in File: nan
Median HF frequency in File: 25920.0
There are now 59076 rows in call catalogue
Looking at bio230143-bucket01/ubna_data_01/recover-20220719/UBNA_002/20220718_060000.WAV
Median LF frequency in File: 42240.0
Median HF frequency in File: 26880.000000000004
There are now 61043 rows in call catalogue
Looking at bio230143-bucket01/ubna_data_01/recover-20220719/UBNA_004/20220718_060000.WAV
Median LF frequency in File: 42240.0
Median HF frequency in File: 26880.000000000004
There are now 63770 rows in call catalogue
Looking at bio230143-bucket01/ubna_data_01/recover-20220719/UBNA_002/20220718_063000.WAV
Median LF frequency in File: 43200.0
Median HF frequency in File: 26880.000000000004
There are now 64125 rows in call catalogue
Looking at bio230143-bucket01/ubna_data_01/recover-20220719/UBNA_004/20220718_063000.WAV
Median LF frequency in File: 44160.0
Median HF frequency in File: 26880.000000000004
There are now 64603 rows in call catalogue
Looking at bio230143-bucket01/ubna_data_01/recover-20220719/UBNA_002/20220718_070000.WAV
Median LF frequency in File: 42240.0
Median HF frequency in File: 27839.999999999996
There are now 66374 rows in call catalogue
Looking at bio230143-bucket01/ubna_data_01/recover-20220719/UBNA_004/20220718_070000.WAV
Median LF frequency in File: 43200.0
Median HF frequency in File: 27839.999999999996
There are now 68928 rows in call catalogue
Looking at bio230143-bucket01/ubna_data_01/recover-20220719/UBNA_004/20220718_073000.WAV
Median LF frequency in File: 39360.0
Median HF frequency in File: 26880.000000000004
There are now 71038 rows in call catalogue
Looking at bio230143-bucket01/ubna_data_01/recover-20220719/UBNA_002/20220718_073000.WAV
Median LF frequency in File: nan
Median HF frequency in File: 26880.000000000004
There are now 72373 rows in call catalogue
Looking at bio230143-bucket01/ubna_data_01/recover-20220719/UBNA_004/20220718_080000.WAV
Median LF frequency in File: 42240.0
Median HF frequency in File: 26880.000000000004
There are now 76719 rows in call catalogue
Looking at bio230143-bucket01/ubna_data_01/recover-20220719/UBNA_002/20220718_080000.WAV
Median LF frequency in File: 41280.0
Median HF frequency in File: 26880.000000000004
There are now 79651 rows in call catalogue
Looking at bio230143-bucket01/ubna_data_01/recover-20220719/UBNA_004/20220718_083000.WAV
Median LF frequency in File: 40800.0
Median HF frequency in File: 26880.000000000004
There are now 82968 rows in call catalogue
Looking at bio230143-bucket01/ubna_data_01/recover-20220719/UBNA_002/20220718_083000.WAV
Median LF frequency in File: 40320.0
Median HF frequency in File: 26880.000000000004
There are now 84922 rows in call catalogue
Looking at bio230143-bucket01/ubna_data_01/recover-20220719/UBNA_002/20220718_090000.WAV
Median LF frequency in File: 41280.0
Median HF frequency in File: 26880.000000000004
There are now 85940 rows in call catalogue
Looking at bio230143-bucket01/ubna_data_01/recover-20220719/UBNA_004/20220718_090000.WAV
Median LF frequency in File: 41280.0
Median HF frequency in File: 26880.000000000004
There are now 87632 rows in call catalogue
Looking at bio230143-bucket01/ubna_data_01/recover-20220719/UBNA_002/20220718_093000.WAV
Median LF frequency in File: 41280.0
Median HF frequency in File: 26880.000000000004
There are now 88236 rows in call catalogue
Looking at bio230143-bucket01/ubna_data_01/recover-20220719/UBNA_004/20220718_093000.WAV
Median LF frequency in File: 42240.0
Median HF frequency in File: 26880.000000000004
There are now 89104 rows in call catalogue
Looking at bio230143-bucket01/ubna_data_01/recover-20220719/UBNA_002/20220718_100000.WAV
Median LF frequency in File: nan
Median HF frequency in File: 26880.000000000004
There are now 89459 rows in call catalogue
Looking at bio230143-bucket01/ubna_data_01/recover-20220719/UBNA_004/20220718_100000.WAV
Median LF frequency in File: nan
Median HF frequency in File: 26880.000000000004
There are now 90065 rows in call catalogue
Looking at bio230143-bucket01/ubna_data_01/recover-20220719/UBNA_004/20220718_103000.WAV
Median LF frequency in File: 42240.0
Median HF frequency in File: 26880.000000000004
There are now 90396 rows in call catalogue
Looking at bio230143-bucket01/ubna_data_01/recover-20220719/UBNA_002/20220718_103000.WAV
Median LF frequency in File: 41280.0
Median HF frequency in File: 26880.000000000004
There are now 90607 rows in call catalogue
Looking at bio230143-bucket01/ubna_data_01/recover-20220719/UBNA_002/20220718_110000.WAV
Median LF frequency in File: 41280.0
Median HF frequency in File: 17280.0
There are now 90616 rows in call catalogue
Looking at bio230143-bucket01/ubna_data_01/recover-20220719/UBNA_004/20220718_110000.WAV
Median LF frequency in File: 41280.0
Median HF frequency in File: nan
There are now 90617 rows in call catalogue
Looking at bio230143-bucket01/ubna_data_01/recover-20220719/UBNA_004/20220718_113000.WAV
Median LF frequency in File: nan
Median HF frequency in File: 26880.000000000004
There are now 90634 rows in call catalogue
Looking at bio230143-bucket01/ubna_data_01/recover-20220719/UBNA_002/20220718_113000.WAV
Median LF frequency in File: nan
Median HF frequency in File: 25920.0
There are now 90640 rows in call catalogue
Looking at bio230143-bucket01/ubna_data_01/recover-20220719/UBNA_002/20220718_120000.WAV
Median LF frequency in File: nan
Median HF frequency in File: 16800.0
There are now 90648 rows in call catalogue
Looking at bio230143-bucket01/ubna_data_01/recover-20220719/UBNA_004/20220718_120000.WAV
Median LF frequency in File: nan
Median HF frequency in File: 18240.0
There are now 90670 rows in call catalogue
Looking at bio230143-bucket01/ubna_data_01/recover-20220719/UBNA_002/20220718_123000.WAV
Median LF frequency in File: nan
Median HF frequency in File: 19200.0
There are now 90675 rows in call catalogue
Looking at bio230143-bucket01/ubna_data_01/recover-20220719/UBNA_004/20220718_123000.WAV
Median LF frequency in File: nan
Median HF frequency in File: 19200.0
There are now 90682 rows in call catalogue
Looking at bio230143-bucket01/ubna_data_01/recover-20220719/UBNA_002/20220718_130000.WAV
Median LF frequency in File: nan
Median HF frequency in File: 17760.0
There are now 90686 rows in call catalogue
Looking at bio230143-bucket01/ubna_data_01/recover-20220719/UBNA_004/20220718_130000.WAV
Median LF frequency in File: nan
Median HF frequency in File: 18240.0
There are now 90693 rows in call catalogue
Looking at bio230143-bucket01/ubna_data_01/recover-20220719/UBNA_002/20220718_133000.WAV
Median LF frequency in File: nan
Median HF frequency in File: 19200.0
There are now 90698 rows in call catalogue
Looking at bio230143-bucket01/ubna_data_01/recover-20220719/UBNA_002/20220718_140000.WAV
Median LF frequency in File: nan
Median HF frequency in File: 18240.0
There are now 90705 rows in call catalogue
Looking at bio230143-bucket01/ubna_data_01/recover-20220719/UBNA_004/20220718_140000.WAV
Median LF frequency in File: nan
Median HF frequency in File: 18240.0
There are now 90726 rows in call catalogue
Looking at bio230143-bucket01/ubna_data_01/recover-20220719/UBNA_002/20220718_143000.WAV
Median LF frequency in File: nan
Median HF frequency in File: 18240.0
There are now 90750 rows in call catalogue
Looking at bio230143-bucket01/ubna_data_01/recover-20220719/UBNA_004/20220718_143000.WAV
Median LF frequency in File: 42240.0
Median HF frequency in File: 18240.0
There are now 90790 rows in call catalogue
Looking at bio230143-bucket01/ubna_data_01/recover-20220719/UBNA_004/20220718_150000.WAV
Median LF frequency in File: nan
Median HF frequency in File: 18240.0
There are now 90801 rows in call catalogue
Looking at bio230143-bucket01/ubna_data_01/recover-20220719/UBNA_002/20220718_150000.WAV
Median LF frequency in File: nan
Median HF frequency in File: 18240.0
There are now 90806 rows in call catalogue
Looking at bio230143-bucket01/ubna_data_01/recover-20220719/UBNA_002/20220718_153000.WAV
Median LF frequency in File: nan
Median HF frequency in File: 17760.0
There are now 90812 rows in call catalogue
Looking at bio230143-bucket01/ubna_data_01/recover-20220719/UBNA_004/20220718_153000.WAV
Median LF frequency in File: nan
Median HF frequency in File: 23040.0
There are now 90817 rows in call catalogue
Looking at bio230143-bucket01/ubna_data_01/recover-20220719/UBNA_004/20220719_000000.WAV
Median LF frequency in File: nan
Median HF frequency in File: 24000.0
There are now 90820 rows in call catalogue
Looking at bio230143-bucket01/ubna_data_01/recover-20220719/UBNA_002/20220719_000000.WAV
Median LF frequency in File: nan
Median HF frequency in File: 18720.0
There are now 90826 rows in call catalogue
Looking at bio230143-bucket01/ubna_data_01/recover-20220719/UBNA_002/20220719_003000.WAV
Median LF frequency in File: nan
Median HF frequency in File: 19200.0
There are now 90830 rows in call catalogue
Looking at bio230143-bucket01/ubna_data_01/recover-20220719/UBNA_004/20220719_003000.WAV
Median LF frequency in File: nan
Median HF frequency in File: 18240.0
There are now 90831 rows in call catalogue
Looking at bio230143-bucket01/ubna_data_01/recover-20220719/UBNA_004/20220719_010000.WAV
Median LF frequency in File: nan
Median HF frequency in File: 20160.0
There are now 90837 rows in call catalogue
Looking at bio230143-bucket01/ubna_data_01/recover-20220719/UBNA_004/20220719_013000.WAV
Median LF frequency in File: nan
Median HF frequency in File: 19200.0
There are now 90841 rows in call catalogue
Looking at bio230143-bucket01/ubna_data_01/recover-20220719/UBNA_002/20220719_013000.WAV
Median LF frequency in File: nan
Median HF frequency in File: 20640.0
There are now 90845 rows in call catalogue
Looking at bio230143-bucket01/ubna_data_01/recover-20220719/UBNA_002/20220719_020000.WAV
Median LF frequency in File: nan
Median HF frequency in File: 19200.0
There are now 90848 rows in call catalogue
Looking at bio230143-bucket01/ubna_data_01/recover-20220719/UBNA_004/20220719_020000.WAV
Median LF frequency in File: nan
Median HF frequency in File: 21120.0
There are now 90850 rows in call catalogue
Looking at bio230143-bucket01/ubna_data_01/recover-20220719/UBNA_002/20220719_023000.WAV
Median LF frequency in File: nan
Median HF frequency in File: 19200.0
There are now 90854 rows in call catalogue
Looking at bio230143-bucket01/ubna_data_01/recover-20220719/UBNA_004/20220719_023000.WAV
Median LF frequency in File: nan
Median HF frequency in File: 20160.0
There are now 90859 rows in call catalogue
Looking at bio230143-bucket01/ubna_data_01/recover-20220719/UBNA_002/20220719_030000.WAV
Median LF frequency in File: nan
Median HF frequency in File: 20160.0
There are now 90862 rows in call catalogue
Looking at bio230143-bucket01/ubna_data_01/recover-20220719/UBNA_004/20220719_030000.WAV
Median LF frequency in File: nan
Median HF frequency in File: 21120.0
There are now 90868 rows in call catalogue
Looking at bio230143-bucket01/ubna_data_01/recover-20220719/UBNA_002/20220719_033000.WAV
Median LF frequency in File: nan
Median HF frequency in File: 17280.0
There are now 90879 rows in call catalogue
Looking at bio230143-bucket01/ubna_data_01/recover-20220719/UBNA_004/20220719_033000.WAV
Median LF frequency in File: nan
Median HF frequency in File: 17280.0
There are now 90891 rows in call catalogue
Looking at bio230143-bucket01/ubna_data_01/recover-20220719/UBNA_002/20220719_040000.WAV
Median LF frequency in File: nan
Median HF frequency in File: 17280.0
There are now 90896 rows in call catalogue
Looking at bio230143-bucket01/ubna_data_01/recover-20220719/UBNA_004/20220719_040000.WAV
Median LF frequency in File: nan
Median HF frequency in File: 18240.0
There are now 90900 rows in call catalogue
Looking at bio230143-bucket01/ubna_data_01/recover-20220719/UBNA_004/20220719_043000.WAV
Median LF frequency in File: 41280.0
Median HF frequency in File: 24000.0
There are now 91088 rows in call catalogue
Looking at bio230143-bucket01/ubna_data_01/recover-20220719/UBNA_002/20220719_043000.WAV
Median LF frequency in File: 41280.0
Median HF frequency in File: 24960.0
There are now 91247 rows in call catalogue
Looking at bio230143-bucket01/ubna_data_01/recover-20220719/UBNA_002/20220719_050000.WAV
Median LF frequency in File: 41280.0
Median HF frequency in File: 26880.000000000004
There are now 91378 rows in call catalogue
Looking at bio230143-bucket01/ubna_data_01/recover-20220719/UBNA_004/20220719_050000.WAV
Median LF frequency in File: 42240.0
Median HF frequency in File: 26880.000000000004
There are now 91550 rows in call catalogue
Looking at bio230143-bucket01/ubna_data_01/recover-20220719/UBNA_004/20220719_053000.WAV
Median LF frequency in File: 43200.0
Median HF frequency in File: 26880.000000000004
There are now 91766 rows in call catalogue
Looking at bio230143-bucket01/ubna_data_01/recover-20220719/UBNA_002/20220719_053000.WAV
Median LF frequency in File: 40800.0
Median HF frequency in File: 25920.0
There are now 91932 rows in call catalogue
Looking at bio230143-bucket01/ubna_data_01/recover-20220719/UBNA_002/20220719_060000.WAV
Median LF frequency in File: 41280.0
Median HF frequency in File: 24960.0
There are now 92053 rows in call catalogue
Looking at bio230143-bucket01/ubna_data_01/recover-20220719/UBNA_004/20220719_060000.WAV
Median LF frequency in File: 42240.0
Median HF frequency in File: 25920.0
There are now 92192 rows in call catalogue
Looking at bio230143-bucket01/ubna_data_01/recover-20220719/UBNA_004/20220719_063000.WAV
Median LF frequency in File: 42240.0
Median HF frequency in File: 24960.0
There are now 92380 rows in call catalogue
Looking at bio230143-bucket01/ubna_data_01/recover-20220719/UBNA_002/20220719_063000.WAV
Median LF frequency in File: 42240.0
Median HF frequency in File: 24960.0
There are now 92537 rows in call catalogue
Looking at bio230143-bucket01/ubna_data_01/recover-20220719/UBNA_004/20220719_070000.WAV
Median LF frequency in File: 40320.0
Median HF frequency in File: 24960.0
There are now 92572 rows in call catalogue
Looking at bio230143-bucket01/ubna_data_01/recover-20220719/UBNA_002/20220719_070000.WAV
Median LF frequency in File: nan
Median HF frequency in File: 24960.0
There are now 92600 rows in call catalogue
Looking at bio230143-bucket01/ubna_data_01/recover-20220719/UBNA_004/20220719_073000.WAV
Median LF frequency in File: 51840.0
Median HF frequency in File: 26880.000000000004
There are now 92924 rows in call catalogue
Looking at bio230143-bucket01/ubna_data_01/recover-20220719/UBNA_002/20220719_073000.WAV
Median LF frequency in File: 51840.0
Median HF frequency in File: 26880.000000000004
There are now 93180 rows in call catalogue
Looking at bio230143-bucket01/ubna_data_01/recover-20220719/UBNA_002/20220719_080000.WAV
Median LF frequency in File: nan
Median HF frequency in File: 26880.000000000004
There are now 93352 rows in call catalogue
Looking at bio230143-bucket01/ubna_data_01/recover-20220719/UBNA_004/20220719_080000.WAV
Median LF frequency in File: nan
Median HF frequency in File: 26880.000000000004
There are now 93613 rows in call catalogue
Looking at bio230143-bucket01/ubna_data_01/recover-20220719/UBNA_004/20220719_083000.WAV
Median LF frequency in File: 40320.0
Median HF frequency in File: 26880.000000000004
There are now 93974 rows in call catalogue
Looking at bio230143-bucket01/ubna_data_01/recover-20220719/UBNA_002/20220719_083000.WAV
Median LF frequency in File: 40320.0
Median HF frequency in File: 26880.000000000004
There are now 94231 rows in call catalogue
Looking at bio230143-bucket01/ubna_data_01/recover-20220719/UBNA_002/20220719_090000.WAV
Median LF frequency in File: nan
Median HF frequency in File: 26880.000000000004
There are now 94239 rows in call catalogue
Looking at bio230143-bucket01/ubna_data_01/recover-20220719/UBNA_004/20220719_090000.WAV
Median LF frequency in File: nan
Median HF frequency in File: 26880.000000000004
There are now 94252 rows in call catalogue
Looking at bio230143-bucket01/ubna_data_01/recover-20220719/UBNA_002/20220719_093000.WAV
Median LF frequency in File: 41280.0
Median HF frequency in File: 25920.0
There are now 94386 rows in call catalogue
Looking at bio230143-bucket01/ubna_data_01/recover-20220719/UBNA_004/20220719_093000.WAV
Median LF frequency in File: 42240.0
Median HF frequency in File: 25920.0
There are now 94536 rows in call catalogue
Looking at bio230143-bucket01/ubna_data_01/recover-20220719/UBNA_004/20220719_100000.WAV
Median LF frequency in File: nan
Median HF frequency in File: 26880.000000000004
There are now 94562 rows in call catalogue
Looking at bio230143-bucket01/ubna_data_01/recover-20220719/UBNA_002/20220719_100000.WAV
Median LF frequency in File: nan
Median HF frequency in File: 26880.000000000004
There are now 94564 rows in call catalogue
Looking at bio230143-bucket01/ubna_data_01/recover-20220719/UBNA_002/20220719_103000.WAV
Median LF frequency in File: nan
Median HF frequency in File: 26880.000000000004
There are now 94649 rows in call catalogue
Looking at bio230143-bucket01/ubna_data_01/recover-20220719/UBNA_004/20220719_103000.WAV
Median LF frequency in File: nan
Median HF frequency in File: 26880.000000000004
There are now 94789 rows in call catalogue
Looking at bio230143-bucket01/ubna_data_01/recover-20220719/UBNA_002/20220719_110000.WAV
Median LF frequency in File: 41280.0
Median HF frequency in File: 26880.000000000004
There are now 95190 rows in call catalogue
Looking at bio230143-bucket01/ubna_data_01/recover-20220719/UBNA_004/20220719_110000.WAV
Median LF frequency in File: 41280.0
Median HF frequency in File: 26880.000000000004
There are now 95827 rows in call catalogue
Looking at bio230143-bucket01/ubna_data_01/recover-20220719/UBNA_002/20220719_113000.WAV
Median LF frequency in File: nan
Median HF frequency in File: 25920.0
There are now 95834 rows in call catalogue
Looking at bio230143-bucket01/ubna_data_01/recover-20220719/UBNA_004/20220719_113000.WAV
Median LF frequency in File: nan
Median HF frequency in File: 25920.0
There are now 95845 rows in call catalogue
Looking at bio230143-bucket01/ubna_data_01/recover-20220719/UBNA_004/20220719_123000.WAV
Median LF frequency in File: nan
Median HF frequency in File: 20160.0
There are now 95846 rows in call catalogue
Looking at bio230143-bucket01/ubna_data_01/recover-20220719/UBNA_002/20220719_130000.WAV
Median LF frequency in File: nan
Median HF frequency in File: 16320.000000000002
There are now 95850 rows in call catalogue
Looking at bio230143-bucket01/ubna_data_01/recover-20220719/UBNA_004/20220719_130000.WAV
Median LF frequency in File: nan
Median HF frequency in File: 20160.0
There are now 95852 rows in call catalogue
Looking at bio230143-bucket01/ubna_data_01/recover-20220719/UBNA_004/20220719_140000.WAV
Median LF frequency in File: nan
Median HF frequency in File: 19200.0
There are now 95859 rows in call catalogue
Looking at bio230143-bucket01/ubna_data_01/recover-20220719/UBNA_002/20220719_140000.WAV
Median LF frequency in File: nan
Median HF frequency in File: 17280.0
There are now 95863 rows in call catalogue
Looking at bio230143-bucket01/ubna_data_01/recover-20220719/UBNA_002/20220719_143000.WAV
Median LF frequency in File: nan
Median HF frequency in File: 18240.0
There are now 95876 rows in call catalogue
Looking at bio230143-bucket01/ubna_data_01/recover-20220719/UBNA_004/20220719_143000.WAV
Median LF frequency in File: nan
Median HF frequency in File: 18240.0
There are now 95896 rows in call catalogue
Looking at bio230143-bucket01/ubna_data_01/recover-20220719/UBNA_004/20220719_150000.WAV
Median LF frequency in File: nan
Median HF frequency in File: 19200.0
There are now 95905 rows in call catalogue
Looking at bio230143-bucket01/ubna_data_01/recover-20220719/UBNA_002/20220719_150000.WAV
Median LF frequency in File: nan
Median HF frequency in File: 18240.0
There are now 95910 rows in call catalogue
Looking at bio230143-bucket01/ubna_data_01/recover-20220719/UBNA_004/20220719_153000.WAV
Median LF frequency in File: nan
Median HF frequency in File: 22080.0
There are now 95922 rows in call catalogue
Looking at bio230143-bucket01/ubna_data_01/recover-20220719/UBNA_002/20220719_153000.WAV
Median LF frequency in File: nan
Median HF frequency in File: 17760.0
There are now 95924 rows in call catalogue
Looking at bio230143-bucket01/ubna_data_01/recover-20220722/UBNA_014/20220720_000000.WAV
Median LF frequency in File: nan
Median HF frequency in File: 19680.0
There are now 95932 rows in call catalogue
Looking at bio230143-bucket01/ubna_data_01/recover-20220722/UBNA_013/20220720_000000.WAV
Median LF frequency in File: 47040.0
Median HF frequency in File: 21120.0
There are now 95970 rows in call catalogue
Looking at bio230143-bucket01/ubna_data_01/recover-20220722/UBNA_013/20220720_003000.WAV
Median LF frequency in File: nan
Median HF frequency in File: 17280.0
There are now 96031 rows in call catalogue
Looking at bio230143-bucket01/ubna_data_01/recover-20220722/UBNA_014/20220720_003000.WAV
Median LF frequency in File: nan
Median HF frequency in File: 19200.0
There are now 96050 rows in call catalogue
Looking at bio230143-bucket01/ubna_data_01/recover-20220722/UBNA_013/20220720_010000.WAV
Median LF frequency in File: nan
Median HF frequency in File: 23040.0
There are now 96065 rows in call catalogue
Looking at bio230143-bucket01/ubna_data_01/recover-20220722/UBNA_014/20220720_010000.WAV
Median LF frequency in File: nan
Median HF frequency in File: 19200.0
There are now 96072 rows in call catalogue
Looking at bio230143-bucket01/ubna_data_01/recover-20220722/UBNA_013/20220720_013000.WAV
Median LF frequency in File: nan
Median HF frequency in File: 18240.0
There are now 96138 rows in call catalogue
Looking at bio230143-bucket01/ubna_data_01/recover-20220722/UBNA_014/20220720_013000.WAV
Median LF frequency in File: nan
Median HF frequency in File: 19200.0
There are now 96152 rows in call catalogue
Looking at bio230143-bucket01/ubna_data_01/recover-20220722/UBNA_013/20220720_020000.WAV
Median LF frequency in File: 42240.0
Median HF frequency in File: 21600.0
There are now 96155 rows in call catalogue
Looking at bio230143-bucket01/ubna_data_01/recover-20220722/UBNA_014/20220720_020000.WAV
Median LF frequency in File: nan
Median HF frequency in File: 21600.0
There are now 96163 rows in call catalogue
Looking at bio230143-bucket01/ubna_data_01/recover-20220722/UBNA_013/20220720_023000.WAV
Median LF frequency in File: nan
Median HF frequency in File: 24960.0
There are now 96166 rows in call catalogue
Looking at bio230143-bucket01/ubna_data_01/recover-20220722/UBNA_014/20220720_023000.WAV
Median LF frequency in File: nan
Median HF frequency in File: 24000.0
There are now 96169 rows in call catalogue
Looking at bio230143-bucket01/ubna_data_01/recover-20220722/UBNA_014/20220720_030000.WAV
Median LF frequency in File: nan
Median HF frequency in File: 18240.0
There are now 96183 rows in call catalogue
Looking at bio230143-bucket01/ubna_data_01/recover-20220722/UBNA_013/20220720_030000.WAV
Median LF frequency in File: nan
Median HF frequency in File: 17280.0
There are now 96207 rows in call catalogue
Looking at bio230143-bucket01/ubna_data_01/recover-20220722/UBNA_013/20220720_033000.WAV
Median LF frequency in File: nan
Median HF frequency in File: 20640.0
There are now 96209 rows in call catalogue
Looking at bio230143-bucket01/ubna_data_01/recover-20220722/UBNA_014/20220720_033000.WAV
Median LF frequency in File: nan
Median HF frequency in File: 22080.0
There are now 96210 rows in call catalogue
Looking at bio230143-bucket01/ubna_data_01/recover-20220722/UBNA_013/20220720_040000.WAV
Median LF frequency in File: nan
Median HF frequency in File: 24000.0
There are now 96214 rows in call catalogue
Looking at bio230143-bucket01/ubna_data_01/recover-20220722/UBNA_014/20220720_040000.WAV
Median LF frequency in File: nan
Median HF frequency in File: 24000.0
There are now 96215 rows in call catalogue
Looking at bio230143-bucket01/ubna_data_01/recover-20220722/UBNA_013/20220720_043000.WAV
Median LF frequency in File: 44160.0
Median HF frequency in File: 31680.0
There are now 96325 rows in call catalogue
Looking at bio230143-bucket01/ubna_data_01/recover-20220722/UBNA_014/20220720_043000.WAV
Median LF frequency in File: 42240.0
Median HF frequency in File: 24960.0
There are now 96442 rows in call catalogue
Looking at bio230143-bucket01/ubna_data_01/recover-20220722/UBNA_013/20220720_050000.WAV
Median LF frequency in File: 46080.0
Median HF frequency in File: 24960.0
There are now 96560 rows in call catalogue
Looking at bio230143-bucket01/ubna_data_01/recover-20220722/UBNA_014/20220720_050000.WAV
Median LF frequency in File: 44160.0
Median HF frequency in File: 24960.0
There are now 96687 rows in call catalogue
Looking at bio230143-bucket01/ubna_data_01/recover-20220722/UBNA_013/20220720_053000.WAV
Median LF frequency in File: 42240.0
Median HF frequency in File: 26880.000000000004
There are now 97049 rows in call catalogue
Looking at bio230143-bucket01/ubna_data_01/recover-20220722/UBNA_014/20220720_053000.WAV
Median LF frequency in File: 41280.0
Median HF frequency in File: 26880.000000000004
There are now 97274 rows in call catalogue
Looking at bio230143-bucket01/ubna_data_01/recover-20220722/UBNA_013/20220720_060000.WAV
Median LF frequency in File: 41280.0
Median HF frequency in File: 25920.0
There are now 98045 rows in call catalogue
Looking at bio230143-bucket01/ubna_data_01/recover-20220722/UBNA_014/20220720_060000.WAV
Median LF frequency in File: 41280.0
Median HF frequency in File: 25920.0
There are now 98636 rows in call catalogue
Looking at bio230143-bucket01/ubna_data_01/recover-20220722/UBNA_013/20220720_063000.WAV
Median LF frequency in File: 41280.0
Median HF frequency in File: 26880.000000000004
There are now 99070 rows in call catalogue
Looking at bio230143-bucket01/ubna_data_01/recover-20220722/UBNA_014/20220720_063000.WAV
Median LF frequency in File: 36480.0
Median HF frequency in File: 26880.000000000004
There are now 99413 rows in call catalogue
Looking at bio230143-bucket01/ubna_data_01/recover-20220722/UBNA_014/20220720_070000.WAV
Median LF frequency in File: 45120.0
Median HF frequency in File: 26880.000000000004
There are now 102238 rows in call catalogue
Looking at bio230143-bucket01/ubna_data_01/recover-20220722/UBNA_013/20220720_070000.WAV
Median LF frequency in File: 42240.0
Median HF frequency in File: 27839.999999999996
There are now 107527 rows in call catalogue
Looking at bio230143-bucket01/ubna_data_01/recover-20220722/UBNA_014/20220720_073000.WAV
Median LF frequency in File: 41280.0
Median HF frequency in File: 24960.0
There are now 111392 rows in call catalogue
Looking at bio230143-bucket01/ubna_data_01/recover-20220722/UBNA_013/20220720_073000.WAV
Median LF frequency in File: 42240.0
Median HF frequency in File: 26880.000000000004
There are now 117585 rows in call catalogue
Looking at bio230143-bucket01/ubna_data_01/recover-20220722/UBNA_013/20220720_080000.WAV
Median LF frequency in File: 48960.0
Median HF frequency in File: 27839.999999999996
There are now 123607 rows in call catalogue
Looking at bio230143-bucket01/ubna_data_01/recover-20220722/UBNA_014/20220720_080000.WAV
Median LF frequency in File: 49920.0
Median HF frequency in File: 26880.000000000004
There are now 127227 rows in call catalogue
Looking at bio230143-bucket01/ubna_data_01/recover-20220722/UBNA_013/20220720_083000.WAV
Median LF frequency in File: 50400.0
Median HF frequency in File: 27839.999999999996
There are now 135466 rows in call catalogue
Looking at bio230143-bucket01/ubna_data_01/recover-20220722/UBNA_014/20220720_083000.WAV
Median LF frequency in File: 52800.00000000001
Median HF frequency in File: 27839.999999999996
There are now 140699 rows in call catalogue
Looking at bio230143-bucket01/ubna_data_01/recover-20220722/UBNA_014/20220720_090000.WAV
Median LF frequency in File: 43200.0
Median HF frequency in File: 27839.999999999996
There are now 146301 rows in call catalogue
Looking at bio230143-bucket01/ubna_data_01/recover-20220722/UBNA_013/20220720_090000.WAV
Median LF frequency in File: 42240.0
Median HF frequency in File: 27839.999999999996
There are now 155419 rows in call catalogue
Looking at bio230143-bucket01/ubna_data_01/recover-20220722/UBNA_013/20220720_093000.WAV
Median LF frequency in File: nan
Median HF frequency in File: 27839.999999999996
There are now 165814 rows in call catalogue
Looking at bio230143-bucket01/ubna_data_01/recover-20220722/UBNA_014/20220720_093000.WAV
Median LF frequency in File: nan
Median HF frequency in File: 27839.999999999996
There are now 172076 rows in call catalogue
Looking at bio230143-bucket01/ubna_data_01/recover-20220722/UBNA_014/20220720_100000.WAV
Median LF frequency in File: 40800.0
Median HF frequency in File: 27839.999999999996
There are now 178050 rows in call catalogue
Looking at bio230143-bucket01/ubna_data_01/recover-20220722/UBNA_013/20220720_100000.WAV
Median LF frequency in File: 41280.0
Median HF frequency in File: 27839.999999999996
There are now 187508 rows in call catalogue
Looking at bio230143-bucket01/ubna_data_01/recover-20220722/UBNA_014/20220720_103000.WAV
Median LF frequency in File: 42240.0
Median HF frequency in File: 27839.999999999996
There are now 192436 rows in call catalogue
Looking at bio230143-bucket01/ubna_data_01/recover-20220722/UBNA_013/20220720_103000.WAV
Median LF frequency in File: 42240.0
Median HF frequency in File: 27839.999999999996
There are now 199893 rows in call catalogue
Looking at bio230143-bucket01/ubna_data_01/recover-20220722/UBNA_013/20220720_110000.WAV
Median LF frequency in File: 42240.0
Median HF frequency in File: 27839.999999999996
There are now 208646 rows in call catalogue
Looking at bio230143-bucket01/ubna_data_01/recover-20220722/UBNA_014/20220720_110000.WAV
Median LF frequency in File: 42240.0
Median HF frequency in File: 27839.999999999996
There are now 214516 rows in call catalogue
Looking at bio230143-bucket01/ubna_data_01/recover-20220722/UBNA_013/20220720_113000.WAV
Median LF frequency in File: nan
Median HF frequency in File: 26880.000000000004
There are now 214845 rows in call catalogue
Looking at bio230143-bucket01/ubna_data_01/recover-20220722/UBNA_014/20220720_113000.WAV
Median LF frequency in File: nan
Median HF frequency in File: 26880.000000000004
There are now 215060 rows in call catalogue
Looking at bio230143-bucket01/ubna_data_01/recover-20220722/UBNA_014/20220720_120000.WAV
Median LF frequency in File: nan
Median HF frequency in File: 18720.0
There are now 215062 rows in call catalogue
Looking at bio230143-bucket01/ubna_data_01/recover-20220722/UBNA_013/20220720_120000.WAV
Median LF frequency in File: nan
Median HF frequency in File: 22560.0
There are now 215068 rows in call catalogue
Looking at bio230143-bucket01/ubna_data_01/recover-20220722/UBNA_014/20220720_123000.WAV
Median LF frequency in File: nan
Median HF frequency in File: 24000.0
There are now 215073 rows in call catalogue
Looking at bio230143-bucket01/ubna_data_01/recover-20220722/UBNA_013/20220720_123000.WAV
Median LF frequency in File: nan
Median HF frequency in File: 21120.0
There are now 215077 rows in call catalogue
Looking at bio230143-bucket01/ubna_data_01/recover-20220722/UBNA_013/20220720_130000.WAV
Median LF frequency in File: nan
Median HF frequency in File: 20160.0
There are now 215438 rows in call catalogue
Looking at bio230143-bucket01/ubna_data_01/recover-20220722/UBNA_014/20220720_130000.WAV
Median LF frequency in File: nan
Median HF frequency in File: 20160.0
There are now 216018 rows in call catalogue
Looking at bio230143-bucket01/ubna_data_01/recover-20220722/UBNA_014/20220720_133000.WAV
Median LF frequency in File: nan
Median HF frequency in File: 19200.0
There are now 216155 rows in call catalogue
Looking at bio230143-bucket01/ubna_data_01/recover-20220722/UBNA_013/20220720_133000.WAV
Median LF frequency in File: nan
Median HF frequency in File: 21120.0
There are now 216217 rows in call catalogue
Looking at bio230143-bucket01/ubna_data_01/recover-20220722/UBNA_013/20220720_140000.WAV
Median LF frequency in File: nan
Median HF frequency in File: 17280.0
There are now 216229 rows in call catalogue
Looking at bio230143-bucket01/ubna_data_01/recover-20220722/UBNA_014/20220720_140000.WAV
Median LF frequency in File: nan
Median HF frequency in File: 20160.0
There are now 216231 rows in call catalogue
Looking at bio230143-bucket01/ubna_data_01/recover-20220722/UBNA_013/20220720_143000.WAV
Median LF frequency in File: nan
Median HF frequency in File: 21120.0
There are now 216252 rows in call catalogue
Looking at bio230143-bucket01/ubna_data_01/recover-20220722/UBNA_014/20220720_143000.WAV
Median LF frequency in File: nan
Median HF frequency in File: 21120.0
There are now 216265 rows in call catalogue
Looking at bio230143-bucket01/ubna_data_01/recover-20220722/UBNA_013/20220720_150000.WAV
Median LF frequency in File: nan
Median HF frequency in File: 21120.0
There are now 216352 rows in call catalogue
Looking at bio230143-bucket01/ubna_data_01/recover-20220722/UBNA_014/20220720_150000.WAV
Median LF frequency in File: nan
Median HF frequency in File: 21120.0
There are now 216377 rows in call catalogue
Looking at bio230143-bucket01/ubna_data_01/recover-20220722/UBNA_013/20220720_153000.WAV
Median LF frequency in File: 45120.0
Median HF frequency in File: 21120.0
There are now 216627 rows in call catalogue
Looking at bio230143-bucket01/ubna_data_01/recover-20220722/UBNA_014/20220720_153000.WAV
Median LF frequency in File: nan
Median HF frequency in File: 20160.0
There are now 216733 rows in call catalogue
Looking at bio230143-bucket01/ubna_data_01/recover-20220722/UBNA_014/20220721_000000.WAV
Median LF frequency in File: nan
Median HF frequency in File: 18240.0
There are now 216745 rows in call catalogue
Looking at bio230143-bucket01/ubna_data_01/recover-20220722/UBNA_013/20220721_000000.WAV
Median LF frequency in File: nan
Median HF frequency in File: 16800.0
There are now 216749 rows in call catalogue
Looking at bio230143-bucket01/ubna_data_01/recover-20220722/UBNA_013/20220721_003000.WAV
Median LF frequency in File: nan
Median HF frequency in File: 20160.0
There are now 216784 rows in call catalogue
Looking at bio230143-bucket01/ubna_data_01/recover-20220722/UBNA_014/20220721_003000.WAV
Median LF frequency in File: nan
Median HF frequency in File: 18240.0
There are now 216806 rows in call catalogue
Looking at bio230143-bucket01/ubna_data_01/recover-20220722/UBNA_013/20220721_010000.WAV
Median LF frequency in File: nan
Median HF frequency in File: 20160.0
There are now 216823 rows in call catalogue
Looking at bio230143-bucket01/ubna_data_01/recover-20220722/UBNA_014/20220721_010000.WAV
Median LF frequency in File: nan
Median HF frequency in File: 20160.0
There are now 216828 rows in call catalogue
Looking at bio230143-bucket01/ubna_data_01/recover-20220722/UBNA_013/20220721_013000.WAV
Median LF frequency in File: nan
Median HF frequency in File: 20160.0
There are now 216874 rows in call catalogue
Looking at bio230143-bucket01/ubna_data_01/recover-20220722/UBNA_014/20220721_013000.WAV
Median LF frequency in File: nan
Median HF frequency in File: 21120.0
There are now 216894 rows in call catalogue
Looking at bio230143-bucket01/ubna_data_01/recover-20220722/UBNA_014/20220721_020000.WAV
Median LF frequency in File: nan
Median HF frequency in File: 20160.0
There are now 216909 rows in call catalogue
Looking at bio230143-bucket01/ubna_data_01/recover-20220722/UBNA_013/20220721_020000.WAV
Median LF frequency in File: nan
Median HF frequency in File: 19680.0
There are now 216935 rows in call catalogue
Looking at bio230143-bucket01/ubna_data_01/recover-20220722/UBNA_013/20220721_023000.WAV
Median LF frequency in File: nan
Median HF frequency in File: 21120.0
There are now 216957 rows in call catalogue
Looking at bio230143-bucket01/ubna_data_01/recover-20220722/UBNA_014/20220721_023000.WAV
Median LF frequency in File: nan
Median HF frequency in File: 19680.0
There are now 216971 rows in call catalogue
Looking at bio230143-bucket01/ubna_data_01/recover-20220722/UBNA_013/20220721_030000.WAV
Median LF frequency in File: nan
Median HF frequency in File: 21600.0
There are now 216983 rows in call catalogue
Looking at bio230143-bucket01/ubna_data_01/recover-20220722/UBNA_014/20220721_030000.WAV
Median LF frequency in File: nan
Median HF frequency in File: 17280.0
There are now 216985 rows in call catalogue
Looking at bio230143-bucket01/ubna_data_01/recover-20220722/UBNA_014/20220721_033000.WAV
Median LF frequency in File: nan
Median HF frequency in File: 19200.0
There are now 217001 rows in call catalogue
Looking at bio230143-bucket01/ubna_data_01/recover-20220722/UBNA_013/20220721_033000.WAV
Median LF frequency in File: nan
Median HF frequency in File: 19200.0
There are now 217028 rows in call catalogue
Looking at bio230143-bucket01/ubna_data_01/recover-20220722/UBNA_013/20220721_040000.WAV
Median LF frequency in File: nan
Median HF frequency in File: 21600.0
There are now 217032 rows in call catalogue
Looking at bio230143-bucket01/ubna_data_01/recover-20220722/UBNA_014/20220721_040000.WAV
Median LF frequency in File: nan
Median HF frequency in File: 21120.0
There are now 217033 rows in call catalogue
Looking at bio230143-bucket01/ubna_data_01/recover-20220722/UBNA_013/20220721_043000.WAV
Median LF frequency in File: 45120.0
Median HF frequency in File: 22080.0
There are now 217100 rows in call catalogue
Looking at bio230143-bucket01/ubna_data_01/recover-20220722/UBNA_014/20220721_043000.WAV
Median LF frequency in File: 45600.0
Median HF frequency in File: 37440.0
There are now 217158 rows in call catalogue
Looking at bio230143-bucket01/ubna_data_01/recover-20220722/UBNA_014/20220721_050000.WAV
Median LF frequency in File: 49920.0
Median HF frequency in File: 24960.0
There are now 217313 rows in call catalogue
Looking at bio230143-bucket01/ubna_data_01/recover-20220722/UBNA_013/20220721_050000.WAV
Median LF frequency in File: 42240.0
Median HF frequency in File: 24960.0
There are now 217610 rows in call catalogue
Looking at bio230143-bucket01/ubna_data_01/recover-20220722/UBNA_013/20220721_053000.WAV
Median LF frequency in File: 41280.0
Median HF frequency in File: 26880.000000000004
There are now 217835 rows in call catalogue
Looking at bio230143-bucket01/ubna_data_01/recover-20220722/UBNA_014/20220721_053000.WAV
Median LF frequency in File: 41280.0
Median HF frequency in File: 26880.000000000004
There are now 217979 rows in call catalogue
Looking at bio230143-bucket01/ubna_data_01/recover-20220722/UBNA_013/20220721_060000.WAV
Median LF frequency in File: 41280.0
Median HF frequency in File: 27839.999999999996
There are now 218351 rows in call catalogue
Looking at bio230143-bucket01/ubna_data_01/recover-20220722/UBNA_014/20220721_060000.WAV
Median LF frequency in File: 41280.0
Median HF frequency in File: 37440.0
There are now 218486 rows in call catalogue
Looking at bio230143-bucket01/ubna_data_01/recover-20220722/UBNA_013/20220721_063000.WAV
Median LF frequency in File: 41280.0
Median HF frequency in File: 28800.0
There are now 218974 rows in call catalogue
Looking at bio230143-bucket01/ubna_data_01/recover-20220722/UBNA_014/20220721_063000.WAV
Median LF frequency in File: 46560.0
Median HF frequency in File: 28800.0
There are now 219354 rows in call catalogue
Looking at bio230143-bucket01/ubna_data_01/recover-20220722/UBNA_014/20220721_070000.WAV
Median LF frequency in File: 40320.0
Median HF frequency in File: 25920.0
There are now 219529 rows in call catalogue
Looking at bio230143-bucket01/ubna_data_01/recover-20220722/UBNA_013/20220721_070000.WAV
Median LF frequency in File: 41280.0
Median HF frequency in File: 25920.0
There are now 219758 rows in call catalogue
Looking at bio230143-bucket01/ubna_data_01/recover-20220722/UBNA_014/20220721_073000.WAV
Median LF frequency in File: 48000.0
Median HF frequency in File: 25920.0
There are now 219893 rows in call catalogue
Looking at bio230143-bucket01/ubna_data_01/recover-20220722/UBNA_013/20220721_073000.WAV
Median LF frequency in File: 42240.0
Median HF frequency in File: 25920.0
There are now 220139 rows in call catalogue
Looking at bio230143-bucket01/ubna_data_01/recover-20220722/UBNA_013/20220721_080000.WAV
Median LF frequency in File: 41280.0
Median HF frequency in File: 26880.000000000004
There are now 220648 rows in call catalogue
Looking at bio230143-bucket01/ubna_data_01/recover-20220722/UBNA_014/20220721_080000.WAV
Median LF frequency in File: 40800.0
Median HF frequency in File: 26880.000000000004
There are now 221100 rows in call catalogue
Looking at bio230143-bucket01/ubna_data_01/recover-20220722/UBNA_014/20220721_083000.WAV
Median LF frequency in File: 40320.0
Median HF frequency in File: 26880.000000000004
There are now 222664 rows in call catalogue
Looking at bio230143-bucket01/ubna_data_01/recover-20220722/UBNA_013/20220721_083000.WAV
Median LF frequency in File: 42240.0
Median HF frequency in File: 26880.000000000004
There are now 225252 rows in call catalogue
Looking at bio230143-bucket01/ubna_data_01/recover-20220722/UBNA_013/20220721_090000.WAV
Median LF frequency in File: 41280.0
Median HF frequency in File: 27839.999999999996
There are now 228008 rows in call catalogue
Looking at bio230143-bucket01/ubna_data_01/recover-20220722/UBNA_014/20220721_090000.WAV
Median LF frequency in File: 42240.0
Median HF frequency in File: 26880.000000000004
There are now 229382 rows in call catalogue
Looking at bio230143-bucket01/ubna_data_01/recover-20220722/UBNA_013/20220721_093000.WAV
Median LF frequency in File: 42240.0
Median HF frequency in File: 27839.999999999996
There are now 235864 rows in call catalogue
Looking at bio230143-bucket01/ubna_data_01/recover-20220722/UBNA_014/20220721_093000.WAV
Median LF frequency in File: 42240.0
Median HF frequency in File: 26880.000000000004
There are now 240478 rows in call catalogue
Looking at bio230143-bucket01/ubna_data_01/recover-20220722/UBNA_014/20220721_100000.WAV
Median LF frequency in File: 42240.0
Median HF frequency in File: 26880.000000000004
There are now 243275 rows in call catalogue
Looking at bio230143-bucket01/ubna_data_01/recover-20220722/UBNA_013/20220721_100000.WAV
Median LF frequency in File: 42240.0
Median HF frequency in File: 26880.000000000004
There are now 247572 rows in call catalogue
Looking at bio230143-bucket01/ubna_data_01/recover-20220722/UBNA_013/20220721_103000.WAV
Median LF frequency in File: 42240.0
Median HF frequency in File: 26880.000000000004
There are now 251529 rows in call catalogue
Looking at bio230143-bucket01/ubna_data_01/recover-20220722/UBNA_014/20220721_103000.WAV
Median LF frequency in File: 41280.0
Median HF frequency in File: 25920.0
There are now 253981 rows in call catalogue
Looking at bio230143-bucket01/ubna_data_01/recover-20220722/UBNA_014/20220721_110000.WAV
Median LF frequency in File: 41760.0
Median HF frequency in File: 25920.0
There are now 255147 rows in call catalogue
Looking at bio230143-bucket01/ubna_data_01/recover-20220722/UBNA_013/20220721_110000.WAV
Median LF frequency in File: 41280.0
Median HF frequency in File: 26880.000000000004
There are now 257633 rows in call catalogue
Looking at bio230143-bucket01/ubna_data_01/recover-20220722/UBNA_013/20220721_113000.WAV
Median LF frequency in File: nan
Median HF frequency in File: 25920.0
There are now 257780 rows in call catalogue
Looking at bio230143-bucket01/ubna_data_01/recover-20220722/UBNA_014/20220721_113000.WAV
Median LF frequency in File: nan
Median HF frequency in File: 25920.0
There are now 257880 rows in call catalogue
Looking at bio230143-bucket01/ubna_data_01/recover-20220722/UBNA_013/20220721_120000.WAV
Median LF frequency in File: nan
Median HF frequency in File: 17280.0
There are now 257884 rows in call catalogue
Looking at bio230143-bucket01/ubna_data_01/recover-20220722/UBNA_014/20220721_120000.WAV
Median LF frequency in File: nan
Median HF frequency in File: 17280.0
There are now 257887 rows in call catalogue
Looking at bio230143-bucket01/ubna_data_01/recover-20220722/UBNA_014/20220721_123000.WAV
Median LF frequency in File: nan
Median HF frequency in File: 17760.0
There are now 257899 rows in call catalogue
Looking at bio230143-bucket01/ubna_data_01/recover-20220722/UBNA_013/20220721_123000.WAV
Median LF frequency in File: nan
Median HF frequency in File: 17280.0
There are now 257937 rows in call catalogue
Looking at bio230143-bucket01/ubna_data_01/recover-20220722/UBNA_014/20220721_130000.WAV
Median LF frequency in File: nan
Median HF frequency in File: 19680.0
There are now 257939 rows in call catalogue
Looking at bio230143-bucket01/ubna_data_01/recover-20220722/UBNA_014/20220721_133000.WAV
Median LF frequency in File: nan
Median HF frequency in File: 18720.0
There are now 257943 rows in call catalogue
Looking at bio230143-bucket01/ubna_data_01/recover-20220722/UBNA_013/20220721_133000.WAV
Median LF frequency in File: nan
Median HF frequency in File: 22080.0
There are now 257946 rows in call catalogue
Looking at bio230143-bucket01/ubna_data_01/recover-20220722/UBNA_013/20220721_140000.WAV
Median LF frequency in File: nan
Median HF frequency in File: 21120.0
There are now 257968 rows in call catalogue
Looking at bio230143-bucket01/ubna_data_01/recover-20220722/UBNA_014/20220721_140000.WAV
Median LF frequency in File: nan
Median HF frequency in File: 22080.0
There are now 257982 rows in call catalogue
Looking at bio230143-bucket01/ubna_data_01/recover-20220722/UBNA_013/20220721_143000.WAV
Median LF frequency in File: nan
Median HF frequency in File: 18240.0
There are now 257985 rows in call catalogue
Looking at bio230143-bucket01/ubna_data_01/recover-20220722/UBNA_014/20220721_150000.WAV
Median LF frequency in File: nan
Median HF frequency in File: 19200.0
There are now 257994 rows in call catalogue
Looking at bio230143-bucket01/ubna_data_01/recover-20220722/UBNA_013/20220721_150000.WAV
Median LF frequency in File: nan
Median HF frequency in File: 19200.0
There are now 258012 rows in call catalogue
Looking at bio230143-bucket01/ubna_data_01/recover-20220722/UBNA_013/20220721_153000.WAV
Median LF frequency in File: nan
Median HF frequency in File: 17760.0
There are now 258032 rows in call catalogue
Looking at bio230143-bucket01/ubna_data_01/recover-20220722/UBNA_014/20220721_153000.WAV
Median LF frequency in File: nan
Median HF frequency in File: 17760.0
There are now 258036 rows in call catalogue
Looking at bio230143-bucket01/ubna_data_01/recover-20220722/UBNA_013/20220722_000000.WAV
Median LF frequency in File: nan
Median HF frequency in File: 21600.0
There are now 258044 rows in call catalogue
Looking at bio230143-bucket01/ubna_data_01/recover-20220722/UBNA_014/20220722_000000.WAV
Median LF frequency in File: nan
Median HF frequency in File: 24960.0
There are now 258045 rows in call catalogue
Looking at bio230143-bucket01/ubna_data_01/recover-20220722/UBNA_014/20220722_003000.WAV
Median LF frequency in File: nan
Median HF frequency in File: 16320.000000000002
There are now 258046 rows in call catalogue
Looking at bio230143-bucket01/ubna_data_01/recover-20220722/UBNA_014/20220722_010000.WAV
Median LF frequency in File: nan
Median HF frequency in File: 22080.0
There are now 258049 rows in call catalogue
Looking at bio230143-bucket01/ubna_data_01/recover-20220722/UBNA_013/20220722_010000.WAV
Median LF frequency in File: nan
Median HF frequency in File: 23040.0
There are now 258052 rows in call catalogue
Looking at bio230143-bucket01/ubna_data_01/recover-20220722/UBNA_014/20220722_013000.WAV
Median LF frequency in File: nan
Median HF frequency in File: 23040.0
There are now 258053 rows in call catalogue
Looking at bio230143-bucket01/ubna_data_01/recover-20220722/UBNA_013/20220722_013000.WAV
Median LF frequency in File: nan
Median HF frequency in File: 20160.0
There are now 258057 rows in call catalogue
Looking at bio230143-bucket01/ubna_data_01/recover-20220722/UBNA_013/20220722_020000.WAV
Median LF frequency in File: nan
Median HF frequency in File: 24000.0
There are now 258058 rows in call catalogue
Looking at bio230143-bucket01/ubna_data_01/recover-20220722/UBNA_013/20220722_023000.WAV
Median LF frequency in File: nan
Median HF frequency in File: 21120.0
There are now 258063 rows in call catalogue
Looking at bio230143-bucket01/ubna_data_01/recover-20220722/UBNA_013/20220722_030000.WAV
Median LF frequency in File: nan
Median HF frequency in File: 18240.0
There are now 258069 rows in call catalogue
Looking at bio230143-bucket01/ubna_data_01/recover-20220722/UBNA_014/20220722_030000.WAV
Median LF frequency in File: nan
Median HF frequency in File: 18240.0
There are now 258072 rows in call catalogue
Looking at bio230143-bucket01/ubna_data_01/recover-20220722/UBNA_014/20220722_033000.WAV
Median LF frequency in File: nan
Median HF frequency in File: 18240.0
There are now 258075 rows in call catalogue
Looking at bio230143-bucket01/ubna_data_01/recover-20220722/UBNA_013/20220722_033000.WAV
Median LF frequency in File: nan
Median HF frequency in File: 18240.0
There are now 258082 rows in call catalogue
Looking at bio230143-bucket01/ubna_data_01/recover-20220722/UBNA_013/20220722_040000.WAV
Median LF frequency in File: nan
Median HF frequency in File: 22080.0
There are now 258085 rows in call catalogue
Looking at bio230143-bucket01/ubna_data_01/recover-20220722/UBNA_013/20220722_043000.WAV
Median LF frequency in File: 44160.0
Median HF frequency in File: 40320.0
There are now 258130 rows in call catalogue
Looking at bio230143-bucket01/ubna_data_01/recover-20220722/UBNA_014/20220722_043000.WAV
Median LF frequency in File: 42720.0
Median HF frequency in File: 37440.0
There are now 258164 rows in call catalogue
Looking at bio230143-bucket01/ubna_data_01/recover-20220722/UBNA_013/20220722_050000.WAV
Median LF frequency in File: 44160.0
Median HF frequency in File: 26880.000000000004
There are now 258848 rows in call catalogue
Looking at bio230143-bucket01/ubna_data_01/recover-20220722/UBNA_014/20220722_050000.WAV
Median LF frequency in File: 51840.0
Median HF frequency in File: 26880.000000000004
There are now 259144 rows in call catalogue
Looking at bio230143-bucket01/ubna_data_01/recover-20220722/UBNA_014/20220722_053000.WAV
Median LF frequency in File: 41280.0
Median HF frequency in File: 24960.0
There are now 259438 rows in call catalogue
Looking at bio230143-bucket01/ubna_data_01/recover-20220722/UBNA_013/20220722_053000.WAV
Median LF frequency in File: 41280.0
Median HF frequency in File: 25920.0
There are now 260153 rows in call catalogue
Looking at bio230143-bucket01/ubna_data_01/recover-20220722/UBNA_014/20220722_060000.WAV
Median LF frequency in File: 40320.0
Median HF frequency in File: 24960.0
There are now 260435 rows in call catalogue
Looking at bio230143-bucket01/ubna_data_01/recover-20220722/UBNA_013/20220722_060000.WAV
Median LF frequency in File: 41280.0
Median HF frequency in File: 24960.0
There are now 260741 rows in call catalogue
Looking at bio230143-bucket01/ubna_data_01/recover-20220722/UBNA_013/20220722_063000.WAV
Median LF frequency in File: 46080.0
Median HF frequency in File: 24960.0
There are now 261095 rows in call catalogue
Looking at bio230143-bucket01/ubna_data_01/recover-20220722/UBNA_014/20220722_063000.WAV
Median LF frequency in File: 42240.0
Median HF frequency in File: 24960.0
There are now 261376 rows in call catalogue
Looking at bio230143-bucket01/ubna_data_01/recover-20220722/UBNA_013/20220722_070000.WAV
Median LF frequency in File: 47040.0
Median HF frequency in File: 27839.999999999996
There are now 265815 rows in call catalogue
Looking at bio230143-bucket01/ubna_data_01/recover-20220722/UBNA_014/20220722_070000.WAV
Median LF frequency in File: 48960.0
Median HF frequency in File: 26880.000000000004
There are now 268041 rows in call catalogue
Looking at bio230143-bucket01/ubna_data_01/recover-20220722/UBNA_014/20220722_073000.WAV
Median LF frequency in File: 41280.0
Median HF frequency in File: 26880.000000000004
There are now 271960 rows in call catalogue
Looking at bio230143-bucket01/ubna_data_01/recover-20220722/UBNA_013/20220722_073000.WAV
Median LF frequency in File: 41280.0
Median HF frequency in File: 27839.999999999996
There are now 279535 rows in call catalogue
Looking at bio230143-bucket01/ubna_data_01/recover-20220722/UBNA_013/20220722_080000.WAV
Median LF frequency in File: 45120.0
Median HF frequency in File: 27839.999999999996
There are now 288887 rows in call catalogue
Looking at bio230143-bucket01/ubna_data_01/recover-20220722/UBNA_014/20220722_080000.WAV
Median LF frequency in File: 44160.0
Median HF frequency in File: 27839.999999999996
There are now 293470 rows in call catalogue
Looking at bio230143-bucket01/ubna_data_01/recover-20220722/UBNA_013/20220722_083000.WAV
Median LF frequency in File: 51840.0
Median HF frequency in File: 27839.999999999996
There are now 300802 rows in call catalogue
Looking at bio230143-bucket01/ubna_data_01/recover-20220722/UBNA_014/20220722_083000.WAV
Median LF frequency in File: 51840.0
Median HF frequency in File: 27839.999999999996
There are now 305024 rows in call catalogue
Looking at bio230143-bucket01/ubna_data_01/recover-20220722/UBNA_013/20220722_090000.WAV
Median LF frequency in File: 43200.0
Median HF frequency in File: 27839.999999999996
There are now 314318 rows in call catalogue
Looking at bio230143-bucket01/ubna_data_01/recover-20220722/UBNA_014/20220722_090000.WAV
Median LF frequency in File: 42240.0
Median HF frequency in File: 27839.999999999996
There are now 319758 rows in call catalogue
Looking at bio230143-bucket01/ubna_data_01/recover-20220722/UBNA_014/20220722_093000.WAV
Median LF frequency in File: 45120.0
Median HF frequency in File: 27839.999999999996
There are now 323653 rows in call catalogue
Looking at bio230143-bucket01/ubna_data_01/recover-20220722/UBNA_013/20220722_093000.WAV
Median LF frequency in File: 45120.0
Median HF frequency in File: 27839.999999999996
There are now 329320 rows in call catalogue
Looking at bio230143-bucket01/ubna_data_01/recover-20220722/UBNA_013/20220722_100000.WAV
Median LF frequency in File: 42240.0
Median HF frequency in File: 26880.000000000004
There are now 330208 rows in call catalogue
Looking at bio230143-bucket01/ubna_data_01/recover-20220722/UBNA_014/20220722_100000.WAV
Median LF frequency in File: 42240.0
Median HF frequency in File: 26880.000000000004
There are now 330715 rows in call catalogue
Looking at bio230143-bucket01/ubna_data_01/recover-20220722/UBNA_013/20220722_103000.WAV
Median LF frequency in File: 41280.0
Median HF frequency in File: 27839.999999999996
There are now 333098 rows in call catalogue
Looking at bio230143-bucket01/ubna_data_01/recover-20220722/UBNA_014/20220722_103000.WAV
Median LF frequency in File: 41280.0
Median HF frequency in File: 26880.000000000004
There are now 334605 rows in call catalogue
Looking at bio230143-bucket01/ubna_data_01/recover-20220722/UBNA_014/20220722_110000.WAV
Median LF frequency in File: 41280.0
Median HF frequency in File: 26880.000000000004
There are now 336272 rows in call catalogue
Looking at bio230143-bucket01/ubna_data_01/recover-20220722/UBNA_013/20220722_110000.WAV
Median LF frequency in File: 41280.0
Median HF frequency in File: 27839.999999999996
There are now 340175 rows in call catalogue
Looking at bio230143-bucket01/ubna_data_01/recover-20220722/UBNA_014/20220722_113000.WAV
Median LF frequency in File: nan
Median HF frequency in File: 27839.999999999996
There are now 341790 rows in call catalogue
Looking at bio230143-bucket01/ubna_data_01/recover-20220722/UBNA_013/20220722_113000.WAV
Median LF frequency in File: nan
Median HF frequency in File: 27839.999999999996
There are now 344026 rows in call catalogue
Looking at bio230143-bucket01/ubna_data_01/recover-20220722/UBNA_014/20220722_120000.WAV
Median LF frequency in File: nan
Median HF frequency in File: 18720.0
There are now 344038 rows in call catalogue
Looking at bio230143-bucket01/ubna_data_01/recover-20220722/UBNA_013/20220722_120000.WAV
Median LF frequency in File: nan
Median HF frequency in File: 19200.0
There are now 344047 rows in call catalogue
Looking at bio230143-bucket01/ubna_data_01/recover-20220722/UBNA_013/20220722_123000.WAV
Median LF frequency in File: nan
Median HF frequency in File: 21120.0
There are now 344076 rows in call catalogue
Looking at bio230143-bucket01/ubna_data_01/recover-20220722/UBNA_014/20220722_123000.WAV
Median LF frequency in File: nan
Median HF frequency in File: 21120.0
There are now 344079 rows in call catalogue
Looking at bio230143-bucket01/ubna_data_01/recover-20220722/UBNA_013/20220722_130000.WAV
Median LF frequency in File: nan
Median HF frequency in File: 23040.0
There are now 344087 rows in call catalogue
Looking at bio230143-bucket01/ubna_data_01/recover-20220722/UBNA_014/20220722_130000.WAV
Median LF frequency in File: nan
Median HF frequency in File: 21120.0
There are now 344088 rows in call catalogue
Looking at bio230143-bucket01/ubna_data_01/recover-20220722/UBNA_014/20220722_133000.WAV
Median LF frequency in File: nan
Median HF frequency in File: 21120.0
There are now 344096 rows in call catalogue
Looking at bio230143-bucket01/ubna_data_01/recover-20220722/UBNA_013/20220722_133000.WAV
Median LF frequency in File: nan
Median HF frequency in File: 21120.0
There are now 344111 rows in call catalogue
Looking at bio230143-bucket01/ubna_data_01/recover-20220722/UBNA_013/20220722_140000.WAV
Median LF frequency in File: nan
Median HF frequency in File: 21600.0
There are now 344119 rows in call catalogue
Looking at bio230143-bucket01/ubna_data_01/recover-20220722/UBNA_014/20220722_140000.WAV
Median LF frequency in File: nan
Median HF frequency in File: 19200.0
There are now 344120 rows in call catalogue
Looking at bio230143-bucket01/ubna_data_01/recover-20220722/UBNA_014/20220722_143000.WAV
Median LF frequency in File: nan
Median HF frequency in File: 22560.0
There are now 344122 rows in call catalogue
Looking at bio230143-bucket01/ubna_data_01/recover-20220722/UBNA_013/20220722_143000.WAV
Median LF frequency in File: nan
Median HF frequency in File: 20640.0
There are now 344124 rows in call catalogue
Looking at bio230143-bucket01/ubna_data_01/recover-20220722/UBNA_014/20220722_150000.WAV
Median LF frequency in File: nan
Median HF frequency in File: 21120.0
There are now 344129 rows in call catalogue
Looking at bio230143-bucket01/ubna_data_01/recover-20220722/UBNA_013/20220722_150000.WAV
Median LF frequency in File: nan
Median HF frequency in File: 21120.0
There are now 344144 rows in call catalogue
Looking at bio230143-bucket01/ubna_data_01/recover-20220722/UBNA_013/20220722_153000.WAV
Median LF frequency in File: nan
Median HF frequency in File: 21120.0
There are now 344149 rows in call catalogue
Looking at bio230143-bucket01/ubna_data_01/recover-20220725/UBNA_001/20220723_000000.WAV
Median LF frequency in File: nan
Median HF frequency in File: 16320.000000000002
There are now 344150 rows in call catalogue
Looking at bio230143-bucket01/ubna_data_01/recover-20220725/UBNA_001/20220723_010000.WAV
Median LF frequency in File: 43200.0
Median HF frequency in File: 21120.0
There are now 344153 rows in call catalogue
Looking at bio230143-bucket01/ubna_data_01/recover-20220725/UBNA_001/20220723_030000.WAV
Median LF frequency in File: nan
Median HF frequency in File: 16320.000000000002
There are now 344158 rows in call catalogue
Looking at bio230143-bucket01/ubna_data_01/recover-20220725/UBNA_001/20220723_043000.WAV
Median LF frequency in File: 43680.0
Median HF frequency in File: 28800.0
There are now 344174 rows in call catalogue
Looking at bio230143-bucket01/ubna_data_01/recover-20220725/UBNA_001/20220723_050000.WAV
Median LF frequency in File: 42240.0
Median HF frequency in File: 39360.0
There are now 344199 rows in call catalogue
Looking at bio230143-bucket01/ubna_data_01/recover-20220725/UBNA_001/20220723_053000.WAV
Median LF frequency in File: 45120.0
Median HF frequency in File: 27839.999999999996
There are now 344381 rows in call catalogue
Looking at bio230143-bucket01/ubna_data_01/recover-20220725/UBNA_001/20220723_060000.WAV
Median LF frequency in File: 41760.0
Median HF frequency in File: 25920.0
There are now 344453 rows in call catalogue
Looking at bio230143-bucket01/ubna_data_01/recover-20220725/UBNA_001/20220723_063000.WAV
Median LF frequency in File: 44160.0
Median HF frequency in File: 26880.000000000004
There are now 344531 rows in call catalogue
Looking at bio230143-bucket01/ubna_data_01/recover-20220725/UBNA_001/20220723_070000.WAV
Median LF frequency in File: 43200.0
Median HF frequency in File: 25920.0
There are now 344578 rows in call catalogue
Looking at bio230143-bucket01/ubna_data_01/recover-20220725/UBNA_001/20220723_073000.WAV
Median LF frequency in File: 42240.0
Median HF frequency in File: 27839.999999999996
There are now 344994 rows in call catalogue
Looking at bio230143-bucket01/ubna_data_01/recover-20220725/UBNA_001/20220723_080000.WAV
Median LF frequency in File: 43200.0
Median HF frequency in File: 26880.000000000004
There are now 345240 rows in call catalogue
Looking at bio230143-bucket01/ubna_data_01/recover-20220725/UBNA_001/20220723_083000.WAV
Median LF frequency in File: 43200.0
Median HF frequency in File: 25920.0
There are now 345342 rows in call catalogue
Looking at bio230143-bucket01/ubna_data_01/recover-20220725/UBNA_001/20220723_090000.WAV
Median LF frequency in File: 42240.0
Median HF frequency in File: 32160.0
There are now 345376 rows in call catalogue
Looking at bio230143-bucket01/ubna_data_01/recover-20220725/UBNA_001/20220723_093000.WAV
Median LF frequency in File: 41280.0
Median HF frequency in File: 26880.000000000004
There are now 345477 rows in call catalogue
Looking at bio230143-bucket01/ubna_data_01/recover-20220725/UBNA_001/20220723_100000.WAV
Median LF frequency in File: 51840.0
Median HF frequency in File: 25920.0
There are now 345535 rows in call catalogue
Looking at bio230143-bucket01/ubna_data_01/recover-20220725/UBNA_001/20220723_103000.WAV
Median LF frequency in File: 48000.0
Median HF frequency in File: 22560.0
There are now 345538 rows in call catalogue
Looking at bio230143-bucket01/ubna_data_01/recover-20220725/UBNA_001/20220723_110000.WAV
Median LF frequency in File: nan
Median HF frequency in File: 25920.0
There are now 345539 rows in call catalogue
Looking at bio230143-bucket01/ubna_data_01/recover-20220725/UBNA_001/20220723_113000.WAV
Median LF frequency in File: nan
Median HF frequency in File: 24960.0
There are now 345541 rows in call catalogue
Looking at bio230143-bucket01/ubna_data_01/recover-20220725/UBNA_001/20220723_123000.WAV
Median LF frequency in File: 42240.0
Median HF frequency in File: nan
There are now 345542 rows in call catalogue
Looking at bio230143-bucket01/ubna_data_01/recover-20220725/UBNA_001/20220723_130000.WAV
Median LF frequency in File: 42240.0
Median HF frequency in File: 17280.0
There are now 345544 rows in call catalogue
Looking at bio230143-bucket01/ubna_data_01/recover-20220725/UBNA_001/20220723_143000.WAV
Median LF frequency in File: nan
Median HF frequency in File: 16800.0
There are now 345546 rows in call catalogue
Looking at bio230143-bucket01/ubna_data_01/recover-20220725/UBNA_001/20220724_000000.WAV
Median LF frequency in File: 46080.0
Median HF frequency in File: 16320.000000000002
There are now 345548 rows in call catalogue
Looking at bio230143-bucket01/ubna_data_01/recover-20220725/UBNA_001/20220724_003000.WAV
Median LF frequency in File: 45120.0
Median HF frequency in File: 19680.0
There are now 345551 rows in call catalogue
Looking at bio230143-bucket01/ubna_data_01/recover-20220725/UBNA_001/20220724_013000.WAV
Median LF frequency in File: nan
Median HF frequency in File: 23040.0
There are now 345553 rows in call catalogue
Looking at bio230143-bucket01/ubna_data_01/recover-20220725/UBNA_001/20220724_023000.WAV
Median LF frequency in File: nan
Median HF frequency in File: 16320.000000000002
There are now 345557 rows in call catalogue
Looking at bio230143-bucket01/ubna_data_01/recover-20220725/UBNA_001/20220724_030000.WAV
Median LF frequency in File: nan
Median HF frequency in File: 16320.000000000002
There are now 345577 rows in call catalogue
Looking at bio230143-bucket01/ubna_data_01/recover-20220725/UBNA_001/20220724_040000.WAV
Median LF frequency in File: nan
Median HF frequency in File: 16320.000000000002
There are now 345578 rows in call catalogue
Looking at bio230143-bucket01/ubna_data_01/recover-20220725/UBNA_001/20220724_043000.WAV
Median LF frequency in File: 45120.0
Median HF frequency in File: 24960.0
There are now 345634 rows in call catalogue
Looking at bio230143-bucket01/ubna_data_01/recover-20220725/UBNA_001/20220724_050000.WAV
Median LF frequency in File: 43200.0
Median HF frequency in File: 25920.0
There are now 346188 rows in call catalogue
Looking at bio230143-bucket01/ubna_data_01/recover-20220725/UBNA_001/20220724_053000.WAV
Median LF frequency in File: 42240.0
Median HF frequency in File: 25920.0
There are now 346762 rows in call catalogue
Looking at bio230143-bucket01/ubna_data_01/recover-20220725/UBNA_001/20220724_060000.WAV
Median LF frequency in File: 42240.0
Median HF frequency in File: 26880.000000000004
There are now 347231 rows in call catalogue
Looking at bio230143-bucket01/ubna_data_01/recover-20220725/UBNA_001/20220724_063000.WAV
Median LF frequency in File: 44160.0
Median HF frequency in File: 26880.000000000004
There are now 347327 rows in call catalogue
Looking at bio230143-bucket01/ubna_data_01/recover-20220725/UBNA_001/20220724_070000.WAV
Median LF frequency in File: 45120.0
Median HF frequency in File: 24000.0
There are now 347509 rows in call catalogue
Looking at bio230143-bucket01/ubna_data_01/recover-20220725/UBNA_001/20220724_073000.WAV
Median LF frequency in File: 43200.0
Median HF frequency in File: 24000.0
There are now 347592 rows in call catalogue
Looking at bio230143-bucket01/ubna_data_01/recover-20220725/UBNA_001/20220724_080000.WAV
Median LF frequency in File: 42240.0
Median HF frequency in File: 26880.000000000004
There are now 347690 rows in call catalogue
Looking at bio230143-bucket01/ubna_data_01/recover-20220725/UBNA_001/20220724_083000.WAV
Median LF frequency in File: 51840.0
Median HF frequency in File: 26880.000000000004
There are now 347759 rows in call catalogue
Looking at bio230143-bucket01/ubna_data_01/recover-20220725/UBNA_001/20220724_090000.WAV
Median LF frequency in File: 42240.0
Median HF frequency in File: 24960.0
There are now 347802 rows in call catalogue
Looking at bio230143-bucket01/ubna_data_01/recover-20220725/UBNA_001/20220724_093000.WAV
Median LF frequency in File: 42240.0
Median HF frequency in File: 24000.0
There are now 347869 rows in call catalogue
Looking at bio230143-bucket01/ubna_data_01/recover-20220725/UBNA_001/20220724_100000.WAV
Median LF frequency in File: 45120.0
Median HF frequency in File: 24960.0
There are now 347945 rows in call catalogue
Looking at bio230143-bucket01/ubna_data_01/recover-20220725/UBNA_001/20220724_110000.WAV
Median LF frequency in File: 42240.0
Median HF frequency in File: 25920.0
There are now 347947 rows in call catalogue
Looking at bio230143-bucket01/ubna_data_01/recover-20220725/UBNA_001/20220724_113000.WAV
Median LF frequency in File: nan
Median HF frequency in File: 26880.000000000004
There are now 347954 rows in call catalogue
Looking at bio230143-bucket01/ubna_data_01/recover-20220725/UBNA_001/20220724_123000.WAV
Median LF frequency in File: nan
Median HF frequency in File: 21120.0
There are now 347955 rows in call catalogue
Looking at bio230143-bucket01/ubna_data_01/recover-20220725/UBNA_001/20220724_133000.WAV
Median LF frequency in File: nan
Median HF frequency in File: 20160.0
There are now 347956 rows in call catalogue
Looking at bio230143-bucket01/ubna_data_01/recover-20220725/UBNA_001/20220724_140000.WAV
Median LF frequency in File: nan
Median HF frequency in File: 17280.0
There are now 347959 rows in call catalogue
Looking at bio230143-bucket01/ubna_data_01/recover-20220725/UBNA_001/20220724_143000.WAV
Median LF frequency in File: nan
Median HF frequency in File: 16320.000000000002
There are now 347963 rows in call catalogue
Looking at bio230143-bucket01/ubna_data_01/recover-20220725/UBNA_001/20220724_150000.WAV
Median LF frequency in File: nan
Median HF frequency in File: 23040.0
There are now 347982 rows in call catalogue
Looking at bio230143-bucket01/ubna_data_01/recover-20220725/UBNA_001/20220725_000000.WAV
Median LF frequency in File: nan
Median HF frequency in File: 22560.0
There are now 347989 rows in call catalogue
Looking at bio230143-bucket01/ubna_data_01/recover-20220725/UBNA_001/20220725_003000.WAV
Median LF frequency in File: nan
Median HF frequency in File: 20160.0
There are now 347991 rows in call catalogue
Looking at bio230143-bucket01/ubna_data_01/recover-20220725/UBNA_001/20220725_010000.WAV
Median LF frequency in File: nan
Median HF frequency in File: 16320.000000000002
There are now 347998 rows in call catalogue
Looking at bio230143-bucket01/ubna_data_01/recover-20220725/UBNA_001/20220725_013000.WAV
Median LF frequency in File: nan
Median HF frequency in File: 16320.000000000002
There are now 348004 rows in call catalogue
Looking at bio230143-bucket01/ubna_data_01/recover-20220725/UBNA_001/20220725_020000.WAV
Median LF frequency in File: nan
Median HF frequency in File: 16320.000000000002
There are now 348006 rows in call catalogue
Looking at bio230143-bucket01/ubna_data_01/recover-20220725/UBNA_001/20220725_023000.WAV
Median LF frequency in File: nan
Median HF frequency in File: 18240.0
There are now 348009 rows in call catalogue
Looking at bio230143-bucket01/ubna_data_01/recover-20220725/UBNA_001/20220725_030000.WAV
Median LF frequency in File: nan
Median HF frequency in File: 17280.0
There are now 348011 rows in call catalogue
Looking at bio230143-bucket01/ubna_data_01/recover-20220725/UBNA_001/20220725_033000.WAV
Median LF frequency in File: nan
Median HF frequency in File: 16320.000000000002
There are now 348012 rows in call catalogue
Looking at bio230143-bucket01/ubna_data_01/recover-20220725/UBNA_001/20220725_040000.WAV
Median LF frequency in File: nan
Median HF frequency in File: 16320.000000000002
There are now 348013 rows in call catalogue
Looking at bio230143-bucket01/ubna_data_01/recover-20220725/UBNA_001/20220725_043000.WAV
Median LF frequency in File: 45120.0
Median HF frequency in File: 29280.0
There are now 348056 rows in call catalogue
Looking at bio230143-bucket01/ubna_data_01/recover-20220725/UBNA_001/20220725_050000.WAV
Median LF frequency in File: 42240.0
Median HF frequency in File: 26880.000000000004
There are now 348318 rows in call catalogue
Looking at bio230143-bucket01/ubna_data_01/recover-20220725/UBNA_001/20220725_053000.WAV
Median LF frequency in File: 44160.0
Median HF frequency in File: 26880.000000000004
There are now 349369 rows in call catalogue
Looking at bio230143-bucket01/ubna_data_01/recover-20220725/UBNA_001/20220725_060000.WAV
Median LF frequency in File: 42240.0
Median HF frequency in File: 25920.0
There are now 349691 rows in call catalogue
Looking at bio230143-bucket01/ubna_data_01/recover-20220725/UBNA_001/20220725_063000.WAV
Median LF frequency in File: 42240.0
Median HF frequency in File: 25920.0
There are now 350125 rows in call catalogue
Looking at bio230143-bucket01/ubna_data_01/recover-20220725/UBNA_001/20220725_070000.WAV
Median LF frequency in File: 42240.0
Median HF frequency in File: 24960.0
There are now 350412 rows in call catalogue
Looking at bio230143-bucket01/ubna_data_01/recover-20220725/UBNA_001/20220725_073000.WAV
Median LF frequency in File: 37440.0
Median HF frequency in File: 25920.0
There are now 350807 rows in call catalogue
Looking at bio230143-bucket01/ubna_data_01/recover-20220725/UBNA_001/20220725_080000.WAV
Median LF frequency in File: 43200.0
Median HF frequency in File: 26880.000000000004
There are now 351505 rows in call catalogue
Looking at bio230143-bucket01/ubna_data_01/recover-20220725/UBNA_001/20220725_083000.WAV
Median LF frequency in File: 41280.0
Median HF frequency in File: 26880.000000000004
There are now 352695 rows in call catalogue
Looking at bio230143-bucket01/ubna_data_01/recover-20220725/UBNA_001/20220725_090000.WAV
Median LF frequency in File: 42240.0
Median HF frequency in File: 26880.000000000004
There are now 353761 rows in call catalogue
Looking at bio230143-bucket01/ubna_data_01/recover-20220725/UBNA_001/20220725_093000.WAV
Median LF frequency in File: nan
Median HF frequency in File: 26880.000000000004
There are now 354091 rows in call catalogue
Looking at bio230143-bucket01/ubna_data_01/recover-20220725/UBNA_001/20220725_100000.WAV
Median LF frequency in File: 42240.0
Median HF frequency in File: 27839.999999999996
There are now 354285 rows in call catalogue
Looking at bio230143-bucket01/ubna_data_01/recover-20220725/UBNA_001/20220725_103000.WAV
Median LF frequency in File: 43200.0
Median HF frequency in File: 25920.0
There are now 354445 rows in call catalogue
Looking at bio230143-bucket01/ubna_data_01/recover-20220725/UBNA_001/20220725_110000.WAV
Median LF frequency in File: 40320.0
Median HF frequency in File: 26880.000000000004
There are now 354699 rows in call catalogue
Looking at bio230143-bucket01/ubna_data_01/recover-20220725/UBNA_001/20220725_113000.WAV
Median LF frequency in File: 41280.0
Median HF frequency in File: 25920.0
There are now 354934 rows in call catalogue
Looking at bio230143-bucket01/ubna_data_01/recover-20220725/UBNA_001/20220725_120000.WAV
Median LF frequency in File: nan
Median HF frequency in File: 20160.0
There are now 354935 rows in call catalogue
Looking at bio230143-bucket01/ubna_data_01/recover-20220725/UBNA_001/20220725_130000.WAV
Median LF frequency in File: nan
Median HF frequency in File: 16320.000000000002
There are now 354938 rows in call catalogue
Looking at bio230143-bucket01/ubna_data_01/recover-20220725/UBNA_001/20220725_133000.WAV
Median LF frequency in File: nan
Median HF frequency in File: 19200.0
There are now 354964 rows in call catalogue
Looking at bio230143-bucket01/ubna_data_01/recover-20220725/UBNA_001/20220725_140000.WAV
Median LF frequency in File: nan
Median HF frequency in File: 23040.0
There are now 354972 rows in call catalogue
Looking at bio230143-bucket01/ubna_data_01/recover-20220725/UBNA_001/20220725_143000.WAV
Median LF frequency in File: nan
Median HF frequency in File: 17280.0
There are now 354976 rows in call catalogue
Looking at bio230143-bucket01/ubna_data_01/recover-20220725/UBNA_001/20220725_150000.WAV
Median LF frequency in File: nan
Median HF frequency in File: 22080.0
There are now 354990 rows in call catalogue
Looking at bio230143-bucket01/ubna_data_01/recover-20220725/UBNA_001/20220725_153000.WAV
Median LF frequency in File: nan
Median HF frequency in File: 16320.000000000002
There are now 354991 rows in call catalogue
Looking at bio230143-bucket01/ubna_data_01/recover-20220728/UBNA_007/20220726_000000.WAV
Median LF frequency in File: nan
Median HF frequency in File: 22080.0
There are now 354994 rows in call catalogue
Looking at bio230143-bucket01/ubna_data_01/recover-20220728/UBNA_007/20220726_003000.WAV
Median LF frequency in File: 42240.0
Median HF frequency in File: 22080.0
There are now 355019 rows in call catalogue
Looking at bio230143-bucket01/ubna_data_01/recover-20220728/UBNA_007/20220726_010000.WAV
Median LF frequency in File: nan
Median HF frequency in File: 19200.0
There are now 355024 rows in call catalogue
Looking at bio230143-bucket01/ubna_data_01/recover-20220728/UBNA_007/20220726_013000.WAV
Median LF frequency in File: nan
Median HF frequency in File: 26400.0
There are now 355026 rows in call catalogue
Looking at bio230143-bucket01/ubna_data_01/recover-20220728/UBNA_007/20220726_020000.WAV
Median LF frequency in File: nan
Median HF frequency in File: 22080.0
There are now 355028 rows in call catalogue
Looking at bio230143-bucket01/ubna_data_01/recover-20220728/UBNA_007/20220726_023000.WAV
Median LF frequency in File: nan
Median HF frequency in File: 19200.0
There are now 355039 rows in call catalogue
Looking at bio230143-bucket01/ubna_data_01/recover-20220728/UBNA_007/20220726_030000.WAV
Median LF frequency in File: nan
Median HF frequency in File: 21120.0
There are now 355044 rows in call catalogue
Looking at bio230143-bucket01/ubna_data_01/recover-20220728/UBNA_007/20220726_033000.WAV
Median LF frequency in File: nan
Median HF frequency in File: 20160.0
There are now 355045 rows in call catalogue
Looking at bio230143-bucket01/ubna_data_01/recover-20220728/UBNA_007/20220726_040000.WAV
Median LF frequency in File: nan
Median HF frequency in File: 19200.0
There are now 355051 rows in call catalogue
Looking at bio230143-bucket01/ubna_data_01/recover-20220728/UBNA_007/20220726_043000.WAV
Median LF frequency in File: 44160.0
Median HF frequency in File: 24960.0
There are now 355175 rows in call catalogue
Looking at bio230143-bucket01/ubna_data_01/recover-20220728/UBNA_007/20220726_050000.WAV
Median LF frequency in File: 42240.0
Median HF frequency in File: 25920.0
There are now 356972 rows in call catalogue
Looking at bio230143-bucket01/ubna_data_01/recover-20220728/UBNA_007/20220726_053000.WAV
Median LF frequency in File: 42240.0
Median HF frequency in File: 26880.000000000004
There are now 360222 rows in call catalogue
Looking at bio230143-bucket01/ubna_data_01/recover-20220728/UBNA_007/20220726_060000.WAV
Median LF frequency in File: 42240.0
Median HF frequency in File: 25920.0
There are now 361861 rows in call catalogue
Looking at bio230143-bucket01/ubna_data_01/recover-20220728/UBNA_007/20220726_063000.WAV
Median LF frequency in File: 42240.0
Median HF frequency in File: 25920.0
There are now 362266 rows in call catalogue
Looking at bio230143-bucket01/ubna_data_01/recover-20220728/UBNA_007/20220726_070000.WAV
Median LF frequency in File: 41280.0
Median HF frequency in File: 26880.000000000004
There are now 363292 rows in call catalogue
Looking at bio230143-bucket01/ubna_data_01/recover-20220728/UBNA_007/20220726_073000.WAV
Median LF frequency in File: 41760.0
Median HF frequency in File: 25920.0
There are now 364124 rows in call catalogue
Looking at bio230143-bucket01/ubna_data_01/recover-20220728/UBNA_007/20220726_080000.WAV
Median LF frequency in File: 41280.0
Median HF frequency in File: 25920.0
There are now 364361 rows in call catalogue
Looking at bio230143-bucket01/ubna_data_01/recover-20220728/UBNA_007/20220726_083000.WAV
Median LF frequency in File: 47040.0
Median HF frequency in File: 25920.0
There are now 365208 rows in call catalogue
Looking at bio230143-bucket01/ubna_data_01/recover-20220728/UBNA_007/20220726_090000.WAV
Median LF frequency in File: 41280.0
Median HF frequency in File: 25920.0
There are now 365504 rows in call catalogue
Looking at bio230143-bucket01/ubna_data_01/recover-20220728/UBNA_007/20220726_093000.WAV
Median LF frequency in File: 41280.0
Median HF frequency in File: 25920.0
There are now 366440 rows in call catalogue
Looking at bio230143-bucket01/ubna_data_01/recover-20220728/UBNA_007/20220726_100000.WAV
Median LF frequency in File: 41280.0
Median HF frequency in File: 26880.000000000004
There are now 366600 rows in call catalogue
Looking at bio230143-bucket01/ubna_data_01/recover-20220728/UBNA_007/20220726_103000.WAV
Median LF frequency in File: 41280.0
Median HF frequency in File: 24960.0
There are now 367864 rows in call catalogue
Looking at bio230143-bucket01/ubna_data_01/recover-20220728/UBNA_007/20220726_110000.WAV
Median LF frequency in File: 42240.0
Median HF frequency in File: 24960.0
There are now 368396 rows in call catalogue
Looking at bio230143-bucket01/ubna_data_01/recover-20220728/UBNA_007/20220726_113000.WAV
Median LF frequency in File: 42240.0
Median HF frequency in File: 24960.0
There are now 368867 rows in call catalogue
Looking at bio230143-bucket01/ubna_data_01/recover-20220728/UBNA_007/20220726_120000.WAV
Median LF frequency in File: nan
Median HF frequency in File: 17280.0
There are now 368881 rows in call catalogue
Looking at bio230143-bucket01/ubna_data_01/recover-20220728/UBNA_007/20220726_123000.WAV
Median LF frequency in File: nan
Median HF frequency in File: 18240.0
There are now 368887 rows in call catalogue
Looking at bio230143-bucket01/ubna_data_01/recover-20220728/UBNA_007/20220726_133000.WAV
Median LF frequency in File: 41280.0
Median HF frequency in File: 18240.0
There are now 368894 rows in call catalogue
Looking at bio230143-bucket01/ubna_data_01/recover-20220728/UBNA_007/20220726_140000.WAV
Median LF frequency in File: nan
Median HF frequency in File: 22080.0
There are now 368909 rows in call catalogue
Looking at bio230143-bucket01/ubna_data_01/recover-20220728/UBNA_007/20220726_143000.WAV
Median LF frequency in File: nan
Median HF frequency in File: 17280.0
There are now 368918 rows in call catalogue
Looking at bio230143-bucket01/ubna_data_01/recover-20220728/UBNA_007/20220726_150000.WAV
Median LF frequency in File: nan
Median HF frequency in File: 21120.0
There are now 368956 rows in call catalogue
Looking at bio230143-bucket01/ubna_data_01/recover-20220728/UBNA_007/20220726_153000.WAV
Median LF frequency in File: 40320.0
Median HF frequency in File: 22080.0
There are now 369126 rows in call catalogue
Looking at bio230143-bucket01/ubna_data_01/recover-20220728/UBNA_007/20220727_000000.WAV
Median LF frequency in File: nan
Median HF frequency in File: 19200.0
There are now 369127 rows in call catalogue
Looking at bio230143-bucket01/ubna_data_01/recover-20220728/UBNA_007/20220727_003000.WAV
Median LF frequency in File: nan
Median HF frequency in File: 22080.0
There are now 369128 rows in call catalogue
Looking at bio230143-bucket01/ubna_data_01/recover-20220728/UBNA_007/20220727_010000.WAV
Median LF frequency in File: nan
Median HF frequency in File: 22080.0
There are now 369130 rows in call catalogue
Looking at bio230143-bucket01/ubna_data_01/recover-20220728/UBNA_007/20220727_013000.WAV
Median LF frequency in File: nan
Median HF frequency in File: 21600.0
There are now 369132 rows in call catalogue
Looking at bio230143-bucket01/ubna_data_01/recover-20220728/UBNA_007/20220727_020000.WAV
Median LF frequency in File: nan
Median HF frequency in File: 23040.0
There are now 369137 rows in call catalogue
Looking at bio230143-bucket01/ubna_data_01/recover-20220728/UBNA_007/20220727_023000.WAV
Median LF frequency in File: nan
Median HF frequency in File: 20160.0
There are now 369141 rows in call catalogue
Looking at bio230143-bucket01/ubna_data_01/recover-20220728/UBNA_007/20220727_030000.WAV
Median LF frequency in File: nan
Median HF frequency in File: 20160.0
There are now 369147 rows in call catalogue
Looking at bio230143-bucket01/ubna_data_01/recover-20220728/UBNA_007/20220727_033000.WAV
Median LF frequency in File: nan
Median HF frequency in File: 22080.0
There are now 369158 rows in call catalogue
Looking at bio230143-bucket01/ubna_data_01/recover-20220728/UBNA_007/20220727_040000.WAV
Median LF frequency in File: nan
Median HF frequency in File: 22080.0
There are now 369160 rows in call catalogue
Looking at bio230143-bucket01/ubna_data_01/recover-20220728/UBNA_007/20220727_043000.WAV
Median LF frequency in File: 48960.0
Median HF frequency in File: 24960.0
There are now 369384 rows in call catalogue
Looking at bio230143-bucket01/ubna_data_01/recover-20220728/UBNA_007/20220727_050000.WAV
Median LF frequency in File: 43200.0
Median HF frequency in File: 26880.000000000004
There are now 370589 rows in call catalogue
Looking at bio230143-bucket01/ubna_data_01/recover-20220728/UBNA_007/20220727_053000.WAV
Median LF frequency in File: 41280.0
Median HF frequency in File: 26880.000000000004
There are now 370929 rows in call catalogue
Looking at bio230143-bucket01/ubna_data_01/recover-20220728/UBNA_007/20220727_060000.WAV
Median LF frequency in File: 41280.0
Median HF frequency in File: 26880.000000000004
There are now 371125 rows in call catalogue
Looking at bio230143-bucket01/ubna_data_01/recover-20220728/UBNA_007/20220727_063000.WAV
Median LF frequency in File: 42240.0
Median HF frequency in File: 26400.0
There are now 371203 rows in call catalogue
Looking at bio230143-bucket01/ubna_data_01/recover-20220728/UBNA_007/20220727_070000.WAV
Median LF frequency in File: 42720.0
Median HF frequency in File: 26880.000000000004
There are now 371577 rows in call catalogue
Looking at bio230143-bucket01/ubna_data_01/recover-20220728/UBNA_007/20220727_073000.WAV
Median LF frequency in File: 42240.0
Median HF frequency in File: 26880.000000000004
There are now 374202 rows in call catalogue
Looking at bio230143-bucket01/ubna_data_01/recover-20220728/UBNA_007/20220727_080000.WAV
Median LF frequency in File: 43200.0
Median HF frequency in File: 26880.000000000004
There are now 378011 rows in call catalogue
Looking at bio230143-bucket01/ubna_data_01/recover-20220728/UBNA_007/20220727_083000.WAV
Median LF frequency in File: 40320.0
Median HF frequency in File: 25920.0
There are now 380294 rows in call catalogue
Looking at bio230143-bucket01/ubna_data_01/recover-20220728/UBNA_007/20220727_090000.WAV
Median LF frequency in File: 40320.0
Median HF frequency in File: 24960.0
There are now 380461 rows in call catalogue
Looking at bio230143-bucket01/ubna_data_01/recover-20220728/UBNA_007/20220727_093000.WAV
Median LF frequency in File: 41280.0
Median HF frequency in File: 25920.0
There are now 380642 rows in call catalogue
Looking at bio230143-bucket01/ubna_data_01/recover-20220728/UBNA_007/20220727_100000.WAV
Median LF frequency in File: 41280.0
Median HF frequency in File: 26880.000000000004
There are now 380730 rows in call catalogue
Looking at bio230143-bucket01/ubna_data_01/recover-20220728/UBNA_007/20220727_103000.WAV
Median LF frequency in File: 43200.0
Median HF frequency in File: 25920.0
There are now 381342 rows in call catalogue
Looking at bio230143-bucket01/ubna_data_01/recover-20220728/UBNA_007/20220727_110000.WAV
Median LF frequency in File: 40320.0
Median HF frequency in File: 26880.000000000004
There are now 382824 rows in call catalogue
Looking at bio230143-bucket01/ubna_data_01/recover-20220728/UBNA_007/20220727_113000.WAV
Median LF frequency in File: nan
Median HF frequency in File: 25920.0
There are now 382918 rows in call catalogue
Looking at bio230143-bucket01/ubna_data_01/recover-20220728/UBNA_007/20220727_120000.WAV
Median LF frequency in File: nan
Median HF frequency in File: 18240.0
There are now 382919 rows in call catalogue
Looking at bio230143-bucket01/ubna_data_01/recover-20220728/UBNA_007/20220727_130000.WAV
Median LF frequency in File: nan
Median HF frequency in File: 22080.0
There are now 382927 rows in call catalogue
Looking at bio230143-bucket01/ubna_data_01/recover-20220728/UBNA_007/20220727_133000.WAV
Median LF frequency in File: nan
Median HF frequency in File: 22080.0
There are now 383000 rows in call catalogue
Looking at bio230143-bucket01/ubna_data_01/recover-20220728/UBNA_007/20220727_140000.WAV
Median LF frequency in File: nan
Median HF frequency in File: 22080.0
There are now 383018 rows in call catalogue
Looking at bio230143-bucket01/ubna_data_01/recover-20220728/UBNA_007/20220727_143000.WAV
Median LF frequency in File: nan
Median HF frequency in File: 23040.0
There are now 383019 rows in call catalogue
Looking at bio230143-bucket01/ubna_data_01/recover-20220728/UBNA_007/20220727_150000.WAV
Median LF frequency in File: nan
Median HF frequency in File: 21120.0
There are now 383020 rows in call catalogue
Looking at bio230143-bucket01/ubna_data_01/recover-20220728/UBNA_007/20220727_153000.WAV
Median LF frequency in File: nan
Median HF frequency in File: 20640.0
There are now 383026 rows in call catalogue
Looking at bio230143-bucket01/ubna_data_01/recover-20220728/UBNA_007/20220728_000000.WAV
Median LF frequency in File: nan
Median HF frequency in File: 22560.0
There are now 383028 rows in call catalogue
Looking at bio230143-bucket01/ubna_data_01/recover-20220728/UBNA_007/20220728_003000.WAV
Median LF frequency in File: nan
Median HF frequency in File: 21600.0
There are now 383030 rows in call catalogue
Looking at bio230143-bucket01/ubna_data_01/recover-20220728/UBNA_007/20220728_010000.WAV
Median LF frequency in File: nan
Median HF frequency in File: 22560.0
There are now 383034 rows in call catalogue
Looking at bio230143-bucket01/ubna_data_01/recover-20220728/UBNA_007/20220728_013000.WAV
Median LF frequency in File: nan
Median HF frequency in File: 19680.0
There are now 383036 rows in call catalogue
Looking at bio230143-bucket01/ubna_data_01/recover-20220728/UBNA_007/20220728_020000.WAV
Median LF frequency in File: nan
Median HF frequency in File: 23520.0
There are now 383038 rows in call catalogue
Looking at bio230143-bucket01/ubna_data_01/recover-20220728/UBNA_007/20220728_023000.WAV
Median LF frequency in File: nan
Median HF frequency in File: 20160.0
There are now 383042 rows in call catalogue
Looking at bio230143-bucket01/ubna_data_01/recover-20220728/UBNA_007/20220728_030000.WAV
Median LF frequency in File: nan
Median HF frequency in File: 17280.0
There are now 383043 rows in call catalogue
Looking at bio230143-bucket01/ubna_data_01/recover-20220728/UBNA_007/20220728_033000.WAV
Median LF frequency in File: nan
Median HF frequency in File: 21120.0
There are now 383044 rows in call catalogue
Looking at bio230143-bucket01/ubna_data_01/recover-20220728/UBNA_007/20220728_040000.WAV
Median LF frequency in File: nan
Median HF frequency in File: 21600.0
There are now 383058 rows in call catalogue
Looking at bio230143-bucket01/ubna_data_01/recover-20220728/UBNA_007/20220728_043000.WAV
Median LF frequency in File: 46080.0
Median HF frequency in File: 24000.0
There are now 383191 rows in call catalogue
Looking at bio230143-bucket01/ubna_data_01/recover-20220728/UBNA_007/20220728_050000.WAV
Median LF frequency in File: 42240.0
Median HF frequency in File: 26880.000000000004
There are now 383562 rows in call catalogue
Looking at bio230143-bucket01/ubna_data_01/recover-20220728/UBNA_007/20220728_053000.WAV
Median LF frequency in File: 41280.0
Median HF frequency in File: 26880.000000000004
There are now 385252 rows in call catalogue
Looking at bio230143-bucket01/ubna_data_01/recover-20220728/UBNA_007/20220728_060000.WAV
Median LF frequency in File: 42240.0
Median HF frequency in File: 26880.000000000004
There are now 385744 rows in call catalogue
Looking at bio230143-bucket01/ubna_data_01/recover-20220728/UBNA_007/20220728_063000.WAV
Median LF frequency in File: 41280.0
Median HF frequency in File: 26880.000000000004
There are now 386185 rows in call catalogue
Looking at bio230143-bucket01/ubna_data_01/recover-20220728/UBNA_007/20220728_070000.WAV
Median LF frequency in File: 42240.0
Median HF frequency in File: 26880.000000000004
There are now 387733 rows in call catalogue
Looking at bio230143-bucket01/ubna_data_01/recover-20220728/UBNA_007/20220728_073000.WAV
Median LF frequency in File: 41280.0
Median HF frequency in File: 26880.000000000004
There are now 388894 rows in call catalogue
Looking at bio230143-bucket01/ubna_data_01/recover-20220728/UBNA_007/20220728_080000.WAV
Median LF frequency in File: 41280.0
Median HF frequency in File: 26880.000000000004
There are now 391064 rows in call catalogue
Looking at bio230143-bucket01/ubna_data_01/recover-20220728/UBNA_007/20220728_083000.WAV
Median LF frequency in File: 42240.0
Median HF frequency in File: 26880.000000000004
There are now 392840 rows in call catalogue
Looking at bio230143-bucket01/ubna_data_01/recover-20220728/UBNA_007/20220728_090000.WAV
Median LF frequency in File: 41280.0
Median HF frequency in File: 26880.000000000004
There are now 395731 rows in call catalogue
Looking at bio230143-bucket01/ubna_data_01/recover-20220728/UBNA_007/20220728_093000.WAV
Median LF frequency in File: 41280.0
Median HF frequency in File: 26880.000000000004
There are now 399101 rows in call catalogue
Looking at bio230143-bucket01/ubna_data_01/recover-20220728/UBNA_007/20220728_100000.WAV
Median LF frequency in File: 41280.0
Median HF frequency in File: 24960.0
There are now 400129 rows in call catalogue
Looking at bio230143-bucket01/ubna_data_01/recover-20220728/UBNA_007/20220728_103000.WAV
Median LF frequency in File: 39840.0
Median HF frequency in File: 24960.0
There are now 400357 rows in call catalogue
Looking at bio230143-bucket01/ubna_data_01/recover-20220728/UBNA_007/20220728_110000.WAV
Median LF frequency in File: nan
Median HF frequency in File: 26880.000000000004
There are now 400410 rows in call catalogue
Looking at bio230143-bucket01/ubna_data_01/recover-20220728/UBNA_007/20220728_113000.WAV
Median LF frequency in File: 40320.0
Median HF frequency in File: 24960.0
There are now 400608 rows in call catalogue
Looking at bio230143-bucket01/ubna_data_01/recover-20220728/UBNA_007/20220728_120000.WAV
Median LF frequency in File: nan
Median HF frequency in File: 18240.0
There are now 400611 rows in call catalogue
Looking at bio230143-bucket01/ubna_data_01/recover-20220728/UBNA_007/20220728_123000.WAV
Median LF frequency in File: nan
Median HF frequency in File: 22080.0
There are now 400616 rows in call catalogue
Looking at bio230143-bucket01/ubna_data_01/recover-20220728/UBNA_007/20220728_130000.WAV
Median LF frequency in File: nan
Median HF frequency in File: 21120.0
There are now 400621 rows in call catalogue
Looking at bio230143-bucket01/ubna_data_01/recover-20220728/UBNA_007/20220728_133000.WAV
Median LF frequency in File: nan
Median HF frequency in File: 22080.0
There are now 400656 rows in call catalogue
Looking at bio230143-bucket01/ubna_data_01/recover-20220728/UBNA_007/20220728_140000.WAV
Median LF frequency in File: nan
Median HF frequency in File: 22080.0
There are now 400704 rows in call catalogue
Looking at bio230143-bucket01/ubna_data_01/recover-20220728/UBNA_007/20220728_143000.WAV
Median LF frequency in File: nan
Median HF frequency in File: 17280.0
There are now 400711 rows in call catalogue
Looking at bio230143-bucket01/ubna_data_01/recover-20220728/UBNA_007/20220728_150000.WAV
Median LF frequency in File: nan
Median HF frequency in File: 21120.0
There are now 400722 rows in call catalogue
Looking at bio230143-bucket01/ubna_data_01/recover-20220728/UBNA_007/20220728_153000.WAV
Median LF frequency in File: nan
Median HF frequency in File: 24000.0
There are now 400724 rows in call catalogue
Looking at bio230143-bucket01/ubna_data_01/recover-20220801/UBNA_004/20220729_020000.WAV
Median LF frequency in File: nan
Median HF frequency in File: 18240.0
There are now 400739 rows in call catalogue
Looking at bio230143-bucket01/ubna_data_01/recover-20220801/UBNA_004/20220729_023000.WAV
Median LF frequency in File: nan
Median HF frequency in File: 16320.000000000002
There are now 400741 rows in call catalogue
Looking at bio230143-bucket01/ubna_data_01/recover-20220801/UBNA_004/20220729_030000.WAV
Median LF frequency in File: nan
Median HF frequency in File: 16320.000000000002
There are now 400743 rows in call catalogue
Looking at bio230143-bucket01/ubna_data_01/recover-20220801/UBNA_004/20220729_033000.WAV
Median LF frequency in File: nan
Median HF frequency in File: 16320.000000000002
There are now 400744 rows in call catalogue
Looking at bio230143-bucket01/ubna_data_01/recover-20220801/UBNA_004/20220729_040000.WAV
Median LF frequency in File: nan
Median HF frequency in File: 18720.0
There are now 400746 rows in call catalogue
Looking at bio230143-bucket01/ubna_data_01/recover-20220801/UBNA_004/20220729_043000.WAV
Median LF frequency in File: 42240.0
Median HF frequency in File: 26880.000000000004
There are now 400879 rows in call catalogue
Looking at bio230143-bucket01/ubna_data_01/recover-20220801/UBNA_004/20220729_050000.WAV
Median LF frequency in File: 42240.0
Median HF frequency in File: 25920.0
There are now 401565 rows in call catalogue
Looking at bio230143-bucket01/ubna_data_01/recover-20220801/UBNA_004/20220729_053000.WAV
Median LF frequency in File: 43200.0
Median HF frequency in File: 26880.000000000004
There are now 401841 rows in call catalogue
Looking at bio230143-bucket01/ubna_data_01/recover-20220801/UBNA_004/20220729_060000.WAV
Median LF frequency in File: 43200.0
Median HF frequency in File: 26880.000000000004
There are now 401955 rows in call catalogue
Looking at bio230143-bucket01/ubna_data_01/recover-20220801/UBNA_004/20220729_063000.WAV
Median LF frequency in File: 42240.0
Median HF frequency in File: 38400.0
There are now 402001 rows in call catalogue
Looking at bio230143-bucket01/ubna_data_01/recover-20220801/UBNA_004/20220729_070000.WAV
Median LF frequency in File: 42240.0
Median HF frequency in File: 26880.000000000004
There are now 402089 rows in call catalogue
Looking at bio230143-bucket01/ubna_data_01/recover-20220801/UBNA_004/20220729_073000.WAV
Median LF frequency in File: 42240.0
Median HF frequency in File: 26880.000000000004
There are now 402262 rows in call catalogue
Looking at bio230143-bucket01/ubna_data_01/recover-20220801/UBNA_004/20220729_080000.WAV
Median LF frequency in File: 46080.0
Median HF frequency in File: 24960.0
There are now 402382 rows in call catalogue
Looking at bio230143-bucket01/ubna_data_01/recover-20220801/UBNA_004/20220729_083000.WAV
Median LF frequency in File: 42240.0
Median HF frequency in File: 26880.000000000004
There are now 402436 rows in call catalogue
Looking at bio230143-bucket01/ubna_data_01/recover-20220801/UBNA_004/20220729_090000.WAV
Median LF frequency in File: 43200.0
Median HF frequency in File: 26400.0
There are now 402511 rows in call catalogue
Looking at bio230143-bucket01/ubna_data_01/recover-20220801/UBNA_004/20220729_093000.WAV
Median LF frequency in File: 45120.0
Median HF frequency in File: 25920.0
There are now 402565 rows in call catalogue
Looking at bio230143-bucket01/ubna_data_01/recover-20220801/UBNA_004/20220729_100000.WAV
Median LF frequency in File: 42240.0
Median HF frequency in File: 27360.0
There are now 402616 rows in call catalogue
Looking at bio230143-bucket01/ubna_data_01/recover-20220801/UBNA_004/20220729_103000.WAV
Median LF frequency in File: 43200.0
Median HF frequency in File: 24000.0
There are now 402946 rows in call catalogue
Looking at bio230143-bucket01/ubna_data_01/recover-20220801/UBNA_004/20220729_110000.WAV
Median LF frequency in File: 42240.0
Median HF frequency in File: 40800.0
There are now 402966 rows in call catalogue
Looking at bio230143-bucket01/ubna_data_01/recover-20220801/UBNA_004/20220729_113000.WAV
Median LF frequency in File: 46560.0
Median HF frequency in File: 24000.0
There are now 403033 rows in call catalogue
Looking at bio230143-bucket01/ubna_data_01/recover-20220801/UBNA_004/20220729_120000.WAV
Median LF frequency in File: nan
Median HF frequency in File: 18720.0
There are now 403037 rows in call catalogue
Looking at bio230143-bucket01/ubna_data_01/recover-20220801/UBNA_004/20220729_133000.WAV
Median LF frequency in File: nan
Median HF frequency in File: 17280.0
There are now 403040 rows in call catalogue
Looking at bio230143-bucket01/ubna_data_01/recover-20220801/UBNA_004/20220729_140000.WAV
Median LF frequency in File: nan
Median HF frequency in File: 16320.000000000002
There are now 403055 rows in call catalogue
Looking at bio230143-bucket01/ubna_data_01/recover-20220801/UBNA_004/20220729_143000.WAV
Median LF frequency in File: nan
Median HF frequency in File: 16320.000000000002
There are now 403066 rows in call catalogue
Looking at bio230143-bucket01/ubna_data_01/recover-20220801/UBNA_004/20220729_150000.WAV
Median LF frequency in File: nan
Median HF frequency in File: 16320.000000000002
There are now 403067 rows in call catalogue
Looking at bio230143-bucket01/ubna_data_01/recover-20220801/UBNA_004/20220729_153000.WAV
Median LF frequency in File: nan
Median HF frequency in File: 20160.0
There are now 403068 rows in call catalogue
Looking at bio230143-bucket01/ubna_data_01/recover-20220801/UBNA_004/20220730_000000.WAV
Median LF frequency in File: nan
Median HF frequency in File: 22080.0
There are now 403069 rows in call catalogue
Looking at bio230143-bucket01/ubna_data_01/recover-20220801/UBNA_004/20220730_003000.WAV
Median LF frequency in File: nan
Median HF frequency in File: 17280.0
There are now 403071 rows in call catalogue
Looking at bio230143-bucket01/ubna_data_01/recover-20220801/UBNA_004/20220730_010000.WAV
Median LF frequency in File: nan
Median HF frequency in File: 17280.0
There are now 403072 rows in call catalogue
Looking at bio230143-bucket01/ubna_data_01/recover-20220801/UBNA_004/20220730_013000.WAV
Median LF frequency in File: nan
Median HF frequency in File: 16800.0
There are now 403074 rows in call catalogue
Looking at bio230143-bucket01/ubna_data_01/recover-20220801/UBNA_004/20220730_023000.WAV
Median LF frequency in File: nan
Median HF frequency in File: 16320.000000000002
There are now 403075 rows in call catalogue
Looking at bio230143-bucket01/ubna_data_01/recover-20220801/UBNA_004/20220730_030000.WAV
Median LF frequency in File: nan
Median HF frequency in File: 16320.000000000002
There are now 403076 rows in call catalogue
Looking at bio230143-bucket01/ubna_data_01/recover-20220801/UBNA_004/20220730_040000.WAV
Median LF frequency in File: nan
Median HF frequency in File: 16320.000000000002
There are now 403078 rows in call catalogue
Looking at bio230143-bucket01/ubna_data_01/recover-20220801/UBNA_004/20220730_043000.WAV
Median LF frequency in File: 45120.0
Median HF frequency in File: 38400.0
There are now 403259 rows in call catalogue
Looking at bio230143-bucket01/ubna_data_01/recover-20220801/UBNA_004/20220730_050000.WAV
Median LF frequency in File: 45120.0
Median HF frequency in File: 25920.0
There are now 403604 rows in call catalogue
Looking at bio230143-bucket01/ubna_data_01/recover-20220801/UBNA_004/20220730_053000.WAV
Median LF frequency in File: 44160.0
Median HF frequency in File: 25920.0
There are now 403749 rows in call catalogue
Looking at bio230143-bucket01/ubna_data_01/recover-20220801/UBNA_004/20220730_060000.WAV
Median LF frequency in File: 44160.0
Median HF frequency in File: 24000.0
There are now 403814 rows in call catalogue
Looking at bio230143-bucket01/ubna_data_01/recover-20220801/UBNA_004/20220730_063000.WAV
Median LF frequency in File: 44160.0
Median HF frequency in File: 24000.0
There are now 403964 rows in call catalogue
Looking at bio230143-bucket01/ubna_data_01/recover-20220801/UBNA_004/20220730_070000.WAV
Median LF frequency in File: 43200.0
Median HF frequency in File: 25920.0
There are now 404184 rows in call catalogue
Looking at bio230143-bucket01/ubna_data_01/recover-20220801/UBNA_004/20220730_073000.WAV
Median LF frequency in File: 45120.0
Median HF frequency in File: 25920.0
There are now 404459 rows in call catalogue
Looking at bio230143-bucket01/ubna_data_01/recover-20220801/UBNA_004/20220730_080000.WAV
Median LF frequency in File: 43200.0
Median HF frequency in File: 26880.000000000004
There are now 405217 rows in call catalogue
Looking at bio230143-bucket01/ubna_data_01/recover-20220801/UBNA_004/20220730_083000.WAV
Median LF frequency in File: 43200.0
Median HF frequency in File: 24960.0
There are now 405410 rows in call catalogue
Looking at bio230143-bucket01/ubna_data_01/recover-20220801/UBNA_004/20220730_090000.WAV
Median LF frequency in File: 43200.0
Median HF frequency in File: 40320.0
There are now 405467 rows in call catalogue
Looking at bio230143-bucket01/ubna_data_01/recover-20220801/UBNA_004/20220730_093000.WAV
Median LF frequency in File: nan
Median HF frequency in File: 24000.0
There are now 405485 rows in call catalogue
Looking at bio230143-bucket01/ubna_data_01/recover-20220801/UBNA_004/20220730_100000.WAV
Median LF frequency in File: 43200.0
Median HF frequency in File: 24000.0
There are now 405582 rows in call catalogue
Looking at bio230143-bucket01/ubna_data_01/recover-20220801/UBNA_004/20220730_103000.WAV
Median LF frequency in File: nan
Median HF frequency in File: 24960.0
There are now 405736 rows in call catalogue
Looking at bio230143-bucket01/ubna_data_01/recover-20220801/UBNA_004/20220730_110000.WAV
Median LF frequency in File: 43200.0
Median HF frequency in File: 36000.0
There are now 405766 rows in call catalogue
Looking at bio230143-bucket01/ubna_data_01/recover-20220801/UBNA_004/20220730_113000.WAV
Median LF frequency in File: 44160.0
Median HF frequency in File: 23040.0
There are now 406715 rows in call catalogue
Looking at bio230143-bucket01/ubna_data_01/recover-20220801/UBNA_004/20220730_120000.WAV
Median LF frequency in File: nan
Median HF frequency in File: 23040.0
There are now 406923 rows in call catalogue
Looking at bio230143-bucket01/ubna_data_01/recover-20220801/UBNA_004/20220730_130000.WAV
Median LF frequency in File: nan
Median HF frequency in File: 16320.000000000002
There are now 406926 rows in call catalogue
Looking at bio230143-bucket01/ubna_data_01/recover-20220801/UBNA_004/20220730_143000.WAV
Median LF frequency in File: nan
Median HF frequency in File: 16320.000000000002
There are now 406950 rows in call catalogue
Looking at bio230143-bucket01/ubna_data_01/recover-20220801/UBNA_004/20220730_150000.WAV
Median LF frequency in File: nan
Median HF frequency in File: 16320.000000000002
There are now 406972 rows in call catalogue
Looking at bio230143-bucket01/ubna_data_01/recover-20220801/UBNA_004/20220730_153000.WAV
Median LF frequency in File: nan
Median HF frequency in File: 19200.0
There are now 406976 rows in call catalogue
Looking at bio230143-bucket01/ubna_data_01/recover-20220801/UBNA_004/20220731_000000.WAV
Median LF frequency in File: nan
Median HF frequency in File: 19680.0
There are now 406980 rows in call catalogue
Looking at bio230143-bucket01/ubna_data_01/recover-20220801/UBNA_004/20220731_003000.WAV
Median LF frequency in File: nan
Median HF frequency in File: 21120.0
There are now 406982 rows in call catalogue
Looking at bio230143-bucket01/ubna_data_01/recover-20220801/UBNA_004/20220731_010000.WAV
Median LF frequency in File: 47040.0
Median HF frequency in File: 17760.0
There are now 406987 rows in call catalogue
Looking at bio230143-bucket01/ubna_data_01/recover-20220801/UBNA_004/20220731_013000.WAV
Median LF frequency in File: nan
Median HF frequency in File: 22080.0
There are now 406994 rows in call catalogue
Looking at bio230143-bucket01/ubna_data_01/recover-20220801/UBNA_004/20220731_020000.WAV
Median LF frequency in File: nan
Median HF frequency in File: 17760.0
There are now 406998 rows in call catalogue
Looking at bio230143-bucket01/ubna_data_01/recover-20220801/UBNA_004/20220731_023000.WAV
Median LF frequency in File: nan
Median HF frequency in File: 19680.0
There are now 407000 rows in call catalogue
Looking at bio230143-bucket01/ubna_data_01/recover-20220801/UBNA_004/20220731_040000.WAV
Median LF frequency in File: nan
Median HF frequency in File: 16320.000000000002
There are now 407002 rows in call catalogue
Looking at bio230143-bucket01/ubna_data_01/recover-20220801/UBNA_004/20220731_043000.WAV
Median LF frequency in File: 44160.0
Median HF frequency in File: 24960.0
There are now 407103 rows in call catalogue
Looking at bio230143-bucket01/ubna_data_01/recover-20220801/UBNA_004/20220731_050000.WAV
Median LF frequency in File: 41280.0
Median HF frequency in File: 24960.0
There are now 407270 rows in call catalogue
Looking at bio230143-bucket01/ubna_data_01/recover-20220801/UBNA_004/20220731_053000.WAV
Median LF frequency in File: nan
Median HF frequency in File: 24960.0
There are now 407303 rows in call catalogue
Looking at bio230143-bucket01/ubna_data_01/recover-20220801/UBNA_004/20220731_060000.WAV
Median LF frequency in File: nan
Median HF frequency in File: 24000.0
There are now 407310 rows in call catalogue
Looking at bio230143-bucket01/ubna_data_01/recover-20220801/UBNA_004/20220731_063000.WAV
Median LF frequency in File: 43200.0
Median HF frequency in File: 24000.0
There are now 407616 rows in call catalogue
Looking at bio230143-bucket01/ubna_data_01/recover-20220801/UBNA_004/20220731_070000.WAV
Median LF frequency in File: 44160.0
Median HF frequency in File: 24000.0
There are now 407717 rows in call catalogue
Looking at bio230143-bucket01/ubna_data_01/recover-20220801/UBNA_004/20220731_073000.WAV
Median LF frequency in File: 43200.0
Median HF frequency in File: 25920.0
There are now 407934 rows in call catalogue
Looking at bio230143-bucket01/ubna_data_01/recover-20220801/UBNA_004/20220731_080000.WAV
Median LF frequency in File: 44160.0
Median HF frequency in File: 24960.0
There are now 407988 rows in call catalogue
Looking at bio230143-bucket01/ubna_data_01/recover-20220801/UBNA_004/20220731_083000.WAV
Median LF frequency in File: 40800.0
Median HF frequency in File: 26880.000000000004
There are now 408060 rows in call catalogue
Looking at bio230143-bucket01/ubna_data_01/recover-20220801/UBNA_004/20220731_090000.WAV
Median LF frequency in File: 47040.0
Median HF frequency in File: 24000.0
There are now 408287 rows in call catalogue
Looking at bio230143-bucket01/ubna_data_01/recover-20220801/UBNA_004/20220731_093000.WAV
Median LF frequency in File: 44160.0
Median HF frequency in File: 24000.0
There are now 408462 rows in call catalogue
Looking at bio230143-bucket01/ubna_data_01/recover-20220801/UBNA_004/20220731_100000.WAV
Median LF frequency in File: nan
Median HF frequency in File: 23040.0
There are now 408511 rows in call catalogue
Looking at bio230143-bucket01/ubna_data_01/recover-20220801/UBNA_004/20220731_103000.WAV
Median LF frequency in File: nan
Median HF frequency in File: 23040.0
There are now 408672 rows in call catalogue
Looking at bio230143-bucket01/ubna_data_01/recover-20220801/UBNA_004/20220731_110000.WAV
Median LF frequency in File: 43200.0
Median HF frequency in File: 23040.0
There are now 408750 rows in call catalogue
Looking at bio230143-bucket01/ubna_data_01/recover-20220801/UBNA_004/20220731_113000.WAV
Median LF frequency in File: nan
Median HF frequency in File: 26880.000000000004
There are now 408890 rows in call catalogue
Looking at bio230143-bucket01/ubna_data_01/recover-20220801/UBNA_004/20220731_120000.WAV
Median LF frequency in File: nan
Median HF frequency in File: 25920.0
There are now 408899 rows in call catalogue
Looking at bio230143-bucket01/ubna_data_01/recover-20220801/UBNA_004/20220731_123000.WAV
Median LF frequency in File: nan
Median HF frequency in File: 18240.0
There are now 408901 rows in call catalogue
Looking at bio230143-bucket01/ubna_data_01/recover-20220801/UBNA_004/20220731_130000.WAV
Median LF frequency in File: nan
Median HF frequency in File: 16320.000000000002
There are now 408908 rows in call catalogue
Looking at bio230143-bucket01/ubna_data_01/recover-20220801/UBNA_004/20220731_133000.WAV
Median LF frequency in File: nan
Median HF frequency in File: 16320.000000000002
There are now 408937 rows in call catalogue
Looking at bio230143-bucket01/ubna_data_01/recover-20220801/UBNA_004/20220731_140000.WAV
Median LF frequency in File: nan
Median HF frequency in File: 16320.000000000002
There are now 408945 rows in call catalogue
Looking at bio230143-bucket01/ubna_data_01/recover-20220801/UBNA_004/20220731_143000.WAV
Median LF frequency in File: nan
Median HF frequency in File: 16800.0
There are now 408959 rows in call catalogue
Looking at bio230143-bucket01/ubna_data_01/recover-20220801/UBNA_004/20220731_150000.WAV
Median LF frequency in File: nan
Median HF frequency in File: 16320.000000000002
There are now 408968 rows in call catalogue
Looking at bio230143-bucket01/ubna_data_01/recover-20220801/UBNA_004/20220801_000000.WAV
Median LF frequency in File: nan
Median HF frequency in File: 18720.0
There are now 408970 rows in call catalogue
Looking at bio230143-bucket01/ubna_data_01/recover-20220801/UBNA_004/20220801_003000.WAV
Median LF frequency in File: nan
Median HF frequency in File: 16320.000000000002
There are now 408971 rows in call catalogue
Looking at bio230143-bucket01/ubna_data_01/recover-20220801/UBNA_004/20220801_010000.WAV
Median LF frequency in File: nan
Median HF frequency in File: 16320.000000000002
There are now 408972 rows in call catalogue
Looking at bio230143-bucket01/ubna_data_01/recover-20220801/UBNA_004/20220801_020000.WAV
Median LF frequency in File: nan
Median HF frequency in File: 19680.0
There are now 408976 rows in call catalogue
Looking at bio230143-bucket01/ubna_data_01/recover-20220801/UBNA_004/20220801_023000.WAV
Median LF frequency in File: nan
Median HF frequency in File: 17280.0
There are now 408981 rows in call catalogue
Looking at bio230143-bucket01/ubna_data_01/recover-20220801/UBNA_004/20220801_033000.WAV
Median LF frequency in File: nan
Median HF frequency in File: 19200.0
There are now 408985 rows in call catalogue
Looking at bio230143-bucket01/ubna_data_01/recover-20220801/UBNA_004/20220801_040000.WAV
Median LF frequency in File: nan
Median HF frequency in File: 16320.000000000002
There are now 408986 rows in call catalogue
Looking at bio230143-bucket01/ubna_data_01/recover-20220801/UBNA_004/20220801_043000.WAV
Median LF frequency in File: 44160.0
Median HF frequency in File: 24960.0
There are now 409382 rows in call catalogue
Looking at bio230143-bucket01/ubna_data_01/recover-20220801/UBNA_004/20220801_050000.WAV
Median LF frequency in File: 45120.0
Median HF frequency in File: 25920.0
There are now 409716 rows in call catalogue
Looking at bio230143-bucket01/ubna_data_01/recover-20220801/UBNA_004/20220801_053000.WAV
Median LF frequency in File: 45120.0
Median HF frequency in File: 24960.0
There are now 410337 rows in call catalogue
Looking at bio230143-bucket01/ubna_data_01/recover-20220801/UBNA_004/20220801_060000.WAV
Median LF frequency in File: 47040.0
Median HF frequency in File: 24000.0
There are now 410507 rows in call catalogue
Looking at bio230143-bucket01/ubna_data_01/recover-20220801/UBNA_004/20220801_063000.WAV
Median LF frequency in File: 44160.0
Median HF frequency in File: 24960.0
There are now 410737 rows in call catalogue
Looking at bio230143-bucket01/ubna_data_01/recover-20220801/UBNA_004/20220801_070000.WAV
Median LF frequency in File: 45600.0
Median HF frequency in File: 25920.0
There are now 410911 rows in call catalogue
Looking at bio230143-bucket01/ubna_data_01/recover-20220801/UBNA_004/20220801_073000.WAV
Median LF frequency in File: 44160.0
Median HF frequency in File: 26880.000000000004
There are now 411004 rows in call catalogue
Looking at bio230143-bucket01/ubna_data_01/recover-20220801/UBNA_004/20220801_080000.WAV
Median LF frequency in File: 43200.0
Median HF frequency in File: 25920.0
There are now 411135 rows in call catalogue
Looking at bio230143-bucket01/ubna_data_01/recover-20220801/UBNA_004/20220801_083000.WAV
Median LF frequency in File: 43200.0
Median HF frequency in File: 40320.0
There are now 411240 rows in call catalogue
Looking at bio230143-bucket01/ubna_data_01/recover-20220801/UBNA_004/20220801_090000.WAV
Median LF frequency in File: 44160.0
Median HF frequency in File: 25440.0
There are now 411271 rows in call catalogue
Looking at bio230143-bucket01/ubna_data_01/recover-20220801/UBNA_004/20220801_093000.WAV
Median LF frequency in File: nan
Median HF frequency in File: 25920.0
There are now 411413 rows in call catalogue
Looking at bio230143-bucket01/ubna_data_01/recover-20220801/UBNA_004/20220801_103000.WAV
Median LF frequency in File: nan
Median HF frequency in File: 24000.0
There are now 411538 rows in call catalogue
Looking at bio230143-bucket01/ubna_data_01/recover-20220801/UBNA_004/20220801_113000.WAV
Median LF frequency in File: nan
Median HF frequency in File: 24000.0
There are now 411569 rows in call catalogue
Looking at bio230143-bucket01/ubna_data_01/recover-20220801/UBNA_004/20220801_120000.WAV
Median LF frequency in File: 43200.0
Median HF frequency in File: 26880.000000000004
There are now 411612 rows in call catalogue
Looking at bio230143-bucket01/ubna_data_01/recover-20220801/UBNA_004/20220801_123000.WAV
Median LF frequency in File: nan
Median HF frequency in File: 22080.0
There are now 411613 rows in call catalogue
Looking at bio230143-bucket01/ubna_data_01/recover-20220801/UBNA_004/20220801_133000.WAV
Median LF frequency in File: nan
Median HF frequency in File: 15360.0
There are now 411628 rows in call catalogue
Looking at bio230143-bucket01/ubna_data_01/recover-20220801/UBNA_004/20220801_140000.WAV
Median LF frequency in File: nan
Median HF frequency in File: 16320.000000000002
There are now 411643 rows in call catalogue
Looking at bio230143-bucket01/ubna_data_01/recover-20220801/UBNA_004/20220801_143000.WAV
Median LF frequency in File: nan
Median HF frequency in File: 16320.000000000002
There are now 411646 rows in call catalogue
Looking at bio230143-bucket01/ubna_data_01/recover-20220801/UBNA_004/20220801_150000.WAV
Median LF frequency in File: nan
Median HF frequency in File: 16320.000000000002
There are now 411663 rows in call catalogue
Looking at bio230143-bucket01/ubna_data_01/recover-20220801/UBNA_004/20220801_153000.WAV
Median LF frequency in File: nan
Median HF frequency in File: 16320.000000000002
There are now 411671 rows in call catalogue
Looking at bio230143-bucket01/ubna_data_01/recover-20220804/UBNA_001/20220802_000000.WAV
Median LF frequency in File: nan
Median HF frequency in File: 21120.0
There are now 411672 rows in call catalogue
Looking at bio230143-bucket01/ubna_data_01/recover-20220804/UBNA_001/20220802_010000.WAV
Median LF frequency in File: nan
Median HF frequency in File: 21120.0
There are now 411675 rows in call catalogue
Looking at bio230143-bucket01/ubna_data_01/recover-20220804/UBNA_001/20220802_013000.WAV
Median LF frequency in File: nan
Median HF frequency in File: 16320.000000000002
There are now 411678 rows in call catalogue
Looking at bio230143-bucket01/ubna_data_01/recover-20220804/UBNA_001/20220802_020000.WAV
Median LF frequency in File: nan
Median HF frequency in File: 15360.0
There are now 411679 rows in call catalogue
Looking at bio230143-bucket01/ubna_data_01/recover-20220804/UBNA_001/20220802_023000.WAV
Median LF frequency in File: nan
Median HF frequency in File: 15360.0
There are now 411680 rows in call catalogue
Looking at bio230143-bucket01/ubna_data_01/recover-20220804/UBNA_001/20220802_030000.WAV
Median LF frequency in File: nan
Median HF frequency in File: 15360.0
There are now 411681 rows in call catalogue
Looking at bio230143-bucket01/ubna_data_01/recover-20220804/UBNA_001/20220802_033000.WAV
Median LF frequency in File: nan
Median HF frequency in File: 21120.0
There are now 411682 rows in call catalogue
Looking at bio230143-bucket01/ubna_data_01/recover-20220804/UBNA_001/20220802_040000.WAV
Median LF frequency in File: nan
Median HF frequency in File: 21120.0
There are now 411705 rows in call catalogue
Looking at bio230143-bucket01/ubna_data_01/recover-20220804/UBNA_001/20220802_043000.WAV
Median LF frequency in File: 46080.0
Median HF frequency in File: 24960.0
There are now 411925 rows in call catalogue
Looking at bio230143-bucket01/ubna_data_01/recover-20220804/UBNA_001/20220802_050000.WAV
Median LF frequency in File: 46080.0
Median HF frequency in File: 25920.0
There are now 412257 rows in call catalogue
Looking at bio230143-bucket01/ubna_data_01/recover-20220804/UBNA_001/20220802_053000.WAV
Median LF frequency in File: 46080.0
Median HF frequency in File: 26880.000000000004
There are now 413913 rows in call catalogue
Looking at bio230143-bucket01/ubna_data_01/recover-20220804/UBNA_001/20220802_060000.WAV
Median LF frequency in File: 52800.00000000001
Median HF frequency in File: 25920.0
There are now 416462 rows in call catalogue
Looking at bio230143-bucket01/ubna_data_01/recover-20220804/UBNA_001/20220802_063000.WAV
Median LF frequency in File: 45120.0
Median HF frequency in File: 25920.0
There are now 418296 rows in call catalogue
Looking at bio230143-bucket01/ubna_data_01/recover-20220804/UBNA_001/20220802_070000.WAV
Median LF frequency in File: 46080.0
Median HF frequency in File: 25920.0
There are now 420204 rows in call catalogue
Looking at bio230143-bucket01/ubna_data_01/recover-20220804/UBNA_001/20220802_073000.WAV
Median LF frequency in File: 45120.0
Median HF frequency in File: 25920.0
There are now 422073 rows in call catalogue
Looking at bio230143-bucket01/ubna_data_01/recover-20220804/UBNA_001/20220802_080000.WAV
Median LF frequency in File: 42240.0
Median HF frequency in File: 25920.0
There are now 424147 rows in call catalogue
Looking at bio230143-bucket01/ubna_data_01/recover-20220804/UBNA_001/20220802_083000.WAV
Median LF frequency in File: 46080.0
Median HF frequency in File: 25920.0
There are now 426767 rows in call catalogue
Looking at bio230143-bucket01/ubna_data_01/recover-20220804/UBNA_001/20220802_090000.WAV
Median LF frequency in File: 44160.0
Median HF frequency in File: 25920.0
There are now 428656 rows in call catalogue
Looking at bio230143-bucket01/ubna_data_01/recover-20220804/UBNA_001/20220802_093000.WAV
Median LF frequency in File: 45120.0
Median HF frequency in File: 25920.0
There are now 429390 rows in call catalogue
Looking at bio230143-bucket01/ubna_data_01/recover-20220804/UBNA_001/20220802_100000.WAV
Median LF frequency in File: 44160.0
Median HF frequency in File: 25920.0
There are now 429524 rows in call catalogue
Looking at bio230143-bucket01/ubna_data_01/recover-20220804/UBNA_001/20220802_103000.WAV
Median LF frequency in File: nan
Median HF frequency in File: 18240.0
There are now 429525 rows in call catalogue
Looking at bio230143-bucket01/ubna_data_01/recover-20220804/UBNA_001/20220802_110000.WAV
Median LF frequency in File: 47040.0
Median HF frequency in File: 25920.0
There are now 429554 rows in call catalogue
Looking at bio230143-bucket01/ubna_data_01/recover-20220804/UBNA_001/20220802_113000.WAV
Median LF frequency in File: 45120.0
Median HF frequency in File: 40320.0
There are now 429647 rows in call catalogue
Looking at bio230143-bucket01/ubna_data_01/recover-20220804/UBNA_001/20220802_123000.WAV
Median LF frequency in File: nan
Median HF frequency in File: 20160.0
There are now 429656 rows in call catalogue
Looking at bio230143-bucket01/ubna_data_01/recover-20220804/UBNA_001/20220802_130000.WAV
Median LF frequency in File: nan
Median HF frequency in File: 18240.0
There are now 429659 rows in call catalogue
Looking at bio230143-bucket01/ubna_data_01/recover-20220804/UBNA_001/20220802_133000.WAV
Median LF frequency in File: nan
Median HF frequency in File: 21120.0
There are now 429660 rows in call catalogue
Looking at bio230143-bucket01/ubna_data_01/recover-20220804/UBNA_001/20220802_143000.WAV
Median LF frequency in File: nan
Median HF frequency in File: 16320.000000000002
There are now 429671 rows in call catalogue
Looking at bio230143-bucket01/ubna_data_01/recover-20220804/UBNA_001/20220802_153000.WAV
Median LF frequency in File: nan
Median HF frequency in File: 17280.0
There are now 429711 rows in call catalogue
Looking at bio230143-bucket01/ubna_data_01/recover-20220804/UBNA_001/20220803_000000.WAV
Median LF frequency in File: nan
Median HF frequency in File: 21120.0
There are now 429713 rows in call catalogue
Looking at bio230143-bucket01/ubna_data_01/recover-20220804/UBNA_001/20220803_003000.WAV
Median LF frequency in File: nan
Median HF frequency in File: 20640.0
There are now 429715 rows in call catalogue
Looking at bio230143-bucket01/ubna_data_01/recover-20220804/UBNA_001/20220803_010000.WAV
Median LF frequency in File: nan
Median HF frequency in File: 21120.0
There are now 429716 rows in call catalogue
Looking at bio230143-bucket01/ubna_data_01/recover-20220804/UBNA_001/20220803_013000.WAV
Median LF frequency in File: nan
Median HF frequency in File: 16320.000000000002
There are now 429717 rows in call catalogue
Looking at bio230143-bucket01/ubna_data_01/recover-20220804/UBNA_001/20220803_020000.WAV
Median LF frequency in File: nan
Median HF frequency in File: 15360.0
There are now 429719 rows in call catalogue
Looking at bio230143-bucket01/ubna_data_01/recover-20220804/UBNA_001/20220803_040000.WAV
Median LF frequency in File: 44160.0
Median HF frequency in File: 21120.0
There are now 429731 rows in call catalogue
Looking at bio230143-bucket01/ubna_data_01/recover-20220804/UBNA_001/20220803_043000.WAV
Median LF frequency in File: 45120.0
Median HF frequency in File: 26880.000000000004
There are now 429835 rows in call catalogue
Looking at bio230143-bucket01/ubna_data_01/recover-20220804/UBNA_001/20220803_050000.WAV
Median LF frequency in File: 45120.0
Median HF frequency in File: 25920.0
There are now 429897 rows in call catalogue
Looking at bio230143-bucket01/ubna_data_01/recover-20220804/UBNA_001/20220803_053000.WAV
Median LF frequency in File: 46080.0
Median HF frequency in File: 24960.0
There are now 430012 rows in call catalogue
Looking at bio230143-bucket01/ubna_data_01/recover-20220804/UBNA_001/20220803_060000.WAV
Median LF frequency in File: 45120.0
Median HF frequency in File: 24960.0
There are now 430230 rows in call catalogue
Looking at bio230143-bucket01/ubna_data_01/recover-20220804/UBNA_001/20220803_063000.WAV
Median LF frequency in File: 43200.0
Median HF frequency in File: 21120.0
There are now 430285 rows in call catalogue
Looking at bio230143-bucket01/ubna_data_01/recover-20220804/UBNA_001/20220803_070000.WAV
Median LF frequency in File: 46560.0
Median HF frequency in File: 26400.0
There are now 430319 rows in call catalogue
Looking at bio230143-bucket01/ubna_data_01/recover-20220804/UBNA_001/20220803_073000.WAV
Median LF frequency in File: nan
Median HF frequency in File: 25920.0
There are now 430362 rows in call catalogue
Looking at bio230143-bucket01/ubna_data_01/recover-20220804/UBNA_001/20220803_080000.WAV
Median LF frequency in File: 45120.0
Median HF frequency in File: 24960.0
There are now 430559 rows in call catalogue
Looking at bio230143-bucket01/ubna_data_01/recover-20220804/UBNA_001/20220803_083000.WAV
Median LF frequency in File: 44160.0
Median HF frequency in File: 24960.0
There are now 431011 rows in call catalogue
Looking at bio230143-bucket01/ubna_data_01/recover-20220804/UBNA_001/20220803_090000.WAV
Median LF frequency in File: 46080.0
Median HF frequency in File: 23040.0
There are now 432081 rows in call catalogue
Looking at bio230143-bucket01/ubna_data_01/recover-20220804/UBNA_001/20220803_093000.WAV
Median LF frequency in File: 45120.0
Median HF frequency in File: 25920.0
There are now 432131 rows in call catalogue
Looking at bio230143-bucket01/ubna_data_01/recover-20220804/UBNA_001/20220803_100000.WAV
Median LF frequency in File: 45120.0
Median HF frequency in File: 24960.0
There are now 432722 rows in call catalogue
Looking at bio230143-bucket01/ubna_data_01/recover-20220804/UBNA_001/20220803_110000.WAV
Median LF frequency in File: 51840.0
Median HF frequency in File: nan
There are now 432739 rows in call catalogue
Looking at bio230143-bucket01/ubna_data_01/recover-20220804/UBNA_001/20220803_113000.WAV
Median LF frequency in File: 47040.0
Median HF frequency in File: 20640.0
There are now 432748 rows in call catalogue
Looking at bio230143-bucket01/ubna_data_01/recover-20220804/UBNA_001/20220803_123000.WAV
Median LF frequency in File: nan
Median HF frequency in File: 20160.0
There are now 432755 rows in call catalogue
Looking at bio230143-bucket01/ubna_data_01/recover-20220804/UBNA_001/20220803_130000.WAV
Median LF frequency in File: nan
Median HF frequency in File: 14400.0
There are now 432756 rows in call catalogue
Looking at bio230143-bucket01/ubna_data_01/recover-20220804/UBNA_001/20220803_133000.WAV
Median LF frequency in File: nan
Median HF frequency in File: 15840.0
There are now 432758 rows in call catalogue
Looking at bio230143-bucket01/ubna_data_01/recover-20220804/UBNA_001/20220803_140000.WAV
Median LF frequency in File: nan
Median HF frequency in File: 23040.0
There are now 432759 rows in call catalogue
Looking at bio230143-bucket01/ubna_data_01/recover-20220804/UBNA_001/20220803_143000.WAV
Median LF frequency in File: nan
Median HF frequency in File: 21120.0
There are now 432766 rows in call catalogue
Looking at bio230143-bucket01/ubna_data_01/recover-20220804/UBNA_001/20220803_153000.WAV
Median LF frequency in File: nan
Median HF frequency in File: 22080.0
There are now 432767 rows in call catalogue
Looking at bio230143-bucket01/ubna_data_01/recover-20220804/UBNA_001/20220804_000000.WAV
Median LF frequency in File: nan
Median HF frequency in File: 20160.0
There are now 432772 rows in call catalogue
Looking at bio230143-bucket01/ubna_data_01/recover-20220804/UBNA_001/20220804_003000.WAV
Median LF frequency in File: nan
Median HF frequency in File: 20160.0
There are now 432777 rows in call catalogue
Looking at bio230143-bucket01/ubna_data_01/recover-20220804/UBNA_001/20220804_013000.WAV
Median LF frequency in File: nan
Median HF frequency in File: 17760.0
There are now 432779 rows in call catalogue
Looking at bio230143-bucket01/ubna_data_01/recover-20220804/UBNA_001/20220804_020000.WAV
Median LF frequency in File: nan
Median HF frequency in File: 21120.0
There are now 432780 rows in call catalogue
Looking at bio230143-bucket01/ubna_data_01/recover-20220804/UBNA_001/20220804_033000.WAV
Median LF frequency in File: nan
Median HF frequency in File: 20160.0
There are now 432797 rows in call catalogue
Looking at bio230143-bucket01/ubna_data_01/recover-20220804/UBNA_001/20220804_040000.WAV
Median LF frequency in File: nan
Median HF frequency in File: 24000.0
There are now 433070 rows in call catalogue
Looking at bio230143-bucket01/ubna_data_01/recover-20220804/UBNA_001/20220804_043000.WAV
Median LF frequency in File: 42240.0
Median HF frequency in File: 25920.0
There are now 434720 rows in call catalogue
Looking at bio230143-bucket01/ubna_data_01/recover-20220804/UBNA_001/20220804_050000.WAV
Median LF frequency in File: 44160.0
Median HF frequency in File: 25920.0
There are now 437092 rows in call catalogue
Looking at bio230143-bucket01/ubna_data_01/recover-20220804/UBNA_001/20220804_053000.WAV
Median LF frequency in File: 45120.0
Median HF frequency in File: 25920.0
There are now 438947 rows in call catalogue
Looking at bio230143-bucket01/ubna_data_01/recover-20220804/UBNA_001/20220804_060000.WAV
Median LF frequency in File: 50400.0
Median HF frequency in File: 25920.0
There are now 441067 rows in call catalogue
Looking at bio230143-bucket01/ubna_data_01/recover-20220804/UBNA_001/20220804_063000.WAV
Median LF frequency in File: 44160.0
Median HF frequency in File: 25920.0
There are now 441411 rows in call catalogue
Looking at bio230143-bucket01/ubna_data_01/recover-20220804/UBNA_001/20220804_070000.WAV
Median LF frequency in File: 43200.0
Median HF frequency in File: 25920.0
There are now 441614 rows in call catalogue
Looking at bio230143-bucket01/ubna_data_01/recover-20220804/UBNA_001/20220804_073000.WAV
Median LF frequency in File: nan
Median HF frequency in File: 26880.000000000004
There are now 441901 rows in call catalogue
Looking at bio230143-bucket01/ubna_data_01/recover-20220804/UBNA_001/20220804_080000.WAV
Median LF frequency in File: nan
Median HF frequency in File: 26880.000000000004
There are now 442013 rows in call catalogue
Looking at bio230143-bucket01/ubna_data_01/recover-20220804/UBNA_001/20220804_083000.WAV
Median LF frequency in File: 54240.0
Median HF frequency in File: 25920.0
There are now 442314 rows in call catalogue
Looking at bio230143-bucket01/ubna_data_01/recover-20220804/UBNA_001/20220804_090000.WAV
Median LF frequency in File: 62400.0
Median HF frequency in File: 25920.0
There are now 442360 rows in call catalogue
Looking at bio230143-bucket01/ubna_data_01/recover-20220804/UBNA_001/20220804_100000.WAV
Median LF frequency in File: 45120.0
Median HF frequency in File: 28800.0
There are now 442425 rows in call catalogue
Looking at bio230143-bucket01/ubna_data_01/recover-20220804/UBNA_001/20220804_110000.WAV
Median LF frequency in File: nan
Median HF frequency in File: 21120.0
There are now 442426 rows in call catalogue
Looking at bio230143-bucket01/ubna_data_01/recover-20220804/UBNA_001/20220804_113000.WAV
Median LF frequency in File: nan
Median HF frequency in File: 21120.0
There are now 442427 rows in call catalogue
Looking at bio230143-bucket01/ubna_data_01/recover-20220804/UBNA_001/20220804_120000.WAV
Median LF frequency in File: 46080.0
Median HF frequency in File: 19200.0
There are now 442488 rows in call catalogue
Looking at bio230143-bucket01/ubna_data_01/recover-20220804/UBNA_001/20220804_130000.WAV
Median LF frequency in File: nan
Median HF frequency in File: 17760.0
There are now 442492 rows in call catalogue
Looking at bio230143-bucket01/ubna_data_01/recover-20220804/UBNA_001/20220804_133000.WAV
Median LF frequency in File: nan
Median HF frequency in File: 22560.0
There are now 442495 rows in call catalogue
Looking at bio230143-bucket01/ubna_data_01/recover-20220804/UBNA_001/20220804_143000.WAV
Median LF frequency in File: nan
Median HF frequency in File: 17280.0
There are now 442500 rows in call catalogue
Looking at bio230143-bucket01/ubna_data_01/recover-20220804/UBNA_001/20220804_150000.WAV
Median LF frequency in File: nan
Median HF frequency in File: 22080.0
There are now 442501 rows in call catalogue
Looking at bio230143-bucket01/ubna_data_01/recover-20220804/UBNA_001/20220804_153000.WAV
Median LF frequency in File: nan
Median HF frequency in File: 17280.0
There are now 442506 rows in call catalogue
Looking at bio230143-bucket01/ubna_data_01/recover-20220808/UBNA_013/20220805_000000.WAV
Median LF frequency in File: nan
Median HF frequency in File: 17280.0
There are now 442519 rows in call catalogue
Looking at bio230143-bucket01/ubna_data_01/recover-20220808/UBNA_013/20220805_003000.WAV
Median LF frequency in File: nan
Median HF frequency in File: 17280.0
There are now 442522 rows in call catalogue
Looking at bio230143-bucket01/ubna_data_01/recover-20220808/UBNA_013/20220805_010000.WAV
Median LF frequency in File: nan
Median HF frequency in File: 18720.0
There are now 442526 rows in call catalogue
Looking at bio230143-bucket01/ubna_data_01/recover-20220808/UBNA_013/20220805_013000.WAV
Median LF frequency in File: nan
Median HF frequency in File: 17760.0
There are now 442530 rows in call catalogue
Looking at bio230143-bucket01/ubna_data_01/recover-20220808/UBNA_013/20220805_023000.WAV
Median LF frequency in File: nan
Median HF frequency in File: 19680.0
There are now 442534 rows in call catalogue
Looking at bio230143-bucket01/ubna_data_01/recover-20220808/UBNA_013/20220805_040000.WAV
Median LF frequency in File: 41760.0
Median HF frequency in File: 31680.0
There are now 442539 rows in call catalogue
Looking at bio230143-bucket01/ubna_data_01/recover-20220808/UBNA_013/20220805_043000.WAV
Median LF frequency in File: 45600.0
Median HF frequency in File: 24960.0
There are now 444798 rows in call catalogue
Looking at bio230143-bucket01/ubna_data_01/recover-20220808/UBNA_013/20220805_050000.WAV
Median LF frequency in File: 41280.0
Median HF frequency in File: 24000.0
There are now 445019 rows in call catalogue
Looking at bio230143-bucket01/ubna_data_01/recover-20220808/UBNA_013/20220805_053000.WAV
Median LF frequency in File: 42240.0
Median HF frequency in File: 25920.0
There are now 445267 rows in call catalogue
Looking at bio230143-bucket01/ubna_data_01/recover-20220808/UBNA_013/20220805_060000.WAV
Median LF frequency in File: 42240.0
Median HF frequency in File: 25920.0
There are now 445478 rows in call catalogue
Looking at bio230143-bucket01/ubna_data_01/recover-20220808/UBNA_013/20220805_063000.WAV
Median LF frequency in File: 42240.0
Median HF frequency in File: 25920.0
There are now 446047 rows in call catalogue
Looking at bio230143-bucket01/ubna_data_01/recover-20220808/UBNA_013/20220805_070000.WAV
Median LF frequency in File: 41280.0
Median HF frequency in File: 39360.0
There are now 446098 rows in call catalogue
Looking at bio230143-bucket01/ubna_data_01/recover-20220808/UBNA_013/20220805_073000.WAV
Median LF frequency in File: 43680.0
Median HF frequency in File: 25920.0
There are now 446193 rows in call catalogue
Looking at bio230143-bucket01/ubna_data_01/recover-20220808/UBNA_013/20220805_080000.WAV
Median LF frequency in File: 51840.0
Median HF frequency in File: 26880.000000000004
There are now 447054 rows in call catalogue
Looking at bio230143-bucket01/ubna_data_01/recover-20220808/UBNA_013/20220805_083000.WAV
Median LF frequency in File: 41280.0
Median HF frequency in File: 25920.0
There are now 447242 rows in call catalogue
Looking at bio230143-bucket01/ubna_data_01/recover-20220808/UBNA_013/20220805_090000.WAV
Median LF frequency in File: 40320.0
Median HF frequency in File: 39360.0
There are now 447293 rows in call catalogue
Looking at bio230143-bucket01/ubna_data_01/recover-20220808/UBNA_013/20220805_093000.WAV
Median LF frequency in File: 41280.0
Median HF frequency in File: 26880.000000000004
There are now 447404 rows in call catalogue
Looking at bio230143-bucket01/ubna_data_01/recover-20220808/UBNA_013/20220805_113000.WAV
Median LF frequency in File: nan
Median HF frequency in File: 18240.0
There are now 447410 rows in call catalogue
Looking at bio230143-bucket01/ubna_data_01/recover-20220808/UBNA_013/20220805_123000.WAV
Median LF frequency in File: nan
Median HF frequency in File: 15360.0
There are now 447411 rows in call catalogue
Looking at bio230143-bucket01/ubna_data_01/recover-20220808/UBNA_013/20220805_130000.WAV
Median LF frequency in File: nan
Median HF frequency in File: 25920.0
There are now 447412 rows in call catalogue
Looking at bio230143-bucket01/ubna_data_01/recover-20220808/UBNA_013/20220805_133000.WAV
Median LF frequency in File: nan
Median HF frequency in File: 16320.000000000002
There are now 447475 rows in call catalogue
Looking at bio230143-bucket01/ubna_data_01/recover-20220808/UBNA_013/20220805_140000.WAV
Median LF frequency in File: 43200.0
Median HF frequency in File: 16320.000000000002
There are now 447493 rows in call catalogue
Looking at bio230143-bucket01/ubna_data_01/recover-20220808/UBNA_013/20220805_143000.WAV
Median LF frequency in File: nan
Median HF frequency in File: 16320.000000000002
There are now 447512 rows in call catalogue
Looking at bio230143-bucket01/ubna_data_01/recover-20220808/UBNA_013/20220805_150000.WAV
Median LF frequency in File: 46080.0
Median HF frequency in File: 19200.0
There are now 447519 rows in call catalogue
Looking at bio230143-bucket01/ubna_data_01/recover-20220808/UBNA_013/20220805_153000.WAV
Median LF frequency in File: nan
Median HF frequency in File: 36000.0
There are now 447528 rows in call catalogue
Looking at bio230143-bucket01/ubna_data_01/recover-20220808/UBNA_013/20220806_000000.WAV
Median LF frequency in File: 42240.0
Median HF frequency in File: 20160.0
There are now 447554 rows in call catalogue
Looking at bio230143-bucket01/ubna_data_01/recover-20220808/UBNA_013/20220806_003000.WAV
Median LF frequency in File: 43200.0
Median HF frequency in File: 19200.0
There are now 447582 rows in call catalogue
Looking at bio230143-bucket01/ubna_data_01/recover-20220808/UBNA_013/20220806_010000.WAV
Median LF frequency in File: 44160.0
Median HF frequency in File: 20160.0
There are now 447597 rows in call catalogue
Looking at bio230143-bucket01/ubna_data_01/recover-20220808/UBNA_013/20220806_013000.WAV
Median LF frequency in File: nan
Median HF frequency in File: 19680.0
There are now 447605 rows in call catalogue
Looking at bio230143-bucket01/ubna_data_01/recover-20220808/UBNA_013/20220806_020000.WAV
Median LF frequency in File: nan
Median HF frequency in File: 18240.0
There are now 447618 rows in call catalogue
Looking at bio230143-bucket01/ubna_data_01/recover-20220808/UBNA_013/20220806_023000.WAV
Median LF frequency in File: nan
Median HF frequency in File: 19680.0
There are now 447622 rows in call catalogue
Looking at bio230143-bucket01/ubna_data_01/recover-20220808/UBNA_013/20220806_030000.WAV
Median LF frequency in File: nan
Median HF frequency in File: 19200.0
There are now 447629 rows in call catalogue
Looking at bio230143-bucket01/ubna_data_01/recover-20220808/UBNA_013/20220806_033000.WAV
Median LF frequency in File: nan
Median HF frequency in File: 17760.0
There are now 447639 rows in call catalogue
Looking at bio230143-bucket01/ubna_data_01/recover-20220808/UBNA_013/20220806_040000.WAV
Median LF frequency in File: 44160.0
Median HF frequency in File: 34560.0
There are now 447685 rows in call catalogue
Looking at bio230143-bucket01/ubna_data_01/recover-20220808/UBNA_013/20220806_043000.WAV
Median LF frequency in File: 40800.0
Median HF frequency in File: 24960.0
There are now 448665 rows in call catalogue
Looking at bio230143-bucket01/ubna_data_01/recover-20220808/UBNA_013/20220806_050000.WAV
Median LF frequency in File: 48000.0
Median HF frequency in File: 24960.0
There are now 451660 rows in call catalogue
Looking at bio230143-bucket01/ubna_data_01/recover-20220808/UBNA_013/20220806_053000.WAV
Median LF frequency in File: 42240.0
Median HF frequency in File: 24960.0
There are now 453890 rows in call catalogue
Looking at bio230143-bucket01/ubna_data_01/recover-20220808/UBNA_013/20220806_060000.WAV
Median LF frequency in File: 42240.0
Median HF frequency in File: 24960.0
There are now 455963 rows in call catalogue
Looking at bio230143-bucket01/ubna_data_01/recover-20220808/UBNA_013/20220806_063000.WAV
Median LF frequency in File: 42240.0
Median HF frequency in File: 25920.0
There are now 458676 rows in call catalogue
Looking at bio230143-bucket01/ubna_data_01/recover-20220808/UBNA_013/20220806_070000.WAV
Median LF frequency in File: 46080.0
Median HF frequency in File: 26880.000000000004
There are now 459523 rows in call catalogue
Looking at bio230143-bucket01/ubna_data_01/recover-20220808/UBNA_013/20220806_073000.WAV
Median LF frequency in File: 43200.0
Median HF frequency in File: 26880.000000000004
There are now 460401 rows in call catalogue
Looking at bio230143-bucket01/ubna_data_01/recover-20220808/UBNA_013/20220806_080000.WAV
Median LF frequency in File: 41280.0
Median HF frequency in File: 25920.0
There are now 460657 rows in call catalogue
Looking at bio230143-bucket01/ubna_data_01/recover-20220808/UBNA_013/20220806_083000.WAV
Median LF frequency in File: 41280.0
Median HF frequency in File: 24960.0
There are now 460842 rows in call catalogue
Looking at bio230143-bucket01/ubna_data_01/recover-20220808/UBNA_013/20220806_090000.WAV
Median LF frequency in File: nan
Median HF frequency in File: 25920.0
There are now 460865 rows in call catalogue
Looking at bio230143-bucket01/ubna_data_01/recover-20220808/UBNA_013/20220806_093000.WAV
Median LF frequency in File: nan
Median HF frequency in File: 26880.000000000004
There are now 461003 rows in call catalogue
Looking at bio230143-bucket01/ubna_data_01/recover-20220808/UBNA_013/20220806_100000.WAV
Median LF frequency in File: 42240.0
Median HF frequency in File: 26880.000000000004
There are now 461117 rows in call catalogue
Looking at bio230143-bucket01/ubna_data_01/recover-20220808/UBNA_013/20220806_103000.WAV
Median LF frequency in File: nan
Median HF frequency in File: 26880.000000000004
There are now 461223 rows in call catalogue
Looking at bio230143-bucket01/ubna_data_01/recover-20220808/UBNA_013/20220806_110000.WAV
Median LF frequency in File: nan
Median HF frequency in File: 26880.000000000004
There are now 461239 rows in call catalogue
Looking at bio230143-bucket01/ubna_data_01/recover-20220808/UBNA_013/20220806_113000.WAV
Median LF frequency in File: nan
Median HF frequency in File: 24960.0
There are now 461255 rows in call catalogue
Looking at bio230143-bucket01/ubna_data_01/recover-20220808/UBNA_013/20220806_120000.WAV
Median LF frequency in File: nan
Median HF frequency in File: 19200.0
There are now 461256 rows in call catalogue
Looking at bio230143-bucket01/ubna_data_01/recover-20220808/UBNA_013/20220806_123000.WAV
Median LF frequency in File: nan
Median HF frequency in File: 16320.000000000002
There are now 461273 rows in call catalogue
Looking at bio230143-bucket01/ubna_data_01/recover-20220808/UBNA_013/20220806_130000.WAV
Median LF frequency in File: nan
Median HF frequency in File: 16800.0
There are now 461287 rows in call catalogue
Looking at bio230143-bucket01/ubna_data_01/recover-20220808/UBNA_013/20220806_140000.WAV
Median LF frequency in File: nan
Median HF frequency in File: 20160.0
There are now 461307 rows in call catalogue
Looking at bio230143-bucket01/ubna_data_01/recover-20220808/UBNA_013/20220806_143000.WAV
Median LF frequency in File: 54719.99999999999
Median HF frequency in File: 19680.0
There are now 461318 rows in call catalogue
Looking at bio230143-bucket01/ubna_data_01/recover-20220808/UBNA_013/20220806_150000.WAV
Median LF frequency in File: nan
Median HF frequency in File: 15360.0
There are now 461323 rows in call catalogue
Looking at bio230143-bucket01/ubna_data_01/recover-20220808/UBNA_013/20220806_153000.WAV
Median LF frequency in File: nan
Median HF frequency in File: 16320.000000000002
There are now 461365 rows in call catalogue
Looking at bio230143-bucket01/ubna_data_01/recover-20220808/UBNA_013/20220807_000000.WAV
Median LF frequency in File: nan
Median HF frequency in File: 17280.0
There are now 461392 rows in call catalogue
Looking at bio230143-bucket01/ubna_data_01/recover-20220808/UBNA_013/20220807_003000.WAV
Median LF frequency in File: nan
Median HF frequency in File: 23040.0
There are now 461398 rows in call catalogue
Looking at bio230143-bucket01/ubna_data_01/recover-20220808/UBNA_013/20220807_010000.WAV
Median LF frequency in File: nan
Median HF frequency in File: 22080.0
There are now 461429 rows in call catalogue
Looking at bio230143-bucket01/ubna_data_01/recover-20220808/UBNA_013/20220807_013000.WAV
Median LF frequency in File: nan
Median HF frequency in File: 20160.0
There are now 461474 rows in call catalogue
Looking at bio230143-bucket01/ubna_data_01/recover-20220808/UBNA_013/20220807_020000.WAV
Median LF frequency in File: nan
Median HF frequency in File: 17280.0
There are now 461497 rows in call catalogue
Looking at bio230143-bucket01/ubna_data_01/recover-20220808/UBNA_013/20220807_023000.WAV
Median LF frequency in File: nan
Median HF frequency in File: 16320.000000000002
There are now 461505 rows in call catalogue
Looking at bio230143-bucket01/ubna_data_01/recover-20220808/UBNA_013/20220807_030000.WAV
Median LF frequency in File: nan
Median HF frequency in File: 19200.0
There are now 461508 rows in call catalogue
Looking at bio230143-bucket01/ubna_data_01/recover-20220808/UBNA_013/20220807_033000.WAV
Median LF frequency in File: nan
Median HF frequency in File: 20640.0
There are now 461510 rows in call catalogue
Looking at bio230143-bucket01/ubna_data_01/recover-20220808/UBNA_013/20220807_040000.WAV
Median LF frequency in File: nan
Median HF frequency in File: 20160.0
There are now 461513 rows in call catalogue
Looking at bio230143-bucket01/ubna_data_01/recover-20220808/UBNA_013/20220807_043000.WAV
Median LF frequency in File: 43200.0
Median HF frequency in File: 24960.0
There are now 462170 rows in call catalogue
Looking at bio230143-bucket01/ubna_data_01/recover-20220808/UBNA_013/20220807_050000.WAV
Median LF frequency in File: 41280.0
Median HF frequency in File: 25920.0
There are now 463294 rows in call catalogue
Looking at bio230143-bucket01/ubna_data_01/recover-20220808/UBNA_013/20220807_053000.WAV
Median LF frequency in File: 42240.0
Median HF frequency in File: 24960.0
There are now 464640 rows in call catalogue
Looking at bio230143-bucket01/ubna_data_01/recover-20220808/UBNA_013/20220807_060000.WAV
Median LF frequency in File: 43200.0
Median HF frequency in File: 24960.0
There are now 467014 rows in call catalogue
Looking at bio230143-bucket01/ubna_data_01/recover-20220808/UBNA_013/20220807_063000.WAV
Median LF frequency in File: 42240.0
Median HF frequency in File: 24960.0
There are now 468857 rows in call catalogue
Looking at bio230143-bucket01/ubna_data_01/recover-20220808/UBNA_013/20220807_070000.WAV
Median LF frequency in File: 42240.0
Median HF frequency in File: 24960.0
There are now 471237 rows in call catalogue
Looking at bio230143-bucket01/ubna_data_01/recover-20220808/UBNA_013/20220807_073000.WAV
Median LF frequency in File: 43200.0
Median HF frequency in File: 24960.0
There are now 471560 rows in call catalogue
Looking at bio230143-bucket01/ubna_data_01/recover-20220808/UBNA_013/20220807_080000.WAV
Median LF frequency in File: 48000.0
Median HF frequency in File: 24000.0
There are now 471585 rows in call catalogue
Looking at bio230143-bucket01/ubna_data_01/recover-20220808/UBNA_013/20220807_083000.WAV
Median LF frequency in File: 42240.0
Median HF frequency in File: 24960.0
There are now 471844 rows in call catalogue
Looking at bio230143-bucket01/ubna_data_01/recover-20220808/UBNA_013/20220807_090000.WAV
Median LF frequency in File: 42240.0
Median HF frequency in File: 25920.0
There are now 471927 rows in call catalogue
Looking at bio230143-bucket01/ubna_data_01/recover-20220808/UBNA_013/20220807_093000.WAV
Median LF frequency in File: nan
Median HF frequency in File: 24960.0
There are now 471987 rows in call catalogue
Looking at bio230143-bucket01/ubna_data_01/recover-20220808/UBNA_013/20220807_100000.WAV
Median LF frequency in File: 41280.0
Median HF frequency in File: 24960.0
There are now 472542 rows in call catalogue
Looking at bio230143-bucket01/ubna_data_01/recover-20220808/UBNA_013/20220807_103000.WAV
Median LF frequency in File: nan
Median HF frequency in File: 24000.0
There are now 472653 rows in call catalogue
Looking at bio230143-bucket01/ubna_data_01/recover-20220808/UBNA_013/20220807_110000.WAV
Median LF frequency in File: 41280.0
Median HF frequency in File: 25920.0
There are now 472724 rows in call catalogue
Looking at bio230143-bucket01/ubna_data_01/recover-20220808/UBNA_013/20220807_113000.WAV
Median LF frequency in File: nan
Median HF frequency in File: 24000.0
There are now 472869 rows in call catalogue
Looking at bio230143-bucket01/ubna_data_01/recover-20220808/UBNA_013/20220807_120000.WAV
Median LF frequency in File: nan
Median HF frequency in File: 24000.0
There are now 473034 rows in call catalogue
Looking at bio230143-bucket01/ubna_data_01/recover-20220808/UBNA_013/20220807_123000.WAV
Median LF frequency in File: nan
Median HF frequency in File: 17280.0
There are now 473036 rows in call catalogue
Looking at bio230143-bucket01/ubna_data_01/recover-20220808/UBNA_013/20220807_130000.WAV
Median LF frequency in File: nan
Median HF frequency in File: 17280.0
There are now 473051 rows in call catalogue
Looking at bio230143-bucket01/ubna_data_01/recover-20220808/UBNA_013/20220807_140000.WAV
Median LF frequency in File: nan
Median HF frequency in File: 17280.0
There are now 473117 rows in call catalogue
Looking at bio230143-bucket01/ubna_data_01/recover-20220808/UBNA_013/20220807_143000.WAV
Median LF frequency in File: nan
Median HF frequency in File: 20160.0
There are now 473118 rows in call catalogue
Looking at bio230143-bucket01/ubna_data_01/recover-20220808/UBNA_013/20220807_150000.WAV
Median LF frequency in File: nan
Median HF frequency in File: 19200.0
There are now 473172 rows in call catalogue
Looking at bio230143-bucket01/ubna_data_01/recover-20220808/UBNA_013/20220807_153000.WAV
Median LF frequency in File: nan
Median HF frequency in File: 22080.0
There are now 473216 rows in call catalogue
Looking at bio230143-bucket01/ubna_data_01/recover-20220808/UBNA_013/20220808_000000.WAV
Median LF frequency in File: nan
Median HF frequency in File: 17760.0
There are now 473232 rows in call catalogue
Looking at bio230143-bucket01/ubna_data_01/recover-20220808/UBNA_013/20220808_003000.WAV
Median LF frequency in File: nan
Median HF frequency in File: 21120.0
There are now 473243 rows in call catalogue
Looking at bio230143-bucket01/ubna_data_01/recover-20220808/UBNA_013/20220808_010000.WAV
Median LF frequency in File: nan
Median HF frequency in File: 21120.0
There are now 473265 rows in call catalogue
Looking at bio230143-bucket01/ubna_data_01/recover-20220808/UBNA_013/20220808_013000.WAV
Median LF frequency in File: nan
Median HF frequency in File: 21120.0
There are now 473272 rows in call catalogue
Looking at bio230143-bucket01/ubna_data_01/recover-20220808/UBNA_013/20220808_020000.WAV
Median LF frequency in File: nan
Median HF frequency in File: 16320.000000000002
There are now 473277 rows in call catalogue
Looking at bio230143-bucket01/ubna_data_01/recover-20220808/UBNA_013/20220808_023000.WAV
Median LF frequency in File: nan
Median HF frequency in File: 20160.0
There are now 473280 rows in call catalogue
Looking at bio230143-bucket01/ubna_data_01/recover-20220808/UBNA_013/20220808_030000.WAV
Median LF frequency in File: nan
Median HF frequency in File: 21600.0
There are now 473282 rows in call catalogue
Looking at bio230143-bucket01/ubna_data_01/recover-20220808/UBNA_013/20220808_033000.WAV
Median LF frequency in File: nan
Median HF frequency in File: 19200.0
There are now 473283 rows in call catalogue
Looking at bio230143-bucket01/ubna_data_01/recover-20220808/UBNA_013/20220808_040000.WAV
Median LF frequency in File: nan
Median HF frequency in File: 25920.0
There are now 473365 rows in call catalogue
Looking at bio230143-bucket01/ubna_data_01/recover-20220808/UBNA_013/20220808_043000.WAV
Median LF frequency in File: 46080.0
Median HF frequency in File: 24960.0
There are now 473840 rows in call catalogue
Looking at bio230143-bucket01/ubna_data_01/recover-20220808/UBNA_013/20220808_050000.WAV
Median LF frequency in File: 42240.0
Median HF frequency in File: 25920.0
There are now 475371 rows in call catalogue
Looking at bio230143-bucket01/ubna_data_01/recover-20220808/UBNA_013/20220808_053000.WAV
Median LF frequency in File: 42240.0
Median HF frequency in File: 24960.0
There are now 476877 rows in call catalogue
Looking at bio230143-bucket01/ubna_data_01/recover-20220808/UBNA_013/20220808_060000.WAV
Median LF frequency in File: 42720.0
Median HF frequency in File: 25920.0
There are now 477930 rows in call catalogue
Looking at bio230143-bucket01/ubna_data_01/recover-20220808/UBNA_013/20220808_063000.WAV
Median LF frequency in File: 42240.0
Median HF frequency in File: 24960.0
There are now 479235 rows in call catalogue
Looking at bio230143-bucket01/ubna_data_01/recover-20220808/UBNA_013/20220808_070000.WAV
Median LF frequency in File: 42240.0
Median HF frequency in File: 25920.0
There are now 480244 rows in call catalogue
Looking at bio230143-bucket01/ubna_data_01/recover-20220808/UBNA_013/20220808_073000.WAV
Median LF frequency in File: 42240.0
Median HF frequency in File: 24960.0
There are now 480924 rows in call catalogue
Looking at bio230143-bucket01/ubna_data_01/recover-20220808/UBNA_013/20220808_080000.WAV
Median LF frequency in File: 43200.0
Median HF frequency in File: 24960.0
There are now 481645 rows in call catalogue
Looking at bio230143-bucket01/ubna_data_01/recover-20220808/UBNA_013/20220808_083000.WAV
Median LF frequency in File: 42240.0
Median HF frequency in File: 26880.000000000004
There are now 482345 rows in call catalogue
Looking at bio230143-bucket01/ubna_data_01/recover-20220808/UBNA_013/20220808_090000.WAV
Median LF frequency in File: 41280.0
Median HF frequency in File: 24960.0
There are now 482391 rows in call catalogue
Looking at bio230143-bucket01/ubna_data_01/recover-20220808/UBNA_013/20220808_093000.WAV
Median LF frequency in File: nan
Median HF frequency in File: 25920.0
There are now 482471 rows in call catalogue
Looking at bio230143-bucket01/ubna_data_01/recover-20220808/UBNA_013/20220808_100000.WAV
Median LF frequency in File: 42240.0
Median HF frequency in File: 25920.0
There are now 482678 rows in call catalogue
Looking at bio230143-bucket01/ubna_data_01/recover-20220808/UBNA_013/20220808_103000.WAV
Median LF frequency in File: nan
Median HF frequency in File: 24960.0
There are now 482785 rows in call catalogue
Looking at bio230143-bucket01/ubna_data_01/recover-20220808/UBNA_013/20220808_110000.WAV
Median LF frequency in File: 42240.0
Median HF frequency in File: 24960.0
There are now 482798 rows in call catalogue
Looking at bio230143-bucket01/ubna_data_01/recover-20220808/UBNA_013/20220808_113000.WAV
Median LF frequency in File: 43680.0
Median HF frequency in File: 24960.0
There are now 482950 rows in call catalogue
Looking at bio230143-bucket01/ubna_data_01/recover-20220808/UBNA_013/20220808_120000.WAV
Median LF frequency in File: nan
Median HF frequency in File: 25920.0
There are now 483148 rows in call catalogue
Looking at bio230143-bucket01/ubna_data_01/recover-20220808/UBNA_013/20220808_123000.WAV
Median LF frequency in File: nan
Median HF frequency in File: 17280.0
There are now 483157 rows in call catalogue
Looking at bio230143-bucket01/ubna_data_01/recover-20220808/UBNA_013/20220808_133000.WAV
Median LF frequency in File: nan
Median HF frequency in File: 16320.000000000002
There are now 483165 rows in call catalogue
Looking at bio230143-bucket01/ubna_data_01/recover-20220808/UBNA_013/20220808_140000.WAV
Median LF frequency in File: nan
Median HF frequency in File: 17280.0
There are now 483167 rows in call catalogue
Looking at bio230143-bucket01/ubna_data_01/recover-20220808/UBNA_013/20220808_143000.WAV
Median LF frequency in File: nan
Median HF frequency in File: 17280.0
There are now 483193 rows in call catalogue
Looking at bio230143-bucket01/ubna_data_01/recover-20220808/UBNA_013/20220808_153000.WAV
Median LF frequency in File: nan
Median HF frequency in File: 17280.0
There are now 483200 rows in call catalogue
Looking at bio230143-bucket01/ubna_data_01/recover-20220811/UBNA_007/20220809_000000.WAV
Median LF frequency in File: 44160.0
Median HF frequency in File: 20160.0
There are now 483219 rows in call catalogue
Looking at bio230143-bucket01/ubna_data_01/recover-20220811/UBNA_007/20220809_003000.WAV
Median LF frequency in File: nan
Median HF frequency in File: 20160.0
There are now 483222 rows in call catalogue
Looking at bio230143-bucket01/ubna_data_01/recover-20220811/UBNA_007/20220809_010000.WAV
Median LF frequency in File: nan
Median HF frequency in File: 21120.0
There are now 483228 rows in call catalogue
Looking at bio230143-bucket01/ubna_data_01/recover-20220811/UBNA_007/20220809_013000.WAV
Median LF frequency in File: nan
Median HF frequency in File: 21120.0
There are now 483230 rows in call catalogue
Looking at bio230143-bucket01/ubna_data_01/recover-20220811/UBNA_007/20220809_023000.WAV
Median LF frequency in File: nan
Median HF frequency in File: 16800.0
There are now 483232 rows in call catalogue
Looking at bio230143-bucket01/ubna_data_01/recover-20220811/UBNA_007/20220809_040000.WAV
Median LF frequency in File: 48000.0
Median HF frequency in File: 24000.0
There are now 483345 rows in call catalogue
Looking at bio230143-bucket01/ubna_data_01/recover-20220811/UBNA_007/20220809_043000.WAV
Median LF frequency in File: 44640.0
Median HF frequency in File: 24960.0
There are now 483714 rows in call catalogue
Looking at bio230143-bucket01/ubna_data_01/recover-20220811/UBNA_007/20220809_050000.WAV
Median LF frequency in File: 43200.0
Median HF frequency in File: 25920.0
There are now 484419 rows in call catalogue
Looking at bio230143-bucket01/ubna_data_01/recover-20220811/UBNA_007/20220809_053000.WAV
Median LF frequency in File: 43200.0
Median HF frequency in File: 25440.0
There are now 484653 rows in call catalogue
Looking at bio230143-bucket01/ubna_data_01/recover-20220811/UBNA_007/20220809_060000.WAV
Median LF frequency in File: 43200.0
Median HF frequency in File: 26400.0
There are now 484764 rows in call catalogue
Looking at bio230143-bucket01/ubna_data_01/recover-20220811/UBNA_007/20220809_063000.WAV
Median LF frequency in File: 43200.0
Median HF frequency in File: 24960.0
There are now 484872 rows in call catalogue
Looking at bio230143-bucket01/ubna_data_01/recover-20220811/UBNA_007/20220809_070000.WAV
Median LF frequency in File: 43200.0
Median HF frequency in File: 25920.0
There are now 485065 rows in call catalogue
Looking at bio230143-bucket01/ubna_data_01/recover-20220811/UBNA_007/20220809_073000.WAV
Median LF frequency in File: 44160.0
Median HF frequency in File: 24000.0
There are now 485103 rows in call catalogue
Looking at bio230143-bucket01/ubna_data_01/recover-20220811/UBNA_007/20220809_080000.WAV
Median LF frequency in File: nan
Median HF frequency in File: 24960.0
There are now 485152 rows in call catalogue
Looking at bio230143-bucket01/ubna_data_01/recover-20220811/UBNA_007/20220809_083000.WAV
Median LF frequency in File: 42240.0
Median HF frequency in File: 25920.0
There are now 485864 rows in call catalogue
Looking at bio230143-bucket01/ubna_data_01/recover-20220811/UBNA_007/20220809_090000.WAV
Median LF frequency in File: 44160.0
Median HF frequency in File: 24960.0
There are now 486429 rows in call catalogue
Looking at bio230143-bucket01/ubna_data_01/recover-20220811/UBNA_007/20220809_093000.WAV
Median LF frequency in File: 43200.0
Median HF frequency in File: 23040.0
There are now 486553 rows in call catalogue
Looking at bio230143-bucket01/ubna_data_01/recover-20220811/UBNA_007/20220809_100000.WAV
Median LF frequency in File: 44160.0
Median HF frequency in File: 25920.0
There are now 486691 rows in call catalogue
Looking at bio230143-bucket01/ubna_data_01/recover-20220811/UBNA_007/20220809_103000.WAV
Median LF frequency in File: nan
Median HF frequency in File: 24960.0
There are now 486804 rows in call catalogue
Looking at bio230143-bucket01/ubna_data_01/recover-20220811/UBNA_007/20220809_110000.WAV
Median LF frequency in File: 45120.0
Median HF frequency in File: 25920.0
There are now 487002 rows in call catalogue
Looking at bio230143-bucket01/ubna_data_01/recover-20220811/UBNA_007/20220809_113000.WAV
Median LF frequency in File: 46080.0
Median HF frequency in File: 24960.0
There are now 487258 rows in call catalogue
Looking at bio230143-bucket01/ubna_data_01/recover-20220811/UBNA_007/20220809_120000.WAV
Median LF frequency in File: nan
Median HF frequency in File: 25920.0
There are now 487310 rows in call catalogue
Looking at bio230143-bucket01/ubna_data_01/recover-20220811/UBNA_007/20220809_123000.WAV
Median LF frequency in File: nan
Median HF frequency in File: 19200.0
There are now 487317 rows in call catalogue
Looking at bio230143-bucket01/ubna_data_01/recover-20220811/UBNA_007/20220809_130000.WAV
Median LF frequency in File: nan
Median HF frequency in File: 17280.0
There are now 487327 rows in call catalogue
Looking at bio230143-bucket01/ubna_data_01/recover-20220811/UBNA_007/20220809_140000.WAV
Median LF frequency in File: nan
Median HF frequency in File: 19200.0
There are now 487328 rows in call catalogue
Looking at bio230143-bucket01/ubna_data_01/recover-20220811/UBNA_007/20220809_143000.WAV
Median LF frequency in File: nan
Median HF frequency in File: 17280.0
There are now 487329 rows in call catalogue
Looking at bio230143-bucket01/ubna_data_01/recover-20220811/UBNA_007/20220809_150000.WAV
Median LF frequency in File: 41280.0
Median HF frequency in File: 17280.0
There are now 487336 rows in call catalogue
Looking at bio230143-bucket01/ubna_data_01/recover-20220811/UBNA_007/20220809_153000.WAV
Median LF frequency in File: nan
Median HF frequency in File: 16800.0
There are now 487338 rows in call catalogue
Looking at bio230143-bucket01/ubna_data_01/recover-20220811/UBNA_007/20220810_000000.WAV
Median LF frequency in File: nan
Median HF frequency in File: 23040.0
There are now 487340 rows in call catalogue
Looking at bio230143-bucket01/ubna_data_01/recover-20220811/UBNA_007/20220810_010000.WAV
Median LF frequency in File: nan
Median HF frequency in File: 18240.0
There are now 487341 rows in call catalogue
Looking at bio230143-bucket01/ubna_data_01/recover-20220811/UBNA_007/20220810_013000.WAV
Median LF frequency in File: nan
Median HF frequency in File: 20160.0
There are now 487344 rows in call catalogue
Looking at bio230143-bucket01/ubna_data_01/recover-20220811/UBNA_007/20220810_020000.WAV
Median LF frequency in File: nan
Median HF frequency in File: 21120.0
There are now 487347 rows in call catalogue
Looking at bio230143-bucket01/ubna_data_01/recover-20220811/UBNA_007/20220810_023000.WAV
Median LF frequency in File: nan
Median HF frequency in File: 17280.0
There are now 487352 rows in call catalogue
Looking at bio230143-bucket01/ubna_data_01/recover-20220811/UBNA_007/20220810_030000.WAV
Median LF frequency in File: nan
Median HF frequency in File: 19680.0
There are now 487354 rows in call catalogue
Looking at bio230143-bucket01/ubna_data_01/recover-20220811/UBNA_007/20220810_033000.WAV
Median LF frequency in File: nan
Median HF frequency in File: 21120.0
There are now 487355 rows in call catalogue
Looking at bio230143-bucket01/ubna_data_01/recover-20220811/UBNA_007/20220810_040000.WAV
Median LF frequency in File: 45120.0
Median HF frequency in File: 24960.0
There are now 487572 rows in call catalogue
Looking at bio230143-bucket01/ubna_data_01/recover-20220811/UBNA_007/20220810_043000.WAV
Median LF frequency in File: 43200.0
Median HF frequency in File: 25920.0
There are now 488202 rows in call catalogue
Looking at bio230143-bucket01/ubna_data_01/recover-20220811/UBNA_007/20220810_050000.WAV
Median LF frequency in File: 44160.0
Median HF frequency in File: 25920.0
There are now 489888 rows in call catalogue
Looking at bio230143-bucket01/ubna_data_01/recover-20220811/UBNA_007/20220810_053000.WAV
Median LF frequency in File: 43200.0
Median HF frequency in File: 25920.0
There are now 491874 rows in call catalogue
Looking at bio230143-bucket01/ubna_data_01/recover-20220811/UBNA_007/20220810_060000.WAV
Median LF frequency in File: 43200.0
Median HF frequency in File: 26880.000000000004
There are now 493390 rows in call catalogue
Looking at bio230143-bucket01/ubna_data_01/recover-20220811/UBNA_007/20220810_063000.WAV
Median LF frequency in File: 43200.0
Median HF frequency in File: 24960.0
There are now 493820 rows in call catalogue
Looking at bio230143-bucket01/ubna_data_01/recover-20220811/UBNA_007/20220810_070000.WAV
Median LF frequency in File: 42240.0
Median HF frequency in File: 24000.0
There are now 494101 rows in call catalogue
Looking at bio230143-bucket01/ubna_data_01/recover-20220811/UBNA_007/20220810_073000.WAV
Median LF frequency in File: 42720.0
Median HF frequency in File: 25920.0
There are now 494227 rows in call catalogue
Looking at bio230143-bucket01/ubna_data_01/recover-20220811/UBNA_007/20220810_080000.WAV
Median LF frequency in File: 42720.0
Median HF frequency in File: 24000.0
There are now 494273 rows in call catalogue
Looking at bio230143-bucket01/ubna_data_01/recover-20220811/UBNA_007/20220810_083000.WAV
Median LF frequency in File: 43200.0
Median HF frequency in File: 18240.0
There are now 494313 rows in call catalogue
Looking at bio230143-bucket01/ubna_data_01/recover-20220811/UBNA_007/20220810_090000.WAV
Median LF frequency in File: 44160.0
Median HF frequency in File: 23040.0
There are now 494383 rows in call catalogue
Looking at bio230143-bucket01/ubna_data_01/recover-20220811/UBNA_007/20220810_093000.WAV
Median LF frequency in File: nan
Median HF frequency in File: 23040.0
There are now 494424 rows in call catalogue
Looking at bio230143-bucket01/ubna_data_01/recover-20220811/UBNA_007/20220810_100000.WAV
Median LF frequency in File: nan
Median HF frequency in File: 18720.0
There are now 494436 rows in call catalogue
Looking at bio230143-bucket01/ubna_data_01/recover-20220811/UBNA_007/20220810_103000.WAV
Median LF frequency in File: 39360.0
Median HF frequency in File: 18240.0
There are now 494446 rows in call catalogue
Looking at bio230143-bucket01/ubna_data_01/recover-20220811/UBNA_007/20220810_113000.WAV
Median LF frequency in File: nan
Median HF frequency in File: 14400.0
There are now 494447 rows in call catalogue
Looking at bio230143-bucket01/ubna_data_01/recover-20220811/UBNA_007/20220810_120000.WAV
Median LF frequency in File: 43200.0
Median HF frequency in File: 25920.0
There are now 494531 rows in call catalogue
Looking at bio230143-bucket01/ubna_data_01/recover-20220811/UBNA_007/20220810_123000.WAV
Median LF frequency in File: nan
Median HF frequency in File: 20160.0
There are now 494532 rows in call catalogue
Looking at bio230143-bucket01/ubna_data_01/recover-20220811/UBNA_007/20220810_130000.WAV
Median LF frequency in File: nan
Median HF frequency in File: 21120.0
There are now 494533 rows in call catalogue
Looking at bio230143-bucket01/ubna_data_01/recover-20220811/UBNA_007/20220810_133000.WAV
Median LF frequency in File: nan
Median HF frequency in File: 16320.000000000002
There are now 494535 rows in call catalogue
Looking at bio230143-bucket01/ubna_data_01/recover-20220811/UBNA_007/20220810_143000.WAV
Median LF frequency in File: nan
Median HF frequency in File: 17280.0
There are now 494548 rows in call catalogue
Looking at bio230143-bucket01/ubna_data_01/recover-20220811/UBNA_007/20220810_150000.WAV
Median LF frequency in File: 43200.0
Median HF frequency in File: 20160.0
There are now 494613 rows in call catalogue
Looking at bio230143-bucket01/ubna_data_01/recover-20220811/UBNA_007/20220810_153000.WAV
Median LF frequency in File: nan
Median HF frequency in File: 16320.000000000002
There are now 494633 rows in call catalogue
Looking at bio230143-bucket01/ubna_data_01/recover-20220811/UBNA_007/20220811_003000.WAV
Median LF frequency in File: nan
Median HF frequency in File: 17280.0
There are now 494636 rows in call catalogue
Looking at bio230143-bucket01/ubna_data_01/recover-20220811/UBNA_007/20220811_010000.WAV
Median LF frequency in File: nan
Median HF frequency in File: 22080.0
There are now 494637 rows in call catalogue
Looking at bio230143-bucket01/ubna_data_01/recover-20220811/UBNA_007/20220811_013000.WAV
Median LF frequency in File: nan
Median HF frequency in File: 18240.0
There are now 494638 rows in call catalogue
Looking at bio230143-bucket01/ubna_data_01/recover-20220811/UBNA_007/20220811_020000.WAV
Median LF frequency in File: 46080.0
Median HF frequency in File: 20160.0
There are now 494640 rows in call catalogue
Looking at bio230143-bucket01/ubna_data_01/recover-20220811/UBNA_007/20220811_030000.WAV
Median LF frequency in File: nan
Median HF frequency in File: 19200.0
There are now 494642 rows in call catalogue
Looking at bio230143-bucket01/ubna_data_01/recover-20220811/UBNA_007/20220811_033000.WAV
Median LF frequency in File: nan
Median HF frequency in File: 23040.0
There are now 494689 rows in call catalogue
Looking at bio230143-bucket01/ubna_data_01/recover-20220811/UBNA_007/20220811_040000.WAV
Median LF frequency in File: 45120.0
Median HF frequency in File: 25920.0
There are now 495902 rows in call catalogue
Looking at bio230143-bucket01/ubna_data_01/recover-20220811/UBNA_007/20220811_043000.WAV
Median LF frequency in File: 45120.0
Median HF frequency in File: 25920.0
There are now 498893 rows in call catalogue
Looking at bio230143-bucket01/ubna_data_01/recover-20220811/UBNA_007/20220811_050000.WAV
Median LF frequency in File: 46080.0
Median HF frequency in File: 26880.000000000004
There are now 500902 rows in call catalogue
Looking at bio230143-bucket01/ubna_data_01/recover-20220811/UBNA_007/20220811_053000.WAV
Median LF frequency in File: 39360.0
Median HF frequency in File: 26880.000000000004
There are now 502832 rows in call catalogue
Looking at bio230143-bucket01/ubna_data_01/recover-20220811/UBNA_007/20220811_060000.WAV
Median LF frequency in File: 44160.0
Median HF frequency in File: 25920.0
There are now 504055 rows in call catalogue
Looking at bio230143-bucket01/ubna_data_01/recover-20220811/UBNA_007/20220811_063000.WAV
Median LF frequency in File: nan
Median HF frequency in File: 25920.0
There are now 504972 rows in call catalogue
Looking at bio230143-bucket01/ubna_data_01/recover-20220811/UBNA_007/20220811_070000.WAV
Median LF frequency in File: 44160.0
Median HF frequency in File: 24960.0
There are now 505276 rows in call catalogue
Looking at bio230143-bucket01/ubna_data_01/recover-20220811/UBNA_007/20220811_073000.WAV
Median LF frequency in File: 43200.0
Median HF frequency in File: 25920.0
There are now 505722 rows in call catalogue
Looking at bio230143-bucket01/ubna_data_01/recover-20220811/UBNA_007/20220811_080000.WAV
Median LF frequency in File: 43200.0
Median HF frequency in File: 24960.0
There are now 506420 rows in call catalogue
Looking at bio230143-bucket01/ubna_data_01/recover-20220811/UBNA_007/20220811_083000.WAV
Median LF frequency in File: 43200.0
Median HF frequency in File: 25920.0
There are now 506788 rows in call catalogue
Looking at bio230143-bucket01/ubna_data_01/recover-20220811/UBNA_007/20220811_090000.WAV
Median LF frequency in File: 46080.0
Median HF frequency in File: 24960.0
There are now 507136 rows in call catalogue
Looking at bio230143-bucket01/ubna_data_01/recover-20220811/UBNA_007/20220811_093000.WAV
Median LF frequency in File: 47040.0
Median HF frequency in File: 25440.0
There are now 507331 rows in call catalogue
Looking at bio230143-bucket01/ubna_data_01/recover-20220811/UBNA_007/20220811_100000.WAV
Median LF frequency in File: 42240.0
Median HF frequency in File: 25920.0
There are now 507393 rows in call catalogue
Looking at bio230143-bucket01/ubna_data_01/recover-20220811/UBNA_007/20220811_103000.WAV
Median LF frequency in File: 41760.0
Median HF frequency in File: 25920.0
There are now 507533 rows in call catalogue
Looking at bio230143-bucket01/ubna_data_01/recover-20220811/UBNA_007/20220811_110000.WAV
Median LF frequency in File: nan
Median HF frequency in File: 19200.0
There are now 507557 rows in call catalogue
Looking at bio230143-bucket01/ubna_data_01/recover-20220811/UBNA_007/20220811_113000.WAV
Median LF frequency in File: nan
Median HF frequency in File: 24000.0
There are now 507674 rows in call catalogue
Looking at bio230143-bucket01/ubna_data_01/recover-20220811/UBNA_007/20220811_120000.WAV
Median LF frequency in File: nan
Median HF frequency in File: 24000.0
There are now 507774 rows in call catalogue
Looking at bio230143-bucket01/ubna_data_01/recover-20220811/UBNA_007/20220811_123000.WAV
Median LF frequency in File: nan
Median HF frequency in File: 17280.0
There are now 507785 rows in call catalogue
Looking at bio230143-bucket01/ubna_data_01/recover-20220811/UBNA_007/20220811_130000.WAV
Median LF frequency in File: nan
Median HF frequency in File: 15360.0
There are now 507786 rows in call catalogue
Looking at bio230143-bucket01/ubna_data_01/recover-20220811/UBNA_007/20220811_140000.WAV
Median LF frequency in File: 47040.0
Median HF frequency in File: nan
There are now 507787 rows in call catalogue
Looking at bio230143-bucket01/ubna_data_01/recover-20220811/UBNA_007/20220811_150000.WAV
Median LF frequency in File: nan
Median HF frequency in File: 16320.000000000002
There are now 507809 rows in call catalogue
Looking at bio230143-bucket01/ubna_data_01/recover-20220811/UBNA_007/20220811_153000.WAV
Median LF frequency in File: nan
Median HF frequency in File: 18240.0
There are now 507820 rows in call catalogue
Looking at bio230143-bucket01/ubna_data_01/recover-20220815/UBNA_005/20220812_000000.WAV
Median LF frequency in File: 66240.0
Median HF frequency in File: 22080.0
There are now 507892 rows in call catalogue
Looking at bio230143-bucket01/ubna_data_01/recover-20220815/UBNA_005/20220812_013000.WAV
Median LF frequency in File: nan
Median HF frequency in File: 21120.0
There are now 507901 rows in call catalogue
Looking at bio230143-bucket01/ubna_data_01/recover-20220815/UBNA_005/20220812_020000.WAV
Median LF frequency in File: 43200.0
Median HF frequency in File: 19680.0
There are now 507915 rows in call catalogue
Looking at bio230143-bucket01/ubna_data_01/recover-20220815/UBNA_005/20220812_023000.WAV
Median LF frequency in File: nan
Median HF frequency in File: 21120.0
There are now 507922 rows in call catalogue
Looking at bio230143-bucket01/ubna_data_01/recover-20220815/UBNA_005/20220812_030000.WAV
Median LF frequency in File: 46080.0
Median HF frequency in File: 19200.0
There are now 507934 rows in call catalogue
Looking at bio230143-bucket01/ubna_data_01/recover-20220815/UBNA_005/20220812_040000.WAV
Median LF frequency in File: 45120.0
Median HF frequency in File: 24960.0
There are now 508081 rows in call catalogue
Looking at bio230143-bucket01/ubna_data_01/recover-20220815/UBNA_005/20220812_043000.WAV
Median LF frequency in File: 42240.0
Median HF frequency in File: 25920.0
There are now 509264 rows in call catalogue
Looking at bio230143-bucket01/ubna_data_01/recover-20220815/UBNA_005/20220812_050000.WAV
Median LF frequency in File: 42240.0
Median HF frequency in File: 25920.0
There are now 510733 rows in call catalogue
Looking at bio230143-bucket01/ubna_data_01/recover-20220815/UBNA_005/20220812_053000.WAV
Median LF frequency in File: nan
Median HF frequency in File: 24000.0
There are now 511581 rows in call catalogue
Looking at bio230143-bucket01/ubna_data_01/recover-20220815/UBNA_005/20220812_060000.WAV
Median LF frequency in File: 42240.0
Median HF frequency in File: 25920.0
There are now 512123 rows in call catalogue
Looking at bio230143-bucket01/ubna_data_01/recover-20220815/UBNA_005/20220812_063000.WAV
Median LF frequency in File: 45120.0
Median HF frequency in File: 25920.0
There are now 512246 rows in call catalogue
Looking at bio230143-bucket01/ubna_data_01/recover-20220815/UBNA_005/20220812_070000.WAV
Median LF frequency in File: 43200.0
Median HF frequency in File: 25920.0
There are now 513268 rows in call catalogue
Looking at bio230143-bucket01/ubna_data_01/recover-20220815/UBNA_005/20220812_073000.WAV
Median LF frequency in File: 42720.0
Median HF frequency in File: 24960.0
There are now 513471 rows in call catalogue
Looking at bio230143-bucket01/ubna_data_01/recover-20220815/UBNA_005/20220812_080000.WAV
Median LF frequency in File: 43200.0
Median HF frequency in File: 25920.0
There are now 513733 rows in call catalogue
Looking at bio230143-bucket01/ubna_data_01/recover-20220815/UBNA_005/20220812_083000.WAV
Median LF frequency in File: 43200.0
Median HF frequency in File: 24960.0
There are now 513883 rows in call catalogue
Looking at bio230143-bucket01/ubna_data_01/recover-20220815/UBNA_005/20220812_090000.WAV
Median LF frequency in File: 43200.0
Median HF frequency in File: 25920.0
There are now 514303 rows in call catalogue
Looking at bio230143-bucket01/ubna_data_01/recover-20220815/UBNA_005/20220812_093000.WAV
Median LF frequency in File: 43200.0
Median HF frequency in File: 25920.0
There are now 514385 rows in call catalogue
Looking at bio230143-bucket01/ubna_data_01/recover-20220815/UBNA_005/20220812_100000.WAV
Median LF frequency in File: 44160.0
Median HF frequency in File: 25920.0
There are now 514442 rows in call catalogue
Looking at bio230143-bucket01/ubna_data_01/recover-20220815/UBNA_005/20220812_103000.WAV
Median LF frequency in File: 43680.0
Median HF frequency in File: 25920.0
There are now 514634 rows in call catalogue
Looking at bio230143-bucket01/ubna_data_01/recover-20220815/UBNA_005/20220812_110000.WAV
Median LF frequency in File: nan
Median HF frequency in File: 24960.0
There are now 514661 rows in call catalogue
Looking at bio230143-bucket01/ubna_data_01/recover-20220815/UBNA_005/20220812_113000.WAV
Median LF frequency in File: 41280.0
Median HF frequency in File: 25920.0
There are now 514750 rows in call catalogue
Looking at bio230143-bucket01/ubna_data_01/recover-20220815/UBNA_005/20220812_120000.WAV
Median LF frequency in File: nan
Median HF frequency in File: 25920.0
There are now 514775 rows in call catalogue
Looking at bio230143-bucket01/ubna_data_01/recover-20220815/UBNA_005/20220812_133000.WAV
Median LF frequency in File: nan
Median HF frequency in File: 17280.0
There are now 514781 rows in call catalogue
Looking at bio230143-bucket01/ubna_data_01/recover-20220815/UBNA_005/20220812_140000.WAV
Median LF frequency in File: nan
Median HF frequency in File: 15840.0
There are now 514783 rows in call catalogue
Looking at bio230143-bucket01/ubna_data_01/recover-20220815/UBNA_005/20220812_143000.WAV
Median LF frequency in File: nan
Median HF frequency in File: 22080.0
There are now 514784 rows in call catalogue
Looking at bio230143-bucket01/ubna_data_01/recover-20220815/UBNA_005/20220812_150000.WAV
Median LF frequency in File: nan
Median HF frequency in File: 16320.000000000002
There are now 514797 rows in call catalogue
Looking at bio230143-bucket01/ubna_data_01/recover-20220815/UBNA_005/20220812_153000.WAV
Median LF frequency in File: nan
Median HF frequency in File: 16320.000000000002
There are now 514798 rows in call catalogue
Looking at bio230143-bucket01/ubna_data_01/recover-20220815/UBNA_005/20220813_000000.WAV
Median LF frequency in File: nan
Median HF frequency in File: 22560.0
There are now 514802 rows in call catalogue
Looking at bio230143-bucket01/ubna_data_01/recover-20220815/UBNA_005/20220813_010000.WAV
Median LF frequency in File: nan
Median HF frequency in File: 20160.0
There are now 514803 rows in call catalogue
Looking at bio230143-bucket01/ubna_data_01/recover-20220815/UBNA_005/20220813_013000.WAV
Median LF frequency in File: nan
Median HF frequency in File: 21120.0
There are now 514804 rows in call catalogue
Looking at bio230143-bucket01/ubna_data_01/recover-20220815/UBNA_005/20220813_020000.WAV
Median LF frequency in File: nan
Median HF frequency in File: 18720.0
There are now 514808 rows in call catalogue
Looking at bio230143-bucket01/ubna_data_01/recover-20220815/UBNA_005/20220813_030000.WAV
Median LF frequency in File: nan
Median HF frequency in File: 19200.0
There are now 514809 rows in call catalogue
Looking at bio230143-bucket01/ubna_data_01/recover-20220815/UBNA_005/20220813_033000.WAV
Median LF frequency in File: nan
Median HF frequency in File: 21120.0
There are now 514810 rows in call catalogue
Looking at bio230143-bucket01/ubna_data_01/recover-20220815/UBNA_005/20220813_040000.WAV
Median LF frequency in File: 51840.0
Median HF frequency in File: 24960.0
There are now 514892 rows in call catalogue
Looking at bio230143-bucket01/ubna_data_01/recover-20220815/UBNA_005/20220813_043000.WAV
Median LF frequency in File: 48960.0
Median HF frequency in File: 25920.0
There are now 515661 rows in call catalogue
Looking at bio230143-bucket01/ubna_data_01/recover-20220815/UBNA_005/20220813_050000.WAV
Median LF frequency in File: 52800.00000000001
Median HF frequency in File: 25920.0
There are now 516133 rows in call catalogue
Looking at bio230143-bucket01/ubna_data_01/recover-20220815/UBNA_005/20220813_053000.WAV
Median LF frequency in File: 43200.0
Median HF frequency in File: 26880.000000000004
There are now 516540 rows in call catalogue
Looking at bio230143-bucket01/ubna_data_01/recover-20220815/UBNA_005/20220813_060000.WAV
Median LF frequency in File: 42240.0
Median HF frequency in File: 25920.0
There are now 517055 rows in call catalogue
Looking at bio230143-bucket01/ubna_data_01/recover-20220815/UBNA_005/20220813_063000.WAV
Median LF frequency in File: 42720.0
Median HF frequency in File: 25920.0
There are now 517601 rows in call catalogue
Looking at bio230143-bucket01/ubna_data_01/recover-20220815/UBNA_005/20220813_070000.WAV
Median LF frequency in File: 45120.0
Median HF frequency in File: 25920.0
There are now 517836 rows in call catalogue
Looking at bio230143-bucket01/ubna_data_01/recover-20220815/UBNA_005/20220813_073000.WAV
Median LF frequency in File: 42240.0
Median HF frequency in File: 25920.0
There are now 518052 rows in call catalogue
Looking at bio230143-bucket01/ubna_data_01/recover-20220815/UBNA_005/20220813_080000.WAV
Median LF frequency in File: 43680.0
Median HF frequency in File: 24480.0
There are now 518096 rows in call catalogue
Looking at bio230143-bucket01/ubna_data_01/recover-20220815/UBNA_005/20220813_083000.WAV
Median LF frequency in File: 43200.0
Median HF frequency in File: 25920.0
There are now 518150 rows in call catalogue
Looking at bio230143-bucket01/ubna_data_01/recover-20220815/UBNA_005/20220813_090000.WAV
Median LF frequency in File: nan
Median HF frequency in File: 24960.0
There are now 518159 rows in call catalogue
Looking at bio230143-bucket01/ubna_data_01/recover-20220815/UBNA_005/20220813_093000.WAV
Median LF frequency in File: 43200.0
Median HF frequency in File: 20160.0
There are now 518290 rows in call catalogue
Looking at bio230143-bucket01/ubna_data_01/recover-20220815/UBNA_005/20220813_100000.WAV
Median LF frequency in File: 45120.0
Median HF frequency in File: 24000.0
There are now 518492 rows in call catalogue
Looking at bio230143-bucket01/ubna_data_01/recover-20220815/UBNA_005/20220813_103000.WAV
Median LF frequency in File: 43200.0
Median HF frequency in File: 26880.000000000004
There are now 518625 rows in call catalogue
Looking at bio230143-bucket01/ubna_data_01/recover-20220815/UBNA_005/20220813_110000.WAV
Median LF frequency in File: 52800.00000000001
Median HF frequency in File: nan
There are now 518630 rows in call catalogue
Looking at bio230143-bucket01/ubna_data_01/recover-20220815/UBNA_005/20220813_113000.WAV
Median LF frequency in File: 43200.0
Median HF frequency in File: 39360.0
There are now 518779 rows in call catalogue
Looking at bio230143-bucket01/ubna_data_01/recover-20220815/UBNA_005/20220813_120000.WAV
Median LF frequency in File: 43200.0
Median HF frequency in File: 24000.0
There are now 518875 rows in call catalogue
Looking at bio230143-bucket01/ubna_data_01/recover-20220815/UBNA_005/20220813_123000.WAV
Median LF frequency in File: nan
Median HF frequency in File: 21120.0
There are now 518876 rows in call catalogue
Looking at bio230143-bucket01/ubna_data_01/recover-20220815/UBNA_005/20220813_133000.WAV
Median LF frequency in File: nan
Median HF frequency in File: 16320.000000000002
There are now 518879 rows in call catalogue
Looking at bio230143-bucket01/ubna_data_01/recover-20220815/UBNA_005/20220813_143000.WAV
Median LF frequency in File: nan
Median HF frequency in File: 23040.0
There are now 518880 rows in call catalogue
Looking at bio230143-bucket01/ubna_data_01/recover-20220815/UBNA_005/20220813_153000.WAV
Median LF frequency in File: nan
Median HF frequency in File: 21120.0
There are now 518881 rows in call catalogue
Looking at bio230143-bucket01/ubna_data_01/recover-20220815/UBNA_005/20220814_000000.WAV
Median LF frequency in File: 39360.0
Median HF frequency in File: 23040.0
There are now 518888 rows in call catalogue
Looking at bio230143-bucket01/ubna_data_01/recover-20220815/UBNA_005/20220814_003000.WAV
Median LF frequency in File: nan
Median HF frequency in File: 16320.000000000002
There are now 518891 rows in call catalogue
Looking at bio230143-bucket01/ubna_data_01/recover-20220815/UBNA_005/20220814_023000.WAV
Median LF frequency in File: 44160.0
Median HF frequency in File: 22080.0
There are now 518911 rows in call catalogue
Looking at bio230143-bucket01/ubna_data_01/recover-20220815/UBNA_005/20220814_040000.WAV
Median LF frequency in File: 46080.0
Median HF frequency in File: 24960.0
There are now 519109 rows in call catalogue
Looking at bio230143-bucket01/ubna_data_01/recover-20220815/UBNA_005/20220814_043000.WAV
Median LF frequency in File: 45120.0
Median HF frequency in File: 25920.0
There are now 519321 rows in call catalogue
Looking at bio230143-bucket01/ubna_data_01/recover-20220815/UBNA_005/20220814_050000.WAV
Median LF frequency in File: 43200.0
Median HF frequency in File: 24960.0
There are now 519941 rows in call catalogue
Looking at bio230143-bucket01/ubna_data_01/recover-20220815/UBNA_005/20220814_053000.WAV
Median LF frequency in File: 42240.0
Median HF frequency in File: 25920.0
There are now 520380 rows in call catalogue
Looking at bio230143-bucket01/ubna_data_01/recover-20220815/UBNA_005/20220814_060000.WAV
Median LF frequency in File: 42240.0
Median HF frequency in File: 24000.0
There are now 521106 rows in call catalogue
Looking at bio230143-bucket01/ubna_data_01/recover-20220815/UBNA_005/20220814_063000.WAV
Median LF frequency in File: 46080.0
Median HF frequency in File: 25920.0
There are now 521418 rows in call catalogue
Looking at bio230143-bucket01/ubna_data_01/recover-20220815/UBNA_005/20220814_070000.WAV
Median LF frequency in File: nan
Median HF frequency in File: 25920.0
There are now 521578 rows in call catalogue
Looking at bio230143-bucket01/ubna_data_01/recover-20220815/UBNA_005/20220814_073000.WAV
Median LF frequency in File: 43200.0
Median HF frequency in File: 25920.0
There are now 521659 rows in call catalogue
Looking at bio230143-bucket01/ubna_data_01/recover-20220815/UBNA_005/20220814_080000.WAV
Median LF frequency in File: nan
Median HF frequency in File: 24000.0
There are now 521697 rows in call catalogue
Looking at bio230143-bucket01/ubna_data_01/recover-20220815/UBNA_005/20220814_083000.WAV
Median LF frequency in File: 41280.0
Median HF frequency in File: 24000.0
There are now 521746 rows in call catalogue
Looking at bio230143-bucket01/ubna_data_01/recover-20220815/UBNA_005/20220814_090000.WAV
Median LF frequency in File: nan
Median HF frequency in File: 24000.0
There are now 521747 rows in call catalogue
Looking at bio230143-bucket01/ubna_data_01/recover-20220815/UBNA_005/20220814_093000.WAV
Median LF frequency in File: 44640.0
Median HF frequency in File: 28800.0
There are now 521758 rows in call catalogue
Looking at bio230143-bucket01/ubna_data_01/recover-20220815/UBNA_005/20220814_100000.WAV
Median LF frequency in File: 43200.0
Median HF frequency in File: 25920.0
There are now 521846 rows in call catalogue
Looking at bio230143-bucket01/ubna_data_01/recover-20220815/UBNA_005/20220814_110000.WAV
Median LF frequency in File: 46080.0
Median HF frequency in File: 19200.0
There are now 521884 rows in call catalogue
Looking at bio230143-bucket01/ubna_data_01/recover-20220815/UBNA_005/20220814_113000.WAV
Median LF frequency in File: 43200.0
Median HF frequency in File: 39840.0
There are now 521940 rows in call catalogue
Looking at bio230143-bucket01/ubna_data_01/recover-20220815/UBNA_005/20220814_120000.WAV
Median LF frequency in File: 52800.00000000001
Median HF frequency in File: nan
There are now 521948 rows in call catalogue
Looking at bio230143-bucket01/ubna_data_01/recover-20220815/UBNA_005/20220814_123000.WAV
Median LF frequency in File: nan
Median HF frequency in File: 19680.0
There are now 521950 rows in call catalogue
Looking at bio230143-bucket01/ubna_data_01/recover-20220815/UBNA_005/20220814_130000.WAV
Median LF frequency in File: nan
Median HF frequency in File: 21120.0
There are now 521953 rows in call catalogue
Looking at bio230143-bucket01/ubna_data_01/recover-20220815/UBNA_005/20220814_133000.WAV
Median LF frequency in File: nan
Median HF frequency in File: 16320.000000000002
There are now 521957 rows in call catalogue
Looking at bio230143-bucket01/ubna_data_01/recover-20220815/UBNA_005/20220814_140000.WAV
Median LF frequency in File: nan
Median HF frequency in File: 20160.0
There are now 521982 rows in call catalogue
Looking at bio230143-bucket01/ubna_data_01/recover-20220815/UBNA_005/20220814_143000.WAV
Median LF frequency in File: nan
Median HF frequency in File: 19680.0
There are now 521984 rows in call catalogue
Looking at bio230143-bucket01/ubna_data_01/recover-20220815/UBNA_005/20220814_150000.WAV
Median LF frequency in File: nan
Median HF frequency in File: 22080.0
There are now 521985 rows in call catalogue
Looking at bio230143-bucket01/ubna_data_01/recover-20220815/UBNA_005/20220814_153000.WAV
Median LF frequency in File: nan
Median HF frequency in File: 16800.0
There are now 521993 rows in call catalogue
Looking at bio230143-bucket01/ubna_data_01/recover-20220815/UBNA_005/20220815_000000.WAV
Median LF frequency in File: 44160.0
Median HF frequency in File: 21600.0
There are now 522016 rows in call catalogue
Looking at bio230143-bucket01/ubna_data_01/recover-20220815/UBNA_005/20220815_003000.WAV
Median LF frequency in File: 44160.0
Median HF frequency in File: 21120.0
There are now 522048 rows in call catalogue
Looking at bio230143-bucket01/ubna_data_01/recover-20220815/UBNA_005/20220815_010000.WAV
Median LF frequency in File: 45120.0
Median HF frequency in File: 22080.0
There are now 522075 rows in call catalogue
Looking at bio230143-bucket01/ubna_data_01/recover-20220815/UBNA_005/20220815_013000.WAV
Median LF frequency in File: 42240.0
Median HF frequency in File: 22560.0
There are now 522090 rows in call catalogue
Looking at bio230143-bucket01/ubna_data_01/recover-20220815/UBNA_005/20220815_020000.WAV
Median LF frequency in File: nan
Median HF frequency in File: 32640.0
There are now 522092 rows in call catalogue
Looking at bio230143-bucket01/ubna_data_01/recover-20220815/UBNA_005/20220815_023000.WAV
Median LF frequency in File: nan
Median HF frequency in File: 19200.0
There are now 522097 rows in call catalogue
Looking at bio230143-bucket01/ubna_data_01/recover-20220815/UBNA_005/20220815_030000.WAV
Median LF frequency in File: nan
Median HF frequency in File: 21120.0
There are now 522100 rows in call catalogue
Looking at bio230143-bucket01/ubna_data_01/recover-20220815/UBNA_005/20220815_033000.WAV
Median LF frequency in File: nan
Median HF frequency in File: 21120.0
There are now 522101 rows in call catalogue
Looking at bio230143-bucket01/ubna_data_01/recover-20220815/UBNA_005/20220815_040000.WAV
Median LF frequency in File: 43200.0
Median HF frequency in File: 24960.0
There are now 522265 rows in call catalogue
Looking at bio230143-bucket01/ubna_data_01/recover-20220815/UBNA_005/20220815_043000.WAV
Median LF frequency in File: nan
Median HF frequency in File: 25920.0
There are now 522480 rows in call catalogue
Looking at bio230143-bucket01/ubna_data_01/recover-20220815/UBNA_005/20220815_050000.WAV
Median LF frequency in File: nan
Median HF frequency in File: 22080.0
There are now 522512 rows in call catalogue
Looking at bio230143-bucket01/ubna_data_01/recover-20220815/UBNA_005/20220815_053000.WAV
Median LF frequency in File: 46560.0
Median HF frequency in File: 24960.0
There are now 522714 rows in call catalogue
Looking at bio230143-bucket01/ubna_data_01/recover-20220815/UBNA_005/20220815_060000.WAV
Median LF frequency in File: 42240.0
Median HF frequency in File: 25920.0
There are now 523474 rows in call catalogue
Looking at bio230143-bucket01/ubna_data_01/recover-20220815/UBNA_005/20220815_063000.WAV
Median LF frequency in File: 43200.0
Median HF frequency in File: 25920.0
There are now 524045 rows in call catalogue
Looking at bio230143-bucket01/ubna_data_01/recover-20220815/UBNA_005/20220815_070000.WAV
Median LF frequency in File: 43200.0
Median HF frequency in File: 25920.0
There are now 524748 rows in call catalogue
Looking at bio230143-bucket01/ubna_data_01/recover-20220815/UBNA_005/20220815_073000.WAV
Median LF frequency in File: 43200.0
Median HF frequency in File: 26880.000000000004
There are now 524929 rows in call catalogue
Looking at bio230143-bucket01/ubna_data_01/recover-20220815/UBNA_005/20220815_080000.WAV
Median LF frequency in File: 43200.0
Median HF frequency in File: 26880.000000000004
There are now 525073 rows in call catalogue
Looking at bio230143-bucket01/ubna_data_01/recover-20220815/UBNA_005/20220815_083000.WAV
Median LF frequency in File: nan
Median HF frequency in File: 25920.0
There are now 525093 rows in call catalogue
Looking at bio230143-bucket01/ubna_data_01/recover-20220815/UBNA_005/20220815_090000.WAV
Median LF frequency in File: 44160.0
Median HF frequency in File: 25920.0
There are now 525105 rows in call catalogue
Looking at bio230143-bucket01/ubna_data_01/recover-20220815/UBNA_005/20220815_093000.WAV
Median LF frequency in File: nan
Median HF frequency in File: 24960.0
There are now 525110 rows in call catalogue
Looking at bio230143-bucket01/ubna_data_01/recover-20220815/UBNA_005/20220815_100000.WAV
Median LF frequency in File: nan
Median HF frequency in File: 24960.0
There are now 525199 rows in call catalogue
Looking at bio230143-bucket01/ubna_data_01/recover-20220815/UBNA_005/20220815_103000.WAV
Median LF frequency in File: nan
Median HF frequency in File: 24960.0
There are now 525244 rows in call catalogue
Looking at bio230143-bucket01/ubna_data_01/recover-20220815/UBNA_005/20220815_110000.WAV
Median LF frequency in File: 42720.0
Median HF frequency in File: 40320.0
There are now 525260 rows in call catalogue
Looking at bio230143-bucket01/ubna_data_01/recover-20220815/UBNA_005/20220815_123000.WAV
Median LF frequency in File: nan
Median HF frequency in File: 17760.0
There are now 525266 rows in call catalogue
Looking at bio230143-bucket01/ubna_data_01/recover-20220815/UBNA_005/20220815_130000.WAV
Median LF frequency in File: nan
Median HF frequency in File: 22080.0
There are now 525272 rows in call catalogue
Looking at bio230143-bucket01/ubna_data_01/recover-20220815/UBNA_005/20220815_150000.WAV
Median LF frequency in File: nan
Median HF frequency in File: 21120.0
There are now 525281 rows in call catalogue
Looking at bio230143-bucket01/ubna_data_01/recover-20220815/UBNA_005/20220815_153000.WAV
Median LF frequency in File: nan
Median HF frequency in File: 17280.0
There are now 525282 rows in call catalogue
Looking at bio230143-bucket01/ubna_data_01/recover-20220818/UBNA_002/20220816_000000.WAV
Median LF frequency in File: nan
Median HF frequency in File: 18720.0
There are now 525284 rows in call catalogue
Looking at bio230143-bucket01/ubna_data_01/recover-20220818/UBNA_002/20220816_033000.WAV
Median LF frequency in File: nan
Median HF frequency in File: 17280.0
There are now 525294 rows in call catalogue
Looking at bio230143-bucket01/ubna_data_01/recover-20220818/UBNA_002/20220816_040000.WAV
Median LF frequency in File: 42240.0
Median HF frequency in File: 24000.0
There are now 525383 rows in call catalogue
Looking at bio230143-bucket01/ubna_data_01/recover-20220818/UBNA_002/20220816_043000.WAV
Median LF frequency in File: 42240.0
Median HF frequency in File: 24960.0
There are now 526911 rows in call catalogue
Looking at bio230143-bucket01/ubna_data_01/recover-20220818/UBNA_002/20220816_050000.WAV
Median LF frequency in File: nan
Median HF frequency in File: 25920.0
There are now 527329 rows in call catalogue
Looking at bio230143-bucket01/ubna_data_01/recover-20220818/UBNA_002/20220816_053000.WAV
Median LF frequency in File: 41280.0
Median HF frequency in File: 25920.0
There are now 527475 rows in call catalogue
Looking at bio230143-bucket01/ubna_data_01/recover-20220818/UBNA_002/20220816_060000.WAV
Median LF frequency in File: nan
Median HF frequency in File: 25920.0
There are now 527671 rows in call catalogue
Looking at bio230143-bucket01/ubna_data_01/recover-20220818/UBNA_002/20220816_063000.WAV
Median LF frequency in File: 42240.0
Median HF frequency in File: 24960.0
There are now 527789 rows in call catalogue
Looking at bio230143-bucket01/ubna_data_01/recover-20220818/UBNA_002/20220816_070000.WAV
Median LF frequency in File: 42240.0
Median HF frequency in File: 24960.0
There are now 528177 rows in call catalogue
Looking at bio230143-bucket01/ubna_data_01/recover-20220818/UBNA_002/20220816_073000.WAV
Median LF frequency in File: nan
Median HF frequency in File: 24960.0
There are now 528445 rows in call catalogue
Looking at bio230143-bucket01/ubna_data_01/recover-20220818/UBNA_002/20220816_080000.WAV
Median LF frequency in File: 43680.0
Median HF frequency in File: 25920.0
There are now 528546 rows in call catalogue
Looking at bio230143-bucket01/ubna_data_01/recover-20220818/UBNA_002/20220816_083000.WAV
Median LF frequency in File: nan
Median HF frequency in File: 24960.0
There are now 528558 rows in call catalogue
Looking at bio230143-bucket01/ubna_data_01/recover-20220818/UBNA_002/20220816_090000.WAV
Median LF frequency in File: 39360.0
Median HF frequency in File: 25920.0
There are now 528629 rows in call catalogue
Looking at bio230143-bucket01/ubna_data_01/recover-20220818/UBNA_002/20220816_093000.WAV
Median LF frequency in File: nan
Median HF frequency in File: 24960.0
There are now 528636 rows in call catalogue
Looking at bio230143-bucket01/ubna_data_01/recover-20220818/UBNA_002/20220816_100000.WAV
Median LF frequency in File: 42240.0
Median HF frequency in File: 19680.0
There are now 528652 rows in call catalogue
Looking at bio230143-bucket01/ubna_data_01/recover-20220818/UBNA_002/20220816_103000.WAV
Median LF frequency in File: 40320.0
Median HF frequency in File: 24960.0
There are now 528672 rows in call catalogue
Looking at bio230143-bucket01/ubna_data_01/recover-20220818/UBNA_002/20220816_110000.WAV
Median LF frequency in File: nan
Median HF frequency in File: 24000.0
There are now 528681 rows in call catalogue
Looking at bio230143-bucket01/ubna_data_01/recover-20220818/UBNA_002/20220816_113000.WAV
Median LF frequency in File: nan
Median HF frequency in File: 16320.000000000002
There are now 528682 rows in call catalogue
Looking at bio230143-bucket01/ubna_data_01/recover-20220818/UBNA_002/20220816_120000.WAV
Median LF frequency in File: nan
Median HF frequency in File: 25920.0
There are now 529064 rows in call catalogue
Looking at bio230143-bucket01/ubna_data_01/recover-20220818/UBNA_002/20220816_123000.WAV
Median LF frequency in File: nan
Median HF frequency in File: 17280.0
There are now 529067 rows in call catalogue
Looking at bio230143-bucket01/ubna_data_01/recover-20220818/UBNA_002/20220816_133000.WAV
Median LF frequency in File: nan
Median HF frequency in File: 16320.000000000002
There are now 529068 rows in call catalogue
Looking at bio230143-bucket01/ubna_data_01/recover-20220818/UBNA_002/20220816_140000.WAV
Median LF frequency in File: nan
Median HF frequency in File: 16320.000000000002
There are now 529073 rows in call catalogue
Looking at bio230143-bucket01/ubna_data_01/recover-20220818/UBNA_002/20220816_143000.WAV
Median LF frequency in File: nan
Median HF frequency in File: 16320.000000000002
There are now 529084 rows in call catalogue
Looking at bio230143-bucket01/ubna_data_01/recover-20220818/UBNA_002/20220816_150000.WAV
Median LF frequency in File: nan
Median HF frequency in File: 15360.0
There are now 529085 rows in call catalogue
Looking at bio230143-bucket01/ubna_data_01/recover-20220818/UBNA_002/20220816_153000.WAV
Median LF frequency in File: nan
Median HF frequency in File: 16320.000000000002
There are now 529094 rows in call catalogue
Looking at bio230143-bucket01/ubna_data_01/recover-20220818/UBNA_002/20220817_000000.WAV
Median LF frequency in File: nan
Median HF frequency in File: 16320.000000000002
There are now 529120 rows in call catalogue
Looking at bio230143-bucket01/ubna_data_01/recover-20220818/UBNA_002/20220817_003000.WAV
Median LF frequency in File: nan
Median HF frequency in File: 16800.0
There are now 529134 rows in call catalogue
Looking at bio230143-bucket01/ubna_data_01/recover-20220818/UBNA_002/20220817_010000.WAV
Median LF frequency in File: nan
Median HF frequency in File: 19200.0
There are now 529140 rows in call catalogue
Looking at bio230143-bucket01/ubna_data_01/recover-20220818/UBNA_002/20220817_013000.WAV
Median LF frequency in File: nan
Median HF frequency in File: 16320.000000000002
There are now 529147 rows in call catalogue
Looking at bio230143-bucket01/ubna_data_01/recover-20220818/UBNA_002/20220817_020000.WAV
Median LF frequency in File: nan
Median HF frequency in File: 14400.0
There are now 529148 rows in call catalogue
Looking at bio230143-bucket01/ubna_data_01/recover-20220818/UBNA_002/20220817_023000.WAV
Median LF frequency in File: nan
Median HF frequency in File: 24960.0
There are now 529149 rows in call catalogue
Looking at bio230143-bucket01/ubna_data_01/recover-20220818/UBNA_002/20220817_030000.WAV
Median LF frequency in File: nan
Median HF frequency in File: 16320.000000000002
There are now 529150 rows in call catalogue
Looking at bio230143-bucket01/ubna_data_01/recover-20220818/UBNA_002/20220817_033000.WAV
Median LF frequency in File: nan
Median HF frequency in File: 27839.999999999996
There are now 529196 rows in call catalogue
Looking at bio230143-bucket01/ubna_data_01/recover-20220818/UBNA_002/20220817_040000.WAV
Median LF frequency in File: 44160.0
Median HF frequency in File: 24960.0
There are now 529504 rows in call catalogue
Looking at bio230143-bucket01/ubna_data_01/recover-20220818/UBNA_002/20220817_043000.WAV
Median LF frequency in File: 41280.0
Median HF frequency in File: 24960.0
There are now 529752 rows in call catalogue
Looking at bio230143-bucket01/ubna_data_01/recover-20220818/UBNA_002/20220817_050000.WAV
Median LF frequency in File: 42240.0
Median HF frequency in File: 24960.0
There are now 531755 rows in call catalogue
Looking at bio230143-bucket01/ubna_data_01/recover-20220818/UBNA_002/20220817_053000.WAV
Median LF frequency in File: 40800.0
Median HF frequency in File: 25920.0
There are now 533836 rows in call catalogue
Looking at bio230143-bucket01/ubna_data_01/recover-20220818/UBNA_002/20220817_060000.WAV
Median LF frequency in File: 40320.0
Median HF frequency in File: 26880.000000000004
There are now 534437 rows in call catalogue
Looking at bio230143-bucket01/ubna_data_01/recover-20220818/UBNA_002/20220817_063000.WAV
Median LF frequency in File: 40320.0
Median HF frequency in File: 26880.000000000004
There are now 534985 rows in call catalogue
Looking at bio230143-bucket01/ubna_data_01/recover-20220818/UBNA_002/20220817_070000.WAV
Median LF frequency in File: 43200.0
Median HF frequency in File: 26880.000000000004
There are now 535340 rows in call catalogue
Looking at bio230143-bucket01/ubna_data_01/recover-20220818/UBNA_002/20220817_073000.WAV
Median LF frequency in File: 40320.0
Median HF frequency in File: 23040.0
There are now 535368 rows in call catalogue
Looking at bio230143-bucket01/ubna_data_01/recover-20220818/UBNA_002/20220817_080000.WAV
Median LF frequency in File: nan
Median HF frequency in File: 24000.0
There are now 535506 rows in call catalogue
Looking at bio230143-bucket01/ubna_data_01/recover-20220818/UBNA_002/20220817_083000.WAV
Median LF frequency in File: nan
Median HF frequency in File: 26880.000000000004
There are now 535511 rows in call catalogue
Looking at bio230143-bucket01/ubna_data_01/recover-20220818/UBNA_002/20220817_090000.WAV
Median LF frequency in File: nan
Median HF frequency in File: 15360.0
There are now 535514 rows in call catalogue
Looking at bio230143-bucket01/ubna_data_01/recover-20220818/UBNA_002/20220817_100000.WAV
Median LF frequency in File: 49920.0
Median HF frequency in File: nan
There are now 535515 rows in call catalogue
Looking at bio230143-bucket01/ubna_data_01/recover-20220818/UBNA_002/20220817_103000.WAV
Median LF frequency in File: nan
Median HF frequency in File: 26880.000000000004
There are now 535535 rows in call catalogue
Looking at bio230143-bucket01/ubna_data_01/recover-20220818/UBNA_002/20220817_110000.WAV
Median LF frequency in File: 50880.0
Median HF frequency in File: nan
There are now 535547 rows in call catalogue
Looking at bio230143-bucket01/ubna_data_01/recover-20220818/UBNA_002/20220817_113000.WAV
Median LF frequency in File: nan
Median HF frequency in File: 39360.0
There are now 535549 rows in call catalogue
Looking at bio230143-bucket01/ubna_data_01/recover-20220818/UBNA_002/20220817_120000.WAV
Median LF frequency in File: 43680.0
Median HF frequency in File: 27360.0
There are now 535554 rows in call catalogue
Looking at bio230143-bucket01/ubna_data_01/recover-20220818/UBNA_002/20220817_133000.WAV
Median LF frequency in File: nan
Median HF frequency in File: 25920.0
There are now 535587 rows in call catalogue
Looking at bio230143-bucket01/ubna_data_01/recover-20220818/UBNA_002/20220817_140000.WAV
Median LF frequency in File: nan
Median HF frequency in File: 16320.000000000002
There are now 535590 rows in call catalogue
Looking at bio230143-bucket01/ubna_data_01/recover-20220818/UBNA_002/20220817_143000.WAV
Median LF frequency in File: nan
Median HF frequency in File: 16320.000000000002
There are now 535599 rows in call catalogue
Looking at bio230143-bucket01/ubna_data_01/recover-20220818/UBNA_002/20220817_153000.WAV
Median LF frequency in File: nan
Median HF frequency in File: 16320.000000000002
There are now 535600 rows in call catalogue
Looking at bio230143-bucket01/ubna_data_01/recover-20220818/UBNA_002/20220818_000000.WAV
Median LF frequency in File: nan
Median HF frequency in File: 17280.0
There are now 535603 rows in call catalogue
Looking at bio230143-bucket01/ubna_data_01/recover-20220818/UBNA_002/20220818_010000.WAV
Median LF frequency in File: nan
Median HF frequency in File: 20160.0
There are now 535608 rows in call catalogue
Looking at bio230143-bucket01/ubna_data_01/recover-20220818/UBNA_002/20220818_013000.WAV
Median LF frequency in File: nan
Median HF frequency in File: 18240.0
There are now 535616 rows in call catalogue
Looking at bio230143-bucket01/ubna_data_01/recover-20220818/UBNA_002/20220818_020000.WAV
Median LF frequency in File: nan
Median HF frequency in File: 18240.0
There are now 535617 rows in call catalogue
Looking at bio230143-bucket01/ubna_data_01/recover-20220818/UBNA_002/20220818_033000.WAV
Median LF frequency in File: nan
Median HF frequency in File: 24960.0
There are now 535660 rows in call catalogue
Looking at bio230143-bucket01/ubna_data_01/recover-20220818/UBNA_002/20220818_040000.WAV
Median LF frequency in File: 45120.0
Median HF frequency in File: 24000.0
There are now 535854 rows in call catalogue
Looking at bio230143-bucket01/ubna_data_01/recover-20220818/UBNA_002/20220818_043000.WAV
Median LF frequency in File: nan
Median HF frequency in File: 24000.0
There are now 536803 rows in call catalogue
Looking at bio230143-bucket01/ubna_data_01/recover-20220818/UBNA_002/20220818_050000.WAV
Median LF frequency in File: nan
Median HF frequency in File: 24960.0
There are now 537161 rows in call catalogue
Looking at bio230143-bucket01/ubna_data_01/recover-20220818/UBNA_002/20220818_053000.WAV
Median LF frequency in File: nan
Median HF frequency in File: 26880.000000000004
There are now 537315 rows in call catalogue
Looking at bio230143-bucket01/ubna_data_01/recover-20220818/UBNA_002/20220818_060000.WAV
Median LF frequency in File: nan
Median HF frequency in File: 27839.999999999996
There are now 537682 rows in call catalogue
Looking at bio230143-bucket01/ubna_data_01/recover-20220818/UBNA_002/20220818_063000.WAV
Median LF frequency in File: nan
Median HF frequency in File: 26880.000000000004
There are now 537775 rows in call catalogue
Looking at bio230143-bucket01/ubna_data_01/recover-20220818/UBNA_002/20220818_070000.WAV
Median LF frequency in File: nan
Median HF frequency in File: 25920.0
There are now 538087 rows in call catalogue
Looking at bio230143-bucket01/ubna_data_01/recover-20220818/UBNA_002/20220818_073000.WAV
Median LF frequency in File: nan
Median HF frequency in File: 25920.0
There are now 538157 rows in call catalogue
Looking at bio230143-bucket01/ubna_data_01/recover-20220818/UBNA_002/20220818_080000.WAV
Median LF frequency in File: nan
Median HF frequency in File: 24960.0
There are now 538222 rows in call catalogue
Looking at bio230143-bucket01/ubna_data_01/recover-20220818/UBNA_002/20220818_083000.WAV
Median LF frequency in File: 40320.0
Median HF frequency in File: 26880.000000000004
There are now 538243 rows in call catalogue
Looking at bio230143-bucket01/ubna_data_01/recover-20220818/UBNA_002/20220818_090000.WAV
Median LF frequency in File: nan
Median HF frequency in File: 24960.0
There are now 538345 rows in call catalogue
Looking at bio230143-bucket01/ubna_data_01/recover-20220818/UBNA_002/20220818_093000.WAV
Median LF frequency in File: nan
Median HF frequency in File: 24960.0
There are now 538415 rows in call catalogue
Looking at bio230143-bucket01/ubna_data_01/recover-20220818/UBNA_002/20220818_100000.WAV
Median LF frequency in File: nan
Median HF frequency in File: 26880.000000000004
There are now 539003 rows in call catalogue
Looking at bio230143-bucket01/ubna_data_01/recover-20220818/UBNA_002/20220818_103000.WAV
Median LF frequency in File: 51360.0
Median HF frequency in File: 25440.0
There are now 539101 rows in call catalogue
Looking at bio230143-bucket01/ubna_data_01/recover-20220818/UBNA_002/20220818_110000.WAV
Median LF frequency in File: nan
Median HF frequency in File: 24000.0
There are now 539212 rows in call catalogue
Looking at bio230143-bucket01/ubna_data_01/recover-20220818/UBNA_002/20220818_113000.WAV
Median LF frequency in File: nan
Median HF frequency in File: 24000.0
There are now 539276 rows in call catalogue
Looking at bio230143-bucket01/ubna_data_01/recover-20220818/UBNA_002/20220818_120000.WAV
Median LF frequency in File: nan
Median HF frequency in File: 25920.0
There are now 539512 rows in call catalogue
Looking at bio230143-bucket01/ubna_data_01/recover-20220818/UBNA_002/20220818_123000.WAV
Median LF frequency in File: nan
Median HF frequency in File: 24480.0
There are now 539557 rows in call catalogue
Looking at bio230143-bucket01/ubna_data_01/recover-20220818/UBNA_002/20220818_130000.WAV
Median LF frequency in File: nan
Median HF frequency in File: 17280.0
There are now 539559 rows in call catalogue
Looking at bio230143-bucket01/ubna_data_01/recover-20220822/UBNA_012/20220819_030000.WAV
Median LF frequency in File: nan
Median HF frequency in File: 17280.0
There are now 539568 rows in call catalogue
Looking at bio230143-bucket01/ubna_data_01/recover-20220822/UBNA_012/20220819_033000.WAV
Median LF frequency in File: 45120.0
Median HF frequency in File: 25920.0
There are now 539638 rows in call catalogue
Looking at bio230143-bucket01/ubna_data_01/recover-20220822/UBNA_012/20220819_040000.WAV
Median LF frequency in File: 45120.0
Median HF frequency in File: 24000.0
There are now 539792 rows in call catalogue
Looking at bio230143-bucket01/ubna_data_01/recover-20220822/UBNA_012/20220819_043000.WAV
Median LF frequency in File: 46080.0
Median HF frequency in File: 25920.0
There are now 540015 rows in call catalogue
Looking at bio230143-bucket01/ubna_data_01/recover-20220822/UBNA_012/20220819_050000.WAV
Median LF frequency in File: 42240.0
Median HF frequency in File: 25440.0
There are now 540115 rows in call catalogue
Looking at bio230143-bucket01/ubna_data_01/recover-20220822/UBNA_012/20220819_053000.WAV
Median LF frequency in File: 46080.0
Median HF frequency in File: 23040.0
There are now 540163 rows in call catalogue
Looking at bio230143-bucket01/ubna_data_01/recover-20220822/UBNA_012/20220819_060000.WAV
Median LF frequency in File: 53760.00000000001
Median HF frequency in File: 25920.0
There are now 540217 rows in call catalogue
Looking at bio230143-bucket01/ubna_data_01/recover-20220822/UBNA_012/20220819_063000.WAV
Median LF frequency in File: 43200.0
Median HF frequency in File: 25920.0
There are now 540332 rows in call catalogue
Looking at bio230143-bucket01/ubna_data_01/recover-20220822/UBNA_012/20220819_070000.WAV
Median LF frequency in File: 44160.0
Median HF frequency in File: 26880.000000000004
There are now 540536 rows in call catalogue
Looking at bio230143-bucket01/ubna_data_01/recover-20220822/UBNA_012/20220819_073000.WAV
Median LF frequency in File: nan
Median HF frequency in File: 24000.0
There are now 540739 rows in call catalogue
Looking at bio230143-bucket01/ubna_data_01/recover-20220822/UBNA_012/20220819_080000.WAV
Median LF frequency in File: 44160.0
Median HF frequency in File: 25920.0
There are now 540881 rows in call catalogue
Looking at bio230143-bucket01/ubna_data_01/recover-20220822/UBNA_012/20220819_083000.WAV
Median LF frequency in File: 42720.0
Median HF frequency in File: 21120.0
There are now 540898 rows in call catalogue
Looking at bio230143-bucket01/ubna_data_01/recover-20220822/UBNA_012/20220819_090000.WAV
Median LF frequency in File: 46080.0
Median HF frequency in File: 18240.0
There are now 540912 rows in call catalogue
Looking at bio230143-bucket01/ubna_data_01/recover-20220822/UBNA_012/20220819_093000.WAV
Median LF frequency in File: nan
Median HF frequency in File: 18720.0
There are now 540918 rows in call catalogue
Looking at bio230143-bucket01/ubna_data_01/recover-20220822/UBNA_012/20220819_100000.WAV
Median LF frequency in File: nan
Median HF frequency in File: 19680.0
There are now 540924 rows in call catalogue
Looking at bio230143-bucket01/ubna_data_01/recover-20220822/UBNA_012/20220819_103000.WAV
Median LF frequency in File: 49920.0
Median HF frequency in File: 20160.0
There are now 540926 rows in call catalogue
Looking at bio230143-bucket01/ubna_data_01/recover-20220822/UBNA_012/20220819_110000.WAV
Median LF frequency in File: nan
Median HF frequency in File: 24000.0
There are now 540954 rows in call catalogue
Looking at bio230143-bucket01/ubna_data_01/recover-20220822/UBNA_012/20220819_113000.WAV
Median LF frequency in File: nan
Median HF frequency in File: 23040.0
There are now 540974 rows in call catalogue
Looking at bio230143-bucket01/ubna_data_01/recover-20220822/UBNA_012/20220819_120000.WAV
Median LF frequency in File: nan
Median HF frequency in File: 24960.0
There are now 541018 rows in call catalogue
Looking at bio230143-bucket01/ubna_data_01/recover-20220822/UBNA_012/20220819_123000.WAV
Median LF frequency in File: 35520.0
Median HF frequency in File: 26400.0
There are now 541114 rows in call catalogue
Looking at bio230143-bucket01/ubna_data_01/recover-20220822/UBNA_012/20220819_130000.WAV
Median LF frequency in File: nan
Median HF frequency in File: 22080.0
There are now 541117 rows in call catalogue
Looking at bio230143-bucket01/ubna_data_01/recover-20220822/UBNA_012/20220819_133000.WAV
Median LF frequency in File: nan
Median HF frequency in File: 18240.0
There are now 541124 rows in call catalogue
Looking at bio230143-bucket01/ubna_data_01/recover-20220822/UBNA_012/20220819_140000.WAV
Median LF frequency in File: nan
Median HF frequency in File: 18240.0
There are now 541127 rows in call catalogue
Looking at bio230143-bucket01/ubna_data_01/recover-20220822/UBNA_012/20220819_143000.WAV
Median LF frequency in File: nan
Median HF frequency in File: 20160.0
There are now 541134 rows in call catalogue
Looking at bio230143-bucket01/ubna_data_01/recover-20220822/UBNA_012/20220819_150000.WAV
Median LF frequency in File: nan
Median HF frequency in File: 20160.0
There are now 541141 rows in call catalogue
Looking at bio230143-bucket01/ubna_data_01/recover-20220822/UBNA_012/20220819_153000.WAV
Median LF frequency in File: 45120.0
Median HF frequency in File: 20160.0
There are now 541151 rows in call catalogue
Looking at bio230143-bucket01/ubna_data_01/recover-20220822/UBNA_012/20220820_000000.WAV
Median LF frequency in File: nan
Median HF frequency in File: 16800.0
There are now 541153 rows in call catalogue
Looking at bio230143-bucket01/ubna_data_01/recover-20220822/UBNA_012/20220820_003000.WAV
Median LF frequency in File: 48000.0
Median HF frequency in File: nan
There are now 541154 rows in call catalogue
Looking at bio230143-bucket01/ubna_data_01/recover-20220822/UBNA_012/20220820_010000.WAV
Median LF frequency in File: nan
Median HF frequency in File: 21120.0
There are now 541155 rows in call catalogue
Looking at bio230143-bucket01/ubna_data_01/recover-20220822/UBNA_012/20220820_013000.WAV
Median LF frequency in File: nan
Median HF frequency in File: 19680.0
There are now 541157 rows in call catalogue
Looking at bio230143-bucket01/ubna_data_01/recover-20220822/UBNA_012/20220820_023000.WAV
Median LF frequency in File: nan
Median HF frequency in File: 22080.0
There are now 541158 rows in call catalogue
Looking at bio230143-bucket01/ubna_data_01/recover-20220822/UBNA_012/20220820_030000.WAV
Median LF frequency in File: nan
Median HF frequency in File: 19200.0
There are now 541159 rows in call catalogue
Looking at bio230143-bucket01/ubna_data_01/recover-20220822/UBNA_012/20220820_033000.WAV
Median LF frequency in File: nan
Median HF frequency in File: 20160.0
There are now 541169 rows in call catalogue
Looking at bio230143-bucket01/ubna_data_01/recover-20220822/UBNA_012/20220820_040000.WAV
Median LF frequency in File: 44640.0
Median HF frequency in File: 24960.0
There are now 541335 rows in call catalogue
Looking at bio230143-bucket01/ubna_data_01/recover-20220822/UBNA_012/20220820_043000.WAV
Median LF frequency in File: 45120.0
Median HF frequency in File: 26880.000000000004
There are now 541364 rows in call catalogue
Looking at bio230143-bucket01/ubna_data_01/recover-20220822/UBNA_012/20220820_050000.WAV
Median LF frequency in File: 48960.0
Median HF frequency in File: 17280.0
There are now 541390 rows in call catalogue
Looking at bio230143-bucket01/ubna_data_01/recover-20220822/UBNA_012/20220820_053000.WAV
Median LF frequency in File: 44640.0
Median HF frequency in File: 26880.000000000004
There are now 541429 rows in call catalogue
Looking at bio230143-bucket01/ubna_data_01/recover-20220822/UBNA_012/20220820_060000.WAV
Median LF frequency in File: nan
Median HF frequency in File: 24000.0
There are now 541440 rows in call catalogue
Looking at bio230143-bucket01/ubna_data_01/recover-20220822/UBNA_012/20220820_063000.WAV
Median LF frequency in File: 44160.0
Median HF frequency in File: 27839.999999999996
There are now 541535 rows in call catalogue
Looking at bio230143-bucket01/ubna_data_01/recover-20220822/UBNA_012/20220820_070000.WAV
Median LF frequency in File: 44160.0
Median HF frequency in File: 25920.0
There are now 541780 rows in call catalogue
Looking at bio230143-bucket01/ubna_data_01/recover-20220822/UBNA_012/20220820_073000.WAV
Median LF frequency in File: 48000.0
Median HF frequency in File: 25920.0
There are now 542051 rows in call catalogue
Looking at bio230143-bucket01/ubna_data_01/recover-20220822/UBNA_012/20220820_080000.WAV
Median LF frequency in File: 44160.0
Median HF frequency in File: 27839.999999999996
There are now 542149 rows in call catalogue
Looking at bio230143-bucket01/ubna_data_01/recover-20220822/UBNA_012/20220820_083000.WAV
Median LF frequency in File: 45120.0
Median HF frequency in File: 41280.0
There are now 542151 rows in call catalogue
Looking at bio230143-bucket01/ubna_data_01/recover-20220822/UBNA_012/20220820_090000.WAV
Median LF frequency in File: 48000.0
Median HF frequency in File: 25920.0
There are now 542238 rows in call catalogue
Looking at bio230143-bucket01/ubna_data_01/recover-20220822/UBNA_012/20220820_093000.WAV
Median LF frequency in File: 42240.0
Median HF frequency in File: 28800.0
There are now 542356 rows in call catalogue
Looking at bio230143-bucket01/ubna_data_01/recover-20220822/UBNA_012/20220820_100000.WAV
Median LF frequency in File: 44160.0
Median HF frequency in File: 39360.0
There are now 542506 rows in call catalogue
Looking at bio230143-bucket01/ubna_data_01/recover-20220822/UBNA_012/20220820_103000.WAV
Median LF frequency in File: 45120.0
Median HF frequency in File: 25440.0
There are now 542617 rows in call catalogue
Looking at bio230143-bucket01/ubna_data_01/recover-20220822/UBNA_012/20220820_113000.WAV
Median LF frequency in File: 45120.0
Median HF frequency in File: nan
There are now 542626 rows in call catalogue
Looking at bio230143-bucket01/ubna_data_01/recover-20220822/UBNA_012/20220820_120000.WAV
Median LF frequency in File: 45120.0
Median HF frequency in File: nan
There are now 542719 rows in call catalogue
Looking at bio230143-bucket01/ubna_data_01/recover-20220822/UBNA_012/20220820_130000.WAV
Median LF frequency in File: 46080.0
Median HF frequency in File: 18240.0
There are now 542721 rows in call catalogue
Looking at bio230143-bucket01/ubna_data_01/recover-20220822/UBNA_012/20220820_133000.WAV
Median LF frequency in File: nan
Median HF frequency in File: 18240.0
There are now 542722 rows in call catalogue
Looking at bio230143-bucket01/ubna_data_01/recover-20220822/UBNA_012/20220820_143000.WAV
Median LF frequency in File: nan
Median HF frequency in File: 17280.0
There are now 542725 rows in call catalogue
Looking at bio230143-bucket01/ubna_data_01/recover-20220822/UBNA_012/20220820_150000.WAV
Median LF frequency in File: nan
Median HF frequency in File: 18240.0
There are now 542736 rows in call catalogue
Looking at bio230143-bucket01/ubna_data_01/recover-20220822/UBNA_012/20220821_000000.WAV
Median LF frequency in File: nan
Median HF frequency in File: 22080.0
There are now 542737 rows in call catalogue
Looking at bio230143-bucket01/ubna_data_01/recover-20220822/UBNA_012/20220821_013000.WAV
Median LF frequency in File: nan
Median HF frequency in File: 24960.0
There are now 542738 rows in call catalogue
Looking at bio230143-bucket01/ubna_data_01/recover-20220822/UBNA_012/20220821_020000.WAV
Median LF frequency in File: nan
Median HF frequency in File: 22080.0
There are now 542743 rows in call catalogue
Looking at bio230143-bucket01/ubna_data_01/recover-20220822/UBNA_012/20220821_023000.WAV
Median LF frequency in File: nan
Median HF frequency in File: 17280.0
There are now 542744 rows in call catalogue
Looking at bio230143-bucket01/ubna_data_01/recover-20220822/UBNA_012/20220821_030000.WAV
Median LF frequency in File: nan
Median HF frequency in File: 17280.0
There are now 542747 rows in call catalogue
Looking at bio230143-bucket01/ubna_data_01/recover-20220822/UBNA_012/20220821_033000.WAV
Median LF frequency in File: 45120.0
Median HF frequency in File: 21120.0
There are now 542759 rows in call catalogue
Looking at bio230143-bucket01/ubna_data_01/recover-20220822/UBNA_012/20220821_040000.WAV
Median LF frequency in File: 45120.0
Median HF frequency in File: 26880.000000000004
There are now 542931 rows in call catalogue
Looking at bio230143-bucket01/ubna_data_01/recover-20220822/UBNA_012/20220821_043000.WAV
Median LF frequency in File: 44160.0
Median HF frequency in File: 24960.0
There are now 542967 rows in call catalogue
Looking at bio230143-bucket01/ubna_data_01/recover-20220822/UBNA_012/20220821_050000.WAV
Median LF frequency in File: 50880.0
Median HF frequency in File: 24000.0
There are now 543002 rows in call catalogue
Looking at bio230143-bucket01/ubna_data_01/recover-20220822/UBNA_012/20220821_053000.WAV
Median LF frequency in File: 43200.0
Median HF frequency in File: 24960.0
There are now 543018 rows in call catalogue
Looking at bio230143-bucket01/ubna_data_01/recover-20220822/UBNA_012/20220821_060000.WAV
Median LF frequency in File: 44160.0
Median HF frequency in File: 25920.0
There are now 543232 rows in call catalogue
Looking at bio230143-bucket01/ubna_data_01/recover-20220822/UBNA_012/20220821_063000.WAV
Median LF frequency in File: 43200.0
Median HF frequency in File: 24960.0
There are now 543413 rows in call catalogue
Looking at bio230143-bucket01/ubna_data_01/recover-20220822/UBNA_012/20220821_070000.WAV
Median LF frequency in File: 43200.0
Median HF frequency in File: 25920.0
There are now 543455 rows in call catalogue
Looking at bio230143-bucket01/ubna_data_01/recover-20220822/UBNA_012/20220821_073000.WAV
Median LF frequency in File: 45120.0
Median HF frequency in File: 24000.0
There are now 543584 rows in call catalogue
Looking at bio230143-bucket01/ubna_data_01/recover-20220822/UBNA_012/20220821_080000.WAV
Median LF frequency in File: 45600.0
Median HF frequency in File: 23040.0
There are now 543645 rows in call catalogue
Looking at bio230143-bucket01/ubna_data_01/recover-20220822/UBNA_012/20220821_083000.WAV
Median LF frequency in File: 45120.0
Median HF frequency in File: 31200.0
There are now 543689 rows in call catalogue
Looking at bio230143-bucket01/ubna_data_01/recover-20220822/UBNA_012/20220821_090000.WAV
Median LF frequency in File: nan
Median HF frequency in File: 20160.0
There are now 543693 rows in call catalogue
Looking at bio230143-bucket01/ubna_data_01/recover-20220822/UBNA_012/20220821_093000.WAV
Median LF frequency in File: 43200.0
Median HF frequency in File: 22560.0
There are now 543714 rows in call catalogue
Looking at bio230143-bucket01/ubna_data_01/recover-20220822/UBNA_012/20220821_100000.WAV
Median LF frequency in File: 48960.0
Median HF frequency in File: 23040.0
There are now 543806 rows in call catalogue
Looking at bio230143-bucket01/ubna_data_01/recover-20220822/UBNA_012/20220821_103000.WAV
Median LF frequency in File: 44160.0
Median HF frequency in File: 39360.0
There are now 543846 rows in call catalogue
Looking at bio230143-bucket01/ubna_data_01/recover-20220822/UBNA_012/20220821_113000.WAV
Median LF frequency in File: 44160.0
Median HF frequency in File: 39360.0
There are now 543877 rows in call catalogue
Looking at bio230143-bucket01/ubna_data_01/recover-20220822/UBNA_012/20220821_120000.WAV
Median LF frequency in File: 45120.0
Median HF frequency in File: nan
There are now 543967 rows in call catalogue
Looking at bio230143-bucket01/ubna_data_01/recover-20220822/UBNA_012/20220821_123000.WAV
Median LF frequency in File: nan
Median HF frequency in File: 18240.0
There are now 543969 rows in call catalogue
Looking at bio230143-bucket01/ubna_data_01/recover-20220822/UBNA_012/20220821_140000.WAV
Median LF frequency in File: nan
Median HF frequency in File: 19200.0
There are now 543970 rows in call catalogue
Looking at bio230143-bucket01/ubna_data_01/recover-20220822/UBNA_012/20220821_153000.WAV
Median LF frequency in File: nan
Median HF frequency in File: 16320.000000000002
There are now 543973 rows in call catalogue
Looking at bio230143-bucket01/ubna_data_01/recover-20220822/UBNA_012/20220822_000000.WAV
Median LF frequency in File: 45120.0
Median HF frequency in File: 19200.0
There are now 543992 rows in call catalogue
Looking at bio230143-bucket01/ubna_data_01/recover-20220822/UBNA_012/20220822_003000.WAV
Median LF frequency in File: nan
Median HF frequency in File: 17760.0
There are now 543994 rows in call catalogue
Looking at bio230143-bucket01/ubna_data_01/recover-20220822/UBNA_012/20220822_010000.WAV
Median LF frequency in File: nan
Median HF frequency in File: 34560.0
There are now 544002 rows in call catalogue
Looking at bio230143-bucket01/ubna_data_01/recover-20220822/UBNA_012/20220822_013000.WAV
Median LF frequency in File: 47040.0
Median HF frequency in File: 19200.0
There are now 544012 rows in call catalogue
Looking at bio230143-bucket01/ubna_data_01/recover-20220822/UBNA_012/20220822_020000.WAV
Median LF frequency in File: nan
Median HF frequency in File: 19680.0
There are now 544016 rows in call catalogue
Looking at bio230143-bucket01/ubna_data_01/recover-20220822/UBNA_012/20220822_030000.WAV
Median LF frequency in File: nan
Median HF frequency in File: 16320.000000000002
There are now 544018 rows in call catalogue
Looking at bio230143-bucket01/ubna_data_01/recover-20220822/UBNA_012/20220822_033000.WAV
Median LF frequency in File: nan
Median HF frequency in File: 25440.0
There are now 544055 rows in call catalogue
Looking at bio230143-bucket01/ubna_data_01/recover-20220822/UBNA_012/20220822_040000.WAV
Median LF frequency in File: 44160.0
Median HF frequency in File: 20640.0
There are now 544083 rows in call catalogue
Looking at bio230143-bucket01/ubna_data_01/recover-20220822/UBNA_012/20220822_043000.WAV
Median LF frequency in File: 46080.0
Median HF frequency in File: 24960.0
There are now 544164 rows in call catalogue
Looking at bio230143-bucket01/ubna_data_01/recover-20220822/UBNA_012/20220822_050000.WAV
Median LF frequency in File: 41760.0
Median HF frequency in File: 24000.0
There are now 544259 rows in call catalogue
Looking at bio230143-bucket01/ubna_data_01/recover-20220822/UBNA_012/20220822_053000.WAV
Median LF frequency in File: 43680.0
Median HF frequency in File: 24960.0
There are now 544344 rows in call catalogue
Looking at bio230143-bucket01/ubna_data_01/recover-20220822/UBNA_012/20220822_060000.WAV
Median LF frequency in File: nan
Median HF frequency in File: 25920.0
There are now 544394 rows in call catalogue
Looking at bio230143-bucket01/ubna_data_01/recover-20220822/UBNA_012/20220822_063000.WAV
Median LF frequency in File: 46080.0
Median HF frequency in File: 24000.0
There are now 544427 rows in call catalogue
Looking at bio230143-bucket01/ubna_data_01/recover-20220822/UBNA_012/20220822_070000.WAV
Median LF frequency in File: 43200.0
Median HF frequency in File: 38400.0
There are now 544440 rows in call catalogue
Looking at bio230143-bucket01/ubna_data_01/recover-20220822/UBNA_012/20220822_073000.WAV
Median LF frequency in File: 44160.0
Median HF frequency in File: 20160.0
There are now 544465 rows in call catalogue
Looking at bio230143-bucket01/ubna_data_01/recover-20220822/UBNA_012/20220822_080000.WAV
Median LF frequency in File: 42240.0
Median HF frequency in File: 28800.0
There are now 544476 rows in call catalogue
Looking at bio230143-bucket01/ubna_data_01/recover-20220822/UBNA_012/20220822_083000.WAV
Median LF frequency in File: nan
Median HF frequency in File: 23040.0
There are now 544504 rows in call catalogue
Looking at bio230143-bucket01/ubna_data_01/recover-20220822/UBNA_012/20220822_090000.WAV
Median LF frequency in File: 45120.0
Median HF frequency in File: 23520.0
There are now 544538 rows in call catalogue
Looking at bio230143-bucket01/ubna_data_01/recover-20220822/UBNA_012/20220822_093000.WAV
Median LF frequency in File: 43680.0
Median HF frequency in File: 25920.0
There are now 544616 rows in call catalogue
Looking at bio230143-bucket01/ubna_data_01/recover-20220822/UBNA_012/20220822_100000.WAV
Median LF frequency in File: 47040.0
Median HF frequency in File: 18240.0
There are now 544622 rows in call catalogue
Looking at bio230143-bucket01/ubna_data_01/recover-20220822/UBNA_012/20220822_103000.WAV
Median LF frequency in File: 42240.0
Median HF frequency in File: 40320.0
There are now 544627 rows in call catalogue
Looking at bio230143-bucket01/ubna_data_01/recover-20220822/UBNA_012/20220822_110000.WAV
Median LF frequency in File: 46560.0
Median HF frequency in File: 20160.0
There are now 544699 rows in call catalogue
Looking at bio230143-bucket01/ubna_data_01/recover-20220822/UBNA_012/20220822_113000.WAV
Median LF frequency in File: 42240.0
Median HF frequency in File: 25920.0
There are now 544723 rows in call catalogue
Looking at bio230143-bucket01/ubna_data_01/recover-20220822/UBNA_012/20220822_120000.WAV
Median LF frequency in File: 45120.0
Median HF frequency in File: nan
There are now 544729 rows in call catalogue
Looking at bio230143-bucket01/ubna_data_01/recover-20220822/UBNA_012/20220822_123000.WAV
Median LF frequency in File: nan
Median HF frequency in File: 24000.0
There are now 544730 rows in call catalogue
Looking at bio230143-bucket01/ubna_data_01/recover-20220822/UBNA_012/20220822_130000.WAV
Median LF frequency in File: nan
Median HF frequency in File: 17280.0
There are now 544733 rows in call catalogue
Looking at bio230143-bucket01/ubna_data_01/recover-20220822/UBNA_012/20220822_133000.WAV
Median LF frequency in File: nan
Median HF frequency in File: 17280.0
There are now 544741 rows in call catalogue
Looking at bio230143-bucket01/ubna_data_01/recover-20220822/UBNA_012/20220822_140000.WAV
Median LF frequency in File: nan
Median HF frequency in File: 17760.0
There are now 544743 rows in call catalogue
Looking at bio230143-bucket01/ubna_data_01/recover-20220822/UBNA_012/20220822_150000.WAV
Median LF frequency in File: nan
Median HF frequency in File: 17280.0
There are now 544745 rows in call catalogue
Looking at bio230143-bucket01/ubna_data_01/recover-20220825/UBNA_004/20220823_010000.WAV
Median LF frequency in File: 43200.0
Median HF frequency in File: 19200.0
There are now 544753 rows in call catalogue
Looking at bio230143-bucket01/ubna_data_01/recover-20220825/UBNA_004/20220823_013000.WAV
Median LF frequency in File: nan
Median HF frequency in File: 22080.0
There are now 544772 rows in call catalogue
Looking at bio230143-bucket01/ubna_data_01/recover-20220825/UBNA_004/20220823_020000.WAV
Median LF frequency in File: nan
Median HF frequency in File: 20160.0
There are now 544799 rows in call catalogue
Looking at bio230143-bucket01/ubna_data_01/recover-20220825/UBNA_004/20220823_023000.WAV
Median LF frequency in File: nan
Median HF frequency in File: 20160.0
There are now 544829 rows in call catalogue
Looking at bio230143-bucket01/ubna_data_01/recover-20220825/UBNA_004/20220823_030000.WAV
Median LF frequency in File: nan
Median HF frequency in File: 20160.0
There are now 544835 rows in call catalogue
Looking at bio230143-bucket01/ubna_data_01/recover-20220825/UBNA_004/20220823_033000.WAV
Median LF frequency in File: nan
Median HF frequency in File: 23040.0
There are now 544859 rows in call catalogue
Looking at bio230143-bucket01/ubna_data_01/recover-20220825/UBNA_004/20220823_040000.WAV
Median LF frequency in File: 53760.00000000001
Median HF frequency in File: 24000.0
There are now 544873 rows in call catalogue
Looking at bio230143-bucket01/ubna_data_01/recover-20220825/UBNA_004/20220823_043000.WAV
Median LF frequency in File: 45120.0
Median HF frequency in File: 24960.0
There are now 545356 rows in call catalogue
Looking at bio230143-bucket01/ubna_data_01/recover-20220825/UBNA_004/20220823_050000.WAV
Median LF frequency in File: 43680.0
Median HF frequency in File: 24960.0
There are now 545461 rows in call catalogue
Looking at bio230143-bucket01/ubna_data_01/recover-20220825/UBNA_004/20220823_053000.WAV
Median LF frequency in File: 43200.0
Median HF frequency in File: 24960.0
There are now 545576 rows in call catalogue
Looking at bio230143-bucket01/ubna_data_01/recover-20220825/UBNA_004/20220823_060000.WAV
Median LF frequency in File: 44160.0
Median HF frequency in File: 24960.0
There are now 545693 rows in call catalogue
Looking at bio230143-bucket01/ubna_data_01/recover-20220825/UBNA_004/20220823_063000.WAV
Median LF frequency in File: 36000.0
Median HF frequency in File: 29760.0
There are now 545786 rows in call catalogue
Looking at bio230143-bucket01/ubna_data_01/recover-20220825/UBNA_004/20220823_070000.WAV
Median LF frequency in File: 44160.0
Median HF frequency in File: 25920.0
There are now 545818 rows in call catalogue
Looking at bio230143-bucket01/ubna_data_01/recover-20220825/UBNA_004/20220823_073000.WAV
Median LF frequency in File: 48000.0
Median HF frequency in File: 27839.999999999996
There are now 545879 rows in call catalogue
Looking at bio230143-bucket01/ubna_data_01/recover-20220825/UBNA_004/20220823_080000.WAV
Median LF frequency in File: 42240.0
Median HF frequency in File: 37440.0
There are now 545921 rows in call catalogue
Looking at bio230143-bucket01/ubna_data_01/recover-20220825/UBNA_004/20220823_083000.WAV
Median LF frequency in File: 46080.0
Median HF frequency in File: 26880.000000000004
There are now 545957 rows in call catalogue
Looking at bio230143-bucket01/ubna_data_01/recover-20220825/UBNA_004/20220823_090000.WAV
Median LF frequency in File: 42240.0
Median HF frequency in File: 28800.0
There are now 545989 rows in call catalogue
Looking at bio230143-bucket01/ubna_data_01/recover-20220825/UBNA_004/20220823_093000.WAV
Median LF frequency in File: nan
Median HF frequency in File: 19200.0
There are now 545994 rows in call catalogue
Looking at bio230143-bucket01/ubna_data_01/recover-20220825/UBNA_004/20220823_100000.WAV
Median LF frequency in File: 42240.0
Median HF frequency in File: 25920.0
There are now 546044 rows in call catalogue
Looking at bio230143-bucket01/ubna_data_01/recover-20220825/UBNA_004/20220823_103000.WAV
Median LF frequency in File: nan
Median HF frequency in File: 25920.0
There are now 546071 rows in call catalogue
Looking at bio230143-bucket01/ubna_data_01/recover-20220825/UBNA_004/20220823_110000.WAV
Median LF frequency in File: nan
Median HF frequency in File: 19680.0
There are now 546073 rows in call catalogue
Looking at bio230143-bucket01/ubna_data_01/recover-20220825/UBNA_004/20220823_113000.WAV
Median LF frequency in File: 46080.0
Median HF frequency in File: 20160.0
There are now 546080 rows in call catalogue
Looking at bio230143-bucket01/ubna_data_01/recover-20220825/UBNA_004/20220823_120000.WAV
Median LF frequency in File: nan
Median HF frequency in File: 24960.0
There are now 546097 rows in call catalogue
Looking at bio230143-bucket01/ubna_data_01/recover-20220825/UBNA_004/20220823_130000.WAV
Median LF frequency in File: nan
Median HF frequency in File: 20160.0
There are now 546098 rows in call catalogue
Looking at bio230143-bucket01/ubna_data_01/recover-20220825/UBNA_004/20220823_133000.WAV
Median LF frequency in File: nan
Median HF frequency in File: 17280.0
There are now 546099 rows in call catalogue
Looking at bio230143-bucket01/ubna_data_01/recover-20220825/UBNA_004/20220823_140000.WAV
Median LF frequency in File: nan
Median HF frequency in File: 22080.0
There are now 546104 rows in call catalogue
Looking at bio230143-bucket01/ubna_data_01/recover-20220825/UBNA_004/20220823_143000.WAV
Median LF frequency in File: nan
Median HF frequency in File: 22080.0
There are now 546116 rows in call catalogue
Looking at bio230143-bucket01/ubna_data_01/recover-20220825/UBNA_004/20220823_150000.WAV
Median LF frequency in File: nan
Median HF frequency in File: 18240.0
There are now 546158 rows in call catalogue
Looking at bio230143-bucket01/ubna_data_01/recover-20220825/UBNA_004/20220823_153000.WAV
Median LF frequency in File: nan
Median HF frequency in File: 22080.0
There are now 546161 rows in call catalogue
Looking at bio230143-bucket01/ubna_data_01/recover-20220825/UBNA_004/20220824_000000.WAV
Median LF frequency in File: nan
Median HF frequency in File: 20160.0
There are now 546172 rows in call catalogue
Looking at bio230143-bucket01/ubna_data_01/recover-20220825/UBNA_004/20220824_003000.WAV
Median LF frequency in File: 45120.0
Median HF frequency in File: 20160.0
There are now 546216 rows in call catalogue
Looking at bio230143-bucket01/ubna_data_01/recover-20220825/UBNA_004/20220824_010000.WAV
Median LF frequency in File: 60960.0
Median HF frequency in File: 20160.0
There are now 546240 rows in call catalogue
Looking at bio230143-bucket01/ubna_data_01/recover-20220825/UBNA_004/20220824_013000.WAV
Median LF frequency in File: nan
Median HF frequency in File: 20160.0
There are now 546256 rows in call catalogue
Looking at bio230143-bucket01/ubna_data_01/recover-20220825/UBNA_004/20220824_020000.WAV
Median LF frequency in File: nan
Median HF frequency in File: 19200.0
There are now 546261 rows in call catalogue
Looking at bio230143-bucket01/ubna_data_01/recover-20220825/UBNA_004/20220824_023000.WAV
Median LF frequency in File: nan
Median HF frequency in File: 19200.0
There are now 546263 rows in call catalogue
Looking at bio230143-bucket01/ubna_data_01/recover-20220825/UBNA_004/20220824_030000.WAV
Median LF frequency in File: nan
Median HF frequency in File: 19200.0
There are now 546266 rows in call catalogue
Looking at bio230143-bucket01/ubna_data_01/recover-20220825/UBNA_004/20220824_033000.WAV
Median LF frequency in File: nan
Median HF frequency in File: 25920.0
There are now 546443 rows in call catalogue
Looking at bio230143-bucket01/ubna_data_01/recover-20220825/UBNA_004/20220824_040000.WAV
Median LF frequency in File: 43200.0
Median HF frequency in File: 25920.0
There are now 546493 rows in call catalogue
Looking at bio230143-bucket01/ubna_data_01/recover-20220825/UBNA_004/20220824_043000.WAV
Median LF frequency in File: 43200.0
Median HF frequency in File: 23040.0
There are now 546578 rows in call catalogue
Looking at bio230143-bucket01/ubna_data_01/recover-20220825/UBNA_004/20220824_050000.WAV
Median LF frequency in File: 41760.0
Median HF frequency in File: 25920.0
There are now 546583 rows in call catalogue
Looking at bio230143-bucket01/ubna_data_01/recover-20220825/UBNA_004/20220824_053000.WAV
Median LF frequency in File: 47040.0
Median HF frequency in File: 24960.0
There are now 546663 rows in call catalogue
Looking at bio230143-bucket01/ubna_data_01/recover-20220825/UBNA_004/20220824_060000.WAV
Median LF frequency in File: nan
Median HF frequency in File: 24480.0
There are now 546697 rows in call catalogue
Looking at bio230143-bucket01/ubna_data_01/recover-20220825/UBNA_004/20220824_063000.WAV
Median LF frequency in File: nan
Median HF frequency in File: 24000.0
There are now 546720 rows in call catalogue
Looking at bio230143-bucket01/ubna_data_01/recover-20220825/UBNA_004/20220824_070000.WAV
Median LF frequency in File: nan
Median HF frequency in File: 25920.0
There are now 546728 rows in call catalogue
Looking at bio230143-bucket01/ubna_data_01/recover-20220825/UBNA_004/20220824_073000.WAV
Median LF frequency in File: 43200.0
Median HF frequency in File: 17760.0
There are now 546766 rows in call catalogue
Looking at bio230143-bucket01/ubna_data_01/recover-20220825/UBNA_004/20220824_080000.WAV
Median LF frequency in File: nan
Median HF frequency in File: 20160.0
There are now 546769 rows in call catalogue
Looking at bio230143-bucket01/ubna_data_01/recover-20220825/UBNA_004/20220824_083000.WAV
Median LF frequency in File: 44160.0
Median HF frequency in File: 19680.0
There are now 546800 rows in call catalogue
Looking at bio230143-bucket01/ubna_data_01/recover-20220825/UBNA_004/20220824_090000.WAV
Median LF frequency in File: 46080.0
Median HF frequency in File: nan
There are now 546830 rows in call catalogue
Looking at bio230143-bucket01/ubna_data_01/recover-20220825/UBNA_004/20220824_093000.WAV
Median LF frequency in File: 43200.0
Median HF frequency in File: 38400.0
There are now 546889 rows in call catalogue
Looking at bio230143-bucket01/ubna_data_01/recover-20220825/UBNA_004/20220824_100000.WAV
Median LF frequency in File: 47040.0
Median HF frequency in File: nan
There are now 546903 rows in call catalogue
Looking at bio230143-bucket01/ubna_data_01/recover-20220825/UBNA_004/20220824_103000.WAV
Median LF frequency in File: 47040.0
Median HF frequency in File: 21600.0
There are now 546916 rows in call catalogue
Looking at bio230143-bucket01/ubna_data_01/recover-20220825/UBNA_004/20220824_110000.WAV
Median LF frequency in File: nan
Median HF frequency in File: 21120.0
There are now 546922 rows in call catalogue
Looking at bio230143-bucket01/ubna_data_01/recover-20220825/UBNA_004/20220824_113000.WAV
Median LF frequency in File: 42240.0
Median HF frequency in File: 23040.0
There are now 546926 rows in call catalogue
Looking at bio230143-bucket01/ubna_data_01/recover-20220825/UBNA_004/20220824_120000.WAV
Median LF frequency in File: 42240.0
Median HF frequency in File: 38880.0
There are now 546978 rows in call catalogue
Looking at bio230143-bucket01/ubna_data_01/recover-20220825/UBNA_004/20220824_123000.WAV
Median LF frequency in File: nan
Median HF frequency in File: 23040.0
There are now 547007 rows in call catalogue
Looking at bio230143-bucket01/ubna_data_01/recover-20220825/UBNA_004/20220824_140000.WAV
Median LF frequency in File: nan
Median HF frequency in File: 18240.0
There are now 547009 rows in call catalogue
Looking at bio230143-bucket01/ubna_data_01/recover-20220825/UBNA_004/20220824_143000.WAV
Median LF frequency in File: nan
Median HF frequency in File: 19200.0
There are now 547017 rows in call catalogue
Looking at bio230143-bucket01/ubna_data_01/recover-20220825/UBNA_004/20220824_153000.WAV
Median LF frequency in File: nan
Median HF frequency in File: 22080.0
There are now 547022 rows in call catalogue
Looking at bio230143-bucket01/ubna_data_01/recover-20220825/UBNA_004/20220825_000000.WAV
Median LF frequency in File: 43200.0
Median HF frequency in File: 20160.0
There are now 547037 rows in call catalogue
Looking at bio230143-bucket01/ubna_data_01/recover-20220825/UBNA_004/20220825_010000.WAV
Median LF frequency in File: 48960.0
Median HF frequency in File: 21120.0
There are now 547064 rows in call catalogue
Looking at bio230143-bucket01/ubna_data_01/recover-20220825/UBNA_004/20220825_013000.WAV
Median LF frequency in File: nan
Median HF frequency in File: 19200.0
There are now 547067 rows in call catalogue
Looking at bio230143-bucket01/ubna_data_01/recover-20220825/UBNA_004/20220825_020000.WAV
Median LF frequency in File: 41280.0
Median HF frequency in File: 20160.0
There are now 547092 rows in call catalogue
Looking at bio230143-bucket01/ubna_data_01/recover-20220825/UBNA_004/20220825_023000.WAV
Median LF frequency in File: nan
Median HF frequency in File: 19200.0
There are now 547093 rows in call catalogue
Looking at bio230143-bucket01/ubna_data_01/recover-20220825/UBNA_004/20220825_030000.WAV
Median LF frequency in File: nan
Median HF frequency in File: 18240.0
There are now 547094 rows in call catalogue
Looking at bio230143-bucket01/ubna_data_01/recover-20220825/UBNA_004/20220825_033000.WAV
Median LF frequency in File: nan
Median HF frequency in File: 23040.0
There are now 547132 rows in call catalogue
Looking at bio230143-bucket01/ubna_data_01/recover-20220825/UBNA_004/20220825_040000.WAV
Median LF frequency in File: 45120.0
Median HF frequency in File: 25920.0
There are now 547185 rows in call catalogue
Looking at bio230143-bucket01/ubna_data_01/recover-20220825/UBNA_004/20220825_043000.WAV
Median LF frequency in File: nan
Median HF frequency in File: 24960.0
There are now 547190 rows in call catalogue
Looking at bio230143-bucket01/ubna_data_01/recover-20220825/UBNA_004/20220825_050000.WAV
Median LF frequency in File: 46080.0
Median HF frequency in File: 25920.0
There are now 547207 rows in call catalogue
Looking at bio230143-bucket01/ubna_data_01/recover-20220825/UBNA_004/20220825_053000.WAV
Median LF frequency in File: 48000.0
Median HF frequency in File: 22080.0
There are now 547321 rows in call catalogue
Looking at bio230143-bucket01/ubna_data_01/recover-20220825/UBNA_004/20220825_060000.WAV
Median LF frequency in File: 46080.0
Median HF frequency in File: 25920.0
There are now 547410 rows in call catalogue
Looking at bio230143-bucket01/ubna_data_01/recover-20220825/UBNA_004/20220825_063000.WAV
Median LF frequency in File: 45120.0
Median HF frequency in File: 24000.0
There are now 547541 rows in call catalogue
Looking at bio230143-bucket01/ubna_data_01/recover-20220825/UBNA_004/20220825_070000.WAV
Median LF frequency in File: 47040.0
Median HF frequency in File: 23040.0
There are now 547579 rows in call catalogue
Looking at bio230143-bucket01/ubna_data_01/recover-20220825/UBNA_004/20220825_073000.WAV
Median LF frequency in File: 48000.0
Median HF frequency in File: 27839.999999999996
There are now 547665 rows in call catalogue
Looking at bio230143-bucket01/ubna_data_01/recover-20220825/UBNA_004/20220825_080000.WAV
Median LF frequency in File: 47040.0
Median HF frequency in File: 21120.0
There are now 547821 rows in call catalogue
Looking at bio230143-bucket01/ubna_data_01/recover-20220825/UBNA_004/20220825_083000.WAV
Median LF frequency in File: 43200.0
Median HF frequency in File: 26880.000000000004
There are now 547850 rows in call catalogue
Looking at bio230143-bucket01/ubna_data_01/recover-20220825/UBNA_004/20220825_090000.WAV
Median LF frequency in File: nan
Median HF frequency in File: 24960.0
There are now 548002 rows in call catalogue
Looking at bio230143-bucket01/ubna_data_01/recover-20220825/UBNA_004/20220825_093000.WAV
Median LF frequency in File: 44160.0
Median HF frequency in File: 23040.0
There are now 548210 rows in call catalogue
Looking at bio230143-bucket01/ubna_data_01/recover-20220825/UBNA_004/20220825_100000.WAV
Median LF frequency in File: nan
Median HF frequency in File: 24960.0
There are now 548278 rows in call catalogue
Looking at bio230143-bucket01/ubna_data_01/recover-20220825/UBNA_004/20220825_103000.WAV
Median LF frequency in File: nan
Median HF frequency in File: 23040.0
There are now 548285 rows in call catalogue
Looking at bio230143-bucket01/ubna_data_01/recover-20220825/UBNA_004/20220825_110000.WAV
Median LF frequency in File: nan
Median HF frequency in File: 23040.0
There are now 548291 rows in call catalogue
Looking at bio230143-bucket01/ubna_data_01/recover-20220825/UBNA_004/20220825_113000.WAV
Median LF frequency in File: 47040.0
Median HF frequency in File: nan
There are now 548294 rows in call catalogue
Looking at bio230143-bucket01/ubna_data_01/recover-20220825/UBNA_004/20220825_120000.WAV
Median LF frequency in File: 48960.0
Median HF frequency in File: 24960.0
There are now 548418 rows in call catalogue
Looking at bio230143-bucket01/ubna_data_01/recover-20220825/UBNA_004/20220825_123000.WAV
Median LF frequency in File: 48480.0
Median HF frequency in File: 24000.0
There are now 548484 rows in call catalogue
Looking at bio230143-bucket01/ubna_data_01/recover-20220825/UBNA_004/20220825_130000.WAV
Median LF frequency in File: nan
Median HF frequency in File: 18720.0
There are now 548488 rows in call catalogue
Looking at bio230143-bucket01/ubna_data_01/recover-20220825/UBNA_004/20220825_133000.WAV
Median LF frequency in File: nan
Median HF frequency in File: 19200.0
There are now 548494 rows in call catalogue
Looking at bio230143-bucket01/ubna_data_01/recover-20220825/UBNA_004/20220825_140000.WAV
Median LF frequency in File: nan
Median HF frequency in File: 17280.0
There are now 548495 rows in call catalogue
Looking at bio230143-bucket01/ubna_data_01/recover-20220825/UBNA_004/20220825_153000.WAV
Median LF frequency in File: nan
Median HF frequency in File: 20160.0
There are now 548515 rows in call catalogue
Looking at bio230143-bucket01/ubna_data_01/recover-20220825/UBNA_004/20220826_000000.WAV
Median LF frequency in File: nan
Median HF frequency in File: 19200.0
There are now 548519 rows in call catalogue
Looking at bio230143-bucket01/ubna_data_02/recover-20220828/UBNA_012/20220826_020000.WAV
Median LF frequency in File: nan
Median HF frequency in File: 16320.000000000002
There are now 548532 rows in call catalogue
Looking at bio230143-bucket01/ubna_data_02/recover-20220828/UBNA_012/20220826_023000.WAV
Median LF frequency in File: nan
Median HF frequency in File: 19680.0
There are now 548550 rows in call catalogue
Looking at bio230143-bucket01/ubna_data_02/recover-20220828/UBNA_012/20220826_030000.WAV
Median LF frequency in File: nan
Median HF frequency in File: 17280.0
There are now 548553 rows in call catalogue
Looking at bio230143-bucket01/ubna_data_02/recover-20220828/UBNA_012/20220826_033000.WAV
Median LF frequency in File: 46080.0
Median HF frequency in File: 24960.0
There are now 548993 rows in call catalogue
Looking at bio230143-bucket01/ubna_data_02/recover-20220828/UBNA_012/20220826_040000.WAV
Median LF frequency in File: 45120.0
Median HF frequency in File: 24960.0
There are now 549365 rows in call catalogue
Looking at bio230143-bucket01/ubna_data_02/recover-20220828/UBNA_012/20220826_043000.WAV
Median LF frequency in File: 44160.0
Median HF frequency in File: 24960.0
There are now 549691 rows in call catalogue
Looking at bio230143-bucket01/ubna_data_02/recover-20220828/UBNA_012/20220826_050000.WAV
Median LF frequency in File: 46560.0
Median HF frequency in File: 24000.0
There are now 549824 rows in call catalogue
Looking at bio230143-bucket01/ubna_data_02/recover-20220828/UBNA_012/20220826_053000.WAV
Median LF frequency in File: 45120.0
Median HF frequency in File: 40320.0
There are now 549998 rows in call catalogue
Looking at bio230143-bucket01/ubna_data_02/recover-20220828/UBNA_012/20220826_060000.WAV
Median LF frequency in File: 46080.0
Median HF frequency in File: 25920.0
There are now 550295 rows in call catalogue
Looking at bio230143-bucket01/ubna_data_02/recover-20220828/UBNA_012/20220826_063000.WAV
Median LF frequency in File: 43200.0
Median HF frequency in File: 25920.0
There are now 551297 rows in call catalogue
Looking at bio230143-bucket01/ubna_data_02/recover-20220828/UBNA_012/20220826_070000.WAV
Median LF frequency in File: 44640.0
Median HF frequency in File: 25920.0
There are now 552031 rows in call catalogue
Looking at bio230143-bucket01/ubna_data_02/recover-20220828/UBNA_012/20220826_073000.WAV
Median LF frequency in File: 48000.0
Median HF frequency in File: 24960.0
There are now 552462 rows in call catalogue
Looking at bio230143-bucket01/ubna_data_02/recover-20220828/UBNA_012/20220826_080000.WAV
Median LF frequency in File: 46080.0
Median HF frequency in File: 25920.0
There are now 552560 rows in call catalogue
Looking at bio230143-bucket01/ubna_data_02/recover-20220828/UBNA_012/20220826_083000.WAV
Median LF frequency in File: 42240.0
Median HF frequency in File: 26400.0
There are now 552677 rows in call catalogue
Looking at bio230143-bucket01/ubna_data_02/recover-20220828/UBNA_012/20220826_090000.WAV
Median LF frequency in File: 45120.0
Median HF frequency in File: 25920.0
There are now 552769 rows in call catalogue
Looking at bio230143-bucket01/ubna_data_02/recover-20220828/UBNA_012/20220826_093000.WAV
Median LF frequency in File: 42240.0
Median HF frequency in File: 39360.0
There are now 552797 rows in call catalogue
Looking at bio230143-bucket01/ubna_data_02/recover-20220828/UBNA_012/20220826_103000.WAV
Median LF frequency in File: nan
Median HF frequency in File: 24960.0
There are now 552813 rows in call catalogue
Looking at bio230143-bucket01/ubna_data_02/recover-20220828/UBNA_012/20220826_110000.WAV
Median LF frequency in File: 47040.0
Median HF frequency in File: nan
There are now 552814 rows in call catalogue
Looking at bio230143-bucket01/ubna_data_02/recover-20220828/UBNA_012/20220826_113000.WAV
Median LF frequency in File: 44160.0
Median HF frequency in File: 37440.0
There are now 552872 rows in call catalogue
Looking at bio230143-bucket01/ubna_data_02/recover-20220828/UBNA_012/20220826_120000.WAV
Median LF frequency in File: nan
Median HF frequency in File: 25920.0
There are now 552873 rows in call catalogue
Looking at bio230143-bucket01/ubna_data_02/recover-20220828/UBNA_012/20220826_123000.WAV
Median LF frequency in File: 48000.0
Median HF frequency in File: nan
There are now 552899 rows in call catalogue
Looking at bio230143-bucket01/ubna_data_02/recover-20220828/UBNA_012/20220826_130000.WAV
Median LF frequency in File: nan
Median HF frequency in File: 18240.0
There are now 552902 rows in call catalogue
Looking at bio230143-bucket01/ubna_data_02/recover-20220828/UBNA_012/20220826_133000.WAV
Median LF frequency in File: nan
Median HF frequency in File: 20160.0
There are now 552906 rows in call catalogue
Looking at bio230143-bucket01/ubna_data_02/recover-20220828/UBNA_012/20220826_140000.WAV
Median LF frequency in File: nan
Median HF frequency in File: 18240.0
There are now 552921 rows in call catalogue
Looking at bio230143-bucket01/ubna_data_02/recover-20220828/UBNA_012/20220826_143000.WAV
Median LF frequency in File: nan
Median HF frequency in File: 19200.0
There are now 552926 rows in call catalogue
Looking at bio230143-bucket01/ubna_data_02/recover-20220828/UBNA_012/20220826_150000.WAV
Median LF frequency in File: nan
Median HF frequency in File: 17280.0
There are now 552929 rows in call catalogue
Looking at bio230143-bucket01/ubna_data_02/recover-20220828/UBNA_012/20220827_000000.WAV
Median LF frequency in File: nan
Median HF frequency in File: 34560.0
There are now 552935 rows in call catalogue
Looking at bio230143-bucket01/ubna_data_02/recover-20220828/UBNA_012/20220827_003000.WAV
Median LF frequency in File: nan
Median HF frequency in File: 20160.0
There are now 552938 rows in call catalogue
Looking at bio230143-bucket01/ubna_data_02/recover-20220828/UBNA_012/20220827_010000.WAV
Median LF frequency in File: nan
Median HF frequency in File: 17280.0
There are now 552943 rows in call catalogue
Looking at bio230143-bucket01/ubna_data_02/recover-20220828/UBNA_012/20220827_013000.WAV
Median LF frequency in File: nan
Median HF frequency in File: 20640.0
There are now 552945 rows in call catalogue
Looking at bio230143-bucket01/ubna_data_02/recover-20220828/UBNA_012/20220827_020000.WAV
Median LF frequency in File: nan
Median HF frequency in File: 15360.0
There are now 552946 rows in call catalogue
Looking at bio230143-bucket01/ubna_data_02/recover-20220828/UBNA_012/20220827_023000.WAV
Median LF frequency in File: nan
Median HF frequency in File: 19200.0
There are now 552950 rows in call catalogue
Looking at bio230143-bucket01/ubna_data_02/recover-20220828/UBNA_012/20220827_033000.WAV
Median LF frequency in File: 44160.0
Median HF frequency in File: 25920.0
There are now 553120 rows in call catalogue
Looking at bio230143-bucket01/ubna_data_02/recover-20220828/UBNA_012/20220827_040000.WAV
Median LF frequency in File: 42240.0
Median HF frequency in File: 24960.0
There are now 553364 rows in call catalogue
Looking at bio230143-bucket01/ubna_data_02/recover-20220828/UBNA_012/20220827_043000.WAV
Median LF frequency in File: 45120.0
Median HF frequency in File: 25920.0
There are now 553511 rows in call catalogue
Looking at bio230143-bucket01/ubna_data_02/recover-20220828/UBNA_012/20220827_050000.WAV
Median LF frequency in File: 47040.0
Median HF frequency in File: 24960.0
There are now 553566 rows in call catalogue
Looking at bio230143-bucket01/ubna_data_02/recover-20220828/UBNA_012/20220827_053000.WAV
Median LF frequency in File: 46080.0
Median HF frequency in File: 27839.999999999996
There are now 553786 rows in call catalogue
Looking at bio230143-bucket01/ubna_data_02/recover-20220828/UBNA_012/20220827_060000.WAV
Median LF frequency in File: 46080.0
Median HF frequency in File: 23040.0
There are now 553932 rows in call catalogue
Looking at bio230143-bucket01/ubna_data_02/recover-20220828/UBNA_012/20220827_063000.WAV
Median LF frequency in File: 43200.0
Median HF frequency in File: 24960.0
There are now 553969 rows in call catalogue
Looking at bio230143-bucket01/ubna_data_02/recover-20220828/UBNA_012/20220827_070000.WAV
Median LF frequency in File: 46080.0
Median HF frequency in File: 24960.0
There are now 554100 rows in call catalogue
Looking at bio230143-bucket01/ubna_data_02/recover-20220828/UBNA_012/20220827_073000.WAV
Median LF frequency in File: 44160.0
Median HF frequency in File: 24960.0
There are now 554478 rows in call catalogue
Looking at bio230143-bucket01/ubna_data_02/recover-20220828/UBNA_012/20220827_080000.WAV
Median LF frequency in File: nan
Median HF frequency in File: 25920.0
There are now 554597 rows in call catalogue
Looking at bio230143-bucket01/ubna_data_02/recover-20220828/UBNA_012/20220827_083000.WAV
Median LF frequency in File: 44160.0
Median HF frequency in File: 40320.0
There are now 554613 rows in call catalogue
Looking at bio230143-bucket01/ubna_data_02/recover-20220828/UBNA_012/20220827_090000.WAV
Median LF frequency in File: 45120.0
Median HF frequency in File: 39840.0
There are now 554819 rows in call catalogue
Looking at bio230143-bucket01/ubna_data_02/recover-20220828/UBNA_012/20220827_093000.WAV
Median LF frequency in File: 45120.0
Median HF frequency in File: 40320.0
There are now 554952 rows in call catalogue
Looking at bio230143-bucket01/ubna_data_02/recover-20220828/UBNA_012/20220827_100000.WAV
Median LF frequency in File: 48960.0
Median HF frequency in File: 17280.0
There are now 555003 rows in call catalogue
Looking at bio230143-bucket01/ubna_data_02/recover-20220828/UBNA_012/20220827_103000.WAV
Median LF frequency in File: 44160.0
Median HF frequency in File: 20160.0
There are now 555068 rows in call catalogue
Looking at bio230143-bucket01/ubna_data_02/recover-20220828/UBNA_012/20220827_110000.WAV
Median LF frequency in File: nan
Median HF frequency in File: 20160.0
There are now 555072 rows in call catalogue
Looking at bio230143-bucket01/ubna_data_02/recover-20220828/UBNA_012/20220827_113000.WAV
Median LF frequency in File: 44160.0
Median HF frequency in File: 40320.0
There are now 555281 rows in call catalogue
Looking at bio230143-bucket01/ubna_data_02/recover-20220828/UBNA_012/20220827_120000.WAV
Median LF frequency in File: nan
Median HF frequency in File: 20160.0
There are now 555282 rows in call catalogue
Looking at bio230143-bucket01/ubna_data_02/recover-20220828/UBNA_012/20220827_123000.WAV
Median LF frequency in File: 43680.0
Median HF frequency in File: 21120.0
There are now 555352 rows in call catalogue
Looking at bio230143-bucket01/ubna_data_02/recover-20220828/UBNA_012/20220827_130000.WAV
Median LF frequency in File: nan
Median HF frequency in File: 18240.0
There are now 555359 rows in call catalogue
Looking at bio230143-bucket01/ubna_data_02/recover-20220828/UBNA_012/20220827_140000.WAV
Median LF frequency in File: nan
Median HF frequency in File: 20160.0
There are now 555375 rows in call catalogue
Looking at bio230143-bucket01/ubna_data_02/recover-20220828/UBNA_012/20220828_000000.WAV
Median LF frequency in File: nan
Median HF frequency in File: 20160.0
There are now 555377 rows in call catalogue
Looking at bio230143-bucket01/ubna_data_02/recover-20220828/UBNA_012/20220828_003000.WAV
Median LF frequency in File: nan
Median HF frequency in File: 16320.0
There are now 555387 rows in call catalogue
Looking at bio230143-bucket01/ubna_data_02/recover-20220828/UBNA_012/20220828_020000.WAV
Median LF frequency in File: nan
Median HF frequency in File: 18720.0
There are now 555391 rows in call catalogue
Looking at bio230143-bucket01/ubna_data_02/recover-20220828/UBNA_012/20220828_023000.WAV
Median LF frequency in File: nan
Median HF frequency in File: 18720.0
There are now 555393 rows in call catalogue
Looking at bio230143-bucket01/ubna_data_02/recover-20220828/UBNA_012/20220828_030000.WAV
Median LF frequency in File: nan
Median HF frequency in File: 20160.0
There are now 555394 rows in call catalogue
Looking at bio230143-bucket01/ubna_data_02/recover-20220828/UBNA_012/20220828_033000.WAV
Median LF frequency in File: 41280.0
Median HF frequency in File: 24960.0
There are now 556007 rows in call catalogue
Looking at bio230143-bucket01/ubna_data_02/recover-20220828/UBNA_012/20220828_040000.WAV
Median LF frequency in File: 42240.0
Median HF frequency in File: 24960.0
There are now 556435 rows in call catalogue
Looking at bio230143-bucket01/ubna_data_02/recover-20220828/UBNA_012/20220828_043000.WAV
Median LF frequency in File: 46080.0
Median HF frequency in File: 24960.0
There are now 556604 rows in call catalogue
Looking at bio230143-bucket01/ubna_data_02/recover-20220828/UBNA_012/20220828_050000.WAV
Median LF frequency in File: 43200.0
Median HF frequency in File: 24960.0
There are now 556728 rows in call catalogue
Looking at bio230143-bucket01/ubna_data_02/recover-20220828/UBNA_012/20220828_053000.WAV
Median LF frequency in File: 47040.0
Median HF frequency in File: 25920.0
There are now 556759 rows in call catalogue
Looking at bio230143-bucket01/ubna_data_02/recover-20220828/UBNA_012/20220828_060000.WAV
Median LF frequency in File: 44160.0
Median HF frequency in File: 26880.000000000004
There are now 556982 rows in call catalogue
Looking at bio230143-bucket01/ubna_data_02/recover-20220828/UBNA_012/20220828_063000.WAV
Median LF frequency in File: 42240.0
Median HF frequency in File: 39360.0
There are now 557002 rows in call catalogue
Looking at bio230143-bucket01/ubna_data_02/recover-20220828/UBNA_012/20220828_070000.WAV
Median LF frequency in File: 41760.0
Median HF frequency in File: 40320.0
There are now 557049 rows in call catalogue
Looking at bio230143-bucket01/ubna_data_02/recover-20220828/UBNA_012/20220828_073000.WAV
Median LF frequency in File: 45120.0
Median HF frequency in File: 37440.0
There are now 557056 rows in call catalogue
Looking at bio230143-bucket01/ubna_data_02/recover-20220828/UBNA_012/20220828_083000.WAV
Median LF frequency in File: 47040.0
Median HF frequency in File: 40320.0
There are now 557068 rows in call catalogue
Looking at bio230143-bucket01/ubna_data_02/recover-20220828/UBNA_012/20220828_090000.WAV
Median LF frequency in File: 52800.00000000001
Median HF frequency in File: nan
There are now 557093 rows in call catalogue
Looking at bio230143-bucket01/ubna_data_02/recover-20220828/UBNA_012/20220828_093000.WAV
Median LF frequency in File: 46560.0
Median HF frequency in File: 20160.0
There are now 557112 rows in call catalogue
Looking at bio230143-bucket01/ubna_data_02/recover-20220828/UBNA_012/20220828_100000.WAV
Median LF frequency in File: nan
Median HF frequency in File: 20160.0
There are now 557119 rows in call catalogue
Looking at bio230143-bucket01/ubna_data_02/recover-20220828/UBNA_012/20220828_103000.WAV
Median LF frequency in File: 44160.0
Median HF frequency in File: 40320.0
There are now 557202 rows in call catalogue
Looking at bio230143-bucket01/ubna_data_02/recover-20220828/UBNA_012/20220828_110000.WAV
Median LF frequency in File: nan
Median HF frequency in File: 19200.0
There are now 557203 rows in call catalogue
Looking at bio230143-bucket01/ubna_data_02/recover-20220828/UBNA_012/20220828_113000.WAV
Median LF frequency in File: nan
Median HF frequency in File: 20160.0
There are now 557206 rows in call catalogue
Looking at bio230143-bucket01/ubna_data_02/recover-20220828/UBNA_012/20220828_120000.WAV
Median LF frequency in File: 43200.0
Median HF frequency in File: 35520.0
There are now 557247 rows in call catalogue
Looking at bio230143-bucket01/ubna_data_02/recover-20220828/UBNA_012/20220828_123000.WAV
Median LF frequency in File: 48480.0
Median HF frequency in File: nan
There are now 557249 rows in call catalogue
Looking at bio230143-bucket01/ubna_data_02/recover-20220828/UBNA_012/20220828_133000.WAV
Median LF frequency in File: nan
Median HF frequency in File: 20160.0
There are now 557258 rows in call catalogue
Looking at bio230143-bucket01/ubna_data_02/recover-20220828/UBNA_012/20220828_140000.WAV
Median LF frequency in File: nan
Median HF frequency in File: 17760.0
There are now 557260 rows in call catalogue
Looking at bio230143-bucket01/ubna_data_02/recover-20220828/UBNA_012/20220828_143000.WAV
Median LF frequency in File: nan
Median HF frequency in File: 17280.0
There are now 557265 rows in call catalogue
Looking at bio230143-bucket01/ubna_data_02/recover-20220828/UBNA_012/20220828_150000.WAV
Median LF frequency in File: nan
Median HF frequency in File: 19200.0
There are now 557266 rows in call catalogue
Looking at bio230143-bucket01/ubna_data_02/recover-20220828/UBNA_012/20220828_153000.WAV
Median LF frequency in File: nan
Median HF frequency in File: 20160.0
There are now 557268 rows in call catalogue
Looking at bio230143-bucket01/ubna_data_02/recover-20220828/UBNA_012/20220829_000000.WAV
Median LF frequency in File: nan
Median HF frequency in File: 16320.000000000002
There are now 557317 rows in call catalogue
Looking at bio230143-bucket01/ubna_data_02/recover-20220828/UBNA_012/20220829_003000.WAV
Median LF frequency in File: 56640.0
Median HF frequency in File: 20160.0
There are now 557335 rows in call catalogue
Looking at bio230143-bucket01/ubna_data_02/recover-20220828/UBNA_012/20220829_010000.WAV
Median LF frequency in File: 44160.0
Median HF frequency in File: 20160.0
There are now 557347 rows in call catalogue
Looking at bio230143-bucket01/ubna_data_02/recover-20220828/UBNA_012/20220829_013000.WAV
Median LF frequency in File: 46080.0
Median HF frequency in File: 17280.0
There are now 557368 rows in call catalogue
Looking at bio230143-bucket01/ubna_data_02/recover-20220828/UBNA_012/20220829_020000.WAV
Median LF frequency in File: nan
Median HF frequency in File: 15360.0
There are now 557369 rows in call catalogue
Looking at bio230143-bucket01/ubna_data_02/recover-20220828/UBNA_012/20220829_023000.WAV
Median LF frequency in File: nan
Median HF frequency in File: 20160.0
There are now 557370 rows in call catalogue
Looking at bio230143-bucket01/ubna_data_02/recover-20220828/UBNA_012/20220829_030000.WAV
Median LF frequency in File: nan
Median HF frequency in File: 20160.0
There are now 557373 rows in call catalogue
Looking at bio230143-bucket01/ubna_data_02/recover-20220828/UBNA_012/20220829_033000.WAV
Median LF frequency in File: 45120.0
Median HF frequency in File: 24960.0
There are now 557888 rows in call catalogue
Looking at bio230143-bucket01/ubna_data_02/recover-20220828/UBNA_012/20220829_040000.WAV
Median LF frequency in File: nan
Median HF frequency in File: 24000.0
There are now 558113 rows in call catalogue
Looking at bio230143-bucket01/ubna_data_02/recover-20220828/UBNA_012/20220829_043000.WAV
Median LF frequency in File: 47040.0
Median HF frequency in File: 25920.0
There are now 558149 rows in call catalogue
Looking at bio230143-bucket01/ubna_data_02/recover-20220828/UBNA_012/20220829_050000.WAV
Median LF frequency in File: 42240.0
Median HF frequency in File: 20160.0
There are now 558176 rows in call catalogue
Looking at bio230143-bucket01/ubna_data_02/recover-20220828/UBNA_012/20220829_053000.WAV
Median LF frequency in File: 41280.0
Median HF frequency in File: 39360.0
There are now 558192 rows in call catalogue
Looking at bio230143-bucket01/ubna_data_02/recover-20220828/UBNA_012/20220829_060000.WAV
Median LF frequency in File: 42240.0
Median HF frequency in File: 24000.0
There are now 558288 rows in call catalogue
Looking at bio230143-bucket01/ubna_data_02/recover-20220828/UBNA_012/20220829_063000.WAV
Median LF frequency in File: 44160.0
Median HF frequency in File: 24960.0
There are now 558323 rows in call catalogue
Looking at bio230143-bucket01/ubna_data_02/recover-20220828/UBNA_012/20220829_070000.WAV
Median LF frequency in File: 46080.0
Median HF frequency in File: 24960.0
There are now 558448 rows in call catalogue
Looking at bio230143-bucket01/ubna_data_02/recover-20220828/UBNA_012/20220829_073000.WAV
Median LF frequency in File: nan
Median HF frequency in File: 20160.0
There are now 558459 rows in call catalogue
Looking at bio230143-bucket01/ubna_data_02/recover-20220828/UBNA_012/20220829_080000.WAV
Median LF frequency in File: nan
Median HF frequency in File: 18240.0
There are now 558462 rows in call catalogue
Looking at bio230143-bucket01/ubna_data_02/recover-20220828/UBNA_012/20220829_083000.WAV
Median LF frequency in File: 43680.0
Median HF frequency in File: 20640.0
There are now 558482 rows in call catalogue
Looking at bio230143-bucket01/ubna_data_02/recover-20220828/UBNA_012/20220829_090000.WAV
Median LF frequency in File: nan
Median HF frequency in File: 19680.0
There are now 558488 rows in call catalogue
Looking at bio230143-bucket01/ubna_data_02/recover-20220828/UBNA_012/20220829_093000.WAV
Median LF frequency in File: 45120.0
Median HF frequency in File: 20640.0
There are now 558533 rows in call catalogue
Looking at bio230143-bucket01/ubna_data_02/recover-20220828/UBNA_012/20220829_100000.WAV
Median LF frequency in File: 46080.0
Median HF frequency in File: 15360.0
There are now 558539 rows in call catalogue
Looking at bio230143-bucket01/ubna_data_02/recover-20220828/UBNA_012/20220829_103000.WAV
Median LF frequency in File: 44160.0
Median HF frequency in File: 16800.0
There are now 558548 rows in call catalogue
Looking at bio230143-bucket01/ubna_data_02/recover-20220828/UBNA_012/20220829_110000.WAV
Median LF frequency in File: 47040.0
Median HF frequency in File: 25440.0
There are now 558563 rows in call catalogue
Looking at bio230143-bucket01/ubna_data_02/recover-20220828/UBNA_012/20220829_113000.WAV
Median LF frequency in File: 44160.0
Median HF frequency in File: 17280.0
There are now 558565 rows in call catalogue
Looking at bio230143-bucket01/ubna_data_02/recover-20220828/UBNA_012/20220829_120000.WAV
Median LF frequency in File: 45120.0
Median HF frequency in File: 21120.0
There are now 558572 rows in call catalogue
Looking at bio230143-bucket01/ubna_data_02/recover-20220828/UBNA_012/20220829_123000.WAV
Median LF frequency in File: nan
Median HF frequency in File: 17280.0
There are now 558576 rows in call catalogue
Looking at bio230143-bucket01/ubna_data_02/recover-20220828/UBNA_012/20220829_130000.WAV
Median LF frequency in File: nan
Median HF frequency in File: 17280.0
There are now 558577 rows in call catalogue
Looking at bio230143-bucket01/ubna_data_02/recover-20220828/UBNA_012/20220829_133000.WAV
Median LF frequency in File: nan
Median HF frequency in File: 19680.0
There are now 558585 rows in call catalogue
Looking at bio230143-bucket01/ubna_data_02/recover-20220828/UBNA_012/20220829_140000.WAV
Median LF frequency in File: nan
Median HF frequency in File: 20160.0
There are now 558598 rows in call catalogue
Looking at bio230143-bucket01/ubna_data_02/recover-20220828/UBNA_012/20220829_143000.WAV
Median LF frequency in File: nan
Median HF frequency in File: 15360.0
There are now 558607 rows in call catalogue
Looking at bio230143-bucket01/ubna_data_02/recover-20220828/UBNA_012/20220829_150000.WAV
Median LF frequency in File: nan
Median HF frequency in File: 17280.0
There are now 558618 rows in call catalogue
Looking at bio230143-bucket01/ubna_data_02/recover-20220828/UBNA_012/20220829_153000.WAV
Median LF frequency in File: nan
Median HF frequency in File: 16320.000000000002
There are now 558625 rows in call catalogue
Looking at bio230143-bucket01/ubna_data_02/recover-20220901/UBNA_005/20220830_010000.WAV
Median LF frequency in File: nan
Median HF frequency in File: 20160.0
There are now 558629 rows in call catalogue
Looking at bio230143-bucket01/ubna_data_02/recover-20220901/UBNA_005/20220830_013000.WAV
Median LF frequency in File: nan
Median HF frequency in File: 18720.0
There are now 558631 rows in call catalogue
Looking at bio230143-bucket01/ubna_data_02/recover-20220901/UBNA_005/20220830_020000.WAV
Median LF frequency in File: nan
Median HF frequency in File: 18240.0
There are now 558634 rows in call catalogue
Looking at bio230143-bucket01/ubna_data_02/recover-20220901/UBNA_005/20220830_023000.WAV
Median LF frequency in File: nan
Median HF frequency in File: 20160.0
There are now 558635 rows in call catalogue
Looking at bio230143-bucket01/ubna_data_02/recover-20220901/UBNA_005/20220830_030000.WAV
Median LF frequency in File: nan
Median HF frequency in File: 19200.0
There are now 558644 rows in call catalogue
Looking at bio230143-bucket01/ubna_data_02/recover-20220901/UBNA_005/20220830_033000.WAV
Median LF frequency in File: 43200.0
Median HF frequency in File: 25920.0
There are now 559463 rows in call catalogue
Looking at bio230143-bucket01/ubna_data_02/recover-20220901/UBNA_005/20220830_040000.WAV
Median LF frequency in File: 46560.0
Median HF frequency in File: 24960.0
There are now 559583 rows in call catalogue
Looking at bio230143-bucket01/ubna_data_02/recover-20220901/UBNA_005/20220830_043000.WAV
Median LF frequency in File: nan
Median HF frequency in File: 23040.0
