start_time,end_time,low_freq,high_freq,class,class_prob,det_prob,individual,event,input_file,Site name,Recover Folder,SD Card,File Duration
24.3465,24.351,47812.0,57425.0,Pipistrellus pipistrellus,0.232,0.252,-1,Echolocation,/mnt/ubna_data_01_mir/recover-20220815/UBNA_011/20220812_060000.WAV,Foliage,recover-20220815,011,1795
35.8895,35.9019,44375.0,47881.0,Pipistrellus pipistrellus,0.215,0.258,-1,Echolocation,/mnt/ubna_data_01_mir/recover-20220815/UBNA_011/20220812_060000.WAV,Foliage,recover-20220815,011,1795
70.5475,70.5603,23750.0,28935.0,Nyctalus leisleri,0.222,0.362,-1,Echolocation,/mnt/ubna_data_01_mir/recover-20220815/UBNA_011/20220812_060000.WAV,Foliage,recover-20220815,011,1795
72.0365,72.0558,24609.0,27430.0,Nyctalus leisleri,0.258,0.332,-1,Echolocation,/mnt/ubna_data_01_mir/recover-20220815/UBNA_011/20220812_060000.WAV,Foliage,recover-20220815,011,1795
72.2675,72.2847,24609.0,29240.0,Nyctalus leisleri,0.194,0.339,-1,Echolocation,/mnt/ubna_data_01_mir/recover-20220815/UBNA_011/20220812_060000.WAV,Foliage,recover-20220815,011,1795
72.8315,72.856,23750.0,28473.0,Nyctalus leisleri,0.173,0.281,-1,Echolocation,/mnt/ubna_data_01_mir/recover-20220815/UBNA_011/20220812_060000.WAV,Foliage,recover-20220815,011,1795
73.5115,73.5335,23750.0,27793.0,Nyctalus leisleri,0.106,0.212,-1,Echolocation,/mnt/ubna_data_01_mir/recover-20220815/UBNA_011/20220812_060000.WAV,Foliage,recover-20220815,011,1795
152.2565,152.2651,46953.0,52197.0,Pipistrellus pipistrellus,0.211,0.231,-1,Echolocation,/mnt/ubna_data_01_mir/recover-20220815/UBNA_011/20220812_060000.WAV,Foliage,recover-20220815,011,1795
343.2145,343.2259,23750.0,28515.0,Nyctalus leisleri,0.233,0.427,-1,Echolocation,/mnt/ubna_data_01_mir/recover-20220815/UBNA_011/20220812_060000.WAV,Foliage,recover-20220815,011,1795
343.6555,343.6692,23750.0,28954.0,Nyctalus leisleri,0.307,0.512,-1,Echolocation,/mnt/ubna_data_01_mir/recover-20220815/UBNA_011/20220812_060000.WAV,Foliage,recover-20220815,011,1795
346.14549999999997,346.1586,23750.0,28564.0,Nyctalus leisleri,0.312,0.503,-1,Echolocation,/mnt/ubna_data_01_mir/recover-20220815/UBNA_011/20220812_060000.WAV,Foliage,recover-20220815,011,1795
347.4385,347.453,23750.0,28249.0,Nyctalus leisleri,0.278,0.441,-1,Echolocation,/mnt/ubna_data_01_mir/recover-20220815/UBNA_011/20220812_060000.WAV,Foliage,recover-20220815,011,1795
347.7315,347.7481,23750.0,27827.0,Nyctalus leisleri,0.144,0.25,-1,Echolocation,/mnt/ubna_data_01_mir/recover-20220815/UBNA_011/20220812_060000.WAV,Foliage,recover-20220815,011,1795
348.0385,348.0537,23750.0,27616.0,Nyctalus leisleri,0.515,0.61,-1,Echolocation,/mnt/ubna_data_01_mir/recover-20220815/UBNA_011/20220812_060000.WAV,Foliage,recover-20220815,011,1795
348.8115,348.8265,22890.0,27196.0,Nyctalus leisleri,0.413,0.563,-1,Echolocation,/mnt/ubna_data_01_mir/recover-20220815/UBNA_011/20220812_060000.WAV,Foliage,recover-20220815,011,1795
363.4365,363.4467,24609.0,30727.0,Eptesicus serotinus,0.225,0.392,-1,Echolocation,/mnt/ubna_data_01_mir/recover-20220815/UBNA_011/20220812_060000.WAV,Foliage,recover-20220815,011,1795
363.6015,363.6132,24609.0,29325.0,Eptesicus serotinus,0.122,0.299,-1,Echolocation,/mnt/ubna_data_01_mir/recover-20220815/UBNA_011/20220812_060000.WAV,Foliage,recover-20220815,011,1795
363.8755,363.8867,24609.0,29996.0,Eptesicus serotinus,0.229,0.517,-1,Echolocation,/mnt/ubna_data_01_mir/recover-20220815/UBNA_011/20220812_060000.WAV,Foliage,recover-20220815,011,1795
364.0375,364.0478,25468.0,30744.0,Nyctalus leisleri,0.262,0.547,-1,Echolocation,/mnt/ubna_data_01_mir/recover-20220815/UBNA_011/20220812_060000.WAV,Foliage,recover-20220815,011,1795
364.2065,364.2161,24609.0,30801.0,Eptesicus serotinus,0.228,0.447,-1,Echolocation,/mnt/ubna_data_01_mir/recover-20220815/UBNA_011/20220812_060000.WAV,Foliage,recover-20220815,011,1795
364.4765,364.4872,24609.0,29992.0,Nyctalus leisleri,0.202,0.414,-1,Echolocation,/mnt/ubna_data_01_mir/recover-20220815/UBNA_011/20220812_060000.WAV,Foliage,recover-20220815,011,1795
364.6285,364.6393,24609.0,30149.0,Eptesicus serotinus,0.163,0.351,-1,Echolocation,/mnt/ubna_data_01_mir/recover-20220815/UBNA_011/20220812_060000.WAV,Foliage,recover-20220815,011,1795
364.8995,364.9104,24609.0,30864.0,Eptesicus serotinus,0.244,0.461,-1,Echolocation,/mnt/ubna_data_01_mir/recover-20220815/UBNA_011/20220812_060000.WAV,Foliage,recover-20220815,011,1795
365.0555,365.0671,25468.0,32278.0,Nyctalus leisleri,0.243,0.525,-1,Echolocation,/mnt/ubna_data_01_mir/recover-20220815/UBNA_011/20220812_060000.WAV,Foliage,recover-20220815,011,1795
365.3295,365.3407,23750.0,29167.0,Nyctalus leisleri,0.295,0.475,-1,Echolocation,/mnt/ubna_data_01_mir/recover-20220815/UBNA_011/20220812_060000.WAV,Foliage,recover-20220815,011,1795
365.4895,365.5015,25468.0,32840.0,Eptesicus serotinus,0.291,0.621,-1,Echolocation,/mnt/ubna_data_01_mir/recover-20220815/UBNA_011/20220812_060000.WAV,Foliage,recover-20220815,011,1795
365.7495,365.7607,24609.0,30354.0,Eptesicus serotinus,0.221,0.436,-1,Echolocation,/mnt/ubna_data_01_mir/recover-20220815/UBNA_011/20220812_060000.WAV,Foliage,recover-20220815,011,1795
365.9115,365.9219,24609.0,31532.0,Eptesicus serotinus,0.245,0.437,-1,Echolocation,/mnt/ubna_data_01_mir/recover-20220815/UBNA_011/20220812_060000.WAV,Foliage,recover-20220815,011,1795
366.1855,366.1984,24609.0,34703.0,Eptesicus serotinus,0.46,0.589,-1,Echolocation,/mnt/ubna_data_01_mir/recover-20220815/UBNA_011/20220812_060000.WAV,Foliage,recover-20220815,011,1795
366.3515,366.364,24609.0,36660.0,Eptesicus serotinus,0.544,0.64,-1,Echolocation,/mnt/ubna_data_01_mir/recover-20220815/UBNA_011/20220812_060000.WAV,Foliage,recover-20220815,011,1795
366.6195,366.6309,25468.0,36054.0,Eptesicus serotinus,0.421,0.667,-1,Echolocation,/mnt/ubna_data_01_mir/recover-20220815/UBNA_011/20220812_060000.WAV,Foliage,recover-20220815,011,1795
366.7765,366.7871,25468.0,36677.0,Eptesicus serotinus,0.497,0.599,-1,Echolocation,/mnt/ubna_data_01_mir/recover-20220815/UBNA_011/20220812_060000.WAV,Foliage,recover-20220815,011,1795
366.9305,366.9406,25468.0,34279.0,Eptesicus serotinus,0.411,0.594,-1,Echolocation,/mnt/ubna_data_01_mir/recover-20220815/UBNA_011/20220812_060000.WAV,Foliage,recover-20220815,011,1795
367.0595,367.0705,25468.0,33324.0,Eptesicus serotinus,0.367,0.521,-1,Echolocation,/mnt/ubna_data_01_mir/recover-20220815/UBNA_011/20220812_060000.WAV,Foliage,recover-20220815,011,1795
367.2145,367.2255,25468.0,30619.0,Eptesicus serotinus,0.14,0.261,-1,Echolocation,/mnt/ubna_data_01_mir/recover-20220815/UBNA_011/20220812_060000.WAV,Foliage,recover-20220815,011,1795
367.8265,367.8377,25468.0,30552.0,Eptesicus serotinus,0.175,0.298,-1,Echolocation,/mnt/ubna_data_01_mir/recover-20220815/UBNA_011/20220812_060000.WAV,Foliage,recover-20220815,011,1795
368.0315,368.046,23750.0,29157.0,Eptesicus serotinus,0.13,0.307,-1,Echolocation,/mnt/ubna_data_01_mir/recover-20220815/UBNA_011/20220812_060000.WAV,Foliage,recover-20220815,011,1795
368.2585,368.2712,24609.0,30153.0,Nyctalus leisleri,0.211,0.42,-1,Echolocation,/mnt/ubna_data_01_mir/recover-20220815/UBNA_011/20220812_060000.WAV,Foliage,recover-20220815,011,1795
368.5065,368.5162,24609.0,30266.0,Eptesicus serotinus,0.212,0.47,-1,Echolocation,/mnt/ubna_data_01_mir/recover-20220815/UBNA_011/20220812_060000.WAV,Foliage,recover-20220815,011,1795
368.6605,368.6727,25468.0,30525.0,Nyctalus leisleri,0.405,0.559,-1,Echolocation,/mnt/ubna_data_01_mir/recover-20220815/UBNA_011/20220812_060000.WAV,Foliage,recover-20220815,011,1795
368.9335,368.9483,23750.0,28074.0,Nyctalus leisleri,0.178,0.341,-1,Echolocation,/mnt/ubna_data_01_mir/recover-20220815/UBNA_011/20220812_060000.WAV,Foliage,recover-20220815,011,1795
369.2635,369.2789,23750.0,27862.0,Nyctalus leisleri,0.172,0.294,-1,Echolocation,/mnt/ubna_data_01_mir/recover-20220815/UBNA_011/20220812_060000.WAV,Foliage,recover-20220815,011,1795
369.5495,369.5656,23750.0,27959.0,Nyctalus leisleri,0.212,0.319,-1,Echolocation,/mnt/ubna_data_01_mir/recover-20220815/UBNA_011/20220812_060000.WAV,Foliage,recover-20220815,011,1795
402.1205,402.1326,25468.0,30100.0,Nyctalus leisleri,0.108,0.255,-1,Echolocation,/mnt/ubna_data_01_mir/recover-20220815/UBNA_011/20220812_060000.WAV,Foliage,recover-20220815,011,1795
453.4255,453.4422,25468.0,32330.0,Eptesicus serotinus,0.193,0.293,-1,Echolocation,/mnt/ubna_data_01_mir/recover-20220815/UBNA_011/20220812_060000.WAV,Foliage,recover-20220815,011,1795
454.5875,454.6064,25468.0,29882.0,Nyctalus leisleri,0.189,0.294,-1,Echolocation,/mnt/ubna_data_01_mir/recover-20220815/UBNA_011/20220812_060000.WAV,Foliage,recover-20220815,011,1795
455.0935,455.1087,25468.0,30224.0,Nyctalus leisleri,0.19,0.355,-1,Echolocation,/mnt/ubna_data_01_mir/recover-20220815/UBNA_011/20220812_060000.WAV,Foliage,recover-20220815,011,1795
462.7325,462.7478,24609.0,28957.0,Nyctalus leisleri,0.141,0.296,-1,Echolocation,/mnt/ubna_data_01_mir/recover-20220815/UBNA_011/20220812_060000.WAV,Foliage,recover-20220815,011,1795
463.2575,463.2719,24609.0,29190.0,Nyctalus leisleri,0.219,0.381,-1,Echolocation,/mnt/ubna_data_01_mir/recover-20220815/UBNA_011/20220812_060000.WAV,Foliage,recover-20220815,011,1795
463.7775,463.7949,23750.0,28353.0,Nyctalus leisleri,0.12,0.25,-1,Echolocation,/mnt/ubna_data_01_mir/recover-20220815/UBNA_011/20220812_060000.WAV,Foliage,recover-20220815,011,1795
491.7985,491.8214,24609.0,28217.0,Nyctalus leisleri,0.133,0.207,-1,Echolocation,/mnt/ubna_data_01_mir/recover-20220815/UBNA_011/20220812_060000.WAV,Foliage,recover-20220815,011,1795
492.0595,492.084,23750.0,27417.0,Nyctalus leisleri,0.159,0.221,-1,Echolocation,/mnt/ubna_data_01_mir/recover-20220815/UBNA_011/20220812_060000.WAV,Foliage,recover-20220815,011,1795
492.3085,492.331,23750.0,28362.0,Nyctalus leisleri,0.152,0.262,-1,Echolocation,/mnt/ubna_data_01_mir/recover-20220815/UBNA_011/20220812_060000.WAV,Foliage,recover-20220815,011,1795
492.5615,492.579,23750.0,27834.0,Nyctalus leisleri,0.462,0.546,-1,Echolocation,/mnt/ubna_data_01_mir/recover-20220815/UBNA_011/20220812_060000.WAV,Foliage,recover-20220815,011,1795
492.7485,492.7697,24609.0,27789.0,Nyctalus leisleri,0.311,0.392,-1,Echolocation,/mnt/ubna_data_01_mir/recover-20220815/UBNA_011/20220812_060000.WAV,Foliage,recover-20220815,011,1795
492.9945,493.0166,24609.0,27803.0,Nyctalus leisleri,0.217,0.307,-1,Echolocation,/mnt/ubna_data_01_mir/recover-20220815/UBNA_011/20220812_060000.WAV,Foliage,recover-20220815,011,1795
493.1645,493.1775,25468.0,30416.0,Nyctalus leisleri,0.437,0.593,-1,Echolocation,/mnt/ubna_data_01_mir/recover-20220815/UBNA_011/20220812_060000.WAV,Foliage,recover-20220815,011,1795
493.8335,493.8512,24609.0,29018.0,Nyctalus leisleri,0.144,0.249,-1,Echolocation,/mnt/ubna_data_01_mir/recover-20220815/UBNA_011/20220812_060000.WAV,Foliage,recover-20220815,011,1795
494.0925,494.1145,24609.0,29871.0,Nyctalus leisleri,0.089,0.203,-1,Echolocation,/mnt/ubna_data_01_mir/recover-20220815/UBNA_011/20220812_060000.WAV,Foliage,recover-20220815,011,1795
494.6085,494.6307,23750.0,28653.0,Nyctalus leisleri,0.141,0.277,-1,Echolocation,/mnt/ubna_data_01_mir/recover-20220815/UBNA_011/20220812_060000.WAV,Foliage,recover-20220815,011,1795
515.0305,515.0465,25468.0,29930.0,Nyctalus leisleri,0.2,0.31,-1,Echolocation,/mnt/ubna_data_01_mir/recover-20220815/UBNA_011/20220812_060000.WAV,Foliage,recover-20220815,011,1795
515.5165,515.5358,24609.0,28624.0,Nyctalus leisleri,0.218,0.334,-1,Echolocation,/mnt/ubna_data_01_mir/recover-20220815/UBNA_011/20220812_060000.WAV,Foliage,recover-20220815,011,1795
516.0115,516.0328,24609.0,29044.0,Nyctalus leisleri,0.143,0.267,-1,Echolocation,/mnt/ubna_data_01_mir/recover-20220815/UBNA_011/20220812_060000.WAV,Foliage,recover-20220815,011,1795
516.5175,516.5355,24609.0,29341.0,Nyctalus leisleri,0.255,0.382,-1,Echolocation,/mnt/ubna_data_01_mir/recover-20220815/UBNA_011/20220812_060000.WAV,Foliage,recover-20220815,011,1795
517.4285,517.4505,23750.0,27840.0,Nyctalus leisleri,0.133,0.216,-1,Echolocation,/mnt/ubna_data_01_mir/recover-20220815/UBNA_011/20220812_060000.WAV,Foliage,recover-20220815,011,1795
532.9655,532.9837,45234.0,49898.0,Pipistrellus pipistrellus,0.198,0.222,-1,Echolocation,/mnt/ubna_data_01_mir/recover-20220815/UBNA_011/20220812_060000.WAV,Foliage,recover-20220815,011,1795
533.3555,533.3663,46093.0,54643.0,Pipistrellus pipistrellus,0.458,0.515,-1,Echolocation,/mnt/ubna_data_01_mir/recover-20220815/UBNA_011/20220812_060000.WAV,Foliage,recover-20220815,011,1795
533.5475,533.5572,46093.0,52061.0,Pipistrellus pipistrellus,0.285,0.297,-1,Echolocation,/mnt/ubna_data_01_mir/recover-20220815/UBNA_011/20220812_060000.WAV,Foliage,recover-20220815,011,1795
533.6375,533.648,45234.0,53765.0,Pipistrellus pipistrellus,0.35,0.406,-1,Echolocation,/mnt/ubna_data_01_mir/recover-20220815/UBNA_011/20220812_060000.WAV,Foliage,recover-20220815,011,1795
533.7265,533.7352,46953.0,53228.0,Pipistrellus pipistrellus,0.543,0.569,-1,Echolocation,/mnt/ubna_data_01_mir/recover-20220815/UBNA_011/20220812_060000.WAV,Foliage,recover-20220815,011,1795
533.8215,533.8344,46093.0,53939.0,Pipistrellus pipistrellus,0.379,0.479,-1,Echolocation,/mnt/ubna_data_01_mir/recover-20220815/UBNA_011/20220812_060000.WAV,Foliage,recover-20220815,011,1795
533.9205,533.9329,45234.0,54236.0,Pipistrellus pipistrellus,0.471,0.606,-1,Echolocation,/mnt/ubna_data_01_mir/recover-20220815/UBNA_011/20220812_060000.WAV,Foliage,recover-20220815,011,1795
534.0205,534.0312,45234.0,58338.0,Pipistrellus pipistrellus,0.402,0.473,-1,Echolocation,/mnt/ubna_data_01_mir/recover-20220815/UBNA_011/20220812_060000.WAV,Foliage,recover-20220815,011,1795
534.1165,534.1286,46093.0,52217.0,Pipistrellus pipistrellus,0.418,0.435,-1,Echolocation,/mnt/ubna_data_01_mir/recover-20220815/UBNA_011/20220812_060000.WAV,Foliage,recover-20220815,011,1795
534.2125,534.223,46093.0,57548.0,Pipistrellus pipistrellus,0.517,0.57,-1,Echolocation,/mnt/ubna_data_01_mir/recover-20220815/UBNA_011/20220812_060000.WAV,Foliage,recover-20220815,011,1795
534.3105,534.3194,46093.0,59756.0,Pipistrellus pipistrellus,0.332,0.38,-1,Echolocation,/mnt/ubna_data_01_mir/recover-20220815/UBNA_011/20220812_060000.WAV,Foliage,recover-20220815,011,1795
534.4035,534.4146,46953.0,52480.0,Pipistrellus pipistrellus,0.337,0.361,-1,Echolocation,/mnt/ubna_data_01_mir/recover-20220815/UBNA_011/20220812_060000.WAV,Foliage,recover-20220815,011,1795
534.4875,534.4992,44375.0,57210.0,Pipistrellus pipistrellus,0.389,0.46,-1,Echolocation,/mnt/ubna_data_01_mir/recover-20220815/UBNA_011/20220812_060000.WAV,Foliage,recover-20220815,011,1795
534.5765,534.5842,46093.0,55977.0,Pipistrellus pipistrellus,0.553,0.568,-1,Echolocation,/mnt/ubna_data_01_mir/recover-20220815/UBNA_011/20220812_060000.WAV,Foliage,recover-20220815,011,1795
534.6615,534.6696,46093.0,58182.0,Pipistrellus pipistrellus,0.483,0.512,-1,Echolocation,/mnt/ubna_data_01_mir/recover-20220815/UBNA_011/20220812_060000.WAV,Foliage,recover-20220815,011,1795
534.7485,534.7575,46093.0,55452.0,Pipistrellus pipistrellus,0.421,0.437,-1,Echolocation,/mnt/ubna_data_01_mir/recover-20220815/UBNA_011/20220812_060000.WAV,Foliage,recover-20220815,011,1795
534.8335,534.8421,44375.0,62899.0,Pipistrellus pipistrellus,0.484,0.563,-1,Echolocation,/mnt/ubna_data_01_mir/recover-20220815/UBNA_011/20220812_060000.WAV,Foliage,recover-20220815,011,1795
534.9295,534.9377,46093.0,61231.0,Pipistrellus pipistrellus,0.51,0.578,-1,Echolocation,/mnt/ubna_data_01_mir/recover-20220815/UBNA_011/20220812_060000.WAV,Foliage,recover-20220815,011,1795
535.0075,535.0144,46093.0,63583.0,Pipistrellus pipistrellus,0.509,0.558,-1,Echolocation,/mnt/ubna_data_01_mir/recover-20220815/UBNA_011/20220812_060000.WAV,Foliage,recover-20220815,011,1795
535.0655,535.0751,46953.0,62749.0,Pipistrellus pipistrellus,0.47,0.521,-1,Echolocation,/mnt/ubna_data_01_mir/recover-20220815/UBNA_011/20220812_060000.WAV,Foliage,recover-20220815,011,1795
535.1365,535.1428,45234.0,64001.0,Pipistrellus pipistrellus,0.534,0.625,-1,Echolocation,/mnt/ubna_data_01_mir/recover-20220815/UBNA_011/20220812_060000.WAV,Foliage,recover-20220815,011,1795
535.2305,535.239,46953.0,58908.0,Pipistrellus pipistrellus,0.524,0.544,-1,Echolocation,/mnt/ubna_data_01_mir/recover-20220815/UBNA_011/20220812_060000.WAV,Foliage,recover-20220815,011,1795
535.3105,535.316,43515.0,62811.0,Pipistrellus pipistrellus,0.464,0.509,-1,Echolocation,/mnt/ubna_data_01_mir/recover-20220815/UBNA_011/20220812_060000.WAV,Foliage,recover-20220815,011,1795
535.3915,535.3997,46953.0,64864.0,Pipistrellus pipistrellus,0.513,0.566,-1,Echolocation,/mnt/ubna_data_01_mir/recover-20220815/UBNA_011/20220812_060000.WAV,Foliage,recover-20220815,011,1795
535.4505,535.4575,46093.0,61505.0,Pipistrellus pipistrellus,0.54,0.595,-1,Echolocation,/mnt/ubna_data_01_mir/recover-20220815/UBNA_011/20220812_060000.WAV,Foliage,recover-20220815,011,1795
535.5105,535.5173,46093.0,61352.0,Pipistrellus pipistrellus,0.366,0.477,-1,Echolocation,/mnt/ubna_data_01_mir/recover-20220815/UBNA_011/20220812_060000.WAV,Foliage,recover-20220815,011,1795
535.5655,535.5773,51250.0,56297.0,Pipistrellus pipistrellus,0.226,0.243,-1,Echolocation,/mnt/ubna_data_01_mir/recover-20220815/UBNA_011/20220812_060000.WAV,Foliage,recover-20220815,011,1795
536.2665,536.2865,23750.0,28443.0,Nyctalus leisleri,0.189,0.284,-1,Echolocation,/mnt/ubna_data_01_mir/recover-20220815/UBNA_011/20220812_060000.WAV,Foliage,recover-20220815,011,1795
536.7845,536.8078,23750.0,28115.0,Nyctalus leisleri,0.195,0.307,-1,Echolocation,/mnt/ubna_data_01_mir/recover-20220815/UBNA_011/20220812_060000.WAV,Foliage,recover-20220815,011,1795
537.1885,537.2043,24609.0,29085.0,Nyctalus leisleri,0.32,0.456,-1,Echolocation,/mnt/ubna_data_01_mir/recover-20220815/UBNA_011/20220812_060000.WAV,Foliage,recover-20220815,011,1795
538.5555,538.5678,45234.0,50054.0,Pipistrellus pipistrellus,0.197,0.234,-1,Echolocation,/mnt/ubna_data_01_mir/recover-20220815/UBNA_011/20220812_060000.WAV,Foliage,recover-20220815,011,1795
540.0485,540.0554,46953.0,59990.0,Pipistrellus pipistrellus,0.354,0.387,-1,Echolocation,/mnt/ubna_data_01_mir/recover-20220815/UBNA_011/20220812_060000.WAV,Foliage,recover-20220815,011,1795
540.2325,540.2393,44375.0,59374.0,Pipistrellus pipistrellus,0.338,0.514,-1,Echolocation,/mnt/ubna_data_01_mir/recover-20220815/UBNA_011/20220812_060000.WAV,Foliage,recover-20220815,011,1795
540.3215,540.3315,45234.0,58391.0,Pipistrellus pipistrellus,0.187,0.256,-1,Echolocation,/mnt/ubna_data_01_mir/recover-20220815/UBNA_011/20220812_060000.WAV,Foliage,recover-20220815,011,1795
540.4115,540.4204,46953.0,55317.0,Pipistrellus pipistrellus,0.455,0.481,-1,Echolocation,/mnt/ubna_data_01_mir/recover-20220815/UBNA_011/20220812_060000.WAV,Foliage,recover-20220815,011,1795
540.5025,540.5127,46953.0,56958.0,Pipistrellus pipistrellus,0.299,0.325,-1,Echolocation,/mnt/ubna_data_01_mir/recover-20220815/UBNA_011/20220812_060000.WAV,Foliage,recover-20220815,011,1795
540.5925,540.6011,46953.0,60846.0,Pipistrellus pipistrellus,0.309,0.42,-1,Echolocation,/mnt/ubna_data_01_mir/recover-20220815/UBNA_011/20220812_060000.WAV,Foliage,recover-20220815,011,1795
540.6855,540.6951,46093.0,58957.0,Pipistrellus pipistrellus,0.222,0.294,-1,Echolocation,/mnt/ubna_data_01_mir/recover-20220815/UBNA_011/20220812_060000.WAV,Foliage,recover-20220815,011,1795
540.7735,540.7807,46953.0,59880.0,Pipistrellus pipistrellus,0.393,0.448,-1,Echolocation,/mnt/ubna_data_01_mir/recover-20220815/UBNA_011/20220812_060000.WAV,Foliage,recover-20220815,011,1795
540.9075,540.9184,47812.0,57658.0,Pipistrellus pipistrellus,0.36,0.388,-1,Echolocation,/mnt/ubna_data_01_mir/recover-20220815/UBNA_011/20220812_060000.WAV,Foliage,recover-20220815,011,1795
541.1075,541.1177,46093.0,57071.0,Pipistrellus pipistrellus,0.239,0.287,-1,Echolocation,/mnt/ubna_data_01_mir/recover-20220815/UBNA_011/20220812_060000.WAV,Foliage,recover-20220815,011,1795
541.3935,541.4076,45234.0,53647.0,Pipistrellus pipistrellus,0.27,0.314,-1,Echolocation,/mnt/ubna_data_01_mir/recover-20220815/UBNA_011/20220812_060000.WAV,Foliage,recover-20220815,011,1795
541.4575,541.4691,46953.0,55899.0,Pipistrellus pipistrellus,0.385,0.44,-1,Echolocation,/mnt/ubna_data_01_mir/recover-20220815/UBNA_011/20220812_060000.WAV,Foliage,recover-20220815,011,1795
541.5125,541.5195,46953.0,57346.0,Pipistrellus pipistrellus,0.191,0.223,-1,Echolocation,/mnt/ubna_data_01_mir/recover-20220815/UBNA_011/20220812_060000.WAV,Foliage,recover-20220815,011,1795
541.5775,541.5842,46093.0,56051.0,Pipistrellus pipistrellus,0.397,0.43,-1,Echolocation,/mnt/ubna_data_01_mir/recover-20220815/UBNA_011/20220812_060000.WAV,Foliage,recover-20220815,011,1795
542.0485,542.0666,24609.0,28211.0,Nyctalus leisleri,0.17,0.252,-1,Echolocation,/mnt/ubna_data_01_mir/recover-20220815/UBNA_011/20220812_060000.WAV,Foliage,recover-20220815,011,1795
542.3145,542.3394,23750.0,27619.0,Nyctalus leisleri,0.183,0.257,-1,Echolocation,/mnt/ubna_data_01_mir/recover-20220815/UBNA_011/20220812_060000.WAV,Foliage,recover-20220815,011,1795
544.0855,544.1008,25468.0,30402.0,Nyctalus leisleri,0.125,0.235,-1,Echolocation,/mnt/ubna_data_01_mir/recover-20220815/UBNA_011/20220812_060000.WAV,Foliage,recover-20220815,011,1795
544.7805,544.7862,41796.0,53874.0,Pipistrellus pipistrellus,0.046,0.212,-1,Echolocation,/mnt/ubna_data_01_mir/recover-20220815/UBNA_011/20220812_060000.WAV,Foliage,recover-20220815,011,1795
544.7955,544.8147,26328.0,30020.0,Nyctalus leisleri,0.153,0.245,-1,Echolocation,/mnt/ubna_data_01_mir/recover-20220815/UBNA_011/20220812_060000.WAV,Foliage,recover-20220815,011,1795
545.6625,545.6686,45234.0,55240.0,Pipistrellus pipistrellus,0.33,0.491,-1,Echolocation,/mnt/ubna_data_01_mir/recover-20220815/UBNA_011/20220812_060000.WAV,Foliage,recover-20220815,011,1795
545.8265,545.8315,43515.0,56736.0,Pipistrellus pipistrellus,0.086,0.247,-1,Echolocation,/mnt/ubna_data_01_mir/recover-20220815/UBNA_011/20220812_060000.WAV,Foliage,recover-20220815,011,1795
545.9855,545.9949,46953.0,58537.0,Pipistrellus pipistrellus,0.195,0.227,-1,Echolocation,/mnt/ubna_data_01_mir/recover-20220815/UBNA_011/20220812_060000.WAV,Foliage,recover-20220815,011,1795
546.0725,546.0779,47812.0,54241.0,Pipistrellus pipistrellus,0.383,0.387,-1,Echolocation,/mnt/ubna_data_01_mir/recover-20220815/UBNA_011/20220812_060000.WAV,Foliage,recover-20220815,011,1795
546.2415,546.2487,46093.0,52560.0,Pipistrellus pipistrellus,0.484,0.501,-1,Echolocation,/mnt/ubna_data_01_mir/recover-20220815/UBNA_011/20220812_060000.WAV,Foliage,recover-20220815,011,1795
546.3275,546.3367,45234.0,59532.0,Pipistrellus pipistrellus,0.237,0.332,-1,Echolocation,/mnt/ubna_data_01_mir/recover-20220815/UBNA_011/20220812_060000.WAV,Foliage,recover-20220815,011,1795
546.5285,546.5361,46093.0,60370.0,Pipistrellus pipistrellus,0.268,0.347,-1,Echolocation,/mnt/ubna_data_01_mir/recover-20220815/UBNA_011/20220812_060000.WAV,Foliage,recover-20220815,011,1795
546.6205,546.6307,45234.0,55362.0,Pipistrellus pipistrellus,0.247,0.293,-1,Echolocation,/mnt/ubna_data_01_mir/recover-20220815/UBNA_011/20220812_060000.WAV,Foliage,recover-20220815,011,1795
546.7975,546.8074,45234.0,51055.0,Pipistrellus pipistrellus,0.307,0.347,-1,Echolocation,/mnt/ubna_data_01_mir/recover-20220815/UBNA_011/20220812_060000.WAV,Foliage,recover-20220815,011,1795
546.8805,546.8897,46093.0,60478.0,Pipistrellus pipistrellus,0.494,0.559,-1,Echolocation,/mnt/ubna_data_01_mir/recover-20220815/UBNA_011/20220812_060000.WAV,Foliage,recover-20220815,011,1795
546.9675,546.9754,45234.0,58385.0,Pipistrellus pipistrellus,0.335,0.486,-1,Echolocation,/mnt/ubna_data_01_mir/recover-20220815/UBNA_011/20220812_060000.WAV,Foliage,recover-20220815,011,1795
547.0485,547.0553,44375.0,60673.0,Pipistrellus pipistrellus,0.249,0.501,-1,Echolocation,/mnt/ubna_data_01_mir/recover-20220815/UBNA_011/20220812_060000.WAV,Foliage,recover-20220815,011,1795
547.1285,547.1341,45234.0,58271.0,Pipistrellus pipistrellus,0.371,0.454,-1,Echolocation,/mnt/ubna_data_01_mir/recover-20220815/UBNA_011/20220812_060000.WAV,Foliage,recover-20220815,011,1795
547.2095,547.217,44375.0,58312.0,Pipistrellus pipistrellus,0.203,0.33,-1,Echolocation,/mnt/ubna_data_01_mir/recover-20220815/UBNA_011/20220812_060000.WAV,Foliage,recover-20220815,011,1795
547.2905,547.2982,46093.0,59233.0,Pipistrellus pipistrellus,0.156,0.239,-1,Echolocation,/mnt/ubna_data_01_mir/recover-20220815/UBNA_011/20220812_060000.WAV,Foliage,recover-20220815,011,1795
547.3685,547.3767,44375.0,61211.0,Pipistrellus pipistrellus,0.259,0.48,-1,Echolocation,/mnt/ubna_data_01_mir/recover-20220815/UBNA_011/20220812_060000.WAV,Foliage,recover-20220815,011,1795
547.5285,547.5374,46953.0,59198.0,Pipistrellus pipistrellus,0.23,0.275,-1,Echolocation,/mnt/ubna_data_01_mir/recover-20220815/UBNA_011/20220812_060000.WAV,Foliage,recover-20220815,011,1795
548.4355,548.4407,50390.0,58392.0,Pipistrellus pipistrellus,0.389,0.397,-1,Echolocation,/mnt/ubna_data_01_mir/recover-20220815/UBNA_011/20220812_060000.WAV,Foliage,recover-20220815,011,1795
548.4915,548.4988,51250.0,61211.0,Pipistrellus pipistrellus,0.244,0.258,-1,Echolocation,/mnt/ubna_data_01_mir/recover-20220815/UBNA_011/20220812_060000.WAV,Foliage,recover-20220815,011,1795
548.6915,548.6975,44375.0,64239.0,Pipistrellus pipistrellus,0.38,0.489,-1,Echolocation,/mnt/ubna_data_01_mir/recover-20220815/UBNA_011/20220812_060000.WAV,Foliage,recover-20220815,011,1795
548.8555,548.8637,46093.0,63684.0,Pipistrellus pipistrellus,0.3,0.449,-1,Echolocation,/mnt/ubna_data_01_mir/recover-20220815/UBNA_011/20220812_060000.WAV,Foliage,recover-20220815,011,1795
548.9375,548.9458,46093.0,58629.0,Pipistrellus pipistrellus,0.433,0.506,-1,Echolocation,/mnt/ubna_data_01_mir/recover-20220815/UBNA_011/20220812_060000.WAV,Foliage,recover-20220815,011,1795
549.0265,549.0349,45234.0,63064.0,Pipistrellus pipistrellus,0.461,0.601,-1,Echolocation,/mnt/ubna_data_01_mir/recover-20220815/UBNA_011/20220812_060000.WAV,Foliage,recover-20220815,011,1795
549.1175,549.1271,46953.0,56185.0,Pipistrellus pipistrellus,0.275,0.297,-1,Echolocation,/mnt/ubna_data_01_mir/recover-20220815/UBNA_011/20220812_060000.WAV,Foliage,recover-20220815,011,1795
549.2105,549.2175,46093.0,61136.0,Pipistrellus pipistrellus,0.48,0.548,-1,Echolocation,/mnt/ubna_data_01_mir/recover-20220815/UBNA_011/20220812_060000.WAV,Foliage,recover-20220815,011,1795
549.2925,549.2984,42656.0,64501.0,Pipistrellus pipistrellus,0.476,0.643,-1,Echolocation,/mnt/ubna_data_01_mir/recover-20220815/UBNA_011/20220812_060000.WAV,Foliage,recover-20220815,011,1795
549.3765,549.3857,45234.0,58906.0,Pipistrellus pipistrellus,0.425,0.524,-1,Echolocation,/mnt/ubna_data_01_mir/recover-20220815/UBNA_011/20220812_060000.WAV,Foliage,recover-20220815,011,1795
549.4985,549.5055,44375.0,64778.0,Pipistrellus pipistrellus,0.339,0.55,-1,Echolocation,/mnt/ubna_data_01_mir/recover-20220815/UBNA_011/20220812_060000.WAV,Foliage,recover-20220815,011,1795
549.5815,549.5906,47812.0,53831.0,Pipistrellus pipistrellus,0.231,0.238,-1,Echolocation,/mnt/ubna_data_01_mir/recover-20220815/UBNA_011/20220812_060000.WAV,Foliage,recover-20220815,011,1795
549.6745,549.681,44375.0,60573.0,Pipistrellus pipistrellus,0.562,0.606,-1,Echolocation,/mnt/ubna_data_01_mir/recover-20220815/UBNA_011/20220812_060000.WAV,Foliage,recover-20220815,011,1795
549.8585,549.8651,44375.0,60309.0,Pipistrellus pipistrellus,0.533,0.623,-1,Echolocation,/mnt/ubna_data_01_mir/recover-20220815/UBNA_011/20220812_060000.WAV,Foliage,recover-20220815,011,1795
549.9415,549.9505,44375.0,58565.0,Pipistrellus pipistrellus,0.395,0.475,-1,Echolocation,/mnt/ubna_data_01_mir/recover-20220815/UBNA_011/20220812_060000.WAV,Foliage,recover-20220815,011,1795
550.4215,550.4307,44375.0,56173.0,Pipistrellus pipistrellus,0.196,0.297,-1,Echolocation,/mnt/ubna_data_01_mir/recover-20220815/UBNA_011/20220812_060000.WAV,Foliage,recover-20220815,011,1795
550.6145,550.635,46093.0,50494.0,Pipistrellus pipistrellus,0.215,0.242,-1,Echolocation,/mnt/ubna_data_01_mir/recover-20220815/UBNA_011/20220812_060000.WAV,Foliage,recover-20220815,011,1795
554.5505,554.5591,45234.0,53369.0,Pipistrellus pipistrellus,0.328,0.34,-1,Echolocation,/mnt/ubna_data_01_mir/recover-20220815/UBNA_011/20220812_060000.WAV,Foliage,recover-20220815,011,1795
554.6485,554.6571,44375.0,56011.0,Pipistrellus pipistrellus,0.372,0.395,-1,Echolocation,/mnt/ubna_data_01_mir/recover-20220815/UBNA_011/20220812_060000.WAV,Foliage,recover-20220815,011,1795
554.7435,554.7543000000001,46953.0,52757.0,Pipistrellus pipistrellus,0.247,0.253,-1,Echolocation,/mnt/ubna_data_01_mir/recover-20220815/UBNA_011/20220812_060000.WAV,Foliage,recover-20220815,011,1795
554.8355,554.8458,45234.0,56155.0,Pipistrellus pipistrellus,0.378,0.407,-1,Echolocation,/mnt/ubna_data_01_mir/recover-20220815/UBNA_011/20220812_060000.WAV,Foliage,recover-20220815,011,1795
554.9285,554.9397,46953.0,54254.0,Pipistrellus pipistrellus,0.403,0.425,-1,Echolocation,/mnt/ubna_data_01_mir/recover-20220815/UBNA_011/20220812_060000.WAV,Foliage,recover-20220815,011,1795
555.0545,555.0693,46953.0,51286.0,Pipistrellus pipistrellus,0.346,0.367,-1,Echolocation,/mnt/ubna_data_01_mir/recover-20220815/UBNA_011/20220812_060000.WAV,Foliage,recover-20220815,011,1795
555.1455,555.1604,46093.0,52484.0,Pipistrellus pipistrellus,0.376,0.403,-1,Echolocation,/mnt/ubna_data_01_mir/recover-20220815/UBNA_011/20220812_060000.WAV,Foliage,recover-20220815,011,1795
555.2415,555.2605,46093.0,51364.0,Pipistrellus pipistrellus,0.403,0.428,-1,Echolocation,/mnt/ubna_data_01_mir/recover-20220815/UBNA_011/20220812_060000.WAV,Foliage,recover-20220815,011,1795
555.3355,555.3456,45234.0,60778.0,Pipistrellus pipistrellus,0.488,0.59,-1,Echolocation,/mnt/ubna_data_01_mir/recover-20220815/UBNA_011/20220812_060000.WAV,Foliage,recover-20220815,011,1795
555.4425,555.4522,46953.0,57806.0,Pipistrellus pipistrellus,0.539,0.585,-1,Echolocation,/mnt/ubna_data_01_mir/recover-20220815/UBNA_011/20220812_060000.WAV,Foliage,recover-20220815,011,1795
555.5385,555.5481,45234.0,59140.0,Pipistrellus pipistrellus,0.477,0.515,-1,Echolocation,/mnt/ubna_data_01_mir/recover-20220815/UBNA_011/20220812_060000.WAV,Foliage,recover-20220815,011,1795
555.6335,555.6458,44375.0,52170.0,Pipistrellus pipistrellus,0.369,0.416,-1,Echolocation,/mnt/ubna_data_01_mir/recover-20220815/UBNA_011/20220812_060000.WAV,Foliage,recover-20220815,011,1795
555.7285,555.7406,44375.0,54750.0,Pipistrellus pipistrellus,0.488,0.58,-1,Echolocation,/mnt/ubna_data_01_mir/recover-20220815/UBNA_011/20220812_060000.WAV,Foliage,recover-20220815,011,1795
555.8305,555.842,46093.0,53575.0,Pipistrellus pipistrellus,0.335,0.358,-1,Echolocation,/mnt/ubna_data_01_mir/recover-20220815/UBNA_011/20220812_060000.WAV,Foliage,recover-20220815,011,1795
555.9255,555.9376,45234.0,55901.0,Pipistrellus pipistrellus,0.448,0.498,-1,Echolocation,/mnt/ubna_data_01_mir/recover-20220815/UBNA_011/20220812_060000.WAV,Foliage,recover-20220815,011,1795
556.0245,556.0355,45234.0,55196.0,Pipistrellus pipistrellus,0.297,0.352,-1,Echolocation,/mnt/ubna_data_01_mir/recover-20220815/UBNA_011/20220812_060000.WAV,Foliage,recover-20220815,011,1795
556.1185,556.132,46953.0,52573.0,Pipistrellus pipistrellus,0.366,0.39,-1,Echolocation,/mnt/ubna_data_01_mir/recover-20220815/UBNA_011/20220812_060000.WAV,Foliage,recover-20220815,011,1795
556.2105,556.2233,46093.0,58751.0,Pipistrellus pipistrellus,0.399,0.508,-1,Echolocation,/mnt/ubna_data_01_mir/recover-20220815/UBNA_011/20220812_060000.WAV,Foliage,recover-20220815,011,1795
556.2925,556.3015,46093.0,57466.0,Pipistrellus pipistrellus,0.413,0.474,-1,Echolocation,/mnt/ubna_data_01_mir/recover-20220815/UBNA_011/20220812_060000.WAV,Foliage,recover-20220815,011,1795
556.3645,556.3807,45234.0,51494.0,Pipistrellus pipistrellus,0.217,0.242,-1,Echolocation,/mnt/ubna_data_01_mir/recover-20220815/UBNA_011/20220812_060000.WAV,Foliage,recover-20220815,011,1795
556.4325,556.4452,44375.0,50630.0,Pipistrellus pipistrellus,0.252,0.3,-1,Echolocation,/mnt/ubna_data_01_mir/recover-20220815/UBNA_011/20220812_060000.WAV,Foliage,recover-20220815,011,1795
556.5025,556.5126,46093.0,51146.0,Pipistrellus pipistrellus,0.334,0.363,-1,Echolocation,/mnt/ubna_data_01_mir/recover-20220815/UBNA_011/20220812_060000.WAV,Foliage,recover-20220815,011,1795
556.5795,556.5888,46953.0,55137.0,Pipistrellus pipistrellus,0.366,0.39,-1,Echolocation,/mnt/ubna_data_01_mir/recover-20220815/UBNA_011/20220812_060000.WAV,Foliage,recover-20220815,011,1795
557.4065,557.4132,45234.0,53559.0,Pipistrellus pipistrellus,0.306,0.328,-1,Echolocation,/mnt/ubna_data_01_mir/recover-20220815/UBNA_011/20220812_060000.WAV,Foliage,recover-20220815,011,1795
557.5885,557.6007,44375.0,57756.0,Pipistrellus pipistrellus,0.352,0.462,-1,Echolocation,/mnt/ubna_data_01_mir/recover-20220815/UBNA_011/20220812_060000.WAV,Foliage,recover-20220815,011,1795
557.8635,557.8696,45234.0,55613.0,Pipistrellus pipistrellus,0.518,0.557,-1,Echolocation,/mnt/ubna_data_01_mir/recover-20220815/UBNA_011/20220812_060000.WAV,Foliage,recover-20220815,011,1795
570.9615,570.9798,23750.0,28806.0,Nyctalus leisleri,0.149,0.302,-1,Echolocation,/mnt/ubna_data_01_mir/recover-20220815/UBNA_011/20220812_060000.WAV,Foliage,recover-20220815,011,1795
571.2275,571.2434,24609.0,27506.0,Nyctalus leisleri,0.353,0.447,-1,Echolocation,/mnt/ubna_data_01_mir/recover-20220815/UBNA_011/20220812_060000.WAV,Foliage,recover-20220815,011,1795
584.3885,584.3985,46093.0,58317.0,Pipistrellus pipistrellus,0.303,0.326,-1,Echolocation,/mnt/ubna_data_01_mir/recover-20220815/UBNA_011/20220812_060000.WAV,Foliage,recover-20220815,011,1795
584.4835,584.4924,46093.0,56600.0,Pipistrellus pipistrellus,0.387,0.41,-1,Echolocation,/mnt/ubna_data_01_mir/recover-20220815/UBNA_011/20220812_060000.WAV,Foliage,recover-20220815,011,1795
584.5765,584.5875,46093.0,51546.0,Pipistrellus pipistrellus,0.42,0.443,-1,Echolocation,/mnt/ubna_data_01_mir/recover-20220815/UBNA_011/20220812_060000.WAV,Foliage,recover-20220815,011,1795
584.7015,584.7118,46953.0,53942.0,Pipistrellus pipistrellus,0.527,0.556,-1,Echolocation,/mnt/ubna_data_01_mir/recover-20220815/UBNA_011/20220812_060000.WAV,Foliage,recover-20220815,011,1795
584.7905,584.8058,46953.0,52916.0,Pipistrellus pipistrellus,0.303,0.331,-1,Echolocation,/mnt/ubna_data_01_mir/recover-20220815/UBNA_011/20220812_060000.WAV,Foliage,recover-20220815,011,1795
584.8865,584.8961,45234.0,60155.0,Pipistrellus pipistrellus,0.419,0.524,-1,Echolocation,/mnt/ubna_data_01_mir/recover-20220815/UBNA_011/20220812_060000.WAV,Foliage,recover-20220815,011,1795
584.9825,584.9945,46093.0,53790.0,Pipistrellus pipistrellus,0.399,0.43,-1,Echolocation,/mnt/ubna_data_01_mir/recover-20220815/UBNA_011/20220812_060000.WAV,Foliage,recover-20220815,011,1795
585.0765,585.0853,43515.0,59509.0,Pipistrellus pipistrellus,0.426,0.556,-1,Echolocation,/mnt/ubna_data_01_mir/recover-20220815/UBNA_011/20220812_060000.WAV,Foliage,recover-20220815,011,1795
585.1725,585.1827,45234.0,56405.0,Pipistrellus pipistrellus,0.36,0.391,-1,Echolocation,/mnt/ubna_data_01_mir/recover-20220815/UBNA_011/20220812_060000.WAV,Foliage,recover-20220815,011,1795
585.2625,585.2746,43515.0,56889.0,Pipistrellus pipistrellus,0.356,0.44,-1,Echolocation,/mnt/ubna_data_01_mir/recover-20220815/UBNA_011/20220812_060000.WAV,Foliage,recover-20220815,011,1795
585.3565,585.3673,46093.0,51976.0,Pipistrellus pipistrellus,0.401,0.418,-1,Echolocation,/mnt/ubna_data_01_mir/recover-20220815/UBNA_011/20220812_060000.WAV,Foliage,recover-20220815,011,1795
585.4475,585.466,45234.0,51778.0,Pipistrellus pipistrellus,0.301,0.339,-1,Echolocation,/mnt/ubna_data_01_mir/recover-20220815/UBNA_011/20220812_060000.WAV,Foliage,recover-20220815,011,1795
585.5355,585.5445,44375.0,61628.0,Pipistrellus pipistrellus,0.402,0.558,-1,Echolocation,/mnt/ubna_data_01_mir/recover-20220815/UBNA_011/20220812_060000.WAV,Foliage,recover-20220815,011,1795
585.6565,585.666,45234.0,54713.0,Pipistrellus pipistrellus,0.254,0.291,-1,Echolocation,/mnt/ubna_data_01_mir/recover-20220815/UBNA_011/20220812_060000.WAV,Foliage,recover-20220815,011,1795
585.7365,585.7461,45234.0,63926.0,Pipistrellus pipistrellus,0.449,0.531,-1,Echolocation,/mnt/ubna_data_01_mir/recover-20220815/UBNA_011/20220812_060000.WAV,Foliage,recover-20220815,011,1795
585.8275,585.8389,46093.0,54840.0,Pipistrellus pipistrellus,0.404,0.458,-1,Echolocation,/mnt/ubna_data_01_mir/recover-20220815/UBNA_011/20220812_060000.WAV,Foliage,recover-20220815,011,1795
585.9185,585.925,44375.0,62071.0,Pipistrellus pipistrellus,0.487,0.619,-1,Echolocation,/mnt/ubna_data_01_mir/recover-20220815/UBNA_011/20220812_060000.WAV,Foliage,recover-20220815,011,1795
586.0105,586.0203,46093.0,56678.0,Pipistrellus pipistrellus,0.462,0.509,-1,Echolocation,/mnt/ubna_data_01_mir/recover-20220815/UBNA_011/20220812_060000.WAV,Foliage,recover-20220815,011,1795
586.0985000000001,586.1054,43515.0,62195.0,Pipistrellus pipistrellus,0.222,0.564,-1,Echolocation,/mnt/ubna_data_01_mir/recover-20220815/UBNA_011/20220812_060000.WAV,Foliage,recover-20220815,011,1795
586.1915,586.1974,46953.0,58528.0,Pipistrellus pipistrellus,0.507,0.545,-1,Echolocation,/mnt/ubna_data_01_mir/recover-20220815/UBNA_011/20220812_060000.WAV,Foliage,recover-20220815,011,1795
586.2785,586.2843,41796.0,66135.0,Pipistrellus nathusii,0.128,0.49,-1,Echolocation,/mnt/ubna_data_01_mir/recover-20220815/UBNA_011/20220812_060000.WAV,Foliage,recover-20220815,011,1795
586.3905,586.4023,46953.0,53365.0,Pipistrellus pipistrellus,0.341,0.384,-1,Echolocation,/mnt/ubna_data_01_mir/recover-20220815/UBNA_011/20220812_060000.WAV,Foliage,recover-20220815,011,1795
586.5445,586.5514000000001,43515.0,61164.0,Pipistrellus pipistrellus,0.157,0.481,-1,Echolocation,/mnt/ubna_data_01_mir/recover-20220815/UBNA_011/20220812_060000.WAV,Foliage,recover-20220815,011,1795
586.6305,586.636,41796.0,65415.0,Myotis mystacinus,0.097,0.307,-1,Echolocation,/mnt/ubna_data_01_mir/recover-20220815/UBNA_011/20220812_060000.WAV,Foliage,recover-20220815,011,1795
586.7455,586.7497,47812.0,62672.0,Pipistrellus pipistrellus,0.609,0.68,-1,Echolocation,/mnt/ubna_data_01_mir/recover-20220815/UBNA_011/20220812_060000.WAV,Foliage,recover-20220815,011,1795
586.8205,586.8294,46093.0,62399.0,Pipistrellus pipistrellus,0.294,0.419,-1,Echolocation,/mnt/ubna_data_01_mir/recover-20220815/UBNA_011/20220812_060000.WAV,Foliage,recover-20220815,011,1795
586.9275,586.9369,46953.0,58311.0,Pipistrellus pipistrellus,0.237,0.315,-1,Echolocation,/mnt/ubna_data_01_mir/recover-20220815/UBNA_011/20220812_060000.WAV,Foliage,recover-20220815,011,1795
590.7235000000001,590.7315,45234.0,54689.0,Pipistrellus pipistrellus,0.522,0.554,-1,Echolocation,/mnt/ubna_data_01_mir/recover-20220815/UBNA_011/20220812_060000.WAV,Foliage,recover-20220815,011,1795
590.9935,591.0037,45234.0,59212.0,Pipistrellus pipistrellus,0.487,0.616,-1,Echolocation,/mnt/ubna_data_01_mir/recover-20220815/UBNA_011/20220812_060000.WAV,Foliage,recover-20220815,011,1795
591.0835,591.0935,46093.0,53192.0,Pipistrellus pipistrellus,0.355,0.373,-1,Echolocation,/mnt/ubna_data_01_mir/recover-20220815/UBNA_011/20220812_060000.WAV,Foliage,recover-20220815,011,1795
591.1725,591.179,46093.0,53282.0,Pipistrellus pipistrellus,0.543,0.562,-1,Echolocation,/mnt/ubna_data_01_mir/recover-20220815/UBNA_011/20220812_060000.WAV,Foliage,recover-20220815,011,1795
591.3515,591.3583,44375.0,55292.0,Pipistrellus pipistrellus,0.279,0.387,-1,Echolocation,/mnt/ubna_data_01_mir/recover-20220815/UBNA_011/20220812_060000.WAV,Foliage,recover-20220815,011,1795
591.5335,591.5425,46093.0,51801.0,Pipistrellus pipistrellus,0.212,0.218,-1,Echolocation,/mnt/ubna_data_01_mir/recover-20220815/UBNA_011/20220812_060000.WAV,Foliage,recover-20220815,011,1795
594.4595,594.4844,23750.0,28477.0,Nyctalus leisleri,0.108,0.239,-1,Echolocation,/mnt/ubna_data_01_mir/recover-20220815/UBNA_011/20220812_060000.WAV,Foliage,recover-20220815,011,1795
594.7075,594.7322,24609.0,28525.0,Nyctalus leisleri,0.141,0.232,-1,Echolocation,/mnt/ubna_data_01_mir/recover-20220815/UBNA_011/20220812_060000.WAV,Foliage,recover-20220815,011,1795
594.9585,594.9834,24609.0,28098.0,Nyctalus leisleri,0.124,0.211,-1,Echolocation,/mnt/ubna_data_01_mir/recover-20220815/UBNA_011/20220812_060000.WAV,Foliage,recover-20220815,011,1795
595.4445,595.4605,24609.0,29355.0,Nyctalus leisleri,0.239,0.396,-1,Echolocation,/mnt/ubna_data_01_mir/recover-20220815/UBNA_011/20220812_060000.WAV,Foliage,recover-20220815,011,1795
595.6875,595.7106,23750.0,28202.0,Nyctalus leisleri,0.118,0.244,-1,Echolocation,/mnt/ubna_data_01_mir/recover-20220815/UBNA_011/20220812_060000.WAV,Foliage,recover-20220815,011,1795
595.9305,595.9519,24609.0,28864.0,Nyctalus leisleri,0.224,0.322,-1,Echolocation,/mnt/ubna_data_01_mir/recover-20220815/UBNA_011/20220812_060000.WAV,Foliage,recover-20220815,011,1795
596.1755,596.1965,23750.0,27921.0,Nyctalus leisleri,0.265,0.357,-1,Echolocation,/mnt/ubna_data_01_mir/recover-20220815/UBNA_011/20220812_060000.WAV,Foliage,recover-20220815,011,1795
596.4285,596.4445,25468.0,30462.0,Nyctalus leisleri,0.202,0.393,-1,Echolocation,/mnt/ubna_data_01_mir/recover-20220815/UBNA_011/20220812_060000.WAV,Foliage,recover-20220815,011,1795
596.4345,596.4462,46953.0,51621.0,Pipistrellus pipistrellus,0.258,0.283,-1,Echolocation,/mnt/ubna_data_01_mir/recover-20220815/UBNA_011/20220812_060000.WAV,Foliage,recover-20220815,011,1795
596.5285,596.5399,45234.0,51808.0,Pipistrellus pipistrellus,0.227,0.245,-1,Echolocation,/mnt/ubna_data_01_mir/recover-20220815/UBNA_011/20220812_060000.WAV,Foliage,recover-20220815,011,1795
596.6265,596.637,46953.0,53253.0,Pipistrellus pipistrellus,0.35,0.361,-1,Echolocation,/mnt/ubna_data_01_mir/recover-20220815/UBNA_011/20220812_060000.WAV,Foliage,recover-20220815,011,1795
596.6765,596.6936,24609.0,29280.0,Nyctalus leisleri,0.36,0.479,-1,Echolocation,/mnt/ubna_data_01_mir/recover-20220815/UBNA_011/20220812_060000.WAV,Foliage,recover-20220815,011,1795
596.7215,596.7304,45234.0,53430.0,Pipistrellus pipistrellus,0.396,0.417,-1,Echolocation,/mnt/ubna_data_01_mir/recover-20220815/UBNA_011/20220812_060000.WAV,Foliage,recover-20220815,011,1795
596.8205,596.832,46093.0,56264.0,Pipistrellus pipistrellus,0.442,0.479,-1,Echolocation,/mnt/ubna_data_01_mir/recover-20220815/UBNA_011/20220812_060000.WAV,Foliage,recover-20220815,011,1795
596.9005,596.9159,24609.0,31215.0,Eptesicus serotinus,0.146,0.318,-1,Echolocation,/mnt/ubna_data_01_mir/recover-20220815/UBNA_011/20220812_060000.WAV,Foliage,recover-20220815,011,1795
596.9095,596.9185,46093.0,56097.0,Pipistrellus pipistrellus,0.441,0.507,-1,Echolocation,/mnt/ubna_data_01_mir/recover-20220815/UBNA_011/20220812_060000.WAV,Foliage,recover-20220815,011,1795
596.9955,597.0026,45234.0,59438.0,Pipistrellus pipistrellus,0.487,0.533,-1,Echolocation,/mnt/ubna_data_01_mir/recover-20220815/UBNA_011/20220812_060000.WAV,Foliage,recover-20220815,011,1795
597.0815,597.0941,44375.0,58858.0,Pipistrellus pipistrellus,0.388,0.467,-1,Echolocation,/mnt/ubna_data_01_mir/recover-20220815/UBNA_011/20220812_060000.WAV,Foliage,recover-20220815,011,1795
597.1235,597.1364,25468.0,31325.0,Nyctalus leisleri,0.282,0.511,-1,Echolocation,/mnt/ubna_data_01_mir/recover-20220815/UBNA_011/20220812_060000.WAV,Foliage,recover-20220815,011,1795
597.1725,597.1816,46093.0,59170.0,Pipistrellus pipistrellus,0.509,0.595,-1,Echolocation,/mnt/ubna_data_01_mir/recover-20220815/UBNA_011/20220812_060000.WAV,Foliage,recover-20220815,011,1795
597.2615,597.273,46953.0,53972.0,Pipistrellus pipistrellus,0.38,0.4,-1,Echolocation,/mnt/ubna_data_01_mir/recover-20220815/UBNA_011/20220812_060000.WAV,Foliage,recover-20220815,011,1795
597.3535,597.368,24609.0,28699.0,Nyctalus leisleri,0.155,0.296,-1,Echolocation,/mnt/ubna_data_01_mir/recover-20220815/UBNA_011/20220812_060000.WAV,Foliage,recover-20220815,011,1795
597.3545,597.3633,46953.0,55239.0,Pipistrellus pipistrellus,0.391,0.436,-1,Echolocation,/mnt/ubna_data_01_mir/recover-20220815/UBNA_011/20220812_060000.WAV,Foliage,recover-20220815,011,1795
597.4925,597.5025,47812.0,60400.0,Pipistrellus pipistrellus,0.373,0.41,-1,Echolocation,/mnt/ubna_data_01_mir/recover-20220815/UBNA_011/20220812_060000.WAV,Foliage,recover-20220815,011,1795
597.5835,597.5967,25468.0,34791.0,Eptesicus serotinus,0.318,0.429,-1,Echolocation,/mnt/ubna_data_01_mir/recover-20220815/UBNA_011/20220812_060000.WAV,Foliage,recover-20220815,011,1795
597.7245,597.7389000000001,26328.0,31596.0,Nyctalus leisleri,0.135,0.234,-1,Echolocation,/mnt/ubna_data_01_mir/recover-20220815/UBNA_011/20220812_060000.WAV,Foliage,recover-20220815,011,1795
597.8915,597.8974,46953.0,68872.0,Pipistrellus pipistrellus,0.194,0.315,-1,Echolocation,/mnt/ubna_data_01_mir/recover-20220815/UBNA_011/20220812_060000.WAV,Foliage,recover-20220815,011,1795
597.9435,597.9518,51250.0,62287.0,Pipistrellus pipistrellus,0.279,0.327,-1,Echolocation,/mnt/ubna_data_01_mir/recover-20220815/UBNA_011/20220812_060000.WAV,Foliage,recover-20220815,011,1795
598.0775,598.0843,49531.0,61312.0,Pipistrellus pipistrellus,0.372,0.404,-1,Echolocation,/mnt/ubna_data_01_mir/recover-20220815/UBNA_011/20220812_060000.WAV,Foliage,recover-20220815,011,1795
598.1705,598.1791,46953.0,66070.0,Pipistrellus pipistrellus,0.302,0.44,-1,Echolocation,/mnt/ubna_data_01_mir/recover-20220815/UBNA_011/20220812_060000.WAV,Foliage,recover-20220815,011,1795
598.2275,598.2341,45234.0,61408.0,Pipistrellus pipistrellus,0.154,0.256,-1,Echolocation,/mnt/ubna_data_01_mir/recover-20220815/UBNA_011/20220812_060000.WAV,Foliage,recover-20220815,011,1795
598.3625,598.3729,46953.0,56419.0,Pipistrellus pipistrellus,0.289,0.314,-1,Echolocation,/mnt/ubna_data_01_mir/recover-20220815/UBNA_011/20220812_060000.WAV,Foliage,recover-20220815,011,1795
598.4185,598.4267,48671.0,56943.0,Pipistrellus pipistrellus,0.278,0.301,-1,Echolocation,/mnt/ubna_data_01_mir/recover-20220815/UBNA_011/20220812_060000.WAV,Foliage,recover-20220815,011,1795
598.4745,598.4807,46953.0,63865.0,Pipistrellus pipistrellus,0.146,0.3,-1,Echolocation,/mnt/ubna_data_01_mir/recover-20220815/UBNA_011/20220812_060000.WAV,Foliage,recover-20220815,011,1795
598.5555,598.5617,45234.0,63399.0,Pipistrellus pipistrellus,0.177,0.334,-1,Echolocation,/mnt/ubna_data_01_mir/recover-20220815/UBNA_011/20220812_060000.WAV,Foliage,recover-20220815,011,1795
598.6135,598.62,52109.0,58515.0,Pipistrellus pipistrellus,0.367,0.451,-1,Echolocation,/mnt/ubna_data_01_mir/recover-20220815/UBNA_011/20220812_060000.WAV,Foliage,recover-20220815,011,1795
598.9295,598.9369,46953.0,61042.0,Pipistrellus pipistrellus,0.187,0.26,-1,Echolocation,/mnt/ubna_data_01_mir/recover-20220815/UBNA_011/20220812_060000.WAV,Foliage,recover-20220815,011,1795
599.0955,599.103,46953.0,58352.0,Pipistrellus pipistrellus,0.341,0.39,-1,Echolocation,/mnt/ubna_data_01_mir/recover-20220815/UBNA_011/20220812_060000.WAV,Foliage,recover-20220815,011,1795
599.2764999999999,599.2827,45234.0,53809.0,Pipistrellus pipistrellus,0.338,0.348,-1,Echolocation,/mnt/ubna_data_01_mir/recover-20220815/UBNA_011/20220812_060000.WAV,Foliage,recover-20220815,011,1795
599.3665,599.3731,46953.0,54395.0,Pipistrellus pipistrellus,0.456,0.467,-1,Echolocation,/mnt/ubna_data_01_mir/recover-20220815/UBNA_011/20220812_060000.WAV,Foliage,recover-20220815,011,1795
599.4575,599.4645,46093.0,52611.0,Pipistrellus pipistrellus,0.364,0.38,-1,Echolocation,/mnt/ubna_data_01_mir/recover-20220815/UBNA_011/20220812_060000.WAV,Foliage,recover-20220815,011,1795
599.5495,599.5567,45234.0,58690.0,Pipistrellus pipistrellus,0.373,0.542,-1,Echolocation,/mnt/ubna_data_01_mir/recover-20220815/UBNA_011/20220812_060000.WAV,Foliage,recover-20220815,011,1795
599.6445,599.662,45234.0,49889.0,Pipistrellus pipistrellus,0.369,0.411,-1,Echolocation,/mnt/ubna_data_01_mir/recover-20220815/UBNA_011/20220812_060000.WAV,Foliage,recover-20220815,011,1795
599.8355,599.8427,44375.0,57097.0,Pipistrellus pipistrellus,0.442,0.503,-1,Echolocation,/mnt/ubna_data_01_mir/recover-20220815/UBNA_011/20220812_060000.WAV,Foliage,recover-20220815,011,1795
599.9275,599.936,45234.0,57950.0,Pipistrellus pipistrellus,0.379,0.557,-1,Echolocation,/mnt/ubna_data_01_mir/recover-20220815/UBNA_011/20220812_060000.WAV,Foliage,recover-20220815,011,1795
600.3135,600.3234,45234.0,50124.0,Pipistrellus pipistrellus,0.401,0.444,-1,Echolocation,/mnt/ubna_data_01_mir/recover-20220815/UBNA_011/20220812_060000.WAV,Foliage,recover-20220815,011,1795
602.8445,602.8618,24609.0,28418.0,Nyctalus leisleri,0.219,0.361,-1,Echolocation,/mnt/ubna_data_01_mir/recover-20220815/UBNA_011/20220812_060000.WAV,Foliage,recover-20220815,011,1795
603.0445,603.0599,24609.0,28681.0,Nyctalus leisleri,0.291,0.41,-1,Echolocation,/mnt/ubna_data_01_mir/recover-20220815/UBNA_011/20220812_060000.WAV,Foliage,recover-20220815,011,1795
871.8965,871.9063,27187.0,35085.0,Eptesicus serotinus,0.135,0.207,-1,Echolocation,/mnt/ubna_data_01_mir/recover-20220815/UBNA_011/20220812_060000.WAV,Foliage,recover-20220815,011,1795
885.2885,885.3059,24609.0,29128.0,Nyctalus leisleri,0.182,0.31,-1,Echolocation,/mnt/ubna_data_01_mir/recover-20220815/UBNA_011/20220812_060000.WAV,Foliage,recover-20220815,011,1795
907.1135,907.1272,23750.0,29842.0,Nyctalus noctula,0.087,0.238,-1,Echolocation,/mnt/ubna_data_01_mir/recover-20220815/UBNA_011/20220812_060000.WAV,Foliage,recover-20220815,011,1795
916.7764999999999,916.7921,24609.0,29416.0,Nyctalus leisleri,0.118,0.244,-1,Echolocation,/mnt/ubna_data_01_mir/recover-20220815/UBNA_011/20220812_060000.WAV,Foliage,recover-20220815,011,1795
917.3795,917.3927,25468.0,30823.0,Nyctalus leisleri,0.177,0.384,-1,Echolocation,/mnt/ubna_data_01_mir/recover-20220815/UBNA_011/20220812_060000.WAV,Foliage,recover-20220815,011,1795
919.1665,919.1795,24609.0,29356.0,Eptesicus serotinus,0.111,0.228,-1,Echolocation,/mnt/ubna_data_01_mir/recover-20220815/UBNA_011/20220812_060000.WAV,Foliage,recover-20220815,011,1795
981.7615,981.7803,25468.0,31812.0,Nyctalus leisleri,0.112,0.236,-1,Echolocation,/mnt/ubna_data_01_mir/recover-20220815/UBNA_011/20220812_060000.WAV,Foliage,recover-20220815,011,1795
981.9405,981.9552,25468.0,32144.0,Eptesicus serotinus,0.175,0.319,-1,Echolocation,/mnt/ubna_data_01_mir/recover-20220815/UBNA_011/20220812_060000.WAV,Foliage,recover-20220815,011,1795
982.1555,982.1715,25468.0,30352.0,Nyctalus leisleri,0.11,0.218,-1,Echolocation,/mnt/ubna_data_01_mir/recover-20220815/UBNA_011/20220812_060000.WAV,Foliage,recover-20220815,011,1795
983.3215,983.34,25468.0,29557.0,Nyctalus leisleri,0.187,0.298,-1,Echolocation,/mnt/ubna_data_01_mir/recover-20220815/UBNA_011/20220812_060000.WAV,Foliage,recover-20220815,011,1795
983.5865,983.6026,24609.0,31888.0,Eptesicus serotinus,0.215,0.456,-1,Echolocation,/mnt/ubna_data_01_mir/recover-20220815/UBNA_011/20220812_060000.WAV,Foliage,recover-20220815,011,1795
983.8655,983.882,24609.0,30535.0,Nyctalus leisleri,0.32,0.512,-1,Echolocation,/mnt/ubna_data_01_mir/recover-20220815/UBNA_011/20220812_060000.WAV,Foliage,recover-20220815,011,1795
984.1395,984.1546,24609.0,28982.0,Nyctalus leisleri,0.304,0.414,-1,Echolocation,/mnt/ubna_data_01_mir/recover-20220815/UBNA_011/20220812_060000.WAV,Foliage,recover-20220815,011,1795
984.5845,984.6029,24609.0,29199.0,Nyctalus leisleri,0.259,0.388,-1,Echolocation,/mnt/ubna_data_01_mir/recover-20220815/UBNA_011/20220812_060000.WAV,Foliage,recover-20220815,011,1795
985.1485,985.1687,23750.0,28658.0,Nyctalus leisleri,0.232,0.374,-1,Echolocation,/mnt/ubna_data_01_mir/recover-20220815/UBNA_011/20220812_060000.WAV,Foliage,recover-20220815,011,1795
985.4305,985.4452,25468.0,30631.0,Nyctalus leisleri,0.31,0.495,-1,Echolocation,/mnt/ubna_data_01_mir/recover-20220815/UBNA_011/20220812_060000.WAV,Foliage,recover-20220815,011,1795
1000.4565,1000.4697,25468.0,31718.0,Eptesicus serotinus,0.129,0.262,-1,Echolocation,/mnt/ubna_data_01_mir/recover-20220815/UBNA_011/20220812_060000.WAV,Foliage,recover-20220815,011,1795
1001.8865,1001.9001,25468.0,31266.0,Nyctalus leisleri,0.11,0.229,-1,Echolocation,/mnt/ubna_data_01_mir/recover-20220815/UBNA_011/20220812_060000.WAV,Foliage,recover-20220815,011,1795
1003.9705,1003.9863,25468.0,33939.0,Eptesicus serotinus,0.201,0.42,-1,Echolocation,/mnt/ubna_data_01_mir/recover-20220815/UBNA_011/20220812_060000.WAV,Foliage,recover-20220815,011,1795
1004.2345,1004.2518,24609.0,30392.0,Nyctalus leisleri,0.101,0.237,-1,Echolocation,/mnt/ubna_data_01_mir/recover-20220815/UBNA_011/20220812_060000.WAV,Foliage,recover-20220815,011,1795
1004.6225,1004.6355,25468.0,34178.0,Eptesicus serotinus,0.344,0.572,-1,Echolocation,/mnt/ubna_data_01_mir/recover-20220815/UBNA_011/20220812_060000.WAV,Foliage,recover-20220815,011,1795
1005.1565,1005.1688,25468.0,33182.0,Nyctalus leisleri,0.311,0.644,-1,Echolocation,/mnt/ubna_data_01_mir/recover-20220815/UBNA_011/20220812_060000.WAV,Foliage,recover-20220815,011,1795
1005.6895,1005.7021,24609.0,30426.0,Nyctalus leisleri,0.226,0.449,-1,Echolocation,/mnt/ubna_data_01_mir/recover-20220815/UBNA_011/20220812_060000.WAV,Foliage,recover-20220815,011,1795
1007.6155,1007.6302,24609.0,31124.0,Nyctalus leisleri,0.183,0.408,-1,Echolocation,/mnt/ubna_data_01_mir/recover-20220815/UBNA_011/20220812_060000.WAV,Foliage,recover-20220815,011,1795
1007.8155,1007.8278,25468.0,32199.0,Eptesicus serotinus,0.266,0.403,-1,Echolocation,/mnt/ubna_data_01_mir/recover-20220815/UBNA_011/20220812_060000.WAV,Foliage,recover-20220815,011,1795
1008.0165,1008.028,25468.0,33070.0,Eptesicus serotinus,0.116,0.211,-1,Echolocation,/mnt/ubna_data_01_mir/recover-20220815/UBNA_011/20220812_060000.WAV,Foliage,recover-20220815,011,1795
1010.0115,1010.03,24609.0,30186.0,Nyctalus leisleri,0.21,0.403,-1,Echolocation,/mnt/ubna_data_01_mir/recover-20220815/UBNA_011/20220812_060000.WAV,Foliage,recover-20220815,011,1795
1010.2745,1010.2892,24609.0,32479.0,Nyctalus leisleri,0.28,0.604,-1,Echolocation,/mnt/ubna_data_01_mir/recover-20220815/UBNA_011/20220812_060000.WAV,Foliage,recover-20220815,011,1795
1010.5415,1010.5601,24609.0,30969.0,Nyctalus leisleri,0.166,0.393,-1,Echolocation,/mnt/ubna_data_01_mir/recover-20220815/UBNA_011/20220812_060000.WAV,Foliage,recover-20220815,011,1795
1011.2755,1011.2917,24609.0,28144.0,Nyctalus leisleri,0.183,0.288,-1,Echolocation,/mnt/ubna_data_01_mir/recover-20220815/UBNA_011/20220812_060000.WAV,Foliage,recover-20220815,011,1795
1016.1065,1016.1243,22031.0,25585.0,Nyctalus leisleri,0.112,0.233,-1,Echolocation,/mnt/ubna_data_01_mir/recover-20220815/UBNA_011/20220812_060000.WAV,Foliage,recover-20220815,011,1795
1026.9705,1026.9858,24609.0,31971.0,Eptesicus serotinus,0.23,0.482,-1,Echolocation,/mnt/ubna_data_01_mir/recover-20220815/UBNA_011/20220812_060000.WAV,Foliage,recover-20220815,011,1795
1028.1905,1028.2038,28046.0,34719.0,Eptesicus serotinus,0.139,0.209,-1,Echolocation,/mnt/ubna_data_01_mir/recover-20220815/UBNA_011/20220812_060000.WAV,Foliage,recover-20220815,011,1795
1028.3885,1028.4012,27187.0,34030.0,Eptesicus serotinus,0.14,0.202,-1,Echolocation,/mnt/ubna_data_01_mir/recover-20220815/UBNA_011/20220812_060000.WAV,Foliage,recover-20220815,011,1795
1029.1505,1029.1604,27187.0,34989.0,Eptesicus serotinus,0.353,0.517,-1,Echolocation,/mnt/ubna_data_01_mir/recover-20220815/UBNA_011/20220812_060000.WAV,Foliage,recover-20220815,011,1795
1029.4955,1029.5052,27187.0,35467.0,Eptesicus serotinus,0.33,0.414,-1,Echolocation,/mnt/ubna_data_01_mir/recover-20220815/UBNA_011/20220812_060000.WAV,Foliage,recover-20220815,011,1795
1029.6005,1029.608,28046.0,37662.0,Eptesicus serotinus,0.203,0.309,-1,Echolocation,/mnt/ubna_data_01_mir/recover-20220815/UBNA_011/20220812_060000.WAV,Foliage,recover-20220815,011,1795
1029.6905,1029.7016,28906.0,37282.0,Eptesicus serotinus,0.222,0.286,-1,Echolocation,/mnt/ubna_data_01_mir/recover-20220815/UBNA_011/20220812_060000.WAV,Foliage,recover-20220815,011,1795
1029.7645,1029.7741,28046.0,37139.0,Eptesicus serotinus,0.17,0.214,-1,Echolocation,/mnt/ubna_data_01_mir/recover-20220815/UBNA_011/20220812_060000.WAV,Foliage,recover-20220815,011,1795
1030.2595,1030.2714,26328.0,37583.0,Eptesicus serotinus,0.424,0.551,-1,Echolocation,/mnt/ubna_data_01_mir/recover-20220815/UBNA_011/20220812_060000.WAV,Foliage,recover-20220815,011,1795
1030.3745,1030.3863,25468.0,38490.0,Eptesicus serotinus,0.574,0.649,-1,Echolocation,/mnt/ubna_data_01_mir/recover-20220815/UBNA_011/20220812_060000.WAV,Foliage,recover-20220815,011,1795
1030.7365,1030.7494,24609.0,35818.0,Eptesicus serotinus,0.348,0.561,-1,Echolocation,/mnt/ubna_data_01_mir/recover-20220815/UBNA_011/20220812_060000.WAV,Foliage,recover-20220815,011,1795
1031.5295,1031.5441,25468.0,31409.0,Eptesicus serotinus,0.182,0.396,-1,Echolocation,/mnt/ubna_data_01_mir/recover-20220815/UBNA_011/20220812_060000.WAV,Foliage,recover-20220815,011,1795
1033.8095,1033.8235,26328.0,34553.0,Eptesicus serotinus,0.192,0.268,-1,Echolocation,/mnt/ubna_data_01_mir/recover-20220815/UBNA_011/20220812_060000.WAV,Foliage,recover-20220815,011,1795
1034.3185,1034.3342,25468.0,34483.0,Eptesicus serotinus,0.188,0.238,-1,Echolocation,/mnt/ubna_data_01_mir/recover-20220815/UBNA_011/20220812_060000.WAV,Foliage,recover-20220815,011,1795
1034.9935,1035.0053,25468.0,36434.0,Eptesicus serotinus,0.449,0.564,-1,Echolocation,/mnt/ubna_data_01_mir/recover-20220815/UBNA_011/20220812_060000.WAV,Foliage,recover-20220815,011,1795
1035.5195,1035.5335,26328.0,32228.0,Nyctalus leisleri,0.134,0.281,-1,Echolocation,/mnt/ubna_data_01_mir/recover-20220815/UBNA_011/20220812_060000.WAV,Foliage,recover-20220815,011,1795
1036.0435,1036.0557,26328.0,33197.0,Eptesicus serotinus,0.25,0.496,-1,Echolocation,/mnt/ubna_data_01_mir/recover-20220815/UBNA_011/20220812_060000.WAV,Foliage,recover-20220815,011,1795
1036.4555,1036.4688,25468.0,31684.0,Nyctalus leisleri,0.228,0.469,-1,Echolocation,/mnt/ubna_data_01_mir/recover-20220815/UBNA_011/20220812_060000.WAV,Foliage,recover-20220815,011,1795
1038.7625,1038.7821,26328.0,30475.0,Nyctalus leisleri,0.12,0.22,-1,Echolocation,/mnt/ubna_data_01_mir/recover-20220815/UBNA_011/20220812_060000.WAV,Foliage,recover-20220815,011,1795
1039.1675,1039.1843,26328.0,31569.0,Eptesicus serotinus,0.093,0.209,-1,Echolocation,/mnt/ubna_data_01_mir/recover-20220815/UBNA_011/20220812_060000.WAV,Foliage,recover-20220815,011,1795
1039.8655,1039.8789,26328.0,31146.0,Nyctalus leisleri,0.101,0.217,-1,Echolocation,/mnt/ubna_data_01_mir/recover-20220815/UBNA_011/20220812_060000.WAV,Foliage,recover-20220815,011,1795
1041.7205,1041.736,26328.0,32553.0,Nyctalus leisleri,0.141,0.291,-1,Echolocation,/mnt/ubna_data_01_mir/recover-20220815/UBNA_011/20220812_060000.WAV,Foliage,recover-20220815,011,1795
1042.5355,1042.5509,27187.0,33249.0,Eptesicus serotinus,0.137,0.251,-1,Echolocation,/mnt/ubna_data_01_mir/recover-20220815/UBNA_011/20220812_060000.WAV,Foliage,recover-20220815,011,1795
1047.2035,1047.2184,26328.0,32081.0,Eptesicus serotinus,0.117,0.203,-1,Echolocation,/mnt/ubna_data_01_mir/recover-20220815/UBNA_011/20220812_060000.WAV,Foliage,recover-20220815,011,1795
1047.5285,1047.546,25468.0,30896.0,Eptesicus serotinus,0.13,0.257,-1,Echolocation,/mnt/ubna_data_01_mir/recover-20220815/UBNA_011/20220812_060000.WAV,Foliage,recover-20220815,011,1795
1067.6185,1067.6329,28046.0,32177.0,Nyctalus leisleri,0.108,0.213,-1,Echolocation,/mnt/ubna_data_01_mir/recover-20220815/UBNA_011/20220812_060000.WAV,Foliage,recover-20220815,011,1795
1073.4505,1073.4691,24609.0,29227.0,Nyctalus leisleri,0.115,0.23,-1,Echolocation,/mnt/ubna_data_01_mir/recover-20220815/UBNA_011/20220812_060000.WAV,Foliage,recover-20220815,011,1795
1110.8785,1110.8961,24609.0,29584.0,Nyctalus leisleri,0.144,0.281,-1,Echolocation,/mnt/ubna_data_01_mir/recover-20220815/UBNA_011/20220812_060000.WAV,Foliage,recover-20220815,011,1795
1111.5895,1111.6059,26328.0,31765.0,Eptesicus serotinus,0.117,0.212,-1,Echolocation,/mnt/ubna_data_01_mir/recover-20220815/UBNA_011/20220812_060000.WAV,Foliage,recover-20220815,011,1795
1112.1765,1112.1948,24609.0,28616.0,Nyctalus leisleri,0.248,0.367,-1,Echolocation,/mnt/ubna_data_01_mir/recover-20220815/UBNA_011/20220812_060000.WAV,Foliage,recover-20220815,011,1795
1115.2755,1115.2897,26328.0,31658.0,Eptesicus serotinus,0.114,0.254,-1,Echolocation,/mnt/ubna_data_01_mir/recover-20220815/UBNA_011/20220812_060000.WAV,Foliage,recover-20220815,011,1795
1115.8095,1115.8213,25468.0,34210.0,Eptesicus serotinus,0.316,0.439,-1,Echolocation,/mnt/ubna_data_01_mir/recover-20220815/UBNA_011/20220812_060000.WAV,Foliage,recover-20220815,011,1795
1116.3625,1116.3744,25468.0,32294.0,Eptesicus serotinus,0.16,0.277,-1,Echolocation,/mnt/ubna_data_01_mir/recover-20220815/UBNA_011/20220812_060000.WAV,Foliage,recover-20220815,011,1795
1116.5395,1116.5545,25468.0,30878.0,Nyctalus leisleri,0.126,0.285,-1,Echolocation,/mnt/ubna_data_01_mir/recover-20220815/UBNA_011/20220812_060000.WAV,Foliage,recover-20220815,011,1795
1178.9755,1178.9804,35781.0,49746.0,Myotis daubentonii,0.155,0.351,-1,Echolocation,/mnt/ubna_data_01_mir/recover-20220815/UBNA_011/20220812_060000.WAV,Foliage,recover-20220815,011,1795
1179.0655,1179.0873,23750.0,28347.0,Nyctalus leisleri,0.2,0.317,-1,Echolocation,/mnt/ubna_data_01_mir/recover-20220815/UBNA_011/20220812_060000.WAV,Foliage,recover-20220815,011,1795
1179.0835,1179.0889,36640.0,47673.0,Myotis daubentonii,0.138,0.33,-1,Echolocation,/mnt/ubna_data_01_mir/recover-20220815/UBNA_011/20220812_060000.WAV,Foliage,recover-20220815,011,1795
1179.1905,1179.1956,34921.0,54100.0,Myotis daubentonii,0.21,0.482,-1,Echolocation,/mnt/ubna_data_01_mir/recover-20220815/UBNA_011/20220812_060000.WAV,Foliage,recover-20220815,011,1795
1179.2505,1179.2563,35781.0,49695.0,Myotis daubentonii,0.171,0.425,-1,Echolocation,/mnt/ubna_data_01_mir/recover-20220815/UBNA_011/20220812_060000.WAV,Foliage,recover-20220815,011,1795
1179.9485,1179.9543,40078.0,50351.0,Myotis daubentonii,0.101,0.365,-1,Echolocation,/mnt/ubna_data_01_mir/recover-20220815/UBNA_011/20220812_060000.WAV,Foliage,recover-20220815,011,1795
1180.2645,1180.2816,23750.0,28683.0,Nyctalus leisleri,0.156,0.29,-1,Echolocation,/mnt/ubna_data_01_mir/recover-20220815/UBNA_011/20220812_060000.WAV,Foliage,recover-20220815,011,1795
1221.2905,1221.307,24609.0,30183.0,Eptesicus serotinus,0.125,0.271,-1,Echolocation,/mnt/ubna_data_01_mir/recover-20220815/UBNA_011/20220812_060000.WAV,Foliage,recover-20220815,011,1795
1221.8605,1221.8782,25468.0,31414.0,Nyctalus leisleri,0.183,0.319,-1,Echolocation,/mnt/ubna_data_01_mir/recover-20220815/UBNA_011/20220812_060000.WAV,Foliage,recover-20220815,011,1795
1222.4405,1222.4605,24609.0,29845.0,Nyctalus leisleri,0.142,0.273,-1,Echolocation,/mnt/ubna_data_01_mir/recover-20220815/UBNA_011/20220812_060000.WAV,Foliage,recover-20220815,011,1795
1223.1565,1223.1699,24609.0,30482.0,Eptesicus serotinus,0.153,0.287,-1,Echolocation,/mnt/ubna_data_01_mir/recover-20220815/UBNA_011/20220812_060000.WAV,Foliage,recover-20220815,011,1795
1224.6055,1224.6201,25468.0,30381.0,Eptesicus serotinus,0.09,0.202,-1,Echolocation,/mnt/ubna_data_01_mir/recover-20220815/UBNA_011/20220812_060000.WAV,Foliage,recover-20220815,011,1795
1224.8275,1224.8469,24609.0,29011.0,Nyctalus leisleri,0.238,0.353,-1,Echolocation,/mnt/ubna_data_01_mir/recover-20220815/UBNA_011/20220812_060000.WAV,Foliage,recover-20220815,011,1795
1225.3755,1225.3946,23750.0,28710.0,Nyctalus leisleri,0.131,0.259,-1,Echolocation,/mnt/ubna_data_01_mir/recover-20220815/UBNA_011/20220812_060000.WAV,Foliage,recover-20220815,011,1795
1237.3915,1237.4041,25468.0,31856.0,Nyctalus leisleri,0.27,0.513,-1,Echolocation,/mnt/ubna_data_01_mir/recover-20220815/UBNA_011/20220812_060000.WAV,Foliage,recover-20220815,011,1795
1238.5095,1238.5251,25468.0,30420.0,Nyctalus leisleri,0.126,0.241,-1,Echolocation,/mnt/ubna_data_01_mir/recover-20220815/UBNA_011/20220812_060000.WAV,Foliage,recover-20220815,011,1795
1239.0785,1239.0981,24609.0,28870.0,Nyctalus leisleri,0.191,0.289,-1,Echolocation,/mnt/ubna_data_01_mir/recover-20220815/UBNA_011/20220812_060000.WAV,Foliage,recover-20220815,011,1795
1241.7485,1241.764,23750.0,29052.0,Eptesicus serotinus,0.094,0.205,-1,Echolocation,/mnt/ubna_data_01_mir/recover-20220815/UBNA_011/20220812_060000.WAV,Foliage,recover-20220815,011,1795
1242.3025,1242.3177,26328.0,31135.0,Nyctalus leisleri,0.116,0.238,-1,Echolocation,/mnt/ubna_data_01_mir/recover-20220815/UBNA_011/20220812_060000.WAV,Foliage,recover-20220815,011,1795
1246.3395,1246.3591,24609.0,29628.0,Nyctalus leisleri,0.1,0.219,-1,Echolocation,/mnt/ubna_data_01_mir/recover-20220815/UBNA_011/20220812_060000.WAV,Foliage,recover-20220815,011,1795
1246.9255,1246.9446,25468.0,30649.0,Nyctalus leisleri,0.168,0.248,-1,Echolocation,/mnt/ubna_data_01_mir/recover-20220815/UBNA_011/20220812_060000.WAV,Foliage,recover-20220815,011,1795
1247.9565,1247.9737,24609.0,29384.0,Nyctalus leisleri,0.307,0.425,-1,Echolocation,/mnt/ubna_data_01_mir/recover-20220815/UBNA_011/20220812_060000.WAV,Foliage,recover-20220815,011,1795
1253.6495,1253.666,25468.0,29521.0,Nyctalus leisleri,0.274,0.402,-1,Echolocation,/mnt/ubna_data_01_mir/recover-20220815/UBNA_011/20220812_060000.WAV,Foliage,recover-20220815,011,1795
1273.0105,1273.0283,25468.0,29151.0,Nyctalus leisleri,0.119,0.206,-1,Echolocation,/mnt/ubna_data_01_mir/recover-20220815/UBNA_011/20220812_060000.WAV,Foliage,recover-20220815,011,1795
1273.4565,1273.4775,25468.0,28849.0,Nyctalus leisleri,0.13,0.201,-1,Echolocation,/mnt/ubna_data_01_mir/recover-20220815/UBNA_011/20220812_060000.WAV,Foliage,recover-20220815,011,1795
1274.3055,1274.3203,24609.0,31855.0,Eptesicus serotinus,0.242,0.491,-1,Echolocation,/mnt/ubna_data_01_mir/recover-20220815/UBNA_011/20220812_060000.WAV,Foliage,recover-20220815,011,1795
1274.5935,1274.6052,23750.0,31322.0,Eptesicus serotinus,0.193,0.305,-1,Echolocation,/mnt/ubna_data_01_mir/recover-20220815/UBNA_011/20220812_060000.WAV,Foliage,recover-20220815,011,1795
1274.8775,1274.892,24609.0,32274.0,Eptesicus serotinus,0.271,0.526,-1,Echolocation,/mnt/ubna_data_01_mir/recover-20220815/UBNA_011/20220812_060000.WAV,Foliage,recover-20220815,011,1795
1275.1575,1275.1724,24609.0,30365.0,Nyctalus leisleri,0.264,0.541,-1,Echolocation,/mnt/ubna_data_01_mir/recover-20220815/UBNA_011/20220812_060000.WAV,Foliage,recover-20220815,011,1795
1275.5635,1275.579,24609.0,32272.0,Eptesicus serotinus,0.197,0.351,-1,Echolocation,/mnt/ubna_data_01_mir/recover-20220815/UBNA_011/20220812_060000.WAV,Foliage,recover-20220815,011,1795
1278.7445,1278.7625,22031.0,25958.0,Nyctalus leisleri,0.188,0.309,-1,Echolocation,/mnt/ubna_data_01_mir/recover-20220815/UBNA_011/20220812_060000.WAV,Foliage,recover-20220815,011,1795
1305.0745,1305.089,25468.0,31243.0,Nyctalus leisleri,0.221,0.405,-1,Echolocation,/mnt/ubna_data_01_mir/recover-20220815/UBNA_011/20220812_060000.WAV,Foliage,recover-20220815,011,1795
1305.6425,1305.6577,25468.0,30586.0,Nyctalus leisleri,0.254,0.421,-1,Echolocation,/mnt/ubna_data_01_mir/recover-20220815/UBNA_011/20220812_060000.WAV,Foliage,recover-20220815,011,1795
1317.3135,1317.3257,24609.0,29856.0,Nyctalus leisleri,0.306,0.536,-1,Echolocation,/mnt/ubna_data_01_mir/recover-20220815/UBNA_011/20220812_060000.WAV,Foliage,recover-20220815,011,1795
1332.4765,1332.4918,24609.0,29902.0,Eptesicus serotinus,0.094,0.205,-1,Echolocation,/mnt/ubna_data_01_mir/recover-20220815/UBNA_011/20220812_060000.WAV,Foliage,recover-20220815,011,1795
1333.4365,1333.4517,24609.0,29996.0,Nyctalus leisleri,0.216,0.386,-1,Echolocation,/mnt/ubna_data_01_mir/recover-20220815/UBNA_011/20220812_060000.WAV,Foliage,recover-20220815,011,1795
1335.0135,1335.034,24609.0,29702.0,Nyctalus leisleri,0.125,0.255,-1,Echolocation,/mnt/ubna_data_01_mir/recover-20220815/UBNA_011/20220812_060000.WAV,Foliage,recover-20220815,011,1795
1342.5075,1342.5224,24609.0,29337.0,Nyctalus leisleri,0.295,0.489,-1,Echolocation,/mnt/ubna_data_01_mir/recover-20220815/UBNA_011/20220812_060000.WAV,Foliage,recover-20220815,011,1795
1350.6695,1350.6884,25468.0,29677.0,Nyctalus leisleri,0.144,0.239,-1,Echolocation,/mnt/ubna_data_01_mir/recover-20220815/UBNA_011/20220812_060000.WAV,Foliage,recover-20220815,011,1795
1351.7015,1351.7234,24609.0,29223.0,Nyctalus leisleri,0.101,0.217,-1,Echolocation,/mnt/ubna_data_01_mir/recover-20220815/UBNA_011/20220812_060000.WAV,Foliage,recover-20220815,011,1795
1351.9635,1351.9805,25468.0,29988.0,Nyctalus leisleri,0.182,0.316,-1,Echolocation,/mnt/ubna_data_01_mir/recover-20220815/UBNA_011/20220812_060000.WAV,Foliage,recover-20220815,011,1795
1352.2115,1352.2267,25468.0,31478.0,Eptesicus serotinus,0.14,0.305,-1,Echolocation,/mnt/ubna_data_01_mir/recover-20220815/UBNA_011/20220812_060000.WAV,Foliage,recover-20220815,011,1795
1352.4245,1352.4381,25468.0,31996.0,Eptesicus serotinus,0.142,0.225,-1,Echolocation,/mnt/ubna_data_01_mir/recover-20220815/UBNA_011/20220812_060000.WAV,Foliage,recover-20220815,011,1795
1352.6885,1352.7031,25468.0,30813.0,Nyctalus leisleri,0.198,0.381,-1,Echolocation,/mnt/ubna_data_01_mir/recover-20220815/UBNA_011/20220812_060000.WAV,Foliage,recover-20220815,011,1795
1366.9175,1366.93,24609.0,29402.0,Nyctalus leisleri,0.197,0.386,-1,Echolocation,/mnt/ubna_data_01_mir/recover-20220815/UBNA_011/20220812_060000.WAV,Foliage,recover-20220815,011,1795
1382.5835,1382.5954,25468.0,31820.0,Eptesicus serotinus,0.145,0.241,-1,Echolocation,/mnt/ubna_data_01_mir/recover-20220815/UBNA_011/20220812_060000.WAV,Foliage,recover-20220815,011,1795
1382.8625,1382.8814,25468.0,29607.0,Nyctalus leisleri,0.14,0.226,-1,Echolocation,/mnt/ubna_data_01_mir/recover-20220815/UBNA_011/20220812_060000.WAV,Foliage,recover-20220815,011,1795
1383.2895,1383.3069,24609.0,29669.0,Nyctalus leisleri,0.121,0.233,-1,Echolocation,/mnt/ubna_data_01_mir/recover-20220815/UBNA_011/20220812_060000.WAV,Foliage,recover-20220815,011,1795
1389.4245,1389.4354,24609.0,29522.0,Nyctalus leisleri,0.256,0.458,-1,Echolocation,/mnt/ubna_data_01_mir/recover-20220815/UBNA_011/20220812_060000.WAV,Foliage,recover-20220815,011,1795
1401.7075,1401.7213,25468.0,29550.0,Nyctalus leisleri,0.112,0.231,-1,Echolocation,/mnt/ubna_data_01_mir/recover-20220815/UBNA_011/20220812_060000.WAV,Foliage,recover-20220815,011,1795
1402.5605,1402.5775,25468.0,30725.0,Nyctalus leisleri,0.227,0.358,-1,Echolocation,/mnt/ubna_data_01_mir/recover-20220815/UBNA_011/20220812_060000.WAV,Foliage,recover-20220815,011,1795
1403.7395,1403.7574,24609.0,29365.0,Nyctalus leisleri,0.185,0.379,-1,Echolocation,/mnt/ubna_data_01_mir/recover-20220815/UBNA_011/20220812_060000.WAV,Foliage,recover-20220815,011,1795
1404.4405,1404.4564,24609.0,29387.0,Nyctalus leisleri,0.222,0.392,-1,Echolocation,/mnt/ubna_data_01_mir/recover-20220815/UBNA_011/20220812_060000.WAV,Foliage,recover-20220815,011,1795
1405.8425,1405.858,24609.0,28155.0,Nyctalus leisleri,0.272,0.398,-1,Echolocation,/mnt/ubna_data_01_mir/recover-20220815/UBNA_011/20220812_060000.WAV,Foliage,recover-20220815,011,1795
1414.5635,1414.5796,24609.0,29550.0,Nyctalus leisleri,0.116,0.231,-1,Echolocation,/mnt/ubna_data_01_mir/recover-20220815/UBNA_011/20220812_060000.WAV,Foliage,recover-20220815,011,1795
1415.1765,1415.1978,25468.0,29540.0,Nyctalus leisleri,0.13,0.226,-1,Echolocation,/mnt/ubna_data_01_mir/recover-20220815/UBNA_011/20220812_060000.WAV,Foliage,recover-20220815,011,1795
1416.2115,1416.2231,25468.0,30337.0,Eptesicus serotinus,0.148,0.31,-1,Echolocation,/mnt/ubna_data_01_mir/recover-20220815/UBNA_011/20220812_060000.WAV,Foliage,recover-20220815,011,1795
1432.9195,1432.9336,25468.0,30862.0,Nyctalus leisleri,0.195,0.37,-1,Echolocation,/mnt/ubna_data_01_mir/recover-20220815/UBNA_011/20220812_060000.WAV,Foliage,recover-20220815,011,1795
1456.9375,1456.9557,26328.0,31348.0,Nyctalus leisleri,0.138,0.247,-1,Echolocation,/mnt/ubna_data_01_mir/recover-20220815/UBNA_011/20220812_060000.WAV,Foliage,recover-20220815,011,1795
1457.5115,1457.5265,25468.0,30929.0,Eptesicus serotinus,0.181,0.329,-1,Echolocation,/mnt/ubna_data_01_mir/recover-20220815/UBNA_011/20220812_060000.WAV,Foliage,recover-20220815,011,1795
1457.9475,1457.9618,24609.0,30489.0,Nyctalus leisleri,0.24,0.504,-1,Echolocation,/mnt/ubna_data_01_mir/recover-20220815/UBNA_011/20220812_060000.WAV,Foliage,recover-20220815,011,1795
1458.8245,1458.8377,24609.0,29314.0,Nyctalus leisleri,0.235,0.41,-1,Echolocation,/mnt/ubna_data_01_mir/recover-20220815/UBNA_011/20220812_060000.WAV,Foliage,recover-20220815,011,1795
1461.6505,1461.6667,23750.0,27949.0,Nyctalus leisleri,0.363,0.452,-1,Echolocation,/mnt/ubna_data_01_mir/recover-20220815/UBNA_011/20220812_060000.WAV,Foliage,recover-20220815,011,1795
1467.4735,1467.4904,23750.0,30228.0,Eptesicus serotinus,0.173,0.358,-1,Echolocation,/mnt/ubna_data_01_mir/recover-20220815/UBNA_011/20220812_060000.WAV,Foliage,recover-20220815,011,1795
1467.7605,1467.779,25468.0,29920.0,Nyctalus leisleri,0.151,0.301,-1,Echolocation,/mnt/ubna_data_01_mir/recover-20220815/UBNA_011/20220812_060000.WAV,Foliage,recover-20220815,011,1795
1494.9725,1494.9871,25468.0,29991.0,Nyctalus leisleri,0.154,0.261,-1,Echolocation,/mnt/ubna_data_01_mir/recover-20220815/UBNA_011/20220812_060000.WAV,Foliage,recover-20220815,011,1795
1495.8115,1495.8309,24609.0,29448.0,Nyctalus leisleri,0.124,0.229,-1,Echolocation,/mnt/ubna_data_01_mir/recover-20220815/UBNA_011/20220812_060000.WAV,Foliage,recover-20220815,011,1795
1506.5475,1506.5651,25468.0,30238.0,Nyctalus leisleri,0.18,0.286,-1,Echolocation,/mnt/ubna_data_01_mir/recover-20220815/UBNA_011/20220812_060000.WAV,Foliage,recover-20220815,011,1795
1507.3815,1507.3986,25468.0,29604.0,Nyctalus leisleri,0.311,0.42,-1,Echolocation,/mnt/ubna_data_01_mir/recover-20220815/UBNA_011/20220812_060000.WAV,Foliage,recover-20220815,011,1795
1508.2105,1508.2277,24609.0,28728.0,Nyctalus leisleri,0.233,0.364,-1,Echolocation,/mnt/ubna_data_01_mir/recover-20220815/UBNA_011/20220812_060000.WAV,Foliage,recover-20220815,011,1795
1508.4915,1508.5161,24609.0,28806.0,Nyctalus leisleri,0.158,0.255,-1,Echolocation,/mnt/ubna_data_01_mir/recover-20220815/UBNA_011/20220812_060000.WAV,Foliage,recover-20220815,011,1795
1508.9025,1508.9186,24609.0,27706.0,Nyctalus leisleri,0.259,0.332,-1,Echolocation,/mnt/ubna_data_01_mir/recover-20220815/UBNA_011/20220812_060000.WAV,Foliage,recover-20220815,011,1795
1509.4675,1509.4863,23750.0,28874.0,Nyctalus leisleri,0.178,0.341,-1,Echolocation,/mnt/ubna_data_01_mir/recover-20220815/UBNA_011/20220812_060000.WAV,Foliage,recover-20220815,011,1795
1509.7535,1509.7701,23750.0,30319.0,Eptesicus serotinus,0.183,0.431,-1,Echolocation,/mnt/ubna_data_01_mir/recover-20220815/UBNA_011/20220812_060000.WAV,Foliage,recover-20220815,011,1795
1510.3255,1510.3421,24609.0,30156.0,Eptesicus serotinus,0.119,0.262,-1,Echolocation,/mnt/ubna_data_01_mir/recover-20220815/UBNA_011/20220812_060000.WAV,Foliage,recover-20220815,011,1795
1557.4035,1557.4183,25468.0,31708.0,Nyctalus leisleri,0.187,0.365,-1,Echolocation,/mnt/ubna_data_01_mir/recover-20220815/UBNA_011/20220812_060000.WAV,Foliage,recover-20220815,011,1795
1557.8345,1557.8501,24609.0,29185.0,Nyctalus leisleri,0.199,0.345,-1,Echolocation,/mnt/ubna_data_01_mir/recover-20220815/UBNA_011/20220812_060000.WAV,Foliage,recover-20220815,011,1795
1604.5055,1604.5234,24609.0,29141.0,Nyctalus leisleri,0.162,0.279,-1,Echolocation,/mnt/ubna_data_01_mir/recover-20220815/UBNA_011/20220812_060000.WAV,Foliage,recover-20220815,011,1795
1605.6485,1605.6628,24609.0,29670.0,Nyctalus leisleri,0.158,0.32,-1,Echolocation,/mnt/ubna_data_01_mir/recover-20220815/UBNA_011/20220812_060000.WAV,Foliage,recover-20220815,011,1795
1606.2045,1606.2259,24609.0,28106.0,Nyctalus leisleri,0.158,0.221,-1,Echolocation,/mnt/ubna_data_01_mir/recover-20220815/UBNA_011/20220812_060000.WAV,Foliage,recover-20220815,011,1795
1606.4765,1606.4936,24609.0,30403.0,Nyctalus leisleri,0.176,0.293,-1,Echolocation,/mnt/ubna_data_01_mir/recover-20220815/UBNA_011/20220812_060000.WAV,Foliage,recover-20220815,011,1795
1606.7605,1606.7822,24609.0,28426.0,Nyctalus leisleri,0.185,0.264,-1,Echolocation,/mnt/ubna_data_01_mir/recover-20220815/UBNA_011/20220812_060000.WAV,Foliage,recover-20220815,011,1795
1607.0385,1607.0571,24609.0,29879.0,Nyctalus leisleri,0.23,0.369,-1,Echolocation,/mnt/ubna_data_01_mir/recover-20220815/UBNA_011/20220812_060000.WAV,Foliage,recover-20220815,011,1795
1607.3155,1607.3327,24609.0,29550.0,Nyctalus leisleri,0.192,0.307,-1,Echolocation,/mnt/ubna_data_01_mir/recover-20220815/UBNA_011/20220812_060000.WAV,Foliage,recover-20220815,011,1795
1607.8725,1607.8875,24609.0,30643.0,Nyctalus leisleri,0.365,0.587,-1,Echolocation,/mnt/ubna_data_01_mir/recover-20220815/UBNA_011/20220812_060000.WAV,Foliage,recover-20220815,011,1795
1608.4475,1608.4613,23750.0,29998.0,Nyctalus leisleri,0.195,0.425,-1,Echolocation,/mnt/ubna_data_01_mir/recover-20220815/UBNA_011/20220812_060000.WAV,Foliage,recover-20220815,011,1795
1608.9015,1608.9153,24609.0,29458.0,Nyctalus leisleri,0.316,0.454,-1,Echolocation,/mnt/ubna_data_01_mir/recover-20220815/UBNA_011/20220812_060000.WAV,Foliage,recover-20220815,011,1795
1633.4475,1633.4643,25468.0,31086.0,Nyctalus leisleri,0.109,0.203,-1,Echolocation,/mnt/ubna_data_01_mir/recover-20220815/UBNA_011/20220812_060000.WAV,Foliage,recover-20220815,011,1795
1635.1205,1635.1363,25468.0,31671.0,Eptesicus serotinus,0.129,0.268,-1,Echolocation,/mnt/ubna_data_01_mir/recover-20220815/UBNA_011/20220812_060000.WAV,Foliage,recover-20220815,011,1795
1648.0035,1648.0053,25468.0,53423.0,Myotis nattereri,0.118,0.221,-1,Echolocation,/mnt/ubna_data_01_mir/recover-20220815/UBNA_011/20220812_060000.WAV,Foliage,recover-20220815,011,1795
1650.6865,1650.7017,25468.0,30304.0,Nyctalus leisleri,0.116,0.239,-1,Echolocation,/mnt/ubna_data_01_mir/recover-20220815/UBNA_011/20220812_060000.WAV,Foliage,recover-20220815,011,1795
1680.7615,1680.7788,24609.0,29252.0,Nyctalus leisleri,0.15,0.281,-1,Echolocation,/mnt/ubna_data_01_mir/recover-20220815/UBNA_011/20220812_060000.WAV,Foliage,recover-20220815,011,1795
1681.5945,1681.6144,24609.0,28772.0,Nyctalus leisleri,0.089,0.203,-1,Echolocation,/mnt/ubna_data_01_mir/recover-20220815/UBNA_011/20220812_060000.WAV,Foliage,recover-20220815,011,1795
1681.8685,1681.8855,25468.0,30227.0,Nyctalus leisleri,0.118,0.229,-1,Echolocation,/mnt/ubna_data_01_mir/recover-20220815/UBNA_011/20220812_060000.WAV,Foliage,recover-20220815,011,1795
1702.2025,1702.2111,39218.0,46006.0,Pipistrellus nathusii,0.316,0.353,-1,Echolocation,/mnt/ubna_data_01_mir/recover-20220815/UBNA_011/20220812_060000.WAV,Foliage,recover-20220815,011,1795
1702.5115,1702.5179,34921.0,45123.0,Barbastellus barbastellus,0.159,0.229,-1,Echolocation,/mnt/ubna_data_01_mir/recover-20220815/UBNA_011/20220812_060000.WAV,Foliage,recover-20220815,011,1795
1702.8275,1702.8351,35781.0,42940.0,Barbastellus barbastellus,0.161,0.442,-1,Echolocation,/mnt/ubna_data_01_mir/recover-20220815/UBNA_011/20220812_060000.WAV,Foliage,recover-20220815,011,1795
1702.9395,1702.9484,37500.0,46223.0,Pipistrellus nathusii,0.425,0.495,-1,Echolocation,/mnt/ubna_data_01_mir/recover-20220815/UBNA_011/20220812_060000.WAV,Foliage,recover-20220815,011,1795
1703.0505,1703.0601,35781.0,40963.0,Pipistrellus nathusii,0.342,0.402,-1,Echolocation,/mnt/ubna_data_01_mir/recover-20220815/UBNA_011/20220812_060000.WAV,Foliage,recover-20220815,011,1795
1703.2595,1703.2671,35781.0,48805.0,Pipistrellus nathusii,0.342,0.538,-1,Echolocation,/mnt/ubna_data_01_mir/recover-20220815/UBNA_011/20220812_060000.WAV,Foliage,recover-20220815,011,1795
1703.4665,1703.4751,34062.0,48155.0,Barbastellus barbastellus,0.194,0.511,-1,Echolocation,/mnt/ubna_data_01_mir/recover-20220815/UBNA_011/20220812_060000.WAV,Foliage,recover-20220815,011,1795
1703.5705,1703.5789,35781.0,44937.0,Pipistrellus nathusii,0.204,0.368,-1,Echolocation,/mnt/ubna_data_01_mir/recover-20220815/UBNA_011/20220812_060000.WAV,Foliage,recover-20220815,011,1795
1703.7765,1703.7859,34921.0,50231.0,Pipistrellus nathusii,0.186,0.467,-1,Echolocation,/mnt/ubna_data_01_mir/recover-20220815/UBNA_011/20220812_060000.WAV,Foliage,recover-20220815,011,1795
1703.8855,1703.893,35781.0,44757.0,Pipistrellus nathusii,0.353,0.549,-1,Echolocation,/mnt/ubna_data_01_mir/recover-20220815/UBNA_011/20220812_060000.WAV,Foliage,recover-20220815,011,1795
1704.1025,1704.1085,37500.0,46534.0,Pipistrellus nathusii,0.381,0.549,-1,Echolocation,/mnt/ubna_data_01_mir/recover-20220815/UBNA_011/20220812_060000.WAV,Foliage,recover-20220815,011,1795
1704.2045,1704.2109,37500.0,48030.0,Pipistrellus nathusii,0.273,0.525,-1,Echolocation,/mnt/ubna_data_01_mir/recover-20220815/UBNA_011/20220812_060000.WAV,Foliage,recover-20220815,011,1795
1704.3125,1704.3189,37500.0,47889.0,Pipistrellus nathusii,0.278,0.452,-1,Echolocation,/mnt/ubna_data_01_mir/recover-20220815/UBNA_011/20220812_060000.WAV,Foliage,recover-20220815,011,1795
1704.5195,1704.5248,36640.0,48846.0,Pipistrellus nathusii,0.299,0.46,-1,Echolocation,/mnt/ubna_data_01_mir/recover-20220815/UBNA_011/20220812_060000.WAV,Foliage,recover-20220815,011,1795
1704.6205,1704.6265,37500.0,50066.0,Pipistrellus nathusii,0.2,0.428,-1,Echolocation,/mnt/ubna_data_01_mir/recover-20220815/UBNA_011/20220812_060000.WAV,Foliage,recover-20220815,011,1795
1704.7185,1704.7258,40078.0,48319.0,Pipistrellus nathusii,0.197,0.346,-1,Echolocation,/mnt/ubna_data_01_mir/recover-20220815/UBNA_011/20220812_060000.WAV,Foliage,recover-20220815,011,1795
1704.9045,1704.9111,40078.0,48936.0,Pipistrellus nathusii,0.225,0.454,-1,Echolocation,/mnt/ubna_data_01_mir/recover-20220815/UBNA_011/20220812_060000.WAV,Foliage,recover-20220815,011,1795
1705.0095,1705.0146,39218.0,48412.0,Pipistrellus nathusii,0.174,0.348,-1,Echolocation,/mnt/ubna_data_01_mir/recover-20220815/UBNA_011/20220812_060000.WAV,Foliage,recover-20220815,011,1795
1705.1155,1705.1222,37500.0,44863.0,Barbastellus barbastellus,0.129,0.361,-1,Echolocation,/mnt/ubna_data_01_mir/recover-20220815/UBNA_011/20220812_060000.WAV,Foliage,recover-20220815,011,1795
1706.4585,1706.465,46093.0,51448.0,Pipistrellus pipistrellus,0.251,0.266,-1,Echolocation,/mnt/ubna_data_01_mir/recover-20220815/UBNA_011/20220812_060000.WAV,Foliage,recover-20220815,011,1795
1706.5465,1706.5524,46093.0,51421.0,Pipistrellus pipistrellus,0.382,0.392,-1,Echolocation,/mnt/ubna_data_01_mir/recover-20220815/UBNA_011/20220812_060000.WAV,Foliage,recover-20220815,011,1795
1706.7205,1706.7266,46953.0,53107.0,Pipistrellus pipistrellus,0.354,0.363,-1,Echolocation,/mnt/ubna_data_01_mir/recover-20220815/UBNA_011/20220812_060000.WAV,Foliage,recover-20220815,011,1795
1714.3795,1714.397,23750.0,28850.0,Eptesicus serotinus,0.092,0.214,-1,Echolocation,/mnt/ubna_data_01_mir/recover-20220815/UBNA_011/20220812_060000.WAV,Foliage,recover-20220815,011,1795
1714.6605,1714.6773,24609.0,28463.0,Nyctalus leisleri,0.115,0.219,-1,Echolocation,/mnt/ubna_data_01_mir/recover-20220815/UBNA_011/20220812_060000.WAV,Foliage,recover-20220815,011,1795
1714.9405,1714.9564,23750.0,29024.0,Nyctalus leisleri,0.184,0.349,-1,Echolocation,/mnt/ubna_data_01_mir/recover-20220815/UBNA_011/20220812_060000.WAV,Foliage,recover-20220815,011,1795
1715.7875,1715.8035,23750.0,29469.0,Nyctalus leisleri,0.309,0.526,-1,Echolocation,/mnt/ubna_data_01_mir/recover-20220815/UBNA_011/20220812_060000.WAV,Foliage,recover-20220815,011,1795
1716.3605,1716.3775,24609.0,29422.0,Nyctalus leisleri,0.216,0.336,-1,Echolocation,/mnt/ubna_data_01_mir/recover-20220815/UBNA_011/20220812_060000.WAV,Foliage,recover-20220815,011,1795
1716.9315,1716.9536,24609.0,28535.0,Nyctalus leisleri,0.115,0.2,-1,Echolocation,/mnt/ubna_data_01_mir/recover-20220815/UBNA_011/20220812_060000.WAV,Foliage,recover-20220815,011,1795
1727.3245,1727.3402,24609.0,29403.0,Eptesicus serotinus,0.111,0.234,-1,Echolocation,/mnt/ubna_data_01_mir/recover-20220815/UBNA_011/20220812_060000.WAV,Foliage,recover-20220815,011,1795
1749.3705,1749.3777,46953.0,52841.0,Pipistrellus pipistrellus,0.489,0.504,-1,Echolocation,/mnt/ubna_data_01_mir/recover-20220815/UBNA_011/20220812_060000.WAV,Foliage,recover-20220815,011,1795
1749.4595,1749.4653,46953.0,55486.0,Pipistrellus pipistrellus,0.374,0.388,-1,Echolocation,/mnt/ubna_data_01_mir/recover-20220815/UBNA_011/20220812_060000.WAV,Foliage,recover-20220815,011,1795
1749.5435,1749.55,46093.0,54102.0,Pipistrellus pipistrellus,0.472,0.503,-1,Echolocation,/mnt/ubna_data_01_mir/recover-20220815/UBNA_011/20220812_060000.WAV,Foliage,recover-20220815,011,1795
1749.6345,1749.6407,46093.0,55908.0,Pipistrellus pipistrellus,0.521,0.569,-1,Echolocation,/mnt/ubna_data_01_mir/recover-20220815/UBNA_011/20220812_060000.WAV,Foliage,recover-20220815,011,1795
1749.6915,1749.6969,47812.0,57795.0,Pipistrellus pipistrellus,0.517,0.532,-1,Echolocation,/mnt/ubna_data_01_mir/recover-20220815/UBNA_011/20220812_060000.WAV,Foliage,recover-20220815,011,1795
1756.3895,1756.3955,46953.0,52759.0,Pipistrellus pipistrellus,0.499,0.547,-1,Echolocation,/mnt/ubna_data_01_mir/recover-20220815/UBNA_011/20220812_060000.WAV,Foliage,recover-20220815,011,1795
1758.7475,1758.7532,45234.0,51240.0,Pipistrellus pipistrellus,0.393,0.403,-1,Echolocation,/mnt/ubna_data_01_mir/recover-20220815/UBNA_011/20220812_060000.WAV,Foliage,recover-20220815,011,1795
1759.8285,1759.8331,46953.0,56774.0,Pipistrellus pipistrellus,0.486,0.5,-1,Echolocation,/mnt/ubna_data_01_mir/recover-20220815/UBNA_011/20220812_060000.WAV,Foliage,recover-20220815,011,1795
1759.9155,1759.921,46953.0,57568.0,Pipistrellus pipistrellus,0.569,0.624,-1,Echolocation,/mnt/ubna_data_01_mir/recover-20220815/UBNA_011/20220812_060000.WAV,Foliage,recover-20220815,011,1795
1759.9935,1759.9989,46093.0,54349.0,Pipistrellus pipistrellus,0.371,0.397,-1,Echolocation,/mnt/ubna_data_01_mir/recover-20220815/UBNA_011/20220812_060000.WAV,Foliage,recover-20220815,011,1795
1760.0445,1760.0498,47812.0,57560.0,Pipistrellus pipistrellus,0.47,0.491,-1,Echolocation,/mnt/ubna_data_01_mir/recover-20220815/UBNA_011/20220812_060000.WAV,Foliage,recover-20220815,011,1795
1760.1115,1760.1182,46953.0,54603.0,Pipistrellus pipistrellus,0.208,0.214,-1,Echolocation,/mnt/ubna_data_01_mir/recover-20220815/UBNA_011/20220812_060000.WAV,Foliage,recover-20220815,011,1795
1760.1915,1760.1971,46953.0,56733.0,Pipistrellus pipistrellus,0.554,0.56,-1,Echolocation,/mnt/ubna_data_01_mir/recover-20220815/UBNA_011/20220812_060000.WAV,Foliage,recover-20220815,011,1795
1760.2505,1760.2558,49531.0,56204.0,Pipistrellus pipistrellus,0.379,0.391,-1,Echolocation,/mnt/ubna_data_01_mir/recover-20220815/UBNA_011/20220812_060000.WAV,Foliage,recover-20220815,011,1795
1760.3125,1760.3175,47812.0,58949.0,Pipistrellus pipistrellus,0.554,0.577,-1,Echolocation,/mnt/ubna_data_01_mir/recover-20220815/UBNA_011/20220812_060000.WAV,Foliage,recover-20220815,011,1795
1760.3935,1760.398,48671.0,58346.0,Pipistrellus pipistrellus,0.542,0.55,-1,Echolocation,/mnt/ubna_data_01_mir/recover-20220815/UBNA_011/20220812_060000.WAV,Foliage,recover-20220815,011,1795
1760.4805,1760.4857,48671.0,58216.0,Pipistrellus pipistrellus,0.468,0.478,-1,Echolocation,/mnt/ubna_data_01_mir/recover-20220815/UBNA_011/20220812_060000.WAV,Foliage,recover-20220815,011,1795
1760.6075,1760.6111,48671.0,59773.0,Pipistrellus pipistrellus,0.383,0.396,-1,Echolocation,/mnt/ubna_data_01_mir/recover-20220815/UBNA_011/20220812_060000.WAV,Foliage,recover-20220815,011,1795
1760.6775,1760.682,50390.0,58984.0,Pipistrellus pipistrellus,0.472,0.486,-1,Echolocation,/mnt/ubna_data_01_mir/recover-20220815/UBNA_011/20220812_060000.WAV,Foliage,recover-20220815,011,1795
1760.7535,1760.7588,48671.0,57877.0,Pipistrellus pipistrellus,0.568,0.582,-1,Echolocation,/mnt/ubna_data_01_mir/recover-20220815/UBNA_011/20220812_060000.WAV,Foliage,recover-20220815,011,1795
1760.8435,1760.848,50390.0,60028.0,Pipistrellus pipistrellus,0.527,0.557,-1,Echolocation,/mnt/ubna_data_01_mir/recover-20220815/UBNA_011/20220812_060000.WAV,Foliage,recover-20220815,011,1795
1760.9355,1760.9403,47812.0,57535.0,Pipistrellus pipistrellus,0.63,0.639,-1,Echolocation,/mnt/ubna_data_01_mir/recover-20220815/UBNA_011/20220812_060000.WAV,Foliage,recover-20220815,011,1795
1761.0145,1761.0194,47812.0,58450.0,Pipistrellus pipistrellus,0.503,0.523,-1,Echolocation,/mnt/ubna_data_01_mir/recover-20220815/UBNA_011/20220812_060000.WAV,Foliage,recover-20220815,011,1795
1761.0775,1761.0824,46953.0,59182.0,Pipistrellus pipistrellus,0.288,0.322,-1,Echolocation,/mnt/ubna_data_01_mir/recover-20220815/UBNA_011/20220812_060000.WAV,Foliage,recover-20220815,011,1795
1761.1385,1761.1432,47812.0,60689.0,Pipistrellus pipistrellus,0.521,0.561,-1,Echolocation,/mnt/ubna_data_01_mir/recover-20220815/UBNA_011/20220812_060000.WAV,Foliage,recover-20220815,011,1795
1761.2145,1761.2191,46953.0,58827.0,Pipistrellus pipistrellus,0.502,0.513,-1,Echolocation,/mnt/ubna_data_01_mir/recover-20220815/UBNA_011/20220812_060000.WAV,Foliage,recover-20220815,011,1795
1761.3035,1761.3093,47812.0,60786.0,Pipistrellus pipistrellus,0.617,0.672,-1,Echolocation,/mnt/ubna_data_01_mir/recover-20220815/UBNA_011/20220812_060000.WAV,Foliage,recover-20220815,011,1795
1761.4225,1761.4277,47812.0,61761.0,Pipistrellus pipistrellus,0.612,0.66,-1,Echolocation,/mnt/ubna_data_01_mir/recover-20220815/UBNA_011/20220812_060000.WAV,Foliage,recover-20220815,011,1795
1761.5095,1761.5142,46093.0,60252.0,Pipistrellus pipistrellus,0.6,0.617,-1,Echolocation,/mnt/ubna_data_01_mir/recover-20220815/UBNA_011/20220812_060000.WAV,Foliage,recover-20220815,011,1795
1761.5875,1761.5924,46953.0,63226.0,Pipistrellus pipistrellus,0.594,0.648,-1,Echolocation,/mnt/ubna_data_01_mir/recover-20220815/UBNA_011/20220812_060000.WAV,Foliage,recover-20220815,011,1795
1761.6915,1761.6962,46953.0,60485.0,Pipistrellus pipistrellus,0.695,0.714,-1,Echolocation,/mnt/ubna_data_01_mir/recover-20220815/UBNA_011/20220812_060000.WAV,Foliage,recover-20220815,011,1795
1761.7875,1761.7921,46093.0,61764.0,Pipistrellus pipistrellus,0.65,0.688,-1,Echolocation,/mnt/ubna_data_01_mir/recover-20220815/UBNA_011/20220812_060000.WAV,Foliage,recover-20220815,011,1795
1761.8865,1761.8914,45234.0,60450.0,Pipistrellus pipistrellus,0.579,0.627,-1,Echolocation,/mnt/ubna_data_01_mir/recover-20220815/UBNA_011/20220812_060000.WAV,Foliage,recover-20220815,011,1795
1761.9815,1761.9871,46953.0,58707.0,Pipistrellus pipistrellus,0.689,0.703,-1,Echolocation,/mnt/ubna_data_01_mir/recover-20220815/UBNA_011/20220812_060000.WAV,Foliage,recover-20220815,011,1795
1762.0625,1762.0692,46953.0,61625.0,Pipistrellus pipistrellus,0.595,0.612,-1,Echolocation,/mnt/ubna_data_01_mir/recover-20220815/UBNA_011/20220812_060000.WAV,Foliage,recover-20220815,011,1795
1762.1605,1762.1665,46953.0,62928.0,Pipistrellus pipistrellus,0.662,0.703,-1,Echolocation,/mnt/ubna_data_01_mir/recover-20220815/UBNA_011/20220812_060000.WAV,Foliage,recover-20220815,011,1795
1762.2595,1762.2654,46953.0,68029.0,Pipistrellus pipistrellus,0.55,0.609,-1,Echolocation,/mnt/ubna_data_01_mir/recover-20220815/UBNA_011/20220812_060000.WAV,Foliage,recover-20220815,011,1795
1762.3635,1762.3688,47812.0,63490.0,Pipistrellus pipistrellus,0.476,0.504,-1,Echolocation,/mnt/ubna_data_01_mir/recover-20220815/UBNA_011/20220812_060000.WAV,Foliage,recover-20220815,011,1795
1762.4645,1762.4695,46953.0,70993.0,Pipistrellus pipistrellus,0.458,0.509,-1,Echolocation,/mnt/ubna_data_01_mir/recover-20220815/UBNA_011/20220812_060000.WAV,Foliage,recover-20220815,011,1795
1762.5675,1762.576,46953.0,61357.0,Pipistrellus pipistrellus,0.581,0.656,-1,Echolocation,/mnt/ubna_data_01_mir/recover-20220815/UBNA_011/20220812_060000.WAV,Foliage,recover-20220815,011,1795
1762.6675,1762.6742,45234.0,65678.0,Pipistrellus pipistrellus,0.562,0.609,-1,Echolocation,/mnt/ubna_data_01_mir/recover-20220815/UBNA_011/20220812_060000.WAV,Foliage,recover-20220815,011,1795
1762.7605,1762.7681,46093.0,67257.0,Pipistrellus pipistrellus,0.425,0.486,-1,Echolocation,/mnt/ubna_data_01_mir/recover-20220815/UBNA_011/20220812_060000.WAV,Foliage,recover-20220815,011,1795
1762.8555,1762.8608,44375.0,58537.0,Pipistrellus pipistrellus,0.379,0.411,-1,Echolocation,/mnt/ubna_data_01_mir/recover-20220815/UBNA_011/20220812_060000.WAV,Foliage,recover-20220815,011,1795
1762.9495,1762.9563,44375.0,69763.0,Pipistrellus pipistrellus,0.487,0.609,-1,Echolocation,/mnt/ubna_data_01_mir/recover-20220815/UBNA_011/20220812_060000.WAV,Foliage,recover-20220815,011,1795
1763.0475,1763.0537,43515.0,57619.0,Pipistrellus pipistrellus,0.548,0.601,-1,Echolocation,/mnt/ubna_data_01_mir/recover-20220815/UBNA_011/20220812_060000.WAV,Foliage,recover-20220815,011,1795
1763.1395,1763.1441,41796.0,64828.0,Pipistrellus pipistrellus,0.222,0.357,-1,Echolocation,/mnt/ubna_data_01_mir/recover-20220815/UBNA_011/20220812_060000.WAV,Foliage,recover-20220815,011,1795
1763.2345,1763.2408,45234.0,52385.0,Pipistrellus pipistrellus,0.516,0.53,-1,Echolocation,/mnt/ubna_data_01_mir/recover-20220815/UBNA_011/20220812_060000.WAV,Foliage,recover-20220815,011,1795
1763.3185,1763.3231,45234.0,59915.0,Pipistrellus pipistrellus,0.566,0.582,-1,Echolocation,/mnt/ubna_data_01_mir/recover-20220815/UBNA_011/20220812_060000.WAV,Foliage,recover-20220815,011,1795
1763.4145,1763.4199,40937.0,66561.0,Pipistrellus pipistrellus,0.519,0.576,-1,Echolocation,/mnt/ubna_data_01_mir/recover-20220815/UBNA_011/20220812_060000.WAV,Foliage,recover-20220815,011,1795
1763.5075,1763.5124,44375.0,55731.0,Pipistrellus pipistrellus,0.452,0.466,-1,Echolocation,/mnt/ubna_data_01_mir/recover-20220815/UBNA_011/20220812_060000.WAV,Foliage,recover-20220815,011,1795
1763.5995,1763.6055,40937.0,77808.0,Pipistrellus pipistrellus,0.192,0.351,-1,Echolocation,/mnt/ubna_data_01_mir/recover-20220815/UBNA_011/20220812_060000.WAV,Foliage,recover-20220815,011,1795
1763.6975,1763.7026,44375.0,53843.0,Pipistrellus pipistrellus,0.526,0.538,-1,Echolocation,/mnt/ubna_data_01_mir/recover-20220815/UBNA_011/20220812_060000.WAV,Foliage,recover-20220815,011,1795
1763.7845,1763.7905,46953.0,58158.0,Pipistrellus pipistrellus,0.539,0.547,-1,Echolocation,/mnt/ubna_data_01_mir/recover-20220815/UBNA_011/20220812_060000.WAV,Foliage,recover-20220815,011,1795
1763.8765,1763.8814,43515.0,63603.0,Pipistrellus pipistrellus,0.513,0.532,-1,Echolocation,/mnt/ubna_data_01_mir/recover-20220815/UBNA_011/20220812_060000.WAV,Foliage,recover-20220815,011,1795
1763.9795,1763.9852,46953.0,54760.0,Pipistrellus pipistrellus,0.513,0.52,-1,Echolocation,/mnt/ubna_data_01_mir/recover-20220815/UBNA_011/20220812_060000.WAV,Foliage,recover-20220815,011,1795
1764.0785,1764.0833,41796.0,60102.0,Pipistrellus pipistrellus,0.182,0.402,-1,Echolocation,/mnt/ubna_data_01_mir/recover-20220815/UBNA_011/20220812_060000.WAV,Foliage,recover-20220815,011,1795
1764.1815,1764.1884,46953.0,52962.0,Pipistrellus pipistrellus,0.443,0.476,-1,Echolocation,/mnt/ubna_data_01_mir/recover-20220815/UBNA_011/20220812_060000.WAV,Foliage,recover-20220815,011,1795
1764.4295,1764.4348,44375.0,55668.0,Pipistrellus pipistrellus,0.524,0.566,-1,Echolocation,/mnt/ubna_data_01_mir/recover-20220815/UBNA_011/20220812_060000.WAV,Foliage,recover-20220815,011,1795
1764.5095,1764.5155,43515.0,55225.0,Pipistrellus pipistrellus,0.404,0.561,-1,Echolocation,/mnt/ubna_data_01_mir/recover-20220815/UBNA_011/20220812_060000.WAV,Foliage,recover-20220815,011,1795
1764.5825,1764.5881,43515.0,59120.0,Pipistrellus pipistrellus,0.261,0.398,-1,Echolocation,/mnt/ubna_data_01_mir/recover-20220815/UBNA_011/20220812_060000.WAV,Foliage,recover-20220815,011,1795
1764.6735,1764.6806,46093.0,51926.0,Pipistrellus pipistrellus,0.409,0.427,-1,Echolocation,/mnt/ubna_data_01_mir/recover-20220815/UBNA_011/20220812_060000.WAV,Foliage,recover-20220815,011,1795
1765.4325,1765.4397,46093.0,54613.0,Pipistrellus pipistrellus,0.359,0.376,-1,Echolocation,/mnt/ubna_data_01_mir/recover-20220815/UBNA_011/20220812_060000.WAV,Foliage,recover-20220815,011,1795
1766.3935,1766.4004,45234.0,52437.0,Pipistrellus pipistrellus,0.288,0.301,-1,Echolocation,/mnt/ubna_data_01_mir/recover-20220815/UBNA_011/20220812_060000.WAV,Foliage,recover-20220815,011,1795
1766.4805,1766.4866,46953.0,56060.0,Pipistrellus pipistrellus,0.48,0.496,-1,Echolocation,/mnt/ubna_data_01_mir/recover-20220815/UBNA_011/20220812_060000.WAV,Foliage,recover-20220815,011,1795
1766.5685,1766.5743,47812.0,57590.0,Pipistrellus pipistrellus,0.551,0.588,-1,Echolocation,/mnt/ubna_data_01_mir/recover-20220815/UBNA_011/20220812_060000.WAV,Foliage,recover-20220815,011,1795
1766.6545,1766.6607,46953.0,55308.0,Pipistrellus pipistrellus,0.534,0.554,-1,Echolocation,/mnt/ubna_data_01_mir/recover-20220815/UBNA_011/20220812_060000.WAV,Foliage,recover-20220815,011,1795
1766.7495,1766.7546,46953.0,56907.0,Pipistrellus pipistrellus,0.545,0.557,-1,Echolocation,/mnt/ubna_data_01_mir/recover-20220815/UBNA_011/20220812_060000.WAV,Foliage,recover-20220815,011,1795
1766.8415,1766.8468,47812.0,54918.0,Pipistrellus pipistrellus,0.492,0.501,-1,Echolocation,/mnt/ubna_data_01_mir/recover-20220815/UBNA_011/20220812_060000.WAV,Foliage,recover-20220815,011,1795
1766.9355,1766.9414,46953.0,55752.0,Pipistrellus pipistrellus,0.511,0.526,-1,Echolocation,/mnt/ubna_data_01_mir/recover-20220815/UBNA_011/20220812_060000.WAV,Foliage,recover-20220815,011,1795
1767.0325,1767.0384,46953.0,57272.0,Pipistrellus pipistrellus,0.616,0.65,-1,Echolocation,/mnt/ubna_data_01_mir/recover-20220815/UBNA_011/20220812_060000.WAV,Foliage,recover-20220815,011,1795
1767.1275,1767.1332,46953.0,57566.0,Pipistrellus pipistrellus,0.625,0.664,-1,Echolocation,/mnt/ubna_data_01_mir/recover-20220815/UBNA_011/20220812_060000.WAV,Foliage,recover-20220815,011,1795
1767.2195,1767.2257,46093.0,56361.0,Pipistrellus pipistrellus,0.602,0.635,-1,Echolocation,/mnt/ubna_data_01_mir/recover-20220815/UBNA_011/20220812_060000.WAV,Foliage,recover-20220815,011,1795
1767.3165,1767.323,46953.0,55429.0,Pipistrellus pipistrellus,0.522,0.559,-1,Echolocation,/mnt/ubna_data_01_mir/recover-20220815/UBNA_011/20220812_060000.WAV,Foliage,recover-20220815,011,1795
1767.4015,1767.4065,46093.0,57255.0,Pipistrellus pipistrellus,0.589,0.596,-1,Echolocation,/mnt/ubna_data_01_mir/recover-20220815/UBNA_011/20220812_060000.WAV,Foliage,recover-20220815,011,1795
1767.4945,1767.5003,46093.0,55906.0,Pipistrellus pipistrellus,0.544,0.571,-1,Echolocation,/mnt/ubna_data_01_mir/recover-20220815/UBNA_011/20220812_060000.WAV,Foliage,recover-20220815,011,1795
1767.5905,1767.5959,44375.0,54206.0,Pipistrellus pipistrellus,0.531,0.546,-1,Echolocation,/mnt/ubna_data_01_mir/recover-20220815/UBNA_011/20220812_060000.WAV,Foliage,recover-20220815,011,1795
1767.6835,1767.6884,44375.0,55879.0,Pipistrellus pipistrellus,0.473,0.485,-1,Echolocation,/mnt/ubna_data_01_mir/recover-20220815/UBNA_011/20220812_060000.WAV,Foliage,recover-20220815,011,1795
1767.7695,1767.7756,45234.0,53388.0,Pipistrellus pipistrellus,0.494,0.517,-1,Echolocation,/mnt/ubna_data_01_mir/recover-20220815/UBNA_011/20220812_060000.WAV,Foliage,recover-20220815,011,1795
1767.8635,1767.8693,45234.0,55231.0,Pipistrellus pipistrellus,0.535,0.571,-1,Echolocation,/mnt/ubna_data_01_mir/recover-20220815/UBNA_011/20220812_060000.WAV,Foliage,recover-20220815,011,1795
1767.9495,1767.955,45234.0,57734.0,Pipistrellus pipistrellus,0.475,0.489,-1,Echolocation,/mnt/ubna_data_01_mir/recover-20220815/UBNA_011/20220812_060000.WAV,Foliage,recover-20220815,011,1795
1768.0265,1768.032,45234.0,56742.0,Pipistrellus pipistrellus,0.491,0.507,-1,Echolocation,/mnt/ubna_data_01_mir/recover-20220815/UBNA_011/20220812_060000.WAV,Foliage,recover-20220815,011,1795
1768.0935,1768.1001,46953.0,55068.0,Pipistrellus pipistrellus,0.423,0.433,-1,Echolocation,/mnt/ubna_data_01_mir/recover-20220815/UBNA_011/20220812_060000.WAV,Foliage,recover-20220815,011,1795
1768.2245,1768.231,46093.0,55650.0,Pipistrellus pipistrellus,0.25,0.264,-1,Echolocation,/mnt/ubna_data_01_mir/recover-20220815/UBNA_011/20220812_060000.WAV,Foliage,recover-20220815,011,1795
1768.2975,1768.3043,45234.0,61289.0,Pipistrellus pipistrellus,0.459,0.503,-1,Echolocation,/mnt/ubna_data_01_mir/recover-20220815/UBNA_011/20220812_060000.WAV,Foliage,recover-20220815,011,1795
1768.3925,1768.3992,46093.0,56367.0,Pipistrellus pipistrellus,0.555,0.59,-1,Echolocation,/mnt/ubna_data_01_mir/recover-20220815/UBNA_011/20220812_060000.WAV,Foliage,recover-20220815,011,1795
1768.4895,1768.4985,46953.0,58307.0,Pipistrellus pipistrellus,0.517,0.613,-1,Echolocation,/mnt/ubna_data_01_mir/recover-20220815/UBNA_011/20220812_060000.WAV,Foliage,recover-20220815,011,1795
1768.5915,1768.5974,46093.0,54250.0,Pipistrellus pipistrellus,0.526,0.544,-1,Echolocation,/mnt/ubna_data_01_mir/recover-20220815/UBNA_011/20220812_060000.WAV,Foliage,recover-20220815,011,1795
1768.6875,1768.695,46093.0,60995.0,Pipistrellus pipistrellus,0.591,0.666,-1,Echolocation,/mnt/ubna_data_01_mir/recover-20220815/UBNA_011/20220812_060000.WAV,Foliage,recover-20220815,011,1795
1768.7915,1768.7987,46953.0,59742.0,Pipistrellus pipistrellus,0.611,0.683,-1,Echolocation,/mnt/ubna_data_01_mir/recover-20220815/UBNA_011/20220812_060000.WAV,Foliage,recover-20220815,011,1795
1768.8855,1768.8912,46953.0,55950.0,Pipistrellus pipistrellus,0.622,0.647,-1,Echolocation,/mnt/ubna_data_01_mir/recover-20220815/UBNA_011/20220812_060000.WAV,Foliage,recover-20220815,011,1795
1768.9805,1768.9863,45234.0,58492.0,Pipistrellus pipistrellus,0.642,0.669,-1,Echolocation,/mnt/ubna_data_01_mir/recover-20220815/UBNA_011/20220812_060000.WAV,Foliage,recover-20220815,011,1795
1769.0835,1769.0901,45234.0,63994.0,Pipistrellus pipistrellus,0.525,0.633,-1,Echolocation,/mnt/ubna_data_01_mir/recover-20220815/UBNA_011/20220812_060000.WAV,Foliage,recover-20220815,011,1795
1769.1205,1769.1365,24609.0,30648.0,Eptesicus serotinus,0.167,0.354,-1,Echolocation,/mnt/ubna_data_01_mir/recover-20220815/UBNA_011/20220812_060000.WAV,Foliage,recover-20220815,011,1795
1769.1845,1769.1892,45234.0,56168.0,Pipistrellus pipistrellus,0.533,0.551,-1,Echolocation,/mnt/ubna_data_01_mir/recover-20220815/UBNA_011/20220812_060000.WAV,Foliage,recover-20220815,011,1795
1769.2725,1769.2819,46953.0,52545.0,Pipistrellus pipistrellus,0.384,0.396,-1,Echolocation,/mnt/ubna_data_01_mir/recover-20220815/UBNA_011/20220812_060000.WAV,Foliage,recover-20220815,011,1795
1769.3765,1769.382,44375.0,59573.0,Pipistrellus pipistrellus,0.616,0.656,-1,Echolocation,/mnt/ubna_data_01_mir/recover-20220815/UBNA_011/20220812_060000.WAV,Foliage,recover-20220815,011,1795
1769.4015,1769.4176,24609.0,30320.0,Nyctalus leisleri,0.243,0.369,-1,Echolocation,/mnt/ubna_data_01_mir/recover-20220815/UBNA_011/20220812_060000.WAV,Foliage,recover-20220815,011,1795
1769.4785,1769.4842,44375.0,53500.0,Pipistrellus pipistrellus,0.473,0.513,-1,Echolocation,/mnt/ubna_data_01_mir/recover-20220815/UBNA_011/20220812_060000.WAV,Foliage,recover-20220815,011,1795
1769.5825,1769.5911,44375.0,50848.0,Pipistrellus pipistrellus,0.466,0.489,-1,Echolocation,/mnt/ubna_data_01_mir/recover-20220815/UBNA_011/20220812_060000.WAV,Foliage,recover-20220815,011,1795
1769.6835,1769.6924,47812.0,54801.0,Pipistrellus pipistrellus,0.354,0.363,-1,Echolocation,/mnt/ubna_data_01_mir/recover-20220815/UBNA_011/20220812_060000.WAV,Foliage,recover-20220815,011,1795
1772.2955,1772.3003,50390.0,65216.0,Pipistrellus pipistrellus,0.246,0.302,-1,Echolocation,/mnt/ubna_data_01_mir/recover-20220815/UBNA_011/20220812_060000.WAV,Foliage,recover-20220815,011,1795
1772.3735,1772.3818,47812.0,60056.0,Pipistrellus pipistrellus,0.24,0.333,-1,Echolocation,/mnt/ubna_data_01_mir/recover-20220815/UBNA_011/20220812_060000.WAV,Foliage,recover-20220815,011,1795
1772.4595,1772.4679,46953.0,61338.0,Pipistrellus pipistrellus,0.243,0.319,-1,Echolocation,/mnt/ubna_data_01_mir/recover-20220815/UBNA_011/20220812_060000.WAV,Foliage,recover-20220815,011,1795
1772.6375,1772.6465,46093.0,59581.0,Pipistrellus pipistrellus,0.15,0.201,-1,Echolocation,/mnt/ubna_data_01_mir/recover-20220815/UBNA_011/20220812_060000.WAV,Foliage,recover-20220815,011,1795
