start_time,end_time,low_freq,high_freq,class,class_prob,det_prob,individual,event,input_file,Site name,Recover Folder,SD Card,File Duration
27.3135,27.3291,27187,32261,Eptesicus serotinus,0.117,0.223,-1,Echolocation,/mnt/ubna_data_01_mir/recover-20220808/UBNA_014/20220807_060000.WAV,Foliage,recover-20220808,014,1795
35.3405,35.3526,25468,30431,Eptesicus serotinus,0.125,0.276,-1,Echolocation,/mnt/ubna_data_01_mir/recover-20220808/UBNA_014/20220807_060000.WAV,Foliage,recover-20220808,014,1795
69.9685,69.9777,26328,32879,Eptesicus serotinus,0.114,0.219,-1,Echolocation,/mnt/ubna_data_01_mir/recover-20220808/UBNA_014/20220807_060000.WAV,Foliage,recover-20220808,014,1795
99.8605,99.8753,25468,29611,Nyctalus leisleri,0.229,0.336,-1,Echolocation,/mnt/ubna_data_01_mir/recover-20220808/UBNA_014/20220807_060000.WAV,Foliage,recover-20220808,014,1795
100.2055,100.2192,24609,28493,Nyctalus leisleri,0.151,0.281,-1,Echolocation,/mnt/ubna_data_01_mir/recover-20220808/UBNA_014/20220807_060000.WAV,Foliage,recover-20220808,014,1795
100.7195,100.73,25468,30785,Nyctalus leisleri,0.238,0.485,-1,Echolocation,/mnt/ubna_data_01_mir/recover-20220808/UBNA_014/20220807_060000.WAV,Foliage,recover-20220808,014,1795
105.9345,105.9487,24609,29963,Nyctalus leisleri,0.297,0.461,-1,Echolocation,/mnt/ubna_data_01_mir/recover-20220808/UBNA_014/20220807_060000.WAV,Foliage,recover-20220808,014,1795
111.22749999999999,111.2462,25468,29632,Nyctalus leisleri,0.145,0.249,-1,Echolocation,/mnt/ubna_data_01_mir/recover-20220808/UBNA_014/20220807_060000.WAV,Foliage,recover-20220808,014,1795
111.5985,111.6136,24609,28210,Nyctalus leisleri,0.322,0.437,-1,Echolocation,/mnt/ubna_data_01_mir/recover-20220808/UBNA_014/20220807_060000.WAV,Foliage,recover-20220808,014,1795
111.8685,111.88380000000001,25468,29514,Nyctalus leisleri,0.117,0.225,-1,Echolocation,/mnt/ubna_data_01_mir/recover-20220808/UBNA_014/20220807_060000.WAV,Foliage,recover-20220808,014,1795
112.1095,112.1265,25468,29428,Nyctalus leisleri,0.124,0.225,-1,Echolocation,/mnt/ubna_data_01_mir/recover-20220808/UBNA_014/20220807_060000.WAV,Foliage,recover-20220808,014,1795
112.3685,112.3846,24609,29084,Nyctalus leisleri,0.198,0.34,-1,Echolocation,/mnt/ubna_data_01_mir/recover-20220808/UBNA_014/20220807_060000.WAV,Foliage,recover-20220808,014,1795
112.6135,112.6255,24609,29886,Nyctalus leisleri,0.274,0.489,-1,Echolocation,/mnt/ubna_data_01_mir/recover-20220808/UBNA_014/20220807_060000.WAV,Foliage,recover-20220808,014,1795
112.7315,112.7416,25468,30868,Eptesicus serotinus,0.163,0.333,-1,Echolocation,/mnt/ubna_data_01_mir/recover-20220808/UBNA_014/20220807_060000.WAV,Foliage,recover-20220808,014,1795
113.2245,113.2401,24609,28057,Nyctalus leisleri,0.191,0.304,-1,Echolocation,/mnt/ubna_data_01_mir/recover-20220808/UBNA_014/20220807_060000.WAV,Foliage,recover-20220808,014,1795
113.6275,113.6402,24609,29759,Nyctalus leisleri,0.323,0.529,-1,Echolocation,/mnt/ubna_data_01_mir/recover-20220808/UBNA_014/20220807_060000.WAV,Foliage,recover-20220808,014,1795
113.78450000000001,113.8,24609,28825,Nyctalus leisleri,0.125,0.238,-1,Echolocation,/mnt/ubna_data_01_mir/recover-20220808/UBNA_014/20220807_060000.WAV,Foliage,recover-20220808,014,1795
114.0375,114.0506,25468,29997,Nyctalus leisleri,0.178,0.298,-1,Echolocation,/mnt/ubna_data_01_mir/recover-20220808/UBNA_014/20220807_060000.WAV,Foliage,recover-20220808,014,1795
128.8205,128.8329,24609,28738,Nyctalus leisleri,0.127,0.251,-1,Echolocation,/mnt/ubna_data_01_mir/recover-20220808/UBNA_014/20220807_060000.WAV,Foliage,recover-20220808,014,1795
129.1375,129.1546,23750,27170,Nyctalus leisleri,0.185,0.252,-1,Echolocation,/mnt/ubna_data_01_mir/recover-20220808/UBNA_014/20220807_060000.WAV,Foliage,recover-20220808,014,1795
148.4885,148.5026,26328,30664,Nyctalus leisleri,0.305,0.463,-1,Echolocation,/mnt/ubna_data_01_mir/recover-20220808/UBNA_014/20220807_060000.WAV,Foliage,recover-20220808,014,1795
151.5885,151.6056,25468,28966,Nyctalus leisleri,0.234,0.338,-1,Echolocation,/mnt/ubna_data_01_mir/recover-20220808/UBNA_014/20220807_060000.WAV,Foliage,recover-20220808,014,1795
154.3835,154.4069,20312,23798,Nyctalus noctula,0.149,0.27,-1,Echolocation,/mnt/ubna_data_01_mir/recover-20220808/UBNA_014/20220807_060000.WAV,Foliage,recover-20220808,014,1795
160.5195,160.5367,25468,29773,Nyctalus leisleri,0.241,0.34,-1,Echolocation,/mnt/ubna_data_01_mir/recover-20220808/UBNA_014/20220807_060000.WAV,Foliage,recover-20220808,014,1795
160.9185,160.9354,24609,28669,Nyctalus leisleri,0.367,0.489,-1,Echolocation,/mnt/ubna_data_01_mir/recover-20220808/UBNA_014/20220807_060000.WAV,Foliage,recover-20220808,014,1795
162.2165,162.2323,26328,30756,Nyctalus leisleri,0.114,0.205,-1,Echolocation,/mnt/ubna_data_01_mir/recover-20220808/UBNA_014/20220807_060000.WAV,Foliage,recover-20220808,014,1795
165.0545,165.0683,24609,29106,Nyctalus leisleri,0.208,0.341,-1,Echolocation,/mnt/ubna_data_01_mir/recover-20220808/UBNA_014/20220807_060000.WAV,Foliage,recover-20220808,014,1795
165.7165,165.7302,24609,29383,Nyctalus leisleri,0.429,0.596,-1,Echolocation,/mnt/ubna_data_01_mir/recover-20220808/UBNA_014/20220807_060000.WAV,Foliage,recover-20220808,014,1795
165.8495,165.8638,25468,30079,Nyctalus leisleri,0.26,0.479,-1,Echolocation,/mnt/ubna_data_01_mir/recover-20220808/UBNA_014/20220807_060000.WAV,Foliage,recover-20220808,014,1795
166.39249999999998,166.4046,24609,28577,Nyctalus leisleri,0.152,0.335,-1,Echolocation,/mnt/ubna_data_01_mir/recover-20220808/UBNA_014/20220807_060000.WAV,Foliage,recover-20220808,014,1795
166.5345,166.5485,24609,29445,Nyctalus leisleri,0.309,0.523,-1,Echolocation,/mnt/ubna_data_01_mir/recover-20220808/UBNA_014/20220807_060000.WAV,Foliage,recover-20220808,014,1795
166.9535,166.9685,24609,29025,Nyctalus leisleri,0.124,0.261,-1,Echolocation,/mnt/ubna_data_01_mir/recover-20220808/UBNA_014/20220807_060000.WAV,Foliage,recover-20220808,014,1795
174.4795,174.495,23750,28774,Nyctalus leisleri,0.139,0.299,-1,Echolocation,/mnt/ubna_data_01_mir/recover-20220808/UBNA_014/20220807_060000.WAV,Foliage,recover-20220808,014,1795
174.7405,174.7565,24609,29204,Nyctalus leisleri,0.091,0.209,-1,Echolocation,/mnt/ubna_data_01_mir/recover-20220808/UBNA_014/20220807_060000.WAV,Foliage,recover-20220808,014,1795
177.33350000000002,177.3461,24609,29445,Nyctalus leisleri,0.218,0.444,-1,Echolocation,/mnt/ubna_data_01_mir/recover-20220808/UBNA_014/20220807_060000.WAV,Foliage,recover-20220808,014,1795
177.8635,177.8764,24609,29558,Nyctalus leisleri,0.194,0.403,-1,Echolocation,/mnt/ubna_data_01_mir/recover-20220808/UBNA_014/20220807_060000.WAV,Foliage,recover-20220808,014,1795
178.39249999999998,178.4053,24609,29389,Nyctalus leisleri,0.219,0.415,-1,Echolocation,/mnt/ubna_data_01_mir/recover-20220808/UBNA_014/20220807_060000.WAV,Foliage,recover-20220808,014,1795
192.4735,192.4953,24609,28551,Nyctalus leisleri,0.201,0.323,-1,Echolocation,/mnt/ubna_data_01_mir/recover-20220808/UBNA_014/20220807_060000.WAV,Foliage,recover-20220808,014,1795
193.1285,193.1475,24609,28592,Nyctalus leisleri,0.211,0.349,-1,Echolocation,/mnt/ubna_data_01_mir/recover-20220808/UBNA_014/20220807_060000.WAV,Foliage,recover-20220808,014,1795
193.3925,193.4143,24609,28742,Nyctalus leisleri,0.154,0.322,-1,Echolocation,/mnt/ubna_data_01_mir/recover-20220808/UBNA_014/20220807_060000.WAV,Foliage,recover-20220808,014,1795
193.7775,193.7992,24609,28080,Nyctalus leisleri,0.253,0.39,-1,Echolocation,/mnt/ubna_data_01_mir/recover-20220808/UBNA_014/20220807_060000.WAV,Foliage,recover-20220808,014,1795
194.0545,194.0701,25468,29484,Nyctalus leisleri,0.368,0.497,-1,Echolocation,/mnt/ubna_data_01_mir/recover-20220808/UBNA_014/20220807_060000.WAV,Foliage,recover-20220808,014,1795
194.3055,194.3238,23750,28535,Nyctalus leisleri,0.254,0.402,-1,Echolocation,/mnt/ubna_data_01_mir/recover-20220808/UBNA_014/20220807_060000.WAV,Foliage,recover-20220808,014,1795
194.5585,194.5764,24609,28693,Nyctalus leisleri,0.273,0.414,-1,Echolocation,/mnt/ubna_data_01_mir/recover-20220808/UBNA_014/20220807_060000.WAV,Foliage,recover-20220808,014,1795
195.0765,195.1016,23750,28095,Nyctalus leisleri,0.146,0.239,-1,Echolocation,/mnt/ubna_data_01_mir/recover-20220808/UBNA_014/20220807_060000.WAV,Foliage,recover-20220808,014,1795
195.3385,195.3539,24609,28694,Nyctalus leisleri,0.35,0.54,-1,Echolocation,/mnt/ubna_data_01_mir/recover-20220808/UBNA_014/20220807_060000.WAV,Foliage,recover-20220808,014,1795
202.2215,202.2342,23750,28386,Nyctalus leisleri,0.199,0.335,-1,Echolocation,/mnt/ubna_data_01_mir/recover-20220808/UBNA_014/20220807_060000.WAV,Foliage,recover-20220808,014,1795
220.9255,220.9402,24609,29747,Nyctalus leisleri,0.222,0.415,-1,Echolocation,/mnt/ubna_data_01_mir/recover-20220808/UBNA_014/20220807_060000.WAV,Foliage,recover-20220808,014,1795
226.2405,226.2548,24609,29784,Nyctalus leisleri,0.31,0.508,-1,Echolocation,/mnt/ubna_data_01_mir/recover-20220808/UBNA_014/20220807_060000.WAV,Foliage,recover-20220808,014,1795
226.6225,226.6403,25468,29298,Nyctalus leisleri,0.122,0.204,-1,Echolocation,/mnt/ubna_data_01_mir/recover-20220808/UBNA_014/20220807_060000.WAV,Foliage,recover-20220808,014,1795
226.6825,226.6993,24609,28944,Nyctalus leisleri,0.369,0.487,-1,Echolocation,/mnt/ubna_data_01_mir/recover-20220808/UBNA_014/20220807_060000.WAV,Foliage,recover-20220808,014,1795
227.0405,227.0542,24609,29434,Nyctalus leisleri,0.246,0.403,-1,Echolocation,/mnt/ubna_data_01_mir/recover-20220808/UBNA_014/20220807_060000.WAV,Foliage,recover-20220808,014,1795
227.1135,227.1332,24609,28425,Nyctalus leisleri,0.143,0.224,-1,Echolocation,/mnt/ubna_data_01_mir/recover-20220808/UBNA_014/20220807_060000.WAV,Foliage,recover-20220808,014,1795
227.6945,227.7098,23750,28525,Nyctalus leisleri,0.325,0.496,-1,Echolocation,/mnt/ubna_data_01_mir/recover-20220808/UBNA_014/20220807_060000.WAV,Foliage,recover-20220808,014,1795
228.5745,228.5896,23750,27798,Nyctalus leisleri,0.557,0.647,-1,Echolocation,/mnt/ubna_data_01_mir/recover-20220808/UBNA_014/20220807_060000.WAV,Foliage,recover-20220808,014,1795
228.8815,228.8977,23750,27194,Nyctalus leisleri,0.28,0.36,-1,Echolocation,/mnt/ubna_data_01_mir/recover-20220808/UBNA_014/20220807_060000.WAV,Foliage,recover-20220808,014,1795
230.9965,231.0111,24609,28747,Nyctalus leisleri,0.317,0.472,-1,Echolocation,/mnt/ubna_data_01_mir/recover-20220808/UBNA_014/20220807_060000.WAV,Foliage,recover-20220808,014,1795
237.7435,237.7545,24609,29558,Nyctalus leisleri,0.274,0.457,-1,Echolocation,/mnt/ubna_data_01_mir/recover-20220808/UBNA_014/20220807_060000.WAV,Foliage,recover-20220808,014,1795
238.3725,238.3864,24609,28872,Nyctalus leisleri,0.338,0.549,-1,Echolocation,/mnt/ubna_data_01_mir/recover-20220808/UBNA_014/20220807_060000.WAV,Foliage,recover-20220808,014,1795
238.9885,239.0011,25468,30748,Nyctalus leisleri,0.432,0.628,-1,Echolocation,/mnt/ubna_data_01_mir/recover-20220808/UBNA_014/20220807_060000.WAV,Foliage,recover-20220808,014,1795
239.3205,239.3357,24609,28762,Nyctalus leisleri,0.394,0.613,-1,Echolocation,/mnt/ubna_data_01_mir/recover-20220808/UBNA_014/20220807_060000.WAV,Foliage,recover-20220808,014,1795
239.4435,239.4533,25468,31763,Nyctalus leisleri,0.212,0.474,-1,Echolocation,/mnt/ubna_data_01_mir/recover-20220808/UBNA_014/20220807_060000.WAV,Foliage,recover-20220808,014,1795
239.5435,239.5534,25468,31641,Eptesicus serotinus,0.246,0.467,-1,Echolocation,/mnt/ubna_data_01_mir/recover-20220808/UBNA_014/20220807_060000.WAV,Foliage,recover-20220808,014,1795
239.6505,239.6604,26328,31869,Nyctalus leisleri,0.249,0.506,-1,Echolocation,/mnt/ubna_data_01_mir/recover-20220808/UBNA_014/20220807_060000.WAV,Foliage,recover-20220808,014,1795
239.7515,239.7625,26328,30845,Nyctalus leisleri,0.147,0.317,-1,Echolocation,/mnt/ubna_data_01_mir/recover-20220808/UBNA_014/20220807_060000.WAV,Foliage,recover-20220808,014,1795
240.6675,240.6808,24609,29394,Nyctalus leisleri,0.345,0.55,-1,Echolocation,/mnt/ubna_data_01_mir/recover-20220808/UBNA_014/20220807_060000.WAV,Foliage,recover-20220808,014,1795
241.0825,241.0952,23750,28906,Nyctalus leisleri,0.398,0.578,-1,Echolocation,/mnt/ubna_data_01_mir/recover-20220808/UBNA_014/20220807_060000.WAV,Foliage,recover-20220808,014,1795
241.2405,241.2526,24609,29645,Nyctalus leisleri,0.328,0.527,-1,Echolocation,/mnt/ubna_data_01_mir/recover-20220808/UBNA_014/20220807_060000.WAV,Foliage,recover-20220808,014,1795
241.3995,241.4145,25468,29633,Nyctalus leisleri,0.351,0.539,-1,Echolocation,/mnt/ubna_data_01_mir/recover-20220808/UBNA_014/20220807_060000.WAV,Foliage,recover-20220808,014,1795
241.5625,241.5778,25468,30581,Nyctalus leisleri,0.368,0.593,-1,Echolocation,/mnt/ubna_data_01_mir/recover-20220808/UBNA_014/20220807_060000.WAV,Foliage,recover-20220808,014,1795
241.7035,241.719,25468,29984,Nyctalus leisleri,0.192,0.334,-1,Echolocation,/mnt/ubna_data_01_mir/recover-20220808/UBNA_014/20220807_060000.WAV,Foliage,recover-20220808,014,1795
241.8295,241.842,26328,31487,Nyctalus leisleri,0.145,0.293,-1,Echolocation,/mnt/ubna_data_01_mir/recover-20220808/UBNA_014/20220807_060000.WAV,Foliage,recover-20220808,014,1795
242.6995,242.7168,24609,29474,Nyctalus leisleri,0.13,0.22,-1,Echolocation,/mnt/ubna_data_01_mir/recover-20220808/UBNA_014/20220807_060000.WAV,Foliage,recover-20220808,014,1795
242.8675,242.8819,24609,29371,Nyctalus leisleri,0.272,0.431,-1,Echolocation,/mnt/ubna_data_01_mir/recover-20220808/UBNA_014/20220807_060000.WAV,Foliage,recover-20220808,014,1795
243.4625,243.4811,24609,28198,Nyctalus leisleri,0.259,0.344,-1,Echolocation,/mnt/ubna_data_01_mir/recover-20220808/UBNA_014/20220807_060000.WAV,Foliage,recover-20220808,014,1795
244.0675,244.0802,23750,29149,Eptesicus serotinus,0.138,0.317,-1,Echolocation,/mnt/ubna_data_01_mir/recover-20220808/UBNA_014/20220807_060000.WAV,Foliage,recover-20220808,014,1795
250.5645,250.5824,24609,29570,Nyctalus leisleri,0.232,0.355,-1,Echolocation,/mnt/ubna_data_01_mir/recover-20220808/UBNA_014/20220807_060000.WAV,Foliage,recover-20220808,014,1795
254.5455,254.5675,23750,27528,Nyctalus leisleri,0.194,0.269,-1,Echolocation,/mnt/ubna_data_01_mir/recover-20220808/UBNA_014/20220807_060000.WAV,Foliage,recover-20220808,014,1795
266.2165,266.2297,24609,29565,Eptesicus serotinus,0.114,0.25,-1,Echolocation,/mnt/ubna_data_01_mir/recover-20220808/UBNA_014/20220807_060000.WAV,Foliage,recover-20220808,014,1795
266.4515,266.4631,25468,31397,Eptesicus serotinus,0.189,0.328,-1,Echolocation,/mnt/ubna_data_01_mir/recover-20220808/UBNA_014/20220807_060000.WAV,Foliage,recover-20220808,014,1795
266.6795,266.6925,25468,29307,Nyctalus leisleri,0.133,0.256,-1,Echolocation,/mnt/ubna_data_01_mir/recover-20220808/UBNA_014/20220807_060000.WAV,Foliage,recover-20220808,014,1795
266.9125,266.9248,26328,30887,Nyctalus leisleri,0.245,0.371,-1,Echolocation,/mnt/ubna_data_01_mir/recover-20220808/UBNA_014/20220807_060000.WAV,Foliage,recover-20220808,014,1795
267.0465,267.0606,27187,30939,Nyctalus leisleri,0.134,0.243,-1,Echolocation,/mnt/ubna_data_01_mir/recover-20220808/UBNA_014/20220807_060000.WAV,Foliage,recover-20220808,014,1795
271.1565,271.1771,24609,28507,Nyctalus leisleri,0.136,0.272,-1,Echolocation,/mnt/ubna_data_01_mir/recover-20220808/UBNA_014/20220807_060000.WAV,Foliage,recover-20220808,014,1795
271.4285,271.4492,24609,27844,Nyctalus leisleri,0.13,0.2,-1,Echolocation,/mnt/ubna_data_01_mir/recover-20220808/UBNA_014/20220807_060000.WAV,Foliage,recover-20220808,014,1795
271.9525,271.9741,24609,28756,Nyctalus leisleri,0.133,0.24,-1,Echolocation,/mnt/ubna_data_01_mir/recover-20220808/UBNA_014/20220807_060000.WAV,Foliage,recover-20220808,014,1795
272.5155,272.5333,24609,28312,Nyctalus leisleri,0.488,0.562,-1,Echolocation,/mnt/ubna_data_01_mir/recover-20220808/UBNA_014/20220807_060000.WAV,Foliage,recover-20220808,014,1795
273.0625,273.0832,24609,30223,Nyctalus leisleri,0.212,0.324,-1,Echolocation,/mnt/ubna_data_01_mir/recover-20220808/UBNA_014/20220807_060000.WAV,Foliage,recover-20220808,014,1795
273.3395,273.363,24609,27975,Nyctalus leisleri,0.136,0.24,-1,Echolocation,/mnt/ubna_data_01_mir/recover-20220808/UBNA_014/20220807_060000.WAV,Foliage,recover-20220808,014,1795
273.6185,273.6386,24609,28703,Nyctalus leisleri,0.331,0.409,-1,Echolocation,/mnt/ubna_data_01_mir/recover-20220808/UBNA_014/20220807_060000.WAV,Foliage,recover-20220808,014,1795
273.8885,273.9106,24609,28742,Nyctalus leisleri,0.263,0.375,-1,Echolocation,/mnt/ubna_data_01_mir/recover-20220808/UBNA_014/20220807_060000.WAV,Foliage,recover-20220808,014,1795
274.0455,274.0612,24609,29335,Nyctalus leisleri,0.338,0.537,-1,Echolocation,/mnt/ubna_data_01_mir/recover-20220808/UBNA_014/20220807_060000.WAV,Foliage,recover-20220808,014,1795
274.3125,274.3263,23750,30960,Nyctalus leisleri,0.373,0.665,-1,Echolocation,/mnt/ubna_data_01_mir/recover-20220808/UBNA_014/20220807_060000.WAV,Foliage,recover-20220808,014,1795
274.4795,274.4907,24609,30439,Nyctalus leisleri,0.369,0.628,-1,Echolocation,/mnt/ubna_data_01_mir/recover-20220808/UBNA_014/20220807_060000.WAV,Foliage,recover-20220808,014,1795
274.8735,274.8869,23750,31035,Eptesicus serotinus,0.269,0.631,-1,Echolocation,/mnt/ubna_data_01_mir/recover-20220808/UBNA_014/20220807_060000.WAV,Foliage,recover-20220808,014,1795
275.1385,275.1528,23750,31068,Nyctalus leisleri,0.319,0.653,-1,Echolocation,/mnt/ubna_data_01_mir/recover-20220808/UBNA_014/20220807_060000.WAV,Foliage,recover-20220808,014,1795
275.3185,275.331,24609,29858,Nyctalus leisleri,0.383,0.574,-1,Echolocation,/mnt/ubna_data_01_mir/recover-20220808/UBNA_014/20220807_060000.WAV,Foliage,recover-20220808,014,1795
275.5705,275.5842,24609,29242,Nyctalus leisleri,0.38,0.555,-1,Echolocation,/mnt/ubna_data_01_mir/recover-20220808/UBNA_014/20220807_060000.WAV,Foliage,recover-20220808,014,1795
275.7085,275.72090000000003,24609,31123,Nyctalus leisleri,0.256,0.503,-1,Echolocation,/mnt/ubna_data_01_mir/recover-20220808/UBNA_014/20220807_060000.WAV,Foliage,recover-20220808,014,1795
275.8595,275.8753,24609,32702,Eptesicus serotinus,0.275,0.599,-1,Echolocation,/mnt/ubna_data_01_mir/recover-20220808/UBNA_014/20220807_060000.WAV,Foliage,recover-20220808,014,1795
276.1275,276.1521,24609,28515,Nyctalus leisleri,0.126,0.209,-1,Echolocation,/mnt/ubna_data_01_mir/recover-20220808/UBNA_014/20220807_060000.WAV,Foliage,recover-20220808,014,1795
276.3885,276.4034,24609,29395,Nyctalus leisleri,0.29,0.432,-1,Echolocation,/mnt/ubna_data_01_mir/recover-20220808/UBNA_014/20220807_060000.WAV,Foliage,recover-20220808,014,1795
276.5435,276.5628,24609,28599,Nyctalus leisleri,0.208,0.301,-1,Echolocation,/mnt/ubna_data_01_mir/recover-20220808/UBNA_014/20220807_060000.WAV,Foliage,recover-20220808,014,1795
276.9165,276.9299,24609,29454,Nyctalus leisleri,0.516,0.634,-1,Echolocation,/mnt/ubna_data_01_mir/recover-20220808/UBNA_014/20220807_060000.WAV,Foliage,recover-20220808,014,1795
277.0615,277.0737,24609,30061,Nyctalus leisleri,0.223,0.414,-1,Echolocation,/mnt/ubna_data_01_mir/recover-20220808/UBNA_014/20220807_060000.WAV,Foliage,recover-20220808,014,1795
277.4635,277.4754,24609,31382,Nyctalus leisleri,0.253,0.529,-1,Echolocation,/mnt/ubna_data_01_mir/recover-20220808/UBNA_014/20220807_060000.WAV,Foliage,recover-20220808,014,1795
278.5665,278.5815,22890,27216,Nyctalus leisleri,0.084,0.217,-1,Echolocation,/mnt/ubna_data_01_mir/recover-20220808/UBNA_014/20220807_060000.WAV,Foliage,recover-20220808,014,1795
279.1535,279.1659,27187,31569,Nyctalus leisleri,0.317,0.511,-1,Echolocation,/mnt/ubna_data_01_mir/recover-20220808/UBNA_014/20220807_060000.WAV,Foliage,recover-20220808,014,1795
284.5515,284.565,23750,28729,Nyctalus leisleri,0.176,0.328,-1,Echolocation,/mnt/ubna_data_01_mir/recover-20220808/UBNA_014/20220807_060000.WAV,Foliage,recover-20220808,014,1795
292.8885,292.8985,26328,31550,Eptesicus serotinus,0.168,0.337,-1,Echolocation,/mnt/ubna_data_01_mir/recover-20220808/UBNA_014/20220807_060000.WAV,Foliage,recover-20220808,014,1795
293.2985,293.3109,24609,31552,Eptesicus serotinus,0.304,0.604,-1,Echolocation,/mnt/ubna_data_01_mir/recover-20220808/UBNA_014/20220807_060000.WAV,Foliage,recover-20220808,014,1795
293.6025,293.6183,25468,29597,Nyctalus leisleri,0.116,0.205,-1,Echolocation,/mnt/ubna_data_01_mir/recover-20220808/UBNA_014/20220807_060000.WAV,Foliage,recover-20220808,014,1795
293.7455,293.7605,25468,29904,Eptesicus serotinus,0.094,0.205,-1,Echolocation,/mnt/ubna_data_01_mir/recover-20220808/UBNA_014/20220807_060000.WAV,Foliage,recover-20220808,014,1795
294.7735,294.789,25468,29948,Nyctalus leisleri,0.298,0.438,-1,Echolocation,/mnt/ubna_data_01_mir/recover-20220808/UBNA_014/20220807_060000.WAV,Foliage,recover-20220808,014,1795
294.9115,294.9304,25468,29441,Nyctalus leisleri,0.118,0.205,-1,Echolocation,/mnt/ubna_data_01_mir/recover-20220808/UBNA_014/20220807_060000.WAV,Foliage,recover-20220808,014,1795
295.2355,295.251,23750,28736,Nyctalus leisleri,0.381,0.542,-1,Echolocation,/mnt/ubna_data_01_mir/recover-20220808/UBNA_014/20220807_060000.WAV,Foliage,recover-20220808,014,1795
295.3855,295.4004,24609,28498,Nyctalus leisleri,0.336,0.46,-1,Echolocation,/mnt/ubna_data_01_mir/recover-20220808/UBNA_014/20220807_060000.WAV,Foliage,recover-20220808,014,1795
295.5405,295.5546,24609,28869,Nyctalus leisleri,0.185,0.304,-1,Echolocation,/mnt/ubna_data_01_mir/recover-20220808/UBNA_014/20220807_060000.WAV,Foliage,recover-20220808,014,1795
296.5085,296.52049999999997,25468,29062,Nyctalus leisleri,0.144,0.257,-1,Echolocation,/mnt/ubna_data_01_mir/recover-20220808/UBNA_014/20220807_060000.WAV,Foliage,recover-20220808,014,1795
298.2955,298.3078,24609,30051,Nyctalus leisleri,0.409,0.579,-1,Echolocation,/mnt/ubna_data_01_mir/recover-20220808/UBNA_014/20220807_060000.WAV,Foliage,recover-20220808,014,1795
298.4415,298.45889999999997,25468,32294,Eptesicus serotinus,0.166,0.364,-1,Echolocation,/mnt/ubna_data_01_mir/recover-20220808/UBNA_014/20220807_060000.WAV,Foliage,recover-20220808,014,1795
298.6315,298.6457,23750,27890,Nyctalus leisleri,0.212,0.378,-1,Echolocation,/mnt/ubna_data_01_mir/recover-20220808/UBNA_014/20220807_060000.WAV,Foliage,recover-20220808,014,1795
298.9225,298.9381,23750,28532,Nyctalus leisleri,0.356,0.528,-1,Echolocation,/mnt/ubna_data_01_mir/recover-20220808/UBNA_014/20220807_060000.WAV,Foliage,recover-20220808,014,1795
299.4985,299.515,23750,28277,Nyctalus leisleri,0.393,0.482,-1,Echolocation,/mnt/ubna_data_01_mir/recover-20220808/UBNA_014/20220807_060000.WAV,Foliage,recover-20220808,014,1795
299.8695,299.88530000000003,25468,29601,Nyctalus leisleri,0.157,0.259,-1,Echolocation,/mnt/ubna_data_01_mir/recover-20220808/UBNA_014/20220807_060000.WAV,Foliage,recover-20220808,014,1795
300.1255,300.1424,23750,27021,Nyctalus leisleri,0.371,0.46,-1,Echolocation,/mnt/ubna_data_01_mir/recover-20220808/UBNA_014/20220807_060000.WAV,Foliage,recover-20220808,014,1795
300.6505,300.6681,23750,28451,Nyctalus leisleri,0.14,0.304,-1,Echolocation,/mnt/ubna_data_01_mir/recover-20220808/UBNA_014/20220807_060000.WAV,Foliage,recover-20220808,014,1795
303.0575,303.0767,24609,29069,Nyctalus leisleri,0.121,0.207,-1,Echolocation,/mnt/ubna_data_01_mir/recover-20220808/UBNA_014/20220807_060000.WAV,Foliage,recover-20220808,014,1795
358.5125,358.5306,23750,27509,Nyctalus leisleri,0.244,0.353,-1,Echolocation,/mnt/ubna_data_01_mir/recover-20220808/UBNA_014/20220807_060000.WAV,Foliage,recover-20220808,014,1795
374.3235,374.3386,22890,28006,Nyctalus noctula,0.1,0.252,-1,Echolocation,/mnt/ubna_data_01_mir/recover-20220808/UBNA_014/20220807_060000.WAV,Foliage,recover-20220808,014,1795
393.2155,393.2355,22890,27636,Nyctalus leisleri,0.1,0.231,-1,Echolocation,/mnt/ubna_data_01_mir/recover-20220808/UBNA_014/20220807_060000.WAV,Foliage,recover-20220808,014,1795
393.7135,393.7327,22890,27574,Nyctalus leisleri,0.16,0.267,-1,Echolocation,/mnt/ubna_data_01_mir/recover-20220808/UBNA_014/20220807_060000.WAV,Foliage,recover-20220808,014,1795
393.9625,393.9813,22031,26767,Nyctalus noctula,0.123,0.259,-1,Echolocation,/mnt/ubna_data_01_mir/recover-20220808/UBNA_014/20220807_060000.WAV,Foliage,recover-20220808,014,1795
394.2255,394.2422,23750,28268,Nyctalus leisleri,0.266,0.417,-1,Echolocation,/mnt/ubna_data_01_mir/recover-20220808/UBNA_014/20220807_060000.WAV,Foliage,recover-20220808,014,1795
398.4345,398.4503,23750,28425,Nyctalus leisleri,0.188,0.348,-1,Echolocation,/mnt/ubna_data_01_mir/recover-20220808/UBNA_014/20220807_060000.WAV,Foliage,recover-20220808,014,1795
398.9565,398.9703,22890,27432,Nyctalus leisleri,0.197,0.412,-1,Echolocation,/mnt/ubna_data_01_mir/recover-20220808/UBNA_014/20220807_060000.WAV,Foliage,recover-20220808,014,1795
404.9665,404.9843,23750,27999,Nyctalus leisleri,0.123,0.209,-1,Echolocation,/mnt/ubna_data_01_mir/recover-20220808/UBNA_014/20220807_060000.WAV,Foliage,recover-20220808,014,1795
406.7695,406.7894,22890,27224,Nyctalus leisleri,0.161,0.279,-1,Echolocation,/mnt/ubna_data_01_mir/recover-20220808/UBNA_014/20220807_060000.WAV,Foliage,recover-20220808,014,1795
409.7645,409.7774,23750,27852,Nyctalus leisleri,0.146,0.281,-1,Echolocation,/mnt/ubna_data_01_mir/recover-20220808/UBNA_014/20220807_060000.WAV,Foliage,recover-20220808,014,1795
410.9985,411.0185,22890,27618,Nyctalus leisleri,0.195,0.349,-1,Echolocation,/mnt/ubna_data_01_mir/recover-20220808/UBNA_014/20220807_060000.WAV,Foliage,recover-20220808,014,1795
411.1535,411.1729,22890,25877,Nyctalus leisleri,0.263,0.305,-1,Echolocation,/mnt/ubna_data_01_mir/recover-20220808/UBNA_014/20220807_060000.WAV,Foliage,recover-20220808,014,1795
411.3005,411.3183,22890,26616,Nyctalus leisleri,0.346,0.421,-1,Echolocation,/mnt/ubna_data_01_mir/recover-20220808/UBNA_014/20220807_060000.WAV,Foliage,recover-20220808,014,1795
411.4855,411.5032,22890,27452,Nyctalus leisleri,0.21,0.37,-1,Echolocation,/mnt/ubna_data_01_mir/recover-20220808/UBNA_014/20220807_060000.WAV,Foliage,recover-20220808,014,1795
411.7455,411.7664,22031,26470,Nyctalus leisleri,0.47,0.527,-1,Echolocation,/mnt/ubna_data_01_mir/recover-20220808/UBNA_014/20220807_060000.WAV,Foliage,recover-20220808,014,1795
411.8825,411.8928,24609,30150,Nyctalus leisleri,0.188,0.416,-1,Echolocation,/mnt/ubna_data_01_mir/recover-20220808/UBNA_014/20220807_060000.WAV,Foliage,recover-20220808,014,1795
412.14549999999997,412.1643,22890,26354,Nyctalus leisleri,0.113,0.236,-1,Echolocation,/mnt/ubna_data_01_mir/recover-20220808/UBNA_014/20220807_060000.WAV,Foliage,recover-20220808,014,1795
412.4255,412.4422,22890,26838,Nyctalus leisleri,0.571,0.625,-1,Echolocation,/mnt/ubna_data_01_mir/recover-20220808/UBNA_014/20220807_060000.WAV,Foliage,recover-20220808,014,1795
412.6845,412.6975,23750,28471,Nyctalus leisleri,0.241,0.417,-1,Echolocation,/mnt/ubna_data_01_mir/recover-20220808/UBNA_014/20220807_060000.WAV,Foliage,recover-20220808,014,1795
412.8415,412.859,22890,28400,Nyctalus leisleri,0.247,0.438,-1,Echolocation,/mnt/ubna_data_01_mir/recover-20220808/UBNA_014/20220807_060000.WAV,Foliage,recover-20220808,014,1795
413.0905,413.11,22890,27097,Nyctalus leisleri,0.256,0.36,-1,Echolocation,/mnt/ubna_data_01_mir/recover-20220808/UBNA_014/20220807_060000.WAV,Foliage,recover-20220808,014,1795
413.3375,413.3572,22031,26005,Nyctalus leisleri,0.324,0.406,-1,Echolocation,/mnt/ubna_data_01_mir/recover-20220808/UBNA_014/20220807_060000.WAV,Foliage,recover-20220808,014,1795
413.6035,413.6235,22031,25972,Nyctalus leisleri,0.494,0.546,-1,Echolocation,/mnt/ubna_data_01_mir/recover-20220808/UBNA_014/20220807_060000.WAV,Foliage,recover-20220808,014,1795
413.8835,413.9063,22031,24997,Nyctalus leisleri,0.153,0.212,-1,Echolocation,/mnt/ubna_data_01_mir/recover-20220808/UBNA_014/20220807_060000.WAV,Foliage,recover-20220808,014,1795
414.27049999999997,414.2924,22031,26252,Nyctalus leisleri,0.238,0.354,-1,Echolocation,/mnt/ubna_data_01_mir/recover-20220808/UBNA_014/20220807_060000.WAV,Foliage,recover-20220808,014,1795
414.5385,414.5576,21171,24868,Nyctalus leisleri,0.261,0.431,-1,Echolocation,/mnt/ubna_data_01_mir/recover-20220808/UBNA_014/20220807_060000.WAV,Foliage,recover-20220808,014,1795
414.8035,414.8185,22031,28061,Nyctalus noctula,0.238,0.579,-1,Echolocation,/mnt/ubna_data_01_mir/recover-20220808/UBNA_014/20220807_060000.WAV,Foliage,recover-20220808,014,1795
415.2315,415.2461,22031,27312,Nyctalus leisleri,0.099,0.224,-1,Echolocation,/mnt/ubna_data_01_mir/recover-20220808/UBNA_014/20220807_060000.WAV,Foliage,recover-20220808,014,1795
415.47950000000003,415.4992,22031,26818,Nyctalus leisleri,0.329,0.459,-1,Echolocation,/mnt/ubna_data_01_mir/recover-20220808/UBNA_014/20220807_060000.WAV,Foliage,recover-20220808,014,1795
416.1535,416.1729,22031,26747,Nyctalus leisleri,0.311,0.404,-1,Echolocation,/mnt/ubna_data_01_mir/recover-20220808/UBNA_014/20220807_060000.WAV,Foliage,recover-20220808,014,1795
421.7155,421.7317,22890,27185,Nyctalus leisleri,0.105,0.223,-1,Echolocation,/mnt/ubna_data_01_mir/recover-20220808/UBNA_014/20220807_060000.WAV,Foliage,recover-20220808,014,1795
427.4495,427.4638,24609,28735,Nyctalus leisleri,0.098,0.213,-1,Echolocation,/mnt/ubna_data_01_mir/recover-20220808/UBNA_014/20220807_060000.WAV,Foliage,recover-20220808,014,1795
428.4255,428.4405,25468,29098,Nyctalus leisleri,0.379,0.474,-1,Echolocation,/mnt/ubna_data_01_mir/recover-20220808/UBNA_014/20220807_060000.WAV,Foliage,recover-20220808,014,1795
428.6765,428.6928,24609,27827,Nyctalus leisleri,0.297,0.387,-1,Echolocation,/mnt/ubna_data_01_mir/recover-20220808/UBNA_014/20220807_060000.WAV,Foliage,recover-20220808,014,1795
429.6895,429.704,24609,29487,Nyctalus leisleri,0.127,0.249,-1,Echolocation,/mnt/ubna_data_01_mir/recover-20220808/UBNA_014/20220807_060000.WAV,Foliage,recover-20220808,014,1795
467.5365,467.5527,24609,29016,Nyctalus leisleri,0.125,0.245,-1,Echolocation,/mnt/ubna_data_01_mir/recover-20220808/UBNA_014/20220807_060000.WAV,Foliage,recover-20220808,014,1795
504.2865,504.3016,23750,28992,Nyctalus leisleri,0.167,0.361,-1,Echolocation,/mnt/ubna_data_01_mir/recover-20220808/UBNA_014/20220807_060000.WAV,Foliage,recover-20220808,014,1795
507.5115,507.524,23750,28090,Nyctalus leisleri,0.113,0.238,-1,Echolocation,/mnt/ubna_data_01_mir/recover-20220808/UBNA_014/20220807_060000.WAV,Foliage,recover-20220808,014,1795
508.5285,508.5463,23750,28868,Nyctalus leisleri,0.138,0.28,-1,Echolocation,/mnt/ubna_data_01_mir/recover-20220808/UBNA_014/20220807_060000.WAV,Foliage,recover-20220808,014,1795
520.7125,520.7284,24609,28372,Nyctalus leisleri,0.197,0.292,-1,Echolocation,/mnt/ubna_data_01_mir/recover-20220808/UBNA_014/20220807_060000.WAV,Foliage,recover-20220808,014,1795
520.9075,520.9224,24609,29307,Nyctalus leisleri,0.099,0.208,-1,Echolocation,/mnt/ubna_data_01_mir/recover-20220808/UBNA_014/20220807_060000.WAV,Foliage,recover-20220808,014,1795
535.4005,535.4132,23750,28832,Nyctalus leisleri,0.218,0.393,-1,Echolocation,/mnt/ubna_data_01_mir/recover-20220808/UBNA_014/20220807_060000.WAV,Foliage,recover-20220808,014,1795
543.5195,543.5316,25468,30556,Nyctalus leisleri,0.15,0.325,-1,Echolocation,/mnt/ubna_data_01_mir/recover-20220808/UBNA_014/20220807_060000.WAV,Foliage,recover-20220808,014,1795
545.5855,545.602,23750,27973,Nyctalus leisleri,0.096,0.229,-1,Echolocation,/mnt/ubna_data_01_mir/recover-20220808/UBNA_014/20220807_060000.WAV,Foliage,recover-20220808,014,1795
546.7645,546.7843,24609,27590,Nyctalus leisleri,0.154,0.22,-1,Echolocation,/mnt/ubna_data_01_mir/recover-20220808/UBNA_014/20220807_060000.WAV,Foliage,recover-20220808,014,1795
547.0225,547.0367,23750,29356,Nyctalus leisleri,0.236,0.479,-1,Echolocation,/mnt/ubna_data_01_mir/recover-20220808/UBNA_014/20220807_060000.WAV,Foliage,recover-20220808,014,1795
562.8475,562.8624,23750,29798,Nyctalus leisleri,0.232,0.471,-1,Echolocation,/mnt/ubna_data_01_mir/recover-20220808/UBNA_014/20220807_060000.WAV,Foliage,recover-20220808,014,1795
563.4285,563.4481,23750,27764,Nyctalus leisleri,0.295,0.387,-1,Echolocation,/mnt/ubna_data_01_mir/recover-20220808/UBNA_014/20220807_060000.WAV,Foliage,recover-20220808,014,1795
563.8535,563.8737,22890,27604,Nyctalus leisleri,0.09,0.234,-1,Echolocation,/mnt/ubna_data_01_mir/recover-20220808/UBNA_014/20220807_060000.WAV,Foliage,recover-20220808,014,1795
564.1275,564.1413,24609,27503,Nyctalus leisleri,0.329,0.436,-1,Echolocation,/mnt/ubna_data_01_mir/recover-20220808/UBNA_014/20220807_060000.WAV,Foliage,recover-20220808,014,1795
564.5455,564.5687,24609,28450,Nyctalus leisleri,0.128,0.218,-1,Echolocation,/mnt/ubna_data_01_mir/recover-20220808/UBNA_014/20220807_060000.WAV,Foliage,recover-20220808,014,1795
564.8215,564.8411,24609,28546,Nyctalus leisleri,0.174,0.3,-1,Echolocation,/mnt/ubna_data_01_mir/recover-20220808/UBNA_014/20220807_060000.WAV,Foliage,recover-20220808,014,1795
565.1035,565.1201,24609,28678,Nyctalus leisleri,0.251,0.363,-1,Echolocation,/mnt/ubna_data_01_mir/recover-20220808/UBNA_014/20220807_060000.WAV,Foliage,recover-20220808,014,1795
565.5085,565.5283,24609,28694,Nyctalus leisleri,0.297,0.452,-1,Echolocation,/mnt/ubna_data_01_mir/recover-20220808/UBNA_014/20220807_060000.WAV,Foliage,recover-20220808,014,1795
565.7935,565.8118,23750,29952,Eptesicus serotinus,0.197,0.506,-1,Echolocation,/mnt/ubna_data_01_mir/recover-20220808/UBNA_014/20220807_060000.WAV,Foliage,recover-20220808,014,1795
566.0605,566.075,25468,30468,Nyctalus leisleri,0.425,0.606,-1,Echolocation,/mnt/ubna_data_01_mir/recover-20220808/UBNA_014/20220807_060000.WAV,Foliage,recover-20220808,014,1795
566.3405,566.3578,24609,28310,Nyctalus leisleri,0.455,0.561,-1,Echolocation,/mnt/ubna_data_01_mir/recover-20220808/UBNA_014/20220807_060000.WAV,Foliage,recover-20220808,014,1795
567.5785,567.5935,23750,28652,Nyctalus leisleri,0.204,0.336,-1,Echolocation,/mnt/ubna_data_01_mir/recover-20220808/UBNA_014/20220807_060000.WAV,Foliage,recover-20220808,014,1795
568.2705,568.2852,24609,28911,Nyctalus leisleri,0.363,0.53,-1,Echolocation,/mnt/ubna_data_01_mir/recover-20220808/UBNA_014/20220807_060000.WAV,Foliage,recover-20220808,014,1795
587.8905,587.9074,22890,26544,Nyctalus leisleri,0.219,0.305,-1,Echolocation,/mnt/ubna_data_01_mir/recover-20220808/UBNA_014/20220807_060000.WAV,Foliage,recover-20220808,014,1795
591.0495,591.0676,26328,30151,Nyctalus leisleri,0.17,0.267,-1,Echolocation,/mnt/ubna_data_01_mir/recover-20220808/UBNA_014/20220807_060000.WAV,Foliage,recover-20220808,014,1795
593.2425,593.258,24609,28556,Nyctalus leisleri,0.347,0.5,-1,Echolocation,/mnt/ubna_data_01_mir/recover-20220808/UBNA_014/20220807_060000.WAV,Foliage,recover-20220808,014,1795
627.2145,627.2363,18593,21452,Nyctalus noctula,0.274,0.371,-1,Echolocation,/mnt/ubna_data_01_mir/recover-20220808/UBNA_014/20220807_060000.WAV,Foliage,recover-20220808,014,1795
638.3805,638.4013,24609,28381,Nyctalus leisleri,0.157,0.236,-1,Echolocation,/mnt/ubna_data_01_mir/recover-20220808/UBNA_014/20220807_060000.WAV,Foliage,recover-20220808,014,1795
638.7995,638.8133,24609,29054,Nyctalus leisleri,0.163,0.349,-1,Echolocation,/mnt/ubna_data_01_mir/recover-20220808/UBNA_014/20220807_060000.WAV,Foliage,recover-20220808,014,1795
639.0865,639.0999,24609,28443,Nyctalus leisleri,0.189,0.328,-1,Echolocation,/mnt/ubna_data_01_mir/recover-20220808/UBNA_014/20220807_060000.WAV,Foliage,recover-20220808,014,1795
639.2405,639.2566,24609,29146,Nyctalus leisleri,0.319,0.459,-1,Echolocation,/mnt/ubna_data_01_mir/recover-20220808/UBNA_014/20220807_060000.WAV,Foliage,recover-20220808,014,1795
639.5495,639.5615,24609,29038,Eptesicus serotinus,0.148,0.33,-1,Echolocation,/mnt/ubna_data_01_mir/recover-20220808/UBNA_014/20220807_060000.WAV,Foliage,recover-20220808,014,1795
640.1135,640.1279,23750,29719,Nyctalus leisleri,0.154,0.353,-1,Echolocation,/mnt/ubna_data_01_mir/recover-20220808/UBNA_014/20220807_060000.WAV,Foliage,recover-20220808,014,1795
640.6915,640.7047,24609,30166,Eptesicus serotinus,0.156,0.344,-1,Echolocation,/mnt/ubna_data_01_mir/recover-20220808/UBNA_014/20220807_060000.WAV,Foliage,recover-20220808,014,1795
661.2975,661.3146,22890,27344,Nyctalus leisleri,0.316,0.478,-1,Echolocation,/mnt/ubna_data_01_mir/recover-20220808/UBNA_014/20220807_060000.WAV,Foliage,recover-20220808,014,1795
661.7035,661.7256,22031,26481,Nyctalus leisleri,0.195,0.294,-1,Echolocation,/mnt/ubna_data_01_mir/recover-20220808/UBNA_014/20220807_060000.WAV,Foliage,recover-20220808,014,1795
662.2345,662.2592,22890,27299,Nyctalus leisleri,0.113,0.255,-1,Echolocation,/mnt/ubna_data_01_mir/recover-20220808/UBNA_014/20220807_060000.WAV,Foliage,recover-20220808,014,1795
662.9085,662.9326,22031,26417,Nyctalus leisleri,0.147,0.283,-1,Echolocation,/mnt/ubna_data_01_mir/recover-20220808/UBNA_014/20220807_060000.WAV,Foliage,recover-20220808,014,1795
666.6785,666.6877,39218,44523,Pipistrellus nathusii,0.148,0.213,-1,Echolocation,/mnt/ubna_data_01_mir/recover-20220808/UBNA_014/20220807_060000.WAV,Foliage,recover-20220808,014,1795
682.7475,682.7585,25468,31354,Eptesicus serotinus,0.138,0.295,-1,Echolocation,/mnt/ubna_data_01_mir/recover-20220808/UBNA_014/20220807_060000.WAV,Foliage,recover-20220808,014,1795
695.5185,695.5363,23750,28343,Nyctalus leisleri,0.127,0.261,-1,Echolocation,/mnt/ubna_data_01_mir/recover-20220808/UBNA_014/20220807_060000.WAV,Foliage,recover-20220808,014,1795
695.7635,695.7815,24609,29175,Nyctalus leisleri,0.312,0.439,-1,Echolocation,/mnt/ubna_data_01_mir/recover-20220808/UBNA_014/20220807_060000.WAV,Foliage,recover-20220808,014,1795
696.1465,696.1597,23750,29038,Nyctalus leisleri,0.522,0.672,-1,Echolocation,/mnt/ubna_data_01_mir/recover-20220808/UBNA_014/20220807_060000.WAV,Foliage,recover-20220808,014,1795
699.3845,699.4054,18593,21918,Nyctalus noctula,0.32,0.437,-1,Echolocation,/mnt/ubna_data_01_mir/recover-20220808/UBNA_014/20220807_060000.WAV,Foliage,recover-20220808,014,1795
707.2125,707.2328,22031,24574,Nyctalus leisleri,0.137,0.215,-1,Echolocation,/mnt/ubna_data_01_mir/recover-20220808/UBNA_014/20220807_060000.WAV,Foliage,recover-20220808,014,1795
707.3535,707.368,23750,28995,Nyctalus leisleri,0.189,0.4,-1,Echolocation,/mnt/ubna_data_01_mir/recover-20220808/UBNA_014/20220807_060000.WAV,Foliage,recover-20220808,014,1795
707.4955,707.5084,23750,30296,Eptesicus serotinus,0.154,0.334,-1,Echolocation,/mnt/ubna_data_01_mir/recover-20220808/UBNA_014/20220807_060000.WAV,Foliage,recover-20220808,014,1795
707.8905,707.908,22890,27208,Nyctalus leisleri,0.1,0.24,-1,Echolocation,/mnt/ubna_data_01_mir/recover-20220808/UBNA_014/20220807_060000.WAV,Foliage,recover-20220808,014,1795
723.1605,723.1795,26328,30006,Nyctalus leisleri,0.159,0.256,-1,Echolocation,/mnt/ubna_data_01_mir/recover-20220808/UBNA_014/20220807_060000.WAV,Foliage,recover-20220808,014,1795
757.1615,757.1671,52109,64433,Pipistrellus pipistrellus,0.288,0.426,-1,Echolocation,/mnt/ubna_data_01_mir/recover-20220808/UBNA_014/20220807_060000.WAV,Foliage,recover-20220808,014,1795
757.2535,757.2608,51250,63115,Pipistrellus pipistrellus,0.163,0.227,-1,Echolocation,/mnt/ubna_data_01_mir/recover-20220808/UBNA_014/20220807_060000.WAV,Foliage,recover-20220808,014,1795
757.3415,757.3472,52109,66574,Pipistrellus pipistrellus,0.218,0.351,-1,Echolocation,/mnt/ubna_data_01_mir/recover-20220808/UBNA_014/20220807_060000.WAV,Foliage,recover-20220808,014,1795
757.6305,757.6384,51250,63065,Pipistrellus pipistrellus,0.122,0.249,-1,Echolocation,/mnt/ubna_data_01_mir/recover-20220808/UBNA_014/20220807_060000.WAV,Foliage,recover-20220808,014,1795
757.7305,757.7392,54687,64742,Pipistrellus pygmaeus,0.172,0.239,-1,Echolocation,/mnt/ubna_data_01_mir/recover-20220808/UBNA_014/20220807_060000.WAV,Foliage,recover-20220808,014,1795
757.9235,757.9325,54687,67769,Pipistrellus pipistrellus,0.229,0.422,-1,Echolocation,/mnt/ubna_data_01_mir/recover-20220808/UBNA_014/20220807_060000.WAV,Foliage,recover-20220808,014,1795
758.1235,758.1314,47812,70405,Pipistrellus pipistrellus,0.259,0.449,-1,Echolocation,/mnt/ubna_data_01_mir/recover-20220808/UBNA_014/20220807_060000.WAV,Foliage,recover-20220808,014,1795
758.2115,758.2185,45234,69296,Pipistrellus pipistrellus,0.193,0.46,-1,Echolocation,/mnt/ubna_data_01_mir/recover-20220808/UBNA_014/20220807_060000.WAV,Foliage,recover-20220808,014,1795
758.3075,758.3154,47812,59958,Pipistrellus pipistrellus,0.568,0.593,-1,Echolocation,/mnt/ubna_data_01_mir/recover-20220808/UBNA_014/20220807_060000.WAV,Foliage,recover-20220808,014,1795
758.3985,758.4057,44375,63074,Pipistrellus pipistrellus,0.258,0.583,-1,Echolocation,/mnt/ubna_data_01_mir/recover-20220808/UBNA_014/20220807_060000.WAV,Foliage,recover-20220808,014,1795
758.4725,758.4812,46093,61064,Pipistrellus pipistrellus,0.331,0.464,-1,Echolocation,/mnt/ubna_data_01_mir/recover-20220808/UBNA_014/20220807_060000.WAV,Foliage,recover-20220808,014,1795
758.5445,758.5528,47812,57616,Pipistrellus pipistrellus,0.368,0.387,-1,Echolocation,/mnt/ubna_data_01_mir/recover-20220808/UBNA_014/20220807_060000.WAV,Foliage,recover-20220808,014,1795
758.7035,758.7102,46093,57454,Pipistrellus pipistrellus,0.351,0.409,-1,Echolocation,/mnt/ubna_data_01_mir/recover-20220808/UBNA_014/20220807_060000.WAV,Foliage,recover-20220808,014,1795
766.3865,766.4018,24609,30074,Nyctalus leisleri,0.157,0.315,-1,Echolocation,/mnt/ubna_data_01_mir/recover-20220808/UBNA_014/20220807_060000.WAV,Foliage,recover-20220808,014,1795
767.0915,767.1139000000001,23750,28514,Nyctalus leisleri,0.102,0.229,-1,Echolocation,/mnt/ubna_data_01_mir/recover-20220808/UBNA_014/20220807_060000.WAV,Foliage,recover-20220808,014,1795
767.6355,767.6534,23750,28569,Nyctalus leisleri,0.191,0.335,-1,Echolocation,/mnt/ubna_data_01_mir/recover-20220808/UBNA_014/20220807_060000.WAV,Foliage,recover-20220808,014,1795
768.1935,768.221,22031,27318,Nyctalus noctula,0.091,0.222,-1,Echolocation,/mnt/ubna_data_01_mir/recover-20220808/UBNA_014/20220807_060000.WAV,Foliage,recover-20220808,014,1795
768.7415,768.7613,22890,27713,Nyctalus leisleri,0.253,0.398,-1,Echolocation,/mnt/ubna_data_01_mir/recover-20220808/UBNA_014/20220807_060000.WAV,Foliage,recover-20220808,014,1795
769.8515,769.8736,22890,26812,Nyctalus leisleri,0.349,0.417,-1,Echolocation,/mnt/ubna_data_01_mir/recover-20220808/UBNA_014/20220807_060000.WAV,Foliage,recover-20220808,014,1795
770.1335,770.1553,22890,27681,Nyctalus leisleri,0.143,0.264,-1,Echolocation,/mnt/ubna_data_01_mir/recover-20220808/UBNA_014/20220807_060000.WAV,Foliage,recover-20220808,014,1795
770.6775,770.7033,22890,27285,Nyctalus leisleri,0.085,0.2,-1,Echolocation,/mnt/ubna_data_01_mir/recover-20220808/UBNA_014/20220807_060000.WAV,Foliage,recover-20220808,014,1795
772.2005,772.2114,24609,30410,Eptesicus serotinus,0.127,0.268,-1,Echolocation,/mnt/ubna_data_01_mir/recover-20220808/UBNA_014/20220807_060000.WAV,Foliage,recover-20220808,014,1795
773.1175,773.1323,23750,28885,Nyctalus leisleri,0.186,0.355,-1,Echolocation,/mnt/ubna_data_01_mir/recover-20220808/UBNA_014/20220807_060000.WAV,Foliage,recover-20220808,014,1795
775.5095,775.519,18593,26647,Plecotus austriacus,0.071,0.206,-1,Echolocation,/mnt/ubna_data_01_mir/recover-20220808/UBNA_014/20220807_060000.WAV,Foliage,recover-20220808,014,1795
781.1775,781.1909,22890,27276,Nyctalus leisleri,0.351,0.559,-1,Echolocation,/mnt/ubna_data_01_mir/recover-20220808/UBNA_014/20220807_060000.WAV,Foliage,recover-20220808,014,1795
781.4545,781.4688,22031,26982,Nyctalus leisleri,0.184,0.438,-1,Echolocation,/mnt/ubna_data_01_mir/recover-20220808/UBNA_014/20220807_060000.WAV,Foliage,recover-20220808,014,1795
782.0915,782.1055,22031,27267,Nyctalus leisleri,0.188,0.432,-1,Echolocation,/mnt/ubna_data_01_mir/recover-20220808/UBNA_014/20220807_060000.WAV,Foliage,recover-20220808,014,1795
782.6675,782.6819,22890,27663,Nyctalus leisleri,0.135,0.315,-1,Echolocation,/mnt/ubna_data_01_mir/recover-20220808/UBNA_014/20220807_060000.WAV,Foliage,recover-20220808,014,1795
785.3005,785.3193,22031,26289,Nyctalus leisleri,0.286,0.388,-1,Echolocation,/mnt/ubna_data_01_mir/recover-20220808/UBNA_014/20220807_060000.WAV,Foliage,recover-20220808,014,1795
785.7375,785.7647,22031,26156,Nyctalus leisleri,0.122,0.223,-1,Echolocation,/mnt/ubna_data_01_mir/recover-20220808/UBNA_014/20220807_060000.WAV,Foliage,recover-20220808,014,1795
786.0065,786.0293,21171,24508,Nyctalus leisleri,0.12,0.23,-1,Echolocation,/mnt/ubna_data_01_mir/recover-20220808/UBNA_014/20220807_060000.WAV,Foliage,recover-20220808,014,1795
786.2825,786.3075,22890,26780,Nyctalus noctula,0.099,0.216,-1,Echolocation,/mnt/ubna_data_01_mir/recover-20220808/UBNA_014/20220807_060000.WAV,Foliage,recover-20220808,014,1795
786.5435,786.5665,22890,26219,Nyctalus leisleri,0.253,0.307,-1,Echolocation,/mnt/ubna_data_01_mir/recover-20220808/UBNA_014/20220807_060000.WAV,Foliage,recover-20220808,014,1795
787.0855,787.1062,22031,26362,Nyctalus noctula,0.111,0.202,-1,Echolocation,/mnt/ubna_data_01_mir/recover-20220808/UBNA_014/20220807_060000.WAV,Foliage,recover-20220808,014,1795
787.3665,787.3907,22890,28165,Nyctalus leisleri,0.181,0.335,-1,Echolocation,/mnt/ubna_data_01_mir/recover-20220808/UBNA_014/20220807_060000.WAV,Foliage,recover-20220808,014,1795
787.5295,787.548,23750,28006,Nyctalus leisleri,0.138,0.245,-1,Echolocation,/mnt/ubna_data_01_mir/recover-20220808/UBNA_014/20220807_060000.WAV,Foliage,recover-20220808,014,1795
787.7835,787.8077,22031,27728,Nyctalus noctula,0.197,0.29,-1,Echolocation,/mnt/ubna_data_01_mir/recover-20220808/UBNA_014/20220807_060000.WAV,Foliage,recover-20220808,014,1795
788.0645,788.086,22890,28210,Nyctalus leisleri,0.194,0.341,-1,Echolocation,/mnt/ubna_data_01_mir/recover-20220808/UBNA_014/20220807_060000.WAV,Foliage,recover-20220808,014,1795
788.2515,788.2745,23750,28304,Nyctalus leisleri,0.165,0.267,-1,Echolocation,/mnt/ubna_data_01_mir/recover-20220808/UBNA_014/20220807_060000.WAV,Foliage,recover-20220808,014,1795
789.3815,789.407,22890,28473,Nyctalus leisleri,0.109,0.264,-1,Echolocation,/mnt/ubna_data_01_mir/recover-20220808/UBNA_014/20220807_060000.WAV,Foliage,recover-20220808,014,1795
789.5415,789.5653,22031,26201,Nyctalus leisleri,0.127,0.256,-1,Echolocation,/mnt/ubna_data_01_mir/recover-20220808/UBNA_014/20220807_060000.WAV,Foliage,recover-20220808,014,1795
789.8115,789.8373,22031,26515,Nyctalus noctula,0.103,0.219,-1,Echolocation,/mnt/ubna_data_01_mir/recover-20220808/UBNA_014/20220807_060000.WAV,Foliage,recover-20220808,014,1795
790.0545,790.0779,22890,27441,Nyctalus leisleri,0.202,0.326,-1,Echolocation,/mnt/ubna_data_01_mir/recover-20220808/UBNA_014/20220807_060000.WAV,Foliage,recover-20220808,014,1795
790.2625,790.2771,25468,30060,Nyctalus leisleri,0.224,0.381,-1,Echolocation,/mnt/ubna_data_01_mir/recover-20220808/UBNA_014/20220807_060000.WAV,Foliage,recover-20220808,014,1795
790.3425,790.3605,23750,28851,Nyctalus leisleri,0.204,0.43,-1,Echolocation,/mnt/ubna_data_01_mir/recover-20220808/UBNA_014/20220807_060000.WAV,Foliage,recover-20220808,014,1795
790.5915,790.609,22890,28268,Nyctalus leisleri,0.214,0.474,-1,Echolocation,/mnt/ubna_data_01_mir/recover-20220808/UBNA_014/20220807_060000.WAV,Foliage,recover-20220808,014,1795
790.8485,790.8632,23750,29122,Nyctalus leisleri,0.379,0.562,-1,Echolocation,/mnt/ubna_data_01_mir/recover-20220808/UBNA_014/20220807_060000.WAV,Foliage,recover-20220808,014,1795
791.0995,791.1184,22031,24939,Nyctalus leisleri,0.16,0.212,-1,Echolocation,/mnt/ubna_data_01_mir/recover-20220808/UBNA_014/20220807_060000.WAV,Foliage,recover-20220808,014,1795
791.3395,791.3662,22890,27656,Nyctalus noctula,0.135,0.235,-1,Echolocation,/mnt/ubna_data_01_mir/recover-20220808/UBNA_014/20220807_060000.WAV,Foliage,recover-20220808,014,1795
791.5805,791.6049,22031,27174,Nyctalus noctula,0.108,0.211,-1,Echolocation,/mnt/ubna_data_01_mir/recover-20220808/UBNA_014/20220807_060000.WAV,Foliage,recover-20220808,014,1795
792.0845,792.1024,23750,28428,Nyctalus leisleri,0.172,0.352,-1,Echolocation,/mnt/ubna_data_01_mir/recover-20220808/UBNA_014/20220807_060000.WAV,Foliage,recover-20220808,014,1795
793.3055,793.3243,23750,28924,Nyctalus leisleri,0.214,0.346,-1,Echolocation,/mnt/ubna_data_01_mir/recover-20220808/UBNA_014/20220807_060000.WAV,Foliage,recover-20220808,014,1795
793.4495,793.4761,23750,28258,Nyctalus leisleri,0.143,0.25,-1,Echolocation,/mnt/ubna_data_01_mir/recover-20220808/UBNA_014/20220807_060000.WAV,Foliage,recover-20220808,014,1795
793.5915,793.6086,24609,29940,Nyctalus leisleri,0.241,0.4,-1,Echolocation,/mnt/ubna_data_01_mir/recover-20220808/UBNA_014/20220807_060000.WAV,Foliage,recover-20220808,014,1795
793.8275,793.8425,23750,33429,Eptesicus serotinus,0.339,0.575,-1,Echolocation,/mnt/ubna_data_01_mir/recover-20220808/UBNA_014/20220807_060000.WAV,Foliage,recover-20220808,014,1795
794.0715,794.0846,22890,27926,Nyctalus leisleri,0.372,0.608,-1,Echolocation,/mnt/ubna_data_01_mir/recover-20220808/UBNA_014/20220807_060000.WAV,Foliage,recover-20220808,014,1795
794.3245,794.3404,22890,30303,Nyctalus noctula,0.219,0.578,-1,Echolocation,/mnt/ubna_data_01_mir/recover-20220808/UBNA_014/20220807_060000.WAV,Foliage,recover-20220808,014,1795
794.4665,794.4808,23750,28432,Nyctalus leisleri,0.377,0.511,-1,Echolocation,/mnt/ubna_data_01_mir/recover-20220808/UBNA_014/20220807_060000.WAV,Foliage,recover-20220808,014,1795
794.7355,794.7506,24609,30318,Nyctalus leisleri,0.182,0.413,-1,Echolocation,/mnt/ubna_data_01_mir/recover-20220808/UBNA_014/20220807_060000.WAV,Foliage,recover-20220808,014,1795
794.9825,794.9969,22890,28796,Nyctalus noctula,0.255,0.591,-1,Echolocation,/mnt/ubna_data_01_mir/recover-20220808/UBNA_014/20220807_060000.WAV,Foliage,recover-20220808,014,1795
795.1275,795.1371,24609,33400,Eptesicus serotinus,0.323,0.583,-1,Echolocation,/mnt/ubna_data_01_mir/recover-20220808/UBNA_014/20220807_060000.WAV,Foliage,recover-20220808,014,1795
795.3835,795.3967,22890,32882,Eptesicus serotinus,0.39,0.652,-1,Echolocation,/mnt/ubna_data_01_mir/recover-20220808/UBNA_014/20220807_060000.WAV,Foliage,recover-20220808,014,1795
795.6415,795.6557,22031,29308,Eptesicus serotinus,0.222,0.625,-1,Echolocation,/mnt/ubna_data_01_mir/recover-20220808/UBNA_014/20220807_060000.WAV,Foliage,recover-20220808,014,1795
795.8035,795.8176,22890,31643,Eptesicus serotinus,0.305,0.653,-1,Echolocation,/mnt/ubna_data_01_mir/recover-20220808/UBNA_014/20220807_060000.WAV,Foliage,recover-20220808,014,1795
796.0625,796.0784,22031,29172,Nyctalus noctula,0.276,0.62,-1,Echolocation,/mnt/ubna_data_01_mir/recover-20220808/UBNA_014/20220807_060000.WAV,Foliage,recover-20220808,014,1795
796.3315,796.3472,22890,28785,Nyctalus leisleri,0.308,0.563,-1,Echolocation,/mnt/ubna_data_01_mir/recover-20220808/UBNA_014/20220807_060000.WAV,Foliage,recover-20220808,014,1795
796.5905,796.6061,22031,28066,Nyctalus noctula,0.434,0.694,-1,Echolocation,/mnt/ubna_data_01_mir/recover-20220808/UBNA_014/20220807_060000.WAV,Foliage,recover-20220808,014,1795
796.8605,796.8767,22890,28499,Nyctalus noctula,0.239,0.599,-1,Echolocation,/mnt/ubna_data_01_mir/recover-20220808/UBNA_014/20220807_060000.WAV,Foliage,recover-20220808,014,1795
797.1255,797.1476,22031,27131,Nyctalus noctula,0.294,0.474,-1,Echolocation,/mnt/ubna_data_01_mir/recover-20220808/UBNA_014/20220807_060000.WAV,Foliage,recover-20220808,014,1795
797.4025,797.4246,22031,28323,Nyctalus noctula,0.444,0.576,-1,Echolocation,/mnt/ubna_data_01_mir/recover-20220808/UBNA_014/20220807_060000.WAV,Foliage,recover-20220808,014,1795
797.6655,797.6902,22031,26992,Nyctalus noctula,0.267,0.415,-1,Echolocation,/mnt/ubna_data_01_mir/recover-20220808/UBNA_014/20220807_060000.WAV,Foliage,recover-20220808,014,1795
797.9345,797.9548,22031,28193,Nyctalus noctula,0.346,0.551,-1,Echolocation,/mnt/ubna_data_01_mir/recover-20220808/UBNA_014/20220807_060000.WAV,Foliage,recover-20220808,014,1795
798.0875,798.1012,23750,28807,Nyctalus leisleri,0.117,0.339,-1,Echolocation,/mnt/ubna_data_01_mir/recover-20220808/UBNA_014/20220807_060000.WAV,Foliage,recover-20220808,014,1795
798.4985,798.5151,22890,27528,Nyctalus leisleri,0.295,0.408,-1,Echolocation,/mnt/ubna_data_01_mir/recover-20220808/UBNA_014/20220807_060000.WAV,Foliage,recover-20220808,014,1795
798.7675,798.788,22890,26787,Nyctalus leisleri,0.157,0.267,-1,Echolocation,/mnt/ubna_data_01_mir/recover-20220808/UBNA_014/20220807_060000.WAV,Foliage,recover-20220808,014,1795
799.0285,799.0472,22031,27581,Nyctalus leisleri,0.166,0.396,-1,Echolocation,/mnt/ubna_data_01_mir/recover-20220808/UBNA_014/20220807_060000.WAV,Foliage,recover-20220808,014,1795
799.1925,799.2112,22890,26855,Nyctalus leisleri,0.186,0.345,-1,Echolocation,/mnt/ubna_data_01_mir/recover-20220808/UBNA_014/20220807_060000.WAV,Foliage,recover-20220808,014,1795
799.4565,799.4746,22890,27941,Nyctalus leisleri,0.092,0.218,-1,Echolocation,/mnt/ubna_data_01_mir/recover-20220808/UBNA_014/20220807_060000.WAV,Foliage,recover-20220808,014,1795
800.1455,800.1612,22890,27318,Nyctalus noctula,0.095,0.21,-1,Echolocation,/mnt/ubna_data_01_mir/recover-20220808/UBNA_014/20220807_060000.WAV,Foliage,recover-20220808,014,1795
800.7365,800.7498,23750,28977,Nyctalus leisleri,0.337,0.536,-1,Echolocation,/mnt/ubna_data_01_mir/recover-20220808/UBNA_014/20220807_060000.WAV,Foliage,recover-20220808,014,1795
802.3435,802.363,21171,24921,Nyctalus noctula,0.14,0.244,-1,Echolocation,/mnt/ubna_data_01_mir/recover-20220808/UBNA_014/20220807_060000.WAV,Foliage,recover-20220808,014,1795
803.0125,803.0341,22890,27193,Nyctalus leisleri,0.072,0.2,-1,Echolocation,/mnt/ubna_data_01_mir/recover-20220808/UBNA_014/20220807_060000.WAV,Foliage,recover-20220808,014,1795
815.3475,815.3614,24609,29711,Nyctalus leisleri,0.2,0.368,-1,Echolocation,/mnt/ubna_data_01_mir/recover-20220808/UBNA_014/20220807_060000.WAV,Foliage,recover-20220808,014,1795
815.7315,815.7454,24609,29026,Nyctalus leisleri,0.098,0.219,-1,Echolocation,/mnt/ubna_data_01_mir/recover-20220808/UBNA_014/20220807_060000.WAV,Foliage,recover-20220808,014,1795
821.0295,821.046,23750,28459,Nyctalus leisleri,0.161,0.263,-1,Echolocation,/mnt/ubna_data_01_mir/recover-20220808/UBNA_014/20220807_060000.WAV,Foliage,recover-20220808,014,1795
823.0955,823.1082,26328,30706,Nyctalus leisleri,0.14,0.27,-1,Echolocation,/mnt/ubna_data_01_mir/recover-20220808/UBNA_014/20220807_060000.WAV,Foliage,recover-20220808,014,1795
824.9685,824.9831,23750,28595,Nyctalus leisleri,0.081,0.202,-1,Echolocation,/mnt/ubna_data_01_mir/recover-20220808/UBNA_014/20220807_060000.WAV,Foliage,recover-20220808,014,1795
841.4425,841.4609,22890,28264,Nyctalus leisleri,0.089,0.233,-1,Echolocation,/mnt/ubna_data_01_mir/recover-20220808/UBNA_014/20220807_060000.WAV,Foliage,recover-20220808,014,1795
841.8315,841.8488,22890,26015,Nyctalus leisleri,0.103,0.204,-1,Echolocation,/mnt/ubna_data_01_mir/recover-20220808/UBNA_014/20220807_060000.WAV,Foliage,recover-20220808,014,1795
842.1985,842.2077,23750,31106,Eptesicus serotinus,0.245,0.495,-1,Echolocation,/mnt/ubna_data_01_mir/recover-20220808/UBNA_014/20220807_060000.WAV,Foliage,recover-20220808,014,1795
842.5395,842.5522,23750,29007,Nyctalus leisleri,0.332,0.562,-1,Echolocation,/mnt/ubna_data_01_mir/recover-20220808/UBNA_014/20220807_060000.WAV,Foliage,recover-20220808,014,1795
843.7435,843.7573,22890,27443,Nyctalus leisleri,0.481,0.581,-1,Echolocation,/mnt/ubna_data_01_mir/recover-20220808/UBNA_014/20220807_060000.WAV,Foliage,recover-20220808,014,1795
844.6495,844.6712,22031,25852,Nyctalus leisleri,0.088,0.2,-1,Echolocation,/mnt/ubna_data_01_mir/recover-20220808/UBNA_014/20220807_060000.WAV,Foliage,recover-20220808,014,1795
844.9955,845.0149,22890,28020,Nyctalus leisleri,0.223,0.402,-1,Echolocation,/mnt/ubna_data_01_mir/recover-20220808/UBNA_014/20220807_060000.WAV,Foliage,recover-20220808,014,1795
845.5375,845.5541,22031,26871,Nyctalus leisleri,0.216,0.374,-1,Echolocation,/mnt/ubna_data_01_mir/recover-20220808/UBNA_014/20220807_060000.WAV,Foliage,recover-20220808,014,1795
847.4455,847.4654,22890,26767,Nyctalus leisleri,0.268,0.345,-1,Echolocation,/mnt/ubna_data_01_mir/recover-20220808/UBNA_014/20220807_060000.WAV,Foliage,recover-20220808,014,1795
852.1335,852.1512,26328,30529,Nyctalus leisleri,0.203,0.327,-1,Echolocation,/mnt/ubna_data_01_mir/recover-20220808/UBNA_014/20220807_060000.WAV,Foliage,recover-20220808,014,1795
852.2675,852.2801,25468,30372,Nyctalus leisleri,0.115,0.242,-1,Echolocation,/mnt/ubna_data_01_mir/recover-20220808/UBNA_014/20220807_060000.WAV,Foliage,recover-20220808,014,1795
868.3815,868.4042,22031,26601,Nyctalus noctula,0.119,0.241,-1,Echolocation,/mnt/ubna_data_01_mir/recover-20220808/UBNA_014/20220807_060000.WAV,Foliage,recover-20220808,014,1795
869.8515,869.8711,22890,28768,Nyctalus leisleri,0.188,0.409,-1,Echolocation,/mnt/ubna_data_01_mir/recover-20220808/UBNA_014/20220807_060000.WAV,Foliage,recover-20220808,014,1795
870.0165,870.0384,22890,27139,Nyctalus leisleri,0.089,0.204,-1,Echolocation,/mnt/ubna_data_01_mir/recover-20220808/UBNA_014/20220807_060000.WAV,Foliage,recover-20220808,014,1795
872.0175,872.037,22031,25978,Nyctalus noctula,0.116,0.246,-1,Echolocation,/mnt/ubna_data_01_mir/recover-20220808/UBNA_014/20220807_060000.WAV,Foliage,recover-20220808,014,1795
877.2395,877.2634,22031,25922,Nyctalus noctula,0.163,0.247,-1,Echolocation,/mnt/ubna_data_01_mir/recover-20220808/UBNA_014/20220807_060000.WAV,Foliage,recover-20220808,014,1795
878.4405,878.4655,22031,27771,Nyctalus noctula,0.116,0.3,-1,Echolocation,/mnt/ubna_data_01_mir/recover-20220808/UBNA_014/20220807_060000.WAV,Foliage,recover-20220808,014,1795
878.7015,878.7198,22031,25881,Nyctalus leisleri,0.367,0.48,-1,Echolocation,/mnt/ubna_data_01_mir/recover-20220808/UBNA_014/20220807_060000.WAV,Foliage,recover-20220808,014,1795
878.8715,878.8932,22031,26447,Nyctalus leisleri,0.197,0.342,-1,Echolocation,/mnt/ubna_data_01_mir/recover-20220808/UBNA_014/20220807_060000.WAV,Foliage,recover-20220808,014,1795
879.1375,879.1523,22890,27159,Nyctalus leisleri,0.373,0.521,-1,Echolocation,/mnt/ubna_data_01_mir/recover-20220808/UBNA_014/20220807_060000.WAV,Foliage,recover-20220808,014,1795
879.4095,879.4311,22031,26847,Nyctalus noctula,0.259,0.45,-1,Echolocation,/mnt/ubna_data_01_mir/recover-20220808/UBNA_014/20220807_060000.WAV,Foliage,recover-20220808,014,1795
879.5735,879.5928,22031,26087,Nyctalus noctula,0.157,0.318,-1,Echolocation,/mnt/ubna_data_01_mir/recover-20220808/UBNA_014/20220807_060000.WAV,Foliage,recover-20220808,014,1795
879.8575,879.8777,22031,27689,Nyctalus leisleri,0.188,0.454,-1,Echolocation,/mnt/ubna_data_01_mir/recover-20220808/UBNA_014/20220807_060000.WAV,Foliage,recover-20220808,014,1795
880.1415,880.1583,22031,25196,Nyctalus leisleri,0.428,0.482,-1,Echolocation,/mnt/ubna_data_01_mir/recover-20220808/UBNA_014/20220807_060000.WAV,Foliage,recover-20220808,014,1795
880.4295,880.4498,22031,27299,Nyctalus noctula,0.187,0.459,-1,Echolocation,/mnt/ubna_data_01_mir/recover-20220808/UBNA_014/20220807_060000.WAV,Foliage,recover-20220808,014,1795
880.7105,880.7308,21171,25235,Nyctalus leisleri,0.287,0.444,-1,Echolocation,/mnt/ubna_data_01_mir/recover-20220808/UBNA_014/20220807_060000.WAV,Foliage,recover-20220808,014,1795
880.9925,881.0127,22031,26298,Nyctalus leisleri,0.466,0.563,-1,Echolocation,/mnt/ubna_data_01_mir/recover-20220808/UBNA_014/20220807_060000.WAV,Foliage,recover-20220808,014,1795
881.1725,881.1867,22031,26153,Nyctalus leisleri,0.318,0.583,-1,Echolocation,/mnt/ubna_data_01_mir/recover-20220808/UBNA_014/20220807_060000.WAV,Foliage,recover-20220808,014,1795
881.4415,881.4602,21171,25528,Nyctalus leisleri,0.269,0.522,-1,Echolocation,/mnt/ubna_data_01_mir/recover-20220808/UBNA_014/20220807_060000.WAV,Foliage,recover-20220808,014,1795
881.7265,881.7439,22031,26392,Nyctalus leisleri,0.361,0.542,-1,Echolocation,/mnt/ubna_data_01_mir/recover-20220808/UBNA_014/20220807_060000.WAV,Foliage,recover-20220808,014,1795
881.8835,881.8987,22031,26714,Nyctalus leisleri,0.363,0.557,-1,Echolocation,/mnt/ubna_data_01_mir/recover-20220808/UBNA_014/20220807_060000.WAV,Foliage,recover-20220808,014,1795
882.3465,882.3635,22031,27437,Nyctalus leisleri,0.313,0.514,-1,Echolocation,/mnt/ubna_data_01_mir/recover-20220808/UBNA_014/20220807_060000.WAV,Foliage,recover-20220808,014,1795
882.6165,882.6344,22031,26157,Nyctalus leisleri,0.204,0.348,-1,Echolocation,/mnt/ubna_data_01_mir/recover-20220808/UBNA_014/20220807_060000.WAV,Foliage,recover-20220808,014,1795
884.4505,884.471,22031,26200,Nyctalus leisleri,0.11,0.249,-1,Echolocation,/mnt/ubna_data_01_mir/recover-20220808/UBNA_014/20220807_060000.WAV,Foliage,recover-20220808,014,1795
896.5155,896.5341,22031,25755,Nyctalus leisleri,0.183,0.316,-1,Echolocation,/mnt/ubna_data_01_mir/recover-20220808/UBNA_014/20220807_060000.WAV,Foliage,recover-20220808,014,1795
896.7705,896.7901,21171,25777,Nyctalus leisleri,0.247,0.412,-1,Echolocation,/mnt/ubna_data_01_mir/recover-20220808/UBNA_014/20220807_060000.WAV,Foliage,recover-20220808,014,1795
897.0165,897.0339,22031,25247,Nyctalus leisleri,0.374,0.488,-1,Echolocation,/mnt/ubna_data_01_mir/recover-20220808/UBNA_014/20220807_060000.WAV,Foliage,recover-20220808,014,1795
897.2505,897.2645,22031,26493,Nyctalus leisleri,0.336,0.567,-1,Echolocation,/mnt/ubna_data_01_mir/recover-20220808/UBNA_014/20220807_060000.WAV,Foliage,recover-20220808,014,1795
897.4945,897.5118,22890,26010,Nyctalus leisleri,0.534,0.567,-1,Echolocation,/mnt/ubna_data_01_mir/recover-20220808/UBNA_014/20220807_060000.WAV,Foliage,recover-20220808,014,1795
897.8915,897.91,22890,25843,Nyctalus leisleri,0.439,0.487,-1,Echolocation,/mnt/ubna_data_01_mir/recover-20220808/UBNA_014/20220807_060000.WAV,Foliage,recover-20220808,014,1795
898.0465,898.0657,22031,26124,Nyctalus leisleri,0.473,0.526,-1,Echolocation,/mnt/ubna_data_01_mir/recover-20220808/UBNA_014/20220807_060000.WAV,Foliage,recover-20220808,014,1795
898.2855,898.3086,22031,26150,Nyctalus leisleri,0.096,0.216,-1,Echolocation,/mnt/ubna_data_01_mir/recover-20220808/UBNA_014/20220807_060000.WAV,Foliage,recover-20220808,014,1795
898.5595,898.5764,22890,27553,Nyctalus leisleri,0.36,0.505,-1,Echolocation,/mnt/ubna_data_01_mir/recover-20220808/UBNA_014/20220807_060000.WAV,Foliage,recover-20220808,014,1795
906.8155,906.831,24609,29621,Nyctalus leisleri,0.124,0.256,-1,Echolocation,/mnt/ubna_data_01_mir/recover-20220808/UBNA_014/20220807_060000.WAV,Foliage,recover-20220808,014,1795
907.1875,907.2021,24609,29091,Eptesicus serotinus,0.14,0.308,-1,Echolocation,/mnt/ubna_data_01_mir/recover-20220808/UBNA_014/20220807_060000.WAV,Foliage,recover-20220808,014,1795
911.5355,911.55,23750,28310,Nyctalus leisleri,0.192,0.366,-1,Echolocation,/mnt/ubna_data_01_mir/recover-20220808/UBNA_014/20220807_060000.WAV,Foliage,recover-20220808,014,1795
911.8015,911.8251,23750,27688,Nyctalus leisleri,0.115,0.208,-1,Echolocation,/mnt/ubna_data_01_mir/recover-20220808/UBNA_014/20220807_060000.WAV,Foliage,recover-20220808,014,1795
915.0675,915.0851,22890,26301,Nyctalus leisleri,0.152,0.277,-1,Echolocation,/mnt/ubna_data_01_mir/recover-20220808/UBNA_014/20220807_060000.WAV,Foliage,recover-20220808,014,1795
915.7885,915.8092,21171,24896,Nyctalus leisleri,0.238,0.34,-1,Echolocation,/mnt/ubna_data_01_mir/recover-20220808/UBNA_014/20220807_060000.WAV,Foliage,recover-20220808,014,1795
916.0635,916.0829,22890,26131,Nyctalus leisleri,0.148,0.222,-1,Echolocation,/mnt/ubna_data_01_mir/recover-20220808/UBNA_014/20220807_060000.WAV,Foliage,recover-20220808,014,1795
918.3705,918.3862,25468,28724,Nyctalus leisleri,0.321,0.417,-1,Echolocation,/mnt/ubna_data_01_mir/recover-20220808/UBNA_014/20220807_060000.WAV,Foliage,recover-20220808,014,1795
918.9985,919.0131,24609,28581,Nyctalus leisleri,0.223,0.356,-1,Echolocation,/mnt/ubna_data_01_mir/recover-20220808/UBNA_014/20220807_060000.WAV,Foliage,recover-20220808,014,1795
919.2475,919.2655,23750,27814,Nyctalus leisleri,0.197,0.321,-1,Echolocation,/mnt/ubna_data_01_mir/recover-20220808/UBNA_014/20220807_060000.WAV,Foliage,recover-20220808,014,1795
919.6265,919.6506,24609,28464,Nyctalus leisleri,0.089,0.2,-1,Echolocation,/mnt/ubna_data_01_mir/recover-20220808/UBNA_014/20220807_060000.WAV,Foliage,recover-20220808,014,1795
920.2865,920.3043,25468,29174,Nyctalus leisleri,0.282,0.362,-1,Echolocation,/mnt/ubna_data_01_mir/recover-20220808/UBNA_014/20220807_060000.WAV,Foliage,recover-20220808,014,1795
922.1405,922.1575,24609,29129,Nyctalus leisleri,0.174,0.318,-1,Echolocation,/mnt/ubna_data_01_mir/recover-20220808/UBNA_014/20220807_060000.WAV,Foliage,recover-20220808,014,1795
924.8125,924.8305,22890,26509,Nyctalus leisleri,0.313,0.396,-1,Echolocation,/mnt/ubna_data_01_mir/recover-20220808/UBNA_014/20220807_060000.WAV,Foliage,recover-20220808,014,1795
929.9615,929.9757,22890,27792,Nyctalus leisleri,0.31,0.504,-1,Echolocation,/mnt/ubna_data_01_mir/recover-20220808/UBNA_014/20220807_060000.WAV,Foliage,recover-20220808,014,1795
930.1895,930.2067,22890,26860,Nyctalus leisleri,0.166,0.266,-1,Echolocation,/mnt/ubna_data_01_mir/recover-20220808/UBNA_014/20220807_060000.WAV,Foliage,recover-20220808,014,1795
930.4665,930.4806,22031,25973,Nyctalus leisleri,0.358,0.526,-1,Echolocation,/mnt/ubna_data_01_mir/recover-20220808/UBNA_014/20220807_060000.WAV,Foliage,recover-20220808,014,1795
930.7145,930.7315,22031,27234,Nyctalus leisleri,0.316,0.519,-1,Echolocation,/mnt/ubna_data_01_mir/recover-20220808/UBNA_014/20220807_060000.WAV,Foliage,recover-20220808,014,1795
931.3595,931.3792,22031,25249,Nyctalus leisleri,0.183,0.227,-1,Echolocation,/mnt/ubna_data_01_mir/recover-20220808/UBNA_014/20220807_060000.WAV,Foliage,recover-20220808,014,1795
936.1795,936.199,22031,25759,Nyctalus leisleri,0.168,0.252,-1,Echolocation,/mnt/ubna_data_01_mir/recover-20220808/UBNA_014/20220807_060000.WAV,Foliage,recover-20220808,014,1795
937.4975,937.5196,22890,26401,Nyctalus leisleri,0.149,0.25,-1,Echolocation,/mnt/ubna_data_01_mir/recover-20220808/UBNA_014/20220807_060000.WAV,Foliage,recover-20220808,014,1795
938.2895,938.3048,22031,27287,Nyctalus leisleri,0.377,0.549,-1,Echolocation,/mnt/ubna_data_01_mir/recover-20220808/UBNA_014/20220807_060000.WAV,Foliage,recover-20220808,014,1795
941.7865,941.8059,22890,26955,Nyctalus leisleri,0.179,0.259,-1,Echolocation,/mnt/ubna_data_01_mir/recover-20220808/UBNA_014/20220807_060000.WAV,Foliage,recover-20220808,014,1795
949.2445,949.2647,23750,27345,Nyctalus leisleri,0.275,0.342,-1,Echolocation,/mnt/ubna_data_01_mir/recover-20220808/UBNA_014/20220807_060000.WAV,Foliage,recover-20220808,014,1795
949.5275,949.548,22890,25382,Nyctalus leisleri,0.163,0.21,-1,Echolocation,/mnt/ubna_data_01_mir/recover-20220808/UBNA_014/20220807_060000.WAV,Foliage,recover-20220808,014,1795
949.9405,949.9588,23750,26964,Nyctalus leisleri,0.298,0.357,-1,Echolocation,/mnt/ubna_data_01_mir/recover-20220808/UBNA_014/20220807_060000.WAV,Foliage,recover-20220808,014,1795
950.6125,950.638,23750,28066,Nyctalus leisleri,0.145,0.23,-1,Echolocation,/mnt/ubna_data_01_mir/recover-20220808/UBNA_014/20220807_060000.WAV,Foliage,recover-20220808,014,1795
951.3255,951.3463,24609,28171,Nyctalus leisleri,0.182,0.263,-1,Echolocation,/mnt/ubna_data_01_mir/recover-20220808/UBNA_014/20220807_060000.WAV,Foliage,recover-20220808,014,1795
953.6285,953.6452,24609,28768,Nyctalus leisleri,0.204,0.31,-1,Echolocation,/mnt/ubna_data_01_mir/recover-20220808/UBNA_014/20220807_060000.WAV,Foliage,recover-20220808,014,1795
962.5395,962.5582,23750,28427,Nyctalus leisleri,0.2,0.338,-1,Echolocation,/mnt/ubna_data_01_mir/recover-20220808/UBNA_014/20220807_060000.WAV,Foliage,recover-20220808,014,1795
963.6755,963.6911,25468,29897,Nyctalus leisleri,0.181,0.292,-1,Echolocation,/mnt/ubna_data_01_mir/recover-20220808/UBNA_014/20220807_060000.WAV,Foliage,recover-20220808,014,1795
978.6435,978.6577,22890,26642,Nyctalus leisleri,0.121,0.241,-1,Echolocation,/mnt/ubna_data_01_mir/recover-20220808/UBNA_014/20220807_060000.WAV,Foliage,recover-20220808,014,1795
979.3285,979.3408,24609,28870,Nyctalus leisleri,0.123,0.251,-1,Echolocation,/mnt/ubna_data_01_mir/recover-20220808/UBNA_014/20220807_060000.WAV,Foliage,recover-20220808,014,1795
979.8075,979.8222,27187,31110,Nyctalus leisleri,0.157,0.262,-1,Echolocation,/mnt/ubna_data_01_mir/recover-20220808/UBNA_014/20220807_060000.WAV,Foliage,recover-20220808,014,1795
1004.8385,1004.8586,22890,26220,Nyctalus leisleri,0.178,0.279,-1,Echolocation,/mnt/ubna_data_01_mir/recover-20220808/UBNA_014/20220807_060000.WAV,Foliage,recover-20220808,014,1795
1006.9615,1006.9771,22890,27234,Nyctalus leisleri,0.339,0.419,-1,Echolocation,/mnt/ubna_data_01_mir/recover-20220808/UBNA_014/20220807_060000.WAV,Foliage,recover-20220808,014,1795
1007.2305,1007.2468,22031,25810,Nyctalus leisleri,0.22,0.332,-1,Echolocation,/mnt/ubna_data_01_mir/recover-20220808/UBNA_014/20220807_060000.WAV,Foliage,recover-20220808,014,1795
1007.4925,1007.5128,21171,25677,Nyctalus leisleri,0.199,0.395,-1,Echolocation,/mnt/ubna_data_01_mir/recover-20220808/UBNA_014/20220807_060000.WAV,Foliage,recover-20220808,014,1795
1013.3285,1013.3406,26328,31493,Eptesicus serotinus,0.168,0.306,-1,Echolocation,/mnt/ubna_data_01_mir/recover-20220808/UBNA_014/20220807_060000.WAV,Foliage,recover-20220808,014,1795
1026.7265,1026.7391,23750,29050,Eptesicus serotinus,0.095,0.241,-1,Echolocation,/mnt/ubna_data_01_mir/recover-20220808/UBNA_014/20220807_060000.WAV,Foliage,recover-20220808,014,1795
1030.4395,1030.4588,26328,29545,Nyctalus leisleri,0.151,0.219,-1,Echolocation,/mnt/ubna_data_01_mir/recover-20220808/UBNA_014/20220807_060000.WAV,Foliage,recover-20220808,014,1795
1077.7495,1077.769,26328,29483,Nyctalus leisleri,0.206,0.286,-1,Echolocation,/mnt/ubna_data_01_mir/recover-20220808/UBNA_014/20220807_060000.WAV,Foliage,recover-20220808,014,1795
1097.2265,1097.2442,23750,28645,Nyctalus leisleri,0.169,0.332,-1,Echolocation,/mnt/ubna_data_01_mir/recover-20220808/UBNA_014/20220807_060000.WAV,Foliage,recover-20220808,014,1795
1104.9335,1104.9491,24609,28612,Nyctalus leisleri,0.161,0.261,-1,Echolocation,/mnt/ubna_data_01_mir/recover-20220808/UBNA_014/20220807_060000.WAV,Foliage,recover-20220808,014,1795
1105.4465,1105.4627,23750,29371,Nyctalus leisleri,0.224,0.438,-1,Echolocation,/mnt/ubna_data_01_mir/recover-20220808/UBNA_014/20220807_060000.WAV,Foliage,recover-20220808,014,1795
1105.8285,1105.8492,23750,28725,Nyctalus leisleri,0.093,0.218,-1,Echolocation,/mnt/ubna_data_01_mir/recover-20220808/UBNA_014/20220807_060000.WAV,Foliage,recover-20220808,014,1795
1106.5865,1106.6036,23750,29065,Nyctalus leisleri,0.346,0.537,-1,Echolocation,/mnt/ubna_data_01_mir/recover-20220808/UBNA_014/20220807_060000.WAV,Foliage,recover-20220808,014,1795
1106.8415,1106.8599,24609,28399,Nyctalus leisleri,0.241,0.358,-1,Echolocation,/mnt/ubna_data_01_mir/recover-20220808/UBNA_014/20220807_060000.WAV,Foliage,recover-20220808,014,1795
1107.2205,1107.2413999999999,23750,28208,Nyctalus leisleri,0.304,0.424,-1,Echolocation,/mnt/ubna_data_01_mir/recover-20220808/UBNA_014/20220807_060000.WAV,Foliage,recover-20220808,014,1795
1107.5985,1107.6116,23750,28594,Nyctalus leisleri,0.209,0.373,-1,Echolocation,/mnt/ubna_data_01_mir/recover-20220808/UBNA_014/20220807_060000.WAV,Foliage,recover-20220808,014,1795
1107.8435,1107.8605,24609,27851,Nyctalus leisleri,0.277,0.384,-1,Echolocation,/mnt/ubna_data_01_mir/recover-20220808/UBNA_014/20220807_060000.WAV,Foliage,recover-20220808,014,1795
1108.0975,1108.1118,24609,29188,Nyctalus leisleri,0.168,0.28,-1,Echolocation,/mnt/ubna_data_01_mir/recover-20220808/UBNA_014/20220807_060000.WAV,Foliage,recover-20220808,014,1795
1114.6745,1114.6924,23750,28112,Nyctalus leisleri,0.285,0.388,-1,Echolocation,/mnt/ubna_data_01_mir/recover-20220808/UBNA_014/20220807_060000.WAV,Foliage,recover-20220808,014,1795
1115.3135,1115.3301,24609,29014,Nyctalus leisleri,0.125,0.217,-1,Echolocation,/mnt/ubna_data_01_mir/recover-20220808/UBNA_014/20220807_060000.WAV,Foliage,recover-20220808,014,1795
1116.3385,1116.3534,24609,29024,Nyctalus leisleri,0.377,0.599,-1,Echolocation,/mnt/ubna_data_01_mir/recover-20220808/UBNA_014/20220807_060000.WAV,Foliage,recover-20220808,014,1795
1116.8465,1116.8602,24609,28915,Nyctalus leisleri,0.1,0.232,-1,Echolocation,/mnt/ubna_data_01_mir/recover-20220808/UBNA_014/20220807_060000.WAV,Foliage,recover-20220808,014,1795
1117.6235,1117.6381,24609,29363,Nyctalus leisleri,0.199,0.368,-1,Echolocation,/mnt/ubna_data_01_mir/recover-20220808/UBNA_014/20220807_060000.WAV,Foliage,recover-20220808,014,1795
1118.6695,1118.6825,24609,29238,Nyctalus leisleri,0.193,0.363,-1,Echolocation,/mnt/ubna_data_01_mir/recover-20220808/UBNA_014/20220807_060000.WAV,Foliage,recover-20220808,014,1795
1135.7815,1135.7931,26328,30898,Nyctalus leisleri,0.162,0.316,-1,Echolocation,/mnt/ubna_data_01_mir/recover-20220808/UBNA_014/20220807_060000.WAV,Foliage,recover-20220808,014,1795
1140.1355,1140.1459,25468,30913,Eptesicus serotinus,0.103,0.228,-1,Echolocation,/mnt/ubna_data_01_mir/recover-20220808/UBNA_014/20220807_060000.WAV,Foliage,recover-20220808,014,1795
1163.8495,1163.8678,23750,28089,Nyctalus leisleri,0.144,0.25,-1,Echolocation,/mnt/ubna_data_01_mir/recover-20220808/UBNA_014/20220807_060000.WAV,Foliage,recover-20220808,014,1795
1164.1125,1164.126,23750,27988,Nyctalus leisleri,0.255,0.365,-1,Echolocation,/mnt/ubna_data_01_mir/recover-20220808/UBNA_014/20220807_060000.WAV,Foliage,recover-20220808,014,1795
1170.3845,1170.3992,22890,27299,Nyctalus leisleri,0.177,0.32,-1,Echolocation,/mnt/ubna_data_01_mir/recover-20220808/UBNA_014/20220807_060000.WAV,Foliage,recover-20220808,014,1795
1182.7995,1182.8207,23750,28396,Nyctalus leisleri,0.131,0.252,-1,Echolocation,/mnt/ubna_data_01_mir/recover-20220808/UBNA_014/20220807_060000.WAV,Foliage,recover-20220808,014,1795
1185.7605,1185.7748,25468,29839,Nyctalus leisleri,0.156,0.273,-1,Echolocation,/mnt/ubna_data_01_mir/recover-20220808/UBNA_014/20220807_060000.WAV,Foliage,recover-20220808,014,1795
1216.1285,1216.1473,23750,28035,Nyctalus leisleri,0.242,0.352,-1,Echolocation,/mnt/ubna_data_01_mir/recover-20220808/UBNA_014/20220807_060000.WAV,Foliage,recover-20220808,014,1795
1234.7045,1234.7225,22890,27988,Nyctalus leisleri,0.158,0.325,-1,Echolocation,/mnt/ubna_data_01_mir/recover-20220808/UBNA_014/20220807_060000.WAV,Foliage,recover-20220808,014,1795
1237.4925,1237.5104,24609,28977,Nyctalus leisleri,0.118,0.231,-1,Echolocation,/mnt/ubna_data_01_mir/recover-20220808/UBNA_014/20220807_060000.WAV,Foliage,recover-20220808,014,1795
1237.7475,1237.7625,24609,28969,Nyctalus leisleri,0.195,0.32,-1,Echolocation,/mnt/ubna_data_01_mir/recover-20220808/UBNA_014/20220807_060000.WAV,Foliage,recover-20220808,014,1795
1238.5245,1238.5375,24609,30265,Nyctalus leisleri,0.194,0.392,-1,Echolocation,/mnt/ubna_data_01_mir/recover-20220808/UBNA_014/20220807_060000.WAV,Foliage,recover-20220808,014,1795
1239.0505,1239.0628,24609,29745,Nyctalus leisleri,0.137,0.262,-1,Echolocation,/mnt/ubna_data_01_mir/recover-20220808/UBNA_014/20220807_060000.WAV,Foliage,recover-20220808,014,1795
1247.0945,1247.1112,22890,26609,Nyctalus leisleri,0.191,0.266,-1,Echolocation,/mnt/ubna_data_01_mir/recover-20220808/UBNA_014/20220807_060000.WAV,Foliage,recover-20220808,014,1795
1253.7045,1253.7175,23750,28431,Nyctalus leisleri,0.134,0.31,-1,Echolocation,/mnt/ubna_data_01_mir/recover-20220808/UBNA_014/20220807_060000.WAV,Foliage,recover-20220808,014,1795
1259.2815,1259.2966,24609,29083,Nyctalus leisleri,0.109,0.256,-1,Echolocation,/mnt/ubna_data_01_mir/recover-20220808/UBNA_014/20220807_060000.WAV,Foliage,recover-20220808,014,1795
1259.3695,1259.3827,22890,28514,Eptesicus serotinus,0.158,0.454,-1,Echolocation,/mnt/ubna_data_01_mir/recover-20220808/UBNA_014/20220807_060000.WAV,Foliage,recover-20220808,014,1795
1271.2915,1271.3022,25468,31110,Eptesicus serotinus,0.111,0.23,-1,Echolocation,/mnt/ubna_data_01_mir/recover-20220808/UBNA_014/20220807_060000.WAV,Foliage,recover-20220808,014,1795
1277.0165,1277.0333,23750,26840,Nyctalus leisleri,0.276,0.332,-1,Echolocation,/mnt/ubna_data_01_mir/recover-20220808/UBNA_014/20220807_060000.WAV,Foliage,recover-20220808,014,1795
1278.1705,1278.1817,28046,33314,Eptesicus serotinus,0.13,0.272,-1,Echolocation,/mnt/ubna_data_01_mir/recover-20220808/UBNA_014/20220807_060000.WAV,Foliage,recover-20220808,014,1795
1279.7885,1279.8005,24609,29769,Nyctalus leisleri,0.246,0.386,-1,Echolocation,/mnt/ubna_data_01_mir/recover-20220808/UBNA_014/20220807_060000.WAV,Foliage,recover-20220808,014,1795
1280.2185,1280.2379,23750,27792,Nyctalus leisleri,0.254,0.346,-1,Echolocation,/mnt/ubna_data_01_mir/recover-20220808/UBNA_014/20220807_060000.WAV,Foliage,recover-20220808,014,1795
1281.0255,1281.0439,23750,27425,Nyctalus leisleri,0.461,0.522,-1,Echolocation,/mnt/ubna_data_01_mir/recover-20220808/UBNA_014/20220807_060000.WAV,Foliage,recover-20220808,014,1795
1281.2055,1281.2227,24609,27300,Nyctalus leisleri,0.444,0.521,-1,Echolocation,/mnt/ubna_data_01_mir/recover-20220808/UBNA_014/20220807_060000.WAV,Foliage,recover-20220808,014,1795
1281.4665,1281.4885,23750,27977,Nyctalus leisleri,0.256,0.359,-1,Echolocation,/mnt/ubna_data_01_mir/recover-20220808/UBNA_014/20220807_060000.WAV,Foliage,recover-20220808,014,1795
1282.1695,1282.1923,23750,27199,Nyctalus leisleri,0.347,0.414,-1,Echolocation,/mnt/ubna_data_01_mir/recover-20220808/UBNA_014/20220807_060000.WAV,Foliage,recover-20220808,014,1795
1282.5965,1282.6145,22890,26092,Nyctalus leisleri,0.188,0.269,-1,Echolocation,/mnt/ubna_data_01_mir/recover-20220808/UBNA_014/20220807_060000.WAV,Foliage,recover-20220808,014,1795
1283.1695,1283.1891,23750,27533,Nyctalus leisleri,0.244,0.299,-1,Echolocation,/mnt/ubna_data_01_mir/recover-20220808/UBNA_014/20220807_060000.WAV,Foliage,recover-20220808,014,1795
1284.0685,1284.0911,23750,27445,Nyctalus leisleri,0.184,0.24,-1,Echolocation,/mnt/ubna_data_01_mir/recover-20220808/UBNA_014/20220807_060000.WAV,Foliage,recover-20220808,014,1795
1285.9385,1285.9502,23750,28947,Nyctalus leisleri,0.127,0.271,-1,Echolocation,/mnt/ubna_data_01_mir/recover-20220808/UBNA_014/20220807_060000.WAV,Foliage,recover-20220808,014,1795
1289.0395,1289.0547,25468,30035,Nyctalus leisleri,0.098,0.208,-1,Echolocation,/mnt/ubna_data_01_mir/recover-20220808/UBNA_014/20220807_060000.WAV,Foliage,recover-20220808,014,1795
1291.8775,1291.8934,25468,29598,Nyctalus leisleri,0.313,0.409,-1,Echolocation,/mnt/ubna_data_01_mir/recover-20220808/UBNA_014/20220807_060000.WAV,Foliage,recover-20220808,014,1795
1292.3685,1292.3905,26328,30177,Nyctalus leisleri,0.147,0.217,-1,Echolocation,/mnt/ubna_data_01_mir/recover-20220808/UBNA_014/20220807_060000.WAV,Foliage,recover-20220808,014,1795
1292.8665,1292.8897,26328,29612,Nyctalus leisleri,0.187,0.253,-1,Echolocation,/mnt/ubna_data_01_mir/recover-20220808/UBNA_014/20220807_060000.WAV,Foliage,recover-20220808,014,1795
1293.1055,1293.1261,25468,30850,Nyctalus leisleri,0.255,0.419,-1,Echolocation,/mnt/ubna_data_01_mir/recover-20220808/UBNA_014/20220807_060000.WAV,Foliage,recover-20220808,014,1795
1293.3425,1293.3556,25468,30056,Nyctalus leisleri,0.392,0.59,-1,Echolocation,/mnt/ubna_data_01_mir/recover-20220808/UBNA_014/20220807_060000.WAV,Foliage,recover-20220808,014,1795
1293.5805,1293.5974,26328,31599,Nyctalus leisleri,0.25,0.459,-1,Echolocation,/mnt/ubna_data_01_mir/recover-20220808/UBNA_014/20220807_060000.WAV,Foliage,recover-20220808,014,1795
1293.8325,1293.8522,25468,29027,Nyctalus leisleri,0.163,0.239,-1,Echolocation,/mnt/ubna_data_01_mir/recover-20220808/UBNA_014/20220807_060000.WAV,Foliage,recover-20220808,014,1795
1294.6975,1294.7133,26328,30142,Nyctalus leisleri,0.114,0.205,-1,Echolocation,/mnt/ubna_data_01_mir/recover-20220808/UBNA_014/20220807_060000.WAV,Foliage,recover-20220808,014,1795
1294.8605,1294.8735,26328,31028,Nyctalus leisleri,0.165,0.328,-1,Echolocation,/mnt/ubna_data_01_mir/recover-20220808/UBNA_014/20220807_060000.WAV,Foliage,recover-20220808,014,1795
1295.0305,1295.042,26328,33101,Eptesicus serotinus,0.179,0.393,-1,Echolocation,/mnt/ubna_data_01_mir/recover-20220808/UBNA_014/20220807_060000.WAV,Foliage,recover-20220808,014,1795
1295.2185,1295.2305,25468,30294,Nyctalus leisleri,0.248,0.41,-1,Echolocation,/mnt/ubna_data_01_mir/recover-20220808/UBNA_014/20220807_060000.WAV,Foliage,recover-20220808,014,1795
1297.2215,1297.2358,26328,31228,Nyctalus leisleri,0.335,0.549,-1,Echolocation,/mnt/ubna_data_01_mir/recover-20220808/UBNA_014/20220807_060000.WAV,Foliage,recover-20220808,014,1795
1297.4655,1297.4784,25468,30616,Nyctalus leisleri,0.283,0.542,-1,Echolocation,/mnt/ubna_data_01_mir/recover-20220808/UBNA_014/20220807_060000.WAV,Foliage,recover-20220808,014,1795
1297.8195,1297.8321,26328,32537,Eptesicus serotinus,0.309,0.653,-1,Echolocation,/mnt/ubna_data_01_mir/recover-20220808/UBNA_014/20220807_060000.WAV,Foliage,recover-20220808,014,1795
1297.9565,1297.9694,25468,31570,Eptesicus serotinus,0.267,0.587,-1,Echolocation,/mnt/ubna_data_01_mir/recover-20220808/UBNA_014/20220807_060000.WAV,Foliage,recover-20220808,014,1795
1298.1495,1298.1636,26328,29971,Nyctalus leisleri,0.277,0.502,-1,Echolocation,/mnt/ubna_data_01_mir/recover-20220808/UBNA_014/20220807_060000.WAV,Foliage,recover-20220808,014,1795
1298.3735,1298.3875,25468,31581,Eptesicus serotinus,0.28,0.623,-1,Echolocation,/mnt/ubna_data_01_mir/recover-20220808/UBNA_014/20220807_060000.WAV,Foliage,recover-20220808,014,1795
1298.6125,1298.628,25468,29894,Nyctalus leisleri,0.325,0.576,-1,Echolocation,/mnt/ubna_data_01_mir/recover-20220808/UBNA_014/20220807_060000.WAV,Foliage,recover-20220808,014,1795
1298.8585,1298.8768,25468,29472,Nyctalus leisleri,0.147,0.246,-1,Echolocation,/mnt/ubna_data_01_mir/recover-20220808/UBNA_014/20220807_060000.WAV,Foliage,recover-20220808,014,1795
1299.1055,1299.1229,25468,30946,Nyctalus leisleri,0.286,0.515,-1,Echolocation,/mnt/ubna_data_01_mir/recover-20220808/UBNA_014/20220807_060000.WAV,Foliage,recover-20220808,014,1795
1299.3535,1299.3693,25468,30735,Nyctalus leisleri,0.271,0.548,-1,Echolocation,/mnt/ubna_data_01_mir/recover-20220808/UBNA_014/20220807_060000.WAV,Foliage,recover-20220808,014,1795
1299.4855,1299.5007,26328,31038,Nyctalus leisleri,0.303,0.494,-1,Echolocation,/mnt/ubna_data_01_mir/recover-20220808/UBNA_014/20220807_060000.WAV,Foliage,recover-20220808,014,1795
1299.7155,1299.7299,26328,31483,Nyctalus leisleri,0.293,0.601,-1,Echolocation,/mnt/ubna_data_01_mir/recover-20220808/UBNA_014/20220807_060000.WAV,Foliage,recover-20220808,014,1795
1299.8635,1299.8826,25468,30430,Nyctalus leisleri,0.308,0.473,-1,Echolocation,/mnt/ubna_data_01_mir/recover-20220808/UBNA_014/20220807_060000.WAV,Foliage,recover-20220808,014,1795
1300.3505,1300.3662,25468,29877,Nyctalus leisleri,0.209,0.402,-1,Echolocation,/mnt/ubna_data_01_mir/recover-20220808/UBNA_014/20220807_060000.WAV,Foliage,recover-20220808,014,1795
1300.6055,1300.6229,25468,29641,Nyctalus leisleri,0.157,0.254,-1,Echolocation,/mnt/ubna_data_01_mir/recover-20220808/UBNA_014/20220807_060000.WAV,Foliage,recover-20220808,014,1795
1301.2245,1301.2449,26328,29738,Nyctalus leisleri,0.164,0.247,-1,Echolocation,/mnt/ubna_data_01_mir/recover-20220808/UBNA_014/20220807_060000.WAV,Foliage,recover-20220808,014,1795
1301.9675,1301.9806,26328,30274,Nyctalus leisleri,0.267,0.421,-1,Echolocation,/mnt/ubna_data_01_mir/recover-20220808/UBNA_014/20220807_060000.WAV,Foliage,recover-20220808,014,1795
1302.5975,1302.6157,25468,29980,Nyctalus leisleri,0.264,0.386,-1,Echolocation,/mnt/ubna_data_01_mir/recover-20220808/UBNA_014/20220807_060000.WAV,Foliage,recover-20220808,014,1795
1302.7345,1302.7488,27187,31095,Nyctalus leisleri,0.142,0.247,-1,Echolocation,/mnt/ubna_data_01_mir/recover-20220808/UBNA_014/20220807_060000.WAV,Foliage,recover-20220808,014,1795
1304.6765,1304.693,25468,30318,Nyctalus leisleri,0.147,0.268,-1,Echolocation,/mnt/ubna_data_01_mir/recover-20220808/UBNA_014/20220807_060000.WAV,Foliage,recover-20220808,014,1795
1304.9175,1304.9341,26328,30539,Nyctalus leisleri,0.276,0.423,-1,Echolocation,/mnt/ubna_data_01_mir/recover-20220808/UBNA_014/20220807_060000.WAV,Foliage,recover-20220808,014,1795
1305.1615,1305.1816,26328,29799,Nyctalus leisleri,0.228,0.326,-1,Echolocation,/mnt/ubna_data_01_mir/recover-20220808/UBNA_014/20220807_060000.WAV,Foliage,recover-20220808,014,1795
1305.5155,1305.5323,26328,32896,Eptesicus serotinus,0.249,0.508,-1,Echolocation,/mnt/ubna_data_01_mir/recover-20220808/UBNA_014/20220807_060000.WAV,Foliage,recover-20220808,014,1795
1305.7595,1305.7772,25468,30540,Nyctalus leisleri,0.242,0.405,-1,Echolocation,/mnt/ubna_data_01_mir/recover-20220808/UBNA_014/20220807_060000.WAV,Foliage,recover-20220808,014,1795
1305.8925,1305.9055,25468,30667,Eptesicus serotinus,0.161,0.298,-1,Echolocation,/mnt/ubna_data_01_mir/recover-20220808/UBNA_014/20220807_060000.WAV,Foliage,recover-20220808,014,1795
1306.1025,1306.1184,26328,32411,Nyctalus leisleri,0.168,0.333,-1,Echolocation,/mnt/ubna_data_01_mir/recover-20220808/UBNA_014/20220807_060000.WAV,Foliage,recover-20220808,014,1795
1306.3365,1306.3522,27187,32920,Nyctalus leisleri,0.217,0.474,-1,Echolocation,/mnt/ubna_data_01_mir/recover-20220808/UBNA_014/20220807_060000.WAV,Foliage,recover-20220808,014,1795
1306.6815,1306.6968,26328,32940,Eptesicus serotinus,0.238,0.549,-1,Echolocation,/mnt/ubna_data_01_mir/recover-20220808/UBNA_014/20220807_060000.WAV,Foliage,recover-20220808,014,1795
1306.9055,1306.9222,26328,31473,Eptesicus serotinus,0.189,0.478,-1,Echolocation,/mnt/ubna_data_01_mir/recover-20220808/UBNA_014/20220807_060000.WAV,Foliage,recover-20220808,014,1795
1307.1265,1307.1403,26328,33712,Eptesicus serotinus,0.355,0.597,-1,Echolocation,/mnt/ubna_data_01_mir/recover-20220808/UBNA_014/20220807_060000.WAV,Foliage,recover-20220808,014,1795
1307.3585,1307.3732,25468,33873,Eptesicus serotinus,0.337,0.564,-1,Echolocation,/mnt/ubna_data_01_mir/recover-20220808/UBNA_014/20220807_060000.WAV,Foliage,recover-20220808,014,1795
1307.5735,1307.586,26328,31316,Nyctalus leisleri,0.363,0.624,-1,Echolocation,/mnt/ubna_data_01_mir/recover-20220808/UBNA_014/20220807_060000.WAV,Foliage,recover-20220808,014,1795
1307.7195,1307.7315,26328,33455,Eptesicus serotinus,0.299,0.591,-1,Echolocation,/mnt/ubna_data_01_mir/recover-20220808/UBNA_014/20220807_060000.WAV,Foliage,recover-20220808,014,1795
1307.9295,1307.9431,26328,35087,Eptesicus serotinus,0.34,0.564,-1,Echolocation,/mnt/ubna_data_01_mir/recover-20220808/UBNA_014/20220807_060000.WAV,Foliage,recover-20220808,014,1795
1308.1535,1308.1674,25468,31142,Nyctalus leisleri,0.213,0.461,-1,Echolocation,/mnt/ubna_data_01_mir/recover-20220808/UBNA_014/20220807_060000.WAV,Foliage,recover-20220808,014,1795
1308.2825,1308.2991,25468,30154,Nyctalus leisleri,0.228,0.357,-1,Echolocation,/mnt/ubna_data_01_mir/recover-20220808/UBNA_014/20220807_060000.WAV,Foliage,recover-20220808,014,1795
1308.4075,1308.4205,27187,33181,Nyctalus leisleri,0.205,0.428,-1,Echolocation,/mnt/ubna_data_01_mir/recover-20220808/UBNA_014/20220807_060000.WAV,Foliage,recover-20220808,014,1795
1310.9385,1310.9578,22890,27289,Nyctalus leisleri,0.185,0.287,-1,Echolocation,/mnt/ubna_data_01_mir/recover-20220808/UBNA_014/20220807_060000.WAV,Foliage,recover-20220808,014,1795
1311.5835,1311.5979,26328,30628,Nyctalus leisleri,0.164,0.27,-1,Echolocation,/mnt/ubna_data_01_mir/recover-20220808/UBNA_014/20220807_060000.WAV,Foliage,recover-20220808,014,1795
1311.8515,1311.8676,22890,27231,Nyctalus leisleri,0.131,0.28,-1,Echolocation,/mnt/ubna_data_01_mir/recover-20220808/UBNA_014/20220807_060000.WAV,Foliage,recover-20220808,014,1795
1312.5635,1312.5761,26328,30333,Nyctalus leisleri,0.167,0.315,-1,Echolocation,/mnt/ubna_data_01_mir/recover-20220808/UBNA_014/20220807_060000.WAV,Foliage,recover-20220808,014,1795
1312.8065,1312.8183,26328,32942,Eptesicus serotinus,0.266,0.516,-1,Echolocation,/mnt/ubna_data_01_mir/recover-20220808/UBNA_014/20220807_060000.WAV,Foliage,recover-20220808,014,1795
1312.8845,1312.9002,22890,26620,Nyctalus leisleri,0.143,0.29,-1,Echolocation,/mnt/ubna_data_01_mir/recover-20220808/UBNA_014/20220807_060000.WAV,Foliage,recover-20220808,014,1795
1325.0525,1325.0687,24609,29371,Nyctalus leisleri,0.097,0.232,-1,Echolocation,/mnt/ubna_data_01_mir/recover-20220808/UBNA_014/20220807_060000.WAV,Foliage,recover-20220808,014,1795
1326.6045,1326.6235,23750,27358,Nyctalus leisleri,0.175,0.248,-1,Echolocation,/mnt/ubna_data_01_mir/recover-20220808/UBNA_014/20220807_060000.WAV,Foliage,recover-20220808,014,1795
1328.0375,1328.0545,24609,28507,Nyctalus leisleri,0.126,0.251,-1,Echolocation,/mnt/ubna_data_01_mir/recover-20220808/UBNA_014/20220807_060000.WAV,Foliage,recover-20220808,014,1795
1328.5525,1328.5653,24609,29488,Nyctalus leisleri,0.198,0.343,-1,Echolocation,/mnt/ubna_data_01_mir/recover-20220808/UBNA_014/20220807_060000.WAV,Foliage,recover-20220808,014,1795
1329.0705,1329.0909,24609,27936,Nyctalus leisleri,0.117,0.2,-1,Echolocation,/mnt/ubna_data_01_mir/recover-20220808/UBNA_014/20220807_060000.WAV,Foliage,recover-20220808,014,1795
1336.2875,1336.302,24609,29255,Nyctalus leisleri,0.117,0.244,-1,Echolocation,/mnt/ubna_data_01_mir/recover-20220808/UBNA_014/20220807_060000.WAV,Foliage,recover-20220808,014,1795
1336.5495,1336.564,24609,29117,Nyctalus leisleri,0.364,0.474,-1,Echolocation,/mnt/ubna_data_01_mir/recover-20220808/UBNA_014/20220807_060000.WAV,Foliage,recover-20220808,014,1795
1340.1305,1340.1534,20312,24545,Nyctalus noctula,0.186,0.302,-1,Echolocation,/mnt/ubna_data_01_mir/recover-20220808/UBNA_014/20220807_060000.WAV,Foliage,recover-20220808,014,1795
1341.2675,1341.2855,24609,29517,Nyctalus leisleri,0.219,0.347,-1,Echolocation,/mnt/ubna_data_01_mir/recover-20220808/UBNA_014/20220807_060000.WAV,Foliage,recover-20220808,014,1795
1341.8025,1341.8227,23750,27833,Nyctalus leisleri,0.09,0.227,-1,Echolocation,/mnt/ubna_data_01_mir/recover-20220808/UBNA_014/20220807_060000.WAV,Foliage,recover-20220808,014,1795
1342.9475,1342.9693,22031,25562,Nyctalus noctula,0.135,0.245,-1,Echolocation,/mnt/ubna_data_01_mir/recover-20220808/UBNA_014/20220807_060000.WAV,Foliage,recover-20220808,014,1795
1343.6275,1343.6466,22031,26474,Nyctalus leisleri,0.41,0.531,-1,Echolocation,/mnt/ubna_data_01_mir/recover-20220808/UBNA_014/20220807_060000.WAV,Foliage,recover-20220808,014,1795
1344.1765,1344.1923,22031,26054,Nyctalus leisleri,0.352,0.458,-1,Echolocation,/mnt/ubna_data_01_mir/recover-20220808/UBNA_014/20220807_060000.WAV,Foliage,recover-20220808,014,1795
1344.9105,1344.931,22031,25530,Nyctalus leisleri,0.145,0.257,-1,Echolocation,/mnt/ubna_data_01_mir/recover-20220808/UBNA_014/20220807_060000.WAV,Foliage,recover-20220808,014,1795
1351.0415,1351.0608,22031,26567,Nyctalus noctula,0.142,0.34,-1,Echolocation,/mnt/ubna_data_01_mir/recover-20220808/UBNA_014/20220807_060000.WAV,Foliage,recover-20220808,014,1795
1351.8675,1351.8877,22031,25729,Nyctalus leisleri,0.159,0.286,-1,Echolocation,/mnt/ubna_data_01_mir/recover-20220808/UBNA_014/20220807_060000.WAV,Foliage,recover-20220808,014,1795
1352.1405,1352.1586,22031,26031,Nyctalus leisleri,0.14,0.305,-1,Echolocation,/mnt/ubna_data_01_mir/recover-20220808/UBNA_014/20220807_060000.WAV,Foliage,recover-20220808,014,1795
1352.4045,1352.4278,22031,25779,Nyctalus leisleri,0.161,0.243,-1,Echolocation,/mnt/ubna_data_01_mir/recover-20220808/UBNA_014/20220807_060000.WAV,Foliage,recover-20220808,014,1795
1352.9555,1352.9762,22031,26306,Nyctalus noctula,0.134,0.292,-1,Echolocation,/mnt/ubna_data_01_mir/recover-20220808/UBNA_014/20220807_060000.WAV,Foliage,recover-20220808,014,1795
1353.3655,1353.3857,22890,26299,Nyctalus leisleri,0.294,0.36,-1,Echolocation,/mnt/ubna_data_01_mir/recover-20220808/UBNA_014/20220807_060000.WAV,Foliage,recover-20220808,014,1795
1353.8995,1353.9211,22031,26438,Nyctalus leisleri,0.258,0.41,-1,Echolocation,/mnt/ubna_data_01_mir/recover-20220808/UBNA_014/20220807_060000.WAV,Foliage,recover-20220808,014,1795
1354.1855,1354.2036,22890,28071,Nyctalus leisleri,0.264,0.437,-1,Echolocation,/mnt/ubna_data_01_mir/recover-20220808/UBNA_014/20220807_060000.WAV,Foliage,recover-20220808,014,1795
1354.3965,1354.416,22890,27110,Nyctalus leisleri,0.189,0.3,-1,Echolocation,/mnt/ubna_data_01_mir/recover-20220808/UBNA_014/20220807_060000.WAV,Foliage,recover-20220808,014,1795
1354.5385,1354.5617,23750,28085,Nyctalus leisleri,0.123,0.223,-1,Echolocation,/mnt/ubna_data_01_mir/recover-20220808/UBNA_014/20220807_060000.WAV,Foliage,recover-20220808,014,1795
1354.6645,1354.6828,22890,25986,Nyctalus leisleri,0.406,0.451,-1,Echolocation,/mnt/ubna_data_01_mir/recover-20220808/UBNA_014/20220807_060000.WAV,Foliage,recover-20220808,014,1795
1354.8165,1354.8336,23750,27302,Nyctalus leisleri,0.499,0.545,-1,Echolocation,/mnt/ubna_data_01_mir/recover-20220808/UBNA_014/20220807_060000.WAV,Foliage,recover-20220808,014,1795
1355.0295,1355.05,22031,26073,Nyctalus leisleri,0.358,0.455,-1,Echolocation,/mnt/ubna_data_01_mir/recover-20220808/UBNA_014/20220807_060000.WAV,Foliage,recover-20220808,014,1795
1355.3465,1355.363,23750,28519,Nyctalus leisleri,0.116,0.253,-1,Echolocation,/mnt/ubna_data_01_mir/recover-20220808/UBNA_014/20220807_060000.WAV,Foliage,recover-20220808,014,1795
1355.5175,1355.5383,24609,28877,Nyctalus leisleri,0.168,0.241,-1,Echolocation,/mnt/ubna_data_01_mir/recover-20220808/UBNA_014/20220807_060000.WAV,Foliage,recover-20220808,014,1795
1356.6105,1356.6295,23750,29077,Nyctalus leisleri,0.211,0.388,-1,Echolocation,/mnt/ubna_data_01_mir/recover-20220808/UBNA_014/20220807_060000.WAV,Foliage,recover-20220808,014,1795
1356.7865,1356.8,23750,29161,Nyctalus leisleri,0.266,0.48,-1,Echolocation,/mnt/ubna_data_01_mir/recover-20220808/UBNA_014/20220807_060000.WAV,Foliage,recover-20220808,014,1795
1356.8855,1356.8991,23750,28626,Nyctalus leisleri,0.367,0.602,-1,Echolocation,/mnt/ubna_data_01_mir/recover-20220808/UBNA_014/20220807_060000.WAV,Foliage,recover-20220808,014,1795
1357.1335,1357.1515,22031,27679,Nyctalus leisleri,0.301,0.538,-1,Echolocation,/mnt/ubna_data_01_mir/recover-20220808/UBNA_014/20220807_060000.WAV,Foliage,recover-20220808,014,1795
1357.4885,1357.5066,23750,28146,Nyctalus leisleri,0.221,0.348,-1,Echolocation,/mnt/ubna_data_01_mir/recover-20220808/UBNA_014/20220807_060000.WAV,Foliage,recover-20220808,014,1795
1357.5075,1357.5284,22890,27634,Nyctalus leisleri,0.161,0.315,-1,Echolocation,/mnt/ubna_data_01_mir/recover-20220808/UBNA_014/20220807_060000.WAV,Foliage,recover-20220808,014,1795
1357.7655,1357.7839,22031,27168,Nyctalus leisleri,0.404,0.508,-1,Echolocation,/mnt/ubna_data_01_mir/recover-20220808/UBNA_014/20220807_060000.WAV,Foliage,recover-20220808,014,1795
1357.9185,1357.9331,24609,28973,Nyctalus leisleri,0.115,0.281,-1,Echolocation,/mnt/ubna_data_01_mir/recover-20220808/UBNA_014/20220807_060000.WAV,Foliage,recover-20220808,014,1795
1358.1785,1358.1931,22890,26575,Nyctalus leisleri,0.473,0.558,-1,Echolocation,/mnt/ubna_data_01_mir/recover-20220808/UBNA_014/20220807_060000.WAV,Foliage,recover-20220808,014,1795
1358.4275,1358.4466,22031,26521,Nyctalus leisleri,0.312,0.433,-1,Echolocation,/mnt/ubna_data_01_mir/recover-20220808/UBNA_014/20220807_060000.WAV,Foliage,recover-20220808,014,1795
1358.5805,1358.5946,23750,28313,Nyctalus leisleri,0.391,0.581,-1,Echolocation,/mnt/ubna_data_01_mir/recover-20220808/UBNA_014/20220807_060000.WAV,Foliage,recover-20220808,014,1795
1358.8225,1358.8363,22890,28601,Nyctalus leisleri,0.238,0.552,-1,Echolocation,/mnt/ubna_data_01_mir/recover-20220808/UBNA_014/20220807_060000.WAV,Foliage,recover-20220808,014,1795
1359.1825,1359.1979,22890,26917,Nyctalus leisleri,0.204,0.331,-1,Echolocation,/mnt/ubna_data_01_mir/recover-20220808/UBNA_014/20220807_060000.WAV,Foliage,recover-20220808,014,1795
1359.5715,1359.5913,22890,27333,Nyctalus leisleri,0.235,0.417,-1,Echolocation,/mnt/ubna_data_01_mir/recover-20220808/UBNA_014/20220807_060000.WAV,Foliage,recover-20220808,014,1795
1359.8215,1359.8415,22031,26446,Nyctalus leisleri,0.231,0.412,-1,Echolocation,/mnt/ubna_data_01_mir/recover-20220808/UBNA_014/20220807_060000.WAV,Foliage,recover-20220808,014,1795
1361.4935,1361.5094,22890,28121,Nyctalus leisleri,0.249,0.546,-1,Echolocation,/mnt/ubna_data_01_mir/recover-20220808/UBNA_014/20220807_060000.WAV,Foliage,recover-20220808,014,1795
1361.9315,1361.9489,22890,26814,Nyctalus leisleri,0.292,0.416,-1,Echolocation,/mnt/ubna_data_01_mir/recover-20220808/UBNA_014/20220807_060000.WAV,Foliage,recover-20220808,014,1795
1363.1175,1363.1314,22890,29976,Eptesicus serotinus,0.236,0.465,-1,Echolocation,/mnt/ubna_data_01_mir/recover-20220808/UBNA_014/20220807_060000.WAV,Foliage,recover-20220808,014,1795
1363.2655,1363.2839,22890,27847,Nyctalus leisleri,0.161,0.35,-1,Echolocation,/mnt/ubna_data_01_mir/recover-20220808/UBNA_014/20220807_060000.WAV,Foliage,recover-20220808,014,1795
1363.4245,1363.4392,24609,29635,Nyctalus leisleri,0.23,0.366,-1,Echolocation,/mnt/ubna_data_01_mir/recover-20220808/UBNA_014/20220807_060000.WAV,Foliage,recover-20220808,014,1795
1363.5685,1363.5875,24609,28929,Nyctalus leisleri,0.131,0.259,-1,Echolocation,/mnt/ubna_data_01_mir/recover-20220808/UBNA_014/20220807_060000.WAV,Foliage,recover-20220808,014,1795
1363.7115,1363.7254,23750,28816,Nyctalus leisleri,0.136,0.323,-1,Echolocation,/mnt/ubna_data_01_mir/recover-20220808/UBNA_014/20220807_060000.WAV,Foliage,recover-20220808,014,1795
1363.8635,1363.8805,24609,28892,Nyctalus leisleri,0.165,0.27,-1,Echolocation,/mnt/ubna_data_01_mir/recover-20220808/UBNA_014/20220807_060000.WAV,Foliage,recover-20220808,014,1795
1364.1065,1364.1243,22890,28634,Nyctalus leisleri,0.182,0.437,-1,Echolocation,/mnt/ubna_data_01_mir/recover-20220808/UBNA_014/20220807_060000.WAV,Foliage,recover-20220808,014,1795
1364.6135,1364.628,22890,27334,Nyctalus leisleri,0.353,0.504,-1,Echolocation,/mnt/ubna_data_01_mir/recover-20220808/UBNA_014/20220807_060000.WAV,Foliage,recover-20220808,014,1795
1365.1615,1365.1789,23750,28333,Eptesicus serotinus,0.085,0.214,-1,Echolocation,/mnt/ubna_data_01_mir/recover-20220808/UBNA_014/20220807_060000.WAV,Foliage,recover-20220808,014,1795
1365.2975,1365.3091,25468,30662,Nyctalus leisleri,0.153,0.33,-1,Echolocation,/mnt/ubna_data_01_mir/recover-20220808/UBNA_014/20220807_060000.WAV,Foliage,recover-20220808,014,1795
1365.4485,1365.4597,24609,29661,Eptesicus serotinus,0.152,0.295,-1,Echolocation,/mnt/ubna_data_01_mir/recover-20220808/UBNA_014/20220807_060000.WAV,Foliage,recover-20220808,014,1795
1368.6295,1368.6475,22890,27731,Nyctalus leisleri,0.216,0.365,-1,Echolocation,/mnt/ubna_data_01_mir/recover-20220808/UBNA_014/20220807_060000.WAV,Foliage,recover-20220808,014,1795
1369.0185,1369.0372,22031,27198,Nyctalus noctula,0.161,0.376,-1,Echolocation,/mnt/ubna_data_01_mir/recover-20220808/UBNA_014/20220807_060000.WAV,Foliage,recover-20220808,014,1795
1369.5465,1369.5652,22890,27134,Nyctalus leisleri,0.128,0.219,-1,Echolocation,/mnt/ubna_data_01_mir/recover-20220808/UBNA_014/20220807_060000.WAV,Foliage,recover-20220808,014,1795
1372.1785,1372.1949,22890,27126,Nyctalus leisleri,0.435,0.534,-1,Echolocation,/mnt/ubna_data_01_mir/recover-20220808/UBNA_014/20220807_060000.WAV,Foliage,recover-20220808,014,1795
1372.4365,1372.4543,22031,26576,Nyctalus leisleri,0.176,0.305,-1,Echolocation,/mnt/ubna_data_01_mir/recover-20220808/UBNA_014/20220807_060000.WAV,Foliage,recover-20220808,014,1795
1372.7095,1372.7265,22890,27051,Nyctalus leisleri,0.22,0.356,-1,Echolocation,/mnt/ubna_data_01_mir/recover-20220808/UBNA_014/20220807_060000.WAV,Foliage,recover-20220808,014,1795
1375.5215,1375.5373,22890,29128,Nyctalus noctula,0.16,0.43,-1,Echolocation,/mnt/ubna_data_01_mir/recover-20220808/UBNA_014/20220807_060000.WAV,Foliage,recover-20220808,014,1795
1384.6455,1384.6576,28906,33728,Eptesicus serotinus,0.105,0.207,-1,Echolocation,/mnt/ubna_data_01_mir/recover-20220808/UBNA_014/20220807_060000.WAV,Foliage,recover-20220808,014,1795
1395.1875,1395.206,22890,26563,Nyctalus leisleri,0.295,0.369,-1,Echolocation,/mnt/ubna_data_01_mir/recover-20220808/UBNA_014/20220807_060000.WAV,Foliage,recover-20220808,014,1795
1397.3335,1397.3452,23750,28819,Nyctalus leisleri,0.102,0.273,-1,Echolocation,/mnt/ubna_data_01_mir/recover-20220808/UBNA_014/20220807_060000.WAV,Foliage,recover-20220808,014,1795
1400.4845,1400.5046,23750,28622,Nyctalus leisleri,0.148,0.315,-1,Echolocation,/mnt/ubna_data_01_mir/recover-20220808/UBNA_014/20220807_060000.WAV,Foliage,recover-20220808,014,1795
1400.7315,1400.7538,21171,26364,Nyctalus noctula,0.183,0.333,-1,Echolocation,/mnt/ubna_data_01_mir/recover-20220808/UBNA_014/20220807_060000.WAV,Foliage,recover-20220808,014,1795
1400.9945,1401.0179,22031,27699,Nyctalus noctula,0.123,0.315,-1,Echolocation,/mnt/ubna_data_01_mir/recover-20220808/UBNA_014/20220807_060000.WAV,Foliage,recover-20220808,014,1795
1401.5145,1401.5422,22031,27770,Nyctalus noctula,0.185,0.288,-1,Echolocation,/mnt/ubna_data_01_mir/recover-20220808/UBNA_014/20220807_060000.WAV,Foliage,recover-20220808,014,1795
1401.7915,1401.814,22890,28110,Nyctalus noctula,0.136,0.341,-1,Echolocation,/mnt/ubna_data_01_mir/recover-20220808/UBNA_014/20220807_060000.WAV,Foliage,recover-20220808,014,1795
1401.9735,1401.993,22890,28368,Nyctalus leisleri,0.177,0.395,-1,Echolocation,/mnt/ubna_data_01_mir/recover-20220808/UBNA_014/20220807_060000.WAV,Foliage,recover-20220808,014,1795
1402.9535,1402.9749,21171,24470,Nyctalus noctula,0.096,0.206,-1,Echolocation,/mnt/ubna_data_01_mir/recover-20220808/UBNA_014/20220807_060000.WAV,Foliage,recover-20220808,014,1795
1403.5075,1403.5211,22031,28873,Nyctalus leisleri,0.25,0.603,-1,Echolocation,/mnt/ubna_data_01_mir/recover-20220808/UBNA_014/20220807_060000.WAV,Foliage,recover-20220808,014,1795
1404.0715,1404.091,22031,27088,Nyctalus noctula,0.188,0.439,-1,Echolocation,/mnt/ubna_data_01_mir/recover-20220808/UBNA_014/20220807_060000.WAV,Foliage,recover-20220808,014,1795
1404.3465,1404.3638,21171,26594,Nyctalus noctula,0.215,0.501,-1,Echolocation,/mnt/ubna_data_01_mir/recover-20220808/UBNA_014/20220807_060000.WAV,Foliage,recover-20220808,014,1795
1404.6265,1404.6462,21171,26257,Nyctalus noctula,0.242,0.446,-1,Echolocation,/mnt/ubna_data_01_mir/recover-20220808/UBNA_014/20220807_060000.WAV,Foliage,recover-20220808,014,1795
1405.3315,1405.3498,22031,27375,Nyctalus leisleri,0.368,0.55,-1,Echolocation,/mnt/ubna_data_01_mir/recover-20220808/UBNA_014/20220807_060000.WAV,Foliage,recover-20220808,014,1795
1405.6105,1405.6301,21171,25310,Nyctalus leisleri,0.193,0.367,-1,Echolocation,/mnt/ubna_data_01_mir/recover-20220808/UBNA_014/20220807_060000.WAV,Foliage,recover-20220808,014,1795
1406.0375,1406.056,22031,27613,Nyctalus leisleri,0.169,0.435,-1,Echolocation,/mnt/ubna_data_01_mir/recover-20220808/UBNA_014/20220807_060000.WAV,Foliage,recover-20220808,014,1795
1406.4635,1406.4803,22031,27327,Nyctalus leisleri,0.344,0.512,-1,Echolocation,/mnt/ubna_data_01_mir/recover-20220808/UBNA_014/20220807_060000.WAV,Foliage,recover-20220808,014,1795
1406.9105,1406.927,22890,26487,Nyctalus leisleri,0.221,0.339,-1,Echolocation,/mnt/ubna_data_01_mir/recover-20220808/UBNA_014/20220807_060000.WAV,Foliage,recover-20220808,014,1795
1407.4605,1407.4797,21171,25823,Nyctalus leisleri,0.22,0.4,-1,Echolocation,/mnt/ubna_data_01_mir/recover-20220808/UBNA_014/20220807_060000.WAV,Foliage,recover-20220808,014,1795
1408.0065,1408.0229,22031,26534,Nyctalus leisleri,0.324,0.46,-1,Echolocation,/mnt/ubna_data_01_mir/recover-20220808/UBNA_014/20220807_060000.WAV,Foliage,recover-20220808,014,1795
1408.2705,1408.2881,22031,27164,Nyctalus leisleri,0.368,0.503,-1,Echolocation,/mnt/ubna_data_01_mir/recover-20220808/UBNA_014/20220807_060000.WAV,Foliage,recover-20220808,014,1795
1408.6925,1408.7086,22890,27205,Nyctalus leisleri,0.334,0.454,-1,Echolocation,/mnt/ubna_data_01_mir/recover-20220808/UBNA_014/20220807_060000.WAV,Foliage,recover-20220808,014,1795
1408.9595,1408.974,22890,27889,Nyctalus leisleri,0.51,0.634,-1,Echolocation,/mnt/ubna_data_01_mir/recover-20220808/UBNA_014/20220807_060000.WAV,Foliage,recover-20220808,014,1795
1409.2225,1409.2349,23750,28992,Nyctalus leisleri,0.227,0.447,-1,Echolocation,/mnt/ubna_data_01_mir/recover-20220808/UBNA_014/20220807_060000.WAV,Foliage,recover-20220808,014,1795
1411.2865,1411.3043,22031,27131,Nyctalus noctula,0.158,0.359,-1,Echolocation,/mnt/ubna_data_01_mir/recover-20220808/UBNA_014/20220807_060000.WAV,Foliage,recover-20220808,014,1795
1412.8165,1412.8325,22890,27344,Nyctalus leisleri,0.11,0.262,-1,Echolocation,/mnt/ubna_data_01_mir/recover-20220808/UBNA_014/20220807_060000.WAV,Foliage,recover-20220808,014,1795
1413.3345,1413.3487,22031,26596,Nyctalus leisleri,0.394,0.564,-1,Echolocation,/mnt/ubna_data_01_mir/recover-20220808/UBNA_014/20220807_060000.WAV,Foliage,recover-20220808,014,1795
1413.6075,1413.6275,22031,26136,Nyctalus leisleri,0.142,0.236,-1,Echolocation,/mnt/ubna_data_01_mir/recover-20220808/UBNA_014/20220807_060000.WAV,Foliage,recover-20220808,014,1795
1413.9005,1413.9211,22031,27303,Nyctalus leisleri,0.226,0.407,-1,Echolocation,/mnt/ubna_data_01_mir/recover-20220808/UBNA_014/20220807_060000.WAV,Foliage,recover-20220808,014,1795
1414.1665,1414.1843,22890,25775,Nyctalus leisleri,0.409,0.466,-1,Echolocation,/mnt/ubna_data_01_mir/recover-20220808/UBNA_014/20220807_060000.WAV,Foliage,recover-20220808,014,1795
1414.4315,1414.4491,22031,25589,Nyctalus leisleri,0.547,0.604,-1,Echolocation,/mnt/ubna_data_01_mir/recover-20220808/UBNA_014/20220807_060000.WAV,Foliage,recover-20220808,014,1795
1414.7015,1414.7196,22031,25432,Nyctalus leisleri,0.376,0.454,-1,Echolocation,/mnt/ubna_data_01_mir/recover-20220808/UBNA_014/20220807_060000.WAV,Foliage,recover-20220808,014,1795
1416.1575,1416.1731,25468,30022,Nyctalus leisleri,0.107,0.202,-1,Echolocation,/mnt/ubna_data_01_mir/recover-20220808/UBNA_014/20220807_060000.WAV,Foliage,recover-20220808,014,1795
1416.6325,1416.6519,22031,27702,Nyctalus leisleri,0.209,0.479,-1,Echolocation,/mnt/ubna_data_01_mir/recover-20220808/UBNA_014/20220807_060000.WAV,Foliage,recover-20220808,014,1795
1416.8915,1416.9084,22890,27161,Nyctalus leisleri,0.39,0.559,-1,Echolocation,/mnt/ubna_data_01_mir/recover-20220808/UBNA_014/20220807_060000.WAV,Foliage,recover-20220808,014,1795
1417.1795,1417.1985,22890,26343,Nyctalus leisleri,0.351,0.419,-1,Echolocation,/mnt/ubna_data_01_mir/recover-20220808/UBNA_014/20220807_060000.WAV,Foliage,recover-20220808,014,1795
1417.4285,1417.4457,22890,26953,Nyctalus leisleri,0.326,0.49,-1,Echolocation,/mnt/ubna_data_01_mir/recover-20220808/UBNA_014/20220807_060000.WAV,Foliage,recover-20220808,014,1795
1417.5975,1417.6117,23750,28037,Nyctalus leisleri,0.384,0.501,-1,Echolocation,/mnt/ubna_data_01_mir/recover-20220808/UBNA_014/20220807_060000.WAV,Foliage,recover-20220808,014,1795
1417.7275,1417.741,24609,29445,Eptesicus serotinus,0.116,0.274,-1,Echolocation,/mnt/ubna_data_01_mir/recover-20220808/UBNA_014/20220807_060000.WAV,Foliage,recover-20220808,014,1795
1418.6795,1418.6922,22890,28166,Nyctalus leisleri,0.32,0.554,-1,Echolocation,/mnt/ubna_data_01_mir/recover-20220808/UBNA_014/20220807_060000.WAV,Foliage,recover-20220808,014,1795
1418.8065,1418.8222,24609,28788,Nyctalus leisleri,0.095,0.205,-1,Echolocation,/mnt/ubna_data_01_mir/recover-20220808/UBNA_014/20220807_060000.WAV,Foliage,recover-20220808,014,1795
1418.9485,1418.9656,22890,26864,Nyctalus leisleri,0.136,0.263,-1,Echolocation,/mnt/ubna_data_01_mir/recover-20220808/UBNA_014/20220807_060000.WAV,Foliage,recover-20220808,014,1795
1419.2135,1419.2302,23750,28382,Nyctalus leisleri,0.253,0.407,-1,Echolocation,/mnt/ubna_data_01_mir/recover-20220808/UBNA_014/20220807_060000.WAV,Foliage,recover-20220808,014,1795
1419.4775,1419.4986,22031,27023,Nyctalus leisleri,0.146,0.349,-1,Echolocation,/mnt/ubna_data_01_mir/recover-20220808/UBNA_014/20220807_060000.WAV,Foliage,recover-20220808,014,1795
1419.7575,1419.7786,22890,27196,Nyctalus leisleri,0.211,0.309,-1,Echolocation,/mnt/ubna_data_01_mir/recover-20220808/UBNA_014/20220807_060000.WAV,Foliage,recover-20220808,014,1795
1419.9005,1419.9191,22890,27593,Nyctalus leisleri,0.136,0.319,-1,Echolocation,/mnt/ubna_data_01_mir/recover-20220808/UBNA_014/20220807_060000.WAV,Foliage,recover-20220808,014,1795
1420.1525,1420.1793,22031,27421,Nyctalus noctula,0.223,0.317,-1,Echolocation,/mnt/ubna_data_01_mir/recover-20220808/UBNA_014/20220807_060000.WAV,Foliage,recover-20220808,014,1795
1420.4135,1420.4383,22890,27516,Nyctalus leisleri,0.132,0.233,-1,Echolocation,/mnt/ubna_data_01_mir/recover-20220808/UBNA_014/20220807_060000.WAV,Foliage,recover-20220808,014,1795
1420.6825,1420.7088,22031,26570,Nyctalus noctula,0.194,0.289,-1,Echolocation,/mnt/ubna_data_01_mir/recover-20220808/UBNA_014/20220807_060000.WAV,Foliage,recover-20220808,014,1795
1421.0555,1421.0722,22031,27563,Nyctalus leisleri,0.319,0.595,-1,Echolocation,/mnt/ubna_data_01_mir/recover-20220808/UBNA_014/20220807_060000.WAV,Foliage,recover-20220808,014,1795
1421.3015,1421.3177,22890,27916,Nyctalus leisleri,0.326,0.536,-1,Echolocation,/mnt/ubna_data_01_mir/recover-20220808/UBNA_014/20220807_060000.WAV,Foliage,recover-20220808,014,1795
1421.6925,1421.7155,22890,27014,Nyctalus leisleri,0.163,0.248,-1,Echolocation,/mnt/ubna_data_01_mir/recover-20220808/UBNA_014/20220807_060000.WAV,Foliage,recover-20220808,014,1795
1422.8825,1422.9,22031,26780,Nyctalus leisleri,0.251,0.489,-1,Echolocation,/mnt/ubna_data_01_mir/recover-20220808/UBNA_014/20220807_060000.WAV,Foliage,recover-20220808,014,1795
1423.3955,1423.4166,22031,27149,Nyctalus leisleri,0.169,0.37,-1,Echolocation,/mnt/ubna_data_01_mir/recover-20220808/UBNA_014/20220807_060000.WAV,Foliage,recover-20220808,014,1795
1423.6485,1423.6691,22031,27138,Nyctalus leisleri,0.254,0.377,-1,Echolocation,/mnt/ubna_data_01_mir/recover-20220808/UBNA_014/20220807_060000.WAV,Foliage,recover-20220808,014,1795
1424.6155,1424.6311,22890,27580,Nyctalus leisleri,0.38,0.522,-1,Echolocation,/mnt/ubna_data_01_mir/recover-20220808/UBNA_014/20220807_060000.WAV,Foliage,recover-20220808,014,1795
1427.3415,1427.3609,24609,28778,Nyctalus leisleri,0.168,0.286,-1,Echolocation,/mnt/ubna_data_01_mir/recover-20220808/UBNA_014/20220807_060000.WAV,Foliage,recover-20220808,014,1795
1427.5815,1427.5991,22890,27396,Nyctalus leisleri,0.101,0.221,-1,Echolocation,/mnt/ubna_data_01_mir/recover-20220808/UBNA_014/20220807_060000.WAV,Foliage,recover-20220808,014,1795
1433.8405,1433.8601,22890,27287,Nyctalus leisleri,0.177,0.297,-1,Echolocation,/mnt/ubna_data_01_mir/recover-20220808/UBNA_014/20220807_060000.WAV,Foliage,recover-20220808,014,1795
1434.0245,1434.0406,23750,29237,Eptesicus serotinus,0.139,0.29,-1,Echolocation,/mnt/ubna_data_01_mir/recover-20220808/UBNA_014/20220807_060000.WAV,Foliage,recover-20220808,014,1795
1440.5135,1440.5332,22890,27716,Nyctalus noctula,0.129,0.28,-1,Echolocation,/mnt/ubna_data_01_mir/recover-20220808/UBNA_014/20220807_060000.WAV,Foliage,recover-20220808,014,1795
1440.6615,1440.6766,22890,28128,Nyctalus leisleri,0.298,0.484,-1,Echolocation,/mnt/ubna_data_01_mir/recover-20220808/UBNA_014/20220807_060000.WAV,Foliage,recover-20220808,014,1795
1440.9205,1440.943,22031,26922,Nyctalus leisleri,0.177,0.393,-1,Echolocation,/mnt/ubna_data_01_mir/recover-20220808/UBNA_014/20220807_060000.WAV,Foliage,recover-20220808,014,1795
1441.1325,1441.1541,22890,28742,Nyctalus leisleri,0.176,0.395,-1,Echolocation,/mnt/ubna_data_01_mir/recover-20220808/UBNA_014/20220807_060000.WAV,Foliage,recover-20220808,014,1795
1441.3725,1441.3971,22031,26877,Nyctalus leisleri,0.193,0.293,-1,Echolocation,/mnt/ubna_data_01_mir/recover-20220808/UBNA_014/20220807_060000.WAV,Foliage,recover-20220808,014,1795
1441.4985,1441.5174,22890,28105,Nyctalus leisleri,0.162,0.388,-1,Echolocation,/mnt/ubna_data_01_mir/recover-20220808/UBNA_014/20220807_060000.WAV,Foliage,recover-20220808,014,1795
1441.6965,1441.7162,22031,27810,Nyctalus noctula,0.193,0.455,-1,Echolocation,/mnt/ubna_data_01_mir/recover-20220808/UBNA_014/20220807_060000.WAV,Foliage,recover-20220808,014,1795
1442.8545,1442.8803,21171,26845,Nyctalus noctula,0.191,0.318,-1,Echolocation,/mnt/ubna_data_01_mir/recover-20220808/UBNA_014/20220807_060000.WAV,Foliage,recover-20220808,014,1795
1443.1345,1443.1602,22031,27726,Nyctalus noctula,0.165,0.344,-1,Echolocation,/mnt/ubna_data_01_mir/recover-20220808/UBNA_014/20220807_060000.WAV,Foliage,recover-20220808,014,1795
1443.3505,1443.3723,22031,26256,Nyctalus leisleri,0.24,0.327,-1,Echolocation,/mnt/ubna_data_01_mir/recover-20220808/UBNA_014/20220807_060000.WAV,Foliage,recover-20220808,014,1795
1443.5795,1443.6034,22031,27408,Nyctalus noctula,0.143,0.354,-1,Echolocation,/mnt/ubna_data_01_mir/recover-20220808/UBNA_014/20220807_060000.WAV,Foliage,recover-20220808,014,1795
1443.8265,1443.8457,22890,27302,Nyctalus leisleri,0.271,0.409,-1,Echolocation,/mnt/ubna_data_01_mir/recover-20220808/UBNA_014/20220807_060000.WAV,Foliage,recover-20220808,014,1795
1444.3495,1444.3712,22031,26791,Nyctalus leisleri,0.262,0.382,-1,Echolocation,/mnt/ubna_data_01_mir/recover-20220808/UBNA_014/20220807_060000.WAV,Foliage,recover-20220808,014,1795
1444.3635,1444.3823,44375,48027,Pipistrellus pipistrellus,0.183,0.206,-1,Echolocation,/mnt/ubna_data_01_mir/recover-20220808/UBNA_014/20220807_060000.WAV,Foliage,recover-20220808,014,1795
1444.6075,1444.627,22890,26117,Nyctalus leisleri,0.387,0.443,-1,Echolocation,/mnt/ubna_data_01_mir/recover-20220808/UBNA_014/20220807_060000.WAV,Foliage,recover-20220808,014,1795
1444.7615,1444.7814,22890,27219,Nyctalus leisleri,0.262,0.361,-1,Echolocation,/mnt/ubna_data_01_mir/recover-20220808/UBNA_014/20220807_060000.WAV,Foliage,recover-20220808,014,1795
1445.0045,1445.0264,22031,26476,Nyctalus leisleri,0.239,0.378,-1,Echolocation,/mnt/ubna_data_01_mir/recover-20220808/UBNA_014/20220807_060000.WAV,Foliage,recover-20220808,014,1795
1445.2575,1445.2743,22031,26388,Nyctalus leisleri,0.312,0.568,-1,Echolocation,/mnt/ubna_data_01_mir/recover-20220808/UBNA_014/20220807_060000.WAV,Foliage,recover-20220808,014,1795
1445.2725,1445.2809,43515,47989,Pipistrellus pipistrellus,0.271,0.302,-1,Echolocation,/mnt/ubna_data_01_mir/recover-20220808/UBNA_014/20220807_060000.WAV,Foliage,recover-20220808,014,1795
1445.4135,1445.4295,24609,29533,Nyctalus leisleri,0.244,0.401,-1,Echolocation,/mnt/ubna_data_01_mir/recover-20220808/UBNA_014/20220807_060000.WAV,Foliage,recover-20220808,014,1795
1445.6695,1445.6834,22890,29206,Nyctalus leisleri,0.439,0.678,-1,Echolocation,/mnt/ubna_data_01_mir/recover-20220808/UBNA_014/20220807_060000.WAV,Foliage,recover-20220808,014,1795
1445.9265,1445.943,22031,27041,Nyctalus leisleri,0.484,0.614,-1,Echolocation,/mnt/ubna_data_01_mir/recover-20220808/UBNA_014/20220807_060000.WAV,Foliage,recover-20220808,014,1795
1446.2075,1446.2248,22890,27891,Nyctalus leisleri,0.315,0.553,-1,Echolocation,/mnt/ubna_data_01_mir/recover-20220808/UBNA_014/20220807_060000.WAV,Foliage,recover-20220808,014,1795
1446.4835,1446.5078,22031,26855,Nyctalus leisleri,0.213,0.384,-1,Echolocation,/mnt/ubna_data_01_mir/recover-20220808/UBNA_014/20220807_060000.WAV,Foliage,recover-20220808,014,1795
1446.6335,1446.6496,22890,26251,Nyctalus leisleri,0.661,0.707,-1,Echolocation,/mnt/ubna_data_01_mir/recover-20220808/UBNA_014/20220807_060000.WAV,Foliage,recover-20220808,014,1795
1446.8155,1446.8302,24609,28434,Nyctalus leisleri,0.539,0.646,-1,Echolocation,/mnt/ubna_data_01_mir/recover-20220808/UBNA_014/20220807_060000.WAV,Foliage,recover-20220808,014,1795
1446.9775,1446.9909,22890,29005,Nyctalus leisleri,0.504,0.661,-1,Echolocation,/mnt/ubna_data_01_mir/recover-20220808/UBNA_014/20220807_060000.WAV,Foliage,recover-20220808,014,1795
1447.1085,1447.1264,24609,28146,Nyctalus leisleri,0.15,0.216,-1,Echolocation,/mnt/ubna_data_01_mir/recover-20220808/UBNA_014/20220807_060000.WAV,Foliage,recover-20220808,014,1795
1447.1325,1447.1436,23750,31148,Nyctalus leisleri,0.333,0.61,-1,Echolocation,/mnt/ubna_data_01_mir/recover-20220808/UBNA_014/20220807_060000.WAV,Foliage,recover-20220808,014,1795
1447.2815,1447.2948,22890,27989,Nyctalus leisleri,0.441,0.627,-1,Echolocation,/mnt/ubna_data_01_mir/recover-20220808/UBNA_014/20220807_060000.WAV,Foliage,recover-20220808,014,1795
1447.5455,1447.5613,22890,27495,Nyctalus leisleri,0.452,0.604,-1,Echolocation,/mnt/ubna_data_01_mir/recover-20220808/UBNA_014/20220807_060000.WAV,Foliage,recover-20220808,014,1795
1447.8205,1447.8372,22031,27449,Nyctalus leisleri,0.353,0.563,-1,Echolocation,/mnt/ubna_data_01_mir/recover-20220808/UBNA_014/20220807_060000.WAV,Foliage,recover-20220808,014,1795
1448.0975,1448.1138,22031,27122,Nyctalus leisleri,0.395,0.578,-1,Echolocation,/mnt/ubna_data_01_mir/recover-20220808/UBNA_014/20220807_060000.WAV,Foliage,recover-20220808,014,1795
1448.3665,1448.3839,22031,26417,Nyctalus leisleri,0.497,0.617,-1,Echolocation,/mnt/ubna_data_01_mir/recover-20220808/UBNA_014/20220807_060000.WAV,Foliage,recover-20220808,014,1795
1448.6285,1448.647,22031,25917,Nyctalus leisleri,0.566,0.653,-1,Echolocation,/mnt/ubna_data_01_mir/recover-20220808/UBNA_014/20220807_060000.WAV,Foliage,recover-20220808,014,1795
1448.8105,1448.8299,22031,26300,Nyctalus leisleri,0.362,0.541,-1,Echolocation,/mnt/ubna_data_01_mir/recover-20220808/UBNA_014/20220807_060000.WAV,Foliage,recover-20220808,014,1795
1449.0825,1449.1006,22031,25973,Nyctalus leisleri,0.53,0.581,-1,Echolocation,/mnt/ubna_data_01_mir/recover-20220808/UBNA_014/20220807_060000.WAV,Foliage,recover-20220808,014,1795
1449.3515,1449.3692,22031,25807,Nyctalus leisleri,0.564,0.633,-1,Echolocation,/mnt/ubna_data_01_mir/recover-20220808/UBNA_014/20220807_060000.WAV,Foliage,recover-20220808,014,1795
1449.6315,1449.6484,22031,25909,Nyctalus leisleri,0.591,0.644,-1,Echolocation,/mnt/ubna_data_01_mir/recover-20220808/UBNA_014/20220807_060000.WAV,Foliage,recover-20220808,014,1795
1449.9245,1449.9429,22031,26083,Nyctalus leisleri,0.521,0.609,-1,Echolocation,/mnt/ubna_data_01_mir/recover-20220808/UBNA_014/20220807_060000.WAV,Foliage,recover-20220808,014,1795
1450.2115,1450.2298,22031,26211,Nyctalus leisleri,0.456,0.532,-1,Echolocation,/mnt/ubna_data_01_mir/recover-20220808/UBNA_014/20220807_060000.WAV,Foliage,recover-20220808,014,1795
1450.3365,1450.3478,23750,29830,Nyctalus leisleri,0.232,0.533,-1,Echolocation,/mnt/ubna_data_01_mir/recover-20220808/UBNA_014/20220807_060000.WAV,Foliage,recover-20220808,014,1795
1451.2385,1451.2562,22031,26806,Nyctalus leisleri,0.493,0.6,-1,Echolocation,/mnt/ubna_data_01_mir/recover-20220808/UBNA_014/20220807_060000.WAV,Foliage,recover-20220808,014,1795
1451.3875,1451.4003,22890,29480,Nyctalus leisleri,0.257,0.625,-1,Echolocation,/mnt/ubna_data_01_mir/recover-20220808/UBNA_014/20220807_060000.WAV,Foliage,recover-20220808,014,1795
1451.5605,1451.577,22890,27636,Nyctalus noctula,0.171,0.408,-1,Echolocation,/mnt/ubna_data_01_mir/recover-20220808/UBNA_014/20220807_060000.WAV,Foliage,recover-20220808,014,1795
1451.7055,1451.7248,22890,26928,Nyctalus leisleri,0.152,0.289,-1,Echolocation,/mnt/ubna_data_01_mir/recover-20220808/UBNA_014/20220807_060000.WAV,Foliage,recover-20220808,014,1795
1451.8445,1451.8608,22890,29069,Nyctalus leisleri,0.167,0.431,-1,Echolocation,/mnt/ubna_data_01_mir/recover-20220808/UBNA_014/20220807_060000.WAV,Foliage,recover-20220808,014,1795
1451.9735,1451.988,23750,27809,Nyctalus leisleri,0.3,0.427,-1,Echolocation,/mnt/ubna_data_01_mir/recover-20220808/UBNA_014/20220807_060000.WAV,Foliage,recover-20220808,014,1795
1452.1705,1452.1875,23750,27885,Nyctalus leisleri,0.117,0.237,-1,Echolocation,/mnt/ubna_data_01_mir/recover-20220808/UBNA_014/20220807_060000.WAV,Foliage,recover-20220808,014,1795
1453.7005,1453.7136,22890,28328,Nyctalus leisleri,0.39,0.593,-1,Echolocation,/mnt/ubna_data_01_mir/recover-20220808/UBNA_014/20220807_060000.WAV,Foliage,recover-20220808,014,1795
1453.8475,1453.8621,22890,29504,Nyctalus leisleri,0.368,0.652,-1,Echolocation,/mnt/ubna_data_01_mir/recover-20220808/UBNA_014/20220807_060000.WAV,Foliage,recover-20220808,014,1795
1454.1425,1454.1596,22890,27564,Nyctalus leisleri,0.261,0.518,-1,Echolocation,/mnt/ubna_data_01_mir/recover-20220808/UBNA_014/20220807_060000.WAV,Foliage,recover-20220808,014,1795
1454.3875,1454.4062,22031,26940,Nyctalus leisleri,0.391,0.529,-1,Echolocation,/mnt/ubna_data_01_mir/recover-20220808/UBNA_014/20220807_060000.WAV,Foliage,recover-20220808,014,1795
1454.7705,1454.7914,22031,27395,Nyctalus noctula,0.261,0.499,-1,Echolocation,/mnt/ubna_data_01_mir/recover-20220808/UBNA_014/20220807_060000.WAV,Foliage,recover-20220808,014,1795
1455.0235,1455.0418,22031,26651,Nyctalus leisleri,0.453,0.572,-1,Echolocation,/mnt/ubna_data_01_mir/recover-20220808/UBNA_014/20220807_060000.WAV,Foliage,recover-20220808,014,1795
1455.1715,1455.183,22890,31795,Eptesicus serotinus,0.342,0.589,-1,Echolocation,/mnt/ubna_data_01_mir/recover-20220808/UBNA_014/20220807_060000.WAV,Foliage,recover-20220808,014,1795
1455.3105,1455.3197,23750,32854,Eptesicus serotinus,0.352,0.532,-1,Echolocation,/mnt/ubna_data_01_mir/recover-20220808/UBNA_014/20220807_060000.WAV,Foliage,recover-20220808,014,1795
1455.5025,1455.5152,23750,34464,Eptesicus serotinus,0.401,0.635,-1,Echolocation,/mnt/ubna_data_01_mir/recover-20220808/UBNA_014/20220807_060000.WAV,Foliage,recover-20220808,014,1795
1455.6715,1455.6819,24609,33747,Eptesicus serotinus,0.33,0.66,-1,Echolocation,/mnt/ubna_data_01_mir/recover-20220808/UBNA_014/20220807_060000.WAV,Foliage,recover-20220808,014,1795
1455.8815,1455.8902,24609,32320,Nyctalus leisleri,0.332,0.606,-1,Echolocation,/mnt/ubna_data_01_mir/recover-20220808/UBNA_014/20220807_060000.WAV,Foliage,recover-20220808,014,1795
1456.0555,1456.0648,24609,31229,Eptesicus serotinus,0.238,0.476,-1,Echolocation,/mnt/ubna_data_01_mir/recover-20220808/UBNA_014/20220807_060000.WAV,Foliage,recover-20220808,014,1795
1456.2255,1456.2342,23750,30884,Eptesicus serotinus,0.235,0.441,-1,Echolocation,/mnt/ubna_data_01_mir/recover-20220808/UBNA_014/20220807_060000.WAV,Foliage,recover-20220808,014,1795
1457.1125,1457.1281,22890,28225,Nyctalus leisleri,0.36,0.588,-1,Echolocation,/mnt/ubna_data_01_mir/recover-20220808/UBNA_014/20220807_060000.WAV,Foliage,recover-20220808,014,1795
1457.2765,1457.295,22031,27884,Nyctalus leisleri,0.206,0.572,-1,Echolocation,/mnt/ubna_data_01_mir/recover-20220808/UBNA_014/20220807_060000.WAV,Foliage,recover-20220808,014,1795
1457.5615,1457.5783,22031,26175,Nyctalus leisleri,0.606,0.662,-1,Echolocation,/mnt/ubna_data_01_mir/recover-20220808/UBNA_014/20220807_060000.WAV,Foliage,recover-20220808,014,1795
1457.8345,1457.8533,22031,27251,Nyctalus leisleri,0.376,0.505,-1,Echolocation,/mnt/ubna_data_01_mir/recover-20220808/UBNA_014/20220807_060000.WAV,Foliage,recover-20220808,014,1795
1457.9805,1457.997,22890,27411,Nyctalus leisleri,0.334,0.544,-1,Echolocation,/mnt/ubna_data_01_mir/recover-20220808/UBNA_014/20220807_060000.WAV,Foliage,recover-20220808,014,1795
1458.2035,1458.2201,22890,27448,Nyctalus leisleri,0.3,0.523,-1,Echolocation,/mnt/ubna_data_01_mir/recover-20220808/UBNA_014/20220807_060000.WAV,Foliage,recover-20220808,014,1795
1458.3315,1458.3496,22890,28431,Nyctalus noctula,0.203,0.482,-1,Echolocation,/mnt/ubna_data_01_mir/recover-20220808/UBNA_014/20220807_060000.WAV,Foliage,recover-20220808,014,1795
1458.4585,1458.4784,22890,26078,Nyctalus leisleri,0.325,0.4,-1,Echolocation,/mnt/ubna_data_01_mir/recover-20220808/UBNA_014/20220807_060000.WAV,Foliage,recover-20220808,014,1795
1458.6015,1458.6169,22031,27628,Nyctalus leisleri,0.32,0.549,-1,Echolocation,/mnt/ubna_data_01_mir/recover-20220808/UBNA_014/20220807_060000.WAV,Foliage,recover-20220808,014,1795
1458.7825,1458.8065,21171,26285,Nyctalus leisleri,0.171,0.347,-1,Echolocation,/mnt/ubna_data_01_mir/recover-20220808/UBNA_014/20220807_060000.WAV,Foliage,recover-20220808,014,1795
1458.9675,1458.9805,23750,27271,Nyctalus leisleri,0.44,0.535,-1,Echolocation,/mnt/ubna_data_01_mir/recover-20220808/UBNA_014/20220807_060000.WAV,Foliage,recover-20220808,014,1795
1459.1735,1459.1907,22890,27454,Nyctalus leisleri,0.198,0.493,-1,Echolocation,/mnt/ubna_data_01_mir/recover-20220808/UBNA_014/20220807_060000.WAV,Foliage,recover-20220808,014,1795
1459.3355,1459.3495,22890,27173,Nyctalus leisleri,0.463,0.569,-1,Echolocation,/mnt/ubna_data_01_mir/recover-20220808/UBNA_014/20220807_060000.WAV,Foliage,recover-20220808,014,1795
1459.4525,1459.4638,23750,29551,Nyctalus leisleri,0.212,0.458,-1,Echolocation,/mnt/ubna_data_01_mir/recover-20220808/UBNA_014/20220807_060000.WAV,Foliage,recover-20220808,014,1795
1459.6025,1459.6143,22890,32162,Eptesicus serotinus,0.368,0.593,-1,Echolocation,/mnt/ubna_data_01_mir/recover-20220808/UBNA_014/20220807_060000.WAV,Foliage,recover-20220808,014,1795
1459.7285,1459.7469,22890,27841,Nyctalus noctula,0.22,0.452,-1,Echolocation,/mnt/ubna_data_01_mir/recover-20220808/UBNA_014/20220807_060000.WAV,Foliage,recover-20220808,014,1795
1459.9625,1459.9833,22031,29372,Nyctalus noctula,0.32,0.495,-1,Echolocation,/mnt/ubna_data_01_mir/recover-20220808/UBNA_014/20220807_060000.WAV,Foliage,recover-20220808,014,1795
1460.1065,1460.1203,22890,28825,Nyctalus leisleri,0.278,0.573,-1,Echolocation,/mnt/ubna_data_01_mir/recover-20220808/UBNA_014/20220807_060000.WAV,Foliage,recover-20220808,014,1795
1460.4815,1460.4984,22890,27105,Nyctalus leisleri,0.338,0.497,-1,Echolocation,/mnt/ubna_data_01_mir/recover-20220808/UBNA_014/20220807_060000.WAV,Foliage,recover-20220808,014,1795
1460.7325,1460.7496,22890,27439,Nyctalus leisleri,0.22,0.534,-1,Echolocation,/mnt/ubna_data_01_mir/recover-20220808/UBNA_014/20220807_060000.WAV,Foliage,recover-20220808,014,1795
1461.1225,1461.1397,22031,27035,Nyctalus noctula,0.254,0.563,-1,Echolocation,/mnt/ubna_data_01_mir/recover-20220808/UBNA_014/20220807_060000.WAV,Foliage,recover-20220808,014,1795
1461.3805,1461.3978,22031,27147,Nyctalus noctula,0.429,0.658,-1,Echolocation,/mnt/ubna_data_01_mir/recover-20220808/UBNA_014/20220807_060000.WAV,Foliage,recover-20220808,014,1795
1461.3815,1461.3902,46093,50617,Pipistrellus pipistrellus,0.195,0.267,-1,Echolocation,/mnt/ubna_data_01_mir/recover-20220808/UBNA_014/20220807_060000.WAV,Foliage,recover-20220808,014,1795
1461.6505,1461.6665,22890,27019,Nyctalus leisleri,0.584,0.655,-1,Echolocation,/mnt/ubna_data_01_mir/recover-20220808/UBNA_014/20220807_060000.WAV,Foliage,recover-20220808,014,1795
1461.9115,1461.9295,22031,28345,Nyctalus leisleri,0.28,0.521,-1,Echolocation,/mnt/ubna_data_01_mir/recover-20220808/UBNA_014/20220807_060000.WAV,Foliage,recover-20220808,014,1795
1462.1625,1462.1788999999999,22031,26884,Nyctalus leisleri,0.352,0.593,-1,Echolocation,/mnt/ubna_data_01_mir/recover-20220808/UBNA_014/20220807_060000.WAV,Foliage,recover-20220808,014,1795
1462.4105,1462.4297,22031,26920,Nyctalus leisleri,0.343,0.523,-1,Echolocation,/mnt/ubna_data_01_mir/recover-20220808/UBNA_014/20220807_060000.WAV,Foliage,recover-20220808,014,1795
1462.6695,1462.6876,22031,27038,Nyctalus leisleri,0.319,0.553,-1,Echolocation,/mnt/ubna_data_01_mir/recover-20220808/UBNA_014/20220807_060000.WAV,Foliage,recover-20220808,014,1795
1462.9425,1462.9633,22031,26793,Nyctalus noctula,0.189,0.432,-1,Echolocation,/mnt/ubna_data_01_mir/recover-20220808/UBNA_014/20220807_060000.WAV,Foliage,recover-20220808,014,1795
1463.2195,1463.2355,22890,27079,Nyctalus leisleri,0.422,0.566,-1,Echolocation,/mnt/ubna_data_01_mir/recover-20220808/UBNA_014/20220807_060000.WAV,Foliage,recover-20220808,014,1795
1463.4835,1463.5007,22890,26912,Nyctalus leisleri,0.276,0.523,-1,Echolocation,/mnt/ubna_data_01_mir/recover-20220808/UBNA_014/20220807_060000.WAV,Foliage,recover-20220808,014,1795
1463.7575,1463.7759,22890,27514,Nyctalus leisleri,0.211,0.415,-1,Echolocation,/mnt/ubna_data_01_mir/recover-20220808/UBNA_014/20220807_060000.WAV,Foliage,recover-20220808,014,1795
1463.9005,1463.9126,24609,32494,Eptesicus serotinus,0.252,0.482,-1,Echolocation,/mnt/ubna_data_01_mir/recover-20220808/UBNA_014/20220807_060000.WAV,Foliage,recover-20220808,014,1795
1464.0845,1464.0975,25468,29917,Nyctalus leisleri,0.258,0.387,-1,Echolocation,/mnt/ubna_data_01_mir/recover-20220808/UBNA_014/20220807_060000.WAV,Foliage,recover-20220808,014,1795
1464.2565,1464.2727,24609,30144,Nyctalus leisleri,0.12,0.272,-1,Echolocation,/mnt/ubna_data_01_mir/recover-20220808/UBNA_014/20220807_060000.WAV,Foliage,recover-20220808,014,1795
1464.4215,1464.4384,24609,29296,Nyctalus leisleri,0.17,0.333,-1,Echolocation,/mnt/ubna_data_01_mir/recover-20220808/UBNA_014/20220807_060000.WAV,Foliage,recover-20220808,014,1795
1464.5875,1464.6045,23750,28296,Nyctalus leisleri,0.294,0.428,-1,Echolocation,/mnt/ubna_data_01_mir/recover-20220808/UBNA_014/20220807_060000.WAV,Foliage,recover-20220808,014,1795
1464.7545,1464.7666,24609,29061,Eptesicus serotinus,0.095,0.275,-1,Echolocation,/mnt/ubna_data_01_mir/recover-20220808/UBNA_014/20220807_060000.WAV,Foliage,recover-20220808,014,1795
1465.5905,1465.6073,22890,28979,Nyctalus noctula,0.217,0.511,-1,Echolocation,/mnt/ubna_data_01_mir/recover-20220808/UBNA_014/20220807_060000.WAV,Foliage,recover-20220808,014,1795
1465.7415,1465.7576,22890,27601,Nyctalus leisleri,0.299,0.561,-1,Echolocation,/mnt/ubna_data_01_mir/recover-20220808/UBNA_014/20220807_060000.WAV,Foliage,recover-20220808,014,1795
1466.0115,1466.0294,22031,27833,Nyctalus noctula,0.393,0.619,-1,Echolocation,/mnt/ubna_data_01_mir/recover-20220808/UBNA_014/20220807_060000.WAV,Foliage,recover-20220808,014,1795
1466.2755,1466.297,22031,27177,Nyctalus leisleri,0.249,0.504,-1,Echolocation,/mnt/ubna_data_01_mir/recover-20220808/UBNA_014/20220807_060000.WAV,Foliage,recover-20220808,014,1795
1466.5515,1466.5725,22031,26341,Nyctalus leisleri,0.306,0.46,-1,Echolocation,/mnt/ubna_data_01_mir/recover-20220808/UBNA_014/20220807_060000.WAV,Foliage,recover-20220808,014,1795
1466.8215,1466.8444,22031,25707,Nyctalus leisleri,0.424,0.492,-1,Echolocation,/mnt/ubna_data_01_mir/recover-20220808/UBNA_014/20220807_060000.WAV,Foliage,recover-20220808,014,1795
1466.9585,1466.9749,22890,27616,Nyctalus leisleri,0.286,0.484,-1,Echolocation,/mnt/ubna_data_01_mir/recover-20220808/UBNA_014/20220807_060000.WAV,Foliage,recover-20220808,014,1795
1467.1075,1467.1235,22890,26968,Nyctalus leisleri,0.49,0.599,-1,Echolocation,/mnt/ubna_data_01_mir/recover-20220808/UBNA_014/20220807_060000.WAV,Foliage,recover-20220808,014,1795
1467.3615,1467.3804,22031,26289,Nyctalus leisleri,0.388,0.511,-1,Echolocation,/mnt/ubna_data_01_mir/recover-20220808/UBNA_014/20220807_060000.WAV,Foliage,recover-20220808,014,1795
1467.6395,1467.6594,22890,26550,Nyctalus leisleri,0.306,0.408,-1,Echolocation,/mnt/ubna_data_01_mir/recover-20220808/UBNA_014/20220807_060000.WAV,Foliage,recover-20220808,014,1795
1467.9145,1467.9357,22031,26384,Nyctalus leisleri,0.197,0.376,-1,Echolocation,/mnt/ubna_data_01_mir/recover-20220808/UBNA_014/20220807_060000.WAV,Foliage,recover-20220808,014,1795
1468.1875,1468.2103,22031,26633,Nyctalus noctula,0.215,0.433,-1,Echolocation,/mnt/ubna_data_01_mir/recover-20220808/UBNA_014/20220807_060000.WAV,Foliage,recover-20220808,014,1795
1468.3655,1468.3859,22890,28139,Nyctalus leisleri,0.178,0.392,-1,Echolocation,/mnt/ubna_data_01_mir/recover-20220808/UBNA_014/20220807_060000.WAV,Foliage,recover-20220808,014,1795
1468.5285,1468.5474,22031,27199,Nyctalus leisleri,0.214,0.451,-1,Echolocation,/mnt/ubna_data_01_mir/recover-20220808/UBNA_014/20220807_060000.WAV,Foliage,recover-20220808,014,1795
1468.6955,1468.7149,22890,26610,Nyctalus leisleri,0.196,0.309,-1,Echolocation,/mnt/ubna_data_01_mir/recover-20220808/UBNA_014/20220807_060000.WAV,Foliage,recover-20220808,014,1795
1468.9605,1468.983,22031,26699,Nyctalus leisleri,0.33,0.42,-1,Echolocation,/mnt/ubna_data_01_mir/recover-20220808/UBNA_014/20220807_060000.WAV,Foliage,recover-20220808,014,1795
1477.8835,1477.8995,22031,27215,Nyctalus noctula,0.155,0.359,-1,Echolocation,/mnt/ubna_data_01_mir/recover-20220808/UBNA_014/20220807_060000.WAV,Foliage,recover-20220808,014,1795
1478.0545,1478.0745,23750,27795,Nyctalus leisleri,0.141,0.239,-1,Echolocation,/mnt/ubna_data_01_mir/recover-20220808/UBNA_014/20220807_060000.WAV,Foliage,recover-20220808,014,1795
1478.8835,1478.903,22031,25917,Nyctalus noctula,0.084,0.205,-1,Echolocation,/mnt/ubna_data_01_mir/recover-20220808/UBNA_014/20220807_060000.WAV,Foliage,recover-20220808,014,1795
1479.3185,1479.3366,22031,25467,Nyctalus leisleri,0.258,0.352,-1,Echolocation,/mnt/ubna_data_01_mir/recover-20220808/UBNA_014/20220807_060000.WAV,Foliage,recover-20220808,014,1795
1479.8295,1479.8553,22031,26521,Nyctalus leisleri,0.111,0.232,-1,Echolocation,/mnt/ubna_data_01_mir/recover-20220808/UBNA_014/20220807_060000.WAV,Foliage,recover-20220808,014,1795
1485.4565,1485.476,22890,27681,Nyctalus leisleri,0.09,0.207,-1,Echolocation,/mnt/ubna_data_01_mir/recover-20220808/UBNA_014/20220807_060000.WAV,Foliage,recover-20220808,014,1795
1485.5935,1485.6077,23750,28510,Nyctalus leisleri,0.16,0.31,-1,Echolocation,/mnt/ubna_data_01_mir/recover-20220808/UBNA_014/20220807_060000.WAV,Foliage,recover-20220808,014,1795
1496.9225,1496.9382,22890,26831,Nyctalus leisleri,0.396,0.487,-1,Echolocation,/mnt/ubna_data_01_mir/recover-20220808/UBNA_014/20220807_060000.WAV,Foliage,recover-20220808,014,1795
1503.4665,1503.4801,22890,28986,Eptesicus serotinus,0.181,0.435,-1,Echolocation,/mnt/ubna_data_01_mir/recover-20220808/UBNA_014/20220807_060000.WAV,Foliage,recover-20220808,014,1795
1503.6175,1503.6263,24609,31954,Eptesicus serotinus,0.278,0.566,-1,Echolocation,/mnt/ubna_data_01_mir/recover-20220808/UBNA_014/20220807_060000.WAV,Foliage,recover-20220808,014,1795
1503.7625,1503.7711,25468,32825,Eptesicus serotinus,0.315,0.577,-1,Echolocation,/mnt/ubna_data_01_mir/recover-20220808/UBNA_014/20220807_060000.WAV,Foliage,recover-20220808,014,1795
1503.9055,1503.9163,23750,31370,Eptesicus serotinus,0.257,0.633,-1,Echolocation,/mnt/ubna_data_01_mir/recover-20220808/UBNA_014/20220807_060000.WAV,Foliage,recover-20220808,014,1795
1504.6015,1504.6212,23750,27537,Nyctalus leisleri,0.115,0.202,-1,Echolocation,/mnt/ubna_data_01_mir/recover-20220808/UBNA_014/20220807_060000.WAV,Foliage,recover-20220808,014,1795
1504.7455,1504.7664,23750,28941,Nyctalus leisleri,0.134,0.276,-1,Echolocation,/mnt/ubna_data_01_mir/recover-20220808/UBNA_014/20220807_060000.WAV,Foliage,recover-20220808,014,1795
1505.6915,1505.7084,22890,27354,Nyctalus leisleri,0.375,0.537,-1,Echolocation,/mnt/ubna_data_01_mir/recover-20220808/UBNA_014/20220807_060000.WAV,Foliage,recover-20220808,014,1795
1505.8405,1505.8601,23750,28844,Nyctalus leisleri,0.196,0.392,-1,Echolocation,/mnt/ubna_data_01_mir/recover-20220808/UBNA_014/20220807_060000.WAV,Foliage,recover-20220808,014,1795
1506.2565,1506.2762,23750,27639,Nyctalus leisleri,0.267,0.355,-1,Echolocation,/mnt/ubna_data_01_mir/recover-20220808/UBNA_014/20220807_060000.WAV,Foliage,recover-20220808,014,1795
1506.5215,1506.5344,23750,29134,Nyctalus leisleri,0.173,0.388,-1,Echolocation,/mnt/ubna_data_01_mir/recover-20220808/UBNA_014/20220807_060000.WAV,Foliage,recover-20220808,014,1795
1506.6775,1506.6967,22890,27012,Nyctalus leisleri,0.224,0.342,-1,Echolocation,/mnt/ubna_data_01_mir/recover-20220808/UBNA_014/20220807_060000.WAV,Foliage,recover-20220808,014,1795
1506.9575,1506.9748,22890,25813,Nyctalus leisleri,0.542,0.581,-1,Echolocation,/mnt/ubna_data_01_mir/recover-20220808/UBNA_014/20220807_060000.WAV,Foliage,recover-20220808,014,1795
1507.5295,1507.546,22890,26878,Nyctalus leisleri,0.426,0.478,-1,Echolocation,/mnt/ubna_data_01_mir/recover-20220808/UBNA_014/20220807_060000.WAV,Foliage,recover-20220808,014,1795
1508.0875,1508.1087,22890,27708,Nyctalus leisleri,0.252,0.404,-1,Echolocation,/mnt/ubna_data_01_mir/recover-20220808/UBNA_014/20220807_060000.WAV,Foliage,recover-20220808,014,1795
1508.6455,1508.6629,22890,25951,Nyctalus leisleri,0.592,0.625,-1,Echolocation,/mnt/ubna_data_01_mir/recover-20220808/UBNA_014/20220807_060000.WAV,Foliage,recover-20220808,014,1795
1508.9155,1508.9422,22031,26400,Nyctalus leisleri,0.113,0.262,-1,Echolocation,/mnt/ubna_data_01_mir/recover-20220808/UBNA_014/20220807_060000.WAV,Foliage,recover-20220808,014,1795
1508.9225,1508.9446,22031,25501,Nyctalus leisleri,0.254,0.303,-1,Echolocation,/mnt/ubna_data_01_mir/recover-20220808/UBNA_014/20220807_060000.WAV,Foliage,recover-20220808,014,1795
1509.1955,1509.2142,22031,25903,Nyctalus leisleri,0.352,0.446,-1,Echolocation,/mnt/ubna_data_01_mir/recover-20220808/UBNA_014/20220807_060000.WAV,Foliage,recover-20220808,014,1795
1509.7385,1509.7599,22031,26918,Nyctalus noctula,0.162,0.318,-1,Echolocation,/mnt/ubna_data_01_mir/recover-20220808/UBNA_014/20220807_060000.WAV,Foliage,recover-20220808,014,1795
1510.4435,1510.4618,22890,26311,Nyctalus leisleri,0.311,0.382,-1,Echolocation,/mnt/ubna_data_01_mir/recover-20220808/UBNA_014/20220807_060000.WAV,Foliage,recover-20220808,014,1795
1510.9815,1510.9999,22031,26832,Nyctalus leisleri,0.295,0.424,-1,Echolocation,/mnt/ubna_data_01_mir/recover-20220808/UBNA_014/20220807_060000.WAV,Foliage,recover-20220808,014,1795
1511.2495,1511.2599,22031,29727,Nyctalus noctula,0.101,0.333,-1,Echolocation,/mnt/ubna_data_01_mir/recover-20220808/UBNA_014/20220807_060000.WAV,Foliage,recover-20220808,014,1795
1516.2825,1516.3021,22890,27939,Nyctalus leisleri,0.099,0.236,-1,Echolocation,/mnt/ubna_data_01_mir/recover-20220808/UBNA_014/20220807_060000.WAV,Foliage,recover-20220808,014,1795
1524.3445,1524.3607,22890,27512,Nyctalus leisleri,0.084,0.218,-1,Echolocation,/mnt/ubna_data_01_mir/recover-20220808/UBNA_014/20220807_060000.WAV,Foliage,recover-20220808,014,1795
1524.6155,1524.6326,22890,27455,Nyctalus leisleri,0.266,0.462,-1,Echolocation,/mnt/ubna_data_01_mir/recover-20220808/UBNA_014/20220807_060000.WAV,Foliage,recover-20220808,014,1795
1524.8785,1524.8899,22890,28386,Nyctalus leisleri,0.233,0.545,-1,Echolocation,/mnt/ubna_data_01_mir/recover-20220808/UBNA_014/20220807_060000.WAV,Foliage,recover-20220808,014,1795
1525.1495,1525.1635,22890,29867,Nyctalus leisleri,0.263,0.623,-1,Echolocation,/mnt/ubna_data_01_mir/recover-20220808/UBNA_014/20220807_060000.WAV,Foliage,recover-20220808,014,1795
1526.9635,1526.9794,22890,26662,Nyctalus leisleri,0.098,0.225,-1,Echolocation,/mnt/ubna_data_01_mir/recover-20220808/UBNA_014/20220807_060000.WAV,Foliage,recover-20220808,014,1795
1530.0225,1530.0395,22031,26757,Nyctalus leisleri,0.163,0.363,-1,Echolocation,/mnt/ubna_data_01_mir/recover-20220808/UBNA_014/20220807_060000.WAV,Foliage,recover-20220808,014,1795
1533.6565,1533.6771,23750,27848,Nyctalus leisleri,0.2,0.311,-1,Echolocation,/mnt/ubna_data_01_mir/recover-20220808/UBNA_014/20220807_060000.WAV,Foliage,recover-20220808,014,1795
1534.2565,1534.2755,22031,27055,Nyctalus leisleri,0.196,0.434,-1,Echolocation,/mnt/ubna_data_01_mir/recover-20220808/UBNA_014/20220807_060000.WAV,Foliage,recover-20220808,014,1795
1534.4905,1534.5075,23750,27550,Nyctalus leisleri,0.183,0.304,-1,Echolocation,/mnt/ubna_data_01_mir/recover-20220808/UBNA_014/20220807_060000.WAV,Foliage,recover-20220808,014,1795
1534.5325,1534.5486,22031,26692,Nyctalus noctula,0.267,0.45,-1,Echolocation,/mnt/ubna_data_01_mir/recover-20220808/UBNA_014/20220807_060000.WAV,Foliage,recover-20220808,014,1795
1534.7365,1534.7525,22890,28711,Nyctalus leisleri,0.29,0.465,-1,Echolocation,/mnt/ubna_data_01_mir/recover-20220808/UBNA_014/20220807_060000.WAV,Foliage,recover-20220808,014,1795
1534.9245,1534.942,22890,27255,Nyctalus leisleri,0.171,0.309,-1,Echolocation,/mnt/ubna_data_01_mir/recover-20220808/UBNA_014/20220807_060000.WAV,Foliage,recover-20220808,014,1795
1537.2195,1537.2326,22890,29308,Nyctalus leisleri,0.074,0.201,-1,Echolocation,/mnt/ubna_data_01_mir/recover-20220808/UBNA_014/20220807_060000.WAV,Foliage,recover-20220808,014,1795
1538.5185,1538.534,22890,27233,Nyctalus leisleri,0.149,0.238,-1,Echolocation,/mnt/ubna_data_01_mir/recover-20220808/UBNA_014/20220807_060000.WAV,Foliage,recover-20220808,014,1795
1541.2825,1541.2982,22890,26966,Nyctalus leisleri,0.518,0.614,-1,Echolocation,/mnt/ubna_data_01_mir/recover-20220808/UBNA_014/20220807_060000.WAV,Foliage,recover-20220808,014,1795
1541.6675,1541.6852,22890,28044,Nyctalus leisleri,0.279,0.502,-1,Echolocation,/mnt/ubna_data_01_mir/recover-20220808/UBNA_014/20220807_060000.WAV,Foliage,recover-20220808,014,1795
1541.9215,1541.9394,23750,27565,Nyctalus leisleri,0.367,0.452,-1,Echolocation,/mnt/ubna_data_01_mir/recover-20220808/UBNA_014/20220807_060000.WAV,Foliage,recover-20220808,014,1795
1542.3105,1542.3286,22890,27291,Nyctalus leisleri,0.391,0.5,-1,Echolocation,/mnt/ubna_data_01_mir/recover-20220808/UBNA_014/20220807_060000.WAV,Foliage,recover-20220808,014,1795
1542.6845,1542.7038,22890,26990,Nyctalus leisleri,0.326,0.42,-1,Echolocation,/mnt/ubna_data_01_mir/recover-20220808/UBNA_014/20220807_060000.WAV,Foliage,recover-20220808,014,1795
1543.0585,1543.0771,22890,27717,Nyctalus leisleri,0.343,0.497,-1,Echolocation,/mnt/ubna_data_01_mir/recover-20220808/UBNA_014/20220807_060000.WAV,Foliage,recover-20220808,014,1795
1543.3195,1543.3426,22890,28109,Nyctalus leisleri,0.136,0.35,-1,Echolocation,/mnt/ubna_data_01_mir/recover-20220808/UBNA_014/20220807_060000.WAV,Foliage,recover-20220808,014,1795
1543.8085,1543.8278,22890,28009,Nyctalus noctula,0.176,0.411,-1,Echolocation,/mnt/ubna_data_01_mir/recover-20220808/UBNA_014/20220807_060000.WAV,Foliage,recover-20220808,014,1795
1544.0775,1544.0944,23750,28962,Nyctalus leisleri,0.196,0.375,-1,Echolocation,/mnt/ubna_data_01_mir/recover-20220808/UBNA_014/20220807_060000.WAV,Foliage,recover-20220808,014,1795
1544.4505,1544.4711,22890,27473,Nyctalus leisleri,0.255,0.4,-1,Echolocation,/mnt/ubna_data_01_mir/recover-20220808/UBNA_014/20220807_060000.WAV,Foliage,recover-20220808,014,1795
1544.7045,1544.7259,22890,28007,Nyctalus leisleri,0.196,0.36,-1,Echolocation,/mnt/ubna_data_01_mir/recover-20220808/UBNA_014/20220807_060000.WAV,Foliage,recover-20220808,014,1795
1545.1985,1545.2157,22890,26694,Nyctalus leisleri,0.507,0.615,-1,Echolocation,/mnt/ubna_data_01_mir/recover-20220808/UBNA_014/20220807_060000.WAV,Foliage,recover-20220808,014,1795
1545.4605,1545.4772,23750,27971,Nyctalus leisleri,0.31,0.506,-1,Echolocation,/mnt/ubna_data_01_mir/recover-20220808/UBNA_014/20220807_060000.WAV,Foliage,recover-20220808,014,1795
1545.7185,1545.7351,22890,28722,Nyctalus leisleri,0.393,0.599,-1,Echolocation,/mnt/ubna_data_01_mir/recover-20220808/UBNA_014/20220807_060000.WAV,Foliage,recover-20220808,014,1795
1545.9775,1545.9948,22890,27857,Nyctalus leisleri,0.307,0.553,-1,Echolocation,/mnt/ubna_data_01_mir/recover-20220808/UBNA_014/20220807_060000.WAV,Foliage,recover-20220808,014,1795
1546.2325,1546.2485,22890,28334,Nyctalus leisleri,0.283,0.564,-1,Echolocation,/mnt/ubna_data_01_mir/recover-20220808/UBNA_014/20220807_060000.WAV,Foliage,recover-20220808,014,1795
1546.4945,1546.5101,22890,27842,Nyctalus leisleri,0.383,0.599,-1,Echolocation,/mnt/ubna_data_01_mir/recover-20220808/UBNA_014/20220807_060000.WAV,Foliage,recover-20220808,014,1795
1546.7575,1546.7725,22890,28199,Nyctalus leisleri,0.401,0.596,-1,Echolocation,/mnt/ubna_data_01_mir/recover-20220808/UBNA_014/20220807_060000.WAV,Foliage,recover-20220808,014,1795
1547.0205,1547.0355,22890,28383,Nyctalus leisleri,0.297,0.589,-1,Echolocation,/mnt/ubna_data_01_mir/recover-20220808/UBNA_014/20220807_060000.WAV,Foliage,recover-20220808,014,1795
1547.2825,1547.2961,22890,29960,Nyctalus leisleri,0.297,0.637,-1,Echolocation,/mnt/ubna_data_01_mir/recover-20220808/UBNA_014/20220807_060000.WAV,Foliage,recover-20220808,014,1795
1547.5425,1547.5657,22890,28116,Nyctalus leisleri,0.166,0.329,-1,Echolocation,/mnt/ubna_data_01_mir/recover-20220808/UBNA_014/20220807_060000.WAV,Foliage,recover-20220808,014,1795
1547.9315,1547.9448,22890,28631,Nyctalus leisleri,0.369,0.615,-1,Echolocation,/mnt/ubna_data_01_mir/recover-20220808/UBNA_014/20220807_060000.WAV,Foliage,recover-20220808,014,1795
1548.1975,1548.2125,22890,27359,Nyctalus leisleri,0.423,0.573,-1,Echolocation,/mnt/ubna_data_01_mir/recover-20220808/UBNA_014/20220807_060000.WAV,Foliage,recover-20220808,014,1795
1548.5895,1548.6032,22031,28811,Nyctalus noctula,0.281,0.672,-1,Echolocation,/mnt/ubna_data_01_mir/recover-20220808/UBNA_014/20220807_060000.WAV,Foliage,recover-20220808,014,1795
1548.8485,1548.8653,22890,28525,Nyctalus leisleri,0.144,0.396,-1,Echolocation,/mnt/ubna_data_01_mir/recover-20220808/UBNA_014/20220807_060000.WAV,Foliage,recover-20220808,014,1795
1549.1115,1549.1282,22890,27891,Nyctalus noctula,0.229,0.491,-1,Echolocation,/mnt/ubna_data_01_mir/recover-20220808/UBNA_014/20220807_060000.WAV,Foliage,recover-20220808,014,1795
1549.2605,1549.2759,24609,30640,Nyctalus leisleri,0.203,0.415,-1,Echolocation,/mnt/ubna_data_01_mir/recover-20220808/UBNA_014/20220807_060000.WAV,Foliage,recover-20220808,014,1795
1549.5155,1549.5392,22890,27152,Nyctalus noctula,0.09,0.227,-1,Echolocation,/mnt/ubna_data_01_mir/recover-20220808/UBNA_014/20220807_060000.WAV,Foliage,recover-20220808,014,1795
1549.7915,1549.8104,22890,27874,Nyctalus leisleri,0.181,0.358,-1,Echolocation,/mnt/ubna_data_01_mir/recover-20220808/UBNA_014/20220807_060000.WAV,Foliage,recover-20220808,014,1795
1551.9235,1551.9406,22031,26061,Nyctalus leisleri,0.09,0.205,-1,Echolocation,/mnt/ubna_data_01_mir/recover-20220808/UBNA_014/20220807_060000.WAV,Foliage,recover-20220808,014,1795
1553.7835,1553.8007,23750,28575,Nyctalus leisleri,0.131,0.272,-1,Echolocation,/mnt/ubna_data_01_mir/recover-20220808/UBNA_014/20220807_060000.WAV,Foliage,recover-20220808,014,1795
1554.3935,1554.4121,23750,29042,Eptesicus serotinus,0.085,0.208,-1,Echolocation,/mnt/ubna_data_01_mir/recover-20220808/UBNA_014/20220807_060000.WAV,Foliage,recover-20220808,014,1795
1559.6275,1559.6507,22890,26403,Nyctalus leisleri,0.145,0.229,-1,Echolocation,/mnt/ubna_data_01_mir/recover-20220808/UBNA_014/20220807_060000.WAV,Foliage,recover-20220808,014,1795
1560.2105,1560.2371,22031,26905,Nyctalus noctula,0.118,0.251,-1,Echolocation,/mnt/ubna_data_01_mir/recover-20220808/UBNA_014/20220807_060000.WAV,Foliage,recover-20220808,014,1795
1560.3785,1560.3986,22890,28737,Nyctalus leisleri,0.134,0.294,-1,Echolocation,/mnt/ubna_data_01_mir/recover-20220808/UBNA_014/20220807_060000.WAV,Foliage,recover-20220808,014,1795
1562.5995,1562.6148,22890,27371,Nyctalus leisleri,0.332,0.469,-1,Echolocation,/mnt/ubna_data_01_mir/recover-20220808/UBNA_014/20220807_060000.WAV,Foliage,recover-20220808,014,1795
1562.9145,1562.9341,23750,28014,Nyctalus leisleri,0.118,0.239,-1,Echolocation,/mnt/ubna_data_01_mir/recover-20220808/UBNA_014/20220807_060000.WAV,Foliage,recover-20220808,014,1795
1563.5515,1563.5711,22890,26296,Nyctalus leisleri,0.143,0.247,-1,Echolocation,/mnt/ubna_data_01_mir/recover-20220808/UBNA_014/20220807_060000.WAV,Foliage,recover-20220808,014,1795
1563.8645,1563.8789,25468,29037,Nyctalus leisleri,0.165,0.258,-1,Echolocation,/mnt/ubna_data_01_mir/recover-20220808/UBNA_014/20220807_060000.WAV,Foliage,recover-20220808,014,1795
1564.2675,1564.2863,22890,27978,Nyctalus leisleri,0.168,0.378,-1,Echolocation,/mnt/ubna_data_01_mir/recover-20220808/UBNA_014/20220807_060000.WAV,Foliage,recover-20220808,014,1795
1564.9375,1564.9574,22890,27909,Nyctalus leisleri,0.247,0.401,-1,Echolocation,/mnt/ubna_data_01_mir/recover-20220808/UBNA_014/20220807_060000.WAV,Foliage,recover-20220808,014,1795
1566.6535,1566.6745,21171,24658,Nyctalus leisleri,0.14,0.245,-1,Echolocation,/mnt/ubna_data_01_mir/recover-20220808/UBNA_014/20220807_060000.WAV,Foliage,recover-20220808,014,1795
1567.8325,1567.8495,22890,25918,Nyctalus leisleri,0.331,0.392,-1,Echolocation,/mnt/ubna_data_01_mir/recover-20220808/UBNA_014/20220807_060000.WAV,Foliage,recover-20220808,014,1795
1567.9845,1567.9981,23750,28406,Nyctalus leisleri,0.189,0.3,-1,Echolocation,/mnt/ubna_data_01_mir/recover-20220808/UBNA_014/20220807_060000.WAV,Foliage,recover-20220808,014,1795
1568.8785,1568.8919,22031,27875,Nyctalus leisleri,0.3,0.543,-1,Echolocation,/mnt/ubna_data_01_mir/recover-20220808/UBNA_014/20220807_060000.WAV,Foliage,recover-20220808,014,1795
1569.0505,1569.0639,22890,28319,Nyctalus leisleri,0.163,0.347,-1,Echolocation,/mnt/ubna_data_01_mir/recover-20220808/UBNA_014/20220807_060000.WAV,Foliage,recover-20220808,014,1795
1569.3405,1569.3567,22890,27444,Nyctalus leisleri,0.349,0.451,-1,Echolocation,/mnt/ubna_data_01_mir/recover-20220808/UBNA_014/20220807_060000.WAV,Foliage,recover-20220808,014,1795
1569.9355,1569.9548,22031,26738,Nyctalus leisleri,0.343,0.454,-1,Echolocation,/mnt/ubna_data_01_mir/recover-20220808/UBNA_014/20220807_060000.WAV,Foliage,recover-20220808,014,1795
1570.5385,1570.559,22031,25572,Nyctalus leisleri,0.204,0.279,-1,Echolocation,/mnt/ubna_data_01_mir/recover-20220808/UBNA_014/20220807_060000.WAV,Foliage,recover-20220808,014,1795
1571.1225,1571.1407,22031,25923,Nyctalus leisleri,0.246,0.368,-1,Echolocation,/mnt/ubna_data_01_mir/recover-20220808/UBNA_014/20220807_060000.WAV,Foliage,recover-20220808,014,1795
1571.2985,1571.3194,22031,26431,Nyctalus leisleri,0.233,0.353,-1,Echolocation,/mnt/ubna_data_01_mir/recover-20220808/UBNA_014/20220807_060000.WAV,Foliage,recover-20220808,014,1795
1571.5045,1571.5229,22031,26693,Nyctalus leisleri,0.363,0.464,-1,Echolocation,/mnt/ubna_data_01_mir/recover-20220808/UBNA_014/20220807_060000.WAV,Foliage,recover-20220808,014,1795
1578.3755,1578.3908,25468,29158,Nyctalus leisleri,0.348,0.493,-1,Echolocation,/mnt/ubna_data_01_mir/recover-20220808/UBNA_014/20220807_060000.WAV,Foliage,recover-20220808,014,1795
1578.6365,1578.6494,25468,30236,Nyctalus leisleri,0.293,0.494,-1,Echolocation,/mnt/ubna_data_01_mir/recover-20220808/UBNA_014/20220807_060000.WAV,Foliage,recover-20220808,014,1795
1580.4075,1580.4287,23750,28034,Nyctalus leisleri,0.13,0.239,-1,Echolocation,/mnt/ubna_data_01_mir/recover-20220808/UBNA_014/20220807_060000.WAV,Foliage,recover-20220808,014,1795
1580.6665,1580.6877,22890,26309,Nyctalus leisleri,0.124,0.221,-1,Echolocation,/mnt/ubna_data_01_mir/recover-20220808/UBNA_014/20220807_060000.WAV,Foliage,recover-20220808,014,1795
1581.1215,1581.145,24609,28140,Nyctalus leisleri,0.16,0.229,-1,Echolocation,/mnt/ubna_data_01_mir/recover-20220808/UBNA_014/20220807_060000.WAV,Foliage,recover-20220808,014,1795
1581.2015,1581.2235,22031,27375,Nyctalus noctula,0.169,0.349,-1,Echolocation,/mnt/ubna_data_01_mir/recover-20220808/UBNA_014/20220807_060000.WAV,Foliage,recover-20220808,014,1795
1581.5965,1581.617,22890,26647,Nyctalus leisleri,0.407,0.469,-1,Echolocation,/mnt/ubna_data_01_mir/recover-20220808/UBNA_014/20220807_060000.WAV,Foliage,recover-20220808,014,1795
1581.8495,1581.8742,22890,27677,Nyctalus leisleri,0.155,0.296,-1,Echolocation,/mnt/ubna_data_01_mir/recover-20220808/UBNA_014/20220807_060000.WAV,Foliage,recover-20220808,014,1795
1582.1045,1582.1191,22890,27109,Nyctalus leisleri,0.119,0.278,-1,Echolocation,/mnt/ubna_data_01_mir/recover-20220808/UBNA_014/20220807_060000.WAV,Foliage,recover-20220808,014,1795
1582.3635,1582.3885,22890,26760,Nyctalus leisleri,0.145,0.234,-1,Echolocation,/mnt/ubna_data_01_mir/recover-20220808/UBNA_014/20220807_060000.WAV,Foliage,recover-20220808,014,1795
1582.9115,1582.9348,22890,27521,Nyctalus noctula,0.122,0.259,-1,Echolocation,/mnt/ubna_data_01_mir/recover-20220808/UBNA_014/20220807_060000.WAV,Foliage,recover-20220808,014,1795
1582.9885,1583.0047,25468,29694,Nyctalus leisleri,0.23,0.34,-1,Echolocation,/mnt/ubna_data_01_mir/recover-20220808/UBNA_014/20220807_060000.WAV,Foliage,recover-20220808,014,1795
1583.1815,1583.2015,22031,26567,Nyctalus leisleri,0.226,0.411,-1,Echolocation,/mnt/ubna_data_01_mir/recover-20220808/UBNA_014/20220807_060000.WAV,Foliage,recover-20220808,014,1795
1583.3795,1583.3978,24609,30090,Nyctalus leisleri,0.111,0.237,-1,Echolocation,/mnt/ubna_data_01_mir/recover-20220808/UBNA_014/20220807_060000.WAV,Foliage,recover-20220808,014,1795
1583.7305,1583.7551,22031,26048,Nyctalus leisleri,0.137,0.282,-1,Echolocation,/mnt/ubna_data_01_mir/recover-20220808/UBNA_014/20220807_060000.WAV,Foliage,recover-20220808,014,1795
1585.2435,1585.2666,22890,26599,Nyctalus leisleri,0.16,0.255,-1,Echolocation,/mnt/ubna_data_01_mir/recover-20220808/UBNA_014/20220807_060000.WAV,Foliage,recover-20220808,014,1795
1585.6835,1585.7064,22031,26020,Nyctalus leisleri,0.218,0.31,-1,Echolocation,/mnt/ubna_data_01_mir/recover-20220808/UBNA_014/20220807_060000.WAV,Foliage,recover-20220808,014,1795
1586.2145,1586.232,22031,26907,Nyctalus leisleri,0.221,0.393,-1,Echolocation,/mnt/ubna_data_01_mir/recover-20220808/UBNA_014/20220807_060000.WAV,Foliage,recover-20220808,014,1795
1586.4825,1586.4991,22890,27067,Nyctalus leisleri,0.375,0.472,-1,Echolocation,/mnt/ubna_data_01_mir/recover-20220808/UBNA_014/20220807_060000.WAV,Foliage,recover-20220808,014,1795
1587.9595,1587.9825,22031,26910,Nyctalus leisleri,0.176,0.299,-1,Echolocation,/mnt/ubna_data_01_mir/recover-20220808/UBNA_014/20220807_060000.WAV,Foliage,recover-20220808,014,1795
1588.2245,1588.245,22031,26956,Nyctalus leisleri,0.227,0.372,-1,Echolocation,/mnt/ubna_data_01_mir/recover-20220808/UBNA_014/20220807_060000.WAV,Foliage,recover-20220808,014,1795
1589.9485,1589.9668,22890,26490,Nyctalus leisleri,0.274,0.375,-1,Echolocation,/mnt/ubna_data_01_mir/recover-20220808/UBNA_014/20220807_060000.WAV,Foliage,recover-20220808,014,1795
1590.4775,1590.4946,22890,25818,Nyctalus leisleri,0.233,0.328,-1,Echolocation,/mnt/ubna_data_01_mir/recover-20220808/UBNA_014/20220807_060000.WAV,Foliage,recover-20220808,014,1795
1591.0125,1591.0333,21171,24757,Nyctalus leisleri,0.125,0.234,-1,Echolocation,/mnt/ubna_data_01_mir/recover-20220808/UBNA_014/20220807_060000.WAV,Foliage,recover-20220808,014,1795
1592.5155,1592.5318,22031,26662,Nyctalus leisleri,0.189,0.363,-1,Echolocation,/mnt/ubna_data_01_mir/recover-20220808/UBNA_014/20220807_060000.WAV,Foliage,recover-20220808,014,1795
1592.7845,1592.7997,22031,26958,Nyctalus leisleri,0.254,0.446,-1,Echolocation,/mnt/ubna_data_01_mir/recover-20220808/UBNA_014/20220807_060000.WAV,Foliage,recover-20220808,014,1795
1592.9175,1592.9349,22031,27559,Nyctalus leisleri,0.168,0.428,-1,Echolocation,/mnt/ubna_data_01_mir/recover-20220808/UBNA_014/20220807_060000.WAV,Foliage,recover-20220808,014,1795
1593.1915,1593.2064,22031,26931,Nyctalus leisleri,0.35,0.534,-1,Echolocation,/mnt/ubna_data_01_mir/recover-20220808/UBNA_014/20220807_060000.WAV,Foliage,recover-20220808,014,1795
1593.4565,1593.4753,22031,27683,Nyctalus leisleri,0.232,0.421,-1,Echolocation,/mnt/ubna_data_01_mir/recover-20220808/UBNA_014/20220807_060000.WAV,Foliage,recover-20220808,014,1795
1593.6215,1593.6445,22031,27644,Nyctalus leisleri,0.135,0.294,-1,Echolocation,/mnt/ubna_data_01_mir/recover-20220808/UBNA_014/20220807_060000.WAV,Foliage,recover-20220808,014,1795
1593.7955,1593.8181,22890,27082,Nyctalus leisleri,0.257,0.347,-1,Echolocation,/mnt/ubna_data_01_mir/recover-20220808/UBNA_014/20220807_060000.WAV,Foliage,recover-20220808,014,1795
1594.0515,1594.0701,22890,27564,Nyctalus leisleri,0.204,0.475,-1,Echolocation,/mnt/ubna_data_01_mir/recover-20220808/UBNA_014/20220807_060000.WAV,Foliage,recover-20220808,014,1795
1594.3205,1594.337,22890,27536,Nyctalus leisleri,0.321,0.484,-1,Echolocation,/mnt/ubna_data_01_mir/recover-20220808/UBNA_014/20220807_060000.WAV,Foliage,recover-20220808,014,1795
1594.8195,1594.8376,23750,27596,Nyctalus leisleri,0.168,0.272,-1,Echolocation,/mnt/ubna_data_01_mir/recover-20220808/UBNA_014/20220807_060000.WAV,Foliage,recover-20220808,014,1795
1595.0885,1595.1099,22890,27456,Nyctalus noctula,0.14,0.282,-1,Echolocation,/mnt/ubna_data_01_mir/recover-20220808/UBNA_014/20220807_060000.WAV,Foliage,recover-20220808,014,1795
1596.4305,1596.4541,22031,25905,Nyctalus noctula,0.105,0.224,-1,Echolocation,/mnt/ubna_data_01_mir/recover-20220808/UBNA_014/20220807_060000.WAV,Foliage,recover-20220808,014,1795
1596.7025,1596.7255,22890,27230,Nyctalus leisleri,0.126,0.228,-1,Echolocation,/mnt/ubna_data_01_mir/recover-20220808/UBNA_014/20220807_060000.WAV,Foliage,recover-20220808,014,1795
1596.9655,1596.9851,22031,26506,Nyctalus noctula,0.088,0.217,-1,Echolocation,/mnt/ubna_data_01_mir/recover-20220808/UBNA_014/20220807_060000.WAV,Foliage,recover-20220808,014,1795
1601.7405,1601.755,22890,28682,Nyctalus leisleri,0.268,0.603,-1,Echolocation,/mnt/ubna_data_01_mir/recover-20220808/UBNA_014/20220807_060000.WAV,Foliage,recover-20220808,014,1795
1602.7535,1602.7676,23750,27868,Nyctalus leisleri,0.119,0.236,-1,Echolocation,/mnt/ubna_data_01_mir/recover-20220808/UBNA_014/20220807_060000.WAV,Foliage,recover-20220808,014,1795
1603.2985,1603.3222,22031,26282,Nyctalus leisleri,0.123,0.254,-1,Echolocation,/mnt/ubna_data_01_mir/recover-20220808/UBNA_014/20220807_060000.WAV,Foliage,recover-20220808,014,1795
1609.8855,1609.9049,22031,26470,Nyctalus leisleri,0.424,0.494,-1,Echolocation,/mnt/ubna_data_01_mir/recover-20220808/UBNA_014/20220807_060000.WAV,Foliage,recover-20220808,014,1795
1610.0195,1610.0342,22890,27802,Nyctalus leisleri,0.498,0.622,-1,Echolocation,/mnt/ubna_data_01_mir/recover-20220808/UBNA_014/20220807_060000.WAV,Foliage,recover-20220808,014,1795
1610.1625,1610.1785,23750,27867,Nyctalus leisleri,0.245,0.344,-1,Echolocation,/mnt/ubna_data_01_mir/recover-20220808/UBNA_014/20220807_060000.WAV,Foliage,recover-20220808,014,1795
1610.3135,1610.3262,23750,28289,Nyctalus leisleri,0.241,0.406,-1,Echolocation,/mnt/ubna_data_01_mir/recover-20220808/UBNA_014/20220807_060000.WAV,Foliage,recover-20220808,014,1795
1610.5885,1610.602,23750,28393,Nyctalus leisleri,0.48,0.605,-1,Echolocation,/mnt/ubna_data_01_mir/recover-20220808/UBNA_014/20220807_060000.WAV,Foliage,recover-20220808,014,1795
1610.8585,1610.8717,23750,29664,Nyctalus leisleri,0.287,0.547,-1,Echolocation,/mnt/ubna_data_01_mir/recover-20220808/UBNA_014/20220807_060000.WAV,Foliage,recover-20220808,014,1795
1611.2745,1611.2917,23750,27588,Nyctalus leisleri,0.308,0.413,-1,Echolocation,/mnt/ubna_data_01_mir/recover-20220808/UBNA_014/20220807_060000.WAV,Foliage,recover-20220808,014,1795
1611.4155,1611.4299,24609,29763,Nyctalus leisleri,0.136,0.263,-1,Echolocation,/mnt/ubna_data_01_mir/recover-20220808/UBNA_014/20220807_060000.WAV,Foliage,recover-20220808,014,1795
1611.5765,1611.5887,23750,28828,Nyctalus leisleri,0.209,0.437,-1,Echolocation,/mnt/ubna_data_01_mir/recover-20220808/UBNA_014/20220807_060000.WAV,Foliage,recover-20220808,014,1795
1613.4725,1613.4853,22890,29842,Nyctalus leisleri,0.204,0.551,-1,Echolocation,/mnt/ubna_data_01_mir/recover-20220808/UBNA_014/20220807_060000.WAV,Foliage,recover-20220808,014,1795
1613.7405,1613.759,22031,27014,Nyctalus leisleri,0.259,0.487,-1,Echolocation,/mnt/ubna_data_01_mir/recover-20220808/UBNA_014/20220807_060000.WAV,Foliage,recover-20220808,014,1795
1614.0665,1614.0845,22890,26721,Nyctalus leisleri,0.393,0.483,-1,Echolocation,/mnt/ubna_data_01_mir/recover-20220808/UBNA_014/20220807_060000.WAV,Foliage,recover-20220808,014,1795
1614.3325,1614.3475,22031,26501,Nyctalus leisleri,0.376,0.523,-1,Echolocation,/mnt/ubna_data_01_mir/recover-20220808/UBNA_014/20220807_060000.WAV,Foliage,recover-20220808,014,1795
1614.7295,1614.7492,22890,26166,Nyctalus leisleri,0.369,0.456,-1,Echolocation,/mnt/ubna_data_01_mir/recover-20220808/UBNA_014/20220807_060000.WAV,Foliage,recover-20220808,014,1795
1614.9825,1614.9977,22890,26701,Nyctalus leisleri,0.478,0.562,-1,Echolocation,/mnt/ubna_data_01_mir/recover-20220808/UBNA_014/20220807_060000.WAV,Foliage,recover-20220808,014,1795
1615.2425,1615.2623,22890,27426,Nyctalus leisleri,0.155,0.329,-1,Echolocation,/mnt/ubna_data_01_mir/recover-20220808/UBNA_014/20220807_060000.WAV,Foliage,recover-20220808,014,1795
1615.4995,1615.5171,22890,25973,Nyctalus leisleri,0.42,0.479,-1,Echolocation,/mnt/ubna_data_01_mir/recover-20220808/UBNA_014/20220807_060000.WAV,Foliage,recover-20220808,014,1795
1615.9255,1615.9393,22890,29277,Nyctalus leisleri,0.272,0.584,-1,Echolocation,/mnt/ubna_data_01_mir/recover-20220808/UBNA_014/20220807_060000.WAV,Foliage,recover-20220808,014,1795
1616.1945,1616.2088,22890,27872,Nyctalus leisleri,0.349,0.583,-1,Echolocation,/mnt/ubna_data_01_mir/recover-20220808/UBNA_014/20220807_060000.WAV,Foliage,recover-20220808,014,1795
1616.3315,1616.3454,24609,29095,Nyctalus leisleri,0.259,0.425,-1,Echolocation,/mnt/ubna_data_01_mir/recover-20220808/UBNA_014/20220807_060000.WAV,Foliage,recover-20220808,014,1795
1616.5915,1616.6086,22890,27757,Nyctalus leisleri,0.304,0.411,-1,Echolocation,/mnt/ubna_data_01_mir/recover-20220808/UBNA_014/20220807_060000.WAV,Foliage,recover-20220808,014,1795
1616.8435,1616.8611,22890,26904,Nyctalus leisleri,0.311,0.492,-1,Echolocation,/mnt/ubna_data_01_mir/recover-20220808/UBNA_014/20220807_060000.WAV,Foliage,recover-20220808,014,1795
1617.1065,1617.1222,22890,27588,Nyctalus leisleri,0.408,0.495,-1,Echolocation,/mnt/ubna_data_01_mir/recover-20220808/UBNA_014/20220807_060000.WAV,Foliage,recover-20220808,014,1795
1617.3515,1617.3739,22031,27707,Nyctalus leisleri,0.153,0.386,-1,Echolocation,/mnt/ubna_data_01_mir/recover-20220808/UBNA_014/20220807_060000.WAV,Foliage,recover-20220808,014,1795
1617.5995,1617.6141,22890,28319,Nyctalus leisleri,0.331,0.568,-1,Echolocation,/mnt/ubna_data_01_mir/recover-20220808/UBNA_014/20220807_060000.WAV,Foliage,recover-20220808,014,1795
1617.8385,1617.8523,24609,28919,Nyctalus leisleri,0.283,0.418,-1,Echolocation,/mnt/ubna_data_01_mir/recover-20220808/UBNA_014/20220807_060000.WAV,Foliage,recover-20220808,014,1795
1618.2275,1618.2435,23750,29165,Nyctalus leisleri,0.287,0.484,-1,Echolocation,/mnt/ubna_data_01_mir/recover-20220808/UBNA_014/20220807_060000.WAV,Foliage,recover-20220808,014,1795
1618.6245,1618.6480999999999,22890,28041,Nyctalus noctula,0.119,0.284,-1,Echolocation,/mnt/ubna_data_01_mir/recover-20220808/UBNA_014/20220807_060000.WAV,Foliage,recover-20220808,014,1795
1619.1485,1619.1625,22890,29141,Nyctalus leisleri,0.302,0.545,-1,Echolocation,/mnt/ubna_data_01_mir/recover-20220808/UBNA_014/20220807_060000.WAV,Foliage,recover-20220808,014,1795
1620.3725,1620.3937,23750,26987,Nyctalus leisleri,0.212,0.267,-1,Echolocation,/mnt/ubna_data_01_mir/recover-20220808/UBNA_014/20220807_060000.WAV,Foliage,recover-20220808,014,1795
1620.5415,1620.5608,23750,27606,Nyctalus leisleri,0.131,0.232,-1,Echolocation,/mnt/ubna_data_01_mir/recover-20220808/UBNA_014/20220807_060000.WAV,Foliage,recover-20220808,014,1795
1631.3085,1631.3328,22890,28159,Nyctalus leisleri,0.122,0.305,-1,Echolocation,/mnt/ubna_data_01_mir/recover-20220808/UBNA_014/20220807_060000.WAV,Foliage,recover-20220808,014,1795
1633.2635,1633.2803,22890,26679,Nyctalus leisleri,0.107,0.234,-1,Echolocation,/mnt/ubna_data_01_mir/recover-20220808/UBNA_014/20220807_060000.WAV,Foliage,recover-20220808,014,1795
1636.5305,1636.5489,21171,25298,Nyctalus leisleri,0.283,0.444,-1,Echolocation,/mnt/ubna_data_01_mir/recover-20220808/UBNA_014/20220807_060000.WAV,Foliage,recover-20220808,014,1795
1639.0215,1639.0346,22890,28153,Nyctalus leisleri,0.212,0.396,-1,Echolocation,/mnt/ubna_data_01_mir/recover-20220808/UBNA_014/20220807_060000.WAV,Foliage,recover-20220808,014,1795
1642.3205,1642.3306,25468,31037,Eptesicus serotinus,0.138,0.249,-1,Echolocation,/mnt/ubna_data_01_mir/recover-20220808/UBNA_014/20220807_060000.WAV,Foliage,recover-20220808,014,1795
1657.0765,1657.0982,22890,26370,Nyctalus leisleri,0.182,0.278,-1,Echolocation,/mnt/ubna_data_01_mir/recover-20220808/UBNA_014/20220807_060000.WAV,Foliage,recover-20220808,014,1795
1659.1725,1659.1955,22890,27551,Nyctalus leisleri,0.138,0.29,-1,Echolocation,/mnt/ubna_data_01_mir/recover-20220808/UBNA_014/20220807_060000.WAV,Foliage,recover-20220808,014,1795
1661.9175,1661.9352,22890,27935,Nyctalus leisleri,0.089,0.25,-1,Echolocation,/mnt/ubna_data_01_mir/recover-20220808/UBNA_014/20220807_060000.WAV,Foliage,recover-20220808,014,1795
1674.0335,1674.0552,23750,27367,Nyctalus leisleri,0.147,0.216,-1,Echolocation,/mnt/ubna_data_01_mir/recover-20220808/UBNA_014/20220807_060000.WAV,Foliage,recover-20220808,014,1795
1675.5545,1675.5719,22890,27912,Nyctalus leisleri,0.282,0.458,-1,Echolocation,/mnt/ubna_data_01_mir/recover-20220808/UBNA_014/20220807_060000.WAV,Foliage,recover-20220808,014,1795
1681.7005,1681.7239,22890,26803,Nyctalus leisleri,0.092,0.214,-1,Echolocation,/mnt/ubna_data_01_mir/recover-20220808/UBNA_014/20220807_060000.WAV,Foliage,recover-20220808,014,1795
1682.2045,1682.2268,23750,27545,Nyctalus leisleri,0.169,0.231,-1,Echolocation,/mnt/ubna_data_01_mir/recover-20220808/UBNA_014/20220807_060000.WAV,Foliage,recover-20220808,014,1795
1682.4535,1682.4747,22890,26940,Nyctalus leisleri,0.295,0.365,-1,Echolocation,/mnt/ubna_data_01_mir/recover-20220808/UBNA_014/20220807_060000.WAV,Foliage,recover-20220808,014,1795
1682.7555,1682.7762,22890,26117,Nyctalus leisleri,0.322,0.388,-1,Echolocation,/mnt/ubna_data_01_mir/recover-20220808/UBNA_014/20220807_060000.WAV,Foliage,recover-20220808,014,1795
1682.9805,1683.0071,22031,26270,Nyctalus noctula,0.123,0.217,-1,Echolocation,/mnt/ubna_data_01_mir/recover-20220808/UBNA_014/20220807_060000.WAV,Foliage,recover-20220808,014,1795
1683.3525,1683.3747,22031,27198,Nyctalus leisleri,0.216,0.405,-1,Echolocation,/mnt/ubna_data_01_mir/recover-20220808/UBNA_014/20220807_060000.WAV,Foliage,recover-20220808,014,1795
1684.2415,1684.2624,22031,26374,Nyctalus leisleri,0.241,0.38,-1,Echolocation,/mnt/ubna_data_01_mir/recover-20220808/UBNA_014/20220807_060000.WAV,Foliage,recover-20220808,014,1795
1684.4145,1684.4288,22890,26798,Nyctalus leisleri,0.379,0.484,-1,Echolocation,/mnt/ubna_data_01_mir/recover-20220808/UBNA_014/20220807_060000.WAV,Foliage,recover-20220808,014,1795
1684.9205,1684.9411,22031,27407,Nyctalus leisleri,0.178,0.39,-1,Echolocation,/mnt/ubna_data_01_mir/recover-20220808/UBNA_014/20220807_060000.WAV,Foliage,recover-20220808,014,1795
1685.2005,1685.2147,22031,27792,Nyctalus leisleri,0.236,0.505,-1,Echolocation,/mnt/ubna_data_01_mir/recover-20220808/UBNA_014/20220807_060000.WAV,Foliage,recover-20220808,014,1795
1685.4745,1685.4934,22031,26335,Nyctalus leisleri,0.221,0.36,-1,Echolocation,/mnt/ubna_data_01_mir/recover-20220808/UBNA_014/20220807_060000.WAV,Foliage,recover-20220808,014,1795
1685.7475,1685.7664,22031,26201,Nyctalus leisleri,0.285,0.374,-1,Echolocation,/mnt/ubna_data_01_mir/recover-20220808/UBNA_014/20220807_060000.WAV,Foliage,recover-20220808,014,1795
1686.0065,1686.0233,22890,27555,Nyctalus leisleri,0.251,0.39,-1,Echolocation,/mnt/ubna_data_01_mir/recover-20220808/UBNA_014/20220807_060000.WAV,Foliage,recover-20220808,014,1795
1686.4395,1686.4549,22031,27040,Nyctalus leisleri,0.269,0.544,-1,Echolocation,/mnt/ubna_data_01_mir/recover-20220808/UBNA_014/20220807_060000.WAV,Foliage,recover-20220808,014,1795
1686.7015,1686.7174,22031,26465,Nyctalus leisleri,0.28,0.526,-1,Echolocation,/mnt/ubna_data_01_mir/recover-20220808/UBNA_014/20220807_060000.WAV,Foliage,recover-20220808,014,1795
1686.9855,1687.0008,22031,27173,Nyctalus leisleri,0.34,0.542,-1,Echolocation,/mnt/ubna_data_01_mir/recover-20220808/UBNA_014/20220807_060000.WAV,Foliage,recover-20220808,014,1795
1687.2575,1687.273,22031,25641,Nyctalus leisleri,0.349,0.46,-1,Echolocation,/mnt/ubna_data_01_mir/recover-20220808/UBNA_014/20220807_060000.WAV,Foliage,recover-20220808,014,1795
1687.6715,1687.6882,22031,26845,Nyctalus leisleri,0.337,0.572,-1,Echolocation,/mnt/ubna_data_01_mir/recover-20220808/UBNA_014/20220807_060000.WAV,Foliage,recover-20220808,014,1795
1688.0805,1688.1014,22031,26978,Nyctalus leisleri,0.163,0.286,-1,Echolocation,/mnt/ubna_data_01_mir/recover-20220808/UBNA_014/20220807_060000.WAV,Foliage,recover-20220808,014,1795
1688.7435,1688.757,22890,28441,Nyctalus leisleri,0.195,0.432,-1,Echolocation,/mnt/ubna_data_01_mir/recover-20220808/UBNA_014/20220807_060000.WAV,Foliage,recover-20220808,014,1795
1689.9015,1689.9198,22890,27021,Nyctalus leisleri,0.213,0.347,-1,Echolocation,/mnt/ubna_data_01_mir/recover-20220808/UBNA_014/20220807_060000.WAV,Foliage,recover-20220808,014,1795
1690.1935,1690.2131,22890,28209,Nyctalus leisleri,0.203,0.392,-1,Echolocation,/mnt/ubna_data_01_mir/recover-20220808/UBNA_014/20220807_060000.WAV,Foliage,recover-20220808,014,1795
1690.4925,1690.5148,22890,26498,Nyctalus leisleri,0.221,0.278,-1,Echolocation,/mnt/ubna_data_01_mir/recover-20220808/UBNA_014/20220807_060000.WAV,Foliage,recover-20220808,014,1795
1702.0755,1702.0857,46953,59508,Pipistrellus pipistrellus,0.363,0.398,-1,Echolocation,/mnt/ubna_data_01_mir/recover-20220808/UBNA_014/20220807_060000.WAV,Foliage,recover-20220808,014,1795
1702.1665,1702.1761,46093,53846,Pipistrellus pipistrellus,0.236,0.246,-1,Echolocation,/mnt/ubna_data_01_mir/recover-20220808/UBNA_014/20220807_060000.WAV,Foliage,recover-20220808,014,1795
1702.2625,1702.2697,46953,56483,Pipistrellus pipistrellus,0.416,0.426,-1,Echolocation,/mnt/ubna_data_01_mir/recover-20220808/UBNA_014/20220807_060000.WAV,Foliage,recover-20220808,014,1795
1702.3565,1702.367,46953,54543,Pipistrellus pipistrellus,0.202,0.214,-1,Echolocation,/mnt/ubna_data_01_mir/recover-20220808/UBNA_014/20220807_060000.WAV,Foliage,recover-20220808,014,1795
1702.5665,1702.5758,45234,61611,Pipistrellus pipistrellus,0.442,0.524,-1,Echolocation,/mnt/ubna_data_01_mir/recover-20220808/UBNA_014/20220807_060000.WAV,Foliage,recover-20220808,014,1795
1702.6535,1702.6659,46953,58845,Pipistrellus pipistrellus,0.424,0.493,-1,Echolocation,/mnt/ubna_data_01_mir/recover-20220808/UBNA_014/20220807_060000.WAV,Foliage,recover-20220808,014,1795
1702.7415,1702.7498,44375,59092,Pipistrellus pipistrellus,0.22,0.343,-1,Echolocation,/mnt/ubna_data_01_mir/recover-20220808/UBNA_014/20220807_060000.WAV,Foliage,recover-20220808,014,1795
1702.8395,1702.8459,47812,61895,Pipistrellus pipistrellus,0.604,0.647,-1,Echolocation,/mnt/ubna_data_01_mir/recover-20220808/UBNA_014/20220807_060000.WAV,Foliage,recover-20220808,014,1795
1702.9315,1702.9386,46953,58528,Pipistrellus pipistrellus,0.549,0.574,-1,Echolocation,/mnt/ubna_data_01_mir/recover-20220808/UBNA_014/20220807_060000.WAV,Foliage,recover-20220808,014,1795
1703.0245,1703.0358,46093,53772,Pipistrellus pipistrellus,0.478,0.546,-1,Echolocation,/mnt/ubna_data_01_mir/recover-20220808/UBNA_014/20220807_060000.WAV,Foliage,recover-20220808,014,1795
1703.1205,1703.1282,45234,60741,Pipistrellus pipistrellus,0.437,0.559,-1,Echolocation,/mnt/ubna_data_01_mir/recover-20220808/UBNA_014/20220807_060000.WAV,Foliage,recover-20220808,014,1795
1703.2185,1703.2255,45234,60942,Pipistrellus pipistrellus,0.315,0.487,-1,Echolocation,/mnt/ubna_data_01_mir/recover-20220808/UBNA_014/20220807_060000.WAV,Foliage,recover-20220808,014,1795
1703.3175,1703.3247,45234,57897,Pipistrellus pipistrellus,0.549,0.586,-1,Echolocation,/mnt/ubna_data_01_mir/recover-20220808/UBNA_014/20220807_060000.WAV,Foliage,recover-20220808,014,1795
1703.4485,1703.4577,46953,63297,Pipistrellus pipistrellus,0.434,0.545,-1,Echolocation,/mnt/ubna_data_01_mir/recover-20220808/UBNA_014/20220807_060000.WAV,Foliage,recover-20220808,014,1795
1703.5315,1703.537,45234,66960,Pipistrellus pipistrellus,0.374,0.495,-1,Echolocation,/mnt/ubna_data_01_mir/recover-20220808/UBNA_014/20220807_060000.WAV,Foliage,recover-20220808,014,1795
1703.6125,1703.62,42656,67025,Pipistrellus pipistrellus,0.306,0.57,-1,Echolocation,/mnt/ubna_data_01_mir/recover-20220808/UBNA_014/20220807_060000.WAV,Foliage,recover-20220808,014,1795
1703.6985,1703.7046,46093,61951,Pipistrellus pipistrellus,0.434,0.512,-1,Echolocation,/mnt/ubna_data_01_mir/recover-20220808/UBNA_014/20220807_060000.WAV,Foliage,recover-20220808,014,1795
1703.7795,1703.7864,45234,65949,Pipistrellus pipistrellus,0.322,0.484,-1,Echolocation,/mnt/ubna_data_01_mir/recover-20220808/UBNA_014/20220807_060000.WAV,Foliage,recover-20220808,014,1795
1703.8495,1703.8563,47812,57788,Pipistrellus pipistrellus,0.39,0.409,-1,Echolocation,/mnt/ubna_data_01_mir/recover-20220808/UBNA_014/20220807_060000.WAV,Foliage,recover-20220808,014,1795
1703.9185,1703.9258,45234,61115,Pipistrellus pipistrellus,0.239,0.413,-1,Echolocation,/mnt/ubna_data_01_mir/recover-20220808/UBNA_014/20220807_060000.WAV,Foliage,recover-20220808,014,1795
1703.9765,1703.9849,46093,59246,Pipistrellus pipistrellus,0.203,0.298,-1,Echolocation,/mnt/ubna_data_01_mir/recover-20220808/UBNA_014/20220807_060000.WAV,Foliage,recover-20220808,014,1795
1704.0425,1704.0493,45234,64209,Pipistrellus pipistrellus,0.243,0.462,-1,Echolocation,/mnt/ubna_data_01_mir/recover-20220808/UBNA_014/20220807_060000.WAV,Foliage,recover-20220808,014,1795
1704.1125,1704.121,47812,60954,Pipistrellus pipistrellus,0.336,0.401,-1,Echolocation,/mnt/ubna_data_01_mir/recover-20220808/UBNA_014/20220807_060000.WAV,Foliage,recover-20220808,014,1795
1704.1795,1704.1854,46093,58178,Pipistrellus pipistrellus,0.51,0.566,-1,Echolocation,/mnt/ubna_data_01_mir/recover-20220808/UBNA_014/20220807_060000.WAV,Foliage,recover-20220808,014,1795
1704.2455,1704.2528,43515,61395,Pipistrellus pipistrellus,0.261,0.486,-1,Echolocation,/mnt/ubna_data_01_mir/recover-20220808/UBNA_014/20220807_060000.WAV,Foliage,recover-20220808,014,1795
1704.3155,1704.3242,45234,64674,Pipistrellus pipistrellus,0.356,0.565,-1,Echolocation,/mnt/ubna_data_01_mir/recover-20220808/UBNA_014/20220807_060000.WAV,Foliage,recover-20220808,014,1795
1704.3805,1704.3905,47812,60105,Pipistrellus pipistrellus,0.341,0.371,-1,Echolocation,/mnt/ubna_data_01_mir/recover-20220808/UBNA_014/20220807_060000.WAV,Foliage,recover-20220808,014,1795
1704.3815,1704.4039,24609,28428,Nyctalus leisleri,0.137,0.201,-1,Echolocation,/mnt/ubna_data_01_mir/recover-20220808/UBNA_014/20220807_060000.WAV,Foliage,recover-20220808,014,1795
1704.4485,1704.457,46093,60345,Pipistrellus pipistrellus,0.231,0.307,-1,Echolocation,/mnt/ubna_data_01_mir/recover-20220808/UBNA_014/20220807_060000.WAV,Foliage,recover-20220808,014,1795
1704.5265,1704.5345,46093,62060,Pipistrellus pipistrellus,0.178,0.271,-1,Echolocation,/mnt/ubna_data_01_mir/recover-20220808/UBNA_014/20220807_060000.WAV,Foliage,recover-20220808,014,1795
1704.5935,1704.6018,45234,58562,Pipistrellus pipistrellus,0.25,0.418,-1,Echolocation,/mnt/ubna_data_01_mir/recover-20220808/UBNA_014/20220807_060000.WAV,Foliage,recover-20220808,014,1795
1704.6685,1704.6761,44375,56873,Pipistrellus pipistrellus,0.16,0.317,-1,Echolocation,/mnt/ubna_data_01_mir/recover-20220808/UBNA_014/20220807_060000.WAV,Foliage,recover-20220808,014,1795
1704.7565,1704.7652,44375,55803,Pipistrellus pipistrellus,0.157,0.257,-1,Echolocation,/mnt/ubna_data_01_mir/recover-20220808/UBNA_014/20220807_060000.WAV,Foliage,recover-20220808,014,1795
1704.8305,1704.8398,46953,55142,Pipistrellus pipistrellus,0.299,0.318,-1,Echolocation,/mnt/ubna_data_01_mir/recover-20220808/UBNA_014/20220807_060000.WAV,Foliage,recover-20220808,014,1795
1704.8925,1704.8997,45234,59680,Pipistrellus pipistrellus,0.456,0.583,-1,Echolocation,/mnt/ubna_data_01_mir/recover-20220808/UBNA_014/20220807_060000.WAV,Foliage,recover-20220808,014,1795
1704.9625,1704.9697,43515,66364,Pipistrellus pipistrellus,0.301,0.53,-1,Echolocation,/mnt/ubna_data_01_mir/recover-20220808/UBNA_014/20220807_060000.WAV,Foliage,recover-20220808,014,1795
1705.1295,1705.1418,44375,56584,Pipistrellus pipistrellus,0.216,0.345,-1,Echolocation,/mnt/ubna_data_01_mir/recover-20220808/UBNA_014/20220807_060000.WAV,Foliage,recover-20220808,014,1795
1705.5715,1705.5914,46093,51490,Pipistrellus pipistrellus,0.212,0.226,-1,Echolocation,/mnt/ubna_data_01_mir/recover-20220808/UBNA_014/20220807_060000.WAV,Foliage,recover-20220808,014,1795
1705.6245,1705.6494,22890,26982,Nyctalus leisleri,0.115,0.204,-1,Echolocation,/mnt/ubna_data_01_mir/recover-20220808/UBNA_014/20220807_060000.WAV,Foliage,recover-20220808,014,1795
1705.7725,1705.7844,45234,51301,Pipistrellus pipistrellus,0.23,0.257,-1,Echolocation,/mnt/ubna_data_01_mir/recover-20220808/UBNA_014/20220807_060000.WAV,Foliage,recover-20220808,014,1795
1705.8535,1705.8634,45234,54830,Pipistrellus pipistrellus,0.465,0.509,-1,Echolocation,/mnt/ubna_data_01_mir/recover-20220808/UBNA_014/20220807_060000.WAV,Foliage,recover-20220808,014,1795
1715.9335,1715.9495,23750,27498,Nyctalus leisleri,0.461,0.539,-1,Echolocation,/mnt/ubna_data_01_mir/recover-20220808/UBNA_014/20220807_060000.WAV,Foliage,recover-20220808,014,1795
1721.0995,1721.1207,22031,26061,Nyctalus leisleri,0.154,0.283,-1,Echolocation,/mnt/ubna_data_01_mir/recover-20220808/UBNA_014/20220807_060000.WAV,Foliage,recover-20220808,014,1795
1721.6285,1721.6553,22031,26765,Nyctalus noctula,0.11,0.241,-1,Echolocation,/mnt/ubna_data_01_mir/recover-20220808/UBNA_014/20220807_060000.WAV,Foliage,recover-20220808,014,1795
1721.8915,1721.9065,22890,26479,Nyctalus leisleri,0.199,0.332,-1,Echolocation,/mnt/ubna_data_01_mir/recover-20220808/UBNA_014/20220807_060000.WAV,Foliage,recover-20220808,014,1795
1722.2105,1722.2357,22031,26111,Nyctalus noctula,0.112,0.2,-1,Echolocation,/mnt/ubna_data_01_mir/recover-20220808/UBNA_014/20220807_060000.WAV,Foliage,recover-20220808,014,1795
1722.2175,1722.2385,22031,25298,Nyctalus leisleri,0.196,0.228,-1,Echolocation,/mnt/ubna_data_01_mir/recover-20220808/UBNA_014/20220807_060000.WAV,Foliage,recover-20220808,014,1795
1724.4975,1724.5141,22031,27621,Nyctalus noctula,0.073,0.206,-1,Echolocation,/mnt/ubna_data_01_mir/recover-20220808/UBNA_014/20220807_060000.WAV,Foliage,recover-20220808,014,1795
1724.7035,1724.7226,22890,26153,Nyctalus leisleri,0.317,0.384,-1,Echolocation,/mnt/ubna_data_01_mir/recover-20220808/UBNA_014/20220807_060000.WAV,Foliage,recover-20220808,014,1795
1725.0565,1725.076,22031,26033,Nyctalus leisleri,0.115,0.214,-1,Echolocation,/mnt/ubna_data_01_mir/recover-20220808/UBNA_014/20220807_060000.WAV,Foliage,recover-20220808,014,1795
1725.7065,1725.7269000000001,22031,26660,Nyctalus leisleri,0.329,0.461,-1,Echolocation,/mnt/ubna_data_01_mir/recover-20220808/UBNA_014/20220807_060000.WAV,Foliage,recover-20220808,014,1795
1725.9725,1725.9942,22031,26243,Nyctalus leisleri,0.252,0.367,-1,Echolocation,/mnt/ubna_data_01_mir/recover-20220808/UBNA_014/20220807_060000.WAV,Foliage,recover-20220808,014,1795
1726.2295,1726.252,22890,26033,Nyctalus leisleri,0.388,0.423,-1,Echolocation,/mnt/ubna_data_01_mir/recover-20220808/UBNA_014/20220807_060000.WAV,Foliage,recover-20220808,014,1795
1726.4915,1726.5147,22031,25905,Nyctalus leisleri,0.135,0.273,-1,Echolocation,/mnt/ubna_data_01_mir/recover-20220808/UBNA_014/20220807_060000.WAV,Foliage,recover-20220808,014,1795
1726.8635,1726.8905,22031,26651,Nyctalus noctula,0.129,0.235,-1,Echolocation,/mnt/ubna_data_01_mir/recover-20220808/UBNA_014/20220807_060000.WAV,Foliage,recover-20220808,014,1795
1727.1065,1727.1315,22890,27612,Nyctalus leisleri,0.146,0.262,-1,Echolocation,/mnt/ubna_data_01_mir/recover-20220808/UBNA_014/20220807_060000.WAV,Foliage,recover-20220808,014,1795
1727.3435,1727.3622,22890,27355,Nyctalus leisleri,0.277,0.438,-1,Echolocation,/mnt/ubna_data_01_mir/recover-20220808/UBNA_014/20220807_060000.WAV,Foliage,recover-20220808,014,1795
1727.5845,1727.6084,22031,27311,Nyctalus leisleri,0.185,0.315,-1,Echolocation,/mnt/ubna_data_01_mir/recover-20220808/UBNA_014/20220807_060000.WAV,Foliage,recover-20220808,014,1795
1727.9465,1727.9703,22031,27922,Nyctalus noctula,0.17,0.353,-1,Echolocation,/mnt/ubna_data_01_mir/recover-20220808/UBNA_014/20220807_060000.WAV,Foliage,recover-20220808,014,1795
1728.2065,1728.2246,22031,26813,Nyctalus leisleri,0.292,0.441,-1,Echolocation,/mnt/ubna_data_01_mir/recover-20220808/UBNA_014/20220807_060000.WAV,Foliage,recover-20220808,014,1795
1729.0125,1729.0335,22890,26308,Nyctalus leisleri,0.124,0.216,-1,Echolocation,/mnt/ubna_data_01_mir/recover-20220808/UBNA_014/20220807_060000.WAV,Foliage,recover-20220808,014,1795
1729.5345,1729.5512,22031,27439,Nyctalus noctula,0.164,0.376,-1,Echolocation,/mnt/ubna_data_01_mir/recover-20220808/UBNA_014/20220807_060000.WAV,Foliage,recover-20220808,014,1795
1737.7495,1737.7706,22890,26198,Nyctalus leisleri,0.252,0.322,-1,Echolocation,/mnt/ubna_data_01_mir/recover-20220808/UBNA_014/20220807_060000.WAV,Foliage,recover-20220808,014,1795
1745.5465,1745.5668,22890,26496,Nyctalus leisleri,0.127,0.222,-1,Echolocation,/mnt/ubna_data_01_mir/recover-20220808/UBNA_014/20220807_060000.WAV,Foliage,recover-20220808,014,1795
1745.8115,1745.8297,22031,25942,Nyctalus leisleri,0.099,0.23,-1,Echolocation,/mnt/ubna_data_01_mir/recover-20220808/UBNA_014/20220807_060000.WAV,Foliage,recover-20220808,014,1795
1746.0725,1746.089,22031,26431,Nyctalus leisleri,0.159,0.255,-1,Echolocation,/mnt/ubna_data_01_mir/recover-20220808/UBNA_014/20220807_060000.WAV,Foliage,recover-20220808,014,1795
1749.8645,1749.8811,23750,27023,Nyctalus leisleri,0.249,0.324,-1,Echolocation,/mnt/ubna_data_01_mir/recover-20220808/UBNA_014/20220807_060000.WAV,Foliage,recover-20220808,014,1795
1750.6015,1750.6216,23750,27752,Nyctalus leisleri,0.141,0.232,-1,Echolocation,/mnt/ubna_data_01_mir/recover-20220808/UBNA_014/20220807_060000.WAV,Foliage,recover-20220808,014,1795
1751.1405,1751.1629,22031,27191,Nyctalus noctula,0.158,0.335,-1,Echolocation,/mnt/ubna_data_01_mir/recover-20220808/UBNA_014/20220807_060000.WAV,Foliage,recover-20220808,014,1795
1751.6955,1751.7153,22890,27162,Nyctalus leisleri,0.118,0.225,-1,Echolocation,/mnt/ubna_data_01_mir/recover-20220808/UBNA_014/20220807_060000.WAV,Foliage,recover-20220808,014,1795
1756.6985,1756.7243,17734,20595,Nyctalus noctula,0.269,0.338,-1,Echolocation,/mnt/ubna_data_01_mir/recover-20220808/UBNA_014/20220807_060000.WAV,Foliage,recover-20220808,014,1795
1757.3155,1757.3353,16875,20765,Nyctalus noctula,0.184,0.29,-1,Echolocation,/mnt/ubna_data_01_mir/recover-20220808/UBNA_014/20220807_060000.WAV,Foliage,recover-20220808,014,1795
1758.1635,1758.185,22031,26632,Nyctalus noctula,0.129,0.308,-1,Echolocation,/mnt/ubna_data_01_mir/recover-20220808/UBNA_014/20220807_060000.WAV,Foliage,recover-20220808,014,1795
1758.6785,1758.6976,22890,26417,Nyctalus leisleri,0.247,0.339,-1,Echolocation,/mnt/ubna_data_01_mir/recover-20220808/UBNA_014/20220807_060000.WAV,Foliage,recover-20220808,014,1795
1758.9355,1758.9527,22890,27120,Nyctalus leisleri,0.302,0.402,-1,Echolocation,/mnt/ubna_data_01_mir/recover-20220808/UBNA_014/20220807_060000.WAV,Foliage,recover-20220808,014,1795
1759.1845,1759.2045,22031,26945,Nyctalus noctula,0.18,0.418,-1,Echolocation,/mnt/ubna_data_01_mir/recover-20220808/UBNA_014/20220807_060000.WAV,Foliage,recover-20220808,014,1795
1759.4425,1759.46,22890,27241,Nyctalus leisleri,0.189,0.368,-1,Echolocation,/mnt/ubna_data_01_mir/recover-20220808/UBNA_014/20220807_060000.WAV,Foliage,recover-20220808,014,1795
1759.9595,1759.9803,22890,27371,Nyctalus leisleri,0.114,0.257,-1,Echolocation,/mnt/ubna_data_01_mir/recover-20220808/UBNA_014/20220807_060000.WAV,Foliage,recover-20220808,014,1795
1760.4805,1760.5011,22890,27702,Nyctalus leisleri,0.153,0.288,-1,Echolocation,/mnt/ubna_data_01_mir/recover-20220808/UBNA_014/20220807_060000.WAV,Foliage,recover-20220808,014,1795
1763.8655,1763.8849,23750,27348,Nyctalus leisleri,0.115,0.219,-1,Echolocation,/mnt/ubna_data_01_mir/recover-20220808/UBNA_014/20220807_060000.WAV,Foliage,recover-20220808,014,1795
1764.3815,1764.4012,23750,28225,Nyctalus leisleri,0.107,0.211,-1,Echolocation,/mnt/ubna_data_01_mir/recover-20220808/UBNA_014/20220807_060000.WAV,Foliage,recover-20220808,014,1795
1784.1215,1784.1421,22031,26989,Nyctalus noctula,0.159,0.331,-1,Echolocation,/mnt/ubna_data_01_mir/recover-20220808/UBNA_014/20220807_060000.WAV,Foliage,recover-20220808,014,1795
1790.2065,1790.2213,23750,28197,Nyctalus leisleri,0.212,0.338,-1,Echolocation,/mnt/ubna_data_01_mir/recover-20220808/UBNA_014/20220807_060000.WAV,Foliage,recover-20220808,014,1795
1792.7385,1792.7499,23750,29164,Nyctalus leisleri,0.208,0.444,-1,Echolocation,/mnt/ubna_data_01_mir/recover-20220808/UBNA_014/20220807_060000.WAV,Foliage,recover-20220808,014,1795
