start_time,end_time,low_freq,high_freq,class,class_prob,det_prob,individual,event,input_file,Site name,Recover Folder,SD Card,File Duration
0.0595,0.0733,25468.0,30408.0,Nyctalus leisleri,0.372,0.499,-1,Echolocation,/mnt/ubna_data_01_mir/recover-20220811/UBNA_009/20220809_053000.WAV,Foliage,recover-20220811,009,1795
0.3215,0.3355,25468.0,31938.0,Nyctalus leisleri,0.247,0.49,-1,Echolocation,/mnt/ubna_data_01_mir/recover-20220811/UBNA_009/20220809_053000.WAV,Foliage,recover-20220811,009,1795
0.5445,0.5565,26328.0,36843.0,Eptesicus serotinus,0.135,0.277,-1,Echolocation,/mnt/ubna_data_01_mir/recover-20220811/UBNA_009/20220809_053000.WAV,Foliage,recover-20220811,009,1795
0.8035,0.8318,17734.0,20541.0,Nyctalus noctula,0.259,0.367,-1,Echolocation,/mnt/ubna_data_01_mir/recover-20220811/UBNA_009/20220809_053000.WAV,Foliage,recover-20220811,009,1795
1.4035,1.4146,25468.0,31112.0,Eptesicus serotinus,0.139,0.226,-1,Echolocation,/mnt/ubna_data_01_mir/recover-20220811/UBNA_009/20220809_053000.WAV,Foliage,recover-20220811,009,1795
1.5495,1.5627,26328.0,32142.0,Nyctalus leisleri,0.224,0.466,-1,Echolocation,/mnt/ubna_data_01_mir/recover-20220811/UBNA_009/20220809_053000.WAV,Foliage,recover-20220811,009,1795
1.5965,1.6247,18593.0,21884.0,Nyctalus noctula,0.307,0.394,-1,Echolocation,/mnt/ubna_data_01_mir/recover-20220811/UBNA_009/20220809_053000.WAV,Foliage,recover-20220811,009,1795
1.6815,1.6955,25468.0,31120.0,Eptesicus serotinus,0.16,0.325,-1,Echolocation,/mnt/ubna_data_01_mir/recover-20220811/UBNA_009/20220809_053000.WAV,Foliage,recover-20220811,009,1795
1.8125,1.8256,25468.0,30837.0,Nyctalus leisleri,0.157,0.318,-1,Echolocation,/mnt/ubna_data_01_mir/recover-20220811/UBNA_009/20220809_053000.WAV,Foliage,recover-20220811,009,1795
2.0505,2.0633,26328.0,32406.0,Nyctalus leisleri,0.217,0.484,-1,Echolocation,/mnt/ubna_data_01_mir/recover-20220811/UBNA_009/20220809_053000.WAV,Foliage,recover-20220811,009,1795
2.1625,2.1869,17734.0,19842.0,Nyctalus noctula,0.381,0.498,-1,Echolocation,/mnt/ubna_data_01_mir/recover-20220811/UBNA_009/20220809_053000.WAV,Foliage,recover-20220811,009,1795
2.1875,2.2012,27187.0,32180.0,Eptesicus serotinus,0.115,0.217,-1,Echolocation,/mnt/ubna_data_01_mir/recover-20220811/UBNA_009/20220809_053000.WAV,Foliage,recover-20220811,009,1795
2.3125,2.3244,26328.0,31836.0,Nyctalus leisleri,0.148,0.286,-1,Echolocation,/mnt/ubna_data_01_mir/recover-20220811/UBNA_009/20220809_053000.WAV,Foliage,recover-20220811,009,1795
2.5285,2.5494,24609.0,28884.0,Nyctalus leisleri,0.153,0.273,-1,Echolocation,/mnt/ubna_data_01_mir/recover-20220811/UBNA_009/20220809_053000.WAV,Foliage,recover-20220811,009,1795
2.5685,2.5811,26328.0,32385.0,Nyctalus leisleri,0.177,0.386,-1,Echolocation,/mnt/ubna_data_01_mir/recover-20220811/UBNA_009/20220809_053000.WAV,Foliage,recover-20220811,009,1795
2.6595,2.6764,24609.0,28785.0,Nyctalus leisleri,0.112,0.207,-1,Echolocation,/mnt/ubna_data_01_mir/recover-20220811/UBNA_009/20220809_053000.WAV,Foliage,recover-20220811,009,1795
2.7125,2.7262,25468.0,32050.0,Eptesicus serotinus,0.194,0.395,-1,Echolocation,/mnt/ubna_data_01_mir/recover-20220811/UBNA_009/20220809_053000.WAV,Foliage,recover-20220811,009,1795
2.8605,2.8764,26328.0,30428.0,Nyctalus leisleri,0.145,0.251,-1,Echolocation,/mnt/ubna_data_01_mir/recover-20220811/UBNA_009/20220809_053000.WAV,Foliage,recover-20220811,009,1795
3.0235,3.044,25468.0,29412.0,Nyctalus leisleri,0.111,0.203,-1,Echolocation,/mnt/ubna_data_01_mir/recover-20220811/UBNA_009/20220809_053000.WAV,Foliage,recover-20220811,009,1795
3.2525,3.2679,26328.0,30946.0,Nyctalus leisleri,0.158,0.291,-1,Echolocation,/mnt/ubna_data_01_mir/recover-20220811/UBNA_009/20220809_053000.WAV,Foliage,recover-20220811,009,1795
3.2835,3.3095,16875.0,20288.0,Nyctalus noctula,0.306,0.432,-1,Echolocation,/mnt/ubna_data_01_mir/recover-20220811/UBNA_009/20220809_053000.WAV,Foliage,recover-20220811,009,1795
3.4285,3.4449,25468.0,31237.0,Nyctalus leisleri,0.118,0.276,-1,Echolocation,/mnt/ubna_data_01_mir/recover-20220811/UBNA_009/20220809_053000.WAV,Foliage,recover-20220811,009,1795
3.8845,3.8987,27187.0,31701.0,Nyctalus leisleri,0.112,0.219,-1,Echolocation,/mnt/ubna_data_01_mir/recover-20220811/UBNA_009/20220809_053000.WAV,Foliage,recover-20220811,009,1795
4.0095,4.0266,27187.0,31888.0,Nyctalus leisleri,0.122,0.207,-1,Echolocation,/mnt/ubna_data_01_mir/recover-20220811/UBNA_009/20220809_053000.WAV,Foliage,recover-20220811,009,1795
4.1525,4.1698,24609.0,29203.0,Nyctalus leisleri,0.125,0.227,-1,Echolocation,/mnt/ubna_data_01_mir/recover-20220811/UBNA_009/20220809_053000.WAV,Foliage,recover-20220811,009,1795
4.2915,4.3067,25468.0,30134.0,Nyctalus leisleri,0.173,0.306,-1,Echolocation,/mnt/ubna_data_01_mir/recover-20220811/UBNA_009/20220809_053000.WAV,Foliage,recover-20220811,009,1795
4.3345,4.3578,19453.0,22688.0,Nyctalus noctula,0.15,0.223,-1,Echolocation,/mnt/ubna_data_01_mir/recover-20220811/UBNA_009/20220809_053000.WAV,Foliage,recover-20220811,009,1795
4.5305,4.5432,25468.0,31979.0,Eptesicus serotinus,0.275,0.46,-1,Echolocation,/mnt/ubna_data_01_mir/recover-20220811/UBNA_009/20220809_053000.WAV,Foliage,recover-20220811,009,1795
4.6705,4.6829,26328.0,32851.0,Eptesicus serotinus,0.244,0.53,-1,Echolocation,/mnt/ubna_data_01_mir/recover-20220811/UBNA_009/20220809_053000.WAV,Foliage,recover-20220811,009,1795
4.8995,4.9149,25468.0,31393.0,Nyctalus leisleri,0.181,0.356,-1,Echolocation,/mnt/ubna_data_01_mir/recover-20220811/UBNA_009/20220809_053000.WAV,Foliage,recover-20220811,009,1795
5.1715,5.1849,26328.0,32104.0,Nyctalus leisleri,0.24,0.438,-1,Echolocation,/mnt/ubna_data_01_mir/recover-20220811/UBNA_009/20220809_053000.WAV,Foliage,recover-20220811,009,1795
5.3965,5.4128,25468.0,31978.0,Nyctalus leisleri,0.25,0.45,-1,Echolocation,/mnt/ubna_data_01_mir/recover-20220811/UBNA_009/20220809_053000.WAV,Foliage,recover-20220811,009,1795
5.5035,5.5279,18593.0,21832.0,Nyctalus noctula,0.186,0.256,-1,Echolocation,/mnt/ubna_data_01_mir/recover-20220811/UBNA_009/20220809_053000.WAV,Foliage,recover-20220811,009,1795
5.5305,5.5469,25468.0,29775.0,Nyctalus leisleri,0.275,0.385,-1,Echolocation,/mnt/ubna_data_01_mir/recover-20220811/UBNA_009/20220809_053000.WAV,Foliage,recover-20220811,009,1795
5.6615,5.6754,26328.0,31945.0,Nyctalus leisleri,0.332,0.477,-1,Echolocation,/mnt/ubna_data_01_mir/recover-20220811/UBNA_009/20220809_053000.WAV,Foliage,recover-20220811,009,1795
5.7635,5.7765,25468.0,30280.0,Nyctalus leisleri,0.112,0.247,-1,Echolocation,/mnt/ubna_data_01_mir/recover-20220811/UBNA_009/20220809_053000.WAV,Foliage,recover-20220811,009,1795
5.8885,5.9034,25468.0,30571.0,Nyctalus leisleri,0.291,0.482,-1,Echolocation,/mnt/ubna_data_01_mir/recover-20220811/UBNA_009/20220809_053000.WAV,Foliage,recover-20220811,009,1795
6.0115,6.0263,26328.0,32641.0,Eptesicus serotinus,0.228,0.425,-1,Echolocation,/mnt/ubna_data_01_mir/recover-20220811/UBNA_009/20220809_053000.WAV,Foliage,recover-20220811,009,1795
6.1365,6.1516,26328.0,31561.0,Nyctalus leisleri,0.293,0.49,-1,Echolocation,/mnt/ubna_data_01_mir/recover-20220811/UBNA_009/20220809_053000.WAV,Foliage,recover-20220811,009,1795
6.3555,6.3728,25468.0,30883.0,Nyctalus leisleri,0.279,0.503,-1,Echolocation,/mnt/ubna_data_01_mir/recover-20220811/UBNA_009/20220809_053000.WAV,Foliage,recover-20220811,009,1795
6.6015,6.6183,24609.0,29385.0,Nyctalus leisleri,0.366,0.516,-1,Echolocation,/mnt/ubna_data_01_mir/recover-20220811/UBNA_009/20220809_053000.WAV,Foliage,recover-20220811,009,1795
6.7405,6.7531,25468.0,31721.0,Nyctalus leisleri,0.294,0.473,-1,Echolocation,/mnt/ubna_data_01_mir/recover-20220811/UBNA_009/20220809_053000.WAV,Foliage,recover-20220811,009,1795
7.2055,7.2198,25468.0,28820.0,Nyctalus leisleri,0.392,0.497,-1,Echolocation,/mnt/ubna_data_01_mir/recover-20220811/UBNA_009/20220809_053000.WAV,Foliage,recover-20220811,009,1795
7.3435,7.3594,25468.0,30081.0,Nyctalus leisleri,0.352,0.517,-1,Echolocation,/mnt/ubna_data_01_mir/recover-20220811/UBNA_009/20220809_053000.WAV,Foliage,recover-20220811,009,1795
7.6005,7.6139,25468.0,31475.0,Nyctalus leisleri,0.357,0.537,-1,Echolocation,/mnt/ubna_data_01_mir/recover-20220811/UBNA_009/20220809_053000.WAV,Foliage,recover-20220811,009,1795
12.3045,12.3214,25468.0,28686.0,Nyctalus leisleri,0.261,0.353,-1,Echolocation,/mnt/ubna_data_01_mir/recover-20220811/UBNA_009/20220809_053000.WAV,Foliage,recover-20220811,009,1795
12.6885,12.706,26328.0,29432.0,Nyctalus leisleri,0.185,0.267,-1,Echolocation,/mnt/ubna_data_01_mir/recover-20220811/UBNA_009/20220809_053000.WAV,Foliage,recover-20220811,009,1795
12.7095,12.7217,23750.0,28858.0,Nyctalus leisleri,0.259,0.453,-1,Echolocation,/mnt/ubna_data_01_mir/recover-20220811/UBNA_009/20220809_053000.WAV,Foliage,recover-20220811,009,1795
12.9665,12.9828,23750.0,28503.0,Nyctalus leisleri,0.188,0.323,-1,Echolocation,/mnt/ubna_data_01_mir/recover-20220811/UBNA_009/20220809_053000.WAV,Foliage,recover-20220811,009,1795
13.2175,13.2309,23750.0,29381.0,Nyctalus leisleri,0.18,0.384,-1,Echolocation,/mnt/ubna_data_01_mir/recover-20220811/UBNA_009/20220809_053000.WAV,Foliage,recover-20220811,009,1795
13.3455,13.3644,25468.0,29713.0,Nyctalus leisleri,0.105,0.22,-1,Echolocation,/mnt/ubna_data_01_mir/recover-20220811/UBNA_009/20220809_053000.WAV,Foliage,recover-20220811,009,1795
13.6065,13.6206,25468.0,30923.0,Nyctalus leisleri,0.136,0.292,-1,Echolocation,/mnt/ubna_data_01_mir/recover-20220811/UBNA_009/20220809_053000.WAV,Foliage,recover-20220811,009,1795
15.0955,15.1065,26328.0,31776.0,Eptesicus serotinus,0.153,0.327,-1,Echolocation,/mnt/ubna_data_01_mir/recover-20220811/UBNA_009/20220809_053000.WAV,Foliage,recover-20220811,009,1795
17.3825,17.3931,25468.0,31064.0,Nyctalus leisleri,0.223,0.456,-1,Echolocation,/mnt/ubna_data_01_mir/recover-20220811/UBNA_009/20220809_053000.WAV,Foliage,recover-20220811,009,1795
18.6365,18.6535,24609.0,29059.0,Nyctalus leisleri,0.202,0.327,-1,Echolocation,/mnt/ubna_data_01_mir/recover-20220811/UBNA_009/20220809_053000.WAV,Foliage,recover-20220811,009,1795
22.3815,22.3954,25468.0,31755.0,Nyctalus leisleri,0.335,0.574,-1,Echolocation,/mnt/ubna_data_01_mir/recover-20220811/UBNA_009/20220809_053000.WAV,Foliage,recover-20220811,009,1795
22.6555,22.6679,25468.0,30840.0,Nyctalus leisleri,0.191,0.345,-1,Echolocation,/mnt/ubna_data_01_mir/recover-20220811/UBNA_009/20220809_053000.WAV,Foliage,recover-20220811,009,1795
22.9455,22.96,24609.0,29046.0,Nyctalus leisleri,0.211,0.328,-1,Echolocation,/mnt/ubna_data_01_mir/recover-20220811/UBNA_009/20220809_053000.WAV,Foliage,recover-20220811,009,1795
25.4585,25.4728,24609.0,29214.0,Nyctalus leisleri,0.13,0.211,-1,Echolocation,/mnt/ubna_data_01_mir/recover-20220811/UBNA_009/20220809_053000.WAV,Foliage,recover-20220811,009,1795
29.4125,29.4294,25468.0,31006.0,Nyctalus leisleri,0.141,0.301,-1,Echolocation,/mnt/ubna_data_01_mir/recover-20220811/UBNA_009/20220809_053000.WAV,Foliage,recover-20220811,009,1795
29.5685,29.5806,25468.0,31259.0,Eptesicus serotinus,0.144,0.288,-1,Echolocation,/mnt/ubna_data_01_mir/recover-20220811/UBNA_009/20220809_053000.WAV,Foliage,recover-20220811,009,1795
40.8475,40.8637,25468.0,30777.0,Nyctalus leisleri,0.226,0.352,-1,Echolocation,/mnt/ubna_data_01_mir/recover-20220811/UBNA_009/20220809_053000.WAV,Foliage,recover-20220811,009,1795
41.2795,41.2958,25468.0,29837.0,Nyctalus leisleri,0.133,0.232,-1,Echolocation,/mnt/ubna_data_01_mir/recover-20220811/UBNA_009/20220809_053000.WAV,Foliage,recover-20220811,009,1795
43.1925,43.2091,25468.0,30275.0,Nyctalus leisleri,0.183,0.285,-1,Echolocation,/mnt/ubna_data_01_mir/recover-20220811/UBNA_009/20220809_053000.WAV,Foliage,recover-20220811,009,1795
46.1205,46.1369,25468.0,30072.0,Nyctalus leisleri,0.108,0.241,-1,Echolocation,/mnt/ubna_data_01_mir/recover-20220811/UBNA_009/20220809_053000.WAV,Foliage,recover-20220811,009,1795
46.5205,46.5336,25468.0,30607.0,Nyctalus leisleri,0.213,0.403,-1,Echolocation,/mnt/ubna_data_01_mir/recover-20220811/UBNA_009/20220809_053000.WAV,Foliage,recover-20220811,009,1795
47.0785,47.0918,25468.0,31185.0,Nyctalus leisleri,0.216,0.374,-1,Echolocation,/mnt/ubna_data_01_mir/recover-20220811/UBNA_009/20220809_053000.WAV,Foliage,recover-20220811,009,1795
48.4535,48.473600000000005,24609.0,29066.0,Nyctalus leisleri,0.103,0.225,-1,Echolocation,/mnt/ubna_data_01_mir/recover-20220811/UBNA_009/20220809_053000.WAV,Foliage,recover-20220811,009,1795
48.6205,48.6374,24609.0,29134.0,Nyctalus leisleri,0.26,0.485,-1,Echolocation,/mnt/ubna_data_01_mir/recover-20220811/UBNA_009/20220809_053000.WAV,Foliage,recover-20220811,009,1795
48.8745,48.8893,24609.0,27522.0,Nyctalus leisleri,0.388,0.499,-1,Echolocation,/mnt/ubna_data_01_mir/recover-20220811/UBNA_009/20220809_053000.WAV,Foliage,recover-20220811,009,1795
49.0865,49.0981,26328.0,30866.0,Nyctalus leisleri,0.158,0.321,-1,Echolocation,/mnt/ubna_data_01_mir/recover-20220811/UBNA_009/20220809_053000.WAV,Foliage,recover-20220811,009,1795
49.4165,49.4314,24609.0,29341.0,Nyctalus leisleri,0.293,0.474,-1,Echolocation,/mnt/ubna_data_01_mir/recover-20220811/UBNA_009/20220809_053000.WAV,Foliage,recover-20220811,009,1795
49.6785,49.691900000000004,25468.0,29408.0,Nyctalus leisleri,0.241,0.375,-1,Echolocation,/mnt/ubna_data_01_mir/recover-20220811/UBNA_009/20220809_053000.WAV,Foliage,recover-20220811,009,1795
49.8395,49.854,25468.0,30900.0,Nyctalus leisleri,0.255,0.476,-1,Echolocation,/mnt/ubna_data_01_mir/recover-20220811/UBNA_009/20220809_053000.WAV,Foliage,recover-20220811,009,1795
50.0195,50.0332,24609.0,29698.0,Nyctalus leisleri,0.222,0.473,-1,Echolocation,/mnt/ubna_data_01_mir/recover-20220811/UBNA_009/20220809_053000.WAV,Foliage,recover-20220811,009,1795
50.088499999999996,50.0997,26328.0,33888.0,Eptesicus serotinus,0.274,0.401,-1,Echolocation,/mnt/ubna_data_01_mir/recover-20220811/UBNA_009/20220809_053000.WAV,Foliage,recover-20220811,009,1795
50.1995,50.211200000000005,28046.0,32569.0,Eptesicus serotinus,0.161,0.331,-1,Echolocation,/mnt/ubna_data_01_mir/recover-20220811/UBNA_009/20220809_053000.WAV,Foliage,recover-20220811,009,1795
50.2655,50.2782,25468.0,29676.0,Nyctalus leisleri,0.216,0.383,-1,Echolocation,/mnt/ubna_data_01_mir/recover-20220811/UBNA_009/20220809_053000.WAV,Foliage,recover-20220811,009,1795
50.4165,50.432500000000005,24609.0,30277.0,Eptesicus serotinus,0.208,0.458,-1,Echolocation,/mnt/ubna_data_01_mir/recover-20220811/UBNA_009/20220809_053000.WAV,Foliage,recover-20220811,009,1795
50.6665,50.6832,25468.0,30019.0,Nyctalus leisleri,0.33,0.452,-1,Echolocation,/mnt/ubna_data_01_mir/recover-20220811/UBNA_009/20220809_053000.WAV,Foliage,recover-20220811,009,1795
50.8185,50.8391,25468.0,29819.0,Nyctalus leisleri,0.122,0.21,-1,Echolocation,/mnt/ubna_data_01_mir/recover-20220811/UBNA_009/20220809_053000.WAV,Foliage,recover-20220811,009,1795
52.826499999999996,52.838899999999995,24609.0,28882.0,Nyctalus leisleri,0.164,0.29,-1,Echolocation,/mnt/ubna_data_01_mir/recover-20220811/UBNA_009/20220809_053000.WAV,Foliage,recover-20220811,009,1795
53.8875,53.905,25468.0,30406.0,Nyctalus leisleri,0.263,0.42,-1,Echolocation,/mnt/ubna_data_01_mir/recover-20220811/UBNA_009/20220809_053000.WAV,Foliage,recover-20220811,009,1795
55.067499999999995,55.0838,24609.0,29344.0,Nyctalus leisleri,0.191,0.326,-1,Echolocation,/mnt/ubna_data_01_mir/recover-20220811/UBNA_009/20220809_053000.WAV,Foliage,recover-20220811,009,1795
55.207499999999996,55.2201,25468.0,31836.0,Eptesicus serotinus,0.167,0.268,-1,Echolocation,/mnt/ubna_data_01_mir/recover-20220811/UBNA_009/20220809_053000.WAV,Foliage,recover-20220811,009,1795
56.0125,56.028400000000005,24609.0,29079.0,Nyctalus leisleri,0.237,0.402,-1,Echolocation,/mnt/ubna_data_01_mir/recover-20220811/UBNA_009/20220809_053000.WAV,Foliage,recover-20220811,009,1795
56.8335,56.844,26328.0,32989.0,Nyctalus leisleri,0.329,0.627,-1,Echolocation,/mnt/ubna_data_01_mir/recover-20220811/UBNA_009/20220809_053000.WAV,Foliage,recover-20220811,009,1795
56.9945,57.005700000000004,25468.0,33949.0,Eptesicus serotinus,0.342,0.521,-1,Echolocation,/mnt/ubna_data_01_mir/recover-20220811/UBNA_009/20220809_053000.WAV,Foliage,recover-20220811,009,1795
57.1655,57.1766,25468.0,31287.0,Nyctalus leisleri,0.241,0.504,-1,Echolocation,/mnt/ubna_data_01_mir/recover-20220811/UBNA_009/20220809_053000.WAV,Foliage,recover-20220811,009,1795
57.319500000000005,57.3313,25468.0,31674.0,Eptesicus serotinus,0.248,0.486,-1,Echolocation,/mnt/ubna_data_01_mir/recover-20220811/UBNA_009/20220809_053000.WAV,Foliage,recover-20220811,009,1795
57.5895,57.601600000000005,25468.0,32829.0,Eptesicus serotinus,0.246,0.498,-1,Echolocation,/mnt/ubna_data_01_mir/recover-20220811/UBNA_009/20220809_053000.WAV,Foliage,recover-20220811,009,1795
57.7535,57.765299999999996,25468.0,30293.0,Nyctalus leisleri,0.229,0.408,-1,Echolocation,/mnt/ubna_data_01_mir/recover-20220811/UBNA_009/20220809_053000.WAV,Foliage,recover-20220811,009,1795
59.448499999999996,59.4649,25468.0,30562.0,Nyctalus leisleri,0.245,0.392,-1,Echolocation,/mnt/ubna_data_01_mir/recover-20220811/UBNA_009/20220809_053000.WAV,Foliage,recover-20220811,009,1795
60.4855,60.502,24609.0,28994.0,Nyctalus leisleri,0.228,0.42,-1,Echolocation,/mnt/ubna_data_01_mir/recover-20220811/UBNA_009/20220809_053000.WAV,Foliage,recover-20220811,009,1795
60.6885,60.7035,25468.0,29410.0,Nyctalus leisleri,0.169,0.283,-1,Echolocation,/mnt/ubna_data_01_mir/recover-20220811/UBNA_009/20220809_053000.WAV,Foliage,recover-20220811,009,1795
61.3945,61.4104,26328.0,29871.0,Nyctalus leisleri,0.301,0.385,-1,Echolocation,/mnt/ubna_data_01_mir/recover-20220811/UBNA_009/20220809_053000.WAV,Foliage,recover-20220811,009,1795
61.7075,61.7218,26328.0,30926.0,Nyctalus leisleri,0.246,0.37,-1,Echolocation,/mnt/ubna_data_01_mir/recover-20220811/UBNA_009/20220809_053000.WAV,Foliage,recover-20220811,009,1795
61.8625,61.8772,26328.0,30797.0,Nyctalus leisleri,0.153,0.291,-1,Echolocation,/mnt/ubna_data_01_mir/recover-20220811/UBNA_009/20220809_053000.WAV,Foliage,recover-20220811,009,1795
62.0745,62.0923,26328.0,31277.0,Nyctalus leisleri,0.144,0.27,-1,Echolocation,/mnt/ubna_data_01_mir/recover-20220811/UBNA_009/20220809_053000.WAV,Foliage,recover-20220811,009,1795
62.2075,62.2232,27187.0,33020.0,Nyctalus leisleri,0.128,0.276,-1,Echolocation,/mnt/ubna_data_01_mir/recover-20220811/UBNA_009/20220809_053000.WAV,Foliage,recover-20220811,009,1795
62.3345,62.348,26328.0,32582.0,Eptesicus serotinus,0.169,0.336,-1,Echolocation,/mnt/ubna_data_01_mir/recover-20220811/UBNA_009/20220809_053000.WAV,Foliage,recover-20220811,009,1795
62.4305,62.447,25468.0,30550.0,Nyctalus leisleri,0.111,0.248,-1,Echolocation,/mnt/ubna_data_01_mir/recover-20220811/UBNA_009/20220809_053000.WAV,Foliage,recover-20220811,009,1795
64.2325,64.24549999999999,26328.0,30398.0,Nyctalus leisleri,0.158,0.255,-1,Echolocation,/mnt/ubna_data_01_mir/recover-20220811/UBNA_009/20220809_053000.WAV,Foliage,recover-20220811,009,1795
64.3665,64.3799,25468.0,30785.0,Nyctalus leisleri,0.243,0.422,-1,Echolocation,/mnt/ubna_data_01_mir/recover-20220811/UBNA_009/20220809_053000.WAV,Foliage,recover-20220811,009,1795
64.48949999999999,64.5075,22890.0,27977.0,Nyctalus noctula,0.17,0.382,-1,Echolocation,/mnt/ubna_data_01_mir/recover-20220811/UBNA_009/20220809_053000.WAV,Foliage,recover-20220811,009,1795
65.0335,65.047,24609.0,29225.0,Nyctalus leisleri,0.256,0.483,-1,Echolocation,/mnt/ubna_data_01_mir/recover-20220811/UBNA_009/20220809_053000.WAV,Foliage,recover-20220811,009,1795
65.2775,65.2913,25468.0,30342.0,Nyctalus leisleri,0.135,0.236,-1,Echolocation,/mnt/ubna_data_01_mir/recover-20220811/UBNA_009/20220809_053000.WAV,Foliage,recover-20220811,009,1795
65.4275,65.4421,24609.0,28742.0,Nyctalus leisleri,0.129,0.249,-1,Echolocation,/mnt/ubna_data_01_mir/recover-20220811/UBNA_009/20220809_053000.WAV,Foliage,recover-20220811,009,1795
65.9005,65.9194,25468.0,28738.0,Nyctalus leisleri,0.197,0.26,-1,Echolocation,/mnt/ubna_data_01_mir/recover-20220811/UBNA_009/20220809_053000.WAV,Foliage,recover-20220811,009,1795
66.1325,66.1539,24609.0,28765.0,Nyctalus leisleri,0.147,0.274,-1,Echolocation,/mnt/ubna_data_01_mir/recover-20220811/UBNA_009/20220809_053000.WAV,Foliage,recover-20220811,009,1795
66.6195,66.6375,24609.0,28377.0,Nyctalus leisleri,0.301,0.381,-1,Echolocation,/mnt/ubna_data_01_mir/recover-20220811/UBNA_009/20220809_053000.WAV,Foliage,recover-20220811,009,1795
66.7345,66.7493,27187.0,32802.0,Eptesicus serotinus,0.129,0.224,-1,Echolocation,/mnt/ubna_data_01_mir/recover-20220811/UBNA_009/20220809_053000.WAV,Foliage,recover-20220811,009,1795
66.8595,66.8746,25468.0,30247.0,Nyctalus leisleri,0.195,0.281,-1,Echolocation,/mnt/ubna_data_01_mir/recover-20220811/UBNA_009/20220809_053000.WAV,Foliage,recover-20220811,009,1795
66.9845,66.9998,27187.0,32510.0,Eptesicus serotinus,0.123,0.211,-1,Echolocation,/mnt/ubna_data_01_mir/recover-20220811/UBNA_009/20220809_053000.WAV,Foliage,recover-20220811,009,1795
67.3585,67.377,26328.0,29952.0,Nyctalus leisleri,0.223,0.335,-1,Echolocation,/mnt/ubna_data_01_mir/recover-20220811/UBNA_009/20220809_053000.WAV,Foliage,recover-20220811,009,1795
67.5865,67.608,25468.0,29730.0,Nyctalus leisleri,0.119,0.208,-1,Echolocation,/mnt/ubna_data_01_mir/recover-20220811/UBNA_009/20220809_053000.WAV,Foliage,recover-20220811,009,1795
67.7285,67.7492,25468.0,29108.0,Nyctalus leisleri,0.135,0.218,-1,Echolocation,/mnt/ubna_data_01_mir/recover-20220811/UBNA_009/20220809_053000.WAV,Foliage,recover-20220811,009,1795
67.8945,67.9088,26328.0,32942.0,Eptesicus serotinus,0.149,0.311,-1,Echolocation,/mnt/ubna_data_01_mir/recover-20220811/UBNA_009/20220809_053000.WAV,Foliage,recover-20220811,009,1795
67.9585,67.9732,25468.0,29779.0,Nyctalus leisleri,0.119,0.254,-1,Echolocation,/mnt/ubna_data_01_mir/recover-20220811/UBNA_009/20220809_053000.WAV,Foliage,recover-20220811,009,1795
68.1045,68.1195,25468.0,32026.0,Eptesicus serotinus,0.125,0.267,-1,Echolocation,/mnt/ubna_data_01_mir/recover-20220811/UBNA_009/20220809_053000.WAV,Foliage,recover-20220811,009,1795
68.3275,68.3437,25468.0,30231.0,Nyctalus leisleri,0.121,0.229,-1,Echolocation,/mnt/ubna_data_01_mir/recover-20220811/UBNA_009/20220809_053000.WAV,Foliage,recover-20220811,009,1795
68.5625,68.5787,25468.0,31830.0,Nyctalus leisleri,0.327,0.509,-1,Echolocation,/mnt/ubna_data_01_mir/recover-20220811/UBNA_009/20220809_053000.WAV,Foliage,recover-20220811,009,1795
68.7995,68.81739999999999,25468.0,29789.0,Nyctalus leisleri,0.327,0.456,-1,Echolocation,/mnt/ubna_data_01_mir/recover-20220811/UBNA_009/20220809_053000.WAV,Foliage,recover-20220811,009,1795
68.9345,68.9499,25468.0,30797.0,Nyctalus leisleri,0.176,0.301,-1,Echolocation,/mnt/ubna_data_01_mir/recover-20220811/UBNA_009/20220809_053000.WAV,Foliage,recover-20220811,009,1795
69.1095,69.1258,26328.0,30676.0,Nyctalus leisleri,0.191,0.304,-1,Echolocation,/mnt/ubna_data_01_mir/recover-20220811/UBNA_009/20220809_053000.WAV,Foliage,recover-20220811,009,1795
69.2755,69.292,27187.0,31206.0,Nyctalus leisleri,0.211,0.325,-1,Echolocation,/mnt/ubna_data_01_mir/recover-20220811/UBNA_009/20220809_053000.WAV,Foliage,recover-20220811,009,1795
69.5145,69.5331,27187.0,31730.0,Nyctalus leisleri,0.117,0.216,-1,Echolocation,/mnt/ubna_data_01_mir/recover-20220811/UBNA_009/20220809_053000.WAV,Foliage,recover-20220811,009,1795
69.7525,69.7644,28046.0,33380.0,Eptesicus serotinus,0.211,0.357,-1,Echolocation,/mnt/ubna_data_01_mir/recover-20220811/UBNA_009/20220809_053000.WAV,Foliage,recover-20220811,009,1795
70.1045,70.1176,26328.0,32803.0,Nyctalus leisleri,0.381,0.573,-1,Echolocation,/mnt/ubna_data_01_mir/recover-20220811/UBNA_009/20220809_053000.WAV,Foliage,recover-20220811,009,1795
70.2375,70.2502,26328.0,32098.0,Nyctalus leisleri,0.343,0.577,-1,Echolocation,/mnt/ubna_data_01_mir/recover-20220811/UBNA_009/20220809_053000.WAV,Foliage,recover-20220811,009,1795
70.3735,70.3887,26328.0,32080.0,Nyctalus leisleri,0.21,0.444,-1,Echolocation,/mnt/ubna_data_01_mir/recover-20220811/UBNA_009/20220809_053000.WAV,Foliage,recover-20220811,009,1795
70.5885,70.6023,26328.0,32196.0,Nyctalus leisleri,0.472,0.601,-1,Echolocation,/mnt/ubna_data_01_mir/recover-20220811/UBNA_009/20220809_053000.WAV,Foliage,recover-20220811,009,1795
70.7205,70.7332,27187.0,31702.0,Nyctalus leisleri,0.37,0.514,-1,Echolocation,/mnt/ubna_data_01_mir/recover-20220811/UBNA_009/20220809_053000.WAV,Foliage,recover-20220811,009,1795
70.9455,70.9589,27187.0,32269.0,Nyctalus leisleri,0.253,0.357,-1,Echolocation,/mnt/ubna_data_01_mir/recover-20220811/UBNA_009/20220809_053000.WAV,Foliage,recover-20220811,009,1795
71.0725,71.0856,27187.0,34041.0,Nyctalus leisleri,0.191,0.381,-1,Echolocation,/mnt/ubna_data_01_mir/recover-20220811/UBNA_009/20220809_053000.WAV,Foliage,recover-20220811,009,1795
71.1935,71.206,27187.0,35736.0,Eptesicus serotinus,0.246,0.509,-1,Echolocation,/mnt/ubna_data_01_mir/recover-20220811/UBNA_009/20220809_053000.WAV,Foliage,recover-20220811,009,1795
71.3305,71.3485,25468.0,30293.0,Nyctalus leisleri,0.192,0.281,-1,Echolocation,/mnt/ubna_data_01_mir/recover-20220811/UBNA_009/20220809_053000.WAV,Foliage,recover-20220811,009,1795
74.3555,74.3697,25468.0,30450.0,Nyctalus leisleri,0.288,0.449,-1,Echolocation,/mnt/ubna_data_01_mir/recover-20220811/UBNA_009/20220809_053000.WAV,Foliage,recover-20220811,009,1795
81.6645,81.6802,25468.0,30523.0,Nyctalus leisleri,0.291,0.453,-1,Echolocation,/mnt/ubna_data_01_mir/recover-20220811/UBNA_009/20220809_053000.WAV,Foliage,recover-20220811,009,1795
81.8175,81.8352,25468.0,29404.0,Nyctalus leisleri,0.179,0.293,-1,Echolocation,/mnt/ubna_data_01_mir/recover-20220811/UBNA_009/20220809_053000.WAV,Foliage,recover-20220811,009,1795
82.0795,82.0921,24609.0,28873.0,Nyctalus leisleri,0.157,0.302,-1,Echolocation,/mnt/ubna_data_01_mir/recover-20220811/UBNA_009/20220809_053000.WAV,Foliage,recover-20220811,009,1795
82.2325,82.2447,25468.0,29690.0,Nyctalus leisleri,0.258,0.41,-1,Echolocation,/mnt/ubna_data_01_mir/recover-20220811/UBNA_009/20220809_053000.WAV,Foliage,recover-20220811,009,1795
82.4865,82.50659999999999,24609.0,28837.0,Nyctalus leisleri,0.301,0.398,-1,Echolocation,/mnt/ubna_data_01_mir/recover-20220811/UBNA_009/20220809_053000.WAV,Foliage,recover-20220811,009,1795
82.6445,82.6623,24609.0,28416.0,Nyctalus leisleri,0.116,0.206,-1,Echolocation,/mnt/ubna_data_01_mir/recover-20220811/UBNA_009/20220809_053000.WAV,Foliage,recover-20220811,009,1795
83.0595,83.08,24609.0,28617.0,Nyctalus leisleri,0.154,0.266,-1,Echolocation,/mnt/ubna_data_01_mir/recover-20220811/UBNA_009/20220809_053000.WAV,Foliage,recover-20220811,009,1795
83.24549999999999,83.2632,24609.0,29162.0,Nyctalus leisleri,0.209,0.332,-1,Echolocation,/mnt/ubna_data_01_mir/recover-20220811/UBNA_009/20220809_053000.WAV,Foliage,recover-20220811,009,1795
83.4395,83.4576,25468.0,29178.0,Nyctalus leisleri,0.33,0.426,-1,Echolocation,/mnt/ubna_data_01_mir/recover-20220811/UBNA_009/20220809_053000.WAV,Foliage,recover-20220811,009,1795
84.52850000000001,84.5532,24609.0,28624.0,Nyctalus leisleri,0.109,0.218,-1,Echolocation,/mnt/ubna_data_01_mir/recover-20220811/UBNA_009/20220809_053000.WAV,Foliage,recover-20220811,009,1795
84.77850000000001,84.7988,24609.0,28458.0,Nyctalus leisleri,0.141,0.261,-1,Echolocation,/mnt/ubna_data_01_mir/recover-20220811/UBNA_009/20220809_053000.WAV,Foliage,recover-20220811,009,1795
84.9205,84.94,24609.0,29868.0,Nyctalus leisleri,0.276,0.425,-1,Echolocation,/mnt/ubna_data_01_mir/recover-20220811/UBNA_009/20220809_053000.WAV,Foliage,recover-20220811,009,1795
85.0565,85.0722,25468.0,31213.0,Nyctalus leisleri,0.253,0.474,-1,Echolocation,/mnt/ubna_data_01_mir/recover-20220811/UBNA_009/20220809_053000.WAV,Foliage,recover-20220811,009,1795
85.2005,85.2165,26328.0,30434.0,Nyctalus leisleri,0.323,0.435,-1,Echolocation,/mnt/ubna_data_01_mir/recover-20220811/UBNA_009/20220809_053000.WAV,Foliage,recover-20220811,009,1795
85.3195,85.3324,25468.0,31189.0,Nyctalus leisleri,0.192,0.372,-1,Echolocation,/mnt/ubna_data_01_mir/recover-20220811/UBNA_009/20220809_053000.WAV,Foliage,recover-20220811,009,1795
85.4355,85.4517,26328.0,30293.0,Nyctalus leisleri,0.227,0.343,-1,Echolocation,/mnt/ubna_data_01_mir/recover-20220811/UBNA_009/20220809_053000.WAV,Foliage,recover-20220811,009,1795
85.6935,85.7068,26328.0,31447.0,Nyctalus leisleri,0.272,0.446,-1,Echolocation,/mnt/ubna_data_01_mir/recover-20220811/UBNA_009/20220809_053000.WAV,Foliage,recover-20220811,009,1795
85.8205,85.8339,25468.0,32623.0,Eptesicus serotinus,0.238,0.525,-1,Echolocation,/mnt/ubna_data_01_mir/recover-20220811/UBNA_009/20220809_053000.WAV,Foliage,recover-20220811,009,1795
86.0755,86.0912,25468.0,31633.0,Nyctalus leisleri,0.353,0.541,-1,Echolocation,/mnt/ubna_data_01_mir/recover-20220811/UBNA_009/20220809_053000.WAV,Foliage,recover-20220811,009,1795
86.3095,86.3241,25468.0,31806.0,Nyctalus leisleri,0.341,0.597,-1,Echolocation,/mnt/ubna_data_01_mir/recover-20220811/UBNA_009/20220809_053000.WAV,Foliage,recover-20220811,009,1795
86.45349999999999,86.4726,24609.0,29066.0,Nyctalus leisleri,0.22,0.344,-1,Echolocation,/mnt/ubna_data_01_mir/recover-20220811/UBNA_009/20220809_053000.WAV,Foliage,recover-20220811,009,1795
87.4875,87.5077,24609.0,28052.0,Nyctalus leisleri,0.248,0.331,-1,Echolocation,/mnt/ubna_data_01_mir/recover-20220811/UBNA_009/20220809_053000.WAV,Foliage,recover-20220811,009,1795
87.6125,87.6319,24609.0,28779.0,Nyctalus leisleri,0.191,0.313,-1,Echolocation,/mnt/ubna_data_01_mir/recover-20220811/UBNA_009/20220809_053000.WAV,Foliage,recover-20220811,009,1795
87.8485,87.8636,24609.0,29333.0,Nyctalus leisleri,0.302,0.464,-1,Echolocation,/mnt/ubna_data_01_mir/recover-20220811/UBNA_009/20220809_053000.WAV,Foliage,recover-20220811,009,1795
90.9625,90.9766,26328.0,31361.0,Nyctalus leisleri,0.167,0.326,-1,Echolocation,/mnt/ubna_data_01_mir/recover-20220811/UBNA_009/20220809_053000.WAV,Foliage,recover-20220811,009,1795
91.0925,91.1088,25468.0,29784.0,Nyctalus leisleri,0.163,0.253,-1,Echolocation,/mnt/ubna_data_01_mir/recover-20220811/UBNA_009/20220809_053000.WAV,Foliage,recover-20220811,009,1795
91.2245,91.2404,26328.0,30468.0,Nyctalus leisleri,0.205,0.299,-1,Echolocation,/mnt/ubna_data_01_mir/recover-20220811/UBNA_009/20220809_053000.WAV,Foliage,recover-20220811,009,1795
91.6085,91.6245,26328.0,29674.0,Nyctalus leisleri,0.303,0.388,-1,Echolocation,/mnt/ubna_data_01_mir/recover-20220811/UBNA_009/20220809_053000.WAV,Foliage,recover-20220811,009,1795
91.8525,91.8733,24609.0,28344.0,Nyctalus leisleri,0.168,0.243,-1,Echolocation,/mnt/ubna_data_01_mir/recover-20220811/UBNA_009/20220809_053000.WAV,Foliage,recover-20220811,009,1795
92.8235,92.8394,25468.0,29275.0,Nyctalus leisleri,0.13,0.211,-1,Echolocation,/mnt/ubna_data_01_mir/recover-20220811/UBNA_009/20220809_053000.WAV,Foliage,recover-20220811,009,1795
92.9635,92.981,23750.0,28866.0,Nyctalus leisleri,0.242,0.418,-1,Echolocation,/mnt/ubna_data_01_mir/recover-20220811/UBNA_009/20220809_053000.WAV,Foliage,recover-20220811,009,1795
93.1055,93.1266,24609.0,28044.0,Nyctalus leisleri,0.306,0.416,-1,Echolocation,/mnt/ubna_data_01_mir/recover-20220811/UBNA_009/20220809_053000.WAV,Foliage,recover-20220811,009,1795
94.2535,94.2675,25468.0,29591.0,Nyctalus leisleri,0.188,0.306,-1,Echolocation,/mnt/ubna_data_01_mir/recover-20220811/UBNA_009/20220809_053000.WAV,Foliage,recover-20220811,009,1795
94.3895,94.4036,24609.0,29712.0,Nyctalus leisleri,0.35,0.494,-1,Echolocation,/mnt/ubna_data_01_mir/recover-20220811/UBNA_009/20220809_053000.WAV,Foliage,recover-20220811,009,1795
94.5235,94.5392,25468.0,30722.0,Nyctalus leisleri,0.19,0.302,-1,Echolocation,/mnt/ubna_data_01_mir/recover-20220811/UBNA_009/20220809_053000.WAV,Foliage,recover-20220811,009,1795
94.7635,94.7824,24609.0,28390.0,Nyctalus leisleri,0.204,0.313,-1,Echolocation,/mnt/ubna_data_01_mir/recover-20220811/UBNA_009/20220809_053000.WAV,Foliage,recover-20220811,009,1795
94.8895,94.9053,26328.0,30718.0,Nyctalus leisleri,0.095,0.205,-1,Echolocation,/mnt/ubna_data_01_mir/recover-20220811/UBNA_009/20220809_053000.WAV,Foliage,recover-20220811,009,1795
96.0835,96.0939,26328.0,32964.0,Nyctalus leisleri,0.386,0.645,-1,Echolocation,/mnt/ubna_data_01_mir/recover-20220811/UBNA_009/20220809_053000.WAV,Foliage,recover-20220811,009,1795
96.3485,96.3601,25468.0,30727.0,Nyctalus leisleri,0.2,0.403,-1,Echolocation,/mnt/ubna_data_01_mir/recover-20220811/UBNA_009/20220809_053000.WAV,Foliage,recover-20220811,009,1795
96.6415,96.6573,23750.0,28458.0,Nyctalus leisleri,0.193,0.342,-1,Echolocation,/mnt/ubna_data_01_mir/recover-20220811/UBNA_009/20220809_053000.WAV,Foliage,recover-20220811,009,1795
96.8105,96.82300000000001,24609.0,29444.0,Eptesicus serotinus,0.103,0.229,-1,Echolocation,/mnt/ubna_data_01_mir/recover-20220811/UBNA_009/20220809_053000.WAV,Foliage,recover-20220811,009,1795
96.9495,96.9651,23750.0,27887.0,Nyctalus leisleri,0.418,0.506,-1,Echolocation,/mnt/ubna_data_01_mir/recover-20220811/UBNA_009/20220809_053000.WAV,Foliage,recover-20220811,009,1795
97.2145,97.2303,23750.0,28056.0,Nyctalus leisleri,0.257,0.402,-1,Echolocation,/mnt/ubna_data_01_mir/recover-20220811/UBNA_009/20220809_053000.WAV,Foliage,recover-20220811,009,1795
97.3735,97.3861,22890.0,29261.0,Eptesicus serotinus,0.203,0.486,-1,Echolocation,/mnt/ubna_data_01_mir/recover-20220811/UBNA_009/20220809_053000.WAV,Foliage,recover-20220811,009,1795
100.5035,100.5162,25468.0,30452.0,Nyctalus leisleri,0.273,0.432,-1,Echolocation,/mnt/ubna_data_01_mir/recover-20220811/UBNA_009/20220809_053000.WAV,Foliage,recover-20220811,009,1795
100.7675,100.7822,25468.0,30564.0,Nyctalus leisleri,0.167,0.336,-1,Echolocation,/mnt/ubna_data_01_mir/recover-20220811/UBNA_009/20220809_053000.WAV,Foliage,recover-20220811,009,1795
100.9305,100.9459,25468.0,30658.0,Nyctalus leisleri,0.339,0.535,-1,Echolocation,/mnt/ubna_data_01_mir/recover-20220811/UBNA_009/20220809_053000.WAV,Foliage,recover-20220811,009,1795
101.0915,101.1084,24609.0,29460.0,Nyctalus leisleri,0.214,0.371,-1,Echolocation,/mnt/ubna_data_01_mir/recover-20220811/UBNA_009/20220809_053000.WAV,Foliage,recover-20220811,009,1795
101.26650000000001,101.282,25468.0,30474.0,Nyctalus leisleri,0.395,0.573,-1,Echolocation,/mnt/ubna_data_01_mir/recover-20220811/UBNA_009/20220809_053000.WAV,Foliage,recover-20220811,009,1795
101.4465,101.46039999999999,24609.0,29040.0,Nyctalus leisleri,0.394,0.592,-1,Echolocation,/mnt/ubna_data_01_mir/recover-20220811/UBNA_009/20220809_053000.WAV,Foliage,recover-20220811,009,1795
101.6615,101.6772,25468.0,29785.0,Nyctalus leisleri,0.186,0.29,-1,Echolocation,/mnt/ubna_data_01_mir/recover-20220811/UBNA_009/20220809_053000.WAV,Foliage,recover-20220811,009,1795
101.8055,101.8195,25468.0,30415.0,Nyctalus leisleri,0.245,0.416,-1,Echolocation,/mnt/ubna_data_01_mir/recover-20220811/UBNA_009/20220809_053000.WAV,Foliage,recover-20220811,009,1795
101.9515,101.9663,25468.0,28558.0,Nyctalus leisleri,0.457,0.561,-1,Echolocation,/mnt/ubna_data_01_mir/recover-20220811/UBNA_009/20220809_053000.WAV,Foliage,recover-20220811,009,1795
102.3215,102.3356,25468.0,32130.0,Nyctalus leisleri,0.278,0.483,-1,Echolocation,/mnt/ubna_data_01_mir/recover-20220811/UBNA_009/20220809_053000.WAV,Foliage,recover-20220811,009,1795
102.4765,102.4904,24609.0,29830.0,Nyctalus leisleri,0.289,0.501,-1,Echolocation,/mnt/ubna_data_01_mir/recover-20220811/UBNA_009/20220809_053000.WAV,Foliage,recover-20220811,009,1795
102.6495,102.6652,25468.0,32505.0,Nyctalus leisleri,0.222,0.474,-1,Echolocation,/mnt/ubna_data_01_mir/recover-20220811/UBNA_009/20220809_053000.WAV,Foliage,recover-20220811,009,1795
102.8145,102.8301,25468.0,32174.0,Nyctalus leisleri,0.232,0.503,-1,Echolocation,/mnt/ubna_data_01_mir/recover-20220811/UBNA_009/20220809_053000.WAV,Foliage,recover-20220811,009,1795
102.9755,102.989,25468.0,30127.0,Nyctalus leisleri,0.246,0.404,-1,Echolocation,/mnt/ubna_data_01_mir/recover-20220811/UBNA_009/20220809_053000.WAV,Foliage,recover-20220811,009,1795
103.22749999999999,103.24080000000001,25468.0,30588.0,Nyctalus leisleri,0.339,0.483,-1,Echolocation,/mnt/ubna_data_01_mir/recover-20220811/UBNA_009/20220809_053000.WAV,Foliage,recover-20220811,009,1795
103.3885,103.4047,25468.0,29662.0,Nyctalus leisleri,0.365,0.452,-1,Echolocation,/mnt/ubna_data_01_mir/recover-20220811/UBNA_009/20220809_053000.WAV,Foliage,recover-20220811,009,1795
103.5495,103.5661,25468.0,31435.0,Nyctalus leisleri,0.299,0.492,-1,Echolocation,/mnt/ubna_data_01_mir/recover-20220811/UBNA_009/20220809_053000.WAV,Foliage,recover-20220811,009,1795
103.7265,103.7422,26328.0,31485.0,Nyctalus leisleri,0.246,0.445,-1,Echolocation,/mnt/ubna_data_01_mir/recover-20220811/UBNA_009/20220809_053000.WAV,Foliage,recover-20220811,009,1795
103.8875,103.9044,24609.0,29939.0,Nyctalus leisleri,0.364,0.542,-1,Echolocation,/mnt/ubna_data_01_mir/recover-20220811/UBNA_009/20220809_053000.WAV,Foliage,recover-20220811,009,1795
104.0305,104.0448,25468.0,33217.0,Eptesicus serotinus,0.252,0.457,-1,Echolocation,/mnt/ubna_data_01_mir/recover-20220811/UBNA_009/20220809_053000.WAV,Foliage,recover-20220811,009,1795
104.1865,104.202,24609.0,29548.0,Nyctalus leisleri,0.108,0.241,-1,Echolocation,/mnt/ubna_data_01_mir/recover-20220811/UBNA_009/20220809_053000.WAV,Foliage,recover-20220811,009,1795
104.4905,104.5063,25468.0,30694.0,Nyctalus leisleri,0.406,0.541,-1,Echolocation,/mnt/ubna_data_01_mir/recover-20220811/UBNA_009/20220809_053000.WAV,Foliage,recover-20220811,009,1795
104.6385,104.6609,25468.0,28418.0,Nyctalus leisleri,0.152,0.224,-1,Echolocation,/mnt/ubna_data_01_mir/recover-20220811/UBNA_009/20220809_053000.WAV,Foliage,recover-20220811,009,1795
104.7895,104.8063,25468.0,32413.0,Eptesicus serotinus,0.196,0.433,-1,Echolocation,/mnt/ubna_data_01_mir/recover-20220811/UBNA_009/20220809_053000.WAV,Foliage,recover-20220811,009,1795
104.9455,104.9596,25468.0,31740.0,Nyctalus leisleri,0.222,0.379,-1,Echolocation,/mnt/ubna_data_01_mir/recover-20220811/UBNA_009/20220809_053000.WAV,Foliage,recover-20220811,009,1795
105.5965,105.6155,25468.0,29644.0,Nyctalus leisleri,0.248,0.347,-1,Echolocation,/mnt/ubna_data_01_mir/recover-20220811/UBNA_009/20220809_053000.WAV,Foliage,recover-20220811,009,1795
108.3175,108.3337,26328.0,30177.0,Nyctalus leisleri,0.134,0.212,-1,Echolocation,/mnt/ubna_data_01_mir/recover-20220811/UBNA_009/20220809_053000.WAV,Foliage,recover-20220811,009,1795
108.4515,108.4667,24609.0,29810.0,Eptesicus serotinus,0.153,0.291,-1,Echolocation,/mnt/ubna_data_01_mir/recover-20220811/UBNA_009/20220809_053000.WAV,Foliage,recover-20220811,009,1795
108.7135,108.7295,26328.0,32090.0,Nyctalus leisleri,0.16,0.347,-1,Echolocation,/mnt/ubna_data_01_mir/recover-20220811/UBNA_009/20220809_053000.WAV,Foliage,recover-20220811,009,1795
108.8595,108.8769,25468.0,30032.0,Nyctalus leisleri,0.121,0.223,-1,Echolocation,/mnt/ubna_data_01_mir/recover-20220811/UBNA_009/20220809_053000.WAV,Foliage,recover-20220811,009,1795
109.22749999999999,109.2467,25468.0,31383.0,Eptesicus serotinus,0.159,0.277,-1,Echolocation,/mnt/ubna_data_01_mir/recover-20220811/UBNA_009/20220809_053000.WAV,Foliage,recover-20220811,009,1795
109.37950000000001,109.3972,25468.0,29770.0,Nyctalus leisleri,0.248,0.371,-1,Echolocation,/mnt/ubna_data_01_mir/recover-20220811/UBNA_009/20220809_053000.WAV,Foliage,recover-20220811,009,1795
109.5325,109.5462,26328.0,31884.0,Nyctalus leisleri,0.379,0.509,-1,Echolocation,/mnt/ubna_data_01_mir/recover-20220811/UBNA_009/20220809_053000.WAV,Foliage,recover-20220811,009,1795
109.7735,109.7884,25468.0,31560.0,Nyctalus leisleri,0.352,0.564,-1,Echolocation,/mnt/ubna_data_01_mir/recover-20220811/UBNA_009/20220809_053000.WAV,Foliage,recover-20220811,009,1795
109.9235,109.9382,24609.0,30311.0,Eptesicus serotinus,0.187,0.427,-1,Echolocation,/mnt/ubna_data_01_mir/recover-20220811/UBNA_009/20220809_053000.WAV,Foliage,recover-20220811,009,1795
110.1435,110.1603,25468.0,31694.0,Nyctalus leisleri,0.24,0.46,-1,Echolocation,/mnt/ubna_data_01_mir/recover-20220811/UBNA_009/20220809_053000.WAV,Foliage,recover-20220811,009,1795
110.3875,110.4075,23750.0,28131.0,Nyctalus leisleri,0.111,0.225,-1,Echolocation,/mnt/ubna_data_01_mir/recover-20220811/UBNA_009/20220809_053000.WAV,Foliage,recover-20220811,009,1795
110.6235,110.6396,24609.0,31563.0,Nyctalus leisleri,0.278,0.506,-1,Echolocation,/mnt/ubna_data_01_mir/recover-20220811/UBNA_009/20220809_053000.WAV,Foliage,recover-20220811,009,1795
110.7755,110.78999999999999,24609.0,32073.0,Nyctalus leisleri,0.32,0.623,-1,Echolocation,/mnt/ubna_data_01_mir/recover-20220811/UBNA_009/20220809_053000.WAV,Foliage,recover-20220811,009,1795
110.9465,110.9631,24609.0,30247.0,Nyctalus leisleri,0.336,0.564,-1,Echolocation,/mnt/ubna_data_01_mir/recover-20220811/UBNA_009/20220809_053000.WAV,Foliage,recover-20220811,009,1795
111.1645,111.1802,24609.0,30654.0,Nyctalus leisleri,0.259,0.415,-1,Echolocation,/mnt/ubna_data_01_mir/recover-20220811/UBNA_009/20220809_053000.WAV,Foliage,recover-20220811,009,1795
111.1695,111.18469999999999,48671.0,57581.0,Pipistrellus pipistrellus,0.181,0.27,-1,Echolocation,/mnt/ubna_data_01_mir/recover-20220811/UBNA_009/20220809_053000.WAV,Foliage,recover-20220811,009,1795
111.3085,111.3228,25468.0,33368.0,Eptesicus serotinus,0.309,0.57,-1,Echolocation,/mnt/ubna_data_01_mir/recover-20220811/UBNA_009/20220809_053000.WAV,Foliage,recover-20220811,009,1795
111.5125,111.5265,25468.0,33223.0,Nyctalus leisleri,0.287,0.595,-1,Echolocation,/mnt/ubna_data_01_mir/recover-20220811/UBNA_009/20220809_053000.WAV,Foliage,recover-20220811,009,1795
111.65350000000001,111.6679,26328.0,33190.0,Nyctalus leisleri,0.175,0.372,-1,Echolocation,/mnt/ubna_data_01_mir/recover-20220811/UBNA_009/20220809_053000.WAV,Foliage,recover-20220811,009,1795
111.7935,111.8088,26328.0,32013.0,Nyctalus leisleri,0.103,0.2,-1,Echolocation,/mnt/ubna_data_01_mir/recover-20220811/UBNA_009/20220809_053000.WAV,Foliage,recover-20220811,009,1795
111.9325,111.9474,26328.0,31744.0,Nyctalus leisleri,0.183,0.324,-1,Echolocation,/mnt/ubna_data_01_mir/recover-20220811/UBNA_009/20220809_053000.WAV,Foliage,recover-20220811,009,1795
113.1395,113.1541,25468.0,29813.0,Nyctalus leisleri,0.152,0.266,-1,Echolocation,/mnt/ubna_data_01_mir/recover-20220811/UBNA_009/20220809_053000.WAV,Foliage,recover-20220811,009,1795
113.2595,113.2722,27187.0,33407.0,Eptesicus serotinus,0.185,0.286,-1,Echolocation,/mnt/ubna_data_01_mir/recover-20220811/UBNA_009/20220809_053000.WAV,Foliage,recover-20220811,009,1795
113.97749999999999,113.9943,25468.0,30004.0,Nyctalus leisleri,0.115,0.21,-1,Echolocation,/mnt/ubna_data_01_mir/recover-20220811/UBNA_009/20220809_053000.WAV,Foliage,recover-20220811,009,1795
114.3655,114.3822,25468.0,30079.0,Nyctalus leisleri,0.273,0.385,-1,Echolocation,/mnt/ubna_data_01_mir/recover-20220811/UBNA_009/20220809_053000.WAV,Foliage,recover-20220811,009,1795
115.74549999999999,115.7595,25468.0,30274.0,Nyctalus leisleri,0.278,0.383,-1,Echolocation,/mnt/ubna_data_01_mir/recover-20220811/UBNA_009/20220809_053000.WAV,Foliage,recover-20220811,009,1795
116.10849999999999,116.1257,27187.0,31922.0,Eptesicus serotinus,0.142,0.316,-1,Echolocation,/mnt/ubna_data_01_mir/recover-20220811/UBNA_009/20220809_053000.WAV,Foliage,recover-20220811,009,1795
116.3435,116.36240000000001,25468.0,30210.0,Nyctalus leisleri,0.155,0.256,-1,Echolocation,/mnt/ubna_data_01_mir/recover-20220811/UBNA_009/20220809_053000.WAV,Foliage,recover-20220811,009,1795
116.7025,116.7211,24609.0,30035.0,Nyctalus leisleri,0.165,0.348,-1,Echolocation,/mnt/ubna_data_01_mir/recover-20220811/UBNA_009/20220809_053000.WAV,Foliage,recover-20220811,009,1795
118.1525,118.1695,25468.0,30064.0,Nyctalus leisleri,0.272,0.386,-1,Echolocation,/mnt/ubna_data_01_mir/recover-20220811/UBNA_009/20220809_053000.WAV,Foliage,recover-20220811,009,1795
118.2875,118.3032,26328.0,30816.0,Nyctalus leisleri,0.285,0.397,-1,Echolocation,/mnt/ubna_data_01_mir/recover-20220811/UBNA_009/20220809_053000.WAV,Foliage,recover-20220811,009,1795
118.5375,118.557,25468.0,29686.0,Nyctalus leisleri,0.209,0.285,-1,Echolocation,/mnt/ubna_data_01_mir/recover-20220811/UBNA_009/20220809_053000.WAV,Foliage,recover-20220811,009,1795
118.6675,118.68469999999999,25468.0,29580.0,Nyctalus leisleri,0.395,0.465,-1,Echolocation,/mnt/ubna_data_01_mir/recover-20220811/UBNA_009/20220809_053000.WAV,Foliage,recover-20220811,009,1795
118.8095,118.83,24609.0,28295.0,Nyctalus leisleri,0.189,0.257,-1,Echolocation,/mnt/ubna_data_01_mir/recover-20220811/UBNA_009/20220809_053000.WAV,Foliage,recover-20220811,009,1795
119.0235,119.0409,24609.0,31485.0,Nyctalus leisleri,0.214,0.459,-1,Echolocation,/mnt/ubna_data_01_mir/recover-20220811/UBNA_009/20220809_053000.WAV,Foliage,recover-20220811,009,1795
119.1855,119.201,25468.0,30107.0,Nyctalus leisleri,0.507,0.583,-1,Echolocation,/mnt/ubna_data_01_mir/recover-20220811/UBNA_009/20220809_053000.WAV,Foliage,recover-20220811,009,1795
119.3535,119.3707,24609.0,31213.0,Nyctalus leisleri,0.331,0.558,-1,Echolocation,/mnt/ubna_data_01_mir/recover-20220811/UBNA_009/20220809_053000.WAV,Foliage,recover-20220811,009,1795
119.5135,119.5282,25468.0,32767.0,Eptesicus serotinus,0.211,0.455,-1,Echolocation,/mnt/ubna_data_01_mir/recover-20220811/UBNA_009/20220809_053000.WAV,Foliage,recover-20220811,009,1795
119.6755,119.6888,25468.0,33408.0,Eptesicus serotinus,0.283,0.571,-1,Echolocation,/mnt/ubna_data_01_mir/recover-20220811/UBNA_009/20220809_053000.WAV,Foliage,recover-20220811,009,1795
119.8485,119.8637,25468.0,35247.0,Eptesicus serotinus,0.323,0.549,-1,Echolocation,/mnt/ubna_data_01_mir/recover-20220811/UBNA_009/20220809_053000.WAV,Foliage,recover-20220811,009,1795
120.0185,120.0344,25468.0,33218.0,Eptesicus serotinus,0.26,0.572,-1,Echolocation,/mnt/ubna_data_01_mir/recover-20220811/UBNA_009/20220809_053000.WAV,Foliage,recover-20220811,009,1795
120.2215,120.2351,25468.0,35573.0,Eptesicus serotinus,0.388,0.537,-1,Echolocation,/mnt/ubna_data_01_mir/recover-20220811/UBNA_009/20220809_053000.WAV,Foliage,recover-20220811,009,1795
120.3705,120.3822,26328.0,36479.0,Eptesicus serotinus,0.403,0.536,-1,Echolocation,/mnt/ubna_data_01_mir/recover-20220811/UBNA_009/20220809_053000.WAV,Foliage,recover-20220811,009,1795
120.3755,120.3885,51250.0,55848.0,Pipistrellus pygmaeus,0.233,0.269,-1,Echolocation,/mnt/ubna_data_01_mir/recover-20220811/UBNA_009/20220809_053000.WAV,Foliage,recover-20220811,009,1795
120.5295,120.5438,25468.0,33036.0,Eptesicus serotinus,0.278,0.512,-1,Echolocation,/mnt/ubna_data_01_mir/recover-20220811/UBNA_009/20220809_053000.WAV,Foliage,recover-20220811,009,1795
120.6915,120.7061,25468.0,33076.0,Nyctalus leisleri,0.245,0.516,-1,Echolocation,/mnt/ubna_data_01_mir/recover-20220811/UBNA_009/20220809_053000.WAV,Foliage,recover-20220811,009,1795
120.8215,120.834,26328.0,34356.0,Eptesicus serotinus,0.297,0.5,-1,Echolocation,/mnt/ubna_data_01_mir/recover-20220811/UBNA_009/20220809_053000.WAV,Foliage,recover-20220811,009,1795
120.9495,120.9614,26328.0,33366.0,Eptesicus serotinus,0.227,0.426,-1,Echolocation,/mnt/ubna_data_01_mir/recover-20220811/UBNA_009/20220809_053000.WAV,Foliage,recover-20220811,009,1795
121.0515,121.0627,26328.0,34107.0,Eptesicus serotinus,0.28,0.465,-1,Echolocation,/mnt/ubna_data_01_mir/recover-20220811/UBNA_009/20220809_053000.WAV,Foliage,recover-20220811,009,1795
121.1235,121.1336,26328.0,34419.0,Eptesicus serotinus,0.302,0.402,-1,Echolocation,/mnt/ubna_data_01_mir/recover-20220811/UBNA_009/20220809_053000.WAV,Foliage,recover-20220811,009,1795
121.6025,121.6166,24609.0,32331.0,Eptesicus serotinus,0.305,0.488,-1,Echolocation,/mnt/ubna_data_01_mir/recover-20220811/UBNA_009/20220809_053000.WAV,Foliage,recover-20220811,009,1795
121.7295,121.7408,26328.0,36873.0,Eptesicus serotinus,0.449,0.567,-1,Echolocation,/mnt/ubna_data_01_mir/recover-20220811/UBNA_009/20220809_053000.WAV,Foliage,recover-20220811,009,1795
121.8495,121.8633,26328.0,41346.0,Eptesicus serotinus,0.417,0.614,-1,Echolocation,/mnt/ubna_data_01_mir/recover-20220811/UBNA_009/20220809_053000.WAV,Foliage,recover-20220811,009,1795
122.1165,122.1315,25468.0,30995.0,Eptesicus serotinus,0.139,0.268,-1,Echolocation,/mnt/ubna_data_01_mir/recover-20220811/UBNA_009/20220809_053000.WAV,Foliage,recover-20220811,009,1795
122.3505,122.3643,25468.0,31334.0,Nyctalus leisleri,0.245,0.456,-1,Echolocation,/mnt/ubna_data_01_mir/recover-20220811/UBNA_009/20220809_053000.WAV,Foliage,recover-20220811,009,1795
122.6355,122.6517,25468.0,30372.0,Nyctalus leisleri,0.118,0.218,-1,Echolocation,/mnt/ubna_data_01_mir/recover-20220811/UBNA_009/20220809_053000.WAV,Foliage,recover-20220811,009,1795
123.0005,123.0157,24609.0,29803.0,Nyctalus leisleri,0.209,0.365,-1,Echolocation,/mnt/ubna_data_01_mir/recover-20220811/UBNA_009/20220809_053000.WAV,Foliage,recover-20220811,009,1795
123.4945,123.5087,25468.0,30089.0,Nyctalus leisleri,0.172,0.307,-1,Echolocation,/mnt/ubna_data_01_mir/recover-20220811/UBNA_009/20220809_053000.WAV,Foliage,recover-20220811,009,1795
123.8735,123.8896,25468.0,29374.0,Nyctalus leisleri,0.143,0.239,-1,Echolocation,/mnt/ubna_data_01_mir/recover-20220811/UBNA_009/20220809_053000.WAV,Foliage,recover-20220811,009,1795
124.3045,124.3155,26328.0,31284.0,Nyctalus leisleri,0.156,0.332,-1,Echolocation,/mnt/ubna_data_01_mir/recover-20220811/UBNA_009/20220809_053000.WAV,Foliage,recover-20220811,009,1795
126.2115,126.22579999999999,25468.0,30540.0,Nyctalus leisleri,0.312,0.51,-1,Echolocation,/mnt/ubna_data_01_mir/recover-20220811/UBNA_009/20220809_053000.WAV,Foliage,recover-20220811,009,1795
126.4545,126.46940000000001,25468.0,31902.0,Eptesicus serotinus,0.192,0.343,-1,Echolocation,/mnt/ubna_data_01_mir/recover-20220811/UBNA_009/20220809_053000.WAV,Foliage,recover-20220811,009,1795
126.8245,126.8389,26328.0,31488.0,Nyctalus leisleri,0.427,0.508,-1,Echolocation,/mnt/ubna_data_01_mir/recover-20220811/UBNA_009/20220809_053000.WAV,Foliage,recover-20220811,009,1795
127.0675,127.0837,25468.0,29207.0,Nyctalus leisleri,0.206,0.298,-1,Echolocation,/mnt/ubna_data_01_mir/recover-20220811/UBNA_009/20220809_053000.WAV,Foliage,recover-20220811,009,1795
127.3035,127.318,25468.0,32618.0,Nyctalus leisleri,0.286,0.557,-1,Echolocation,/mnt/ubna_data_01_mir/recover-20220811/UBNA_009/20220809_053000.WAV,Foliage,recover-20220811,009,1795
127.4425,127.4548,25468.0,31683.0,Nyctalus leisleri,0.322,0.568,-1,Echolocation,/mnt/ubna_data_01_mir/recover-20220811/UBNA_009/20220809_053000.WAV,Foliage,recover-20220811,009,1795
127.5655,127.5765,26328.0,35475.0,Eptesicus serotinus,0.372,0.607,-1,Echolocation,/mnt/ubna_data_01_mir/recover-20220811/UBNA_009/20220809_053000.WAV,Foliage,recover-20220811,009,1795
127.7575,127.7677,27187.0,32787.0,Nyctalus leisleri,0.291,0.495,-1,Echolocation,/mnt/ubna_data_01_mir/recover-20220811/UBNA_009/20220809_053000.WAV,Foliage,recover-20220811,009,1795
127.9045,127.9175,26328.0,35677.0,Eptesicus serotinus,0.375,0.528,-1,Echolocation,/mnt/ubna_data_01_mir/recover-20220811/UBNA_009/20220809_053000.WAV,Foliage,recover-20220811,009,1795
128.1215,128.1329,26328.0,33501.0,Eptesicus serotinus,0.232,0.455,-1,Echolocation,/mnt/ubna_data_01_mir/recover-20220811/UBNA_009/20220809_053000.WAV,Foliage,recover-20220811,009,1795
128.2855,128.2995,26328.0,32544.0,Eptesicus serotinus,0.143,0.291,-1,Echolocation,/mnt/ubna_data_01_mir/recover-20220811/UBNA_009/20220809_053000.WAV,Foliage,recover-20220811,009,1795
128.4635,128.4769,26328.0,32328.0,Nyctalus leisleri,0.233,0.413,-1,Echolocation,/mnt/ubna_data_01_mir/recover-20220811/UBNA_009/20220809_053000.WAV,Foliage,recover-20220811,009,1795
129.2495,129.2653,27187.0,31671.0,Nyctalus leisleri,0.153,0.262,-1,Echolocation,/mnt/ubna_data_01_mir/recover-20220811/UBNA_009/20220809_053000.WAV,Foliage,recover-20220811,009,1795
129.3675,129.3832,25468.0,31258.0,Nyctalus leisleri,0.233,0.492,-1,Echolocation,/mnt/ubna_data_01_mir/recover-20220811/UBNA_009/20220809_053000.WAV,Foliage,recover-20220811,009,1795
129.5015,129.5159,25468.0,31813.0,Nyctalus leisleri,0.303,0.465,-1,Echolocation,/mnt/ubna_data_01_mir/recover-20220811/UBNA_009/20220809_053000.WAV,Foliage,recover-20220811,009,1795
129.6395,129.6533,25468.0,30962.0,Nyctalus leisleri,0.191,0.39,-1,Echolocation,/mnt/ubna_data_01_mir/recover-20220811/UBNA_009/20220809_053000.WAV,Foliage,recover-20220811,009,1795
129.8715,129.8945,24609.0,27824.0,Nyctalus leisleri,0.182,0.246,-1,Echolocation,/mnt/ubna_data_01_mir/recover-20220811/UBNA_009/20220809_053000.WAV,Foliage,recover-20220811,009,1795
130.0125,130.02870000000001,25468.0,30083.0,Nyctalus leisleri,0.368,0.518,-1,Echolocation,/mnt/ubna_data_01_mir/recover-20220811/UBNA_009/20220809_053000.WAV,Foliage,recover-20220811,009,1795
130.20850000000002,130.2268,24609.0,29247.0,Nyctalus leisleri,0.136,0.24,-1,Echolocation,/mnt/ubna_data_01_mir/recover-20220811/UBNA_009/20220809_053000.WAV,Foliage,recover-20220811,009,1795
130.4255,130.4404,25468.0,30350.0,Eptesicus serotinus,0.123,0.261,-1,Echolocation,/mnt/ubna_data_01_mir/recover-20220811/UBNA_009/20220809_053000.WAV,Foliage,recover-20220811,009,1795
130.6625,130.677,25468.0,30460.0,Nyctalus leisleri,0.266,0.43,-1,Echolocation,/mnt/ubna_data_01_mir/recover-20220811/UBNA_009/20220809_053000.WAV,Foliage,recover-20220811,009,1795
130.7945,130.8101,26328.0,31407.0,Nyctalus leisleri,0.134,0.244,-1,Echolocation,/mnt/ubna_data_01_mir/recover-20220811/UBNA_009/20220809_053000.WAV,Foliage,recover-20220811,009,1795
131.8935,131.9085,25468.0,32136.0,Nyctalus leisleri,0.229,0.46,-1,Echolocation,/mnt/ubna_data_01_mir/recover-20220811/UBNA_009/20220809_053000.WAV,Foliage,recover-20220811,009,1795
132.0195,132.0329,26328.0,30418.0,Nyctalus leisleri,0.274,0.356,-1,Echolocation,/mnt/ubna_data_01_mir/recover-20220811/UBNA_009/20220809_053000.WAV,Foliage,recover-20220811,009,1795
132.1395,132.1549,25468.0,30038.0,Nyctalus leisleri,0.2,0.293,-1,Echolocation,/mnt/ubna_data_01_mir/recover-20220811/UBNA_009/20220809_053000.WAV,Foliage,recover-20220811,009,1795
132.2675,132.2813,25468.0,32141.0,Eptesicus serotinus,0.27,0.437,-1,Echolocation,/mnt/ubna_data_01_mir/recover-20220811/UBNA_009/20220809_053000.WAV,Foliage,recover-20220811,009,1795
132.4985,132.5145,24609.0,29957.0,Nyctalus leisleri,0.216,0.312,-1,Echolocation,/mnt/ubna_data_01_mir/recover-20220811/UBNA_009/20220809_053000.WAV,Foliage,recover-20220811,009,1795
132.7345,132.7542,24609.0,29593.0,Nyctalus leisleri,0.224,0.349,-1,Echolocation,/mnt/ubna_data_01_mir/recover-20220811/UBNA_009/20220809_053000.WAV,Foliage,recover-20220811,009,1795
132.8715,132.8852,26328.0,32018.0,Nyctalus leisleri,0.233,0.408,-1,Echolocation,/mnt/ubna_data_01_mir/recover-20220811/UBNA_009/20220809_053000.WAV,Foliage,recover-20220811,009,1795
133.1155,133.13400000000001,24609.0,29447.0,Nyctalus leisleri,0.197,0.308,-1,Echolocation,/mnt/ubna_data_01_mir/recover-20220811/UBNA_009/20220809_053000.WAV,Foliage,recover-20220811,009,1795
133.2535,133.2681,25468.0,31880.0,Nyctalus leisleri,0.255,0.452,-1,Echolocation,/mnt/ubna_data_01_mir/recover-20220811/UBNA_009/20220809_053000.WAV,Foliage,recover-20220811,009,1795
133.3885,133.4033,25468.0,30288.0,Eptesicus serotinus,0.103,0.229,-1,Echolocation,/mnt/ubna_data_01_mir/recover-20220811/UBNA_009/20220809_053000.WAV,Foliage,recover-20220811,009,1795
133.5205,133.5376,25468.0,30375.0,Nyctalus leisleri,0.239,0.394,-1,Echolocation,/mnt/ubna_data_01_mir/recover-20220811/UBNA_009/20220809_053000.WAV,Foliage,recover-20220811,009,1795
133.7255,133.7401,25468.0,30463.0,Nyctalus leisleri,0.412,0.597,-1,Echolocation,/mnt/ubna_data_01_mir/recover-20220811/UBNA_009/20220809_053000.WAV,Foliage,recover-20220811,009,1795
133.8535,133.8649,25468.0,29800.0,Eptesicus serotinus,0.096,0.212,-1,Echolocation,/mnt/ubna_data_01_mir/recover-20220811/UBNA_009/20220809_053000.WAV,Foliage,recover-20220811,009,1795
133.9755,133.9854,26328.0,32925.0,Nyctalus leisleri,0.3,0.579,-1,Echolocation,/mnt/ubna_data_01_mir/recover-20220811/UBNA_009/20220809_053000.WAV,Foliage,recover-20220811,009,1795
134.1225,134.1349,26328.0,31842.0,Nyctalus leisleri,0.192,0.382,-1,Echolocation,/mnt/ubna_data_01_mir/recover-20220811/UBNA_009/20220809_053000.WAV,Foliage,recover-20220811,009,1795
134.3015,134.3133,26328.0,32254.0,Nyctalus leisleri,0.158,0.341,-1,Echolocation,/mnt/ubna_data_01_mir/recover-20220811/UBNA_009/20220809_053000.WAV,Foliage,recover-20220811,009,1795
135.1625,135.1752,25468.0,31873.0,Nyctalus leisleri,0.229,0.457,-1,Echolocation,/mnt/ubna_data_01_mir/recover-20220811/UBNA_009/20220809_053000.WAV,Foliage,recover-20220811,009,1795
135.2805,135.2938,26328.0,34377.0,Nyctalus leisleri,0.312,0.554,-1,Echolocation,/mnt/ubna_data_01_mir/recover-20220811/UBNA_009/20220809_053000.WAV,Foliage,recover-20220811,009,1795
135.4935,135.507,26328.0,33747.0,Nyctalus leisleri,0.218,0.469,-1,Echolocation,/mnt/ubna_data_01_mir/recover-20220811/UBNA_009/20220809_053000.WAV,Foliage,recover-20220811,009,1795
135.6165,135.6269,27187.0,33933.0,Eptesicus serotinus,0.224,0.433,-1,Echolocation,/mnt/ubna_data_01_mir/recover-20220811/UBNA_009/20220809_053000.WAV,Foliage,recover-20220811,009,1795
135.7415,135.7539,26328.0,31184.0,Nyctalus leisleri,0.25,0.434,-1,Echolocation,/mnt/ubna_data_01_mir/recover-20220811/UBNA_009/20220809_053000.WAV,Foliage,recover-20220811,009,1795
135.9495,135.961,25468.0,33666.0,Eptesicus serotinus,0.243,0.517,-1,Echolocation,/mnt/ubna_data_01_mir/recover-20220811/UBNA_009/20220809_053000.WAV,Foliage,recover-20220811,009,1795
136.0815,136.0942,25468.0,33058.0,Nyctalus leisleri,0.261,0.571,-1,Echolocation,/mnt/ubna_data_01_mir/recover-20220811/UBNA_009/20220809_053000.WAV,Foliage,recover-20220811,009,1795
136.3075,136.32150000000001,25468.0,31913.0,Nyctalus leisleri,0.266,0.509,-1,Echolocation,/mnt/ubna_data_01_mir/recover-20220811/UBNA_009/20220809_053000.WAV,Foliage,recover-20220811,009,1795
136.6745,136.692,25468.0,30604.0,Nyctalus leisleri,0.265,0.436,-1,Echolocation,/mnt/ubna_data_01_mir/recover-20220811/UBNA_009/20220809_053000.WAV,Foliage,recover-20220811,009,1795
137.0445,137.0602,25468.0,32065.0,Eptesicus serotinus,0.188,0.364,-1,Echolocation,/mnt/ubna_data_01_mir/recover-20220811/UBNA_009/20220809_053000.WAV,Foliage,recover-20220811,009,1795
137.4245,137.4422,25468.0,30038.0,Nyctalus leisleri,0.19,0.302,-1,Echolocation,/mnt/ubna_data_01_mir/recover-20220811/UBNA_009/20220809_053000.WAV,Foliage,recover-20220811,009,1795
137.7955,137.814,25468.0,29685.0,Nyctalus leisleri,0.142,0.248,-1,Echolocation,/mnt/ubna_data_01_mir/recover-20220811/UBNA_009/20220809_053000.WAV,Foliage,recover-20220811,009,1795
138.1895,138.2069,25468.0,29778.0,Nyctalus leisleri,0.161,0.256,-1,Echolocation,/mnt/ubna_data_01_mir/recover-20220811/UBNA_009/20220809_053000.WAV,Foliage,recover-20220811,009,1795
138.4575,138.4712,25468.0,30050.0,Nyctalus leisleri,0.17,0.279,-1,Echolocation,/mnt/ubna_data_01_mir/recover-20220811/UBNA_009/20220809_053000.WAV,Foliage,recover-20220811,009,1795
141.2485,141.2651,25468.0,29599.0,Nyctalus leisleri,0.147,0.234,-1,Echolocation,/mnt/ubna_data_01_mir/recover-20220811/UBNA_009/20220809_053000.WAV,Foliage,recover-20220811,009,1795
142.0545,142.06810000000002,25468.0,30109.0,Nyctalus leisleri,0.33,0.457,-1,Echolocation,/mnt/ubna_data_01_mir/recover-20220811/UBNA_009/20220809_053000.WAV,Foliage,recover-20220811,009,1795
142.1835,142.2026,25468.0,29490.0,Nyctalus leisleri,0.279,0.374,-1,Echolocation,/mnt/ubna_data_01_mir/recover-20220811/UBNA_009/20220809_053000.WAV,Foliage,recover-20220811,009,1795
142.3185,142.3355,26328.0,30768.0,Nyctalus leisleri,0.168,0.259,-1,Echolocation,/mnt/ubna_data_01_mir/recover-20220811/UBNA_009/20220809_053000.WAV,Foliage,recover-20220811,009,1795
142.4475,142.4641,25468.0,30960.0,Nyctalus leisleri,0.151,0.279,-1,Echolocation,/mnt/ubna_data_01_mir/recover-20220811/UBNA_009/20220809_053000.WAV,Foliage,recover-20220811,009,1795
142.6345,142.65,25468.0,31697.0,Nyctalus leisleri,0.179,0.326,-1,Echolocation,/mnt/ubna_data_01_mir/recover-20220811/UBNA_009/20220809_053000.WAV,Foliage,recover-20220811,009,1795
142.7715,142.787,25468.0,30130.0,Nyctalus leisleri,0.263,0.393,-1,Echolocation,/mnt/ubna_data_01_mir/recover-20220811/UBNA_009/20220809_053000.WAV,Foliage,recover-20220811,009,1795
142.9025,142.9174,26328.0,31751.0,Nyctalus leisleri,0.359,0.452,-1,Echolocation,/mnt/ubna_data_01_mir/recover-20220811/UBNA_009/20220809_053000.WAV,Foliage,recover-20220811,009,1795
143.0325,143.0457,26328.0,30374.0,Nyctalus leisleri,0.321,0.381,-1,Echolocation,/mnt/ubna_data_01_mir/recover-20220811/UBNA_009/20220809_053000.WAV,Foliage,recover-20220811,009,1795
143.3535,143.3698,25468.0,31505.0,Nyctalus leisleri,0.259,0.449,-1,Echolocation,/mnt/ubna_data_01_mir/recover-20220811/UBNA_009/20220809_053000.WAV,Foliage,recover-20220811,009,1795
143.8175,143.8325,25468.0,29333.0,Nyctalus leisleri,0.342,0.445,-1,Echolocation,/mnt/ubna_data_01_mir/recover-20220811/UBNA_009/20220809_053000.WAV,Foliage,recover-20220811,009,1795
144.1845,144.2015,24609.0,29691.0,Nyctalus leisleri,0.325,0.498,-1,Echolocation,/mnt/ubna_data_01_mir/recover-20220811/UBNA_009/20220809_053000.WAV,Foliage,recover-20220811,009,1795
144.3305,144.3505,24609.0,28117.0,Nyctalus leisleri,0.165,0.259,-1,Echolocation,/mnt/ubna_data_01_mir/recover-20220811/UBNA_009/20220809_053000.WAV,Foliage,recover-20220811,009,1795
144.5515,144.5658,24609.0,29751.0,Nyctalus leisleri,0.31,0.484,-1,Echolocation,/mnt/ubna_data_01_mir/recover-20220811/UBNA_009/20220809_053000.WAV,Foliage,recover-20220811,009,1795
144.7955,144.8117,23750.0,28082.0,Nyctalus leisleri,0.342,0.487,-1,Echolocation,/mnt/ubna_data_01_mir/recover-20220811/UBNA_009/20220809_053000.WAV,Foliage,recover-20220811,009,1795
145.0325,145.04919999999998,23750.0,28580.0,Nyctalus leisleri,0.388,0.495,-1,Echolocation,/mnt/ubna_data_01_mir/recover-20220811/UBNA_009/20220809_053000.WAV,Foliage,recover-20220811,009,1795
145.1735,145.1903,25468.0,29203.0,Nyctalus leisleri,0.206,0.312,-1,Echolocation,/mnt/ubna_data_01_mir/recover-20220811/UBNA_009/20220809_053000.WAV,Foliage,recover-20220811,009,1795
145.6465,145.6593,24609.0,28933.0,Nyctalus leisleri,0.45,0.608,-1,Echolocation,/mnt/ubna_data_01_mir/recover-20220811/UBNA_009/20220809_053000.WAV,Foliage,recover-20220811,009,1795
146.0195,146.035,24609.0,28758.0,Nyctalus leisleri,0.191,0.335,-1,Echolocation,/mnt/ubna_data_01_mir/recover-20220811/UBNA_009/20220809_053000.WAV,Foliage,recover-20220811,009,1795
146.1715,146.1869,25468.0,30962.0,Nyctalus leisleri,0.266,0.429,-1,Echolocation,/mnt/ubna_data_01_mir/recover-20220811/UBNA_009/20220809_053000.WAV,Foliage,recover-20220811,009,1795
146.3165,146.33010000000002,25468.0,29441.0,Nyctalus leisleri,0.165,0.288,-1,Echolocation,/mnt/ubna_data_01_mir/recover-20220811/UBNA_009/20220809_053000.WAV,Foliage,recover-20220811,009,1795
146.4475,146.4622,25468.0,29879.0,Nyctalus leisleri,0.157,0.273,-1,Echolocation,/mnt/ubna_data_01_mir/recover-20220811/UBNA_009/20220809_053000.WAV,Foliage,recover-20220811,009,1795
147.3055,147.3216,25468.0,30510.0,Nyctalus leisleri,0.38,0.506,-1,Echolocation,/mnt/ubna_data_01_mir/recover-20220811/UBNA_009/20220809_053000.WAV,Foliage,recover-20220811,009,1795
147.4275,147.4424,27187.0,31890.0,Nyctalus leisleri,0.104,0.219,-1,Echolocation,/mnt/ubna_data_01_mir/recover-20220811/UBNA_009/20220809_053000.WAV,Foliage,recover-20220811,009,1795
147.5525,147.5655,25468.0,31792.0,Nyctalus leisleri,0.4,0.6,-1,Echolocation,/mnt/ubna_data_01_mir/recover-20220811/UBNA_009/20220809_053000.WAV,Foliage,recover-20220811,009,1795
147.6915,147.7052,25468.0,31082.0,Nyctalus leisleri,0.389,0.519,-1,Echolocation,/mnt/ubna_data_01_mir/recover-20220811/UBNA_009/20220809_053000.WAV,Foliage,recover-20220811,009,1795
147.9295,147.9459,24609.0,32801.0,Eptesicus serotinus,0.28,0.547,-1,Echolocation,/mnt/ubna_data_01_mir/recover-20220811/UBNA_009/20220809_053000.WAV,Foliage,recover-20220811,009,1795
148.1815,148.1971,24609.0,31614.0,Nyctalus leisleri,0.332,0.591,-1,Echolocation,/mnt/ubna_data_01_mir/recover-20220811/UBNA_009/20220809_053000.WAV,Foliage,recover-20220811,009,1795
148.4305,148.4499,24609.0,28720.0,Nyctalus leisleri,0.331,0.405,-1,Echolocation,/mnt/ubna_data_01_mir/recover-20220811/UBNA_009/20220809_053000.WAV,Foliage,recover-20220811,009,1795
148.6885,148.7061,25468.0,29576.0,Nyctalus leisleri,0.443,0.503,-1,Echolocation,/mnt/ubna_data_01_mir/recover-20220811/UBNA_009/20220809_053000.WAV,Foliage,recover-20220811,009,1795
148.9325,148.9558,24609.0,28416.0,Nyctalus leisleri,0.138,0.224,-1,Echolocation,/mnt/ubna_data_01_mir/recover-20220811/UBNA_009/20220809_053000.WAV,Foliage,recover-20220811,009,1795
149.1825,149.198,25468.0,29075.0,Nyctalus leisleri,0.272,0.377,-1,Echolocation,/mnt/ubna_data_01_mir/recover-20220811/UBNA_009/20220809_053000.WAV,Foliage,recover-20220811,009,1795
149.4275,149.4449,23750.0,27092.0,Nyctalus leisleri,0.218,0.298,-1,Echolocation,/mnt/ubna_data_01_mir/recover-20220811/UBNA_009/20220809_053000.WAV,Foliage,recover-20220811,009,1795
149.6765,149.6971,24609.0,29029.0,Nyctalus leisleri,0.195,0.294,-1,Echolocation,/mnt/ubna_data_01_mir/recover-20220811/UBNA_009/20220809_053000.WAV,Foliage,recover-20220811,009,1795
149.97050000000002,149.987,25468.0,30014.0,Nyctalus leisleri,0.209,0.295,-1,Echolocation,/mnt/ubna_data_01_mir/recover-20220811/UBNA_009/20220809_053000.WAV,Foliage,recover-20220811,009,1795
159.8955,159.9106,25468.0,30641.0,Nyctalus leisleri,0.171,0.323,-1,Echolocation,/mnt/ubna_data_01_mir/recover-20220811/UBNA_009/20220809_053000.WAV,Foliage,recover-20220811,009,1795
159.9195,159.9415,22890.0,27598.0,Nyctalus leisleri,0.151,0.285,-1,Echolocation,/mnt/ubna_data_01_mir/recover-20220811/UBNA_009/20220809_053000.WAV,Foliage,recover-20220811,009,1795
160.3235,160.3393,22890.0,27788.0,Nyctalus noctula,0.207,0.485,-1,Echolocation,/mnt/ubna_data_01_mir/recover-20220811/UBNA_009/20220809_053000.WAV,Foliage,recover-20220811,009,1795
160.4045,160.417,25468.0,31583.0,Nyctalus leisleri,0.294,0.524,-1,Echolocation,/mnt/ubna_data_01_mir/recover-20220811/UBNA_009/20220809_053000.WAV,Foliage,recover-20220811,009,1795
160.66649999999998,160.6813,25468.0,30192.0,Nyctalus leisleri,0.285,0.378,-1,Echolocation,/mnt/ubna_data_01_mir/recover-20220811/UBNA_009/20220809_053000.WAV,Foliage,recover-20220811,009,1795
160.7935,160.8101,26328.0,31019.0,Nyctalus leisleri,0.135,0.237,-1,Echolocation,/mnt/ubna_data_01_mir/recover-20220811/UBNA_009/20220809_053000.WAV,Foliage,recover-20220811,009,1795
160.8815,160.8968,23750.0,28049.0,Nyctalus leisleri,0.15,0.293,-1,Echolocation,/mnt/ubna_data_01_mir/recover-20220811/UBNA_009/20220809_053000.WAV,Foliage,recover-20220811,009,1795
160.9175,160.9319,27187.0,31378.0,Nyctalus leisleri,0.288,0.4,-1,Echolocation,/mnt/ubna_data_01_mir/recover-20220811/UBNA_009/20220809_053000.WAV,Foliage,recover-20220811,009,1795
161.0445,161.06119999999999,25468.0,29840.0,Nyctalus leisleri,0.13,0.216,-1,Echolocation,/mnt/ubna_data_01_mir/recover-20220811/UBNA_009/20220809_053000.WAV,Foliage,recover-20220811,009,1795
161.29149999999998,161.3071,25468.0,29598.0,Nyctalus leisleri,0.402,0.499,-1,Echolocation,/mnt/ubna_data_01_mir/recover-20220811/UBNA_009/20220809_053000.WAV,Foliage,recover-20220811,009,1795
161.4315,161.4435,26328.0,32615.0,Nyctalus leisleri,0.2,0.415,-1,Echolocation,/mnt/ubna_data_01_mir/recover-20220811/UBNA_009/20220809_053000.WAV,Foliage,recover-20220811,009,1795
161.5725,161.5869,25468.0,30239.0,Nyctalus leisleri,0.264,0.397,-1,Echolocation,/mnt/ubna_data_01_mir/recover-20220811/UBNA_009/20220809_053000.WAV,Foliage,recover-20220811,009,1795
161.7955,161.8115,25468.0,30676.0,Nyctalus leisleri,0.388,0.533,-1,Echolocation,/mnt/ubna_data_01_mir/recover-20220811/UBNA_009/20220809_053000.WAV,Foliage,recover-20220811,009,1795
161.9395,161.95159999999998,25468.0,33103.0,Nyctalus leisleri,0.29,0.523,-1,Echolocation,/mnt/ubna_data_01_mir/recover-20220811/UBNA_009/20220809_053000.WAV,Foliage,recover-20220811,009,1795
162.0505,162.0634,26328.0,31228.0,Nyctalus leisleri,0.245,0.39,-1,Echolocation,/mnt/ubna_data_01_mir/recover-20220811/UBNA_009/20220809_053000.WAV,Foliage,recover-20220811,009,1795
162.7975,162.8166,25468.0,30326.0,Nyctalus leisleri,0.15,0.264,-1,Echolocation,/mnt/ubna_data_01_mir/recover-20220811/UBNA_009/20220809_053000.WAV,Foliage,recover-20220811,009,1795
163.8585,163.8787,25468.0,29853.0,Nyctalus leisleri,0.142,0.234,-1,Echolocation,/mnt/ubna_data_01_mir/recover-20220811/UBNA_009/20220809_053000.WAV,Foliage,recover-20220811,009,1795
164.1285,164.1435,25468.0,29881.0,Nyctalus leisleri,0.205,0.34,-1,Echolocation,/mnt/ubna_data_01_mir/recover-20220811/UBNA_009/20220809_053000.WAV,Foliage,recover-20220811,009,1795
164.3835,164.3958,25468.0,30120.0,Nyctalus leisleri,0.38,0.507,-1,Echolocation,/mnt/ubna_data_01_mir/recover-20220811/UBNA_009/20220809_053000.WAV,Foliage,recover-20220811,009,1795
164.7545,164.7705,25468.0,30815.0,Nyctalus leisleri,0.106,0.24,-1,Echolocation,/mnt/ubna_data_01_mir/recover-20220811/UBNA_009/20220809_053000.WAV,Foliage,recover-20220811,009,1795
165.1445,165.159,24609.0,30050.0,Nyctalus leisleri,0.343,0.499,-1,Echolocation,/mnt/ubna_data_01_mir/recover-20220811/UBNA_009/20220809_053000.WAV,Foliage,recover-20220811,009,1795
168.3175,168.3315,24609.0,28180.0,Nyctalus leisleri,0.488,0.603,-1,Echolocation,/mnt/ubna_data_01_mir/recover-20220811/UBNA_009/20220809_053000.WAV,Foliage,recover-20220811,009,1795
168.5945,168.6128,24609.0,28209.0,Nyctalus leisleri,0.332,0.43,-1,Echolocation,/mnt/ubna_data_01_mir/recover-20220811/UBNA_009/20220809_053000.WAV,Foliage,recover-20220811,009,1795
169.2575,169.2723,23750.0,27647.0,Nyctalus leisleri,0.585,0.663,-1,Echolocation,/mnt/ubna_data_01_mir/recover-20220811/UBNA_009/20220809_053000.WAV,Foliage,recover-20220811,009,1795
169.9375,169.952,23750.0,27748.0,Nyctalus leisleri,0.415,0.513,-1,Echolocation,/mnt/ubna_data_01_mir/recover-20220811/UBNA_009/20220809_053000.WAV,Foliage,recover-20220811,009,1795
170.6235,170.6433,23750.0,27670.0,Nyctalus leisleri,0.146,0.224,-1,Echolocation,/mnt/ubna_data_01_mir/recover-20220811/UBNA_009/20220809_053000.WAV,Foliage,recover-20220811,009,1795
171.1935,171.2116,25468.0,29656.0,Nyctalus leisleri,0.218,0.335,-1,Echolocation,/mnt/ubna_data_01_mir/recover-20220811/UBNA_009/20220809_053000.WAV,Foliage,recover-20220811,009,1795
171.34550000000002,171.3605,25468.0,29134.0,Nyctalus leisleri,0.141,0.242,-1,Echolocation,/mnt/ubna_data_01_mir/recover-20220811/UBNA_009/20220809_053000.WAV,Foliage,recover-20220811,009,1795
171.7645,171.776,25468.0,32265.0,Nyctalus leisleri,0.37,0.597,-1,Echolocation,/mnt/ubna_data_01_mir/recover-20220811/UBNA_009/20220809_053000.WAV,Foliage,recover-20220811,009,1795
171.9145,171.9275,25468.0,30196.0,Nyctalus leisleri,0.331,0.526,-1,Echolocation,/mnt/ubna_data_01_mir/recover-20220811/UBNA_009/20220809_053000.WAV,Foliage,recover-20220811,009,1795
172.1625,172.1762,25468.0,31741.0,Nyctalus leisleri,0.326,0.583,-1,Echolocation,/mnt/ubna_data_01_mir/recover-20220811/UBNA_009/20220809_053000.WAV,Foliage,recover-20220811,009,1795
172.2705,172.2842,27187.0,31198.0,Nyctalus leisleri,0.145,0.244,-1,Echolocation,/mnt/ubna_data_01_mir/recover-20220811/UBNA_009/20220809_053000.WAV,Foliage,recover-20220811,009,1795
173.0705,173.08350000000002,26328.0,30869.0,Nyctalus leisleri,0.257,0.412,-1,Echolocation,/mnt/ubna_data_01_mir/recover-20220811/UBNA_009/20220809_053000.WAV,Foliage,recover-20220811,009,1795
173.1875,173.2009,25468.0,32124.0,Eptesicus serotinus,0.202,0.397,-1,Echolocation,/mnt/ubna_data_01_mir/recover-20220811/UBNA_009/20220809_053000.WAV,Foliage,recover-20220811,009,1795
173.3155,173.3296,26328.0,31599.0,Nyctalus leisleri,0.3,0.514,-1,Echolocation,/mnt/ubna_data_01_mir/recover-20220811/UBNA_009/20220809_053000.WAV,Foliage,recover-20220811,009,1795
173.4375,173.4481,27187.0,33027.0,Nyctalus leisleri,0.278,0.479,-1,Echolocation,/mnt/ubna_data_01_mir/recover-20220811/UBNA_009/20220809_053000.WAV,Foliage,recover-20220811,009,1795
173.5355,173.5483,26328.0,31077.0,Nyctalus leisleri,0.258,0.409,-1,Echolocation,/mnt/ubna_data_01_mir/recover-20220811/UBNA_009/20220809_053000.WAV,Foliage,recover-20220811,009,1795
173.6695,173.6816,26328.0,34369.0,Eptesicus serotinus,0.269,0.504,-1,Echolocation,/mnt/ubna_data_01_mir/recover-20220811/UBNA_009/20220809_053000.WAV,Foliage,recover-20220811,009,1795
173.8065,173.8174,27187.0,34559.0,Eptesicus serotinus,0.304,0.449,-1,Echolocation,/mnt/ubna_data_01_mir/recover-20220811/UBNA_009/20220809_053000.WAV,Foliage,recover-20220811,009,1795
173.94650000000001,173.9584,26328.0,30365.0,Nyctalus leisleri,0.182,0.314,-1,Echolocation,/mnt/ubna_data_01_mir/recover-20220811/UBNA_009/20220809_053000.WAV,Foliage,recover-20220811,009,1795
174.1935,174.2076,25468.0,32246.0,Nyctalus leisleri,0.324,0.554,-1,Echolocation,/mnt/ubna_data_01_mir/recover-20220811/UBNA_009/20220809_053000.WAV,Foliage,recover-20220811,009,1795
174.4855,174.5005,25468.0,30807.0,Nyctalus leisleri,0.217,0.385,-1,Echolocation,/mnt/ubna_data_01_mir/recover-20220811/UBNA_009/20220809_053000.WAV,Foliage,recover-20220811,009,1795
174.6385,174.6573,25468.0,30393.0,Nyctalus leisleri,0.182,0.302,-1,Echolocation,/mnt/ubna_data_01_mir/recover-20220811/UBNA_009/20220809_053000.WAV,Foliage,recover-20220811,009,1795
174.7905,174.8056,25468.0,30744.0,Nyctalus leisleri,0.199,0.343,-1,Echolocation,/mnt/ubna_data_01_mir/recover-20220811/UBNA_009/20220809_053000.WAV,Foliage,recover-20220811,009,1795
174.9485,174.9649,25468.0,30472.0,Nyctalus leisleri,0.217,0.396,-1,Echolocation,/mnt/ubna_data_01_mir/recover-20220811/UBNA_009/20220809_053000.WAV,Foliage,recover-20220811,009,1795
175.1765,175.1915,24609.0,28630.0,Nyctalus leisleri,0.2,0.342,-1,Echolocation,/mnt/ubna_data_01_mir/recover-20220811/UBNA_009/20220809_053000.WAV,Foliage,recover-20220811,009,1795
175.3135,175.3294,25468.0,30720.0,Nyctalus leisleri,0.305,0.432,-1,Echolocation,/mnt/ubna_data_01_mir/recover-20220811/UBNA_009/20220809_053000.WAV,Foliage,recover-20220811,009,1795
175.4865,175.5006,25468.0,29528.0,Nyctalus leisleri,0.381,0.539,-1,Echolocation,/mnt/ubna_data_01_mir/recover-20220811/UBNA_009/20220809_053000.WAV,Foliage,recover-20220811,009,1795
175.6385,175.6575,26328.0,30003.0,Nyctalus leisleri,0.205,0.284,-1,Echolocation,/mnt/ubna_data_01_mir/recover-20220811/UBNA_009/20220809_053000.WAV,Foliage,recover-20220811,009,1795
176.4775,176.4959,25468.0,28863.0,Nyctalus leisleri,0.186,0.275,-1,Echolocation,/mnt/ubna_data_01_mir/recover-20220811/UBNA_009/20220809_053000.WAV,Foliage,recover-20220811,009,1795
176.6025,176.6266,24609.0,29305.0,Nyctalus leisleri,0.132,0.247,-1,Echolocation,/mnt/ubna_data_01_mir/recover-20220811/UBNA_009/20220809_053000.WAV,Foliage,recover-20220811,009,1795
176.7415,176.7568,25468.0,32191.0,Nyctalus leisleri,0.276,0.501,-1,Echolocation,/mnt/ubna_data_01_mir/recover-20220811/UBNA_009/20220809_053000.WAV,Foliage,recover-20220811,009,1795
176.8275,176.8401,26328.0,30589.0,Nyctalus leisleri,0.195,0.345,-1,Echolocation,/mnt/ubna_data_01_mir/recover-20220811/UBNA_009/20220809_053000.WAV,Foliage,recover-20220811,009,1795
176.8905,176.9063,24609.0,29060.0,Nyctalus leisleri,0.197,0.332,-1,Echolocation,/mnt/ubna_data_01_mir/recover-20220811/UBNA_009/20220809_053000.WAV,Foliage,recover-20220811,009,1795
179.8415,179.8601,23750.0,27873.0,Nyctalus leisleri,0.417,0.51,-1,Echolocation,/mnt/ubna_data_01_mir/recover-20220811/UBNA_009/20220809_053000.WAV,Foliage,recover-20220811,009,1795
184.1535,184.1735,25468.0,29659.0,Nyctalus leisleri,0.141,0.228,-1,Echolocation,/mnt/ubna_data_01_mir/recover-20220811/UBNA_009/20220809_053000.WAV,Foliage,recover-20220811,009,1795
184.4115,184.4313,24609.0,28753.0,Nyctalus leisleri,0.184,0.327,-1,Echolocation,/mnt/ubna_data_01_mir/recover-20220811/UBNA_009/20220809_053000.WAV,Foliage,recover-20220811,009,1795
184.6735,184.6871,25468.0,30718.0,Nyctalus leisleri,0.291,0.586,-1,Echolocation,/mnt/ubna_data_01_mir/recover-20220811/UBNA_009/20220809_053000.WAV,Foliage,recover-20220811,009,1795
185.2335,185.2487,25468.0,30048.0,Nyctalus leisleri,0.102,0.222,-1,Echolocation,/mnt/ubna_data_01_mir/recover-20220811/UBNA_009/20220809_053000.WAV,Foliage,recover-20220811,009,1795
185.7365,185.7588,24609.0,28680.0,Nyctalus leisleri,0.133,0.241,-1,Echolocation,/mnt/ubna_data_01_mir/recover-20220811/UBNA_009/20220809_053000.WAV,Foliage,recover-20220811,009,1795
185.8875,185.9066,26328.0,30262.0,Nyctalus leisleri,0.142,0.239,-1,Echolocation,/mnt/ubna_data_01_mir/recover-20220811/UBNA_009/20220809_053000.WAV,Foliage,recover-20220811,009,1795
186.1135,186.1312,24609.0,29075.0,Eptesicus serotinus,0.09,0.235,-1,Echolocation,/mnt/ubna_data_01_mir/recover-20220811/UBNA_009/20220809_053000.WAV,Foliage,recover-20220811,009,1795
186.5485,186.5619,27187.0,31918.0,Nyctalus leisleri,0.195,0.393,-1,Echolocation,/mnt/ubna_data_01_mir/recover-20220811/UBNA_009/20220809_053000.WAV,Foliage,recover-20220811,009,1795
186.6675,186.6859,26328.0,31329.0,Eptesicus serotinus,0.118,0.272,-1,Echolocation,/mnt/ubna_data_01_mir/recover-20220811/UBNA_009/20220809_053000.WAV,Foliage,recover-20220811,009,1795
186.7385,186.7615,23750.0,28380.0,Nyctalus leisleri,0.09,0.227,-1,Echolocation,/mnt/ubna_data_01_mir/recover-20220811/UBNA_009/20220809_053000.WAV,Foliage,recover-20220811,009,1795
186.7945,186.8111,25468.0,31393.0,Nyctalus leisleri,0.128,0.28,-1,Echolocation,/mnt/ubna_data_01_mir/recover-20220811/UBNA_009/20220809_053000.WAV,Foliage,recover-20220811,009,1795
187.0385,187.0534,25468.0,32175.0,Eptesicus serotinus,0.194,0.357,-1,Echolocation,/mnt/ubna_data_01_mir/recover-20220811/UBNA_009/20220809_053000.WAV,Foliage,recover-20220811,009,1795
187.4115,187.4259,25468.0,30358.0,Nyctalus leisleri,0.241,0.397,-1,Echolocation,/mnt/ubna_data_01_mir/recover-20220811/UBNA_009/20220809_053000.WAV,Foliage,recover-20220811,009,1795
187.5475,187.563,25468.0,32126.0,Eptesicus serotinus,0.167,0.349,-1,Echolocation,/mnt/ubna_data_01_mir/recover-20220811/UBNA_009/20220809_053000.WAV,Foliage,recover-20220811,009,1795
187.9165,187.9324,25468.0,31035.0,Nyctalus leisleri,0.299,0.487,-1,Echolocation,/mnt/ubna_data_01_mir/recover-20220811/UBNA_009/20220809_053000.WAV,Foliage,recover-20220811,009,1795
188.0445,188.0606,26328.0,30539.0,Nyctalus leisleri,0.181,0.28,-1,Echolocation,/mnt/ubna_data_01_mir/recover-20220811/UBNA_009/20220809_053000.WAV,Foliage,recover-20220811,009,1795
188.1765,188.1896,26328.0,32029.0,Nyctalus leisleri,0.263,0.429,-1,Echolocation,/mnt/ubna_data_01_mir/recover-20220811/UBNA_009/20220809_053000.WAV,Foliage,recover-20220811,009,1795
188.30349999999999,188.3242,25468.0,29566.0,Nyctalus leisleri,0.167,0.259,-1,Echolocation,/mnt/ubna_data_01_mir/recover-20220811/UBNA_009/20220809_053000.WAV,Foliage,recover-20220811,009,1795
188.4205,188.4369,26328.0,31694.0,Nyctalus leisleri,0.124,0.241,-1,Echolocation,/mnt/ubna_data_01_mir/recover-20220811/UBNA_009/20220809_053000.WAV,Foliage,recover-20220811,009,1795
188.5345,188.5498,25468.0,31502.0,Nyctalus leisleri,0.211,0.402,-1,Echolocation,/mnt/ubna_data_01_mir/recover-20220811/UBNA_009/20220809_053000.WAV,Foliage,recover-20220811,009,1795
188.6675,188.6856,24609.0,28597.0,Nyctalus leisleri,0.111,0.204,-1,Echolocation,/mnt/ubna_data_01_mir/recover-20220811/UBNA_009/20220809_053000.WAV,Foliage,recover-20220811,009,1795
188.6955,188.7083,27187.0,31970.0,Nyctalus leisleri,0.2,0.318,-1,Echolocation,/mnt/ubna_data_01_mir/recover-20220811/UBNA_009/20220809_053000.WAV,Foliage,recover-20220811,009,1795
188.9195,188.9401,23750.0,28656.0,Nyctalus leisleri,0.101,0.245,-1,Echolocation,/mnt/ubna_data_01_mir/recover-20220811/UBNA_009/20220809_053000.WAV,Foliage,recover-20220811,009,1795
188.9805,188.9948,26328.0,32196.0,Nyctalus leisleri,0.225,0.371,-1,Echolocation,/mnt/ubna_data_01_mir/recover-20220811/UBNA_009/20220809_053000.WAV,Foliage,recover-20220811,009,1795
189.1225,189.1395,26328.0,30217.0,Nyctalus leisleri,0.318,0.392,-1,Echolocation,/mnt/ubna_data_01_mir/recover-20220811/UBNA_009/20220809_053000.WAV,Foliage,recover-20220811,009,1795
189.1585,189.1805,23750.0,28358.0,Nyctalus leisleri,0.119,0.24,-1,Echolocation,/mnt/ubna_data_01_mir/recover-20220811/UBNA_009/20220809_053000.WAV,Foliage,recover-20220811,009,1795
189.2555,189.2673,25468.0,33416.0,Eptesicus serotinus,0.261,0.495,-1,Echolocation,/mnt/ubna_data_01_mir/recover-20220811/UBNA_009/20220809_053000.WAV,Foliage,recover-20220811,009,1795
189.4045,189.4193,26328.0,31412.0,Nyctalus leisleri,0.341,0.557,-1,Echolocation,/mnt/ubna_data_01_mir/recover-20220811/UBNA_009/20220809_053000.WAV,Foliage,recover-20220811,009,1795
189.5305,189.5492,24609.0,29052.0,Nyctalus leisleri,0.26,0.409,-1,Echolocation,/mnt/ubna_data_01_mir/recover-20220811/UBNA_009/20220809_053000.WAV,Foliage,recover-20220811,009,1795
189.5495,189.5624,27187.0,33406.0,Eptesicus serotinus,0.184,0.339,-1,Echolocation,/mnt/ubna_data_01_mir/recover-20220811/UBNA_009/20220809_053000.WAV,Foliage,recover-20220811,009,1795
189.6565,189.6769,24609.0,28833.0,Nyctalus leisleri,0.181,0.299,-1,Echolocation,/mnt/ubna_data_01_mir/recover-20220811/UBNA_009/20220809_053000.WAV,Foliage,recover-20220811,009,1795
189.6915,189.7034,27187.0,33172.0,Nyctalus leisleri,0.292,0.482,-1,Echolocation,/mnt/ubna_data_01_mir/recover-20220811/UBNA_009/20220809_053000.WAV,Foliage,recover-20220811,009,1795
189.8345,189.8485,25468.0,30647.0,Nyctalus leisleri,0.219,0.401,-1,Echolocation,/mnt/ubna_data_01_mir/recover-20220811/UBNA_009/20220809_053000.WAV,Foliage,recover-20220811,009,1795
189.9815,189.9952,25468.0,34321.0,Eptesicus serotinus,0.243,0.495,-1,Echolocation,/mnt/ubna_data_01_mir/recover-20220811/UBNA_009/20220809_053000.WAV,Foliage,recover-20220811,009,1795
190.1395,190.1534,25468.0,34938.0,Eptesicus serotinus,0.337,0.541,-1,Echolocation,/mnt/ubna_data_01_mir/recover-20220811/UBNA_009/20220809_053000.WAV,Foliage,recover-20220811,009,1795
190.2855,190.2989,25468.0,30935.0,Eptesicus serotinus,0.177,0.352,-1,Echolocation,/mnt/ubna_data_01_mir/recover-20220811/UBNA_009/20220809_053000.WAV,Foliage,recover-20220811,009,1795
190.4235,190.4386,25468.0,31567.0,Nyctalus leisleri,0.201,0.392,-1,Echolocation,/mnt/ubna_data_01_mir/recover-20220811/UBNA_009/20220809_053000.WAV,Foliage,recover-20220811,009,1795
190.67849999999999,190.6949,25468.0,29770.0,Nyctalus leisleri,0.124,0.23,-1,Echolocation,/mnt/ubna_data_01_mir/recover-20220811/UBNA_009/20220809_053000.WAV,Foliage,recover-20220811,009,1795
190.7965,190.8107,23750.0,28184.0,Nyctalus leisleri,0.263,0.497,-1,Echolocation,/mnt/ubna_data_01_mir/recover-20220811/UBNA_009/20220809_053000.WAV,Foliage,recover-20220811,009,1795
190.8235,190.8377,26328.0,30706.0,Nyctalus leisleri,0.17,0.281,-1,Echolocation,/mnt/ubna_data_01_mir/recover-20220811/UBNA_009/20220809_053000.WAV,Foliage,recover-20220811,009,1795
191.1035,191.1147,26328.0,32384.0,Eptesicus serotinus,0.214,0.45,-1,Echolocation,/mnt/ubna_data_01_mir/recover-20220811/UBNA_009/20220809_053000.WAV,Foliage,recover-20220811,009,1795
191.2275,191.2412,25468.0,31316.0,Eptesicus serotinus,0.155,0.323,-1,Echolocation,/mnt/ubna_data_01_mir/recover-20220811/UBNA_009/20220809_053000.WAV,Foliage,recover-20220811,009,1795
191.6375,191.6489,25468.0,31820.0,Eptesicus serotinus,0.168,0.315,-1,Echolocation,/mnt/ubna_data_01_mir/recover-20220811/UBNA_009/20220809_053000.WAV,Foliage,recover-20220811,009,1795
193.4455,193.4615,23750.0,30276.0,Eptesicus serotinus,0.209,0.424,-1,Echolocation,/mnt/ubna_data_01_mir/recover-20220811/UBNA_009/20220809_053000.WAV,Foliage,recover-20220811,009,1795
193.5845,193.5978,24609.0,30222.0,Eptesicus serotinus,0.181,0.404,-1,Echolocation,/mnt/ubna_data_01_mir/recover-20220811/UBNA_009/20220809_053000.WAV,Foliage,recover-20220811,009,1795
194.7765,194.7939,26328.0,31636.0,Nyctalus leisleri,0.097,0.214,-1,Echolocation,/mnt/ubna_data_01_mir/recover-20220811/UBNA_009/20220809_053000.WAV,Foliage,recover-20220811,009,1795
194.91649999999998,194.9321,27187.0,31678.0,Eptesicus serotinus,0.108,0.23,-1,Echolocation,/mnt/ubna_data_01_mir/recover-20220811/UBNA_009/20220809_053000.WAV,Foliage,recover-20220811,009,1795
195.2965,195.3134,26328.0,31813.0,Eptesicus serotinus,0.102,0.212,-1,Echolocation,/mnt/ubna_data_01_mir/recover-20220811/UBNA_009/20220809_053000.WAV,Foliage,recover-20220811,009,1795
195.5845,195.6008,27187.0,32544.0,Nyctalus leisleri,0.157,0.32,-1,Echolocation,/mnt/ubna_data_01_mir/recover-20220811/UBNA_009/20220809_053000.WAV,Foliage,recover-20220811,009,1795
195.7315,195.7483,26328.0,30850.0,Nyctalus leisleri,0.128,0.214,-1,Echolocation,/mnt/ubna_data_01_mir/recover-20220811/UBNA_009/20220809_053000.WAV,Foliage,recover-20220811,009,1795
196.2745,196.2901,27187.0,30294.0,Nyctalus leisleri,0.193,0.286,-1,Echolocation,/mnt/ubna_data_01_mir/recover-20220811/UBNA_009/20220809_053000.WAV,Foliage,recover-20220811,009,1795
196.5445,196.5607,27187.0,32449.0,Nyctalus leisleri,0.192,0.356,-1,Echolocation,/mnt/ubna_data_01_mir/recover-20220811/UBNA_009/20220809_053000.WAV,Foliage,recover-20220811,009,1795
196.91649999999998,196.9302,27187.0,32021.0,Nyctalus leisleri,0.287,0.418,-1,Echolocation,/mnt/ubna_data_01_mir/recover-20220811/UBNA_009/20220809_053000.WAV,Foliage,recover-20220811,009,1795
197.2885,197.3047,26328.0,32595.0,Nyctalus leisleri,0.213,0.465,-1,Echolocation,/mnt/ubna_data_01_mir/recover-20220811/UBNA_009/20220809_053000.WAV,Foliage,recover-20220811,009,1795
197.4355,197.4547,26328.0,30741.0,Nyctalus leisleri,0.156,0.254,-1,Echolocation,/mnt/ubna_data_01_mir/recover-20220811/UBNA_009/20220809_053000.WAV,Foliage,recover-20220811,009,1795
197.5965,197.6115,25468.0,30289.0,Nyctalus leisleri,0.32,0.457,-1,Echolocation,/mnt/ubna_data_01_mir/recover-20220811/UBNA_009/20220809_053000.WAV,Foliage,recover-20220811,009,1795
198.1185,198.1323,25468.0,30122.0,Nyctalus leisleri,0.209,0.339,-1,Echolocation,/mnt/ubna_data_01_mir/recover-20220811/UBNA_009/20220809_053000.WAV,Foliage,recover-20220811,009,1795
198.1955,198.2055,27187.0,33896.0,Eptesicus serotinus,0.231,0.379,-1,Echolocation,/mnt/ubna_data_01_mir/recover-20220811/UBNA_009/20220809_053000.WAV,Foliage,recover-20220811,009,1795
198.5105,198.5236,25468.0,31309.0,Nyctalus leisleri,0.24,0.471,-1,Echolocation,/mnt/ubna_data_01_mir/recover-20220811/UBNA_009/20220809_053000.WAV,Foliage,recover-20220811,009,1795
198.6575,198.6739,25468.0,29889.0,Nyctalus leisleri,0.115,0.207,-1,Echolocation,/mnt/ubna_data_01_mir/recover-20220811/UBNA_009/20220809_053000.WAV,Foliage,recover-20220811,009,1795
199.1925,199.2054,25468.0,30363.0,Nyctalus leisleri,0.496,0.663,-1,Echolocation,/mnt/ubna_data_01_mir/recover-20220811/UBNA_009/20220809_053000.WAV,Foliage,recover-20220811,009,1795
199.4515,199.4732,23750.0,28123.0,Nyctalus leisleri,0.159,0.269,-1,Echolocation,/mnt/ubna_data_01_mir/recover-20220811/UBNA_009/20220809_053000.WAV,Foliage,recover-20220811,009,1795
199.6005,199.6193,25468.0,29066.0,Nyctalus leisleri,0.203,0.286,-1,Echolocation,/mnt/ubna_data_01_mir/recover-20220811/UBNA_009/20220809_053000.WAV,Foliage,recover-20220811,009,1795
202.1845,202.1972,26328.0,31710.0,Nyctalus leisleri,0.125,0.229,-1,Echolocation,/mnt/ubna_data_01_mir/recover-20220811/UBNA_009/20220809_053000.WAV,Foliage,recover-20220811,009,1795
202.4375,202.4499,25468.0,29841.0,Nyctalus leisleri,0.206,0.351,-1,Echolocation,/mnt/ubna_data_01_mir/recover-20220811/UBNA_009/20220809_053000.WAV,Foliage,recover-20220811,009,1795
203.8235,203.8407,26328.0,29353.0,Nyctalus leisleri,0.2,0.284,-1,Echolocation,/mnt/ubna_data_01_mir/recover-20220811/UBNA_009/20220809_053000.WAV,Foliage,recover-20220811,009,1795
204.0805,204.0981,25468.0,31399.0,Nyctalus leisleri,0.108,0.218,-1,Echolocation,/mnt/ubna_data_01_mir/recover-20220811/UBNA_009/20220809_053000.WAV,Foliage,recover-20220811,009,1795
205.5865,205.60399999999998,26328.0,30598.0,Nyctalus leisleri,0.171,0.268,-1,Echolocation,/mnt/ubna_data_01_mir/recover-20220811/UBNA_009/20220809_053000.WAV,Foliage,recover-20220811,009,1795
205.8595,205.873,26328.0,31626.0,Nyctalus leisleri,0.195,0.364,-1,Echolocation,/mnt/ubna_data_01_mir/recover-20220811/UBNA_009/20220809_053000.WAV,Foliage,recover-20220811,009,1795
206.0015,206.0177,26328.0,32413.0,Nyctalus leisleri,0.16,0.353,-1,Echolocation,/mnt/ubna_data_01_mir/recover-20220811/UBNA_009/20220809_053000.WAV,Foliage,recover-20220811,009,1795
206.1465,206.1596,26328.0,31449.0,Nyctalus leisleri,0.119,0.233,-1,Echolocation,/mnt/ubna_data_01_mir/recover-20220811/UBNA_009/20220809_053000.WAV,Foliage,recover-20220811,009,1795
206.3865,206.40109999999999,25468.0,34977.0,Eptesicus serotinus,0.345,0.499,-1,Echolocation,/mnt/ubna_data_01_mir/recover-20220811/UBNA_009/20220809_053000.WAV,Foliage,recover-20220811,009,1795
206.5265,206.5403,25468.0,32393.0,Eptesicus serotinus,0.212,0.446,-1,Echolocation,/mnt/ubna_data_01_mir/recover-20220811/UBNA_009/20220809_053000.WAV,Foliage,recover-20220811,009,1795
206.6635,206.6755,25468.0,36330.0,Eptesicus serotinus,0.443,0.635,-1,Echolocation,/mnt/ubna_data_01_mir/recover-20220811/UBNA_009/20220809_053000.WAV,Foliage,recover-20220811,009,1795
206.7875,206.8003,26328.0,31971.0,Nyctalus leisleri,0.198,0.382,-1,Echolocation,/mnt/ubna_data_01_mir/recover-20220811/UBNA_009/20220809_053000.WAV,Foliage,recover-20220811,009,1795
207.0475,207.0583,25468.0,35378.0,Eptesicus serotinus,0.471,0.639,-1,Echolocation,/mnt/ubna_data_01_mir/recover-20220811/UBNA_009/20220809_053000.WAV,Foliage,recover-20220811,009,1795
207.1765,207.188,25468.0,33469.0,Eptesicus serotinus,0.257,0.409,-1,Echolocation,/mnt/ubna_data_01_mir/recover-20220811/UBNA_009/20220809_053000.WAV,Foliage,recover-20220811,009,1795
207.5445,207.5576,26328.0,32053.0,Nyctalus leisleri,0.185,0.35,-1,Echolocation,/mnt/ubna_data_01_mir/recover-20220811/UBNA_009/20220809_053000.WAV,Foliage,recover-20220811,009,1795
208.4255,208.4403,25468.0,29915.0,Nyctalus leisleri,0.187,0.326,-1,Echolocation,/mnt/ubna_data_01_mir/recover-20220811/UBNA_009/20220809_053000.WAV,Foliage,recover-20220811,009,1795
208.57150000000001,208.5857,27187.0,31675.0,Nyctalus leisleri,0.287,0.416,-1,Echolocation,/mnt/ubna_data_01_mir/recover-20220811/UBNA_009/20220809_053000.WAV,Foliage,recover-20220811,009,1795
208.9435,208.9578,26328.0,30347.0,Nyctalus leisleri,0.115,0.201,-1,Echolocation,/mnt/ubna_data_01_mir/recover-20220811/UBNA_009/20220809_053000.WAV,Foliage,recover-20220811,009,1795
211.6005,211.6114,24609.0,29376.0,Nyctalus leisleri,0.208,0.374,-1,Echolocation,/mnt/ubna_data_01_mir/recover-20220811/UBNA_009/20220809_053000.WAV,Foliage,recover-20220811,009,1795
211.8595,211.8742,25468.0,30129.0,Nyctalus leisleri,0.131,0.288,-1,Echolocation,/mnt/ubna_data_01_mir/recover-20220811/UBNA_009/20220809_053000.WAV,Foliage,recover-20220811,009,1795
211.9785,211.9904,26328.0,31218.0,Nyctalus leisleri,0.093,0.205,-1,Echolocation,/mnt/ubna_data_01_mir/recover-20220811/UBNA_009/20220809_053000.WAV,Foliage,recover-20220811,009,1795
212.1005,212.1113,26328.0,33190.0,Nyctalus leisleri,0.35,0.63,-1,Echolocation,/mnt/ubna_data_01_mir/recover-20220811/UBNA_009/20220809_053000.WAV,Foliage,recover-20220811,009,1795
212.2315,212.2442,26328.0,31911.0,Nyctalus leisleri,0.356,0.589,-1,Echolocation,/mnt/ubna_data_01_mir/recover-20220811/UBNA_009/20220809_053000.WAV,Foliage,recover-20220811,009,1795
212.3785,212.3906,26328.0,31405.0,Nyctalus leisleri,0.251,0.47,-1,Echolocation,/mnt/ubna_data_01_mir/recover-20220811/UBNA_009/20220809_053000.WAV,Foliage,recover-20220811,009,1795
212.5255,212.5384,26328.0,32383.0,Nyctalus leisleri,0.217,0.438,-1,Echolocation,/mnt/ubna_data_01_mir/recover-20220811/UBNA_009/20220809_053000.WAV,Foliage,recover-20220811,009,1795
212.6685,212.6799,26328.0,32976.0,Eptesicus serotinus,0.233,0.455,-1,Echolocation,/mnt/ubna_data_01_mir/recover-20220811/UBNA_009/20220809_053000.WAV,Foliage,recover-20220811,009,1795
212.8125,212.8239,27187.0,33627.0,Eptesicus serotinus,0.241,0.481,-1,Echolocation,/mnt/ubna_data_01_mir/recover-20220811/UBNA_009/20220809_053000.WAV,Foliage,recover-20220811,009,1795
212.9485,212.9614,26328.0,30801.0,Nyctalus leisleri,0.177,0.288,-1,Echolocation,/mnt/ubna_data_01_mir/recover-20220811/UBNA_009/20220809_053000.WAV,Foliage,recover-20220811,009,1795
213.2105,213.225,26328.0,30444.0,Nyctalus leisleri,0.295,0.411,-1,Echolocation,/mnt/ubna_data_01_mir/recover-20220811/UBNA_009/20220809_053000.WAV,Foliage,recover-20220811,009,1795
213.6105,213.6285,27187.0,31578.0,Nyctalus leisleri,0.118,0.203,-1,Echolocation,/mnt/ubna_data_01_mir/recover-20220811/UBNA_009/20220809_053000.WAV,Foliage,recover-20220811,009,1795
214.0335,214.0511,26328.0,30272.0,Nyctalus leisleri,0.134,0.235,-1,Echolocation,/mnt/ubna_data_01_mir/recover-20220811/UBNA_009/20220809_053000.WAV,Foliage,recover-20220811,009,1795
214.3465,214.3639,25468.0,30177.0,Nyctalus leisleri,0.135,0.245,-1,Echolocation,/mnt/ubna_data_01_mir/recover-20220811/UBNA_009/20220809_053000.WAV,Foliage,recover-20220811,009,1795
214.6615,214.6822,24609.0,29413.0,Nyctalus leisleri,0.27,0.416,-1,Echolocation,/mnt/ubna_data_01_mir/recover-20220811/UBNA_009/20220809_053000.WAV,Foliage,recover-20220811,009,1795
215.1255,215.1421,25468.0,30051.0,Nyctalus leisleri,0.293,0.457,-1,Echolocation,/mnt/ubna_data_01_mir/recover-20220811/UBNA_009/20220809_053000.WAV,Foliage,recover-20220811,009,1795
215.4435,215.4609,25468.0,29116.0,Nyctalus leisleri,0.229,0.316,-1,Echolocation,/mnt/ubna_data_01_mir/recover-20220811/UBNA_009/20220809_053000.WAV,Foliage,recover-20220811,009,1795
215.6985,215.7146,25468.0,29062.0,Nyctalus leisleri,0.356,0.444,-1,Echolocation,/mnt/ubna_data_01_mir/recover-20220811/UBNA_009/20220809_053000.WAV,Foliage,recover-20220811,009,1795
215.8055,215.8185,26328.0,32401.0,Eptesicus serotinus,0.122,0.203,-1,Echolocation,/mnt/ubna_data_01_mir/recover-20220811/UBNA_009/20220809_053000.WAV,Foliage,recover-20220811,009,1795
216.8725,216.8861,25468.0,29674.0,Nyctalus leisleri,0.167,0.274,-1,Echolocation,/mnt/ubna_data_01_mir/recover-20220811/UBNA_009/20220809_053000.WAV,Foliage,recover-20220811,009,1795
219.6255,219.6427,27187.0,30929.0,Nyctalus leisleri,0.165,0.251,-1,Echolocation,/mnt/ubna_data_01_mir/recover-20220811/UBNA_009/20220809_053000.WAV,Foliage,recover-20220811,009,1795
220.4295,220.4469,26328.0,30792.0,Nyctalus leisleri,0.143,0.236,-1,Echolocation,/mnt/ubna_data_01_mir/recover-20220811/UBNA_009/20220809_053000.WAV,Foliage,recover-20220811,009,1795
220.7035,220.7191,26328.0,31076.0,Nyctalus leisleri,0.211,0.364,-1,Echolocation,/mnt/ubna_data_01_mir/recover-20220811/UBNA_009/20220809_053000.WAV,Foliage,recover-20220811,009,1795
220.8545,220.8691,26328.0,30394.0,Nyctalus leisleri,0.146,0.268,-1,Echolocation,/mnt/ubna_data_01_mir/recover-20220811/UBNA_009/20220809_053000.WAV,Foliage,recover-20220811,009,1795
221.1045,221.1182,25468.0,30973.0,Nyctalus leisleri,0.191,0.301,-1,Echolocation,/mnt/ubna_data_01_mir/recover-20220811/UBNA_009/20220809_053000.WAV,Foliage,recover-20220811,009,1795
221.2475,221.2672,25468.0,29535.0,Nyctalus leisleri,0.145,0.222,-1,Echolocation,/mnt/ubna_data_01_mir/recover-20220811/UBNA_009/20220809_053000.WAV,Foliage,recover-20220811,009,1795
221.4755,221.4927,26328.0,31031.0,Nyctalus leisleri,0.117,0.213,-1,Echolocation,/mnt/ubna_data_01_mir/recover-20220811/UBNA_009/20220809_053000.WAV,Foliage,recover-20220811,009,1795
222.4305,222.4428,25468.0,30817.0,Nyctalus leisleri,0.138,0.298,-1,Echolocation,/mnt/ubna_data_01_mir/recover-20220811/UBNA_009/20220809_053000.WAV,Foliage,recover-20220811,009,1795
222.6985,222.71,25468.0,30771.0,Eptesicus serotinus,0.119,0.248,-1,Echolocation,/mnt/ubna_data_01_mir/recover-20220811/UBNA_009/20220809_053000.WAV,Foliage,recover-20220811,009,1795
222.7395,222.7483,37500.0,43472.0,Pipistrellus nathusii,0.228,0.286,-1,Echolocation,/mnt/ubna_data_01_mir/recover-20220811/UBNA_009/20220809_053000.WAV,Foliage,recover-20220811,009,1795
222.9505,222.9648,24609.0,30156.0,Nyctalus leisleri,0.182,0.398,-1,Echolocation,/mnt/ubna_data_01_mir/recover-20220811/UBNA_009/20220809_053000.WAV,Foliage,recover-20220811,009,1795
223.0905,223.1047,25468.0,31564.0,Nyctalus leisleri,0.345,0.518,-1,Echolocation,/mnt/ubna_data_01_mir/recover-20220811/UBNA_009/20220809_053000.WAV,Foliage,recover-20220811,009,1795
223.3595,223.3758,25468.0,28609.0,Nyctalus leisleri,0.331,0.432,-1,Echolocation,/mnt/ubna_data_01_mir/recover-20220811/UBNA_009/20220809_053000.WAV,Foliage,recover-20220811,009,1795
224.0825,224.1011,24609.0,31019.0,Nyctalus leisleri,0.112,0.249,-1,Echolocation,/mnt/ubna_data_01_mir/recover-20220811/UBNA_009/20220809_053000.WAV,Foliage,recover-20220811,009,1795
224.8295,224.8414,26328.0,31257.0,Nyctalus leisleri,0.107,0.233,-1,Echolocation,/mnt/ubna_data_01_mir/recover-20220811/UBNA_009/20220809_053000.WAV,Foliage,recover-20220811,009,1795
226.6315,226.6508,24609.0,28515.0,Nyctalus leisleri,0.174,0.255,-1,Echolocation,/mnt/ubna_data_01_mir/recover-20220811/UBNA_009/20220809_053000.WAV,Foliage,recover-20220811,009,1795
226.7705,226.7893,25468.0,29595.0,Nyctalus leisleri,0.129,0.217,-1,Echolocation,/mnt/ubna_data_01_mir/recover-20220811/UBNA_009/20220809_053000.WAV,Foliage,recover-20220811,009,1795
226.9105,226.92680000000001,25468.0,30846.0,Nyctalus leisleri,0.325,0.533,-1,Echolocation,/mnt/ubna_data_01_mir/recover-20220811/UBNA_009/20220809_053000.WAV,Foliage,recover-20220811,009,1795
227.1475,227.1625,25468.0,29755.0,Nyctalus leisleri,0.378,0.496,-1,Echolocation,/mnt/ubna_data_01_mir/recover-20220811/UBNA_009/20220809_053000.WAV,Foliage,recover-20220811,009,1795
227.3095,227.3234,25468.0,29701.0,Nyctalus leisleri,0.278,0.392,-1,Echolocation,/mnt/ubna_data_01_mir/recover-20220811/UBNA_009/20220809_053000.WAV,Foliage,recover-20220811,009,1795
227.4555,227.4732,25468.0,30440.0,Nyctalus leisleri,0.316,0.44,-1,Echolocation,/mnt/ubna_data_01_mir/recover-20220811/UBNA_009/20220809_053000.WAV,Foliage,recover-20220811,009,1795
227.5895,227.6059,24609.0,27805.0,Nyctalus leisleri,0.302,0.396,-1,Echolocation,/mnt/ubna_data_01_mir/recover-20220811/UBNA_009/20220809_053000.WAV,Foliage,recover-20220811,009,1795
227.6885,227.7019,25468.0,30205.0,Nyctalus leisleri,0.413,0.503,-1,Echolocation,/mnt/ubna_data_01_mir/recover-20220811/UBNA_009/20220809_053000.WAV,Foliage,recover-20220811,009,1795
227.8325,227.8484,24609.0,31909.0,Nyctalus leisleri,0.219,0.497,-1,Echolocation,/mnt/ubna_data_01_mir/recover-20220811/UBNA_009/20220809_053000.WAV,Foliage,recover-20220811,009,1795
227.9815,227.9966,26328.0,31277.0,Nyctalus leisleri,0.327,0.474,-1,Echolocation,/mnt/ubna_data_01_mir/recover-20220811/UBNA_009/20220809_053000.WAV,Foliage,recover-20220811,009,1795
228.1275,228.145,25468.0,29685.0,Nyctalus leisleri,0.194,0.284,-1,Echolocation,/mnt/ubna_data_01_mir/recover-20220811/UBNA_009/20220809_053000.WAV,Foliage,recover-20220811,009,1795
228.3805,228.3959,26328.0,31734.0,Nyctalus leisleri,0.191,0.284,-1,Echolocation,/mnt/ubna_data_01_mir/recover-20220811/UBNA_009/20220809_053000.WAV,Foliage,recover-20220811,009,1795
228.5385,228.55610000000001,24609.0,28739.0,Nyctalus leisleri,0.295,0.417,-1,Echolocation,/mnt/ubna_data_01_mir/recover-20220811/UBNA_009/20220809_053000.WAV,Foliage,recover-20220811,009,1795
228.6935,228.7101,26328.0,31601.0,Nyctalus leisleri,0.21,0.366,-1,Echolocation,/mnt/ubna_data_01_mir/recover-20220811/UBNA_009/20220809_053000.WAV,Foliage,recover-20220811,009,1795
228.95850000000002,228.9826,24609.0,28440.0,Nyctalus leisleri,0.12,0.206,-1,Echolocation,/mnt/ubna_data_01_mir/recover-20220811/UBNA_009/20220809_053000.WAV,Foliage,recover-20220811,009,1795
229.1105,229.1265,25468.0,30063.0,Nyctalus leisleri,0.25,0.36,-1,Echolocation,/mnt/ubna_data_01_mir/recover-20220811/UBNA_009/20220809_053000.WAV,Foliage,recover-20220811,009,1795
229.9445,229.9557,25468.0,31127.0,Eptesicus serotinus,0.094,0.231,-1,Echolocation,/mnt/ubna_data_01_mir/recover-20220811/UBNA_009/20220809_053000.WAV,Foliage,recover-20220811,009,1795
230.09550000000002,230.1121,25468.0,31145.0,Eptesicus serotinus,0.103,0.22,-1,Echolocation,/mnt/ubna_data_01_mir/recover-20220811/UBNA_009/20220809_053000.WAV,Foliage,recover-20220811,009,1795
230.4175,230.4331,26328.0,30814.0,Nyctalus leisleri,0.209,0.342,-1,Echolocation,/mnt/ubna_data_01_mir/recover-20220811/UBNA_009/20220809_053000.WAV,Foliage,recover-20220811,009,1795
230.4875,230.5039,25468.0,31623.0,Nyctalus leisleri,0.171,0.374,-1,Echolocation,/mnt/ubna_data_01_mir/recover-20220811/UBNA_009/20220809_053000.WAV,Foliage,recover-20220811,009,1795
230.7665,230.7839,25468.0,30079.0,Nyctalus leisleri,0.116,0.203,-1,Echolocation,/mnt/ubna_data_01_mir/recover-20220811/UBNA_009/20220809_053000.WAV,Foliage,recover-20220811,009,1795
231.0925,231.1042,25468.0,31963.0,Nyctalus leisleri,0.29,0.583,-1,Echolocation,/mnt/ubna_data_01_mir/recover-20220811/UBNA_009/20220809_053000.WAV,Foliage,recover-20220811,009,1795
231.52949999999998,231.5431,25468.0,32419.0,Eptesicus serotinus,0.293,0.62,-1,Echolocation,/mnt/ubna_data_01_mir/recover-20220811/UBNA_009/20220809_053000.WAV,Foliage,recover-20220811,009,1795
232.0735,232.0902,26328.0,29926.0,Nyctalus leisleri,0.276,0.491,-1,Echolocation,/mnt/ubna_data_01_mir/recover-20220811/UBNA_009/20220809_053000.WAV,Foliage,recover-20220811,009,1795
232.3955,232.4091,24609.0,29416.0,Nyctalus leisleri,0.433,0.632,-1,Echolocation,/mnt/ubna_data_01_mir/recover-20220811/UBNA_009/20220809_053000.WAV,Foliage,recover-20220811,009,1795
232.8445,232.8586,25468.0,29727.0,Nyctalus leisleri,0.423,0.554,-1,Echolocation,/mnt/ubna_data_01_mir/recover-20220811/UBNA_009/20220809_053000.WAV,Foliage,recover-20220811,009,1795
233.2645,233.2812,24609.0,29151.0,Nyctalus leisleri,0.381,0.496,-1,Echolocation,/mnt/ubna_data_01_mir/recover-20220811/UBNA_009/20220809_053000.WAV,Foliage,recover-20220811,009,1795
233.5975,233.6137,24609.0,28786.0,Nyctalus leisleri,0.389,0.502,-1,Echolocation,/mnt/ubna_data_01_mir/recover-20220811/UBNA_009/20220809_053000.WAV,Foliage,recover-20220811,009,1795
234.0095,234.0283,23750.0,28667.0,Nyctalus leisleri,0.253,0.39,-1,Echolocation,/mnt/ubna_data_01_mir/recover-20220811/UBNA_009/20220809_053000.WAV,Foliage,recover-20220811,009,1795
234.2945,234.3103,25468.0,28827.0,Nyctalus leisleri,0.347,0.436,-1,Echolocation,/mnt/ubna_data_01_mir/recover-20220811/UBNA_009/20220809_053000.WAV,Foliage,recover-20220811,009,1795
234.4685,234.4856,25468.0,29289.0,Nyctalus leisleri,0.448,0.532,-1,Echolocation,/mnt/ubna_data_01_mir/recover-20220811/UBNA_009/20220809_053000.WAV,Foliage,recover-20220811,009,1795
235.1695,235.1848,24609.0,27863.0,Nyctalus leisleri,0.446,0.601,-1,Echolocation,/mnt/ubna_data_01_mir/recover-20220811/UBNA_009/20220809_053000.WAV,Foliage,recover-20220811,009,1795
235.4755,235.49439999999998,24609.0,28093.0,Nyctalus leisleri,0.375,0.46,-1,Echolocation,/mnt/ubna_data_01_mir/recover-20220811/UBNA_009/20220809_053000.WAV,Foliage,recover-20220811,009,1795
235.8905,235.9034,25468.0,29833.0,Nyctalus leisleri,0.496,0.613,-1,Echolocation,/mnt/ubna_data_01_mir/recover-20220811/UBNA_009/20220809_053000.WAV,Foliage,recover-20220811,009,1795
237.1685,237.1829,26328.0,31508.0,Nyctalus leisleri,0.096,0.2,-1,Echolocation,/mnt/ubna_data_01_mir/recover-20220811/UBNA_009/20220809_053000.WAV,Foliage,recover-20220811,009,1795
237.35750000000002,237.3747,24609.0,29003.0,Nyctalus leisleri,0.112,0.205,-1,Echolocation,/mnt/ubna_data_01_mir/recover-20220811/UBNA_009/20220809_053000.WAV,Foliage,recover-20220811,009,1795
237.4325,237.448,26328.0,31326.0,Nyctalus leisleri,0.122,0.251,-1,Echolocation,/mnt/ubna_data_01_mir/recover-20220811/UBNA_009/20220809_053000.WAV,Foliage,recover-20220811,009,1795
237.6805,237.6953,25468.0,31138.0,Nyctalus leisleri,0.169,0.283,-1,Echolocation,/mnt/ubna_data_01_mir/recover-20220811/UBNA_009/20220809_053000.WAV,Foliage,recover-20220811,009,1795
238.0845,238.1007,26328.0,31520.0,Nyctalus leisleri,0.113,0.209,-1,Echolocation,/mnt/ubna_data_01_mir/recover-20220811/UBNA_009/20220809_053000.WAV,Foliage,recover-20220811,009,1795
239.82150000000001,239.8356,25468.0,30334.0,Nyctalus leisleri,0.234,0.398,-1,Echolocation,/mnt/ubna_data_01_mir/recover-20220811/UBNA_009/20220809_053000.WAV,Foliage,recover-20220811,009,1795
240.1065,240.1236,25468.0,29858.0,Nyctalus leisleri,0.129,0.235,-1,Echolocation,/mnt/ubna_data_01_mir/recover-20220811/UBNA_009/20220809_053000.WAV,Foliage,recover-20220811,009,1795
240.4915,240.5045,25468.0,30256.0,Nyctalus leisleri,0.3,0.53,-1,Echolocation,/mnt/ubna_data_01_mir/recover-20220811/UBNA_009/20220809_053000.WAV,Foliage,recover-20220811,009,1795
240.6455,240.6583,25468.0,30161.0,Nyctalus leisleri,0.307,0.492,-1,Echolocation,/mnt/ubna_data_01_mir/recover-20220811/UBNA_009/20220809_053000.WAV,Foliage,recover-20220811,009,1795
240.7925,240.8039,25468.0,31301.0,Nyctalus leisleri,0.393,0.599,-1,Echolocation,/mnt/ubna_data_01_mir/recover-20220811/UBNA_009/20220809_053000.WAV,Foliage,recover-20220811,009,1795
240.9245,240.9355,26328.0,32322.0,Nyctalus leisleri,0.147,0.306,-1,Echolocation,/mnt/ubna_data_01_mir/recover-20220811/UBNA_009/20220809_053000.WAV,Foliage,recover-20220811,009,1795
241.7585,241.7719,25468.0,30249.0,Nyctalus leisleri,0.277,0.438,-1,Echolocation,/mnt/ubna_data_01_mir/recover-20220811/UBNA_009/20220809_053000.WAV,Foliage,recover-20220811,009,1795
241.8845,241.8952,25468.0,32496.0,Eptesicus serotinus,0.225,0.36,-1,Echolocation,/mnt/ubna_data_01_mir/recover-20220811/UBNA_009/20220809_053000.WAV,Foliage,recover-20220811,009,1795
242.0115,242.0263,26328.0,30589.0,Nyctalus leisleri,0.202,0.3,-1,Echolocation,/mnt/ubna_data_01_mir/recover-20220811/UBNA_009/20220809_053000.WAV,Foliage,recover-20220811,009,1795
242.1445,242.1569,26328.0,31877.0,Nyctalus leisleri,0.189,0.369,-1,Echolocation,/mnt/ubna_data_01_mir/recover-20220811/UBNA_009/20220809_053000.WAV,Foliage,recover-20220811,009,1795
242.2745,242.2865,25468.0,31390.0,Nyctalus leisleri,0.272,0.455,-1,Echolocation,/mnt/ubna_data_01_mir/recover-20220811/UBNA_009/20220809_053000.WAV,Foliage,recover-20220811,009,1795
242.4005,242.4121,27187.0,34796.0,Eptesicus serotinus,0.32,0.555,-1,Echolocation,/mnt/ubna_data_01_mir/recover-20220811/UBNA_009/20220809_053000.WAV,Foliage,recover-20220811,009,1795
242.5405,242.5536,26328.0,33490.0,Nyctalus leisleri,0.286,0.612,-1,Echolocation,/mnt/ubna_data_01_mir/recover-20220811/UBNA_009/20220809_053000.WAV,Foliage,recover-20220811,009,1795
242.6915,242.7033,26328.0,35220.0,Eptesicus serotinus,0.373,0.546,-1,Echolocation,/mnt/ubna_data_01_mir/recover-20220811/UBNA_009/20220809_053000.WAV,Foliage,recover-20220811,009,1795
242.8335,242.8443,26328.0,33812.0,Eptesicus serotinus,0.284,0.526,-1,Echolocation,/mnt/ubna_data_01_mir/recover-20220811/UBNA_009/20220809_053000.WAV,Foliage,recover-20220811,009,1795
242.9665,242.9794,25468.0,30980.0,Nyctalus leisleri,0.165,0.328,-1,Echolocation,/mnt/ubna_data_01_mir/recover-20220811/UBNA_009/20220809_053000.WAV,Foliage,recover-20220811,009,1795
243.1885,243.2006,25468.0,34250.0,Eptesicus serotinus,0.375,0.631,-1,Echolocation,/mnt/ubna_data_01_mir/recover-20220811/UBNA_009/20220809_053000.WAV,Foliage,recover-20220811,009,1795
243.3305,243.3439,25468.0,30474.0,Eptesicus serotinus,0.113,0.241,-1,Echolocation,/mnt/ubna_data_01_mir/recover-20220811/UBNA_009/20220809_053000.WAV,Foliage,recover-20220811,009,1795
243.9165,243.9328,25468.0,29932.0,Nyctalus leisleri,0.161,0.263,-1,Echolocation,/mnt/ubna_data_01_mir/recover-20220811/UBNA_009/20220809_053000.WAV,Foliage,recover-20220811,009,1795
244.2245,244.2389,25468.0,30411.0,Nyctalus leisleri,0.269,0.434,-1,Echolocation,/mnt/ubna_data_01_mir/recover-20220811/UBNA_009/20220809_053000.WAV,Foliage,recover-20220811,009,1795
244.6145,244.6306,27187.0,32543.0,Nyctalus leisleri,0.14,0.248,-1,Echolocation,/mnt/ubna_data_01_mir/recover-20220811/UBNA_009/20220809_053000.WAV,Foliage,recover-20220811,009,1795
245.1495,245.1611,25468.0,30723.0,Nyctalus leisleri,0.289,0.446,-1,Echolocation,/mnt/ubna_data_01_mir/recover-20220811/UBNA_009/20220809_053000.WAV,Foliage,recover-20220811,009,1795
245.7225,245.7349,27187.0,31556.0,Nyctalus leisleri,0.283,0.388,-1,Echolocation,/mnt/ubna_data_01_mir/recover-20220811/UBNA_009/20220809_053000.WAV,Foliage,recover-20220811,009,1795
246.0685,246.0829,26328.0,30681.0,Nyctalus leisleri,0.097,0.205,-1,Echolocation,/mnt/ubna_data_01_mir/recover-20220811/UBNA_009/20220809_053000.WAV,Foliage,recover-20220811,009,1795
246.2365,246.2486,27187.0,34269.0,Eptesicus serotinus,0.202,0.414,-1,Echolocation,/mnt/ubna_data_01_mir/recover-20220811/UBNA_009/20220809_053000.WAV,Foliage,recover-20220811,009,1795
246.4935,246.5103,26328.0,32033.0,Eptesicus serotinus,0.121,0.256,-1,Echolocation,/mnt/ubna_data_01_mir/recover-20220811/UBNA_009/20220809_053000.WAV,Foliage,recover-20220811,009,1795
247.8865,247.9019,25468.0,31349.0,Eptesicus serotinus,0.204,0.361,-1,Echolocation,/mnt/ubna_data_01_mir/recover-20220811/UBNA_009/20220809_053000.WAV,Foliage,recover-20220811,009,1795
248.0275,248.0433,24609.0,29423.0,Nyctalus leisleri,0.116,0.277,-1,Echolocation,/mnt/ubna_data_01_mir/recover-20220811/UBNA_009/20220809_053000.WAV,Foliage,recover-20220811,009,1795
248.6475,248.6594,24609.0,29378.0,Eptesicus serotinus,0.174,0.376,-1,Echolocation,/mnt/ubna_data_01_mir/recover-20220811/UBNA_009/20220809_053000.WAV,Foliage,recover-20220811,009,1795
249.4365,249.45,25468.0,30221.0,Nyctalus leisleri,0.186,0.379,-1,Echolocation,/mnt/ubna_data_01_mir/recover-20220811/UBNA_009/20220809_053000.WAV,Foliage,recover-20220811,009,1795
253.9685,253.9847,23750.0,28396.0,Nyctalus leisleri,0.214,0.351,-1,Echolocation,/mnt/ubna_data_01_mir/recover-20220811/UBNA_009/20220809_053000.WAV,Foliage,recover-20220811,009,1795
254.6725,254.6873,23750.0,28581.0,Nyctalus leisleri,0.367,0.547,-1,Echolocation,/mnt/ubna_data_01_mir/recover-20220811/UBNA_009/20220809_053000.WAV,Foliage,recover-20220811,009,1795
255.3815,255.4,23750.0,27946.0,Nyctalus leisleri,0.124,0.232,-1,Echolocation,/mnt/ubna_data_01_mir/recover-20220811/UBNA_009/20220809_053000.WAV,Foliage,recover-20220811,009,1795
257.1195,257.1362,24609.0,28683.0,Nyctalus leisleri,0.35,0.458,-1,Echolocation,/mnt/ubna_data_01_mir/recover-20220811/UBNA_009/20220809_053000.WAV,Foliage,recover-20220811,009,1795
258.4845,258.5038,23750.0,28347.0,Nyctalus leisleri,0.159,0.271,-1,Echolocation,/mnt/ubna_data_01_mir/recover-20220811/UBNA_009/20220809_053000.WAV,Foliage,recover-20220811,009,1795
258.7415,258.7626,22890.0,27282.0,Nyctalus leisleri,0.246,0.354,-1,Echolocation,/mnt/ubna_data_01_mir/recover-20220811/UBNA_009/20220809_053000.WAV,Foliage,recover-20220811,009,1795
258.9855,259.0029,22890.0,29306.0,Eptesicus serotinus,0.185,0.41,-1,Echolocation,/mnt/ubna_data_01_mir/recover-20220811/UBNA_009/20220809_053000.WAV,Foliage,recover-20220811,009,1795
264.0655,264.0841,22890.0,27397.0,Nyctalus leisleri,0.28,0.398,-1,Echolocation,/mnt/ubna_data_01_mir/recover-20220811/UBNA_009/20220809_053000.WAV,Foliage,recover-20220811,009,1795
268.0895,268.1076,24609.0,28945.0,Nyctalus leisleri,0.085,0.209,-1,Echolocation,/mnt/ubna_data_01_mir/recover-20220811/UBNA_009/20220809_053000.WAV,Foliage,recover-20220811,009,1795
268.3165,268.3349,22890.0,26680.0,Nyctalus leisleri,0.205,0.289,-1,Echolocation,/mnt/ubna_data_01_mir/recover-20220811/UBNA_009/20220809_053000.WAV,Foliage,recover-20220811,009,1795
268.5755,268.5945,22890.0,27306.0,Nyctalus leisleri,0.262,0.373,-1,Echolocation,/mnt/ubna_data_01_mir/recover-20220811/UBNA_009/20220809_053000.WAV,Foliage,recover-20220811,009,1795
268.8285,268.8507,22890.0,27998.0,Nyctalus leisleri,0.151,0.288,-1,Echolocation,/mnt/ubna_data_01_mir/recover-20220811/UBNA_009/20220809_053000.WAV,Foliage,recover-20220811,009,1795
269.0935,269.1071,23750.0,28736.0,Nyctalus leisleri,0.369,0.554,-1,Echolocation,/mnt/ubna_data_01_mir/recover-20220811/UBNA_009/20220809_053000.WAV,Foliage,recover-20220811,009,1795
269.2995,269.3174,24609.0,28370.0,Nyctalus leisleri,0.272,0.375,-1,Echolocation,/mnt/ubna_data_01_mir/recover-20220811/UBNA_009/20220809_053000.WAV,Foliage,recover-20220811,009,1795
269.3475,269.3621,23750.0,29236.0,Nyctalus leisleri,0.282,0.55,-1,Echolocation,/mnt/ubna_data_01_mir/recover-20220811/UBNA_009/20220809_053000.WAV,Foliage,recover-20220811,009,1795
269.5335,269.547,23750.0,29367.0,Nyctalus leisleri,0.389,0.63,-1,Echolocation,/mnt/ubna_data_01_mir/recover-20220811/UBNA_009/20220809_053000.WAV,Foliage,recover-20220811,009,1795
269.6655,269.6776,26328.0,31474.0,Eptesicus serotinus,0.136,0.28,-1,Echolocation,/mnt/ubna_data_01_mir/recover-20220811/UBNA_009/20220809_053000.WAV,Foliage,recover-20220811,009,1795
269.7325,269.7489,23750.0,28656.0,Nyctalus leisleri,0.162,0.325,-1,Echolocation,/mnt/ubna_data_01_mir/recover-20220811/UBNA_009/20220809_053000.WAV,Foliage,recover-20220811,009,1795
269.9175,269.9303,24609.0,29594.0,Nyctalus leisleri,0.177,0.402,-1,Echolocation,/mnt/ubna_data_01_mir/recover-20220811/UBNA_009/20220809_053000.WAV,Foliage,recover-20220811,009,1795
269.9525,269.9694,25468.0,30504.0,Nyctalus leisleri,0.285,0.452,-1,Echolocation,/mnt/ubna_data_01_mir/recover-20220811/UBNA_009/20220809_053000.WAV,Foliage,recover-20220811,009,1795
270.0725,270.0845,24609.0,29858.0,Eptesicus serotinus,0.154,0.303,-1,Echolocation,/mnt/ubna_data_01_mir/recover-20220811/UBNA_009/20220809_053000.WAV,Foliage,recover-20220811,009,1795
270.1155,270.1351,23750.0,27442.0,Nyctalus leisleri,0.134,0.222,-1,Echolocation,/mnt/ubna_data_01_mir/recover-20220811/UBNA_009/20220809_053000.WAV,Foliage,recover-20220811,009,1795
270.3775,270.3936,24609.0,29069.0,Nyctalus leisleri,0.374,0.532,-1,Echolocation,/mnt/ubna_data_01_mir/recover-20220811/UBNA_009/20220809_053000.WAV,Foliage,recover-20220811,009,1795
270.5385,270.5524,23750.0,29402.0,Nyctalus leisleri,0.082,0.234,-1,Echolocation,/mnt/ubna_data_01_mir/recover-20220811/UBNA_009/20220809_053000.WAV,Foliage,recover-20220811,009,1795
270.7105,270.7245,26328.0,30640.0,Nyctalus leisleri,0.215,0.366,-1,Echolocation,/mnt/ubna_data_01_mir/recover-20220811/UBNA_009/20220809_053000.WAV,Foliage,recover-20220811,009,1795
270.8035,270.8165,24609.0,30249.0,Nyctalus leisleri,0.254,0.506,-1,Echolocation,/mnt/ubna_data_01_mir/recover-20220811/UBNA_009/20220809_053000.WAV,Foliage,recover-20220811,009,1795
270.9085,270.9223,23750.0,29922.0,Nyctalus leisleri,0.405,0.624,-1,Echolocation,/mnt/ubna_data_01_mir/recover-20220811/UBNA_009/20220809_053000.WAV,Foliage,recover-20220811,009,1795
270.9625,270.9764,25468.0,30428.0,Nyctalus leisleri,0.309,0.43,-1,Echolocation,/mnt/ubna_data_01_mir/recover-20220811/UBNA_009/20220809_053000.WAV,Foliage,recover-20220811,009,1795
271.0565,271.0692,23750.0,29261.0,Eptesicus serotinus,0.199,0.454,-1,Echolocation,/mnt/ubna_data_01_mir/recover-20220811/UBNA_009/20220809_053000.WAV,Foliage,recover-20220811,009,1795
271.1195,271.1339,26328.0,30525.0,Nyctalus leisleri,0.249,0.379,-1,Echolocation,/mnt/ubna_data_01_mir/recover-20220811/UBNA_009/20220809_053000.WAV,Foliage,recover-20220811,009,1795
271.3015,271.3145,23750.0,31335.0,Eptesicus serotinus,0.275,0.606,-1,Echolocation,/mnt/ubna_data_01_mir/recover-20220811/UBNA_009/20220809_053000.WAV,Foliage,recover-20220811,009,1795
271.4245,271.4389,26328.0,32713.0,Eptesicus serotinus,0.158,0.318,-1,Echolocation,/mnt/ubna_data_01_mir/recover-20220811/UBNA_009/20220809_053000.WAV,Foliage,recover-20220811,009,1795
271.5405,271.554,26328.0,30829.0,Nyctalus leisleri,0.297,0.406,-1,Echolocation,/mnt/ubna_data_01_mir/recover-20220811/UBNA_009/20220809_053000.WAV,Foliage,recover-20220811,009,1795
271.5865,271.6015,24609.0,30541.0,Nyctalus leisleri,0.248,0.551,-1,Echolocation,/mnt/ubna_data_01_mir/recover-20220811/UBNA_009/20220809_053000.WAV,Foliage,recover-20220811,009,1795
271.6905,271.7054,23750.0,28677.0,Nyctalus leisleri,0.253,0.496,-1,Echolocation,/mnt/ubna_data_01_mir/recover-20220811/UBNA_009/20220809_053000.WAV,Foliage,recover-20220811,009,1795
271.8385,271.8525,24609.0,29185.0,Nyctalus leisleri,0.281,0.432,-1,Echolocation,/mnt/ubna_data_01_mir/recover-20220811/UBNA_009/20220809_053000.WAV,Foliage,recover-20220811,009,1795
271.8725,271.885,24609.0,30645.0,Nyctalus leisleri,0.256,0.569,-1,Echolocation,/mnt/ubna_data_01_mir/recover-20220811/UBNA_009/20220809_053000.WAV,Foliage,recover-20220811,009,1795
272.0015,272.0136,26328.0,33296.0,Eptesicus serotinus,0.176,0.397,-1,Echolocation,/mnt/ubna_data_01_mir/recover-20220811/UBNA_009/20220809_053000.WAV,Foliage,recover-20220811,009,1795
272.1545,272.1654,24609.0,30620.0,Nyctalus leisleri,0.248,0.539,-1,Echolocation,/mnt/ubna_data_01_mir/recover-20220811/UBNA_009/20220809_053000.WAV,Foliage,recover-20220811,009,1795
272.2655,272.2772,27187.0,32078.0,Eptesicus serotinus,0.104,0.2,-1,Echolocation,/mnt/ubna_data_01_mir/recover-20220811/UBNA_009/20220809_053000.WAV,Foliage,recover-20220811,009,1795
272.4135,272.4251,24609.0,30067.0,Nyctalus leisleri,0.23,0.477,-1,Echolocation,/mnt/ubna_data_01_mir/recover-20220811/UBNA_009/20220809_053000.WAV,Foliage,recover-20220811,009,1795
272.5515,272.5629,23750.0,29932.0,Eptesicus serotinus,0.233,0.39,-1,Echolocation,/mnt/ubna_data_01_mir/recover-20220811/UBNA_009/20220809_053000.WAV,Foliage,recover-20220811,009,1795
272.6775,272.6895,23750.0,28674.0,Nyctalus leisleri,0.193,0.448,-1,Echolocation,/mnt/ubna_data_01_mir/recover-20220811/UBNA_009/20220809_053000.WAV,Foliage,recover-20220811,009,1795
272.7895,272.8035,25468.0,29858.0,Nyctalus leisleri,0.206,0.314,-1,Echolocation,/mnt/ubna_data_01_mir/recover-20220811/UBNA_009/20220809_053000.WAV,Foliage,recover-20220811,009,1795
272.9235,272.9373,25468.0,32721.0,Nyctalus leisleri,0.162,0.363,-1,Echolocation,/mnt/ubna_data_01_mir/recover-20220811/UBNA_009/20220809_053000.WAV,Foliage,recover-20220811,009,1795
273.1585,273.1733,25468.0,30754.0,Nyctalus leisleri,0.254,0.413,-1,Echolocation,/mnt/ubna_data_01_mir/recover-20220811/UBNA_009/20220809_053000.WAV,Foliage,recover-20220811,009,1795
273.3025,273.3168,25468.0,30278.0,Nyctalus leisleri,0.188,0.359,-1,Echolocation,/mnt/ubna_data_01_mir/recover-20220811/UBNA_009/20220809_053000.WAV,Foliage,recover-20220811,009,1795
273.4395,273.4538,26328.0,32252.0,Nyctalus leisleri,0.202,0.402,-1,Echolocation,/mnt/ubna_data_01_mir/recover-20220811/UBNA_009/20220809_053000.WAV,Foliage,recover-20220811,009,1795
273.5855,273.5981,26328.0,31721.0,Nyctalus leisleri,0.222,0.436,-1,Echolocation,/mnt/ubna_data_01_mir/recover-20220811/UBNA_009/20220809_053000.WAV,Foliage,recover-20220811,009,1795
273.7365,273.7541,25468.0,29437.0,Nyctalus leisleri,0.117,0.215,-1,Echolocation,/mnt/ubna_data_01_mir/recover-20220811/UBNA_009/20220809_053000.WAV,Foliage,recover-20220811,009,1795
274.1095,274.1246,25468.0,31187.0,Nyctalus leisleri,0.315,0.489,-1,Echolocation,/mnt/ubna_data_01_mir/recover-20220811/UBNA_009/20220809_053000.WAV,Foliage,recover-20220811,009,1795
274.1665,274.1816,23750.0,27033.0,Nyctalus leisleri,0.41,0.484,-1,Echolocation,/mnt/ubna_data_01_mir/recover-20220811/UBNA_009/20220809_053000.WAV,Foliage,recover-20220811,009,1795
274.2565,274.2717,26328.0,32086.0,Nyctalus leisleri,0.159,0.302,-1,Echolocation,/mnt/ubna_data_01_mir/recover-20220811/UBNA_009/20220809_053000.WAV,Foliage,recover-20220811,009,1795
274.3955,274.4105,26328.0,33110.0,Nyctalus leisleri,0.145,0.313,-1,Echolocation,/mnt/ubna_data_01_mir/recover-20220811/UBNA_009/20220809_053000.WAV,Foliage,recover-20220811,009,1795
274.4955,274.5094,23750.0,29470.0,Nyctalus leisleri,0.319,0.547,-1,Echolocation,/mnt/ubna_data_01_mir/recover-20220811/UBNA_009/20220809_053000.WAV,Foliage,recover-20220811,009,1795
274.5405,274.5537,26328.0,33394.0,Nyctalus leisleri,0.281,0.501,-1,Echolocation,/mnt/ubna_data_01_mir/recover-20220811/UBNA_009/20220809_053000.WAV,Foliage,recover-20220811,009,1795
274.6855,274.7002,26328.0,32298.0,Nyctalus leisleri,0.252,0.465,-1,Echolocation,/mnt/ubna_data_01_mir/recover-20220811/UBNA_009/20220809_053000.WAV,Foliage,recover-20220811,009,1795
274.7335,274.7457,24609.0,28512.0,Nyctalus leisleri,0.412,0.558,-1,Echolocation,/mnt/ubna_data_01_mir/recover-20220811/UBNA_009/20220809_053000.WAV,Foliage,recover-20220811,009,1795
274.8215,274.835,27187.0,35157.0,Eptesicus serotinus,0.282,0.423,-1,Echolocation,/mnt/ubna_data_01_mir/recover-20220811/UBNA_009/20220809_053000.WAV,Foliage,recover-20220811,009,1795
274.9545,274.97090000000003,24609.0,30726.0,Nyctalus leisleri,0.229,0.455,-1,Echolocation,/mnt/ubna_data_01_mir/recover-20220811/UBNA_009/20220809_053000.WAV,Foliage,recover-20220811,009,1795
275.0695,275.082,27187.0,34549.0,Eptesicus serotinus,0.291,0.434,-1,Echolocation,/mnt/ubna_data_01_mir/recover-20220811/UBNA_009/20220809_053000.WAV,Foliage,recover-20220811,009,1795
275.2185,275.234,23750.0,28886.0,Nyctalus leisleri,0.335,0.553,-1,Echolocation,/mnt/ubna_data_01_mir/recover-20220811/UBNA_009/20220809_053000.WAV,Foliage,recover-20220811,009,1795
275.4015,275.4153,27187.0,32629.0,Eptesicus serotinus,0.139,0.261,-1,Echolocation,/mnt/ubna_data_01_mir/recover-20220811/UBNA_009/20220809_053000.WAV,Foliage,recover-20220811,009,1795
275.4835,275.5004,22890.0,28664.0,Nyctalus leisleri,0.294,0.571,-1,Echolocation,/mnt/ubna_data_01_mir/recover-20220811/UBNA_009/20220809_053000.WAV,Foliage,recover-20220811,009,1795
275.5295,275.5503,22031.0,26376.0,Nyctalus noctula,0.121,0.219,-1,Echolocation,/mnt/ubna_data_01_mir/recover-20220811/UBNA_009/20220809_053000.WAV,Foliage,recover-20220811,009,1795
275.6345,275.6486,23750.0,28729.0,Nyctalus leisleri,0.509,0.65,-1,Echolocation,/mnt/ubna_data_01_mir/recover-20220811/UBNA_009/20220809_053000.WAV,Foliage,recover-20220811,009,1795
275.7715,275.7882,26328.0,32344.0,Nyctalus leisleri,0.223,0.395,-1,Echolocation,/mnt/ubna_data_01_mir/recover-20220811/UBNA_009/20220809_053000.WAV,Foliage,recover-20220811,009,1795
275.7915,275.8058,23750.0,27409.0,Nyctalus leisleri,0.221,0.334,-1,Echolocation,/mnt/ubna_data_01_mir/recover-20220811/UBNA_009/20220809_053000.WAV,Foliage,recover-20220811,009,1795
276.0895,276.1039,24609.0,28114.0,Nyctalus leisleri,0.478,0.575,-1,Echolocation,/mnt/ubna_data_01_mir/recover-20220811/UBNA_009/20220809_053000.WAV,Foliage,recover-20220811,009,1795
276.2295,276.2417,24609.0,30109.0,Nyctalus leisleri,0.369,0.623,-1,Echolocation,/mnt/ubna_data_01_mir/recover-20220811/UBNA_009/20220809_053000.WAV,Foliage,recover-20220811,009,1795
276.3225,276.3417,22031.0,26503.0,Nyctalus leisleri,0.297,0.411,-1,Echolocation,/mnt/ubna_data_01_mir/recover-20220811/UBNA_009/20220809_053000.WAV,Foliage,recover-20220811,009,1795
276.4805,276.4955,24609.0,33633.0,Eptesicus serotinus,0.359,0.578,-1,Echolocation,/mnt/ubna_data_01_mir/recover-20220811/UBNA_009/20220809_053000.WAV,Foliage,recover-20220811,009,1795
276.7505,276.764,23750.0,28316.0,Nyctalus leisleri,0.542,0.658,-1,Echolocation,/mnt/ubna_data_01_mir/recover-20220811/UBNA_009/20220809_053000.WAV,Foliage,recover-20220811,009,1795
277.0505,277.0626,24609.0,29313.0,Nyctalus leisleri,0.43,0.584,-1,Echolocation,/mnt/ubna_data_01_mir/recover-20220811/UBNA_009/20220809_053000.WAV,Foliage,recover-20220811,009,1795
277.0955,277.1144,22031.0,25972.0,Nyctalus leisleri,0.406,0.483,-1,Echolocation,/mnt/ubna_data_01_mir/recover-20220811/UBNA_009/20220809_053000.WAV,Foliage,recover-20220811,009,1795
277.2355,277.2551,25468.0,29841.0,Nyctalus leisleri,0.242,0.343,-1,Echolocation,/mnt/ubna_data_01_mir/recover-20220811/UBNA_009/20220809_053000.WAV,Foliage,recover-20220811,009,1795
277.4595,277.4735,23750.0,28293.0,Nyctalus leisleri,0.462,0.628,-1,Echolocation,/mnt/ubna_data_01_mir/recover-20220811/UBNA_009/20220809_053000.WAV,Foliage,recover-20220811,009,1795
277.7325,277.748,22890.0,26720.0,Nyctalus leisleri,0.518,0.641,-1,Echolocation,/mnt/ubna_data_01_mir/recover-20220811/UBNA_009/20220809_053000.WAV,Foliage,recover-20220811,009,1795
277.8475,277.8621,24609.0,29658.0,Nyctalus leisleri,0.472,0.599,-1,Echolocation,/mnt/ubna_data_01_mir/recover-20220811/UBNA_009/20220809_053000.WAV,Foliage,recover-20220811,009,1795
278.1185,278.1374,23750.0,27604.0,Nyctalus leisleri,0.153,0.239,-1,Echolocation,/mnt/ubna_data_01_mir/recover-20220811/UBNA_009/20220809_053000.WAV,Foliage,recover-20220811,009,1795
278.5275,278.5448,24609.0,29130.0,Nyctalus leisleri,0.342,0.549,-1,Echolocation,/mnt/ubna_data_01_mir/recover-20220811/UBNA_009/20220809_053000.WAV,Foliage,recover-20220811,009,1795
278.6975,278.714,25468.0,30375.0,Nyctalus leisleri,0.274,0.404,-1,Echolocation,/mnt/ubna_data_01_mir/recover-20220811/UBNA_009/20220809_053000.WAV,Foliage,recover-20220811,009,1795
278.9775,278.9966,23750.0,27460.0,Nyctalus leisleri,0.35,0.434,-1,Echolocation,/mnt/ubna_data_01_mir/recover-20220811/UBNA_009/20220809_053000.WAV,Foliage,recover-20220811,009,1795
279.2405,279.2564,23750.0,27882.0,Nyctalus leisleri,0.408,0.558,-1,Echolocation,/mnt/ubna_data_01_mir/recover-20220811/UBNA_009/20220809_053000.WAV,Foliage,recover-20220811,009,1795
279.5085,279.527,23750.0,28264.0,Nyctalus leisleri,0.332,0.484,-1,Echolocation,/mnt/ubna_data_01_mir/recover-20220811/UBNA_009/20220809_053000.WAV,Foliage,recover-20220811,009,1795
279.5595,279.5814,26328.0,29260.0,Nyctalus leisleri,0.148,0.202,-1,Echolocation,/mnt/ubna_data_01_mir/recover-20220811/UBNA_009/20220809_053000.WAV,Foliage,recover-20220811,009,1795
279.6735,279.6919,23750.0,28035.0,Nyctalus leisleri,0.294,0.435,-1,Echolocation,/mnt/ubna_data_01_mir/recover-20220811/UBNA_009/20220809_053000.WAV,Foliage,recover-20220811,009,1795
279.7395,279.7565,25468.0,29826.0,Nyctalus leisleri,0.225,0.33,-1,Echolocation,/mnt/ubna_data_01_mir/recover-20220811/UBNA_009/20220809_053000.WAV,Foliage,recover-20220811,009,1795
279.7855,279.8045,23750.0,28141.0,Nyctalus leisleri,0.377,0.474,-1,Echolocation,/mnt/ubna_data_01_mir/recover-20220811/UBNA_009/20220809_053000.WAV,Foliage,recover-20220811,009,1795
280.0485,280.0662,23750.0,27953.0,Nyctalus leisleri,0.104,0.2,-1,Echolocation,/mnt/ubna_data_01_mir/recover-20220811/UBNA_009/20220809_053000.WAV,Foliage,recover-20220811,009,1795
280.1585,280.1802,24609.0,28063.0,Nyctalus leisleri,0.186,0.277,-1,Echolocation,/mnt/ubna_data_01_mir/recover-20220811/UBNA_009/20220809_053000.WAV,Foliage,recover-20220811,009,1795
280.4645,280.4861,23750.0,27828.0,Nyctalus leisleri,0.349,0.447,-1,Echolocation,/mnt/ubna_data_01_mir/recover-20220811/UBNA_009/20220809_053000.WAV,Foliage,recover-20220811,009,1795
281.9465,281.963,23750.0,27897.0,Nyctalus leisleri,0.386,0.488,-1,Echolocation,/mnt/ubna_data_01_mir/recover-20220811/UBNA_009/20220809_053000.WAV,Foliage,recover-20220811,009,1795
283.1015,283.1192,25468.0,29418.0,Nyctalus leisleri,0.116,0.214,-1,Echolocation,/mnt/ubna_data_01_mir/recover-20220811/UBNA_009/20220809_053000.WAV,Foliage,recover-20220811,009,1795
286.1075,286.1218,25468.0,31703.0,Nyctalus leisleri,0.246,0.449,-1,Echolocation,/mnt/ubna_data_01_mir/recover-20220811/UBNA_009/20220809_053000.WAV,Foliage,recover-20220811,009,1795
286.1105,286.1227,51250.0,56517.0,Pipistrellus pipistrellus,0.209,0.304,-1,Echolocation,/mnt/ubna_data_01_mir/recover-20220811/UBNA_009/20220809_053000.WAV,Foliage,recover-20220811,009,1795
286.3595,286.3774,24609.0,28435.0,Nyctalus leisleri,0.333,0.427,-1,Echolocation,/mnt/ubna_data_01_mir/recover-20220811/UBNA_009/20220809_053000.WAV,Foliage,recover-20220811,009,1795
286.4975,286.514,26328.0,31475.0,Nyctalus leisleri,0.249,0.376,-1,Echolocation,/mnt/ubna_data_01_mir/recover-20220811/UBNA_009/20220809_053000.WAV,Foliage,recover-20220811,009,1795
286.6225,286.6369,26328.0,31481.0,Nyctalus leisleri,0.203,0.347,-1,Echolocation,/mnt/ubna_data_01_mir/recover-20220811/UBNA_009/20220809_053000.WAV,Foliage,recover-20220811,009,1795
287.4455,287.4602,26328.0,32242.0,Nyctalus leisleri,0.214,0.381,-1,Echolocation,/mnt/ubna_data_01_mir/recover-20220811/UBNA_009/20220809_053000.WAV,Foliage,recover-20220811,009,1795
287.5725,287.5845,26328.0,31968.0,Nyctalus leisleri,0.287,0.516,-1,Echolocation,/mnt/ubna_data_01_mir/recover-20220811/UBNA_009/20220809_053000.WAV,Foliage,recover-20220811,009,1795
287.6895,287.7033,26328.0,30601.0,Nyctalus leisleri,0.394,0.511,-1,Echolocation,/mnt/ubna_data_01_mir/recover-20220811/UBNA_009/20220809_053000.WAV,Foliage,recover-20220811,009,1795
287.8945,287.9119,25468.0,30386.0,Nyctalus leisleri,0.215,0.325,-1,Echolocation,/mnt/ubna_data_01_mir/recover-20220811/UBNA_009/20220809_053000.WAV,Foliage,recover-20220811,009,1795
288.0245,288.0392,26328.0,31763.0,Nyctalus leisleri,0.159,0.288,-1,Echolocation,/mnt/ubna_data_01_mir/recover-20220811/UBNA_009/20220809_053000.WAV,Foliage,recover-20220811,009,1795
289.3525,289.3667,24609.0,32290.0,Eptesicus serotinus,0.192,0.344,-1,Echolocation,/mnt/ubna_data_01_mir/recover-20220811/UBNA_009/20220809_053000.WAV,Foliage,recover-20220811,009,1795
289.4725,289.4901,26328.0,30188.0,Nyctalus leisleri,0.139,0.218,-1,Echolocation,/mnt/ubna_data_01_mir/recover-20220811/UBNA_009/20220809_053000.WAV,Foliage,recover-20220811,009,1795
289.6915,289.7034,26328.0,35116.0,Eptesicus serotinus,0.359,0.538,-1,Echolocation,/mnt/ubna_data_01_mir/recover-20220811/UBNA_009/20220809_053000.WAV,Foliage,recover-20220811,009,1795
289.8195,289.8332,26328.0,31237.0,Nyctalus leisleri,0.237,0.371,-1,Echolocation,/mnt/ubna_data_01_mir/recover-20220811/UBNA_009/20220809_053000.WAV,Foliage,recover-20220811,009,1795
289.8775,289.8952,23750.0,29315.0,Nyctalus leisleri,0.16,0.369,-1,Echolocation,/mnt/ubna_data_01_mir/recover-20220811/UBNA_009/20220809_053000.WAV,Foliage,recover-20220811,009,1795
290.0465,290.06,25468.0,31912.0,Eptesicus serotinus,0.129,0.265,-1,Echolocation,/mnt/ubna_data_01_mir/recover-20220811/UBNA_009/20220809_053000.WAV,Foliage,recover-20220811,009,1795
290.1795,290.1952,25468.0,28853.0,Nyctalus leisleri,0.324,0.42,-1,Echolocation,/mnt/ubna_data_01_mir/recover-20220811/UBNA_009/20220809_053000.WAV,Foliage,recover-20220811,009,1795
290.2905,290.3124,23750.0,27684.0,Nyctalus leisleri,0.133,0.216,-1,Echolocation,/mnt/ubna_data_01_mir/recover-20220811/UBNA_009/20220809_053000.WAV,Foliage,recover-20220811,009,1795
290.4125,290.427,25468.0,31584.0,Nyctalus leisleri,0.386,0.607,-1,Echolocation,/mnt/ubna_data_01_mir/recover-20220811/UBNA_009/20220809_053000.WAV,Foliage,recover-20220811,009,1795
290.5495,290.5643,24609.0,30193.0,Nyctalus leisleri,0.334,0.558,-1,Echolocation,/mnt/ubna_data_01_mir/recover-20220811/UBNA_009/20220809_053000.WAV,Foliage,recover-20220811,009,1795
290.7985,290.8116,24609.0,30559.0,Nyctalus leisleri,0.485,0.657,-1,Echolocation,/mnt/ubna_data_01_mir/recover-20220811/UBNA_009/20220809_053000.WAV,Foliage,recover-20220811,009,1795
290.9425,290.9616,23750.0,29738.0,Nyctalus leisleri,0.168,0.361,-1,Echolocation,/mnt/ubna_data_01_mir/recover-20220811/UBNA_009/20220809_053000.WAV,Foliage,recover-20220811,009,1795
291.0995,291.1197,23750.0,27475.0,Nyctalus leisleri,0.153,0.247,-1,Echolocation,/mnt/ubna_data_01_mir/recover-20220811/UBNA_009/20220809_053000.WAV,Foliage,recover-20220811,009,1795
291.1805,291.1951,25468.0,30689.0,Nyctalus leisleri,0.345,0.486,-1,Echolocation,/mnt/ubna_data_01_mir/recover-20220811/UBNA_009/20220809_053000.WAV,Foliage,recover-20220811,009,1795
291.3205,291.3347,23750.0,27884.0,Nyctalus leisleri,0.093,0.208,-1,Echolocation,/mnt/ubna_data_01_mir/recover-20220811/UBNA_009/20220809_053000.WAV,Foliage,recover-20220811,009,1795
291.3485,291.3685,22890.0,26338.0,Nyctalus leisleri,0.235,0.333,-1,Echolocation,/mnt/ubna_data_01_mir/recover-20220811/UBNA_009/20220809_053000.WAV,Foliage,recover-20220811,009,1795
291.5565,291.573,24609.0,28255.0,Nyctalus leisleri,0.4,0.511,-1,Echolocation,/mnt/ubna_data_01_mir/recover-20220811/UBNA_009/20220809_053000.WAV,Foliage,recover-20220811,009,1795
292.2645,292.2798,25468.0,30433.0,Nyctalus leisleri,0.222,0.348,-1,Echolocation,/mnt/ubna_data_01_mir/recover-20220811/UBNA_009/20220809_053000.WAV,Foliage,recover-20220811,009,1795
292.4955,292.5185,23750.0,28444.0,Nyctalus leisleri,0.169,0.303,-1,Echolocation,/mnt/ubna_data_01_mir/recover-20220811/UBNA_009/20220809_053000.WAV,Foliage,recover-20220811,009,1795
292.7575,292.7789,23750.0,28689.0,Nyctalus leisleri,0.143,0.287,-1,Echolocation,/mnt/ubna_data_01_mir/recover-20220811/UBNA_009/20220809_053000.WAV,Foliage,recover-20220811,009,1795
292.9725,292.9907,24609.0,28796.0,Nyctalus leisleri,0.228,0.35,-1,Echolocation,/mnt/ubna_data_01_mir/recover-20220811/UBNA_009/20220809_053000.WAV,Foliage,recover-20220811,009,1795
293.2165,293.23199999999997,25468.0,29422.0,Nyctalus leisleri,0.152,0.241,-1,Echolocation,/mnt/ubna_data_01_mir/recover-20220811/UBNA_009/20220809_053000.WAV,Foliage,recover-20220811,009,1795
293.9695,293.9914,24609.0,29608.0,Nyctalus leisleri,0.101,0.229,-1,Echolocation,/mnt/ubna_data_01_mir/recover-20220811/UBNA_009/20220809_053000.WAV,Foliage,recover-20220811,009,1795
294.1195,294.1344,24609.0,29132.0,Nyctalus leisleri,0.233,0.42,-1,Echolocation,/mnt/ubna_data_01_mir/recover-20220811/UBNA_009/20220809_053000.WAV,Foliage,recover-20220811,009,1795
294.3515,294.3736,25468.0,30234.0,Nyctalus leisleri,0.122,0.231,-1,Echolocation,/mnt/ubna_data_01_mir/recover-20220811/UBNA_009/20220809_053000.WAV,Foliage,recover-20220811,009,1795
294.5265,294.5458,26328.0,30397.0,Nyctalus leisleri,0.27,0.403,-1,Echolocation,/mnt/ubna_data_01_mir/recover-20220811/UBNA_009/20220809_053000.WAV,Foliage,recover-20220811,009,1795
294.6815,294.6965,26328.0,30324.0,Nyctalus leisleri,0.142,0.243,-1,Echolocation,/mnt/ubna_data_01_mir/recover-20220811/UBNA_009/20220809_053000.WAV,Foliage,recover-20220811,009,1795
295.8055,295.8209,25468.0,30061.0,Nyctalus leisleri,0.238,0.364,-1,Echolocation,/mnt/ubna_data_01_mir/recover-20220811/UBNA_009/20220809_053000.WAV,Foliage,recover-20220811,009,1795
295.9375,295.9567,25468.0,30619.0,Nyctalus leisleri,0.169,0.32,-1,Echolocation,/mnt/ubna_data_01_mir/recover-20220811/UBNA_009/20220809_053000.WAV,Foliage,recover-20220811,009,1795
296.0755,296.0905,25468.0,32181.0,Nyctalus leisleri,0.198,0.412,-1,Echolocation,/mnt/ubna_data_01_mir/recover-20220811/UBNA_009/20220809_053000.WAV,Foliage,recover-20220811,009,1795
296.3055,296.3213,25468.0,32318.0,Nyctalus leisleri,0.255,0.447,-1,Echolocation,/mnt/ubna_data_01_mir/recover-20220811/UBNA_009/20220809_053000.WAV,Foliage,recover-20220811,009,1795
296.4405,296.4575,25468.0,30553.0,Nyctalus leisleri,0.323,0.426,-1,Echolocation,/mnt/ubna_data_01_mir/recover-20220811/UBNA_009/20220809_053000.WAV,Foliage,recover-20220811,009,1795
296.6685,296.6848,25468.0,32545.0,Nyctalus leisleri,0.282,0.478,-1,Echolocation,/mnt/ubna_data_01_mir/recover-20220811/UBNA_009/20220809_053000.WAV,Foliage,recover-20220811,009,1795
296.9045,296.9233,24609.0,30191.0,Nyctalus leisleri,0.255,0.375,-1,Echolocation,/mnt/ubna_data_01_mir/recover-20220811/UBNA_009/20220809_053000.WAV,Foliage,recover-20220811,009,1795
297.1255,297.1418,25468.0,32600.0,Nyctalus leisleri,0.282,0.46,-1,Echolocation,/mnt/ubna_data_01_mir/recover-20220811/UBNA_009/20220809_053000.WAV,Foliage,recover-20220811,009,1795
297.2545,297.2719,26328.0,31399.0,Nyctalus leisleri,0.153,0.282,-1,Echolocation,/mnt/ubna_data_01_mir/recover-20220811/UBNA_009/20220809_053000.WAV,Foliage,recover-20220811,009,1795
297.4565,297.4719,25468.0,32704.0,Nyctalus leisleri,0.283,0.535,-1,Echolocation,/mnt/ubna_data_01_mir/recover-20220811/UBNA_009/20220809_053000.WAV,Foliage,recover-20220811,009,1795
297.5885,297.6028,25468.0,30309.0,Nyctalus leisleri,0.225,0.377,-1,Echolocation,/mnt/ubna_data_01_mir/recover-20220811/UBNA_009/20220809_053000.WAV,Foliage,recover-20220811,009,1795
297.8115,297.8263,25468.0,33122.0,Eptesicus serotinus,0.239,0.432,-1,Echolocation,/mnt/ubna_data_01_mir/recover-20220811/UBNA_009/20220809_053000.WAV,Foliage,recover-20220811,009,1795
297.9455,297.9584,25468.0,30478.0,Nyctalus leisleri,0.264,0.406,-1,Echolocation,/mnt/ubna_data_01_mir/recover-20220811/UBNA_009/20220809_053000.WAV,Foliage,recover-20220811,009,1795
298.1615,298.1765,25468.0,30475.0,Nyctalus leisleri,0.171,0.342,-1,Echolocation,/mnt/ubna_data_01_mir/recover-20220811/UBNA_009/20220809_053000.WAV,Foliage,recover-20220811,009,1795
298.2915,298.305,25468.0,31598.0,Nyctalus leisleri,0.31,0.473,-1,Echolocation,/mnt/ubna_data_01_mir/recover-20220811/UBNA_009/20220809_053000.WAV,Foliage,recover-20220811,009,1795
298.4695,298.4829,25468.0,35210.0,Eptesicus serotinus,0.4,0.552,-1,Echolocation,/mnt/ubna_data_01_mir/recover-20220811/UBNA_009/20220809_053000.WAV,Foliage,recover-20220811,009,1795
298.6715,298.6844,24609.0,28308.0,Nyctalus leisleri,0.226,0.372,-1,Echolocation,/mnt/ubna_data_01_mir/recover-20220811/UBNA_009/20220809_053000.WAV,Foliage,recover-20220811,009,1795
298.7885,298.8005,26328.0,31370.0,Nyctalus leisleri,0.181,0.357,-1,Echolocation,/mnt/ubna_data_01_mir/recover-20220811/UBNA_009/20220809_053000.WAV,Foliage,recover-20220811,009,1795
299.0265,299.0407,25468.0,30172.0,Nyctalus leisleri,0.367,0.495,-1,Echolocation,/mnt/ubna_data_01_mir/recover-20220811/UBNA_009/20220809_053000.WAV,Foliage,recover-20220811,009,1795
299.3905,299.4029,24609.0,28926.0,Nyctalus leisleri,0.276,0.42,-1,Echolocation,/mnt/ubna_data_01_mir/recover-20220811/UBNA_009/20220809_053000.WAV,Foliage,recover-20220811,009,1795
299.9425,299.9579,24609.0,29552.0,Nyctalus leisleri,0.34,0.523,-1,Echolocation,/mnt/ubna_data_01_mir/recover-20220811/UBNA_009/20220809_053000.WAV,Foliage,recover-20220811,009,1795
300.0955,300.1095,25468.0,32327.0,Nyctalus leisleri,0.312,0.581,-1,Echolocation,/mnt/ubna_data_01_mir/recover-20220811/UBNA_009/20220809_053000.WAV,Foliage,recover-20220811,009,1795
300.3165,300.3315,24609.0,28840.0,Nyctalus leisleri,0.382,0.554,-1,Echolocation,/mnt/ubna_data_01_mir/recover-20220811/UBNA_009/20220809_053000.WAV,Foliage,recover-20220811,009,1795
300.6955,300.7095,25468.0,31244.0,Nyctalus leisleri,0.308,0.543,-1,Echolocation,/mnt/ubna_data_01_mir/recover-20220811/UBNA_009/20220809_053000.WAV,Foliage,recover-20220811,009,1795
300.9495,300.9627,26328.0,31160.0,Nyctalus leisleri,0.144,0.294,-1,Echolocation,/mnt/ubna_data_01_mir/recover-20220811/UBNA_009/20220809_053000.WAV,Foliage,recover-20220811,009,1795
301.1805,301.1968,25468.0,29448.0,Nyctalus leisleri,0.169,0.273,-1,Echolocation,/mnt/ubna_data_01_mir/recover-20220811/UBNA_009/20220809_053000.WAV,Foliage,recover-20220811,009,1795
301.6135,301.6272,25468.0,30446.0,Nyctalus leisleri,0.149,0.259,-1,Echolocation,/mnt/ubna_data_01_mir/recover-20220811/UBNA_009/20220809_053000.WAV,Foliage,recover-20220811,009,1795
302.8705,302.8852,24609.0,29370.0,Nyctalus leisleri,0.442,0.556,-1,Echolocation,/mnt/ubna_data_01_mir/recover-20220811/UBNA_009/20220809_053000.WAV,Foliage,recover-20220811,009,1795
303.0995,303.1175,24609.0,30358.0,Eptesicus serotinus,0.142,0.295,-1,Echolocation,/mnt/ubna_data_01_mir/recover-20220811/UBNA_009/20220809_053000.WAV,Foliage,recover-20220811,009,1795
303.3325,303.3534,24609.0,28855.0,Nyctalus leisleri,0.266,0.365,-1,Echolocation,/mnt/ubna_data_01_mir/recover-20220811/UBNA_009/20220809_053000.WAV,Foliage,recover-20220811,009,1795
303.7045,303.7218,25468.0,29854.0,Nyctalus leisleri,0.34,0.455,-1,Echolocation,/mnt/ubna_data_01_mir/recover-20220811/UBNA_009/20220809_053000.WAV,Foliage,recover-20220811,009,1795
303.9535,303.9717,25468.0,29593.0,Nyctalus leisleri,0.174,0.269,-1,Echolocation,/mnt/ubna_data_01_mir/recover-20220811/UBNA_009/20220809_053000.WAV,Foliage,recover-20220811,009,1795
304.0925,304.1122,25468.0,30067.0,Nyctalus leisleri,0.168,0.272,-1,Echolocation,/mnt/ubna_data_01_mir/recover-20220811/UBNA_009/20220809_053000.WAV,Foliage,recover-20220811,009,1795
304.3155,304.3347,25468.0,30617.0,Nyctalus leisleri,0.201,0.308,-1,Echolocation,/mnt/ubna_data_01_mir/recover-20220811/UBNA_009/20220809_053000.WAV,Foliage,recover-20220811,009,1795
304.4475,304.4627,25468.0,29878.0,Nyctalus leisleri,0.415,0.517,-1,Echolocation,/mnt/ubna_data_01_mir/recover-20220811/UBNA_009/20220809_053000.WAV,Foliage,recover-20220811,009,1795
304.5775,304.5905,25468.0,31223.0,Nyctalus leisleri,0.283,0.445,-1,Echolocation,/mnt/ubna_data_01_mir/recover-20220811/UBNA_009/20220809_053000.WAV,Foliage,recover-20220811,009,1795
304.7315,304.7467,25468.0,29686.0,Nyctalus leisleri,0.228,0.339,-1,Echolocation,/mnt/ubna_data_01_mir/recover-20220811/UBNA_009/20220809_053000.WAV,Foliage,recover-20220811,009,1795
307.7205,307.7468,23750.0,28398.0,Nyctalus leisleri,0.114,0.202,-1,Echolocation,/mnt/ubna_data_01_mir/recover-20220811/UBNA_009/20220809_053000.WAV,Foliage,recover-20220811,009,1795
309.6565,309.6751,24609.0,28427.0,Nyctalus leisleri,0.213,0.335,-1,Echolocation,/mnt/ubna_data_01_mir/recover-20220811/UBNA_009/20220809_053000.WAV,Foliage,recover-20220811,009,1795
309.9005,309.9167,26328.0,30509.0,Nyctalus leisleri,0.102,0.201,-1,Echolocation,/mnt/ubna_data_01_mir/recover-20220811/UBNA_009/20220809_053000.WAV,Foliage,recover-20220811,009,1795
313.5205,313.5365,25468.0,29804.0,Nyctalus leisleri,0.148,0.237,-1,Echolocation,/mnt/ubna_data_01_mir/recover-20220811/UBNA_009/20220809_053000.WAV,Foliage,recover-20220811,009,1795
314.2415,314.2585,24609.0,30336.0,Nyctalus leisleri,0.293,0.478,-1,Echolocation,/mnt/ubna_data_01_mir/recover-20220811/UBNA_009/20220809_053000.WAV,Foliage,recover-20220811,009,1795
314.3905,314.4065,25468.0,29086.0,Nyctalus leisleri,0.191,0.295,-1,Echolocation,/mnt/ubna_data_01_mir/recover-20220811/UBNA_009/20220809_053000.WAV,Foliage,recover-20220811,009,1795
314.6205,314.6378,25468.0,30545.0,Nyctalus leisleri,0.226,0.372,-1,Echolocation,/mnt/ubna_data_01_mir/recover-20220811/UBNA_009/20220809_053000.WAV,Foliage,recover-20220811,009,1795
314.7595,314.7752,25468.0,31775.0,Nyctalus leisleri,0.189,0.379,-1,Echolocation,/mnt/ubna_data_01_mir/recover-20220811/UBNA_009/20220809_053000.WAV,Foliage,recover-20220811,009,1795
314.8705,314.8897,23750.0,28075.0,Nyctalus leisleri,0.182,0.31,-1,Echolocation,/mnt/ubna_data_01_mir/recover-20220811/UBNA_009/20220809_053000.WAV,Foliage,recover-20220811,009,1795
314.9825,314.9968,26328.0,30855.0,Nyctalus leisleri,0.106,0.209,-1,Echolocation,/mnt/ubna_data_01_mir/recover-20220811/UBNA_009/20220809_053000.WAV,Foliage,recover-20220811,009,1795
315.7595,315.7763,24609.0,27979.0,Nyctalus leisleri,0.234,0.338,-1,Echolocation,/mnt/ubna_data_01_mir/recover-20220811/UBNA_009/20220809_053000.WAV,Foliage,recover-20220811,009,1795
315.8915,315.9116,24609.0,28508.0,Nyctalus leisleri,0.121,0.202,-1,Echolocation,/mnt/ubna_data_01_mir/recover-20220811/UBNA_009/20220809_053000.WAV,Foliage,recover-20220811,009,1795
316.0135,316.0289,25468.0,30612.0,Nyctalus leisleri,0.183,0.361,-1,Echolocation,/mnt/ubna_data_01_mir/recover-20220811/UBNA_009/20220809_053000.WAV,Foliage,recover-20220811,009,1795
316.2675,316.2811,25468.0,30220.0,Nyctalus leisleri,0.118,0.228,-1,Echolocation,/mnt/ubna_data_01_mir/recover-20220811/UBNA_009/20220809_053000.WAV,Foliage,recover-20220811,009,1795
316.5195,316.5391,24609.0,29056.0,Nyctalus leisleri,0.288,0.419,-1,Echolocation,/mnt/ubna_data_01_mir/recover-20220811/UBNA_009/20220809_053000.WAV,Foliage,recover-20220811,009,1795
316.9965,317.01030000000003,25468.0,29786.0,Nyctalus leisleri,0.225,0.38,-1,Echolocation,/mnt/ubna_data_01_mir/recover-20220811/UBNA_009/20220809_053000.WAV,Foliage,recover-20220811,009,1795
317.1315,317.149,24609.0,29638.0,Nyctalus leisleri,0.119,0.252,-1,Echolocation,/mnt/ubna_data_01_mir/recover-20220811/UBNA_009/20220809_053000.WAV,Foliage,recover-20220811,009,1795
317.3625,317.3791,25468.0,30072.0,Nyctalus leisleri,0.243,0.371,-1,Echolocation,/mnt/ubna_data_01_mir/recover-20220811/UBNA_009/20220809_053000.WAV,Foliage,recover-20220811,009,1795
317.5925,317.6089,25468.0,29689.0,Nyctalus leisleri,0.237,0.37,-1,Echolocation,/mnt/ubna_data_01_mir/recover-20220811/UBNA_009/20220809_053000.WAV,Foliage,recover-20220811,009,1795
317.8315,317.84590000000003,25468.0,31405.0,Nyctalus leisleri,0.191,0.352,-1,Echolocation,/mnt/ubna_data_01_mir/recover-20220811/UBNA_009/20220809_053000.WAV,Foliage,recover-20220811,009,1795
317.9675,317.9841,25468.0,29962.0,Nyctalus leisleri,0.16,0.263,-1,Echolocation,/mnt/ubna_data_01_mir/recover-20220811/UBNA_009/20220809_053000.WAV,Foliage,recover-20220811,009,1795
318.1895,318.2051,25468.0,30264.0,Nyctalus leisleri,0.323,0.424,-1,Echolocation,/mnt/ubna_data_01_mir/recover-20220811/UBNA_009/20220809_053000.WAV,Foliage,recover-20220811,009,1795
318.4155,318.4291,25468.0,30141.0,Nyctalus leisleri,0.283,0.446,-1,Echolocation,/mnt/ubna_data_01_mir/recover-20220811/UBNA_009/20220809_053000.WAV,Foliage,recover-20220811,009,1795
318.5355,318.5505,25468.0,29686.0,Nyctalus leisleri,0.114,0.221,-1,Echolocation,/mnt/ubna_data_01_mir/recover-20220811/UBNA_009/20220809_053000.WAV,Foliage,recover-20220811,009,1795
318.9045,318.9214,26328.0,29927.0,Nyctalus leisleri,0.157,0.255,-1,Echolocation,/mnt/ubna_data_01_mir/recover-20220811/UBNA_009/20220809_053000.WAV,Foliage,recover-20220811,009,1795
319.5095,319.5242,23750.0,28558.0,Nyctalus leisleri,0.274,0.442,-1,Echolocation,/mnt/ubna_data_01_mir/recover-20220811/UBNA_009/20220809_053000.WAV,Foliage,recover-20220811,009,1795
320.0615,320.0765,23750.0,27863.0,Nyctalus leisleri,0.398,0.509,-1,Echolocation,/mnt/ubna_data_01_mir/recover-20220811/UBNA_009/20220809_053000.WAV,Foliage,recover-20220811,009,1795
320.3645,320.3845,25468.0,31061.0,Nyctalus leisleri,0.113,0.208,-1,Echolocation,/mnt/ubna_data_01_mir/recover-20220811/UBNA_009/20220809_053000.WAV,Foliage,recover-20220811,009,1795
320.5015,320.5188,25468.0,31699.0,Nyctalus leisleri,0.119,0.256,-1,Echolocation,/mnt/ubna_data_01_mir/recover-20220811/UBNA_009/20220809_053000.WAV,Foliage,recover-20220811,009,1795
320.7245,320.7381,26328.0,34071.0,Nyctalus leisleri,0.281,0.511,-1,Echolocation,/mnt/ubna_data_01_mir/recover-20220811/UBNA_009/20220809_053000.WAV,Foliage,recover-20220811,009,1795
320.8585,320.8726,25468.0,31192.0,Nyctalus leisleri,0.212,0.38,-1,Echolocation,/mnt/ubna_data_01_mir/recover-20220811/UBNA_009/20220809_053000.WAV,Foliage,recover-20220811,009,1795
321.0915,321.1062,25468.0,33527.0,Nyctalus leisleri,0.256,0.479,-1,Echolocation,/mnt/ubna_data_01_mir/recover-20220811/UBNA_009/20220809_053000.WAV,Foliage,recover-20220811,009,1795
321.2305,321.2434,26328.0,33870.0,Eptesicus serotinus,0.264,0.532,-1,Echolocation,/mnt/ubna_data_01_mir/recover-20220811/UBNA_009/20220809_053000.WAV,Foliage,recover-20220811,009,1795
321.3665,321.3798,26328.0,32209.0,Eptesicus serotinus,0.205,0.407,-1,Echolocation,/mnt/ubna_data_01_mir/recover-20220811/UBNA_009/20220809_053000.WAV,Foliage,recover-20220811,009,1795
321.6065,321.6188,25468.0,34079.0,Nyctalus leisleri,0.319,0.651,-1,Echolocation,/mnt/ubna_data_01_mir/recover-20220811/UBNA_009/20220809_053000.WAV,Foliage,recover-20220811,009,1795
321.7555,321.7691,25468.0,30767.0,Nyctalus leisleri,0.215,0.399,-1,Echolocation,/mnt/ubna_data_01_mir/recover-20220811/UBNA_009/20220809_053000.WAV,Foliage,recover-20220811,009,1795
322.0035,322.0211,24609.0,27476.0,Nyctalus leisleri,0.295,0.362,-1,Echolocation,/mnt/ubna_data_01_mir/recover-20220811/UBNA_009/20220809_053000.WAV,Foliage,recover-20220811,009,1795
322.1465,322.1639,24609.0,29433.0,Nyctalus leisleri,0.35,0.485,-1,Echolocation,/mnt/ubna_data_01_mir/recover-20220811/UBNA_009/20220809_053000.WAV,Foliage,recover-20220811,009,1795
322.2985,322.3147,25468.0,30090.0,Nyctalus leisleri,0.331,0.45,-1,Echolocation,/mnt/ubna_data_01_mir/recover-20220811/UBNA_009/20220809_053000.WAV,Foliage,recover-20220811,009,1795
322.5275,322.5486,24609.0,28881.0,Nyctalus leisleri,0.195,0.291,-1,Echolocation,/mnt/ubna_data_01_mir/recover-20220811/UBNA_009/20220809_053000.WAV,Foliage,recover-20220811,009,1795
322.66949999999997,322.6859,25468.0,30894.0,Nyctalus leisleri,0.254,0.418,-1,Echolocation,/mnt/ubna_data_01_mir/recover-20220811/UBNA_009/20220809_053000.WAV,Foliage,recover-20220811,009,1795
322.9185,322.9413,23750.0,28051.0,Nyctalus leisleri,0.14,0.241,-1,Echolocation,/mnt/ubna_data_01_mir/recover-20220811/UBNA_009/20220809_053000.WAV,Foliage,recover-20220811,009,1795
324.2365,324.2505,24609.0,28950.0,Nyctalus leisleri,0.168,0.358,-1,Echolocation,/mnt/ubna_data_01_mir/recover-20220811/UBNA_009/20220809_053000.WAV,Foliage,recover-20220811,009,1795
324.5545,324.5731,25468.0,29660.0,Nyctalus leisleri,0.148,0.252,-1,Echolocation,/mnt/ubna_data_01_mir/recover-20220811/UBNA_009/20220809_053000.WAV,Foliage,recover-20220811,009,1795
326.3715,326.3902,25468.0,29565.0,Nyctalus leisleri,0.159,0.267,-1,Echolocation,/mnt/ubna_data_01_mir/recover-20220811/UBNA_009/20220809_053000.WAV,Foliage,recover-20220811,009,1795
326.7435,326.7601,25468.0,31671.0,Nyctalus leisleri,0.225,0.415,-1,Echolocation,/mnt/ubna_data_01_mir/recover-20220811/UBNA_009/20220809_053000.WAV,Foliage,recover-20220811,009,1795
327.0055,327.023,26328.0,31302.0,Nyctalus leisleri,0.172,0.264,-1,Echolocation,/mnt/ubna_data_01_mir/recover-20220811/UBNA_009/20220809_053000.WAV,Foliage,recover-20220811,009,1795
327.1465,327.16179999999997,25468.0,31228.0,Nyctalus leisleri,0.27,0.409,-1,Echolocation,/mnt/ubna_data_01_mir/recover-20220811/UBNA_009/20220809_053000.WAV,Foliage,recover-20220811,009,1795
327.2745,327.2908,25468.0,30216.0,Nyctalus leisleri,0.209,0.335,-1,Echolocation,/mnt/ubna_data_01_mir/recover-20220811/UBNA_009/20220809_053000.WAV,Foliage,recover-20220811,009,1795
327.5095,327.5262,25468.0,29907.0,Nyctalus leisleri,0.325,0.468,-1,Echolocation,/mnt/ubna_data_01_mir/recover-20220811/UBNA_009/20220809_053000.WAV,Foliage,recover-20220811,009,1795
327.7555,327.7727,24609.0,29142.0,Nyctalus leisleri,0.407,0.516,-1,Echolocation,/mnt/ubna_data_01_mir/recover-20220811/UBNA_009/20220809_053000.WAV,Foliage,recover-20220811,009,1795
328.0045,328.0194,24609.0,29758.0,Nyctalus leisleri,0.329,0.501,-1,Echolocation,/mnt/ubna_data_01_mir/recover-20220811/UBNA_009/20220809_053000.WAV,Foliage,recover-20220811,009,1795
328.1445,328.1579,25468.0,31069.0,Nyctalus leisleri,0.19,0.391,-1,Echolocation,/mnt/ubna_data_01_mir/recover-20220811/UBNA_009/20220809_053000.WAV,Foliage,recover-20220811,009,1795
328.2815,328.2993,24609.0,29176.0,Nyctalus leisleri,0.103,0.214,-1,Echolocation,/mnt/ubna_data_01_mir/recover-20220811/UBNA_009/20220809_053000.WAV,Foliage,recover-20220811,009,1795
328.5225,328.5388,25468.0,30659.0,Nyctalus leisleri,0.307,0.484,-1,Echolocation,/mnt/ubna_data_01_mir/recover-20220811/UBNA_009/20220809_053000.WAV,Foliage,recover-20220811,009,1795
328.6735,328.6941,24609.0,28671.0,Nyctalus leisleri,0.237,0.353,-1,Echolocation,/mnt/ubna_data_01_mir/recover-20220811/UBNA_009/20220809_053000.WAV,Foliage,recover-20220811,009,1795
329.2685,329.2838,25468.0,29564.0,Nyctalus leisleri,0.509,0.595,-1,Echolocation,/mnt/ubna_data_01_mir/recover-20220811/UBNA_009/20220809_053000.WAV,Foliage,recover-20220811,009,1795
329.4085,329.4237,25468.0,30192.0,Nyctalus leisleri,0.144,0.28,-1,Echolocation,/mnt/ubna_data_01_mir/recover-20220811/UBNA_009/20220809_053000.WAV,Foliage,recover-20220811,009,1795
329.5505,329.564,25468.0,31178.0,Nyctalus leisleri,0.252,0.424,-1,Echolocation,/mnt/ubna_data_01_mir/recover-20220811/UBNA_009/20220809_053000.WAV,Foliage,recover-20220811,009,1795
329.8765,329.8911,25468.0,30018.0,Nyctalus leisleri,0.185,0.321,-1,Echolocation,/mnt/ubna_data_01_mir/recover-20220811/UBNA_009/20220809_053000.WAV,Foliage,recover-20220811,009,1795
330.1005,330.1193,24609.0,28338.0,Nyctalus leisleri,0.202,0.329,-1,Echolocation,/mnt/ubna_data_01_mir/recover-20220811/UBNA_009/20220809_053000.WAV,Foliage,recover-20220811,009,1795
330.3175,330.3316,25468.0,29695.0,Nyctalus leisleri,0.333,0.446,-1,Echolocation,/mnt/ubna_data_01_mir/recover-20220811/UBNA_009/20220809_053000.WAV,Foliage,recover-20220811,009,1795
330.4575,330.4714,25468.0,30036.0,Nyctalus leisleri,0.419,0.56,-1,Echolocation,/mnt/ubna_data_01_mir/recover-20220811/UBNA_009/20220809_053000.WAV,Foliage,recover-20220811,009,1795
330.6745,330.6872,26328.0,33221.0,Eptesicus serotinus,0.235,0.508,-1,Echolocation,/mnt/ubna_data_01_mir/recover-20220811/UBNA_009/20220809_053000.WAV,Foliage,recover-20220811,009,1795
330.8075,330.82,25468.0,35516.0,Eptesicus serotinus,0.428,0.608,-1,Echolocation,/mnt/ubna_data_01_mir/recover-20220811/UBNA_009/20220809_053000.WAV,Foliage,recover-20220811,009,1795
331.0295,331.0432,25468.0,30106.0,Nyctalus leisleri,0.471,0.588,-1,Echolocation,/mnt/ubna_data_01_mir/recover-20220811/UBNA_009/20220809_053000.WAV,Foliage,recover-20220811,009,1795
331.1605,331.1715,26328.0,33024.0,Eptesicus serotinus,0.257,0.461,-1,Echolocation,/mnt/ubna_data_01_mir/recover-20220811/UBNA_009/20220809_053000.WAV,Foliage,recover-20220811,009,1795
331.2895,331.3027,26328.0,33220.0,Nyctalus leisleri,0.308,0.539,-1,Echolocation,/mnt/ubna_data_01_mir/recover-20220811/UBNA_009/20220809_053000.WAV,Foliage,recover-20220811,009,1795
331.4355,331.4499,26328.0,32281.0,Nyctalus leisleri,0.257,0.435,-1,Echolocation,/mnt/ubna_data_01_mir/recover-20220811/UBNA_009/20220809_053000.WAV,Foliage,recover-20220811,009,1795
331.5755,331.5896,26328.0,33664.0,Eptesicus serotinus,0.228,0.486,-1,Echolocation,/mnt/ubna_data_01_mir/recover-20220811/UBNA_009/20220809_053000.WAV,Foliage,recover-20220811,009,1795
331.7215,331.7355,26328.0,31481.0,Nyctalus leisleri,0.19,0.297,-1,Echolocation,/mnt/ubna_data_01_mir/recover-20220811/UBNA_009/20220809_053000.WAV,Foliage,recover-20220811,009,1795
331.8565,331.8763,26328.0,30809.0,Nyctalus leisleri,0.11,0.209,-1,Echolocation,/mnt/ubna_data_01_mir/recover-20220811/UBNA_009/20220809_053000.WAV,Foliage,recover-20220811,009,1795
332.0975,332.1112,26328.0,31499.0,Nyctalus leisleri,0.336,0.49,-1,Echolocation,/mnt/ubna_data_01_mir/recover-20220811/UBNA_009/20220809_053000.WAV,Foliage,recover-20220811,009,1795
332.2235,332.2346,26328.0,32083.0,Nyctalus leisleri,0.359,0.563,-1,Echolocation,/mnt/ubna_data_01_mir/recover-20220811/UBNA_009/20220809_053000.WAV,Foliage,recover-20220811,009,1795
332.5075,332.5203,26328.0,31835.0,Nyctalus leisleri,0.267,0.442,-1,Echolocation,/mnt/ubna_data_01_mir/recover-20220811/UBNA_009/20220809_053000.WAV,Foliage,recover-20220811,009,1795
332.8915,332.906,25468.0,31208.0,Nyctalus leisleri,0.202,0.346,-1,Echolocation,/mnt/ubna_data_01_mir/recover-20220811/UBNA_009/20220809_053000.WAV,Foliage,recover-20220811,009,1795
333.5515,333.5696,25468.0,29740.0,Nyctalus leisleri,0.133,0.217,-1,Echolocation,/mnt/ubna_data_01_mir/recover-20220811/UBNA_009/20220809_053000.WAV,Foliage,recover-20220811,009,1795
333.9585,333.9777,24609.0,28480.0,Nyctalus leisleri,0.269,0.385,-1,Echolocation,/mnt/ubna_data_01_mir/recover-20220811/UBNA_009/20220809_053000.WAV,Foliage,recover-20220811,009,1795
334.3555,334.3695,24609.0,30167.0,Nyctalus leisleri,0.307,0.55,-1,Echolocation,/mnt/ubna_data_01_mir/recover-20220811/UBNA_009/20220809_053000.WAV,Foliage,recover-20220811,009,1795
337.2655,337.2793,25468.0,30049.0,Nyctalus leisleri,0.244,0.349,-1,Echolocation,/mnt/ubna_data_01_mir/recover-20220811/UBNA_009/20220809_053000.WAV,Foliage,recover-20220811,009,1795
337.5125,337.5293,25468.0,29949.0,Nyctalus leisleri,0.236,0.361,-1,Echolocation,/mnt/ubna_data_01_mir/recover-20220811/UBNA_009/20220809_053000.WAV,Foliage,recover-20220811,009,1795
337.6675,337.6819,25468.0,30352.0,Nyctalus leisleri,0.153,0.312,-1,Echolocation,/mnt/ubna_data_01_mir/recover-20220811/UBNA_009/20220809_053000.WAV,Foliage,recover-20220811,009,1795
337.8105,337.825,25468.0,31023.0,Nyctalus leisleri,0.277,0.404,-1,Echolocation,/mnt/ubna_data_01_mir/recover-20220811/UBNA_009/20220809_053000.WAV,Foliage,recover-20220811,009,1795
337.9535,337.9659,25468.0,31596.0,Nyctalus leisleri,0.221,0.464,-1,Echolocation,/mnt/ubna_data_01_mir/recover-20220811/UBNA_009/20220809_053000.WAV,Foliage,recover-20220811,009,1795
338.0925,338.1072,25468.0,31447.0,Eptesicus serotinus,0.231,0.476,-1,Echolocation,/mnt/ubna_data_01_mir/recover-20220811/UBNA_009/20220809_053000.WAV,Foliage,recover-20220811,009,1795
338.2435,338.2571,26328.0,33382.0,Eptesicus serotinus,0.233,0.409,-1,Echolocation,/mnt/ubna_data_01_mir/recover-20220811/UBNA_009/20220809_053000.WAV,Foliage,recover-20220811,009,1795
338.3915,338.4051,26328.0,32225.0,Nyctalus leisleri,0.217,0.468,-1,Echolocation,/mnt/ubna_data_01_mir/recover-20220811/UBNA_009/20220809_053000.WAV,Foliage,recover-20220811,009,1795
338.5425,338.5542,26328.0,31413.0,Nyctalus leisleri,0.382,0.565,-1,Echolocation,/mnt/ubna_data_01_mir/recover-20220811/UBNA_009/20220809_053000.WAV,Foliage,recover-20220811,009,1795
338.7045,338.7202,25468.0,29653.0,Nyctalus leisleri,0.196,0.308,-1,Echolocation,/mnt/ubna_data_01_mir/recover-20220811/UBNA_009/20220809_053000.WAV,Foliage,recover-20220811,009,1795
338.9525,338.9663,26328.0,32956.0,Nyctalus leisleri,0.273,0.489,-1,Echolocation,/mnt/ubna_data_01_mir/recover-20220811/UBNA_009/20220809_053000.WAV,Foliage,recover-20220811,009,1795
339.1245,339.1388,25468.0,31454.0,Nyctalus leisleri,0.249,0.504,-1,Echolocation,/mnt/ubna_data_01_mir/recover-20220811/UBNA_009/20220809_053000.WAV,Foliage,recover-20220811,009,1795
339.2435,339.2661,22890.0,27283.0,Nyctalus leisleri,0.119,0.246,-1,Echolocation,/mnt/ubna_data_01_mir/recover-20220811/UBNA_009/20220809_053000.WAV,Foliage,recover-20220811,009,1795
339.2685,339.282,26328.0,31383.0,Nyctalus leisleri,0.193,0.305,-1,Echolocation,/mnt/ubna_data_01_mir/recover-20220811/UBNA_009/20220809_053000.WAV,Foliage,recover-20220811,009,1795
340.1335,340.1489,25468.0,31408.0,Eptesicus serotinus,0.13,0.217,-1,Echolocation,/mnt/ubna_data_01_mir/recover-20220811/UBNA_009/20220809_053000.WAV,Foliage,recover-20220811,009,1795
340.2745,340.2895,25468.0,29502.0,Nyctalus leisleri,0.142,0.257,-1,Echolocation,/mnt/ubna_data_01_mir/recover-20220811/UBNA_009/20220809_053000.WAV,Foliage,recover-20220811,009,1795
340.6805,340.7017,24609.0,29052.0,Nyctalus leisleri,0.157,0.231,-1,Echolocation,/mnt/ubna_data_01_mir/recover-20220811/UBNA_009/20220809_053000.WAV,Foliage,recover-20220811,009,1795
340.8215,340.8376,25468.0,31414.0,Nyctalus leisleri,0.232,0.402,-1,Echolocation,/mnt/ubna_data_01_mir/recover-20220811/UBNA_009/20220809_053000.WAV,Foliage,recover-20220811,009,1795
341.0955,341.1096,25468.0,30192.0,Nyctalus leisleri,0.284,0.399,-1,Echolocation,/mnt/ubna_data_01_mir/recover-20220811/UBNA_009/20220809_053000.WAV,Foliage,recover-20220811,009,1795
341.4705,341.4859,25468.0,28588.0,Nyctalus leisleri,0.379,0.455,-1,Echolocation,/mnt/ubna_data_01_mir/recover-20220811/UBNA_009/20220809_053000.WAV,Foliage,recover-20220811,009,1795
343.5875,343.6055,25468.0,29550.0,Nyctalus leisleri,0.126,0.229,-1,Echolocation,/mnt/ubna_data_01_mir/recover-20220811/UBNA_009/20220809_053000.WAV,Foliage,recover-20220811,009,1795
343.7855,343.8018,24609.0,29919.0,Eptesicus serotinus,0.143,0.287,-1,Echolocation,/mnt/ubna_data_01_mir/recover-20220811/UBNA_009/20220809_053000.WAV,Foliage,recover-20220811,009,1795
344.1555,344.1703,25468.0,30361.0,Nyctalus leisleri,0.161,0.288,-1,Echolocation,/mnt/ubna_data_01_mir/recover-20220811/UBNA_009/20220809_053000.WAV,Foliage,recover-20220811,009,1795
344.5535,344.5708,26328.0,30276.0,Nyctalus leisleri,0.162,0.239,-1,Echolocation,/mnt/ubna_data_01_mir/recover-20220811/UBNA_009/20220809_053000.WAV,Foliage,recover-20220811,009,1795
344.8015,344.8168,25468.0,30473.0,Nyctalus leisleri,0.162,0.251,-1,Echolocation,/mnt/ubna_data_01_mir/recover-20220811/UBNA_009/20220809_053000.WAV,Foliage,recover-20220811,009,1795
344.9545,344.9706,25468.0,30172.0,Nyctalus leisleri,0.389,0.511,-1,Echolocation,/mnt/ubna_data_01_mir/recover-20220811/UBNA_009/20220809_053000.WAV,Foliage,recover-20220811,009,1795
345.4605,345.4778,24609.0,30699.0,Nyctalus leisleri,0.221,0.485,-1,Echolocation,/mnt/ubna_data_01_mir/recover-20220811/UBNA_009/20220809_053000.WAV,Foliage,recover-20220811,009,1795
345.6115,345.6306,24609.0,29475.0,Nyctalus leisleri,0.322,0.423,-1,Echolocation,/mnt/ubna_data_01_mir/recover-20220811/UBNA_009/20220809_053000.WAV,Foliage,recover-20220811,009,1795
345.8465,345.8634,24609.0,29622.0,Nyctalus leisleri,0.366,0.499,-1,Echolocation,/mnt/ubna_data_01_mir/recover-20220811/UBNA_009/20220809_053000.WAV,Foliage,recover-20220811,009,1795
346.2265,346.2434,25468.0,31983.0,Nyctalus leisleri,0.247,0.464,-1,Echolocation,/mnt/ubna_data_01_mir/recover-20220811/UBNA_009/20220809_053000.WAV,Foliage,recover-20220811,009,1795
346.3925,346.4083,25468.0,30513.0,Nyctalus leisleri,0.344,0.494,-1,Echolocation,/mnt/ubna_data_01_mir/recover-20220811/UBNA_009/20220809_053000.WAV,Foliage,recover-20220811,009,1795
346.5525,346.5661,25468.0,32218.0,Nyctalus leisleri,0.329,0.572,-1,Echolocation,/mnt/ubna_data_01_mir/recover-20220811/UBNA_009/20220809_053000.WAV,Foliage,recover-20220811,009,1795
346.7105,346.723,25468.0,32724.0,Eptesicus serotinus,0.314,0.496,-1,Echolocation,/mnt/ubna_data_01_mir/recover-20220811/UBNA_009/20220809_053000.WAV,Foliage,recover-20220811,009,1795
346.8755,346.8895,25468.0,32275.0,Nyctalus leisleri,0.35,0.583,-1,Echolocation,/mnt/ubna_data_01_mir/recover-20220811/UBNA_009/20220809_053000.WAV,Foliage,recover-20220811,009,1795
347.0725,347.0904,24609.0,29145.0,Nyctalus leisleri,0.223,0.341,-1,Echolocation,/mnt/ubna_data_01_mir/recover-20220811/UBNA_009/20220809_053000.WAV,Foliage,recover-20220811,009,1795
347.2885,347.3039,25468.0,30140.0,Nyctalus leisleri,0.391,0.496,-1,Echolocation,/mnt/ubna_data_01_mir/recover-20220811/UBNA_009/20220809_053000.WAV,Foliage,recover-20220811,009,1795
347.6655,347.6853,24609.0,28615.0,Nyctalus leisleri,0.168,0.271,-1,Echolocation,/mnt/ubna_data_01_mir/recover-20220811/UBNA_009/20220809_053000.WAV,Foliage,recover-20220811,009,1795
347.8035,347.8185,24609.0,29548.0,Nyctalus leisleri,0.158,0.269,-1,Echolocation,/mnt/ubna_data_01_mir/recover-20220811/UBNA_009/20220809_053000.WAV,Foliage,recover-20220811,009,1795
348.1885,348.2032,25468.0,30677.0,Nyctalus leisleri,0.243,0.402,-1,Echolocation,/mnt/ubna_data_01_mir/recover-20220811/UBNA_009/20220809_053000.WAV,Foliage,recover-20220811,009,1795
348.5715,348.5856,24609.0,30755.0,Nyctalus leisleri,0.225,0.498,-1,Echolocation,/mnt/ubna_data_01_mir/recover-20220811/UBNA_009/20220809_053000.WAV,Foliage,recover-20220811,009,1795
348.7235,348.7398,25468.0,30934.0,Nyctalus leisleri,0.243,0.439,-1,Echolocation,/mnt/ubna_data_01_mir/recover-20220811/UBNA_009/20220809_053000.WAV,Foliage,recover-20220811,009,1795
349.1135,349.1284,24609.0,29035.0,Nyctalus leisleri,0.231,0.383,-1,Echolocation,/mnt/ubna_data_01_mir/recover-20220811/UBNA_009/20220809_053000.WAV,Foliage,recover-20220811,009,1795
350.2375,350.2593,24609.0,28110.0,Nyctalus leisleri,0.143,0.228,-1,Echolocation,/mnt/ubna_data_01_mir/recover-20220811/UBNA_009/20220809_053000.WAV,Foliage,recover-20220811,009,1795
350.5785,350.59590000000003,26328.0,30484.0,Nyctalus leisleri,0.115,0.214,-1,Echolocation,/mnt/ubna_data_01_mir/recover-20220811/UBNA_009/20220809_053000.WAV,Foliage,recover-20220811,009,1795
350.7965,350.8095,25468.0,30582.0,Nyctalus leisleri,0.197,0.366,-1,Echolocation,/mnt/ubna_data_01_mir/recover-20220811/UBNA_009/20220809_053000.WAV,Foliage,recover-20220811,009,1795
350.9285,350.944,25468.0,31902.0,Nyctalus leisleri,0.285,0.516,-1,Echolocation,/mnt/ubna_data_01_mir/recover-20220811/UBNA_009/20220809_053000.WAV,Foliage,recover-20220811,009,1795
351.1815,351.1959,26328.0,31665.0,Nyctalus leisleri,0.217,0.393,-1,Echolocation,/mnt/ubna_data_01_mir/recover-20220811/UBNA_009/20220809_053000.WAV,Foliage,recover-20220811,009,1795
351.3135,351.3251,26328.0,32276.0,Eptesicus serotinus,0.156,0.333,-1,Echolocation,/mnt/ubna_data_01_mir/recover-20220811/UBNA_009/20220809_053000.WAV,Foliage,recover-20220811,009,1795
351.4495,351.4605,25468.0,31453.0,Nyctalus leisleri,0.419,0.608,-1,Echolocation,/mnt/ubna_data_01_mir/recover-20220811/UBNA_009/20220809_053000.WAV,Foliage,recover-20220811,009,1795
351.5915,351.6018,25468.0,31600.0,Nyctalus leisleri,0.344,0.586,-1,Echolocation,/mnt/ubna_data_01_mir/recover-20220811/UBNA_009/20220809_053000.WAV,Foliage,recover-20220811,009,1795
351.7335,351.7465,25468.0,32590.0,Eptesicus serotinus,0.227,0.405,-1,Echolocation,/mnt/ubna_data_01_mir/recover-20220811/UBNA_009/20220809_053000.WAV,Foliage,recover-20220811,009,1795
351.9775,351.9907,25468.0,31639.0,Nyctalus leisleri,0.328,0.522,-1,Echolocation,/mnt/ubna_data_01_mir/recover-20220811/UBNA_009/20220809_053000.WAV,Foliage,recover-20220811,009,1795
352.1225,352.1342,25468.0,30376.0,Nyctalus leisleri,0.264,0.428,-1,Echolocation,/mnt/ubna_data_01_mir/recover-20220811/UBNA_009/20220809_053000.WAV,Foliage,recover-20220811,009,1795
352.3775,352.3923,24609.0,31519.0,Nyctalus leisleri,0.373,0.59,-1,Echolocation,/mnt/ubna_data_01_mir/recover-20220811/UBNA_009/20220809_053000.WAV,Foliage,recover-20220811,009,1795
352.5295,352.5487,24609.0,29330.0,Nyctalus leisleri,0.184,0.382,-1,Echolocation,/mnt/ubna_data_01_mir/recover-20220811/UBNA_009/20220809_053000.WAV,Foliage,recover-20220811,009,1795
352.7715,352.7879,25468.0,31125.0,Nyctalus leisleri,0.264,0.423,-1,Echolocation,/mnt/ubna_data_01_mir/recover-20220811/UBNA_009/20220809_053000.WAV,Foliage,recover-20220811,009,1795
352.91949999999997,352.9358,25468.0,30236.0,Nyctalus leisleri,0.33,0.472,-1,Echolocation,/mnt/ubna_data_01_mir/recover-20220811/UBNA_009/20220809_053000.WAV,Foliage,recover-20220811,009,1795
353.0605,353.0743,25468.0,31792.0,Nyctalus leisleri,0.326,0.505,-1,Echolocation,/mnt/ubna_data_01_mir/recover-20220811/UBNA_009/20220809_053000.WAV,Foliage,recover-20220811,009,1795
353.2165,353.2315,24609.0,29887.0,Nyctalus leisleri,0.481,0.612,-1,Echolocation,/mnt/ubna_data_01_mir/recover-20220811/UBNA_009/20220809_053000.WAV,Foliage,recover-20220811,009,1795
353.5225,353.5367,25468.0,31134.0,Nyctalus leisleri,0.249,0.405,-1,Echolocation,/mnt/ubna_data_01_mir/recover-20220811/UBNA_009/20220809_053000.WAV,Foliage,recover-20220811,009,1795
353.6745,353.6893,25468.0,30483.0,Nyctalus leisleri,0.386,0.498,-1,Echolocation,/mnt/ubna_data_01_mir/recover-20220811/UBNA_009/20220809_053000.WAV,Foliage,recover-20220811,009,1795
353.8225,353.8364,26328.0,32395.0,Nyctalus leisleri,0.223,0.437,-1,Echolocation,/mnt/ubna_data_01_mir/recover-20220811/UBNA_009/20220809_053000.WAV,Foliage,recover-20220811,009,1795
353.9815,353.995,26328.0,31829.0,Nyctalus leisleri,0.223,0.395,-1,Echolocation,/mnt/ubna_data_01_mir/recover-20220811/UBNA_009/20220809_053000.WAV,Foliage,recover-20220811,009,1795
354.1055,354.1178,26328.0,32269.0,Eptesicus serotinus,0.177,0.356,-1,Echolocation,/mnt/ubna_data_01_mir/recover-20220811/UBNA_009/20220809_053000.WAV,Foliage,recover-20220811,009,1795
354.6565,354.6689,26328.0,32570.0,Nyctalus leisleri,0.324,0.55,-1,Echolocation,/mnt/ubna_data_01_mir/recover-20220811/UBNA_009/20220809_053000.WAV,Foliage,recover-20220811,009,1795
354.7845,354.7993,24609.0,30707.0,Nyctalus leisleri,0.199,0.39,-1,Echolocation,/mnt/ubna_data_01_mir/recover-20220811/UBNA_009/20220809_053000.WAV,Foliage,recover-20220811,009,1795
354.9135,354.9278,25468.0,31457.0,Nyctalus leisleri,0.229,0.41,-1,Echolocation,/mnt/ubna_data_01_mir/recover-20220811/UBNA_009/20220809_053000.WAV,Foliage,recover-20220811,009,1795
355.8525,355.8701,26328.0,30098.0,Nyctalus leisleri,0.161,0.245,-1,Echolocation,/mnt/ubna_data_01_mir/recover-20220811/UBNA_009/20220809_053000.WAV,Foliage,recover-20220811,009,1795
355.9595,355.974,26328.0,30697.0,Nyctalus leisleri,0.164,0.263,-1,Echolocation,/mnt/ubna_data_01_mir/recover-20220811/UBNA_009/20220809_053000.WAV,Foliage,recover-20220811,009,1795
356.08050000000003,356.0956,26328.0,30639.0,Nyctalus leisleri,0.359,0.442,-1,Echolocation,/mnt/ubna_data_01_mir/recover-20220811/UBNA_009/20220809_053000.WAV,Foliage,recover-20220811,009,1795
356.2035,356.2174,25468.0,32295.0,Nyctalus leisleri,0.295,0.562,-1,Echolocation,/mnt/ubna_data_01_mir/recover-20220811/UBNA_009/20220809_053000.WAV,Foliage,recover-20220811,009,1795
356.4235,356.4363,25468.0,34504.0,Eptesicus serotinus,0.299,0.584,-1,Echolocation,/mnt/ubna_data_01_mir/recover-20220811/UBNA_009/20220809_053000.WAV,Foliage,recover-20220811,009,1795
356.5515,356.5657,25468.0,31409.0,Nyctalus leisleri,0.255,0.402,-1,Echolocation,/mnt/ubna_data_01_mir/recover-20220811/UBNA_009/20220809_053000.WAV,Foliage,recover-20220811,009,1795
356.7825,356.7996,24609.0,29206.0,Nyctalus leisleri,0.247,0.368,-1,Echolocation,/mnt/ubna_data_01_mir/recover-20220811/UBNA_009/20220809_053000.WAV,Foliage,recover-20220811,009,1795
356.9285,356.9432,25468.0,31207.0,Nyctalus leisleri,0.415,0.624,-1,Echolocation,/mnt/ubna_data_01_mir/recover-20220811/UBNA_009/20220809_053000.WAV,Foliage,recover-20220811,009,1795
357.0845,357.0992,25468.0,29299.0,Nyctalus leisleri,0.383,0.486,-1,Echolocation,/mnt/ubna_data_01_mir/recover-20220811/UBNA_009/20220809_053000.WAV,Foliage,recover-20220811,009,1795
357.3225,357.3389,24609.0,30925.0,Nyctalus leisleri,0.361,0.548,-1,Echolocation,/mnt/ubna_data_01_mir/recover-20220811/UBNA_009/20220809_053000.WAV,Foliage,recover-20220811,009,1795
357.4705,357.48720000000003,24609.0,28399.0,Nyctalus leisleri,0.393,0.491,-1,Echolocation,/mnt/ubna_data_01_mir/recover-20220811/UBNA_009/20220809_053000.WAV,Foliage,recover-20220811,009,1795
357.7165,357.7342,24609.0,31876.0,Nyctalus leisleri,0.196,0.42,-1,Echolocation,/mnt/ubna_data_01_mir/recover-20220811/UBNA_009/20220809_053000.WAV,Foliage,recover-20220811,009,1795
357.8775,357.895,24609.0,28285.0,Nyctalus leisleri,0.143,0.237,-1,Echolocation,/mnt/ubna_data_01_mir/recover-20220811/UBNA_009/20220809_053000.WAV,Foliage,recover-20220811,009,1795
358.0135,358.0274,25468.0,30298.0,Nyctalus leisleri,0.303,0.495,-1,Echolocation,/mnt/ubna_data_01_mir/recover-20220811/UBNA_009/20220809_053000.WAV,Foliage,recover-20220811,009,1795
358.3895,358.4064,24609.0,29263.0,Nyctalus leisleri,0.126,0.256,-1,Echolocation,/mnt/ubna_data_01_mir/recover-20220811/UBNA_009/20220809_053000.WAV,Foliage,recover-20220811,009,1795
358.6475,358.664,25468.0,30531.0,Nyctalus leisleri,0.111,0.23,-1,Echolocation,/mnt/ubna_data_01_mir/recover-20220811/UBNA_009/20220809_053000.WAV,Foliage,recover-20220811,009,1795
358.7795,358.7927,25468.0,30322.0,Nyctalus leisleri,0.338,0.534,-1,Echolocation,/mnt/ubna_data_01_mir/recover-20220811/UBNA_009/20220809_053000.WAV,Foliage,recover-20220811,009,1795
365.4745,365.4913,25468.0,30473.0,Nyctalus leisleri,0.269,0.364,-1,Echolocation,/mnt/ubna_data_01_mir/recover-20220811/UBNA_009/20220809_053000.WAV,Foliage,recover-20220811,009,1795
365.9655,365.9817,25468.0,33367.0,Nyctalus leisleri,0.267,0.482,-1,Echolocation,/mnt/ubna_data_01_mir/recover-20220811/UBNA_009/20220809_053000.WAV,Foliage,recover-20220811,009,1795
366.1995,366.2158,25468.0,30360.0,Nyctalus leisleri,0.376,0.492,-1,Echolocation,/mnt/ubna_data_01_mir/recover-20220811/UBNA_009/20220809_053000.WAV,Foliage,recover-20220811,009,1795
366.3445,366.3599,24609.0,28710.0,Nyctalus leisleri,0.288,0.383,-1,Echolocation,/mnt/ubna_data_01_mir/recover-20220811/UBNA_009/20220809_053000.WAV,Foliage,recover-20220811,009,1795
366.5735,366.5851,25468.0,33215.0,Nyctalus leisleri,0.338,0.622,-1,Echolocation,/mnt/ubna_data_01_mir/recover-20220811/UBNA_009/20220809_053000.WAV,Foliage,recover-20220811,009,1795
366.7215,366.7367,24609.0,33448.0,Eptesicus serotinus,0.302,0.547,-1,Echolocation,/mnt/ubna_data_01_mir/recover-20220811/UBNA_009/20220809_053000.WAV,Foliage,recover-20220811,009,1795
366.9485,366.9649,23750.0,28728.0,Nyctalus leisleri,0.332,0.467,-1,Echolocation,/mnt/ubna_data_01_mir/recover-20220811/UBNA_009/20220809_053000.WAV,Foliage,recover-20220811,009,1795
367.1705,367.1943,23750.0,28706.0,Nyctalus leisleri,0.172,0.316,-1,Echolocation,/mnt/ubna_data_01_mir/recover-20220811/UBNA_009/20220809_053000.WAV,Foliage,recover-20220811,009,1795
367.4055,367.4221,24609.0,29381.0,Nyctalus leisleri,0.437,0.534,-1,Echolocation,/mnt/ubna_data_01_mir/recover-20220811/UBNA_009/20220809_053000.WAV,Foliage,recover-20220811,009,1795
367.5485,367.5642,24609.0,29812.0,Nyctalus leisleri,0.293,0.452,-1,Echolocation,/mnt/ubna_data_01_mir/recover-20220811/UBNA_009/20220809_053000.WAV,Foliage,recover-20220811,009,1795
367.7825,367.7986,24609.0,28395.0,Nyctalus leisleri,0.481,0.559,-1,Echolocation,/mnt/ubna_data_01_mir/recover-20220811/UBNA_009/20220809_053000.WAV,Foliage,recover-20220811,009,1795
367.9215,367.9361,25468.0,30656.0,Nyctalus leisleri,0.388,0.528,-1,Echolocation,/mnt/ubna_data_01_mir/recover-20220811/UBNA_009/20220809_053000.WAV,Foliage,recover-20220811,009,1795
368.0615,368.0747,25468.0,29713.0,Nyctalus leisleri,0.291,0.448,-1,Echolocation,/mnt/ubna_data_01_mir/recover-20220811/UBNA_009/20220809_053000.WAV,Foliage,recover-20220811,009,1795
368.4645,368.4722,40078.0,46423.0,Pipistrellus nathusii,0.171,0.234,-1,Echolocation,/mnt/ubna_data_01_mir/recover-20220811/UBNA_009/20220809_053000.WAV,Foliage,recover-20220811,009,1795
368.8575,368.8764,24609.0,28280.0,Nyctalus leisleri,0.231,0.333,-1,Echolocation,/mnt/ubna_data_01_mir/recover-20220811/UBNA_009/20220809_053000.WAV,Foliage,recover-20220811,009,1795
368.9575,368.9669,39218.0,45152.0,Pipistrellus nathusii,0.286,0.366,-1,Echolocation,/mnt/ubna_data_01_mir/recover-20220811/UBNA_009/20220809_053000.WAV,Foliage,recover-20220811,009,1795
369.0535,369.0622,40078.0,46633.0,Pipistrellus nathusii,0.357,0.491,-1,Echolocation,/mnt/ubna_data_01_mir/recover-20220811/UBNA_009/20220809_053000.WAV,Foliage,recover-20220811,009,1795
370.3575,370.3714,25468.0,28983.0,Nyctalus leisleri,0.277,0.398,-1,Echolocation,/mnt/ubna_data_01_mir/recover-20220811/UBNA_009/20220809_053000.WAV,Foliage,recover-20220811,009,1795
370.4975,370.5172,24609.0,28188.0,Nyctalus leisleri,0.334,0.432,-1,Echolocation,/mnt/ubna_data_01_mir/recover-20220811/UBNA_009/20220809_053000.WAV,Foliage,recover-20220811,009,1795
370.6485,370.6652,24609.0,28619.0,Nyctalus leisleri,0.369,0.467,-1,Echolocation,/mnt/ubna_data_01_mir/recover-20220811/UBNA_009/20220809_053000.WAV,Foliage,recover-20220811,009,1795
370.8065,370.8205,25468.0,31044.0,Nyctalus leisleri,0.377,0.538,-1,Echolocation,/mnt/ubna_data_01_mir/recover-20220811/UBNA_009/20220809_053000.WAV,Foliage,recover-20220811,009,1795
371.0275,371.0426,24609.0,30063.0,Nyctalus leisleri,0.43,0.544,-1,Echolocation,/mnt/ubna_data_01_mir/recover-20220811/UBNA_009/20220809_053000.WAV,Foliage,recover-20220811,009,1795
371.1815,371.1966,24609.0,29145.0,Nyctalus leisleri,0.443,0.611,-1,Echolocation,/mnt/ubna_data_01_mir/recover-20220811/UBNA_009/20220809_053000.WAV,Foliage,recover-20220811,009,1795
371.4535,371.4701,25468.0,30872.0,Nyctalus leisleri,0.313,0.475,-1,Echolocation,/mnt/ubna_data_01_mir/recover-20220811/UBNA_009/20220809_053000.WAV,Foliage,recover-20220811,009,1795
371.6145,371.6272,25468.0,32443.0,Eptesicus serotinus,0.248,0.507,-1,Echolocation,/mnt/ubna_data_01_mir/recover-20220811/UBNA_009/20220809_053000.WAV,Foliage,recover-20220811,009,1795
371.7705,371.7851,24609.0,29782.0,Nyctalus leisleri,0.436,0.592,-1,Echolocation,/mnt/ubna_data_01_mir/recover-20220811/UBNA_009/20220809_053000.WAV,Foliage,recover-20220811,009,1795
371.9855,371.9988,25468.0,30414.0,Nyctalus leisleri,0.42,0.536,-1,Echolocation,/mnt/ubna_data_01_mir/recover-20220811/UBNA_009/20220809_053000.WAV,Foliage,recover-20220811,009,1795
372.1285,372.1423,25468.0,31563.0,Nyctalus leisleri,0.269,0.445,-1,Echolocation,/mnt/ubna_data_01_mir/recover-20220811/UBNA_009/20220809_053000.WAV,Foliage,recover-20220811,009,1795
372.2875,372.3026,25468.0,31082.0,Nyctalus leisleri,0.34,0.629,-1,Echolocation,/mnt/ubna_data_01_mir/recover-20220811/UBNA_009/20220809_053000.WAV,Foliage,recover-20220811,009,1795
372.5355,372.5512,24609.0,29695.0,Nyctalus leisleri,0.294,0.467,-1,Echolocation,/mnt/ubna_data_01_mir/recover-20220811/UBNA_009/20220809_053000.WAV,Foliage,recover-20220811,009,1795
372.79449999999997,372.8079,24609.0,31628.0,Nyctalus leisleri,0.333,0.557,-1,Echolocation,/mnt/ubna_data_01_mir/recover-20220811/UBNA_009/20220809_053000.WAV,Foliage,recover-20220811,009,1795
372.9495,372.965,24609.0,30691.0,Nyctalus leisleri,0.295,0.454,-1,Echolocation,/mnt/ubna_data_01_mir/recover-20220811/UBNA_009/20220809_053000.WAV,Foliage,recover-20220811,009,1795
373.1895,373.2032,24609.0,31371.0,Nyctalus leisleri,0.336,0.595,-1,Echolocation,/mnt/ubna_data_01_mir/recover-20220811/UBNA_009/20220809_053000.WAV,Foliage,recover-20220811,009,1795
373.4335,373.4479,24609.0,29698.0,Nyctalus leisleri,0.466,0.554,-1,Echolocation,/mnt/ubna_data_01_mir/recover-20220811/UBNA_009/20220809_053000.WAV,Foliage,recover-20220811,009,1795
373.5785,373.5934,25468.0,31602.0,Nyctalus leisleri,0.24,0.397,-1,Echolocation,/mnt/ubna_data_01_mir/recover-20220811/UBNA_009/20220809_053000.WAV,Foliage,recover-20220811,009,1795
373.7375,373.7533,25468.0,34333.0,Eptesicus serotinus,0.29,0.521,-1,Echolocation,/mnt/ubna_data_01_mir/recover-20220811/UBNA_009/20220809_053000.WAV,Foliage,recover-20220811,009,1795
373.9045,373.9187,25468.0,32061.0,Nyctalus leisleri,0.364,0.58,-1,Echolocation,/mnt/ubna_data_01_mir/recover-20220811/UBNA_009/20220809_053000.WAV,Foliage,recover-20220811,009,1795
374.0295,374.0476,23750.0,27460.0,Nyctalus leisleri,0.139,0.245,-1,Echolocation,/mnt/ubna_data_01_mir/recover-20220811/UBNA_009/20220809_053000.WAV,Foliage,recover-20220811,009,1795
374.0715,374.0876,26328.0,31700.0,Nyctalus leisleri,0.155,0.26,-1,Echolocation,/mnt/ubna_data_01_mir/recover-20220811/UBNA_009/20220809_053000.WAV,Foliage,recover-20220811,009,1795
374.2175,374.23199999999997,26328.0,31583.0,Nyctalus leisleri,0.219,0.394,-1,Echolocation,/mnt/ubna_data_01_mir/recover-20220811/UBNA_009/20220809_053000.WAV,Foliage,recover-20220811,009,1795
374.3445,374.3598,26328.0,31215.0,Nyctalus leisleri,0.102,0.21,-1,Echolocation,/mnt/ubna_data_01_mir/recover-20220811/UBNA_009/20220809_053000.WAV,Foliage,recover-20220811,009,1795
375.0245,375.0391,24609.0,30576.0,Nyctalus leisleri,0.43,0.595,-1,Echolocation,/mnt/ubna_data_01_mir/recover-20220811/UBNA_009/20220809_053000.WAV,Foliage,recover-20220811,009,1795
375.1575,375.1708,24609.0,30913.0,Nyctalus leisleri,0.263,0.558,-1,Echolocation,/mnt/ubna_data_01_mir/recover-20220811/UBNA_009/20220809_053000.WAV,Foliage,recover-20220811,009,1795
375.2825,375.2943,25468.0,30406.0,Nyctalus leisleri,0.29,0.504,-1,Echolocation,/mnt/ubna_data_01_mir/recover-20220811/UBNA_009/20220809_053000.WAV,Foliage,recover-20220811,009,1795
375.4095,375.4222,25468.0,32271.0,Nyctalus leisleri,0.34,0.607,-1,Echolocation,/mnt/ubna_data_01_mir/recover-20220811/UBNA_009/20220809_053000.WAV,Foliage,recover-20220811,009,1795
375.5395,375.552,24609.0,30005.0,Nyctalus leisleri,0.164,0.365,-1,Echolocation,/mnt/ubna_data_01_mir/recover-20220811/UBNA_009/20220809_053000.WAV,Foliage,recover-20220811,009,1795
375.6685,375.6814,25468.0,31559.0,Nyctalus leisleri,0.478,0.621,-1,Echolocation,/mnt/ubna_data_01_mir/recover-20220811/UBNA_009/20220809_053000.WAV,Foliage,recover-20220811,009,1795
375.8045,375.8153,25468.0,30926.0,Nyctalus leisleri,0.206,0.433,-1,Echolocation,/mnt/ubna_data_01_mir/recover-20220811/UBNA_009/20220809_053000.WAV,Foliage,recover-20220811,009,1795
375.9505,375.9656,24609.0,28851.0,Nyctalus leisleri,0.173,0.331,-1,Echolocation,/mnt/ubna_data_01_mir/recover-20220811/UBNA_009/20220809_053000.WAV,Foliage,recover-20220811,009,1795
376.9025,376.9164,24609.0,30332.0,Nyctalus leisleri,0.263,0.439,-1,Echolocation,/mnt/ubna_data_01_mir/recover-20220811/UBNA_009/20220809_053000.WAV,Foliage,recover-20220811,009,1795
377.2445,377.2585,25468.0,30379.0,Nyctalus leisleri,0.23,0.366,-1,Echolocation,/mnt/ubna_data_01_mir/recover-20220811/UBNA_009/20220809_053000.WAV,Foliage,recover-20220811,009,1795
378.6075,378.6252,25468.0,30172.0,Nyctalus leisleri,0.153,0.254,-1,Echolocation,/mnt/ubna_data_01_mir/recover-20220811/UBNA_009/20220809_053000.WAV,Foliage,recover-20220811,009,1795
378.7335,378.7501,26328.0,30878.0,Nyctalus leisleri,0.113,0.205,-1,Echolocation,/mnt/ubna_data_01_mir/recover-20220811/UBNA_009/20220809_053000.WAV,Foliage,recover-20220811,009,1795
378.97950000000003,378.9927,26328.0,32527.0,Nyctalus leisleri,0.326,0.52,-1,Echolocation,/mnt/ubna_data_01_mir/recover-20220811/UBNA_009/20220809_053000.WAV,Foliage,recover-20220811,009,1795
379.1115,379.1266,25468.0,30721.0,Nyctalus leisleri,0.252,0.381,-1,Echolocation,/mnt/ubna_data_01_mir/recover-20220811/UBNA_009/20220809_053000.WAV,Foliage,recover-20220811,009,1795
379.3455,379.3613,24609.0,32185.0,Nyctalus leisleri,0.297,0.524,-1,Echolocation,/mnt/ubna_data_01_mir/recover-20220811/UBNA_009/20220809_053000.WAV,Foliage,recover-20220811,009,1795
379.5005,379.5146,24609.0,31468.0,Nyctalus leisleri,0.305,0.559,-1,Echolocation,/mnt/ubna_data_01_mir/recover-20220811/UBNA_009/20220809_053000.WAV,Foliage,recover-20220811,009,1795
379.6345,379.6472,25468.0,30103.0,Nyctalus leisleri,0.132,0.253,-1,Echolocation,/mnt/ubna_data_01_mir/recover-20220811/UBNA_009/20220809_053000.WAV,Foliage,recover-20220811,009,1795
379.7625,379.7749,25468.0,32812.0,Nyctalus leisleri,0.383,0.572,-1,Echolocation,/mnt/ubna_data_01_mir/recover-20220811/UBNA_009/20220809_053000.WAV,Foliage,recover-20220811,009,1795
379.9045,379.9188,24609.0,29765.0,Nyctalus leisleri,0.469,0.623,-1,Echolocation,/mnt/ubna_data_01_mir/recover-20220811/UBNA_009/20220809_053000.WAV,Foliage,recover-20220811,009,1795
380.1525,380.1699,24609.0,32162.0,Nyctalus leisleri,0.266,0.557,-1,Echolocation,/mnt/ubna_data_01_mir/recover-20220811/UBNA_009/20220809_053000.WAV,Foliage,recover-20220811,009,1795
380.3005,380.312,24609.0,30254.0,Nyctalus leisleri,0.338,0.505,-1,Echolocation,/mnt/ubna_data_01_mir/recover-20220811/UBNA_009/20220809_053000.WAV,Foliage,recover-20220811,009,1795
380.5305,380.5465,24609.0,29977.0,Nyctalus leisleri,0.427,0.578,-1,Echolocation,/mnt/ubna_data_01_mir/recover-20220811/UBNA_009/20220809_053000.WAV,Foliage,recover-20220811,009,1795
380.6785,380.6929,25468.0,33542.0,Eptesicus serotinus,0.302,0.565,-1,Echolocation,/mnt/ubna_data_01_mir/recover-20220811/UBNA_009/20220809_053000.WAV,Foliage,recover-20220811,009,1795
380.8255,380.8448,25468.0,30553.0,Nyctalus leisleri,0.266,0.402,-1,Echolocation,/mnt/ubna_data_01_mir/recover-20220811/UBNA_009/20220809_053000.WAV,Foliage,recover-20220811,009,1795
381.0375,381.0537,23750.0,28550.0,Nyctalus leisleri,0.253,0.406,-1,Echolocation,/mnt/ubna_data_01_mir/recover-20220811/UBNA_009/20220809_053000.WAV,Foliage,recover-20220811,009,1795
381.2645,381.2795,25468.0,31506.0,Nyctalus leisleri,0.431,0.571,-1,Echolocation,/mnt/ubna_data_01_mir/recover-20220811/UBNA_009/20220809_053000.WAV,Foliage,recover-20220811,009,1795
381.5975,381.6133,25468.0,30445.0,Nyctalus leisleri,0.126,0.273,-1,Echolocation,/mnt/ubna_data_01_mir/recover-20220811/UBNA_009/20220809_053000.WAV,Foliage,recover-20220811,009,1795
381.6495,381.6658,24609.0,30058.0,Nyctalus leisleri,0.381,0.531,-1,Echolocation,/mnt/ubna_data_01_mir/recover-20220811/UBNA_009/20220809_053000.WAV,Foliage,recover-20220811,009,1795
381.7425,381.7617,25468.0,29567.0,Nyctalus leisleri,0.173,0.256,-1,Echolocation,/mnt/ubna_data_01_mir/recover-20220811/UBNA_009/20220809_053000.WAV,Foliage,recover-20220811,009,1795
381.7995,381.8134,24609.0,29049.0,Nyctalus leisleri,0.133,0.256,-1,Echolocation,/mnt/ubna_data_01_mir/recover-20220811/UBNA_009/20220809_053000.WAV,Foliage,recover-20220811,009,1795
382.0265,382.0425,24609.0,30179.0,Nyctalus leisleri,0.296,0.476,-1,Echolocation,/mnt/ubna_data_01_mir/recover-20220811/UBNA_009/20220809_053000.WAV,Foliage,recover-20220811,009,1795
384.8045,384.8194,26328.0,31204.0,Nyctalus leisleri,0.219,0.344,-1,Echolocation,/mnt/ubna_data_01_mir/recover-20220811/UBNA_009/20220809_053000.WAV,Foliage,recover-20220811,009,1795
385.1745,385.189,25468.0,32283.0,Nyctalus leisleri,0.291,0.457,-1,Echolocation,/mnt/ubna_data_01_mir/recover-20220811/UBNA_009/20220809_053000.WAV,Foliage,recover-20220811,009,1795
385.3105,385.3257,25468.0,29712.0,Nyctalus leisleri,0.229,0.341,-1,Echolocation,/mnt/ubna_data_01_mir/recover-20220811/UBNA_009/20220809_053000.WAV,Foliage,recover-20220811,009,1795
385.5455,385.56,25468.0,30846.0,Nyctalus leisleri,0.225,0.384,-1,Echolocation,/mnt/ubna_data_01_mir/recover-20220811/UBNA_009/20220809_053000.WAV,Foliage,recover-20220811,009,1795
385.9165,385.9315,25468.0,31004.0,Nyctalus leisleri,0.351,0.55,-1,Echolocation,/mnt/ubna_data_01_mir/recover-20220811/UBNA_009/20220809_053000.WAV,Foliage,recover-20220811,009,1795
386.0625,386.0766,24609.0,29141.0,Nyctalus leisleri,0.134,0.234,-1,Echolocation,/mnt/ubna_data_01_mir/recover-20220811/UBNA_009/20220809_053000.WAV,Foliage,recover-20220811,009,1795
386.2965,386.312,24609.0,31499.0,Nyctalus leisleri,0.281,0.562,-1,Echolocation,/mnt/ubna_data_01_mir/recover-20220811/UBNA_009/20220809_053000.WAV,Foliage,recover-20220811,009,1795
386.4465,386.4631,24609.0,28564.0,Nyctalus leisleri,0.362,0.467,-1,Echolocation,/mnt/ubna_data_01_mir/recover-20220811/UBNA_009/20220809_053000.WAV,Foliage,recover-20220811,009,1795
386.6845,386.7064,23750.0,28340.0,Nyctalus leisleri,0.25,0.372,-1,Echolocation,/mnt/ubna_data_01_mir/recover-20220811/UBNA_009/20220809_053000.WAV,Foliage,recover-20220811,009,1795
386.9285,386.9441,24609.0,29795.0,Nyctalus leisleri,0.535,0.645,-1,Echolocation,/mnt/ubna_data_01_mir/recover-20220811/UBNA_009/20220809_053000.WAV,Foliage,recover-20220811,009,1795
387.0795,387.0947,23750.0,28343.0,Nyctalus leisleri,0.416,0.562,-1,Echolocation,/mnt/ubna_data_01_mir/recover-20220811/UBNA_009/20220809_053000.WAV,Foliage,recover-20220811,009,1795
387.3185,387.3369,23750.0,28901.0,Nyctalus leisleri,0.285,0.443,-1,Echolocation,/mnt/ubna_data_01_mir/recover-20220811/UBNA_009/20220809_053000.WAV,Foliage,recover-20220811,009,1795
387.4615,387.4775,24609.0,30020.0,Nyctalus leisleri,0.323,0.487,-1,Echolocation,/mnt/ubna_data_01_mir/recover-20220811/UBNA_009/20220809_053000.WAV,Foliage,recover-20220811,009,1795
387.8375,387.8521,24609.0,29489.0,Nyctalus leisleri,0.358,0.532,-1,Echolocation,/mnt/ubna_data_01_mir/recover-20220811/UBNA_009/20220809_053000.WAV,Foliage,recover-20220811,009,1795
387.97950000000003,387.9991,24609.0,28641.0,Nyctalus leisleri,0.15,0.258,-1,Echolocation,/mnt/ubna_data_01_mir/recover-20220811/UBNA_009/20220809_053000.WAV,Foliage,recover-20220811,009,1795
388.2345,388.2552,24609.0,28416.0,Nyctalus leisleri,0.218,0.316,-1,Echolocation,/mnt/ubna_data_01_mir/recover-20220811/UBNA_009/20220809_053000.WAV,Foliage,recover-20220811,009,1795
388.3725,388.3896,25468.0,29326.0,Nyctalus leisleri,0.133,0.209,-1,Echolocation,/mnt/ubna_data_01_mir/recover-20220811/UBNA_009/20220809_053000.WAV,Foliage,recover-20220811,009,1795
389.8965,389.9153,25468.0,30692.0,Nyctalus leisleri,0.156,0.273,-1,Echolocation,/mnt/ubna_data_01_mir/recover-20220811/UBNA_009/20220809_053000.WAV,Foliage,recover-20220811,009,1795
390.0305,390.0479,26328.0,30150.0,Nyctalus leisleri,0.21,0.317,-1,Echolocation,/mnt/ubna_data_01_mir/recover-20220811/UBNA_009/20220809_053000.WAV,Foliage,recover-20220811,009,1795
390.1705,390.1845,25468.0,31832.0,Nyctalus leisleri,0.364,0.555,-1,Echolocation,/mnt/ubna_data_01_mir/recover-20220811/UBNA_009/20220809_053000.WAV,Foliage,recover-20220811,009,1795
390.4105,390.424,25468.0,32274.0,Nyctalus leisleri,0.411,0.554,-1,Echolocation,/mnt/ubna_data_01_mir/recover-20220811/UBNA_009/20220809_053000.WAV,Foliage,recover-20220811,009,1795
390.5565,390.5701,25468.0,32358.0,Nyctalus leisleri,0.354,0.617,-1,Echolocation,/mnt/ubna_data_01_mir/recover-20220811/UBNA_009/20220809_053000.WAV,Foliage,recover-20220811,009,1795
390.7005,390.7138,25468.0,33112.0,Nyctalus leisleri,0.211,0.437,-1,Echolocation,/mnt/ubna_data_01_mir/recover-20220811/UBNA_009/20220809_053000.WAV,Foliage,recover-20220811,009,1795
390.9235,390.9362,25468.0,31539.0,Nyctalus leisleri,0.244,0.503,-1,Echolocation,/mnt/ubna_data_01_mir/recover-20220811/UBNA_009/20220809_053000.WAV,Foliage,recover-20220811,009,1795
391.1665,391.1793,25468.0,33727.0,Eptesicus serotinus,0.385,0.549,-1,Echolocation,/mnt/ubna_data_01_mir/recover-20220811/UBNA_009/20220809_053000.WAV,Foliage,recover-20220811,009,1795
391.4185,391.4326,25468.0,33686.0,Eptesicus serotinus,0.282,0.539,-1,Echolocation,/mnt/ubna_data_01_mir/recover-20220811/UBNA_009/20220809_053000.WAV,Foliage,recover-20220811,009,1795
391.5725,391.5873,24609.0,32644.0,Eptesicus serotinus,0.285,0.571,-1,Echolocation,/mnt/ubna_data_01_mir/recover-20220811/UBNA_009/20220809_053000.WAV,Foliage,recover-20220811,009,1795
391.7495,391.7647,24609.0,30390.0,Nyctalus leisleri,0.363,0.557,-1,Echolocation,/mnt/ubna_data_01_mir/recover-20220811/UBNA_009/20220809_053000.WAV,Foliage,recover-20220811,009,1795
391.9355,391.9519,24609.0,30855.0,Nyctalus leisleri,0.308,0.535,-1,Echolocation,/mnt/ubna_data_01_mir/recover-20220811/UBNA_009/20220809_053000.WAV,Foliage,recover-20220811,009,1795
392.1225,392.1387,25468.0,33274.0,Eptesicus serotinus,0.221,0.448,-1,Echolocation,/mnt/ubna_data_01_mir/recover-20220811/UBNA_009/20220809_053000.WAV,Foliage,recover-20220811,009,1795
392.3395,392.3538,24609.0,31479.0,Nyctalus leisleri,0.281,0.503,-1,Echolocation,/mnt/ubna_data_01_mir/recover-20220811/UBNA_009/20220809_053000.WAV,Foliage,recover-20220811,009,1795
392.4665,392.4804,26328.0,32278.0,Nyctalus leisleri,0.223,0.397,-1,Echolocation,/mnt/ubna_data_01_mir/recover-20220811/UBNA_009/20220809_053000.WAV,Foliage,recover-20220811,009,1795
392.6055,392.6187,26328.0,32776.0,Eptesicus serotinus,0.219,0.453,-1,Echolocation,/mnt/ubna_data_01_mir/recover-20220811/UBNA_009/20220809_053000.WAV,Foliage,recover-20220811,009,1795
392.7375,392.7499,27187.0,33095.0,Eptesicus serotinus,0.137,0.249,-1,Echolocation,/mnt/ubna_data_01_mir/recover-20220811/UBNA_009/20220809_053000.WAV,Foliage,recover-20220811,009,1795
392.8595,392.8736,27187.0,32468.0,Nyctalus leisleri,0.102,0.201,-1,Echolocation,/mnt/ubna_data_01_mir/recover-20220811/UBNA_009/20220809_053000.WAV,Foliage,recover-20220811,009,1795
393.1695,393.1845,26328.0,30664.0,Nyctalus leisleri,0.184,0.278,-1,Echolocation,/mnt/ubna_data_01_mir/recover-20220811/UBNA_009/20220809_053000.WAV,Foliage,recover-20220811,009,1795
394.0855,394.1013,25468.0,30112.0,Nyctalus leisleri,0.191,0.327,-1,Echolocation,/mnt/ubna_data_01_mir/recover-20220811/UBNA_009/20220809_053000.WAV,Foliage,recover-20220811,009,1795
394.4545,394.4712,25468.0,29433.0,Nyctalus leisleri,0.273,0.393,-1,Echolocation,/mnt/ubna_data_01_mir/recover-20220811/UBNA_009/20220809_053000.WAV,Foliage,recover-20220811,009,1795
394.7295,394.7456,25468.0,31050.0,Nyctalus leisleri,0.21,0.366,-1,Echolocation,/mnt/ubna_data_01_mir/recover-20220811/UBNA_009/20220809_053000.WAV,Foliage,recover-20220811,009,1795
394.9715,394.9882,23750.0,28657.0,Nyctalus leisleri,0.189,0.35,-1,Echolocation,/mnt/ubna_data_01_mir/recover-20220811/UBNA_009/20220809_053000.WAV,Foliage,recover-20220811,009,1795
395.1075,395.121,24609.0,30989.0,Eptesicus serotinus,0.248,0.519,-1,Echolocation,/mnt/ubna_data_01_mir/recover-20220811/UBNA_009/20220809_053000.WAV,Foliage,recover-20220811,009,1795
395.3485,395.3678,23750.0,28179.0,Nyctalus leisleri,0.104,0.201,-1,Echolocation,/mnt/ubna_data_01_mir/recover-20220811/UBNA_009/20220809_053000.WAV,Foliage,recover-20220811,009,1795
395.4955,395.5134,24609.0,29336.0,Nyctalus leisleri,0.214,0.358,-1,Echolocation,/mnt/ubna_data_01_mir/recover-20220811/UBNA_009/20220809_053000.WAV,Foliage,recover-20220811,009,1795
395.9005,395.9181,24609.0,28342.0,Nyctalus leisleri,0.248,0.336,-1,Echolocation,/mnt/ubna_data_01_mir/recover-20220811/UBNA_009/20220809_053000.WAV,Foliage,recover-20220811,009,1795
396.0545,396.0751,23750.0,26912.0,Nyctalus leisleri,0.14,0.202,-1,Echolocation,/mnt/ubna_data_01_mir/recover-20220811/UBNA_009/20220809_053000.WAV,Foliage,recover-20220811,009,1795
396.3085,396.3318,24609.0,28786.0,Nyctalus leisleri,0.172,0.257,-1,Echolocation,/mnt/ubna_data_01_mir/recover-20220811/UBNA_009/20220809_053000.WAV,Foliage,recover-20220811,009,1795
400.3105,400.3237,24609.0,29086.0,Nyctalus leisleri,0.211,0.331,-1,Echolocation,/mnt/ubna_data_01_mir/recover-20220811/UBNA_009/20220809_053000.WAV,Foliage,recover-20220811,009,1795
400.7455,400.7666,24609.0,29036.0,Nyctalus leisleri,0.233,0.371,-1,Echolocation,/mnt/ubna_data_01_mir/recover-20220811/UBNA_009/20220809_053000.WAV,Foliage,recover-20220811,009,1795
401.0025,401.0226,24609.0,29190.0,Nyctalus leisleri,0.238,0.368,-1,Echolocation,/mnt/ubna_data_01_mir/recover-20220811/UBNA_009/20220809_053000.WAV,Foliage,recover-20220811,009,1795
401.1645,401.1814,24609.0,28641.0,Nyctalus leisleri,0.314,0.467,-1,Echolocation,/mnt/ubna_data_01_mir/recover-20220811/UBNA_009/20220809_053000.WAV,Foliage,recover-20220811,009,1795
401.4235,401.4408,24609.0,28363.0,Nyctalus leisleri,0.329,0.421,-1,Echolocation,/mnt/ubna_data_01_mir/recover-20220811/UBNA_009/20220809_053000.WAV,Foliage,recover-20220811,009,1795
401.5785,401.5943,24609.0,29731.0,Nyctalus leisleri,0.286,0.521,-1,Echolocation,/mnt/ubna_data_01_mir/recover-20220811/UBNA_009/20220809_053000.WAV,Foliage,recover-20220811,009,1795
401.8345,401.8512,24609.0,30551.0,Eptesicus serotinus,0.189,0.401,-1,Echolocation,/mnt/ubna_data_01_mir/recover-20220811/UBNA_009/20220809_053000.WAV,Foliage,recover-20220811,009,1795
402.1045,402.1198,23750.0,28503.0,Nyctalus leisleri,0.541,0.623,-1,Echolocation,/mnt/ubna_data_01_mir/recover-20220811/UBNA_009/20220809_053000.WAV,Foliage,recover-20220811,009,1795
402.3695,402.386,24609.0,28737.0,Nyctalus leisleri,0.49,0.586,-1,Echolocation,/mnt/ubna_data_01_mir/recover-20220811/UBNA_009/20220809_053000.WAV,Foliage,recover-20220811,009,1795
402.5275,402.5419,24609.0,29648.0,Nyctalus leisleri,0.319,0.46,-1,Echolocation,/mnt/ubna_data_01_mir/recover-20220811/UBNA_009/20220809_053000.WAV,Foliage,recover-20220811,009,1795
402.7805,402.796,24609.0,29979.0,Nyctalus leisleri,0.405,0.501,-1,Echolocation,/mnt/ubna_data_01_mir/recover-20220811/UBNA_009/20220809_053000.WAV,Foliage,recover-20220811,009,1795
402.9645,402.9828,24609.0,27522.0,Nyctalus leisleri,0.364,0.46,-1,Echolocation,/mnt/ubna_data_01_mir/recover-20220811/UBNA_009/20220809_053000.WAV,Foliage,recover-20220811,009,1795
403.2215,403.2373,24609.0,29253.0,Nyctalus leisleri,0.52,0.627,-1,Echolocation,/mnt/ubna_data_01_mir/recover-20220811/UBNA_009/20220809_053000.WAV,Foliage,recover-20220811,009,1795
403.4925,403.5107,23750.0,27920.0,Nyctalus leisleri,0.45,0.531,-1,Echolocation,/mnt/ubna_data_01_mir/recover-20220811/UBNA_009/20220809_053000.WAV,Foliage,recover-20220811,009,1795
403.7635,403.7799,23750.0,30063.0,Nyctalus leisleri,0.395,0.571,-1,Echolocation,/mnt/ubna_data_01_mir/recover-20220811/UBNA_009/20220809_053000.WAV,Foliage,recover-20220811,009,1795
404.0305,404.0509,23750.0,27950.0,Nyctalus leisleri,0.289,0.424,-1,Echolocation,/mnt/ubna_data_01_mir/recover-20220811/UBNA_009/20220809_053000.WAV,Foliage,recover-20220811,009,1795
404.2905,404.308,24609.0,29281.0,Nyctalus leisleri,0.349,0.522,-1,Echolocation,/mnt/ubna_data_01_mir/recover-20220811/UBNA_009/20220809_053000.WAV,Foliage,recover-20220811,009,1795
404.5605,404.5789,24609.0,29398.0,Nyctalus leisleri,0.262,0.375,-1,Echolocation,/mnt/ubna_data_01_mir/recover-20220811/UBNA_009/20220809_053000.WAV,Foliage,recover-20220811,009,1795
404.7265,404.7444,23750.0,28164.0,Nyctalus leisleri,0.246,0.364,-1,Echolocation,/mnt/ubna_data_01_mir/recover-20220811/UBNA_009/20220809_053000.WAV,Foliage,recover-20220811,009,1795
405.9415,405.9653,24609.0,28738.0,Nyctalus leisleri,0.134,0.238,-1,Echolocation,/mnt/ubna_data_01_mir/recover-20220811/UBNA_009/20220809_053000.WAV,Foliage,recover-20220811,009,1795
407.6925,407.7093,25468.0,29437.0,Nyctalus leisleri,0.165,0.255,-1,Echolocation,/mnt/ubna_data_01_mir/recover-20220811/UBNA_009/20220809_053000.WAV,Foliage,recover-20220811,009,1795
407.9385,407.9539,25468.0,29875.0,Nyctalus leisleri,0.241,0.332,-1,Echolocation,/mnt/ubna_data_01_mir/recover-20220811/UBNA_009/20220809_053000.WAV,Foliage,recover-20220811,009,1795
408.0755,408.0977,25468.0,29095.0,Nyctalus leisleri,0.163,0.235,-1,Echolocation,/mnt/ubna_data_01_mir/recover-20220811/UBNA_009/20220809_053000.WAV,Foliage,recover-20220811,009,1795
408.2125,408.2262,25468.0,31098.0,Nyctalus leisleri,0.395,0.518,-1,Echolocation,/mnt/ubna_data_01_mir/recover-20220811/UBNA_009/20220809_053000.WAV,Foliage,recover-20220811,009,1795
408.4715,408.4888,24609.0,28058.0,Nyctalus leisleri,0.345,0.429,-1,Echolocation,/mnt/ubna_data_01_mir/recover-20220811/UBNA_009/20220809_053000.WAV,Foliage,recover-20220811,009,1795
408.8465,408.8617,24609.0,29127.0,Nyctalus leisleri,0.553,0.619,-1,Echolocation,/mnt/ubna_data_01_mir/recover-20220811/UBNA_009/20220809_053000.WAV,Foliage,recover-20220811,009,1795
408.9955,409.0122,24609.0,30032.0,Nyctalus leisleri,0.164,0.318,-1,Echolocation,/mnt/ubna_data_01_mir/recover-20220811/UBNA_009/20220809_053000.WAV,Foliage,recover-20220811,009,1795
409.2445,409.2604,24609.0,30523.0,Nyctalus leisleri,0.32,0.531,-1,Echolocation,/mnt/ubna_data_01_mir/recover-20220811/UBNA_009/20220809_053000.WAV,Foliage,recover-20220811,009,1795
409.5065,409.5243,23750.0,28057.0,Nyctalus leisleri,0.265,0.396,-1,Echolocation,/mnt/ubna_data_01_mir/recover-20220811/UBNA_009/20220809_053000.WAV,Foliage,recover-20220811,009,1795
410.8905,410.9062,25468.0,29249.0,Nyctalus leisleri,0.202,0.304,-1,Echolocation,/mnt/ubna_data_01_mir/recover-20220811/UBNA_009/20220809_053000.WAV,Foliage,recover-20220811,009,1795
411.1505,411.1649,26328.0,30881.0,Nyctalus leisleri,0.254,0.389,-1,Echolocation,/mnt/ubna_data_01_mir/recover-20220811/UBNA_009/20220809_053000.WAV,Foliage,recover-20220811,009,1795
411.7775,411.7928,24609.0,31230.0,Nyctalus leisleri,0.31,0.522,-1,Echolocation,/mnt/ubna_data_01_mir/recover-20220811/UBNA_009/20220809_053000.WAV,Foliage,recover-20220811,009,1795
412.0335,412.0481,23750.0,28571.0,Nyctalus leisleri,0.437,0.57,-1,Echolocation,/mnt/ubna_data_01_mir/recover-20220811/UBNA_009/20220809_053000.WAV,Foliage,recover-20220811,009,1795
412.3025,412.3194,25468.0,29692.0,Nyctalus leisleri,0.123,0.232,-1,Echolocation,/mnt/ubna_data_01_mir/recover-20220811/UBNA_009/20220809_053000.WAV,Foliage,recover-20220811,009,1795
412.5605,412.5726,25468.0,31070.0,Nyctalus leisleri,0.244,0.467,-1,Echolocation,/mnt/ubna_data_01_mir/recover-20220811/UBNA_009/20220809_053000.WAV,Foliage,recover-20220811,009,1795
412.7425,412.7577,25468.0,32787.0,Eptesicus serotinus,0.267,0.561,-1,Echolocation,/mnt/ubna_data_01_mir/recover-20220811/UBNA_009/20220809_053000.WAV,Foliage,recover-20220811,009,1795
412.9225,412.9333,25468.0,32462.0,Eptesicus serotinus,0.224,0.404,-1,Echolocation,/mnt/ubna_data_01_mir/recover-20220811/UBNA_009/20220809_053000.WAV,Foliage,recover-20220811,009,1795
413.0305,413.0433,27187.0,31839.0,Eptesicus serotinus,0.122,0.247,-1,Echolocation,/mnt/ubna_data_01_mir/recover-20220811/UBNA_009/20220809_053000.WAV,Foliage,recover-20220811,009,1795
413.1935,413.2049,25468.0,30325.0,Eptesicus serotinus,0.108,0.231,-1,Echolocation,/mnt/ubna_data_01_mir/recover-20220811/UBNA_009/20220809_053000.WAV,Foliage,recover-20220811,009,1795
413.2885,413.2984,26328.0,34364.0,Eptesicus serotinus,0.306,0.457,-1,Echolocation,/mnt/ubna_data_01_mir/recover-20220811/UBNA_009/20220809_053000.WAV,Foliage,recover-20220811,009,1795
413.9365,413.9488,27187.0,32327.0,Nyctalus leisleri,0.141,0.302,-1,Echolocation,/mnt/ubna_data_01_mir/recover-20220811/UBNA_009/20220809_053000.WAV,Foliage,recover-20220811,009,1795
414.0725,414.0872,25468.0,29615.0,Nyctalus leisleri,0.111,0.203,-1,Echolocation,/mnt/ubna_data_01_mir/recover-20220811/UBNA_009/20220809_053000.WAV,Foliage,recover-20220811,009,1795
414.1985,414.2107,26328.0,31558.0,Nyctalus leisleri,0.24,0.441,-1,Echolocation,/mnt/ubna_data_01_mir/recover-20220811/UBNA_009/20220809_053000.WAV,Foliage,recover-20220811,009,1795
414.3255,414.3394,26328.0,30787.0,Nyctalus leisleri,0.212,0.311,-1,Echolocation,/mnt/ubna_data_01_mir/recover-20220811/UBNA_009/20220809_053000.WAV,Foliage,recover-20220811,009,1795
414.5895,414.6019,25468.0,31621.0,Nyctalus leisleri,0.274,0.418,-1,Echolocation,/mnt/ubna_data_01_mir/recover-20220811/UBNA_009/20220809_053000.WAV,Foliage,recover-20220811,009,1795
414.7305,414.7485,25468.0,30401.0,Nyctalus leisleri,0.245,0.392,-1,Echolocation,/mnt/ubna_data_01_mir/recover-20220811/UBNA_009/20220809_053000.WAV,Foliage,recover-20220811,009,1795
414.9745,414.992,25468.0,32041.0,Eptesicus serotinus,0.203,0.409,-1,Echolocation,/mnt/ubna_data_01_mir/recover-20220811/UBNA_009/20220809_053000.WAV,Foliage,recover-20220811,009,1795
415.3985,415.4143,25468.0,30601.0,Nyctalus leisleri,0.305,0.42,-1,Echolocation,/mnt/ubna_data_01_mir/recover-20220811/UBNA_009/20220809_053000.WAV,Foliage,recover-20220811,009,1795
415.5515,415.5703,24609.0,29193.0,Nyctalus leisleri,0.229,0.365,-1,Echolocation,/mnt/ubna_data_01_mir/recover-20220811/UBNA_009/20220809_053000.WAV,Foliage,recover-20220811,009,1795
415.6995,415.7137,25468.0,31407.0,Nyctalus leisleri,0.236,0.405,-1,Echolocation,/mnt/ubna_data_01_mir/recover-20220811/UBNA_009/20220809_053000.WAV,Foliage,recover-20220811,009,1795
415.95550000000003,415.9765,23750.0,28478.0,Nyctalus leisleri,0.262,0.381,-1,Echolocation,/mnt/ubna_data_01_mir/recover-20220811/UBNA_009/20220809_053000.WAV,Foliage,recover-20220811,009,1795
416.1215,416.1383,24609.0,28821.0,Nyctalus leisleri,0.386,0.523,-1,Echolocation,/mnt/ubna_data_01_mir/recover-20220811/UBNA_009/20220809_053000.WAV,Foliage,recover-20220811,009,1795
416.3025,416.3247,24609.0,28838.0,Nyctalus leisleri,0.189,0.265,-1,Echolocation,/mnt/ubna_data_01_mir/recover-20220811/UBNA_009/20220809_053000.WAV,Foliage,recover-20220811,009,1795
417.0795,417.1004,24609.0,28668.0,Nyctalus leisleri,0.25,0.351,-1,Echolocation,/mnt/ubna_data_01_mir/recover-20220811/UBNA_009/20220809_053000.WAV,Foliage,recover-20220811,009,1795
417.5095,417.5281,23750.0,27911.0,Nyctalus leisleri,0.291,0.383,-1,Echolocation,/mnt/ubna_data_01_mir/recover-20220811/UBNA_009/20220809_053000.WAV,Foliage,recover-20220811,009,1795
422.3325,422.3498,24609.0,28680.0,Nyctalus leisleri,0.11,0.203,-1,Echolocation,/mnt/ubna_data_01_mir/recover-20220811/UBNA_009/20220809_053000.WAV,Foliage,recover-20220811,009,1795
422.4925,422.5091,24609.0,28252.0,Nyctalus leisleri,0.412,0.5,-1,Echolocation,/mnt/ubna_data_01_mir/recover-20220811/UBNA_009/20220809_053000.WAV,Foliage,recover-20220811,009,1795
422.9625,422.9848,23750.0,28553.0,Nyctalus leisleri,0.15,0.267,-1,Echolocation,/mnt/ubna_data_01_mir/recover-20220811/UBNA_009/20220809_053000.WAV,Foliage,recover-20220811,009,1795
423.5275,423.5417,24609.0,30902.0,Nyctalus leisleri,0.404,0.592,-1,Echolocation,/mnt/ubna_data_01_mir/recover-20220811/UBNA_009/20220809_053000.WAV,Foliage,recover-20220811,009,1795
423.6875,423.7032,24609.0,30250.0,Nyctalus leisleri,0.358,0.514,-1,Echolocation,/mnt/ubna_data_01_mir/recover-20220811/UBNA_009/20220809_053000.WAV,Foliage,recover-20220811,009,1795
423.8475,423.8681,24609.0,29980.0,Nyctalus leisleri,0.154,0.281,-1,Echolocation,/mnt/ubna_data_01_mir/recover-20220811/UBNA_009/20220809_053000.WAV,Foliage,recover-20220811,009,1795
424.1185,424.1354,24609.0,28572.0,Nyctalus leisleri,0.248,0.337,-1,Echolocation,/mnt/ubna_data_01_mir/recover-20220811/UBNA_009/20220809_053000.WAV,Foliage,recover-20220811,009,1795
424.3745,424.3957,24609.0,28997.0,Nyctalus leisleri,0.196,0.315,-1,Echolocation,/mnt/ubna_data_01_mir/recover-20220811/UBNA_009/20220809_053000.WAV,Foliage,recover-20220811,009,1795
424.5185,424.5336,25468.0,30614.0,Nyctalus leisleri,0.184,0.329,-1,Echolocation,/mnt/ubna_data_01_mir/recover-20220811/UBNA_009/20220809_053000.WAV,Foliage,recover-20220811,009,1795
424.6625,424.6816,25468.0,30357.0,Nyctalus leisleri,0.125,0.227,-1,Echolocation,/mnt/ubna_data_01_mir/recover-20220811/UBNA_009/20220809_053000.WAV,Foliage,recover-20220811,009,1795
424.7995,424.8162,25468.0,30340.0,Nyctalus leisleri,0.179,0.282,-1,Echolocation,/mnt/ubna_data_01_mir/recover-20220811/UBNA_009/20220809_053000.WAV,Foliage,recover-20220811,009,1795
424.9205,424.9397,26328.0,30519.0,Nyctalus leisleri,0.184,0.29,-1,Echolocation,/mnt/ubna_data_01_mir/recover-20220811/UBNA_009/20220809_053000.WAV,Foliage,recover-20220811,009,1795
428.2165,428.2359,24609.0,28758.0,Nyctalus leisleri,0.161,0.257,-1,Echolocation,/mnt/ubna_data_01_mir/recover-20220811/UBNA_009/20220809_053000.WAV,Foliage,recover-20220811,009,1795
428.4805,428.505,24609.0,27591.0,Nyctalus leisleri,0.17,0.227,-1,Echolocation,/mnt/ubna_data_01_mir/recover-20220811/UBNA_009/20220809_053000.WAV,Foliage,recover-20220811,009,1795
428.6445,428.65840000000003,24609.0,30790.0,Nyctalus leisleri,0.304,0.551,-1,Echolocation,/mnt/ubna_data_01_mir/recover-20220811/UBNA_009/20220809_053000.WAV,Foliage,recover-20220811,009,1795
428.9275,428.9466,24609.0,28301.0,Nyctalus leisleri,0.309,0.382,-1,Echolocation,/mnt/ubna_data_01_mir/recover-20220811/UBNA_009/20220809_053000.WAV,Foliage,recover-20220811,009,1795
429.0875,429.1042,25468.0,30057.0,Nyctalus leisleri,0.323,0.426,-1,Echolocation,/mnt/ubna_data_01_mir/recover-20220811/UBNA_009/20220809_053000.WAV,Foliage,recover-20220811,009,1795
429.2495,429.2658,24609.0,29469.0,Nyctalus leisleri,0.28,0.453,-1,Echolocation,/mnt/ubna_data_01_mir/recover-20220811/UBNA_009/20220809_053000.WAV,Foliage,recover-20220811,009,1795
429.3965,429.4117,26328.0,31738.0,Nyctalus leisleri,0.172,0.328,-1,Echolocation,/mnt/ubna_data_01_mir/recover-20220811/UBNA_009/20220809_053000.WAV,Foliage,recover-20220811,009,1795
429.5395,429.5548,25468.0,29654.0,Nyctalus leisleri,0.143,0.246,-1,Echolocation,/mnt/ubna_data_01_mir/recover-20220811/UBNA_009/20220809_053000.WAV,Foliage,recover-20220811,009,1795
429.8095,429.8257,24609.0,28830.0,Nyctalus leisleri,0.289,0.406,-1,Echolocation,/mnt/ubna_data_01_mir/recover-20220811/UBNA_009/20220809_053000.WAV,Foliage,recover-20220811,009,1795
429.9675,429.983,25468.0,30312.0,Nyctalus leisleri,0.214,0.333,-1,Echolocation,/mnt/ubna_data_01_mir/recover-20220811/UBNA_009/20220809_053000.WAV,Foliage,recover-20220811,009,1795
430.1335,430.1486,25468.0,31917.0,Nyctalus leisleri,0.337,0.575,-1,Echolocation,/mnt/ubna_data_01_mir/recover-20220811/UBNA_009/20220809_053000.WAV,Foliage,recover-20220811,009,1795
430.3015,430.3145,25468.0,32564.0,Nyctalus leisleri,0.398,0.627,-1,Echolocation,/mnt/ubna_data_01_mir/recover-20220811/UBNA_009/20220809_053000.WAV,Foliage,recover-20220811,009,1795
430.4805,430.4954,25468.0,32252.0,Nyctalus leisleri,0.338,0.594,-1,Echolocation,/mnt/ubna_data_01_mir/recover-20220811/UBNA_009/20220809_053000.WAV,Foliage,recover-20220811,009,1795
430.6385,430.6517,26328.0,32388.0,Eptesicus serotinus,0.258,0.534,-1,Echolocation,/mnt/ubna_data_01_mir/recover-20220811/UBNA_009/20220809_053000.WAV,Foliage,recover-20220811,009,1795
430.7805,430.79449999999997,26328.0,31143.0,Nyctalus leisleri,0.299,0.44,-1,Echolocation,/mnt/ubna_data_01_mir/recover-20220811/UBNA_009/20220809_053000.WAV,Foliage,recover-20220811,009,1795
430.9005,430.9104,26328.0,32640.0,Eptesicus serotinus,0.202,0.404,-1,Echolocation,/mnt/ubna_data_01_mir/recover-20220811/UBNA_009/20220809_053000.WAV,Foliage,recover-20220811,009,1795
430.9885,431.0006,27187.0,32709.0,Nyctalus leisleri,0.164,0.295,-1,Echolocation,/mnt/ubna_data_01_mir/recover-20220811/UBNA_009/20220809_053000.WAV,Foliage,recover-20220811,009,1795
431.4995,431.5152,24609.0,31280.0,Nyctalus leisleri,0.265,0.473,-1,Echolocation,/mnt/ubna_data_01_mir/recover-20220811/UBNA_009/20220809_053000.WAV,Foliage,recover-20220811,009,1795
431.6345,431.6517,24609.0,29132.0,Nyctalus leisleri,0.4,0.523,-1,Echolocation,/mnt/ubna_data_01_mir/recover-20220811/UBNA_009/20220809_053000.WAV,Foliage,recover-20220811,009,1795
431.7775,431.7926,25468.0,32007.0,Nyctalus leisleri,0.179,0.341,-1,Echolocation,/mnt/ubna_data_01_mir/recover-20220811/UBNA_009/20220809_053000.WAV,Foliage,recover-20220811,009,1795
431.9215,431.9397,24609.0,28548.0,Nyctalus leisleri,0.267,0.363,-1,Echolocation,/mnt/ubna_data_01_mir/recover-20220811/UBNA_009/20220809_053000.WAV,Foliage,recover-20220811,009,1795
432.0605,432.0768,23750.0,27970.0,Nyctalus leisleri,0.131,0.236,-1,Echolocation,/mnt/ubna_data_01_mir/recover-20220811/UBNA_009/20220809_053000.WAV,Foliage,recover-20220811,009,1795
432.2785,432.2963,23750.0,28148.0,Nyctalus leisleri,0.418,0.481,-1,Echolocation,/mnt/ubna_data_01_mir/recover-20220811/UBNA_009/20220809_053000.WAV,Foliage,recover-20220811,009,1795
432.4255,432.4469,24609.0,27976.0,Nyctalus leisleri,0.137,0.221,-1,Echolocation,/mnt/ubna_data_01_mir/recover-20220811/UBNA_009/20220809_053000.WAV,Foliage,recover-20220811,009,1795
432.6725,432.6862,24609.0,29320.0,Nyctalus leisleri,0.443,0.595,-1,Echolocation,/mnt/ubna_data_01_mir/recover-20220811/UBNA_009/20220809_053000.WAV,Foliage,recover-20220811,009,1795
432.8415,432.8613,25468.0,28534.0,Nyctalus leisleri,0.33,0.386,-1,Echolocation,/mnt/ubna_data_01_mir/recover-20220811/UBNA_009/20220809_053000.WAV,Foliage,recover-20220811,009,1795
433.0385,433.0594,24609.0,29366.0,Nyctalus leisleri,0.284,0.393,-1,Echolocation,/mnt/ubna_data_01_mir/recover-20220811/UBNA_009/20220809_053000.WAV,Foliage,recover-20220811,009,1795
433.2065,433.2264,25468.0,30095.0,Nyctalus leisleri,0.169,0.255,-1,Echolocation,/mnt/ubna_data_01_mir/recover-20220811/UBNA_009/20220809_053000.WAV,Foliage,recover-20220811,009,1795
433.3625,433.3812,25468.0,30186.0,Nyctalus leisleri,0.12,0.209,-1,Echolocation,/mnt/ubna_data_01_mir/recover-20220811/UBNA_009/20220809_053000.WAV,Foliage,recover-20220811,009,1795
435.2695,435.2873,26328.0,30832.0,Nyctalus leisleri,0.148,0.245,-1,Echolocation,/mnt/ubna_data_01_mir/recover-20220811/UBNA_009/20220809_053000.WAV,Foliage,recover-20220811,009,1795
435.5405,435.5579,27187.0,32487.0,Nyctalus leisleri,0.2,0.393,-1,Echolocation,/mnt/ubna_data_01_mir/recover-20220811/UBNA_009/20220809_053000.WAV,Foliage,recover-20220811,009,1795
435.6825,435.6996,25468.0,30142.0,Nyctalus leisleri,0.144,0.246,-1,Echolocation,/mnt/ubna_data_01_mir/recover-20220811/UBNA_009/20220809_053000.WAV,Foliage,recover-20220811,009,1795
435.8215,435.8377,25468.0,30623.0,Nyctalus leisleri,0.163,0.288,-1,Echolocation,/mnt/ubna_data_01_mir/recover-20220811/UBNA_009/20220809_053000.WAV,Foliage,recover-20220811,009,1795
436.0455,436.0597,25468.0,31565.0,Nyctalus leisleri,0.31,0.483,-1,Echolocation,/mnt/ubna_data_01_mir/recover-20220811/UBNA_009/20220809_053000.WAV,Foliage,recover-20220811,009,1795
436.1965,436.2183,24609.0,28827.0,Nyctalus leisleri,0.197,0.312,-1,Echolocation,/mnt/ubna_data_01_mir/recover-20220811/UBNA_009/20220809_053000.WAV,Foliage,recover-20220811,009,1795
436.4205,436.4394,24609.0,28951.0,Nyctalus leisleri,0.319,0.437,-1,Echolocation,/mnt/ubna_data_01_mir/recover-20220811/UBNA_009/20220809_053000.WAV,Foliage,recover-20220811,009,1795
436.6215,436.635,24609.0,31044.0,Nyctalus leisleri,0.456,0.631,-1,Echolocation,/mnt/ubna_data_01_mir/recover-20220811/UBNA_009/20220809_053000.WAV,Foliage,recover-20220811,009,1795
436.8165,436.8298,25468.0,30945.0,Nyctalus leisleri,0.238,0.405,-1,Echolocation,/mnt/ubna_data_01_mir/recover-20220811/UBNA_009/20220809_053000.WAV,Foliage,recover-20220811,009,1795
436.9415,436.9546,25468.0,33737.0,Eptesicus serotinus,0.298,0.565,-1,Echolocation,/mnt/ubna_data_01_mir/recover-20220811/UBNA_009/20220809_053000.WAV,Foliage,recover-20220811,009,1795
437.0735,437.0874,25468.0,30878.0,Nyctalus leisleri,0.155,0.32,-1,Echolocation,/mnt/ubna_data_01_mir/recover-20220811/UBNA_009/20220809_053000.WAV,Foliage,recover-20220811,009,1795
437.2865,437.3012,25468.0,33533.0,Nyctalus leisleri,0.267,0.553,-1,Echolocation,/mnt/ubna_data_01_mir/recover-20220811/UBNA_009/20220809_053000.WAV,Foliage,recover-20220811,009,1795
437.6295,437.645,24609.0,30217.0,Nyctalus leisleri,0.431,0.587,-1,Echolocation,/mnt/ubna_data_01_mir/recover-20220811/UBNA_009/20220809_053000.WAV,Foliage,recover-20220811,009,1795
437.8595,437.8855,23750.0,28178.0,Nyctalus leisleri,0.131,0.242,-1,Echolocation,/mnt/ubna_data_01_mir/recover-20220811/UBNA_009/20220809_053000.WAV,Foliage,recover-20220811,009,1795
438.0085,438.0247,24609.0,29192.0,Nyctalus leisleri,0.288,0.404,-1,Echolocation,/mnt/ubna_data_01_mir/recover-20220811/UBNA_009/20220809_053000.WAV,Foliage,recover-20220811,009,1795
438.1755,438.1919,25468.0,30579.0,Nyctalus leisleri,0.256,0.476,-1,Echolocation,/mnt/ubna_data_01_mir/recover-20220811/UBNA_009/20220809_053000.WAV,Foliage,recover-20220811,009,1795
438.3365,438.3507,25468.0,32628.0,Nyctalus leisleri,0.309,0.607,-1,Echolocation,/mnt/ubna_data_01_mir/recover-20220811/UBNA_009/20220809_053000.WAV,Foliage,recover-20220811,009,1795
438.5495,438.5665,24609.0,28911.0,Nyctalus leisleri,0.26,0.384,-1,Echolocation,/mnt/ubna_data_01_mir/recover-20220811/UBNA_009/20220809_053000.WAV,Foliage,recover-20220811,009,1795
439.7215,439.7352,25468.0,30101.0,Nyctalus leisleri,0.365,0.5,-1,Echolocation,/mnt/ubna_data_01_mir/recover-20220811/UBNA_009/20220809_053000.WAV,Foliage,recover-20220811,009,1795
439.8525,439.8685,25468.0,30355.0,Nyctalus leisleri,0.385,0.491,-1,Echolocation,/mnt/ubna_data_01_mir/recover-20220811/UBNA_009/20220809_053000.WAV,Foliage,recover-20220811,009,1795
440.1165,440.1292,26328.0,33117.0,Eptesicus serotinus,0.253,0.539,-1,Echolocation,/mnt/ubna_data_01_mir/recover-20220811/UBNA_009/20220809_053000.WAV,Foliage,recover-20220811,009,1795
440.3615,440.3769,24609.0,28890.0,Nyctalus leisleri,0.406,0.525,-1,Echolocation,/mnt/ubna_data_01_mir/recover-20220811/UBNA_009/20220809_053000.WAV,Foliage,recover-20220811,009,1795
440.5065,440.5222,24609.0,32066.0,Nyctalus leisleri,0.306,0.58,-1,Echolocation,/mnt/ubna_data_01_mir/recover-20220811/UBNA_009/20220809_053000.WAV,Foliage,recover-20220811,009,1795
440.6605,440.6755,26328.0,32245.0,Nyctalus leisleri,0.271,0.398,-1,Echolocation,/mnt/ubna_data_01_mir/recover-20220811/UBNA_009/20220809_053000.WAV,Foliage,recover-20220811,009,1795
440.7925,440.8053,26328.0,33158.0,Nyctalus leisleri,0.299,0.475,-1,Echolocation,/mnt/ubna_data_01_mir/recover-20220811/UBNA_009/20220809_053000.WAV,Foliage,recover-20220811,009,1795
440.9275,440.9381,26328.0,32791.0,Nyctalus leisleri,0.201,0.407,-1,Echolocation,/mnt/ubna_data_01_mir/recover-20220811/UBNA_009/20220809_053000.WAV,Foliage,recover-20220811,009,1795
441.0645,441.074,26328.0,34101.0,Eptesicus serotinus,0.246,0.467,-1,Echolocation,/mnt/ubna_data_01_mir/recover-20220811/UBNA_009/20220809_053000.WAV,Foliage,recover-20220811,009,1795
441.1815,441.19,27187.0,35566.0,Eptesicus serotinus,0.295,0.573,-1,Echolocation,/mnt/ubna_data_01_mir/recover-20220811/UBNA_009/20220809_053000.WAV,Foliage,recover-20220811,009,1795
441.2655,441.274,27187.0,35347.0,Eptesicus serotinus,0.25,0.377,-1,Echolocation,/mnt/ubna_data_01_mir/recover-20220811/UBNA_009/20220809_053000.WAV,Foliage,recover-20220811,009,1795
441.6685,441.6802,27187.0,33093.0,Nyctalus leisleri,0.261,0.436,-1,Echolocation,/mnt/ubna_data_01_mir/recover-20220811/UBNA_009/20220809_053000.WAV,Foliage,recover-20220811,009,1795
441.7845,441.7967,27187.0,34260.0,Eptesicus serotinus,0.252,0.509,-1,Echolocation,/mnt/ubna_data_01_mir/recover-20220811/UBNA_009/20220809_053000.WAV,Foliage,recover-20220811,009,1795
442.2175,442.23,26328.0,34412.0,Nyctalus leisleri,0.282,0.56,-1,Echolocation,/mnt/ubna_data_01_mir/recover-20220811/UBNA_009/20220809_053000.WAV,Foliage,recover-20220811,009,1795
442.3465,442.3605,26328.0,31411.0,Nyctalus leisleri,0.305,0.429,-1,Echolocation,/mnt/ubna_data_01_mir/recover-20220811/UBNA_009/20220809_053000.WAV,Foliage,recover-20220811,009,1795
442.5755,442.5902,25468.0,35207.0,Eptesicus serotinus,0.341,0.538,-1,Echolocation,/mnt/ubna_data_01_mir/recover-20220811/UBNA_009/20220809_053000.WAV,Foliage,recover-20220811,009,1795
442.7155,442.7354,25468.0,29616.0,Nyctalus leisleri,0.17,0.255,-1,Echolocation,/mnt/ubna_data_01_mir/recover-20220811/UBNA_009/20220809_053000.WAV,Foliage,recover-20220811,009,1795
442.9495,442.9697,24609.0,28277.0,Nyctalus leisleri,0.335,0.388,-1,Echolocation,/mnt/ubna_data_01_mir/recover-20220811/UBNA_009/20220809_053000.WAV,Foliage,recover-20220811,009,1795
443.0955,443.1158,23750.0,27347.0,Nyctalus leisleri,0.287,0.373,-1,Echolocation,/mnt/ubna_data_01_mir/recover-20220811/UBNA_009/20220809_053000.WAV,Foliage,recover-20220811,009,1795
443.3265,443.3455,24609.0,29065.0,Nyctalus leisleri,0.297,0.417,-1,Echolocation,/mnt/ubna_data_01_mir/recover-20220811/UBNA_009/20220809_053000.WAV,Foliage,recover-20220811,009,1795
443.4785,443.4996,24609.0,28160.0,Nyctalus leisleri,0.166,0.241,-1,Echolocation,/mnt/ubna_data_01_mir/recover-20220811/UBNA_009/20220809_053000.WAV,Foliage,recover-20220811,009,1795
443.7165,443.7338,24609.0,28260.0,Nyctalus leisleri,0.362,0.44,-1,Echolocation,/mnt/ubna_data_01_mir/recover-20220811/UBNA_009/20220809_053000.WAV,Foliage,recover-20220811,009,1795
443.8755,443.8981,24609.0,28519.0,Nyctalus leisleri,0.264,0.358,-1,Echolocation,/mnt/ubna_data_01_mir/recover-20220811/UBNA_009/20220809_053000.WAV,Foliage,recover-20220811,009,1795
444.6605,444.6819,23750.0,28761.0,Nyctalus leisleri,0.236,0.381,-1,Echolocation,/mnt/ubna_data_01_mir/recover-20220811/UBNA_009/20220809_053000.WAV,Foliage,recover-20220811,009,1795
445.0535,445.0771,23750.0,28161.0,Nyctalus leisleri,0.18,0.29,-1,Echolocation,/mnt/ubna_data_01_mir/recover-20220811/UBNA_009/20220809_053000.WAV,Foliage,recover-20220811,009,1795
448.1265,448.1472,24609.0,28932.0,Nyctalus leisleri,0.324,0.443,-1,Echolocation,/mnt/ubna_data_01_mir/recover-20220811/UBNA_009/20220809_053000.WAV,Foliage,recover-20220811,009,1795
448.2595,448.2783,25468.0,30141.0,Nyctalus leisleri,0.24,0.383,-1,Echolocation,/mnt/ubna_data_01_mir/recover-20220811/UBNA_009/20220809_053000.WAV,Foliage,recover-20220811,009,1795
448.5155,448.53,24609.0,29315.0,Nyctalus leisleri,0.269,0.426,-1,Echolocation,/mnt/ubna_data_01_mir/recover-20220811/UBNA_009/20220809_053000.WAV,Foliage,recover-20220811,009,1795
448.6555,448.6715,24609.0,31692.0,Nyctalus leisleri,0.269,0.509,-1,Echolocation,/mnt/ubna_data_01_mir/recover-20220811/UBNA_009/20220809_053000.WAV,Foliage,recover-20220811,009,1795
448.9035,448.9208,24609.0,31680.0,Nyctalus leisleri,0.267,0.535,-1,Echolocation,/mnt/ubna_data_01_mir/recover-20220811/UBNA_009/20220809_053000.WAV,Foliage,recover-20220811,009,1795
449.0635,449.08050000000003,24609.0,30005.0,Nyctalus leisleri,0.342,0.507,-1,Echolocation,/mnt/ubna_data_01_mir/recover-20220811/UBNA_009/20220809_053000.WAV,Foliage,recover-20220811,009,1795
449.3125,449.331,26328.0,30875.0,Nyctalus leisleri,0.174,0.262,-1,Echolocation,/mnt/ubna_data_01_mir/recover-20220811/UBNA_009/20220809_053000.WAV,Foliage,recover-20220811,009,1795
450.2055,450.2196,24609.0,30633.0,Nyctalus leisleri,0.407,0.576,-1,Echolocation,/mnt/ubna_data_01_mir/recover-20220811/UBNA_009/20220809_053000.WAV,Foliage,recover-20220811,009,1795
450.3455,450.3623,24609.0,28671.0,Nyctalus leisleri,0.152,0.264,-1,Echolocation,/mnt/ubna_data_01_mir/recover-20220811/UBNA_009/20220809_053000.WAV,Foliage,recover-20220811,009,1795
455.1585,455.1698,26328.0,32725.0,Eptesicus serotinus,0.25,0.493,-1,Echolocation,/mnt/ubna_data_01_mir/recover-20220811/UBNA_009/20220809_053000.WAV,Foliage,recover-20220811,009,1795
455.6125,455.6275,27187.0,31194.0,Nyctalus leisleri,0.138,0.21,-1,Echolocation,/mnt/ubna_data_01_mir/recover-20220811/UBNA_009/20220809_053000.WAV,Foliage,recover-20220811,009,1795
456.2415,456.2565,26328.0,31298.0,Nyctalus leisleri,0.206,0.335,-1,Echolocation,/mnt/ubna_data_01_mir/recover-20220811/UBNA_009/20220809_053000.WAV,Foliage,recover-20220811,009,1795
456.3505,456.3639,26328.0,31142.0,Nyctalus leisleri,0.139,0.248,-1,Echolocation,/mnt/ubna_data_01_mir/recover-20220811/UBNA_009/20220809_053000.WAV,Foliage,recover-20220811,009,1795
456.4705,456.4852,25468.0,31581.0,Nyctalus leisleri,0.196,0.369,-1,Echolocation,/mnt/ubna_data_01_mir/recover-20220811/UBNA_009/20220809_053000.WAV,Foliage,recover-20220811,009,1795
456.5895,456.6047,26328.0,30500.0,Nyctalus leisleri,0.151,0.255,-1,Echolocation,/mnt/ubna_data_01_mir/recover-20220811/UBNA_009/20220809_053000.WAV,Foliage,recover-20220811,009,1795
456.7175,456.7358,27187.0,31348.0,Nyctalus leisleri,0.14,0.241,-1,Echolocation,/mnt/ubna_data_01_mir/recover-20220811/UBNA_009/20220809_053000.WAV,Foliage,recover-20220811,009,1795
457.0945,457.1098,26328.0,30272.0,Nyctalus leisleri,0.221,0.319,-1,Echolocation,/mnt/ubna_data_01_mir/recover-20220811/UBNA_009/20220809_053000.WAV,Foliage,recover-20220811,009,1795
458.1295,458.1436,25468.0,30067.0,Nyctalus leisleri,0.116,0.232,-1,Echolocation,/mnt/ubna_data_01_mir/recover-20220811/UBNA_009/20220809_053000.WAV,Foliage,recover-20220811,009,1795
458.2515,458.2707,25468.0,28512.0,Nyctalus leisleri,0.257,0.338,-1,Echolocation,/mnt/ubna_data_01_mir/recover-20220811/UBNA_009/20220809_053000.WAV,Foliage,recover-20220811,009,1795
458.4655,458.4792,24609.0,29495.0,Nyctalus leisleri,0.397,0.552,-1,Echolocation,/mnt/ubna_data_01_mir/recover-20220811/UBNA_009/20220809_053000.WAV,Foliage,recover-20220811,009,1795
458.6635,458.6789,25468.0,30104.0,Nyctalus leisleri,0.267,0.382,-1,Echolocation,/mnt/ubna_data_01_mir/recover-20220811/UBNA_009/20220809_053000.WAV,Foliage,recover-20220811,009,1795
458.8525,458.8676,23750.0,30791.0,Nyctalus leisleri,0.275,0.578,-1,Echolocation,/mnt/ubna_data_01_mir/recover-20220811/UBNA_009/20220809_053000.WAV,Foliage,recover-20220811,009,1795
459.0555,459.0708,24609.0,29873.0,Nyctalus leisleri,0.298,0.456,-1,Echolocation,/mnt/ubna_data_01_mir/recover-20220811/UBNA_009/20220809_053000.WAV,Foliage,recover-20220811,009,1795
459.2575,459.27570000000003,24609.0,29426.0,Nyctalus leisleri,0.262,0.42,-1,Echolocation,/mnt/ubna_data_01_mir/recover-20220811/UBNA_009/20220809_053000.WAV,Foliage,recover-20220811,009,1795
459.4585,459.4758,24609.0,30431.0,Nyctalus leisleri,0.273,0.467,-1,Echolocation,/mnt/ubna_data_01_mir/recover-20220811/UBNA_009/20220809_053000.WAV,Foliage,recover-20220811,009,1795
459.6675,459.6841,24609.0,30556.0,Nyctalus leisleri,0.33,0.499,-1,Echolocation,/mnt/ubna_data_01_mir/recover-20220811/UBNA_009/20220809_053000.WAV,Foliage,recover-20220811,009,1795
459.8255,459.8391,26328.0,32649.0,Nyctalus leisleri,0.21,0.443,-1,Echolocation,/mnt/ubna_data_01_mir/recover-20220811/UBNA_009/20220809_053000.WAV,Foliage,recover-20220811,009,1795
459.9805,459.9941,26328.0,34298.0,Nyctalus leisleri,0.256,0.539,-1,Echolocation,/mnt/ubna_data_01_mir/recover-20220811/UBNA_009/20220809_053000.WAV,Foliage,recover-20220811,009,1795
460.1545,460.1659,26328.0,33281.0,Eptesicus serotinus,0.23,0.466,-1,Echolocation,/mnt/ubna_data_01_mir/recover-20220811/UBNA_009/20220809_053000.WAV,Foliage,recover-20220811,009,1795
460.2725,460.2837,26328.0,32997.0,Eptesicus serotinus,0.186,0.336,-1,Echolocation,/mnt/ubna_data_01_mir/recover-20220811/UBNA_009/20220809_053000.WAV,Foliage,recover-20220811,009,1795
460.7365,460.7491,25468.0,33646.0,Eptesicus serotinus,0.288,0.44,-1,Echolocation,/mnt/ubna_data_01_mir/recover-20220811/UBNA_009/20220809_053000.WAV,Foliage,recover-20220811,009,1795
460.8515,460.8638,26328.0,33176.0,Eptesicus serotinus,0.22,0.474,-1,Echolocation,/mnt/ubna_data_01_mir/recover-20220811/UBNA_009/20220809_053000.WAV,Foliage,recover-20220811,009,1795
461.0715,461.0854,26328.0,32928.0,Eptesicus serotinus,0.2,0.422,-1,Echolocation,/mnt/ubna_data_01_mir/recover-20220811/UBNA_009/20220809_053000.WAV,Foliage,recover-20220811,009,1795
461.4275,461.4425,26328.0,31020.0,Nyctalus leisleri,0.204,0.318,-1,Echolocation,/mnt/ubna_data_01_mir/recover-20220811/UBNA_009/20220809_053000.WAV,Foliage,recover-20220811,009,1795
461.9105,461.923,25468.0,30952.0,Nyctalus leisleri,0.195,0.405,-1,Echolocation,/mnt/ubna_data_01_mir/recover-20220811/UBNA_009/20220809_053000.WAV,Foliage,recover-20220811,009,1795
462.0375,462.0504,26328.0,32090.0,Eptesicus serotinus,0.15,0.337,-1,Echolocation,/mnt/ubna_data_01_mir/recover-20220811/UBNA_009/20220809_053000.WAV,Foliage,recover-20220811,009,1795
462.4085,462.4216,25468.0,33275.0,Eptesicus serotinus,0.285,0.456,-1,Echolocation,/mnt/ubna_data_01_mir/recover-20220811/UBNA_009/20220809_053000.WAV,Foliage,recover-20220811,009,1795
462.7975,462.8122,25468.0,30318.0,Nyctalus leisleri,0.227,0.371,-1,Echolocation,/mnt/ubna_data_01_mir/recover-20220811/UBNA_009/20220809_053000.WAV,Foliage,recover-20220811,009,1795
463.0855,463.0989,25468.0,31720.0,Nyctalus leisleri,0.244,0.454,-1,Echolocation,/mnt/ubna_data_01_mir/recover-20220811/UBNA_009/20220809_053000.WAV,Foliage,recover-20220811,009,1795
463.2365,463.2533,25468.0,29482.0,Nyctalus leisleri,0.276,0.385,-1,Echolocation,/mnt/ubna_data_01_mir/recover-20220811/UBNA_009/20220809_053000.WAV,Foliage,recover-20220811,009,1795
463.4945,463.5122,24609.0,30007.0,Nyctalus leisleri,0.26,0.402,-1,Echolocation,/mnt/ubna_data_01_mir/recover-20220811/UBNA_009/20220809_053000.WAV,Foliage,recover-20220811,009,1795
463.6505,463.6704,23750.0,28562.0,Nyctalus leisleri,0.166,0.31,-1,Echolocation,/mnt/ubna_data_01_mir/recover-20220811/UBNA_009/20220809_053000.WAV,Foliage,recover-20220811,009,1795
464.6045,464.6189,24609.0,29298.0,Nyctalus leisleri,0.19,0.308,-1,Echolocation,/mnt/ubna_data_01_mir/recover-20220811/UBNA_009/20220809_053000.WAV,Foliage,recover-20220811,009,1795
464.7255,464.745,26328.0,30142.0,Nyctalus leisleri,0.218,0.341,-1,Echolocation,/mnt/ubna_data_01_mir/recover-20220811/UBNA_009/20220809_053000.WAV,Foliage,recover-20220811,009,1795
464.8515,464.8685,24609.0,29137.0,Nyctalus leisleri,0.118,0.239,-1,Echolocation,/mnt/ubna_data_01_mir/recover-20220811/UBNA_009/20220809_053000.WAV,Foliage,recover-20220811,009,1795
465.0855,465.0994,26328.0,33258.0,Nyctalus leisleri,0.26,0.526,-1,Echolocation,/mnt/ubna_data_01_mir/recover-20220811/UBNA_009/20220809_053000.WAV,Foliage,recover-20220811,009,1795
465.3675,465.3836,25468.0,29697.0,Nyctalus leisleri,0.181,0.287,-1,Echolocation,/mnt/ubna_data_01_mir/recover-20220811/UBNA_009/20220809_053000.WAV,Foliage,recover-20220811,009,1795
467.6495,467.6671,25468.0,29474.0,Nyctalus leisleri,0.336,0.49,-1,Echolocation,/mnt/ubna_data_01_mir/recover-20220811/UBNA_009/20220809_053000.WAV,Foliage,recover-20220811,009,1795
467.7805,467.79970000000003,23750.0,28095.0,Nyctalus leisleri,0.169,0.278,-1,Echolocation,/mnt/ubna_data_01_mir/recover-20220811/UBNA_009/20220809_053000.WAV,Foliage,recover-20220811,009,1795
468.0395,468.0576,24609.0,29823.0,Nyctalus leisleri,0.243,0.432,-1,Echolocation,/mnt/ubna_data_01_mir/recover-20220811/UBNA_009/20220809_053000.WAV,Foliage,recover-20220811,009,1795
468.2075,468.2246,25468.0,29431.0,Nyctalus leisleri,0.142,0.241,-1,Echolocation,/mnt/ubna_data_01_mir/recover-20220811/UBNA_009/20220809_053000.WAV,Foliage,recover-20220811,009,1795
468.3695,468.385,25468.0,30176.0,Nyctalus leisleri,0.103,0.227,-1,Echolocation,/mnt/ubna_data_01_mir/recover-20220811/UBNA_009/20220809_053000.WAV,Foliage,recover-20220811,009,1795
468.52049999999997,468.5393,25468.0,30800.0,Nyctalus leisleri,0.164,0.333,-1,Echolocation,/mnt/ubna_data_01_mir/recover-20220811/UBNA_009/20220809_053000.WAV,Foliage,recover-20220811,009,1795
468.8805,468.8999,24609.0,29550.0,Nyctalus leisleri,0.208,0.343,-1,Echolocation,/mnt/ubna_data_01_mir/recover-20220811/UBNA_009/20220809_053000.WAV,Foliage,recover-20220811,009,1795
469.0215,469.0395,25468.0,29837.0,Nyctalus leisleri,0.203,0.289,-1,Echolocation,/mnt/ubna_data_01_mir/recover-20220811/UBNA_009/20220809_053000.WAV,Foliage,recover-20220811,009,1795
469.4285,469.442,26328.0,33175.0,Eptesicus serotinus,0.195,0.398,-1,Echolocation,/mnt/ubna_data_01_mir/recover-20220811/UBNA_009/20220809_053000.WAV,Foliage,recover-20220811,009,1795
469.5865,469.6025,24609.0,32597.0,Eptesicus serotinus,0.272,0.512,-1,Echolocation,/mnt/ubna_data_01_mir/recover-20220811/UBNA_009/20220809_053000.WAV,Foliage,recover-20220811,009,1795
469.7165,469.7302,26328.0,32018.0,Nyctalus leisleri,0.163,0.301,-1,Echolocation,/mnt/ubna_data_01_mir/recover-20220811/UBNA_009/20220809_053000.WAV,Foliage,recover-20220811,009,1795
469.8405,469.8546,26328.0,31295.0,Nyctalus leisleri,0.107,0.206,-1,Echolocation,/mnt/ubna_data_01_mir/recover-20220811/UBNA_009/20220809_053000.WAV,Foliage,recover-20220811,009,1795
469.9665,469.97860000000003,25468.0,31070.0,Nyctalus leisleri,0.132,0.278,-1,Echolocation,/mnt/ubna_data_01_mir/recover-20220811/UBNA_009/20220809_053000.WAV,Foliage,recover-20220811,009,1795
470.0875,470.1012,25468.0,30833.0,Eptesicus serotinus,0.125,0.269,-1,Echolocation,/mnt/ubna_data_01_mir/recover-20220811/UBNA_009/20220809_053000.WAV,Foliage,recover-20220811,009,1795
470.5615,470.5751,24609.0,30690.0,Nyctalus leisleri,0.385,0.613,-1,Echolocation,/mnt/ubna_data_01_mir/recover-20220811/UBNA_009/20220809_053000.WAV,Foliage,recover-20220811,009,1795
471.3655,471.3782,26328.0,31107.0,Nyctalus leisleri,0.106,0.218,-1,Echolocation,/mnt/ubna_data_01_mir/recover-20220811/UBNA_009/20220809_053000.WAV,Foliage,recover-20220811,009,1795
471.7735,471.7833,27187.0,34771.0,Nyctalus leisleri,0.385,0.64,-1,Echolocation,/mnt/ubna_data_01_mir/recover-20220811/UBNA_009/20220809_053000.WAV,Foliage,recover-20220811,009,1795
471.8605,471.8733,26328.0,32742.0,Eptesicus serotinus,0.25,0.418,-1,Echolocation,/mnt/ubna_data_01_mir/recover-20220811/UBNA_009/20220809_053000.WAV,Foliage,recover-20220811,009,1795
471.9405,471.954,27187.0,33010.0,Eptesicus serotinus,0.145,0.245,-1,Echolocation,/mnt/ubna_data_01_mir/recover-20220811/UBNA_009/20220809_053000.WAV,Foliage,recover-20220811,009,1795
472.4175,472.4315,25468.0,32171.0,Nyctalus leisleri,0.216,0.434,-1,Echolocation,/mnt/ubna_data_01_mir/recover-20220811/UBNA_009/20220809_053000.WAV,Foliage,recover-20220811,009,1795
472.5485,472.5672,24609.0,28609.0,Nyctalus leisleri,0.139,0.246,-1,Echolocation,/mnt/ubna_data_01_mir/recover-20220811/UBNA_009/20220809_053000.WAV,Foliage,recover-20220811,009,1795
472.6735,472.6883,25468.0,34429.0,Eptesicus serotinus,0.295,0.499,-1,Echolocation,/mnt/ubna_data_01_mir/recover-20220811/UBNA_009/20220809_053000.WAV,Foliage,recover-20220811,009,1795
473.0685,473.0881,24609.0,28587.0,Nyctalus leisleri,0.174,0.276,-1,Echolocation,/mnt/ubna_data_01_mir/recover-20220811/UBNA_009/20220809_053000.WAV,Foliage,recover-20220811,009,1795
473.3575,473.3727,24609.0,29380.0,Nyctalus leisleri,0.221,0.359,-1,Echolocation,/mnt/ubna_data_01_mir/recover-20220811/UBNA_009/20220809_053000.WAV,Foliage,recover-20220811,009,1795
479.4935,479.5082,24609.0,29984.0,Nyctalus leisleri,0.235,0.463,-1,Echolocation,/mnt/ubna_data_01_mir/recover-20220811/UBNA_009/20220809_053000.WAV,Foliage,recover-20220811,009,1795
479.9625,479.977,24609.0,29667.0,Nyctalus leisleri,0.234,0.446,-1,Echolocation,/mnt/ubna_data_01_mir/recover-20220811/UBNA_009/20220809_053000.WAV,Foliage,recover-20220811,009,1795
480.8515,480.8655,25468.0,30870.0,Nyctalus leisleri,0.156,0.293,-1,Echolocation,/mnt/ubna_data_01_mir/recover-20220811/UBNA_009/20220809_053000.WAV,Foliage,recover-20220811,009,1795
480.9785,480.997,25468.0,30846.0,Nyctalus leisleri,0.161,0.296,-1,Echolocation,/mnt/ubna_data_01_mir/recover-20220811/UBNA_009/20220809_053000.WAV,Foliage,recover-20220811,009,1795
481.1195,481.132,25468.0,32777.0,Nyctalus leisleri,0.292,0.629,-1,Echolocation,/mnt/ubna_data_01_mir/recover-20220811/UBNA_009/20220809_053000.WAV,Foliage,recover-20220811,009,1795
481.2605,481.2745,25468.0,32177.0,Nyctalus leisleri,0.275,0.49,-1,Echolocation,/mnt/ubna_data_01_mir/recover-20220811/UBNA_009/20220809_053000.WAV,Foliage,recover-20220811,009,1795
481.6605,481.679,25468.0,30733.0,Nyctalus leisleri,0.16,0.315,-1,Echolocation,/mnt/ubna_data_01_mir/recover-20220811/UBNA_009/20220809_053000.WAV,Foliage,recover-20220811,009,1795
481.8165,481.8346,25468.0,28707.0,Nyctalus leisleri,0.378,0.457,-1,Echolocation,/mnt/ubna_data_01_mir/recover-20220811/UBNA_009/20220809_053000.WAV,Foliage,recover-20220811,009,1795
481.9745,481.9946,24609.0,28422.0,Nyctalus leisleri,0.195,0.282,-1,Echolocation,/mnt/ubna_data_01_mir/recover-20220811/UBNA_009/20220809_053000.WAV,Foliage,recover-20220811,009,1795
482.1125,482.1274,25468.0,32332.0,Nyctalus leisleri,0.231,0.494,-1,Echolocation,/mnt/ubna_data_01_mir/recover-20220811/UBNA_009/20220809_053000.WAV,Foliage,recover-20220811,009,1795
482.3545,482.3743,23750.0,28888.0,Nyctalus leisleri,0.294,0.423,-1,Echolocation,/mnt/ubna_data_01_mir/recover-20220811/UBNA_009/20220809_053000.WAV,Foliage,recover-20220811,009,1795
482.4965,482.5107,25468.0,31485.0,Nyctalus leisleri,0.368,0.561,-1,Echolocation,/mnt/ubna_data_01_mir/recover-20220811/UBNA_009/20220809_053000.WAV,Foliage,recover-20220811,009,1795
482.6205,482.636,24609.0,29744.0,Eptesicus serotinus,0.136,0.284,-1,Echolocation,/mnt/ubna_data_01_mir/recover-20220811/UBNA_009/20220809_053000.WAV,Foliage,recover-20220811,009,1795
482.7815,482.7958,24609.0,30619.0,Nyctalus leisleri,0.358,0.549,-1,Echolocation,/mnt/ubna_data_01_mir/recover-20220811/UBNA_009/20220809_053000.WAV,Foliage,recover-20220811,009,1795
482.9125,482.9254,26328.0,30729.0,Nyctalus leisleri,0.192,0.346,-1,Echolocation,/mnt/ubna_data_01_mir/recover-20220811/UBNA_009/20220809_053000.WAV,Foliage,recover-20220811,009,1795
483.6045,483.6159,25468.0,32436.0,Nyctalus leisleri,0.335,0.636,-1,Echolocation,/mnt/ubna_data_01_mir/recover-20220811/UBNA_009/20220809_053000.WAV,Foliage,recover-20220811,009,1795
483.7365,483.7521,24609.0,31320.0,Nyctalus leisleri,0.274,0.564,-1,Echolocation,/mnt/ubna_data_01_mir/recover-20220811/UBNA_009/20220809_053000.WAV,Foliage,recover-20220811,009,1795
483.8715,483.8857,25468.0,34322.0,Eptesicus serotinus,0.344,0.593,-1,Echolocation,/mnt/ubna_data_01_mir/recover-20220811/UBNA_009/20220809_053000.WAV,Foliage,recover-20220811,009,1795
484.1145,484.1308,24609.0,29879.0,Nyctalus leisleri,0.333,0.508,-1,Echolocation,/mnt/ubna_data_01_mir/recover-20220811/UBNA_009/20220809_053000.WAV,Foliage,recover-20220811,009,1795
484.2605,484.2754,24609.0,33033.0,Eptesicus serotinus,0.3,0.592,-1,Echolocation,/mnt/ubna_data_01_mir/recover-20220811/UBNA_009/20220809_053000.WAV,Foliage,recover-20220811,009,1795
484.2635,484.2756,49531.0,55275.0,Pipistrellus pipistrellus,0.129,0.2,-1,Echolocation,/mnt/ubna_data_01_mir/recover-20220811/UBNA_009/20220809_053000.WAV,Foliage,recover-20220811,009,1795
484.5135,484.5293,23750.0,29293.0,Nyctalus leisleri,0.39,0.554,-1,Echolocation,/mnt/ubna_data_01_mir/recover-20220811/UBNA_009/20220809_053000.WAV,Foliage,recover-20220811,009,1795
484.7785,484.7998,24609.0,29879.0,Nyctalus leisleri,0.19,0.322,-1,Echolocation,/mnt/ubna_data_01_mir/recover-20220811/UBNA_009/20220809_053000.WAV,Foliage,recover-20220811,009,1795
484.9375,484.9567,24609.0,28523.0,Nyctalus leisleri,0.107,0.201,-1,Echolocation,/mnt/ubna_data_01_mir/recover-20220811/UBNA_009/20220809_053000.WAV,Foliage,recover-20220811,009,1795
485.1795,485.2013,23750.0,28704.0,Nyctalus leisleri,0.151,0.298,-1,Echolocation,/mnt/ubna_data_01_mir/recover-20220811/UBNA_009/20220809_053000.WAV,Foliage,recover-20220811,009,1795
485.8785,485.8913,25468.0,32265.0,Eptesicus serotinus,0.259,0.528,-1,Echolocation,/mnt/ubna_data_01_mir/recover-20220811/UBNA_009/20220809_053000.WAV,Foliage,recover-20220811,009,1795
486.1965,486.2088,25468.0,31690.0,Nyctalus leisleri,0.212,0.477,-1,Echolocation,/mnt/ubna_data_01_mir/recover-20220811/UBNA_009/20220809_053000.WAV,Foliage,recover-20220811,009,1795
486.3205,486.3334,26328.0,34148.0,Eptesicus serotinus,0.273,0.565,-1,Echolocation,/mnt/ubna_data_01_mir/recover-20220811/UBNA_009/20220809_053000.WAV,Foliage,recover-20220811,009,1795
486.4475,486.4592,26328.0,33545.0,Nyctalus leisleri,0.221,0.483,-1,Echolocation,/mnt/ubna_data_01_mir/recover-20220811/UBNA_009/20220809_053000.WAV,Foliage,recover-20220811,009,1795
486.5825,486.59590000000003,25468.0,33338.0,Eptesicus serotinus,0.297,0.448,-1,Echolocation,/mnt/ubna_data_01_mir/recover-20220811/UBNA_009/20220809_053000.WAV,Foliage,recover-20220811,009,1795
486.8195,486.8351,24609.0,31024.0,Nyctalus leisleri,0.37,0.512,-1,Echolocation,/mnt/ubna_data_01_mir/recover-20220811/UBNA_009/20220809_053000.WAV,Foliage,recover-20220811,009,1795
486.9555,486.9772,26328.0,29646.0,Nyctalus leisleri,0.222,0.278,-1,Echolocation,/mnt/ubna_data_01_mir/recover-20220811/UBNA_009/20220809_053000.WAV,Foliage,recover-20220811,009,1795
487.0705,487.0844,26328.0,33232.0,Eptesicus serotinus,0.209,0.421,-1,Echolocation,/mnt/ubna_data_01_mir/recover-20220811/UBNA_009/20220809_053000.WAV,Foliage,recover-20220811,009,1795
487.1935,487.2083,26328.0,32362.0,Nyctalus leisleri,0.236,0.387,-1,Echolocation,/mnt/ubna_data_01_mir/recover-20220811/UBNA_009/20220809_053000.WAV,Foliage,recover-20220811,009,1795
487.2995,487.3125,27187.0,32751.0,Nyctalus leisleri,0.175,0.354,-1,Echolocation,/mnt/ubna_data_01_mir/recover-20220811/UBNA_009/20220809_053000.WAV,Foliage,recover-20220811,009,1795
487.6975,487.7132,26328.0,31900.0,Nyctalus leisleri,0.224,0.391,-1,Echolocation,/mnt/ubna_data_01_mir/recover-20220811/UBNA_009/20220809_053000.WAV,Foliage,recover-20220811,009,1795
488.0015,488.016,25468.0,31415.0,Nyctalus leisleri,0.104,0.205,-1,Echolocation,/mnt/ubna_data_01_mir/recover-20220811/UBNA_009/20220809_053000.WAV,Foliage,recover-20220811,009,1795
488.1995,488.2137,26328.0,30266.0,Nyctalus leisleri,0.135,0.246,-1,Echolocation,/mnt/ubna_data_01_mir/recover-20220811/UBNA_009/20220809_053000.WAV,Foliage,recover-20220811,009,1795
488.4075,488.4241,26328.0,31424.0,Nyctalus leisleri,0.116,0.225,-1,Echolocation,/mnt/ubna_data_01_mir/recover-20220811/UBNA_009/20220809_053000.WAV,Foliage,recover-20220811,009,1795
488.8465,488.8615,25468.0,31086.0,Nyctalus leisleri,0.127,0.248,-1,Echolocation,/mnt/ubna_data_01_mir/recover-20220811/UBNA_009/20220809_053000.WAV,Foliage,recover-20220811,009,1795
490.1505,490.1642,25468.0,31369.0,Nyctalus leisleri,0.152,0.309,-1,Echolocation,/mnt/ubna_data_01_mir/recover-20220811/UBNA_009/20220809_053000.WAV,Foliage,recover-20220811,009,1795
490.2895,490.3098,24609.0,28940.0,Nyctalus leisleri,0.228,0.348,-1,Echolocation,/mnt/ubna_data_01_mir/recover-20220811/UBNA_009/20220809_053000.WAV,Foliage,recover-20220811,009,1795
490.4295,490.449,23750.0,27321.0,Nyctalus leisleri,0.224,0.299,-1,Echolocation,/mnt/ubna_data_01_mir/recover-20220811/UBNA_009/20220809_053000.WAV,Foliage,recover-20220811,009,1795
490.6745,490.6966,23750.0,27755.0,Nyctalus leisleri,0.241,0.319,-1,Echolocation,/mnt/ubna_data_01_mir/recover-20220811/UBNA_009/20220809_053000.WAV,Foliage,recover-20220811,009,1795
491.0935,491.1174,23750.0,28183.0,Nyctalus leisleri,0.156,0.252,-1,Echolocation,/mnt/ubna_data_01_mir/recover-20220811/UBNA_009/20220809_053000.WAV,Foliage,recover-20220811,009,1795
492.4705,492.4915,24609.0,27962.0,Nyctalus leisleri,0.152,0.218,-1,Echolocation,/mnt/ubna_data_01_mir/recover-20220811/UBNA_009/20220809_053000.WAV,Foliage,recover-20220811,009,1795
492.7215,492.7411,24609.0,27982.0,Nyctalus leisleri,0.191,0.293,-1,Echolocation,/mnt/ubna_data_01_mir/recover-20220811/UBNA_009/20220809_053000.WAV,Foliage,recover-20220811,009,1795
492.9785,492.9945,25468.0,28722.0,Nyctalus leisleri,0.411,0.514,-1,Echolocation,/mnt/ubna_data_01_mir/recover-20220811/UBNA_009/20220809_053000.WAV,Foliage,recover-20220811,009,1795
493.1225,493.1398,25468.0,30909.0,Nyctalus leisleri,0.219,0.368,-1,Echolocation,/mnt/ubna_data_01_mir/recover-20220811/UBNA_009/20220809_053000.WAV,Foliage,recover-20220811,009,1795
493.2755,493.2921,24609.0,28223.0,Nyctalus leisleri,0.34,0.461,-1,Echolocation,/mnt/ubna_data_01_mir/recover-20220811/UBNA_009/20220809_053000.WAV,Foliage,recover-20220811,009,1795
493.5225,493.53679999999997,24609.0,29335.0,Nyctalus leisleri,0.255,0.401,-1,Echolocation,/mnt/ubna_data_01_mir/recover-20220811/UBNA_009/20220809_053000.WAV,Foliage,recover-20220811,009,1795
493.6855,493.7043,24609.0,29022.0,Nyctalus leisleri,0.174,0.272,-1,Echolocation,/mnt/ubna_data_01_mir/recover-20220811/UBNA_009/20220809_053000.WAV,Foliage,recover-20220811,009,1795
493.8375,493.8546,25468.0,29991.0,Nyctalus leisleri,0.306,0.453,-1,Echolocation,/mnt/ubna_data_01_mir/recover-20220811/UBNA_009/20220809_053000.WAV,Foliage,recover-20220811,009,1795
494.0855,494.1014,24609.0,28427.0,Nyctalus leisleri,0.474,0.61,-1,Echolocation,/mnt/ubna_data_01_mir/recover-20220811/UBNA_009/20220809_053000.WAV,Foliage,recover-20220811,009,1795
494.2465,494.2632,25468.0,30527.0,Nyctalus leisleri,0.333,0.455,-1,Echolocation,/mnt/ubna_data_01_mir/recover-20220811/UBNA_009/20220809_053000.WAV,Foliage,recover-20220811,009,1795
494.3835,494.3989,26328.0,30083.0,Nyctalus leisleri,0.141,0.222,-1,Echolocation,/mnt/ubna_data_01_mir/recover-20220811/UBNA_009/20220809_053000.WAV,Foliage,recover-20220811,009,1795
494.5295,494.5447,25468.0,30188.0,Nyctalus leisleri,0.374,0.522,-1,Echolocation,/mnt/ubna_data_01_mir/recover-20220811/UBNA_009/20220809_053000.WAV,Foliage,recover-20220811,009,1795
494.7855,494.8032,24609.0,30365.0,Nyctalus leisleri,0.352,0.561,-1,Echolocation,/mnt/ubna_data_01_mir/recover-20220811/UBNA_009/20220809_053000.WAV,Foliage,recover-20220811,009,1795
494.9495,494.9653,24609.0,28658.0,Nyctalus leisleri,0.45,0.552,-1,Echolocation,/mnt/ubna_data_01_mir/recover-20220811/UBNA_009/20220809_053000.WAV,Foliage,recover-20220811,009,1795
495.1955,495.2117,25468.0,29174.0,Nyctalus leisleri,0.456,0.526,-1,Echolocation,/mnt/ubna_data_01_mir/recover-20220811/UBNA_009/20220809_053000.WAV,Foliage,recover-20220811,009,1795
495.3485,495.3633,24609.0,30470.0,Nyctalus leisleri,0.228,0.485,-1,Echolocation,/mnt/ubna_data_01_mir/recover-20220811/UBNA_009/20220809_053000.WAV,Foliage,recover-20220811,009,1795
495.5095,495.5249,25468.0,30935.0,Nyctalus leisleri,0.305,0.527,-1,Echolocation,/mnt/ubna_data_01_mir/recover-20220811/UBNA_009/20220809_053000.WAV,Foliage,recover-20220811,009,1795
495.7615,495.7797,24609.0,29288.0,Nyctalus leisleri,0.326,0.473,-1,Echolocation,/mnt/ubna_data_01_mir/recover-20220811/UBNA_009/20220809_053000.WAV,Foliage,recover-20220811,009,1795
495.9155,495.9343,24609.0,30594.0,Nyctalus leisleri,0.26,0.428,-1,Echolocation,/mnt/ubna_data_01_mir/recover-20220811/UBNA_009/20220809_053000.WAV,Foliage,recover-20220811,009,1795
496.1765,496.1962,24609.0,28402.0,Nyctalus leisleri,0.226,0.33,-1,Echolocation,/mnt/ubna_data_01_mir/recover-20220811/UBNA_009/20220809_053000.WAV,Foliage,recover-20220811,009,1795
496.9625,496.9815,25468.0,30551.0,Nyctalus leisleri,0.132,0.242,-1,Echolocation,/mnt/ubna_data_01_mir/recover-20220811/UBNA_009/20220809_053000.WAV,Foliage,recover-20220811,009,1795
497.3605,497.3788,25468.0,29916.0,Nyctalus leisleri,0.14,0.216,-1,Echolocation,/mnt/ubna_data_01_mir/recover-20220811/UBNA_009/20220809_053000.WAV,Foliage,recover-20220811,009,1795
497.8835,497.90070000000003,25468.0,29120.0,Nyctalus leisleri,0.127,0.205,-1,Echolocation,/mnt/ubna_data_01_mir/recover-20220811/UBNA_009/20220809_053000.WAV,Foliage,recover-20220811,009,1795
500.7995,500.8162,25468.0,29021.0,Nyctalus leisleri,0.29,0.385,-1,Echolocation,/mnt/ubna_data_01_mir/recover-20220811/UBNA_009/20220809_053000.WAV,Foliage,recover-20220811,009,1795
500.9535,500.9713,25468.0,29398.0,Nyctalus leisleri,0.183,0.266,-1,Echolocation,/mnt/ubna_data_01_mir/recover-20220811/UBNA_009/20220809_053000.WAV,Foliage,recover-20220811,009,1795
501.2135,501.2281,25468.0,29489.0,Nyctalus leisleri,0.296,0.364,-1,Echolocation,/mnt/ubna_data_01_mir/recover-20220811/UBNA_009/20220809_053000.WAV,Foliage,recover-20220811,009,1795
501.6415,501.6566,25468.0,30437.0,Nyctalus leisleri,0.237,0.364,-1,Echolocation,/mnt/ubna_data_01_mir/recover-20220811/UBNA_009/20220809_053000.WAV,Foliage,recover-20220811,009,1795
501.9525,501.9702,26328.0,31297.0,Nyctalus leisleri,0.248,0.381,-1,Echolocation,/mnt/ubna_data_01_mir/recover-20220811/UBNA_009/20220809_053000.WAV,Foliage,recover-20220811,009,1795
502.1155,502.1274,26328.0,30969.0,Nyctalus leisleri,0.336,0.53,-1,Echolocation,/mnt/ubna_data_01_mir/recover-20220811/UBNA_009/20220809_053000.WAV,Foliage,recover-20220811,009,1795
502.2535,502.2662,26328.0,31286.0,Nyctalus leisleri,0.418,0.556,-1,Echolocation,/mnt/ubna_data_01_mir/recover-20220811/UBNA_009/20220809_053000.WAV,Foliage,recover-20220811,009,1795
502.3975,502.4112,26328.0,30704.0,Nyctalus leisleri,0.372,0.506,-1,Echolocation,/mnt/ubna_data_01_mir/recover-20220811/UBNA_009/20220809_053000.WAV,Foliage,recover-20220811,009,1795
503.1705,503.1928,23750.0,28241.0,Nyctalus leisleri,0.135,0.27,-1,Echolocation,/mnt/ubna_data_01_mir/recover-20220811/UBNA_009/20220809_053000.WAV,Foliage,recover-20220811,009,1795
503.3075,503.3227,24609.0,29021.0,Nyctalus leisleri,0.427,0.551,-1,Echolocation,/mnt/ubna_data_01_mir/recover-20220811/UBNA_009/20220809_053000.WAV,Foliage,recover-20220811,009,1795
503.4565,503.4713,24609.0,28549.0,Nyctalus leisleri,0.113,0.229,-1,Echolocation,/mnt/ubna_data_01_mir/recover-20220811/UBNA_009/20220809_053000.WAV,Foliage,recover-20220811,009,1795
503.5905,503.60450000000003,26328.0,30556.0,Nyctalus leisleri,0.225,0.374,-1,Echolocation,/mnt/ubna_data_01_mir/recover-20220811/UBNA_009/20220809_053000.WAV,Foliage,recover-20220811,009,1795
503.7315,503.7465,25468.0,29371.0,Nyctalus leisleri,0.328,0.421,-1,Echolocation,/mnt/ubna_data_01_mir/recover-20220811/UBNA_009/20220809_053000.WAV,Foliage,recover-20220811,009,1795
503.8715,503.8857,25468.0,30487.0,Nyctalus leisleri,0.203,0.344,-1,Echolocation,/mnt/ubna_data_01_mir/recover-20220811/UBNA_009/20220809_053000.WAV,Foliage,recover-20220811,009,1795
504.0115,504.0251,25468.0,31713.0,Nyctalus leisleri,0.345,0.586,-1,Echolocation,/mnt/ubna_data_01_mir/recover-20220811/UBNA_009/20220809_053000.WAV,Foliage,recover-20220811,009,1795
504.1415,504.1539,26328.0,34116.0,Nyctalus leisleri,0.25,0.516,-1,Echolocation,/mnt/ubna_data_01_mir/recover-20220811/UBNA_009/20220809_053000.WAV,Foliage,recover-20220811,009,1795
504.2905,504.3042,26328.0,31631.0,Nyctalus leisleri,0.275,0.474,-1,Echolocation,/mnt/ubna_data_01_mir/recover-20220811/UBNA_009/20220809_053000.WAV,Foliage,recover-20220811,009,1795
504.4335,504.4465,26328.0,32136.0,Nyctalus leisleri,0.333,0.501,-1,Echolocation,/mnt/ubna_data_01_mir/recover-20220811/UBNA_009/20220809_053000.WAV,Foliage,recover-20220811,009,1795
504.5555,504.568,26328.0,32152.0,Nyctalus leisleri,0.277,0.467,-1,Echolocation,/mnt/ubna_data_01_mir/recover-20220811/UBNA_009/20220809_053000.WAV,Foliage,recover-20220811,009,1795
504.6785,504.6909,26328.0,34164.0,Eptesicus serotinus,0.314,0.513,-1,Echolocation,/mnt/ubna_data_01_mir/recover-20220811/UBNA_009/20220809_053000.WAV,Foliage,recover-20220811,009,1795
504.8105,504.8232,26328.0,31754.0,Nyctalus leisleri,0.124,0.255,-1,Echolocation,/mnt/ubna_data_01_mir/recover-20220811/UBNA_009/20220809_053000.WAV,Foliage,recover-20220811,009,1795
504.9165,504.9298,27187.0,34734.0,Eptesicus serotinus,0.194,0.298,-1,Echolocation,/mnt/ubna_data_01_mir/recover-20220811/UBNA_009/20220809_053000.WAV,Foliage,recover-20220811,009,1795
505.0175,505.029,26328.0,33934.0,Eptesicus serotinus,0.147,0.256,-1,Echolocation,/mnt/ubna_data_01_mir/recover-20220811/UBNA_009/20220809_053000.WAV,Foliage,recover-20220811,009,1795
505.4465,505.463,24609.0,29440.0,Nyctalus leisleri,0.182,0.336,-1,Echolocation,/mnt/ubna_data_01_mir/recover-20220811/UBNA_009/20220809_053000.WAV,Foliage,recover-20220811,009,1795
505.52049999999997,505.5312,27187.0,35224.0,Eptesicus serotinus,0.261,0.55,-1,Echolocation,/mnt/ubna_data_01_mir/recover-20220811/UBNA_009/20220809_053000.WAV,Foliage,recover-20220811,009,1795
505.6445,505.6572,26328.0,32831.0,Nyctalus leisleri,0.307,0.527,-1,Echolocation,/mnt/ubna_data_01_mir/recover-20220811/UBNA_009/20220809_053000.WAV,Foliage,recover-20220811,009,1795
505.7745,505.7864,27187.0,35751.0,Eptesicus serotinus,0.315,0.529,-1,Echolocation,/mnt/ubna_data_01_mir/recover-20220811/UBNA_009/20220809_053000.WAV,Foliage,recover-20220811,009,1795
505.9075,505.9198,26328.0,35351.0,Eptesicus serotinus,0.347,0.577,-1,Echolocation,/mnt/ubna_data_01_mir/recover-20220811/UBNA_009/20220809_053000.WAV,Foliage,recover-20220811,009,1795
506.1505,506.1649,25468.0,34356.0,Nyctalus leisleri,0.274,0.572,-1,Echolocation,/mnt/ubna_data_01_mir/recover-20220811/UBNA_009/20220809_053000.WAV,Foliage,recover-20220811,009,1795
506.2925,506.3056,25468.0,31658.0,Nyctalus leisleri,0.364,0.589,-1,Echolocation,/mnt/ubna_data_01_mir/recover-20220811/UBNA_009/20220809_053000.WAV,Foliage,recover-20220811,009,1795
506.4285,506.4404,26328.0,34087.0,Nyctalus leisleri,0.353,0.623,-1,Echolocation,/mnt/ubna_data_01_mir/recover-20220811/UBNA_009/20220809_053000.WAV,Foliage,recover-20220811,009,1795
506.5685,506.581,26328.0,36026.0,Eptesicus serotinus,0.327,0.531,-1,Echolocation,/mnt/ubna_data_01_mir/recover-20220811/UBNA_009/20220809_053000.WAV,Foliage,recover-20220811,009,1795
506.7095,506.7231,24609.0,32001.0,Eptesicus serotinus,0.267,0.42,-1,Echolocation,/mnt/ubna_data_01_mir/recover-20220811/UBNA_009/20220809_053000.WAV,Foliage,recover-20220811,009,1795
506.9205,506.9355,24609.0,31656.0,Nyctalus leisleri,0.379,0.627,-1,Echolocation,/mnt/ubna_data_01_mir/recover-20220811/UBNA_009/20220809_053000.WAV,Foliage,recover-20220811,009,1795
507.3125,507.3285,25468.0,29151.0,Nyctalus leisleri,0.382,0.458,-1,Echolocation,/mnt/ubna_data_01_mir/recover-20220811/UBNA_009/20220809_053000.WAV,Foliage,recover-20220811,009,1795
507.4635,507.4754,23750.0,29875.0,Eptesicus serotinus,0.11,0.27,-1,Echolocation,/mnt/ubna_data_01_mir/recover-20220811/UBNA_009/20220809_053000.WAV,Foliage,recover-20220811,009,1795
507.8245,507.8413,24609.0,28697.0,Nyctalus leisleri,0.142,0.235,-1,Echolocation,/mnt/ubna_data_01_mir/recover-20220811/UBNA_009/20220809_053000.WAV,Foliage,recover-20220811,009,1795
508.9065,508.9251,25468.0,29526.0,Nyctalus leisleri,0.121,0.208,-1,Echolocation,/mnt/ubna_data_01_mir/recover-20220811/UBNA_009/20220809_053000.WAV,Foliage,recover-20220811,009,1795
512.5145,512.5335,26328.0,31022.0,Nyctalus leisleri,0.114,0.222,-1,Echolocation,/mnt/ubna_data_01_mir/recover-20220811/UBNA_009/20220809_053000.WAV,Foliage,recover-20220811,009,1795
512.6525,512.665,25468.0,31100.0,Nyctalus leisleri,0.154,0.301,-1,Echolocation,/mnt/ubna_data_01_mir/recover-20220811/UBNA_009/20220809_053000.WAV,Foliage,recover-20220811,009,1795
513.0395,513.0516,26328.0,32979.0,Nyctalus leisleri,0.353,0.616,-1,Echolocation,/mnt/ubna_data_01_mir/recover-20220811/UBNA_009/20220809_053000.WAV,Foliage,recover-20220811,009,1795
513.1795,513.1925,25468.0,31336.0,Eptesicus serotinus,0.195,0.393,-1,Echolocation,/mnt/ubna_data_01_mir/recover-20220811/UBNA_009/20220809_053000.WAV,Foliage,recover-20220811,009,1795
513.3305,513.3455,26328.0,30953.0,Nyctalus leisleri,0.371,0.486,-1,Echolocation,/mnt/ubna_data_01_mir/recover-20220811/UBNA_009/20220809_053000.WAV,Foliage,recover-20220811,009,1795
513.4805,513.4965,25468.0,30137.0,Nyctalus leisleri,0.242,0.37,-1,Echolocation,/mnt/ubna_data_01_mir/recover-20220811/UBNA_009/20220809_053000.WAV,Foliage,recover-20220811,009,1795
513.6205,513.6397,25468.0,29951.0,Nyctalus leisleri,0.25,0.34,-1,Echolocation,/mnt/ubna_data_01_mir/recover-20220811/UBNA_009/20220809_053000.WAV,Foliage,recover-20220811,009,1795
513.7665,513.7874,25468.0,29490.0,Nyctalus leisleri,0.126,0.228,-1,Echolocation,/mnt/ubna_data_01_mir/recover-20220811/UBNA_009/20220809_053000.WAV,Foliage,recover-20220811,009,1795
513.9725,513.9883,24609.0,30492.0,Nyctalus leisleri,0.422,0.573,-1,Echolocation,/mnt/ubna_data_01_mir/recover-20220811/UBNA_009/20220809_053000.WAV,Foliage,recover-20220811,009,1795
514.1275,514.1446,24609.0,34835.0,Eptesicus serotinus,0.246,0.483,-1,Echolocation,/mnt/ubna_data_01_mir/recover-20220811/UBNA_009/20220809_053000.WAV,Foliage,recover-20220811,009,1795
514.3565,514.3738,24609.0,28391.0,Nyctalus leisleri,0.44,0.52,-1,Echolocation,/mnt/ubna_data_01_mir/recover-20220811/UBNA_009/20220809_053000.WAV,Foliage,recover-20220811,009,1795
514.5855,514.5987,24609.0,30577.0,Nyctalus leisleri,0.65,0.714,-1,Echolocation,/mnt/ubna_data_01_mir/recover-20220811/UBNA_009/20220809_053000.WAV,Foliage,recover-20220811,009,1795
514.7315,514.7456,25468.0,29577.0,Nyctalus leisleri,0.288,0.403,-1,Echolocation,/mnt/ubna_data_01_mir/recover-20220811/UBNA_009/20220809_053000.WAV,Foliage,recover-20220811,009,1795
514.9495,514.9628,25468.0,32077.0,Nyctalus leisleri,0.411,0.606,-1,Echolocation,/mnt/ubna_data_01_mir/recover-20220811/UBNA_009/20220809_053000.WAV,Foliage,recover-20220811,009,1795
515.0935,515.107,25468.0,31987.0,Nyctalus leisleri,0.305,0.498,-1,Echolocation,/mnt/ubna_data_01_mir/recover-20220811/UBNA_009/20220809_053000.WAV,Foliage,recover-20220811,009,1795
515.2335,515.2491,25468.0,31468.0,Nyctalus leisleri,0.359,0.548,-1,Echolocation,/mnt/ubna_data_01_mir/recover-20220811/UBNA_009/20220809_053000.WAV,Foliage,recover-20220811,009,1795
515.3715,515.3903,24609.0,29515.0,Nyctalus leisleri,0.162,0.295,-1,Echolocation,/mnt/ubna_data_01_mir/recover-20220811/UBNA_009/20220809_053000.WAV,Foliage,recover-20220811,009,1795
515.5105,515.5242,25468.0,31976.0,Nyctalus leisleri,0.336,0.562,-1,Echolocation,/mnt/ubna_data_01_mir/recover-20220811/UBNA_009/20220809_053000.WAV,Foliage,recover-20220811,009,1795
515.6565,515.6703,25468.0,32235.0,Nyctalus leisleri,0.399,0.603,-1,Echolocation,/mnt/ubna_data_01_mir/recover-20220811/UBNA_009/20220809_053000.WAV,Foliage,recover-20220811,009,1795
515.7955,515.8091,26328.0,32851.0,Nyctalus leisleri,0.27,0.472,-1,Echolocation,/mnt/ubna_data_01_mir/recover-20220811/UBNA_009/20220809_053000.WAV,Foliage,recover-20220811,009,1795
515.9315,515.9452,26328.0,31733.0,Nyctalus leisleri,0.422,0.562,-1,Echolocation,/mnt/ubna_data_01_mir/recover-20220811/UBNA_009/20220809_053000.WAV,Foliage,recover-20220811,009,1795
516.0745,516.0885,25468.0,32138.0,Nyctalus leisleri,0.18,0.364,-1,Echolocation,/mnt/ubna_data_01_mir/recover-20220811/UBNA_009/20220809_053000.WAV,Foliage,recover-20220811,009,1795
516.2005,516.2142,25468.0,30429.0,Nyctalus leisleri,0.2,0.323,-1,Echolocation,/mnt/ubna_data_01_mir/recover-20220811/UBNA_009/20220809_053000.WAV,Foliage,recover-20220811,009,1795
517.5915,517.6039,25468.0,32579.0,Nyctalus leisleri,0.327,0.568,-1,Echolocation,/mnt/ubna_data_01_mir/recover-20220811/UBNA_009/20220809_053000.WAV,Foliage,recover-20220811,009,1795
518.0855,518.1076,24609.0,28389.0,Nyctalus leisleri,0.145,0.26,-1,Echolocation,/mnt/ubna_data_01_mir/recover-20220811/UBNA_009/20220809_053000.WAV,Foliage,recover-20220811,009,1795
518.2125,518.2242,25468.0,31636.0,Eptesicus serotinus,0.192,0.425,-1,Echolocation,/mnt/ubna_data_01_mir/recover-20220811/UBNA_009/20220809_053000.WAV,Foliage,recover-20220811,009,1795
518.3295,518.3484,24609.0,28699.0,Nyctalus leisleri,0.287,0.467,-1,Echolocation,/mnt/ubna_data_01_mir/recover-20220811/UBNA_009/20220809_053000.WAV,Foliage,recover-20220811,009,1795
518.5115,518.5237,26328.0,30911.0,Nyctalus leisleri,0.287,0.46,-1,Echolocation,/mnt/ubna_data_01_mir/recover-20220811/UBNA_009/20220809_053000.WAV,Foliage,recover-20220811,009,1795
518.5465,518.5621,24609.0,29525.0,Nyctalus leisleri,0.226,0.431,-1,Echolocation,/mnt/ubna_data_01_mir/recover-20220811/UBNA_009/20220809_053000.WAV,Foliage,recover-20220811,009,1795
518.7725,518.7847,25468.0,31281.0,Nyctalus leisleri,0.411,0.603,-1,Echolocation,/mnt/ubna_data_01_mir/recover-20220811/UBNA_009/20220809_053000.WAV,Foliage,recover-20220811,009,1795
518.8975,518.909,26328.0,32728.0,Nyctalus leisleri,0.257,0.495,-1,Echolocation,/mnt/ubna_data_01_mir/recover-20220811/UBNA_009/20220809_053000.WAV,Foliage,recover-20220811,009,1795
519.1325,519.1463,25468.0,31910.0,Nyctalus leisleri,0.344,0.532,-1,Echolocation,/mnt/ubna_data_01_mir/recover-20220811/UBNA_009/20220809_053000.WAV,Foliage,recover-20220811,009,1795
519.2605,519.275,26328.0,31292.0,Nyctalus leisleri,0.159,0.325,-1,Echolocation,/mnt/ubna_data_01_mir/recover-20220811/UBNA_009/20220809_053000.WAV,Foliage,recover-20220811,009,1795
519.3855,519.4033,25468.0,30219.0,Nyctalus leisleri,0.111,0.213,-1,Echolocation,/mnt/ubna_data_01_mir/recover-20220811/UBNA_009/20220809_053000.WAV,Foliage,recover-20220811,009,1795
519.5175,519.5332,25468.0,29849.0,Nyctalus leisleri,0.226,0.348,-1,Echolocation,/mnt/ubna_data_01_mir/recover-20220811/UBNA_009/20220809_053000.WAV,Foliage,recover-20220811,009,1795
521.1985,521.2139,25468.0,30049.0,Nyctalus leisleri,0.252,0.395,-1,Echolocation,/mnt/ubna_data_01_mir/recover-20220811/UBNA_009/20220809_053000.WAV,Foliage,recover-20220811,009,1795
521.3485,521.3619,25468.0,29947.0,Nyctalus leisleri,0.296,0.455,-1,Echolocation,/mnt/ubna_data_01_mir/recover-20220811/UBNA_009/20220809_053000.WAV,Foliage,recover-20220811,009,1795
521.5925,521.6079,25468.0,30623.0,Nyctalus leisleri,0.265,0.482,-1,Echolocation,/mnt/ubna_data_01_mir/recover-20220811/UBNA_009/20220809_053000.WAV,Foliage,recover-20220811,009,1795
521.7455,521.7591,24609.0,29630.0,Nyctalus leisleri,0.285,0.49,-1,Echolocation,/mnt/ubna_data_01_mir/recover-20220811/UBNA_009/20220809_053000.WAV,Foliage,recover-20220811,009,1795
521.9855,521.9993,25468.0,33541.0,Eptesicus serotinus,0.248,0.518,-1,Echolocation,/mnt/ubna_data_01_mir/recover-20220811/UBNA_009/20220809_053000.WAV,Foliage,recover-20220811,009,1795
522.1315,522.1439,25468.0,31609.0,Nyctalus leisleri,0.349,0.639,-1,Echolocation,/mnt/ubna_data_01_mir/recover-20220811/UBNA_009/20220809_053000.WAV,Foliage,recover-20220811,009,1795
522.3825,522.3976,25468.0,32421.0,Nyctalus leisleri,0.243,0.507,-1,Echolocation,/mnt/ubna_data_01_mir/recover-20220811/UBNA_009/20220809_053000.WAV,Foliage,recover-20220811,009,1795
522.5415,522.5599,24609.0,28513.0,Nyctalus leisleri,0.397,0.5,-1,Echolocation,/mnt/ubna_data_01_mir/recover-20220811/UBNA_009/20220809_053000.WAV,Foliage,recover-20220811,009,1795
522.7915,522.8052,24609.0,29911.0,Nyctalus leisleri,0.489,0.612,-1,Echolocation,/mnt/ubna_data_01_mir/recover-20220811/UBNA_009/20220809_053000.WAV,Foliage,recover-20220811,009,1795
522.9585,522.98,24609.0,27780.0,Nyctalus leisleri,0.275,0.358,-1,Echolocation,/mnt/ubna_data_01_mir/recover-20220811/UBNA_009/20220809_053000.WAV,Foliage,recover-20220811,009,1795
523.3465,523.3619,24609.0,29666.0,Nyctalus leisleri,0.335,0.472,-1,Echolocation,/mnt/ubna_data_01_mir/recover-20220811/UBNA_009/20220809_053000.WAV,Foliage,recover-20220811,009,1795
523.7555,523.7754,24609.0,28495.0,Nyctalus leisleri,0.285,0.388,-1,Echolocation,/mnt/ubna_data_01_mir/recover-20220811/UBNA_009/20220809_053000.WAV,Foliage,recover-20220811,009,1795
524.4565,524.4702,25468.0,31735.0,Eptesicus serotinus,0.182,0.351,-1,Echolocation,/mnt/ubna_data_01_mir/recover-20220811/UBNA_009/20220809_053000.WAV,Foliage,recover-20220811,009,1795
524.5855,524.5996,25468.0,29938.0,Nyctalus leisleri,0.152,0.306,-1,Echolocation,/mnt/ubna_data_01_mir/recover-20220811/UBNA_009/20220809_053000.WAV,Foliage,recover-20220811,009,1795
525.9515,525.9664,24609.0,28369.0,Nyctalus leisleri,0.269,0.427,-1,Echolocation,/mnt/ubna_data_01_mir/recover-20220811/UBNA_009/20220809_053000.WAV,Foliage,recover-20220811,009,1795
526.6145,526.6282,24609.0,29362.0,Nyctalus leisleri,0.359,0.532,-1,Echolocation,/mnt/ubna_data_01_mir/recover-20220811/UBNA_009/20220809_053000.WAV,Foliage,recover-20220811,009,1795
526.7695,526.7823,25468.0,29966.0,Nyctalus leisleri,0.317,0.459,-1,Echolocation,/mnt/ubna_data_01_mir/recover-20220811/UBNA_009/20220809_053000.WAV,Foliage,recover-20220811,009,1795
529.9245,529.9385,26328.0,31058.0,Nyctalus leisleri,0.132,0.248,-1,Echolocation,/mnt/ubna_data_01_mir/recover-20220811/UBNA_009/20220809_053000.WAV,Foliage,recover-20220811,009,1795
530.1755,530.1873,25468.0,31081.0,Eptesicus serotinus,0.139,0.279,-1,Echolocation,/mnt/ubna_data_01_mir/recover-20220811/UBNA_009/20220809_053000.WAV,Foliage,recover-20220811,009,1795
530.6015,530.618,26328.0,31451.0,Nyctalus leisleri,0.135,0.262,-1,Echolocation,/mnt/ubna_data_01_mir/recover-20220811/UBNA_009/20220809_053000.WAV,Foliage,recover-20220811,009,1795
530.7535,530.7688,25468.0,31536.0,Nyctalus leisleri,0.207,0.371,-1,Echolocation,/mnt/ubna_data_01_mir/recover-20220811/UBNA_009/20220809_053000.WAV,Foliage,recover-20220811,009,1795
530.8955,530.9116,25468.0,30318.0,Nyctalus leisleri,0.131,0.254,-1,Echolocation,/mnt/ubna_data_01_mir/recover-20220811/UBNA_009/20220809_053000.WAV,Foliage,recover-20220811,009,1795
531.1495,531.1645,25468.0,31813.0,Nyctalus leisleri,0.186,0.373,-1,Echolocation,/mnt/ubna_data_01_mir/recover-20220811/UBNA_009/20220809_053000.WAV,Foliage,recover-20220811,009,1795
531.2915,531.306,25468.0,30812.0,Nyctalus leisleri,0.112,0.24,-1,Echolocation,/mnt/ubna_data_01_mir/recover-20220811/UBNA_009/20220809_053000.WAV,Foliage,recover-20220811,009,1795
531.4295,531.4457,25468.0,31088.0,Nyctalus leisleri,0.227,0.363,-1,Echolocation,/mnt/ubna_data_01_mir/recover-20220811/UBNA_009/20220809_053000.WAV,Foliage,recover-20220811,009,1795
531.6615,531.6773,25468.0,33843.0,Eptesicus serotinus,0.228,0.41,-1,Echolocation,/mnt/ubna_data_01_mir/recover-20220811/UBNA_009/20220809_053000.WAV,Foliage,recover-20220811,009,1795
531.8135,531.8345,25468.0,29961.0,Nyctalus leisleri,0.195,0.312,-1,Echolocation,/mnt/ubna_data_01_mir/recover-20220811/UBNA_009/20220809_053000.WAV,Foliage,recover-20220811,009,1795
532.0495,532.0652,25468.0,34002.0,Eptesicus serotinus,0.208,0.366,-1,Echolocation,/mnt/ubna_data_01_mir/recover-20220811/UBNA_009/20220809_053000.WAV,Foliage,recover-20220811,009,1795
532.1935,532.2065,26328.0,34106.0,Nyctalus leisleri,0.239,0.47,-1,Echolocation,/mnt/ubna_data_01_mir/recover-20220811/UBNA_009/20220809_053000.WAV,Foliage,recover-20220811,009,1795
532.3325,532.3469,25468.0,30916.0,Nyctalus leisleri,0.196,0.347,-1,Echolocation,/mnt/ubna_data_01_mir/recover-20220811/UBNA_009/20220809_053000.WAV,Foliage,recover-20220811,009,1795
532.4685,532.4847,26328.0,32601.0,Nyctalus leisleri,0.156,0.305,-1,Echolocation,/mnt/ubna_data_01_mir/recover-20220811/UBNA_009/20220809_053000.WAV,Foliage,recover-20220811,009,1795
532.7075,532.7223,25468.0,31860.0,Nyctalus leisleri,0.264,0.552,-1,Echolocation,/mnt/ubna_data_01_mir/recover-20220811/UBNA_009/20220809_053000.WAV,Foliage,recover-20220811,009,1795
532.7764999999999,532.7897,27187.0,33091.0,Nyctalus leisleri,0.176,0.385,-1,Echolocation,/mnt/ubna_data_01_mir/recover-20220811/UBNA_009/20220809_053000.WAV,Foliage,recover-20220811,009,1795
532.8485000000001,532.8628,26328.0,32218.0,Nyctalus leisleri,0.344,0.453,-1,Echolocation,/mnt/ubna_data_01_mir/recover-20220811/UBNA_009/20220809_053000.WAV,Foliage,recover-20220811,009,1795
532.9845,533.001,25468.0,32045.0,Eptesicus serotinus,0.204,0.396,-1,Echolocation,/mnt/ubna_data_01_mir/recover-20220811/UBNA_009/20220809_053000.WAV,Foliage,recover-20220811,009,1795
533.0525,533.0664,27187.0,32984.0,Nyctalus leisleri,0.172,0.354,-1,Echolocation,/mnt/ubna_data_01_mir/recover-20220811/UBNA_009/20220809_053000.WAV,Foliage,recover-20220811,009,1795
533.1895,533.2033,26328.0,31406.0,Nyctalus leisleri,0.246,0.412,-1,Echolocation,/mnt/ubna_data_01_mir/recover-20220811/UBNA_009/20220809_053000.WAV,Foliage,recover-20220811,009,1795
533.2245,533.239,24609.0,33226.0,Eptesicus serotinus,0.307,0.583,-1,Echolocation,/mnt/ubna_data_01_mir/recover-20220811/UBNA_009/20220809_053000.WAV,Foliage,recover-20220811,009,1795
533.3395,533.3561,27187.0,31782.0,Nyctalus leisleri,0.121,0.208,-1,Echolocation,/mnt/ubna_data_01_mir/recover-20220811/UBNA_009/20220809_053000.WAV,Foliage,recover-20220811,009,1795
533.3705,533.3878,24609.0,28239.0,Nyctalus leisleri,0.106,0.204,-1,Echolocation,/mnt/ubna_data_01_mir/recover-20220811/UBNA_009/20220809_053000.WAV,Foliage,recover-20220811,009,1795
533.4895,533.504,25468.0,32979.0,Nyctalus leisleri,0.225,0.459,-1,Echolocation,/mnt/ubna_data_01_mir/recover-20220811/UBNA_009/20220809_053000.WAV,Foliage,recover-20220811,009,1795
533.6315,533.6469,25468.0,29296.0,Nyctalus leisleri,0.221,0.318,-1,Echolocation,/mnt/ubna_data_01_mir/recover-20220811/UBNA_009/20220809_053000.WAV,Foliage,recover-20220811,009,1795
533.7705,533.7888,25468.0,30371.0,Nyctalus leisleri,0.205,0.319,-1,Echolocation,/mnt/ubna_data_01_mir/recover-20220811/UBNA_009/20220809_053000.WAV,Foliage,recover-20220811,009,1795
534.4405,534.46,26328.0,29820.0,Nyctalus leisleri,0.259,0.343,-1,Echolocation,/mnt/ubna_data_01_mir/recover-20220811/UBNA_009/20220809_053000.WAV,Foliage,recover-20220811,009,1795
536.4895,536.5031,26328.0,31461.0,Nyctalus leisleri,0.167,0.273,-1,Echolocation,/mnt/ubna_data_01_mir/recover-20220811/UBNA_009/20220809_053000.WAV,Foliage,recover-20220811,009,1795
536.6245,536.6386,26328.0,31021.0,Nyctalus leisleri,0.387,0.477,-1,Echolocation,/mnt/ubna_data_01_mir/recover-20220811/UBNA_009/20220809_053000.WAV,Foliage,recover-20220811,009,1795
536.7515,536.7633,26328.0,33858.0,Nyctalus leisleri,0.391,0.605,-1,Echolocation,/mnt/ubna_data_01_mir/recover-20220811/UBNA_009/20220809_053000.WAV,Foliage,recover-20220811,009,1795
536.8855,536.9006,26328.0,30855.0,Nyctalus leisleri,0.276,0.393,-1,Echolocation,/mnt/ubna_data_01_mir/recover-20220811/UBNA_009/20220809_053000.WAV,Foliage,recover-20220811,009,1795
537.0305,537.0439,26328.0,31933.0,Nyctalus leisleri,0.459,0.615,-1,Echolocation,/mnt/ubna_data_01_mir/recover-20220811/UBNA_009/20220809_053000.WAV,Foliage,recover-20220811,009,1795
537.2655,537.2798,25468.0,33821.0,Eptesicus serotinus,0.327,0.531,-1,Echolocation,/mnt/ubna_data_01_mir/recover-20220811/UBNA_009/20220809_053000.WAV,Foliage,recover-20220811,009,1795
537.4115,537.426,25468.0,30707.0,Nyctalus leisleri,0.435,0.58,-1,Echolocation,/mnt/ubna_data_01_mir/recover-20220811/UBNA_009/20220809_053000.WAV,Foliage,recover-20220811,009,1795
537.5635,537.5769,25468.0,32563.0,Nyctalus leisleri,0.352,0.575,-1,Echolocation,/mnt/ubna_data_01_mir/recover-20220811/UBNA_009/20220809_053000.WAV,Foliage,recover-20220811,009,1795
537.8125,537.8286,24609.0,28692.0,Nyctalus leisleri,0.206,0.376,-1,Echolocation,/mnt/ubna_data_01_mir/recover-20220811/UBNA_009/20220809_053000.WAV,Foliage,recover-20220811,009,1795
537.9605,537.9769,25468.0,28913.0,Nyctalus leisleri,0.518,0.569,-1,Echolocation,/mnt/ubna_data_01_mir/recover-20220811/UBNA_009/20220809_053000.WAV,Foliage,recover-20220811,009,1795
538.1785,538.1947,24609.0,28786.0,Nyctalus leisleri,0.394,0.503,-1,Echolocation,/mnt/ubna_data_01_mir/recover-20220811/UBNA_009/20220809_053000.WAV,Foliage,recover-20220811,009,1795
538.4265,538.4442,24609.0,29413.0,Nyctalus leisleri,0.45,0.556,-1,Echolocation,/mnt/ubna_data_01_mir/recover-20220811/UBNA_009/20220809_053000.WAV,Foliage,recover-20220811,009,1795
538.6045,538.6222,24609.0,31472.0,Nyctalus leisleri,0.209,0.485,-1,Echolocation,/mnt/ubna_data_01_mir/recover-20220811/UBNA_009/20220809_053000.WAV,Foliage,recover-20220811,009,1795
538.8315,538.848,24609.0,29722.0,Nyctalus leisleri,0.433,0.537,-1,Echolocation,/mnt/ubna_data_01_mir/recover-20220811/UBNA_009/20220809_053000.WAV,Foliage,recover-20220811,009,1795
539.9295,539.9494,24609.0,28767.0,Nyctalus leisleri,0.165,0.297,-1,Echolocation,/mnt/ubna_data_01_mir/recover-20220811/UBNA_009/20220809_053000.WAV,Foliage,recover-20220811,009,1795
545.0475,545.0646,24609.0,30185.0,Nyctalus leisleri,0.259,0.427,-1,Echolocation,/mnt/ubna_data_01_mir/recover-20220811/UBNA_009/20220809_053000.WAV,Foliage,recover-20220811,009,1795
545.1915,545.2062,25468.0,32173.0,Nyctalus leisleri,0.206,0.392,-1,Echolocation,/mnt/ubna_data_01_mir/recover-20220811/UBNA_009/20220809_053000.WAV,Foliage,recover-20220811,009,1795
545.3395,545.3538,25468.0,31864.0,Nyctalus leisleri,0.259,0.469,-1,Echolocation,/mnt/ubna_data_01_mir/recover-20220811/UBNA_009/20220809_053000.WAV,Foliage,recover-20220811,009,1795
545.4925,545.5103,25468.0,30065.0,Nyctalus leisleri,0.221,0.368,-1,Echolocation,/mnt/ubna_data_01_mir/recover-20220811/UBNA_009/20220809_053000.WAV,Foliage,recover-20220811,009,1795
545.7365,545.7538,24609.0,29256.0,Nyctalus leisleri,0.255,0.333,-1,Echolocation,/mnt/ubna_data_01_mir/recover-20220811/UBNA_009/20220809_053000.WAV,Foliage,recover-20220811,009,1795
546.2445,546.2599,24609.0,30068.0,Nyctalus leisleri,0.434,0.58,-1,Echolocation,/mnt/ubna_data_01_mir/recover-20220811/UBNA_009/20220809_053000.WAV,Foliage,recover-20220811,009,1795
546.4915,546.5054,24609.0,29505.0,Nyctalus leisleri,0.193,0.365,-1,Echolocation,/mnt/ubna_data_01_mir/recover-20220811/UBNA_009/20220809_053000.WAV,Foliage,recover-20220811,009,1795
546.6385,546.6572,24609.0,29389.0,Nyctalus leisleri,0.141,0.261,-1,Echolocation,/mnt/ubna_data_01_mir/recover-20220811/UBNA_009/20220809_053000.WAV,Foliage,recover-20220811,009,1795
546.7835,546.8004,24609.0,28639.0,Nyctalus leisleri,0.346,0.456,-1,Echolocation,/mnt/ubna_data_01_mir/recover-20220811/UBNA_009/20220809_053000.WAV,Foliage,recover-20220811,009,1795
546.9985,547.0127,24609.0,29947.0,Nyctalus leisleri,0.489,0.628,-1,Echolocation,/mnt/ubna_data_01_mir/recover-20220811/UBNA_009/20220809_053000.WAV,Foliage,recover-20220811,009,1795
547.1505,547.1705,23750.0,28793.0,Nyctalus leisleri,0.28,0.423,-1,Echolocation,/mnt/ubna_data_01_mir/recover-20220811/UBNA_009/20220809_053000.WAV,Foliage,recover-20220811,009,1795
547.4095,547.4278,23750.0,30697.0,Nyctalus leisleri,0.173,0.411,-1,Echolocation,/mnt/ubna_data_01_mir/recover-20220811/UBNA_009/20220809_053000.WAV,Foliage,recover-20220811,009,1795
547.5805,547.5971,24609.0,29136.0,Nyctalus leisleri,0.174,0.274,-1,Echolocation,/mnt/ubna_data_01_mir/recover-20220811/UBNA_009/20220809_053000.WAV,Foliage,recover-20220811,009,1795
547.8145,547.8325,23750.0,27562.0,Nyctalus leisleri,0.432,0.517,-1,Echolocation,/mnt/ubna_data_01_mir/recover-20220811/UBNA_009/20220809_053000.WAV,Foliage,recover-20220811,009,1795
548.0785,548.0996,23750.0,28403.0,Nyctalus leisleri,0.126,0.224,-1,Echolocation,/mnt/ubna_data_01_mir/recover-20220811/UBNA_009/20220809_053000.WAV,Foliage,recover-20220811,009,1795
549.4695,549.485,24609.0,28092.0,Nyctalus leisleri,0.32,0.421,-1,Echolocation,/mnt/ubna_data_01_mir/recover-20220811/UBNA_009/20220809_053000.WAV,Foliage,recover-20220811,009,1795
549.6095,549.6304,24609.0,27813.0,Nyctalus leisleri,0.262,0.349,-1,Echolocation,/mnt/ubna_data_01_mir/recover-20220811/UBNA_009/20220809_053000.WAV,Foliage,recover-20220811,009,1795
549.8585,549.8774,24609.0,28777.0,Nyctalus leisleri,0.33,0.441,-1,Echolocation,/mnt/ubna_data_01_mir/recover-20220811/UBNA_009/20220809_053000.WAV,Foliage,recover-20220811,009,1795
550.0345,550.0501,24609.0,28967.0,Nyctalus leisleri,0.257,0.419,-1,Echolocation,/mnt/ubna_data_01_mir/recover-20220811/UBNA_009/20220809_053000.WAV,Foliage,recover-20220811,009,1795
550.2465,550.2655,23750.0,28260.0,Nyctalus leisleri,0.396,0.493,-1,Echolocation,/mnt/ubna_data_01_mir/recover-20220811/UBNA_009/20220809_053000.WAV,Foliage,recover-20220811,009,1795
552.6485,552.6621,24609.0,28437.0,Nyctalus leisleri,0.248,0.365,-1,Echolocation,/mnt/ubna_data_01_mir/recover-20220811/UBNA_009/20220809_053000.WAV,Foliage,recover-20220811,009,1795
552.9315,552.9539,24609.0,28958.0,Nyctalus leisleri,0.135,0.214,-1,Echolocation,/mnt/ubna_data_01_mir/recover-20220811/UBNA_009/20220809_053000.WAV,Foliage,recover-20220811,009,1795
553.2025,553.2158,25468.0,31843.0,Nyctalus leisleri,0.373,0.639,-1,Echolocation,/mnt/ubna_data_01_mir/recover-20220811/UBNA_009/20220809_053000.WAV,Foliage,recover-20220811,009,1795
553.3615,553.3775,24609.0,28757.0,Nyctalus leisleri,0.386,0.502,-1,Echolocation,/mnt/ubna_data_01_mir/recover-20220811/UBNA_009/20220809_053000.WAV,Foliage,recover-20220811,009,1795
553.5145,553.5287,25468.0,30036.0,Nyctalus leisleri,0.381,0.488,-1,Echolocation,/mnt/ubna_data_01_mir/recover-20220811/UBNA_009/20220809_053000.WAV,Foliage,recover-20220811,009,1795
553.6845,553.7035,24609.0,28576.0,Nyctalus leisleri,0.122,0.223,-1,Echolocation,/mnt/ubna_data_01_mir/recover-20220811/UBNA_009/20220809_053000.WAV,Foliage,recover-20220811,009,1795
553.8505,553.87,24609.0,28153.0,Nyctalus leisleri,0.332,0.42,-1,Echolocation,/mnt/ubna_data_01_mir/recover-20220811/UBNA_009/20220809_053000.WAV,Foliage,recover-20220811,009,1795
554.1055,554.1217,24609.0,29980.0,Nyctalus leisleri,0.339,0.472,-1,Echolocation,/mnt/ubna_data_01_mir/recover-20220811/UBNA_009/20220809_053000.WAV,Foliage,recover-20220811,009,1795
554.2605,554.2778,24609.0,28278.0,Nyctalus leisleri,0.428,0.515,-1,Echolocation,/mnt/ubna_data_01_mir/recover-20220811/UBNA_009/20220809_053000.WAV,Foliage,recover-20220811,009,1795
554.6545,554.6718,24609.0,29941.0,Nyctalus leisleri,0.324,0.491,-1,Echolocation,/mnt/ubna_data_01_mir/recover-20220811/UBNA_009/20220809_053000.WAV,Foliage,recover-20220811,009,1795
554.8045,554.819,24609.0,29582.0,Nyctalus leisleri,0.422,0.547,-1,Echolocation,/mnt/ubna_data_01_mir/recover-20220811/UBNA_009/20220809_053000.WAV,Foliage,recover-20220811,009,1795
554.9485,554.966,24609.0,29389.0,Nyctalus leisleri,0.317,0.471,-1,Echolocation,/mnt/ubna_data_01_mir/recover-20220811/UBNA_009/20220809_053000.WAV,Foliage,recover-20220811,009,1795
555.1015,555.1155,24609.0,30441.0,Nyctalus leisleri,0.436,0.557,-1,Echolocation,/mnt/ubna_data_01_mir/recover-20220811/UBNA_009/20220809_053000.WAV,Foliage,recover-20220811,009,1795
555.2525,555.2728,23750.0,28580.0,Nyctalus leisleri,0.224,0.374,-1,Echolocation,/mnt/ubna_data_01_mir/recover-20220811/UBNA_009/20220809_053000.WAV,Foliage,recover-20220811,009,1795
555.5015,555.5176,23750.0,31238.0,Nyctalus leisleri,0.269,0.593,-1,Echolocation,/mnt/ubna_data_01_mir/recover-20220811/UBNA_009/20220809_053000.WAV,Foliage,recover-20220811,009,1795
555.6675,555.6901,23750.0,28828.0,Nyctalus leisleri,0.17,0.335,-1,Echolocation,/mnt/ubna_data_01_mir/recover-20220811/UBNA_009/20220809_053000.WAV,Foliage,recover-20220811,009,1795
555.8385,555.8547,24609.0,29253.0,Nyctalus leisleri,0.418,0.524,-1,Echolocation,/mnt/ubna_data_01_mir/recover-20220811/UBNA_009/20220809_053000.WAV,Foliage,recover-20220811,009,1795
556.1015,556.1232,23750.0,27425.0,Nyctalus leisleri,0.256,0.325,-1,Echolocation,/mnt/ubna_data_01_mir/recover-20220811/UBNA_009/20220809_053000.WAV,Foliage,recover-20220811,009,1795
556.2525,556.2717,24609.0,28257.0,Nyctalus leisleri,0.26,0.379,-1,Echolocation,/mnt/ubna_data_01_mir/recover-20220811/UBNA_009/20220809_053000.WAV,Foliage,recover-20220811,009,1795
556.5355,556.5579,23750.0,28003.0,Nyctalus leisleri,0.166,0.299,-1,Echolocation,/mnt/ubna_data_01_mir/recover-20220811/UBNA_009/20220809_053000.WAV,Foliage,recover-20220811,009,1795
556.9375,556.9521,24609.0,30454.0,Nyctalus leisleri,0.318,0.552,-1,Echolocation,/mnt/ubna_data_01_mir/recover-20220811/UBNA_009/20220809_053000.WAV,Foliage,recover-20220811,009,1795
557.2565,557.273,25468.0,30795.0,Nyctalus leisleri,0.25,0.353,-1,Echolocation,/mnt/ubna_data_01_mir/recover-20220811/UBNA_009/20220809_053000.WAV,Foliage,recover-20220811,009,1795
557.5025,557.5221,23750.0,27330.0,Nyctalus leisleri,0.155,0.227,-1,Echolocation,/mnt/ubna_data_01_mir/recover-20220811/UBNA_009/20220809_053000.WAV,Foliage,recover-20220811,009,1795
558.8995,558.9141,25468.0,31180.0,Nyctalus leisleri,0.146,0.24,-1,Echolocation,/mnt/ubna_data_01_mir/recover-20220811/UBNA_009/20220809_053000.WAV,Foliage,recover-20220811,009,1795
559.0395,559.0535,25468.0,30241.0,Eptesicus serotinus,0.118,0.261,-1,Echolocation,/mnt/ubna_data_01_mir/recover-20220811/UBNA_009/20220809_053000.WAV,Foliage,recover-20220811,009,1795
559.2965,559.313,25468.0,29488.0,Nyctalus leisleri,0.438,0.555,-1,Echolocation,/mnt/ubna_data_01_mir/recover-20220811/UBNA_009/20220809_053000.WAV,Foliage,recover-20220811,009,1795
559.4475,559.4651,24609.0,30392.0,Nyctalus leisleri,0.256,0.436,-1,Echolocation,/mnt/ubna_data_01_mir/recover-20220811/UBNA_009/20220809_053000.WAV,Foliage,recover-20220811,009,1795
559.5815,559.5966,26328.0,30976.0,Nyctalus leisleri,0.155,0.27,-1,Echolocation,/mnt/ubna_data_01_mir/recover-20220811/UBNA_009/20220809_053000.WAV,Foliage,recover-20220811,009,1795
559.8735,559.8868,26328.0,31850.0,Eptesicus serotinus,0.171,0.346,-1,Echolocation,/mnt/ubna_data_01_mir/recover-20220811/UBNA_009/20220809_053000.WAV,Foliage,recover-20220811,009,1795
560.0365,560.0573,24609.0,29601.0,Nyctalus leisleri,0.128,0.25,-1,Echolocation,/mnt/ubna_data_01_mir/recover-20220811/UBNA_009/20220809_053000.WAV,Foliage,recover-20220811,009,1795
560.8775,560.8929,24609.0,29390.0,Nyctalus leisleri,0.213,0.366,-1,Echolocation,/mnt/ubna_data_01_mir/recover-20220811/UBNA_009/20220809_053000.WAV,Foliage,recover-20220811,009,1795
561.0155,561.0368,22890.0,26962.0,Nyctalus leisleri,0.11,0.236,-1,Echolocation,/mnt/ubna_data_01_mir/recover-20220811/UBNA_009/20220809_053000.WAV,Foliage,recover-20220811,009,1795
562.0905,562.1104,26328.0,31013.0,Nyctalus leisleri,0.098,0.201,-1,Echolocation,/mnt/ubna_data_01_mir/recover-20220811/UBNA_009/20220809_053000.WAV,Foliage,recover-20220811,009,1795
563.1395,563.1577,25468.0,30072.0,Nyctalus leisleri,0.23,0.341,-1,Echolocation,/mnt/ubna_data_01_mir/recover-20220811/UBNA_009/20220809_053000.WAV,Foliage,recover-20220811,009,1795
563.2655,563.2822,25468.0,30069.0,Nyctalus leisleri,0.298,0.425,-1,Echolocation,/mnt/ubna_data_01_mir/recover-20220811/UBNA_009/20220809_053000.WAV,Foliage,recover-20220811,009,1795
563.6645,563.6821,26328.0,29643.0,Nyctalus leisleri,0.129,0.21,-1,Echolocation,/mnt/ubna_data_01_mir/recover-20220811/UBNA_009/20220809_053000.WAV,Foliage,recover-20220811,009,1795
563.9345,563.9492,26328.0,32284.0,Nyctalus leisleri,0.171,0.289,-1,Echolocation,/mnt/ubna_data_01_mir/recover-20220811/UBNA_009/20220809_053000.WAV,Foliage,recover-20220811,009,1795
564.3295,564.345,24609.0,30729.0,Nyctalus leisleri,0.253,0.477,-1,Echolocation,/mnt/ubna_data_01_mir/recover-20220811/UBNA_009/20220809_053000.WAV,Foliage,recover-20220811,009,1795
564.4815,564.4996,24609.0,29516.0,Nyctalus leisleri,0.106,0.247,-1,Echolocation,/mnt/ubna_data_01_mir/recover-20220811/UBNA_009/20220809_053000.WAV,Foliage,recover-20220811,009,1795
564.9235,564.941,25468.0,29707.0,Nyctalus leisleri,0.252,0.347,-1,Echolocation,/mnt/ubna_data_01_mir/recover-20220811/UBNA_009/20220809_053000.WAV,Foliage,recover-20220811,009,1795
565.3575,565.3824,24609.0,28262.0,Nyctalus leisleri,0.141,0.229,-1,Echolocation,/mnt/ubna_data_01_mir/recover-20220811/UBNA_009/20220809_053000.WAV,Foliage,recover-20220811,009,1795
567.7145,567.726,26328.0,32383.0,Eptesicus serotinus,0.174,0.276,-1,Echolocation,/mnt/ubna_data_01_mir/recover-20220811/UBNA_009/20220809_053000.WAV,Foliage,recover-20220811,009,1795
568.4395,568.4567,25468.0,30693.0,Nyctalus leisleri,0.117,0.217,-1,Echolocation,/mnt/ubna_data_01_mir/recover-20220811/UBNA_009/20220809_053000.WAV,Foliage,recover-20220811,009,1795
568.5745,568.5875,26328.0,31653.0,Nyctalus leisleri,0.168,0.309,-1,Echolocation,/mnt/ubna_data_01_mir/recover-20220811/UBNA_009/20220809_053000.WAV,Foliage,recover-20220811,009,1795
568.7075,568.7222,26328.0,30775.0,Nyctalus leisleri,0.245,0.347,-1,Echolocation,/mnt/ubna_data_01_mir/recover-20220811/UBNA_009/20220809_053000.WAV,Foliage,recover-20220811,009,1795
568.8365,568.8538,25468.0,29826.0,Nyctalus leisleri,0.142,0.221,-1,Echolocation,/mnt/ubna_data_01_mir/recover-20220811/UBNA_009/20220809_053000.WAV,Foliage,recover-20220811,009,1795
569.0635,569.081,25468.0,30590.0,Nyctalus leisleri,0.361,0.498,-1,Echolocation,/mnt/ubna_data_01_mir/recover-20220811/UBNA_009/20220809_053000.WAV,Foliage,recover-20220811,009,1795
569.3085,569.3229,24609.0,30096.0,Nyctalus leisleri,0.357,0.528,-1,Echolocation,/mnt/ubna_data_01_mir/recover-20220811/UBNA_009/20220809_053000.WAV,Foliage,recover-20220811,009,1795
569.5665,569.5817,24609.0,30600.0,Nyctalus leisleri,0.377,0.557,-1,Echolocation,/mnt/ubna_data_01_mir/recover-20220811/UBNA_009/20220809_053000.WAV,Foliage,recover-20220811,009,1795
569.7115,569.7339,24609.0,28496.0,Nyctalus leisleri,0.173,0.247,-1,Echolocation,/mnt/ubna_data_01_mir/recover-20220811/UBNA_009/20220809_053000.WAV,Foliage,recover-20220811,009,1795
569.9545,569.9706,24609.0,30031.0,Nyctalus leisleri,0.348,0.55,-1,Echolocation,/mnt/ubna_data_01_mir/recover-20220811/UBNA_009/20220809_053000.WAV,Foliage,recover-20220811,009,1795
570.0985,570.114,24609.0,28797.0,Nyctalus leisleri,0.292,0.448,-1,Echolocation,/mnt/ubna_data_01_mir/recover-20220811/UBNA_009/20220809_053000.WAV,Foliage,recover-20220811,009,1795
570.3415,570.3571,24609.0,30618.0,Nyctalus leisleri,0.374,0.544,-1,Echolocation,/mnt/ubna_data_01_mir/recover-20220811/UBNA_009/20220809_053000.WAV,Foliage,recover-20220811,009,1795
570.4955,570.51,23750.0,28166.0,Nyctalus leisleri,0.322,0.48,-1,Echolocation,/mnt/ubna_data_01_mir/recover-20220811/UBNA_009/20220809_053000.WAV,Foliage,recover-20220811,009,1795
570.7295,570.7473,23750.0,28974.0,Nyctalus leisleri,0.323,0.471,-1,Echolocation,/mnt/ubna_data_01_mir/recover-20220811/UBNA_009/20220809_053000.WAV,Foliage,recover-20220811,009,1795
570.8885,570.9046,24609.0,29937.0,Nyctalus leisleri,0.311,0.455,-1,Echolocation,/mnt/ubna_data_01_mir/recover-20220811/UBNA_009/20220809_053000.WAV,Foliage,recover-20220811,009,1795
571.4235,571.4471,23750.0,27578.0,Nyctalus leisleri,0.168,0.26,-1,Echolocation,/mnt/ubna_data_01_mir/recover-20220811/UBNA_009/20220809_053000.WAV,Foliage,recover-20220811,009,1795
574.6465,574.6673,23750.0,27786.0,Nyctalus leisleri,0.233,0.324,-1,Echolocation,/mnt/ubna_data_01_mir/recover-20220811/UBNA_009/20220809_053000.WAV,Foliage,recover-20220811,009,1795
574.9005,574.9216,23750.0,27843.0,Nyctalus leisleri,0.176,0.258,-1,Echolocation,/mnt/ubna_data_01_mir/recover-20220811/UBNA_009/20220809_053000.WAV,Foliage,recover-20220811,009,1795
575.4235,575.4405,25468.0,29612.0,Nyctalus leisleri,0.163,0.255,-1,Echolocation,/mnt/ubna_data_01_mir/recover-20220811/UBNA_009/20220809_053000.WAV,Foliage,recover-20220811,009,1795
575.7155,575.728,25468.0,30499.0,Nyctalus leisleri,0.163,0.358,-1,Echolocation,/mnt/ubna_data_01_mir/recover-20220811/UBNA_009/20220809_053000.WAV,Foliage,recover-20220811,009,1795
575.9435,575.955,24609.0,31020.0,Nyctalus leisleri,0.295,0.532,-1,Echolocation,/mnt/ubna_data_01_mir/recover-20220811/UBNA_009/20220809_053000.WAV,Foliage,recover-20220811,009,1795
576.2015,576.2174,24609.0,28868.0,Nyctalus leisleri,0.39,0.504,-1,Echolocation,/mnt/ubna_data_01_mir/recover-20220811/UBNA_009/20220809_053000.WAV,Foliage,recover-20220811,009,1795
576.4595,576.4769,23750.0,28636.0,Nyctalus leisleri,0.351,0.493,-1,Echolocation,/mnt/ubna_data_01_mir/recover-20220811/UBNA_009/20220809_053000.WAV,Foliage,recover-20220811,009,1795
576.6175,576.6327,24609.0,28203.0,Nyctalus leisleri,0.533,0.633,-1,Echolocation,/mnt/ubna_data_01_mir/recover-20220811/UBNA_009/20220809_053000.WAV,Foliage,recover-20220811,009,1795
576.7585,576.7701,25468.0,31448.0,Nyctalus leisleri,0.305,0.541,-1,Echolocation,/mnt/ubna_data_01_mir/recover-20220811/UBNA_009/20220809_053000.WAV,Foliage,recover-20220811,009,1795
576.8915,576.9048,25468.0,30139.0,Nyctalus leisleri,0.179,0.315,-1,Echolocation,/mnt/ubna_data_01_mir/recover-20220811/UBNA_009/20220809_053000.WAV,Foliage,recover-20220811,009,1795
578.2845,578.3047,23750.0,27738.0,Nyctalus leisleri,0.137,0.212,-1,Echolocation,/mnt/ubna_data_01_mir/recover-20220811/UBNA_009/20220809_053000.WAV,Foliage,recover-20220811,009,1795
579.1915,579.211,24609.0,28619.0,Nyctalus leisleri,0.21,0.314,-1,Echolocation,/mnt/ubna_data_01_mir/recover-20220811/UBNA_009/20220809_053000.WAV,Foliage,recover-20220811,009,1795
579.3535,579.3717,25468.0,29938.0,Nyctalus leisleri,0.195,0.294,-1,Echolocation,/mnt/ubna_data_01_mir/recover-20220811/UBNA_009/20220809_053000.WAV,Foliage,recover-20220811,009,1795
580.7375,580.755,24609.0,30030.0,Nyctalus leisleri,0.128,0.246,-1,Echolocation,/mnt/ubna_data_01_mir/recover-20220811/UBNA_009/20220809_053000.WAV,Foliage,recover-20220811,009,1795
581.4765,581.4913,25468.0,29178.0,Nyctalus leisleri,0.387,0.463,-1,Echolocation,/mnt/ubna_data_01_mir/recover-20220811/UBNA_009/20220809_053000.WAV,Foliage,recover-20220811,009,1795
581.6805,581.6939,25468.0,29739.0,Nyctalus leisleri,0.269,0.391,-1,Echolocation,/mnt/ubna_data_01_mir/recover-20220811/UBNA_009/20220809_053000.WAV,Foliage,recover-20220811,009,1795
581.8125,581.8267,26328.0,30694.0,Nyctalus leisleri,0.152,0.283,-1,Echolocation,/mnt/ubna_data_01_mir/recover-20220811/UBNA_009/20220809_053000.WAV,Foliage,recover-20220811,009,1795
582.0295,582.0427,25468.0,30924.0,Nyctalus leisleri,0.202,0.364,-1,Echolocation,/mnt/ubna_data_01_mir/recover-20220811/UBNA_009/20220809_053000.WAV,Foliage,recover-20220811,009,1795
582.2605,582.2756,26328.0,30647.0,Nyctalus leisleri,0.375,0.507,-1,Echolocation,/mnt/ubna_data_01_mir/recover-20220811/UBNA_009/20220809_053000.WAV,Foliage,recover-20220811,009,1795
582.3905,582.4048,26328.0,31632.0,Nyctalus leisleri,0.157,0.306,-1,Echolocation,/mnt/ubna_data_01_mir/recover-20220811/UBNA_009/20220809_053000.WAV,Foliage,recover-20220811,009,1795
582.6095,582.624,25468.0,29705.0,Nyctalus leisleri,0.264,0.366,-1,Echolocation,/mnt/ubna_data_01_mir/recover-20220811/UBNA_009/20220809_053000.WAV,Foliage,recover-20220811,009,1795
582.7395,582.7555,25468.0,31167.0,Eptesicus serotinus,0.133,0.28,-1,Echolocation,/mnt/ubna_data_01_mir/recover-20220811/UBNA_009/20220809_053000.WAV,Foliage,recover-20220811,009,1795
582.9685,582.9872,25468.0,30247.0,Nyctalus leisleri,0.114,0.215,-1,Echolocation,/mnt/ubna_data_01_mir/recover-20220811/UBNA_009/20220809_053000.WAV,Foliage,recover-20220811,009,1795
583.0945,583.1104,26328.0,30166.0,Nyctalus leisleri,0.14,0.224,-1,Echolocation,/mnt/ubna_data_01_mir/recover-20220811/UBNA_009/20220809_053000.WAV,Foliage,recover-20220811,009,1795
583.3285,583.3488,24609.0,29103.0,Nyctalus leisleri,0.167,0.276,-1,Echolocation,/mnt/ubna_data_01_mir/recover-20220811/UBNA_009/20220809_053000.WAV,Foliage,recover-20220811,009,1795
583.5725,583.5887,25468.0,30813.0,Nyctalus leisleri,0.386,0.483,-1,Echolocation,/mnt/ubna_data_01_mir/recover-20220811/UBNA_009/20220809_053000.WAV,Foliage,recover-20220811,009,1795
583.7125,583.7284,24609.0,30183.0,Nyctalus leisleri,0.357,0.524,-1,Echolocation,/mnt/ubna_data_01_mir/recover-20220811/UBNA_009/20220809_053000.WAV,Foliage,recover-20220811,009,1795
583.9615,583.9767,25468.0,33224.0,Nyctalus leisleri,0.267,0.533,-1,Echolocation,/mnt/ubna_data_01_mir/recover-20220811/UBNA_009/20220809_053000.WAV,Foliage,recover-20220811,009,1795
584.1075,584.1251,24609.0,30204.0,Nyctalus leisleri,0.257,0.467,-1,Echolocation,/mnt/ubna_data_01_mir/recover-20220811/UBNA_009/20220809_053000.WAV,Foliage,recover-20220811,009,1795
584.3585,584.3735,25468.0,32862.0,Nyctalus leisleri,0.285,0.6,-1,Echolocation,/mnt/ubna_data_01_mir/recover-20220811/UBNA_009/20220809_053000.WAV,Foliage,recover-20220811,009,1795
584.5135,584.5294,24609.0,28273.0,Nyctalus leisleri,0.459,0.54,-1,Echolocation,/mnt/ubna_data_01_mir/recover-20220811/UBNA_009/20220809_053000.WAV,Foliage,recover-20220811,009,1795
584.7545,584.767,26328.0,30180.0,Nyctalus leisleri,0.36,0.472,-1,Echolocation,/mnt/ubna_data_01_mir/recover-20220811/UBNA_009/20220809_053000.WAV,Foliage,recover-20220811,009,1795
585.0025,585.0184,23750.0,28242.0,Nyctalus leisleri,0.307,0.459,-1,Echolocation,/mnt/ubna_data_01_mir/recover-20220811/UBNA_009/20220809_053000.WAV,Foliage,recover-20220811,009,1795
585.1445,585.1558,25468.0,31137.0,Nyctalus leisleri,0.342,0.504,-1,Echolocation,/mnt/ubna_data_01_mir/recover-20220811/UBNA_009/20220809_053000.WAV,Foliage,recover-20220811,009,1795
585.3035,585.3188,24609.0,29737.0,Nyctalus leisleri,0.28,0.492,-1,Echolocation,/mnt/ubna_data_01_mir/recover-20220811/UBNA_009/20220809_053000.WAV,Foliage,recover-20220811,009,1795
585.5495,585.5654,24609.0,29699.0,Nyctalus leisleri,0.386,0.507,-1,Echolocation,/mnt/ubna_data_01_mir/recover-20220811/UBNA_009/20220809_053000.WAV,Foliage,recover-20220811,009,1795
585.7055,585.723,24609.0,28518.0,Nyctalus leisleri,0.373,0.474,-1,Echolocation,/mnt/ubna_data_01_mir/recover-20220811/UBNA_009/20220809_053000.WAV,Foliage,recover-20220811,009,1795
585.9555,585.9737,24609.0,28906.0,Nyctalus leisleri,0.342,0.454,-1,Echolocation,/mnt/ubna_data_01_mir/recover-20220811/UBNA_009/20220809_053000.WAV,Foliage,recover-20220811,009,1795
586.2655,586.2746,40078.0,45693.0,Pipistrellus nathusii,0.171,0.229,-1,Echolocation,/mnt/ubna_data_01_mir/recover-20220811/UBNA_009/20220809_053000.WAV,Foliage,recover-20220811,009,1795
586.3555,586.3719,24609.0,29431.0,Nyctalus leisleri,0.369,0.508,-1,Echolocation,/mnt/ubna_data_01_mir/recover-20220811/UBNA_009/20220809_053000.WAV,Foliage,recover-20220811,009,1795
586.7645,586.7860000000001,24609.0,28153.0,Nyctalus leisleri,0.13,0.213,-1,Echolocation,/mnt/ubna_data_01_mir/recover-20220811/UBNA_009/20220809_053000.WAV,Foliage,recover-20220811,009,1795
590.1555,590.1713,25468.0,30178.0,Nyctalus leisleri,0.154,0.264,-1,Echolocation,/mnt/ubna_data_01_mir/recover-20220811/UBNA_009/20220809_053000.WAV,Foliage,recover-20220811,009,1795
590.2895,590.3079,26328.0,30479.0,Nyctalus leisleri,0.186,0.311,-1,Echolocation,/mnt/ubna_data_01_mir/recover-20220811/UBNA_009/20220809_053000.WAV,Foliage,recover-20220811,009,1795
590.6555,590.6719,24609.0,29962.0,Nyctalus leisleri,0.38,0.493,-1,Echolocation,/mnt/ubna_data_01_mir/recover-20220811/UBNA_009/20220809_053000.WAV,Foliage,recover-20220811,009,1795
590.7965,590.8142,25468.0,29978.0,Nyctalus leisleri,0.274,0.377,-1,Echolocation,/mnt/ubna_data_01_mir/recover-20220811/UBNA_009/20220809_053000.WAV,Foliage,recover-20220811,009,1795
591.0285,591.044,24609.0,31068.0,Nyctalus leisleri,0.375,0.581,-1,Echolocation,/mnt/ubna_data_01_mir/recover-20220811/UBNA_009/20220809_053000.WAV,Foliage,recover-20220811,009,1795
591.1845,591.2048,24609.0,29646.0,Nyctalus leisleri,0.141,0.246,-1,Echolocation,/mnt/ubna_data_01_mir/recover-20220811/UBNA_009/20220809_053000.WAV,Foliage,recover-20220811,009,1795
591.5465,591.5647,24609.0,29433.0,Nyctalus leisleri,0.319,0.433,-1,Echolocation,/mnt/ubna_data_01_mir/recover-20220811/UBNA_009/20220809_053000.WAV,Foliage,recover-20220811,009,1795
591.7055,591.7214,24609.0,31227.0,Nyctalus leisleri,0.275,0.528,-1,Echolocation,/mnt/ubna_data_01_mir/recover-20220811/UBNA_009/20220809_053000.WAV,Foliage,recover-20220811,009,1795
591.9455,591.9601,23750.0,29982.0,Nyctalus leisleri,0.359,0.581,-1,Echolocation,/mnt/ubna_data_01_mir/recover-20220811/UBNA_009/20220809_053000.WAV,Foliage,recover-20220811,009,1795
592.0855,592.1008,25468.0,31875.0,Nyctalus leisleri,0.381,0.576,-1,Echolocation,/mnt/ubna_data_01_mir/recover-20220811/UBNA_009/20220809_053000.WAV,Foliage,recover-20220811,009,1795
592.3215,592.3377,23750.0,28295.0,Nyctalus leisleri,0.485,0.579,-1,Echolocation,/mnt/ubna_data_01_mir/recover-20220811/UBNA_009/20220809_053000.WAV,Foliage,recover-20220811,009,1795
592.5555,592.5718,24609.0,32503.0,Eptesicus serotinus,0.224,0.384,-1,Echolocation,/mnt/ubna_data_01_mir/recover-20220811/UBNA_009/20220809_053000.WAV,Foliage,recover-20220811,009,1795
592.7035,592.7163,24609.0,29122.0,Nyctalus leisleri,0.389,0.534,-1,Echolocation,/mnt/ubna_data_01_mir/recover-20220811/UBNA_009/20220809_053000.WAV,Foliage,recover-20220811,009,1795
592.9365,592.9499,24609.0,30273.0,Nyctalus leisleri,0.386,0.595,-1,Echolocation,/mnt/ubna_data_01_mir/recover-20220811/UBNA_009/20220809_053000.WAV,Foliage,recover-20220811,009,1795
593.0815,593.0976,24609.0,27825.0,Nyctalus leisleri,0.275,0.355,-1,Echolocation,/mnt/ubna_data_01_mir/recover-20220811/UBNA_009/20220809_053000.WAV,Foliage,recover-20220811,009,1795
593.3205,593.3376,23750.0,29987.0,Nyctalus leisleri,0.308,0.565,-1,Echolocation,/mnt/ubna_data_01_mir/recover-20220811/UBNA_009/20220809_053000.WAV,Foliage,recover-20220811,009,1795
593.4655,593.4884,24609.0,28411.0,Nyctalus leisleri,0.229,0.334,-1,Echolocation,/mnt/ubna_data_01_mir/recover-20220811/UBNA_009/20220809_053000.WAV,Foliage,recover-20220811,009,1795
594.2185,594.236,24609.0,29321.0,Nyctalus leisleri,0.152,0.268,-1,Echolocation,/mnt/ubna_data_01_mir/recover-20220811/UBNA_009/20220809_053000.WAV,Foliage,recover-20220811,009,1795
594.5695,594.5932,24609.0,29337.0,Nyctalus leisleri,0.144,0.282,-1,Echolocation,/mnt/ubna_data_01_mir/recover-20220811/UBNA_009/20220809_053000.WAV,Foliage,recover-20220811,009,1795
594.8695,594.8864,24609.0,28925.0,Nyctalus leisleri,0.272,0.392,-1,Echolocation,/mnt/ubna_data_01_mir/recover-20220811/UBNA_009/20220809_053000.WAV,Foliage,recover-20220811,009,1795
595.0975,595.1135,24609.0,29226.0,Nyctalus leisleri,0.244,0.371,-1,Echolocation,/mnt/ubna_data_01_mir/recover-20220811/UBNA_009/20220809_053000.WAV,Foliage,recover-20220811,009,1795
595.2435,595.2598,24609.0,29514.0,Nyctalus leisleri,0.331,0.471,-1,Echolocation,/mnt/ubna_data_01_mir/recover-20220811/UBNA_009/20220809_053000.WAV,Foliage,recover-20220811,009,1795
597.2635,597.2757,25468.0,32200.0,Nyctalus leisleri,0.279,0.534,-1,Echolocation,/mnt/ubna_data_01_mir/recover-20220811/UBNA_009/20220809_053000.WAV,Foliage,recover-20220811,009,1795
597.3785,597.3891,26328.0,34513.0,Eptesicus serotinus,0.285,0.595,-1,Echolocation,/mnt/ubna_data_01_mir/recover-20220811/UBNA_009/20220809_053000.WAV,Foliage,recover-20220811,009,1795
597.4895,597.5011,25468.0,32237.0,Eptesicus serotinus,0.181,0.377,-1,Echolocation,/mnt/ubna_data_01_mir/recover-20220811/UBNA_009/20220809_053000.WAV,Foliage,recover-20220811,009,1795
597.5995,597.6099,26328.0,33390.0,Eptesicus serotinus,0.262,0.511,-1,Echolocation,/mnt/ubna_data_01_mir/recover-20220811/UBNA_009/20220809_053000.WAV,Foliage,recover-20220811,009,1795
597.8385,597.8533,24609.0,29078.0,Nyctalus leisleri,0.369,0.488,-1,Echolocation,/mnt/ubna_data_01_mir/recover-20220811/UBNA_009/20220809_053000.WAV,Foliage,recover-20220811,009,1795
597.9685,597.9804,25468.0,31778.0,Nyctalus leisleri,0.287,0.437,-1,Echolocation,/mnt/ubna_data_01_mir/recover-20220811/UBNA_009/20220809_053000.WAV,Foliage,recover-20220811,009,1795
598.1125,598.1273,26328.0,32219.0,Nyctalus leisleri,0.277,0.418,-1,Echolocation,/mnt/ubna_data_01_mir/recover-20220811/UBNA_009/20220809_053000.WAV,Foliage,recover-20220811,009,1795
598.2595,598.2725,26328.0,31430.0,Nyctalus leisleri,0.275,0.454,-1,Echolocation,/mnt/ubna_data_01_mir/recover-20220811/UBNA_009/20220809_053000.WAV,Foliage,recover-20220811,009,1795
598.4175,598.4304,26328.0,33409.0,Nyctalus leisleri,0.285,0.526,-1,Echolocation,/mnt/ubna_data_01_mir/recover-20220811/UBNA_009/20220809_053000.WAV,Foliage,recover-20220811,009,1795
598.5955,598.6093,25468.0,32462.0,Eptesicus serotinus,0.213,0.406,-1,Echolocation,/mnt/ubna_data_01_mir/recover-20220811/UBNA_009/20220809_053000.WAV,Foliage,recover-20220811,009,1795
598.7475,598.7612,26328.0,33061.0,Eptesicus serotinus,0.219,0.504,-1,Echolocation,/mnt/ubna_data_01_mir/recover-20220811/UBNA_009/20220809_053000.WAV,Foliage,recover-20220811,009,1795
600.5195,600.5318,26328.0,34699.0,Eptesicus serotinus,0.246,0.465,-1,Echolocation,/mnt/ubna_data_01_mir/recover-20220811/UBNA_009/20220809_053000.WAV,Foliage,recover-20220811,009,1795
600.7865,600.7977,26328.0,33453.0,Eptesicus serotinus,0.301,0.55,-1,Echolocation,/mnt/ubna_data_01_mir/recover-20220811/UBNA_009/20220809_053000.WAV,Foliage,recover-20220811,009,1795
600.9165,600.9285,26328.0,32798.0,Eptesicus serotinus,0.162,0.24,-1,Echolocation,/mnt/ubna_data_01_mir/recover-20220811/UBNA_009/20220809_053000.WAV,Foliage,recover-20220811,009,1795
600.9235,600.9365,26328.0,30860.0,Nyctalus leisleri,0.155,0.315,-1,Echolocation,/mnt/ubna_data_01_mir/recover-20220811/UBNA_009/20220809_053000.WAV,Foliage,recover-20220811,009,1795
601.0615,601.078,25468.0,30914.0,Nyctalus leisleri,0.181,0.356,-1,Echolocation,/mnt/ubna_data_01_mir/recover-20220811/UBNA_009/20220809_053000.WAV,Foliage,recover-20220811,009,1795
602.1395,602.1518,27187.0,33474.0,Nyctalus leisleri,0.299,0.537,-1,Echolocation,/mnt/ubna_data_01_mir/recover-20220811/UBNA_009/20220809_053000.WAV,Foliage,recover-20220811,009,1795
602.2675,602.2802,25468.0,33221.0,Eptesicus serotinus,0.333,0.58,-1,Echolocation,/mnt/ubna_data_01_mir/recover-20220811/UBNA_009/20220809_053000.WAV,Foliage,recover-20220811,009,1795
602.4345,602.45,24609.0,29574.0,Nyctalus leisleri,0.304,0.493,-1,Echolocation,/mnt/ubna_data_01_mir/recover-20220811/UBNA_009/20220809_053000.WAV,Foliage,recover-20220811,009,1795
602.6085,602.6281,23750.0,28787.0,Nyctalus leisleri,0.332,0.488,-1,Echolocation,/mnt/ubna_data_01_mir/recover-20220811/UBNA_009/20220809_053000.WAV,Foliage,recover-20220811,009,1795
602.7995,602.8161,24609.0,29121.0,Nyctalus leisleri,0.28,0.498,-1,Echolocation,/mnt/ubna_data_01_mir/recover-20220811/UBNA_009/20220809_053000.WAV,Foliage,recover-20220811,009,1795
602.9645,602.981,24609.0,31874.0,Eptesicus serotinus,0.233,0.507,-1,Echolocation,/mnt/ubna_data_01_mir/recover-20220811/UBNA_009/20220809_053000.WAV,Foliage,recover-20220811,009,1795
603.1775,603.1982,24609.0,28731.0,Nyctalus leisleri,0.273,0.397,-1,Echolocation,/mnt/ubna_data_01_mir/recover-20220811/UBNA_009/20220809_053000.WAV,Foliage,recover-20220811,009,1795
603.3795,603.4007,24609.0,27607.0,Nyctalus leisleri,0.228,0.285,-1,Echolocation,/mnt/ubna_data_01_mir/recover-20220811/UBNA_009/20220809_053000.WAV,Foliage,recover-20220811,009,1795
603.5235,603.5391,25468.0,30749.0,Nyctalus leisleri,0.371,0.516,-1,Echolocation,/mnt/ubna_data_01_mir/recover-20220811/UBNA_009/20220809_053000.WAV,Foliage,recover-20220811,009,1795
603.6735,603.6929,24609.0,28304.0,Nyctalus leisleri,0.128,0.221,-1,Echolocation,/mnt/ubna_data_01_mir/recover-20220811/UBNA_009/20220809_053000.WAV,Foliage,recover-20220811,009,1795
603.9155,603.939,24609.0,28659.0,Nyctalus leisleri,0.184,0.262,-1,Echolocation,/mnt/ubna_data_01_mir/recover-20220811/UBNA_009/20220809_053000.WAV,Foliage,recover-20220811,009,1795
607.0665,607.0797,24609.0,29367.0,Nyctalus leisleri,0.163,0.311,-1,Echolocation,/mnt/ubna_data_01_mir/recover-20220811/UBNA_009/20220809_053000.WAV,Foliage,recover-20220811,009,1795
607.2925,607.3098,24609.0,29302.0,Nyctalus leisleri,0.357,0.491,-1,Echolocation,/mnt/ubna_data_01_mir/recover-20220811/UBNA_009/20220809_053000.WAV,Foliage,recover-20220811,009,1795
607.4345,607.4505,24609.0,29488.0,Nyctalus leisleri,0.247,0.365,-1,Echolocation,/mnt/ubna_data_01_mir/recover-20220811/UBNA_009/20220809_053000.WAV,Foliage,recover-20220811,009,1795
607.6655,607.6801,25468.0,30054.0,Nyctalus leisleri,0.42,0.538,-1,Echolocation,/mnt/ubna_data_01_mir/recover-20220811/UBNA_009/20220809_053000.WAV,Foliage,recover-20220811,009,1795
607.7985,607.8143,25468.0,30478.0,Eptesicus serotinus,0.135,0.293,-1,Echolocation,/mnt/ubna_data_01_mir/recover-20220811/UBNA_009/20220809_053000.WAV,Foliage,recover-20220811,009,1795
608.0475,608.0649,24609.0,29899.0,Nyctalus leisleri,0.351,0.47,-1,Echolocation,/mnt/ubna_data_01_mir/recover-20220811/UBNA_009/20220809_053000.WAV,Foliage,recover-20220811,009,1795
608.1875,608.2052,24609.0,29804.0,Nyctalus leisleri,0.304,0.442,-1,Echolocation,/mnt/ubna_data_01_mir/recover-20220811/UBNA_009/20220809_053000.WAV,Foliage,recover-20220811,009,1795
608.4195,608.4348,24609.0,32435.0,Nyctalus leisleri,0.28,0.527,-1,Echolocation,/mnt/ubna_data_01_mir/recover-20220811/UBNA_009/20220809_053000.WAV,Foliage,recover-20220811,009,1795
608.5855,608.6039,24609.0,30362.0,Nyctalus leisleri,0.317,0.499,-1,Echolocation,/mnt/ubna_data_01_mir/recover-20220811/UBNA_009/20220809_053000.WAV,Foliage,recover-20220811,009,1795
608.5905,608.6153,49531.0,54394.0,Pipistrellus pipistrellus,0.154,0.217,-1,Echolocation,/mnt/ubna_data_01_mir/recover-20220811/UBNA_009/20220809_053000.WAV,Foliage,recover-20220811,009,1795
608.7995,608.8159,24609.0,30861.0,Nyctalus leisleri,0.236,0.444,-1,Echolocation,/mnt/ubna_data_01_mir/recover-20220811/UBNA_009/20220809_053000.WAV,Foliage,recover-20220811,009,1795
608.9385,608.9533,25468.0,32688.0,Eptesicus serotinus,0.169,0.356,-1,Echolocation,/mnt/ubna_data_01_mir/recover-20220811/UBNA_009/20220809_053000.WAV,Foliage,recover-20220811,009,1795
609.0795,609.0934,25468.0,31815.0,Nyctalus leisleri,0.195,0.401,-1,Echolocation,/mnt/ubna_data_01_mir/recover-20220811/UBNA_009/20220809_053000.WAV,Foliage,recover-20220811,009,1795
609.2915,609.309,25468.0,29681.0,Nyctalus leisleri,0.339,0.424,-1,Echolocation,/mnt/ubna_data_01_mir/recover-20220811/UBNA_009/20220809_053000.WAV,Foliage,recover-20220811,009,1795
609.5145,609.5296,24609.0,30722.0,Nyctalus leisleri,0.292,0.512,-1,Echolocation,/mnt/ubna_data_01_mir/recover-20220811/UBNA_009/20220809_053000.WAV,Foliage,recover-20220811,009,1795
609.6505,609.6649,25468.0,31807.0,Nyctalus leisleri,0.36,0.508,-1,Echolocation,/mnt/ubna_data_01_mir/recover-20220811/UBNA_009/20220809_053000.WAV,Foliage,recover-20220811,009,1795
609.8725,609.8858,25468.0,32094.0,Nyctalus leisleri,0.366,0.579,-1,Echolocation,/mnt/ubna_data_01_mir/recover-20220811/UBNA_009/20220809_053000.WAV,Foliage,recover-20220811,009,1795
610.0045,610.018,25468.0,30898.0,Nyctalus leisleri,0.217,0.397,-1,Echolocation,/mnt/ubna_data_01_mir/recover-20220811/UBNA_009/20220809_053000.WAV,Foliage,recover-20220811,009,1795
610.2315,610.2459,25468.0,31504.0,Nyctalus leisleri,0.342,0.495,-1,Echolocation,/mnt/ubna_data_01_mir/recover-20220811/UBNA_009/20220809_053000.WAV,Foliage,recover-20220811,009,1795
610.3635,610.3749,25468.0,31307.0,Nyctalus leisleri,0.186,0.371,-1,Echolocation,/mnt/ubna_data_01_mir/recover-20220811/UBNA_009/20220809_053000.WAV,Foliage,recover-20220811,009,1795
610.5955,610.6118,24609.0,29211.0,Nyctalus leisleri,0.379,0.479,-1,Echolocation,/mnt/ubna_data_01_mir/recover-20220811/UBNA_009/20220809_053000.WAV,Foliage,recover-20220811,009,1795
610.9785,610.9938,24609.0,32994.0,Eptesicus serotinus,0.265,0.525,-1,Echolocation,/mnt/ubna_data_01_mir/recover-20220811/UBNA_009/20220809_053000.WAV,Foliage,recover-20220811,009,1795
611.1195,611.1349,24609.0,29696.0,Nyctalus leisleri,0.303,0.455,-1,Echolocation,/mnt/ubna_data_01_mir/recover-20220811/UBNA_009/20220809_053000.WAV,Foliage,recover-20220811,009,1795
611.3655,611.3838,25468.0,29387.0,Nyctalus leisleri,0.187,0.284,-1,Echolocation,/mnt/ubna_data_01_mir/recover-20220811/UBNA_009/20220809_053000.WAV,Foliage,recover-20220811,009,1795
611.5145,611.5349,24609.0,28788.0,Nyctalus leisleri,0.219,0.313,-1,Echolocation,/mnt/ubna_data_01_mir/recover-20220811/UBNA_009/20220809_053000.WAV,Foliage,recover-20220811,009,1795
611.7535,611.773,24609.0,31399.0,Eptesicus serotinus,0.107,0.223,-1,Echolocation,/mnt/ubna_data_01_mir/recover-20220811/UBNA_009/20220809_053000.WAV,Foliage,recover-20220811,009,1795
611.9125,611.9304,24609.0,29847.0,Nyctalus leisleri,0.169,0.303,-1,Echolocation,/mnt/ubna_data_01_mir/recover-20220811/UBNA_009/20220809_053000.WAV,Foliage,recover-20220811,009,1795
612.2975,612.3117,27187.0,32046.0,Nyctalus leisleri,0.115,0.226,-1,Echolocation,/mnt/ubna_data_01_mir/recover-20220811/UBNA_009/20220809_053000.WAV,Foliage,recover-20220811,009,1795
613.3275,613.3396,28046.0,32809.0,Eptesicus serotinus,0.177,0.291,-1,Echolocation,/mnt/ubna_data_01_mir/recover-20220811/UBNA_009/20220809_053000.WAV,Foliage,recover-20220811,009,1795
613.5575,613.5711,27187.0,32927.0,Eptesicus serotinus,0.2,0.361,-1,Echolocation,/mnt/ubna_data_01_mir/recover-20220811/UBNA_009/20220809_053000.WAV,Foliage,recover-20220811,009,1795
613.6795,613.689,27187.0,35242.0,Eptesicus serotinus,0.334,0.585,-1,Echolocation,/mnt/ubna_data_01_mir/recover-20220811/UBNA_009/20220809_053000.WAV,Foliage,recover-20220811,009,1795
613.8015,613.812,26328.0,33838.0,Eptesicus serotinus,0.329,0.499,-1,Echolocation,/mnt/ubna_data_01_mir/recover-20220811/UBNA_009/20220809_053000.WAV,Foliage,recover-20220811,009,1795
614.0275,614.0396,26328.0,32117.0,Nyctalus leisleri,0.315,0.524,-1,Echolocation,/mnt/ubna_data_01_mir/recover-20220811/UBNA_009/20220809_053000.WAV,Foliage,recover-20220811,009,1795
614.1595,614.1718,26328.0,32183.0,Eptesicus serotinus,0.152,0.321,-1,Echolocation,/mnt/ubna_data_01_mir/recover-20220811/UBNA_009/20220809_053000.WAV,Foliage,recover-20220811,009,1795
614.2895,614.301,26328.0,34389.0,Eptesicus serotinus,0.301,0.514,-1,Echolocation,/mnt/ubna_data_01_mir/recover-20220811/UBNA_009/20220809_053000.WAV,Foliage,recover-20220811,009,1795
614.4245,614.4375,25468.0,31672.0,Nyctalus leisleri,0.406,0.608,-1,Echolocation,/mnt/ubna_data_01_mir/recover-20220811/UBNA_009/20220809_053000.WAV,Foliage,recover-20220811,009,1795
614.6615,614.6743,26328.0,33579.0,Nyctalus leisleri,0.249,0.493,-1,Echolocation,/mnt/ubna_data_01_mir/recover-20220811/UBNA_009/20220809_053000.WAV,Foliage,recover-20220811,009,1795
614.9315,614.9429,26328.0,32383.0,Nyctalus leisleri,0.355,0.566,-1,Echolocation,/mnt/ubna_data_01_mir/recover-20220811/UBNA_009/20220809_053000.WAV,Foliage,recover-20220811,009,1795
615.0755,615.0903,25468.0,29598.0,Nyctalus leisleri,0.27,0.405,-1,Echolocation,/mnt/ubna_data_01_mir/recover-20220811/UBNA_009/20220809_053000.WAV,Foliage,recover-20220811,009,1795
615.2075,615.2232,26328.0,31537.0,Nyctalus leisleri,0.362,0.521,-1,Echolocation,/mnt/ubna_data_01_mir/recover-20220811/UBNA_009/20220809_053000.WAV,Foliage,recover-20220811,009,1795
615.4595,615.4729,24609.0,29679.0,Nyctalus leisleri,0.294,0.465,-1,Echolocation,/mnt/ubna_data_01_mir/recover-20220811/UBNA_009/20220809_053000.WAV,Foliage,recover-20220811,009,1795
615.5905,615.6046,25468.0,32359.0,Nyctalus leisleri,0.23,0.486,-1,Echolocation,/mnt/ubna_data_01_mir/recover-20220811/UBNA_009/20220809_053000.WAV,Foliage,recover-20220811,009,1795
615.7205,615.7322,24609.0,30793.0,Eptesicus serotinus,0.166,0.3,-1,Echolocation,/mnt/ubna_data_01_mir/recover-20220811/UBNA_009/20220809_053000.WAV,Foliage,recover-20220811,009,1795
615.8555,615.8703,26328.0,31691.0,Nyctalus leisleri,0.236,0.405,-1,Echolocation,/mnt/ubna_data_01_mir/recover-20220811/UBNA_009/20220809_053000.WAV,Foliage,recover-20220811,009,1795
615.9825,615.9967,26328.0,32229.0,Nyctalus leisleri,0.255,0.399,-1,Echolocation,/mnt/ubna_data_01_mir/recover-20220811/UBNA_009/20220809_053000.WAV,Foliage,recover-20220811,009,1795
616.1205,616.1319,26328.0,32152.0,Nyctalus leisleri,0.179,0.341,-1,Echolocation,/mnt/ubna_data_01_mir/recover-20220811/UBNA_009/20220809_053000.WAV,Foliage,recover-20220811,009,1795
616.3005,616.3149,26328.0,31520.0,Nyctalus leisleri,0.154,0.277,-1,Echolocation,/mnt/ubna_data_01_mir/recover-20220811/UBNA_009/20220809_053000.WAV,Foliage,recover-20220811,009,1795
617.0595,617.0742,26328.0,32030.0,Nyctalus leisleri,0.225,0.328,-1,Echolocation,/mnt/ubna_data_01_mir/recover-20220811/UBNA_009/20220809_053000.WAV,Foliage,recover-20220811,009,1795
617.1775,617.1915,25468.0,31321.0,Nyctalus leisleri,0.269,0.425,-1,Echolocation,/mnt/ubna_data_01_mir/recover-20220811/UBNA_009/20220809_053000.WAV,Foliage,recover-20220811,009,1795
617.3865,617.4026,25468.0,32000.0,Eptesicus serotinus,0.171,0.285,-1,Echolocation,/mnt/ubna_data_01_mir/recover-20220811/UBNA_009/20220809_053000.WAV,Foliage,recover-20220811,009,1795
617.5095,617.524,26328.0,32245.0,Eptesicus serotinus,0.107,0.233,-1,Echolocation,/mnt/ubna_data_01_mir/recover-20220811/UBNA_009/20220809_053000.WAV,Foliage,recover-20220811,009,1795
617.7075,617.7249,25468.0,31061.0,Nyctalus leisleri,0.172,0.32,-1,Echolocation,/mnt/ubna_data_01_mir/recover-20220811/UBNA_009/20220809_053000.WAV,Foliage,recover-20220811,009,1795
618.0605,618.0786,25468.0,29253.0,Nyctalus leisleri,0.127,0.212,-1,Echolocation,/mnt/ubna_data_01_mir/recover-20220811/UBNA_009/20220809_053000.WAV,Foliage,recover-20220811,009,1795
618.3235,618.3413,24609.0,29586.0,Eptesicus serotinus,0.103,0.203,-1,Echolocation,/mnt/ubna_data_01_mir/recover-20220811/UBNA_009/20220809_053000.WAV,Foliage,recover-20220811,009,1795
618.8235,618.8389,24609.0,28531.0,Nyctalus leisleri,0.113,0.225,-1,Echolocation,/mnt/ubna_data_01_mir/recover-20220811/UBNA_009/20220809_053000.WAV,Foliage,recover-20220811,009,1795
619.2355,619.2483,25468.0,30016.0,Eptesicus serotinus,0.09,0.201,-1,Echolocation,/mnt/ubna_data_01_mir/recover-20220811/UBNA_009/20220809_053000.WAV,Foliage,recover-20220811,009,1795
625.3445,625.359,24609.0,28737.0,Eptesicus serotinus,0.097,0.221,-1,Echolocation,/mnt/ubna_data_01_mir/recover-20220811/UBNA_009/20220809_053000.WAV,Foliage,recover-20220811,009,1795
625.7165,625.7344,25468.0,29769.0,Nyctalus leisleri,0.2,0.336,-1,Echolocation,/mnt/ubna_data_01_mir/recover-20220811/UBNA_009/20220809_053000.WAV,Foliage,recover-20220811,009,1795
625.8775,625.8945,25468.0,29887.0,Nyctalus leisleri,0.205,0.294,-1,Echolocation,/mnt/ubna_data_01_mir/recover-20220811/UBNA_009/20220809_053000.WAV,Foliage,recover-20220811,009,1795
626.8055,626.8256,25468.0,29060.0,Nyctalus leisleri,0.129,0.201,-1,Echolocation,/mnt/ubna_data_01_mir/recover-20220811/UBNA_009/20220809_053000.WAV,Foliage,recover-20220811,009,1795
627.0795,627.0939,25468.0,33753.0,Nyctalus leisleri,0.244,0.566,-1,Echolocation,/mnt/ubna_data_01_mir/recover-20220811/UBNA_009/20220809_053000.WAV,Foliage,recover-20220811,009,1795
627.2315,627.2476,24609.0,30996.0,Nyctalus leisleri,0.254,0.453,-1,Echolocation,/mnt/ubna_data_01_mir/recover-20220811/UBNA_009/20220809_053000.WAV,Foliage,recover-20220811,009,1795
627.4785,627.4937,25468.0,31076.0,Nyctalus leisleri,0.354,0.495,-1,Echolocation,/mnt/ubna_data_01_mir/recover-20220811/UBNA_009/20220809_053000.WAV,Foliage,recover-20220811,009,1795
627.6345,627.654,24609.0,28932.0,Nyctalus leisleri,0.124,0.264,-1,Echolocation,/mnt/ubna_data_01_mir/recover-20220811/UBNA_009/20220809_053000.WAV,Foliage,recover-20220811,009,1795
627.8885,627.9062,25468.0,29386.0,Nyctalus leisleri,0.357,0.451,-1,Echolocation,/mnt/ubna_data_01_mir/recover-20220811/UBNA_009/20220809_053000.WAV,Foliage,recover-20220811,009,1795
628.0415,628.057,24609.0,29487.0,Nyctalus leisleri,0.113,0.23,-1,Echolocation,/mnt/ubna_data_01_mir/recover-20220811/UBNA_009/20220809_053000.WAV,Foliage,recover-20220811,009,1795
628.1915,628.2083,25468.0,31279.0,Nyctalus leisleri,0.193,0.331,-1,Echolocation,/mnt/ubna_data_01_mir/recover-20220811/UBNA_009/20220809_053000.WAV,Foliage,recover-20220811,009,1795
628.3445,628.3667,24609.0,28401.0,Nyctalus leisleri,0.202,0.28,-1,Echolocation,/mnt/ubna_data_01_mir/recover-20220811/UBNA_009/20220809_053000.WAV,Foliage,recover-20220811,009,1795
628.5905,628.6056,25468.0,31240.0,Nyctalus leisleri,0.301,0.552,-1,Echolocation,/mnt/ubna_data_01_mir/recover-20220811/UBNA_009/20220809_053000.WAV,Foliage,recover-20220811,009,1795
628.7615,628.776,24609.0,29506.0,Nyctalus leisleri,0.282,0.491,-1,Echolocation,/mnt/ubna_data_01_mir/recover-20220811/UBNA_009/20220809_053000.WAV,Foliage,recover-20220811,009,1795
628.9245,628.9414,24609.0,30148.0,Nyctalus leisleri,0.204,0.329,-1,Echolocation,/mnt/ubna_data_01_mir/recover-20220811/UBNA_009/20220809_053000.WAV,Foliage,recover-20220811,009,1795
629.3885,629.4024,25468.0,32956.0,Eptesicus serotinus,0.247,0.494,-1,Echolocation,/mnt/ubna_data_01_mir/recover-20220811/UBNA_009/20220809_053000.WAV,Foliage,recover-20220811,009,1795
629.5335,629.5527,24609.0,29990.0,Nyctalus leisleri,0.116,0.226,-1,Echolocation,/mnt/ubna_data_01_mir/recover-20220811/UBNA_009/20220809_053000.WAV,Foliage,recover-20220811,009,1795
629.6785,629.6934,25468.0,30365.0,Nyctalus leisleri,0.215,0.416,-1,Echolocation,/mnt/ubna_data_01_mir/recover-20220811/UBNA_009/20220809_053000.WAV,Foliage,recover-20220811,009,1795
629.8225,629.8395,24609.0,29100.0,Nyctalus leisleri,0.249,0.379,-1,Echolocation,/mnt/ubna_data_01_mir/recover-20220811/UBNA_009/20220809_053000.WAV,Foliage,recover-20220811,009,1795
630.1715,630.1899,24609.0,28860.0,Nyctalus leisleri,0.167,0.331,-1,Echolocation,/mnt/ubna_data_01_mir/recover-20220811/UBNA_009/20220809_053000.WAV,Foliage,recover-20220811,009,1795
630.5535,630.5655,26328.0,32848.0,Nyctalus leisleri,0.256,0.542,-1,Echolocation,/mnt/ubna_data_01_mir/recover-20220811/UBNA_009/20220809_053000.WAV,Foliage,recover-20220811,009,1795
630.7685,630.781,24609.0,31872.0,Eptesicus serotinus,0.282,0.51,-1,Echolocation,/mnt/ubna_data_01_mir/recover-20220811/UBNA_009/20220809_053000.WAV,Foliage,recover-20220811,009,1795
630.9855,630.9976,25468.0,32299.0,Nyctalus leisleri,0.267,0.523,-1,Echolocation,/mnt/ubna_data_01_mir/recover-20220811/UBNA_009/20220809_053000.WAV,Foliage,recover-20220811,009,1795
631.1185,631.1312,26328.0,32483.0,Eptesicus serotinus,0.233,0.415,-1,Echolocation,/mnt/ubna_data_01_mir/recover-20220811/UBNA_009/20220809_053000.WAV,Foliage,recover-20220811,009,1795
631.3485,631.3604,26328.0,34413.0,Eptesicus serotinus,0.297,0.541,-1,Echolocation,/mnt/ubna_data_01_mir/recover-20220811/UBNA_009/20220809_053000.WAV,Foliage,recover-20220811,009,1795
631.4825,631.4971,26328.0,31192.0,Nyctalus leisleri,0.23,0.401,-1,Echolocation,/mnt/ubna_data_01_mir/recover-20220811/UBNA_009/20220809_053000.WAV,Foliage,recover-20220811,009,1795
631.7205,631.7362,26328.0,31390.0,Nyctalus leisleri,0.248,0.372,-1,Echolocation,/mnt/ubna_data_01_mir/recover-20220811/UBNA_009/20220809_053000.WAV,Foliage,recover-20220811,009,1795
631.8655,631.8832,25468.0,29301.0,Nyctalus leisleri,0.154,0.233,-1,Echolocation,/mnt/ubna_data_01_mir/recover-20220811/UBNA_009/20220809_053000.WAV,Foliage,recover-20220811,009,1795
632.1165,632.1331,25468.0,30121.0,Nyctalus leisleri,0.384,0.483,-1,Echolocation,/mnt/ubna_data_01_mir/recover-20220811/UBNA_009/20220809_053000.WAV,Foliage,recover-20220811,009,1795
632.2615,632.2814,24609.0,28824.0,Nyctalus leisleri,0.156,0.243,-1,Echolocation,/mnt/ubna_data_01_mir/recover-20220811/UBNA_009/20220809_053000.WAV,Foliage,recover-20220811,009,1795
632.5025,632.5206,25468.0,29767.0,Nyctalus leisleri,0.212,0.32,-1,Echolocation,/mnt/ubna_data_01_mir/recover-20220811/UBNA_009/20220809_053000.WAV,Foliage,recover-20220811,009,1795
632.6565,632.6765,24609.0,28515.0,Nyctalus leisleri,0.248,0.336,-1,Echolocation,/mnt/ubna_data_01_mir/recover-20220811/UBNA_009/20220809_053000.WAV,Foliage,recover-20220811,009,1795
633.2555,633.271,25468.0,30817.0,Nyctalus leisleri,0.306,0.472,-1,Echolocation,/mnt/ubna_data_01_mir/recover-20220811/UBNA_009/20220809_053000.WAV,Foliage,recover-20220811,009,1795
633.4035,633.4252,23750.0,27866.0,Nyctalus leisleri,0.127,0.226,-1,Echolocation,/mnt/ubna_data_01_mir/recover-20220811/UBNA_009/20220809_053000.WAV,Foliage,recover-20220811,009,1795
633.6915,633.7058,25468.0,30310.0,Nyctalus leisleri,0.253,0.43,-1,Echolocation,/mnt/ubna_data_01_mir/recover-20220811/UBNA_009/20220809_053000.WAV,Foliage,recover-20220811,009,1795
635.1345,635.1487,26328.0,31601.0,Nyctalus leisleri,0.149,0.273,-1,Echolocation,/mnt/ubna_data_01_mir/recover-20220811/UBNA_009/20220809_053000.WAV,Foliage,recover-20220811,009,1795
640.9175,640.9356,25468.0,29622.0,Nyctalus leisleri,0.209,0.325,-1,Echolocation,/mnt/ubna_data_01_mir/recover-20220811/UBNA_009/20220809_053000.WAV,Foliage,recover-20220811,009,1795
641.0715,641.0908,26328.0,30550.0,Nyctalus leisleri,0.127,0.211,-1,Echolocation,/mnt/ubna_data_01_mir/recover-20220811/UBNA_009/20220809_053000.WAV,Foliage,recover-20220811,009,1795
641.2265,641.243,25468.0,30107.0,Nyctalus leisleri,0.12,0.214,-1,Echolocation,/mnt/ubna_data_01_mir/recover-20220811/UBNA_009/20220809_053000.WAV,Foliage,recover-20220811,009,1795
641.4985,641.5138,25468.0,30978.0,Nyctalus leisleri,0.371,0.536,-1,Echolocation,/mnt/ubna_data_01_mir/recover-20220811/UBNA_009/20220809_053000.WAV,Foliage,recover-20220811,009,1795
641.6595,641.6773,24609.0,28169.0,Nyctalus leisleri,0.282,0.364,-1,Echolocation,/mnt/ubna_data_01_mir/recover-20220811/UBNA_009/20220809_053000.WAV,Foliage,recover-20220811,009,1795
641.8115,641.8287,25468.0,28624.0,Nyctalus leisleri,0.351,0.414,-1,Echolocation,/mnt/ubna_data_01_mir/recover-20220811/UBNA_009/20220809_053000.WAV,Foliage,recover-20220811,009,1795
641.9735,641.9955,24609.0,29637.0,Eptesicus serotinus,0.104,0.259,-1,Echolocation,/mnt/ubna_data_01_mir/recover-20220811/UBNA_009/20220809_053000.WAV,Foliage,recover-20220811,009,1795
642.2165,642.234,24609.0,30098.0,Nyctalus leisleri,0.28,0.431,-1,Echolocation,/mnt/ubna_data_01_mir/recover-20220811/UBNA_009/20220809_053000.WAV,Foliage,recover-20220811,009,1795
642.3645,642.3829,24609.0,27878.0,Nyctalus leisleri,0.459,0.551,-1,Echolocation,/mnt/ubna_data_01_mir/recover-20220811/UBNA_009/20220809_053000.WAV,Foliage,recover-20220811,009,1795
642.6125,642.6297,24609.0,30327.0,Nyctalus leisleri,0.316,0.421,-1,Echolocation,/mnt/ubna_data_01_mir/recover-20220811/UBNA_009/20220809_053000.WAV,Foliage,recover-20220811,009,1795
642.7745,642.7917,24609.0,28630.0,Nyctalus leisleri,0.236,0.344,-1,Echolocation,/mnt/ubna_data_01_mir/recover-20220811/UBNA_009/20220809_053000.WAV,Foliage,recover-20220811,009,1795
642.9375,642.9542,24609.0,30198.0,Nyctalus leisleri,0.402,0.537,-1,Echolocation,/mnt/ubna_data_01_mir/recover-20220811/UBNA_009/20220809_053000.WAV,Foliage,recover-20220811,009,1795
643.1235,643.1405,24609.0,28956.0,Nyctalus leisleri,0.484,0.56,-1,Echolocation,/mnt/ubna_data_01_mir/recover-20220811/UBNA_009/20220809_053000.WAV,Foliage,recover-20220811,009,1795
643.2855,643.3041,23750.0,27899.0,Nyctalus leisleri,0.269,0.377,-1,Echolocation,/mnt/ubna_data_01_mir/recover-20220811/UBNA_009/20220809_053000.WAV,Foliage,recover-20220811,009,1795
643.4355,643.4506,25468.0,29399.0,Nyctalus leisleri,0.53,0.582,-1,Echolocation,/mnt/ubna_data_01_mir/recover-20220811/UBNA_009/20220809_053000.WAV,Foliage,recover-20220811,009,1795
643.7015,643.7207,24609.0,28916.0,Nyctalus leisleri,0.368,0.494,-1,Echolocation,/mnt/ubna_data_01_mir/recover-20220811/UBNA_009/20220809_053000.WAV,Foliage,recover-20220811,009,1795
643.8525,643.8728,24609.0,27978.0,Nyctalus leisleri,0.267,0.334,-1,Echolocation,/mnt/ubna_data_01_mir/recover-20220811/UBNA_009/20220809_053000.WAV,Foliage,recover-20220811,009,1795
643.9795,643.9963,25468.0,29626.0,Nyctalus leisleri,0.232,0.308,-1,Echolocation,/mnt/ubna_data_01_mir/recover-20220811/UBNA_009/20220809_053000.WAV,Foliage,recover-20220811,009,1795
645.2455,645.2579,26328.0,31239.0,Nyctalus leisleri,0.232,0.455,-1,Echolocation,/mnt/ubna_data_01_mir/recover-20220811/UBNA_009/20220809_053000.WAV,Foliage,recover-20220811,009,1795
645.3775,645.3889,24609.0,30264.0,Nyctalus leisleri,0.212,0.451,-1,Echolocation,/mnt/ubna_data_01_mir/recover-20220811/UBNA_009/20220809_053000.WAV,Foliage,recover-20220811,009,1795
645.5365,645.5481,23750.0,29784.0,Nyctalus leisleri,0.317,0.571,-1,Echolocation,/mnt/ubna_data_01_mir/recover-20220811/UBNA_009/20220809_053000.WAV,Foliage,recover-20220811,009,1795
645.6735,645.6857,25468.0,31675.0,Nyctalus leisleri,0.435,0.63,-1,Echolocation,/mnt/ubna_data_01_mir/recover-20220811/UBNA_009/20220809_053000.WAV,Foliage,recover-20220811,009,1795
645.8195,645.8331,25468.0,31657.0,Eptesicus serotinus,0.19,0.367,-1,Echolocation,/mnt/ubna_data_01_mir/recover-20220811/UBNA_009/20220809_053000.WAV,Foliage,recover-20220811,009,1795
646.0655,646.0777,26328.0,31113.0,Nyctalus leisleri,0.196,0.413,-1,Echolocation,/mnt/ubna_data_01_mir/recover-20220811/UBNA_009/20220809_053000.WAV,Foliage,recover-20220811,009,1795
646.1945,646.2054,26328.0,33211.0,Eptesicus serotinus,0.295,0.529,-1,Echolocation,/mnt/ubna_data_01_mir/recover-20220811/UBNA_009/20220809_053000.WAV,Foliage,recover-20220811,009,1795
646.3345,646.3488,25468.0,30542.0,Nyctalus leisleri,0.214,0.388,-1,Echolocation,/mnt/ubna_data_01_mir/recover-20220811/UBNA_009/20220809_053000.WAV,Foliage,recover-20220811,009,1795
649.7795,649.7982,25468.0,29580.0,Nyctalus leisleri,0.139,0.212,-1,Echolocation,/mnt/ubna_data_01_mir/recover-20220811/UBNA_009/20220809_053000.WAV,Foliage,recover-20220811,009,1795
651.8355,651.8565,24609.0,27574.0,Nyctalus leisleri,0.149,0.234,-1,Echolocation,/mnt/ubna_data_01_mir/recover-20220811/UBNA_009/20220809_053000.WAV,Foliage,recover-20220811,009,1795
652.0805,652.1038,24609.0,28270.0,Nyctalus leisleri,0.145,0.23,-1,Echolocation,/mnt/ubna_data_01_mir/recover-20220811/UBNA_009/20220809_053000.WAV,Foliage,recover-20220811,009,1795
652.2375,652.2544,24609.0,27768.0,Nyctalus leisleri,0.279,0.366,-1,Echolocation,/mnt/ubna_data_01_mir/recover-20220811/UBNA_009/20220809_053000.WAV,Foliage,recover-20220811,009,1795
652.4525,652.4719,24609.0,29886.0,Nyctalus leisleri,0.117,0.231,-1,Echolocation,/mnt/ubna_data_01_mir/recover-20220811/UBNA_009/20220809_053000.WAV,Foliage,recover-20220811,009,1795
652.6025,652.6173,25468.0,30556.0,Nyctalus leisleri,0.119,0.219,-1,Echolocation,/mnt/ubna_data_01_mir/recover-20220811/UBNA_009/20220809_053000.WAV,Foliage,recover-20220811,009,1795
653.5365,653.5558,23750.0,27905.0,Nyctalus leisleri,0.331,0.409,-1,Echolocation,/mnt/ubna_data_01_mir/recover-20220811/UBNA_009/20220809_053000.WAV,Foliage,recover-20220811,009,1795
653.6825,653.698,24609.0,29308.0,Nyctalus leisleri,0.417,0.552,-1,Echolocation,/mnt/ubna_data_01_mir/recover-20220811/UBNA_009/20220809_053000.WAV,Foliage,recover-20220811,009,1795
653.9475,653.9696,23750.0,28634.0,Nyctalus leisleri,0.194,0.312,-1,Echolocation,/mnt/ubna_data_01_mir/recover-20220811/UBNA_009/20220809_053000.WAV,Foliage,recover-20220811,009,1795
654.2185,654.2334,24609.0,28769.0,Nyctalus leisleri,0.479,0.596,-1,Echolocation,/mnt/ubna_data_01_mir/recover-20220811/UBNA_009/20220809_053000.WAV,Foliage,recover-20220811,009,1795
654.3715,654.3877,24609.0,28583.0,Nyctalus leisleri,0.378,0.507,-1,Echolocation,/mnt/ubna_data_01_mir/recover-20220811/UBNA_009/20220809_053000.WAV,Foliage,recover-20220811,009,1795
654.6205,654.6364,24609.0,29093.0,Nyctalus leisleri,0.371,0.496,-1,Echolocation,/mnt/ubna_data_01_mir/recover-20220811/UBNA_009/20220809_053000.WAV,Foliage,recover-20220811,009,1795
654.9135,654.9305,25468.0,29556.0,Nyctalus leisleri,0.16,0.266,-1,Echolocation,/mnt/ubna_data_01_mir/recover-20220811/UBNA_009/20220809_053000.WAV,Foliage,recover-20220811,009,1795
657.0935,657.1164,24609.0,29378.0,Nyctalus leisleri,0.115,0.218,-1,Echolocation,/mnt/ubna_data_01_mir/recover-20220811/UBNA_009/20220809_053000.WAV,Foliage,recover-20220811,009,1795
657.2255,657.244,24609.0,28898.0,Nyctalus leisleri,0.212,0.35,-1,Echolocation,/mnt/ubna_data_01_mir/recover-20220811/UBNA_009/20220809_053000.WAV,Foliage,recover-20220811,009,1795
657.3705,657.3872,24609.0,29368.0,Nyctalus leisleri,0.313,0.485,-1,Echolocation,/mnt/ubna_data_01_mir/recover-20220811/UBNA_009/20220809_053000.WAV,Foliage,recover-20220811,009,1795
657.6095,657.6305,23750.0,28821.0,Nyctalus leisleri,0.212,0.394,-1,Echolocation,/mnt/ubna_data_01_mir/recover-20220811/UBNA_009/20220809_053000.WAV,Foliage,recover-20220811,009,1795
657.7455,657.7586,25468.0,32837.0,Eptesicus serotinus,0.266,0.447,-1,Echolocation,/mnt/ubna_data_01_mir/recover-20220811/UBNA_009/20220809_053000.WAV,Foliage,recover-20220811,009,1795
657.8935,657.9065,25468.0,33111.0,Eptesicus serotinus,0.275,0.534,-1,Echolocation,/mnt/ubna_data_01_mir/recover-20220811/UBNA_009/20220809_053000.WAV,Foliage,recover-20220811,009,1795
658.0465,658.0621,24609.0,31983.0,Nyctalus leisleri,0.282,0.512,-1,Echolocation,/mnt/ubna_data_01_mir/recover-20220811/UBNA_009/20220809_053000.WAV,Foliage,recover-20220811,009,1795
658.2615,658.2773,24609.0,29896.0,Nyctalus leisleri,0.47,0.617,-1,Echolocation,/mnt/ubna_data_01_mir/recover-20220811/UBNA_009/20220809_053000.WAV,Foliage,recover-20220811,009,1795
658.4305,658.4463,24609.0,29603.0,Nyctalus leisleri,0.447,0.593,-1,Echolocation,/mnt/ubna_data_01_mir/recover-20220811/UBNA_009/20220809_053000.WAV,Foliage,recover-20220811,009,1795
658.6565,658.6724,24609.0,29987.0,Nyctalus leisleri,0.416,0.536,-1,Echolocation,/mnt/ubna_data_01_mir/recover-20220811/UBNA_009/20220809_053000.WAV,Foliage,recover-20220811,009,1795
658.8675,658.8846,24609.0,28791.0,Nyctalus leisleri,0.399,0.516,-1,Echolocation,/mnt/ubna_data_01_mir/recover-20220811/UBNA_009/20220809_053000.WAV,Foliage,recover-20220811,009,1795
659.0475,659.0629,25468.0,30232.0,Nyctalus leisleri,0.442,0.565,-1,Echolocation,/mnt/ubna_data_01_mir/recover-20220811/UBNA_009/20220809_053000.WAV,Foliage,recover-20220811,009,1795
659.3695,659.3822,26328.0,32536.0,Nyctalus leisleri,0.245,0.513,-1,Echolocation,/mnt/ubna_data_01_mir/recover-20220811/UBNA_009/20220809_053000.WAV,Foliage,recover-20220811,009,1795
659.4895,659.5034,25468.0,30402.0,Nyctalus leisleri,0.265,0.386,-1,Echolocation,/mnt/ubna_data_01_mir/recover-20220811/UBNA_009/20220809_053000.WAV,Foliage,recover-20220811,009,1795
659.5875,659.6039,25468.0,30204.0,Nyctalus leisleri,0.189,0.288,-1,Echolocation,/mnt/ubna_data_01_mir/recover-20220811/UBNA_009/20220809_053000.WAV,Foliage,recover-20220811,009,1795
660.5655,660.5825,23750.0,29137.0,Nyctalus leisleri,0.302,0.476,-1,Echolocation,/mnt/ubna_data_01_mir/recover-20220811/UBNA_009/20220809_053000.WAV,Foliage,recover-20220811,009,1795
660.6975,660.716,23750.0,28125.0,Nyctalus leisleri,0.278,0.401,-1,Echolocation,/mnt/ubna_data_01_mir/recover-20220811/UBNA_009/20220809_053000.WAV,Foliage,recover-20220811,009,1795
660.9405,660.9575,23750.0,28144.0,Nyctalus leisleri,0.315,0.395,-1,Echolocation,/mnt/ubna_data_01_mir/recover-20220811/UBNA_009/20220809_053000.WAV,Foliage,recover-20220811,009,1795
661.0845,661.104,23750.0,27409.0,Nyctalus leisleri,0.184,0.27,-1,Echolocation,/mnt/ubna_data_01_mir/recover-20220811/UBNA_009/20220809_053000.WAV,Foliage,recover-20220811,009,1795
661.9625,661.9845,24609.0,28989.0,Nyctalus leisleri,0.16,0.265,-1,Echolocation,/mnt/ubna_data_01_mir/recover-20220811/UBNA_009/20220809_053000.WAV,Foliage,recover-20220811,009,1795
662.4405,662.4588,24609.0,29577.0,Eptesicus serotinus,0.134,0.298,-1,Echolocation,/mnt/ubna_data_01_mir/recover-20220811/UBNA_009/20220809_053000.WAV,Foliage,recover-20220811,009,1795
662.6735,662.6991,23750.0,28151.0,Nyctalus leisleri,0.131,0.235,-1,Echolocation,/mnt/ubna_data_01_mir/recover-20220811/UBNA_009/20220809_053000.WAV,Foliage,recover-20220811,009,1795
662.9155,662.9356,23750.0,27603.0,Nyctalus leisleri,0.129,0.241,-1,Echolocation,/mnt/ubna_data_01_mir/recover-20220811/UBNA_009/20220809_053000.WAV,Foliage,recover-20220811,009,1795
663.1645,663.1877,24609.0,28384.0,Nyctalus leisleri,0.208,0.292,-1,Echolocation,/mnt/ubna_data_01_mir/recover-20220811/UBNA_009/20220809_053000.WAV,Foliage,recover-20220811,009,1795
663.6595,663.6802,24609.0,28719.0,Nyctalus leisleri,0.151,0.256,-1,Echolocation,/mnt/ubna_data_01_mir/recover-20220811/UBNA_009/20220809_053000.WAV,Foliage,recover-20220811,009,1795
663.8985,663.9169,24609.0,28506.0,Nyctalus leisleri,0.182,0.254,-1,Echolocation,/mnt/ubna_data_01_mir/recover-20220811/UBNA_009/20220809_053000.WAV,Foliage,recover-20220811,009,1795
664.0485,664.0726,24609.0,28229.0,Nyctalus leisleri,0.111,0.209,-1,Echolocation,/mnt/ubna_data_01_mir/recover-20220811/UBNA_009/20220809_053000.WAV,Foliage,recover-20220811,009,1795
664.5255,664.5461,24609.0,28642.0,Nyctalus leisleri,0.233,0.326,-1,Echolocation,/mnt/ubna_data_01_mir/recover-20220811/UBNA_009/20220809_053000.WAV,Foliage,recover-20220811,009,1795
664.6715,664.6892,24609.0,29377.0,Nyctalus leisleri,0.137,0.257,-1,Echolocation,/mnt/ubna_data_01_mir/recover-20220811/UBNA_009/20220809_053000.WAV,Foliage,recover-20220811,009,1795
670.8745,670.8883,25468.0,30337.0,Nyctalus leisleri,0.342,0.571,-1,Echolocation,/mnt/ubna_data_01_mir/recover-20220811/UBNA_009/20220809_053000.WAV,Foliage,recover-20220811,009,1795
671.1025,671.1155,24609.0,29762.0,Nyctalus leisleri,0.194,0.38,-1,Echolocation,/mnt/ubna_data_01_mir/recover-20220811/UBNA_009/20220809_053000.WAV,Foliage,recover-20220811,009,1795
673.3865,673.4014,25468.0,31215.0,Nyctalus leisleri,0.27,0.431,-1,Echolocation,/mnt/ubna_data_01_mir/recover-20220811/UBNA_009/20220809_053000.WAV,Foliage,recover-20220811,009,1795
673.8875,673.9027,25468.0,29497.0,Nyctalus leisleri,0.217,0.318,-1,Echolocation,/mnt/ubna_data_01_mir/recover-20220811/UBNA_009/20220809_053000.WAV,Foliage,recover-20220811,009,1795
674.1375,674.1564,24609.0,30533.0,Eptesicus serotinus,0.117,0.254,-1,Echolocation,/mnt/ubna_data_01_mir/recover-20220811/UBNA_009/20220809_053000.WAV,Foliage,recover-20220811,009,1795
674.8455,674.8612,25468.0,30942.0,Nyctalus leisleri,0.234,0.443,-1,Echolocation,/mnt/ubna_data_01_mir/recover-20220811/UBNA_009/20220809_053000.WAV,Foliage,recover-20220811,009,1795
674.9725,674.9857,24609.0,29349.0,Nyctalus leisleri,0.127,0.272,-1,Echolocation,/mnt/ubna_data_01_mir/recover-20220811/UBNA_009/20220809_053000.WAV,Foliage,recover-20220811,009,1795
676.8635,676.8767,27187.0,31681.0,Nyctalus leisleri,0.217,0.351,-1,Echolocation,/mnt/ubna_data_01_mir/recover-20220811/UBNA_009/20220809_053000.WAV,Foliage,recover-20220811,009,1795
677.2225,677.2344,26328.0,34665.0,Eptesicus serotinus,0.331,0.559,-1,Echolocation,/mnt/ubna_data_01_mir/recover-20220811/UBNA_009/20220809_053000.WAV,Foliage,recover-20220811,009,1795
677.6185,677.6338,25468.0,30475.0,Nyctalus leisleri,0.285,0.46,-1,Echolocation,/mnt/ubna_data_01_mir/recover-20220811/UBNA_009/20220809_053000.WAV,Foliage,recover-20220811,009,1795
677.8465,677.8615,25468.0,30579.0,Nyctalus leisleri,0.173,0.353,-1,Echolocation,/mnt/ubna_data_01_mir/recover-20220811/UBNA_009/20220809_053000.WAV,Foliage,recover-20220811,009,1795
677.9795,677.9931,24609.0,28660.0,Nyctalus leisleri,0.187,0.286,-1,Echolocation,/mnt/ubna_data_01_mir/recover-20220811/UBNA_009/20220809_053000.WAV,Foliage,recover-20220811,009,1795
678.8375,678.8508,24609.0,29900.0,Nyctalus leisleri,0.326,0.428,-1,Echolocation,/mnt/ubna_data_01_mir/recover-20220811/UBNA_009/20220809_053000.WAV,Foliage,recover-20220811,009,1795
679.7135,679.7251,26328.0,31198.0,Eptesicus serotinus,0.133,0.272,-1,Echolocation,/mnt/ubna_data_01_mir/recover-20220811/UBNA_009/20220809_053000.WAV,Foliage,recover-20220811,009,1795
686.8195,686.841,25468.0,29655.0,Nyctalus leisleri,0.146,0.223,-1,Echolocation,/mnt/ubna_data_01_mir/recover-20220811/UBNA_009/20220809_053000.WAV,Foliage,recover-20220811,009,1795
686.9745,686.9919,25468.0,29851.0,Nyctalus leisleri,0.133,0.212,-1,Echolocation,/mnt/ubna_data_01_mir/recover-20220811/UBNA_009/20220809_053000.WAV,Foliage,recover-20220811,009,1795
687.2195,687.2361,24609.0,30054.0,Nyctalus leisleri,0.406,0.573,-1,Echolocation,/mnt/ubna_data_01_mir/recover-20220811/UBNA_009/20220809_053000.WAV,Foliage,recover-20220811,009,1795
687.3755,687.3934,24609.0,29075.0,Nyctalus leisleri,0.353,0.509,-1,Echolocation,/mnt/ubna_data_01_mir/recover-20220811/UBNA_009/20220809_053000.WAV,Foliage,recover-20220811,009,1795
687.6215,687.6399,24609.0,29529.0,Nyctalus leisleri,0.245,0.425,-1,Echolocation,/mnt/ubna_data_01_mir/recover-20220811/UBNA_009/20220809_053000.WAV,Foliage,recover-20220811,009,1795
687.7815,687.8013,24609.0,29540.0,Nyctalus leisleri,0.241,0.351,-1,Echolocation,/mnt/ubna_data_01_mir/recover-20220811/UBNA_009/20220809_053000.WAV,Foliage,recover-20220811,009,1795
688.7835,688.7983,24609.0,28223.0,Nyctalus leisleri,0.257,0.385,-1,Echolocation,/mnt/ubna_data_01_mir/recover-20220811/UBNA_009/20220809_053000.WAV,Foliage,recover-20220811,009,1795
688.9125,688.9303,24609.0,30371.0,Nyctalus leisleri,0.299,0.485,-1,Echolocation,/mnt/ubna_data_01_mir/recover-20220811/UBNA_009/20220809_053000.WAV,Foliage,recover-20220811,009,1795
689.0895,689.1065,25468.0,30279.0,Nyctalus leisleri,0.394,0.514,-1,Echolocation,/mnt/ubna_data_01_mir/recover-20220811/UBNA_009/20220809_053000.WAV,Foliage,recover-20220811,009,1795
689.2764999999999,689.2931,24609.0,31296.0,Nyctalus leisleri,0.273,0.442,-1,Echolocation,/mnt/ubna_data_01_mir/recover-20220811/UBNA_009/20220809_053000.WAV,Foliage,recover-20220811,009,1795
689.4935,689.5088,23750.0,31242.0,Nyctalus leisleri,0.277,0.521,-1,Echolocation,/mnt/ubna_data_01_mir/recover-20220811/UBNA_009/20220809_053000.WAV,Foliage,recover-20220811,009,1795
689.7285,689.7449,24609.0,30652.0,Nyctalus leisleri,0.415,0.614,-1,Echolocation,/mnt/ubna_data_01_mir/recover-20220811/UBNA_009/20220809_053000.WAV,Foliage,recover-20220811,009,1795
689.9705,689.9885,24609.0,28777.0,Nyctalus leisleri,0.367,0.47,-1,Echolocation,/mnt/ubna_data_01_mir/recover-20220811/UBNA_009/20220809_053000.WAV,Foliage,recover-20220811,009,1795
690.2045,690.2216,24609.0,29781.0,Nyctalus leisleri,0.413,0.505,-1,Echolocation,/mnt/ubna_data_01_mir/recover-20220811/UBNA_009/20220809_053000.WAV,Foliage,recover-20220811,009,1795
690.2085,690.2297,48671.0,53484.0,Pipistrellus pipistrellus,0.177,0.251,-1,Echolocation,/mnt/ubna_data_01_mir/recover-20220811/UBNA_009/20220809_053000.WAV,Foliage,recover-20220811,009,1795
690.3615,690.3757,25468.0,29527.0,Nyctalus leisleri,0.486,0.57,-1,Echolocation,/mnt/ubna_data_01_mir/recover-20220811/UBNA_009/20220809_053000.WAV,Foliage,recover-20220811,009,1795
690.5045,690.5237,24609.0,28511.0,Nyctalus leisleri,0.294,0.394,-1,Echolocation,/mnt/ubna_data_01_mir/recover-20220811/UBNA_009/20220809_053000.WAV,Foliage,recover-20220811,009,1795
691.6575,691.6722,25468.0,29947.0,Nyctalus leisleri,0.348,0.454,-1,Echolocation,/mnt/ubna_data_01_mir/recover-20220811/UBNA_009/20220809_053000.WAV,Foliage,recover-20220811,009,1795
691.7815,691.7955,25468.0,29734.0,Nyctalus leisleri,0.472,0.59,-1,Echolocation,/mnt/ubna_data_01_mir/recover-20220811/UBNA_009/20220809_053000.WAV,Foliage,recover-20220811,009,1795
692.0255,692.0404,24609.0,32746.0,Nyctalus leisleri,0.348,0.589,-1,Echolocation,/mnt/ubna_data_01_mir/recover-20220811/UBNA_009/20220809_053000.WAV,Foliage,recover-20220811,009,1795
692.1595,692.1707,26328.0,33133.0,Nyctalus leisleri,0.293,0.51,-1,Echolocation,/mnt/ubna_data_01_mir/recover-20220811/UBNA_009/20220809_053000.WAV,Foliage,recover-20220811,009,1795
692.2955,692.31,24609.0,29763.0,Nyctalus leisleri,0.347,0.5,-1,Echolocation,/mnt/ubna_data_01_mir/recover-20220811/UBNA_009/20220809_053000.WAV,Foliage,recover-20220811,009,1795
692.5295,692.5456,23750.0,29695.0,Nyctalus leisleri,0.366,0.519,-1,Echolocation,/mnt/ubna_data_01_mir/recover-20220811/UBNA_009/20220809_053000.WAV,Foliage,recover-20220811,009,1795
692.6865,692.7047,24609.0,28611.0,Nyctalus leisleri,0.156,0.25,-1,Echolocation,/mnt/ubna_data_01_mir/recover-20220811/UBNA_009/20220809_053000.WAV,Foliage,recover-20220811,009,1795
693.0225,693.0412,24609.0,31212.0,Nyctalus leisleri,0.198,0.375,-1,Echolocation,/mnt/ubna_data_01_mir/recover-20220811/UBNA_009/20220809_053000.WAV,Foliage,recover-20220811,009,1795
693.3075,693.3247,25468.0,30930.0,Nyctalus leisleri,0.176,0.369,-1,Echolocation,/mnt/ubna_data_01_mir/recover-20220811/UBNA_009/20220809_053000.WAV,Foliage,recover-20220811,009,1795
694.1225,694.1391,24609.0,29874.0,Nyctalus leisleri,0.122,0.271,-1,Echolocation,/mnt/ubna_data_01_mir/recover-20220811/UBNA_009/20220809_053000.WAV,Foliage,recover-20220811,009,1795
700.8265,700.8443,25468.0,30592.0,Nyctalus leisleri,0.118,0.217,-1,Echolocation,/mnt/ubna_data_01_mir/recover-20220811/UBNA_009/20220809_053000.WAV,Foliage,recover-20220811,009,1795
701.2105,701.2245,24609.0,30636.0,Nyctalus leisleri,0.389,0.598,-1,Echolocation,/mnt/ubna_data_01_mir/recover-20220811/UBNA_009/20220809_053000.WAV,Foliage,recover-20220811,009,1795
701.3495,701.3656,24609.0,31598.0,Eptesicus serotinus,0.183,0.385,-1,Echolocation,/mnt/ubna_data_01_mir/recover-20220811/UBNA_009/20220809_053000.WAV,Foliage,recover-20220811,009,1795
701.5865,701.6021,25468.0,30528.0,Nyctalus leisleri,0.394,0.472,-1,Echolocation,/mnt/ubna_data_01_mir/recover-20220811/UBNA_009/20220809_053000.WAV,Foliage,recover-20220811,009,1795
702.2275,702.2456999999999,24609.0,29763.0,Nyctalus leisleri,0.323,0.453,-1,Echolocation,/mnt/ubna_data_01_mir/recover-20220811/UBNA_009/20220809_053000.WAV,Foliage,recover-20220811,009,1795
702.3705,702.3863,24609.0,29322.0,Nyctalus leisleri,0.093,0.204,-1,Echolocation,/mnt/ubna_data_01_mir/recover-20220811/UBNA_009/20220809_053000.WAV,Foliage,recover-20220811,009,1795
702.5045,702.519,25468.0,29485.0,Nyctalus leisleri,0.188,0.301,-1,Echolocation,/mnt/ubna_data_01_mir/recover-20220811/UBNA_009/20220809_053000.WAV,Foliage,recover-20220811,009,1795
702.7185,702.7363,24609.0,30417.0,Nyctalus leisleri,0.235,0.447,-1,Echolocation,/mnt/ubna_data_01_mir/recover-20220811/UBNA_009/20220809_053000.WAV,Foliage,recover-20220811,009,1795
702.8695,702.8864,24609.0,28778.0,Nyctalus leisleri,0.321,0.42,-1,Echolocation,/mnt/ubna_data_01_mir/recover-20220811/UBNA_009/20220809_053000.WAV,Foliage,recover-20220811,009,1795
703.0265,703.0427,24609.0,31970.0,Nyctalus leisleri,0.271,0.564,-1,Echolocation,/mnt/ubna_data_01_mir/recover-20220811/UBNA_009/20220809_053000.WAV,Foliage,recover-20220811,009,1795
703.0325,703.0486,48671.0,55194.0,Pipistrellus pipistrellus,0.17,0.259,-1,Echolocation,/mnt/ubna_data_01_mir/recover-20220811/UBNA_009/20220809_053000.WAV,Foliage,recover-20220811,009,1795
703.1735,703.1855,26328.0,33496.0,Nyctalus leisleri,0.253,0.53,-1,Echolocation,/mnt/ubna_data_01_mir/recover-20220811/UBNA_009/20220809_053000.WAV,Foliage,recover-20220811,009,1795
703.3165,703.3298,24609.0,30447.0,Eptesicus serotinus,0.169,0.377,-1,Echolocation,/mnt/ubna_data_01_mir/recover-20220811/UBNA_009/20220809_053000.WAV,Foliage,recover-20220811,009,1795
703.4545,703.466,26328.0,34800.0,Eptesicus serotinus,0.308,0.604,-1,Echolocation,/mnt/ubna_data_01_mir/recover-20220811/UBNA_009/20220809_053000.WAV,Foliage,recover-20220811,009,1795
703.6785,703.6913,23750.0,28963.0,Nyctalus leisleri,0.24,0.449,-1,Echolocation,/mnt/ubna_data_01_mir/recover-20220811/UBNA_009/20220809_053000.WAV,Foliage,recover-20220811,009,1795
703.8185,703.8349,25468.0,30032.0,Nyctalus leisleri,0.119,0.24,-1,Echolocation,/mnt/ubna_data_01_mir/recover-20220811/UBNA_009/20220809_053000.WAV,Foliage,recover-20220811,009,1795
704.0745,704.0961,24609.0,29121.0,Nyctalus leisleri,0.249,0.379,-1,Echolocation,/mnt/ubna_data_01_mir/recover-20220811/UBNA_009/20220809_053000.WAV,Foliage,recover-20220811,009,1795
705.0855,705.1027,24609.0,28546.0,Nyctalus leisleri,0.162,0.261,-1,Echolocation,/mnt/ubna_data_01_mir/recover-20220811/UBNA_009/20220809_053000.WAV,Foliage,recover-20220811,009,1795
705.3645,705.3814,25468.0,29637.0,Nyctalus leisleri,0.27,0.366,-1,Echolocation,/mnt/ubna_data_01_mir/recover-20220811/UBNA_009/20220809_053000.WAV,Foliage,recover-20220811,009,1795
705.5195,705.5366,24609.0,29460.0,Nyctalus leisleri,0.273,0.417,-1,Echolocation,/mnt/ubna_data_01_mir/recover-20220811/UBNA_009/20220809_053000.WAV,Foliage,recover-20220811,009,1795
705.6755,705.6882,25468.0,29537.0,Nyctalus leisleri,0.159,0.302,-1,Echolocation,/mnt/ubna_data_01_mir/recover-20220811/UBNA_009/20220809_053000.WAV,Foliage,recover-20220811,009,1795
706.0195,706.0365,25468.0,30639.0,Nyctalus leisleri,0.208,0.35,-1,Echolocation,/mnt/ubna_data_01_mir/recover-20220811/UBNA_009/20220809_053000.WAV,Foliage,recover-20220811,009,1795
706.1725,706.1875,25468.0,29062.0,Nyctalus leisleri,0.399,0.504,-1,Echolocation,/mnt/ubna_data_01_mir/recover-20220811/UBNA_009/20220809_053000.WAV,Foliage,recover-20220811,009,1795
708.6815,708.6956,24609.0,29620.0,Nyctalus leisleri,0.218,0.37,-1,Echolocation,/mnt/ubna_data_01_mir/recover-20220811/UBNA_009/20220809_053000.WAV,Foliage,recover-20220811,009,1795
708.9155,708.9286,24609.0,29757.0,Nyctalus leisleri,0.202,0.4,-1,Echolocation,/mnt/ubna_data_01_mir/recover-20220811/UBNA_009/20220809_053000.WAV,Foliage,recover-20220811,009,1795
709.1685,709.1884,23750.0,28375.0,Nyctalus leisleri,0.102,0.208,-1,Echolocation,/mnt/ubna_data_01_mir/recover-20220811/UBNA_009/20220809_053000.WAV,Foliage,recover-20220811,009,1795
709.5595,709.5757,24609.0,28912.0,Nyctalus leisleri,0.151,0.261,-1,Echolocation,/mnt/ubna_data_01_mir/recover-20220811/UBNA_009/20220809_053000.WAV,Foliage,recover-20220811,009,1795
710.0715,710.0903,24609.0,29657.0,Nyctalus leisleri,0.142,0.263,-1,Echolocation,/mnt/ubna_data_01_mir/recover-20220811/UBNA_009/20220809_053000.WAV,Foliage,recover-20220811,009,1795
710.8885,710.9029,25468.0,30420.0,Nyctalus leisleri,0.13,0.23,-1,Echolocation,/mnt/ubna_data_01_mir/recover-20220811/UBNA_009/20220809_053000.WAV,Foliage,recover-20220811,009,1795
711.0365,711.0472,25468.0,31130.0,Eptesicus serotinus,0.19,0.433,-1,Echolocation,/mnt/ubna_data_01_mir/recover-20220811/UBNA_009/20220809_053000.WAV,Foliage,recover-20220811,009,1795
711.1055,711.127,23750.0,28141.0,Nyctalus leisleri,0.1,0.202,-1,Echolocation,/mnt/ubna_data_01_mir/recover-20220811/UBNA_009/20220809_053000.WAV,Foliage,recover-20220811,009,1795
711.3945,711.4096,25468.0,29695.0,Nyctalus leisleri,0.313,0.475,-1,Echolocation,/mnt/ubna_data_01_mir/recover-20220811/UBNA_009/20220809_053000.WAV,Foliage,recover-20220811,009,1795
711.5655,711.5796,24609.0,30334.0,Nyctalus leisleri,0.295,0.612,-1,Echolocation,/mnt/ubna_data_01_mir/recover-20220811/UBNA_009/20220809_053000.WAV,Foliage,recover-20220811,009,1795
711.7775,711.7897,24609.0,30153.0,Nyctalus leisleri,0.384,0.544,-1,Echolocation,/mnt/ubna_data_01_mir/recover-20220811/UBNA_009/20220809_053000.WAV,Foliage,recover-20220811,009,1795
712.4125,712.4267,26328.0,30888.0,Nyctalus leisleri,0.156,0.285,-1,Echolocation,/mnt/ubna_data_01_mir/recover-20220811/UBNA_009/20220809_053000.WAV,Foliage,recover-20220811,009,1795
712.6865,712.7003,24609.0,29822.0,Nyctalus leisleri,0.341,0.59,-1,Echolocation,/mnt/ubna_data_01_mir/recover-20220811/UBNA_009/20220809_053000.WAV,Foliage,recover-20220811,009,1795
712.8515,712.865,25468.0,30679.0,Nyctalus leisleri,0.289,0.514,-1,Echolocation,/mnt/ubna_data_01_mir/recover-20220811/UBNA_009/20220809_053000.WAV,Foliage,recover-20220811,009,1795
713.0015,713.019,25468.0,30613.0,Nyctalus leisleri,0.241,0.393,-1,Echolocation,/mnt/ubna_data_01_mir/recover-20220811/UBNA_009/20220809_053000.WAV,Foliage,recover-20220811,009,1795
713.1435,713.1568,26328.0,30574.0,Nyctalus leisleri,0.324,0.506,-1,Echolocation,/mnt/ubna_data_01_mir/recover-20220811/UBNA_009/20220809_053000.WAV,Foliage,recover-20220811,009,1795
713.4115,713.425,25468.0,29610.0,Nyctalus leisleri,0.126,0.245,-1,Echolocation,/mnt/ubna_data_01_mir/recover-20220811/UBNA_009/20220809_053000.WAV,Foliage,recover-20220811,009,1795
713.6514999999999,713.6642,24609.0,29799.0,Nyctalus leisleri,0.3,0.519,-1,Echolocation,/mnt/ubna_data_01_mir/recover-20220811/UBNA_009/20220809_053000.WAV,Foliage,recover-20220811,009,1795
713.7925,713.8085,24609.0,28640.0,Nyctalus leisleri,0.101,0.211,-1,Echolocation,/mnt/ubna_data_01_mir/recover-20220811/UBNA_009/20220809_053000.WAV,Foliage,recover-20220811,009,1795
714.0475,714.0674,24609.0,29583.0,Nyctalus leisleri,0.164,0.304,-1,Echolocation,/mnt/ubna_data_01_mir/recover-20220811/UBNA_009/20220809_053000.WAV,Foliage,recover-20220811,009,1795
714.2015,714.2188,24609.0,28539.0,Nyctalus leisleri,0.16,0.259,-1,Echolocation,/mnt/ubna_data_01_mir/recover-20220811/UBNA_009/20220809_053000.WAV,Foliage,recover-20220811,009,1795
714.4525,714.4698,24609.0,28064.0,Nyctalus leisleri,0.229,0.342,-1,Echolocation,/mnt/ubna_data_01_mir/recover-20220811/UBNA_009/20220809_053000.WAV,Foliage,recover-20220811,009,1795
714.7585,714.7771,24609.0,29112.0,Nyctalus leisleri,0.319,0.44,-1,Echolocation,/mnt/ubna_data_01_mir/recover-20220811/UBNA_009/20220809_053000.WAV,Foliage,recover-20220811,009,1795
715.0065,715.0269,24609.0,30195.0,Nyctalus leisleri,0.097,0.211,-1,Echolocation,/mnt/ubna_data_01_mir/recover-20220811/UBNA_009/20220809_053000.WAV,Foliage,recover-20220811,009,1795
715.1565,715.175,24609.0,27764.0,Nyctalus leisleri,0.179,0.255,-1,Echolocation,/mnt/ubna_data_01_mir/recover-20220811/UBNA_009/20220809_053000.WAV,Foliage,recover-20220811,009,1795
715.3905,715.4101,25468.0,29538.0,Nyctalus leisleri,0.234,0.334,-1,Echolocation,/mnt/ubna_data_01_mir/recover-20220811/UBNA_009/20220809_053000.WAV,Foliage,recover-20220811,009,1795
715.5365,715.5552,24609.0,30000.0,Nyctalus leisleri,0.193,0.327,-1,Echolocation,/mnt/ubna_data_01_mir/recover-20220811/UBNA_009/20220809_053000.WAV,Foliage,recover-20220811,009,1795
715.6905,715.7059,25468.0,30734.0,Nyctalus leisleri,0.343,0.52,-1,Echolocation,/mnt/ubna_data_01_mir/recover-20220811/UBNA_009/20220809_053000.WAV,Foliage,recover-20220811,009,1795
715.8475,715.865,24609.0,29204.0,Nyctalus leisleri,0.349,0.46,-1,Echolocation,/mnt/ubna_data_01_mir/recover-20220811/UBNA_009/20220809_053000.WAV,Foliage,recover-20220811,009,1795
716.0995,716.1162,24609.0,29760.0,Nyctalus leisleri,0.444,0.545,-1,Echolocation,/mnt/ubna_data_01_mir/recover-20220811/UBNA_009/20220809_053000.WAV,Foliage,recover-20220811,009,1795
716.2535,716.2674,24609.0,29639.0,Nyctalus leisleri,0.37,0.505,-1,Echolocation,/mnt/ubna_data_01_mir/recover-20220811/UBNA_009/20220809_053000.WAV,Foliage,recover-20220811,009,1795
716.4065,716.4233,24609.0,29825.0,Nyctalus leisleri,0.35,0.536,-1,Echolocation,/mnt/ubna_data_01_mir/recover-20220811/UBNA_009/20220809_053000.WAV,Foliage,recover-20220811,009,1795
716.5995,716.614,24609.0,29113.0,Nyctalus leisleri,0.434,0.532,-1,Echolocation,/mnt/ubna_data_01_mir/recover-20220811/UBNA_009/20220809_053000.WAV,Foliage,recover-20220811,009,1795
717.1095,717.1226,25468.0,31488.0,Nyctalus leisleri,0.345,0.475,-1,Echolocation,/mnt/ubna_data_01_mir/recover-20220811/UBNA_009/20220809_053000.WAV,Foliage,recover-20220811,009,1795
718.2875,718.3079,25468.0,29711.0,Nyctalus leisleri,0.219,0.312,-1,Echolocation,/mnt/ubna_data_01_mir/recover-20220811/UBNA_009/20220809_053000.WAV,Foliage,recover-20220811,009,1795
718.4525,718.4738,24609.0,29425.0,Nyctalus leisleri,0.177,0.316,-1,Echolocation,/mnt/ubna_data_01_mir/recover-20220811/UBNA_009/20220809_053000.WAV,Foliage,recover-20220811,009,1795
718.5895,718.6038,26328.0,33949.0,Eptesicus serotinus,0.22,0.358,-1,Echolocation,/mnt/ubna_data_01_mir/recover-20220811/UBNA_009/20220809_053000.WAV,Foliage,recover-20220811,009,1795
718.7875,718.8043,25468.0,31125.0,Nyctalus leisleri,0.118,0.233,-1,Echolocation,/mnt/ubna_data_01_mir/recover-20220811/UBNA_009/20220809_053000.WAV,Foliage,recover-20220811,009,1795
719.0615,719.0769,25468.0,30136.0,Nyctalus leisleri,0.185,0.319,-1,Echolocation,/mnt/ubna_data_01_mir/recover-20220811/UBNA_009/20220809_053000.WAV,Foliage,recover-20220811,009,1795
719.2795,719.2956,25468.0,30159.0,Nyctalus leisleri,0.137,0.269,-1,Echolocation,/mnt/ubna_data_01_mir/recover-20220811/UBNA_009/20220809_053000.WAV,Foliage,recover-20220811,009,1795
719.9075,719.9229,26328.0,30746.0,Nyctalus leisleri,0.141,0.248,-1,Echolocation,/mnt/ubna_data_01_mir/recover-20220811/UBNA_009/20220809_053000.WAV,Foliage,recover-20220811,009,1795
720.4635,720.4821,25468.0,29834.0,Nyctalus leisleri,0.323,0.426,-1,Echolocation,/mnt/ubna_data_01_mir/recover-20220811/UBNA_009/20220809_053000.WAV,Foliage,recover-20220811,009,1795
720.6185,720.6391,25468.0,28979.0,Nyctalus leisleri,0.16,0.232,-1,Echolocation,/mnt/ubna_data_01_mir/recover-20220811/UBNA_009/20220809_053000.WAV,Foliage,recover-20220811,009,1795
720.7895,720.8055,24609.0,29765.0,Nyctalus leisleri,0.275,0.403,-1,Echolocation,/mnt/ubna_data_01_mir/recover-20220811/UBNA_009/20220809_053000.WAV,Foliage,recover-20220811,009,1795
721.0005,721.0168,25468.0,31959.0,Nyctalus leisleri,0.158,0.352,-1,Echolocation,/mnt/ubna_data_01_mir/recover-20220811/UBNA_009/20220809_053000.WAV,Foliage,recover-20220811,009,1795
721.1205,721.1343,26328.0,30990.0,Nyctalus leisleri,0.166,0.308,-1,Echolocation,/mnt/ubna_data_01_mir/recover-20220811/UBNA_009/20220809_053000.WAV,Foliage,recover-20220811,009,1795
721.2525,721.2681,26328.0,31300.0,Nyctalus leisleri,0.144,0.241,-1,Echolocation,/mnt/ubna_data_01_mir/recover-20220811/UBNA_009/20220809_053000.WAV,Foliage,recover-20220811,009,1795
721.3895,721.4044,26328.0,31198.0,Nyctalus leisleri,0.174,0.342,-1,Echolocation,/mnt/ubna_data_01_mir/recover-20220811/UBNA_009/20220809_053000.WAV,Foliage,recover-20220811,009,1795
721.8055,721.8189,25468.0,30887.0,Nyctalus leisleri,0.42,0.557,-1,Echolocation,/mnt/ubna_data_01_mir/recover-20220811/UBNA_009/20220809_053000.WAV,Foliage,recover-20220811,009,1795
722.0795,722.0962,24609.0,29135.0,Nyctalus leisleri,0.501,0.59,-1,Echolocation,/mnt/ubna_data_01_mir/recover-20220811/UBNA_009/20220809_053000.WAV,Foliage,recover-20220811,009,1795
722.2325,722.2456,24609.0,29166.0,Nyctalus leisleri,0.376,0.548,-1,Echolocation,/mnt/ubna_data_01_mir/recover-20220811/UBNA_009/20220809_053000.WAV,Foliage,recover-20220811,009,1795
722.4735,722.4914,23750.0,32894.0,Eptesicus serotinus,0.304,0.537,-1,Echolocation,/mnt/ubna_data_01_mir/recover-20220811/UBNA_009/20220809_053000.WAV,Foliage,recover-20220811,009,1795
722.7315,722.7475,24609.0,27236.0,Nyctalus leisleri,0.375,0.462,-1,Echolocation,/mnt/ubna_data_01_mir/recover-20220811/UBNA_009/20220809_053000.WAV,Foliage,recover-20220811,009,1795
722.9765,722.9951,23750.0,27468.0,Nyctalus leisleri,0.455,0.532,-1,Echolocation,/mnt/ubna_data_01_mir/recover-20220811/UBNA_009/20220809_053000.WAV,Foliage,recover-20220811,009,1795
723.1165,723.1314,24609.0,31102.0,Nyctalus leisleri,0.292,0.531,-1,Echolocation,/mnt/ubna_data_01_mir/recover-20220811/UBNA_009/20220809_053000.WAV,Foliage,recover-20220811,009,1795
723.3555,723.3731,24609.0,28074.0,Nyctalus leisleri,0.329,0.422,-1,Echolocation,/mnt/ubna_data_01_mir/recover-20220811/UBNA_009/20220809_053000.WAV,Foliage,recover-20220811,009,1795
723.5945,723.6104,24609.0,29716.0,Nyctalus leisleri,0.396,0.523,-1,Echolocation,/mnt/ubna_data_01_mir/recover-20220811/UBNA_009/20220809_053000.WAV,Foliage,recover-20220811,009,1795
723.7555,723.7783,24609.0,28610.0,Nyctalus leisleri,0.114,0.204,-1,Echolocation,/mnt/ubna_data_01_mir/recover-20220811/UBNA_009/20220809_053000.WAV,Foliage,recover-20220811,009,1795
725.1345,725.147,25468.0,29516.0,Nyctalus leisleri,0.145,0.295,-1,Echolocation,/mnt/ubna_data_01_mir/recover-20220811/UBNA_009/20220809_053000.WAV,Foliage,recover-20220811,009,1795
726.6745,726.6891,24609.0,29238.0,Nyctalus leisleri,0.249,0.427,-1,Echolocation,/mnt/ubna_data_01_mir/recover-20220811/UBNA_009/20220809_053000.WAV,Foliage,recover-20220811,009,1795
727.1775,727.1916,24609.0,29351.0,Nyctalus leisleri,0.242,0.387,-1,Echolocation,/mnt/ubna_data_01_mir/recover-20220811/UBNA_009/20220809_053000.WAV,Foliage,recover-20220811,009,1795
731.3795,731.4011,24609.0,28472.0,Nyctalus leisleri,0.103,0.203,-1,Echolocation,/mnt/ubna_data_01_mir/recover-20220811/UBNA_009/20220809_053000.WAV,Foliage,recover-20220811,009,1795
731.5335,731.552,24609.0,29487.0,Nyctalus leisleri,0.257,0.378,-1,Echolocation,/mnt/ubna_data_01_mir/recover-20220811/UBNA_009/20220809_053000.WAV,Foliage,recover-20220811,009,1795
731.7905,731.8056,24609.0,29213.0,Nyctalus leisleri,0.368,0.521,-1,Echolocation,/mnt/ubna_data_01_mir/recover-20220811/UBNA_009/20220809_053000.WAV,Foliage,recover-20220811,009,1795
731.9395,731.9543,25468.0,29674.0,Nyctalus leisleri,0.347,0.518,-1,Echolocation,/mnt/ubna_data_01_mir/recover-20220811/UBNA_009/20220809_053000.WAV,Foliage,recover-20220811,009,1795
732.1895,732.2059,24609.0,28354.0,Nyctalus leisleri,0.379,0.476,-1,Echolocation,/mnt/ubna_data_01_mir/recover-20220811/UBNA_009/20220809_053000.WAV,Foliage,recover-20220811,009,1795
732.3375,732.3612,24609.0,28323.0,Nyctalus leisleri,0.186,0.279,-1,Echolocation,/mnt/ubna_data_01_mir/recover-20220811/UBNA_009/20220809_053000.WAV,Foliage,recover-20220811,009,1795
732.5865,732.6064,24609.0,29867.0,Nyctalus leisleri,0.178,0.342,-1,Echolocation,/mnt/ubna_data_01_mir/recover-20220811/UBNA_009/20220809_053000.WAV,Foliage,recover-20220811,009,1795
732.7475,732.7629,24609.0,28658.0,Nyctalus leisleri,0.4,0.552,-1,Echolocation,/mnt/ubna_data_01_mir/recover-20220811/UBNA_009/20220809_053000.WAV,Foliage,recover-20220811,009,1795
733.0035,733.0201,24609.0,29351.0,Nyctalus leisleri,0.371,0.498,-1,Echolocation,/mnt/ubna_data_01_mir/recover-20220811/UBNA_009/20220809_053000.WAV,Foliage,recover-20220811,009,1795
733.1595,733.1733,25468.0,30911.0,Nyctalus leisleri,0.228,0.437,-1,Echolocation,/mnt/ubna_data_01_mir/recover-20220811/UBNA_009/20220809_053000.WAV,Foliage,recover-20220811,009,1795
733.3135,733.328,24609.0,28990.0,Nyctalus leisleri,0.354,0.53,-1,Echolocation,/mnt/ubna_data_01_mir/recover-20220811/UBNA_009/20220809_053000.WAV,Foliage,recover-20220811,009,1795
733.5715,733.5887,23750.0,27434.0,Nyctalus leisleri,0.176,0.281,-1,Echolocation,/mnt/ubna_data_01_mir/recover-20220811/UBNA_009/20220809_053000.WAV,Foliage,recover-20220811,009,1795
733.7175,733.7325,24609.0,31290.0,Nyctalus leisleri,0.259,0.506,-1,Echolocation,/mnt/ubna_data_01_mir/recover-20220811/UBNA_009/20220809_053000.WAV,Foliage,recover-20220811,009,1795
733.8735,733.8858,25468.0,30497.0,Nyctalus leisleri,0.339,0.559,-1,Echolocation,/mnt/ubna_data_01_mir/recover-20220811/UBNA_009/20220809_053000.WAV,Foliage,recover-20220811,009,1795
734.0295,734.0442,24609.0,28914.0,Nyctalus leisleri,0.171,0.292,-1,Echolocation,/mnt/ubna_data_01_mir/recover-20220811/UBNA_009/20220809_053000.WAV,Foliage,recover-20220811,009,1795
734.2605,734.2759,24609.0,29375.0,Nyctalus leisleri,0.461,0.548,-1,Echolocation,/mnt/ubna_data_01_mir/recover-20220811/UBNA_009/20220809_053000.WAV,Foliage,recover-20220811,009,1795
734.4135,734.4315,24609.0,28990.0,Nyctalus leisleri,0.261,0.414,-1,Echolocation,/mnt/ubna_data_01_mir/recover-20220811/UBNA_009/20220809_053000.WAV,Foliage,recover-20220811,009,1795
734.6685,734.6868,24609.0,28611.0,Nyctalus leisleri,0.392,0.462,-1,Echolocation,/mnt/ubna_data_01_mir/recover-20220811/UBNA_009/20220809_053000.WAV,Foliage,recover-20220811,009,1795
734.8165,734.8372,24609.0,28520.0,Nyctalus leisleri,0.175,0.261,-1,Echolocation,/mnt/ubna_data_01_mir/recover-20220811/UBNA_009/20220809_053000.WAV,Foliage,recover-20220811,009,1795
734.9765,734.9939,24609.0,29479.0,Nyctalus leisleri,0.262,0.415,-1,Echolocation,/mnt/ubna_data_01_mir/recover-20220811/UBNA_009/20220809_053000.WAV,Foliage,recover-20220811,009,1795
735.1545,735.1716,24609.0,29137.0,Nyctalus leisleri,0.461,0.591,-1,Echolocation,/mnt/ubna_data_01_mir/recover-20220811/UBNA_009/20220809_053000.WAV,Foliage,recover-20220811,009,1795
735.3095,735.325,24609.0,29760.0,Nyctalus leisleri,0.352,0.504,-1,Echolocation,/mnt/ubna_data_01_mir/recover-20220811/UBNA_009/20220809_053000.WAV,Foliage,recover-20220811,009,1795
735.4265,735.4428,25468.0,29052.0,Nyctalus leisleri,0.191,0.315,-1,Echolocation,/mnt/ubna_data_01_mir/recover-20220811/UBNA_009/20220809_053000.WAV,Foliage,recover-20220811,009,1795
735.5085,735.5222,25468.0,31353.0,Nyctalus leisleri,0.361,0.552,-1,Echolocation,/mnt/ubna_data_01_mir/recover-20220811/UBNA_009/20220809_053000.WAV,Foliage,recover-20220811,009,1795
735.6665,735.6823,24609.0,28447.0,Nyctalus leisleri,0.265,0.418,-1,Echolocation,/mnt/ubna_data_01_mir/recover-20220811/UBNA_009/20220809_053000.WAV,Foliage,recover-20220811,009,1795
735.9255,735.9403,25468.0,29655.0,Nyctalus leisleri,0.393,0.491,-1,Echolocation,/mnt/ubna_data_01_mir/recover-20220811/UBNA_009/20220809_053000.WAV,Foliage,recover-20220811,009,1795
737.1085,737.12,27187.0,32711.0,Eptesicus serotinus,0.101,0.201,-1,Echolocation,/mnt/ubna_data_01_mir/recover-20220811/UBNA_009/20220809_053000.WAV,Foliage,recover-20220811,009,1795
738.3825,738.4009,23750.0,28022.0,Nyctalus leisleri,0.2,0.334,-1,Echolocation,/mnt/ubna_data_01_mir/recover-20220811/UBNA_009/20220809_053000.WAV,Foliage,recover-20220811,009,1795
740.6435,740.6645,24609.0,28023.0,Nyctalus leisleri,0.156,0.236,-1,Echolocation,/mnt/ubna_data_01_mir/recover-20220811/UBNA_009/20220809_053000.WAV,Foliage,recover-20220811,009,1795
740.9355,740.9518,25468.0,29006.0,Nyctalus leisleri,0.201,0.289,-1,Echolocation,/mnt/ubna_data_01_mir/recover-20220811/UBNA_009/20220809_053000.WAV,Foliage,recover-20220811,009,1795
741.0695,741.0833,25468.0,30136.0,Nyctalus leisleri,0.268,0.405,-1,Echolocation,/mnt/ubna_data_01_mir/recover-20220811/UBNA_009/20220809_053000.WAV,Foliage,recover-20220811,009,1795
741.2505,741.2649,24609.0,30594.0,Nyctalus leisleri,0.269,0.507,-1,Echolocation,/mnt/ubna_data_01_mir/recover-20220811/UBNA_009/20220809_053000.WAV,Foliage,recover-20220811,009,1795
742.5965,742.6126,24609.0,29302.0,Nyctalus leisleri,0.151,0.295,-1,Echolocation,/mnt/ubna_data_01_mir/recover-20220811/UBNA_009/20220809_053000.WAV,Foliage,recover-20220811,009,1795
742.6845,742.701,27187.0,31050.0,Nyctalus leisleri,0.164,0.239,-1,Echolocation,/mnt/ubna_data_01_mir/recover-20220811/UBNA_009/20220809_053000.WAV,Foliage,recover-20220811,009,1795
743.3105,743.3258,25468.0,30801.0,Nyctalus leisleri,0.33,0.463,-1,Echolocation,/mnt/ubna_data_01_mir/recover-20220811/UBNA_009/20220809_053000.WAV,Foliage,recover-20220811,009,1795
743.7515,743.7651,25468.0,33157.0,Eptesicus serotinus,0.235,0.517,-1,Echolocation,/mnt/ubna_data_01_mir/recover-20220811/UBNA_009/20220809_053000.WAV,Foliage,recover-20220811,009,1795
744.0475,744.062,25468.0,33126.0,Nyctalus leisleri,0.256,0.554,-1,Echolocation,/mnt/ubna_data_01_mir/recover-20220811/UBNA_009/20220809_053000.WAV,Foliage,recover-20220811,009,1795
744.1875,744.2047,26328.0,31179.0,Nyctalus leisleri,0.156,0.27,-1,Echolocation,/mnt/ubna_data_01_mir/recover-20220811/UBNA_009/20220809_053000.WAV,Foliage,recover-20220811,009,1795
744.3225,744.3372,25468.0,30333.0,Nyctalus leisleri,0.195,0.316,-1,Echolocation,/mnt/ubna_data_01_mir/recover-20220811/UBNA_009/20220809_053000.WAV,Foliage,recover-20220811,009,1795
744.4715,744.4863,25468.0,30891.0,Nyctalus leisleri,0.104,0.215,-1,Echolocation,/mnt/ubna_data_01_mir/recover-20220811/UBNA_009/20220809_053000.WAV,Foliage,recover-20220811,009,1795
744.7825,744.7955,25468.0,30865.0,Nyctalus leisleri,0.261,0.428,-1,Echolocation,/mnt/ubna_data_01_mir/recover-20220811/UBNA_009/20220809_053000.WAV,Foliage,recover-20220811,009,1795
745.1115,745.1268,25468.0,30725.0,Nyctalus leisleri,0.307,0.456,-1,Echolocation,/mnt/ubna_data_01_mir/recover-20220811/UBNA_009/20220809_053000.WAV,Foliage,recover-20220811,009,1795
745.2465,745.2594,26328.0,34856.0,Eptesicus serotinus,0.197,0.406,-1,Echolocation,/mnt/ubna_data_01_mir/recover-20220811/UBNA_009/20220809_053000.WAV,Foliage,recover-20220811,009,1795
745.3975,745.4106,24609.0,30207.0,Nyctalus leisleri,0.144,0.299,-1,Echolocation,/mnt/ubna_data_01_mir/recover-20220811/UBNA_009/20220809_053000.WAV,Foliage,recover-20220811,009,1795
745.5205,745.5385,25468.0,31552.0,Nyctalus leisleri,0.133,0.249,-1,Echolocation,/mnt/ubna_data_01_mir/recover-20220811/UBNA_009/20220809_053000.WAV,Foliage,recover-20220811,009,1795
745.6725,745.6885,24609.0,30223.0,Nyctalus leisleri,0.372,0.546,-1,Echolocation,/mnt/ubna_data_01_mir/recover-20220811/UBNA_009/20220809_053000.WAV,Foliage,recover-20220811,009,1795
745.9135,745.9278,25468.0,31657.0,Nyctalus leisleri,0.359,0.529,-1,Echolocation,/mnt/ubna_data_01_mir/recover-20220811/UBNA_009/20220809_053000.WAV,Foliage,recover-20220811,009,1795
745.9655,745.9824,24609.0,29867.0,Nyctalus leisleri,0.19,0.352,-1,Echolocation,/mnt/ubna_data_01_mir/recover-20220811/UBNA_009/20220809_053000.WAV,Foliage,recover-20220811,009,1795
746.0625,746.0756,25468.0,29564.0,Nyctalus leisleri,0.233,0.374,-1,Echolocation,/mnt/ubna_data_01_mir/recover-20220811/UBNA_009/20220809_053000.WAV,Foliage,recover-20220811,009,1795
746.2245,746.2417,24609.0,28962.0,Nyctalus leisleri,0.346,0.499,-1,Echolocation,/mnt/ubna_data_01_mir/recover-20220811/UBNA_009/20220809_053000.WAV,Foliage,recover-20220811,009,1795
746.3655,746.379,25468.0,31355.0,Nyctalus leisleri,0.271,0.466,-1,Echolocation,/mnt/ubna_data_01_mir/recover-20220811/UBNA_009/20220809_053000.WAV,Foliage,recover-20220811,009,1795
746.7645,746.7769,27187.0,33264.0,Eptesicus serotinus,0.229,0.403,-1,Echolocation,/mnt/ubna_data_01_mir/recover-20220811/UBNA_009/20220809_053000.WAV,Foliage,recover-20220811,009,1795
747.2965,747.3105,25468.0,31319.0,Nyctalus leisleri,0.137,0.249,-1,Echolocation,/mnt/ubna_data_01_mir/recover-20220811/UBNA_009/20220809_053000.WAV,Foliage,recover-20220811,009,1795
747.4285,747.4496,24609.0,28824.0,Nyctalus leisleri,0.128,0.238,-1,Echolocation,/mnt/ubna_data_01_mir/recover-20220811/UBNA_009/20220809_053000.WAV,Foliage,recover-20220811,009,1795
747.9075,747.9235,27187.0,32092.0,Nyctalus leisleri,0.14,0.25,-1,Echolocation,/mnt/ubna_data_01_mir/recover-20220811/UBNA_009/20220809_053000.WAV,Foliage,recover-20220811,009,1795
748.1835,748.1978,25468.0,30144.0,Eptesicus serotinus,0.112,0.231,-1,Echolocation,/mnt/ubna_data_01_mir/recover-20220811/UBNA_009/20220809_053000.WAV,Foliage,recover-20220811,009,1795
748.7085,748.725,25468.0,30687.0,Nyctalus leisleri,0.16,0.286,-1,Echolocation,/mnt/ubna_data_01_mir/recover-20220811/UBNA_009/20220809_053000.WAV,Foliage,recover-20220811,009,1795
748.9815,748.9942,25468.0,29850.0,Nyctalus leisleri,0.157,0.287,-1,Echolocation,/mnt/ubna_data_01_mir/recover-20220811/UBNA_009/20220809_053000.WAV,Foliage,recover-20220811,009,1795
749.2355,749.2503,26328.0,32406.0,Nyctalus leisleri,0.165,0.327,-1,Echolocation,/mnt/ubna_data_01_mir/recover-20220811/UBNA_009/20220809_053000.WAV,Foliage,recover-20220811,009,1795
749.3585,749.3733,26328.0,33310.0,Nyctalus leisleri,0.21,0.432,-1,Echolocation,/mnt/ubna_data_01_mir/recover-20220811/UBNA_009/20220809_053000.WAV,Foliage,recover-20220811,009,1795
749.4955,749.5117,26328.0,29927.0,Nyctalus leisleri,0.268,0.354,-1,Echolocation,/mnt/ubna_data_01_mir/recover-20220811/UBNA_009/20220809_053000.WAV,Foliage,recover-20220811,009,1795
749.6375,749.6528,26328.0,32034.0,Nyctalus leisleri,0.128,0.269,-1,Echolocation,/mnt/ubna_data_01_mir/recover-20220811/UBNA_009/20220809_053000.WAV,Foliage,recover-20220811,009,1795
749.8805,749.894,24609.0,28860.0,Nyctalus leisleri,0.261,0.409,-1,Echolocation,/mnt/ubna_data_01_mir/recover-20220811/UBNA_009/20220809_053000.WAV,Foliage,recover-20220811,009,1795
749.9145,749.927,27187.0,32602.0,Nyctalus leisleri,0.18,0.374,-1,Echolocation,/mnt/ubna_data_01_mir/recover-20220811/UBNA_009/20220809_053000.WAV,Foliage,recover-20220811,009,1795
750.2685,750.2844,24609.0,29114.0,Nyctalus leisleri,0.298,0.467,-1,Echolocation,/mnt/ubna_data_01_mir/recover-20220811/UBNA_009/20220809_053000.WAV,Foliage,recover-20220811,009,1795
750.3005,750.3149,25468.0,32514.0,Nyctalus leisleri,0.237,0.461,-1,Echolocation,/mnt/ubna_data_01_mir/recover-20220811/UBNA_009/20220809_053000.WAV,Foliage,recover-20220811,009,1795
750.4215,750.4344,25468.0,30895.0,Nyctalus leisleri,0.313,0.496,-1,Echolocation,/mnt/ubna_data_01_mir/recover-20220811/UBNA_009/20220809_053000.WAV,Foliage,recover-20220811,009,1795
750.6015,750.6146,25468.0,32415.0,Nyctalus leisleri,0.449,0.603,-1,Echolocation,/mnt/ubna_data_01_mir/recover-20220811/UBNA_009/20220809_053000.WAV,Foliage,recover-20220811,009,1795
750.8205,750.834,25468.0,29661.0,Nyctalus leisleri,0.241,0.378,-1,Echolocation,/mnt/ubna_data_01_mir/recover-20220811/UBNA_009/20220809_053000.WAV,Foliage,recover-20220811,009,1795
751.0175,751.0354,24609.0,33155.0,Eptesicus serotinus,0.282,0.456,-1,Echolocation,/mnt/ubna_data_01_mir/recover-20220811/UBNA_009/20220809_053000.WAV,Foliage,recover-20220811,009,1795
751.1805,751.1954,24609.0,29168.0,Nyctalus leisleri,0.398,0.526,-1,Echolocation,/mnt/ubna_data_01_mir/recover-20220811/UBNA_009/20220809_053000.WAV,Foliage,recover-20220811,009,1795
751.2645,751.2803,26328.0,29636.0,Nyctalus leisleri,0.164,0.238,-1,Echolocation,/mnt/ubna_data_01_mir/recover-20220811/UBNA_009/20220809_053000.WAV,Foliage,recover-20220811,009,1795
751.3365,751.3523,25468.0,28666.0,Nyctalus leisleri,0.234,0.358,-1,Echolocation,/mnt/ubna_data_01_mir/recover-20220811/UBNA_009/20220809_053000.WAV,Foliage,recover-20220811,009,1795
751.3945,751.4057,26328.0,33295.0,Eptesicus serotinus,0.208,0.317,-1,Echolocation,/mnt/ubna_data_01_mir/recover-20220811/UBNA_009/20220809_053000.WAV,Foliage,recover-20220811,009,1795
751.7285,751.7455,25468.0,30543.0,Nyctalus leisleri,0.173,0.289,-1,Echolocation,/mnt/ubna_data_01_mir/recover-20220811/UBNA_009/20220809_053000.WAV,Foliage,recover-20220811,009,1795
752.0315,752.0474,24609.0,29914.0,Nyctalus leisleri,0.178,0.335,-1,Echolocation,/mnt/ubna_data_01_mir/recover-20220811/UBNA_009/20220809_053000.WAV,Foliage,recover-20220811,009,1795
752.4565,752.4753,23750.0,28458.0,Nyctalus leisleri,0.152,0.278,-1,Echolocation,/mnt/ubna_data_01_mir/recover-20220811/UBNA_009/20220809_053000.WAV,Foliage,recover-20220811,009,1795
752.8925,752.9075,23750.0,29043.0,Nyctalus leisleri,0.187,0.377,-1,Echolocation,/mnt/ubna_data_01_mir/recover-20220811/UBNA_009/20220809_053000.WAV,Foliage,recover-20220811,009,1795
756.0415,756.0548,24609.0,30940.0,Eptesicus serotinus,0.146,0.306,-1,Echolocation,/mnt/ubna_data_01_mir/recover-20220811/UBNA_009/20220809_053000.WAV,Foliage,recover-20220811,009,1795
760.0595,760.0763,25468.0,30722.0,Nyctalus leisleri,0.202,0.391,-1,Echolocation,/mnt/ubna_data_01_mir/recover-20220811/UBNA_009/20220809_053000.WAV,Foliage,recover-20220811,009,1795
760.7995,760.8145,25468.0,31785.0,Nyctalus leisleri,0.266,0.455,-1,Echolocation,/mnt/ubna_data_01_mir/recover-20220811/UBNA_009/20220809_053000.WAV,Foliage,recover-20220811,009,1795
760.9475,760.9636,25468.0,29615.0,Nyctalus leisleri,0.264,0.378,-1,Echolocation,/mnt/ubna_data_01_mir/recover-20220811/UBNA_009/20220809_053000.WAV,Foliage,recover-20220811,009,1795
761.1725,761.1912,25468.0,30272.0,Nyctalus leisleri,0.155,0.29,-1,Echolocation,/mnt/ubna_data_01_mir/recover-20220811/UBNA_009/20220809_053000.WAV,Foliage,recover-20220811,009,1795
761.3135,761.3296,25468.0,30356.0,Nyctalus leisleri,0.242,0.38,-1,Echolocation,/mnt/ubna_data_01_mir/recover-20220811/UBNA_009/20220809_053000.WAV,Foliage,recover-20220811,009,1795
761.5395,761.5548,24609.0,30428.0,Nyctalus leisleri,0.354,0.546,-1,Echolocation,/mnt/ubna_data_01_mir/recover-20220811/UBNA_009/20220809_053000.WAV,Foliage,recover-20220811,009,1795
761.6755,761.6934,25468.0,30215.0,Nyctalus leisleri,0.089,0.207,-1,Echolocation,/mnt/ubna_data_01_mir/recover-20220811/UBNA_009/20220809_053000.WAV,Foliage,recover-20220811,009,1795
761.9085,761.9244,24609.0,30195.0,Nyctalus leisleri,0.341,0.481,-1,Echolocation,/mnt/ubna_data_01_mir/recover-20220811/UBNA_009/20220809_053000.WAV,Foliage,recover-20220811,009,1795
762.0625,762.0788,24609.0,31703.0,Nyctalus leisleri,0.326,0.635,-1,Echolocation,/mnt/ubna_data_01_mir/recover-20220811/UBNA_009/20220809_053000.WAV,Foliage,recover-20220811,009,1795
762.2275,762.2421,24609.0,31359.0,Nyctalus leisleri,0.401,0.601,-1,Echolocation,/mnt/ubna_data_01_mir/recover-20220811/UBNA_009/20220809_053000.WAV,Foliage,recover-20220811,009,1795
762.4555,762.4736,24609.0,27646.0,Nyctalus leisleri,0.322,0.419,-1,Echolocation,/mnt/ubna_data_01_mir/recover-20220811/UBNA_009/20220809_053000.WAV,Foliage,recover-20220811,009,1795
762.6905,762.7049,24609.0,30630.0,Nyctalus leisleri,0.253,0.427,-1,Echolocation,/mnt/ubna_data_01_mir/recover-20220811/UBNA_009/20220809_053000.WAV,Foliage,recover-20220811,009,1795
763.0725,763.0865,25468.0,30004.0,Nyctalus leisleri,0.398,0.553,-1,Echolocation,/mnt/ubna_data_01_mir/recover-20220811/UBNA_009/20220809_053000.WAV,Foliage,recover-20220811,009,1795
763.4595,763.475,24609.0,29506.0,Nyctalus leisleri,0.253,0.443,-1,Echolocation,/mnt/ubna_data_01_mir/recover-20220811/UBNA_009/20220809_053000.WAV,Foliage,recover-20220811,009,1795
763.8625,763.8772,24609.0,29016.0,Nyctalus leisleri,0.185,0.313,-1,Echolocation,/mnt/ubna_data_01_mir/recover-20220811/UBNA_009/20220809_053000.WAV,Foliage,recover-20220811,009,1795
764.2455,764.2638,25468.0,31088.0,Nyctalus leisleri,0.151,0.292,-1,Echolocation,/mnt/ubna_data_01_mir/recover-20220811/UBNA_009/20220809_053000.WAV,Foliage,recover-20220811,009,1795
764.3215,764.3338,25468.0,30385.0,Nyctalus leisleri,0.149,0.298,-1,Echolocation,/mnt/ubna_data_01_mir/recover-20220811/UBNA_009/20220809_053000.WAV,Foliage,recover-20220811,009,1795
764.6385,764.6608,24609.0,28450.0,Nyctalus leisleri,0.16,0.282,-1,Echolocation,/mnt/ubna_data_01_mir/recover-20220811/UBNA_009/20220809_053000.WAV,Foliage,recover-20220811,009,1795
764.7035,764.7151,27187.0,32192.0,Nyctalus leisleri,0.194,0.359,-1,Echolocation,/mnt/ubna_data_01_mir/recover-20220811/UBNA_009/20220809_053000.WAV,Foliage,recover-20220811,009,1795
765.4325,765.4509,25468.0,28843.0,Nyctalus leisleri,0.197,0.272,-1,Echolocation,/mnt/ubna_data_01_mir/recover-20220811/UBNA_009/20220809_053000.WAV,Foliage,recover-20220811,009,1795
765.7565,765.7728,27187.0,31156.0,Nyctalus leisleri,0.142,0.235,-1,Echolocation,/mnt/ubna_data_01_mir/recover-20220811/UBNA_009/20220809_053000.WAV,Foliage,recover-20220811,009,1795
765.8475,765.8595,24609.0,29593.0,Nyctalus leisleri,0.26,0.429,-1,Echolocation,/mnt/ubna_data_01_mir/recover-20220811/UBNA_009/20220809_053000.WAV,Foliage,recover-20220811,009,1795
766.1025,766.1138,28046.0,33619.0,Eptesicus serotinus,0.223,0.383,-1,Echolocation,/mnt/ubna_data_01_mir/recover-20220811/UBNA_009/20220809_053000.WAV,Foliage,recover-20220811,009,1795
766.2315,766.2471,24609.0,28914.0,Nyctalus leisleri,0.354,0.48,-1,Echolocation,/mnt/ubna_data_01_mir/recover-20220811/UBNA_009/20220809_053000.WAV,Foliage,recover-20220811,009,1795
766.6225,766.6337,24609.0,29308.0,Nyctalus leisleri,0.153,0.318,-1,Echolocation,/mnt/ubna_data_01_mir/recover-20220811/UBNA_009/20220809_053000.WAV,Foliage,recover-20220811,009,1795
766.8745,766.8921,24609.0,28672.0,Nyctalus leisleri,0.165,0.281,-1,Echolocation,/mnt/ubna_data_01_mir/recover-20220811/UBNA_009/20220809_053000.WAV,Foliage,recover-20220811,009,1795
770.8155,770.8373,23750.0,29522.0,Eptesicus serotinus,0.092,0.224,-1,Echolocation,/mnt/ubna_data_01_mir/recover-20220811/UBNA_009/20220809_053000.WAV,Foliage,recover-20220811,009,1795
771.0945,771.1163,23750.0,29464.0,Nyctalus leisleri,0.179,0.305,-1,Echolocation,/mnt/ubna_data_01_mir/recover-20220811/UBNA_009/20220809_053000.WAV,Foliage,recover-20220811,009,1795
771.6765,771.6956,24609.0,29185.0,Nyctalus leisleri,0.11,0.201,-1,Echolocation,/mnt/ubna_data_01_mir/recover-20220811/UBNA_009/20220809_053000.WAV,Foliage,recover-20220811,009,1795
771.9475,771.9681,24609.0,30001.0,Nyctalus leisleri,0.15,0.254,-1,Echolocation,/mnt/ubna_data_01_mir/recover-20220811/UBNA_009/20220809_053000.WAV,Foliage,recover-20220811,009,1795
772.1005,772.1214,24609.0,29237.0,Nyctalus leisleri,0.178,0.311,-1,Echolocation,/mnt/ubna_data_01_mir/recover-20220811/UBNA_009/20220809_053000.WAV,Foliage,recover-20220811,009,1795
772.2415,772.2573,24609.0,28806.0,Nyctalus leisleri,0.385,0.52,-1,Echolocation,/mnt/ubna_data_01_mir/recover-20220811/UBNA_009/20220809_053000.WAV,Foliage,recover-20220811,009,1795
772.5015,772.5188,24609.0,34582.0,Eptesicus serotinus,0.328,0.507,-1,Echolocation,/mnt/ubna_data_01_mir/recover-20220811/UBNA_009/20220809_053000.WAV,Foliage,recover-20220811,009,1795
772.6615,772.6766,24609.0,29561.0,Nyctalus leisleri,0.357,0.493,-1,Echolocation,/mnt/ubna_data_01_mir/recover-20220811/UBNA_009/20220809_053000.WAV,Foliage,recover-20220811,009,1795
772.7855,772.8015,23750.0,28836.0,Nyctalus leisleri,0.308,0.445,-1,Echolocation,/mnt/ubna_data_01_mir/recover-20220811/UBNA_009/20220809_053000.WAV,Foliage,recover-20220811,009,1795
772.9825,772.9997,23750.0,29084.0,Nyctalus leisleri,0.407,0.498,-1,Echolocation,/mnt/ubna_data_01_mir/recover-20220811/UBNA_009/20220809_053000.WAV,Foliage,recover-20220811,009,1795
773.1295,773.1482,23750.0,28670.0,Nyctalus leisleri,0.294,0.441,-1,Echolocation,/mnt/ubna_data_01_mir/recover-20220811/UBNA_009/20220809_053000.WAV,Foliage,recover-20220811,009,1795
773.2425,773.2568,25468.0,33447.0,Eptesicus serotinus,0.216,0.445,-1,Echolocation,/mnt/ubna_data_01_mir/recover-20220811/UBNA_009/20220809_053000.WAV,Foliage,recover-20220811,009,1795
773.5055,773.5189,24609.0,28002.0,Nyctalus leisleri,0.299,0.385,-1,Echolocation,/mnt/ubna_data_01_mir/recover-20220811/UBNA_009/20220809_053000.WAV,Foliage,recover-20220811,009,1795
773.7625,773.7865,23750.0,27187.0,Nyctalus leisleri,0.131,0.204,-1,Echolocation,/mnt/ubna_data_01_mir/recover-20220811/UBNA_009/20220809_053000.WAV,Foliage,recover-20220811,009,1795
774.0175,774.0348,23750.0,30345.0,Nyctalus leisleri,0.226,0.511,-1,Echolocation,/mnt/ubna_data_01_mir/recover-20220811/UBNA_009/20220809_053000.WAV,Foliage,recover-20220811,009,1795
774.1505,774.1651,24609.0,29492.0,Nyctalus leisleri,0.314,0.476,-1,Echolocation,/mnt/ubna_data_01_mir/recover-20220811/UBNA_009/20220809_053000.WAV,Foliage,recover-20220811,009,1795
774.3095,774.3229,25468.0,31824.0,Eptesicus serotinus,0.154,0.335,-1,Echolocation,/mnt/ubna_data_01_mir/recover-20220811/UBNA_009/20220809_053000.WAV,Foliage,recover-20220811,009,1795
774.4725,774.4878,25468.0,31310.0,Eptesicus serotinus,0.109,0.228,-1,Echolocation,/mnt/ubna_data_01_mir/recover-20220811/UBNA_009/20220809_053000.WAV,Foliage,recover-20220811,009,1795
774.7285,774.7392,27187.0,33154.0,Eptesicus serotinus,0.197,0.306,-1,Echolocation,/mnt/ubna_data_01_mir/recover-20220811/UBNA_009/20220809_053000.WAV,Foliage,recover-20220811,009,1795
775.3695,775.3846,24609.0,32550.0,Nyctalus leisleri,0.342,0.622,-1,Echolocation,/mnt/ubna_data_01_mir/recover-20220811/UBNA_009/20220809_053000.WAV,Foliage,recover-20220811,009,1795
775.5075,775.5213,24609.0,31915.0,Eptesicus serotinus,0.268,0.532,-1,Echolocation,/mnt/ubna_data_01_mir/recover-20220811/UBNA_009/20220809_053000.WAV,Foliage,recover-20220811,009,1795
775.6595,775.6743,24609.0,33967.0,Eptesicus serotinus,0.32,0.593,-1,Echolocation,/mnt/ubna_data_01_mir/recover-20220811/UBNA_009/20220809_053000.WAV,Foliage,recover-20220811,009,1795
775.9425,775.959,23750.0,28430.0,Nyctalus leisleri,0.284,0.467,-1,Echolocation,/mnt/ubna_data_01_mir/recover-20220811/UBNA_009/20220809_053000.WAV,Foliage,recover-20220811,009,1795
776.1095,776.1228,23750.0,28298.0,Nyctalus leisleri,0.23,0.399,-1,Echolocation,/mnt/ubna_data_01_mir/recover-20220811/UBNA_009/20220809_053000.WAV,Foliage,recover-20220811,009,1795
776.2764999999999,776.2943,23750.0,29552.0,Nyctalus leisleri,0.276,0.457,-1,Echolocation,/mnt/ubna_data_01_mir/recover-20220811/UBNA_009/20220809_053000.WAV,Foliage,recover-20220811,009,1795
776.8165,776.8353,23750.0,30120.0,Nyctalus leisleri,0.168,0.367,-1,Echolocation,/mnt/ubna_data_01_mir/recover-20220811/UBNA_009/20220809_053000.WAV,Foliage,recover-20220811,009,1795
777.7225,777.7378,23750.0,29314.0,Eptesicus serotinus,0.19,0.369,-1,Echolocation,/mnt/ubna_data_01_mir/recover-20220811/UBNA_009/20220809_053000.WAV,Foliage,recover-20220811,009,1795
779.8445,779.857,25468.0,31039.0,Nyctalus leisleri,0.277,0.468,-1,Echolocation,/mnt/ubna_data_01_mir/recover-20220811/UBNA_009/20220809_053000.WAV,Foliage,recover-20220811,009,1795
779.9825,779.9953,24609.0,30595.0,Nyctalus leisleri,0.305,0.571,-1,Echolocation,/mnt/ubna_data_01_mir/recover-20220811/UBNA_009/20220809_053000.WAV,Foliage,recover-20220811,009,1795
780.2515,780.2655,25468.0,30754.0,Nyctalus leisleri,0.332,0.504,-1,Echolocation,/mnt/ubna_data_01_mir/recover-20220811/UBNA_009/20220809_053000.WAV,Foliage,recover-20220811,009,1795
780.3895,780.4011,25468.0,31085.0,Nyctalus leisleri,0.401,0.544,-1,Echolocation,/mnt/ubna_data_01_mir/recover-20220811/UBNA_009/20220809_053000.WAV,Foliage,recover-20220811,009,1795
780.6545,780.667,25468.0,33118.0,Eptesicus serotinus,0.32,0.597,-1,Echolocation,/mnt/ubna_data_01_mir/recover-20220811/UBNA_009/20220809_053000.WAV,Foliage,recover-20220811,009,1795
780.7985,780.811,24609.0,32401.0,Eptesicus serotinus,0.294,0.614,-1,Echolocation,/mnt/ubna_data_01_mir/recover-20220811/UBNA_009/20220809_053000.WAV,Foliage,recover-20220811,009,1795
780.9445,780.9586,25468.0,32040.0,Nyctalus leisleri,0.287,0.536,-1,Echolocation,/mnt/ubna_data_01_mir/recover-20220811/UBNA_009/20220809_053000.WAV,Foliage,recover-20220811,009,1795
781.2155,781.2312,23750.0,29444.0,Nyctalus leisleri,0.262,0.437,-1,Echolocation,/mnt/ubna_data_01_mir/recover-20220811/UBNA_009/20220809_053000.WAV,Foliage,recover-20220811,009,1795
781.3695,781.3862,23750.0,31941.0,Nyctalus leisleri,0.239,0.506,-1,Echolocation,/mnt/ubna_data_01_mir/recover-20220811/UBNA_009/20220809_053000.WAV,Foliage,recover-20220811,009,1795
781.5295,781.5436,25468.0,32582.0,Nyctalus leisleri,0.282,0.495,-1,Echolocation,/mnt/ubna_data_01_mir/recover-20220811/UBNA_009/20220809_053000.WAV,Foliage,recover-20220811,009,1795
781.6735,781.6874,23750.0,30369.0,Nyctalus leisleri,0.356,0.557,-1,Echolocation,/mnt/ubna_data_01_mir/recover-20220811/UBNA_009/20220809_053000.WAV,Foliage,recover-20220811,009,1795
781.8145,781.8315,24609.0,33049.0,Eptesicus serotinus,0.25,0.486,-1,Echolocation,/mnt/ubna_data_01_mir/recover-20220811/UBNA_009/20220809_053000.WAV,Foliage,recover-20220811,009,1795
781.9665,781.9813,23750.0,27794.0,Nyctalus leisleri,0.473,0.552,-1,Echolocation,/mnt/ubna_data_01_mir/recover-20220811/UBNA_009/20220809_053000.WAV,Foliage,recover-20220811,009,1795
782.0945,782.1087,24609.0,27933.0,Nyctalus leisleri,0.423,0.522,-1,Echolocation,/mnt/ubna_data_01_mir/recover-20220811/UBNA_009/20220809_053000.WAV,Foliage,recover-20220811,009,1795
782.2895,782.3052,24609.0,30510.0,Nyctalus leisleri,0.307,0.505,-1,Echolocation,/mnt/ubna_data_01_mir/recover-20220811/UBNA_009/20220809_053000.WAV,Foliage,recover-20220811,009,1795
782.4115,782.4258,26328.0,31335.0,Eptesicus serotinus,0.098,0.209,-1,Echolocation,/mnt/ubna_data_01_mir/recover-20220811/UBNA_009/20220809_053000.WAV,Foliage,recover-20220811,009,1795
783.0705,783.0854,24609.0,31472.0,Nyctalus leisleri,0.344,0.547,-1,Echolocation,/mnt/ubna_data_01_mir/recover-20220811/UBNA_009/20220809_053000.WAV,Foliage,recover-20220811,009,1795
783.2105,783.229,23750.0,28309.0,Nyctalus leisleri,0.309,0.425,-1,Echolocation,/mnt/ubna_data_01_mir/recover-20220811/UBNA_009/20220809_053000.WAV,Foliage,recover-20220811,009,1795
783.3655,783.3804,24609.0,29755.0,Nyctalus leisleri,0.305,0.466,-1,Echolocation,/mnt/ubna_data_01_mir/recover-20220811/UBNA_009/20220809_053000.WAV,Foliage,recover-20220811,009,1795
783.5225,783.5469,22890.0,27837.0,Nyctalus leisleri,0.125,0.284,-1,Echolocation,/mnt/ubna_data_01_mir/recover-20220811/UBNA_009/20220809_053000.WAV,Foliage,recover-20220811,009,1795
783.6975,783.7205,23750.0,29108.0,Nyctalus leisleri,0.099,0.256,-1,Echolocation,/mnt/ubna_data_01_mir/recover-20220811/UBNA_009/20220809_053000.WAV,Foliage,recover-20220811,009,1795
783.8165,783.8397,23750.0,28286.0,Nyctalus leisleri,0.136,0.252,-1,Echolocation,/mnt/ubna_data_01_mir/recover-20220811/UBNA_009/20220809_053000.WAV,Foliage,recover-20220811,009,1795
784.0055,784.0243,23750.0,26616.0,Nyctalus leisleri,0.172,0.207,-1,Echolocation,/mnt/ubna_data_01_mir/recover-20220811/UBNA_009/20220809_053000.WAV,Foliage,recover-20220811,009,1795
784.7245,784.7383,24609.0,29842.0,Nyctalus leisleri,0.278,0.472,-1,Echolocation,/mnt/ubna_data_01_mir/recover-20220811/UBNA_009/20220809_053000.WAV,Foliage,recover-20220811,009,1795
786.3605,786.376,23750.0,31741.0,Eptesicus serotinus,0.287,0.6,-1,Echolocation,/mnt/ubna_data_01_mir/recover-20220811/UBNA_009/20220809_053000.WAV,Foliage,recover-20220811,009,1795
786.5085,786.5244,23750.0,29175.0,Nyctalus leisleri,0.32,0.536,-1,Echolocation,/mnt/ubna_data_01_mir/recover-20220811/UBNA_009/20220809_053000.WAV,Foliage,recover-20220811,009,1795
786.6595,786.6777,23750.0,28276.0,Nyctalus leisleri,0.179,0.329,-1,Echolocation,/mnt/ubna_data_01_mir/recover-20220811/UBNA_009/20220809_053000.WAV,Foliage,recover-20220811,009,1795
786.9685,786.9842,23750.0,28318.0,Nyctalus leisleri,0.168,0.28,-1,Echolocation,/mnt/ubna_data_01_mir/recover-20220811/UBNA_009/20220809_053000.WAV,Foliage,recover-20220811,009,1795
787.1215,787.1426,25468.0,30214.0,Nyctalus leisleri,0.139,0.225,-1,Echolocation,/mnt/ubna_data_01_mir/recover-20220811/UBNA_009/20220809_053000.WAV,Foliage,recover-20220811,009,1795
787.5775,787.6,24609.0,28315.0,Nyctalus leisleri,0.221,0.302,-1,Echolocation,/mnt/ubna_data_01_mir/recover-20220811/UBNA_009/20220809_053000.WAV,Foliage,recover-20220811,009,1795
787.7165,787.731,24609.0,29988.0,Nyctalus leisleri,0.237,0.426,-1,Echolocation,/mnt/ubna_data_01_mir/recover-20220811/UBNA_009/20220809_053000.WAV,Foliage,recover-20220811,009,1795
788.0165,788.0316,24609.0,28655.0,Nyctalus leisleri,0.414,0.53,-1,Echolocation,/mnt/ubna_data_01_mir/recover-20220811/UBNA_009/20220809_053000.WAV,Foliage,recover-20220811,009,1795
788.1725,788.1867,23750.0,30328.0,Nyctalus leisleri,0.355,0.556,-1,Echolocation,/mnt/ubna_data_01_mir/recover-20220811/UBNA_009/20220809_053000.WAV,Foliage,recover-20220811,009,1795
788.3135,788.3249,25468.0,31093.0,Nyctalus leisleri,0.486,0.604,-1,Echolocation,/mnt/ubna_data_01_mir/recover-20220811/UBNA_009/20220809_053000.WAV,Foliage,recover-20220811,009,1795
788.4625,788.4752,25468.0,33825.0,Eptesicus serotinus,0.28,0.607,-1,Echolocation,/mnt/ubna_data_01_mir/recover-20220811/UBNA_009/20220809_053000.WAV,Foliage,recover-20220811,009,1795
788.6185,788.6302,25468.0,34183.0,Eptesicus serotinus,0.326,0.594,-1,Echolocation,/mnt/ubna_data_01_mir/recover-20220811/UBNA_009/20220809_053000.WAV,Foliage,recover-20220811,009,1795
788.7815,788.7951,26328.0,31428.0,Nyctalus leisleri,0.325,0.485,-1,Echolocation,/mnt/ubna_data_01_mir/recover-20220811/UBNA_009/20220809_053000.WAV,Foliage,recover-20220811,009,1795
788.9005,788.9121,27187.0,33841.0,Eptesicus serotinus,0.17,0.248,-1,Echolocation,/mnt/ubna_data_01_mir/recover-20220811/UBNA_009/20220809_053000.WAV,Foliage,recover-20220811,009,1795
789.4585,789.4743,25468.0,31365.0,Nyctalus leisleri,0.31,0.495,-1,Echolocation,/mnt/ubna_data_01_mir/recover-20220811/UBNA_009/20220809_053000.WAV,Foliage,recover-20220811,009,1795
789.5845,789.5989,25468.0,30955.0,Eptesicus serotinus,0.215,0.469,-1,Echolocation,/mnt/ubna_data_01_mir/recover-20220811/UBNA_009/20220809_053000.WAV,Foliage,recover-20220811,009,1795
789.7225,789.7357,25468.0,32789.0,Nyctalus leisleri,0.319,0.595,-1,Echolocation,/mnt/ubna_data_01_mir/recover-20220811/UBNA_009/20220809_053000.WAV,Foliage,recover-20220811,009,1795
789.8785,789.8944,23750.0,29585.0,Nyctalus leisleri,0.319,0.469,-1,Echolocation,/mnt/ubna_data_01_mir/recover-20220811/UBNA_009/20220809_053000.WAV,Foliage,recover-20220811,009,1795
790.1775,790.1942,23750.0,31253.0,Nyctalus leisleri,0.225,0.5,-1,Echolocation,/mnt/ubna_data_01_mir/recover-20220811/UBNA_009/20220809_053000.WAV,Foliage,recover-20220811,009,1795
790.3405,790.3567,25468.0,30731.0,Nyctalus leisleri,0.336,0.452,-1,Echolocation,/mnt/ubna_data_01_mir/recover-20220811/UBNA_009/20220809_053000.WAV,Foliage,recover-20220811,009,1795
790.5795,790.5979,24609.0,29399.0,Nyctalus leisleri,0.106,0.202,-1,Echolocation,/mnt/ubna_data_01_mir/recover-20220811/UBNA_009/20220809_053000.WAV,Foliage,recover-20220811,009,1795
790.7605,790.7759,25468.0,30724.0,Nyctalus leisleri,0.225,0.376,-1,Echolocation,/mnt/ubna_data_01_mir/recover-20220811/UBNA_009/20220809_053000.WAV,Foliage,recover-20220811,009,1795
790.9215,790.9386,24609.0,31307.0,Nyctalus leisleri,0.28,0.523,-1,Echolocation,/mnt/ubna_data_01_mir/recover-20220811/UBNA_009/20220809_053000.WAV,Foliage,recover-20220811,009,1795
791.0745,791.0916,24609.0,28727.0,Nyctalus leisleri,0.175,0.312,-1,Echolocation,/mnt/ubna_data_01_mir/recover-20220811/UBNA_009/20220809_053000.WAV,Foliage,recover-20220811,009,1795
791.1285,791.1418,26328.0,30661.0,Nyctalus leisleri,0.181,0.328,-1,Echolocation,/mnt/ubna_data_01_mir/recover-20220811/UBNA_009/20220809_053000.WAV,Foliage,recover-20220811,009,1795
791.2285,791.2411,25468.0,31062.0,Nyctalus leisleri,0.434,0.596,-1,Echolocation,/mnt/ubna_data_01_mir/recover-20220811/UBNA_009/20220809_053000.WAV,Foliage,recover-20220811,009,1795
791.3595,791.3727,25468.0,32739.0,Nyctalus leisleri,0.289,0.634,-1,Echolocation,/mnt/ubna_data_01_mir/recover-20220811/UBNA_009/20220809_053000.WAV,Foliage,recover-20220811,009,1795
791.5015,791.5131,26328.0,31918.0,Nyctalus leisleri,0.34,0.572,-1,Echolocation,/mnt/ubna_data_01_mir/recover-20220811/UBNA_009/20220809_053000.WAV,Foliage,recover-20220811,009,1795
791.7275,791.7423,26328.0,31252.0,Nyctalus leisleri,0.298,0.488,-1,Echolocation,/mnt/ubna_data_01_mir/recover-20220811/UBNA_009/20220809_053000.WAV,Foliage,recover-20220811,009,1795
791.8675,791.8803,25468.0,30866.0,Eptesicus serotinus,0.149,0.321,-1,Echolocation,/mnt/ubna_data_01_mir/recover-20220811/UBNA_009/20220809_053000.WAV,Foliage,recover-20220811,009,1795
792.3445,792.3594,25468.0,29699.0,Nyctalus leisleri,0.268,0.372,-1,Echolocation,/mnt/ubna_data_01_mir/recover-20220811/UBNA_009/20220809_053000.WAV,Foliage,recover-20220811,009,1795
792.8305,792.8475,26328.0,29689.0,Nyctalus leisleri,0.142,0.213,-1,Echolocation,/mnt/ubna_data_01_mir/recover-20220811/UBNA_009/20220809_053000.WAV,Foliage,recover-20220811,009,1795
793.0755,793.0892,25468.0,29653.0,Nyctalus leisleri,0.411,0.522,-1,Echolocation,/mnt/ubna_data_01_mir/recover-20220811/UBNA_009/20220809_053000.WAV,Foliage,recover-20220811,009,1795
793.3125,793.3295,25468.0,29348.0,Nyctalus leisleri,0.292,0.4,-1,Echolocation,/mnt/ubna_data_01_mir/recover-20220811/UBNA_009/20220809_053000.WAV,Foliage,recover-20220811,009,1795
793.4495,793.4697,25468.0,29934.0,Nyctalus leisleri,0.171,0.269,-1,Echolocation,/mnt/ubna_data_01_mir/recover-20220811/UBNA_009/20220809_053000.WAV,Foliage,recover-20220811,009,1795
793.5885,793.604,25468.0,30489.0,Nyctalus leisleri,0.338,0.479,-1,Echolocation,/mnt/ubna_data_01_mir/recover-20220811/UBNA_009/20220809_053000.WAV,Foliage,recover-20220811,009,1795
793.8335,793.8497,24609.0,30242.0,Nyctalus leisleri,0.33,0.514,-1,Echolocation,/mnt/ubna_data_01_mir/recover-20220811/UBNA_009/20220809_053000.WAV,Foliage,recover-20220811,009,1795
794.0785,794.0936,25468.0,30846.0,Nyctalus leisleri,0.459,0.602,-1,Echolocation,/mnt/ubna_data_01_mir/recover-20220811/UBNA_009/20220809_053000.WAV,Foliage,recover-20220811,009,1795
794.2255,794.2405,25468.0,29166.0,Nyctalus leisleri,0.481,0.604,-1,Echolocation,/mnt/ubna_data_01_mir/recover-20220811/UBNA_009/20220809_053000.WAV,Foliage,recover-20220811,009,1795
794.4575,794.4719,25468.0,29930.0,Nyctalus leisleri,0.313,0.437,-1,Echolocation,/mnt/ubna_data_01_mir/recover-20220811/UBNA_009/20220809_053000.WAV,Foliage,recover-20220811,009,1795
794.6105,794.6266,25468.0,32516.0,Nyctalus leisleri,0.273,0.502,-1,Echolocation,/mnt/ubna_data_01_mir/recover-20220811/UBNA_009/20220809_053000.WAV,Foliage,recover-20220811,009,1795
794.7695,794.7875,24609.0,28708.0,Nyctalus leisleri,0.347,0.466,-1,Echolocation,/mnt/ubna_data_01_mir/recover-20220811/UBNA_009/20220809_053000.WAV,Foliage,recover-20220811,009,1795
797.1035,797.1205,26328.0,29679.0,Nyctalus leisleri,0.247,0.348,-1,Echolocation,/mnt/ubna_data_01_mir/recover-20220811/UBNA_009/20220809_053000.WAV,Foliage,recover-20220811,009,1795
797.1985,797.2174,23750.0,28917.0,Nyctalus leisleri,0.088,0.221,-1,Echolocation,/mnt/ubna_data_01_mir/recover-20220811/UBNA_009/20220809_053000.WAV,Foliage,recover-20220811,009,1795
797.2345,797.2493,25468.0,30489.0,Nyctalus leisleri,0.225,0.401,-1,Echolocation,/mnt/ubna_data_01_mir/recover-20220811/UBNA_009/20220809_053000.WAV,Foliage,recover-20220811,009,1795
797.3685,797.3819,25468.0,31213.0,Nyctalus leisleri,0.468,0.622,-1,Echolocation,/mnt/ubna_data_01_mir/recover-20220811/UBNA_009/20220809_053000.WAV,Foliage,recover-20220811,009,1795
797.5605,797.5791,25468.0,29590.0,Nyctalus leisleri,0.14,0.248,-1,Echolocation,/mnt/ubna_data_01_mir/recover-20220811/UBNA_009/20220809_053000.WAV,Foliage,recover-20220811,009,1795
797.5975,797.6137,24609.0,29689.0,Nyctalus leisleri,0.402,0.563,-1,Echolocation,/mnt/ubna_data_01_mir/recover-20220811/UBNA_009/20220809_053000.WAV,Foliage,recover-20220811,009,1795
797.6975,797.7169,24609.0,29745.0,Nyctalus leisleri,0.129,0.29,-1,Echolocation,/mnt/ubna_data_01_mir/recover-20220811/UBNA_009/20220809_053000.WAV,Foliage,recover-20220811,009,1795
797.8315,797.8432,25468.0,31852.0,Nyctalus leisleri,0.45,0.658,-1,Echolocation,/mnt/ubna_data_01_mir/recover-20220811/UBNA_009/20220809_053000.WAV,Foliage,recover-20220811,009,1795
798.0715,798.0864,25468.0,30954.0,Nyctalus leisleri,0.484,0.599,-1,Echolocation,/mnt/ubna_data_01_mir/recover-20220811/UBNA_009/20220809_053000.WAV,Foliage,recover-20220811,009,1795
798.3025,798.3152,25468.0,33443.0,Eptesicus serotinus,0.289,0.565,-1,Echolocation,/mnt/ubna_data_01_mir/recover-20220811/UBNA_009/20220809_053000.WAV,Foliage,recover-20220811,009,1795
798.3055,798.3264,48671.0,56603.0,Pipistrellus pipistrellus,0.145,0.224,-1,Echolocation,/mnt/ubna_data_01_mir/recover-20220811/UBNA_009/20220809_053000.WAV,Foliage,recover-20220811,009,1795
798.5325,798.5474,24609.0,32783.0,Eptesicus serotinus,0.313,0.542,-1,Echolocation,/mnt/ubna_data_01_mir/recover-20220811/UBNA_009/20220809_053000.WAV,Foliage,recover-20220811,009,1795
798.5395,798.5581,48671.0,53355.0,Pipistrellus pipistrellus,0.151,0.209,-1,Echolocation,/mnt/ubna_data_01_mir/recover-20220811/UBNA_009/20220809_053000.WAV,Foliage,recover-20220811,009,1795
798.7685,798.7859,24609.0,32298.0,Eptesicus serotinus,0.229,0.509,-1,Echolocation,/mnt/ubna_data_01_mir/recover-20220811/UBNA_009/20220809_053000.WAV,Foliage,recover-20220811,009,1795
799.0055,799.0214,24609.0,29814.0,Nyctalus leisleri,0.342,0.534,-1,Echolocation,/mnt/ubna_data_01_mir/recover-20220811/UBNA_009/20220809_053000.WAV,Foliage,recover-20220811,009,1795
799.2465,799.2615,24609.0,29024.0,Nyctalus leisleri,0.282,0.449,-1,Echolocation,/mnt/ubna_data_01_mir/recover-20220811/UBNA_009/20220809_053000.WAV,Foliage,recover-20220811,009,1795
799.3805,799.3953,26328.0,33347.0,Eptesicus serotinus,0.241,0.471,-1,Echolocation,/mnt/ubna_data_01_mir/recover-20220811/UBNA_009/20220809_053000.WAV,Foliage,recover-20220811,009,1795
799.6245,799.6465,24609.0,28009.0,Nyctalus leisleri,0.276,0.361,-1,Echolocation,/mnt/ubna_data_01_mir/recover-20220811/UBNA_009/20220809_053000.WAV,Foliage,recover-20220811,009,1795
799.7675,799.7908,24609.0,28579.0,Nyctalus leisleri,0.212,0.313,-1,Echolocation,/mnt/ubna_data_01_mir/recover-20220811/UBNA_009/20220809_053000.WAV,Foliage,recover-20220811,009,1795
800.0015,800.0185,24609.0,28974.0,Nyctalus leisleri,0.144,0.221,-1,Echolocation,/mnt/ubna_data_01_mir/recover-20220811/UBNA_009/20220809_053000.WAV,Foliage,recover-20220811,009,1795
800.5475,800.5616,25468.0,30359.0,Nyctalus leisleri,0.313,0.496,-1,Echolocation,/mnt/ubna_data_01_mir/recover-20220811/UBNA_009/20220809_053000.WAV,Foliage,recover-20220811,009,1795
802.4435,802.4622,25468.0,29141.0,Nyctalus leisleri,0.205,0.286,-1,Echolocation,/mnt/ubna_data_01_mir/recover-20220811/UBNA_009/20220809_053000.WAV,Foliage,recover-20220811,009,1795
802.5695,802.5858,25468.0,29545.0,Nyctalus leisleri,0.219,0.329,-1,Echolocation,/mnt/ubna_data_01_mir/recover-20220811/UBNA_009/20220809_053000.WAV,Foliage,recover-20220811,009,1795
802.9435,802.9604,25468.0,31051.0,Nyctalus leisleri,0.247,0.432,-1,Echolocation,/mnt/ubna_data_01_mir/recover-20220811/UBNA_009/20220809_053000.WAV,Foliage,recover-20220811,009,1795
803.2015,803.2209,25468.0,29855.0,Nyctalus leisleri,0.153,0.24,-1,Echolocation,/mnt/ubna_data_01_mir/recover-20220811/UBNA_009/20220809_053000.WAV,Foliage,recover-20220811,009,1795
803.3405,803.3532,25468.0,30249.0,Nyctalus leisleri,0.276,0.435,-1,Echolocation,/mnt/ubna_data_01_mir/recover-20220811/UBNA_009/20220809_053000.WAV,Foliage,recover-20220811,009,1795
803.6025,803.6226,24609.0,29503.0,Nyctalus leisleri,0.257,0.391,-1,Echolocation,/mnt/ubna_data_01_mir/recover-20220811/UBNA_009/20220809_053000.WAV,Foliage,recover-20220811,009,1795
803.7455,803.7639,26328.0,30487.0,Nyctalus leisleri,0.151,0.214,-1,Echolocation,/mnt/ubna_data_01_mir/recover-20220811/UBNA_009/20220809_053000.WAV,Foliage,recover-20220811,009,1795
804.1425,804.157,25468.0,30432.0,Nyctalus leisleri,0.448,0.592,-1,Echolocation,/mnt/ubna_data_01_mir/recover-20220811/UBNA_009/20220809_053000.WAV,Foliage,recover-20220811,009,1795
804.5405,804.56,24609.0,29005.0,Nyctalus leisleri,0.249,0.379,-1,Echolocation,/mnt/ubna_data_01_mir/recover-20220811/UBNA_009/20220809_053000.WAV,Foliage,recover-20220811,009,1795
804.9765,804.9922,25468.0,31350.0,Nyctalus leisleri,0.185,0.314,-1,Echolocation,/mnt/ubna_data_01_mir/recover-20220811/UBNA_009/20220809_053000.WAV,Foliage,recover-20220811,009,1795
805.2205,805.2361,24609.0,30405.0,Nyctalus leisleri,0.294,0.436,-1,Echolocation,/mnt/ubna_data_01_mir/recover-20220811/UBNA_009/20220809_053000.WAV,Foliage,recover-20220811,009,1795
805.3545,805.3702,26328.0,31701.0,Nyctalus leisleri,0.16,0.289,-1,Echolocation,/mnt/ubna_data_01_mir/recover-20220811/UBNA_009/20220809_053000.WAV,Foliage,recover-20220811,009,1795
805.6075,805.623,24609.0,32446.0,Nyctalus leisleri,0.238,0.498,-1,Echolocation,/mnt/ubna_data_01_mir/recover-20220811/UBNA_009/20220809_053000.WAV,Foliage,recover-20220811,009,1795
805.7415,805.7573,26328.0,31686.0,Nyctalus leisleri,0.198,0.301,-1,Echolocation,/mnt/ubna_data_01_mir/recover-20220811/UBNA_009/20220809_053000.WAV,Foliage,recover-20220811,009,1795
805.8885,805.9057,25468.0,31725.0,Eptesicus serotinus,0.123,0.224,-1,Echolocation,/mnt/ubna_data_01_mir/recover-20220811/UBNA_009/20220809_053000.WAV,Foliage,recover-20220811,009,1795
806.0235,806.0392,25468.0,32664.0,Eptesicus serotinus,0.242,0.438,-1,Echolocation,/mnt/ubna_data_01_mir/recover-20220811/UBNA_009/20220809_053000.WAV,Foliage,recover-20220811,009,1795
806.2685,806.2817,24609.0,32237.0,Eptesicus serotinus,0.274,0.406,-1,Echolocation,/mnt/ubna_data_01_mir/recover-20220811/UBNA_009/20220809_053000.WAV,Foliage,recover-20220811,009,1795
806.3975,806.4149,25468.0,31616.0,Eptesicus serotinus,0.127,0.262,-1,Echolocation,/mnt/ubna_data_01_mir/recover-20220811/UBNA_009/20220809_053000.WAV,Foliage,recover-20220811,009,1795
806.5225,806.5371,26328.0,33520.0,Nyctalus leisleri,0.223,0.425,-1,Echolocation,/mnt/ubna_data_01_mir/recover-20220811/UBNA_009/20220809_053000.WAV,Foliage,recover-20220811,009,1795
806.6425,806.6573,26328.0,31819.0,Nyctalus leisleri,0.17,0.305,-1,Echolocation,/mnt/ubna_data_01_mir/recover-20220811/UBNA_009/20220809_053000.WAV,Foliage,recover-20220811,009,1795
806.7645,806.7793,25468.0,33504.0,Eptesicus serotinus,0.182,0.313,-1,Echolocation,/mnt/ubna_data_01_mir/recover-20220811/UBNA_009/20220809_053000.WAV,Foliage,recover-20220811,009,1795
806.8855,806.9004,25468.0,31781.0,Nyctalus leisleri,0.179,0.395,-1,Echolocation,/mnt/ubna_data_01_mir/recover-20220811/UBNA_009/20220809_053000.WAV,Foliage,recover-20220811,009,1795
807.0085,807.021,25468.0,34741.0,Eptesicus serotinus,0.319,0.468,-1,Echolocation,/mnt/ubna_data_01_mir/recover-20220811/UBNA_009/20220809_053000.WAV,Foliage,recover-20220811,009,1795
807.1345,807.1486,26328.0,30586.0,Nyctalus leisleri,0.19,0.342,-1,Echolocation,/mnt/ubna_data_01_mir/recover-20220811/UBNA_009/20220809_053000.WAV,Foliage,recover-20220811,009,1795
807.2715,807.2856,26328.0,34676.0,Eptesicus serotinus,0.243,0.504,-1,Echolocation,/mnt/ubna_data_01_mir/recover-20220811/UBNA_009/20220809_053000.WAV,Foliage,recover-20220811,009,1795
807.3955,807.4086,25468.0,31502.0,Eptesicus serotinus,0.213,0.453,-1,Echolocation,/mnt/ubna_data_01_mir/recover-20220811/UBNA_009/20220809_053000.WAV,Foliage,recover-20220811,009,1795
807.5235,807.5383,25468.0,34012.0,Eptesicus serotinus,0.31,0.461,-1,Echolocation,/mnt/ubna_data_01_mir/recover-20220811/UBNA_009/20220809_053000.WAV,Foliage,recover-20220811,009,1795
807.6514999999999,807.6672,25468.0,31438.0,Eptesicus serotinus,0.145,0.314,-1,Echolocation,/mnt/ubna_data_01_mir/recover-20220811/UBNA_009/20220809_053000.WAV,Foliage,recover-20220811,009,1795
807.7965,807.8101,25468.0,31842.0,Nyctalus leisleri,0.227,0.481,-1,Echolocation,/mnt/ubna_data_01_mir/recover-20220811/UBNA_009/20220809_053000.WAV,Foliage,recover-20220811,009,1795
808.0085,808.0221,25468.0,33775.0,Eptesicus serotinus,0.291,0.482,-1,Echolocation,/mnt/ubna_data_01_mir/recover-20220811/UBNA_009/20220809_053000.WAV,Foliage,recover-20220811,009,1795
808.2055,808.2218,26328.0,30844.0,Nyctalus leisleri,0.11,0.207,-1,Echolocation,/mnt/ubna_data_01_mir/recover-20220811/UBNA_009/20220809_053000.WAV,Foliage,recover-20220811,009,1795
808.2825,808.2964,26328.0,31347.0,Eptesicus serotinus,0.14,0.281,-1,Echolocation,/mnt/ubna_data_01_mir/recover-20220811/UBNA_009/20220809_053000.WAV,Foliage,recover-20220811,009,1795
808.3475,808.3628,24609.0,29099.0,Nyctalus leisleri,0.197,0.376,-1,Echolocation,/mnt/ubna_data_01_mir/recover-20220811/UBNA_009/20220809_053000.WAV,Foliage,recover-20220811,009,1795
808.6025,808.616,25468.0,31634.0,Nyctalus leisleri,0.231,0.468,-1,Echolocation,/mnt/ubna_data_01_mir/recover-20220811/UBNA_009/20220809_053000.WAV,Foliage,recover-20220811,009,1795
808.6055,808.6237,49531.0,54274.0,Pipistrellus pipistrellus,0.129,0.207,-1,Echolocation,/mnt/ubna_data_01_mir/recover-20220811/UBNA_009/20220809_053000.WAV,Foliage,recover-20220811,009,1795
808.9025,808.9155,26328.0,32353.0,Nyctalus leisleri,0.306,0.5,-1,Echolocation,/mnt/ubna_data_01_mir/recover-20220811/UBNA_009/20220809_053000.WAV,Foliage,recover-20220811,009,1795
809.0445,809.0628,25468.0,32045.0,Eptesicus serotinus,0.132,0.239,-1,Echolocation,/mnt/ubna_data_01_mir/recover-20220811/UBNA_009/20220809_053000.WAV,Foliage,recover-20220811,009,1795
809.2285,809.2417,25468.0,30245.0,Nyctalus leisleri,0.184,0.372,-1,Echolocation,/mnt/ubna_data_01_mir/recover-20220811/UBNA_009/20220809_053000.WAV,Foliage,recover-20220811,009,1795
809.4495,809.4642,25468.0,29499.0,Nyctalus leisleri,0.192,0.309,-1,Echolocation,/mnt/ubna_data_01_mir/recover-20220811/UBNA_009/20220809_053000.WAV,Foliage,recover-20220811,009,1795
809.8495,809.8669,25468.0,30658.0,Nyctalus leisleri,0.15,0.295,-1,Echolocation,/mnt/ubna_data_01_mir/recover-20220811/UBNA_009/20220809_053000.WAV,Foliage,recover-20220811,009,1795
810.1535,810.1712,27187.0,31724.0,Nyctalus leisleri,0.124,0.206,-1,Echolocation,/mnt/ubna_data_01_mir/recover-20220811/UBNA_009/20220809_053000.WAV,Foliage,recover-20220811,009,1795
810.4715,810.4864,25468.0,31042.0,Eptesicus serotinus,0.152,0.316,-1,Echolocation,/mnt/ubna_data_01_mir/recover-20220811/UBNA_009/20220809_053000.WAV,Foliage,recover-20220811,009,1795
810.6575,810.677,24609.0,29105.0,Nyctalus leisleri,0.142,0.262,-1,Echolocation,/mnt/ubna_data_01_mir/recover-20220811/UBNA_009/20220809_053000.WAV,Foliage,recover-20220811,009,1795
811.9695,811.9831,27187.0,31571.0,Nyctalus leisleri,0.122,0.223,-1,Echolocation,/mnt/ubna_data_01_mir/recover-20220811/UBNA_009/20220809_053000.WAV,Foliage,recover-20220811,009,1795
812.0905,812.1051,25468.0,30914.0,Nyctalus leisleri,0.435,0.55,-1,Echolocation,/mnt/ubna_data_01_mir/recover-20220811/UBNA_009/20220809_053000.WAV,Foliage,recover-20220811,009,1795
812.2195,812.2339,24609.0,29668.0,Nyctalus leisleri,0.301,0.474,-1,Echolocation,/mnt/ubna_data_01_mir/recover-20220811/UBNA_009/20220809_053000.WAV,Foliage,recover-20220811,009,1795
812.3535,812.3665,25468.0,31452.0,Nyctalus leisleri,0.293,0.445,-1,Echolocation,/mnt/ubna_data_01_mir/recover-20220811/UBNA_009/20220809_053000.WAV,Foliage,recover-20220811,009,1795
816.6755,816.6894,26328.0,31472.0,Nyctalus leisleri,0.136,0.254,-1,Echolocation,/mnt/ubna_data_01_mir/recover-20220811/UBNA_009/20220809_053000.WAV,Foliage,recover-20220811,009,1795
817.4805,817.4988,25468.0,29268.0,Nyctalus leisleri,0.141,0.222,-1,Echolocation,/mnt/ubna_data_01_mir/recover-20220811/UBNA_009/20220809_053000.WAV,Foliage,recover-20220811,009,1795
817.6205,817.6349,25468.0,29536.0,Nyctalus leisleri,0.446,0.572,-1,Echolocation,/mnt/ubna_data_01_mir/recover-20220811/UBNA_009/20220809_053000.WAV,Foliage,recover-20220811,009,1795
817.7625,817.7771,25468.0,32467.0,Eptesicus serotinus,0.245,0.497,-1,Echolocation,/mnt/ubna_data_01_mir/recover-20220811/UBNA_009/20220809_053000.WAV,Foliage,recover-20220811,009,1795
817.9185,817.9312,26328.0,31910.0,Nyctalus leisleri,0.238,0.415,-1,Echolocation,/mnt/ubna_data_01_mir/recover-20220811/UBNA_009/20220809_053000.WAV,Foliage,recover-20220811,009,1795
818.1595,818.1752,25468.0,31879.0,Nyctalus leisleri,0.22,0.44,-1,Echolocation,/mnt/ubna_data_01_mir/recover-20220811/UBNA_009/20220809_053000.WAV,Foliage,recover-20220811,009,1795
818.3075,818.3283,24609.0,29340.0,Nyctalus leisleri,0.128,0.263,-1,Echolocation,/mnt/ubna_data_01_mir/recover-20220811/UBNA_009/20220809_053000.WAV,Foliage,recover-20220811,009,1795
818.5665,818.5808,25468.0,31744.0,Nyctalus leisleri,0.265,0.451,-1,Echolocation,/mnt/ubna_data_01_mir/recover-20220811/UBNA_009/20220809_053000.WAV,Foliage,recover-20220811,009,1795
818.7165,818.7324,25468.0,28658.0,Nyctalus leisleri,0.407,0.487,-1,Echolocation,/mnt/ubna_data_01_mir/recover-20220811/UBNA_009/20220809_053000.WAV,Foliage,recover-20220811,009,1795
818.9575,818.972,25468.0,30795.0,Nyctalus leisleri,0.409,0.53,-1,Echolocation,/mnt/ubna_data_01_mir/recover-20220811/UBNA_009/20220809_053000.WAV,Foliage,recover-20220811,009,1795
819.1025,819.117,24609.0,29847.0,Nyctalus leisleri,0.229,0.405,-1,Echolocation,/mnt/ubna_data_01_mir/recover-20220811/UBNA_009/20220809_053000.WAV,Foliage,recover-20220811,009,1795
819.3555,819.3717,25468.0,31840.0,Nyctalus leisleri,0.308,0.518,-1,Echolocation,/mnt/ubna_data_01_mir/recover-20220811/UBNA_009/20220809_053000.WAV,Foliage,recover-20220811,009,1795
819.5105,819.531,24609.0,29115.0,Nyctalus leisleri,0.261,0.388,-1,Echolocation,/mnt/ubna_data_01_mir/recover-20220811/UBNA_009/20220809_053000.WAV,Foliage,recover-20220811,009,1795
819.6495,819.6663,25468.0,30315.0,Nyctalus leisleri,0.319,0.446,-1,Echolocation,/mnt/ubna_data_01_mir/recover-20220811/UBNA_009/20220809_053000.WAV,Foliage,recover-20220811,009,1795
819.8195,819.8331,25468.0,30667.0,Nyctalus leisleri,0.296,0.518,-1,Echolocation,/mnt/ubna_data_01_mir/recover-20220811/UBNA_009/20220809_053000.WAV,Foliage,recover-20220811,009,1795
819.8515,819.8662,25468.0,33070.0,Nyctalus leisleri,0.265,0.576,-1,Echolocation,/mnt/ubna_data_01_mir/recover-20220811/UBNA_009/20220809_053000.WAV,Foliage,recover-20220811,009,1795
820.0045,820.0172,25468.0,30085.0,Nyctalus leisleri,0.209,0.311,-1,Echolocation,/mnt/ubna_data_01_mir/recover-20220811/UBNA_009/20220809_053000.WAV,Foliage,recover-20220811,009,1795
820.0925,820.105,24609.0,30868.0,Nyctalus leisleri,0.303,0.55,-1,Echolocation,/mnt/ubna_data_01_mir/recover-20220811/UBNA_009/20220809_053000.WAV,Foliage,recover-20220811,009,1795
820.1615,820.177,25468.0,30908.0,Nyctalus leisleri,0.154,0.261,-1,Echolocation,/mnt/ubna_data_01_mir/recover-20220811/UBNA_009/20220809_053000.WAV,Foliage,recover-20220811,009,1795
820.2455,820.2609,24609.0,29039.0,Nyctalus leisleri,0.151,0.312,-1,Echolocation,/mnt/ubna_data_01_mir/recover-20220811/UBNA_009/20220809_053000.WAV,Foliage,recover-20220811,009,1795
820.3455,820.3596,25468.0,31316.0,Nyctalus leisleri,0.353,0.468,-1,Echolocation,/mnt/ubna_data_01_mir/recover-20220811/UBNA_009/20220809_053000.WAV,Foliage,recover-20220811,009,1795
820.5145,820.5296,25468.0,30450.0,Nyctalus leisleri,0.226,0.364,-1,Echolocation,/mnt/ubna_data_01_mir/recover-20220811/UBNA_009/20220809_053000.WAV,Foliage,recover-20220811,009,1795
820.6645,820.6776,24609.0,30074.0,Nyctalus leisleri,0.177,0.359,-1,Echolocation,/mnt/ubna_data_01_mir/recover-20220811/UBNA_009/20220809_053000.WAV,Foliage,recover-20220811,009,1795
820.7385,820.7519,25468.0,34233.0,Eptesicus serotinus,0.34,0.505,-1,Echolocation,/mnt/ubna_data_01_mir/recover-20220811/UBNA_009/20220809_053000.WAV,Foliage,recover-20220811,009,1795
820.8875,820.9008,24609.0,29886.0,Nyctalus leisleri,0.196,0.408,-1,Echolocation,/mnt/ubna_data_01_mir/recover-20220811/UBNA_009/20220809_053000.WAV,Foliage,recover-20220811,009,1795
821.1395,821.155,24609.0,30283.0,Nyctalus leisleri,0.246,0.475,-1,Echolocation,/mnt/ubna_data_01_mir/recover-20220811/UBNA_009/20220809_053000.WAV,Foliage,recover-20220811,009,1795
821.2935,821.3075,24609.0,28564.0,Nyctalus leisleri,0.166,0.282,-1,Echolocation,/mnt/ubna_data_01_mir/recover-20220811/UBNA_009/20220809_053000.WAV,Foliage,recover-20220811,009,1795
821.4365,821.4517,25468.0,30706.0,Nyctalus leisleri,0.277,0.461,-1,Echolocation,/mnt/ubna_data_01_mir/recover-20220811/UBNA_009/20220809_053000.WAV,Foliage,recover-20220811,009,1795
821.5905,821.6082,25468.0,31308.0,Eptesicus serotinus,0.12,0.242,-1,Echolocation,/mnt/ubna_data_01_mir/recover-20220811/UBNA_009/20220809_053000.WAV,Foliage,recover-20220811,009,1795
821.8885,821.9071,25468.0,29893.0,Nyctalus leisleri,0.114,0.211,-1,Echolocation,/mnt/ubna_data_01_mir/recover-20220811/UBNA_009/20220809_053000.WAV,Foliage,recover-20220811,009,1795
822.0275,822.0461,25468.0,29609.0,Nyctalus leisleri,0.141,0.228,-1,Echolocation,/mnt/ubna_data_01_mir/recover-20220811/UBNA_009/20220809_053000.WAV,Foliage,recover-20220811,009,1795
822.0395,822.0536,25468.0,29398.0,Nyctalus leisleri,0.134,0.207,-1,Echolocation,/mnt/ubna_data_01_mir/recover-20220811/UBNA_009/20220809_053000.WAV,Foliage,recover-20220811,009,1795
822.1685,822.1818,24609.0,29148.0,Nyctalus leisleri,0.18,0.308,-1,Echolocation,/mnt/ubna_data_01_mir/recover-20220811/UBNA_009/20220809_053000.WAV,Foliage,recover-20220811,009,1795
822.3135,822.3292,25468.0,31368.0,Nyctalus leisleri,0.279,0.505,-1,Echolocation,/mnt/ubna_data_01_mir/recover-20220811/UBNA_009/20220809_053000.WAV,Foliage,recover-20220811,009,1795
822.4615,822.4777,25468.0,30665.0,Nyctalus leisleri,0.129,0.249,-1,Echolocation,/mnt/ubna_data_01_mir/recover-20220811/UBNA_009/20220809_053000.WAV,Foliage,recover-20220811,009,1795
822.7185,822.7342,25468.0,30578.0,Nyctalus leisleri,0.207,0.347,-1,Echolocation,/mnt/ubna_data_01_mir/recover-20220811/UBNA_009/20220809_053000.WAV,Foliage,recover-20220811,009,1795
822.8515,822.8658,24609.0,31720.0,Nyctalus leisleri,0.366,0.57,-1,Echolocation,/mnt/ubna_data_01_mir/recover-20220811/UBNA_009/20220809_053000.WAV,Foliage,recover-20220811,009,1795
822.9985,823.0126,25468.0,30818.0,Nyctalus leisleri,0.386,0.556,-1,Echolocation,/mnt/ubna_data_01_mir/recover-20220811/UBNA_009/20220809_053000.WAV,Foliage,recover-20220811,009,1795
823.1395,823.1549,25468.0,29553.0,Nyctalus leisleri,0.334,0.461,-1,Echolocation,/mnt/ubna_data_01_mir/recover-20220811/UBNA_009/20220809_053000.WAV,Foliage,recover-20220811,009,1795
823.2805,823.2939,25468.0,32877.0,Eptesicus serotinus,0.246,0.521,-1,Echolocation,/mnt/ubna_data_01_mir/recover-20220811/UBNA_009/20220809_053000.WAV,Foliage,recover-20220811,009,1795
823.5495,823.5642,24609.0,30131.0,Nyctalus leisleri,0.198,0.394,-1,Echolocation,/mnt/ubna_data_01_mir/recover-20220811/UBNA_009/20220809_053000.WAV,Foliage,recover-20220811,009,1795
823.7055,823.7206,25468.0,31431.0,Nyctalus leisleri,0.381,0.564,-1,Echolocation,/mnt/ubna_data_01_mir/recover-20220811/UBNA_009/20220809_053000.WAV,Foliage,recover-20220811,009,1795
823.8575,823.8706,24609.0,28864.0,Nyctalus leisleri,0.256,0.382,-1,Echolocation,/mnt/ubna_data_01_mir/recover-20220811/UBNA_009/20220809_053000.WAV,Foliage,recover-20220811,009,1795
824.1195,824.1369,24609.0,31076.0,Nyctalus leisleri,0.213,0.422,-1,Echolocation,/mnt/ubna_data_01_mir/recover-20220811/UBNA_009/20220809_053000.WAV,Foliage,recover-20220811,009,1795
824.4195,824.4403,24609.0,28415.0,Nyctalus leisleri,0.248,0.343,-1,Echolocation,/mnt/ubna_data_01_mir/recover-20220811/UBNA_009/20220809_053000.WAV,Foliage,recover-20220811,009,1795
824.6885,824.7066,24609.0,29246.0,Nyctalus leisleri,0.333,0.457,-1,Echolocation,/mnt/ubna_data_01_mir/recover-20220811/UBNA_009/20220809_053000.WAV,Foliage,recover-20220811,009,1795
824.9545,824.98,23750.0,28221.0,Nyctalus leisleri,0.095,0.209,-1,Echolocation,/mnt/ubna_data_01_mir/recover-20220811/UBNA_009/20220809_053000.WAV,Foliage,recover-20220811,009,1795
825.2195,825.2363,24609.0,30071.0,Nyctalus leisleri,0.278,0.437,-1,Echolocation,/mnt/ubna_data_01_mir/recover-20220811/UBNA_009/20220809_053000.WAV,Foliage,recover-20220811,009,1795
825.3745,825.3936,24609.0,29214.0,Nyctalus leisleri,0.212,0.313,-1,Echolocation,/mnt/ubna_data_01_mir/recover-20220811/UBNA_009/20220809_053000.WAV,Foliage,recover-20220811,009,1795
825.5295,825.5457,24609.0,29110.0,Nyctalus leisleri,0.32,0.456,-1,Echolocation,/mnt/ubna_data_01_mir/recover-20220811/UBNA_009/20220809_053000.WAV,Foliage,recover-20220811,009,1795
825.8605,825.8742,25468.0,29816.0,Nyctalus leisleri,0.257,0.418,-1,Echolocation,/mnt/ubna_data_01_mir/recover-20220811/UBNA_009/20220809_053000.WAV,Foliage,recover-20220811,009,1795
825.9375,825.9568,23750.0,28773.0,Nyctalus leisleri,0.134,0.266,-1,Echolocation,/mnt/ubna_data_01_mir/recover-20220811/UBNA_009/20220809_053000.WAV,Foliage,recover-20220811,009,1795
826.2285,826.2523,24609.0,28972.0,Nyctalus leisleri,0.124,0.251,-1,Echolocation,/mnt/ubna_data_01_mir/recover-20220811/UBNA_009/20220809_053000.WAV,Foliage,recover-20220811,009,1795
826.3975,826.4143,25468.0,30845.0,Nyctalus leisleri,0.161,0.295,-1,Echolocation,/mnt/ubna_data_01_mir/recover-20220811/UBNA_009/20220809_053000.WAV,Foliage,recover-20220811,009,1795
826.4455,826.4615,25468.0,30962.0,Nyctalus leisleri,0.147,0.302,-1,Echolocation,/mnt/ubna_data_01_mir/recover-20220811/UBNA_009/20220809_053000.WAV,Foliage,recover-20220811,009,1795
826.6545,826.6702,25468.0,30937.0,Nyctalus leisleri,0.325,0.518,-1,Echolocation,/mnt/ubna_data_01_mir/recover-20220811/UBNA_009/20220809_053000.WAV,Foliage,recover-20220811,009,1795
826.8045,826.822,25468.0,30325.0,Nyctalus leisleri,0.154,0.279,-1,Echolocation,/mnt/ubna_data_01_mir/recover-20220811/UBNA_009/20220809_053000.WAV,Foliage,recover-20220811,009,1795
826.9495,826.9635,25468.0,31353.0,Nyctalus leisleri,0.202,0.376,-1,Echolocation,/mnt/ubna_data_01_mir/recover-20220811/UBNA_009/20220809_053000.WAV,Foliage,recover-20220811,009,1795
827.2205,827.2341,25468.0,31033.0,Nyctalus leisleri,0.34,0.559,-1,Echolocation,/mnt/ubna_data_01_mir/recover-20220811/UBNA_009/20220809_053000.WAV,Foliage,recover-20220811,009,1795
827.3745,827.3894,26328.0,31072.0,Nyctalus leisleri,0.225,0.364,-1,Echolocation,/mnt/ubna_data_01_mir/recover-20220811/UBNA_009/20220809_053000.WAV,Foliage,recover-20220811,009,1795
827.6325,827.6517,24609.0,29219.0,Nyctalus leisleri,0.129,0.261,-1,Echolocation,/mnt/ubna_data_01_mir/recover-20220811/UBNA_009/20220809_053000.WAV,Foliage,recover-20220811,009,1795
827.7925,827.8049,25468.0,32826.0,Eptesicus serotinus,0.287,0.537,-1,Echolocation,/mnt/ubna_data_01_mir/recover-20220811/UBNA_009/20220809_053000.WAV,Foliage,recover-20220811,009,1795
827.9555,827.9758,25468.0,29953.0,Nyctalus leisleri,0.12,0.227,-1,Echolocation,/mnt/ubna_data_01_mir/recover-20220811/UBNA_009/20220809_053000.WAV,Foliage,recover-20220811,009,1795
828.2275,828.2423,25468.0,29546.0,Nyctalus leisleri,0.521,0.612,-1,Echolocation,/mnt/ubna_data_01_mir/recover-20220811/UBNA_009/20220809_053000.WAV,Foliage,recover-20220811,009,1795
828.3785,828.4016,24609.0,29409.0,Nyctalus leisleri,0.202,0.314,-1,Echolocation,/mnt/ubna_data_01_mir/recover-20220811/UBNA_009/20220809_053000.WAV,Foliage,recover-20220811,009,1795
828.5445,828.5593,25468.0,29891.0,Nyctalus leisleri,0.443,0.533,-1,Echolocation,/mnt/ubna_data_01_mir/recover-20220811/UBNA_009/20220809_053000.WAV,Foliage,recover-20220811,009,1795
828.9645,828.9817,25468.0,29272.0,Nyctalus leisleri,0.201,0.295,-1,Echolocation,/mnt/ubna_data_01_mir/recover-20220811/UBNA_009/20220809_053000.WAV,Foliage,recover-20220811,009,1795
829.1275,829.1474,25468.0,28696.0,Nyctalus leisleri,0.19,0.268,-1,Echolocation,/mnt/ubna_data_01_mir/recover-20220811/UBNA_009/20220809_053000.WAV,Foliage,recover-20220811,009,1795
831.1735,831.1929,24609.0,28121.0,Nyctalus leisleri,0.14,0.21,-1,Echolocation,/mnt/ubna_data_01_mir/recover-20220811/UBNA_009/20220809_053000.WAV,Foliage,recover-20220811,009,1795
831.3335,831.3502,25468.0,28806.0,Nyctalus leisleri,0.331,0.425,-1,Echolocation,/mnt/ubna_data_01_mir/recover-20220811/UBNA_009/20220809_053000.WAV,Foliage,recover-20220811,009,1795
831.5915,831.6077,25468.0,29248.0,Nyctalus leisleri,0.175,0.281,-1,Echolocation,/mnt/ubna_data_01_mir/recover-20220811/UBNA_009/20220809_053000.WAV,Foliage,recover-20220811,009,1795
831.7555,831.7755,25468.0,28831.0,Nyctalus leisleri,0.246,0.323,-1,Echolocation,/mnt/ubna_data_01_mir/recover-20220811/UBNA_009/20220809_053000.WAV,Foliage,recover-20220811,009,1795
831.9225,831.9402,24609.0,29183.0,Nyctalus leisleri,0.421,0.537,-1,Echolocation,/mnt/ubna_data_01_mir/recover-20220811/UBNA_009/20220809_053000.WAV,Foliage,recover-20220811,009,1795
832.1775,832.194,25468.0,29388.0,Nyctalus leisleri,0.325,0.426,-1,Echolocation,/mnt/ubna_data_01_mir/recover-20220811/UBNA_009/20220809_053000.WAV,Foliage,recover-20220811,009,1795
832.3435,832.3627,24609.0,29495.0,Nyctalus leisleri,0.226,0.418,-1,Echolocation,/mnt/ubna_data_01_mir/recover-20220811/UBNA_009/20220809_053000.WAV,Foliage,recover-20220811,009,1795
832.4665,832.4793999999999,27187.0,33111.0,Eptesicus serotinus,0.156,0.288,-1,Echolocation,/mnt/ubna_data_01_mir/recover-20220811/UBNA_009/20220809_053000.WAV,Foliage,recover-20220811,009,1795
833.2185,833.2358,24609.0,28203.0,Nyctalus leisleri,0.131,0.211,-1,Echolocation,/mnt/ubna_data_01_mir/recover-20220811/UBNA_009/20220809_053000.WAV,Foliage,recover-20220811,009,1795
833.6025,833.6182,24609.0,30147.0,Nyctalus leisleri,0.322,0.503,-1,Echolocation,/mnt/ubna_data_01_mir/recover-20220811/UBNA_009/20220809_053000.WAV,Foliage,recover-20220811,009,1795
833.8155,833.8298,24609.0,29341.0,Nyctalus leisleri,0.465,0.591,-1,Echolocation,/mnt/ubna_data_01_mir/recover-20220811/UBNA_009/20220809_053000.WAV,Foliage,recover-20220811,009,1795
833.9735000000001,833.9885,25468.0,29543.0,Nyctalus leisleri,0.417,0.539,-1,Echolocation,/mnt/ubna_data_01_mir/recover-20220811/UBNA_009/20220809_053000.WAV,Foliage,recover-20220811,009,1795
834.1765,834.191,24609.0,29205.0,Nyctalus leisleri,0.427,0.523,-1,Echolocation,/mnt/ubna_data_01_mir/recover-20220811/UBNA_009/20220809_053000.WAV,Foliage,recover-20220811,009,1795
834.4205,834.4393,24609.0,28167.0,Nyctalus leisleri,0.425,0.505,-1,Echolocation,/mnt/ubna_data_01_mir/recover-20220811/UBNA_009/20220809_053000.WAV,Foliage,recover-20220811,009,1795
834.6725,834.6953,23750.0,28208.0,Nyctalus leisleri,0.199,0.317,-1,Echolocation,/mnt/ubna_data_01_mir/recover-20220811/UBNA_009/20220809_053000.WAV,Foliage,recover-20220811,009,1795
834.8355,834.8521,24609.0,31132.0,Nyctalus leisleri,0.293,0.469,-1,Echolocation,/mnt/ubna_data_01_mir/recover-20220811/UBNA_009/20220809_053000.WAV,Foliage,recover-20220811,009,1795
835.0885,835.1066,24609.0,29497.0,Nyctalus leisleri,0.311,0.424,-1,Echolocation,/mnt/ubna_data_01_mir/recover-20220811/UBNA_009/20220809_053000.WAV,Foliage,recover-20220811,009,1795
835.2785,835.2954,24609.0,29510.0,Nyctalus leisleri,0.327,0.453,-1,Echolocation,/mnt/ubna_data_01_mir/recover-20220811/UBNA_009/20220809_053000.WAV,Foliage,recover-20220811,009,1795
835.4475,835.4657,25468.0,30876.0,Nyctalus leisleri,0.177,0.325,-1,Echolocation,/mnt/ubna_data_01_mir/recover-20220811/UBNA_009/20220809_053000.WAV,Foliage,recover-20220811,009,1795
842.8675,842.8803,26328.0,31792.0,Nyctalus leisleri,0.108,0.235,-1,Echolocation,/mnt/ubna_data_01_mir/recover-20220811/UBNA_009/20220809_053000.WAV,Foliage,recover-20220811,009,1795
843.0045,843.0194,25468.0,30116.0,Nyctalus leisleri,0.195,0.325,-1,Echolocation,/mnt/ubna_data_01_mir/recover-20220811/UBNA_009/20220809_053000.WAV,Foliage,recover-20220811,009,1795
843.2685,843.2847,26328.0,30695.0,Nyctalus leisleri,0.113,0.213,-1,Echolocation,/mnt/ubna_data_01_mir/recover-20220811/UBNA_009/20220809_053000.WAV,Foliage,recover-20220811,009,1795
843.4075,843.4242,24609.0,29947.0,Nyctalus leisleri,0.155,0.301,-1,Echolocation,/mnt/ubna_data_01_mir/recover-20220811/UBNA_009/20220809_053000.WAV,Foliage,recover-20220811,009,1795
843.5455,843.5599,25468.0,32321.0,Eptesicus serotinus,0.219,0.468,-1,Echolocation,/mnt/ubna_data_01_mir/recover-20220811/UBNA_009/20220809_053000.WAV,Foliage,recover-20220811,009,1795
843.6995,843.7204,24609.0,28951.0,Nyctalus leisleri,0.202,0.312,-1,Echolocation,/mnt/ubna_data_01_mir/recover-20220811/UBNA_009/20220809_053000.WAV,Foliage,recover-20220811,009,1795
843.8365,843.8529,25468.0,32441.0,Eptesicus serotinus,0.177,0.326,-1,Echolocation,/mnt/ubna_data_01_mir/recover-20220811/UBNA_009/20220809_053000.WAV,Foliage,recover-20220811,009,1795
844.2225,844.2396,24609.0,29488.0,Nyctalus leisleri,0.367,0.5,-1,Echolocation,/mnt/ubna_data_01_mir/recover-20220811/UBNA_009/20220809_053000.WAV,Foliage,recover-20220811,009,1795
844.3855,844.4024,23750.0,28687.0,Nyctalus leisleri,0.202,0.33,-1,Echolocation,/mnt/ubna_data_01_mir/recover-20220811/UBNA_009/20220809_053000.WAV,Foliage,recover-20220811,009,1795
844.5355,844.5547,24609.0,29085.0,Nyctalus leisleri,0.323,0.455,-1,Echolocation,/mnt/ubna_data_01_mir/recover-20220811/UBNA_009/20220809_053000.WAV,Foliage,recover-20220811,009,1795
844.7815,844.7997,23750.0,27834.0,Nyctalus leisleri,0.416,0.549,-1,Echolocation,/mnt/ubna_data_01_mir/recover-20220811/UBNA_009/20220809_053000.WAV,Foliage,recover-20220811,009,1795
845.0245,845.0412,23750.0,30786.0,Nyctalus leisleri,0.304,0.592,-1,Echolocation,/mnt/ubna_data_01_mir/recover-20220811/UBNA_009/20220809_053000.WAV,Foliage,recover-20220811,009,1795
845.1805,845.1952,25468.0,32441.0,Nyctalus leisleri,0.298,0.593,-1,Echolocation,/mnt/ubna_data_01_mir/recover-20220811/UBNA_009/20220809_053000.WAV,Foliage,recover-20220811,009,1795
845.4335,845.4536,23750.0,28288.0,Nyctalus leisleri,0.188,0.321,-1,Echolocation,/mnt/ubna_data_01_mir/recover-20220811/UBNA_009/20220809_053000.WAV,Foliage,recover-20220811,009,1795
845.6695,845.6907,23750.0,27225.0,Nyctalus leisleri,0.242,0.328,-1,Echolocation,/mnt/ubna_data_01_mir/recover-20220811/UBNA_009/20220809_053000.WAV,Foliage,recover-20220811,009,1795
845.8115,845.8264,23750.0,28021.0,Nyctalus leisleri,0.172,0.312,-1,Echolocation,/mnt/ubna_data_01_mir/recover-20220811/UBNA_009/20220809_053000.WAV,Foliage,recover-20220811,009,1795
845.9325,845.9478,24609.0,27935.0,Nyctalus leisleri,0.14,0.201,-1,Echolocation,/mnt/ubna_data_01_mir/recover-20220811/UBNA_009/20220809_053000.WAV,Foliage,recover-20220811,009,1795
846.1205,846.1342,24609.0,29866.0,Nyctalus leisleri,0.265,0.469,-1,Echolocation,/mnt/ubna_data_01_mir/recover-20220811/UBNA_009/20220809_053000.WAV,Foliage,recover-20220811,009,1795
846.3475,846.3621,25468.0,29584.0,Nyctalus leisleri,0.394,0.518,-1,Echolocation,/mnt/ubna_data_01_mir/recover-20220811/UBNA_009/20220809_053000.WAV,Foliage,recover-20220811,009,1795
846.4885,846.5025,25468.0,31781.0,Eptesicus serotinus,0.149,0.321,-1,Echolocation,/mnt/ubna_data_01_mir/recover-20220811/UBNA_009/20220809_053000.WAV,Foliage,recover-20220811,009,1795
847.7305,847.7505,24609.0,29108.0,Nyctalus leisleri,0.272,0.36,-1,Echolocation,/mnt/ubna_data_01_mir/recover-20220811/UBNA_009/20220809_053000.WAV,Foliage,recover-20220811,009,1795
847.8625,847.878,24609.0,32717.0,Eptesicus serotinus,0.309,0.503,-1,Echolocation,/mnt/ubna_data_01_mir/recover-20220811/UBNA_009/20220809_053000.WAV,Foliage,recover-20220811,009,1795
848.0035,848.0203,25468.0,29750.0,Nyctalus leisleri,0.35,0.435,-1,Echolocation,/mnt/ubna_data_01_mir/recover-20220811/UBNA_009/20220809_053000.WAV,Foliage,recover-20220811,009,1795
848.2415,848.257,24609.0,32981.0,Eptesicus serotinus,0.242,0.545,-1,Echolocation,/mnt/ubna_data_01_mir/recover-20220811/UBNA_009/20220809_053000.WAV,Foliage,recover-20220811,009,1795
848.3265,848.3442,22031.0,26363.0,Nyctalus noctula,0.116,0.233,-1,Echolocation,/mnt/ubna_data_01_mir/recover-20220811/UBNA_009/20220809_053000.WAV,Foliage,recover-20220811,009,1795
848.3985,848.4118,24609.0,30609.0,Nyctalus leisleri,0.395,0.538,-1,Echolocation,/mnt/ubna_data_01_mir/recover-20220811/UBNA_009/20220809_053000.WAV,Foliage,recover-20220811,009,1795
848.6465,848.6623,25468.0,32015.0,Nyctalus leisleri,0.337,0.499,-1,Echolocation,/mnt/ubna_data_01_mir/recover-20220811/UBNA_009/20220809_053000.WAV,Foliage,recover-20220811,009,1795
848.8025,848.8195,23750.0,28783.0,Nyctalus leisleri,0.273,0.427,-1,Echolocation,/mnt/ubna_data_01_mir/recover-20220811/UBNA_009/20220809_053000.WAV,Foliage,recover-20220811,009,1795
849.0525,849.0676,24609.0,30653.0,Nyctalus leisleri,0.339,0.5,-1,Echolocation,/mnt/ubna_data_01_mir/recover-20220811/UBNA_009/20220809_053000.WAV,Foliage,recover-20220811,009,1795
849.2095,849.2295,24609.0,28229.0,Nyctalus leisleri,0.263,0.342,-1,Echolocation,/mnt/ubna_data_01_mir/recover-20220811/UBNA_009/20220809_053000.WAV,Foliage,recover-20220811,009,1795
849.4695,849.4852,24609.0,28430.0,Nyctalus leisleri,0.461,0.541,-1,Echolocation,/mnt/ubna_data_01_mir/recover-20220811/UBNA_009/20220809_053000.WAV,Foliage,recover-20220811,009,1795
849.7335,849.7524,23750.0,27832.0,Nyctalus leisleri,0.351,0.465,-1,Echolocation,/mnt/ubna_data_01_mir/recover-20220811/UBNA_009/20220809_053000.WAV,Foliage,recover-20220811,009,1795
850.2575,850.2792,23750.0,27862.0,Nyctalus leisleri,0.183,0.275,-1,Echolocation,/mnt/ubna_data_01_mir/recover-20220811/UBNA_009/20220809_053000.WAV,Foliage,recover-20220811,009,1795
850.5205,850.5409,23750.0,28301.0,Nyctalus leisleri,0.269,0.42,-1,Echolocation,/mnt/ubna_data_01_mir/recover-20220811/UBNA_009/20220809_053000.WAV,Foliage,recover-20220811,009,1795
850.9325,850.9577,23750.0,28007.0,Nyctalus leisleri,0.243,0.338,-1,Echolocation,/mnt/ubna_data_01_mir/recover-20220811/UBNA_009/20220809_053000.WAV,Foliage,recover-20220811,009,1795
851.3515,851.3701,23750.0,27868.0,Nyctalus leisleri,0.379,0.485,-1,Echolocation,/mnt/ubna_data_01_mir/recover-20220811/UBNA_009/20220809_053000.WAV,Foliage,recover-20220811,009,1795
851.7695,851.7896,23750.0,28515.0,Nyctalus leisleri,0.18,0.298,-1,Echolocation,/mnt/ubna_data_01_mir/recover-20220811/UBNA_009/20220809_053000.WAV,Foliage,recover-20220811,009,1795
861.8495,861.8674,25468.0,29428.0,Nyctalus leisleri,0.219,0.316,-1,Echolocation,/mnt/ubna_data_01_mir/recover-20220811/UBNA_009/20220809_053000.WAV,Foliage,recover-20220811,009,1795
862.1245,862.1372,25468.0,30820.0,Eptesicus serotinus,0.169,0.351,-1,Echolocation,/mnt/ubna_data_01_mir/recover-20220811/UBNA_009/20220809_053000.WAV,Foliage,recover-20220811,009,1795
862.3355,862.3502,25468.0,30633.0,Nyctalus leisleri,0.148,0.259,-1,Echolocation,/mnt/ubna_data_01_mir/recover-20220811/UBNA_009/20220809_053000.WAV,Foliage,recover-20220811,009,1795
862.6125,862.6245,25468.0,31243.0,Eptesicus serotinus,0.123,0.239,-1,Echolocation,/mnt/ubna_data_01_mir/recover-20220811/UBNA_009/20220809_053000.WAV,Foliage,recover-20220811,009,1795
862.7545,862.7718,26328.0,30540.0,Nyctalus leisleri,0.142,0.234,-1,Echolocation,/mnt/ubna_data_01_mir/recover-20220811/UBNA_009/20220809_053000.WAV,Foliage,recover-20220811,009,1795
862.8995,862.9136,26328.0,31994.0,Nyctalus leisleri,0.166,0.312,-1,Echolocation,/mnt/ubna_data_01_mir/recover-20220811/UBNA_009/20220809_053000.WAV,Foliage,recover-20220811,009,1795
863.0445,863.0605,26328.0,31287.0,Nyctalus leisleri,0.21,0.407,-1,Echolocation,/mnt/ubna_data_01_mir/recover-20220811/UBNA_009/20220809_053000.WAV,Foliage,recover-20220811,009,1795
863.2155,863.2325,25468.0,32107.0,Nyctalus leisleri,0.184,0.395,-1,Echolocation,/mnt/ubna_data_01_mir/recover-20220811/UBNA_009/20220809_053000.WAV,Foliage,recover-20220811,009,1795
863.3935,863.409,26328.0,31388.0,Nyctalus leisleri,0.109,0.202,-1,Echolocation,/mnt/ubna_data_01_mir/recover-20220811/UBNA_009/20220809_053000.WAV,Foliage,recover-20220811,009,1795
867.6655,867.6826,25468.0,30140.0,Nyctalus leisleri,0.158,0.25,-1,Echolocation,/mnt/ubna_data_01_mir/recover-20220811/UBNA_009/20220809_053000.WAV,Foliage,recover-20220811,009,1795
868.0365,868.0505,24609.0,30901.0,Nyctalus leisleri,0.211,0.446,-1,Echolocation,/mnt/ubna_data_01_mir/recover-20220811/UBNA_009/20220809_053000.WAV,Foliage,recover-20220811,009,1795
868.2835,868.2961,26328.0,32036.0,Nyctalus leisleri,0.21,0.353,-1,Echolocation,/mnt/ubna_data_01_mir/recover-20220811/UBNA_009/20220809_053000.WAV,Foliage,recover-20220811,009,1795
868.4175,868.4336,25468.0,30444.0,Nyctalus leisleri,0.313,0.445,-1,Echolocation,/mnt/ubna_data_01_mir/recover-20220811/UBNA_009/20220809_053000.WAV,Foliage,recover-20220811,009,1795
868.6395,868.6564,24609.0,31253.0,Nyctalus leisleri,0.293,0.533,-1,Echolocation,/mnt/ubna_data_01_mir/recover-20220811/UBNA_009/20220809_053000.WAV,Foliage,recover-20220811,009,1795
868.7655,868.782,25468.0,31058.0,Nyctalus leisleri,0.176,0.351,-1,Echolocation,/mnt/ubna_data_01_mir/recover-20220811/UBNA_009/20220809_053000.WAV,Foliage,recover-20220811,009,1795
868.9895,869.004,24609.0,31866.0,Nyctalus leisleri,0.251,0.521,-1,Echolocation,/mnt/ubna_data_01_mir/recover-20220811/UBNA_009/20220809_053000.WAV,Foliage,recover-20220811,009,1795
869.1175,869.1308,26328.0,35132.0,Eptesicus serotinus,0.27,0.425,-1,Echolocation,/mnt/ubna_data_01_mir/recover-20220811/UBNA_009/20220809_053000.WAV,Foliage,recover-20220811,009,1795
869.3785,869.3938,25468.0,31487.0,Eptesicus serotinus,0.18,0.389,-1,Echolocation,/mnt/ubna_data_01_mir/recover-20220811/UBNA_009/20220809_053000.WAV,Foliage,recover-20220811,009,1795
869.5115,869.5283,25468.0,29090.0,Nyctalus leisleri,0.366,0.466,-1,Echolocation,/mnt/ubna_data_01_mir/recover-20220811/UBNA_009/20220809_053000.WAV,Foliage,recover-20220811,009,1795
869.7355,869.7498,25468.0,31315.0,Nyctalus leisleri,0.298,0.54,-1,Echolocation,/mnt/ubna_data_01_mir/recover-20220811/UBNA_009/20220809_053000.WAV,Foliage,recover-20220811,009,1795
870.8025,870.8136,26328.0,31035.0,Nyctalus leisleri,0.317,0.481,-1,Echolocation,/mnt/ubna_data_01_mir/recover-20220811/UBNA_009/20220809_053000.WAV,Foliage,recover-20220811,009,1795
870.9195,870.9334,26328.0,31828.0,Nyctalus leisleri,0.259,0.427,-1,Echolocation,/mnt/ubna_data_01_mir/recover-20220811/UBNA_009/20220809_053000.WAV,Foliage,recover-20220811,009,1795
871.0425,871.0574,25468.0,31994.0,Nyctalus leisleri,0.275,0.516,-1,Echolocation,/mnt/ubna_data_01_mir/recover-20220811/UBNA_009/20220809_053000.WAV,Foliage,recover-20220811,009,1795
871.1655,871.1775,26328.0,33413.0,Nyctalus leisleri,0.29,0.57,-1,Echolocation,/mnt/ubna_data_01_mir/recover-20220811/UBNA_009/20220809_053000.WAV,Foliage,recover-20220811,009,1795
871.3855,871.4007,24609.0,33583.0,Eptesicus serotinus,0.265,0.524,-1,Echolocation,/mnt/ubna_data_01_mir/recover-20220811/UBNA_009/20220809_053000.WAV,Foliage,recover-20220811,009,1795
871.5215,871.5332,25468.0,33574.0,Nyctalus leisleri,0.357,0.635,-1,Echolocation,/mnt/ubna_data_01_mir/recover-20220811/UBNA_009/20220809_053000.WAV,Foliage,recover-20220811,009,1795
871.7645,871.7776,25468.0,34283.0,Eptesicus serotinus,0.316,0.629,-1,Echolocation,/mnt/ubna_data_01_mir/recover-20220811/UBNA_009/20220809_053000.WAV,Foliage,recover-20220811,009,1795
871.7675,871.7819,50390.0,58792.0,Pipistrellus pygmaeus,0.17,0.347,-1,Echolocation,/mnt/ubna_data_01_mir/recover-20220811/UBNA_009/20220809_053000.WAV,Foliage,recover-20220811,009,1795
871.9085,871.9227,25468.0,31263.0,Nyctalus leisleri,0.324,0.543,-1,Echolocation,/mnt/ubna_data_01_mir/recover-20220811/UBNA_009/20220809_053000.WAV,Foliage,recover-20220811,009,1795
872.1445,872.1589,24609.0,31427.0,Nyctalus leisleri,0.403,0.605,-1,Echolocation,/mnt/ubna_data_01_mir/recover-20220811/UBNA_009/20220809_053000.WAV,Foliage,recover-20220811,009,1795
872.2925,872.3089,24609.0,29186.0,Nyctalus leisleri,0.452,0.545,-1,Echolocation,/mnt/ubna_data_01_mir/recover-20220811/UBNA_009/20220809_053000.WAV,Foliage,recover-20220811,009,1795
872.5275,872.5423,24609.0,29742.0,Nyctalus leisleri,0.522,0.61,-1,Echolocation,/mnt/ubna_data_01_mir/recover-20220811/UBNA_009/20220809_053000.WAV,Foliage,recover-20220811,009,1795
872.6665,872.6849,24609.0,28449.0,Nyctalus leisleri,0.328,0.458,-1,Echolocation,/mnt/ubna_data_01_mir/recover-20220811/UBNA_009/20220809_053000.WAV,Foliage,recover-20220811,009,1795
872.9175,872.9399,24609.0,28140.0,Nyctalus leisleri,0.286,0.358,-1,Echolocation,/mnt/ubna_data_01_mir/recover-20220811/UBNA_009/20220809_053000.WAV,Foliage,recover-20220811,009,1795
873.3295,873.3447,24609.0,30063.0,Nyctalus leisleri,0.352,0.488,-1,Echolocation,/mnt/ubna_data_01_mir/recover-20220811/UBNA_009/20220809_053000.WAV,Foliage,recover-20220811,009,1795
874.2055,874.2209,24609.0,28555.0,Nyctalus leisleri,0.47,0.549,-1,Echolocation,/mnt/ubna_data_01_mir/recover-20220811/UBNA_009/20220809_053000.WAV,Foliage,recover-20220811,009,1795
874.4205,874.4347,24609.0,29111.0,Nyctalus leisleri,0.247,0.386,-1,Echolocation,/mnt/ubna_data_01_mir/recover-20220811/UBNA_009/20220809_053000.WAV,Foliage,recover-20220811,009,1795
874.5505,874.5632,25468.0,29962.0,Eptesicus serotinus,0.123,0.236,-1,Echolocation,/mnt/ubna_data_01_mir/recover-20220811/UBNA_009/20220809_053000.WAV,Foliage,recover-20220811,009,1795
874.7515,874.7696,25468.0,30116.0,Nyctalus leisleri,0.182,0.321,-1,Echolocation,/mnt/ubna_data_01_mir/recover-20220811/UBNA_009/20220809_053000.WAV,Foliage,recover-20220811,009,1795
875.9185,875.9309,25468.0,30539.0,Nyctalus leisleri,0.197,0.353,-1,Echolocation,/mnt/ubna_data_01_mir/recover-20220811/UBNA_009/20220809_053000.WAV,Foliage,recover-20220811,009,1795
876.8755,876.8918,26328.0,30349.0,Nyctalus leisleri,0.171,0.271,-1,Echolocation,/mnt/ubna_data_01_mir/recover-20220811/UBNA_009/20220809_053000.WAV,Foliage,recover-20220811,009,1795
876.9915,877.0077,26328.0,30918.0,Nyctalus leisleri,0.147,0.227,-1,Echolocation,/mnt/ubna_data_01_mir/recover-20220811/UBNA_009/20220809_053000.WAV,Foliage,recover-20220811,009,1795
877.1295,877.1461,25468.0,32010.0,Nyctalus leisleri,0.158,0.312,-1,Echolocation,/mnt/ubna_data_01_mir/recover-20220811/UBNA_009/20220809_053000.WAV,Foliage,recover-20220811,009,1795
877.2755,877.2967,24609.0,27774.0,Nyctalus leisleri,0.122,0.203,-1,Echolocation,/mnt/ubna_data_01_mir/recover-20220811/UBNA_009/20220809_053000.WAV,Foliage,recover-20220811,009,1795
877.5195,877.5377,25468.0,29597.0,Nyctalus leisleri,0.285,0.363,-1,Echolocation,/mnt/ubna_data_01_mir/recover-20220811/UBNA_009/20220809_053000.WAV,Foliage,recover-20220811,009,1795
877.6755,877.6941,24609.0,28624.0,Nyctalus leisleri,0.329,0.457,-1,Echolocation,/mnt/ubna_data_01_mir/recover-20220811/UBNA_009/20220809_053000.WAV,Foliage,recover-20220811,009,1795
877.9135,877.9287,24609.0,29642.0,Nyctalus leisleri,0.463,0.59,-1,Echolocation,/mnt/ubna_data_01_mir/recover-20220811/UBNA_009/20220809_053000.WAV,Foliage,recover-20220811,009,1795
878.0665,878.0825,24609.0,28142.0,Nyctalus leisleri,0.326,0.427,-1,Echolocation,/mnt/ubna_data_01_mir/recover-20220811/UBNA_009/20220809_053000.WAV,Foliage,recover-20220811,009,1795
878.3105,878.325,24609.0,31694.0,Nyctalus leisleri,0.363,0.615,-1,Echolocation,/mnt/ubna_data_01_mir/recover-20220811/UBNA_009/20220809_053000.WAV,Foliage,recover-20220811,009,1795
878.4565,878.4706,25468.0,31262.0,Nyctalus leisleri,0.44,0.589,-1,Echolocation,/mnt/ubna_data_01_mir/recover-20220811/UBNA_009/20220809_053000.WAV,Foliage,recover-20220811,009,1795
878.5945,878.6083,24609.0,29213.0,Nyctalus leisleri,0.376,0.541,-1,Echolocation,/mnt/ubna_data_01_mir/recover-20220811/UBNA_009/20220809_053000.WAV,Foliage,recover-20220811,009,1795
878.8445,878.8584,24609.0,30075.0,Nyctalus leisleri,0.367,0.567,-1,Echolocation,/mnt/ubna_data_01_mir/recover-20220811/UBNA_009/20220809_053000.WAV,Foliage,recover-20220811,009,1795
878.9845,879.0054,24609.0,29213.0,Nyctalus leisleri,0.126,0.233,-1,Echolocation,/mnt/ubna_data_01_mir/recover-20220811/UBNA_009/20220809_053000.WAV,Foliage,recover-20220811,009,1795
879.1365,879.1533,24609.0,29781.0,Nyctalus leisleri,0.376,0.512,-1,Echolocation,/mnt/ubna_data_01_mir/recover-20220811/UBNA_009/20220809_053000.WAV,Foliage,recover-20220811,009,1795
879.2785,879.2979,24609.0,27991.0,Nyctalus leisleri,0.142,0.224,-1,Echolocation,/mnt/ubna_data_01_mir/recover-20220811/UBNA_009/20220809_053000.WAV,Foliage,recover-20220811,009,1795
879.8105,879.8281,25468.0,29164.0,Nyctalus leisleri,0.183,0.259,-1,Echolocation,/mnt/ubna_data_01_mir/recover-20220811/UBNA_009/20220809_053000.WAV,Foliage,recover-20220811,009,1795
880.9845,881.002,25468.0,29159.0,Nyctalus leisleri,0.19,0.262,-1,Echolocation,/mnt/ubna_data_01_mir/recover-20220811/UBNA_009/20220809_053000.WAV,Foliage,recover-20220811,009,1795
881.2055,881.2228,25468.0,29750.0,Nyctalus leisleri,0.109,0.211,-1,Echolocation,/mnt/ubna_data_01_mir/recover-20220811/UBNA_009/20220809_053000.WAV,Foliage,recover-20220811,009,1795
881.5635,881.5814,25468.0,29671.0,Nyctalus leisleri,0.135,0.221,-1,Echolocation,/mnt/ubna_data_01_mir/recover-20220811/UBNA_009/20220809_053000.WAV,Foliage,recover-20220811,009,1795
881.9255,881.9428,25468.0,29297.0,Nyctalus leisleri,0.234,0.314,-1,Echolocation,/mnt/ubna_data_01_mir/recover-20220811/UBNA_009/20220809_053000.WAV,Foliage,recover-20220811,009,1795
882.3635,882.3822,25468.0,29898.0,Nyctalus leisleri,0.136,0.218,-1,Echolocation,/mnt/ubna_data_01_mir/recover-20220811/UBNA_009/20220809_053000.WAV,Foliage,recover-20220811,009,1795
883.5335,883.5496,24609.0,28763.0,Nyctalus leisleri,0.243,0.357,-1,Echolocation,/mnt/ubna_data_01_mir/recover-20220811/UBNA_009/20220809_053000.WAV,Foliage,recover-20220811,009,1795
883.9095,883.9229,25468.0,29075.0,Nyctalus leisleri,0.276,0.426,-1,Echolocation,/mnt/ubna_data_01_mir/recover-20220811/UBNA_009/20220809_053000.WAV,Foliage,recover-20220811,009,1795
884.1785,884.19,25468.0,30441.0,Nyctalus leisleri,0.323,0.47,-1,Echolocation,/mnt/ubna_data_01_mir/recover-20220811/UBNA_009/20220809_053000.WAV,Foliage,recover-20220811,009,1795
884.3555,884.3715,24609.0,29120.0,Nyctalus leisleri,0.114,0.221,-1,Echolocation,/mnt/ubna_data_01_mir/recover-20220811/UBNA_009/20220809_053000.WAV,Foliage,recover-20220811,009,1795
884.6195,884.6318,24609.0,29934.0,Eptesicus serotinus,0.154,0.31,-1,Echolocation,/mnt/ubna_data_01_mir/recover-20220811/UBNA_009/20220809_053000.WAV,Foliage,recover-20220811,009,1795
884.8825,884.8984,24609.0,29804.0,Nyctalus leisleri,0.252,0.418,-1,Echolocation,/mnt/ubna_data_01_mir/recover-20220811/UBNA_009/20220809_053000.WAV,Foliage,recover-20220811,009,1795
885.2765,885.2901,25468.0,30238.0,Nyctalus leisleri,0.116,0.226,-1,Echolocation,/mnt/ubna_data_01_mir/recover-20220811/UBNA_009/20220809_053000.WAV,Foliage,recover-20220811,009,1795
885.4315,885.4522,24609.0,28131.0,Nyctalus leisleri,0.21,0.302,-1,Echolocation,/mnt/ubna_data_01_mir/recover-20220811/UBNA_009/20220809_053000.WAV,Foliage,recover-20220811,009,1795
886.3415,886.3573,23750.0,29045.0,Nyctalus leisleri,0.255,0.447,-1,Echolocation,/mnt/ubna_data_01_mir/recover-20220811/UBNA_009/20220809_053000.WAV,Foliage,recover-20220811,009,1795
886.4795,886.4959,24609.0,28162.0,Nyctalus leisleri,0.276,0.403,-1,Echolocation,/mnt/ubna_data_01_mir/recover-20220811/UBNA_009/20220809_053000.WAV,Foliage,recover-20220811,009,1795
886.5965,886.6092,23750.0,28684.0,Nyctalus leisleri,0.232,0.46,-1,Echolocation,/mnt/ubna_data_01_mir/recover-20220811/UBNA_009/20220809_053000.WAV,Foliage,recover-20220811,009,1795
886.9105,886.9281,25468.0,29518.0,Nyctalus leisleri,0.172,0.26,-1,Echolocation,/mnt/ubna_data_01_mir/recover-20220811/UBNA_009/20220809_053000.WAV,Foliage,recover-20220811,009,1795
887.0465,887.0646,25468.0,29184.0,Nyctalus leisleri,0.253,0.34,-1,Echolocation,/mnt/ubna_data_01_mir/recover-20220811/UBNA_009/20220809_053000.WAV,Foliage,recover-20220811,009,1795
887.3175,887.3293,25468.0,31097.0,Nyctalus leisleri,0.222,0.404,-1,Echolocation,/mnt/ubna_data_01_mir/recover-20220811/UBNA_009/20220809_053000.WAV,Foliage,recover-20220811,009,1795
887.4655,887.4805,25468.0,29602.0,Nyctalus leisleri,0.32,0.418,-1,Echolocation,/mnt/ubna_data_01_mir/recover-20220811/UBNA_009/20220809_053000.WAV,Foliage,recover-20220811,009,1795
887.5985000000001,887.6129,25468.0,31034.0,Nyctalus leisleri,0.228,0.391,-1,Echolocation,/mnt/ubna_data_01_mir/recover-20220811/UBNA_009/20220809_053000.WAV,Foliage,recover-20220811,009,1795
887.7435,887.7603,25468.0,30482.0,Nyctalus leisleri,0.373,0.506,-1,Echolocation,/mnt/ubna_data_01_mir/recover-20220811/UBNA_009/20220809_053000.WAV,Foliage,recover-20220811,009,1795
887.8635,887.88,25468.0,30426.0,Nyctalus leisleri,0.362,0.522,-1,Echolocation,/mnt/ubna_data_01_mir/recover-20220811/UBNA_009/20220809_053000.WAV,Foliage,recover-20220811,009,1795
888.0095,888.0227,25468.0,30531.0,Nyctalus leisleri,0.225,0.444,-1,Echolocation,/mnt/ubna_data_01_mir/recover-20220811/UBNA_009/20220809_053000.WAV,Foliage,recover-20220811,009,1795
888.1675,888.1814,26328.0,31055.0,Nyctalus leisleri,0.304,0.478,-1,Echolocation,/mnt/ubna_data_01_mir/recover-20220811/UBNA_009/20220809_053000.WAV,Foliage,recover-20220811,009,1795
888.4125,888.4307,25468.0,30392.0,Nyctalus leisleri,0.271,0.408,-1,Echolocation,/mnt/ubna_data_01_mir/recover-20220811/UBNA_009/20220809_053000.WAV,Foliage,recover-20220811,009,1795
888.5625,888.5785,24609.0,30147.0,Nyctalus leisleri,0.375,0.539,-1,Echolocation,/mnt/ubna_data_01_mir/recover-20220811/UBNA_009/20220809_053000.WAV,Foliage,recover-20220811,009,1795
888.8415,888.8566,24609.0,28678.0,Nyctalus leisleri,0.252,0.374,-1,Echolocation,/mnt/ubna_data_01_mir/recover-20220811/UBNA_009/20220809_053000.WAV,Foliage,recover-20220811,009,1795
888.9765,888.9922,25468.0,30359.0,Nyctalus leisleri,0.411,0.542,-1,Echolocation,/mnt/ubna_data_01_mir/recover-20220811/UBNA_009/20220809_053000.WAV,Foliage,recover-20220811,009,1795
889.1065,889.1226,25468.0,29876.0,Nyctalus leisleri,0.138,0.269,-1,Echolocation,/mnt/ubna_data_01_mir/recover-20220811/UBNA_009/20220809_053000.WAV,Foliage,recover-20220811,009,1795
889.2365,889.2526,25468.0,29438.0,Nyctalus leisleri,0.195,0.304,-1,Echolocation,/mnt/ubna_data_01_mir/recover-20220811/UBNA_009/20220809_053000.WAV,Foliage,recover-20220811,009,1795
889.4555,889.4736,25468.0,30500.0,Nyctalus leisleri,0.247,0.373,-1,Echolocation,/mnt/ubna_data_01_mir/recover-20220811/UBNA_009/20220809_053000.WAV,Foliage,recover-20220811,009,1795
889.6045,889.621,25468.0,29632.0,Nyctalus leisleri,0.147,0.244,-1,Echolocation,/mnt/ubna_data_01_mir/recover-20220811/UBNA_009/20220809_053000.WAV,Foliage,recover-20220811,009,1795
891.2615,891.2791,24609.0,28683.0,Nyctalus leisleri,0.451,0.552,-1,Echolocation,/mnt/ubna_data_01_mir/recover-20220811/UBNA_009/20220809_053000.WAV,Foliage,recover-20220811,009,1795
891.4185,891.4383,24609.0,29012.0,Nyctalus leisleri,0.2,0.316,-1,Echolocation,/mnt/ubna_data_01_mir/recover-20220811/UBNA_009/20220809_053000.WAV,Foliage,recover-20220811,009,1795
891.6605,891.676,24609.0,29212.0,Nyctalus leisleri,0.439,0.536,-1,Echolocation,/mnt/ubna_data_01_mir/recover-20220811/UBNA_009/20220809_053000.WAV,Foliage,recover-20220811,009,1795
891.8085,891.8268,23750.0,28607.0,Nyctalus leisleri,0.088,0.23,-1,Echolocation,/mnt/ubna_data_01_mir/recover-20220811/UBNA_009/20220809_053000.WAV,Foliage,recover-20220811,009,1795
892.0535,892.076,24609.0,29657.0,Nyctalus leisleri,0.139,0.235,-1,Echolocation,/mnt/ubna_data_01_mir/recover-20220811/UBNA_009/20220809_053000.WAV,Foliage,recover-20220811,009,1795
893.4095,893.4295,22890.0,27725.0,Nyctalus noctula,0.118,0.26,-1,Echolocation,/mnt/ubna_data_01_mir/recover-20220811/UBNA_009/20220809_053000.WAV,Foliage,recover-20220811,009,1795
893.9585,893.9793999999999,23750.0,28435.0,Nyctalus leisleri,0.112,0.221,-1,Echolocation,/mnt/ubna_data_01_mir/recover-20220811/UBNA_009/20220809_053000.WAV,Foliage,recover-20220811,009,1795
901.4365,901.4544,24609.0,29061.0,Nyctalus leisleri,0.337,0.469,-1,Echolocation,/mnt/ubna_data_01_mir/recover-20220811/UBNA_009/20220809_053000.WAV,Foliage,recover-20220811,009,1795
902.2015,902.2165,23750.0,28993.0,Nyctalus leisleri,0.191,0.375,-1,Echolocation,/mnt/ubna_data_01_mir/recover-20220811/UBNA_009/20220809_053000.WAV,Foliage,recover-20220811,009,1795
904.2515,904.2692,26328.0,30467.0,Nyctalus leisleri,0.172,0.263,-1,Echolocation,/mnt/ubna_data_01_mir/recover-20220811/UBNA_009/20220809_053000.WAV,Foliage,recover-20220811,009,1795
904.5325,904.5466,27187.0,31643.0,Nyctalus leisleri,0.126,0.239,-1,Echolocation,/mnt/ubna_data_01_mir/recover-20220811/UBNA_009/20220809_053000.WAV,Foliage,recover-20220811,009,1795
904.6815,904.6976,25468.0,29551.0,Nyctalus leisleri,0.266,0.411,-1,Echolocation,/mnt/ubna_data_01_mir/recover-20220811/UBNA_009/20220809_053000.WAV,Foliage,recover-20220811,009,1795
904.9365,904.953,24609.0,29826.0,Nyctalus leisleri,0.43,0.533,-1,Echolocation,/mnt/ubna_data_01_mir/recover-20220811/UBNA_009/20220809_053000.WAV,Foliage,recover-20220811,009,1795
905.0905,905.1076,25468.0,29329.0,Nyctalus leisleri,0.236,0.307,-1,Echolocation,/mnt/ubna_data_01_mir/recover-20220811/UBNA_009/20220809_053000.WAV,Foliage,recover-20220811,009,1795
905.2205,905.2366,25468.0,30249.0,Nyctalus leisleri,0.172,0.299,-1,Echolocation,/mnt/ubna_data_01_mir/recover-20220811/UBNA_009/20220809_053000.WAV,Foliage,recover-20220811,009,1795
905.3575,905.3733,25468.0,30589.0,Nyctalus leisleri,0.267,0.407,-1,Echolocation,/mnt/ubna_data_01_mir/recover-20220811/UBNA_009/20220809_053000.WAV,Foliage,recover-20220811,009,1795
905.5065,905.5245,25468.0,30092.0,Nyctalus leisleri,0.137,0.211,-1,Echolocation,/mnt/ubna_data_01_mir/recover-20220811/UBNA_009/20220809_053000.WAV,Foliage,recover-20220811,009,1795
905.7635,905.7772,25468.0,30208.0,Nyctalus leisleri,0.386,0.514,-1,Echolocation,/mnt/ubna_data_01_mir/recover-20220811/UBNA_009/20220809_053000.WAV,Foliage,recover-20220811,009,1795
905.9125,905.9275,24609.0,28886.0,Nyctalus leisleri,0.29,0.462,-1,Echolocation,/mnt/ubna_data_01_mir/recover-20220811/UBNA_009/20220809_053000.WAV,Foliage,recover-20220811,009,1795
906.0665,906.0811,24609.0,31948.0,Nyctalus leisleri,0.308,0.572,-1,Echolocation,/mnt/ubna_data_01_mir/recover-20220811/UBNA_009/20220809_053000.WAV,Foliage,recover-20220811,009,1795
906.2295,906.2461,25468.0,30006.0,Nyctalus leisleri,0.413,0.509,-1,Echolocation,/mnt/ubna_data_01_mir/recover-20220811/UBNA_009/20220809_053000.WAV,Foliage,recover-20220811,009,1795
906.4805,906.4955,23750.0,28774.0,Nyctalus leisleri,0.36,0.546,-1,Echolocation,/mnt/ubna_data_01_mir/recover-20220811/UBNA_009/20220809_053000.WAV,Foliage,recover-20220811,009,1795
906.6345,906.6491,24609.0,30442.0,Nyctalus leisleri,0.323,0.552,-1,Echolocation,/mnt/ubna_data_01_mir/recover-20220811/UBNA_009/20220809_053000.WAV,Foliage,recover-20220811,009,1795
906.9065,906.9256,23750.0,28928.0,Nyctalus leisleri,0.32,0.474,-1,Echolocation,/mnt/ubna_data_01_mir/recover-20220811/UBNA_009/20220809_053000.WAV,Foliage,recover-20220811,009,1795
907.0645,907.0795,24609.0,31363.0,Nyctalus leisleri,0.336,0.633,-1,Echolocation,/mnt/ubna_data_01_mir/recover-20220811/UBNA_009/20220809_053000.WAV,Foliage,recover-20220811,009,1795
907.2175,907.2344,25468.0,29339.0,Nyctalus leisleri,0.193,0.273,-1,Echolocation,/mnt/ubna_data_01_mir/recover-20220811/UBNA_009/20220809_053000.WAV,Foliage,recover-20220811,009,1795
907.3695,907.3899,23750.0,27965.0,Nyctalus leisleri,0.12,0.25,-1,Echolocation,/mnt/ubna_data_01_mir/recover-20220811/UBNA_009/20220809_053000.WAV,Foliage,recover-20220811,009,1795
909.2965,909.3138,25468.0,29008.0,Nyctalus leisleri,0.157,0.229,-1,Echolocation,/mnt/ubna_data_01_mir/recover-20220811/UBNA_009/20220809_053000.WAV,Foliage,recover-20220811,009,1795
909.6535,909.6743,23750.0,29188.0,Eptesicus serotinus,0.136,0.296,-1,Echolocation,/mnt/ubna_data_01_mir/recover-20220811/UBNA_009/20220809_053000.WAV,Foliage,recover-20220811,009,1795
909.7935,909.8118,24609.0,28954.0,Nyctalus leisleri,0.25,0.373,-1,Echolocation,/mnt/ubna_data_01_mir/recover-20220811/UBNA_009/20220809_053000.WAV,Foliage,recover-20220811,009,1795
910.1895,910.2053,24609.0,29267.0,Nyctalus leisleri,0.262,0.466,-1,Echolocation,/mnt/ubna_data_01_mir/recover-20220811/UBNA_009/20220809_053000.WAV,Foliage,recover-20220811,009,1795
910.4765,910.4898,25468.0,30454.0,Nyctalus leisleri,0.182,0.348,-1,Echolocation,/mnt/ubna_data_01_mir/recover-20220811/UBNA_009/20220809_053000.WAV,Foliage,recover-20220811,009,1795
913.2885,913.3021,23750.0,28894.0,Nyctalus leisleri,0.465,0.578,-1,Echolocation,/mnt/ubna_data_01_mir/recover-20220811/UBNA_009/20220809_053000.WAV,Foliage,recover-20220811,009,1795
913.5315,913.5486,24609.0,28811.0,Nyctalus leisleri,0.25,0.387,-1,Echolocation,/mnt/ubna_data_01_mir/recover-20220811/UBNA_009/20220809_053000.WAV,Foliage,recover-20220811,009,1795
913.8015,913.8134,25468.0,30508.0,Nyctalus leisleri,0.464,0.6,-1,Echolocation,/mnt/ubna_data_01_mir/recover-20220811/UBNA_009/20220809_053000.WAV,Foliage,recover-20220811,009,1795
914.0415,914.0539,25468.0,29471.0,Nyctalus leisleri,0.361,0.525,-1,Echolocation,/mnt/ubna_data_01_mir/recover-20220811/UBNA_009/20220809_053000.WAV,Foliage,recover-20220811,009,1795
914.1885,914.2055,24609.0,29127.0,Nyctalus leisleri,0.273,0.454,-1,Echolocation,/mnt/ubna_data_01_mir/recover-20220811/UBNA_009/20220809_053000.WAV,Foliage,recover-20220811,009,1795
914.3455,914.3594,25468.0,30311.0,Nyctalus leisleri,0.359,0.524,-1,Echolocation,/mnt/ubna_data_01_mir/recover-20220811/UBNA_009/20220809_053000.WAV,Foliage,recover-20220811,009,1795
914.4855,914.499,25468.0,30337.0,Nyctalus leisleri,0.185,0.359,-1,Echolocation,/mnt/ubna_data_01_mir/recover-20220811/UBNA_009/20220809_053000.WAV,Foliage,recover-20220811,009,1795
914.7255,914.7415,25468.0,29281.0,Nyctalus leisleri,0.299,0.397,-1,Echolocation,/mnt/ubna_data_01_mir/recover-20220811/UBNA_009/20220809_053000.WAV,Foliage,recover-20220811,009,1795
914.8735,914.8891,24609.0,29610.0,Nyctalus leisleri,0.238,0.354,-1,Echolocation,/mnt/ubna_data_01_mir/recover-20220811/UBNA_009/20220809_053000.WAV,Foliage,recover-20220811,009,1795
915.1065,915.1193,25468.0,30538.0,Nyctalus leisleri,0.108,0.233,-1,Echolocation,/mnt/ubna_data_01_mir/recover-20220811/UBNA_009/20220809_053000.WAV,Foliage,recover-20220811,009,1795
915.2445,915.2577,25468.0,31039.0,Nyctalus leisleri,0.161,0.303,-1,Echolocation,/mnt/ubna_data_01_mir/recover-20220811/UBNA_009/20220809_053000.WAV,Foliage,recover-20220811,009,1795
915.7565,915.7723,25468.0,29594.0,Nyctalus leisleri,0.105,0.205,-1,Echolocation,/mnt/ubna_data_01_mir/recover-20220811/UBNA_009/20220809_053000.WAV,Foliage,recover-20220811,009,1795
915.9045,915.9201,25468.0,29717.0,Nyctalus leisleri,0.308,0.432,-1,Echolocation,/mnt/ubna_data_01_mir/recover-20220811/UBNA_009/20220809_053000.WAV,Foliage,recover-20220811,009,1795
916.1385,916.1562,25468.0,31820.0,Nyctalus leisleri,0.176,0.356,-1,Echolocation,/mnt/ubna_data_01_mir/recover-20220811/UBNA_009/20220809_053000.WAV,Foliage,recover-20220811,009,1795
916.2535,916.2672,26328.0,31177.0,Nyctalus leisleri,0.144,0.272,-1,Echolocation,/mnt/ubna_data_01_mir/recover-20220811/UBNA_009/20220809_053000.WAV,Foliage,recover-20220811,009,1795
917.3955,917.4127,25468.0,30087.0,Nyctalus leisleri,0.158,0.278,-1,Echolocation,/mnt/ubna_data_01_mir/recover-20220811/UBNA_009/20220809_053000.WAV,Foliage,recover-20220811,009,1795
918.2165,918.232,24609.0,28083.0,Nyctalus leisleri,0.393,0.489,-1,Echolocation,/mnt/ubna_data_01_mir/recover-20220811/UBNA_009/20220809_053000.WAV,Foliage,recover-20220811,009,1795
918.4425,918.4615,24609.0,30198.0,Nyctalus leisleri,0.182,0.33,-1,Echolocation,/mnt/ubna_data_01_mir/recover-20220811/UBNA_009/20220809_053000.WAV,Foliage,recover-20220811,009,1795
918.7995,918.8147,25468.0,29499.0,Nyctalus leisleri,0.236,0.348,-1,Echolocation,/mnt/ubna_data_01_mir/recover-20220811/UBNA_009/20220809_053000.WAV,Foliage,recover-20220811,009,1795
918.9315,918.9482,25468.0,29917.0,Nyctalus leisleri,0.237,0.33,-1,Echolocation,/mnt/ubna_data_01_mir/recover-20220811/UBNA_009/20220809_053000.WAV,Foliage,recover-20220811,009,1795
919.1505,919.1674,25468.0,29674.0,Nyctalus leisleri,0.15,0.256,-1,Echolocation,/mnt/ubna_data_01_mir/recover-20220811/UBNA_009/20220809_053000.WAV,Foliage,recover-20220811,009,1795
919.9585,919.9742,25468.0,31604.0,Nyctalus leisleri,0.118,0.256,-1,Echolocation,/mnt/ubna_data_01_mir/recover-20220811/UBNA_009/20220809_053000.WAV,Foliage,recover-20220811,009,1795
920.1975,920.2192,24609.0,30073.0,Nyctalus leisleri,0.253,0.366,-1,Echolocation,/mnt/ubna_data_01_mir/recover-20220811/UBNA_009/20220809_053000.WAV,Foliage,recover-20220811,009,1795
920.9565,920.9674,26328.0,32666.0,Nyctalus leisleri,0.377,0.582,-1,Echolocation,/mnt/ubna_data_01_mir/recover-20220811/UBNA_009/20220809_053000.WAV,Foliage,recover-20220811,009,1795
921.0625,921.0759,26328.0,31840.0,Nyctalus leisleri,0.32,0.468,-1,Echolocation,/mnt/ubna_data_01_mir/recover-20220811/UBNA_009/20220809_053000.WAV,Foliage,recover-20220811,009,1795
921.2625,921.2768,26328.0,31829.0,Nyctalus leisleri,0.271,0.459,-1,Echolocation,/mnt/ubna_data_01_mir/recover-20220811/UBNA_009/20220809_053000.WAV,Foliage,recover-20220811,009,1795
921.3925,921.4084,26328.0,31851.0,Nyctalus leisleri,0.139,0.29,-1,Echolocation,/mnt/ubna_data_01_mir/recover-20220811/UBNA_009/20220809_053000.WAV,Foliage,recover-20220811,009,1795
921.7055,921.7183,25468.0,31694.0,Nyctalus leisleri,0.253,0.463,-1,Echolocation,/mnt/ubna_data_01_mir/recover-20220811/UBNA_009/20220809_053000.WAV,Foliage,recover-20220811,009,1795
921.8395,921.8547,25468.0,30893.0,Nyctalus leisleri,0.135,0.279,-1,Echolocation,/mnt/ubna_data_01_mir/recover-20220811/UBNA_009/20220809_053000.WAV,Foliage,recover-20220811,009,1795
922.1005,922.1136,25468.0,33609.0,Eptesicus serotinus,0.303,0.537,-1,Echolocation,/mnt/ubna_data_01_mir/recover-20220811/UBNA_009/20220809_053000.WAV,Foliage,recover-20220811,009,1795
922.2495,922.2644,25468.0,30110.0,Nyctalus leisleri,0.165,0.324,-1,Echolocation,/mnt/ubna_data_01_mir/recover-20220811/UBNA_009/20220809_053000.WAV,Foliage,recover-20220811,009,1795
922.3835,922.4014999999999,26328.0,30465.0,Nyctalus leisleri,0.122,0.222,-1,Echolocation,/mnt/ubna_data_01_mir/recover-20220811/UBNA_009/20220809_053000.WAV,Foliage,recover-20220811,009,1795
922.5115,922.5243,26328.0,31539.0,Nyctalus leisleri,0.384,0.551,-1,Echolocation,/mnt/ubna_data_01_mir/recover-20220811/UBNA_009/20220809_053000.WAV,Foliage,recover-20220811,009,1795
922.9045,922.9198,24609.0,28547.0,Nyctalus leisleri,0.321,0.437,-1,Echolocation,/mnt/ubna_data_01_mir/recover-20220811/UBNA_009/20220809_053000.WAV,Foliage,recover-20220811,009,1795
923.0405,923.0536,25468.0,31842.0,Nyctalus leisleri,0.306,0.458,-1,Echolocation,/mnt/ubna_data_01_mir/recover-20220811/UBNA_009/20220809_053000.WAV,Foliage,recover-20220811,009,1795
923.4415,923.4613,24609.0,27777.0,Nyctalus leisleri,0.225,0.278,-1,Echolocation,/mnt/ubna_data_01_mir/recover-20220811/UBNA_009/20220809_053000.WAV,Foliage,recover-20220811,009,1795
923.8345,923.8506,24609.0,29513.0,Nyctalus leisleri,0.308,0.459,-1,Echolocation,/mnt/ubna_data_01_mir/recover-20220811/UBNA_009/20220809_053000.WAV,Foliage,recover-20220811,009,1795
924.2425,924.2648,24609.0,27625.0,Nyctalus leisleri,0.187,0.263,-1,Echolocation,/mnt/ubna_data_01_mir/recover-20220811/UBNA_009/20220809_053000.WAV,Foliage,recover-20220811,009,1795
924.8125,924.833,24609.0,28144.0,Nyctalus leisleri,0.184,0.259,-1,Echolocation,/mnt/ubna_data_01_mir/recover-20220811/UBNA_009/20220809_053000.WAV,Foliage,recover-20220811,009,1795
925.3105,925.3318,23750.0,27433.0,Nyctalus leisleri,0.106,0.205,-1,Echolocation,/mnt/ubna_data_01_mir/recover-20220811/UBNA_009/20220809_053000.WAV,Foliage,recover-20220811,009,1795
926.4665,926.4884,24609.0,29574.0,Nyctalus leisleri,0.148,0.311,-1,Echolocation,/mnt/ubna_data_01_mir/recover-20220811/UBNA_009/20220809_053000.WAV,Foliage,recover-20220811,009,1795
926.6085,926.6251,26328.0,29816.0,Nyctalus leisleri,0.183,0.268,-1,Echolocation,/mnt/ubna_data_01_mir/recover-20220811/UBNA_009/20220809_053000.WAV,Foliage,recover-20220811,009,1795
926.8595,926.8774,24609.0,28510.0,Nyctalus leisleri,0.304,0.405,-1,Echolocation,/mnt/ubna_data_01_mir/recover-20220811/UBNA_009/20220809_053000.WAV,Foliage,recover-20220811,009,1795
927.1025,927.1196,25468.0,30374.0,Nyctalus leisleri,0.239,0.367,-1,Echolocation,/mnt/ubna_data_01_mir/recover-20220811/UBNA_009/20220809_053000.WAV,Foliage,recover-20220811,009,1795
927.2475,927.264,24609.0,30484.0,Nyctalus leisleri,0.302,0.513,-1,Echolocation,/mnt/ubna_data_01_mir/recover-20220811/UBNA_009/20220809_053000.WAV,Foliage,recover-20220811,009,1795
927.4575,927.4775,24609.0,28045.0,Nyctalus leisleri,0.135,0.209,-1,Echolocation,/mnt/ubna_data_01_mir/recover-20220811/UBNA_009/20220809_053000.WAV,Foliage,recover-20220811,009,1795
927.5725,927.5893,26328.0,32501.0,Nyctalus leisleri,0.125,0.276,-1,Echolocation,/mnt/ubna_data_01_mir/recover-20220811/UBNA_009/20220809_053000.WAV,Foliage,recover-20220811,009,1795
928.2715,928.2843,25468.0,31318.0,Nyctalus leisleri,0.387,0.556,-1,Echolocation,/mnt/ubna_data_01_mir/recover-20220811/UBNA_009/20220809_053000.WAV,Foliage,recover-20220811,009,1795
928.4075,928.423,23750.0,30032.0,Nyctalus leisleri,0.297,0.512,-1,Echolocation,/mnt/ubna_data_01_mir/recover-20220811/UBNA_009/20220809_053000.WAV,Foliage,recover-20220811,009,1795
928.6445,928.6587,24609.0,32990.0,Eptesicus serotinus,0.27,0.573,-1,Echolocation,/mnt/ubna_data_01_mir/recover-20220811/UBNA_009/20220809_053000.WAV,Foliage,recover-20220811,009,1795
928.8975,928.9158,23750.0,27839.0,Nyctalus leisleri,0.457,0.538,-1,Echolocation,/mnt/ubna_data_01_mir/recover-20220811/UBNA_009/20220809_053000.WAV,Foliage,recover-20220811,009,1795
929.0365,929.0509,24609.0,30113.0,Nyctalus leisleri,0.333,0.526,-1,Echolocation,/mnt/ubna_data_01_mir/recover-20220811/UBNA_009/20220809_053000.WAV,Foliage,recover-20220811,009,1795
929.1765,929.1927,24609.0,28146.0,Nyctalus leisleri,0.396,0.491,-1,Echolocation,/mnt/ubna_data_01_mir/recover-20220811/UBNA_009/20220809_053000.WAV,Foliage,recover-20220811,009,1795
929.4075,929.4236,24609.0,30566.0,Nyctalus leisleri,0.374,0.564,-1,Echolocation,/mnt/ubna_data_01_mir/recover-20220811/UBNA_009/20220809_053000.WAV,Foliage,recover-20220811,009,1795
929.5595,929.5735999999999,24609.0,28858.0,Nyctalus leisleri,0.468,0.566,-1,Echolocation,/mnt/ubna_data_01_mir/recover-20220811/UBNA_009/20220809_053000.WAV,Foliage,recover-20220811,009,1795
929.7995,929.8146,24609.0,29124.0,Nyctalus leisleri,0.339,0.472,-1,Echolocation,/mnt/ubna_data_01_mir/recover-20220811/UBNA_009/20220809_053000.WAV,Foliage,recover-20220811,009,1795
930.1765,930.1955,24609.0,29083.0,Nyctalus leisleri,0.183,0.283,-1,Echolocation,/mnt/ubna_data_01_mir/recover-20220811/UBNA_009/20220809_053000.WAV,Foliage,recover-20220811,009,1795
931.2125,931.2323,24609.0,28960.0,Nyctalus leisleri,0.171,0.278,-1,Echolocation,/mnt/ubna_data_01_mir/recover-20220811/UBNA_009/20220809_053000.WAV,Foliage,recover-20220811,009,1795
931.4285,931.4486,24609.0,28819.0,Nyctalus leisleri,0.284,0.392,-1,Echolocation,/mnt/ubna_data_01_mir/recover-20220811/UBNA_009/20220809_053000.WAV,Foliage,recover-20220811,009,1795
931.6465,931.6629,24609.0,29444.0,Nyctalus leisleri,0.252,0.358,-1,Echolocation,/mnt/ubna_data_01_mir/recover-20220811/UBNA_009/20220809_053000.WAV,Foliage,recover-20220811,009,1795
931.8785,931.894,25468.0,30060.0,Nyctalus leisleri,0.314,0.494,-1,Echolocation,/mnt/ubna_data_01_mir/recover-20220811/UBNA_009/20220809_053000.WAV,Foliage,recover-20220811,009,1795
932.1225,932.1421,24609.0,28887.0,Nyctalus leisleri,0.146,0.26,-1,Echolocation,/mnt/ubna_data_01_mir/recover-20220811/UBNA_009/20220809_053000.WAV,Foliage,recover-20220811,009,1795
932.3625,932.3766,25468.0,30612.0,Nyctalus leisleri,0.271,0.433,-1,Echolocation,/mnt/ubna_data_01_mir/recover-20220811/UBNA_009/20220809_053000.WAV,Foliage,recover-20220811,009,1795
932.5005,932.5158,25468.0,31018.0,Nyctalus leisleri,0.161,0.304,-1,Echolocation,/mnt/ubna_data_01_mir/recover-20220811/UBNA_009/20220809_053000.WAV,Foliage,recover-20220811,009,1795
932.7355,932.752,25468.0,30430.0,Nyctalus leisleri,0.259,0.411,-1,Echolocation,/mnt/ubna_data_01_mir/recover-20220811/UBNA_009/20220809_053000.WAV,Foliage,recover-20220811,009,1795
932.8805,932.8952,24609.0,28909.0,Nyctalus leisleri,0.231,0.377,-1,Echolocation,/mnt/ubna_data_01_mir/recover-20220811/UBNA_009/20220809_053000.WAV,Foliage,recover-20220811,009,1795
933.1085,933.121,25468.0,33929.0,Eptesicus serotinus,0.303,0.652,-1,Echolocation,/mnt/ubna_data_01_mir/recover-20220811/UBNA_009/20220809_053000.WAV,Foliage,recover-20220811,009,1795
933.2635,933.2777,25468.0,33085.0,Eptesicus serotinus,0.266,0.602,-1,Echolocation,/mnt/ubna_data_01_mir/recover-20220811/UBNA_009/20220809_053000.WAV,Foliage,recover-20220811,009,1795
933.4065,933.4209,25468.0,30826.0,Nyctalus leisleri,0.327,0.524,-1,Echolocation,/mnt/ubna_data_01_mir/recover-20220811/UBNA_009/20220809_053000.WAV,Foliage,recover-20220811,009,1795
933.5445,933.5599,25468.0,31016.0,Nyctalus leisleri,0.358,0.537,-1,Echolocation,/mnt/ubna_data_01_mir/recover-20220811/UBNA_009/20220809_053000.WAV,Foliage,recover-20220811,009,1795
933.7415,933.7567,24609.0,31559.0,Nyctalus leisleri,0.331,0.598,-1,Echolocation,/mnt/ubna_data_01_mir/recover-20220811/UBNA_009/20220809_053000.WAV,Foliage,recover-20220811,009,1795
933.8875,933.902,25468.0,34008.0,Eptesicus serotinus,0.368,0.536,-1,Echolocation,/mnt/ubna_data_01_mir/recover-20220811/UBNA_009/20220809_053000.WAV,Foliage,recover-20220811,009,1795
934.0995,934.1122,25468.0,30221.0,Nyctalus leisleri,0.316,0.471,-1,Echolocation,/mnt/ubna_data_01_mir/recover-20220811/UBNA_009/20220809_053000.WAV,Foliage,recover-20220811,009,1795
934.2255,934.2403,26328.0,32612.0,Eptesicus serotinus,0.195,0.39,-1,Echolocation,/mnt/ubna_data_01_mir/recover-20220811/UBNA_009/20220809_053000.WAV,Foliage,recover-20220811,009,1795
935.1145,935.1282,25468.0,30739.0,Nyctalus leisleri,0.373,0.535,-1,Echolocation,/mnt/ubna_data_01_mir/recover-20220811/UBNA_009/20220809_053000.WAV,Foliage,recover-20220811,009,1795
935.4405,935.4554,25468.0,31845.0,Nyctalus leisleri,0.183,0.361,-1,Echolocation,/mnt/ubna_data_01_mir/recover-20220811/UBNA_009/20220809_053000.WAV,Foliage,recover-20220811,009,1795
935.8035,935.8183,25468.0,31252.0,Eptesicus serotinus,0.147,0.314,-1,Echolocation,/mnt/ubna_data_01_mir/recover-20220811/UBNA_009/20220809_053000.WAV,Foliage,recover-20220811,009,1795
936.0565,936.0721,26328.0,31439.0,Nyctalus leisleri,0.208,0.299,-1,Echolocation,/mnt/ubna_data_01_mir/recover-20220811/UBNA_009/20220809_053000.WAV,Foliage,recover-20220811,009,1795
936.8385,936.8485,27187.0,32628.0,Nyctalus leisleri,0.191,0.389,-1,Echolocation,/mnt/ubna_data_01_mir/recover-20220811/UBNA_009/20220809_053000.WAV,Foliage,recover-20220811,009,1795
940.3125,940.3275,25468.0,29839.0,Nyctalus leisleri,0.192,0.296,-1,Echolocation,/mnt/ubna_data_01_mir/recover-20220811/UBNA_009/20220809_053000.WAV,Foliage,recover-20220811,009,1795
940.6875,940.7055,24609.0,29463.0,Nyctalus leisleri,0.299,0.423,-1,Echolocation,/mnt/ubna_data_01_mir/recover-20220811/UBNA_009/20220809_053000.WAV,Foliage,recover-20220811,009,1795
940.8295,940.841,25468.0,31309.0,Nyctalus leisleri,0.232,0.427,-1,Echolocation,/mnt/ubna_data_01_mir/recover-20220811/UBNA_009/20220809_053000.WAV,Foliage,recover-20220811,009,1795
941.0695,941.0854,25468.0,29464.0,Nyctalus leisleri,0.338,0.438,-1,Echolocation,/mnt/ubna_data_01_mir/recover-20220811/UBNA_009/20220809_053000.WAV,Foliage,recover-20220811,009,1795
941.2025,941.2165,26328.0,31004.0,Nyctalus leisleri,0.145,0.262,-1,Echolocation,/mnt/ubna_data_01_mir/recover-20220811/UBNA_009/20220809_053000.WAV,Foliage,recover-20220811,009,1795
941.3235,941.3375,25468.0,31897.0,Nyctalus leisleri,0.222,0.447,-1,Echolocation,/mnt/ubna_data_01_mir/recover-20220811/UBNA_009/20220809_053000.WAV,Foliage,recover-20220811,009,1795
942.1465,942.1603,25468.0,30951.0,Nyctalus leisleri,0.232,0.402,-1,Echolocation,/mnt/ubna_data_01_mir/recover-20220811/UBNA_009/20220809_053000.WAV,Foliage,recover-20220811,009,1795
942.2615,942.2756,26328.0,30346.0,Nyctalus leisleri,0.46,0.551,-1,Echolocation,/mnt/ubna_data_01_mir/recover-20220811/UBNA_009/20220809_053000.WAV,Foliage,recover-20220811,009,1795
942.3805,942.3955,25468.0,32240.0,Nyctalus leisleri,0.208,0.448,-1,Echolocation,/mnt/ubna_data_01_mir/recover-20220811/UBNA_009/20220809_053000.WAV,Foliage,recover-20220811,009,1795
942.6165,942.6314,25468.0,30600.0,Nyctalus leisleri,0.461,0.603,-1,Echolocation,/mnt/ubna_data_01_mir/recover-20220811/UBNA_009/20220809_053000.WAV,Foliage,recover-20220811,009,1795
942.7555,942.7705,25468.0,31281.0,Nyctalus leisleri,0.347,0.528,-1,Echolocation,/mnt/ubna_data_01_mir/recover-20220811/UBNA_009/20220809_053000.WAV,Foliage,recover-20220811,009,1795
942.9905,943.0059,25468.0,31565.0,Nyctalus leisleri,0.328,0.518,-1,Echolocation,/mnt/ubna_data_01_mir/recover-20220811/UBNA_009/20220809_053000.WAV,Foliage,recover-20220811,009,1795
943.1295,943.1457,25468.0,32049.0,Nyctalus leisleri,0.286,0.448,-1,Echolocation,/mnt/ubna_data_01_mir/recover-20220811/UBNA_009/20220809_053000.WAV,Foliage,recover-20220811,009,1795
943.3405,943.3544,25468.0,34311.0,Eptesicus serotinus,0.251,0.555,-1,Echolocation,/mnt/ubna_data_01_mir/recover-20220811/UBNA_009/20220809_053000.WAV,Foliage,recover-20220811,009,1795
943.4755,943.4909,26328.0,32377.0,Nyctalus leisleri,0.273,0.406,-1,Echolocation,/mnt/ubna_data_01_mir/recover-20220811/UBNA_009/20220809_053000.WAV,Foliage,recover-20220811,009,1795
943.6685,943.6827,25468.0,35109.0,Eptesicus serotinus,0.361,0.507,-1,Echolocation,/mnt/ubna_data_01_mir/recover-20220811/UBNA_009/20220809_053000.WAV,Foliage,recover-20220811,009,1795
943.8845,943.8986,25468.0,31226.0,Nyctalus leisleri,0.388,0.562,-1,Echolocation,/mnt/ubna_data_01_mir/recover-20220811/UBNA_009/20220809_053000.WAV,Foliage,recover-20220811,009,1795
944.0165,944.0278,26328.0,32246.0,Nyctalus leisleri,0.333,0.551,-1,Echolocation,/mnt/ubna_data_01_mir/recover-20220811/UBNA_009/20220809_053000.WAV,Foliage,recover-20220811,009,1795
944.1375,944.1511,25468.0,30530.0,Nyctalus leisleri,0.162,0.308,-1,Echolocation,/mnt/ubna_data_01_mir/recover-20220811/UBNA_009/20220809_053000.WAV,Foliage,recover-20220811,009,1795
944.3485,944.3626,25468.0,32459.0,Nyctalus leisleri,0.282,0.551,-1,Echolocation,/mnt/ubna_data_01_mir/recover-20220811/UBNA_009/20220809_053000.WAV,Foliage,recover-20220811,009,1795
944.4755,944.4863,26328.0,33865.0,Nyctalus leisleri,0.33,0.582,-1,Echolocation,/mnt/ubna_data_01_mir/recover-20220811/UBNA_009/20220809_053000.WAV,Foliage,recover-20220811,009,1795
944.5895,944.6012,26328.0,34353.0,Nyctalus leisleri,0.313,0.552,-1,Echolocation,/mnt/ubna_data_01_mir/recover-20220811/UBNA_009/20220809_053000.WAV,Foliage,recover-20220811,009,1795
944.7605,944.7715,26328.0,33877.0,Eptesicus serotinus,0.332,0.471,-1,Echolocation,/mnt/ubna_data_01_mir/recover-20220811/UBNA_009/20220809_053000.WAV,Foliage,recover-20220811,009,1795
944.9705,944.983,25468.0,30858.0,Nyctalus leisleri,0.26,0.447,-1,Echolocation,/mnt/ubna_data_01_mir/recover-20220811/UBNA_009/20220809_053000.WAV,Foliage,recover-20220811,009,1795
945.0995,945.1126,26328.0,32305.0,Nyctalus leisleri,0.165,0.33,-1,Echolocation,/mnt/ubna_data_01_mir/recover-20220811/UBNA_009/20220809_053000.WAV,Foliage,recover-20220811,009,1795
945.4585,945.4771,24609.0,30081.0,Nyctalus leisleri,0.129,0.293,-1,Echolocation,/mnt/ubna_data_01_mir/recover-20220811/UBNA_009/20220809_053000.WAV,Foliage,recover-20220811,009,1795
946.7145,946.7325,24609.0,29682.0,Nyctalus leisleri,0.204,0.364,-1,Echolocation,/mnt/ubna_data_01_mir/recover-20220811/UBNA_009/20220809_053000.WAV,Foliage,recover-20220811,009,1795
947.0955,947.1129,24609.0,29173.0,Nyctalus leisleri,0.344,0.49,-1,Echolocation,/mnt/ubna_data_01_mir/recover-20220811/UBNA_009/20220809_053000.WAV,Foliage,recover-20220811,009,1795
948.8495,948.8647,25468.0,30244.0,Nyctalus leisleri,0.289,0.397,-1,Echolocation,/mnt/ubna_data_01_mir/recover-20220811/UBNA_009/20220809_053000.WAV,Foliage,recover-20220811,009,1795
948.9875,949.0025,25468.0,31482.0,Nyctalus leisleri,0.15,0.262,-1,Echolocation,/mnt/ubna_data_01_mir/recover-20220811/UBNA_009/20220809_053000.WAV,Foliage,recover-20220811,009,1795
949.1205,949.1336,25468.0,30889.0,Nyctalus leisleri,0.194,0.408,-1,Echolocation,/mnt/ubna_data_01_mir/recover-20220811/UBNA_009/20220809_053000.WAV,Foliage,recover-20220811,009,1795
949.3545,949.3681,25468.0,32669.0,Eptesicus serotinus,0.251,0.495,-1,Echolocation,/mnt/ubna_data_01_mir/recover-20220811/UBNA_009/20220809_053000.WAV,Foliage,recover-20220811,009,1795
949.4865,949.5027,25468.0,29945.0,Nyctalus leisleri,0.115,0.206,-1,Echolocation,/mnt/ubna_data_01_mir/recover-20220811/UBNA_009/20220809_053000.WAV,Foliage,recover-20220811,009,1795
949.7135,949.7318,25468.0,30430.0,Nyctalus leisleri,0.107,0.208,-1,Echolocation,/mnt/ubna_data_01_mir/recover-20220811/UBNA_009/20220809_053000.WAV,Foliage,recover-20220811,009,1795
950.0735,950.0912,25468.0,29883.0,Nyctalus leisleri,0.18,0.305,-1,Echolocation,/mnt/ubna_data_01_mir/recover-20220811/UBNA_009/20220809_053000.WAV,Foliage,recover-20220811,009,1795
950.3025,950.3208,26328.0,31762.0,Nyctalus leisleri,0.095,0.201,-1,Echolocation,/mnt/ubna_data_01_mir/recover-20220811/UBNA_009/20220809_053000.WAV,Foliage,recover-20220811,009,1795
951.8275,951.8422,25468.0,30183.0,Nyctalus leisleri,0.178,0.283,-1,Echolocation,/mnt/ubna_data_01_mir/recover-20220811/UBNA_009/20220809_053000.WAV,Foliage,recover-20220811,009,1795
952.4145,952.4331,25468.0,30853.0,Nyctalus leisleri,0.133,0.26,-1,Echolocation,/mnt/ubna_data_01_mir/recover-20220811/UBNA_009/20220809_053000.WAV,Foliage,recover-20220811,009,1795
952.5285,952.5462,26328.0,31541.0,Nyctalus leisleri,0.108,0.201,-1,Echolocation,/mnt/ubna_data_01_mir/recover-20220811/UBNA_009/20220809_053000.WAV,Foliage,recover-20220811,009,1795
953.5525,953.5656,26328.0,31955.0,Nyctalus leisleri,0.138,0.273,-1,Echolocation,/mnt/ubna_data_01_mir/recover-20220811/UBNA_009/20220809_053000.WAV,Foliage,recover-20220811,009,1795
953.7495,953.7613,26328.0,33086.0,Nyctalus leisleri,0.285,0.466,-1,Echolocation,/mnt/ubna_data_01_mir/recover-20220811/UBNA_009/20220809_053000.WAV,Foliage,recover-20220811,009,1795
954.4045,954.4173,28046.0,33057.0,Eptesicus serotinus,0.164,0.292,-1,Echolocation,/mnt/ubna_data_01_mir/recover-20220811/UBNA_009/20220809_053000.WAV,Foliage,recover-20220811,009,1795
954.7635,954.7763,25468.0,33080.0,Nyctalus leisleri,0.242,0.481,-1,Echolocation,/mnt/ubna_data_01_mir/recover-20220811/UBNA_009/20220809_053000.WAV,Foliage,recover-20220811,009,1795
954.8995,954.916,25468.0,29663.0,Nyctalus leisleri,0.189,0.294,-1,Echolocation,/mnt/ubna_data_01_mir/recover-20220811/UBNA_009/20220809_053000.WAV,Foliage,recover-20220811,009,1795
955.0385,955.0518,25468.0,32179.0,Nyctalus leisleri,0.338,0.583,-1,Echolocation,/mnt/ubna_data_01_mir/recover-20220811/UBNA_009/20220809_053000.WAV,Foliage,recover-20220811,009,1795
955.1805,955.1941,25468.0,30621.0,Nyctalus leisleri,0.277,0.439,-1,Echolocation,/mnt/ubna_data_01_mir/recover-20220811/UBNA_009/20220809_053000.WAV,Foliage,recover-20220811,009,1795
955.4245,955.4402,25468.0,30316.0,Nyctalus leisleri,0.365,0.473,-1,Echolocation,/mnt/ubna_data_01_mir/recover-20220811/UBNA_009/20220809_053000.WAV,Foliage,recover-20220811,009,1795
955.5655,955.5821,24609.0,28932.0,Nyctalus leisleri,0.243,0.382,-1,Echolocation,/mnt/ubna_data_01_mir/recover-20220811/UBNA_009/20220809_053000.WAV,Foliage,recover-20220811,009,1795
955.8195,955.8356,24609.0,29876.0,Nyctalus leisleri,0.238,0.436,-1,Echolocation,/mnt/ubna_data_01_mir/recover-20220811/UBNA_009/20220809_053000.WAV,Foliage,recover-20220811,009,1795
955.9655,955.9822,24609.0,28131.0,Nyctalus leisleri,0.192,0.295,-1,Echolocation,/mnt/ubna_data_01_mir/recover-20220811/UBNA_009/20220809_053000.WAV,Foliage,recover-20220811,009,1795
956.6085,956.6322,24609.0,27707.0,Nyctalus leisleri,0.143,0.209,-1,Echolocation,/mnt/ubna_data_01_mir/recover-20220811/UBNA_009/20220809_053000.WAV,Foliage,recover-20220811,009,1795
956.9925,957.0112,24609.0,27900.0,Nyctalus leisleri,0.189,0.268,-1,Echolocation,/mnt/ubna_data_01_mir/recover-20220811/UBNA_009/20220809_053000.WAV,Foliage,recover-20220811,009,1795
957.3775,957.4022,23750.0,28224.0,Nyctalus leisleri,0.122,0.204,-1,Echolocation,/mnt/ubna_data_01_mir/recover-20220811/UBNA_009/20220809_053000.WAV,Foliage,recover-20220811,009,1795
959.1715,959.1952,24609.0,27877.0,Nyctalus leisleri,0.171,0.242,-1,Echolocation,/mnt/ubna_data_01_mir/recover-20220811/UBNA_009/20220809_053000.WAV,Foliage,recover-20220811,009,1795
959.4365,959.4612,24609.0,28222.0,Nyctalus leisleri,0.137,0.207,-1,Echolocation,/mnt/ubna_data_01_mir/recover-20220811/UBNA_009/20220809_053000.WAV,Foliage,recover-20220811,009,1795
959.8145,959.8327,25468.0,29351.0,Nyctalus leisleri,0.139,0.215,-1,Echolocation,/mnt/ubna_data_01_mir/recover-20220811/UBNA_009/20220809_053000.WAV,Foliage,recover-20220811,009,1795
960.1845,960.1999,25468.0,29853.0,Nyctalus leisleri,0.365,0.449,-1,Echolocation,/mnt/ubna_data_01_mir/recover-20220811/UBNA_009/20220809_053000.WAV,Foliage,recover-20220811,009,1795
960.3095,960.3238,26328.0,30833.0,Nyctalus leisleri,0.16,0.26,-1,Echolocation,/mnt/ubna_data_01_mir/recover-20220811/UBNA_009/20220809_053000.WAV,Foliage,recover-20220811,009,1795
960.4415,960.4581,26328.0,30475.0,Nyctalus leisleri,0.231,0.34,-1,Echolocation,/mnt/ubna_data_01_mir/recover-20220811/UBNA_009/20220809_053000.WAV,Foliage,recover-20220811,009,1795
961.1675,961.1829,25468.0,30205.0,Nyctalus leisleri,0.333,0.452,-1,Echolocation,/mnt/ubna_data_01_mir/recover-20220811/UBNA_009/20220809_053000.WAV,Foliage,recover-20220811,009,1795
961.3045,961.3204,24609.0,30604.0,Nyctalus leisleri,0.209,0.353,-1,Echolocation,/mnt/ubna_data_01_mir/recover-20220811/UBNA_009/20220809_053000.WAV,Foliage,recover-20220811,009,1795
961.4575,961.4739,24609.0,30789.0,Nyctalus leisleri,0.325,0.536,-1,Echolocation,/mnt/ubna_data_01_mir/recover-20220811/UBNA_009/20220809_053000.WAV,Foliage,recover-20220811,009,1795
961.6135,961.6287,25468.0,30465.0,Nyctalus leisleri,0.494,0.604,-1,Echolocation,/mnt/ubna_data_01_mir/recover-20220811/UBNA_009/20220809_053000.WAV,Foliage,recover-20220811,009,1795
961.7595,961.7745,25468.0,32082.0,Nyctalus leisleri,0.26,0.515,-1,Echolocation,/mnt/ubna_data_01_mir/recover-20220811/UBNA_009/20220809_053000.WAV,Foliage,recover-20220811,009,1795
962.0045,962.0217,24609.0,27217.0,Nyctalus leisleri,0.422,0.492,-1,Echolocation,/mnt/ubna_data_01_mir/recover-20220811/UBNA_009/20220809_053000.WAV,Foliage,recover-20220811,009,1795
962.1525,962.1679,25468.0,31875.0,Nyctalus leisleri,0.379,0.564,-1,Echolocation,/mnt/ubna_data_01_mir/recover-20220811/UBNA_009/20220809_053000.WAV,Foliage,recover-20220811,009,1795
962.3015,962.3151,25468.0,30573.0,Nyctalus leisleri,0.434,0.537,-1,Echolocation,/mnt/ubna_data_01_mir/recover-20220811/UBNA_009/20220809_053000.WAV,Foliage,recover-20220811,009,1795
962.5255,962.5404,24609.0,33059.0,Nyctalus leisleri,0.279,0.57,-1,Echolocation,/mnt/ubna_data_01_mir/recover-20220811/UBNA_009/20220809_053000.WAV,Foliage,recover-20220811,009,1795
962.6945,962.7073,26328.0,34755.0,Eptesicus serotinus,0.272,0.585,-1,Echolocation,/mnt/ubna_data_01_mir/recover-20220811/UBNA_009/20220809_053000.WAV,Foliage,recover-20220811,009,1795
962.8295,962.8409,26328.0,32970.0,Nyctalus leisleri,0.234,0.49,-1,Echolocation,/mnt/ubna_data_01_mir/recover-20220811/UBNA_009/20220809_053000.WAV,Foliage,recover-20220811,009,1795
962.9645,962.978,26328.0,31620.0,Nyctalus leisleri,0.293,0.432,-1,Echolocation,/mnt/ubna_data_01_mir/recover-20220811/UBNA_009/20220809_053000.WAV,Foliage,recover-20220811,009,1795
963.6945,963.7092,25468.0,31736.0,Nyctalus leisleri,0.303,0.461,-1,Echolocation,/mnt/ubna_data_01_mir/recover-20220811/UBNA_009/20220809_053000.WAV,Foliage,recover-20220811,009,1795
963.8175,963.8328,25468.0,31322.0,Nyctalus leisleri,0.171,0.297,-1,Echolocation,/mnt/ubna_data_01_mir/recover-20220811/UBNA_009/20220809_053000.WAV,Foliage,recover-20220811,009,1795
963.9355,963.9516,27187.0,31178.0,Nyctalus leisleri,0.211,0.287,-1,Echolocation,/mnt/ubna_data_01_mir/recover-20220811/UBNA_009/20220809_053000.WAV,Foliage,recover-20220811,009,1795
964.2225,964.2364,26328.0,31258.0,Nyctalus leisleri,0.171,0.288,-1,Echolocation,/mnt/ubna_data_01_mir/recover-20220811/UBNA_009/20220809_053000.WAV,Foliage,recover-20220811,009,1795
964.3405,964.3555,26328.0,31194.0,Nyctalus leisleri,0.178,0.298,-1,Echolocation,/mnt/ubna_data_01_mir/recover-20220811/UBNA_009/20220809_053000.WAV,Foliage,recover-20220811,009,1795
965.5895,965.6037,25468.0,31610.0,Nyctalus leisleri,0.357,0.567,-1,Echolocation,/mnt/ubna_data_01_mir/recover-20220811/UBNA_009/20220809_053000.WAV,Foliage,recover-20220811,009,1795
965.7245,965.737,24609.0,29156.0,Nyctalus leisleri,0.176,0.365,-1,Echolocation,/mnt/ubna_data_01_mir/recover-20220811/UBNA_009/20220809_053000.WAV,Foliage,recover-20220811,009,1795
965.9555,965.9716,24609.0,29609.0,Nyctalus leisleri,0.35,0.507,-1,Echolocation,/mnt/ubna_data_01_mir/recover-20220811/UBNA_009/20220809_053000.WAV,Foliage,recover-20220811,009,1795
966.3385,966.3568,24609.0,27688.0,Nyctalus leisleri,0.218,0.303,-1,Echolocation,/mnt/ubna_data_01_mir/recover-20220811/UBNA_009/20220809_053000.WAV,Foliage,recover-20220811,009,1795
966.8365,966.859,23750.0,28766.0,Nyctalus leisleri,0.168,0.333,-1,Echolocation,/mnt/ubna_data_01_mir/recover-20220811/UBNA_009/20220809_053000.WAV,Foliage,recover-20220811,009,1795
967.2225,967.2432,23750.0,28237.0,Nyctalus leisleri,0.127,0.224,-1,Echolocation,/mnt/ubna_data_01_mir/recover-20220811/UBNA_009/20220809_053000.WAV,Foliage,recover-20220811,009,1795
967.6665,967.68,24609.0,29492.0,Nyctalus leisleri,0.117,0.263,-1,Echolocation,/mnt/ubna_data_01_mir/recover-20220811/UBNA_009/20220809_053000.WAV,Foliage,recover-20220811,009,1795
967.8235,967.8417,24609.0,28684.0,Nyctalus leisleri,0.121,0.214,-1,Echolocation,/mnt/ubna_data_01_mir/recover-20220811/UBNA_009/20220809_053000.WAV,Foliage,recover-20220811,009,1795
968.2545,968.2722,23750.0,27761.0,Nyctalus leisleri,0.215,0.328,-1,Echolocation,/mnt/ubna_data_01_mir/recover-20220811/UBNA_009/20220809_053000.WAV,Foliage,recover-20220811,009,1795
968.4015,968.4173,24609.0,30667.0,Nyctalus leisleri,0.253,0.502,-1,Echolocation,/mnt/ubna_data_01_mir/recover-20220811/UBNA_009/20220809_053000.WAV,Foliage,recover-20220811,009,1795
968.6635,968.6807,23750.0,28509.0,Nyctalus leisleri,0.144,0.274,-1,Echolocation,/mnt/ubna_data_01_mir/recover-20220811/UBNA_009/20220809_053000.WAV,Foliage,recover-20220811,009,1795
971.5925,971.6101,24609.0,28375.0,Nyctalus leisleri,0.245,0.342,-1,Echolocation,/mnt/ubna_data_01_mir/recover-20220811/UBNA_009/20220809_053000.WAV,Foliage,recover-20220811,009,1795
971.7385,971.7531,24609.0,29193.0,Nyctalus leisleri,0.148,0.268,-1,Echolocation,/mnt/ubna_data_01_mir/recover-20220811/UBNA_009/20220809_053000.WAV,Foliage,recover-20220811,009,1795
975.0665,975.0892,23750.0,27932.0,Nyctalus leisleri,0.087,0.204,-1,Echolocation,/mnt/ubna_data_01_mir/recover-20220811/UBNA_009/20220809_053000.WAV,Foliage,recover-20220811,009,1795
976.5805,976.5969,24609.0,28966.0,Nyctalus leisleri,0.17,0.289,-1,Echolocation,/mnt/ubna_data_01_mir/recover-20220811/UBNA_009/20220809_053000.WAV,Foliage,recover-20220811,009,1795
976.7185,976.731,25468.0,30273.0,Nyctalus leisleri,0.197,0.346,-1,Echolocation,/mnt/ubna_data_01_mir/recover-20220811/UBNA_009/20220809_053000.WAV,Foliage,recover-20220811,009,1795
976.9585,976.9767,25468.0,30184.0,Nyctalus leisleri,0.254,0.381,-1,Echolocation,/mnt/ubna_data_01_mir/recover-20220811/UBNA_009/20220809_053000.WAV,Foliage,recover-20220811,009,1795
977.4445,977.4587,25468.0,30862.0,Nyctalus leisleri,0.198,0.338,-1,Echolocation,/mnt/ubna_data_01_mir/recover-20220811/UBNA_009/20220809_053000.WAV,Foliage,recover-20220811,009,1795
977.5795,977.5975,26328.0,31223.0,Nyctalus leisleri,0.172,0.299,-1,Echolocation,/mnt/ubna_data_01_mir/recover-20220811/UBNA_009/20220809_053000.WAV,Foliage,recover-20220811,009,1795
977.8325,977.8488,25468.0,32469.0,Nyctalus leisleri,0.207,0.453,-1,Echolocation,/mnt/ubna_data_01_mir/recover-20220811/UBNA_009/20220809_053000.WAV,Foliage,recover-20220811,009,1795
977.9845,977.9964,25468.0,31090.0,Nyctalus leisleri,0.361,0.531,-1,Echolocation,/mnt/ubna_data_01_mir/recover-20220811/UBNA_009/20220809_053000.WAV,Foliage,recover-20220811,009,1795
978.1345,978.1516,25468.0,29096.0,Nyctalus leisleri,0.283,0.373,-1,Echolocation,/mnt/ubna_data_01_mir/recover-20220811/UBNA_009/20220809_053000.WAV,Foliage,recover-20220811,009,1795
978.2845,978.2992,24609.0,29790.0,Nyctalus leisleri,0.386,0.538,-1,Echolocation,/mnt/ubna_data_01_mir/recover-20220811/UBNA_009/20220809_053000.WAV,Foliage,recover-20220811,009,1795
978.5205,978.5360000000001,25468.0,30630.0,Nyctalus leisleri,0.315,0.503,-1,Echolocation,/mnt/ubna_data_01_mir/recover-20220811/UBNA_009/20220809_053000.WAV,Foliage,recover-20220811,009,1795
978.6825,978.6985999999999,24609.0,29050.0,Nyctalus leisleri,0.394,0.555,-1,Echolocation,/mnt/ubna_data_01_mir/recover-20220811/UBNA_009/20220809_053000.WAV,Foliage,recover-20220811,009,1795
978.8325,978.8489,24609.0,30891.0,Nyctalus leisleri,0.382,0.589,-1,Echolocation,/mnt/ubna_data_01_mir/recover-20220811/UBNA_009/20220809_053000.WAV,Foliage,recover-20220811,009,1795
979.0885,979.1038,23750.0,29831.0,Nyctalus leisleri,0.4,0.552,-1,Echolocation,/mnt/ubna_data_01_mir/recover-20220811/UBNA_009/20220809_053000.WAV,Foliage,recover-20220811,009,1795
979.2395,979.2554,24609.0,29877.0,Nyctalus leisleri,0.471,0.614,-1,Echolocation,/mnt/ubna_data_01_mir/recover-20220811/UBNA_009/20220809_053000.WAV,Foliage,recover-20220811,009,1795
979.4025,979.4176,24609.0,28758.0,Nyctalus leisleri,0.408,0.545,-1,Echolocation,/mnt/ubna_data_01_mir/recover-20220811/UBNA_009/20220809_053000.WAV,Foliage,recover-20220811,009,1795
979.6295,979.6435,24609.0,28778.0,Nyctalus leisleri,0.16,0.311,-1,Echolocation,/mnt/ubna_data_01_mir/recover-20220811/UBNA_009/20220809_053000.WAV,Foliage,recover-20220811,009,1795
979.8825,979.8979,24609.0,29716.0,Nyctalus leisleri,0.464,0.592,-1,Echolocation,/mnt/ubna_data_01_mir/recover-20220811/UBNA_009/20220809_053000.WAV,Foliage,recover-20220811,009,1795
980.0445,980.063,24609.0,28435.0,Nyctalus leisleri,0.134,0.236,-1,Echolocation,/mnt/ubna_data_01_mir/recover-20220811/UBNA_009/20220809_053000.WAV,Foliage,recover-20220811,009,1795
980.5255,980.5425,25468.0,29812.0,Nyctalus leisleri,0.117,0.222,-1,Echolocation,/mnt/ubna_data_01_mir/recover-20220811/UBNA_009/20220809_053000.WAV,Foliage,recover-20220811,009,1795
984.8665,984.8818,24609.0,28403.0,Nyctalus leisleri,0.141,0.231,-1,Echolocation,/mnt/ubna_data_01_mir/recover-20220811/UBNA_009/20220809_053000.WAV,Foliage,recover-20220811,009,1795
985.0145,985.0296,24609.0,28589.0,Nyctalus leisleri,0.334,0.469,-1,Echolocation,/mnt/ubna_data_01_mir/recover-20220811/UBNA_009/20220809_053000.WAV,Foliage,recover-20220811,009,1795
985.5255,985.5425,25468.0,29287.0,Nyctalus leisleri,0.185,0.265,-1,Echolocation,/mnt/ubna_data_01_mir/recover-20220811/UBNA_009/20220809_053000.WAV,Foliage,recover-20220811,009,1795
985.6655,985.6813,24609.0,28319.0,Nyctalus leisleri,0.159,0.256,-1,Echolocation,/mnt/ubna_data_01_mir/recover-20220811/UBNA_009/20220809_053000.WAV,Foliage,recover-20220811,009,1795
985.9055,985.9233,25468.0,29444.0,Nyctalus leisleri,0.197,0.319,-1,Echolocation,/mnt/ubna_data_01_mir/recover-20220811/UBNA_009/20220809_053000.WAV,Foliage,recover-20220811,009,1795
986.0545,986.0697,26328.0,30390.0,Nyctalus leisleri,0.344,0.442,-1,Echolocation,/mnt/ubna_data_01_mir/recover-20220811/UBNA_009/20220809_053000.WAV,Foliage,recover-20220811,009,1795
986.1965,986.2124,25468.0,29490.0,Nyctalus leisleri,0.156,0.256,-1,Echolocation,/mnt/ubna_data_01_mir/recover-20220811/UBNA_009/20220809_053000.WAV,Foliage,recover-20220811,009,1795
986.3305,986.3434,25468.0,30806.0,Nyctalus leisleri,0.138,0.282,-1,Echolocation,/mnt/ubna_data_01_mir/recover-20220811/UBNA_009/20220809_053000.WAV,Foliage,recover-20220811,009,1795
986.4755,986.4884,25468.0,31014.0,Nyctalus leisleri,0.406,0.544,-1,Echolocation,/mnt/ubna_data_01_mir/recover-20220811/UBNA_009/20220809_053000.WAV,Foliage,recover-20220811,009,1795
986.6235,986.6382,25468.0,32458.0,Nyctalus leisleri,0.269,0.51,-1,Echolocation,/mnt/ubna_data_01_mir/recover-20220811/UBNA_009/20220809_053000.WAV,Foliage,recover-20220811,009,1795
986.7855,986.8003,25468.0,30707.0,Nyctalus leisleri,0.143,0.3,-1,Echolocation,/mnt/ubna_data_01_mir/recover-20220811/UBNA_009/20220809_053000.WAV,Foliage,recover-20220811,009,1795
986.9555,986.9693,26328.0,32137.0,Nyctalus leisleri,0.348,0.601,-1,Echolocation,/mnt/ubna_data_01_mir/recover-20220811/UBNA_009/20220809_053000.WAV,Foliage,recover-20220811,009,1795
987.1375,987.153,25468.0,30317.0,Nyctalus leisleri,0.325,0.576,-1,Echolocation,/mnt/ubna_data_01_mir/recover-20220811/UBNA_009/20220809_053000.WAV,Foliage,recover-20220811,009,1795
987.3845,987.4052,24609.0,28677.0,Nyctalus leisleri,0.283,0.383,-1,Echolocation,/mnt/ubna_data_01_mir/recover-20220811/UBNA_009/20220809_053000.WAV,Foliage,recover-20220811,009,1795
987.5435,987.5591,24609.0,30016.0,Nyctalus leisleri,0.33,0.518,-1,Echolocation,/mnt/ubna_data_01_mir/recover-20220811/UBNA_009/20220809_053000.WAV,Foliage,recover-20220811,009,1795
987.7935,987.813,24609.0,29698.0,Nyctalus leisleri,0.316,0.495,-1,Echolocation,/mnt/ubna_data_01_mir/recover-20220811/UBNA_009/20220809_053000.WAV,Foliage,recover-20220811,009,1795
987.9545,987.97,24609.0,29288.0,Nyctalus leisleri,0.31,0.425,-1,Echolocation,/mnt/ubna_data_01_mir/recover-20220811/UBNA_009/20220809_053000.WAV,Foliage,recover-20220811,009,1795
988.2055,988.222,24609.0,30446.0,Nyctalus leisleri,0.253,0.482,-1,Echolocation,/mnt/ubna_data_01_mir/recover-20220811/UBNA_009/20220809_053000.WAV,Foliage,recover-20220811,009,1795
988.3585,988.3736,24609.0,29738.0,Nyctalus leisleri,0.361,0.525,-1,Echolocation,/mnt/ubna_data_01_mir/recover-20220811/UBNA_009/20220809_053000.WAV,Foliage,recover-20220811,009,1795
988.6105,988.6264,25468.0,30069.0,Nyctalus leisleri,0.381,0.5,-1,Echolocation,/mnt/ubna_data_01_mir/recover-20220811/UBNA_009/20220809_053000.WAV,Foliage,recover-20220811,009,1795
988.7685,988.7836,25468.0,30844.0,Nyctalus leisleri,0.441,0.61,-1,Echolocation,/mnt/ubna_data_01_mir/recover-20220811/UBNA_009/20220809_053000.WAV,Foliage,recover-20220811,009,1795
989.0175,989.0328,25468.0,31525.0,Nyctalus leisleri,0.286,0.559,-1,Echolocation,/mnt/ubna_data_01_mir/recover-20220811/UBNA_009/20220809_053000.WAV,Foliage,recover-20220811,009,1795
989.1665,989.1809,25468.0,30184.0,Nyctalus leisleri,0.223,0.395,-1,Echolocation,/mnt/ubna_data_01_mir/recover-20220811/UBNA_009/20220809_053000.WAV,Foliage,recover-20220811,009,1795
989.3155,989.3312,25468.0,30302.0,Nyctalus leisleri,0.41,0.524,-1,Echolocation,/mnt/ubna_data_01_mir/recover-20220811/UBNA_009/20220809_053000.WAV,Foliage,recover-20220811,009,1795
989.5195,989.5343,25468.0,31899.0,Nyctalus leisleri,0.33,0.551,-1,Echolocation,/mnt/ubna_data_01_mir/recover-20220811/UBNA_009/20220809_053000.WAV,Foliage,recover-20220811,009,1795
989.6455,989.6592,25468.0,30353.0,Nyctalus leisleri,0.314,0.416,-1,Echolocation,/mnt/ubna_data_01_mir/recover-20220811/UBNA_009/20220809_053000.WAV,Foliage,recover-20220811,009,1795
989.7685,989.7815,27187.0,32797.0,Eptesicus serotinus,0.174,0.357,-1,Echolocation,/mnt/ubna_data_01_mir/recover-20220811/UBNA_009/20220809_053000.WAV,Foliage,recover-20220811,009,1795
990.8715,990.8895,24609.0,30039.0,Nyctalus leisleri,0.28,0.425,-1,Echolocation,/mnt/ubna_data_01_mir/recover-20220811/UBNA_009/20220809_053000.WAV,Foliage,recover-20220811,009,1795
991.0395,991.0555,25468.0,30214.0,Nyctalus leisleri,0.119,0.231,-1,Echolocation,/mnt/ubna_data_01_mir/recover-20220811/UBNA_009/20220809_053000.WAV,Foliage,recover-20220811,009,1795
991.2105,991.2245,23750.0,29035.0,Nyctalus leisleri,0.232,0.402,-1,Echolocation,/mnt/ubna_data_01_mir/recover-20220811/UBNA_009/20220809_053000.WAV,Foliage,recover-20220811,009,1795
991.3785,991.3947,24609.0,30391.0,Nyctalus leisleri,0.352,0.533,-1,Echolocation,/mnt/ubna_data_01_mir/recover-20220811/UBNA_009/20220809_053000.WAV,Foliage,recover-20220811,009,1795
991.6685,991.6927,23750.0,27199.0,Nyctalus leisleri,0.126,0.204,-1,Echolocation,/mnt/ubna_data_01_mir/recover-20220811/UBNA_009/20220809_053000.WAV,Foliage,recover-20220811,009,1795
991.8075,991.8207,24609.0,28963.0,Nyctalus leisleri,0.213,0.364,-1,Echolocation,/mnt/ubna_data_01_mir/recover-20220811/UBNA_009/20220809_053000.WAV,Foliage,recover-20220811,009,1795
991.9535,991.9703,24609.0,29323.0,Nyctalus leisleri,0.232,0.365,-1,Echolocation,/mnt/ubna_data_01_mir/recover-20220811/UBNA_009/20220809_053000.WAV,Foliage,recover-20220811,009,1795
992.2785,992.2921,24609.0,30064.0,Nyctalus leisleri,0.389,0.557,-1,Echolocation,/mnt/ubna_data_01_mir/recover-20220811/UBNA_009/20220809_053000.WAV,Foliage,recover-20220811,009,1795
992.4505,992.4712,25468.0,29990.0,Nyctalus leisleri,0.195,0.29,-1,Echolocation,/mnt/ubna_data_01_mir/recover-20220811/UBNA_009/20220809_053000.WAV,Foliage,recover-20220811,009,1795
992.6175,992.6379,24609.0,28759.0,Nyctalus leisleri,0.159,0.249,-1,Echolocation,/mnt/ubna_data_01_mir/recover-20220811/UBNA_009/20220809_053000.WAV,Foliage,recover-20220811,009,1795
993.1255,993.1394,26328.0,30784.0,Nyctalus leisleri,0.188,0.292,-1,Echolocation,/mnt/ubna_data_01_mir/recover-20220811/UBNA_009/20220809_053000.WAV,Foliage,recover-20220811,009,1795
994.6635,994.6823,25468.0,29804.0,Nyctalus leisleri,0.162,0.267,-1,Echolocation,/mnt/ubna_data_01_mir/recover-20220811/UBNA_009/20220809_053000.WAV,Foliage,recover-20220811,009,1795
994.9455,994.9628,25468.0,30868.0,Nyctalus leisleri,0.128,0.244,-1,Echolocation,/mnt/ubna_data_01_mir/recover-20220811/UBNA_009/20220809_053000.WAV,Foliage,recover-20220811,009,1795
995.0805,995.0935,26328.0,31998.0,Nyctalus leisleri,0.173,0.295,-1,Echolocation,/mnt/ubna_data_01_mir/recover-20220811/UBNA_009/20220809_053000.WAV,Foliage,recover-20220811,009,1795
995.2125,995.2281,25468.0,31514.0,Nyctalus leisleri,0.183,0.311,-1,Echolocation,/mnt/ubna_data_01_mir/recover-20220811/UBNA_009/20220809_053000.WAV,Foliage,recover-20220811,009,1795
995.3425,995.3563,26328.0,31818.0,Nyctalus leisleri,0.116,0.208,-1,Echolocation,/mnt/ubna_data_01_mir/recover-20220811/UBNA_009/20220809_053000.WAV,Foliage,recover-20220811,009,1795
995.5335,995.5501,26328.0,31036.0,Nyctalus leisleri,0.153,0.232,-1,Echolocation,/mnt/ubna_data_01_mir/recover-20220811/UBNA_009/20220809_053000.WAV,Foliage,recover-20220811,009,1795
995.7025,995.7178,26328.0,32118.0,Eptesicus serotinus,0.102,0.23,-1,Echolocation,/mnt/ubna_data_01_mir/recover-20220811/UBNA_009/20220809_053000.WAV,Foliage,recover-20220811,009,1795
996.0505,996.0675,26328.0,31547.0,Nyctalus leisleri,0.149,0.275,-1,Echolocation,/mnt/ubna_data_01_mir/recover-20220811/UBNA_009/20220809_053000.WAV,Foliage,recover-20220811,009,1795
996.1645,996.1827,26328.0,31420.0,Eptesicus serotinus,0.116,0.221,-1,Echolocation,/mnt/ubna_data_01_mir/recover-20220811/UBNA_009/20220809_053000.WAV,Foliage,recover-20220811,009,1795
997.3875,997.4053,25468.0,29528.0,Nyctalus leisleri,0.149,0.243,-1,Echolocation,/mnt/ubna_data_01_mir/recover-20220811/UBNA_009/20220809_053000.WAV,Foliage,recover-20220811,009,1795
997.5815,997.6022,23750.0,28034.0,Nyctalus leisleri,0.13,0.25,-1,Echolocation,/mnt/ubna_data_01_mir/recover-20220811/UBNA_009/20220809_053000.WAV,Foliage,recover-20220811,009,1795
998.1305,998.1481,25468.0,30198.0,Nyctalus leisleri,0.09,0.207,-1,Echolocation,/mnt/ubna_data_01_mir/recover-20220811/UBNA_009/20220809_053000.WAV,Foliage,recover-20220811,009,1795
998.3825,998.396,25468.0,30707.0,Nyctalus leisleri,0.312,0.449,-1,Echolocation,/mnt/ubna_data_01_mir/recover-20220811/UBNA_009/20220809_053000.WAV,Foliage,recover-20220811,009,1795
998.5135,998.5273,25468.0,29983.0,Nyctalus leisleri,0.405,0.554,-1,Echolocation,/mnt/ubna_data_01_mir/recover-20220811/UBNA_009/20220809_053000.WAV,Foliage,recover-20220811,009,1795
998.9555,998.9669,26328.0,31357.0,Nyctalus leisleri,0.263,0.456,-1,Echolocation,/mnt/ubna_data_01_mir/recover-20220811/UBNA_009/20220809_053000.WAV,Foliage,recover-20220811,009,1795
999.1545,999.1666,25468.0,29736.0,Nyctalus leisleri,0.274,0.373,-1,Echolocation,/mnt/ubna_data_01_mir/recover-20220811/UBNA_009/20220809_053000.WAV,Foliage,recover-20220811,009,1795
999.3425,999.3542,26328.0,31622.0,Nyctalus leisleri,0.241,0.442,-1,Echolocation,/mnt/ubna_data_01_mir/recover-20220811/UBNA_009/20220809_053000.WAV,Foliage,recover-20220811,009,1795
999.4205,999.4303,27187.0,34795.0,Eptesicus serotinus,0.184,0.246,-1,Echolocation,/mnt/ubna_data_01_mir/recover-20220811/UBNA_009/20220809_053000.WAV,Foliage,recover-20220811,009,1795
999.4605,999.4716,26328.0,33046.0,Nyctalus leisleri,0.231,0.477,-1,Echolocation,/mnt/ubna_data_01_mir/recover-20220811/UBNA_009/20220809_053000.WAV,Foliage,recover-20220811,009,1795
999.6625,999.6735,25468.0,31166.0,Nyctalus leisleri,0.379,0.553,-1,Echolocation,/mnt/ubna_data_01_mir/recover-20220811/UBNA_009/20220809_053000.WAV,Foliage,recover-20220811,009,1795
999.7735,999.7846,27187.0,32447.0,Nyctalus leisleri,0.273,0.432,-1,Echolocation,/mnt/ubna_data_01_mir/recover-20220811/UBNA_009/20220809_053000.WAV,Foliage,recover-20220811,009,1795
999.8705,999.8806,27187.0,33609.0,Eptesicus serotinus,0.223,0.444,-1,Echolocation,/mnt/ubna_data_01_mir/recover-20220811/UBNA_009/20220809_053000.WAV,Foliage,recover-20220811,009,1795
999.9575,999.9685,27187.0,33439.0,Eptesicus serotinus,0.213,0.315,-1,Echolocation,/mnt/ubna_data_01_mir/recover-20220811/UBNA_009/20220809_053000.WAV,Foliage,recover-20220811,009,1795
1000.0565,1000.0677,27187.0,32440.0,Eptesicus serotinus,0.15,0.263,-1,Echolocation,/mnt/ubna_data_01_mir/recover-20220811/UBNA_009/20220809_053000.WAV,Foliage,recover-20220811,009,1795
1002.2375,1002.2543000000001,24609.0,29239.0,Nyctalus leisleri,0.269,0.413,-1,Echolocation,/mnt/ubna_data_01_mir/recover-20220811/UBNA_009/20220809_053000.WAV,Foliage,recover-20220811,009,1795
1002.4035,1002.4231,23750.0,28395.0,Nyctalus leisleri,0.102,0.242,-1,Echolocation,/mnt/ubna_data_01_mir/recover-20220811/UBNA_009/20220809_053000.WAV,Foliage,recover-20220811,009,1795
1002.5485,1002.5614,24609.0,29496.0,Nyctalus leisleri,0.127,0.294,-1,Echolocation,/mnt/ubna_data_01_mir/recover-20220811/UBNA_009/20220809_053000.WAV,Foliage,recover-20220811,009,1795
1003.2965,1003.3117,25468.0,29743.0,Nyctalus leisleri,0.234,0.354,-1,Echolocation,/mnt/ubna_data_01_mir/recover-20220811/UBNA_009/20220809_053000.WAV,Foliage,recover-20220811,009,1795
1003.4305,1003.4484,24609.0,28976.0,Nyctalus leisleri,0.151,0.234,-1,Echolocation,/mnt/ubna_data_01_mir/recover-20220811/UBNA_009/20220809_053000.WAV,Foliage,recover-20220811,009,1795
1003.5775,1003.6003,24609.0,28841.0,Nyctalus leisleri,0.259,0.332,-1,Echolocation,/mnt/ubna_data_01_mir/recover-20220811/UBNA_009/20220809_053000.WAV,Foliage,recover-20220811,009,1795
1004.1055,1004.1264,23750.0,29121.0,Nyctalus leisleri,0.273,0.4,-1,Echolocation,/mnt/ubna_data_01_mir/recover-20220811/UBNA_009/20220809_053000.WAV,Foliage,recover-20220811,009,1795
1004.2625,1004.2831,23750.0,28674.0,Nyctalus leisleri,0.187,0.327,-1,Echolocation,/mnt/ubna_data_01_mir/recover-20220811/UBNA_009/20220809_053000.WAV,Foliage,recover-20220811,009,1795
1004.4575,1004.4736,24609.0,29078.0,Nyctalus leisleri,0.364,0.5,-1,Echolocation,/mnt/ubna_data_01_mir/recover-20220811/UBNA_009/20220809_053000.WAV,Foliage,recover-20220811,009,1795
1009.9495,1009.9658,25468.0,30437.0,Nyctalus leisleri,0.1,0.214,-1,Echolocation,/mnt/ubna_data_01_mir/recover-20220811/UBNA_009/20220809_053000.WAV,Foliage,recover-20220811,009,1795
1010.0945,1010.1142,25468.0,29606.0,Nyctalus leisleri,0.144,0.234,-1,Echolocation,/mnt/ubna_data_01_mir/recover-20220811/UBNA_009/20220809_053000.WAV,Foliage,recover-20220811,009,1795
1010.3185,1010.333,25468.0,30775.0,Eptesicus serotinus,0.128,0.224,-1,Echolocation,/mnt/ubna_data_01_mir/recover-20220811/UBNA_009/20220809_053000.WAV,Foliage,recover-20220811,009,1795
1010.4555,1010.4725,25468.0,29598.0,Nyctalus leisleri,0.304,0.411,-1,Echolocation,/mnt/ubna_data_01_mir/recover-20220811/UBNA_009/20220809_053000.WAV,Foliage,recover-20220811,009,1795
1010.6075,1010.6233,25468.0,30568.0,Nyctalus leisleri,0.186,0.355,-1,Echolocation,/mnt/ubna_data_01_mir/recover-20220811/UBNA_009/20220809_053000.WAV,Foliage,recover-20220811,009,1795
1010.7695,1010.7855,25468.0,32916.0,Eptesicus serotinus,0.172,0.322,-1,Echolocation,/mnt/ubna_data_01_mir/recover-20220811/UBNA_009/20220809_053000.WAV,Foliage,recover-20220811,009,1795
1011.0575,1011.079,24609.0,29468.0,Nyctalus leisleri,0.218,0.328,-1,Echolocation,/mnt/ubna_data_01_mir/recover-20220811/UBNA_009/20220809_053000.WAV,Foliage,recover-20220811,009,1795
1011.2075,1011.2235000000001,26328.0,30054.0,Nyctalus leisleri,0.434,0.515,-1,Echolocation,/mnt/ubna_data_01_mir/recover-20220811/UBNA_009/20220809_053000.WAV,Foliage,recover-20220811,009,1795
1011.3715,1011.3883,26328.0,31090.0,Nyctalus leisleri,0.2,0.374,-1,Echolocation,/mnt/ubna_data_01_mir/recover-20220811/UBNA_009/20220809_053000.WAV,Foliage,recover-20220811,009,1795
1011.5185,1011.5345,25468.0,31583.0,Nyctalus leisleri,0.217,0.403,-1,Echolocation,/mnt/ubna_data_01_mir/recover-20220811/UBNA_009/20220809_053000.WAV,Foliage,recover-20220811,009,1795
1011.7605,1011.7774,24609.0,30776.0,Nyctalus leisleri,0.366,0.584,-1,Echolocation,/mnt/ubna_data_01_mir/recover-20220811/UBNA_009/20220809_053000.WAV,Foliage,recover-20220811,009,1795
1011.9175,1011.9311,25468.0,30375.0,Nyctalus leisleri,0.326,0.528,-1,Echolocation,/mnt/ubna_data_01_mir/recover-20220811/UBNA_009/20220809_053000.WAV,Foliage,recover-20220811,009,1795
1012.2525,1012.2661,25468.0,31743.0,Nyctalus leisleri,0.357,0.566,-1,Echolocation,/mnt/ubna_data_01_mir/recover-20220811/UBNA_009/20220809_053000.WAV,Foliage,recover-20220811,009,1795
1012.5415,1012.5544,25468.0,32725.0,Eptesicus serotinus,0.275,0.506,-1,Echolocation,/mnt/ubna_data_01_mir/recover-20220811/UBNA_009/20220809_053000.WAV,Foliage,recover-20220811,009,1795
1012.5455,1012.5569,50390.0,54877.0,Pipistrellus pipistrellus,0.211,0.319,-1,Echolocation,/mnt/ubna_data_01_mir/recover-20220811/UBNA_009/20220809_053000.WAV,Foliage,recover-20220811,009,1795
1012.6965,1012.7117,24609.0,29808.0,Nyctalus leisleri,0.408,0.576,-1,Echolocation,/mnt/ubna_data_01_mir/recover-20220811/UBNA_009/20220809_053000.WAV,Foliage,recover-20220811,009,1795
1012.9415,1012.9563,24609.0,30672.0,Nyctalus leisleri,0.353,0.515,-1,Echolocation,/mnt/ubna_data_01_mir/recover-20220811/UBNA_009/20220809_053000.WAV,Foliage,recover-20220811,009,1795
1013.0855,1013.1009,25468.0,29499.0,Nyctalus leisleri,0.124,0.259,-1,Echolocation,/mnt/ubna_data_01_mir/recover-20220811/UBNA_009/20220809_053000.WAV,Foliage,recover-20220811,009,1795
1013.2235000000001,1013.2368,25468.0,31277.0,Nyctalus leisleri,0.368,0.562,-1,Echolocation,/mnt/ubna_data_01_mir/recover-20220811/UBNA_009/20220809_053000.WAV,Foliage,recover-20220811,009,1795
1013.6385,1013.6565,24609.0,29121.0,Nyctalus leisleri,0.223,0.328,-1,Echolocation,/mnt/ubna_data_01_mir/recover-20220811/UBNA_009/20220809_053000.WAV,Foliage,recover-20220811,009,1795
1015.6485,1015.6657,23750.0,28638.0,Nyctalus leisleri,0.154,0.311,-1,Echolocation,/mnt/ubna_data_01_mir/recover-20220811/UBNA_009/20220809_053000.WAV,Foliage,recover-20220811,009,1795
1016.0375,1016.0484,25468.0,29781.0,Nyctalus leisleri,0.148,0.339,-1,Echolocation,/mnt/ubna_data_01_mir/recover-20220811/UBNA_009/20220809_053000.WAV,Foliage,recover-20220811,009,1795
1017.4035,1017.4226,23750.0,28264.0,Nyctalus leisleri,0.102,0.225,-1,Echolocation,/mnt/ubna_data_01_mir/recover-20220811/UBNA_009/20220809_053000.WAV,Foliage,recover-20220811,009,1795
1017.5575,1017.5733,23750.0,28151.0,Nyctalus leisleri,0.275,0.382,-1,Echolocation,/mnt/ubna_data_01_mir/recover-20220811/UBNA_009/20220809_053000.WAV,Foliage,recover-20220811,009,1795
1017.7675,1017.7808,26328.0,31661.0,Nyctalus leisleri,0.118,0.255,-1,Echolocation,/mnt/ubna_data_01_mir/recover-20220811/UBNA_009/20220809_053000.WAV,Foliage,recover-20220811,009,1795
1018.2405,1018.2541,25468.0,29471.0,Nyctalus leisleri,0.265,0.399,-1,Echolocation,/mnt/ubna_data_01_mir/recover-20220811/UBNA_009/20220809_053000.WAV,Foliage,recover-20220811,009,1795
1018.3715,1018.3853,26328.0,30209.0,Nyctalus leisleri,0.327,0.448,-1,Echolocation,/mnt/ubna_data_01_mir/recover-20220811/UBNA_009/20220809_053000.WAV,Foliage,recover-20220811,009,1795
1018.5055,1018.5162,26328.0,32966.0,Nyctalus leisleri,0.318,0.562,-1,Echolocation,/mnt/ubna_data_01_mir/recover-20220811/UBNA_009/20220809_053000.WAV,Foliage,recover-20220811,009,1795
1018.6435,1018.6549,26328.0,32099.0,Nyctalus leisleri,0.313,0.541,-1,Echolocation,/mnt/ubna_data_01_mir/recover-20220811/UBNA_009/20220809_053000.WAV,Foliage,recover-20220811,009,1795
1018.7785,1018.7917,26328.0,31524.0,Nyctalus leisleri,0.246,0.495,-1,Echolocation,/mnt/ubna_data_01_mir/recover-20220811/UBNA_009/20220809_053000.WAV,Foliage,recover-20220811,009,1795
1018.9155,1018.9263,25468.0,30943.0,Nyctalus leisleri,0.216,0.451,-1,Echolocation,/mnt/ubna_data_01_mir/recover-20220811/UBNA_009/20220809_053000.WAV,Foliage,recover-20220811,009,1795
1020.7765,1020.7954,25468.0,29316.0,Nyctalus leisleri,0.168,0.239,-1,Echolocation,/mnt/ubna_data_01_mir/recover-20220811/UBNA_009/20220809_053000.WAV,Foliage,recover-20220811,009,1795
1020.9395,1020.9543,25468.0,30234.0,Nyctalus leisleri,0.304,0.43,-1,Echolocation,/mnt/ubna_data_01_mir/recover-20220811/UBNA_009/20220809_053000.WAV,Foliage,recover-20220811,009,1795
1021.1185,1021.1329,26328.0,31460.0,Nyctalus leisleri,0.125,0.244,-1,Echolocation,/mnt/ubna_data_01_mir/recover-20220811/UBNA_009/20220809_053000.WAV,Foliage,recover-20220811,009,1795
1022.4615,1022.4768,24609.0,28521.0,Nyctalus leisleri,0.17,0.297,-1,Echolocation,/mnt/ubna_data_01_mir/recover-20220811/UBNA_009/20220809_053000.WAV,Foliage,recover-20220811,009,1795
1022.5055,1022.5184,27187.0,32711.0,Nyctalus leisleri,0.2,0.437,-1,Echolocation,/mnt/ubna_data_01_mir/recover-20220811/UBNA_009/20220809_053000.WAV,Foliage,recover-20220811,009,1795
1022.6305,1022.6466,25468.0,30753.0,Eptesicus serotinus,0.123,0.235,-1,Echolocation,/mnt/ubna_data_01_mir/recover-20220811/UBNA_009/20220809_053000.WAV,Foliage,recover-20220811,009,1795
1022.7485,1022.7661,26328.0,30594.0,Nyctalus leisleri,0.17,0.274,-1,Echolocation,/mnt/ubna_data_01_mir/recover-20220811/UBNA_009/20220809_053000.WAV,Foliage,recover-20220811,009,1795
1022.9665,1022.9783,26328.0,32408.0,Eptesicus serotinus,0.212,0.422,-1,Echolocation,/mnt/ubna_data_01_mir/recover-20220811/UBNA_009/20220809_053000.WAV,Foliage,recover-20220811,009,1795
1023.0965,1023.1071,26328.0,33991.0,Eptesicus serotinus,0.289,0.526,-1,Echolocation,/mnt/ubna_data_01_mir/recover-20220811/UBNA_009/20220809_053000.WAV,Foliage,recover-20220811,009,1795
1023.1605,1023.1767,23750.0,27433.0,Nyctalus leisleri,0.19,0.271,-1,Echolocation,/mnt/ubna_data_01_mir/recover-20220811/UBNA_009/20220809_053000.WAV,Foliage,recover-20220811,009,1795
1023.2315,1023.2468,26328.0,31648.0,Eptesicus serotinus,0.14,0.247,-1,Echolocation,/mnt/ubna_data_01_mir/recover-20220811/UBNA_009/20220809_053000.WAV,Foliage,recover-20220811,009,1795
1023.4615,1023.4749,26328.0,33099.0,Nyctalus leisleri,0.297,0.508,-1,Echolocation,/mnt/ubna_data_01_mir/recover-20220811/UBNA_009/20220809_053000.WAV,Foliage,recover-20220811,009,1795
1023.5225,1023.541,23750.0,27482.0,Nyctalus leisleri,0.13,0.231,-1,Echolocation,/mnt/ubna_data_01_mir/recover-20220811/UBNA_009/20220809_053000.WAV,Foliage,recover-20220811,009,1795
1023.6015,1023.6144,25468.0,30948.0,Nyctalus leisleri,0.147,0.28,-1,Echolocation,/mnt/ubna_data_01_mir/recover-20220811/UBNA_009/20220809_053000.WAV,Foliage,recover-20220811,009,1795
1023.8395,1023.8538,25468.0,33537.0,Eptesicus serotinus,0.283,0.575,-1,Echolocation,/mnt/ubna_data_01_mir/recover-20220811/UBNA_009/20220809_053000.WAV,Foliage,recover-20220811,009,1795
1024.0965,1024.1101,25468.0,29933.0,Nyctalus leisleri,0.374,0.508,-1,Echolocation,/mnt/ubna_data_01_mir/recover-20220811/UBNA_009/20220809_053000.WAV,Foliage,recover-20220811,009,1795
1024.2385,1024.253,25468.0,32916.0,Eptesicus serotinus,0.258,0.552,-1,Echolocation,/mnt/ubna_data_01_mir/recover-20220811/UBNA_009/20220809_053000.WAV,Foliage,recover-20220811,009,1795
1024.3875,1024.4,24609.0,29656.0,Nyctalus leisleri,0.367,0.548,-1,Echolocation,/mnt/ubna_data_01_mir/recover-20220811/UBNA_009/20220809_053000.WAV,Foliage,recover-20220811,009,1795
1024.6285,1024.6438,24609.0,28980.0,Nyctalus leisleri,0.542,0.627,-1,Echolocation,/mnt/ubna_data_01_mir/recover-20220811/UBNA_009/20220809_053000.WAV,Foliage,recover-20220811,009,1795
1024.7765,1024.7912,24609.0,28999.0,Nyctalus leisleri,0.221,0.38,-1,Echolocation,/mnt/ubna_data_01_mir/recover-20220811/UBNA_009/20220809_053000.WAV,Foliage,recover-20220811,009,1795
1025.0255,1025.0413,24609.0,30562.0,Eptesicus serotinus,0.229,0.477,-1,Echolocation,/mnt/ubna_data_01_mir/recover-20220811/UBNA_009/20220809_053000.WAV,Foliage,recover-20220811,009,1795
1025.1765,1025.1952,24609.0,28862.0,Nyctalus leisleri,0.216,0.356,-1,Echolocation,/mnt/ubna_data_01_mir/recover-20220811/UBNA_009/20220809_053000.WAV,Foliage,recover-20220811,009,1795
1025.4225,1025.4372,24609.0,29558.0,Nyctalus leisleri,0.246,0.451,-1,Echolocation,/mnt/ubna_data_01_mir/recover-20220811/UBNA_009/20220809_053000.WAV,Foliage,recover-20220811,009,1795
1025.5725,1025.5949,24609.0,28395.0,Nyctalus leisleri,0.227,0.324,-1,Echolocation,/mnt/ubna_data_01_mir/recover-20220811/UBNA_009/20220809_053000.WAV,Foliage,recover-20220811,009,1795
1025.8275,1025.8476,24609.0,29341.0,Nyctalus leisleri,0.108,0.242,-1,Echolocation,/mnt/ubna_data_01_mir/recover-20220811/UBNA_009/20220809_053000.WAV,Foliage,recover-20220811,009,1795
1026.5195,1026.5405,24609.0,29503.0,Nyctalus leisleri,0.214,0.357,-1,Echolocation,/mnt/ubna_data_01_mir/recover-20220811/UBNA_009/20220809_053000.WAV,Foliage,recover-20220811,009,1795
1026.9255,1026.9487,24609.0,28187.0,Nyctalus leisleri,0.132,0.201,-1,Echolocation,/mnt/ubna_data_01_mir/recover-20220811/UBNA_009/20220809_053000.WAV,Foliage,recover-20220811,009,1795
1027.8755,1027.8907,25468.0,30588.0,Nyctalus leisleri,0.155,0.267,-1,Echolocation,/mnt/ubna_data_01_mir/recover-20220811/UBNA_009/20220809_053000.WAV,Foliage,recover-20220811,009,1795
1028.0525,1028.0683,25468.0,29531.0,Nyctalus leisleri,0.135,0.239,-1,Echolocation,/mnt/ubna_data_01_mir/recover-20220811/UBNA_009/20220809_053000.WAV,Foliage,recover-20220811,009,1795
1031.0925,1031.1071,25468.0,31096.0,Nyctalus leisleri,0.241,0.422,-1,Echolocation,/mnt/ubna_data_01_mir/recover-20220811/UBNA_009/20220809_053000.WAV,Foliage,recover-20220811,009,1795
1031.4885,1031.5044,25468.0,31498.0,Nyctalus leisleri,0.265,0.485,-1,Echolocation,/mnt/ubna_data_01_mir/recover-20220811/UBNA_009/20220809_053000.WAV,Foliage,recover-20220811,009,1795
1031.7725,1031.7902,26328.0,31120.0,Nyctalus leisleri,0.195,0.341,-1,Echolocation,/mnt/ubna_data_01_mir/recover-20220811/UBNA_009/20220809_053000.WAV,Foliage,recover-20220811,009,1795
1031.9155,1031.9324,25468.0,30235.0,Nyctalus leisleri,0.277,0.423,-1,Echolocation,/mnt/ubna_data_01_mir/recover-20220811/UBNA_009/20220809_053000.WAV,Foliage,recover-20220811,009,1795
1032.1665,1032.18,25468.0,30781.0,Nyctalus leisleri,0.346,0.554,-1,Echolocation,/mnt/ubna_data_01_mir/recover-20220811/UBNA_009/20220809_053000.WAV,Foliage,recover-20220811,009,1795
1032.4515,1032.4643,25468.0,29513.0,Nyctalus leisleri,0.187,0.314,-1,Echolocation,/mnt/ubna_data_01_mir/recover-20220811/UBNA_009/20220809_053000.WAV,Foliage,recover-20220811,009,1795
1032.6915,1032.706,24609.0,32078.0,Eptesicus serotinus,0.275,0.499,-1,Echolocation,/mnt/ubna_data_01_mir/recover-20220811/UBNA_009/20220809_053000.WAV,Foliage,recover-20220811,009,1795
1032.8435,1032.8607,25468.0,29079.0,Nyctalus leisleri,0.114,0.201,-1,Echolocation,/mnt/ubna_data_01_mir/recover-20220811/UBNA_009/20220809_053000.WAV,Foliage,recover-20220811,009,1795
1032.9845,1033.0014,25468.0,31667.0,Nyctalus leisleri,0.196,0.355,-1,Echolocation,/mnt/ubna_data_01_mir/recover-20220811/UBNA_009/20220809_053000.WAV,Foliage,recover-20220811,009,1795
1033.3945,1033.4105,24609.0,30232.0,Nyctalus leisleri,0.341,0.487,-1,Echolocation,/mnt/ubna_data_01_mir/recover-20220811/UBNA_009/20220809_053000.WAV,Foliage,recover-20220811,009,1795
1033.8205,1033.8367,24609.0,29828.0,Nyctalus leisleri,0.297,0.452,-1,Echolocation,/mnt/ubna_data_01_mir/recover-20220811/UBNA_009/20220809_053000.WAV,Foliage,recover-20220811,009,1795
1033.9805,1033.9948,23750.0,28577.0,Nyctalus leisleri,0.177,0.301,-1,Echolocation,/mnt/ubna_data_01_mir/recover-20220811/UBNA_009/20220809_053000.WAV,Foliage,recover-20220811,009,1795
1034.1375,1034.151,24609.0,30678.0,Nyctalus leisleri,0.334,0.539,-1,Echolocation,/mnt/ubna_data_01_mir/recover-20220811/UBNA_009/20220809_053000.WAV,Foliage,recover-20220811,009,1795
1034.4115,1034.4279,24609.0,29001.0,Nyctalus leisleri,0.143,0.303,-1,Echolocation,/mnt/ubna_data_01_mir/recover-20220811/UBNA_009/20220809_053000.WAV,Foliage,recover-20220811,009,1795
1035.6015,1035.6137,25468.0,31865.0,Nyctalus leisleri,0.296,0.553,-1,Echolocation,/mnt/ubna_data_01_mir/recover-20220811/UBNA_009/20220809_053000.WAV,Foliage,recover-20220811,009,1795
1035.7335,1035.7445,25468.0,32221.0,Nyctalus leisleri,0.36,0.627,-1,Echolocation,/mnt/ubna_data_01_mir/recover-20220811/UBNA_009/20220809_053000.WAV,Foliage,recover-20220811,009,1795
1035.8695,1035.8812,25468.0,31245.0,Nyctalus leisleri,0.299,0.484,-1,Echolocation,/mnt/ubna_data_01_mir/recover-20220811/UBNA_009/20220809_053000.WAV,Foliage,recover-20220811,009,1795
1036.0065,1036.0218,25468.0,28650.0,Nyctalus leisleri,0.475,0.574,-1,Echolocation,/mnt/ubna_data_01_mir/recover-20220811/UBNA_009/20220809_053000.WAV,Foliage,recover-20220811,009,1795
1038.3585,1038.3717,24609.0,29229.0,Nyctalus leisleri,0.107,0.241,-1,Echolocation,/mnt/ubna_data_01_mir/recover-20220811/UBNA_009/20220809_053000.WAV,Foliage,recover-20220811,009,1795
1038.7705,1038.7879,24609.0,28341.0,Nyctalus leisleri,0.397,0.474,-1,Echolocation,/mnt/ubna_data_01_mir/recover-20220811/UBNA_009/20220809_053000.WAV,Foliage,recover-20220811,009,1795
1038.9185,1038.9373,24609.0,28702.0,Nyctalus leisleri,0.165,0.279,-1,Echolocation,/mnt/ubna_data_01_mir/recover-20220811/UBNA_009/20220809_053000.WAV,Foliage,recover-20220811,009,1795
1039.1825,1039.2039,25468.0,29885.0,Nyctalus leisleri,0.131,0.217,-1,Echolocation,/mnt/ubna_data_01_mir/recover-20220811/UBNA_009/20220809_053000.WAV,Foliage,recover-20220811,009,1795
1040.4765,1040.491,25468.0,30320.0,Nyctalus leisleri,0.18,0.335,-1,Echolocation,/mnt/ubna_data_01_mir/recover-20220811/UBNA_009/20220809_053000.WAV,Foliage,recover-20220811,009,1795
1040.8455,1040.8585,25468.0,30567.0,Nyctalus leisleri,0.179,0.346,-1,Echolocation,/mnt/ubna_data_01_mir/recover-20220811/UBNA_009/20220809_053000.WAV,Foliage,recover-20220811,009,1795
1041.7925,1041.8064,24609.0,30460.0,Nyctalus leisleri,0.212,0.418,-1,Echolocation,/mnt/ubna_data_01_mir/recover-20220811/UBNA_009/20220809_053000.WAV,Foliage,recover-20220811,009,1795
1042.6175,1042.636,26328.0,30199.0,Nyctalus leisleri,0.119,0.215,-1,Echolocation,/mnt/ubna_data_01_mir/recover-20220811/UBNA_009/20220809_053000.WAV,Foliage,recover-20220811,009,1795
1043.3225,1043.3377,24609.0,29723.0,Nyctalus leisleri,0.169,0.31,-1,Echolocation,/mnt/ubna_data_01_mir/recover-20220811/UBNA_009/20220809_053000.WAV,Foliage,recover-20220811,009,1795
1044.8865,1044.9036,27187.0,32044.0,Nyctalus leisleri,0.209,0.389,-1,Echolocation,/mnt/ubna_data_01_mir/recover-20220811/UBNA_009/20220809_053000.WAV,Foliage,recover-20220811,009,1795
1045.1155,1045.1325,24609.0,30692.0,Nyctalus leisleri,0.331,0.549,-1,Echolocation,/mnt/ubna_data_01_mir/recover-20220811/UBNA_009/20220809_053000.WAV,Foliage,recover-20220811,009,1795
1045.2545,1045.2709,24609.0,29799.0,Nyctalus leisleri,0.268,0.445,-1,Echolocation,/mnt/ubna_data_01_mir/recover-20220811/UBNA_009/20220809_053000.WAV,Foliage,recover-20220811,009,1795
1045.4905,1045.5112,24609.0,29388.0,Nyctalus leisleri,0.227,0.344,-1,Echolocation,/mnt/ubna_data_01_mir/recover-20220811/UBNA_009/20220809_053000.WAV,Foliage,recover-20220811,009,1795
1045.6455,1045.664,24609.0,28444.0,Nyctalus leisleri,0.326,0.403,-1,Echolocation,/mnt/ubna_data_01_mir/recover-20220811/UBNA_009/20220809_053000.WAV,Foliage,recover-20220811,009,1795
1045.8745,1045.8907,24609.0,31474.0,Nyctalus leisleri,0.323,0.562,-1,Echolocation,/mnt/ubna_data_01_mir/recover-20220811/UBNA_009/20220809_053000.WAV,Foliage,recover-20220811,009,1795
1046.0345,1046.0487,25468.0,34336.0,Eptesicus serotinus,0.368,0.578,-1,Echolocation,/mnt/ubna_data_01_mir/recover-20220811/UBNA_009/20220809_053000.WAV,Foliage,recover-20220811,009,1795
1046.1955,1046.2081,26328.0,34251.0,Nyctalus leisleri,0.274,0.582,-1,Echolocation,/mnt/ubna_data_01_mir/recover-20220811/UBNA_009/20220809_053000.WAV,Foliage,recover-20220811,009,1795
1046.3495,1046.3614,26328.0,34738.0,Eptesicus serotinus,0.361,0.516,-1,Echolocation,/mnt/ubna_data_01_mir/recover-20220811/UBNA_009/20220809_053000.WAV,Foliage,recover-20220811,009,1795
1046.4705,1046.4825,26328.0,34135.0,Eptesicus serotinus,0.251,0.513,-1,Echolocation,/mnt/ubna_data_01_mir/recover-20220811/UBNA_009/20220809_053000.WAV,Foliage,recover-20220811,009,1795
1046.5635,1046.5745,26328.0,33670.0,Eptesicus serotinus,0.276,0.45,-1,Echolocation,/mnt/ubna_data_01_mir/recover-20220811/UBNA_009/20220809_053000.WAV,Foliage,recover-20220811,009,1795
1047.0855,1047.0986,25468.0,32707.0,Nyctalus leisleri,0.287,0.59,-1,Echolocation,/mnt/ubna_data_01_mir/recover-20220811/UBNA_009/20220809_053000.WAV,Foliage,recover-20220811,009,1795
1047.2195,1047.2386,24609.0,29530.0,Nyctalus leisleri,0.209,0.337,-1,Echolocation,/mnt/ubna_data_01_mir/recover-20220811/UBNA_009/20220809_053000.WAV,Foliage,recover-20220811,009,1795
1047.4555,1047.473,23750.0,30700.0,Nyctalus leisleri,0.239,0.502,-1,Echolocation,/mnt/ubna_data_01_mir/recover-20220811/UBNA_009/20220809_053000.WAV,Foliage,recover-20220811,009,1795
1047.5905,1047.6072,26328.0,30850.0,Nyctalus leisleri,0.153,0.266,-1,Echolocation,/mnt/ubna_data_01_mir/recover-20220811/UBNA_009/20220809_053000.WAV,Foliage,recover-20220811,009,1795
1047.7315,1047.7463,24609.0,28224.0,Nyctalus leisleri,0.119,0.231,-1,Echolocation,/mnt/ubna_data_01_mir/recover-20220811/UBNA_009/20220809_053000.WAV,Foliage,recover-20220811,009,1795
1047.8565,1047.8752,24609.0,29456.0,Nyctalus leisleri,0.136,0.261,-1,Echolocation,/mnt/ubna_data_01_mir/recover-20220811/UBNA_009/20220809_053000.WAV,Foliage,recover-20220811,009,1795
1048.0855,1048.1091,24609.0,28666.0,Nyctalus leisleri,0.109,0.213,-1,Echolocation,/mnt/ubna_data_01_mir/recover-20220811/UBNA_009/20220809_053000.WAV,Foliage,recover-20220811,009,1795
1048.3625,1048.3803,24609.0,29141.0,Nyctalus leisleri,0.143,0.262,-1,Echolocation,/mnt/ubna_data_01_mir/recover-20220811/UBNA_009/20220809_053000.WAV,Foliage,recover-20220811,009,1795
1048.8385,1048.8552,25468.0,30876.0,Nyctalus leisleri,0.116,0.209,-1,Echolocation,/mnt/ubna_data_01_mir/recover-20220811/UBNA_009/20220809_053000.WAV,Foliage,recover-20220811,009,1795
1049.1545,1049.1726,24609.0,28205.0,Nyctalus leisleri,0.3,0.394,-1,Echolocation,/mnt/ubna_data_01_mir/recover-20220811/UBNA_009/20220809_053000.WAV,Foliage,recover-20220811,009,1795
1049.8135,1049.825,25468.0,32120.0,Eptesicus serotinus,0.199,0.386,-1,Echolocation,/mnt/ubna_data_01_mir/recover-20220811/UBNA_009/20220809_053000.WAV,Foliage,recover-20220811,009,1795
1050.1215,1050.137,25468.0,29375.0,Nyctalus leisleri,0.126,0.216,-1,Echolocation,/mnt/ubna_data_01_mir/recover-20220811/UBNA_009/20220809_053000.WAV,Foliage,recover-20220811,009,1795
1050.2605,1050.2769,24609.0,28754.0,Nyctalus leisleri,0.093,0.21,-1,Echolocation,/mnt/ubna_data_01_mir/recover-20220811/UBNA_009/20220809_053000.WAV,Foliage,recover-20220811,009,1795
1051.0505,1051.0657,25468.0,31112.0,Eptesicus serotinus,0.15,0.288,-1,Echolocation,/mnt/ubna_data_01_mir/recover-20220811/UBNA_009/20220809_053000.WAV,Foliage,recover-20220811,009,1795
1051.1965,1051.2118,25468.0,30842.0,Nyctalus leisleri,0.277,0.368,-1,Echolocation,/mnt/ubna_data_01_mir/recover-20220811/UBNA_009/20220809_053000.WAV,Foliage,recover-20220811,009,1795
1051.3265,1051.3447,25468.0,29389.0,Nyctalus leisleri,0.192,0.27,-1,Echolocation,/mnt/ubna_data_01_mir/recover-20220811/UBNA_009/20220809_053000.WAV,Foliage,recover-20220811,009,1795
1051.4685,1051.484,25468.0,32464.0,Eptesicus serotinus,0.151,0.283,-1,Echolocation,/mnt/ubna_data_01_mir/recover-20220811/UBNA_009/20220809_053000.WAV,Foliage,recover-20220811,009,1795
1051.6175,1051.6338,25468.0,30420.0,Nyctalus leisleri,0.206,0.322,-1,Echolocation,/mnt/ubna_data_01_mir/recover-20220811/UBNA_009/20220809_053000.WAV,Foliage,recover-20220811,009,1795
1051.8545,1051.8677,25468.0,32481.0,Eptesicus serotinus,0.276,0.532,-1,Echolocation,/mnt/ubna_data_01_mir/recover-20220811/UBNA_009/20220809_053000.WAV,Foliage,recover-20220811,009,1795
1052.0055,1052.0215,25468.0,27956.0,Nyctalus leisleri,0.338,0.404,-1,Echolocation,/mnt/ubna_data_01_mir/recover-20220811/UBNA_009/20220809_053000.WAV,Foliage,recover-20220811,009,1795
1052.1965,1052.2165,24609.0,28829.0,Nyctalus leisleri,0.193,0.3,-1,Echolocation,/mnt/ubna_data_01_mir/recover-20220811/UBNA_009/20220809_053000.WAV,Foliage,recover-20220811,009,1795
1052.4045,1052.4187,24609.0,31547.0,Nyctalus leisleri,0.249,0.504,-1,Echolocation,/mnt/ubna_data_01_mir/recover-20220811/UBNA_009/20220809_053000.WAV,Foliage,recover-20220811,009,1795
1052.6475,1052.662,25468.0,29865.0,Nyctalus leisleri,0.191,0.339,-1,Echolocation,/mnt/ubna_data_01_mir/recover-20220811/UBNA_009/20220809_053000.WAV,Foliage,recover-20220811,009,1795
1052.8625,1052.8761,25468.0,31556.0,Nyctalus leisleri,0.493,0.67,-1,Echolocation,/mnt/ubna_data_01_mir/recover-20220811/UBNA_009/20220809_053000.WAV,Foliage,recover-20220811,009,1795
1052.8635,1052.8778,52109.0,56583.0,Pipistrellus pipistrellus,0.16,0.293,-1,Echolocation,/mnt/ubna_data_01_mir/recover-20220811/UBNA_009/20220809_053000.WAV,Foliage,recover-20220811,009,1795
1052.9975,1053.0097,26328.0,31855.0,Nyctalus leisleri,0.187,0.34,-1,Echolocation,/mnt/ubna_data_01_mir/recover-20220811/UBNA_009/20220809_053000.WAV,Foliage,recover-20220811,009,1795
1053.1215,1053.1351,26328.0,31606.0,Nyctalus leisleri,0.189,0.306,-1,Echolocation,/mnt/ubna_data_01_mir/recover-20220811/UBNA_009/20220809_053000.WAV,Foliage,recover-20220811,009,1795
1053.2505,1053.2656,24609.0,31824.0,Nyctalus leisleri,0.266,0.549,-1,Echolocation,/mnt/ubna_data_01_mir/recover-20220811/UBNA_009/20220809_053000.WAV,Foliage,recover-20220811,009,1795
1053.4755,1053.4928,24609.0,30641.0,Nyctalus leisleri,0.277,0.464,-1,Echolocation,/mnt/ubna_data_01_mir/recover-20220811/UBNA_009/20220809_053000.WAV,Foliage,recover-20220811,009,1795
1053.7145,1053.7306,24609.0,27687.0,Nyctalus leisleri,0.438,0.536,-1,Echolocation,/mnt/ubna_data_01_mir/recover-20220811/UBNA_009/20220809_053000.WAV,Foliage,recover-20220811,009,1795
1053.8435,1053.8592,25468.0,30538.0,Nyctalus leisleri,0.406,0.501,-1,Echolocation,/mnt/ubna_data_01_mir/recover-20220811/UBNA_009/20220809_053000.WAV,Foliage,recover-20220811,009,1795
1054.0585,1054.0748,24609.0,29624.0,Nyctalus leisleri,0.438,0.568,-1,Echolocation,/mnt/ubna_data_01_mir/recover-20220811/UBNA_009/20220809_053000.WAV,Foliage,recover-20220811,009,1795
1054.1785,1054.1958,25468.0,29962.0,Nyctalus leisleri,0.165,0.268,-1,Echolocation,/mnt/ubna_data_01_mir/recover-20220811/UBNA_009/20220809_053000.WAV,Foliage,recover-20220811,009,1795
1054.9575,1054.9769,25468.0,29120.0,Nyctalus leisleri,0.156,0.225,-1,Echolocation,/mnt/ubna_data_01_mir/recover-20220811/UBNA_009/20220809_053000.WAV,Foliage,recover-20220811,009,1795
1055.7715,1055.7874,24609.0,28248.0,Nyctalus leisleri,0.292,0.43,-1,Echolocation,/mnt/ubna_data_01_mir/recover-20220811/UBNA_009/20220809_053000.WAV,Foliage,recover-20220811,009,1795
1056.0295,1056.0482,24609.0,28459.0,Nyctalus leisleri,0.355,0.452,-1,Echolocation,/mnt/ubna_data_01_mir/recover-20220811/UBNA_009/20220809_053000.WAV,Foliage,recover-20220811,009,1795
1056.2175,1056.2315,24609.0,31387.0,Nyctalus leisleri,0.314,0.563,-1,Echolocation,/mnt/ubna_data_01_mir/recover-20220811/UBNA_009/20220809_053000.WAV,Foliage,recover-20220811,009,1795
1056.4075,1056.4208,24609.0,28494.0,Nyctalus leisleri,0.269,0.383,-1,Echolocation,/mnt/ubna_data_01_mir/recover-20220811/UBNA_009/20220809_053000.WAV,Foliage,recover-20220811,009,1795
1056.5965,1056.6114,24609.0,29727.0,Nyctalus leisleri,0.337,0.525,-1,Echolocation,/mnt/ubna_data_01_mir/recover-20220811/UBNA_009/20220809_053000.WAV,Foliage,recover-20220811,009,1795
1056.7915,1056.8056,25468.0,28725.0,Nyctalus leisleri,0.431,0.52,-1,Echolocation,/mnt/ubna_data_01_mir/recover-20220811/UBNA_009/20220809_053000.WAV,Foliage,recover-20220811,009,1795
1057.0075,1057.0231,24609.0,28348.0,Nyctalus leisleri,0.25,0.368,-1,Echolocation,/mnt/ubna_data_01_mir/recover-20220811/UBNA_009/20220809_053000.WAV,Foliage,recover-20220811,009,1795
1057.1265,1057.1398,25468.0,30664.0,Nyctalus leisleri,0.293,0.493,-1,Echolocation,/mnt/ubna_data_01_mir/recover-20220811/UBNA_009/20220809_053000.WAV,Foliage,recover-20220811,009,1795
1057.2405,1057.2531,25468.0,31375.0,Nyctalus leisleri,0.169,0.338,-1,Echolocation,/mnt/ubna_data_01_mir/recover-20220811/UBNA_009/20220809_053000.WAV,Foliage,recover-20220811,009,1795
1058.1375,1058.1581,25468.0,29619.0,Nyctalus leisleri,0.165,0.249,-1,Echolocation,/mnt/ubna_data_01_mir/recover-20220811/UBNA_009/20220809_053000.WAV,Foliage,recover-20220811,009,1795
1058.4005,1058.4178,23750.0,27866.0,Nyctalus leisleri,0.461,0.581,-1,Echolocation,/mnt/ubna_data_01_mir/recover-20220811/UBNA_009/20220809_053000.WAV,Foliage,recover-20220811,009,1795
1058.5485,1058.5618,25468.0,29795.0,Nyctalus leisleri,0.266,0.409,-1,Echolocation,/mnt/ubna_data_01_mir/recover-20220811/UBNA_009/20220809_053000.WAV,Foliage,recover-20220811,009,1795
1058.6955,1058.71,25468.0,30107.0,Nyctalus leisleri,0.249,0.38,-1,Echolocation,/mnt/ubna_data_01_mir/recover-20220811/UBNA_009/20220809_053000.WAV,Foliage,recover-20220811,009,1795
1058.9515,1058.9653,25468.0,30881.0,Nyctalus leisleri,0.287,0.508,-1,Echolocation,/mnt/ubna_data_01_mir/recover-20220811/UBNA_009/20220809_053000.WAV,Foliage,recover-20220811,009,1795
1059.1035,1059.1173,23750.0,29662.0,Nyctalus leisleri,0.306,0.557,-1,Echolocation,/mnt/ubna_data_01_mir/recover-20220811/UBNA_009/20220809_053000.WAV,Foliage,recover-20220811,009,1795
1059.3565,1059.3722,24609.0,30461.0,Nyctalus leisleri,0.384,0.556,-1,Echolocation,/mnt/ubna_data_01_mir/recover-20220811/UBNA_009/20220809_053000.WAV,Foliage,recover-20220811,009,1795
1059.4945,1059.5096,26328.0,32659.0,Nyctalus leisleri,0.175,0.318,-1,Echolocation,/mnt/ubna_data_01_mir/recover-20220811/UBNA_009/20220809_053000.WAV,Foliage,recover-20220811,009,1795
1059.6355,1059.6548,24609.0,29175.0,Nyctalus leisleri,0.204,0.322,-1,Echolocation,/mnt/ubna_data_01_mir/recover-20220811/UBNA_009/20220809_053000.WAV,Foliage,recover-20220811,009,1795
1059.7645,1059.7774,26328.0,31690.0,Nyctalus leisleri,0.18,0.372,-1,Echolocation,/mnt/ubna_data_01_mir/recover-20220811/UBNA_009/20220809_053000.WAV,Foliage,recover-20220811,009,1795
1060.0115,1060.0287,25468.0,30723.0,Nyctalus leisleri,0.153,0.312,-1,Echolocation,/mnt/ubna_data_01_mir/recover-20220811/UBNA_009/20220809_053000.WAV,Foliage,recover-20220811,009,1795
1060.2805,1060.2957,24609.0,29382.0,Nyctalus leisleri,0.164,0.294,-1,Echolocation,/mnt/ubna_data_01_mir/recover-20220811/UBNA_009/20220809_053000.WAV,Foliage,recover-20220811,009,1795
1060.4095,1060.4239,26328.0,31889.0,Nyctalus leisleri,0.166,0.291,-1,Echolocation,/mnt/ubna_data_01_mir/recover-20220811/UBNA_009/20220809_053000.WAV,Foliage,recover-20220811,009,1795
1060.8015,1060.8152,24609.0,28415.0,Nyctalus leisleri,0.191,0.3,-1,Echolocation,/mnt/ubna_data_01_mir/recover-20220811/UBNA_009/20220809_053000.WAV,Foliage,recover-20220811,009,1795
1061.4755,1061.4951,23750.0,27291.0,Nyctalus leisleri,0.199,0.278,-1,Echolocation,/mnt/ubna_data_01_mir/recover-20220811/UBNA_009/20220809_053000.WAV,Foliage,recover-20220811,009,1795
1063.2735,1063.2885,25468.0,29555.0,Nyctalus leisleri,0.169,0.295,-1,Echolocation,/mnt/ubna_data_01_mir/recover-20220811/UBNA_009/20220809_053000.WAV,Foliage,recover-20220811,009,1795
1063.6435,1063.6606,25468.0,31580.0,Eptesicus serotinus,0.145,0.34,-1,Echolocation,/mnt/ubna_data_01_mir/recover-20220811/UBNA_009/20220809_053000.WAV,Foliage,recover-20220811,009,1795
1063.8765,1063.892,25468.0,30808.0,Nyctalus leisleri,0.26,0.451,-1,Echolocation,/mnt/ubna_data_01_mir/recover-20220811/UBNA_009/20220809_053000.WAV,Foliage,recover-20220811,009,1795
1064.3505,1064.3656,26328.0,31577.0,Nyctalus leisleri,0.215,0.417,-1,Echolocation,/mnt/ubna_data_01_mir/recover-20220811/UBNA_009/20220809_053000.WAV,Foliage,recover-20220811,009,1795
1064.5855,1064.6022,24609.0,31162.0,Nyctalus leisleri,0.151,0.366,-1,Echolocation,/mnt/ubna_data_01_mir/recover-20220811/UBNA_009/20220809_053000.WAV,Foliage,recover-20220811,009,1795
1064.9595,1064.976,26328.0,31096.0,Nyctalus leisleri,0.188,0.29,-1,Echolocation,/mnt/ubna_data_01_mir/recover-20220811/UBNA_009/20220809_053000.WAV,Foliage,recover-20220811,009,1795
1067.6315,1067.6478,26328.0,29991.0,Nyctalus leisleri,0.259,0.331,-1,Echolocation,/mnt/ubna_data_01_mir/recover-20220811/UBNA_009/20220809_053000.WAV,Foliage,recover-20220811,009,1795
1067.7745,1067.7876,25468.0,30692.0,Nyctalus leisleri,0.155,0.314,-1,Echolocation,/mnt/ubna_data_01_mir/recover-20220811/UBNA_009/20220809_053000.WAV,Foliage,recover-20220811,009,1795
1068.0285,1068.0438,25468.0,30482.0,Nyctalus leisleri,0.388,0.512,-1,Echolocation,/mnt/ubna_data_01_mir/recover-20220811/UBNA_009/20220809_053000.WAV,Foliage,recover-20220811,009,1795
1068.1905,1068.2065,23750.0,28046.0,Nyctalus leisleri,0.201,0.348,-1,Echolocation,/mnt/ubna_data_01_mir/recover-20220811/UBNA_009/20220809_053000.WAV,Foliage,recover-20220811,009,1795
1068.3415,1068.3576,25468.0,31710.0,Nyctalus leisleri,0.258,0.449,-1,Echolocation,/mnt/ubna_data_01_mir/recover-20220811/UBNA_009/20220809_053000.WAV,Foliage,recover-20220811,009,1795
1068.4985,1068.5164,25468.0,29025.0,Nyctalus leisleri,0.353,0.44,-1,Echolocation,/mnt/ubna_data_01_mir/recover-20220811/UBNA_009/20220809_053000.WAV,Foliage,recover-20220811,009,1795
1068.8485,1068.863,25468.0,30868.0,Nyctalus leisleri,0.48,0.579,-1,Echolocation,/mnt/ubna_data_01_mir/recover-20220811/UBNA_009/20220809_053000.WAV,Foliage,recover-20220811,009,1795
1069.0075,1069.024,24609.0,28913.0,Nyctalus leisleri,0.399,0.558,-1,Echolocation,/mnt/ubna_data_01_mir/recover-20220811/UBNA_009/20220809_053000.WAV,Foliage,recover-20220811,009,1795
1069.2795,1069.2962,25468.0,31502.0,Nyctalus leisleri,0.243,0.389,-1,Echolocation,/mnt/ubna_data_01_mir/recover-20220811/UBNA_009/20220809_053000.WAV,Foliage,recover-20220811,009,1795
1069.4485,1069.4656,24609.0,31297.0,Nyctalus leisleri,0.342,0.552,-1,Echolocation,/mnt/ubna_data_01_mir/recover-20220811/UBNA_009/20220809_053000.WAV,Foliage,recover-20220811,009,1795
1069.6245,1069.6416,24609.0,28925.0,Nyctalus leisleri,0.481,0.559,-1,Echolocation,/mnt/ubna_data_01_mir/recover-20220811/UBNA_009/20220809_053000.WAV,Foliage,recover-20220811,009,1795
1069.8755,1069.8911,24609.0,30924.0,Nyctalus leisleri,0.415,0.586,-1,Echolocation,/mnt/ubna_data_01_mir/recover-20220811/UBNA_009/20220809_053000.WAV,Foliage,recover-20220811,009,1795
1070.0325,1070.0469,25468.0,30095.0,Nyctalus leisleri,0.379,0.532,-1,Echolocation,/mnt/ubna_data_01_mir/recover-20220811/UBNA_009/20220809_053000.WAV,Foliage,recover-20220811,009,1795
1070.3355,1070.3489,25468.0,30806.0,Nyctalus leisleri,0.386,0.564,-1,Echolocation,/mnt/ubna_data_01_mir/recover-20220811/UBNA_009/20220809_053000.WAV,Foliage,recover-20220811,009,1795
1070.7325,1070.7486,24609.0,28765.0,Nyctalus leisleri,0.275,0.39,-1,Echolocation,/mnt/ubna_data_01_mir/recover-20220811/UBNA_009/20220809_053000.WAV,Foliage,recover-20220811,009,1795
1071.1365,1071.1548,24609.0,28022.0,Nyctalus leisleri,0.227,0.313,-1,Echolocation,/mnt/ubna_data_01_mir/recover-20220811/UBNA_009/20220809_053000.WAV,Foliage,recover-20220811,009,1795
1071.2925,1071.3132,24609.0,28787.0,Nyctalus leisleri,0.238,0.344,-1,Echolocation,/mnt/ubna_data_01_mir/recover-20220811/UBNA_009/20220809_053000.WAV,Foliage,recover-20220811,009,1795
1074.0535,1074.0699,25468.0,29076.0,Nyctalus leisleri,0.132,0.229,-1,Echolocation,/mnt/ubna_data_01_mir/recover-20220811/UBNA_009/20220809_053000.WAV,Foliage,recover-20220811,009,1795
1075.2925,1075.309,24609.0,28989.0,Nyctalus leisleri,0.153,0.294,-1,Echolocation,/mnt/ubna_data_01_mir/recover-20220811/UBNA_009/20220809_053000.WAV,Foliage,recover-20220811,009,1795
1075.4355,1075.4548,24609.0,28934.0,Nyctalus leisleri,0.126,0.247,-1,Echolocation,/mnt/ubna_data_01_mir/recover-20220811/UBNA_009/20220809_053000.WAV,Foliage,recover-20220811,009,1795
1075.6915,1075.7052,25468.0,31468.0,Nyctalus leisleri,0.302,0.557,-1,Echolocation,/mnt/ubna_data_01_mir/recover-20220811/UBNA_009/20220809_053000.WAV,Foliage,recover-20220811,009,1795
1075.8445,1075.8631,24609.0,28335.0,Nyctalus leisleri,0.217,0.333,-1,Echolocation,/mnt/ubna_data_01_mir/recover-20220811/UBNA_009/20220809_053000.WAV,Foliage,recover-20220811,009,1795
1076.0935,1076.1085,23750.0,28549.0,Nyctalus leisleri,0.176,0.364,-1,Echolocation,/mnt/ubna_data_01_mir/recover-20220811/UBNA_009/20220809_053000.WAV,Foliage,recover-20220811,009,1795
1077.3345,1077.3513,24609.0,30165.0,Eptesicus serotinus,0.185,0.371,-1,Echolocation,/mnt/ubna_data_01_mir/recover-20220811/UBNA_009/20220809_053000.WAV,Foliage,recover-20220811,009,1795
1077.4675,1077.4867,25468.0,29594.0,Nyctalus leisleri,0.194,0.284,-1,Echolocation,/mnt/ubna_data_01_mir/recover-20220811/UBNA_009/20220809_053000.WAV,Foliage,recover-20220811,009,1795
1077.7265,1077.7421,25468.0,31235.0,Nyctalus leisleri,0.11,0.236,-1,Echolocation,/mnt/ubna_data_01_mir/recover-20220811/UBNA_009/20220809_053000.WAV,Foliage,recover-20220811,009,1795
1077.9695,1077.9818,26328.0,32063.0,Nyctalus leisleri,0.122,0.257,-1,Echolocation,/mnt/ubna_data_01_mir/recover-20220811/UBNA_009/20220809_053000.WAV,Foliage,recover-20220811,009,1795
1078.0985,1078.1105,26328.0,32653.0,Eptesicus serotinus,0.214,0.41,-1,Echolocation,/mnt/ubna_data_01_mir/recover-20220811/UBNA_009/20220809_053000.WAV,Foliage,recover-20220811,009,1795
1078.2305,1078.2423,26328.0,34661.0,Eptesicus serotinus,0.345,0.579,-1,Echolocation,/mnt/ubna_data_01_mir/recover-20220811/UBNA_009/20220809_053000.WAV,Foliage,recover-20220811,009,1795
1078.3745,1078.3889,25468.0,32462.0,Eptesicus serotinus,0.234,0.48,-1,Echolocation,/mnt/ubna_data_01_mir/recover-20220811/UBNA_009/20220809_053000.WAV,Foliage,recover-20220811,009,1795
1078.6635,1078.6791,25468.0,30289.0,Nyctalus leisleri,0.467,0.6,-1,Echolocation,/mnt/ubna_data_01_mir/recover-20220811/UBNA_009/20220809_053000.WAV,Foliage,recover-20220811,009,1795
1078.8095,1078.8271,24609.0,29391.0,Nyctalus leisleri,0.21,0.368,-1,Echolocation,/mnt/ubna_data_01_mir/recover-20220811/UBNA_009/20220809_053000.WAV,Foliage,recover-20220811,009,1795
1079.0595,1079.0763,25468.0,30234.0,Nyctalus leisleri,0.332,0.442,-1,Echolocation,/mnt/ubna_data_01_mir/recover-20220811/UBNA_009/20220809_053000.WAV,Foliage,recover-20220811,009,1795
1079.2095,1079.2227,25468.0,30815.0,Eptesicus serotinus,0.092,0.215,-1,Echolocation,/mnt/ubna_data_01_mir/recover-20220811/UBNA_009/20220809_053000.WAV,Foliage,recover-20220811,009,1795
1079.5865,1079.6041,24609.0,29567.0,Nyctalus leisleri,0.357,0.49,-1,Echolocation,/mnt/ubna_data_01_mir/recover-20220811/UBNA_009/20220809_053000.WAV,Foliage,recover-20220811,009,1795
1079.7535,1079.7696,25468.0,30797.0,Nyctalus leisleri,0.347,0.493,-1,Echolocation,/mnt/ubna_data_01_mir/recover-20220811/UBNA_009/20220809_053000.WAV,Foliage,recover-20220811,009,1795
1079.9205,1079.9371,25468.0,31856.0,Nyctalus leisleri,0.274,0.485,-1,Echolocation,/mnt/ubna_data_01_mir/recover-20220811/UBNA_009/20220809_053000.WAV,Foliage,recover-20220811,009,1795
1080.0875,1080.1022,26328.0,32661.0,Nyctalus leisleri,0.22,0.409,-1,Echolocation,/mnt/ubna_data_01_mir/recover-20220811/UBNA_009/20220809_053000.WAV,Foliage,recover-20220811,009,1795
1080.2365,1080.2555,26328.0,32395.0,Eptesicus serotinus,0.153,0.268,-1,Echolocation,/mnt/ubna_data_01_mir/recover-20220811/UBNA_009/20220809_053000.WAV,Foliage,recover-20220811,009,1795
1080.3605,1080.3731,25468.0,33691.0,Eptesicus serotinus,0.26,0.469,-1,Echolocation,/mnt/ubna_data_01_mir/recover-20220811/UBNA_009/20220809_053000.WAV,Foliage,recover-20220811,009,1795
1080.4615,1080.4737,26328.0,32261.0,Eptesicus serotinus,0.157,0.28,-1,Echolocation,/mnt/ubna_data_01_mir/recover-20220811/UBNA_009/20220809_053000.WAV,Foliage,recover-20220811,009,1795
1080.9985,1081.013,25468.0,31845.0,Nyctalus leisleri,0.246,0.444,-1,Echolocation,/mnt/ubna_data_01_mir/recover-20220811/UBNA_009/20220809_053000.WAV,Foliage,recover-20220811,009,1795
1081.1185,1081.1386,25468.0,29925.0,Nyctalus leisleri,0.142,0.253,-1,Echolocation,/mnt/ubna_data_01_mir/recover-20220811/UBNA_009/20220809_053000.WAV,Foliage,recover-20220811,009,1795
1081.2395,1081.2541,27187.0,32088.0,Nyctalus leisleri,0.244,0.39,-1,Echolocation,/mnt/ubna_data_01_mir/recover-20220811/UBNA_009/20220809_053000.WAV,Foliage,recover-20220811,009,1795
1081.4525,1081.4702,25468.0,30457.0,Nyctalus leisleri,0.148,0.284,-1,Echolocation,/mnt/ubna_data_01_mir/recover-20220811/UBNA_009/20220809_053000.WAV,Foliage,recover-20220811,009,1795
1081.5775,1081.5923,25468.0,31263.0,Nyctalus leisleri,0.226,0.385,-1,Echolocation,/mnt/ubna_data_01_mir/recover-20220811/UBNA_009/20220809_053000.WAV,Foliage,recover-20220811,009,1795
1081.7025,1081.7172,26328.0,31042.0,Nyctalus leisleri,0.265,0.406,-1,Echolocation,/mnt/ubna_data_01_mir/recover-20220811/UBNA_009/20220809_053000.WAV,Foliage,recover-20220811,009,1795
1083.0775,1083.0911,26328.0,31230.0,Nyctalus leisleri,0.288,0.393,-1,Echolocation,/mnt/ubna_data_01_mir/recover-20220811/UBNA_009/20220809_053000.WAV,Foliage,recover-20220811,009,1795
1083.4055,1083.4178,26328.0,31596.0,Nyctalus leisleri,0.236,0.413,-1,Echolocation,/mnt/ubna_data_01_mir/recover-20220811/UBNA_009/20220809_053000.WAV,Foliage,recover-20220811,009,1795
1083.7655,1083.7811,25468.0,31675.0,Eptesicus serotinus,0.215,0.415,-1,Echolocation,/mnt/ubna_data_01_mir/recover-20220811/UBNA_009/20220809_053000.WAV,Foliage,recover-20220811,009,1795
1084.1485,1084.1625,25468.0,30965.0,Nyctalus leisleri,0.257,0.461,-1,Echolocation,/mnt/ubna_data_01_mir/recover-20220811/UBNA_009/20220809_053000.WAV,Foliage,recover-20220811,009,1795
1084.5495,1084.5633,25468.0,30131.0,Nyctalus leisleri,0.342,0.51,-1,Echolocation,/mnt/ubna_data_01_mir/recover-20220811/UBNA_009/20220809_053000.WAV,Foliage,recover-20220811,009,1795
1084.9555,1084.9763,24609.0,29470.0,Nyctalus leisleri,0.18,0.289,-1,Echolocation,/mnt/ubna_data_01_mir/recover-20220811/UBNA_009/20220809_053000.WAV,Foliage,recover-20220811,009,1795
1085.2225,1085.2433,23750.0,27502.0,Nyctalus leisleri,0.202,0.291,-1,Echolocation,/mnt/ubna_data_01_mir/recover-20220811/UBNA_009/20220809_053000.WAV,Foliage,recover-20220811,009,1795
1085.3635,1085.3779,24609.0,28792.0,Nyctalus leisleri,0.167,0.293,-1,Echolocation,/mnt/ubna_data_01_mir/recover-20220811/UBNA_009/20220809_053000.WAV,Foliage,recover-20220811,009,1795
1085.6375,1085.6538,24609.0,28239.0,Nyctalus leisleri,0.223,0.33,-1,Echolocation,/mnt/ubna_data_01_mir/recover-20220811/UBNA_009/20220809_053000.WAV,Foliage,recover-20220811,009,1795
1085.8935,1085.9139,24609.0,27931.0,Nyctalus leisleri,0.218,0.291,-1,Echolocation,/mnt/ubna_data_01_mir/recover-20220811/UBNA_009/20220809_053000.WAV,Foliage,recover-20220811,009,1795
1087.9395,1087.9571,25468.0,29039.0,Nyctalus leisleri,0.231,0.348,-1,Echolocation,/mnt/ubna_data_01_mir/recover-20220811/UBNA_009/20220809_053000.WAV,Foliage,recover-20220811,009,1795
1089.8665,1089.8835,24609.0,29559.0,Nyctalus leisleri,0.113,0.259,-1,Echolocation,/mnt/ubna_data_01_mir/recover-20220811/UBNA_009/20220809_053000.WAV,Foliage,recover-20220811,009,1795
1090.1695,1090.1872,24609.0,29188.0,Nyctalus leisleri,0.193,0.349,-1,Echolocation,/mnt/ubna_data_01_mir/recover-20220811/UBNA_009/20220809_053000.WAV,Foliage,recover-20220811,009,1795
1091.3435,1091.3615,25468.0,29606.0,Nyctalus leisleri,0.151,0.238,-1,Echolocation,/mnt/ubna_data_01_mir/recover-20220811/UBNA_009/20220809_053000.WAV,Foliage,recover-20220811,009,1795
1091.4855,1091.5005,24609.0,30564.0,Nyctalus leisleri,0.209,0.396,-1,Echolocation,/mnt/ubna_data_01_mir/recover-20220811/UBNA_009/20220809_053000.WAV,Foliage,recover-20220811,009,1795
1091.6335,1091.6522,24609.0,28887.0,Nyctalus leisleri,0.157,0.28,-1,Echolocation,/mnt/ubna_data_01_mir/recover-20220811/UBNA_009/20220809_053000.WAV,Foliage,recover-20220811,009,1795
1091.7775,1091.7945,25468.0,29622.0,Nyctalus leisleri,0.278,0.362,-1,Echolocation,/mnt/ubna_data_01_mir/recover-20220811/UBNA_009/20220809_053000.WAV,Foliage,recover-20220811,009,1795
1092.0405,1092.0607,24609.0,28477.0,Nyctalus leisleri,0.299,0.393,-1,Echolocation,/mnt/ubna_data_01_mir/recover-20220811/UBNA_009/20220809_053000.WAV,Foliage,recover-20220811,009,1795
1092.1795,1092.1941,25468.0,32181.0,Nyctalus leisleri,0.21,0.387,-1,Echolocation,/mnt/ubna_data_01_mir/recover-20220811/UBNA_009/20220809_053000.WAV,Foliage,recover-20220811,009,1795
1092.3345,1092.351,24609.0,28496.0,Nyctalus leisleri,0.127,0.223,-1,Echolocation,/mnt/ubna_data_01_mir/recover-20220811/UBNA_009/20220809_053000.WAV,Foliage,recover-20220811,009,1795
1092.5935,1092.6082,24609.0,30621.0,Nyctalus leisleri,0.248,0.495,-1,Echolocation,/mnt/ubna_data_01_mir/recover-20220811/UBNA_009/20220809_053000.WAV,Foliage,recover-20220811,009,1795
1093.0085,1093.0245,24609.0,30579.0,Nyctalus leisleri,0.202,0.417,-1,Echolocation,/mnt/ubna_data_01_mir/recover-20220811/UBNA_009/20220809_053000.WAV,Foliage,recover-20220811,009,1795
1093.5605,1093.5754,24609.0,31942.0,Nyctalus leisleri,0.273,0.57,-1,Echolocation,/mnt/ubna_data_01_mir/recover-20220811/UBNA_009/20220809_053000.WAV,Foliage,recover-20220811,009,1795
1093.7195,1093.7341,23750.0,29342.0,Nyctalus leisleri,0.099,0.203,-1,Echolocation,/mnt/ubna_data_01_mir/recover-20220811/UBNA_009/20220809_053000.WAV,Foliage,recover-20220811,009,1795
1094.7945,1094.8072,25468.0,29753.0,Nyctalus leisleri,0.399,0.519,-1,Echolocation,/mnt/ubna_data_01_mir/recover-20220811/UBNA_009/20220809_053000.WAV,Foliage,recover-20220811,009,1795
1094.9175,1094.9315,24609.0,30078.0,Nyctalus leisleri,0.364,0.577,-1,Echolocation,/mnt/ubna_data_01_mir/recover-20220811/UBNA_009/20220809_053000.WAV,Foliage,recover-20220811,009,1795
1095.0515,1095.0636,26328.0,30831.0,Nyctalus leisleri,0.187,0.349,-1,Echolocation,/mnt/ubna_data_01_mir/recover-20220811/UBNA_009/20220809_053000.WAV,Foliage,recover-20220811,009,1795
1095.1825,1095.1947,25468.0,29709.0,Nyctalus leisleri,0.289,0.449,-1,Echolocation,/mnt/ubna_data_01_mir/recover-20220811/UBNA_009/20220809_053000.WAV,Foliage,recover-20220811,009,1795
1095.3675,1095.3819,24609.0,29114.0,Nyctalus leisleri,0.358,0.535,-1,Echolocation,/mnt/ubna_data_01_mir/recover-20220811/UBNA_009/20220809_053000.WAV,Foliage,recover-20220811,009,1795
1095.5125,1095.529,24609.0,28392.0,Nyctalus leisleri,0.329,0.405,-1,Echolocation,/mnt/ubna_data_01_mir/recover-20220811/UBNA_009/20220809_053000.WAV,Foliage,recover-20220811,009,1795
1095.8575,1095.872,23750.0,28758.0,Nyctalus leisleri,0.322,0.534,-1,Echolocation,/mnt/ubna_data_01_mir/recover-20220811/UBNA_009/20220809_053000.WAV,Foliage,recover-20220811,009,1795
1098.4945,1098.5069,26328.0,30737.0,Nyctalus leisleri,0.168,0.266,-1,Echolocation,/mnt/ubna_data_01_mir/recover-20220811/UBNA_009/20220809_053000.WAV,Foliage,recover-20220811,009,1795
1099.0835,1099.0993,23750.0,27693.0,Nyctalus leisleri,0.266,0.362,-1,Echolocation,/mnt/ubna_data_01_mir/recover-20220811/UBNA_009/20220809_053000.WAV,Foliage,recover-20220811,009,1795
1099.2415,1099.2605,24609.0,28000.0,Nyctalus leisleri,0.258,0.35,-1,Echolocation,/mnt/ubna_data_01_mir/recover-20220811/UBNA_009/20220809_053000.WAV,Foliage,recover-20220811,009,1795
1099.4925,1099.5076,24609.0,29376.0,Nyctalus leisleri,0.389,0.503,-1,Echolocation,/mnt/ubna_data_01_mir/recover-20220811/UBNA_009/20220809_053000.WAV,Foliage,recover-20220811,009,1795
1099.7535,1099.7742,24609.0,28472.0,Nyctalus leisleri,0.274,0.352,-1,Echolocation,/mnt/ubna_data_01_mir/recover-20220811/UBNA_009/20220809_053000.WAV,Foliage,recover-20220811,009,1795
1100.0205,1100.0337,24609.0,29238.0,Nyctalus leisleri,0.259,0.417,-1,Echolocation,/mnt/ubna_data_01_mir/recover-20220811/UBNA_009/20220809_053000.WAV,Foliage,recover-20220811,009,1795
1100.3135,1100.3297,26328.0,30442.0,Nyctalus leisleri,0.218,0.301,-1,Echolocation,/mnt/ubna_data_01_mir/recover-20220811/UBNA_009/20220809_053000.WAV,Foliage,recover-20220811,009,1795
1100.4685,1100.4877,24609.0,29110.0,Nyctalus leisleri,0.306,0.437,-1,Echolocation,/mnt/ubna_data_01_mir/recover-20220811/UBNA_009/20220809_053000.WAV,Foliage,recover-20220811,009,1795
1100.7285,1100.7439,24609.0,29759.0,Nyctalus leisleri,0.535,0.637,-1,Echolocation,/mnt/ubna_data_01_mir/recover-20220811/UBNA_009/20220809_053000.WAV,Foliage,recover-20220811,009,1795
1100.8955,1100.9124,24609.0,29583.0,Nyctalus leisleri,0.37,0.519,-1,Echolocation,/mnt/ubna_data_01_mir/recover-20220811/UBNA_009/20220809_053000.WAV,Foliage,recover-20220811,009,1795
1101.0545,1101.069,25468.0,31341.0,Nyctalus leisleri,0.305,0.533,-1,Echolocation,/mnt/ubna_data_01_mir/recover-20220811/UBNA_009/20220809_053000.WAV,Foliage,recover-20220811,009,1795
1101.3295,1101.346,23750.0,28334.0,Nyctalus leisleri,0.417,0.524,-1,Echolocation,/mnt/ubna_data_01_mir/recover-20220811/UBNA_009/20220809_053000.WAV,Foliage,recover-20220811,009,1795
1101.5865,1101.604,23750.0,29195.0,Nyctalus leisleri,0.407,0.524,-1,Echolocation,/mnt/ubna_data_01_mir/recover-20220811/UBNA_009/20220809_053000.WAV,Foliage,recover-20220811,009,1795
1101.8475,1101.8658,23750.0,27568.0,Nyctalus leisleri,0.467,0.569,-1,Echolocation,/mnt/ubna_data_01_mir/recover-20220811/UBNA_009/20220809_053000.WAV,Foliage,recover-20220811,009,1795
1102.0155,1102.0311,24609.0,29882.0,Nyctalus leisleri,0.348,0.559,-1,Echolocation,/mnt/ubna_data_01_mir/recover-20220811/UBNA_009/20220809_053000.WAV,Foliage,recover-20220811,009,1795
1102.1765,1102.1902,25468.0,34311.0,Eptesicus serotinus,0.327,0.588,-1,Echolocation,/mnt/ubna_data_01_mir/recover-20220811/UBNA_009/20220809_053000.WAV,Foliage,recover-20220811,009,1795
1102.3255,1102.343,23750.0,29786.0,Eptesicus serotinus,0.138,0.331,-1,Echolocation,/mnt/ubna_data_01_mir/recover-20220811/UBNA_009/20220809_053000.WAV,Foliage,recover-20220811,009,1795
1102.4805,1102.5014,25468.0,29424.0,Nyctalus leisleri,0.139,0.239,-1,Echolocation,/mnt/ubna_data_01_mir/recover-20220811/UBNA_009/20220809_053000.WAV,Foliage,recover-20220811,009,1795
1102.6245,1102.6427,25468.0,31616.0,Nyctalus leisleri,0.135,0.289,-1,Echolocation,/mnt/ubna_data_01_mir/recover-20220811/UBNA_009/20220809_053000.WAV,Foliage,recover-20220811,009,1795
1102.9005,1102.9174,25468.0,29391.0,Nyctalus leisleri,0.206,0.305,-1,Echolocation,/mnt/ubna_data_01_mir/recover-20220811/UBNA_009/20220809_053000.WAV,Foliage,recover-20220811,009,1795
1103.0655,1103.0833,23750.0,27911.0,Nyctalus leisleri,0.108,0.219,-1,Echolocation,/mnt/ubna_data_01_mir/recover-20220811/UBNA_009/20220809_053000.WAV,Foliage,recover-20220811,009,1795
1103.3045,1103.3228,25468.0,29399.0,Nyctalus leisleri,0.174,0.263,-1,Echolocation,/mnt/ubna_data_01_mir/recover-20220811/UBNA_009/20220809_053000.WAV,Foliage,recover-20220811,009,1795
1107.0035,1107.0235,23750.0,28394.0,Nyctalus leisleri,0.106,0.227,-1,Echolocation,/mnt/ubna_data_01_mir/recover-20220811/UBNA_009/20220809_053000.WAV,Foliage,recover-20220811,009,1795
1107.8675,1107.8836000000001,24609.0,28797.0,Nyctalus leisleri,0.3,0.479,-1,Echolocation,/mnt/ubna_data_01_mir/recover-20220811/UBNA_009/20220809_053000.WAV,Foliage,recover-20220811,009,1795
1108.2645,1108.2808,25468.0,29343.0,Nyctalus leisleri,0.418,0.519,-1,Echolocation,/mnt/ubna_data_01_mir/recover-20220811/UBNA_009/20220809_053000.WAV,Foliage,recover-20220811,009,1795
1108.4125,1108.4307,25468.0,30361.0,Nyctalus leisleri,0.174,0.352,-1,Echolocation,/mnt/ubna_data_01_mir/recover-20220811/UBNA_009/20220809_053000.WAV,Foliage,recover-20220811,009,1795
1108.6685,1108.6842,24609.0,28603.0,Nyctalus leisleri,0.33,0.433,-1,Echolocation,/mnt/ubna_data_01_mir/recover-20220811/UBNA_009/20220809_053000.WAV,Foliage,recover-20220811,009,1795
1108.9265,1108.9414,24609.0,30107.0,Nyctalus leisleri,0.18,0.388,-1,Echolocation,/mnt/ubna_data_01_mir/recover-20220811/UBNA_009/20220809_053000.WAV,Foliage,recover-20220811,009,1795
1109.0855,1109.0992,25468.0,30680.0,Nyctalus leisleri,0.378,0.539,-1,Echolocation,/mnt/ubna_data_01_mir/recover-20220811/UBNA_009/20220809_053000.WAV,Foliage,recover-20220811,009,1795
1109.2325,1109.2444,23750.0,29928.0,Nyctalus leisleri,0.254,0.512,-1,Echolocation,/mnt/ubna_data_01_mir/recover-20220811/UBNA_009/20220809_053000.WAV,Foliage,recover-20220811,009,1795
1109.9495,1109.9655,24609.0,29535.0,Nyctalus leisleri,0.116,0.267,-1,Echolocation,/mnt/ubna_data_01_mir/recover-20220811/UBNA_009/20220809_053000.WAV,Foliage,recover-20220811,009,1795
1110.0925,1110.107,23750.0,29343.0,Nyctalus leisleri,0.314,0.538,-1,Echolocation,/mnt/ubna_data_01_mir/recover-20220811/UBNA_009/20220809_053000.WAV,Foliage,recover-20220811,009,1795
1110.3485,1110.3629,24609.0,29924.0,Nyctalus leisleri,0.3,0.534,-1,Echolocation,/mnt/ubna_data_01_mir/recover-20220811/UBNA_009/20220809_053000.WAV,Foliage,recover-20220811,009,1795
1110.6625,1110.6789,24609.0,29386.0,Nyctalus leisleri,0.401,0.502,-1,Echolocation,/mnt/ubna_data_01_mir/recover-20220811/UBNA_009/20220809_053000.WAV,Foliage,recover-20220811,009,1795
1110.8065,1110.821,24609.0,29899.0,Nyctalus leisleri,0.359,0.552,-1,Echolocation,/mnt/ubna_data_01_mir/recover-20220811/UBNA_009/20220809_053000.WAV,Foliage,recover-20220811,009,1795
1111.0445,1111.0592,24609.0,30327.0,Nyctalus leisleri,0.254,0.494,-1,Echolocation,/mnt/ubna_data_01_mir/recover-20220811/UBNA_009/20220809_053000.WAV,Foliage,recover-20220811,009,1795
1111.1955,1111.2102,25468.0,30748.0,Nyctalus leisleri,0.22,0.36,-1,Echolocation,/mnt/ubna_data_01_mir/recover-20220811/UBNA_009/20220809_053000.WAV,Foliage,recover-20220811,009,1795
1111.3215,1111.3338,26328.0,30795.0,Nyctalus leisleri,0.206,0.355,-1,Echolocation,/mnt/ubna_data_01_mir/recover-20220811/UBNA_009/20220809_053000.WAV,Foliage,recover-20220811,009,1795
1111.7025,1111.717,25468.0,31671.0,Nyctalus leisleri,0.295,0.45,-1,Echolocation,/mnt/ubna_data_01_mir/recover-20220811/UBNA_009/20220809_053000.WAV,Foliage,recover-20220811,009,1795
1111.8385,1111.8532,26328.0,30073.0,Nyctalus leisleri,0.16,0.279,-1,Echolocation,/mnt/ubna_data_01_mir/recover-20220811/UBNA_009/20220809_053000.WAV,Foliage,recover-20220811,009,1795
1113.1655,1113.1788,26328.0,31185.0,Eptesicus serotinus,0.102,0.225,-1,Echolocation,/mnt/ubna_data_01_mir/recover-20220811/UBNA_009/20220809_053000.WAV,Foliage,recover-20220811,009,1795
1113.2865,1113.3014,26328.0,31361.0,Nyctalus leisleri,0.205,0.336,-1,Echolocation,/mnt/ubna_data_01_mir/recover-20220811/UBNA_009/20220809_053000.WAV,Foliage,recover-20220811,009,1795
1113.4365,1113.4532,25468.0,29261.0,Nyctalus leisleri,0.152,0.25,-1,Echolocation,/mnt/ubna_data_01_mir/recover-20220811/UBNA_009/20220809_053000.WAV,Foliage,recover-20220811,009,1795
1113.6005,1113.6129,25468.0,31408.0,Nyctalus leisleri,0.455,0.641,-1,Echolocation,/mnt/ubna_data_01_mir/recover-20220811/UBNA_009/20220809_053000.WAV,Foliage,recover-20220811,009,1795
1113.7425,1113.7569,25468.0,29549.0,Nyctalus leisleri,0.287,0.438,-1,Echolocation,/mnt/ubna_data_01_mir/recover-20220811/UBNA_009/20220809_053000.WAV,Foliage,recover-20220811,009,1795
1114.1375,1114.1519,24609.0,28993.0,Nyctalus leisleri,0.186,0.356,-1,Echolocation,/mnt/ubna_data_01_mir/recover-20220811/UBNA_009/20220809_053000.WAV,Foliage,recover-20220811,009,1795
1114.5955,1114.6185,23750.0,27042.0,Nyctalus leisleri,0.154,0.213,-1,Echolocation,/mnt/ubna_data_01_mir/recover-20220811/UBNA_009/20220809_053000.WAV,Foliage,recover-20220811,009,1795
1114.7545,1114.7671,25468.0,30433.0,Nyctalus leisleri,0.192,0.404,-1,Echolocation,/mnt/ubna_data_01_mir/recover-20220811/UBNA_009/20220809_053000.WAV,Foliage,recover-20220811,009,1795
1116.2235,1116.2455,23750.0,27533.0,Nyctalus leisleri,0.19,0.289,-1,Echolocation,/mnt/ubna_data_01_mir/recover-20220811/UBNA_009/20220809_053000.WAV,Foliage,recover-20220811,009,1795
1116.6795,1116.6989,24609.0,28218.0,Nyctalus leisleri,0.138,0.206,-1,Echolocation,/mnt/ubna_data_01_mir/recover-20220811/UBNA_009/20220809_053000.WAV,Foliage,recover-20220811,009,1795
1118.5435,1118.5562,24609.0,30780.0,Eptesicus serotinus,0.139,0.247,-1,Echolocation,/mnt/ubna_data_01_mir/recover-20220811/UBNA_009/20220809_053000.WAV,Foliage,recover-20220811,009,1795
1118.6755,1118.6871,25468.0,31066.0,Nyctalus leisleri,0.411,0.657,-1,Echolocation,/mnt/ubna_data_01_mir/recover-20220811/UBNA_009/20220809_053000.WAV,Foliage,recover-20220811,009,1795
1120.3055,1120.319,25468.0,32008.0,Nyctalus leisleri,0.32,0.539,-1,Echolocation,/mnt/ubna_data_01_mir/recover-20220811/UBNA_009/20220809_053000.WAV,Foliage,recover-20220811,009,1795
1120.4585,1120.469,27187.0,33253.0,Eptesicus serotinus,0.221,0.427,-1,Echolocation,/mnt/ubna_data_01_mir/recover-20220811/UBNA_009/20220809_053000.WAV,Foliage,recover-20220811,009,1795
1120.5915,1120.6032,26328.0,31829.0,Eptesicus serotinus,0.183,0.368,-1,Echolocation,/mnt/ubna_data_01_mir/recover-20220811/UBNA_009/20220809_053000.WAV,Foliage,recover-20220811,009,1795
1120.7165,1120.729,26328.0,30192.0,Nyctalus leisleri,0.125,0.235,-1,Echolocation,/mnt/ubna_data_01_mir/recover-20220811/UBNA_009/20220809_053000.WAV,Foliage,recover-20220811,009,1795
1120.9235,1120.9417,22890.0,27576.0,Nyctalus noctula,0.15,0.293,-1,Echolocation,/mnt/ubna_data_01_mir/recover-20220811/UBNA_009/20220809_053000.WAV,Foliage,recover-20220811,009,1795
1121.1845,1121.2124,22890.0,28050.0,Nyctalus noctula,0.12,0.221,-1,Echolocation,/mnt/ubna_data_01_mir/recover-20220811/UBNA_009/20220809_053000.WAV,Foliage,recover-20220811,009,1795
1121.6965,1121.7169,23750.0,29098.0,Nyctalus leisleri,0.108,0.272,-1,Echolocation,/mnt/ubna_data_01_mir/recover-20220811/UBNA_009/20220809_053000.WAV,Foliage,recover-20220811,009,1795
1122.0715,1122.0875,24609.0,29797.0,Nyctalus leisleri,0.12,0.218,-1,Echolocation,/mnt/ubna_data_01_mir/recover-20220811/UBNA_009/20220809_053000.WAV,Foliage,recover-20220811,009,1795
1122.2295,1122.2469,25468.0,30309.0,Nyctalus leisleri,0.186,0.308,-1,Echolocation,/mnt/ubna_data_01_mir/recover-20220811/UBNA_009/20220809_053000.WAV,Foliage,recover-20220811,009,1795
1122.3305,1122.348,23750.0,28518.0,Nyctalus leisleri,0.241,0.369,-1,Echolocation,/mnt/ubna_data_01_mir/recover-20220811/UBNA_009/20220809_053000.WAV,Foliage,recover-20220811,009,1795
1122.3915,1122.4077,26328.0,30648.0,Nyctalus leisleri,0.107,0.206,-1,Echolocation,/mnt/ubna_data_01_mir/recover-20220811/UBNA_009/20220809_053000.WAV,Foliage,recover-20220811,009,1795
1122.5285,1122.5422,25468.0,30916.0,Nyctalus leisleri,0.143,0.276,-1,Echolocation,/mnt/ubna_data_01_mir/recover-20220811/UBNA_009/20220809_053000.WAV,Foliage,recover-20220811,009,1795
1122.5695,1122.5917,23750.0,27616.0,Nyctalus leisleri,0.111,0.23,-1,Echolocation,/mnt/ubna_data_01_mir/recover-20220811/UBNA_009/20220809_053000.WAV,Foliage,recover-20220811,009,1795
1122.6435,1122.6573,26328.0,30914.0,Nyctalus leisleri,0.268,0.391,-1,Echolocation,/mnt/ubna_data_01_mir/recover-20220811/UBNA_009/20220809_053000.WAV,Foliage,recover-20220811,009,1795
1122.7485,1122.7634,27187.0,32069.0,Nyctalus leisleri,0.125,0.251,-1,Echolocation,/mnt/ubna_data_01_mir/recover-20220811/UBNA_009/20220809_053000.WAV,Foliage,recover-20220811,009,1795
1123.4275,1123.443,25468.0,31022.0,Nyctalus leisleri,0.269,0.431,-1,Echolocation,/mnt/ubna_data_01_mir/recover-20220811/UBNA_009/20220809_053000.WAV,Foliage,recover-20220811,009,1795
1123.5785,1123.5947,25468.0,29675.0,Nyctalus leisleri,0.357,0.487,-1,Echolocation,/mnt/ubna_data_01_mir/recover-20220811/UBNA_009/20220809_053000.WAV,Foliage,recover-20220811,009,1795
1123.7095,1123.7285,24609.0,29543.0,Nyctalus leisleri,0.291,0.431,-1,Echolocation,/mnt/ubna_data_01_mir/recover-20220811/UBNA_009/20220809_053000.WAV,Foliage,recover-20220811,009,1795
1123.8495,1123.8634,25468.0,31479.0,Nyctalus leisleri,0.389,0.588,-1,Echolocation,/mnt/ubna_data_01_mir/recover-20220811/UBNA_009/20220809_053000.WAV,Foliage,recover-20220811,009,1795
1124.0855,1124.1072,24609.0,29538.0,Nyctalus leisleri,0.118,0.229,-1,Echolocation,/mnt/ubna_data_01_mir/recover-20220811/UBNA_009/20220809_053000.WAV,Foliage,recover-20220811,009,1795
1124.2355,1124.2504,24609.0,28271.0,Nyctalus leisleri,0.322,0.426,-1,Echolocation,/mnt/ubna_data_01_mir/recover-20220811/UBNA_009/20220809_053000.WAV,Foliage,recover-20220811,009,1795
1124.4775,1124.4927,24609.0,28704.0,Nyctalus leisleri,0.303,0.463,-1,Echolocation,/mnt/ubna_data_01_mir/recover-20220811/UBNA_009/20220809_053000.WAV,Foliage,recover-20220811,009,1795
1124.6235,1124.6407,24609.0,29112.0,Nyctalus leisleri,0.293,0.461,-1,Echolocation,/mnt/ubna_data_01_mir/recover-20220811/UBNA_009/20220809_053000.WAV,Foliage,recover-20220811,009,1795
1124.8675,1124.8905,23750.0,28347.0,Nyctalus leisleri,0.141,0.291,-1,Echolocation,/mnt/ubna_data_01_mir/recover-20220811/UBNA_009/20220809_053000.WAV,Foliage,recover-20220811,009,1795
1125.3565,1125.3747,23750.0,28892.0,Nyctalus leisleri,0.202,0.359,-1,Echolocation,/mnt/ubna_data_01_mir/recover-20220811/UBNA_009/20220809_053000.WAV,Foliage,recover-20220811,009,1795
1125.8155,1125.837,24609.0,28279.0,Nyctalus leisleri,0.288,0.365,-1,Echolocation,/mnt/ubna_data_01_mir/recover-20220811/UBNA_009/20220809_053000.WAV,Foliage,recover-20220811,009,1795
1126.0415,1126.064,24609.0,28633.0,Nyctalus leisleri,0.199,0.338,-1,Echolocation,/mnt/ubna_data_01_mir/recover-20220811/UBNA_009/20220809_053000.WAV,Foliage,recover-20220811,009,1795
1126.2855,1126.3013,24609.0,30040.0,Nyctalus leisleri,0.254,0.423,-1,Echolocation,/mnt/ubna_data_01_mir/recover-20220811/UBNA_009/20220809_053000.WAV,Foliage,recover-20220811,009,1795
1126.5255,1126.5463,24609.0,29162.0,Nyctalus leisleri,0.262,0.385,-1,Echolocation,/mnt/ubna_data_01_mir/recover-20220811/UBNA_009/20220809_053000.WAV,Foliage,recover-20220811,009,1795
1126.7685,1126.7805,25468.0,32256.0,Nyctalus leisleri,0.273,0.503,-1,Echolocation,/mnt/ubna_data_01_mir/recover-20220811/UBNA_009/20220809_053000.WAV,Foliage,recover-20220811,009,1795
1126.9875,1127.0019,24609.0,31715.0,Eptesicus serotinus,0.26,0.527,-1,Echolocation,/mnt/ubna_data_01_mir/recover-20220811/UBNA_009/20220809_053000.WAV,Foliage,recover-20220811,009,1795
1127.2205,1127.2333,25468.0,30495.0,Nyctalus leisleri,0.271,0.493,-1,Echolocation,/mnt/ubna_data_01_mir/recover-20220811/UBNA_009/20220809_053000.WAV,Foliage,recover-20220811,009,1795
1127.3565,1127.3685,24609.0,30615.0,Eptesicus serotinus,0.252,0.478,-1,Echolocation,/mnt/ubna_data_01_mir/recover-20220811/UBNA_009/20220809_053000.WAV,Foliage,recover-20220811,009,1795
1127.5915,1127.6035,25468.0,31278.0,Nyctalus leisleri,0.317,0.52,-1,Echolocation,/mnt/ubna_data_01_mir/recover-20220811/UBNA_009/20220809_053000.WAV,Foliage,recover-20220811,009,1795
1127.8515,1127.8677,24609.0,30022.0,Nyctalus leisleri,0.187,0.352,-1,Echolocation,/mnt/ubna_data_01_mir/recover-20220811/UBNA_009/20220809_053000.WAV,Foliage,recover-20220811,009,1795
1128.1355,1128.1482,26328.0,33975.0,Eptesicus serotinus,0.195,0.324,-1,Echolocation,/mnt/ubna_data_01_mir/recover-20220811/UBNA_009/20220809_053000.WAV,Foliage,recover-20220811,009,1795
1128.1785,1128.1945,24609.0,31689.0,Nyctalus leisleri,0.231,0.505,-1,Echolocation,/mnt/ubna_data_01_mir/recover-20220811/UBNA_009/20220809_053000.WAV,Foliage,recover-20220811,009,1795
1128.3505,1128.3639,25468.0,32590.0,Eptesicus serotinus,0.222,0.451,-1,Echolocation,/mnt/ubna_data_01_mir/recover-20220811/UBNA_009/20220809_053000.WAV,Foliage,recover-20220811,009,1795
1128.3995,1128.413,28906.0,33718.0,Nyctalus leisleri,0.155,0.256,-1,Echolocation,/mnt/ubna_data_01_mir/recover-20220811/UBNA_009/20220809_053000.WAV,Foliage,recover-20220811,009,1795
1128.5345,1128.5505,25468.0,31591.0,Nyctalus leisleri,0.3,0.512,-1,Echolocation,/mnt/ubna_data_01_mir/recover-20220811/UBNA_009/20220809_053000.WAV,Foliage,recover-20220811,009,1795
1128.8045,1128.8201,24609.0,29600.0,Nyctalus leisleri,0.397,0.54,-1,Echolocation,/mnt/ubna_data_01_mir/recover-20220811/UBNA_009/20220809_053000.WAV,Foliage,recover-20220811,009,1795
1128.9505,1128.965,24609.0,29333.0,Nyctalus leisleri,0.331,0.499,-1,Echolocation,/mnt/ubna_data_01_mir/recover-20220811/UBNA_009/20220809_053000.WAV,Foliage,recover-20220811,009,1795
1129.0625,1129.0752,25468.0,31616.0,Eptesicus serotinus,0.112,0.232,-1,Echolocation,/mnt/ubna_data_01_mir/recover-20220811/UBNA_009/20220809_053000.WAV,Foliage,recover-20220811,009,1795
1129.2265,1129.2449,24609.0,28979.0,Nyctalus leisleri,0.26,0.406,-1,Echolocation,/mnt/ubna_data_01_mir/recover-20220811/UBNA_009/20220809_053000.WAV,Foliage,recover-20220811,009,1795
1129.4615,1129.4744,25468.0,30650.0,Nyctalus leisleri,0.172,0.302,-1,Echolocation,/mnt/ubna_data_01_mir/recover-20220811/UBNA_009/20220809_053000.WAV,Foliage,recover-20220811,009,1795
1129.4795,1129.4968,24609.0,28890.0,Nyctalus leisleri,0.212,0.306,-1,Echolocation,/mnt/ubna_data_01_mir/recover-20220811/UBNA_009/20220809_053000.WAV,Foliage,recover-20220811,009,1795
1129.6285,1129.6458,24609.0,28898.0,Nyctalus leisleri,0.253,0.391,-1,Echolocation,/mnt/ubna_data_01_mir/recover-20220811/UBNA_009/20220809_053000.WAV,Foliage,recover-20220811,009,1795
1129.8895,1129.9054,24609.0,29761.0,Nyctalus leisleri,0.381,0.495,-1,Echolocation,/mnt/ubna_data_01_mir/recover-20220811/UBNA_009/20220809_053000.WAV,Foliage,recover-20220811,009,1795
1130.0465,1130.06,24609.0,28973.0,Nyctalus leisleri,0.177,0.303,-1,Echolocation,/mnt/ubna_data_01_mir/recover-20220811/UBNA_009/20220809_053000.WAV,Foliage,recover-20220811,009,1795
1130.3055,1130.3239,24609.0,29255.0,Nyctalus leisleri,0.26,0.377,-1,Echolocation,/mnt/ubna_data_01_mir/recover-20220811/UBNA_009/20220809_053000.WAV,Foliage,recover-20220811,009,1795
1130.4355,1130.4492,26328.0,32353.0,Nyctalus leisleri,0.107,0.225,-1,Echolocation,/mnt/ubna_data_01_mir/recover-20220811/UBNA_009/20220809_053000.WAV,Foliage,recover-20220811,009,1795
1130.5765,1130.5905,25468.0,30676.0,Nyctalus leisleri,0.133,0.288,-1,Echolocation,/mnt/ubna_data_01_mir/recover-20220811/UBNA_009/20220809_053000.WAV,Foliage,recover-20220811,009,1795
1130.8335,1130.8537,24609.0,28056.0,Nyctalus leisleri,0.315,0.41,-1,Echolocation,/mnt/ubna_data_01_mir/recover-20220811/UBNA_009/20220809_053000.WAV,Foliage,recover-20220811,009,1795
1131.2505,1131.2695,24609.0,28087.0,Nyctalus leisleri,0.256,0.348,-1,Echolocation,/mnt/ubna_data_01_mir/recover-20220811/UBNA_009/20220809_053000.WAV,Foliage,recover-20220811,009,1795
1131.4095,1131.4338,23750.0,27950.0,Nyctalus leisleri,0.127,0.217,-1,Echolocation,/mnt/ubna_data_01_mir/recover-20220811/UBNA_009/20220809_053000.WAV,Foliage,recover-20220811,009,1795
1131.5415,1131.5569,24609.0,29436.0,Nyctalus leisleri,0.258,0.396,-1,Echolocation,/mnt/ubna_data_01_mir/recover-20220811/UBNA_009/20220809_053000.WAV,Foliage,recover-20220811,009,1795
1131.8435,1131.8589,23750.0,28205.0,Nyctalus leisleri,0.241,0.404,-1,Echolocation,/mnt/ubna_data_01_mir/recover-20220811/UBNA_009/20220809_053000.WAV,Foliage,recover-20220811,009,1795
1132.1015,1132.1203,23750.0,33727.0,Eptesicus serotinus,0.299,0.495,-1,Echolocation,/mnt/ubna_data_01_mir/recover-20220811/UBNA_009/20220809_053000.WAV,Foliage,recover-20220811,009,1795
1132.3825,1132.3974,23750.0,28821.0,Nyctalus leisleri,0.21,0.383,-1,Echolocation,/mnt/ubna_data_01_mir/recover-20220811/UBNA_009/20220809_053000.WAV,Foliage,recover-20220811,009,1795
1132.6565,1132.6696,24609.0,29814.0,Nyctalus leisleri,0.281,0.508,-1,Echolocation,/mnt/ubna_data_01_mir/recover-20220811/UBNA_009/20220809_053000.WAV,Foliage,recover-20220811,009,1795
1133.0665,1133.0855999999999,23750.0,30484.0,Nyctalus leisleri,0.138,0.362,-1,Echolocation,/mnt/ubna_data_01_mir/recover-20220811/UBNA_009/20220809_053000.WAV,Foliage,recover-20220811,009,1795
1133.3325,1133.3488,22890.0,27896.0,Nyctalus leisleri,0.256,0.474,-1,Echolocation,/mnt/ubna_data_01_mir/recover-20220811/UBNA_009/20220809_053000.WAV,Foliage,recover-20220811,009,1795
1133.6075,1133.6239,25468.0,30260.0,Nyctalus leisleri,0.171,0.305,-1,Echolocation,/mnt/ubna_data_01_mir/recover-20220811/UBNA_009/20220809_053000.WAV,Foliage,recover-20220811,009,1795
1133.6975,1133.7178,22890.0,28716.0,Nyctalus noctula,0.187,0.433,-1,Echolocation,/mnt/ubna_data_01_mir/recover-20220811/UBNA_009/20220809_053000.WAV,Foliage,recover-20220811,009,1795
1133.8735,1133.8899,25468.0,29922.0,Nyctalus leisleri,0.114,0.216,-1,Echolocation,/mnt/ubna_data_01_mir/recover-20220811/UBNA_009/20220809_053000.WAV,Foliage,recover-20220811,009,1795
1133.9715,1133.9928,23750.0,27958.0,Nyctalus leisleri,0.192,0.304,-1,Echolocation,/mnt/ubna_data_01_mir/recover-20220811/UBNA_009/20220809_053000.WAV,Foliage,recover-20220811,009,1795
1134.1545,1134.1698,26328.0,30875.0,Nyctalus leisleri,0.28,0.39,-1,Echolocation,/mnt/ubna_data_01_mir/recover-20220811/UBNA_009/20220809_053000.WAV,Foliage,recover-20220811,009,1795
1134.5805,1134.5979,26328.0,30223.0,Nyctalus leisleri,0.124,0.211,-1,Echolocation,/mnt/ubna_data_01_mir/recover-20220811/UBNA_009/20220809_053000.WAV,Foliage,recover-20220811,009,1795
1134.8205,1134.8374,25468.0,30744.0,Eptesicus serotinus,0.117,0.264,-1,Echolocation,/mnt/ubna_data_01_mir/recover-20220811/UBNA_009/20220809_053000.WAV,Foliage,recover-20220811,009,1795
1134.9855,1135.0086000000001,23750.0,28020.0,Nyctalus leisleri,0.168,0.28,-1,Echolocation,/mnt/ubna_data_01_mir/recover-20220811/UBNA_009/20220809_053000.WAV,Foliage,recover-20220811,009,1795
1135.0715,1135.087,25468.0,30330.0,Nyctalus leisleri,0.305,0.442,-1,Echolocation,/mnt/ubna_data_01_mir/recover-20220811/UBNA_009/20220809_053000.WAV,Foliage,recover-20220811,009,1795
1135.2175,1135.2396,24609.0,29955.0,Nyctalus leisleri,0.145,0.258,-1,Echolocation,/mnt/ubna_data_01_mir/recover-20220811/UBNA_009/20220809_053000.WAV,Foliage,recover-20220811,009,1795
1135.4515,1135.4716,24609.0,28567.0,Nyctalus leisleri,0.306,0.387,-1,Echolocation,/mnt/ubna_data_01_mir/recover-20220811/UBNA_009/20220809_053000.WAV,Foliage,recover-20220811,009,1795
1135.6975,1135.7113,24609.0,31882.0,Nyctalus leisleri,0.191,0.44,-1,Echolocation,/mnt/ubna_data_01_mir/recover-20220811/UBNA_009/20220809_053000.WAV,Foliage,recover-20220811,009,1795
1135.8295,1135.8452,25468.0,30413.0,Nyctalus leisleri,0.319,0.468,-1,Echolocation,/mnt/ubna_data_01_mir/recover-20220811/UBNA_009/20220809_053000.WAV,Foliage,recover-20220811,009,1795
1135.9395,1135.9529,23750.0,33817.0,Eptesicus serotinus,0.396,0.591,-1,Echolocation,/mnt/ubna_data_01_mir/recover-20220811/UBNA_009/20220809_053000.WAV,Foliage,recover-20220811,009,1795
1136.0775,1136.092,23750.0,31135.0,Eptesicus serotinus,0.242,0.563,-1,Echolocation,/mnt/ubna_data_01_mir/recover-20220811/UBNA_009/20220809_053000.WAV,Foliage,recover-20220811,009,1795
1136.2275,1136.2421,25468.0,30131.0,Nyctalus leisleri,0.408,0.523,-1,Echolocation,/mnt/ubna_data_01_mir/recover-20220811/UBNA_009/20220809_053000.WAV,Foliage,recover-20220811,009,1795
1136.3205,1136.3363,23750.0,28383.0,Nyctalus leisleri,0.249,0.408,-1,Echolocation,/mnt/ubna_data_01_mir/recover-20220811/UBNA_009/20220809_053000.WAV,Foliage,recover-20220811,009,1795
1136.5695,1136.5847,22890.0,31813.0,Eptesicus serotinus,0.267,0.556,-1,Echolocation,/mnt/ubna_data_01_mir/recover-20220811/UBNA_009/20220809_053000.WAV,Foliage,recover-20220811,009,1795
1136.6145,1136.6312,26328.0,29972.0,Nyctalus leisleri,0.227,0.331,-1,Echolocation,/mnt/ubna_data_01_mir/recover-20220811/UBNA_009/20220809_053000.WAV,Foliage,recover-20220811,009,1795
1136.7065,1136.7212,23750.0,32132.0,Eptesicus serotinus,0.285,0.548,-1,Echolocation,/mnt/ubna_data_01_mir/recover-20220811/UBNA_009/20220809_053000.WAV,Foliage,recover-20220811,009,1795
1136.8505,1136.8714,22890.0,28960.0,Nyctalus noctula,0.197,0.442,-1,Echolocation,/mnt/ubna_data_01_mir/recover-20220811/UBNA_009/20220809_053000.WAV,Foliage,recover-20220811,009,1795
1137.0215,1137.0359,25468.0,29424.0,Nyctalus leisleri,0.275,0.386,-1,Echolocation,/mnt/ubna_data_01_mir/recover-20220811/UBNA_009/20220809_053000.WAV,Foliage,recover-20220811,009,1795
1137.1005,1137.1199,23750.0,27092.0,Nyctalus leisleri,0.213,0.299,-1,Echolocation,/mnt/ubna_data_01_mir/recover-20220811/UBNA_009/20220809_053000.WAV,Foliage,recover-20220811,009,1795
1137.3405,1137.3536,23750.0,33192.0,Eptesicus serotinus,0.334,0.603,-1,Echolocation,/mnt/ubna_data_01_mir/recover-20220811/UBNA_009/20220809_053000.WAV,Foliage,recover-20220811,009,1795
1137.4825,1137.4959,24609.0,30878.0,Nyctalus leisleri,0.225,0.515,-1,Echolocation,/mnt/ubna_data_01_mir/recover-20220811/UBNA_009/20220809_053000.WAV,Foliage,recover-20220811,009,1795
1137.5535,1137.5689,25468.0,30114.0,Nyctalus leisleri,0.126,0.243,-1,Echolocation,/mnt/ubna_data_01_mir/recover-20220811/UBNA_009/20220809_053000.WAV,Foliage,recover-20220811,009,1795
1137.7245,1137.7389,24609.0,29709.0,Nyctalus leisleri,0.277,0.441,-1,Echolocation,/mnt/ubna_data_01_mir/recover-20220811/UBNA_009/20220809_053000.WAV,Foliage,recover-20220811,009,1795
1138.1135,1138.1283,23750.0,30555.0,Eptesicus serotinus,0.121,0.281,-1,Echolocation,/mnt/ubna_data_01_mir/recover-20220811/UBNA_009/20220809_053000.WAV,Foliage,recover-20220811,009,1795
1138.2515,1138.2632,24609.0,31582.0,Eptesicus serotinus,0.246,0.431,-1,Echolocation,/mnt/ubna_data_01_mir/recover-20220811/UBNA_009/20220809_053000.WAV,Foliage,recover-20220811,009,1795
1138.3755,1138.3899,24609.0,32581.0,Nyctalus leisleri,0.253,0.486,-1,Echolocation,/mnt/ubna_data_01_mir/recover-20220811/UBNA_009/20220809_053000.WAV,Foliage,recover-20220811,009,1795
1138.5095,1138.5202,23750.0,30439.0,Eptesicus serotinus,0.231,0.505,-1,Echolocation,/mnt/ubna_data_01_mir/recover-20220811/UBNA_009/20220809_053000.WAV,Foliage,recover-20220811,009,1795
1138.6275,1138.6436,24609.0,30369.0,Nyctalus leisleri,0.109,0.228,-1,Echolocation,/mnt/ubna_data_01_mir/recover-20220811/UBNA_009/20220809_053000.WAV,Foliage,recover-20220811,009,1795
1138.7455,1138.7572,25468.0,32036.0,Eptesicus serotinus,0.206,0.389,-1,Echolocation,/mnt/ubna_data_01_mir/recover-20220811/UBNA_009/20220809_053000.WAV,Foliage,recover-20220811,009,1795
1138.8855,1138.9017,23750.0,28004.0,Nyctalus leisleri,0.27,0.436,-1,Echolocation,/mnt/ubna_data_01_mir/recover-20220811/UBNA_009/20220809_053000.WAV,Foliage,recover-20220811,009,1795
1139.0165,1139.0278,25468.0,31379.0,Nyctalus leisleri,0.319,0.52,-1,Echolocation,/mnt/ubna_data_01_mir/recover-20220811/UBNA_009/20220809_053000.WAV,Foliage,recover-20220811,009,1795
1139.3955,1139.4064,24609.0,32536.0,Eptesicus serotinus,0.311,0.555,-1,Echolocation,/mnt/ubna_data_01_mir/recover-20220811/UBNA_009/20220809_053000.WAV,Foliage,recover-20220811,009,1795
1139.5345,1139.5459,23750.0,29877.0,Nyctalus leisleri,0.223,0.528,-1,Echolocation,/mnt/ubna_data_01_mir/recover-20220811/UBNA_009/20220809_053000.WAV,Foliage,recover-20220811,009,1795
1139.7895,1139.799,23750.0,30652.0,Eptesicus serotinus,0.24,0.474,-1,Echolocation,/mnt/ubna_data_01_mir/recover-20220811/UBNA_009/20220809_053000.WAV,Foliage,recover-20220811,009,1795
1143.5055,1143.5177,26328.0,30712.0,Nyctalus leisleri,0.151,0.328,-1,Echolocation,/mnt/ubna_data_01_mir/recover-20220811/UBNA_009/20220809_053000.WAV,Foliage,recover-20220811,009,1795
1143.6355,1143.65,26328.0,30950.0,Nyctalus leisleri,0.138,0.253,-1,Echolocation,/mnt/ubna_data_01_mir/recover-20220811/UBNA_009/20220809_053000.WAV,Foliage,recover-20220811,009,1795
1143.7235,1143.739,26328.0,31039.0,Eptesicus serotinus,0.123,0.214,-1,Echolocation,/mnt/ubna_data_01_mir/recover-20220811/UBNA_009/20220809_053000.WAV,Foliage,recover-20220811,009,1795
1143.8795,1143.8961,25468.0,29416.0,Nyctalus leisleri,0.16,0.256,-1,Echolocation,/mnt/ubna_data_01_mir/recover-20220811/UBNA_009/20220809_053000.WAV,Foliage,recover-20220811,009,1795
1144.0175,1144.0331,25468.0,30970.0,Eptesicus serotinus,0.139,0.305,-1,Echolocation,/mnt/ubna_data_01_mir/recover-20220811/UBNA_009/20220809_053000.WAV,Foliage,recover-20220811,009,1795
1145.0985,1145.1204,23750.0,28540.0,Nyctalus leisleri,0.158,0.294,-1,Echolocation,/mnt/ubna_data_01_mir/recover-20220811/UBNA_009/20220809_053000.WAV,Foliage,recover-20220811,009,1795
1145.4525,1145.4715,25468.0,29263.0,Nyctalus leisleri,0.21,0.309,-1,Echolocation,/mnt/ubna_data_01_mir/recover-20220811/UBNA_009/20220809_053000.WAV,Foliage,recover-20220811,009,1795
1145.4985,1145.5182,23750.0,27962.0,Nyctalus leisleri,0.082,0.207,-1,Echolocation,/mnt/ubna_data_01_mir/recover-20220811/UBNA_009/20220809_053000.WAV,Foliage,recover-20220811,009,1795
1146.1605,1146.1801,23750.0,29638.0,Nyctalus leisleri,0.222,0.396,-1,Echolocation,/mnt/ubna_data_01_mir/recover-20220811/UBNA_009/20220809_053000.WAV,Foliage,recover-20220811,009,1795
1146.2255,1146.2455,26328.0,29807.0,Nyctalus leisleri,0.158,0.232,-1,Echolocation,/mnt/ubna_data_01_mir/recover-20220811/UBNA_009/20220809_053000.WAV,Foliage,recover-20220811,009,1795
1146.5295,1146.545,25468.0,30364.0,Nyctalus leisleri,0.135,0.257,-1,Echolocation,/mnt/ubna_data_01_mir/recover-20220811/UBNA_009/20220809_053000.WAV,Foliage,recover-20220811,009,1795
1146.5885,1146.61,23750.0,27293.0,Nyctalus leisleri,0.2,0.267,-1,Echolocation,/mnt/ubna_data_01_mir/recover-20220811/UBNA_009/20220809_053000.WAV,Foliage,recover-20220811,009,1795
1146.6905,1146.7031,25468.0,29684.0,Nyctalus leisleri,0.276,0.42,-1,Echolocation,/mnt/ubna_data_01_mir/recover-20220811/UBNA_009/20220809_053000.WAV,Foliage,recover-20220811,009,1795
1147.0665,1147.0821,24609.0,30602.0,Nyctalus leisleri,0.264,0.458,-1,Echolocation,/mnt/ubna_data_01_mir/recover-20220811/UBNA_009/20220809_053000.WAV,Foliage,recover-20220811,009,1795
1147.7025,1147.7176,26328.0,30989.0,Nyctalus leisleri,0.236,0.349,-1,Echolocation,/mnt/ubna_data_01_mir/recover-20220811/UBNA_009/20220809_053000.WAV,Foliage,recover-20220811,009,1795
1148.1035,1148.1173,25468.0,30091.0,Nyctalus leisleri,0.171,0.315,-1,Echolocation,/mnt/ubna_data_01_mir/recover-20220811/UBNA_009/20220809_053000.WAV,Foliage,recover-20220811,009,1795
1148.2605,1148.2751,25468.0,29950.0,Nyctalus leisleri,0.214,0.342,-1,Echolocation,/mnt/ubna_data_01_mir/recover-20220811/UBNA_009/20220809_053000.WAV,Foliage,recover-20220811,009,1795
1148.6295,1148.6488,25468.0,30557.0,Nyctalus leisleri,0.192,0.335,-1,Echolocation,/mnt/ubna_data_01_mir/recover-20220811/UBNA_009/20220809_053000.WAV,Foliage,recover-20220811,009,1795
1149.4055,1149.4222,23750.0,28316.0,Nyctalus leisleri,0.263,0.395,-1,Echolocation,/mnt/ubna_data_01_mir/recover-20220811/UBNA_009/20220809_053000.WAV,Foliage,recover-20220811,009,1795
1150.9925,1151.0094,24609.0,28972.0,Nyctalus leisleri,0.275,0.402,-1,Echolocation,/mnt/ubna_data_01_mir/recover-20220811/UBNA_009/20220809_053000.WAV,Foliage,recover-20220811,009,1795
1151.7035,1151.7172,25468.0,31559.0,Nyctalus leisleri,0.199,0.349,-1,Echolocation,/mnt/ubna_data_01_mir/recover-20220811/UBNA_009/20220809_053000.WAV,Foliage,recover-20220811,009,1795
1151.8675,1151.8834,25468.0,30468.0,Nyctalus leisleri,0.191,0.333,-1,Echolocation,/mnt/ubna_data_01_mir/recover-20220811/UBNA_009/20220809_053000.WAV,Foliage,recover-20220811,009,1795
1152.3945,1152.4086,25468.0,29296.0,Nyctalus leisleri,0.142,0.262,-1,Echolocation,/mnt/ubna_data_01_mir/recover-20220811/UBNA_009/20220809_053000.WAV,Foliage,recover-20220811,009,1795
1155.9715,1155.9884,25468.0,29460.0,Nyctalus leisleri,0.14,0.233,-1,Echolocation,/mnt/ubna_data_01_mir/recover-20220811/UBNA_009/20220809_053000.WAV,Foliage,recover-20220811,009,1795
1156.1085,1156.1238,25468.0,28943.0,Nyctalus leisleri,0.195,0.314,-1,Echolocation,/mnt/ubna_data_01_mir/recover-20220811/UBNA_009/20220809_053000.WAV,Foliage,recover-20220811,009,1795
1156.3655,1156.3805,25468.0,29490.0,Nyctalus leisleri,0.248,0.357,-1,Echolocation,/mnt/ubna_data_01_mir/recover-20220811/UBNA_009/20220809_053000.WAV,Foliage,recover-20220811,009,1795
1156.5115,1156.5259,25468.0,29170.0,Nyctalus leisleri,0.302,0.408,-1,Echolocation,/mnt/ubna_data_01_mir/recover-20220811/UBNA_009/20220809_053000.WAV,Foliage,recover-20220811,009,1795
1156.7695,1156.7873,24609.0,29445.0,Nyctalus leisleri,0.212,0.348,-1,Echolocation,/mnt/ubna_data_01_mir/recover-20220811/UBNA_009/20220809_053000.WAV,Foliage,recover-20220811,009,1795
1156.9175,1156.9347,25468.0,29363.0,Nyctalus leisleri,0.327,0.44,-1,Echolocation,/mnt/ubna_data_01_mir/recover-20220811/UBNA_009/20220809_053000.WAV,Foliage,recover-20220811,009,1795
1157.1635,1157.1805,25468.0,30096.0,Nyctalus leisleri,0.39,0.514,-1,Echolocation,/mnt/ubna_data_01_mir/recover-20220811/UBNA_009/20220809_053000.WAV,Foliage,recover-20220811,009,1795
1157.3205,1157.3366,24609.0,32643.0,Eptesicus serotinus,0.253,0.497,-1,Echolocation,/mnt/ubna_data_01_mir/recover-20220811/UBNA_009/20220809_053000.WAV,Foliage,recover-20220811,009,1795
1157.5715,1157.5881,23750.0,29624.0,Nyctalus leisleri,0.356,0.544,-1,Echolocation,/mnt/ubna_data_01_mir/recover-20220811/UBNA_009/20220809_053000.WAV,Foliage,recover-20220811,009,1795
1157.7305,1157.7455,25468.0,31132.0,Nyctalus leisleri,0.413,0.599,-1,Echolocation,/mnt/ubna_data_01_mir/recover-20220811/UBNA_009/20220809_053000.WAV,Foliage,recover-20220811,009,1795
1157.8945,1157.909,25468.0,31108.0,Nyctalus leisleri,0.306,0.494,-1,Echolocation,/mnt/ubna_data_01_mir/recover-20220811/UBNA_009/20220809_053000.WAV,Foliage,recover-20220811,009,1795
1158.1325,1158.1476,24609.0,29745.0,Nyctalus leisleri,0.441,0.557,-1,Echolocation,/mnt/ubna_data_01_mir/recover-20220811/UBNA_009/20220809_053000.WAV,Foliage,recover-20220811,009,1795
1158.2675,1158.2822,25468.0,29838.0,Nyctalus leisleri,0.503,0.597,-1,Echolocation,/mnt/ubna_data_01_mir/recover-20220811/UBNA_009/20220809_053000.WAV,Foliage,recover-20220811,009,1795
1158.6145,1158.6302,24609.0,29236.0,Nyctalus leisleri,0.259,0.401,-1,Echolocation,/mnt/ubna_data_01_mir/recover-20220811/UBNA_009/20220809_053000.WAV,Foliage,recover-20220811,009,1795
1159.0125,1159.0312,25468.0,30242.0,Nyctalus leisleri,0.179,0.34,-1,Echolocation,/mnt/ubna_data_01_mir/recover-20220811/UBNA_009/20220809_053000.WAV,Foliage,recover-20220811,009,1795
1159.2225,1159.2421,26328.0,30810.0,Nyctalus leisleri,0.184,0.271,-1,Echolocation,/mnt/ubna_data_01_mir/recover-20220811/UBNA_009/20220809_053000.WAV,Foliage,recover-20220811,009,1795
1159.7185,1159.7336,25468.0,29574.0,Nyctalus leisleri,0.439,0.524,-1,Echolocation,/mnt/ubna_data_01_mir/recover-20220811/UBNA_009/20220809_053000.WAV,Foliage,recover-20220811,009,1795
1159.8615,1159.8747,24609.0,29595.0,Nyctalus leisleri,0.198,0.348,-1,Echolocation,/mnt/ubna_data_01_mir/recover-20220811/UBNA_009/20220809_053000.WAV,Foliage,recover-20220811,009,1795
1160.2225,1160.239,23750.0,28667.0,Nyctalus leisleri,0.371,0.503,-1,Echolocation,/mnt/ubna_data_01_mir/recover-20220811/UBNA_009/20220809_053000.WAV,Foliage,recover-20220811,009,1795
1160.3765,1160.3989,24609.0,28040.0,Nyctalus leisleri,0.17,0.251,-1,Echolocation,/mnt/ubna_data_01_mir/recover-20220811/UBNA_009/20220809_053000.WAV,Foliage,recover-20220811,009,1795
1160.5215,1160.5373,25468.0,29625.0,Nyctalus leisleri,0.408,0.543,-1,Echolocation,/mnt/ubna_data_01_mir/recover-20220811/UBNA_009/20220809_053000.WAV,Foliage,recover-20220811,009,1795
1160.7885,1160.8061,24609.0,29268.0,Nyctalus leisleri,0.113,0.23,-1,Echolocation,/mnt/ubna_data_01_mir/recover-20220811/UBNA_009/20220809_053000.WAV,Foliage,recover-20220811,009,1795
1161.1475,1161.1649,24609.0,28349.0,Nyctalus leisleri,0.215,0.341,-1,Echolocation,/mnt/ubna_data_01_mir/recover-20220811/UBNA_009/20220809_053000.WAV,Foliage,recover-20220811,009,1795
1161.6655,1161.6792,25468.0,30425.0,Nyctalus leisleri,0.197,0.346,-1,Echolocation,/mnt/ubna_data_01_mir/recover-20220811/UBNA_009/20220809_053000.WAV,Foliage,recover-20220811,009,1795
1162.9375,1162.9528,24609.0,29886.0,Nyctalus leisleri,0.191,0.325,-1,Echolocation,/mnt/ubna_data_01_mir/recover-20220811/UBNA_009/20220809_053000.WAV,Foliage,recover-20220811,009,1795
1163.1945,1163.2154,24609.0,28113.0,Nyctalus leisleri,0.153,0.242,-1,Echolocation,/mnt/ubna_data_01_mir/recover-20220811/UBNA_009/20220809_053000.WAV,Foliage,recover-20220811,009,1795
1163.3545,1163.3735,25468.0,29287.0,Nyctalus leisleri,0.316,0.422,-1,Echolocation,/mnt/ubna_data_01_mir/recover-20220811/UBNA_009/20220809_053000.WAV,Foliage,recover-20220811,009,1795
1163.6285,1163.6498,23750.0,28562.0,Nyctalus leisleri,0.312,0.429,-1,Echolocation,/mnt/ubna_data_01_mir/recover-20220811/UBNA_009/20220809_053000.WAV,Foliage,recover-20220811,009,1795
1163.7925,1163.8176,23750.0,27843.0,Nyctalus leisleri,0.126,0.228,-1,Echolocation,/mnt/ubna_data_01_mir/recover-20220811/UBNA_009/20220809_053000.WAV,Foliage,recover-20220811,009,1795
1164.8985,1164.9122,24609.0,29008.0,Nyctalus leisleri,0.394,0.549,-1,Echolocation,/mnt/ubna_data_01_mir/recover-20220811/UBNA_009/20220809_053000.WAV,Foliage,recover-20220811,009,1795
1165.0415,1165.0611,23750.0,28018.0,Nyctalus leisleri,0.394,0.495,-1,Echolocation,/mnt/ubna_data_01_mir/recover-20220811/UBNA_009/20220809_053000.WAV,Foliage,recover-20220811,009,1795
1165.2945,1165.3112,23750.0,28817.0,Nyctalus leisleri,0.404,0.543,-1,Echolocation,/mnt/ubna_data_01_mir/recover-20220811/UBNA_009/20220809_053000.WAV,Foliage,recover-20220811,009,1795
1165.5475,1165.5655,23750.0,28799.0,Nyctalus leisleri,0.354,0.511,-1,Echolocation,/mnt/ubna_data_01_mir/recover-20220811/UBNA_009/20220809_053000.WAV,Foliage,recover-20220811,009,1795
1165.7995,1165.8169,23750.0,28437.0,Nyctalus leisleri,0.497,0.594,-1,Echolocation,/mnt/ubna_data_01_mir/recover-20220811/UBNA_009/20220809_053000.WAV,Foliage,recover-20220811,009,1795
1166.1645,1166.1817,25468.0,29885.0,Nyctalus leisleri,0.42,0.523,-1,Echolocation,/mnt/ubna_data_01_mir/recover-20220811/UBNA_009/20220809_053000.WAV,Foliage,recover-20220811,009,1795
1166.3245,1166.3384,25468.0,30976.0,Nyctalus leisleri,0.315,0.524,-1,Echolocation,/mnt/ubna_data_01_mir/recover-20220811/UBNA_009/20220809_053000.WAV,Foliage,recover-20220811,009,1795
1166.5065,1166.527,24609.0,29920.0,Nyctalus leisleri,0.116,0.248,-1,Echolocation,/mnt/ubna_data_01_mir/recover-20220811/UBNA_009/20220809_053000.WAV,Foliage,recover-20220811,009,1795
1167.4635,1167.4784,24609.0,30722.0,Nyctalus leisleri,0.425,0.579,-1,Echolocation,/mnt/ubna_data_01_mir/recover-20220811/UBNA_009/20220809_053000.WAV,Foliage,recover-20220811,009,1795
1167.6005,1167.6136,24609.0,30161.0,Nyctalus leisleri,0.312,0.502,-1,Echolocation,/mnt/ubna_data_01_mir/recover-20220811/UBNA_009/20220809_053000.WAV,Foliage,recover-20220811,009,1795
1167.8465,1167.8626,24609.0,29843.0,Nyctalus leisleri,0.296,0.551,-1,Echolocation,/mnt/ubna_data_01_mir/recover-20220811/UBNA_009/20220809_053000.WAV,Foliage,recover-20220811,009,1795
1168.0145,1168.0308,24609.0,30656.0,Nyctalus leisleri,0.358,0.611,-1,Echolocation,/mnt/ubna_data_01_mir/recover-20220811/UBNA_009/20220809_053000.WAV,Foliage,recover-20220811,009,1795
1168.2295,1168.2453,24609.0,31169.0,Nyctalus leisleri,0.293,0.52,-1,Echolocation,/mnt/ubna_data_01_mir/recover-20220811/UBNA_009/20220809_053000.WAV,Foliage,recover-20220811,009,1795
1168.4075,1168.4221,24609.0,30352.0,Nyctalus leisleri,0.427,0.605,-1,Echolocation,/mnt/ubna_data_01_mir/recover-20220811/UBNA_009/20220809_053000.WAV,Foliage,recover-20220811,009,1795
1168.6105,1168.6299,24609.0,28996.0,Nyctalus leisleri,0.202,0.415,-1,Echolocation,/mnt/ubna_data_01_mir/recover-20220811/UBNA_009/20220809_053000.WAV,Foliage,recover-20220811,009,1795
1168.8555,1168.8739,23750.0,29205.0,Nyctalus leisleri,0.366,0.513,-1,Echolocation,/mnt/ubna_data_01_mir/recover-20220811/UBNA_009/20220809_053000.WAV,Foliage,recover-20220811,009,1795
1169.1065,1169.1272,22890.0,27388.0,Nyctalus leisleri,0.225,0.429,-1,Echolocation,/mnt/ubna_data_01_mir/recover-20220811/UBNA_009/20220809_053000.WAV,Foliage,recover-20220811,009,1795
1169.3535,1169.3754,23750.0,30311.0,Nyctalus noctula,0.141,0.386,-1,Echolocation,/mnt/ubna_data_01_mir/recover-20220811/UBNA_009/20220809_053000.WAV,Foliage,recover-20220811,009,1795
1169.5185,1169.5413,23750.0,28433.0,Nyctalus leisleri,0.148,0.289,-1,Echolocation,/mnt/ubna_data_01_mir/recover-20220811/UBNA_009/20220809_053000.WAV,Foliage,recover-20220811,009,1795
1169.7475,1169.7655,23750.0,28243.0,Nyctalus leisleri,0.206,0.349,-1,Echolocation,/mnt/ubna_data_01_mir/recover-20220811/UBNA_009/20220809_053000.WAV,Foliage,recover-20220811,009,1795
1170.0065,1170.0253,24609.0,27533.0,Nyctalus leisleri,0.336,0.369,-1,Echolocation,/mnt/ubna_data_01_mir/recover-20220811/UBNA_009/20220809_053000.WAV,Foliage,recover-20220811,009,1795
1170.9685,1170.9896,24609.0,28425.0,Nyctalus leisleri,0.263,0.339,-1,Echolocation,/mnt/ubna_data_01_mir/recover-20220811/UBNA_009/20220809_053000.WAV,Foliage,recover-20220811,009,1795
1172.4095,1172.4322,23750.0,28080.0,Nyctalus leisleri,0.178,0.283,-1,Echolocation,/mnt/ubna_data_01_mir/recover-20220811/UBNA_009/20220809_053000.WAV,Foliage,recover-20220811,009,1795
1172.8105,1172.8295,23750.0,27979.0,Nyctalus leisleri,0.171,0.286,-1,Echolocation,/mnt/ubna_data_01_mir/recover-20220811/UBNA_009/20220809_053000.WAV,Foliage,recover-20220811,009,1795
1173.3465,1173.3625,24609.0,28897.0,Nyctalus leisleri,0.368,0.51,-1,Echolocation,/mnt/ubna_data_01_mir/recover-20220811/UBNA_009/20220809_053000.WAV,Foliage,recover-20220811,009,1795
1173.5025,1173.5176,24609.0,30365.0,Nyctalus leisleri,0.356,0.523,-1,Echolocation,/mnt/ubna_data_01_mir/recover-20220811/UBNA_009/20220809_053000.WAV,Foliage,recover-20220811,009,1795
1175.6655,1175.6802,24609.0,29084.0,Nyctalus leisleri,0.229,0.353,-1,Echolocation,/mnt/ubna_data_01_mir/recover-20220811/UBNA_009/20220809_053000.WAV,Foliage,recover-20220811,009,1795
1175.7965,1175.8121,24609.0,29503.0,Nyctalus leisleri,0.287,0.471,-1,Echolocation,/mnt/ubna_data_01_mir/recover-20220811/UBNA_009/20220809_053000.WAV,Foliage,recover-20220811,009,1795
1175.9475,1175.9634,24609.0,29003.0,Nyctalus leisleri,0.367,0.521,-1,Echolocation,/mnt/ubna_data_01_mir/recover-20220811/UBNA_009/20220809_053000.WAV,Foliage,recover-20220811,009,1795
1176.1925,1176.2099,23750.0,29455.0,Nyctalus leisleri,0.36,0.529,-1,Echolocation,/mnt/ubna_data_01_mir/recover-20220811/UBNA_009/20220809_053000.WAV,Foliage,recover-20220811,009,1795
1176.3415,1176.3577,24609.0,29284.0,Nyctalus leisleri,0.229,0.386,-1,Echolocation,/mnt/ubna_data_01_mir/recover-20220811/UBNA_009/20220809_053000.WAV,Foliage,recover-20220811,009,1795
1176.5845,1176.6,24609.0,29506.0,Nyctalus leisleri,0.332,0.506,-1,Echolocation,/mnt/ubna_data_01_mir/recover-20220811/UBNA_009/20220809_053000.WAV,Foliage,recover-20220811,009,1795
1176.8405,1176.8566,24609.0,29109.0,Nyctalus leisleri,0.522,0.617,-1,Echolocation,/mnt/ubna_data_01_mir/recover-20220811/UBNA_009/20220809_053000.WAV,Foliage,recover-20220811,009,1795
1177.0025,1177.0194,24609.0,28490.0,Nyctalus leisleri,0.28,0.408,-1,Echolocation,/mnt/ubna_data_01_mir/recover-20220811/UBNA_009/20220809_053000.WAV,Foliage,recover-20220811,009,1795
1177.2405,1177.2574,24609.0,29258.0,Nyctalus leisleri,0.305,0.42,-1,Echolocation,/mnt/ubna_data_01_mir/recover-20220811/UBNA_009/20220809_053000.WAV,Foliage,recover-20220811,009,1795
1177.6315,1177.6525,23750.0,27680.0,Nyctalus leisleri,0.223,0.342,-1,Echolocation,/mnt/ubna_data_01_mir/recover-20220811/UBNA_009/20220809_053000.WAV,Foliage,recover-20220811,009,1795
1180.1125,1180.1275,25468.0,29414.0,Nyctalus leisleri,0.222,0.352,-1,Echolocation,/mnt/ubna_data_01_mir/recover-20220811/UBNA_009/20220809_053000.WAV,Foliage,recover-20220811,009,1795
1180.2435,1180.2593,24609.0,30496.0,Nyctalus leisleri,0.237,0.433,-1,Echolocation,/mnt/ubna_data_01_mir/recover-20220811/UBNA_009/20220809_053000.WAV,Foliage,recover-20220811,009,1795
1180.4865,1180.5028,24609.0,29195.0,Nyctalus leisleri,0.197,0.323,-1,Echolocation,/mnt/ubna_data_01_mir/recover-20220811/UBNA_009/20220809_053000.WAV,Foliage,recover-20220811,009,1795
1180.6215,1180.634,25468.0,32157.0,Nyctalus leisleri,0.208,0.421,-1,Echolocation,/mnt/ubna_data_01_mir/recover-20220811/UBNA_009/20220809_053000.WAV,Foliage,recover-20220811,009,1795
1181.0055,1181.021,25468.0,30047.0,Nyctalus leisleri,0.109,0.235,-1,Echolocation,/mnt/ubna_data_01_mir/recover-20220811/UBNA_009/20220809_053000.WAV,Foliage,recover-20220811,009,1795
1181.4735,1181.4882,25468.0,29979.0,Nyctalus leisleri,0.238,0.397,-1,Echolocation,/mnt/ubna_data_01_mir/recover-20220811/UBNA_009/20220809_053000.WAV,Foliage,recover-20220811,009,1795
1181.6085,1181.6221,25468.0,33146.0,Eptesicus serotinus,0.224,0.46,-1,Echolocation,/mnt/ubna_data_01_mir/recover-20220811/UBNA_009/20220809_053000.WAV,Foliage,recover-20220811,009,1795
1181.8435,1181.8588,24609.0,28196.0,Nyctalus leisleri,0.301,0.442,-1,Echolocation,/mnt/ubna_data_01_mir/recover-20220811/UBNA_009/20220809_053000.WAV,Foliage,recover-20220811,009,1795
1182.3485,1182.3647,25468.0,30148.0,Nyctalus leisleri,0.267,0.349,-1,Echolocation,/mnt/ubna_data_01_mir/recover-20220811/UBNA_009/20220809_053000.WAV,Foliage,recover-20220811,009,1795
1182.8775,1182.8945,24609.0,28314.0,Nyctalus leisleri,0.171,0.304,-1,Echolocation,/mnt/ubna_data_01_mir/recover-20220811/UBNA_009/20220809_053000.WAV,Foliage,recover-20220811,009,1795
1183.1225,1183.1438,23750.0,27805.0,Nyctalus leisleri,0.272,0.378,-1,Echolocation,/mnt/ubna_data_01_mir/recover-20220811/UBNA_009/20220809_053000.WAV,Foliage,recover-20220811,009,1795
1183.3685,1183.3866,23750.0,29776.0,Nyctalus leisleri,0.328,0.489,-1,Echolocation,/mnt/ubna_data_01_mir/recover-20220811/UBNA_009/20220809_053000.WAV,Foliage,recover-20220811,009,1795
1183.5285,1183.5474,24609.0,27616.0,Nyctalus leisleri,0.275,0.399,-1,Echolocation,/mnt/ubna_data_01_mir/recover-20220811/UBNA_009/20220809_053000.WAV,Foliage,recover-20220811,009,1795
1183.7695,1183.7858,23750.0,28281.0,Nyctalus leisleri,0.341,0.459,-1,Echolocation,/mnt/ubna_data_01_mir/recover-20220811/UBNA_009/20220809_053000.WAV,Foliage,recover-20220811,009,1795
1183.9295,1183.9469,24609.0,27690.0,Nyctalus leisleri,0.42,0.493,-1,Echolocation,/mnt/ubna_data_01_mir/recover-20220811/UBNA_009/20220809_053000.WAV,Foliage,recover-20220811,009,1795
1184.1815,1184.2002,23750.0,28089.0,Nyctalus leisleri,0.264,0.388,-1,Echolocation,/mnt/ubna_data_01_mir/recover-20220811/UBNA_009/20220809_053000.WAV,Foliage,recover-20220811,009,1795
1184.5975,1184.615,23750.0,28348.0,Nyctalus leisleri,0.264,0.387,-1,Echolocation,/mnt/ubna_data_01_mir/recover-20220811/UBNA_009/20220809_053000.WAV,Foliage,recover-20220811,009,1795
1185.0105,1185.0305,23750.0,27605.0,Nyctalus leisleri,0.134,0.227,-1,Echolocation,/mnt/ubna_data_01_mir/recover-20220811/UBNA_009/20220809_053000.WAV,Foliage,recover-20220811,009,1795
1185.8415,1185.8651,23750.0,28429.0,Nyctalus leisleri,0.093,0.217,-1,Echolocation,/mnt/ubna_data_01_mir/recover-20220811/UBNA_009/20220809_053000.WAV,Foliage,recover-20220811,009,1795
1186.8605,1186.8822,24609.0,27830.0,Nyctalus leisleri,0.192,0.267,-1,Echolocation,/mnt/ubna_data_01_mir/recover-20220811/UBNA_009/20220809_053000.WAV,Foliage,recover-20220811,009,1795
1186.9855,1187.0045,24609.0,29730.0,Nyctalus leisleri,0.256,0.381,-1,Echolocation,/mnt/ubna_data_01_mir/recover-20220811/UBNA_009/20220809_053000.WAV,Foliage,recover-20220811,009,1795
1187.3455,1187.3655,24609.0,28555.0,Nyctalus leisleri,0.328,0.418,-1,Echolocation,/mnt/ubna_data_01_mir/recover-20220811/UBNA_009/20220809_053000.WAV,Foliage,recover-20220811,009,1795
1187.4935,1187.5125,26328.0,30794.0,Nyctalus leisleri,0.157,0.274,-1,Echolocation,/mnt/ubna_data_01_mir/recover-20220811/UBNA_009/20220809_053000.WAV,Foliage,recover-20220811,009,1795
1187.6125,1187.6283,25468.0,29777.0,Nyctalus leisleri,0.2,0.284,-1,Echolocation,/mnt/ubna_data_01_mir/recover-20220811/UBNA_009/20220809_053000.WAV,Foliage,recover-20220811,009,1795
1188.3915,1188.4049,25468.0,30766.0,Nyctalus leisleri,0.368,0.533,-1,Echolocation,/mnt/ubna_data_01_mir/recover-20220811/UBNA_009/20220809_053000.WAV,Foliage,recover-20220811,009,1795
1188.5405,1188.5623,24609.0,27502.0,Nyctalus leisleri,0.301,0.374,-1,Echolocation,/mnt/ubna_data_01_mir/recover-20220811/UBNA_009/20220809_053000.WAV,Foliage,recover-20220811,009,1795
1188.7455,1188.7624,24609.0,29688.0,Nyctalus leisleri,0.351,0.48,-1,Echolocation,/mnt/ubna_data_01_mir/recover-20220811/UBNA_009/20220809_053000.WAV,Foliage,recover-20220811,009,1795
1188.9885,1189.0078,24609.0,28196.0,Nyctalus leisleri,0.248,0.331,-1,Echolocation,/mnt/ubna_data_01_mir/recover-20220811/UBNA_009/20220809_053000.WAV,Foliage,recover-20220811,009,1795
1189.2305,1189.2488,24609.0,28569.0,Nyctalus leisleri,0.304,0.411,-1,Echolocation,/mnt/ubna_data_01_mir/recover-20220811/UBNA_009/20220809_053000.WAV,Foliage,recover-20220811,009,1795
1189.7335,1189.7573,23750.0,28430.0,Nyctalus leisleri,0.134,0.255,-1,Echolocation,/mnt/ubna_data_01_mir/recover-20220811/UBNA_009/20220809_053000.WAV,Foliage,recover-20220811,009,1795
1190.1415,1190.1553,23750.0,28398.0,Nyctalus leisleri,0.294,0.474,-1,Echolocation,/mnt/ubna_data_01_mir/recover-20220811/UBNA_009/20220809_053000.WAV,Foliage,recover-20220811,009,1795
1190.4915,1190.5139,23750.0,27357.0,Nyctalus leisleri,0.175,0.233,-1,Echolocation,/mnt/ubna_data_01_mir/recover-20220811/UBNA_009/20220809_053000.WAV,Foliage,recover-20220811,009,1795
1192.2105,1192.2259,23750.0,27936.0,Nyctalus leisleri,0.292,0.419,-1,Echolocation,/mnt/ubna_data_01_mir/recover-20220811/UBNA_009/20220809_053000.WAV,Foliage,recover-20220811,009,1795
1192.7325,1192.7477,24609.0,29020.0,Nyctalus leisleri,0.137,0.23,-1,Echolocation,/mnt/ubna_data_01_mir/recover-20220811/UBNA_009/20220809_053000.WAV,Foliage,recover-20220811,009,1795
1193.8205,1193.8355,25468.0,29324.0,Nyctalus leisleri,0.121,0.243,-1,Echolocation,/mnt/ubna_data_01_mir/recover-20220811/UBNA_009/20220809_053000.WAV,Foliage,recover-20220811,009,1795
1194.0515,1194.0694,23750.0,27256.0,Nyctalus leisleri,0.448,0.5,-1,Echolocation,/mnt/ubna_data_01_mir/recover-20220811/UBNA_009/20220809_053000.WAV,Foliage,recover-20220811,009,1795
1194.2615,1194.279,25468.0,29153.0,Nyctalus leisleri,0.239,0.328,-1,Echolocation,/mnt/ubna_data_01_mir/recover-20220811/UBNA_009/20220809_053000.WAV,Foliage,recover-20220811,009,1795
1194.4255,1194.4501,24609.0,28932.0,Nyctalus leisleri,0.135,0.227,-1,Echolocation,/mnt/ubna_data_01_mir/recover-20220811/UBNA_009/20220809_053000.WAV,Foliage,recover-20220811,009,1795
1194.7015,1194.7206,23750.0,28175.0,Nyctalus leisleri,0.25,0.389,-1,Echolocation,/mnt/ubna_data_01_mir/recover-20220811/UBNA_009/20220809_053000.WAV,Foliage,recover-20220811,009,1795
1194.8335,1194.8484,26328.0,29931.0,Nyctalus leisleri,0.211,0.308,-1,Echolocation,/mnt/ubna_data_01_mir/recover-20220811/UBNA_009/20220809_053000.WAV,Foliage,recover-20220811,009,1795
1194.9555,1194.9771,24609.0,29614.0,Nyctalus leisleri,0.118,0.235,-1,Echolocation,/mnt/ubna_data_01_mir/recover-20220811/UBNA_009/20220809_053000.WAV,Foliage,recover-20220811,009,1795
1195.0665,1195.0828,26328.0,30727.0,Nyctalus leisleri,0.114,0.207,-1,Echolocation,/mnt/ubna_data_01_mir/recover-20220811/UBNA_009/20220809_053000.WAV,Foliage,recover-20220811,009,1795
1195.2305,1195.2484,23750.0,28376.0,Nyctalus leisleri,0.33,0.483,-1,Echolocation,/mnt/ubna_data_01_mir/recover-20220811/UBNA_009/20220809_053000.WAV,Foliage,recover-20220811,009,1795
1195.4965,1195.5149,23750.0,28441.0,Nyctalus leisleri,0.236,0.385,-1,Echolocation,/mnt/ubna_data_01_mir/recover-20220811/UBNA_009/20220809_053000.WAV,Foliage,recover-20220811,009,1795
1195.6395,1195.6535,24609.0,28962.0,Nyctalus leisleri,0.304,0.445,-1,Echolocation,/mnt/ubna_data_01_mir/recover-20220811/UBNA_009/20220809_053000.WAV,Foliage,recover-20220811,009,1795
1195.8845,1195.9018,24609.0,27755.0,Nyctalus leisleri,0.243,0.346,-1,Echolocation,/mnt/ubna_data_01_mir/recover-20220811/UBNA_009/20220809_053000.WAV,Foliage,recover-20220811,009,1795
1196.0315,1196.0481,23750.0,27983.0,Nyctalus leisleri,0.167,0.291,-1,Echolocation,/mnt/ubna_data_01_mir/recover-20220811/UBNA_009/20220809_053000.WAV,Foliage,recover-20220811,009,1795
1196.3595,1196.3755,24609.0,29725.0,Nyctalus leisleri,0.336,0.523,-1,Echolocation,/mnt/ubna_data_01_mir/recover-20220811/UBNA_009/20220809_053000.WAV,Foliage,recover-20220811,009,1795
1196.4225,1196.4444,22890.0,27284.0,Nyctalus leisleri,0.246,0.351,-1,Echolocation,/mnt/ubna_data_01_mir/recover-20220811/UBNA_009/20220809_053000.WAV,Foliage,recover-20220811,009,1795
1196.5035,1196.5229,24609.0,29443.0,Nyctalus leisleri,0.171,0.307,-1,Echolocation,/mnt/ubna_data_01_mir/recover-20220811/UBNA_009/20220809_053000.WAV,Foliage,recover-20220811,009,1795
1196.6925,1196.7131,23750.0,27499.0,Nyctalus leisleri,0.178,0.245,-1,Echolocation,/mnt/ubna_data_01_mir/recover-20220811/UBNA_009/20220809_053000.WAV,Foliage,recover-20220811,009,1795
1196.7475,1196.7657,24609.0,29438.0,Nyctalus leisleri,0.247,0.373,-1,Echolocation,/mnt/ubna_data_01_mir/recover-20220811/UBNA_009/20220809_053000.WAV,Foliage,recover-20220811,009,1795
1196.9645,1196.9829,23750.0,28200.0,Nyctalus leisleri,0.121,0.273,-1,Echolocation,/mnt/ubna_data_01_mir/recover-20220811/UBNA_009/20220809_053000.WAV,Foliage,recover-20220811,009,1795
1197.0015,1197.0136,24609.0,29125.0,Nyctalus leisleri,0.257,0.383,-1,Echolocation,/mnt/ubna_data_01_mir/recover-20220811/UBNA_009/20220809_053000.WAV,Foliage,recover-20220811,009,1795
1197.2255,1197.2441,23750.0,28669.0,Nyctalus leisleri,0.11,0.23,-1,Echolocation,/mnt/ubna_data_01_mir/recover-20220811/UBNA_009/20220809_053000.WAV,Foliage,recover-20220811,009,1795
1197.2525,1197.2714,24609.0,28509.0,Nyctalus leisleri,0.24,0.35,-1,Echolocation,/mnt/ubna_data_01_mir/recover-20220811/UBNA_009/20220809_053000.WAV,Foliage,recover-20220811,009,1795
1197.6185,1197.6336000000001,23750.0,27078.0,Nyctalus leisleri,0.452,0.529,-1,Echolocation,/mnt/ubna_data_01_mir/recover-20220811/UBNA_009/20220809_053000.WAV,Foliage,recover-20220811,009,1795
1197.8935,1197.9142,23750.0,28156.0,Nyctalus leisleri,0.256,0.386,-1,Echolocation,/mnt/ubna_data_01_mir/recover-20220811/UBNA_009/20220809_053000.WAV,Foliage,recover-20220811,009,1795
1197.9245,1197.94,25468.0,30228.0,Nyctalus leisleri,0.127,0.239,-1,Echolocation,/mnt/ubna_data_01_mir/recover-20220811/UBNA_009/20220809_053000.WAV,Foliage,recover-20220811,009,1795
1198.1375,1198.1544,24609.0,29500.0,Nyctalus leisleri,0.392,0.544,-1,Echolocation,/mnt/ubna_data_01_mir/recover-20220811/UBNA_009/20220809_053000.WAV,Foliage,recover-20220811,009,1795
1198.2935,1198.3102,23750.0,28136.0,Nyctalus leisleri,0.302,0.451,-1,Echolocation,/mnt/ubna_data_01_mir/recover-20220811/UBNA_009/20220809_053000.WAV,Foliage,recover-20220811,009,1795
1198.5495,1198.5638,23750.0,29538.0,Nyctalus leisleri,0.367,0.536,-1,Echolocation,/mnt/ubna_data_01_mir/recover-20220811/UBNA_009/20220809_053000.WAV,Foliage,recover-20220811,009,1795
1198.7715,1198.7894000000001,24609.0,28691.0,Nyctalus leisleri,0.277,0.385,-1,Echolocation,/mnt/ubna_data_01_mir/recover-20220811/UBNA_009/20220809_053000.WAV,Foliage,recover-20220811,009,1795
1199.2905,1199.3118,24609.0,28744.0,Nyctalus leisleri,0.179,0.28,-1,Echolocation,/mnt/ubna_data_01_mir/recover-20220811/UBNA_009/20220809_053000.WAV,Foliage,recover-20220811,009,1795
1200.3075,1200.331,23750.0,27413.0,Nyctalus leisleri,0.165,0.216,-1,Echolocation,/mnt/ubna_data_01_mir/recover-20220811/UBNA_009/20220809_053000.WAV,Foliage,recover-20220811,009,1795
1201.0385,1201.0571,24609.0,27345.0,Nyctalus leisleri,0.299,0.365,-1,Echolocation,/mnt/ubna_data_01_mir/recover-20220811/UBNA_009/20220809_053000.WAV,Foliage,recover-20220811,009,1795
1201.6105,1201.63,23750.0,27961.0,Nyctalus leisleri,0.189,0.277,-1,Echolocation,/mnt/ubna_data_01_mir/recover-20220811/UBNA_009/20220809_053000.WAV,Foliage,recover-20220811,009,1795
1202.0655,1202.0822,23750.0,28399.0,Nyctalus leisleri,0.309,0.43,-1,Echolocation,/mnt/ubna_data_01_mir/recover-20220811/UBNA_009/20220809_053000.WAV,Foliage,recover-20220811,009,1795
1202.3015,1202.3143,24609.0,29519.0,Nyctalus leisleri,0.283,0.466,-1,Echolocation,/mnt/ubna_data_01_mir/recover-20220811/UBNA_009/20220809_053000.WAV,Foliage,recover-20220811,009,1795
1202.5405,1202.5547,24609.0,29114.0,Nyctalus leisleri,0.453,0.586,-1,Echolocation,/mnt/ubna_data_01_mir/recover-20220811/UBNA_009/20220809_053000.WAV,Foliage,recover-20220811,009,1795
1202.7825,1202.7972,24609.0,28970.0,Nyctalus leisleri,0.436,0.523,-1,Echolocation,/mnt/ubna_data_01_mir/recover-20220811/UBNA_009/20220809_053000.WAV,Foliage,recover-20220811,009,1795
1202.9305,1202.9434,25468.0,31085.0,Nyctalus leisleri,0.435,0.557,-1,Echolocation,/mnt/ubna_data_01_mir/recover-20220811/UBNA_009/20220809_053000.WAV,Foliage,recover-20220811,009,1795
1203.1705,1203.1854,25468.0,29988.0,Nyctalus leisleri,0.422,0.538,-1,Echolocation,/mnt/ubna_data_01_mir/recover-20220811/UBNA_009/20220809_053000.WAV,Foliage,recover-20220811,009,1795
1203.2465,1203.2721,23750.0,27952.0,Nyctalus leisleri,0.133,0.203,-1,Echolocation,/mnt/ubna_data_01_mir/recover-20220811/UBNA_009/20220809_053000.WAV,Foliage,recover-20220811,009,1795
1203.3155,1203.3294,25468.0,31137.0,Nyctalus leisleri,0.319,0.519,-1,Echolocation,/mnt/ubna_data_01_mir/recover-20220811/UBNA_009/20220809_053000.WAV,Foliage,recover-20220811,009,1795
1203.5615,1203.5738,25468.0,31941.0,Nyctalus leisleri,0.338,0.576,-1,Echolocation,/mnt/ubna_data_01_mir/recover-20220811/UBNA_009/20220809_053000.WAV,Foliage,recover-20220811,009,1795
1203.6595,1203.682,23750.0,27849.0,Nyctalus leisleri,0.138,0.225,-1,Echolocation,/mnt/ubna_data_01_mir/recover-20220811/UBNA_009/20220809_053000.WAV,Foliage,recover-20220811,009,1795
1203.8185,1203.8326,25468.0,30732.0,Nyctalus leisleri,0.441,0.581,-1,Echolocation,/mnt/ubna_data_01_mir/recover-20220811/UBNA_009/20220809_053000.WAV,Foliage,recover-20220811,009,1795
1203.9625,1203.9757,24609.0,28457.0,Nyctalus leisleri,0.258,0.382,-1,Echolocation,/mnt/ubna_data_01_mir/recover-20220811/UBNA_009/20220809_053000.WAV,Foliage,recover-20220811,009,1795
1204.1035,1204.1227,25468.0,29317.0,Nyctalus leisleri,0.151,0.255,-1,Echolocation,/mnt/ubna_data_01_mir/recover-20220811/UBNA_009/20220809_053000.WAV,Foliage,recover-20220811,009,1795
1204.2415,1204.2594,25468.0,29684.0,Nyctalus leisleri,0.154,0.253,-1,Echolocation,/mnt/ubna_data_01_mir/recover-20220811/UBNA_009/20220809_053000.WAV,Foliage,recover-20220811,009,1795
1204.4275,1204.4403,24609.0,29762.0,Nyctalus leisleri,0.18,0.34,-1,Echolocation,/mnt/ubna_data_01_mir/recover-20220811/UBNA_009/20220809_053000.WAV,Foliage,recover-20220811,009,1795
1205.2665,1205.2833,24609.0,29348.0,Nyctalus leisleri,0.112,0.247,-1,Echolocation,/mnt/ubna_data_01_mir/recover-20220811/UBNA_009/20220809_053000.WAV,Foliage,recover-20220811,009,1795
1205.5125,1205.5287,24609.0,27973.0,Nyctalus leisleri,0.377,0.454,-1,Echolocation,/mnt/ubna_data_01_mir/recover-20220811/UBNA_009/20220809_053000.WAV,Foliage,recover-20220811,009,1795
1205.8695,1205.8862,24609.0,28875.0,Nyctalus leisleri,0.201,0.363,-1,Echolocation,/mnt/ubna_data_01_mir/recover-20220811/UBNA_009/20220809_053000.WAV,Foliage,recover-20220811,009,1795
1206.2435,1206.2665,24609.0,29915.0,Nyctalus leisleri,0.214,0.308,-1,Echolocation,/mnt/ubna_data_01_mir/recover-20220811/UBNA_009/20220809_053000.WAV,Foliage,recover-20220811,009,1795
1206.3885,1206.408,25468.0,29676.0,Nyctalus leisleri,0.148,0.232,-1,Echolocation,/mnt/ubna_data_01_mir/recover-20220811/UBNA_009/20220809_053000.WAV,Foliage,recover-20220811,009,1795
1206.7655,1206.7775,24609.0,29287.0,Nyctalus leisleri,0.299,0.504,-1,Echolocation,/mnt/ubna_data_01_mir/recover-20220811/UBNA_009/20220809_053000.WAV,Foliage,recover-20220811,009,1795
1206.9125,1206.9252,24609.0,29037.0,Nyctalus leisleri,0.297,0.447,-1,Echolocation,/mnt/ubna_data_01_mir/recover-20220811/UBNA_009/20220809_053000.WAV,Foliage,recover-20220811,009,1795
1207.0555,1207.0713,24609.0,29516.0,Nyctalus leisleri,0.421,0.52,-1,Echolocation,/mnt/ubna_data_01_mir/recover-20220811/UBNA_009/20220809_053000.WAV,Foliage,recover-20220811,009,1795
1207.2735,1207.2891,24609.0,32328.0,Nyctalus leisleri,0.333,0.597,-1,Echolocation,/mnt/ubna_data_01_mir/recover-20220811/UBNA_009/20220809_053000.WAV,Foliage,recover-20220811,009,1795
1207.2775,1207.2913,50390.0,55355.0,Pipistrellus pipistrellus,0.115,0.206,-1,Echolocation,/mnt/ubna_data_01_mir/recover-20220811/UBNA_009/20220809_053000.WAV,Foliage,recover-20220811,009,1795
1207.4375,1207.455,23750.0,27253.0,Nyctalus leisleri,0.255,0.332,-1,Echolocation,/mnt/ubna_data_01_mir/recover-20220811/UBNA_009/20220809_053000.WAV,Foliage,recover-20220811,009,1795
1207.6825,1207.6977,23750.0,29775.0,Nyctalus leisleri,0.374,0.564,-1,Echolocation,/mnt/ubna_data_01_mir/recover-20220811/UBNA_009/20220809_053000.WAV,Foliage,recover-20220811,009,1795
1207.8415,1207.8615,24609.0,28443.0,Nyctalus leisleri,0.32,0.435,-1,Echolocation,/mnt/ubna_data_01_mir/recover-20220811/UBNA_009/20220809_053000.WAV,Foliage,recover-20220811,009,1795
1208.1015,1208.1176,23750.0,27973.0,Nyctalus leisleri,0.469,0.584,-1,Echolocation,/mnt/ubna_data_01_mir/recover-20220811/UBNA_009/20220809_053000.WAV,Foliage,recover-20220811,009,1795
1208.5185,1208.5366,24609.0,28188.0,Nyctalus leisleri,0.121,0.205,-1,Echolocation,/mnt/ubna_data_01_mir/recover-20220811/UBNA_009/20220809_053000.WAV,Foliage,recover-20220811,009,1795
1208.7335,1208.7487,24609.0,29407.0,Nyctalus leisleri,0.207,0.322,-1,Echolocation,/mnt/ubna_data_01_mir/recover-20220811/UBNA_009/20220809_053000.WAV,Foliage,recover-20220811,009,1795
1208.8645,1208.8792,25468.0,30434.0,Nyctalus leisleri,0.133,0.233,-1,Echolocation,/mnt/ubna_data_01_mir/recover-20220811/UBNA_009/20220809_053000.WAV,Foliage,recover-20220811,009,1795
1209.0995,1209.1173,25468.0,28997.0,Nyctalus leisleri,0.21,0.306,-1,Echolocation,/mnt/ubna_data_01_mir/recover-20220811/UBNA_009/20220809_053000.WAV,Foliage,recover-20220811,009,1795
1209.2455,1209.2627,24609.0,28667.0,Nyctalus leisleri,0.154,0.253,-1,Echolocation,/mnt/ubna_data_01_mir/recover-20220811/UBNA_009/20220809_053000.WAV,Foliage,recover-20220811,009,1795
1209.5425,1209.5593,26328.0,30239.0,Nyctalus leisleri,0.262,0.36,-1,Echolocation,/mnt/ubna_data_01_mir/recover-20220811/UBNA_009/20220809_053000.WAV,Foliage,recover-20220811,009,1795
1209.7435,1209.7631,24609.0,29952.0,Nyctalus leisleri,0.192,0.324,-1,Echolocation,/mnt/ubna_data_01_mir/recover-20220811/UBNA_009/20220809_053000.WAV,Foliage,recover-20220811,009,1795
1210.0605,1210.0771,25468.0,30433.0,Nyctalus leisleri,0.236,0.364,-1,Echolocation,/mnt/ubna_data_01_mir/recover-20220811/UBNA_009/20220809_053000.WAV,Foliage,recover-20220811,009,1795
1210.4085,1210.4227,25468.0,31467.0,Nyctalus leisleri,0.321,0.5,-1,Echolocation,/mnt/ubna_data_01_mir/recover-20220811/UBNA_009/20220809_053000.WAV,Foliage,recover-20220811,009,1795
1210.7645,1210.7804,25468.0,30082.0,Nyctalus leisleri,0.117,0.228,-1,Echolocation,/mnt/ubna_data_01_mir/recover-20220811/UBNA_009/20220809_053000.WAV,Foliage,recover-20220811,009,1795
1210.9045,1210.9225,24609.0,28898.0,Nyctalus leisleri,0.175,0.265,-1,Echolocation,/mnt/ubna_data_01_mir/recover-20220811/UBNA_009/20220809_053000.WAV,Foliage,recover-20220811,009,1795
1211.0995,1211.1166,25468.0,29553.0,Nyctalus leisleri,0.125,0.218,-1,Echolocation,/mnt/ubna_data_01_mir/recover-20220811/UBNA_009/20220809_053000.WAV,Foliage,recover-20220811,009,1795
1211.3895,1211.4017,25468.0,32590.0,Eptesicus serotinus,0.129,0.24,-1,Echolocation,/mnt/ubna_data_01_mir/recover-20220811/UBNA_009/20220809_053000.WAV,Foliage,recover-20220811,009,1795
1214.1975,1214.2144,24609.0,30610.0,Nyctalus leisleri,0.202,0.43,-1,Echolocation,/mnt/ubna_data_01_mir/recover-20220811/UBNA_009/20220809_053000.WAV,Foliage,recover-20220811,009,1795
1214.4495,1214.469,24609.0,28672.0,Nyctalus leisleri,0.16,0.269,-1,Echolocation,/mnt/ubna_data_01_mir/recover-20220811/UBNA_009/20220809_053000.WAV,Foliage,recover-20220811,009,1795
1214.6865,1214.7019,25468.0,29179.0,Nyctalus leisleri,0.393,0.498,-1,Echolocation,/mnt/ubna_data_01_mir/recover-20220811/UBNA_009/20220809_053000.WAV,Foliage,recover-20220811,009,1795
1214.9325,1214.9578,23750.0,27807.0,Nyctalus leisleri,0.137,0.218,-1,Echolocation,/mnt/ubna_data_01_mir/recover-20220811/UBNA_009/20220809_053000.WAV,Foliage,recover-20220811,009,1795
1215.2895,1215.3117,24609.0,28557.0,Nyctalus leisleri,0.12,0.23,-1,Echolocation,/mnt/ubna_data_01_mir/recover-20220811/UBNA_009/20220809_053000.WAV,Foliage,recover-20220811,009,1795
1215.4425,1215.4589,25468.0,29832.0,Nyctalus leisleri,0.182,0.298,-1,Echolocation,/mnt/ubna_data_01_mir/recover-20220811/UBNA_009/20220809_053000.WAV,Foliage,recover-20220811,009,1795
1215.6855,1215.7025,25468.0,30662.0,Nyctalus leisleri,0.131,0.265,-1,Echolocation,/mnt/ubna_data_01_mir/recover-20220811/UBNA_009/20220809_053000.WAV,Foliage,recover-20220811,009,1795
1216.1075,1216.127,24609.0,28376.0,Nyctalus leisleri,0.312,0.409,-1,Echolocation,/mnt/ubna_data_01_mir/recover-20220811/UBNA_009/20220809_053000.WAV,Foliage,recover-20220811,009,1795
1216.5225,1216.5371,24609.0,29384.0,Nyctalus leisleri,0.144,0.28,-1,Echolocation,/mnt/ubna_data_01_mir/recover-20220811/UBNA_009/20220809_053000.WAV,Foliage,recover-20220811,009,1795
1217.7135,1217.7259,25468.0,30106.0,Nyctalus leisleri,0.175,0.305,-1,Echolocation,/mnt/ubna_data_01_mir/recover-20220811/UBNA_009/20220809_053000.WAV,Foliage,recover-20220811,009,1795
1220.4065,1220.426,25468.0,29075.0,Nyctalus leisleri,0.22,0.294,-1,Echolocation,/mnt/ubna_data_01_mir/recover-20220811/UBNA_009/20220809_053000.WAV,Foliage,recover-20220811,009,1795
1260.9875,1260.9956,51250.0,62217.0,Pipistrellus pipistrellus,0.196,0.284,-1,Echolocation,/mnt/ubna_data_01_mir/recover-20220811/UBNA_009/20220809_053000.WAV,Foliage,recover-20220811,009,1795
1261.0475,1261.0564,54687.0,66458.0,Pipistrellus pipistrellus,0.209,0.414,-1,Echolocation,/mnt/ubna_data_01_mir/recover-20220811/UBNA_009/20220809_053000.WAV,Foliage,recover-20220811,009,1795
1261.1735,1261.1795,49531.0,62044.0,Pipistrellus pipistrellus,0.352,0.411,-1,Echolocation,/mnt/ubna_data_01_mir/recover-20220811/UBNA_009/20220809_053000.WAV,Foliage,recover-20220811,009,1795
1261.2685,1261.274,50390.0,65634.0,Pipistrellus pipistrellus,0.418,0.582,-1,Echolocation,/mnt/ubna_data_01_mir/recover-20220811/UBNA_009/20220809_053000.WAV,Foliage,recover-20220811,009,1795
1261.3595,1261.3709,50390.0,63626.0,Pipistrellus pipistrellus,0.226,0.352,-1,Echolocation,/mnt/ubna_data_01_mir/recover-20220811/UBNA_009/20220809_053000.WAV,Foliage,recover-20220811,009,1795
1261.4425,1261.4537,50390.0,66515.0,Pipistrellus pipistrellus,0.283,0.421,-1,Echolocation,/mnt/ubna_data_01_mir/recover-20220811/UBNA_009/20220809_053000.WAV,Foliage,recover-20220811,009,1795
1261.5075,1261.5185,51250.0,65869.0,Pipistrellus pipistrellus,0.295,0.45,-1,Echolocation,/mnt/ubna_data_01_mir/recover-20220811/UBNA_009/20220809_053000.WAV,Foliage,recover-20220811,009,1795
1261.6245,1261.6364,53828.0,66479.0,Pipistrellus pipistrellus,0.157,0.315,-1,Echolocation,/mnt/ubna_data_01_mir/recover-20220811/UBNA_009/20220809_053000.WAV,Foliage,recover-20220811,009,1795
1261.6915,1261.7,53828.0,65571.0,Pipistrellus pipistrellus,0.19,0.298,-1,Echolocation,/mnt/ubna_data_01_mir/recover-20220811/UBNA_009/20220809_053000.WAV,Foliage,recover-20220811,009,1795
1261.7575,1261.7664,53828.0,63293.0,Pipistrellus pygmaeus,0.233,0.313,-1,Echolocation,/mnt/ubna_data_01_mir/recover-20220811/UBNA_009/20220809_053000.WAV,Foliage,recover-20220811,009,1795
1261.9875,1261.9939,53828.0,68221.0,Pipistrellus pygmaeus,0.193,0.236,-1,Echolocation,/mnt/ubna_data_01_mir/recover-20220811/UBNA_009/20220809_053000.WAV,Foliage,recover-20220811,009,1795
1262.0745,1262.0812,54687.0,69326.0,Pipistrellus pygmaeus,0.177,0.336,-1,Echolocation,/mnt/ubna_data_01_mir/recover-20220811/UBNA_009/20220809_053000.WAV,Foliage,recover-20220811,009,1795
1262.1745,1262.1809,55546.0,68198.0,Pipistrellus pipistrellus,0.192,0.407,-1,Echolocation,/mnt/ubna_data_01_mir/recover-20220811/UBNA_009/20220809_053000.WAV,Foliage,recover-20220811,009,1795
1262.2285,1262.2385,54687.0,65036.0,Pipistrellus pipistrellus,0.264,0.421,-1,Echolocation,/mnt/ubna_data_01_mir/recover-20220811/UBNA_009/20220809_053000.WAV,Foliage,recover-20220811,009,1795
1262.2815,1262.2905,52109.0,66440.0,Pipistrellus pipistrellus,0.117,0.256,-1,Echolocation,/mnt/ubna_data_01_mir/recover-20220811/UBNA_009/20220809_053000.WAV,Foliage,recover-20220811,009,1795
1262.3455,1262.355,53828.0,63648.0,Pipistrellus pipistrellus,0.22,0.287,-1,Echolocation,/mnt/ubna_data_01_mir/recover-20220811/UBNA_009/20220809_053000.WAV,Foliage,recover-20220811,009,1795
1262.4005,1262.408,52109.0,68216.0,Pipistrellus pipistrellus,0.292,0.465,-1,Echolocation,/mnt/ubna_data_01_mir/recover-20220811/UBNA_009/20220809_053000.WAV,Foliage,recover-20220811,009,1795
1262.4465,1262.4575,54687.0,65555.0,Pipistrellus pygmaeus,0.177,0.242,-1,Echolocation,/mnt/ubna_data_01_mir/recover-20220811/UBNA_009/20220809_053000.WAV,Foliage,recover-20220811,009,1795
1262.4885,1262.4979,47812.0,65407.0,Pipistrellus pipistrellus,0.129,0.229,-1,Echolocation,/mnt/ubna_data_01_mir/recover-20220811/UBNA_009/20220809_053000.WAV,Foliage,recover-20220811,009,1795
1262.5455,1262.5535,49531.0,62293.0,Pipistrellus pipistrellus,0.136,0.233,-1,Echolocation,/mnt/ubna_data_01_mir/recover-20220811/UBNA_009/20220809_053000.WAV,Foliage,recover-20220811,009,1795
1262.5815,1262.5865,49531.0,68252.0,Pipistrellus pipistrellus,0.22,0.459,-1,Echolocation,/mnt/ubna_data_01_mir/recover-20220811/UBNA_009/20220809_053000.WAV,Foliage,recover-20220811,009,1795
1262.6385,1262.646,52109.0,62359.0,Pipistrellus pipistrellus,0.24,0.347,-1,Echolocation,/mnt/ubna_data_01_mir/recover-20220811/UBNA_009/20220809_053000.WAV,Foliage,recover-20220811,009,1795
1262.7055,1262.7111,50390.0,60505.0,Pipistrellus pipistrellus,0.277,0.366,-1,Echolocation,/mnt/ubna_data_01_mir/recover-20220811/UBNA_009/20220809_053000.WAV,Foliage,recover-20220811,009,1795
1262.8175,1262.8266,51250.0,62351.0,Pipistrellus pipistrellus,0.18,0.246,-1,Echolocation,/mnt/ubna_data_01_mir/recover-20220811/UBNA_009/20220809_053000.WAV,Foliage,recover-20220811,009,1795
1262.8835,1262.8895,48671.0,64690.0,Pipistrellus pipistrellus,0.216,0.399,-1,Echolocation,/mnt/ubna_data_01_mir/recover-20220811/UBNA_009/20220809_053000.WAV,Foliage,recover-20220811,009,1795
1262.9385,1262.9495,51250.0,61862.0,Pipistrellus pipistrellus,0.184,0.278,-1,Echolocation,/mnt/ubna_data_01_mir/recover-20220811/UBNA_009/20220809_053000.WAV,Foliage,recover-20220811,009,1795
1263.0345,1263.0426,46953.0,62849.0,Pipistrellus pipistrellus,0.151,0.255,-1,Echolocation,/mnt/ubna_data_01_mir/recover-20220811/UBNA_009/20220809_053000.WAV,Foliage,recover-20220811,009,1795
1263.0605,1263.0667,49531.0,61232.0,Pipistrellus pipistrellus,0.204,0.242,-1,Echolocation,/mnt/ubna_data_01_mir/recover-20220811/UBNA_009/20220809_053000.WAV,Foliage,recover-20220811,009,1795
1263.1935,1263.2017,49531.0,60342.0,Pipistrellus pipistrellus,0.337,0.402,-1,Echolocation,/mnt/ubna_data_01_mir/recover-20220811/UBNA_009/20220809_053000.WAV,Foliage,recover-20220811,009,1795
1263.3705,1263.3818,50390.0,59498.0,Pipistrellus pipistrellus,0.144,0.209,-1,Echolocation,/mnt/ubna_data_01_mir/recover-20220811/UBNA_009/20220809_053000.WAV,Foliage,recover-20220811,009,1795
1263.4225,1263.431,51250.0,62897.0,Pipistrellus pipistrellus,0.172,0.239,-1,Echolocation,/mnt/ubna_data_01_mir/recover-20220811/UBNA_009/20220809_053000.WAV,Foliage,recover-20220811,009,1795
1263.4855,1263.4934,49531.0,63151.0,Pipistrellus pipistrellus,0.14,0.226,-1,Echolocation,/mnt/ubna_data_01_mir/recover-20220811/UBNA_009/20220809_053000.WAV,Foliage,recover-20220811,009,1795
1263.5635,1263.5763,48671.0,58304.0,Pipistrellus pipistrellus,0.156,0.211,-1,Echolocation,/mnt/ubna_data_01_mir/recover-20220811/UBNA_009/20220809_053000.WAV,Foliage,recover-20220811,009,1795
1263.8515,1263.8673,47812.0,57119.0,Pipistrellus pipistrellus,0.175,0.209,-1,Echolocation,/mnt/ubna_data_01_mir/recover-20220811/UBNA_009/20220809_053000.WAV,Foliage,recover-20220811,009,1795
1263.9615,1263.9678,48671.0,59987.0,Pipistrellus pipistrellus,0.28,0.315,-1,Echolocation,/mnt/ubna_data_01_mir/recover-20220811/UBNA_009/20220809_053000.WAV,Foliage,recover-20220811,009,1795
1264.4685,1264.4735,47812.0,60254.0,Pipistrellus pipistrellus,0.353,0.393,-1,Echolocation,/mnt/ubna_data_01_mir/recover-20220811/UBNA_009/20220809_053000.WAV,Foliage,recover-20220811,009,1795
1264.7125,1264.7173,47812.0,56325.0,Pipistrellus pipistrellus,0.364,0.384,-1,Echolocation,/mnt/ubna_data_01_mir/recover-20220811/UBNA_009/20220809_053000.WAV,Foliage,recover-20220811,009,1795
1268.8935,1268.8988,46093.0,53816.0,Pipistrellus pipistrellus,0.391,0.403,-1,Echolocation,/mnt/ubna_data_01_mir/recover-20220811/UBNA_009/20220809_053000.WAV,Foliage,recover-20220811,009,1795
1268.9815,1268.9857,42656.0,62147.0,Myotis alcathoe,0.09,0.262,-1,Echolocation,/mnt/ubna_data_01_mir/recover-20220811/UBNA_009/20220809_053000.WAV,Foliage,recover-20220811,009,1795
1269.1655,1269.1756,46953.0,51935.0,Pipistrellus pipistrellus,0.25,0.262,-1,Echolocation,/mnt/ubna_data_01_mir/recover-20220811/UBNA_009/20220809_053000.WAV,Foliage,recover-20220811,009,1795
1269.3525,1269.3572,45234.0,59202.0,Pipistrellus pipistrellus,0.448,0.498,-1,Echolocation,/mnt/ubna_data_01_mir/recover-20220811/UBNA_009/20220809_053000.WAV,Foliage,recover-20220811,009,1795
1269.4485,1269.455,46093.0,54429.0,Pipistrellus pipistrellus,0.42,0.441,-1,Echolocation,/mnt/ubna_data_01_mir/recover-20220811/UBNA_009/20220809_053000.WAV,Foliage,recover-20220811,009,1795
1269.5475,1269.5532,46093.0,59411.0,Pipistrellus pipistrellus,0.541,0.619,-1,Echolocation,/mnt/ubna_data_01_mir/recover-20220811/UBNA_009/20220809_053000.WAV,Foliage,recover-20220811,009,1795
1269.6395,1269.6461,47812.0,58110.0,Pipistrellus pipistrellus,0.538,0.589,-1,Echolocation,/mnt/ubna_data_01_mir/recover-20220811/UBNA_009/20220809_053000.WAV,Foliage,recover-20220811,009,1795
1269.7325,1269.7385,45234.0,62830.0,Pipistrellus pipistrellus,0.641,0.763,-1,Echolocation,/mnt/ubna_data_01_mir/recover-20220811/UBNA_009/20220809_053000.WAV,Foliage,recover-20220811,009,1795
1269.8245,1269.8313,45234.0,64299.0,Pipistrellus pipistrellus,0.54,0.699,-1,Echolocation,/mnt/ubna_data_01_mir/recover-20220811/UBNA_009/20220809_053000.WAV,Foliage,recover-20220811,009,1795
1269.9185,1269.9239,44375.0,61802.0,Pipistrellus pipistrellus,0.2,0.467,-1,Echolocation,/mnt/ubna_data_01_mir/recover-20220811/UBNA_009/20220809_053000.WAV,Foliage,recover-20220811,009,1795
1270.0135,1270.022,45234.0,51118.0,Pipistrellus pipistrellus,0.47,0.481,-1,Echolocation,/mnt/ubna_data_01_mir/recover-20220811/UBNA_009/20220809_053000.WAV,Foliage,recover-20220811,009,1795
1270.1085,1270.1161,45234.0,57548.0,Pipistrellus pipistrellus,0.61,0.643,-1,Echolocation,/mnt/ubna_data_01_mir/recover-20220811/UBNA_009/20220809_053000.WAV,Foliage,recover-20220811,009,1795
1270.2055,1270.2129,46093.0,52013.0,Pipistrellus pipistrellus,0.475,0.49,-1,Echolocation,/mnt/ubna_data_01_mir/recover-20220811/UBNA_009/20220809_053000.WAV,Foliage,recover-20220811,009,1795
1270.2995,1270.3054,44375.0,56795.0,Pipistrellus pipistrellus,0.541,0.603,-1,Echolocation,/mnt/ubna_data_01_mir/recover-20220811/UBNA_009/20220809_053000.WAV,Foliage,recover-20220811,009,1795
1270.3985,1270.4047,45234.0,55477.0,Pipistrellus pipistrellus,0.564,0.598,-1,Echolocation,/mnt/ubna_data_01_mir/recover-20220811/UBNA_009/20220809_053000.WAV,Foliage,recover-20220811,009,1795
1270.4955,1270.502,45234.0,53688.0,Pipistrellus pipistrellus,0.4,0.426,-1,Echolocation,/mnt/ubna_data_01_mir/recover-20220811/UBNA_009/20220809_053000.WAV,Foliage,recover-20220811,009,1795
1270.5925,1270.598,45234.0,53636.0,Pipistrellus pipistrellus,0.579,0.6,-1,Echolocation,/mnt/ubna_data_01_mir/recover-20220811/UBNA_009/20220809_053000.WAV,Foliage,recover-20220811,009,1795
1270.6885,1270.6964,45234.0,51285.0,Pipistrellus pipistrellus,0.373,0.384,-1,Echolocation,/mnt/ubna_data_01_mir/recover-20220811/UBNA_009/20220809_053000.WAV,Foliage,recover-20220811,009,1795
1270.7855,1270.7913,44375.0,54070.0,Pipistrellus pipistrellus,0.467,0.492,-1,Echolocation,/mnt/ubna_data_01_mir/recover-20220811/UBNA_009/20220809_053000.WAV,Foliage,recover-20220811,009,1795
1271.1445,1271.1531,45234.0,53059.0,Pipistrellus pipistrellus,0.317,0.337,-1,Echolocation,/mnt/ubna_data_01_mir/recover-20220811/UBNA_009/20220809_053000.WAV,Foliage,recover-20220811,009,1795
1271.3215,1271.328,45234.0,53303.0,Pipistrellus pipistrellus,0.563,0.61,-1,Echolocation,/mnt/ubna_data_01_mir/recover-20220811/UBNA_009/20220809_053000.WAV,Foliage,recover-20220811,009,1795
1271.3925,1271.3991,45234.0,52391.0,Pipistrellus pipistrellus,0.512,0.539,-1,Echolocation,/mnt/ubna_data_01_mir/recover-20220811/UBNA_009/20220809_053000.WAV,Foliage,recover-20220811,009,1795
1271.4495,1271.4558,46953.0,53010.0,Pipistrellus pipistrellus,0.427,0.432,-1,Echolocation,/mnt/ubna_data_01_mir/recover-20220811/UBNA_009/20220809_053000.WAV,Foliage,recover-20220811,009,1795
1294.7535,1294.7695,25468.0,29209.0,Nyctalus leisleri,0.132,0.219,-1,Echolocation,/mnt/ubna_data_01_mir/recover-20220811/UBNA_009/20220809_053000.WAV,Foliage,recover-20220811,009,1795
1295.0185,1295.0333,27187.0,32242.0,Nyctalus leisleri,0.152,0.328,-1,Echolocation,/mnt/ubna_data_01_mir/recover-20220811/UBNA_009/20220809_053000.WAV,Foliage,recover-20220811,009,1795
1315.9465,1315.9599,25468.0,32380.0,Eptesicus serotinus,0.135,0.271,-1,Echolocation,/mnt/ubna_data_01_mir/recover-20220811/UBNA_009/20220809_053000.WAV,Foliage,recover-20220811,009,1795
1316.2645,1316.2763,25468.0,31221.0,Nyctalus leisleri,0.199,0.358,-1,Echolocation,/mnt/ubna_data_01_mir/recover-20220811/UBNA_009/20220809_053000.WAV,Foliage,recover-20220811,009,1795
1325.3675,1325.3756,32343.0,39456.0,Barbastellus barbastellus,0.108,0.216,-1,Echolocation,/mnt/ubna_data_01_mir/recover-20220811/UBNA_009/20220809_053000.WAV,Foliage,recover-20220811,009,1795
1332.6345,1332.6422,20312.0,29094.0,Plecotus austriacus,0.065,0.205,-1,Echolocation,/mnt/ubna_data_01_mir/recover-20220811/UBNA_009/20220809_053000.WAV,Foliage,recover-20220811,009,1795
1334.4875,1334.5007,27187.0,31545.0,Eptesicus serotinus,0.13,0.284,-1,Echolocation,/mnt/ubna_data_01_mir/recover-20220811/UBNA_009/20220809_053000.WAV,Foliage,recover-20220811,009,1795
1334.8995,1334.9115,26328.0,32199.0,Nyctalus leisleri,0.223,0.448,-1,Echolocation,/mnt/ubna_data_01_mir/recover-20220811/UBNA_009/20220809_053000.WAV,Foliage,recover-20220811,009,1795
1340.5695,1340.5827,26328.0,30159.0,Nyctalus leisleri,0.292,0.403,-1,Echolocation,/mnt/ubna_data_01_mir/recover-20220811/UBNA_009/20220809_053000.WAV,Foliage,recover-20220811,009,1795
1340.6885,1340.7026,28046.0,33042.0,Eptesicus serotinus,0.146,0.258,-1,Echolocation,/mnt/ubna_data_01_mir/recover-20220811/UBNA_009/20220809_053000.WAV,Foliage,recover-20220811,009,1795
1340.7945,1340.8092,28046.0,34148.0,Eptesicus serotinus,0.152,0.222,-1,Echolocation,/mnt/ubna_data_01_mir/recover-20220811/UBNA_009/20220809_053000.WAV,Foliage,recover-20220811,009,1795
1345.7165,1345.7398,24609.0,28970.0,Nyctalus leisleri,0.108,0.201,-1,Echolocation,/mnt/ubna_data_01_mir/recover-20220811/UBNA_009/20220809_053000.WAV,Foliage,recover-20220811,009,1795
1346.0585,1346.0762,23750.0,27877.0,Nyctalus leisleri,0.123,0.206,-1,Echolocation,/mnt/ubna_data_01_mir/recover-20220811/UBNA_009/20220809_053000.WAV,Foliage,recover-20220811,009,1795
1346.6685,1346.6855,24609.0,29197.0,Nyctalus leisleri,0.117,0.247,-1,Echolocation,/mnt/ubna_data_01_mir/recover-20220811/UBNA_009/20220809_053000.WAV,Foliage,recover-20220811,009,1795
1346.8335,1346.8512,25468.0,29669.0,Nyctalus leisleri,0.114,0.231,-1,Echolocation,/mnt/ubna_data_01_mir/recover-20220811/UBNA_009/20220809_053000.WAV,Foliage,recover-20220811,009,1795
1356.4305,1356.4427,27187.0,32746.0,Eptesicus serotinus,0.161,0.324,-1,Echolocation,/mnt/ubna_data_01_mir/recover-20220811/UBNA_009/20220809_053000.WAV,Foliage,recover-20220811,009,1795
1356.8455,1356.8579,26328.0,31767.0,Nyctalus leisleri,0.166,0.336,-1,Echolocation,/mnt/ubna_data_01_mir/recover-20220811/UBNA_009/20220809_053000.WAV,Foliage,recover-20220811,009,1795
1357.1145,1357.132,26328.0,30847.0,Nyctalus leisleri,0.161,0.282,-1,Echolocation,/mnt/ubna_data_01_mir/recover-20220811/UBNA_009/20220809_053000.WAV,Foliage,recover-20220811,009,1795
1357.2625,1357.2807,26328.0,31354.0,Nyctalus leisleri,0.182,0.285,-1,Echolocation,/mnt/ubna_data_01_mir/recover-20220811/UBNA_009/20220809_053000.WAV,Foliage,recover-20220811,009,1795
1357.7085,1357.7243,26328.0,30197.0,Nyctalus leisleri,0.147,0.233,-1,Echolocation,/mnt/ubna_data_01_mir/recover-20220811/UBNA_009/20220809_053000.WAV,Foliage,recover-20220811,009,1795
1357.8535,1357.8688,26328.0,31867.0,Nyctalus leisleri,0.251,0.37,-1,Echolocation,/mnt/ubna_data_01_mir/recover-20220811/UBNA_009/20220809_053000.WAV,Foliage,recover-20220811,009,1795
1358.1235,1358.1384,26328.0,32670.0,Nyctalus leisleri,0.204,0.373,-1,Echolocation,/mnt/ubna_data_01_mir/recover-20220811/UBNA_009/20220809_053000.WAV,Foliage,recover-20220811,009,1795
1358.2955,1358.3105,26328.0,32428.0,Nyctalus leisleri,0.198,0.378,-1,Echolocation,/mnt/ubna_data_01_mir/recover-20220811/UBNA_009/20220809_053000.WAV,Foliage,recover-20220811,009,1795
1358.4405,1358.4561,25468.0,31636.0,Nyctalus leisleri,0.182,0.337,-1,Echolocation,/mnt/ubna_data_01_mir/recover-20220811/UBNA_009/20220809_053000.WAV,Foliage,recover-20220811,009,1795
1358.7055,1358.721,25468.0,33008.0,Eptesicus serotinus,0.182,0.345,-1,Echolocation,/mnt/ubna_data_01_mir/recover-20220811/UBNA_009/20220809_053000.WAV,Foliage,recover-20220811,009,1795
1358.8565,1358.8723,25468.0,32658.0,Nyctalus leisleri,0.254,0.461,-1,Echolocation,/mnt/ubna_data_01_mir/recover-20220811/UBNA_009/20220809_053000.WAV,Foliage,recover-20220811,009,1795
1359.1455,1359.1595,25468.0,32476.0,Eptesicus serotinus,0.161,0.316,-1,Echolocation,/mnt/ubna_data_01_mir/recover-20220811/UBNA_009/20220809_053000.WAV,Foliage,recover-20220811,009,1795
1359.2995,1359.3163,26328.0,31552.0,Nyctalus leisleri,0.218,0.369,-1,Echolocation,/mnt/ubna_data_01_mir/recover-20220811/UBNA_009/20220809_053000.WAV,Foliage,recover-20220811,009,1795
1359.4495,1359.462,26328.0,31707.0,Eptesicus serotinus,0.104,0.202,-1,Echolocation,/mnt/ubna_data_01_mir/recover-20220811/UBNA_009/20220809_053000.WAV,Foliage,recover-20220811,009,1795
1359.6135,1359.6291,26328.0,31620.0,Nyctalus leisleri,0.203,0.309,-1,Echolocation,/mnt/ubna_data_01_mir/recover-20220811/UBNA_009/20220809_053000.WAV,Foliage,recover-20220811,009,1795
1359.7645,1359.7786,26328.0,32959.0,Nyctalus leisleri,0.192,0.339,-1,Echolocation,/mnt/ubna_data_01_mir/recover-20220811/UBNA_009/20220809_053000.WAV,Foliage,recover-20220811,009,1795
1359.9145,1359.9292,26328.0,34084.0,Eptesicus serotinus,0.21,0.329,-1,Echolocation,/mnt/ubna_data_01_mir/recover-20220811/UBNA_009/20220809_053000.WAV,Foliage,recover-20220811,009,1795
1360.0775,1360.0923,27187.0,32351.0,Nyctalus leisleri,0.278,0.39,-1,Echolocation,/mnt/ubna_data_01_mir/recover-20220811/UBNA_009/20220809_053000.WAV,Foliage,recover-20220811,009,1795
1360.2305,1360.2464,26328.0,33166.0,Eptesicus serotinus,0.21,0.379,-1,Echolocation,/mnt/ubna_data_01_mir/recover-20220811/UBNA_009/20220809_053000.WAV,Foliage,recover-20220811,009,1795
1360.3915,1360.4064,27187.0,33446.0,Eptesicus serotinus,0.188,0.352,-1,Echolocation,/mnt/ubna_data_01_mir/recover-20220811/UBNA_009/20220809_053000.WAV,Foliage,recover-20220811,009,1795
1360.5545,1360.5704,27187.0,34456.0,Eptesicus serotinus,0.16,0.272,-1,Echolocation,/mnt/ubna_data_01_mir/recover-20220811/UBNA_009/20220809_053000.WAV,Foliage,recover-20220811,009,1795
1360.8495,1360.8648,26328.0,34460.0,Eptesicus serotinus,0.24,0.406,-1,Echolocation,/mnt/ubna_data_01_mir/recover-20220811/UBNA_009/20220809_053000.WAV,Foliage,recover-20220811,009,1795
1361.0045,1361.0197,27187.0,35340.0,Eptesicus serotinus,0.262,0.384,-1,Echolocation,/mnt/ubna_data_01_mir/recover-20220811/UBNA_009/20220809_053000.WAV,Foliage,recover-20220811,009,1795
1361.1665,1361.1822,27187.0,34439.0,Nyctalus leisleri,0.214,0.471,-1,Echolocation,/mnt/ubna_data_01_mir/recover-20220811/UBNA_009/20220809_053000.WAV,Foliage,recover-20220811,009,1795
1361.3035,1361.3182,27187.0,34736.0,Eptesicus serotinus,0.212,0.378,-1,Echolocation,/mnt/ubna_data_01_mir/recover-20220811/UBNA_009/20220809_053000.WAV,Foliage,recover-20220811,009,1795
1361.5735,1361.5888,27187.0,33713.0,Eptesicus serotinus,0.169,0.349,-1,Echolocation,/mnt/ubna_data_01_mir/recover-20220811/UBNA_009/20220809_053000.WAV,Foliage,recover-20220811,009,1795
1361.7315,1361.7446,26328.0,36617.0,Eptesicus serotinus,0.412,0.54,-1,Echolocation,/mnt/ubna_data_01_mir/recover-20220811/UBNA_009/20220809_053000.WAV,Foliage,recover-20220811,009,1795
1361.8915,1361.9048,26328.0,37761.0,Eptesicus serotinus,0.335,0.485,-1,Echolocation,/mnt/ubna_data_01_mir/recover-20220811/UBNA_009/20220809_053000.WAV,Foliage,recover-20220811,009,1795
1362.0525,1362.0637,27187.0,43907.0,Eptesicus serotinus,0.45,0.615,-1,Echolocation,/mnt/ubna_data_01_mir/recover-20220811/UBNA_009/20220809_053000.WAV,Foliage,recover-20220811,009,1795
1362.2095,1362.2217,27187.0,43138.0,Eptesicus serotinus,0.339,0.64,-1,Echolocation,/mnt/ubna_data_01_mir/recover-20220811/UBNA_009/20220809_053000.WAV,Foliage,recover-20220811,009,1795
1362.3735,1362.385,27187.0,42209.0,Eptesicus serotinus,0.408,0.605,-1,Echolocation,/mnt/ubna_data_01_mir/recover-20220811/UBNA_009/20220809_053000.WAV,Foliage,recover-20220811,009,1795
1362.5285,1362.5403,27187.0,44870.0,Eptesicus serotinus,0.361,0.644,-1,Echolocation,/mnt/ubna_data_01_mir/recover-20220811/UBNA_009/20220809_053000.WAV,Foliage,recover-20220811,009,1795
1362.6765,1362.6886,27187.0,44868.0,Eptesicus serotinus,0.348,0.606,-1,Echolocation,/mnt/ubna_data_01_mir/recover-20220811/UBNA_009/20220809_053000.WAV,Foliage,recover-20220811,009,1795
1362.8165,1362.8289,27187.0,47221.0,Eptesicus serotinus,0.358,0.626,-1,Echolocation,/mnt/ubna_data_01_mir/recover-20220811/UBNA_009/20220809_053000.WAV,Foliage,recover-20220811,009,1795
1362.9575,1362.968,28046.0,44627.0,Eptesicus serotinus,0.386,0.623,-1,Echolocation,/mnt/ubna_data_01_mir/recover-20220811/UBNA_009/20220809_053000.WAV,Foliage,recover-20220811,009,1795
1363.1065,1363.1196,27187.0,43173.0,Eptesicus serotinus,0.372,0.67,-1,Echolocation,/mnt/ubna_data_01_mir/recover-20220811/UBNA_009/20220809_053000.WAV,Foliage,recover-20220811,009,1795
1363.2635,1363.2754,28046.0,46024.0,Eptesicus serotinus,0.386,0.658,-1,Echolocation,/mnt/ubna_data_01_mir/recover-20220811/UBNA_009/20220809_053000.WAV,Foliage,recover-20220811,009,1795
1363.4215,1363.4315,28046.0,48492.0,Nyctalus leisleri,0.371,0.699,-1,Echolocation,/mnt/ubna_data_01_mir/recover-20220811/UBNA_009/20220809_053000.WAV,Foliage,recover-20220811,009,1795
1363.5755,1363.5866,28046.0,47123.0,Eptesicus serotinus,0.32,0.657,-1,Echolocation,/mnt/ubna_data_01_mir/recover-20220811/UBNA_009/20220809_053000.WAV,Foliage,recover-20220811,009,1795
1363.7285,1363.7396,43515.0,50779.0,Pipistrellus pipistrellus,0.178,0.205,-1,Echolocation,/mnt/ubna_data_01_mir/recover-20220811/UBNA_009/20220809_053000.WAV,Foliage,recover-20220811,009,1795
1363.7305,1363.7421,28046.0,46679.0,Nyctalus leisleri,0.379,0.684,-1,Echolocation,/mnt/ubna_data_01_mir/recover-20220811/UBNA_009/20220809_053000.WAV,Foliage,recover-20220811,009,1795
1363.8805,1363.89,28046.0,46060.0,Eptesicus serotinus,0.437,0.717,-1,Echolocation,/mnt/ubna_data_01_mir/recover-20220811/UBNA_009/20220809_053000.WAV,Foliage,recover-20220811,009,1795
1364.0085,1364.0185,28906.0,46570.0,Eptesicus serotinus,0.377,0.556,-1,Echolocation,/mnt/ubna_data_01_mir/recover-20220811/UBNA_009/20220809_053000.WAV,Foliage,recover-20220811,009,1795
1364.1505,1364.1614,29765.0,44792.0,Eptesicus serotinus,0.26,0.451,-1,Echolocation,/mnt/ubna_data_01_mir/recover-20220811/UBNA_009/20220809_053000.WAV,Foliage,recover-20220811,009,1795
1364.3155,1364.3265,29765.0,45360.0,Eptesicus serotinus,0.242,0.455,-1,Echolocation,/mnt/ubna_data_01_mir/recover-20220811/UBNA_009/20220809_053000.WAV,Foliage,recover-20220811,009,1795
1364.4855,1364.4971,29765.0,44256.0,Eptesicus serotinus,0.223,0.395,-1,Echolocation,/mnt/ubna_data_01_mir/recover-20220811/UBNA_009/20220809_053000.WAV,Foliage,recover-20220811,009,1795
1365.6755,1365.6907,34062.0,40576.0,Eptesicus serotinus,0.122,0.332,-1,Echolocation,/mnt/ubna_data_01_mir/recover-20220811/UBNA_009/20220809_053000.WAV,Foliage,recover-20220811,009,1795
1366.8685,1366.8887,29765.0,35790.0,Eptesicus serotinus,0.15,0.265,-1,Echolocation,/mnt/ubna_data_01_mir/recover-20220811/UBNA_009/20220809_053000.WAV,Foliage,recover-20220811,009,1795
1367.0025,1367.0178,29765.0,38211.0,Eptesicus serotinus,0.181,0.31,-1,Echolocation,/mnt/ubna_data_01_mir/recover-20220811/UBNA_009/20220809_053000.WAV,Foliage,recover-20220811,009,1795
1367.1505,1367.1616,28046.0,37124.0,Eptesicus serotinus,0.35,0.533,-1,Echolocation,/mnt/ubna_data_01_mir/recover-20220811/UBNA_009/20220809_053000.WAV,Foliage,recover-20220811,009,1795
1367.4435,1367.4555,28046.0,36848.0,Eptesicus serotinus,0.285,0.383,-1,Echolocation,/mnt/ubna_data_01_mir/recover-20220811/UBNA_009/20220809_053000.WAV,Foliage,recover-20220811,009,1795
1367.5895,1367.5989,28906.0,38000.0,Eptesicus serotinus,0.375,0.577,-1,Echolocation,/mnt/ubna_data_01_mir/recover-20220811/UBNA_009/20220809_053000.WAV,Foliage,recover-20220811,009,1795
1367.7355,1367.7456,28046.0,39508.0,Eptesicus serotinus,0.258,0.42,-1,Echolocation,/mnt/ubna_data_01_mir/recover-20220811/UBNA_009/20220809_053000.WAV,Foliage,recover-20220811,009,1795
1367.8785,1367.8917,28906.0,34978.0,Eptesicus serotinus,0.165,0.295,-1,Echolocation,/mnt/ubna_data_01_mir/recover-20220811/UBNA_009/20220809_053000.WAV,Foliage,recover-20220811,009,1795
1368.0175,1368.0258,28046.0,38062.0,Eptesicus serotinus,0.435,0.658,-1,Echolocation,/mnt/ubna_data_01_mir/recover-20220811/UBNA_009/20220809_053000.WAV,Foliage,recover-20220811,009,1795
1368.1655,1368.1751,28906.0,38562.0,Eptesicus serotinus,0.441,0.587,-1,Echolocation,/mnt/ubna_data_01_mir/recover-20220811/UBNA_009/20220809_053000.WAV,Foliage,recover-20220811,009,1795
1368.2985,1368.3074,28046.0,41841.0,Eptesicus serotinus,0.462,0.687,-1,Echolocation,/mnt/ubna_data_01_mir/recover-20220811/UBNA_009/20220809_053000.WAV,Foliage,recover-20220811,009,1795
1368.4335,1368.4414,28906.0,43792.0,Eptesicus serotinus,0.562,0.688,-1,Echolocation,/mnt/ubna_data_01_mir/recover-20220811/UBNA_009/20220809_053000.WAV,Foliage,recover-20220811,009,1795
1368.6565,1368.6659,28906.0,51496.0,Eptesicus serotinus,0.506,0.699,-1,Echolocation,/mnt/ubna_data_01_mir/recover-20220811/UBNA_009/20220809_053000.WAV,Foliage,recover-20220811,009,1795
1368.8535,1368.8606,31484.0,51339.0,Eptesicus serotinus,0.19,0.38,-1,Echolocation,/mnt/ubna_data_01_mir/recover-20220811/UBNA_009/20220809_053000.WAV,Foliage,recover-20220811,009,1795
1369.0455,1369.0522,34921.0,50545.0,Myotis daubentonii,0.089,0.296,-1,Echolocation,/mnt/ubna_data_01_mir/recover-20220811/UBNA_009/20220809_053000.WAV,Foliage,recover-20220811,009,1795
1369.2045,1369.2123,34062.0,46360.0,Eptesicus serotinus,0.183,0.333,-1,Echolocation,/mnt/ubna_data_01_mir/recover-20220811/UBNA_009/20220809_053000.WAV,Foliage,recover-20220811,009,1795
1369.3565,1369.3649,30625.0,47283.0,Eptesicus serotinus,0.326,0.423,-1,Echolocation,/mnt/ubna_data_01_mir/recover-20220811/UBNA_009/20220809_053000.WAV,Foliage,recover-20220811,009,1795
1369.5025,1369.513,29765.0,46777.0,Eptesicus serotinus,0.285,0.371,-1,Echolocation,/mnt/ubna_data_01_mir/recover-20220811/UBNA_009/20220809_053000.WAV,Foliage,recover-20220811,009,1795
1369.6465,1369.654,29765.0,45916.0,Eptesicus serotinus,0.397,0.528,-1,Echolocation,/mnt/ubna_data_01_mir/recover-20220811/UBNA_009/20220809_053000.WAV,Foliage,recover-20220811,009,1795
1369.7825,1369.7902,29765.0,51607.0,Eptesicus serotinus,0.435,0.54,-1,Echolocation,/mnt/ubna_data_01_mir/recover-20220811/UBNA_009/20220809_053000.WAV,Foliage,recover-20220811,009,1795
1369.9235,1369.9314,28906.0,47981.0,Eptesicus serotinus,0.547,0.623,-1,Echolocation,/mnt/ubna_data_01_mir/recover-20220811/UBNA_009/20220809_053000.WAV,Foliage,recover-20220811,009,1795
1370.0585,1370.0687,31484.0,53632.0,Eptesicus serotinus,0.079,0.262,-1,Echolocation,/mnt/ubna_data_01_mir/recover-20220811/UBNA_009/20220809_053000.WAV,Foliage,recover-20220811,009,1795
1370.1975,1370.2057,33203.0,56383.0,Myotis daubentonii,0.147,0.367,-1,Echolocation,/mnt/ubna_data_01_mir/recover-20220811/UBNA_009/20220809_053000.WAV,Foliage,recover-20220811,009,1795
1370.3435,1370.3524,34062.0,56654.0,Pipistrellus nathusii,0.154,0.305,-1,Echolocation,/mnt/ubna_data_01_mir/recover-20220811/UBNA_009/20220809_053000.WAV,Foliage,recover-20220811,009,1795
1370.5315,1370.5391,34062.0,55330.0,Myotis daubentonii,0.154,0.314,-1,Echolocation,/mnt/ubna_data_01_mir/recover-20220811/UBNA_009/20220809_053000.WAV,Foliage,recover-20220811,009,1795
1370.6735,1370.6808,31484.0,49808.0,Myotis daubentonii,0.103,0.299,-1,Echolocation,/mnt/ubna_data_01_mir/recover-20220811/UBNA_009/20220809_053000.WAV,Foliage,recover-20220811,009,1795
1370.8045,1370.8156,36640.0,47273.0,Pipistrellus nathusii,0.143,0.241,-1,Echolocation,/mnt/ubna_data_01_mir/recover-20220811/UBNA_009/20220809_053000.WAV,Foliage,recover-20220811,009,1795
1370.9295,1370.936,33203.0,49382.0,Eptesicus serotinus,0.118,0.335,-1,Echolocation,/mnt/ubna_data_01_mir/recover-20220811/UBNA_009/20220809_053000.WAV,Foliage,recover-20220811,009,1795
1371.0145,1371.0225,34921.0,49338.0,Myotis daubentonii,0.11,0.214,-1,Echolocation,/mnt/ubna_data_01_mir/recover-20220811/UBNA_009/20220809_053000.WAV,Foliage,recover-20220811,009,1795
1371.1275,1371.135,34921.0,56986.0,Myotis daubentonii,0.104,0.238,-1,Echolocation,/mnt/ubna_data_01_mir/recover-20220811/UBNA_009/20220809_053000.WAV,Foliage,recover-20220811,009,1795
1371.2275,1371.2352,34921.0,51461.0,Myotis daubentonii,0.103,0.22,-1,Echolocation,/mnt/ubna_data_01_mir/recover-20220811/UBNA_009/20220809_053000.WAV,Foliage,recover-20220811,009,1795
1371.3935,1371.4016,34062.0,44733.0,Pipistrellus nathusii,0.217,0.418,-1,Echolocation,/mnt/ubna_data_01_mir/recover-20220811/UBNA_009/20220809_053000.WAV,Foliage,recover-20220811,009,1795
1371.5185,1371.5259,28906.0,50488.0,Eptesicus serotinus,0.546,0.683,-1,Echolocation,/mnt/ubna_data_01_mir/recover-20220811/UBNA_009/20220809_053000.WAV,Foliage,recover-20220811,009,1795
1371.6535,1371.6635,28906.0,42681.0,Eptesicus serotinus,0.328,0.391,-1,Echolocation,/mnt/ubna_data_01_mir/recover-20220811/UBNA_009/20220809_053000.WAV,Foliage,recover-20220811,009,1795
1371.7855,1371.796,28046.0,43679.0,Eptesicus serotinus,0.395,0.589,-1,Echolocation,/mnt/ubna_data_01_mir/recover-20220811/UBNA_009/20220809_053000.WAV,Foliage,recover-20220811,009,1795
1372.0745,1372.0854,28046.0,38701.0,Eptesicus serotinus,0.458,0.566,-1,Echolocation,/mnt/ubna_data_01_mir/recover-20220811/UBNA_009/20220809_053000.WAV,Foliage,recover-20220811,009,1795
1372.2125,1372.2238,28906.0,43455.0,Eptesicus serotinus,0.186,0.228,-1,Echolocation,/mnt/ubna_data_01_mir/recover-20220811/UBNA_009/20220809_053000.WAV,Foliage,recover-20220811,009,1795
1372.3495,1372.3602,28046.0,42131.0,Eptesicus serotinus,0.461,0.599,-1,Echolocation,/mnt/ubna_data_01_mir/recover-20220811/UBNA_009/20220809_053000.WAV,Foliage,recover-20220811,009,1795
1372.4835,1372.4956,28906.0,35361.0,Eptesicus serotinus,0.238,0.344,-1,Echolocation,/mnt/ubna_data_01_mir/recover-20220811/UBNA_009/20220809_053000.WAV,Foliage,recover-20220811,009,1795
1372.6205,1372.6329,28046.0,35058.0,Eptesicus serotinus,0.259,0.427,-1,Echolocation,/mnt/ubna_data_01_mir/recover-20220811/UBNA_009/20220809_053000.WAV,Foliage,recover-20220811,009,1795
1372.7555,1372.7697,28046.0,33260.0,Eptesicus serotinus,0.156,0.343,-1,Echolocation,/mnt/ubna_data_01_mir/recover-20220811/UBNA_009/20220809_053000.WAV,Foliage,recover-20220811,009,1795
1379.7895,1379.7985,27187.0,37019.0,Eptesicus serotinus,0.432,0.568,-1,Echolocation,/mnt/ubna_data_01_mir/recover-20220811/UBNA_009/20220809_053000.WAV,Foliage,recover-20220811,009,1795
1380.0355,1380.0463,28906.0,34055.0,Eptesicus serotinus,0.205,0.386,-1,Echolocation,/mnt/ubna_data_01_mir/recover-20220811/UBNA_009/20220809_053000.WAV,Foliage,recover-20220811,009,1795
1380.1745,1380.1847,26328.0,33852.0,Eptesicus serotinus,0.322,0.63,-1,Echolocation,/mnt/ubna_data_01_mir/recover-20220811/UBNA_009/20220809_053000.WAV,Foliage,recover-20220811,009,1795
1380.2975,1380.3101,26328.0,34460.0,Eptesicus serotinus,0.303,0.47,-1,Echolocation,/mnt/ubna_data_01_mir/recover-20220811/UBNA_009/20220809_053000.WAV,Foliage,recover-20220811,009,1795
1380.4175,1380.4262,27187.0,36381.0,Eptesicus serotinus,0.33,0.688,-1,Echolocation,/mnt/ubna_data_01_mir/recover-20220811/UBNA_009/20220809_053000.WAV,Foliage,recover-20220811,009,1795
1380.5575,1380.5672,27187.0,34367.0,Eptesicus serotinus,0.299,0.63,-1,Echolocation,/mnt/ubna_data_01_mir/recover-20220811/UBNA_009/20220809_053000.WAV,Foliage,recover-20220811,009,1795
1380.6925,1380.702,28046.0,35233.0,Eptesicus serotinus,0.329,0.542,-1,Echolocation,/mnt/ubna_data_01_mir/recover-20220811/UBNA_009/20220809_053000.WAV,Foliage,recover-20220811,009,1795
1380.8355,1380.8465,28046.0,33799.0,Nyctalus leisleri,0.254,0.517,-1,Echolocation,/mnt/ubna_data_01_mir/recover-20220811/UBNA_009/20220809_053000.WAV,Foliage,recover-20220811,009,1795
1381.7585,1381.7724,27187.0,31432.0,Nyctalus leisleri,0.174,0.291,-1,Echolocation,/mnt/ubna_data_01_mir/recover-20220811/UBNA_009/20220809_053000.WAV,Foliage,recover-20220811,009,1795
1382.6025,1382.6188,23750.0,28920.0,Nyctalus noctula,0.088,0.233,-1,Echolocation,/mnt/ubna_data_01_mir/recover-20220811/UBNA_009/20220809_053000.WAV,Foliage,recover-20220811,009,1795
1383.9765,1383.9882,26328.0,31233.0,Nyctalus leisleri,0.113,0.252,-1,Echolocation,/mnt/ubna_data_01_mir/recover-20220811/UBNA_009/20220809_053000.WAV,Foliage,recover-20220811,009,1795
1384.2545,1384.2701,26328.0,31495.0,Nyctalus leisleri,0.323,0.522,-1,Echolocation,/mnt/ubna_data_01_mir/recover-20220811/UBNA_009/20220809_053000.WAV,Foliage,recover-20220811,009,1795
1384.4105,1384.4249,26328.0,30162.0,Nyctalus leisleri,0.213,0.332,-1,Echolocation,/mnt/ubna_data_01_mir/recover-20220811/UBNA_009/20220809_053000.WAV,Foliage,recover-20220811,009,1795
1384.5485,1384.5612,26328.0,31313.0,Eptesicus serotinus,0.139,0.296,-1,Echolocation,/mnt/ubna_data_01_mir/recover-20220811/UBNA_009/20220809_053000.WAV,Foliage,recover-20220811,009,1795
1423.3085,1423.3219,25468.0,30946.0,Nyctalus leisleri,0.2,0.355,-1,Echolocation,/mnt/ubna_data_01_mir/recover-20220811/UBNA_009/20220809_053000.WAV,Foliage,recover-20220811,009,1795
1423.4715,1423.4856,25468.0,29950.0,Nyctalus leisleri,0.122,0.241,-1,Echolocation,/mnt/ubna_data_01_mir/recover-20220811/UBNA_009/20220809_053000.WAV,Foliage,recover-20220811,009,1795
1423.6155,1423.6328,26328.0,31259.0,Nyctalus leisleri,0.148,0.249,-1,Echolocation,/mnt/ubna_data_01_mir/recover-20220811/UBNA_009/20220809_053000.WAV,Foliage,recover-20220811,009,1795
1423.9325,1423.9446,26328.0,31302.0,Nyctalus leisleri,0.27,0.454,-1,Echolocation,/mnt/ubna_data_01_mir/recover-20220811/UBNA_009/20220809_053000.WAV,Foliage,recover-20220811,009,1795
1424.0875,1424.1016,26328.0,30727.0,Nyctalus leisleri,0.397,0.57,-1,Echolocation,/mnt/ubna_data_01_mir/recover-20220811/UBNA_009/20220809_053000.WAV,Foliage,recover-20220811,009,1795
1424.2325,1424.2465,25468.0,32214.0,Eptesicus serotinus,0.241,0.457,-1,Echolocation,/mnt/ubna_data_01_mir/recover-20220811/UBNA_009/20220809_053000.WAV,Foliage,recover-20220811,009,1795
1424.3835,1424.3978,25468.0,31445.0,Nyctalus leisleri,0.27,0.555,-1,Echolocation,/mnt/ubna_data_01_mir/recover-20220811/UBNA_009/20220809_053000.WAV,Foliage,recover-20220811,009,1795
1424.5375,1424.5509,25468.0,32718.0,Nyctalus leisleri,0.29,0.559,-1,Echolocation,/mnt/ubna_data_01_mir/recover-20220811/UBNA_009/20220809_053000.WAV,Foliage,recover-20220811,009,1795
1425.5425,1425.5538,25468.0,31495.0,Eptesicus serotinus,0.181,0.365,-1,Echolocation,/mnt/ubna_data_01_mir/recover-20220811/UBNA_009/20220809_053000.WAV,Foliage,recover-20220811,009,1795
1426.2875,1426.2994,27187.0,32269.0,Nyctalus leisleri,0.173,0.313,-1,Echolocation,/mnt/ubna_data_01_mir/recover-20220811/UBNA_009/20220809_053000.WAV,Foliage,recover-20220811,009,1795
1426.4315,1426.4454,27187.0,31483.0,Nyctalus leisleri,0.135,0.26,-1,Echolocation,/mnt/ubna_data_01_mir/recover-20220811/UBNA_009/20220809_053000.WAV,Foliage,recover-20220811,009,1795
1427.2705,1427.2863,25468.0,30323.0,Nyctalus leisleri,0.15,0.26,-1,Echolocation,/mnt/ubna_data_01_mir/recover-20220811/UBNA_009/20220809_053000.WAV,Foliage,recover-20220811,009,1795
1442.4415,1442.4546,23750.0,29335.0,Nyctalus leisleri,0.175,0.413,-1,Echolocation,/mnt/ubna_data_01_mir/recover-20220811/UBNA_009/20220809_053000.WAV,Foliage,recover-20220811,009,1795
1447.2925,1447.3098,22890.0,27947.0,Nyctalus noctula,0.153,0.346,-1,Echolocation,/mnt/ubna_data_01_mir/recover-20220811/UBNA_009/20220809_053000.WAV,Foliage,recover-20220811,009,1795
1447.5245,1447.5443,23750.0,28460.0,Nyctalus leisleri,0.151,0.282,-1,Echolocation,/mnt/ubna_data_01_mir/recover-20220811/UBNA_009/20220809_053000.WAV,Foliage,recover-20220811,009,1795
1448.1075,1448.1265,23750.0,28112.0,Nyctalus leisleri,0.148,0.236,-1,Echolocation,/mnt/ubna_data_01_mir/recover-20220811/UBNA_009/20220809_053000.WAV,Foliage,recover-20220811,009,1795
1448.3265,1448.3494,22890.0,26939.0,Nyctalus noctula,0.115,0.235,-1,Echolocation,/mnt/ubna_data_01_mir/recover-20220811/UBNA_009/20220809_053000.WAV,Foliage,recover-20220811,009,1795
1448.6535,1448.6697,23750.0,28880.0,Nyctalus leisleri,0.315,0.48,-1,Echolocation,/mnt/ubna_data_01_mir/recover-20220811/UBNA_009/20220809_053000.WAV,Foliage,recover-20220811,009,1795
1449.1415,1449.1605,22890.0,28275.0,Nyctalus leisleri,0.24,0.396,-1,Echolocation,/mnt/ubna_data_01_mir/recover-20220811/UBNA_009/20220809_053000.WAV,Foliage,recover-20220811,009,1795
1449.3965,1449.4092,22890.0,29376.0,Nyctalus leisleri,0.282,0.625,-1,Echolocation,/mnt/ubna_data_01_mir/recover-20220811/UBNA_009/20220809_053000.WAV,Foliage,recover-20220811,009,1795
1449.6625,1449.6825,22031.0,28938.0,Nyctalus noctula,0.201,0.46,-1,Echolocation,/mnt/ubna_data_01_mir/recover-20220811/UBNA_009/20220809_053000.WAV,Foliage,recover-20220811,009,1795
1452.2285,1452.244,24609.0,28542.0,Nyctalus leisleri,0.238,0.348,-1,Echolocation,/mnt/ubna_data_01_mir/recover-20220811/UBNA_009/20220809_053000.WAV,Foliage,recover-20220811,009,1795
1452.4625,1452.4823,23750.0,29178.0,Nyctalus leisleri,0.144,0.308,-1,Echolocation,/mnt/ubna_data_01_mir/recover-20220811/UBNA_009/20220809_053000.WAV,Foliage,recover-20220811,009,1795
1452.6925,1452.7171,22890.0,27818.0,Nyctalus noctula,0.136,0.272,-1,Echolocation,/mnt/ubna_data_01_mir/recover-20220811/UBNA_009/20220809_053000.WAV,Foliage,recover-20220811,009,1795
1453.0465,1453.0615,23750.0,28931.0,Nyctalus leisleri,0.246,0.412,-1,Echolocation,/mnt/ubna_data_01_mir/recover-20220811/UBNA_009/20220809_053000.WAV,Foliage,recover-20220811,009,1795
1453.3125,1453.3285,23750.0,30124.0,Nyctalus leisleri,0.19,0.459,-1,Echolocation,/mnt/ubna_data_01_mir/recover-20220811/UBNA_009/20220809_053000.WAV,Foliage,recover-20220811,009,1795
1453.5785,1453.593,23750.0,29502.0,Nyctalus leisleri,0.316,0.54,-1,Echolocation,/mnt/ubna_data_01_mir/recover-20220811/UBNA_009/20220809_053000.WAV,Foliage,recover-20220811,009,1795
1453.8375,1453.8528,22890.0,27203.0,Nyctalus leisleri,0.265,0.5,-1,Echolocation,/mnt/ubna_data_01_mir/recover-20220811/UBNA_009/20220809_053000.WAV,Foliage,recover-20220811,009,1795
1454.1035,1454.1301,22031.0,28214.0,Nyctalus noctula,0.26,0.356,-1,Echolocation,/mnt/ubna_data_01_mir/recover-20220811/UBNA_009/20220809_053000.WAV,Foliage,recover-20220811,009,1795
1454.7945,1454.8207,22890.0,27845.0,Nyctalus noctula,0.109,0.251,-1,Echolocation,/mnt/ubna_data_01_mir/recover-20220811/UBNA_009/20220809_053000.WAV,Foliage,recover-20220811,009,1795
1455.2065,1455.2309,22890.0,27608.0,Nyctalus noctula,0.096,0.226,-1,Echolocation,/mnt/ubna_data_01_mir/recover-20220811/UBNA_009/20220809_053000.WAV,Foliage,recover-20220811,009,1795
1456.0085,1456.0268,25468.0,29405.0,Nyctalus leisleri,0.127,0.227,-1,Echolocation,/mnt/ubna_data_01_mir/recover-20220811/UBNA_009/20220809_053000.WAV,Foliage,recover-20220811,009,1795
1457.4915,1457.5035,26328.0,30658.0,Nyctalus leisleri,0.19,0.361,-1,Echolocation,/mnt/ubna_data_01_mir/recover-20220811/UBNA_009/20220809_053000.WAV,Foliage,recover-20220811,009,1795
1457.7605,1457.778,25468.0,29520.0,Nyctalus leisleri,0.229,0.331,-1,Echolocation,/mnt/ubna_data_01_mir/recover-20220811/UBNA_009/20220809_053000.WAV,Foliage,recover-20220811,009,1795
1457.9205,1457.9332,24609.0,30218.0,Nyctalus leisleri,0.358,0.563,-1,Echolocation,/mnt/ubna_data_01_mir/recover-20220811/UBNA_009/20220809_053000.WAV,Foliage,recover-20220811,009,1795
1458.4745,1458.4862,23750.0,29368.0,Nyctalus leisleri,0.244,0.479,-1,Echolocation,/mnt/ubna_data_01_mir/recover-20220811/UBNA_009/20220809_053000.WAV,Foliage,recover-20220811,009,1795
1458.6325,1458.6464,25468.0,29739.0,Nyctalus leisleri,0.349,0.48,-1,Echolocation,/mnt/ubna_data_01_mir/recover-20220811/UBNA_009/20220809_053000.WAV,Foliage,recover-20220811,009,1795
1470.7855,1470.8087,25468.0,29721.0,Nyctalus leisleri,0.137,0.244,-1,Echolocation,/mnt/ubna_data_01_mir/recover-20220811/UBNA_009/20220809_053000.WAV,Foliage,recover-20220811,009,1795
1471.1895,1471.2067,25468.0,28715.0,Nyctalus leisleri,0.285,0.355,-1,Echolocation,/mnt/ubna_data_01_mir/recover-20220811/UBNA_009/20220809_053000.WAV,Foliage,recover-20220811,009,1795
1471.4565,1471.4732,25468.0,29616.0,Nyctalus leisleri,0.26,0.364,-1,Echolocation,/mnt/ubna_data_01_mir/recover-20220811/UBNA_009/20220809_053000.WAV,Foliage,recover-20220811,009,1795
1472.2685,1472.2888,25468.0,29342.0,Nyctalus leisleri,0.215,0.296,-1,Echolocation,/mnt/ubna_data_01_mir/recover-20220811/UBNA_009/20220809_053000.WAV,Foliage,recover-20220811,009,1795
1472.5465,1472.5709,24609.0,28834.0,Nyctalus leisleri,0.19,0.279,-1,Echolocation,/mnt/ubna_data_01_mir/recover-20220811/UBNA_009/20220809_053000.WAV,Foliage,recover-20220811,009,1795
1472.9565,1472.9762,25468.0,30233.0,Nyctalus leisleri,0.181,0.283,-1,Echolocation,/mnt/ubna_data_01_mir/recover-20220811/UBNA_009/20220809_053000.WAV,Foliage,recover-20220811,009,1795
1473.2255,1473.246,25468.0,29510.0,Nyctalus leisleri,0.238,0.34,-1,Echolocation,/mnt/ubna_data_01_mir/recover-20220811/UBNA_009/20220809_053000.WAV,Foliage,recover-20220811,009,1795
1473.3795,1473.3967,25468.0,28509.0,Nyctalus leisleri,0.241,0.301,-1,Echolocation,/mnt/ubna_data_01_mir/recover-20220811/UBNA_009/20220809_053000.WAV,Foliage,recover-20220811,009,1795
1473.6365,1473.6515,25468.0,30572.0,Nyctalus leisleri,0.207,0.34,-1,Echolocation,/mnt/ubna_data_01_mir/recover-20220811/UBNA_009/20220809_053000.WAV,Foliage,recover-20220811,009,1795
1473.7945,1473.8136,24609.0,29640.0,Nyctalus leisleri,0.198,0.337,-1,Echolocation,/mnt/ubna_data_01_mir/recover-20220811/UBNA_009/20220809_053000.WAV,Foliage,recover-20220811,009,1795
1473.9565,1473.9741,25468.0,31539.0,Nyctalus leisleri,0.166,0.357,-1,Echolocation,/mnt/ubna_data_01_mir/recover-20220811/UBNA_009/20220809_053000.WAV,Foliage,recover-20220811,009,1795
1474.1545,1474.1716,24609.0,30338.0,Nyctalus leisleri,0.255,0.437,-1,Echolocation,/mnt/ubna_data_01_mir/recover-20220811/UBNA_009/20220809_053000.WAV,Foliage,recover-20220811,009,1795
1474.4145,1474.4347,24609.0,29781.0,Nyctalus leisleri,0.224,0.355,-1,Echolocation,/mnt/ubna_data_01_mir/recover-20220811/UBNA_009/20220809_053000.WAV,Foliage,recover-20220811,009,1795
1474.6915,1474.7078,25468.0,30613.0,Nyctalus leisleri,0.351,0.476,-1,Echolocation,/mnt/ubna_data_01_mir/recover-20220811/UBNA_009/20220809_053000.WAV,Foliage,recover-20220811,009,1795
1474.9735,1474.9902,24609.0,29569.0,Nyctalus leisleri,0.251,0.402,-1,Echolocation,/mnt/ubna_data_01_mir/recover-20220811/UBNA_009/20220809_053000.WAV,Foliage,recover-20220811,009,1795
1475.2595,1475.2769,24609.0,29500.0,Nyctalus leisleri,0.389,0.519,-1,Echolocation,/mnt/ubna_data_01_mir/recover-20220811/UBNA_009/20220809_053000.WAV,Foliage,recover-20220811,009,1795
1475.5475,1475.5677,24609.0,29212.0,Nyctalus leisleri,0.265,0.407,-1,Echolocation,/mnt/ubna_data_01_mir/recover-20220811/UBNA_009/20220809_053000.WAV,Foliage,recover-20220811,009,1795
1475.9685,1475.9848,23750.0,29347.0,Nyctalus leisleri,0.232,0.442,-1,Echolocation,/mnt/ubna_data_01_mir/recover-20220811/UBNA_009/20220809_053000.WAV,Foliage,recover-20220811,009,1795
1477.2415,1477.2603,24609.0,28608.0,Nyctalus leisleri,0.126,0.238,-1,Echolocation,/mnt/ubna_data_01_mir/recover-20220811/UBNA_009/20220809_053000.WAV,Foliage,recover-20220811,009,1795
1480.8305,1480.8428,24609.0,29841.0,Nyctalus leisleri,0.213,0.419,-1,Echolocation,/mnt/ubna_data_01_mir/recover-20220811/UBNA_009/20220809_053000.WAV,Foliage,recover-20220811,009,1795
1510.9005,1510.9142,23750.0,28389.0,Nyctalus leisleri,0.174,0.378,-1,Echolocation,/mnt/ubna_data_01_mir/recover-20220811/UBNA_009/20220809_053000.WAV,Foliage,recover-20220811,009,1795
1515.1615,1515.1733,23750.0,29147.0,Eptesicus serotinus,0.106,0.226,-1,Echolocation,/mnt/ubna_data_01_mir/recover-20220811/UBNA_009/20220809_053000.WAV,Foliage,recover-20220811,009,1795
1533.1655,1533.1815,24609.0,29005.0,Nyctalus leisleri,0.104,0.224,-1,Echolocation,/mnt/ubna_data_01_mir/recover-20220811/UBNA_009/20220809_053000.WAV,Foliage,recover-20220811,009,1795
1556.3905,1556.4009,28906.0,35119.0,Eptesicus serotinus,0.137,0.237,-1,Echolocation,/mnt/ubna_data_01_mir/recover-20220811/UBNA_009/20220809_053000.WAV,Foliage,recover-20220811,009,1795
1567.5765,1567.5951,24609.0,29335.0,Nyctalus leisleri,0.111,0.221,-1,Echolocation,/mnt/ubna_data_01_mir/recover-20220811/UBNA_009/20220809_053000.WAV,Foliage,recover-20220811,009,1795
1567.8845,1567.8983,23750.0,29426.0,Nyctalus leisleri,0.245,0.474,-1,Echolocation,/mnt/ubna_data_01_mir/recover-20220811/UBNA_009/20220809_053000.WAV,Foliage,recover-20220811,009,1795
1568.0505,1568.0657,23750.0,29105.0,Nyctalus leisleri,0.339,0.509,-1,Echolocation,/mnt/ubna_data_01_mir/recover-20220811/UBNA_009/20220809_053000.WAV,Foliage,recover-20220811,009,1795
1568.1755,1568.1863,23750.0,29042.0,Eptesicus serotinus,0.132,0.298,-1,Echolocation,/mnt/ubna_data_01_mir/recover-20220811/UBNA_009/20220809_053000.WAV,Foliage,recover-20220811,009,1795
1568.2845,1568.295,24609.0,30983.0,Eptesicus serotinus,0.102,0.239,-1,Echolocation,/mnt/ubna_data_01_mir/recover-20220811/UBNA_009/20220809_053000.WAV,Foliage,recover-20220811,009,1795
1569.5125,1569.5287,23750.0,28859.0,Nyctalus leisleri,0.133,0.292,-1,Echolocation,/mnt/ubna_data_01_mir/recover-20220811/UBNA_009/20220809_053000.WAV,Foliage,recover-20220811,009,1795
1570.5495,1570.5658,24609.0,30270.0,Nyctalus leisleri,0.257,0.47,-1,Echolocation,/mnt/ubna_data_01_mir/recover-20220811/UBNA_009/20220809_053000.WAV,Foliage,recover-20220811,009,1795
1570.9355,1570.9526,23750.0,29549.0,Nyctalus leisleri,0.285,0.482,-1,Echolocation,/mnt/ubna_data_01_mir/recover-20220811/UBNA_009/20220809_053000.WAV,Foliage,recover-20220811,009,1795
1571.3545,1571.3724,24609.0,28346.0,Nyctalus leisleri,0.158,0.242,-1,Echolocation,/mnt/ubna_data_01_mir/recover-20220811/UBNA_009/20220809_053000.WAV,Foliage,recover-20220811,009,1795
1571.4685,1571.4821,24609.0,30290.0,Nyctalus leisleri,0.417,0.598,-1,Echolocation,/mnt/ubna_data_01_mir/recover-20220811/UBNA_009/20220809_053000.WAV,Foliage,recover-20220811,009,1795
1571.5905,1571.6023,25468.0,29617.0,Nyctalus leisleri,0.11,0.206,-1,Echolocation,/mnt/ubna_data_01_mir/recover-20220811/UBNA_009/20220809_053000.WAV,Foliage,recover-20220811,009,1795
1571.8755,1571.8853,27187.0,33277.0,Eptesicus serotinus,0.176,0.398,-1,Echolocation,/mnt/ubna_data_01_mir/recover-20220811/UBNA_009/20220809_053000.WAV,Foliage,recover-20220811,009,1795
1573.0795,1573.0908,24609.0,31096.0,Eptesicus serotinus,0.213,0.417,-1,Echolocation,/mnt/ubna_data_01_mir/recover-20220811/UBNA_009/20220809_053000.WAV,Foliage,recover-20220811,009,1795
1573.2105,1573.222,25468.0,31440.0,Eptesicus serotinus,0.139,0.264,-1,Echolocation,/mnt/ubna_data_01_mir/recover-20220811/UBNA_009/20220809_053000.WAV,Foliage,recover-20220811,009,1795
1573.3515,1573.3658,24609.0,29159.0,Nyctalus leisleri,0.242,0.383,-1,Echolocation,/mnt/ubna_data_01_mir/recover-20220811/UBNA_009/20220809_053000.WAV,Foliage,recover-20220811,009,1795
1573.4925,1573.5051,24609.0,31331.0,Nyctalus leisleri,0.275,0.568,-1,Echolocation,/mnt/ubna_data_01_mir/recover-20220811/UBNA_009/20220809_053000.WAV,Foliage,recover-20220811,009,1795
1573.6245,1573.6361,25468.0,31923.0,Nyctalus leisleri,0.221,0.456,-1,Echolocation,/mnt/ubna_data_01_mir/recover-20220811/UBNA_009/20220809_053000.WAV,Foliage,recover-20220811,009,1795
1573.7665,1573.7811,24609.0,29523.0,Nyctalus leisleri,0.261,0.414,-1,Echolocation,/mnt/ubna_data_01_mir/recover-20220811/UBNA_009/20220809_053000.WAV,Foliage,recover-20220811,009,1795
1573.9255,1573.9384,24609.0,31257.0,Nyctalus leisleri,0.276,0.575,-1,Echolocation,/mnt/ubna_data_01_mir/recover-20220811/UBNA_009/20220809_053000.WAV,Foliage,recover-20220811,009,1795
1574.0775,1574.0903,25468.0,31471.0,Nyctalus leisleri,0.265,0.481,-1,Echolocation,/mnt/ubna_data_01_mir/recover-20220811/UBNA_009/20220809_053000.WAV,Foliage,recover-20220811,009,1795
1574.3495,1574.3648,24609.0,30384.0,Nyctalus leisleri,0.224,0.396,-1,Echolocation,/mnt/ubna_data_01_mir/recover-20220811/UBNA_009/20220809_053000.WAV,Foliage,recover-20220811,009,1795
1574.5065,1574.5277,23750.0,29226.0,Nyctalus leisleri,0.192,0.336,-1,Echolocation,/mnt/ubna_data_01_mir/recover-20220811/UBNA_009/20220809_053000.WAV,Foliage,recover-20220811,009,1795
1574.6685,1574.6849,23750.0,28663.0,Nyctalus leisleri,0.357,0.499,-1,Echolocation,/mnt/ubna_data_01_mir/recover-20220811/UBNA_009/20220809_053000.WAV,Foliage,recover-20220811,009,1795
1574.8375,1574.8551,24609.0,28628.0,Nyctalus leisleri,0.359,0.457,-1,Echolocation,/mnt/ubna_data_01_mir/recover-20220811/UBNA_009/20220809_053000.WAV,Foliage,recover-20220811,009,1795
1575.1135,1575.1289,23750.0,29630.0,Nyctalus leisleri,0.212,0.446,-1,Echolocation,/mnt/ubna_data_01_mir/recover-20220811/UBNA_009/20220809_053000.WAV,Foliage,recover-20220811,009,1795
1575.3835,1575.409,23750.0,27935.0,Nyctalus leisleri,0.149,0.266,-1,Echolocation,/mnt/ubna_data_01_mir/recover-20220811/UBNA_009/20220809_053000.WAV,Foliage,recover-20220811,009,1795
1575.5645,1575.5831,23750.0,29054.0,Nyctalus leisleri,0.188,0.339,-1,Echolocation,/mnt/ubna_data_01_mir/recover-20220811/UBNA_009/20220809_053000.WAV,Foliage,recover-20220811,009,1795
1575.7375,1575.7597,23750.0,28680.0,Nyctalus leisleri,0.15,0.318,-1,Echolocation,/mnt/ubna_data_01_mir/recover-20220811/UBNA_009/20220809_053000.WAV,Foliage,recover-20220811,009,1795
1575.9245,1575.9453,23750.0,28745.0,Nyctalus leisleri,0.145,0.273,-1,Echolocation,/mnt/ubna_data_01_mir/recover-20220811/UBNA_009/20220809_053000.WAV,Foliage,recover-20220811,009,1795
1576.0835,1576.1029,24609.0,28923.0,Nyctalus leisleri,0.202,0.283,-1,Echolocation,/mnt/ubna_data_01_mir/recover-20220811/UBNA_009/20220809_053000.WAV,Foliage,recover-20220811,009,1795
1576.2605,1576.2839,23750.0,29340.0,Nyctalus leisleri,0.13,0.274,-1,Echolocation,/mnt/ubna_data_01_mir/recover-20220811/UBNA_009/20220809_053000.WAV,Foliage,recover-20220811,009,1795
1576.4265,1576.4497,23750.0,29289.0,Nyctalus leisleri,0.148,0.316,-1,Echolocation,/mnt/ubna_data_01_mir/recover-20220811/UBNA_009/20220809_053000.WAV,Foliage,recover-20220811,009,1795
1576.5825,1576.5981,24609.0,31265.0,Nyctalus leisleri,0.163,0.339,-1,Echolocation,/mnt/ubna_data_01_mir/recover-20220811/UBNA_009/20220809_053000.WAV,Foliage,recover-20220811,009,1795
1576.7375,1576.7565,24609.0,30123.0,Nyctalus leisleri,0.145,0.288,-1,Echolocation,/mnt/ubna_data_01_mir/recover-20220811/UBNA_009/20220809_053000.WAV,Foliage,recover-20220811,009,1795
1577.0435,1577.0596,25468.0,32026.0,Eptesicus serotinus,0.142,0.284,-1,Echolocation,/mnt/ubna_data_01_mir/recover-20220811/UBNA_009/20220809_053000.WAV,Foliage,recover-20220811,009,1795
1577.1845,1577.1992,25468.0,30547.0,Nyctalus leisleri,0.131,0.257,-1,Echolocation,/mnt/ubna_data_01_mir/recover-20220811/UBNA_009/20220809_053000.WAV,Foliage,recover-20220811,009,1795
1577.3215,1577.3398,25468.0,31620.0,Eptesicus serotinus,0.106,0.223,-1,Echolocation,/mnt/ubna_data_01_mir/recover-20220811/UBNA_009/20220809_053000.WAV,Foliage,recover-20220811,009,1795
1577.5455,1577.5613,24609.0,32918.0,Eptesicus serotinus,0.186,0.333,-1,Echolocation,/mnt/ubna_data_01_mir/recover-20220811/UBNA_009/20220809_053000.WAV,Foliage,recover-20220811,009,1795
1577.6735,1577.6891,25468.0,32430.0,Eptesicus serotinus,0.13,0.254,-1,Echolocation,/mnt/ubna_data_01_mir/recover-20220811/UBNA_009/20220809_053000.WAV,Foliage,recover-20220811,009,1795
1577.8075,1577.8233,25468.0,31688.0,Nyctalus leisleri,0.264,0.447,-1,Echolocation,/mnt/ubna_data_01_mir/recover-20220811/UBNA_009/20220809_053000.WAV,Foliage,recover-20220811,009,1795
1578.0305,1578.0446,24609.0,31286.0,Nyctalus leisleri,0.214,0.434,-1,Echolocation,/mnt/ubna_data_01_mir/recover-20220811/UBNA_009/20220809_053000.WAV,Foliage,recover-20220811,009,1795
1578.1535,1578.1725,24609.0,31470.0,Eptesicus serotinus,0.17,0.332,-1,Echolocation,/mnt/ubna_data_01_mir/recover-20220811/UBNA_009/20220809_053000.WAV,Foliage,recover-20220811,009,1795
1578.3625,1578.3827,23750.0,31641.0,Eptesicus serotinus,0.203,0.407,-1,Echolocation,/mnt/ubna_data_01_mir/recover-20220811/UBNA_009/20220809_053000.WAV,Foliage,recover-20220811,009,1795
1578.7395,1578.7523,24609.0,29430.0,Nyctalus leisleri,0.204,0.433,-1,Echolocation,/mnt/ubna_data_01_mir/recover-20220811/UBNA_009/20220809_053000.WAV,Foliage,recover-20220811,009,1795
1579.9295,1579.9448,25468.0,31266.0,Eptesicus serotinus,0.172,0.384,-1,Echolocation,/mnt/ubna_data_01_mir/recover-20220811/UBNA_009/20220809_053000.WAV,Foliage,recover-20220811,009,1795
1580.3875,1580.4079,24609.0,28804.0,Nyctalus leisleri,0.151,0.24,-1,Echolocation,/mnt/ubna_data_01_mir/recover-20220811/UBNA_009/20220809_053000.WAV,Foliage,recover-20220811,009,1795
1580.5875,1580.6059,24609.0,29704.0,Nyctalus leisleri,0.284,0.406,-1,Echolocation,/mnt/ubna_data_01_mir/recover-20220811/UBNA_009/20220809_053000.WAV,Foliage,recover-20220811,009,1795
1580.7505,1580.7713,25468.0,30479.0,Nyctalus leisleri,0.138,0.246,-1,Echolocation,/mnt/ubna_data_01_mir/recover-20220811/UBNA_009/20220809_053000.WAV,Foliage,recover-20220811,009,1795
1580.9155,1580.9294,23750.0,28179.0,Nyctalus leisleri,0.182,0.32,-1,Echolocation,/mnt/ubna_data_01_mir/recover-20220811/UBNA_009/20220809_053000.WAV,Foliage,recover-20220811,009,1795
1581.0445,1581.0632,24609.0,29107.0,Nyctalus leisleri,0.206,0.314,-1,Echolocation,/mnt/ubna_data_01_mir/recover-20220811/UBNA_009/20220809_053000.WAV,Foliage,recover-20220811,009,1795
1581.2005,1581.2183,25468.0,29654.0,Nyctalus leisleri,0.139,0.225,-1,Echolocation,/mnt/ubna_data_01_mir/recover-20220811/UBNA_009/20220809_053000.WAV,Foliage,recover-20220811,009,1795
1581.4745,1581.4871,23750.0,30102.0,Nyctalus leisleri,0.306,0.608,-1,Echolocation,/mnt/ubna_data_01_mir/recover-20220811/UBNA_009/20220809_053000.WAV,Foliage,recover-20220811,009,1795
1581.6255,1581.6484,23750.0,29554.0,Nyctalus leisleri,0.127,0.245,-1,Echolocation,/mnt/ubna_data_01_mir/recover-20220811/UBNA_009/20220809_053000.WAV,Foliage,recover-20220811,009,1795
1581.9035,1581.9255,22890.0,27376.0,Nyctalus leisleri,0.123,0.285,-1,Echolocation,/mnt/ubna_data_01_mir/recover-20220811/UBNA_009/20220809_053000.WAV,Foliage,recover-20220811,009,1795
1582.1605,1582.1807,23750.0,28522.0,Nyctalus leisleri,0.113,0.207,-1,Echolocation,/mnt/ubna_data_01_mir/recover-20220811/UBNA_009/20220809_053000.WAV,Foliage,recover-20220811,009,1795
1582.3085,1582.3278,24609.0,29377.0,Nyctalus leisleri,0.204,0.317,-1,Echolocation,/mnt/ubna_data_01_mir/recover-20220811/UBNA_009/20220809_053000.WAV,Foliage,recover-20220811,009,1795
1582.7775,1582.7987,24609.0,28356.0,Nyctalus leisleri,0.179,0.324,-1,Echolocation,/mnt/ubna_data_01_mir/recover-20220811/UBNA_009/20220809_053000.WAV,Foliage,recover-20220811,009,1795
1583.1175,1583.135,24609.0,29321.0,Nyctalus leisleri,0.193,0.319,-1,Echolocation,/mnt/ubna_data_01_mir/recover-20220811/UBNA_009/20220809_053000.WAV,Foliage,recover-20220811,009,1795
1583.2855,1583.3032,24609.0,29668.0,Nyctalus leisleri,0.224,0.368,-1,Echolocation,/mnt/ubna_data_01_mir/recover-20220811/UBNA_009/20220809_053000.WAV,Foliage,recover-20220811,009,1795
1583.4595,1583.475,24609.0,30360.0,Nyctalus leisleri,0.31,0.493,-1,Echolocation,/mnt/ubna_data_01_mir/recover-20220811/UBNA_009/20220809_053000.WAV,Foliage,recover-20220811,009,1795
1583.6135,1583.6274,25468.0,31812.0,Eptesicus serotinus,0.227,0.472,-1,Echolocation,/mnt/ubna_data_01_mir/recover-20220811/UBNA_009/20220809_053000.WAV,Foliage,recover-20220811,009,1795
1584.4125,1584.4243,24609.0,29888.0,Nyctalus leisleri,0.227,0.482,-1,Echolocation,/mnt/ubna_data_01_mir/recover-20220811/UBNA_009/20220809_053000.WAV,Foliage,recover-20220811,009,1795
1584.4945,1584.5095,25468.0,31277.0,Nyctalus leisleri,0.203,0.378,-1,Echolocation,/mnt/ubna_data_01_mir/recover-20220811/UBNA_009/20220809_053000.WAV,Foliage,recover-20220811,009,1795
1584.5455,1584.5561,23750.0,29576.0,Nyctalus leisleri,0.146,0.42,-1,Echolocation,/mnt/ubna_data_01_mir/recover-20220811/UBNA_009/20220809_053000.WAV,Foliage,recover-20220811,009,1795
1584.8985,1584.9171,24609.0,29953.0,Nyctalus leisleri,0.285,0.412,-1,Echolocation,/mnt/ubna_data_01_mir/recover-20220811/UBNA_009/20220809_053000.WAV,Foliage,recover-20220811,009,1795
1585.0855,1585.1078,23750.0,27943.0,Nyctalus leisleri,0.124,0.223,-1,Echolocation,/mnt/ubna_data_01_mir/recover-20220811/UBNA_009/20220809_053000.WAV,Foliage,recover-20220811,009,1795
1585.1535,1585.17,24609.0,32767.0,Eptesicus serotinus,0.253,0.496,-1,Echolocation,/mnt/ubna_data_01_mir/recover-20220811/UBNA_009/20220809_053000.WAV,Foliage,recover-20220811,009,1795
1585.3095,1585.3246,25468.0,29618.0,Nyctalus leisleri,0.207,0.299,-1,Echolocation,/mnt/ubna_data_01_mir/recover-20220811/UBNA_009/20220809_053000.WAV,Foliage,recover-20220811,009,1795
1585.5295,1585.5475,24609.0,29990.0,Nyctalus leisleri,0.299,0.472,-1,Echolocation,/mnt/ubna_data_01_mir/recover-20220811/UBNA_009/20220809_053000.WAV,Foliage,recover-20220811,009,1795
1585.6795,1585.696,25468.0,29839.0,Nyctalus leisleri,0.162,0.291,-1,Echolocation,/mnt/ubna_data_01_mir/recover-20220811/UBNA_009/20220809_053000.WAV,Foliage,recover-20220811,009,1795
1585.8195,1585.8355,24609.0,30277.0,Nyctalus leisleri,0.287,0.43,-1,Echolocation,/mnt/ubna_data_01_mir/recover-20220811/UBNA_009/20220809_053000.WAV,Foliage,recover-20220811,009,1795
1585.9585,1585.9713,24609.0,29262.0,Nyctalus leisleri,0.2,0.395,-1,Echolocation,/mnt/ubna_data_01_mir/recover-20220811/UBNA_009/20220809_053000.WAV,Foliage,recover-20220811,009,1795
1586.2265,1586.2428,24609.0,29979.0,Nyctalus leisleri,0.361,0.505,-1,Echolocation,/mnt/ubna_data_01_mir/recover-20220811/UBNA_009/20220809_053000.WAV,Foliage,recover-20220811,009,1795
1586.3755,1586.3876,25468.0,29758.0,Eptesicus serotinus,0.118,0.251,-1,Echolocation,/mnt/ubna_data_01_mir/recover-20220811/UBNA_009/20220809_053000.WAV,Foliage,recover-20220811,009,1795
1586.5195,1586.5317,24609.0,30573.0,Eptesicus serotinus,0.209,0.373,-1,Echolocation,/mnt/ubna_data_01_mir/recover-20220811/UBNA_009/20220809_053000.WAV,Foliage,recover-20220811,009,1795
1586.9285,1586.9433,24609.0,30292.0,Nyctalus leisleri,0.331,0.565,-1,Echolocation,/mnt/ubna_data_01_mir/recover-20220811/UBNA_009/20220809_053000.WAV,Foliage,recover-20220811,009,1795
1587.1915,1587.2044,23750.0,29093.0,Nyctalus leisleri,0.293,0.545,-1,Echolocation,/mnt/ubna_data_01_mir/recover-20220811/UBNA_009/20220809_053000.WAV,Foliage,recover-20220811,009,1795
1587.4595,1587.4774,23750.0,29070.0,Nyctalus leisleri,0.195,0.39,-1,Echolocation,/mnt/ubna_data_01_mir/recover-20220811/UBNA_009/20220809_053000.WAV,Foliage,recover-20220811,009,1795
1587.8815,1587.8941,24609.0,30662.0,Nyctalus leisleri,0.218,0.409,-1,Echolocation,/mnt/ubna_data_01_mir/recover-20220811/UBNA_009/20220809_053000.WAV,Foliage,recover-20220811,009,1795
1588.0285,1588.042,24609.0,28493.0,Nyctalus leisleri,0.172,0.31,-1,Echolocation,/mnt/ubna_data_01_mir/recover-20220811/UBNA_009/20220809_053000.WAV,Foliage,recover-20220811,009,1795
1588.4425,1588.456,23750.0,29565.0,Nyctalus leisleri,0.24,0.571,-1,Echolocation,/mnt/ubna_data_01_mir/recover-20220811/UBNA_009/20220809_053000.WAV,Foliage,recover-20220811,009,1795
1588.5795,1588.5901,24609.0,30594.0,Nyctalus leisleri,0.268,0.481,-1,Echolocation,/mnt/ubna_data_01_mir/recover-20220811/UBNA_009/20220809_053000.WAV,Foliage,recover-20220811,009,1795
1588.7155,1588.7263,25468.0,31260.0,Nyctalus leisleri,0.415,0.595,-1,Echolocation,/mnt/ubna_data_01_mir/recover-20220811/UBNA_009/20220809_053000.WAV,Foliage,recover-20220811,009,1795
1589.0025,1589.0151,23750.0,29382.0,Eptesicus serotinus,0.106,0.264,-1,Echolocation,/mnt/ubna_data_01_mir/recover-20220811/UBNA_009/20220809_053000.WAV,Foliage,recover-20220811,009,1795
1589.0735,1589.0855999999999,24609.0,31378.0,Eptesicus serotinus,0.097,0.215,-1,Echolocation,/mnt/ubna_data_01_mir/recover-20220811/UBNA_009/20220809_053000.WAV,Foliage,recover-20220811,009,1795
1589.2085,1589.2258,25468.0,30102.0,Nyctalus leisleri,0.123,0.243,-1,Echolocation,/mnt/ubna_data_01_mir/recover-20220811/UBNA_009/20220809_053000.WAV,Foliage,recover-20220811,009,1795
1589.3395,1589.3501,25468.0,33043.0,Eptesicus serotinus,0.328,0.576,-1,Echolocation,/mnt/ubna_data_01_mir/recover-20220811/UBNA_009/20220809_053000.WAV,Foliage,recover-20220811,009,1795
1589.4755,1589.486,25468.0,33728.0,Eptesicus serotinus,0.35,0.556,-1,Echolocation,/mnt/ubna_data_01_mir/recover-20220811/UBNA_009/20220809_053000.WAV,Foliage,recover-20220811,009,1795
1589.6105,1589.6203,25468.0,31489.0,Eptesicus serotinus,0.215,0.462,-1,Echolocation,/mnt/ubna_data_01_mir/recover-20220811/UBNA_009/20220809_053000.WAV,Foliage,recover-20220811,009,1795
1589.7495,1589.7599,25468.0,32793.0,Eptesicus serotinus,0.302,0.445,-1,Echolocation,/mnt/ubna_data_01_mir/recover-20220811/UBNA_009/20220809_053000.WAV,Foliage,recover-20220811,009,1795
1589.8695,1589.8815,25468.0,36297.0,Eptesicus serotinus,0.419,0.598,-1,Echolocation,/mnt/ubna_data_01_mir/recover-20220811/UBNA_009/20220809_053000.WAV,Foliage,recover-20220811,009,1795
1590.0285,1590.0429,24609.0,29196.0,Nyctalus leisleri,0.169,0.316,-1,Echolocation,/mnt/ubna_data_01_mir/recover-20220811/UBNA_009/20220809_053000.WAV,Foliage,recover-20220811,009,1795
1590.1755,1590.1871,25468.0,33905.0,Eptesicus serotinus,0.302,0.546,-1,Echolocation,/mnt/ubna_data_01_mir/recover-20220811/UBNA_009/20220809_053000.WAV,Foliage,recover-20220811,009,1795
1590.2985,1590.3101,26328.0,31780.0,Nyctalus leisleri,0.302,0.456,-1,Echolocation,/mnt/ubna_data_01_mir/recover-20220811/UBNA_009/20220809_053000.WAV,Foliage,recover-20220811,009,1795
1590.4325,1590.4437,25468.0,31487.0,Nyctalus leisleri,0.229,0.46,-1,Echolocation,/mnt/ubna_data_01_mir/recover-20220811/UBNA_009/20220809_053000.WAV,Foliage,recover-20220811,009,1795
1590.5715,1590.5816,25468.0,33669.0,Eptesicus serotinus,0.266,0.589,-1,Echolocation,/mnt/ubna_data_01_mir/recover-20220811/UBNA_009/20220809_053000.WAV,Foliage,recover-20220811,009,1795
1590.7075,1590.7163,25468.0,33153.0,Eptesicus serotinus,0.286,0.507,-1,Echolocation,/mnt/ubna_data_01_mir/recover-20220811/UBNA_009/20220809_053000.WAV,Foliage,recover-20220811,009,1795
1590.8435,1590.8555,25468.0,31042.0,Nyctalus leisleri,0.212,0.411,-1,Echolocation,/mnt/ubna_data_01_mir/recover-20220811/UBNA_009/20220809_053000.WAV,Foliage,recover-20220811,009,1795
1590.9815,1590.9931,26328.0,31294.0,Nyctalus leisleri,0.185,0.314,-1,Echolocation,/mnt/ubna_data_01_mir/recover-20220811/UBNA_009/20220809_053000.WAV,Foliage,recover-20220811,009,1795
1591.1195,1591.1318,25468.0,31823.0,Nyctalus leisleri,0.226,0.465,-1,Echolocation,/mnt/ubna_data_01_mir/recover-20220811/UBNA_009/20220809_053000.WAV,Foliage,recover-20220811,009,1795
1591.2585,1591.2719,25468.0,30980.0,Nyctalus leisleri,0.412,0.609,-1,Echolocation,/mnt/ubna_data_01_mir/recover-20220811/UBNA_009/20220809_053000.WAV,Foliage,recover-20220811,009,1795
1591.3895,1591.402,25468.0,31402.0,Nyctalus leisleri,0.317,0.529,-1,Echolocation,/mnt/ubna_data_01_mir/recover-20220811/UBNA_009/20220809_053000.WAV,Foliage,recover-20220811,009,1795
1591.7045,1591.7223,24609.0,30955.0,Nyctalus leisleri,0.205,0.387,-1,Echolocation,/mnt/ubna_data_01_mir/recover-20220811/UBNA_009/20220809_053000.WAV,Foliage,recover-20220811,009,1795
1591.8475,1591.8677,24609.0,29146.0,Nyctalus leisleri,0.139,0.252,-1,Echolocation,/mnt/ubna_data_01_mir/recover-20220811/UBNA_009/20220809_053000.WAV,Foliage,recover-20220811,009,1795
1592.0115,1592.0281,24609.0,30531.0,Eptesicus serotinus,0.12,0.273,-1,Echolocation,/mnt/ubna_data_01_mir/recover-20220811/UBNA_009/20220809_053000.WAV,Foliage,recover-20220811,009,1795
1592.2865,1592.3033,25468.0,30776.0,Nyctalus leisleri,0.205,0.37,-1,Echolocation,/mnt/ubna_data_01_mir/recover-20220811/UBNA_009/20220809_053000.WAV,Foliage,recover-20220811,009,1795
1592.4275,1592.4487,24609.0,30548.0,Nyctalus leisleri,0.11,0.236,-1,Echolocation,/mnt/ubna_data_01_mir/recover-20220811/UBNA_009/20220809_053000.WAV,Foliage,recover-20220811,009,1795
1592.5865,1592.6048,24609.0,29151.0,Nyctalus leisleri,0.171,0.274,-1,Echolocation,/mnt/ubna_data_01_mir/recover-20220811/UBNA_009/20220809_053000.WAV,Foliage,recover-20220811,009,1795
1592.8375,1592.855,24609.0,30036.0,Nyctalus leisleri,0.118,0.271,-1,Echolocation,/mnt/ubna_data_01_mir/recover-20220811/UBNA_009/20220809_053000.WAV,Foliage,recover-20220811,009,1795
1593.1315,1593.1514,24609.0,30574.0,Nyctalus leisleri,0.092,0.203,-1,Echolocation,/mnt/ubna_data_01_mir/recover-20220811/UBNA_009/20220809_053000.WAV,Foliage,recover-20220811,009,1795
1593.4385,1593.4561,25468.0,29136.0,Nyctalus leisleri,0.155,0.249,-1,Echolocation,/mnt/ubna_data_01_mir/recover-20220811/UBNA_009/20220809_053000.WAV,Foliage,recover-20220811,009,1795
1594.4115,1594.4279,24609.0,29277.0,Nyctalus leisleri,0.186,0.339,-1,Echolocation,/mnt/ubna_data_01_mir/recover-20220811/UBNA_009/20220809_053000.WAV,Foliage,recover-20220811,009,1795
1594.5245,1594.5419,24609.0,31079.0,Eptesicus serotinus,0.154,0.325,-1,Echolocation,/mnt/ubna_data_01_mir/recover-20220811/UBNA_009/20220809_053000.WAV,Foliage,recover-20220811,009,1795
1597.1695,1597.1844,25468.0,32121.0,Eptesicus serotinus,0.129,0.271,-1,Echolocation,/mnt/ubna_data_01_mir/recover-20220811/UBNA_009/20220809_053000.WAV,Foliage,recover-20220811,009,1795
1597.4885,1597.502,25468.0,32041.0,Eptesicus serotinus,0.159,0.328,-1,Echolocation,/mnt/ubna_data_01_mir/recover-20220811/UBNA_009/20220809_053000.WAV,Foliage,recover-20220811,009,1795
1597.5505,1597.5639,24609.0,29653.0,Nyctalus leisleri,0.212,0.424,-1,Echolocation,/mnt/ubna_data_01_mir/recover-20220811/UBNA_009/20220809_053000.WAV,Foliage,recover-20220811,009,1795
1597.6125,1597.6288,25468.0,31047.0,Eptesicus serotinus,0.137,0.26,-1,Echolocation,/mnt/ubna_data_01_mir/recover-20220811/UBNA_009/20220809_053000.WAV,Foliage,recover-20220811,009,1795
1597.7465,1597.7639,25468.0,32319.0,Eptesicus serotinus,0.105,0.215,-1,Echolocation,/mnt/ubna_data_01_mir/recover-20220811/UBNA_009/20220809_053000.WAV,Foliage,recover-20220811,009,1795
1597.9005,1597.9159,25468.0,32380.0,Eptesicus serotinus,0.109,0.207,-1,Echolocation,/mnt/ubna_data_01_mir/recover-20220811/UBNA_009/20220809_053000.WAV,Foliage,recover-20220811,009,1795
1598.0795,1598.0939,25468.0,33741.0,Eptesicus serotinus,0.229,0.419,-1,Echolocation,/mnt/ubna_data_01_mir/recover-20220811/UBNA_009/20220809_053000.WAV,Foliage,recover-20220811,009,1795
1598.2035,1598.2195,25468.0,32036.0,Eptesicus serotinus,0.127,0.256,-1,Echolocation,/mnt/ubna_data_01_mir/recover-20220811/UBNA_009/20220809_053000.WAV,Foliage,recover-20220811,009,1795
1598.3265,1598.3411,25468.0,32123.0,Nyctalus leisleri,0.125,0.278,-1,Echolocation,/mnt/ubna_data_01_mir/recover-20220811/UBNA_009/20220809_053000.WAV,Foliage,recover-20220811,009,1795
1598.7615,1598.7757,24609.0,30023.0,Nyctalus leisleri,0.291,0.571,-1,Echolocation,/mnt/ubna_data_01_mir/recover-20220811/UBNA_009/20220809_053000.WAV,Foliage,recover-20220811,009,1795
1600.2965,1600.309,25468.0,30357.0,Eptesicus serotinus,0.093,0.209,-1,Echolocation,/mnt/ubna_data_01_mir/recover-20220811/UBNA_009/20220809_053000.WAV,Foliage,recover-20220811,009,1795
1601.2415,1601.2593,24609.0,28935.0,Nyctalus leisleri,0.12,0.237,-1,Echolocation,/mnt/ubna_data_01_mir/recover-20220811/UBNA_009/20220809_053000.WAV,Foliage,recover-20220811,009,1795
1604.8675,1604.8835,25468.0,30633.0,Nyctalus leisleri,0.251,0.399,-1,Echolocation,/mnt/ubna_data_01_mir/recover-20220811/UBNA_009/20220809_053000.WAV,Foliage,recover-20220811,009,1795
1605.1215,1605.1354,25468.0,30501.0,Nyctalus leisleri,0.209,0.392,-1,Echolocation,/mnt/ubna_data_01_mir/recover-20220811/UBNA_009/20220809_053000.WAV,Foliage,recover-20220811,009,1795
1606.2735,1606.3004,23750.0,28464.0,Nyctalus leisleri,0.086,0.207,-1,Echolocation,/mnt/ubna_data_01_mir/recover-20220811/UBNA_009/20220809_053000.WAV,Foliage,recover-20220811,009,1795
1606.6545,1606.6688,24609.0,31018.0,Nyctalus leisleri,0.167,0.406,-1,Echolocation,/mnt/ubna_data_01_mir/recover-20220811/UBNA_009/20220809_053000.WAV,Foliage,recover-20220811,009,1795
1606.9065,1606.9232,23750.0,30069.0,Nyctalus leisleri,0.191,0.467,-1,Echolocation,/mnt/ubna_data_01_mir/recover-20220811/UBNA_009/20220809_053000.WAV,Foliage,recover-20220811,009,1795
1607.3125,1607.3341,22890.0,30970.0,Eptesicus serotinus,0.168,0.41,-1,Echolocation,/mnt/ubna_data_01_mir/recover-20220811/UBNA_009/20220809_053000.WAV,Foliage,recover-20220811,009,1795
1607.4485,1607.4638,25468.0,30832.0,Nyctalus leisleri,0.214,0.417,-1,Echolocation,/mnt/ubna_data_01_mir/recover-20220811/UBNA_009/20220809_053000.WAV,Foliage,recover-20220811,009,1795
1607.6905,1607.7045,24609.0,31497.0,Nyctalus leisleri,0.267,0.553,-1,Echolocation,/mnt/ubna_data_01_mir/recover-20220811/UBNA_009/20220809_053000.WAV,Foliage,recover-20220811,009,1795
1607.9515,1607.9694,22890.0,29591.0,Nyctalus noctula,0.154,0.443,-1,Echolocation,/mnt/ubna_data_01_mir/recover-20220811/UBNA_009/20220809_053000.WAV,Foliage,recover-20220811,009,1795
1608.2275,1608.2474,23750.0,28846.0,Nyctalus leisleri,0.114,0.269,-1,Echolocation,/mnt/ubna_data_01_mir/recover-20220811/UBNA_009/20220809_053000.WAV,Foliage,recover-20220811,009,1795
1608.6535,1608.6736,23750.0,28263.0,Nyctalus leisleri,0.179,0.288,-1,Echolocation,/mnt/ubna_data_01_mir/recover-20220811/UBNA_009/20220809_053000.WAV,Foliage,recover-20220811,009,1795
1624.9515,1624.9701,25468.0,29316.0,Nyctalus leisleri,0.124,0.233,-1,Echolocation,/mnt/ubna_data_01_mir/recover-20220811/UBNA_009/20220809_053000.WAV,Foliage,recover-20220811,009,1795
1625.2315,1625.2475,25468.0,29761.0,Nyctalus leisleri,0.215,0.34,-1,Echolocation,/mnt/ubna_data_01_mir/recover-20220811/UBNA_009/20220809_053000.WAV,Foliage,recover-20220811,009,1795
1625.4135,1625.4277,25468.0,31379.0,Nyctalus leisleri,0.344,0.56,-1,Echolocation,/mnt/ubna_data_01_mir/recover-20220811/UBNA_009/20220809_053000.WAV,Foliage,recover-20220811,009,1795
1625.6915,1625.7074,25468.0,30394.0,Nyctalus leisleri,0.326,0.468,-1,Echolocation,/mnt/ubna_data_01_mir/recover-20220811/UBNA_009/20220809_053000.WAV,Foliage,recover-20220811,009,1795
1625.8615,1625.8751,26328.0,30978.0,Nyctalus leisleri,0.313,0.491,-1,Echolocation,/mnt/ubna_data_01_mir/recover-20220811/UBNA_009/20220809_053000.WAV,Foliage,recover-20220811,009,1795
1626.1525,1626.1654,26328.0,32909.0,Nyctalus leisleri,0.298,0.605,-1,Echolocation,/mnt/ubna_data_01_mir/recover-20220811/UBNA_009/20220809_053000.WAV,Foliage,recover-20220811,009,1795
1626.3105,1626.3232,26328.0,32092.0,Nyctalus leisleri,0.36,0.61,-1,Echolocation,/mnt/ubna_data_01_mir/recover-20220811/UBNA_009/20220809_053000.WAV,Foliage,recover-20220811,009,1795
1626.4715,1626.4822,26328.0,33747.0,Eptesicus serotinus,0.318,0.56,-1,Echolocation,/mnt/ubna_data_01_mir/recover-20220811/UBNA_009/20220809_053000.WAV,Foliage,recover-20220811,009,1795
1626.6155,1626.6275,25468.0,34521.0,Eptesicus serotinus,0.353,0.663,-1,Echolocation,/mnt/ubna_data_01_mir/recover-20220811/UBNA_009/20220809_053000.WAV,Foliage,recover-20220811,009,1795
1626.7385,1626.7505,26328.0,36721.0,Eptesicus serotinus,0.466,0.617,-1,Echolocation,/mnt/ubna_data_01_mir/recover-20220811/UBNA_009/20220809_053000.WAV,Foliage,recover-20220811,009,1795
1626.8535,1626.866,27187.0,33731.0,Eptesicus serotinus,0.234,0.404,-1,Echolocation,/mnt/ubna_data_01_mir/recover-20220811/UBNA_009/20220809_053000.WAV,Foliage,recover-20220811,009,1795
1626.9595,1626.972,27187.0,32964.0,Eptesicus serotinus,0.219,0.337,-1,Echolocation,/mnt/ubna_data_01_mir/recover-20220811/UBNA_009/20220809_053000.WAV,Foliage,recover-20220811,009,1795
1627.1665,1627.1819,26328.0,31703.0,Nyctalus leisleri,0.222,0.34,-1,Echolocation,/mnt/ubna_data_01_mir/recover-20220811/UBNA_009/20220809_053000.WAV,Foliage,recover-20220811,009,1795
1627.2805,1627.298,26328.0,30073.0,Nyctalus leisleri,0.272,0.36,-1,Echolocation,/mnt/ubna_data_01_mir/recover-20220811/UBNA_009/20220809_053000.WAV,Foliage,recover-20220811,009,1795
1627.3895,1627.4026,27187.0,32146.0,Nyctalus leisleri,0.191,0.412,-1,Echolocation,/mnt/ubna_data_01_mir/recover-20220811/UBNA_009/20220809_053000.WAV,Foliage,recover-20220811,009,1795
1629.1305,1629.1491,24609.0,27701.0,Nyctalus leisleri,0.242,0.335,-1,Echolocation,/mnt/ubna_data_01_mir/recover-20220811/UBNA_009/20220809_053000.WAV,Foliage,recover-20220811,009,1795
1629.9535,1629.9722,24609.0,29210.0,Nyctalus leisleri,0.205,0.372,-1,Echolocation,/mnt/ubna_data_01_mir/recover-20220811/UBNA_009/20220809_053000.WAV,Foliage,recover-20220811,009,1795
1630.1005,1630.1193,24609.0,27774.0,Nyctalus leisleri,0.28,0.385,-1,Echolocation,/mnt/ubna_data_01_mir/recover-20220811/UBNA_009/20220809_053000.WAV,Foliage,recover-20220811,009,1795
1630.5135,1630.5308,23750.0,29264.0,Nyctalus leisleri,0.356,0.475,-1,Echolocation,/mnt/ubna_data_01_mir/recover-20220811/UBNA_009/20220809_053000.WAV,Foliage,recover-20220811,009,1795
1630.7975,1630.8211,23750.0,27441.0,Nyctalus leisleri,0.193,0.282,-1,Echolocation,/mnt/ubna_data_01_mir/recover-20220811/UBNA_009/20220809_053000.WAV,Foliage,recover-20220811,009,1795
1631.0795,1631.1008,23750.0,28561.0,Nyctalus leisleri,0.259,0.367,-1,Echolocation,/mnt/ubna_data_01_mir/recover-20220811/UBNA_009/20220809_053000.WAV,Foliage,recover-20220811,009,1795
1631.1985,1631.2117,26328.0,31220.0,Nyctalus leisleri,0.316,0.413,-1,Echolocation,/mnt/ubna_data_01_mir/recover-20220811/UBNA_009/20220809_053000.WAV,Foliage,recover-20220811,009,1795
1632.1915,1632.2089,24609.0,29748.0,Nyctalus leisleri,0.36,0.5,-1,Echolocation,/mnt/ubna_data_01_mir/recover-20220811/UBNA_009/20220809_053000.WAV,Foliage,recover-20220811,009,1795
1632.3735,1632.3859,26328.0,32300.0,Nyctalus leisleri,0.247,0.434,-1,Echolocation,/mnt/ubna_data_01_mir/recover-20220811/UBNA_009/20220809_053000.WAV,Foliage,recover-20220811,009,1795
1632.6605,1632.6757,24609.0,31717.0,Nyctalus leisleri,0.297,0.544,-1,Echolocation,/mnt/ubna_data_01_mir/recover-20220811/UBNA_009/20220809_053000.WAV,Foliage,recover-20220811,009,1795
1632.8305,1632.8466,24609.0,31693.0,Nyctalus leisleri,0.386,0.536,-1,Echolocation,/mnt/ubna_data_01_mir/recover-20220811/UBNA_009/20220809_053000.WAV,Foliage,recover-20220811,009,1795
1632.9975,1633.0117,26328.0,30970.0,Nyctalus leisleri,0.297,0.434,-1,Echolocation,/mnt/ubna_data_01_mir/recover-20220811/UBNA_009/20220809_053000.WAV,Foliage,recover-20220811,009,1795
1633.1465,1633.1604,26328.0,31823.0,Nyctalus leisleri,0.216,0.418,-1,Echolocation,/mnt/ubna_data_01_mir/recover-20220811/UBNA_009/20220809_053000.WAV,Foliage,recover-20220811,009,1795
1633.2585,1633.2715,28046.0,35839.0,Eptesicus serotinus,0.215,0.323,-1,Echolocation,/mnt/ubna_data_01_mir/recover-20220811/UBNA_009/20220809_053000.WAV,Foliage,recover-20220811,009,1795
1633.3045,1633.3167,25468.0,34456.0,Eptesicus serotinus,0.318,0.638,-1,Echolocation,/mnt/ubna_data_01_mir/recover-20220811/UBNA_009/20220809_053000.WAV,Foliage,recover-20220811,009,1795
1633.4555,1633.471,26328.0,31858.0,Nyctalus leisleri,0.169,0.322,-1,Echolocation,/mnt/ubna_data_01_mir/recover-20220811/UBNA_009/20220809_053000.WAV,Foliage,recover-20220811,009,1795
1633.6235,1633.6349,26328.0,32955.0,Nyctalus leisleri,0.337,0.594,-1,Echolocation,/mnt/ubna_data_01_mir/recover-20220811/UBNA_009/20220809_053000.WAV,Foliage,recover-20220811,009,1795
1633.7845,1633.7975,25468.0,33507.0,Eptesicus serotinus,0.271,0.582,-1,Echolocation,/mnt/ubna_data_01_mir/recover-20220811/UBNA_009/20220809_053000.WAV,Foliage,recover-20220811,009,1795
1633.9375,1633.9515,26328.0,32468.0,Nyctalus leisleri,0.249,0.447,-1,Echolocation,/mnt/ubna_data_01_mir/recover-20220811/UBNA_009/20220809_053000.WAV,Foliage,recover-20220811,009,1795
1634.1005,1634.114,26328.0,33444.0,Eptesicus serotinus,0.295,0.455,-1,Echolocation,/mnt/ubna_data_01_mir/recover-20220811/UBNA_009/20220809_053000.WAV,Foliage,recover-20220811,009,1795
1634.2325,1634.247,25468.0,34345.0,Eptesicus serotinus,0.287,0.503,-1,Echolocation,/mnt/ubna_data_01_mir/recover-20220811/UBNA_009/20220809_053000.WAV,Foliage,recover-20220811,009,1795
1634.3155,1634.3243,30625.0,39705.0,Eptesicus serotinus,0.192,0.277,-1,Echolocation,/mnt/ubna_data_01_mir/recover-20220811/UBNA_009/20220809_053000.WAV,Foliage,recover-20220811,009,1795
1634.3645,1634.3791,27187.0,31665.0,Nyctalus leisleri,0.21,0.349,-1,Echolocation,/mnt/ubna_data_01_mir/recover-20220811/UBNA_009/20220809_053000.WAV,Foliage,recover-20220811,009,1795
1634.4535,1634.4614,28046.0,40547.0,Eptesicus serotinus,0.495,0.584,-1,Echolocation,/mnt/ubna_data_01_mir/recover-20220811/UBNA_009/20220809_053000.WAV,Foliage,recover-20220811,009,1795
1634.4975,1634.5135,26328.0,31457.0,Nyctalus leisleri,0.134,0.224,-1,Echolocation,/mnt/ubna_data_01_mir/recover-20220811/UBNA_009/20220809_053000.WAV,Foliage,recover-20220811,009,1795
1634.5815,1634.5903,28906.0,41145.0,Eptesicus serotinus,0.495,0.628,-1,Echolocation,/mnt/ubna_data_01_mir/recover-20220811/UBNA_009/20220809_053000.WAV,Foliage,recover-20220811,009,1795
1634.7185,1634.7281,28906.0,43897.0,Eptesicus serotinus,0.462,0.613,-1,Echolocation,/mnt/ubna_data_01_mir/recover-20220811/UBNA_009/20220809_053000.WAV,Foliage,recover-20220811,009,1795
1634.8595,1634.8705,28046.0,39235.0,Eptesicus serotinus,0.414,0.487,-1,Echolocation,/mnt/ubna_data_01_mir/recover-20220811/UBNA_009/20220809_053000.WAV,Foliage,recover-20220811,009,1795
1635.0005,1635.0123,28046.0,41475.0,Eptesicus serotinus,0.395,0.486,-1,Echolocation,/mnt/ubna_data_01_mir/recover-20220811/UBNA_009/20220809_053000.WAV,Foliage,recover-20220811,009,1795
1635.1495,1635.1604,28906.0,48572.0,Eptesicus serotinus,0.486,0.638,-1,Echolocation,/mnt/ubna_data_01_mir/recover-20220811/UBNA_009/20220809_053000.WAV,Foliage,recover-20220811,009,1795
1635.2945,1635.3068,28046.0,41075.0,Eptesicus serotinus,0.375,0.539,-1,Echolocation,/mnt/ubna_data_01_mir/recover-20220811/UBNA_009/20220809_053000.WAV,Foliage,recover-20220811,009,1795
1635.4415,1635.4532,28046.0,41089.0,Eptesicus serotinus,0.325,0.616,-1,Echolocation,/mnt/ubna_data_01_mir/recover-20220811/UBNA_009/20220809_053000.WAV,Foliage,recover-20220811,009,1795
1635.5965,1635.6075,27187.0,45672.0,Eptesicus serotinus,0.558,0.695,-1,Echolocation,/mnt/ubna_data_01_mir/recover-20220811/UBNA_009/20220809_053000.WAV,Foliage,recover-20220811,009,1795
1635.7445,1635.7546,28046.0,46107.0,Eptesicus serotinus,0.425,0.677,-1,Echolocation,/mnt/ubna_data_01_mir/recover-20220811/UBNA_009/20220809_053000.WAV,Foliage,recover-20220811,009,1795
1635.8955,1635.9084,26328.0,48051.0,Eptesicus serotinus,0.497,0.643,-1,Echolocation,/mnt/ubna_data_01_mir/recover-20220811/UBNA_009/20220809_053000.WAV,Foliage,recover-20220811,009,1795
1636.0885,1636.1006,27187.0,44974.0,Eptesicus serotinus,0.486,0.673,-1,Echolocation,/mnt/ubna_data_01_mir/recover-20220811/UBNA_009/20220809_053000.WAV,Foliage,recover-20220811,009,1795
1636.2465,1636.2564,27187.0,45083.0,Eptesicus serotinus,0.614,0.697,-1,Echolocation,/mnt/ubna_data_01_mir/recover-20220811/UBNA_009/20220809_053000.WAV,Foliage,recover-20220811,009,1795
1636.3995,1636.4088,28046.0,47717.0,Eptesicus serotinus,0.481,0.717,-1,Echolocation,/mnt/ubna_data_01_mir/recover-20220811/UBNA_009/20220809_053000.WAV,Foliage,recover-20220811,009,1795
1636.5975,1636.6073,27187.0,45525.0,Eptesicus serotinus,0.505,0.652,-1,Echolocation,/mnt/ubna_data_01_mir/recover-20220811/UBNA_009/20220809_053000.WAV,Foliage,recover-20220811,009,1795
1636.7435,1636.7523,27187.0,47239.0,Eptesicus serotinus,0.548,0.735,-1,Echolocation,/mnt/ubna_data_01_mir/recover-20220811/UBNA_009/20220809_053000.WAV,Foliage,recover-20220811,009,1795
1636.8655,1636.8767,28046.0,46884.0,Eptesicus serotinus,0.306,0.566,-1,Echolocation,/mnt/ubna_data_01_mir/recover-20220811/UBNA_009/20220809_053000.WAV,Foliage,recover-20220811,009,1795
1637.0045,1637.0152,27187.0,44582.0,Eptesicus serotinus,0.571,0.71,-1,Echolocation,/mnt/ubna_data_01_mir/recover-20220811/UBNA_009/20220809_053000.WAV,Foliage,recover-20220811,009,1795
1637.0825,1637.0934,30625.0,47924.0,Eptesicus serotinus,0.356,0.464,-1,Echolocation,/mnt/ubna_data_01_mir/recover-20220811/UBNA_009/20220809_053000.WAV,Foliage,recover-20220811,009,1795
1637.1845,1637.198,28906.0,37484.0,Eptesicus serotinus,0.271,0.356,-1,Echolocation,/mnt/ubna_data_01_mir/recover-20220811/UBNA_009/20220809_053000.WAV,Foliage,recover-20220811,009,1795
1637.3115,1637.3221,28046.0,43182.0,Eptesicus serotinus,0.451,0.565,-1,Echolocation,/mnt/ubna_data_01_mir/recover-20220811/UBNA_009/20220809_053000.WAV,Foliage,recover-20220811,009,1795
1637.4505,1637.4628,26328.0,30756.0,Nyctalus leisleri,0.204,0.366,-1,Echolocation,/mnt/ubna_data_01_mir/recover-20220811/UBNA_009/20220809_053000.WAV,Foliage,recover-20220811,009,1795
1637.4655,1637.4785,28906.0,38098.0,Eptesicus serotinus,0.309,0.447,-1,Echolocation,/mnt/ubna_data_01_mir/recover-20220811/UBNA_009/20220809_053000.WAV,Foliage,recover-20220811,009,1795
1637.6095,1637.6216,28046.0,46922.0,Eptesicus serotinus,0.355,0.571,-1,Echolocation,/mnt/ubna_data_01_mir/recover-20220811/UBNA_009/20220809_053000.WAV,Foliage,recover-20220811,009,1795
1637.7285,1637.7376,28046.0,46708.0,Eptesicus serotinus,0.489,0.633,-1,Echolocation,/mnt/ubna_data_01_mir/recover-20220811/UBNA_009/20220809_053000.WAV,Foliage,recover-20220811,009,1795
1637.8245,1637.8353,28906.0,43499.0,Eptesicus serotinus,0.343,0.661,-1,Echolocation,/mnt/ubna_data_01_mir/recover-20220811/UBNA_009/20220809_053000.WAV,Foliage,recover-20220811,009,1795
1637.8835,1637.898,23750.0,30902.0,Eptesicus serotinus,0.204,0.38,-1,Echolocation,/mnt/ubna_data_01_mir/recover-20220811/UBNA_009/20220809_053000.WAV,Foliage,recover-20220811,009,1795
1637.9365,1637.9477,28046.0,45453.0,Eptesicus serotinus,0.474,0.622,-1,Echolocation,/mnt/ubna_data_01_mir/recover-20220811/UBNA_009/20220809_053000.WAV,Foliage,recover-20220811,009,1795
1638.0325,1638.0444,26328.0,34117.0,Nyctalus leisleri,0.364,0.613,-1,Echolocation,/mnt/ubna_data_01_mir/recover-20220811/UBNA_009/20220809_053000.WAV,Foliage,recover-20220811,009,1795
1638.0615,1638.0733,29765.0,46978.0,Eptesicus serotinus,0.363,0.488,-1,Echolocation,/mnt/ubna_data_01_mir/recover-20220811/UBNA_009/20220809_053000.WAV,Foliage,recover-20220811,009,1795
1638.1795,1638.1906,28046.0,47229.0,Eptesicus serotinus,0.418,0.546,-1,Echolocation,/mnt/ubna_data_01_mir/recover-20220811/UBNA_009/20220809_053000.WAV,Foliage,recover-20220811,009,1795
1638.2955,1638.3068,24609.0,46577.0,Eptesicus serotinus,0.479,0.601,-1,Echolocation,/mnt/ubna_data_01_mir/recover-20220811/UBNA_009/20220809_053000.WAV,Foliage,recover-20220811,009,1795
1638.3985,1638.4076,28046.0,51756.0,Eptesicus serotinus,0.48,0.711,-1,Echolocation,/mnt/ubna_data_01_mir/recover-20220811/UBNA_009/20220809_053000.WAV,Foliage,recover-20220811,009,1795
1638.4355,1638.4515,24609.0,28718.0,Nyctalus leisleri,0.388,0.492,-1,Echolocation,/mnt/ubna_data_01_mir/recover-20220811/UBNA_009/20220809_053000.WAV,Foliage,recover-20220811,009,1795
1638.4945,1638.5026,28046.0,52060.0,Eptesicus serotinus,0.519,0.659,-1,Echolocation,/mnt/ubna_data_01_mir/recover-20220811/UBNA_009/20220809_053000.WAV,Foliage,recover-20220811,009,1795
1638.5915,1638.6071,25468.0,32142.0,Nyctalus leisleri,0.278,0.506,-1,Echolocation,/mnt/ubna_data_01_mir/recover-20220811/UBNA_009/20220809_053000.WAV,Foliage,recover-20220811,009,1795
1638.6225,1638.6334,29765.0,50514.0,Eptesicus serotinus,0.303,0.438,-1,Echolocation,/mnt/ubna_data_01_mir/recover-20220811/UBNA_009/20220809_053000.WAV,Foliage,recover-20220811,009,1795
1638.7425,1638.7541,28906.0,46808.0,Eptesicus serotinus,0.382,0.463,-1,Echolocation,/mnt/ubna_data_01_mir/recover-20220811/UBNA_009/20220809_053000.WAV,Foliage,recover-20220811,009,1795
1638.8485,1638.8593,28046.0,46302.0,Eptesicus serotinus,0.342,0.499,-1,Echolocation,/mnt/ubna_data_01_mir/recover-20220811/UBNA_009/20220809_053000.WAV,Foliage,recover-20220811,009,1795
1638.9135,1638.9225,28046.0,45624.0,Eptesicus serotinus,0.242,0.315,-1,Echolocation,/mnt/ubna_data_01_mir/recover-20220811/UBNA_009/20220809_053000.WAV,Foliage,recover-20220811,009,1795
1638.9875,1638.9986,29765.0,48161.0,Eptesicus serotinus,0.172,0.23,-1,Echolocation,/mnt/ubna_data_01_mir/recover-20220811/UBNA_009/20220809_053000.WAV,Foliage,recover-20220811,009,1795
1639.1315,1639.1482,24609.0,30207.0,Nyctalus leisleri,0.247,0.39,-1,Echolocation,/mnt/ubna_data_01_mir/recover-20220811/UBNA_009/20220809_053000.WAV,Foliage,recover-20220811,009,1795
1639.9635,1639.9738,34062.0,45690.0,Eptesicus serotinus,0.143,0.246,-1,Echolocation,/mnt/ubna_data_01_mir/recover-20220811/UBNA_009/20220809_053000.WAV,Foliage,recover-20220811,009,1795
1640.2595,1640.2742,24609.0,31360.0,Eptesicus serotinus,0.246,0.474,-1,Echolocation,/mnt/ubna_data_01_mir/recover-20220811/UBNA_009/20220809_053000.WAV,Foliage,recover-20220811,009,1795
1640.3895,1640.4032,25468.0,33378.0,Eptesicus serotinus,0.263,0.45,-1,Echolocation,/mnt/ubna_data_01_mir/recover-20220811/UBNA_009/20220809_053000.WAV,Foliage,recover-20220811,009,1795
1640.4535,1640.4646,33203.0,49777.0,Eptesicus serotinus,0.125,0.206,-1,Echolocation,/mnt/ubna_data_01_mir/recover-20220811/UBNA_009/20220809_053000.WAV,Foliage,recover-20220811,009,1795
1640.5305,1640.5441,25468.0,33570.0,Nyctalus leisleri,0.212,0.44,-1,Echolocation,/mnt/ubna_data_01_mir/recover-20220811/UBNA_009/20220809_053000.WAV,Foliage,recover-20220811,009,1795
1640.5585,1640.5707,31484.0,46731.0,Eptesicus serotinus,0.259,0.486,-1,Echolocation,/mnt/ubna_data_01_mir/recover-20220811/UBNA_009/20220809_053000.WAV,Foliage,recover-20220811,009,1795
1640.6605,1640.6688,28906.0,48032.0,Eptesicus serotinus,0.569,0.648,-1,Echolocation,/mnt/ubna_data_01_mir/recover-20220811/UBNA_009/20220809_053000.WAV,Foliage,recover-20220811,009,1795
1640.7905,1640.8049,28906.0,39563.0,Eptesicus serotinus,0.217,0.268,-1,Echolocation,/mnt/ubna_data_01_mir/recover-20220811/UBNA_009/20220809_053000.WAV,Foliage,recover-20220811,009,1795
1640.9205,1640.931,28046.0,46173.0,Eptesicus serotinus,0.411,0.518,-1,Echolocation,/mnt/ubna_data_01_mir/recover-20220811/UBNA_009/20220809_053000.WAV,Foliage,recover-20220811,009,1795
1640.9535,1640.9704,24609.0,30670.0,Nyctalus leisleri,0.192,0.372,-1,Echolocation,/mnt/ubna_data_01_mir/recover-20220811/UBNA_009/20220809_053000.WAV,Foliage,recover-20220811,009,1795
1641.0725,1641.0802,28046.0,48261.0,Eptesicus serotinus,0.15,0.209,-1,Echolocation,/mnt/ubna_data_01_mir/recover-20220811/UBNA_009/20220809_053000.WAV,Foliage,recover-20220811,009,1795
1641.1405,1641.156,24609.0,29458.0,Nyctalus leisleri,0.223,0.41,-1,Echolocation,/mnt/ubna_data_01_mir/recover-20220811/UBNA_009/20220809_053000.WAV,Foliage,recover-20220811,009,1795
1641.1735,1641.1837,28046.0,40904.0,Eptesicus serotinus,0.2,0.229,-1,Echolocation,/mnt/ubna_data_01_mir/recover-20220811/UBNA_009/20220809_053000.WAV,Foliage,recover-20220811,009,1795
1641.2915,1641.3063,29765.0,38671.0,Eptesicus serotinus,0.288,0.376,-1,Echolocation,/mnt/ubna_data_01_mir/recover-20220811/UBNA_009/20220809_053000.WAV,Foliage,recover-20220811,009,1795
1641.4155,1641.4308,23750.0,31671.0,Nyctalus leisleri,0.231,0.524,-1,Echolocation,/mnt/ubna_data_01_mir/recover-20220811/UBNA_009/20220809_053000.WAV,Foliage,recover-20220811,009,1795
1641.4355,1641.4448,29765.0,45544.0,Eptesicus serotinus,0.474,0.555,-1,Echolocation,/mnt/ubna_data_01_mir/recover-20220811/UBNA_009/20220809_053000.WAV,Foliage,recover-20220811,009,1795
1641.5175,1641.5271,28046.0,48674.0,Eptesicus serotinus,0.51,0.583,-1,Echolocation,/mnt/ubna_data_01_mir/recover-20220811/UBNA_009/20220809_053000.WAV,Foliage,recover-20220811,009,1795
1641.6055,1641.6149,28046.0,46109.0,Eptesicus serotinus,0.463,0.612,-1,Echolocation,/mnt/ubna_data_01_mir/recover-20220811/UBNA_009/20220809_053000.WAV,Foliage,recover-20220811,009,1795
1641.6765,1641.7019,23750.0,28892.0,Nyctalus leisleri,0.095,0.208,-1,Echolocation,/mnt/ubna_data_01_mir/recover-20220811/UBNA_009/20220809_053000.WAV,Foliage,recover-20220811,009,1795
1641.8855,1641.8946,28906.0,42894.0,Eptesicus serotinus,0.511,0.606,-1,Echolocation,/mnt/ubna_data_01_mir/recover-20220811/UBNA_009/20220809_053000.WAV,Foliage,recover-20220811,009,1795
1641.9855,1641.9979,23750.0,32808.0,Eptesicus serotinus,0.342,0.514,-1,Echolocation,/mnt/ubna_data_01_mir/recover-20220811/UBNA_009/20220809_053000.WAV,Foliage,recover-20220811,009,1795
1642.0815,1642.0915,28046.0,46031.0,Eptesicus serotinus,0.382,0.714,-1,Echolocation,/mnt/ubna_data_01_mir/recover-20220811/UBNA_009/20220809_053000.WAV,Foliage,recover-20220811,009,1795
1642.1505,1642.1603,27187.0,49433.0,Eptesicus serotinus,0.408,0.478,-1,Echolocation,/mnt/ubna_data_01_mir/recover-20220811/UBNA_009/20220809_053000.WAV,Foliage,recover-20220811,009,1795
1642.2245,1642.2323,27187.0,52619.0,Eptesicus serotinus,0.578,0.697,-1,Echolocation,/mnt/ubna_data_01_mir/recover-20220811/UBNA_009/20220809_053000.WAV,Foliage,recover-20220811,009,1795
1642.3205,1642.3293,28906.0,56397.0,Eptesicus serotinus,0.412,0.657,-1,Echolocation,/mnt/ubna_data_01_mir/recover-20220811/UBNA_009/20220809_053000.WAV,Foliage,recover-20220811,009,1795
1642.4095,1642.4206,27187.0,48630.0,Eptesicus serotinus,0.379,0.466,-1,Echolocation,/mnt/ubna_data_01_mir/recover-20220811/UBNA_009/20220809_053000.WAV,Foliage,recover-20220811,009,1795
1642.5005,1642.5103,28906.0,54687.0,Eptesicus serotinus,0.441,0.551,-1,Echolocation,/mnt/ubna_data_01_mir/recover-20220811/UBNA_009/20220809_053000.WAV,Foliage,recover-20220811,009,1795
1642.5115,1642.5272,25468.0,32646.0,Eptesicus serotinus,0.186,0.292,-1,Echolocation,/mnt/ubna_data_01_mir/recover-20220811/UBNA_009/20220809_053000.WAV,Foliage,recover-20220811,009,1795
1642.5915,1642.5997,28906.0,58822.0,Eptesicus serotinus,0.514,0.666,-1,Echolocation,/mnt/ubna_data_01_mir/recover-20220811/UBNA_009/20220809_053000.WAV,Foliage,recover-20220811,009,1795
1642.6405,1642.6555,25468.0,32470.0,Eptesicus serotinus,0.259,0.446,-1,Echolocation,/mnt/ubna_data_01_mir/recover-20220811/UBNA_009/20220809_053000.WAV,Foliage,recover-20220811,009,1795
1642.7005,1642.7091,28906.0,54374.0,Eptesicus serotinus,0.488,0.619,-1,Echolocation,/mnt/ubna_data_01_mir/recover-20220811/UBNA_009/20220809_053000.WAV,Foliage,recover-20220811,009,1795
1642.8385,1642.8469,28046.0,61695.0,Eptesicus serotinus,0.669,0.733,-1,Echolocation,/mnt/ubna_data_01_mir/recover-20220811/UBNA_009/20220809_053000.WAV,Foliage,recover-20220811,009,1795
1642.9765,1642.9844,28906.0,52972.0,Eptesicus serotinus,0.467,0.735,-1,Echolocation,/mnt/ubna_data_01_mir/recover-20220811/UBNA_009/20220809_053000.WAV,Foliage,recover-20220811,009,1795
1643.1185,1643.1275,28046.0,56874.0,Eptesicus serotinus,0.559,0.675,-1,Echolocation,/mnt/ubna_data_01_mir/recover-20220811/UBNA_009/20220809_053000.WAV,Foliage,recover-20220811,009,1795
1643.2405,1643.2494,28046.0,52124.0,Eptesicus serotinus,0.459,0.626,-1,Echolocation,/mnt/ubna_data_01_mir/recover-20220811/UBNA_009/20220809_053000.WAV,Foliage,recover-20220811,009,1795
1643.4295,1643.4356,34062.0,56451.0,Myotis daubentonii,0.132,0.276,-1,Echolocation,/mnt/ubna_data_01_mir/recover-20220811/UBNA_009/20220809_053000.WAV,Foliage,recover-20220811,009,1795
1643.4745,1643.489,23750.0,29844.0,Eptesicus serotinus,0.236,0.48,-1,Echolocation,/mnt/ubna_data_01_mir/recover-20220811/UBNA_009/20220809_053000.WAV,Foliage,recover-20220811,009,1795
1644.0015,1644.0135,24609.0,30681.0,Eptesicus serotinus,0.152,0.349,-1,Echolocation,/mnt/ubna_data_01_mir/recover-20220811/UBNA_009/20220809_053000.WAV,Foliage,recover-20220811,009,1795
1644.3725,1644.3878,24609.0,31338.0,Nyctalus leisleri,0.202,0.443,-1,Echolocation,/mnt/ubna_data_01_mir/recover-20220811/UBNA_009/20220809_053000.WAV,Foliage,recover-20220811,009,1795
1644.6895,1644.7074,23750.0,28430.0,Nyctalus leisleri,0.237,0.356,-1,Echolocation,/mnt/ubna_data_01_mir/recover-20220811/UBNA_009/20220809_053000.WAV,Foliage,recover-20220811,009,1795
1644.7085,1644.7213,31484.0,48503.0,Eptesicus serotinus,0.21,0.351,-1,Echolocation,/mnt/ubna_data_01_mir/recover-20220811/UBNA_009/20220809_053000.WAV,Foliage,recover-20220811,009,1795
1644.7815,1644.7946,24609.0,29137.0,Nyctalus leisleri,0.252,0.443,-1,Echolocation,/mnt/ubna_data_01_mir/recover-20220811/UBNA_009/20220809_053000.WAV,Foliage,recover-20220811,009,1795
1644.8355,1644.8449,28906.0,50745.0,Eptesicus serotinus,0.5,0.687,-1,Echolocation,/mnt/ubna_data_01_mir/recover-20220811/UBNA_009/20220809_053000.WAV,Foliage,recover-20220811,009,1795
1644.9375,1644.9473,28906.0,51385.0,Eptesicus serotinus,0.495,0.641,-1,Echolocation,/mnt/ubna_data_01_mir/recover-20220811/UBNA_009/20220809_053000.WAV,Foliage,recover-20220811,009,1795
1645.0685,1645.0803,25468.0,30778.0,Nyctalus leisleri,0.281,0.526,-1,Echolocation,/mnt/ubna_data_01_mir/recover-20220811/UBNA_009/20220809_053000.WAV,Foliage,recover-20220811,009,1795
1645.0905,1645.0999,28046.0,46832.0,Eptesicus serotinus,0.477,0.577,-1,Echolocation,/mnt/ubna_data_01_mir/recover-20220811/UBNA_009/20220809_053000.WAV,Foliage,recover-20220811,009,1795
1645.2415,1645.251,28046.0,43129.0,Eptesicus serotinus,0.355,0.659,-1,Echolocation,/mnt/ubna_data_01_mir/recover-20220811/UBNA_009/20220809_053000.WAV,Foliage,recover-20220811,009,1795
1645.3465,1645.3606,23750.0,28733.0,Nyctalus leisleri,0.393,0.584,-1,Echolocation,/mnt/ubna_data_01_mir/recover-20220811/UBNA_009/20220809_053000.WAV,Foliage,recover-20220811,009,1795
1645.3765,1645.3895,28046.0,35796.0,Eptesicus serotinus,0.246,0.43,-1,Echolocation,/mnt/ubna_data_01_mir/recover-20220811/UBNA_009/20220809_053000.WAV,Foliage,recover-20220811,009,1795
1645.5015,1645.5154,27187.0,35782.0,Nyctalus leisleri,0.214,0.376,-1,Echolocation,/mnt/ubna_data_01_mir/recover-20220811/UBNA_009/20220809_053000.WAV,Foliage,recover-20220811,009,1795
1645.5835,1645.5959,28046.0,41657.0,Eptesicus serotinus,0.252,0.312,-1,Echolocation,/mnt/ubna_data_01_mir/recover-20220811/UBNA_009/20220809_053000.WAV,Foliage,recover-20220811,009,1795
1645.6175,1645.6323,24609.0,30096.0,Nyctalus leisleri,0.257,0.468,-1,Echolocation,/mnt/ubna_data_01_mir/recover-20220811/UBNA_009/20220809_053000.WAV,Foliage,recover-20220811,009,1795
1645.7785,1645.7916,28046.0,38331.0,Eptesicus serotinus,0.35,0.533,-1,Echolocation,/mnt/ubna_data_01_mir/recover-20220811/UBNA_009/20220809_053000.WAV,Foliage,recover-20220811,009,1795
1645.9275,1645.9428,28046.0,32690.0,Eptesicus serotinus,0.129,0.231,-1,Echolocation,/mnt/ubna_data_01_mir/recover-20220811/UBNA_009/20220809_053000.WAV,Foliage,recover-20220811,009,1795
1646.0705,1646.0805,27187.0,37511.0,Eptesicus serotinus,0.446,0.651,-1,Echolocation,/mnt/ubna_data_01_mir/recover-20220811/UBNA_009/20220809_053000.WAV,Foliage,recover-20220811,009,1795
1646.1765,1646.186,27187.0,47506.0,Eptesicus serotinus,0.508,0.697,-1,Echolocation,/mnt/ubna_data_01_mir/recover-20220811/UBNA_009/20220809_053000.WAV,Foliage,recover-20220811,009,1795
1646.2845,1646.2947,26328.0,43115.0,Eptesicus serotinus,0.374,0.444,-1,Echolocation,/mnt/ubna_data_01_mir/recover-20220811/UBNA_009/20220809_053000.WAV,Foliage,recover-20220811,009,1795
1646.4005,1646.4111,28046.0,41117.0,Eptesicus serotinus,0.5,0.606,-1,Echolocation,/mnt/ubna_data_01_mir/recover-20220811/UBNA_009/20220809_053000.WAV,Foliage,recover-20220811,009,1795
1646.5265,1646.5363,28046.0,43183.0,Eptesicus serotinus,0.561,0.68,-1,Echolocation,/mnt/ubna_data_01_mir/recover-20220811/UBNA_009/20220809_053000.WAV,Foliage,recover-20220811,009,1795
1646.6585,1646.6699,27187.0,45512.0,Eptesicus serotinus,0.526,0.646,-1,Echolocation,/mnt/ubna_data_01_mir/recover-20220811/UBNA_009/20220809_053000.WAV,Foliage,recover-20220811,009,1795
1646.7745,1646.7848,28046.0,45823.0,Eptesicus serotinus,0.526,0.63,-1,Echolocation,/mnt/ubna_data_01_mir/recover-20220811/UBNA_009/20220809_053000.WAV,Foliage,recover-20220811,009,1795
1646.8965,1646.9064,28046.0,48000.0,Eptesicus serotinus,0.506,0.59,-1,Echolocation,/mnt/ubna_data_01_mir/recover-20220811/UBNA_009/20220809_053000.WAV,Foliage,recover-20220811,009,1795
1646.9475,1646.9651,23750.0,29081.0,Nyctalus leisleri,0.115,0.246,-1,Echolocation,/mnt/ubna_data_01_mir/recover-20220811/UBNA_009/20220809_053000.WAV,Foliage,recover-20220811,009,1795
1647.0005,1647.01,28046.0,49399.0,Eptesicus serotinus,0.579,0.683,-1,Echolocation,/mnt/ubna_data_01_mir/recover-20220811/UBNA_009/20220809_053000.WAV,Foliage,recover-20220811,009,1795
1647.0975,1647.1085,28046.0,45828.0,Eptesicus serotinus,0.463,0.538,-1,Echolocation,/mnt/ubna_data_01_mir/recover-20220811/UBNA_009/20220809_053000.WAV,Foliage,recover-20220811,009,1795
1647.1745,1647.1822,27187.0,48950.0,Eptesicus serotinus,0.497,0.553,-1,Echolocation,/mnt/ubna_data_01_mir/recover-20220811/UBNA_009/20220809_053000.WAV,Foliage,recover-20220811,009,1795
1647.6705,1647.6796,28046.0,44094.0,Eptesicus serotinus,0.54,0.709,-1,Echolocation,/mnt/ubna_data_01_mir/recover-20220811/UBNA_009/20220809_053000.WAV,Foliage,recover-20220811,009,1795
1647.7995,1647.8088,28046.0,49678.0,Eptesicus serotinus,0.56,0.641,-1,Echolocation,/mnt/ubna_data_01_mir/recover-20220811/UBNA_009/20220809_053000.WAV,Foliage,recover-20220811,009,1795
1647.9085,1647.9187,28046.0,48195.0,Eptesicus serotinus,0.58,0.717,-1,Echolocation,/mnt/ubna_data_01_mir/recover-20220811/UBNA_009/20220809_053000.WAV,Foliage,recover-20220811,009,1795
1648.0285,1648.0382,28046.0,48101.0,Eptesicus serotinus,0.361,0.617,-1,Echolocation,/mnt/ubna_data_01_mir/recover-20220811/UBNA_009/20220809_053000.WAV,Foliage,recover-20220811,009,1795
1648.1505,1648.16,28046.0,51874.0,Eptesicus serotinus,0.443,0.715,-1,Echolocation,/mnt/ubna_data_01_mir/recover-20220811/UBNA_009/20220809_053000.WAV,Foliage,recover-20220811,009,1795
1648.2845,1648.2948,28046.0,48491.0,Eptesicus serotinus,0.385,0.69,-1,Echolocation,/mnt/ubna_data_01_mir/recover-20220811/UBNA_009/20220809_053000.WAV,Foliage,recover-20220811,009,1795
1648.4105,1648.4214,28046.0,48545.0,Eptesicus serotinus,0.339,0.669,-1,Echolocation,/mnt/ubna_data_01_mir/recover-20220811/UBNA_009/20220809_053000.WAV,Foliage,recover-20220811,009,1795
1648.5365,1648.5458,28046.0,50498.0,Nyctalus leisleri,0.337,0.719,-1,Echolocation,/mnt/ubna_data_01_mir/recover-20220811/UBNA_009/20220809_053000.WAV,Foliage,recover-20220811,009,1795
1648.6605,1648.6703,28906.0,39635.0,Eptesicus serotinus,0.381,0.63,-1,Echolocation,/mnt/ubna_data_01_mir/recover-20220811/UBNA_009/20220809_053000.WAV,Foliage,recover-20220811,009,1795
1648.7845,1648.7985,28046.0,35614.0,Eptesicus serotinus,0.2,0.362,-1,Echolocation,/mnt/ubna_data_01_mir/recover-20220811/UBNA_009/20220809_053000.WAV,Foliage,recover-20220811,009,1795
1648.9085,1648.924,28906.0,34675.0,Eptesicus serotinus,0.114,0.253,-1,Echolocation,/mnt/ubna_data_01_mir/recover-20220811/UBNA_009/20220809_053000.WAV,Foliage,recover-20220811,009,1795
1648.9565,1648.9719,25468.0,29385.0,Nyctalus leisleri,0.172,0.284,-1,Echolocation,/mnt/ubna_data_01_mir/recover-20220811/UBNA_009/20220809_053000.WAV,Foliage,recover-20220811,009,1795
1649.0155,1649.0284,28046.0,36653.0,Eptesicus serotinus,0.223,0.317,-1,Echolocation,/mnt/ubna_data_01_mir/recover-20220811/UBNA_009/20220809_053000.WAV,Foliage,recover-20220811,009,1795
1649.3765,1649.3894,25468.0,31235.0,Nyctalus leisleri,0.243,0.472,-1,Echolocation,/mnt/ubna_data_01_mir/recover-20220811/UBNA_009/20220809_053000.WAV,Foliage,recover-20220811,009,1795
1649.6255,1649.6406,24609.0,29787.0,Nyctalus leisleri,0.241,0.448,-1,Echolocation,/mnt/ubna_data_01_mir/recover-20220811/UBNA_009/20220809_053000.WAV,Foliage,recover-20220811,009,1795
1649.7805,1649.7945,25468.0,29802.0,Nyctalus leisleri,0.13,0.259,-1,Echolocation,/mnt/ubna_data_01_mir/recover-20220811/UBNA_009/20220809_053000.WAV,Foliage,recover-20220811,009,1795
1650.0465,1650.0629,25468.0,29075.0,Nyctalus leisleri,0.274,0.377,-1,Echolocation,/mnt/ubna_data_01_mir/recover-20220811/UBNA_009/20220809_053000.WAV,Foliage,recover-20220811,009,1795
1650.5625,1650.5746,24609.0,28977.0,Nyctalus leisleri,0.133,0.274,-1,Echolocation,/mnt/ubna_data_01_mir/recover-20220811/UBNA_009/20220809_053000.WAV,Foliage,recover-20220811,009,1795
1651.3225,1651.3367,25468.0,31476.0,Nyctalus leisleri,0.231,0.489,-1,Echolocation,/mnt/ubna_data_01_mir/recover-20220811/UBNA_009/20220809_053000.WAV,Foliage,recover-20220811,009,1795
1651.5775,1651.5905,25468.0,31458.0,Nyctalus leisleri,0.282,0.548,-1,Echolocation,/mnt/ubna_data_01_mir/recover-20220811/UBNA_009/20220809_053000.WAV,Foliage,recover-20220811,009,1795
1651.8765,1651.8883,25468.0,31840.0,Eptesicus serotinus,0.218,0.48,-1,Echolocation,/mnt/ubna_data_01_mir/recover-20220811/UBNA_009/20220809_053000.WAV,Foliage,recover-20220811,009,1795
1652.0195,1652.0317,25468.0,32085.0,Nyctalus leisleri,0.365,0.574,-1,Echolocation,/mnt/ubna_data_01_mir/recover-20220811/UBNA_009/20220809_053000.WAV,Foliage,recover-20220811,009,1795
1652.1545,1652.1664,25468.0,31939.0,Nyctalus leisleri,0.16,0.321,-1,Echolocation,/mnt/ubna_data_01_mir/recover-20220811/UBNA_009/20220809_053000.WAV,Foliage,recover-20220811,009,1795
1652.5585,1652.5706,24609.0,31231.0,Eptesicus serotinus,0.254,0.558,-1,Echolocation,/mnt/ubna_data_01_mir/recover-20220811/UBNA_009/20220809_053000.WAV,Foliage,recover-20220811,009,1795
1652.7055,1652.7182,25468.0,29498.0,Nyctalus leisleri,0.324,0.481,-1,Echolocation,/mnt/ubna_data_01_mir/recover-20220811/UBNA_009/20220809_053000.WAV,Foliage,recover-20220811,009,1795
1652.9745,1652.9875,25468.0,30644.0,Nyctalus leisleri,0.465,0.574,-1,Echolocation,/mnt/ubna_data_01_mir/recover-20220811/UBNA_009/20220809_053000.WAV,Foliage,recover-20220811,009,1795
1653.1365,1653.1533,24609.0,30211.0,Nyctalus leisleri,0.244,0.428,-1,Echolocation,/mnt/ubna_data_01_mir/recover-20220811/UBNA_009/20220809_053000.WAV,Foliage,recover-20220811,009,1795
1653.4165,1653.4327,24609.0,29138.0,Nyctalus leisleri,0.316,0.443,-1,Echolocation,/mnt/ubna_data_01_mir/recover-20220811/UBNA_009/20220809_053000.WAV,Foliage,recover-20220811,009,1795
1653.5555,1653.5742,24609.0,29889.0,Nyctalus leisleri,0.267,0.405,-1,Echolocation,/mnt/ubna_data_01_mir/recover-20220811/UBNA_009/20220809_053000.WAV,Foliage,recover-20220811,009,1795
1653.7095,1653.7253,24609.0,29954.0,Nyctalus leisleri,0.133,0.253,-1,Echolocation,/mnt/ubna_data_01_mir/recover-20220811/UBNA_009/20220809_053000.WAV,Foliage,recover-20220811,009,1795
1653.8495,1653.866,24609.0,29334.0,Nyctalus leisleri,0.289,0.475,-1,Echolocation,/mnt/ubna_data_01_mir/recover-20220811/UBNA_009/20220809_053000.WAV,Foliage,recover-20220811,009,1795
1654.1515,1654.1682,24609.0,30741.0,Nyctalus leisleri,0.292,0.505,-1,Echolocation,/mnt/ubna_data_01_mir/recover-20220811/UBNA_009/20220809_053000.WAV,Foliage,recover-20220811,009,1795
1654.4185,1654.4403,23750.0,28079.0,Nyctalus leisleri,0.193,0.307,-1,Echolocation,/mnt/ubna_data_01_mir/recover-20220811/UBNA_009/20220809_053000.WAV,Foliage,recover-20220811,009,1795
1654.6925,1654.7099,24609.0,30380.0,Nyctalus leisleri,0.22,0.354,-1,Echolocation,/mnt/ubna_data_01_mir/recover-20220811/UBNA_009/20220809_053000.WAV,Foliage,recover-20220811,009,1795
1654.9735,1654.9942,24609.0,28271.0,Nyctalus leisleri,0.23,0.319,-1,Echolocation,/mnt/ubna_data_01_mir/recover-20220811/UBNA_009/20220809_053000.WAV,Foliage,recover-20220811,009,1795
1655.2695,1655.2907,23750.0,28900.0,Nyctalus leisleri,0.183,0.322,-1,Echolocation,/mnt/ubna_data_01_mir/recover-20220811/UBNA_009/20220809_053000.WAV,Foliage,recover-20220811,009,1795
1655.5515,1655.5763,24609.0,29639.0,Nyctalus leisleri,0.109,0.236,-1,Echolocation,/mnt/ubna_data_01_mir/recover-20220811/UBNA_009/20220809_053000.WAV,Foliage,recover-20220811,009,1795
1655.7075,1655.7266,24609.0,29131.0,Nyctalus leisleri,0.228,0.353,-1,Echolocation,/mnt/ubna_data_01_mir/recover-20220811/UBNA_009/20220809_053000.WAV,Foliage,recover-20220811,009,1795
1655.9775,1655.9987,24609.0,30024.0,Nyctalus leisleri,0.144,0.267,-1,Echolocation,/mnt/ubna_data_01_mir/recover-20220811/UBNA_009/20220809_053000.WAV,Foliage,recover-20220811,009,1795
1656.5895,1656.6138,23750.0,28226.0,Nyctalus leisleri,0.19,0.296,-1,Echolocation,/mnt/ubna_data_01_mir/recover-20220811/UBNA_009/20220809_053000.WAV,Foliage,recover-20220811,009,1795
1660.6185,1660.6318,28906.0,34743.0,Nyctalus leisleri,0.12,0.252,-1,Echolocation,/mnt/ubna_data_01_mir/recover-20220811/UBNA_009/20220809_053000.WAV,Foliage,recover-20220811,009,1795
1660.9055,1660.9198,29765.0,34699.0,Eptesicus serotinus,0.15,0.248,-1,Echolocation,/mnt/ubna_data_01_mir/recover-20220811/UBNA_009/20220809_053000.WAV,Foliage,recover-20220811,009,1795
1661.0495,1661.065,28906.0,33560.0,Eptesicus serotinus,0.107,0.204,-1,Echolocation,/mnt/ubna_data_01_mir/recover-20220811/UBNA_009/20220809_053000.WAV,Foliage,recover-20220811,009,1795
1661.3305,1661.3435,28906.0,34753.0,Eptesicus serotinus,0.171,0.277,-1,Echolocation,/mnt/ubna_data_01_mir/recover-20220811/UBNA_009/20220809_053000.WAV,Foliage,recover-20220811,009,1795
1661.4695,1661.482,29765.0,39975.0,Eptesicus serotinus,0.114,0.232,-1,Echolocation,/mnt/ubna_data_01_mir/recover-20220811/UBNA_009/20220809_053000.WAV,Foliage,recover-20220811,009,1795
1662.0355,1662.0485,29765.0,34921.0,Eptesicus serotinus,0.127,0.222,-1,Echolocation,/mnt/ubna_data_01_mir/recover-20220811/UBNA_009/20220809_053000.WAV,Foliage,recover-20220811,009,1795
1662.7085,1662.7238,29765.0,35721.0,Eptesicus serotinus,0.117,0.206,-1,Echolocation,/mnt/ubna_data_01_mir/recover-20220811/UBNA_009/20220809_053000.WAV,Foliage,recover-20220811,009,1795
1664.3035,1664.3198,23750.0,27895.0,Nyctalus leisleri,0.101,0.237,-1,Echolocation,/mnt/ubna_data_01_mir/recover-20220811/UBNA_009/20220809_053000.WAV,Foliage,recover-20220811,009,1795
1665.5545,1665.5683,28906.0,34033.0,Eptesicus serotinus,0.124,0.248,-1,Echolocation,/mnt/ubna_data_01_mir/recover-20220811/UBNA_009/20220809_053000.WAV,Foliage,recover-20220811,009,1795
1665.6845,1665.7003,28906.0,35246.0,Eptesicus serotinus,0.177,0.275,-1,Echolocation,/mnt/ubna_data_01_mir/recover-20220811/UBNA_009/20220809_053000.WAV,Foliage,recover-20220811,009,1795
1665.8155,1665.8291,28906.0,33819.0,Eptesicus serotinus,0.162,0.339,-1,Echolocation,/mnt/ubna_data_01_mir/recover-20220811/UBNA_009/20220809_053000.WAV,Foliage,recover-20220811,009,1795
1666.5045,1666.5187,29765.0,38351.0,Eptesicus serotinus,0.264,0.364,-1,Echolocation,/mnt/ubna_data_01_mir/recover-20220811/UBNA_009/20220809_053000.WAV,Foliage,recover-20220811,009,1795
1666.6925,1666.7046,27187.0,38760.0,Eptesicus serotinus,0.38,0.464,-1,Echolocation,/mnt/ubna_data_01_mir/recover-20220811/UBNA_009/20220809_053000.WAV,Foliage,recover-20220811,009,1795
1666.8015,1666.8146,28906.0,36828.0,Eptesicus serotinus,0.269,0.409,-1,Echolocation,/mnt/ubna_data_01_mir/recover-20220811/UBNA_009/20220809_053000.WAV,Foliage,recover-20220811,009,1795
1669.1965,1669.214,25468.0,31785.0,Eptesicus serotinus,0.102,0.22,-1,Echolocation,/mnt/ubna_data_01_mir/recover-20220811/UBNA_009/20220809_053000.WAV,Foliage,recover-20220811,009,1795
1669.6895,1669.7103,24609.0,29897.0,Nyctalus leisleri,0.14,0.252,-1,Echolocation,/mnt/ubna_data_01_mir/recover-20220811/UBNA_009/20220809_053000.WAV,Foliage,recover-20220811,009,1795
1669.8605,1669.8829,24609.0,29725.0,Nyctalus leisleri,0.105,0.217,-1,Echolocation,/mnt/ubna_data_01_mir/recover-20220811/UBNA_009/20220809_053000.WAV,Foliage,recover-20220811,009,1795
1670.1425,1670.1628,24609.0,29423.0,Nyctalus leisleri,0.173,0.302,-1,Echolocation,/mnt/ubna_data_01_mir/recover-20220811/UBNA_009/20220809_053000.WAV,Foliage,recover-20220811,009,1795
1670.3545,1670.37,25468.0,30793.0,Nyctalus leisleri,0.172,0.296,-1,Echolocation,/mnt/ubna_data_01_mir/recover-20220811/UBNA_009/20220809_053000.WAV,Foliage,recover-20220811,009,1795
1670.6535,1670.6687,25468.0,32442.0,Eptesicus serotinus,0.139,0.259,-1,Echolocation,/mnt/ubna_data_01_mir/recover-20220811/UBNA_009/20220809_053000.WAV,Foliage,recover-20220811,009,1795
1670.7725,1670.7898,25468.0,31630.0,Nyctalus leisleri,0.116,0.219,-1,Echolocation,/mnt/ubna_data_01_mir/recover-20220811/UBNA_009/20220809_053000.WAV,Foliage,recover-20220811,009,1795
1670.8855,1670.9035,26328.0,31019.0,Nyctalus leisleri,0.112,0.239,-1,Echolocation,/mnt/ubna_data_01_mir/recover-20220811/UBNA_009/20220809_053000.WAV,Foliage,recover-20220811,009,1795
1672.2505,1672.271,24609.0,29854.0,Nyctalus leisleri,0.216,0.339,-1,Echolocation,/mnt/ubna_data_01_mir/recover-20220811/UBNA_009/20220809_053000.WAV,Foliage,recover-20220811,009,1795
1672.6705,1672.6876,24609.0,29879.0,Nyctalus leisleri,0.269,0.38,-1,Echolocation,/mnt/ubna_data_01_mir/recover-20220811/UBNA_009/20220809_053000.WAV,Foliage,recover-20220811,009,1795
1672.8765,1672.8972,25468.0,31918.0,Eptesicus serotinus,0.111,0.247,-1,Echolocation,/mnt/ubna_data_01_mir/recover-20220811/UBNA_009/20220809_053000.WAV,Foliage,recover-20220811,009,1795
1673.1285,1673.1462,28046.0,33556.0,Eptesicus serotinus,0.129,0.224,-1,Echolocation,/mnt/ubna_data_01_mir/recover-20220811/UBNA_009/20220809_053000.WAV,Foliage,recover-20220811,009,1795
1673.2265,1673.2425,24609.0,33437.0,Eptesicus serotinus,0.26,0.504,-1,Echolocation,/mnt/ubna_data_01_mir/recover-20220811/UBNA_009/20220809_053000.WAV,Foliage,recover-20220811,009,1795
1673.3725,1673.387,26328.0,32100.0,Nyctalus leisleri,0.167,0.317,-1,Echolocation,/mnt/ubna_data_01_mir/recover-20220811/UBNA_009/20220809_053000.WAV,Foliage,recover-20220811,009,1795
1673.5065,1673.5197,28046.0,39559.0,Eptesicus serotinus,0.212,0.414,-1,Echolocation,/mnt/ubna_data_01_mir/recover-20220811/UBNA_009/20220809_053000.WAV,Foliage,recover-20220811,009,1795
1673.6375,1673.652,28046.0,34397.0,Eptesicus serotinus,0.158,0.304,-1,Echolocation,/mnt/ubna_data_01_mir/recover-20220811/UBNA_009/20220809_053000.WAV,Foliage,recover-20220811,009,1795
1673.6725,1673.6926,24609.0,28757.0,Nyctalus leisleri,0.18,0.277,-1,Echolocation,/mnt/ubna_data_01_mir/recover-20220811/UBNA_009/20220809_053000.WAV,Foliage,recover-20220811,009,1795
1673.7695,1673.7828,26328.0,35195.0,Eptesicus serotinus,0.269,0.449,-1,Echolocation,/mnt/ubna_data_01_mir/recover-20220811/UBNA_009/20220809_053000.WAV,Foliage,recover-20220811,009,1795
1673.9095,1673.9214,27187.0,34154.0,Eptesicus serotinus,0.199,0.327,-1,Echolocation,/mnt/ubna_data_01_mir/recover-20220811/UBNA_009/20220809_053000.WAV,Foliage,recover-20220811,009,1795
1673.9475,1673.9725,24609.0,27756.0,Nyctalus leisleri,0.172,0.232,-1,Echolocation,/mnt/ubna_data_01_mir/recover-20220811/UBNA_009/20220809_053000.WAV,Foliage,recover-20220811,009,1795
1674.0415,1674.0545,27187.0,38746.0,Eptesicus serotinus,0.289,0.424,-1,Echolocation,/mnt/ubna_data_01_mir/recover-20220811/UBNA_009/20220809_053000.WAV,Foliage,recover-20220811,009,1795
1674.0855,1674.106,24609.0,27799.0,Nyctalus leisleri,0.137,0.214,-1,Echolocation,/mnt/ubna_data_01_mir/recover-20220811/UBNA_009/20220809_053000.WAV,Foliage,recover-20220811,009,1795
1674.1785,1674.1911,27187.0,38246.0,Eptesicus serotinus,0.322,0.476,-1,Echolocation,/mnt/ubna_data_01_mir/recover-20220811/UBNA_009/20220809_053000.WAV,Foliage,recover-20220811,009,1795
1674.2095,1674.2305,24609.0,28670.0,Nyctalus leisleri,0.114,0.213,-1,Echolocation,/mnt/ubna_data_01_mir/recover-20220811/UBNA_009/20220809_053000.WAV,Foliage,recover-20220811,009,1795
1674.3115,1674.3241,27187.0,36548.0,Eptesicus serotinus,0.372,0.53,-1,Echolocation,/mnt/ubna_data_01_mir/recover-20220811/UBNA_009/20220809_053000.WAV,Foliage,recover-20220811,009,1795
1674.4425,1674.4547,28046.0,36716.0,Eptesicus serotinus,0.319,0.477,-1,Echolocation,/mnt/ubna_data_01_mir/recover-20220811/UBNA_009/20220809_053000.WAV,Foliage,recover-20220811,009,1795
1674.5715,1674.5837,27187.0,35831.0,Eptesicus serotinus,0.33,0.499,-1,Echolocation,/mnt/ubna_data_01_mir/recover-20220811/UBNA_009/20220809_053000.WAV,Foliage,recover-20220811,009,1795
1674.6595,1674.6745,25468.0,29266.0,Nyctalus leisleri,0.14,0.28,-1,Echolocation,/mnt/ubna_data_01_mir/recover-20220811/UBNA_009/20220809_053000.WAV,Foliage,recover-20220811,009,1795
1674.7105,1674.72,28046.0,44449.0,Eptesicus serotinus,0.377,0.715,-1,Echolocation,/mnt/ubna_data_01_mir/recover-20220811/UBNA_009/20220809_053000.WAV,Foliage,recover-20220811,009,1795
1674.8485,1674.8582,28046.0,43235.0,Eptesicus serotinus,0.403,0.702,-1,Echolocation,/mnt/ubna_data_01_mir/recover-20220811/UBNA_009/20220809_053000.WAV,Foliage,recover-20220811,009,1795
1674.9865,1674.9974,28046.0,44274.0,Eptesicus serotinus,0.492,0.632,-1,Echolocation,/mnt/ubna_data_01_mir/recover-20220811/UBNA_009/20220809_053000.WAV,Foliage,recover-20220811,009,1795
1675.1045,1675.1146,27187.0,48567.0,Eptesicus serotinus,0.52,0.692,-1,Echolocation,/mnt/ubna_data_01_mir/recover-20220811/UBNA_009/20220809_053000.WAV,Foliage,recover-20220811,009,1795
1675.2495,1675.2592,28046.0,49557.0,Eptesicus serotinus,0.368,0.722,-1,Echolocation,/mnt/ubna_data_01_mir/recover-20220811/UBNA_009/20220809_053000.WAV,Foliage,recover-20220811,009,1795
1675.3735,1675.3831,28046.0,47868.0,Eptesicus serotinus,0.367,0.674,-1,Echolocation,/mnt/ubna_data_01_mir/recover-20220811/UBNA_009/20220809_053000.WAV,Foliage,recover-20220811,009,1795
1675.5025,1675.5108,27187.0,50378.0,Eptesicus serotinus,0.51,0.675,-1,Echolocation,/mnt/ubna_data_01_mir/recover-20220811/UBNA_009/20220809_053000.WAV,Foliage,recover-20220811,009,1795
1675.6465,1675.6568,27187.0,50009.0,Eptesicus serotinus,0.495,0.729,-1,Echolocation,/mnt/ubna_data_01_mir/recover-20220811/UBNA_009/20220809_053000.WAV,Foliage,recover-20220811,009,1795
1675.7885,1675.7978,28046.0,47644.0,Eptesicus serotinus,0.459,0.629,-1,Echolocation,/mnt/ubna_data_01_mir/recover-20220811/UBNA_009/20220809_053000.WAV,Foliage,recover-20220811,009,1795
1675.9275,1675.9362,28046.0,52561.0,Eptesicus serotinus,0.503,0.732,-1,Echolocation,/mnt/ubna_data_01_mir/recover-20220811/UBNA_009/20220809_053000.WAV,Foliage,recover-20220811,009,1795
1676.0625,1676.0739,27187.0,45651.0,Eptesicus serotinus,0.566,0.646,-1,Echolocation,/mnt/ubna_data_01_mir/recover-20220811/UBNA_009/20220809_053000.WAV,Foliage,recover-20220811,009,1795
1676.2045,1676.2157,28046.0,48211.0,Eptesicus serotinus,0.52,0.667,-1,Echolocation,/mnt/ubna_data_01_mir/recover-20220811/UBNA_009/20220809_053000.WAV,Foliage,recover-20220811,009,1795
1676.3455,1676.3561,28906.0,51648.0,Eptesicus serotinus,0.424,0.678,-1,Echolocation,/mnt/ubna_data_01_mir/recover-20220811/UBNA_009/20220809_053000.WAV,Foliage,recover-20220811,009,1795
1676.4895,1676.5001,27187.0,49756.0,Eptesicus serotinus,0.463,0.588,-1,Echolocation,/mnt/ubna_data_01_mir/recover-20220811/UBNA_009/20220809_053000.WAV,Foliage,recover-20220811,009,1795
1676.6265,1676.6373,28906.0,47836.0,Eptesicus serotinus,0.425,0.525,-1,Echolocation,/mnt/ubna_data_01_mir/recover-20220811/UBNA_009/20220809_053000.WAV,Foliage,recover-20220811,009,1795
1676.7735,1676.7867,28906.0,46961.0,Eptesicus serotinus,0.371,0.552,-1,Echolocation,/mnt/ubna_data_01_mir/recover-20220811/UBNA_009/20220809_053000.WAV,Foliage,recover-20220811,009,1795
1677.1045,1677.1177,25468.0,29774.0,Nyctalus leisleri,0.175,0.341,-1,Echolocation,/mnt/ubna_data_01_mir/recover-20220811/UBNA_009/20220809_053000.WAV,Foliage,recover-20220811,009,1795
1677.1365,1677.1483,28906.0,51421.0,Eptesicus serotinus,0.37,0.6,-1,Echolocation,/mnt/ubna_data_01_mir/recover-20220811/UBNA_009/20220809_053000.WAV,Foliage,recover-20220811,009,1795
1677.2725,1677.2814,28046.0,51049.0,Eptesicus serotinus,0.487,0.626,-1,Echolocation,/mnt/ubna_data_01_mir/recover-20220811/UBNA_009/20220809_053000.WAV,Foliage,recover-20220811,009,1795
1677.3305,1677.346,24609.0,30660.0,Eptesicus serotinus,0.188,0.363,-1,Echolocation,/mnt/ubna_data_01_mir/recover-20220811/UBNA_009/20220809_053000.WAV,Foliage,recover-20220811,009,1795
1677.3925,1677.4007,28046.0,54105.0,Eptesicus serotinus,0.598,0.725,-1,Echolocation,/mnt/ubna_data_01_mir/recover-20220811/UBNA_009/20220809_053000.WAV,Foliage,recover-20220811,009,1795
1677.4985,1677.5067,28046.0,54314.0,Eptesicus serotinus,0.577,0.668,-1,Echolocation,/mnt/ubna_data_01_mir/recover-20220811/UBNA_009/20220809_053000.WAV,Foliage,recover-20220811,009,1795
1677.5805,1677.5937,24609.0,30202.0,Nyctalus leisleri,0.267,0.527,-1,Echolocation,/mnt/ubna_data_01_mir/recover-20220811/UBNA_009/20220809_053000.WAV,Foliage,recover-20220811,009,1795
1677.6155,1677.6243,28906.0,56487.0,Eptesicus serotinus,0.536,0.705,-1,Echolocation,/mnt/ubna_data_01_mir/recover-20220811/UBNA_009/20220809_053000.WAV,Foliage,recover-20220811,009,1795
1677.7175,1677.7253,28046.0,55296.0,Eptesicus serotinus,0.491,0.656,-1,Echolocation,/mnt/ubna_data_01_mir/recover-20220811/UBNA_009/20220809_053000.WAV,Foliage,recover-20220811,009,1795
1677.7375,1677.7536,23750.0,31662.0,Eptesicus serotinus,0.334,0.505,-1,Echolocation,/mnt/ubna_data_01_mir/recover-20220811/UBNA_009/20220809_053000.WAV,Foliage,recover-20220811,009,1795
1677.8155,1677.8233,28046.0,54562.0,Eptesicus serotinus,0.579,0.699,-1,Echolocation,/mnt/ubna_data_01_mir/recover-20220811/UBNA_009/20220809_053000.WAV,Foliage,recover-20220811,009,1795
1677.8935,1677.9074,24609.0,30553.0,Eptesicus serotinus,0.222,0.364,-1,Echolocation,/mnt/ubna_data_01_mir/recover-20220811/UBNA_009/20220809_053000.WAV,Foliage,recover-20220811,009,1795
1677.9315,1677.9405,28046.0,54102.0,Eptesicus serotinus,0.555,0.658,-1,Echolocation,/mnt/ubna_data_01_mir/recover-20220811/UBNA_009/20220809_053000.WAV,Foliage,recover-20220811,009,1795
1678.0585,1678.0689,28906.0,53098.0,Eptesicus serotinus,0.473,0.652,-1,Echolocation,/mnt/ubna_data_01_mir/recover-20220811/UBNA_009/20220809_053000.WAV,Foliage,recover-20220811,009,1795
1678.1515,1678.1602,26328.0,47482.0,Eptesicus serotinus,0.493,0.62,-1,Echolocation,/mnt/ubna_data_01_mir/recover-20220811/UBNA_009/20220809_053000.WAV,Foliage,recover-20220811,009,1795
1678.2475,1678.261,29765.0,43330.0,Eptesicus serotinus,0.162,0.242,-1,Echolocation,/mnt/ubna_data_01_mir/recover-20220811/UBNA_009/20220809_053000.WAV,Foliage,recover-20220811,009,1795
1678.3545,1678.3653,28046.0,47631.0,Eptesicus serotinus,0.375,0.475,-1,Echolocation,/mnt/ubna_data_01_mir/recover-20220811/UBNA_009/20220809_053000.WAV,Foliage,recover-20220811,009,1795
1678.4175,1678.4358,23750.0,30151.0,Eptesicus serotinus,0.167,0.31,-1,Echolocation,/mnt/ubna_data_01_mir/recover-20220811/UBNA_009/20220809_053000.WAV,Foliage,recover-20220811,009,1795
1678.4725,1678.4838,29765.0,44573.0,Eptesicus serotinus,0.298,0.393,-1,Echolocation,/mnt/ubna_data_01_mir/recover-20220811/UBNA_009/20220809_053000.WAV,Foliage,recover-20220811,009,1795
1678.5715,1678.5835,24609.0,31087.0,Eptesicus serotinus,0.212,0.401,-1,Echolocation,/mnt/ubna_data_01_mir/recover-20220811/UBNA_009/20220809_053000.WAV,Foliage,recover-20220811,009,1795
1678.7115,1678.7233,27187.0,47768.0,Eptesicus serotinus,0.469,0.607,-1,Echolocation,/mnt/ubna_data_01_mir/recover-20220811/UBNA_009/20220809_053000.WAV,Foliage,recover-20220811,009,1795
1678.8365,1678.8502,28906.0,41364.0,Eptesicus serotinus,0.329,0.521,-1,Echolocation,/mnt/ubna_data_01_mir/recover-20220811/UBNA_009/20220809_053000.WAV,Foliage,recover-20220811,009,1795
1678.8685,1678.8888,24609.0,29286.0,Nyctalus leisleri,0.168,0.277,-1,Echolocation,/mnt/ubna_data_01_mir/recover-20220811/UBNA_009/20220809_053000.WAV,Foliage,recover-20220811,009,1795
1678.9645,1678.9756,27187.0,42964.0,Eptesicus serotinus,0.474,0.61,-1,Echolocation,/mnt/ubna_data_01_mir/recover-20220811/UBNA_009/20220809_053000.WAV,Foliage,recover-20220811,009,1795
1679.0075,1679.0274,23750.0,28612.0,Nyctalus leisleri,0.098,0.217,-1,Echolocation,/mnt/ubna_data_01_mir/recover-20220811/UBNA_009/20220809_053000.WAV,Foliage,recover-20220811,009,1795
1679.0965,1679.1082,27187.0,34153.0,Nyctalus leisleri,0.374,0.636,-1,Echolocation,/mnt/ubna_data_01_mir/recover-20220811/UBNA_009/20220809_053000.WAV,Foliage,recover-20220811,009,1795
1679.1415,1679.1586,25468.0,29329.0,Nyctalus leisleri,0.126,0.222,-1,Echolocation,/mnt/ubna_data_01_mir/recover-20220811/UBNA_009/20220809_053000.WAV,Foliage,recover-20220811,009,1795
1679.2115,1679.2259,27187.0,33830.0,Eptesicus serotinus,0.147,0.28,-1,Echolocation,/mnt/ubna_data_01_mir/recover-20220811/UBNA_009/20220809_053000.WAV,Foliage,recover-20220811,009,1795
1679.3425,1679.3542,27187.0,39500.0,Eptesicus serotinus,0.385,0.612,-1,Echolocation,/mnt/ubna_data_01_mir/recover-20220811/UBNA_009/20220809_053000.WAV,Foliage,recover-20220811,009,1795
1679.4705,1679.4806,27187.0,37146.0,Eptesicus serotinus,0.422,0.624,-1,Echolocation,/mnt/ubna_data_01_mir/recover-20220811/UBNA_009/20220809_053000.WAV,Foliage,recover-20220811,009,1795
1679.5695,1679.5815,28046.0,45061.0,Eptesicus serotinus,0.358,0.596,-1,Echolocation,/mnt/ubna_data_01_mir/recover-20220811/UBNA_009/20220809_053000.WAV,Foliage,recover-20220811,009,1795
1679.6635,1679.6747,27187.0,47912.0,Eptesicus serotinus,0.433,0.699,-1,Echolocation,/mnt/ubna_data_01_mir/recover-20220811/UBNA_009/20220809_053000.WAV,Foliage,recover-20220811,009,1795
1679.7625,1679.7741,28046.0,49208.0,Eptesicus serotinus,0.439,0.668,-1,Echolocation,/mnt/ubna_data_01_mir/recover-20220811/UBNA_009/20220809_053000.WAV,Foliage,recover-20220811,009,1795
1679.8115,1679.827,24609.0,29270.0,Nyctalus leisleri,0.115,0.241,-1,Echolocation,/mnt/ubna_data_01_mir/recover-20220811/UBNA_009/20220809_053000.WAV,Foliage,recover-20220811,009,1795
1679.8925,1679.9068,26328.0,42819.0,Eptesicus serotinus,0.459,0.637,-1,Echolocation,/mnt/ubna_data_01_mir/recover-20220811/UBNA_009/20220809_053000.WAV,Foliage,recover-20220811,009,1795
1680.0075,1680.0184,27187.0,50106.0,Eptesicus serotinus,0.591,0.732,-1,Echolocation,/mnt/ubna_data_01_mir/recover-20220811/UBNA_009/20220809_053000.WAV,Foliage,recover-20220811,009,1795
1680.2135,1680.226,27187.0,45119.0,Eptesicus serotinus,0.463,0.665,-1,Echolocation,/mnt/ubna_data_01_mir/recover-20220811/UBNA_009/20220809_053000.WAV,Foliage,recover-20220811,009,1795
1680.3745,1680.3878,28046.0,46813.0,Eptesicus serotinus,0.427,0.663,-1,Echolocation,/mnt/ubna_data_01_mir/recover-20220811/UBNA_009/20220809_053000.WAV,Foliage,recover-20220811,009,1795
1680.5015,1680.5136,27187.0,46510.0,Eptesicus serotinus,0.507,0.633,-1,Echolocation,/mnt/ubna_data_01_mir/recover-20220811/UBNA_009/20220809_053000.WAV,Foliage,recover-20220811,009,1795
1680.6325,1680.6423,28046.0,46960.0,Eptesicus serotinus,0.406,0.562,-1,Echolocation,/mnt/ubna_data_01_mir/recover-20220811/UBNA_009/20220809_053000.WAV,Foliage,recover-20220811,009,1795
1680.7545,1680.7675,28906.0,47381.0,Eptesicus serotinus,0.333,0.556,-1,Echolocation,/mnt/ubna_data_01_mir/recover-20220811/UBNA_009/20220809_053000.WAV,Foliage,recover-20220811,009,1795
1680.8465,1680.858,28906.0,48444.0,Eptesicus serotinus,0.267,0.428,-1,Echolocation,/mnt/ubna_data_01_mir/recover-20220811/UBNA_009/20220809_053000.WAV,Foliage,recover-20220811,009,1795
1681.5495,1681.5626,29765.0,38047.0,Eptesicus serotinus,0.165,0.237,-1,Echolocation,/mnt/ubna_data_01_mir/recover-20220811/UBNA_009/20220809_053000.WAV,Foliage,recover-20220811,009,1795
1686.7835,1686.7954,27187.0,32194.0,Eptesicus serotinus,0.125,0.202,-1,Echolocation,/mnt/ubna_data_01_mir/recover-20220811/UBNA_009/20220809_053000.WAV,Foliage,recover-20220811,009,1795
1687.1695,1687.181,26328.0,30624.0,Nyctalus leisleri,0.207,0.36,-1,Echolocation,/mnt/ubna_data_01_mir/recover-20220811/UBNA_009/20220809_053000.WAV,Foliage,recover-20220811,009,1795
1687.2955,1687.3077,26328.0,32152.0,Eptesicus serotinus,0.204,0.371,-1,Echolocation,/mnt/ubna_data_01_mir/recover-20220811/UBNA_009/20220809_053000.WAV,Foliage,recover-20220811,009,1795
1688.3395,1688.3544,26328.0,31953.0,Nyctalus leisleri,0.202,0.444,-1,Echolocation,/mnt/ubna_data_01_mir/recover-20220811/UBNA_009/20220809_053000.WAV,Foliage,recover-20220811,009,1795
1693.6075,1693.62,26328.0,32928.0,Eptesicus serotinus,0.219,0.385,-1,Echolocation,/mnt/ubna_data_01_mir/recover-20220811/UBNA_009/20220809_053000.WAV,Foliage,recover-20220811,009,1795
1693.7555,1693.768,26328.0,32967.0,Nyctalus leisleri,0.346,0.61,-1,Echolocation,/mnt/ubna_data_01_mir/recover-20220811/UBNA_009/20220809_053000.WAV,Foliage,recover-20220811,009,1795
1693.8975,1693.9099,26328.0,32632.0,Eptesicus serotinus,0.221,0.461,-1,Echolocation,/mnt/ubna_data_01_mir/recover-20220811/UBNA_009/20220809_053000.WAV,Foliage,recover-20220811,009,1795
1694.0705,1694.0842,26328.0,31836.0,Nyctalus leisleri,0.183,0.321,-1,Echolocation,/mnt/ubna_data_01_mir/recover-20220811/UBNA_009/20220809_053000.WAV,Foliage,recover-20220811,009,1795
1701.3905,1701.4017,26328.0,32605.0,Nyctalus leisleri,0.316,0.56,-1,Echolocation,/mnt/ubna_data_01_mir/recover-20220811/UBNA_009/20220809_053000.WAV,Foliage,recover-20220811,009,1795
1701.6415,1701.6537,26328.0,30725.0,Nyctalus leisleri,0.158,0.308,-1,Echolocation,/mnt/ubna_data_01_mir/recover-20220811/UBNA_009/20220809_053000.WAV,Foliage,recover-20220811,009,1795
1702.1585,1702.1703,26328.0,32393.0,Eptesicus serotinus,0.196,0.337,-1,Echolocation,/mnt/ubna_data_01_mir/recover-20220811/UBNA_009/20220809_053000.WAV,Foliage,recover-20220811,009,1795
1702.2925,1702.3038999999999,27187.0,32634.0,Eptesicus serotinus,0.208,0.411,-1,Echolocation,/mnt/ubna_data_01_mir/recover-20220811/UBNA_009/20220809_053000.WAV,Foliage,recover-20220811,009,1795
1702.5515,1702.5661,27187.0,32025.0,Nyctalus leisleri,0.122,0.255,-1,Echolocation,/mnt/ubna_data_01_mir/recover-20220811/UBNA_009/20220809_053000.WAV,Foliage,recover-20220811,009,1795
1702.6855,1702.6946,27187.0,34422.0,Eptesicus serotinus,0.241,0.375,-1,Echolocation,/mnt/ubna_data_01_mir/recover-20220811/UBNA_009/20220809_053000.WAV,Foliage,recover-20220811,009,1795
1702.7945,1702.8035,26328.0,32872.0,Eptesicus serotinus,0.205,0.442,-1,Echolocation,/mnt/ubna_data_01_mir/recover-20220811/UBNA_009/20220809_053000.WAV,Foliage,recover-20220811,009,1795
1702.9265,1702.938,27187.0,32042.0,Nyctalus leisleri,0.213,0.389,-1,Echolocation,/mnt/ubna_data_01_mir/recover-20220811/UBNA_009/20220809_053000.WAV,Foliage,recover-20220811,009,1795
1703.0465,1703.0557,26328.0,32163.0,Nyctalus leisleri,0.199,0.437,-1,Echolocation,/mnt/ubna_data_01_mir/recover-20220811/UBNA_009/20220809_053000.WAV,Foliage,recover-20220811,009,1795
1714.1025,1714.114,27187.0,32788.0,Eptesicus serotinus,0.196,0.334,-1,Echolocation,/mnt/ubna_data_01_mir/recover-20220811/UBNA_009/20220809_053000.WAV,Foliage,recover-20220811,009,1795
1714.4755,1714.4901,27187.0,32489.0,Nyctalus leisleri,0.154,0.321,-1,Echolocation,/mnt/ubna_data_01_mir/recover-20220811/UBNA_009/20220809_053000.WAV,Foliage,recover-20220811,009,1795
1714.6185,1714.6314,26328.0,32964.0,Nyctalus leisleri,0.234,0.484,-1,Echolocation,/mnt/ubna_data_01_mir/recover-20220811/UBNA_009/20220809_053000.WAV,Foliage,recover-20220811,009,1795
1714.7635,1714.7801,27187.0,32343.0,Nyctalus leisleri,0.156,0.276,-1,Echolocation,/mnt/ubna_data_01_mir/recover-20220811/UBNA_009/20220809_053000.WAV,Foliage,recover-20220811,009,1795
1714.9025,1714.9163,26328.0,32794.0,Eptesicus serotinus,0.218,0.424,-1,Echolocation,/mnt/ubna_data_01_mir/recover-20220811/UBNA_009/20220809_053000.WAV,Foliage,recover-20220811,009,1795
1715.0535,1715.0665,26328.0,33377.0,Nyctalus leisleri,0.293,0.509,-1,Echolocation,/mnt/ubna_data_01_mir/recover-20220811/UBNA_009/20220809_053000.WAV,Foliage,recover-20220811,009,1795
1715.3295,1715.346,26328.0,32704.0,Eptesicus serotinus,0.151,0.312,-1,Echolocation,/mnt/ubna_data_01_mir/recover-20220811/UBNA_009/20220809_053000.WAV,Foliage,recover-20220811,009,1795
1715.4815,1715.497,25468.0,31162.0,Nyctalus leisleri,0.246,0.357,-1,Echolocation,/mnt/ubna_data_01_mir/recover-20220811/UBNA_009/20220809_053000.WAV,Foliage,recover-20220811,009,1795
1715.6285,1715.6464,26328.0,32586.0,Nyctalus leisleri,0.125,0.242,-1,Echolocation,/mnt/ubna_data_01_mir/recover-20220811/UBNA_009/20220809_053000.WAV,Foliage,recover-20220811,009,1795
1715.7805,1715.7963,26328.0,32789.0,Nyctalus leisleri,0.151,0.312,-1,Echolocation,/mnt/ubna_data_01_mir/recover-20220811/UBNA_009/20220809_053000.WAV,Foliage,recover-20220811,009,1795
1715.9345,1715.9479,26328.0,33169.0,Nyctalus leisleri,0.222,0.406,-1,Echolocation,/mnt/ubna_data_01_mir/recover-20220811/UBNA_009/20220809_053000.WAV,Foliage,recover-20220811,009,1795
1716.0895,1716.1046,26328.0,34016.0,Eptesicus serotinus,0.218,0.342,-1,Echolocation,/mnt/ubna_data_01_mir/recover-20220811/UBNA_009/20220809_053000.WAV,Foliage,recover-20220811,009,1795
1716.2435,1716.26,26328.0,32988.0,Eptesicus serotinus,0.101,0.203,-1,Echolocation,/mnt/ubna_data_01_mir/recover-20220811/UBNA_009/20220809_053000.WAV,Foliage,recover-20220811,009,1795
1716.5215,1716.5355,26328.0,33602.0,Eptesicus serotinus,0.176,0.326,-1,Echolocation,/mnt/ubna_data_01_mir/recover-20220811/UBNA_009/20220809_053000.WAV,Foliage,recover-20220811,009,1795
1716.6685,1716.6837,26328.0,32825.0,Eptesicus serotinus,0.14,0.246,-1,Echolocation,/mnt/ubna_data_01_mir/recover-20220811/UBNA_009/20220809_053000.WAV,Foliage,recover-20220811,009,1795
1716.8205,1716.8348,27187.0,34217.0,Eptesicus serotinus,0.218,0.338,-1,Echolocation,/mnt/ubna_data_01_mir/recover-20220811/UBNA_009/20220809_053000.WAV,Foliage,recover-20220811,009,1795
1716.9485,1716.9636,27187.0,32017.0,Eptesicus serotinus,0.128,0.262,-1,Echolocation,/mnt/ubna_data_01_mir/recover-20220811/UBNA_009/20220809_053000.WAV,Foliage,recover-20220811,009,1795
1717.0895,1717.1039,27187.0,33619.0,Eptesicus serotinus,0.121,0.246,-1,Echolocation,/mnt/ubna_data_01_mir/recover-20220811/UBNA_009/20220809_053000.WAV,Foliage,recover-20220811,009,1795
1717.2255,1717.2416,26328.0,33415.0,Eptesicus serotinus,0.127,0.21,-1,Echolocation,/mnt/ubna_data_01_mir/recover-20220811/UBNA_009/20220809_053000.WAV,Foliage,recover-20220811,009,1795
1717.3665,1717.3811,27187.0,33475.0,Eptesicus serotinus,0.135,0.26,-1,Echolocation,/mnt/ubna_data_01_mir/recover-20220811/UBNA_009/20220809_053000.WAV,Foliage,recover-20220811,009,1795
1717.5095,1717.5238,27187.0,36301.0,Eptesicus serotinus,0.313,0.504,-1,Echolocation,/mnt/ubna_data_01_mir/recover-20220811/UBNA_009/20220809_053000.WAV,Foliage,recover-20220811,009,1795
1717.6635,1717.6768,27187.0,36506.0,Eptesicus serotinus,0.257,0.372,-1,Echolocation,/mnt/ubna_data_01_mir/recover-20220811/UBNA_009/20220809_053000.WAV,Foliage,recover-20220811,009,1795
1717.8175,1717.8295,28046.0,38243.0,Eptesicus serotinus,0.327,0.526,-1,Echolocation,/mnt/ubna_data_01_mir/recover-20220811/UBNA_009/20220809_053000.WAV,Foliage,recover-20220811,009,1795
1717.9545,1717.9681,28046.0,35701.0,Eptesicus serotinus,0.205,0.394,-1,Echolocation,/mnt/ubna_data_01_mir/recover-20220811/UBNA_009/20220809_053000.WAV,Foliage,recover-20220811,009,1795
1718.1085,1718.1213,27187.0,38243.0,Eptesicus serotinus,0.241,0.42,-1,Echolocation,/mnt/ubna_data_01_mir/recover-20220811/UBNA_009/20220809_053000.WAV,Foliage,recover-20220811,009,1795
1718.2285,1718.2418,27187.0,33539.0,Nyctalus leisleri,0.217,0.449,-1,Echolocation,/mnt/ubna_data_01_mir/recover-20220811/UBNA_009/20220809_053000.WAV,Foliage,recover-20220811,009,1795
1718.3575,1718.3713,27187.0,36950.0,Eptesicus serotinus,0.305,0.489,-1,Echolocation,/mnt/ubna_data_01_mir/recover-20220811/UBNA_009/20220809_053000.WAV,Foliage,recover-20220811,009,1795
1718.5045,1718.5168,28046.0,35876.0,Nyctalus leisleri,0.315,0.536,-1,Echolocation,/mnt/ubna_data_01_mir/recover-20220811/UBNA_009/20220809_053000.WAV,Foliage,recover-20220811,009,1795
1718.6355,1718.6485,27187.0,35408.0,Eptesicus serotinus,0.203,0.377,-1,Echolocation,/mnt/ubna_data_01_mir/recover-20220811/UBNA_009/20220809_053000.WAV,Foliage,recover-20220811,009,1795
1718.7715,1718.7839,28046.0,40401.0,Eptesicus serotinus,0.308,0.494,-1,Echolocation,/mnt/ubna_data_01_mir/recover-20220811/UBNA_009/20220809_053000.WAV,Foliage,recover-20220811,009,1795
1718.9055,1718.9201,27187.0,33187.0,Nyctalus leisleri,0.255,0.399,-1,Echolocation,/mnt/ubna_data_01_mir/recover-20220811/UBNA_009/20220809_053000.WAV,Foliage,recover-20220811,009,1795
1719.0475,1719.0584,27187.0,39379.0,Eptesicus serotinus,0.315,0.576,-1,Echolocation,/mnt/ubna_data_01_mir/recover-20220811/UBNA_009/20220809_053000.WAV,Foliage,recover-20220811,009,1795
1719.1845,1719.1975,27187.0,34957.0,Nyctalus leisleri,0.288,0.564,-1,Echolocation,/mnt/ubna_data_01_mir/recover-20220811/UBNA_009/20220809_053000.WAV,Foliage,recover-20220811,009,1795
1719.4235,1719.4333,27187.0,36863.0,Eptesicus serotinus,0.411,0.616,-1,Echolocation,/mnt/ubna_data_01_mir/recover-20220811/UBNA_009/20220809_053000.WAV,Foliage,recover-20220811,009,1795
1719.5655,1719.5782,28046.0,34198.0,Eptesicus serotinus,0.208,0.339,-1,Echolocation,/mnt/ubna_data_01_mir/recover-20220811/UBNA_009/20220809_053000.WAV,Foliage,recover-20220811,009,1795
1719.7165,1719.7284,28046.0,33799.0,Eptesicus serotinus,0.217,0.371,-1,Echolocation,/mnt/ubna_data_01_mir/recover-20220811/UBNA_009/20220809_053000.WAV,Foliage,recover-20220811,009,1795
1719.8255,1719.8359,28046.0,36107.0,Eptesicus serotinus,0.339,0.553,-1,Echolocation,/mnt/ubna_data_01_mir/recover-20220811/UBNA_009/20220809_053000.WAV,Foliage,recover-20220811,009,1795
1719.9305,1719.9413,28046.0,36613.0,Eptesicus serotinus,0.265,0.507,-1,Echolocation,/mnt/ubna_data_01_mir/recover-20220811/UBNA_009/20220809_053000.WAV,Foliage,recover-20220811,009,1795
1720.2195,1720.231,27187.0,33514.0,Eptesicus serotinus,0.259,0.482,-1,Echolocation,/mnt/ubna_data_01_mir/recover-20220811/UBNA_009/20220809_053000.WAV,Foliage,recover-20220811,009,1795
1720.3515,1720.367,27187.0,31119.0,Nyctalus leisleri,0.105,0.204,-1,Echolocation,/mnt/ubna_data_01_mir/recover-20220811/UBNA_009/20220809_053000.WAV,Foliage,recover-20220811,009,1795
1720.4865,1720.5011,26328.0,31912.0,Eptesicus serotinus,0.111,0.235,-1,Echolocation,/mnt/ubna_data_01_mir/recover-20220811/UBNA_009/20220809_053000.WAV,Foliage,recover-20220811,009,1795
1720.6215,1720.6348,27187.0,32807.0,Eptesicus serotinus,0.182,0.388,-1,Echolocation,/mnt/ubna_data_01_mir/recover-20220811/UBNA_009/20220809_053000.WAV,Foliage,recover-20220811,009,1795
1720.8575,1720.8714,26328.0,31516.0,Nyctalus leisleri,0.203,0.397,-1,Echolocation,/mnt/ubna_data_01_mir/recover-20220811/UBNA_009/20220809_053000.WAV,Foliage,recover-20220811,009,1795
1720.9905,1721.0044,25468.0,31887.0,Eptesicus serotinus,0.164,0.287,-1,Echolocation,/mnt/ubna_data_01_mir/recover-20220811/UBNA_009/20220809_053000.WAV,Foliage,recover-20220811,009,1795
1721.1265,1721.1374,26328.0,33060.0,Eptesicus serotinus,0.285,0.412,-1,Echolocation,/mnt/ubna_data_01_mir/recover-20220811/UBNA_009/20220809_053000.WAV,Foliage,recover-20220811,009,1795
1721.3815,1721.3949,28046.0,32857.0,Eptesicus serotinus,0.133,0.242,-1,Echolocation,/mnt/ubna_data_01_mir/recover-20220811/UBNA_009/20220809_053000.WAV,Foliage,recover-20220811,009,1795
1721.7865,1721.8025,27187.0,30972.0,Nyctalus leisleri,0.104,0.206,-1,Echolocation,/mnt/ubna_data_01_mir/recover-20220811/UBNA_009/20220809_053000.WAV,Foliage,recover-20220811,009,1795
1722.1915,1722.2046,26328.0,31582.0,Nyctalus leisleri,0.161,0.339,-1,Echolocation,/mnt/ubna_data_01_mir/recover-20220811/UBNA_009/20220809_053000.WAV,Foliage,recover-20220811,009,1795
1722.3365,1722.3513,26328.0,32265.0,Nyctalus leisleri,0.179,0.347,-1,Echolocation,/mnt/ubna_data_01_mir/recover-20220811/UBNA_009/20220809_053000.WAV,Foliage,recover-20220811,009,1795
1722.4885,1722.506,25468.0,31377.0,Nyctalus leisleri,0.185,0.342,-1,Echolocation,/mnt/ubna_data_01_mir/recover-20220811/UBNA_009/20220809_053000.WAV,Foliage,recover-20220811,009,1795
1722.7465,1722.7635,26328.0,31675.0,Nyctalus leisleri,0.133,0.261,-1,Echolocation,/mnt/ubna_data_01_mir/recover-20220811/UBNA_009/20220809_053000.WAV,Foliage,recover-20220811,009,1795
1722.8985,1722.9172,25468.0,32174.0,Nyctalus leisleri,0.155,0.292,-1,Echolocation,/mnt/ubna_data_01_mir/recover-20220811/UBNA_009/20220809_053000.WAV,Foliage,recover-20220811,009,1795
1723.1575,1723.1735,25468.0,32263.0,Nyctalus leisleri,0.145,0.312,-1,Echolocation,/mnt/ubna_data_01_mir/recover-20220811/UBNA_009/20220809_053000.WAV,Foliage,recover-20220811,009,1795
1723.3105,1723.3268,27187.0,31602.0,Nyctalus leisleri,0.216,0.326,-1,Echolocation,/mnt/ubna_data_01_mir/recover-20220811/UBNA_009/20220809_053000.WAV,Foliage,recover-20220811,009,1795
1723.5985,1723.6169,26328.0,32442.0,Nyctalus leisleri,0.134,0.284,-1,Echolocation,/mnt/ubna_data_01_mir/recover-20220811/UBNA_009/20220809_053000.WAV,Foliage,recover-20220811,009,1795
1723.7495,1723.7636,26328.0,33673.0,Eptesicus serotinus,0.221,0.42,-1,Echolocation,/mnt/ubna_data_01_mir/recover-20220811/UBNA_009/20220809_053000.WAV,Foliage,recover-20220811,009,1795
1724.0495,1724.0639,26328.0,33612.0,Eptesicus serotinus,0.209,0.345,-1,Echolocation,/mnt/ubna_data_01_mir/recover-20220811/UBNA_009/20220809_053000.WAV,Foliage,recover-20220811,009,1795
1724.2025,1724.2166,27187.0,32304.0,Nyctalus leisleri,0.302,0.482,-1,Echolocation,/mnt/ubna_data_01_mir/recover-20220811/UBNA_009/20220809_053000.WAV,Foliage,recover-20220811,009,1795
1724.3495,1724.365,26328.0,32495.0,Nyctalus leisleri,0.195,0.397,-1,Echolocation,/mnt/ubna_data_01_mir/recover-20220811/UBNA_009/20220809_053000.WAV,Foliage,recover-20220811,009,1795
1724.4905,1724.5049,27187.0,34641.0,Nyctalus leisleri,0.228,0.416,-1,Echolocation,/mnt/ubna_data_01_mir/recover-20220811/UBNA_009/20220809_053000.WAV,Foliage,recover-20220811,009,1795
1724.6325,1724.6497,27187.0,34244.0,Eptesicus serotinus,0.142,0.286,-1,Echolocation,/mnt/ubna_data_01_mir/recover-20220811/UBNA_009/20220809_053000.WAV,Foliage,recover-20220811,009,1795
1724.7835,1724.7984,26328.0,35537.0,Eptesicus serotinus,0.242,0.369,-1,Echolocation,/mnt/ubna_data_01_mir/recover-20220811/UBNA_009/20220809_053000.WAV,Foliage,recover-20220811,009,1795
1724.9555,1724.9688,27187.0,35960.0,Eptesicus serotinus,0.267,0.494,-1,Echolocation,/mnt/ubna_data_01_mir/recover-20220811/UBNA_009/20220809_053000.WAV,Foliage,recover-20220811,009,1795
1725.1245,1725.1389,26328.0,38297.0,Nyctalus leisleri,0.207,0.417,-1,Echolocation,/mnt/ubna_data_01_mir/recover-20220811/UBNA_009/20220809_053000.WAV,Foliage,recover-20220811,009,1795
1725.2855,1725.2983,27187.0,33835.0,Eptesicus serotinus,0.221,0.417,-1,Echolocation,/mnt/ubna_data_01_mir/recover-20220811/UBNA_009/20220809_053000.WAV,Foliage,recover-20220811,009,1795
1725.5635,1725.5749,26328.0,39558.0,Eptesicus serotinus,0.299,0.574,-1,Echolocation,/mnt/ubna_data_01_mir/recover-20220811/UBNA_009/20220809_053000.WAV,Foliage,recover-20220811,009,1795
1725.7055,1725.7193,26328.0,35610.0,Nyctalus leisleri,0.296,0.497,-1,Echolocation,/mnt/ubna_data_01_mir/recover-20220811/UBNA_009/20220809_053000.WAV,Foliage,recover-20220811,009,1795
1725.8595,1725.873,27187.0,41077.0,Nyctalus leisleri,0.305,0.578,-1,Echolocation,/mnt/ubna_data_01_mir/recover-20220811/UBNA_009/20220809_053000.WAV,Foliage,recover-20220811,009,1795
1726.0015,1726.0191,26328.0,31923.0,Nyctalus leisleri,0.197,0.333,-1,Echolocation,/mnt/ubna_data_01_mir/recover-20220811/UBNA_009/20220809_053000.WAV,Foliage,recover-20220811,009,1795
1726.1535,1726.1646,26328.0,45216.0,Eptesicus serotinus,0.373,0.666,-1,Echolocation,/mnt/ubna_data_01_mir/recover-20220811/UBNA_009/20220809_053000.WAV,Foliage,recover-20220811,009,1795
1726.2785,1726.2892,27187.0,45263.0,Eptesicus serotinus,0.377,0.645,-1,Echolocation,/mnt/ubna_data_01_mir/recover-20220811/UBNA_009/20220809_053000.WAV,Foliage,recover-20220811,009,1795
1726.4105,1726.4233,27187.0,41782.0,Eptesicus serotinus,0.404,0.608,-1,Echolocation,/mnt/ubna_data_01_mir/recover-20220811/UBNA_009/20220809_053000.WAV,Foliage,recover-20220811,009,1795
1726.5445,1726.555,28906.0,36550.0,Nyctalus leisleri,0.312,0.593,-1,Echolocation,/mnt/ubna_data_01_mir/recover-20220811/UBNA_009/20220809_053000.WAV,Foliage,recover-20220811,009,1795
1726.6625,1726.6736,28046.0,34005.0,Nyctalus leisleri,0.254,0.488,-1,Echolocation,/mnt/ubna_data_01_mir/recover-20220811/UBNA_009/20220809_053000.WAV,Foliage,recover-20220811,009,1795
1726.8355,1726.8478,26328.0,32826.0,Eptesicus serotinus,0.128,0.233,-1,Echolocation,/mnt/ubna_data_01_mir/recover-20220811/UBNA_009/20220809_053000.WAV,Foliage,recover-20220811,009,1795
1727.2325,1727.2446,28046.0,37919.0,Eptesicus serotinus,0.378,0.483,-1,Echolocation,/mnt/ubna_data_01_mir/recover-20220811/UBNA_009/20220809_053000.WAV,Foliage,recover-20220811,009,1795
1727.3435,1727.3557,28046.0,34066.0,Nyctalus leisleri,0.255,0.415,-1,Echolocation,/mnt/ubna_data_01_mir/recover-20220811/UBNA_009/20220809_053000.WAV,Foliage,recover-20220811,009,1795
1727.4635,1727.4744,28046.0,38916.0,Eptesicus serotinus,0.354,0.487,-1,Echolocation,/mnt/ubna_data_01_mir/recover-20220811/UBNA_009/20220809_053000.WAV,Foliage,recover-20220811,009,1795
1727.5875,1727.5982,27187.0,34671.0,Eptesicus serotinus,0.239,0.342,-1,Echolocation,/mnt/ubna_data_01_mir/recover-20220811/UBNA_009/20220809_053000.WAV,Foliage,recover-20220811,009,1795
1727.7205,1727.7337,28046.0,34702.0,Eptesicus serotinus,0.202,0.403,-1,Echolocation,/mnt/ubna_data_01_mir/recover-20220811/UBNA_009/20220809_053000.WAV,Foliage,recover-20220811,009,1795
1728.0735,1728.0862,27187.0,33960.0,Eptesicus serotinus,0.324,0.567,-1,Echolocation,/mnt/ubna_data_01_mir/recover-20220811/UBNA_009/20220809_053000.WAV,Foliage,recover-20220811,009,1795
1728.2015,1728.2123,28046.0,41171.0,Eptesicus serotinus,0.398,0.612,-1,Echolocation,/mnt/ubna_data_01_mir/recover-20220811/UBNA_009/20220809_053000.WAV,Foliage,recover-20220811,009,1795
1728.3365,1728.3473,27187.0,35065.0,Eptesicus serotinus,0.318,0.623,-1,Echolocation,/mnt/ubna_data_01_mir/recover-20220811/UBNA_009/20220809_053000.WAV,Foliage,recover-20220811,009,1795
1728.5715,1728.5813,27187.0,39193.0,Eptesicus serotinus,0.456,0.641,-1,Echolocation,/mnt/ubna_data_01_mir/recover-20220811/UBNA_009/20220809_053000.WAV,Foliage,recover-20220811,009,1795
1728.7105,1728.7224,27187.0,37425.0,Eptesicus serotinus,0.43,0.591,-1,Echolocation,/mnt/ubna_data_01_mir/recover-20220811/UBNA_009/20220809_053000.WAV,Foliage,recover-20220811,009,1795
1728.8475,1728.8612,27187.0,36753.0,Eptesicus serotinus,0.37,0.556,-1,Echolocation,/mnt/ubna_data_01_mir/recover-20220811/UBNA_009/20220809_053000.WAV,Foliage,recover-20220811,009,1795
1728.9815,1728.9934,26328.0,34803.0,Eptesicus serotinus,0.334,0.55,-1,Echolocation,/mnt/ubna_data_01_mir/recover-20220811/UBNA_009/20220809_053000.WAV,Foliage,recover-20220811,009,1795
1729.1205,1729.1323,27187.0,34225.0,Nyctalus leisleri,0.249,0.475,-1,Echolocation,/mnt/ubna_data_01_mir/recover-20220811/UBNA_009/20220809_053000.WAV,Foliage,recover-20220811,009,1795
1729.3905,1729.4059,26328.0,33774.0,Nyctalus leisleri,0.185,0.389,-1,Echolocation,/mnt/ubna_data_01_mir/recover-20220811/UBNA_009/20220809_053000.WAV,Foliage,recover-20220811,009,1795
1729.5315,1729.5476,26328.0,32897.0,Eptesicus serotinus,0.136,0.233,-1,Echolocation,/mnt/ubna_data_01_mir/recover-20220811/UBNA_009/20220809_053000.WAV,Foliage,recover-20220811,009,1795
1729.6665,1729.6797,26328.0,34262.0,Eptesicus serotinus,0.26,0.461,-1,Echolocation,/mnt/ubna_data_01_mir/recover-20220811/UBNA_009/20220809_053000.WAV,Foliage,recover-20220811,009,1795
1729.8055,1729.8191,26328.0,36275.0,Eptesicus serotinus,0.344,0.518,-1,Echolocation,/mnt/ubna_data_01_mir/recover-20220811/UBNA_009/20220809_053000.WAV,Foliage,recover-20220811,009,1795
1730.0605,1730.074,27187.0,37512.0,Eptesicus serotinus,0.262,0.407,-1,Echolocation,/mnt/ubna_data_01_mir/recover-20220811/UBNA_009/20220809_053000.WAV,Foliage,recover-20220811,009,1795
1730.2035,1730.2154,27187.0,41379.0,Eptesicus serotinus,0.366,0.502,-1,Echolocation,/mnt/ubna_data_01_mir/recover-20220811/UBNA_009/20220809_053000.WAV,Foliage,recover-20220811,009,1795
1730.4575,1730.4693,27187.0,43350.0,Eptesicus serotinus,0.392,0.595,-1,Echolocation,/mnt/ubna_data_01_mir/recover-20220811/UBNA_009/20220809_053000.WAV,Foliage,recover-20220811,009,1795
1730.6005,1730.612,27187.0,40891.0,Eptesicus serotinus,0.446,0.586,-1,Echolocation,/mnt/ubna_data_01_mir/recover-20220811/UBNA_009/20220809_053000.WAV,Foliage,recover-20220811,009,1795
1730.8545,1730.8663999999999,27187.0,41548.0,Eptesicus serotinus,0.445,0.589,-1,Echolocation,/mnt/ubna_data_01_mir/recover-20220811/UBNA_009/20220809_053000.WAV,Foliage,recover-20220811,009,1795
1730.9945,1731.008,27187.0,37003.0,Eptesicus serotinus,0.358,0.487,-1,Echolocation,/mnt/ubna_data_01_mir/recover-20220811/UBNA_009/20220809_053000.WAV,Foliage,recover-20220811,009,1795
1731.1315,1731.1439,27187.0,39174.0,Eptesicus serotinus,0.312,0.549,-1,Echolocation,/mnt/ubna_data_01_mir/recover-20220811/UBNA_009/20220809_053000.WAV,Foliage,recover-20220811,009,1795
1731.1725,1731.1874,23750.0,28407.0,Eptesicus serotinus,0.09,0.201,-1,Echolocation,/mnt/ubna_data_01_mir/recover-20220811/UBNA_009/20220809_053000.WAV,Foliage,recover-20220811,009,1795
1731.2745,1731.2863,27187.0,42876.0,Eptesicus serotinus,0.409,0.612,-1,Echolocation,/mnt/ubna_data_01_mir/recover-20220811/UBNA_009/20220809_053000.WAV,Foliage,recover-20220811,009,1795
1731.4155,1731.4269,27187.0,51042.0,Eptesicus serotinus,0.465,0.669,-1,Echolocation,/mnt/ubna_data_01_mir/recover-20220811/UBNA_009/20220809_053000.WAV,Foliage,recover-20220811,009,1795
1731.5595,1731.5687,28046.0,49685.0,Eptesicus serotinus,0.357,0.628,-1,Echolocation,/mnt/ubna_data_01_mir/recover-20220811/UBNA_009/20220809_053000.WAV,Foliage,recover-20220811,009,1795
1731.6995,1731.7111,27187.0,44301.0,Nyctalus leisleri,0.37,0.686,-1,Echolocation,/mnt/ubna_data_01_mir/recover-20220811/UBNA_009/20220809_053000.WAV,Foliage,recover-20220811,009,1795
1731.8335,1731.8414,28046.0,49734.0,Eptesicus serotinus,0.4,0.686,-1,Echolocation,/mnt/ubna_data_01_mir/recover-20220811/UBNA_009/20220809_053000.WAV,Foliage,recover-20220811,009,1795
1731.9695,1731.9786,27187.0,49672.0,Nyctalus leisleri,0.371,0.739,-1,Echolocation,/mnt/ubna_data_01_mir/recover-20220811/UBNA_009/20220809_053000.WAV,Foliage,recover-20220811,009,1795
1732.1095,1732.1185,28046.0,41159.0,Eptesicus serotinus,0.551,0.645,-1,Echolocation,/mnt/ubna_data_01_mir/recover-20220811/UBNA_009/20220809_053000.WAV,Foliage,recover-20220811,009,1795
1732.2465,1732.2558,28046.0,46511.0,Eptesicus serotinus,0.433,0.679,-1,Echolocation,/mnt/ubna_data_01_mir/recover-20220811/UBNA_009/20220809_053000.WAV,Foliage,recover-20220811,009,1795
1732.3725,1732.3814,27187.0,47385.0,Eptesicus serotinus,0.544,0.682,-1,Echolocation,/mnt/ubna_data_01_mir/recover-20220811/UBNA_009/20220809_053000.WAV,Foliage,recover-20220811,009,1795
1732.5085,1732.5183,28046.0,47565.0,Eptesicus serotinus,0.504,0.641,-1,Echolocation,/mnt/ubna_data_01_mir/recover-20220811/UBNA_009/20220809_053000.WAV,Foliage,recover-20220811,009,1795
1732.6405,1732.6515,28046.0,51798.0,Eptesicus serotinus,0.501,0.617,-1,Echolocation,/mnt/ubna_data_01_mir/recover-20220811/UBNA_009/20220809_053000.WAV,Foliage,recover-20220811,009,1795
1732.7655,1732.7757,28906.0,47400.0,Eptesicus serotinus,0.433,0.55,-1,Echolocation,/mnt/ubna_data_01_mir/recover-20220811/UBNA_009/20220809_053000.WAV,Foliage,recover-20220811,009,1795
1732.8905,1732.9009,28906.0,49213.0,Eptesicus serotinus,0.472,0.599,-1,Echolocation,/mnt/ubna_data_01_mir/recover-20220811/UBNA_009/20220809_053000.WAV,Foliage,recover-20220811,009,1795
1733.0055,1733.0151,30625.0,50302.0,Eptesicus serotinus,0.355,0.471,-1,Echolocation,/mnt/ubna_data_01_mir/recover-20220811/UBNA_009/20220809_053000.WAV,Foliage,recover-20220811,009,1795
1733.1305,1733.1393,31484.0,48134.0,Eptesicus serotinus,0.21,0.311,-1,Echolocation,/mnt/ubna_data_01_mir/recover-20220811/UBNA_009/20220809_053000.WAV,Foliage,recover-20220811,009,1795
1733.2275,1733.2358,28046.0,52694.0,Eptesicus serotinus,0.599,0.663,-1,Echolocation,/mnt/ubna_data_01_mir/recover-20220811/UBNA_009/20220809_053000.WAV,Foliage,recover-20220811,009,1795
1733.3395,1733.3474,28046.0,51941.0,Eptesicus serotinus,0.559,0.68,-1,Echolocation,/mnt/ubna_data_01_mir/recover-20220811/UBNA_009/20220809_053000.WAV,Foliage,recover-20220811,009,1795
1733.4235,1733.4318,28046.0,59488.0,Eptesicus serotinus,0.491,0.617,-1,Echolocation,/mnt/ubna_data_01_mir/recover-20220811/UBNA_009/20220809_053000.WAV,Foliage,recover-20220811,009,1795
1733.5045,1733.5174,29765.0,46085.0,Eptesicus serotinus,0.259,0.394,-1,Echolocation,/mnt/ubna_data_01_mir/recover-20220811/UBNA_009/20220809_053000.WAV,Foliage,recover-20220811,009,1795
1733.6765,1733.6927,30625.0,38142.0,Eptesicus serotinus,0.152,0.249,-1,Echolocation,/mnt/ubna_data_01_mir/recover-20220811/UBNA_009/20220809_053000.WAV,Foliage,recover-20220811,009,1795
1734.5355,1734.5486,28906.0,37089.0,Eptesicus serotinus,0.261,0.478,-1,Echolocation,/mnt/ubna_data_01_mir/recover-20220811/UBNA_009/20220809_053000.WAV,Foliage,recover-20220811,009,1795
1734.6715,1734.6846,28046.0,35244.0,Eptesicus serotinus,0.164,0.22,-1,Echolocation,/mnt/ubna_data_01_mir/recover-20220811/UBNA_009/20220809_053000.WAV,Foliage,recover-20220811,009,1795
1734.8175,1734.8281,27187.0,36113.0,Nyctalus leisleri,0.339,0.597,-1,Echolocation,/mnt/ubna_data_01_mir/recover-20220811/UBNA_009/20220809_053000.WAV,Foliage,recover-20220811,009,1795
1734.9555,1734.9684,27187.0,32713.0,Nyctalus leisleri,0.153,0.326,-1,Echolocation,/mnt/ubna_data_01_mir/recover-20220811/UBNA_009/20220809_053000.WAV,Foliage,recover-20220811,009,1795
1735.2065,1735.2195,26328.0,35416.0,Nyctalus leisleri,0.232,0.478,-1,Echolocation,/mnt/ubna_data_01_mir/recover-20220811/UBNA_009/20220809_053000.WAV,Foliage,recover-20220811,009,1795
1735.6125,1735.626,26328.0,37950.0,Nyctalus leisleri,0.177,0.365,-1,Echolocation,/mnt/ubna_data_01_mir/recover-20220811/UBNA_009/20220809_053000.WAV,Foliage,recover-20220811,009,1795
1735.7505,1735.7654,25468.0,33918.0,Eptesicus serotinus,0.212,0.422,-1,Echolocation,/mnt/ubna_data_01_mir/recover-20220811/UBNA_009/20220809_053000.WAV,Foliage,recover-20220811,009,1795
1735.9015,1735.9218,25468.0,29134.0,Nyctalus leisleri,0.232,0.319,-1,Echolocation,/mnt/ubna_data_01_mir/recover-20220811/UBNA_009/20220809_053000.WAV,Foliage,recover-20220811,009,1795
1736.0445,1736.0607,26328.0,32111.0,Nyctalus leisleri,0.232,0.4,-1,Echolocation,/mnt/ubna_data_01_mir/recover-20220811/UBNA_009/20220809_053000.WAV,Foliage,recover-20220811,009,1795
1736.1855,1736.2026,25468.0,34023.0,Nyctalus leisleri,0.214,0.44,-1,Echolocation,/mnt/ubna_data_01_mir/recover-20220811/UBNA_009/20220809_053000.WAV,Foliage,recover-20220811,009,1795
1736.3615,1736.3747,25468.0,31162.0,Eptesicus serotinus,0.104,0.203,-1,Echolocation,/mnt/ubna_data_01_mir/recover-20220811/UBNA_009/20220809_053000.WAV,Foliage,recover-20220811,009,1795
1736.5005,1736.5156,25468.0,32166.0,Nyctalus leisleri,0.219,0.444,-1,Echolocation,/mnt/ubna_data_01_mir/recover-20220811/UBNA_009/20220809_053000.WAV,Foliage,recover-20220811,009,1795
1736.6365,1736.6529,25468.0,30924.0,Nyctalus leisleri,0.152,0.33,-1,Echolocation,/mnt/ubna_data_01_mir/recover-20220811/UBNA_009/20220809_053000.WAV,Foliage,recover-20220811,009,1795
1737.0385,1737.0537,26328.0,32205.0,Nyctalus leisleri,0.245,0.389,-1,Echolocation,/mnt/ubna_data_01_mir/recover-20220811/UBNA_009/20220809_053000.WAV,Foliage,recover-20220811,009,1795
1737.2095,1737.2244,25468.0,34778.0,Eptesicus serotinus,0.234,0.376,-1,Echolocation,/mnt/ubna_data_01_mir/recover-20220811/UBNA_009/20220809_053000.WAV,Foliage,recover-20220811,009,1795
1737.3555,1737.3711,28046.0,34238.0,Eptesicus serotinus,0.16,0.323,-1,Echolocation,/mnt/ubna_data_01_mir/recover-20220811/UBNA_009/20220809_053000.WAV,Foliage,recover-20220811,009,1795
1737.5075,1737.5232,27187.0,34263.0,Eptesicus serotinus,0.204,0.386,-1,Echolocation,/mnt/ubna_data_01_mir/recover-20220811/UBNA_009/20220809_053000.WAV,Foliage,recover-20220811,009,1795
1737.6515,1737.6682,28046.0,34581.0,Eptesicus serotinus,0.149,0.231,-1,Echolocation,/mnt/ubna_data_01_mir/recover-20220811/UBNA_009/20220809_053000.WAV,Foliage,recover-20220811,009,1795
1738.4535,1738.4657,27187.0,35411.0,Eptesicus serotinus,0.316,0.449,-1,Echolocation,/mnt/ubna_data_01_mir/recover-20220811/UBNA_009/20220809_053000.WAV,Foliage,recover-20220811,009,1795
1738.5925,1738.6061,28046.0,36197.0,Eptesicus serotinus,0.297,0.444,-1,Echolocation,/mnt/ubna_data_01_mir/recover-20220811/UBNA_009/20220809_053000.WAV,Foliage,recover-20220811,009,1795
1738.7255,1738.7391,27187.0,38266.0,Eptesicus serotinus,0.362,0.54,-1,Echolocation,/mnt/ubna_data_01_mir/recover-20220811/UBNA_009/20220809_053000.WAV,Foliage,recover-20220811,009,1795
1738.8585,1738.8713,28046.0,38834.0,Eptesicus serotinus,0.311,0.489,-1,Echolocation,/mnt/ubna_data_01_mir/recover-20220811/UBNA_009/20220809_053000.WAV,Foliage,recover-20220811,009,1795
1738.9865,1738.9999,27187.0,36466.0,Eptesicus serotinus,0.327,0.521,-1,Echolocation,/mnt/ubna_data_01_mir/recover-20220811/UBNA_009/20220809_053000.WAV,Foliage,recover-20220811,009,1795
1739.1215,1739.1343,27187.0,40282.0,Eptesicus serotinus,0.361,0.459,-1,Echolocation,/mnt/ubna_data_01_mir/recover-20220811/UBNA_009/20220809_053000.WAV,Foliage,recover-20220811,009,1795
1739.2365,1739.2499,25468.0,36464.0,Eptesicus serotinus,0.373,0.498,-1,Echolocation,/mnt/ubna_data_01_mir/recover-20220811/UBNA_009/20220809_053000.WAV,Foliage,recover-20220811,009,1795
1739.3485,1739.3626,27187.0,35683.0,Eptesicus serotinus,0.293,0.377,-1,Echolocation,/mnt/ubna_data_01_mir/recover-20220811/UBNA_009/20220809_053000.WAV,Foliage,recover-20220811,009,1795
1739.4765,1739.4913999999999,26328.0,34207.0,Eptesicus serotinus,0.22,0.391,-1,Echolocation,/mnt/ubna_data_01_mir/recover-20220811/UBNA_009/20220809_053000.WAV,Foliage,recover-20220811,009,1795
1739.6015,1739.6167,25468.0,40070.0,Eptesicus serotinus,0.371,0.489,-1,Echolocation,/mnt/ubna_data_01_mir/recover-20220811/UBNA_009/20220809_053000.WAV,Foliage,recover-20220811,009,1795
1739.7365,1739.7498,27187.0,35776.0,Eptesicus serotinus,0.319,0.507,-1,Echolocation,/mnt/ubna_data_01_mir/recover-20220811/UBNA_009/20220809_053000.WAV,Foliage,recover-20220811,009,1795
1742.2685,1742.2869,26328.0,29784.0,Nyctalus leisleri,0.149,0.22,-1,Echolocation,/mnt/ubna_data_01_mir/recover-20220811/UBNA_009/20220809_053000.WAV,Foliage,recover-20220811,009,1795
1742.9485,1742.9634,25468.0,29962.0,Nyctalus leisleri,0.127,0.222,-1,Echolocation,/mnt/ubna_data_01_mir/recover-20220811/UBNA_009/20220809_053000.WAV,Foliage,recover-20220811,009,1795
1743.4725,1743.4881,26328.0,32314.0,Nyctalus leisleri,0.158,0.275,-1,Echolocation,/mnt/ubna_data_01_mir/recover-20220811/UBNA_009/20220809_053000.WAV,Foliage,recover-20220811,009,1795
1743.7395,1743.7521,27187.0,33840.0,Nyctalus leisleri,0.246,0.496,-1,Echolocation,/mnt/ubna_data_01_mir/recover-20220811/UBNA_009/20220809_053000.WAV,Foliage,recover-20220811,009,1795
1743.8715,1743.8917,26328.0,30737.0,Nyctalus leisleri,0.136,0.252,-1,Echolocation,/mnt/ubna_data_01_mir/recover-20220811/UBNA_009/20220809_053000.WAV,Foliage,recover-20220811,009,1795
1747.1135,1747.1276,25468.0,30517.0,Nyctalus leisleri,0.199,0.327,-1,Echolocation,/mnt/ubna_data_01_mir/recover-20220811/UBNA_009/20220809_053000.WAV,Foliage,recover-20220811,009,1795
1749.5885,1749.6054,26328.0,30574.0,Nyctalus leisleri,0.131,0.225,-1,Echolocation,/mnt/ubna_data_01_mir/recover-20220811/UBNA_009/20220809_053000.WAV,Foliage,recover-20220811,009,1795
1749.7165,1749.7342,26328.0,30259.0,Nyctalus leisleri,0.155,0.242,-1,Echolocation,/mnt/ubna_data_01_mir/recover-20220811/UBNA_009/20220809_053000.WAV,Foliage,recover-20220811,009,1795
1749.8535,1749.8691,27187.0,31022.0,Nyctalus leisleri,0.214,0.289,-1,Echolocation,/mnt/ubna_data_01_mir/recover-20220811/UBNA_009/20220809_053000.WAV,Foliage,recover-20220811,009,1795
1750.1195,1750.1359,26328.0,31049.0,Nyctalus leisleri,0.156,0.265,-1,Echolocation,/mnt/ubna_data_01_mir/recover-20220811/UBNA_009/20220809_053000.WAV,Foliage,recover-20220811,009,1795
1750.2595,1750.2739,26328.0,33984.0,Nyctalus leisleri,0.27,0.544,-1,Echolocation,/mnt/ubna_data_01_mir/recover-20220811/UBNA_009/20220809_053000.WAV,Foliage,recover-20220811,009,1795
1750.3995,1750.4168,27187.0,32769.0,Eptesicus serotinus,0.099,0.204,-1,Echolocation,/mnt/ubna_data_01_mir/recover-20220811/UBNA_009/20220809_053000.WAV,Foliage,recover-20220811,009,1795
1751.2585,1751.2769,26328.0,32030.0,Nyctalus leisleri,0.157,0.29,-1,Echolocation,/mnt/ubna_data_01_mir/recover-20220811/UBNA_009/20220809_053000.WAV,Foliage,recover-20220811,009,1795
1751.3665,1751.382,27187.0,31619.0,Nyctalus leisleri,0.189,0.294,-1,Echolocation,/mnt/ubna_data_01_mir/recover-20220811/UBNA_009/20220809_053000.WAV,Foliage,recover-20220811,009,1795
1751.7835,1751.7987,27187.0,35386.0,Eptesicus serotinus,0.184,0.301,-1,Echolocation,/mnt/ubna_data_01_mir/recover-20220811/UBNA_009/20220809_053000.WAV,Foliage,recover-20220811,009,1795
1751.9095,1751.9264,27187.0,32462.0,Nyctalus leisleri,0.115,0.24,-1,Echolocation,/mnt/ubna_data_01_mir/recover-20220811/UBNA_009/20220809_053000.WAV,Foliage,recover-20220811,009,1795
1752.0475,1752.0622,26328.0,35451.0,Eptesicus serotinus,0.254,0.366,-1,Echolocation,/mnt/ubna_data_01_mir/recover-20220811/UBNA_009/20220809_053000.WAV,Foliage,recover-20220811,009,1795
1752.1945,1752.2061,27187.0,39579.0,Eptesicus serotinus,0.258,0.378,-1,Echolocation,/mnt/ubna_data_01_mir/recover-20220811/UBNA_009/20220809_053000.WAV,Foliage,recover-20220811,009,1795
1752.3425,1752.3558,26328.0,38383.0,Eptesicus serotinus,0.332,0.537,-1,Echolocation,/mnt/ubna_data_01_mir/recover-20220811/UBNA_009/20220809_053000.WAV,Foliage,recover-20220811,009,1795
1752.4945,1752.5094,27187.0,36418.0,Eptesicus serotinus,0.288,0.408,-1,Echolocation,/mnt/ubna_data_01_mir/recover-20220811/UBNA_009/20220809_053000.WAV,Foliage,recover-20220811,009,1795
1752.6535,1752.6669,27187.0,35754.0,Eptesicus serotinus,0.261,0.508,-1,Echolocation,/mnt/ubna_data_01_mir/recover-20220811/UBNA_009/20220809_053000.WAV,Foliage,recover-20220811,009,1795
1752.6575,1752.6707,54687.0,63612.0,Pipistrellus pygmaeus,0.226,0.314,-1,Echolocation,/mnt/ubna_data_01_mir/recover-20220811/UBNA_009/20220809_053000.WAV,Foliage,recover-20220811,009,1795
1752.8035,1752.8162,27187.0,40638.0,Eptesicus serotinus,0.298,0.441,-1,Echolocation,/mnt/ubna_data_01_mir/recover-20220811/UBNA_009/20220809_053000.WAV,Foliage,recover-20220811,009,1795
1753.0725,1753.0874,25468.0,39744.0,Eptesicus serotinus,0.277,0.492,-1,Echolocation,/mnt/ubna_data_01_mir/recover-20220811/UBNA_009/20220809_053000.WAV,Foliage,recover-20220811,009,1795
1753.1995,1753.2133,27187.0,36207.0,Eptesicus serotinus,0.191,0.399,-1,Echolocation,/mnt/ubna_data_01_mir/recover-20220811/UBNA_009/20220809_053000.WAV,Foliage,recover-20220811,009,1795
1753.3225,1753.3341,26328.0,42749.0,Eptesicus serotinus,0.266,0.461,-1,Echolocation,/mnt/ubna_data_01_mir/recover-20220811/UBNA_009/20220809_053000.WAV,Foliage,recover-20220811,009,1795
1753.4655,1753.4781,27187.0,41400.0,Eptesicus serotinus,0.354,0.536,-1,Echolocation,/mnt/ubna_data_01_mir/recover-20220811/UBNA_009/20220809_053000.WAV,Foliage,recover-20220811,009,1795
1753.5945,1753.6071,27187.0,36378.0,Eptesicus serotinus,0.313,0.501,-1,Echolocation,/mnt/ubna_data_01_mir/recover-20220811/UBNA_009/20220809_053000.WAV,Foliage,recover-20220811,009,1795
1753.7255,1753.7378,28046.0,35841.0,Eptesicus serotinus,0.251,0.45,-1,Echolocation,/mnt/ubna_data_01_mir/recover-20220811/UBNA_009/20220809_053000.WAV,Foliage,recover-20220811,009,1795
1753.8565,1753.8693,26328.0,43676.0,Eptesicus serotinus,0.393,0.637,-1,Echolocation,/mnt/ubna_data_01_mir/recover-20220811/UBNA_009/20220809_053000.WAV,Foliage,recover-20220811,009,1795
1754.0065,1754.0178,26328.0,43018.0,Eptesicus serotinus,0.464,0.652,-1,Echolocation,/mnt/ubna_data_01_mir/recover-20220811/UBNA_009/20220809_053000.WAV,Foliage,recover-20220811,009,1795
1754.1515,1754.1629,27187.0,48949.0,Eptesicus serotinus,0.411,0.649,-1,Echolocation,/mnt/ubna_data_01_mir/recover-20220811/UBNA_009/20220809_053000.WAV,Foliage,recover-20220811,009,1795
1754.2775,1754.2922,25468.0,40820.0,Eptesicus serotinus,0.459,0.667,-1,Echolocation,/mnt/ubna_data_01_mir/recover-20220811/UBNA_009/20220809_053000.WAV,Foliage,recover-20220811,009,1795
1754.4215,1754.4322,27187.0,43226.0,Eptesicus serotinus,0.458,0.677,-1,Echolocation,/mnt/ubna_data_01_mir/recover-20220811/UBNA_009/20220809_053000.WAV,Foliage,recover-20220811,009,1795
1754.5615,1754.5713,28046.0,39264.0,Eptesicus serotinus,0.329,0.676,-1,Echolocation,/mnt/ubna_data_01_mir/recover-20220811/UBNA_009/20220809_053000.WAV,Foliage,recover-20220811,009,1795
1754.6865,1754.6979,28046.0,38297.0,Eptesicus serotinus,0.332,0.586,-1,Echolocation,/mnt/ubna_data_01_mir/recover-20220811/UBNA_009/20220809_053000.WAV,Foliage,recover-20220811,009,1795
1754.7915,1754.8036,27187.0,42135.0,Eptesicus serotinus,0.41,0.496,-1,Echolocation,/mnt/ubna_data_01_mir/recover-20220811/UBNA_009/20220809_053000.WAV,Foliage,recover-20220811,009,1795
1754.8845,1754.8955,28046.0,40008.0,Eptesicus serotinus,0.349,0.48,-1,Echolocation,/mnt/ubna_data_01_mir/recover-20220811/UBNA_009/20220809_053000.WAV,Foliage,recover-20220811,009,1795
1755.4605,1755.4753,27187.0,31807.0,Nyctalus leisleri,0.13,0.27,-1,Echolocation,/mnt/ubna_data_01_mir/recover-20220811/UBNA_009/20220809_053000.WAV,Foliage,recover-20220811,009,1795
1755.6125,1755.6255,27187.0,37424.0,Eptesicus serotinus,0.282,0.495,-1,Echolocation,/mnt/ubna_data_01_mir/recover-20220811/UBNA_009/20220809_053000.WAV,Foliage,recover-20220811,009,1795
1755.7575,1755.7709,26328.0,32496.0,Eptesicus serotinus,0.117,0.221,-1,Echolocation,/mnt/ubna_data_01_mir/recover-20220811/UBNA_009/20220809_053000.WAV,Foliage,recover-20220811,009,1795
1755.8945,1755.9063,27187.0,33047.0,Nyctalus leisleri,0.252,0.476,-1,Echolocation,/mnt/ubna_data_01_mir/recover-20220811/UBNA_009/20220809_053000.WAV,Foliage,recover-20220811,009,1795
1756.2735,1756.2862,27187.0,32040.0,Nyctalus leisleri,0.194,0.335,-1,Echolocation,/mnt/ubna_data_01_mir/recover-20220811/UBNA_009/20220809_053000.WAV,Foliage,recover-20220811,009,1795
1757.7755,1757.7919,27187.0,32532.0,Nyctalus leisleri,0.102,0.214,-1,Echolocation,/mnt/ubna_data_01_mir/recover-20220811/UBNA_009/20220809_053000.WAV,Foliage,recover-20220811,009,1795
1757.8825,1757.898,28046.0,32033.0,Nyctalus leisleri,0.141,0.277,-1,Echolocation,/mnt/ubna_data_01_mir/recover-20220811/UBNA_009/20220809_053000.WAV,Foliage,recover-20220811,009,1795
1758.2325,1758.2457,28046.0,35823.0,Eptesicus serotinus,0.209,0.286,-1,Echolocation,/mnt/ubna_data_01_mir/recover-20220811/UBNA_009/20220809_053000.WAV,Foliage,recover-20220811,009,1795
1759.0075,1759.016,28046.0,43594.0,Eptesicus serotinus,0.452,0.535,-1,Echolocation,/mnt/ubna_data_01_mir/recover-20220811/UBNA_009/20220809_053000.WAV,Foliage,recover-20220811,009,1795
1759.1435,1759.1533,28046.0,40922.0,Eptesicus serotinus,0.527,0.587,-1,Echolocation,/mnt/ubna_data_01_mir/recover-20220811/UBNA_009/20220809_053000.WAV,Foliage,recover-20220811,009,1795
1759.2785,1759.2875,28046.0,44552.0,Eptesicus serotinus,0.549,0.667,-1,Echolocation,/mnt/ubna_data_01_mir/recover-20220811/UBNA_009/20220809_053000.WAV,Foliage,recover-20220811,009,1795
1759.4105,1759.4213,28046.0,45110.0,Eptesicus serotinus,0.49,0.582,-1,Echolocation,/mnt/ubna_data_01_mir/recover-20220811/UBNA_009/20220809_053000.WAV,Foliage,recover-20220811,009,1795
1759.5365,1759.5453,28046.0,42450.0,Eptesicus serotinus,0.603,0.685,-1,Echolocation,/mnt/ubna_data_01_mir/recover-20220811/UBNA_009/20220809_053000.WAV,Foliage,recover-20220811,009,1795
1759.6715,1759.6805,28046.0,48197.0,Eptesicus serotinus,0.427,0.738,-1,Echolocation,/mnt/ubna_data_01_mir/recover-20220811/UBNA_009/20220809_053000.WAV,Foliage,recover-20220811,009,1795
1759.8045,1759.8136,28046.0,47530.0,Eptesicus serotinus,0.568,0.704,-1,Echolocation,/mnt/ubna_data_01_mir/recover-20220811/UBNA_009/20220809_053000.WAV,Foliage,recover-20220811,009,1795
1759.9395,1759.9482,27187.0,45379.0,Eptesicus serotinus,0.395,0.721,-1,Echolocation,/mnt/ubna_data_01_mir/recover-20220811/UBNA_009/20220809_053000.WAV,Foliage,recover-20220811,009,1795
1760.0745,1760.0835,28046.0,43161.0,Nyctalus leisleri,0.593,0.734,-1,Echolocation,/mnt/ubna_data_01_mir/recover-20220811/UBNA_009/20220809_053000.WAV,Foliage,recover-20220811,009,1795
1760.2075,1760.2187,28046.0,48072.0,Eptesicus serotinus,0.35,0.644,-1,Echolocation,/mnt/ubna_data_01_mir/recover-20220811/UBNA_009/20220809_053000.WAV,Foliage,recover-20220811,009,1795
1760.3435,1760.3535,27187.0,46483.0,Nyctalus leisleri,0.387,0.716,-1,Echolocation,/mnt/ubna_data_01_mir/recover-20220811/UBNA_009/20220809_053000.WAV,Foliage,recover-20220811,009,1795
1760.4745,1760.4849,27187.0,46608.0,Eptesicus serotinus,0.299,0.63,-1,Echolocation,/mnt/ubna_data_01_mir/recover-20220811/UBNA_009/20220809_053000.WAV,Foliage,recover-20220811,009,1795
1760.6105,1760.6219,27187.0,44107.0,Nyctalus leisleri,0.381,0.674,-1,Echolocation,/mnt/ubna_data_01_mir/recover-20220811/UBNA_009/20220809_053000.WAV,Foliage,recover-20220811,009,1795
1760.7465,1760.7577,26328.0,44597.0,Nyctalus leisleri,0.363,0.63,-1,Echolocation,/mnt/ubna_data_01_mir/recover-20220811/UBNA_009/20220809_053000.WAV,Foliage,recover-20220811,009,1795
1760.8825,1760.8951,26328.0,41694.0,Eptesicus serotinus,0.361,0.64,-1,Echolocation,/mnt/ubna_data_01_mir/recover-20220811/UBNA_009/20220809_053000.WAV,Foliage,recover-20220811,009,1795
1761.0165,1761.0274,27187.0,45248.0,Eptesicus serotinus,0.316,0.633,-1,Echolocation,/mnt/ubna_data_01_mir/recover-20220811/UBNA_009/20220809_053000.WAV,Foliage,recover-20220811,009,1795
1761.1615,1761.1791,28046.0,31418.0,Nyctalus leisleri,0.164,0.233,-1,Echolocation,/mnt/ubna_data_01_mir/recover-20220811/UBNA_009/20220809_053000.WAV,Foliage,recover-20220811,009,1795
1761.4165,1761.4309,27187.0,33485.0,Nyctalus leisleri,0.258,0.453,-1,Echolocation,/mnt/ubna_data_01_mir/recover-20220811/UBNA_009/20220809_053000.WAV,Foliage,recover-20220811,009,1795
1761.7055,1761.7203,27187.0,32926.0,Nyctalus leisleri,0.209,0.395,-1,Echolocation,/mnt/ubna_data_01_mir/recover-20220811/UBNA_009/20220809_053000.WAV,Foliage,recover-20220811,009,1795
1762.1055,1762.1215,26328.0,33017.0,Nyctalus leisleri,0.159,0.314,-1,Echolocation,/mnt/ubna_data_01_mir/recover-20220811/UBNA_009/20220809_053000.WAV,Foliage,recover-20220811,009,1795
1762.2045,1762.2184,27187.0,33230.0,Eptesicus serotinus,0.134,0.24,-1,Echolocation,/mnt/ubna_data_01_mir/recover-20220811/UBNA_009/20220809_053000.WAV,Foliage,recover-20220811,009,1795
1762.3035,1762.3169,26328.0,33786.0,Eptesicus serotinus,0.214,0.294,-1,Echolocation,/mnt/ubna_data_01_mir/recover-20220811/UBNA_009/20220809_053000.WAV,Foliage,recover-20220811,009,1795
1762.3985,1762.4118,26328.0,35430.0,Eptesicus serotinus,0.287,0.391,-1,Echolocation,/mnt/ubna_data_01_mir/recover-20220811/UBNA_009/20220809_053000.WAV,Foliage,recover-20220811,009,1795
1762.4925,1762.5068,26328.0,34848.0,Eptesicus serotinus,0.118,0.204,-1,Echolocation,/mnt/ubna_data_01_mir/recover-20220811/UBNA_009/20220809_053000.WAV,Foliage,recover-20220811,009,1795
1762.6635,1762.6776,28046.0,36773.0,Eptesicus serotinus,0.173,0.235,-1,Echolocation,/mnt/ubna_data_01_mir/recover-20220811/UBNA_009/20220809_053000.WAV,Foliage,recover-20220811,009,1795
1762.7585,1762.7723,27187.0,36659.0,Eptesicus serotinus,0.196,0.32,-1,Echolocation,/mnt/ubna_data_01_mir/recover-20220811/UBNA_009/20220809_053000.WAV,Foliage,recover-20220811,009,1795
1762.8585,1762.872,27187.0,37349.0,Eptesicus serotinus,0.187,0.244,-1,Echolocation,/mnt/ubna_data_01_mir/recover-20220811/UBNA_009/20220809_053000.WAV,Foliage,recover-20220811,009,1795
1762.9765,1762.9899,28046.0,38098.0,Eptesicus serotinus,0.241,0.335,-1,Echolocation,/mnt/ubna_data_01_mir/recover-20220811/UBNA_009/20220809_053000.WAV,Foliage,recover-20220811,009,1795
1763.1125,1763.1249,27187.0,36414.0,Eptesicus serotinus,0.285,0.387,-1,Echolocation,/mnt/ubna_data_01_mir/recover-20220811/UBNA_009/20220809_053000.WAV,Foliage,recover-20220811,009,1795
1763.2445,1763.2593,27187.0,37467.0,Eptesicus serotinus,0.285,0.389,-1,Echolocation,/mnt/ubna_data_01_mir/recover-20220811/UBNA_009/20220809_053000.WAV,Foliage,recover-20220811,009,1795
1763.3885,1763.4008,28046.0,40849.0,Eptesicus serotinus,0.393,0.478,-1,Echolocation,/mnt/ubna_data_01_mir/recover-20220811/UBNA_009/20220809_053000.WAV,Foliage,recover-20220811,009,1795
1763.5245,1763.5352,28046.0,44283.0,Eptesicus serotinus,0.342,0.513,-1,Echolocation,/mnt/ubna_data_01_mir/recover-20220811/UBNA_009/20220809_053000.WAV,Foliage,recover-20220811,009,1795
1763.6645,1763.6777,27187.0,42345.0,Eptesicus serotinus,0.383,0.502,-1,Echolocation,/mnt/ubna_data_01_mir/recover-20220811/UBNA_009/20220809_053000.WAV,Foliage,recover-20220811,009,1795
1763.8045,1763.8175,27187.0,40070.0,Eptesicus serotinus,0.383,0.525,-1,Echolocation,/mnt/ubna_data_01_mir/recover-20220811/UBNA_009/20220809_053000.WAV,Foliage,recover-20220811,009,1795
1763.9455,1763.9578,27187.0,45997.0,Eptesicus serotinus,0.403,0.606,-1,Echolocation,/mnt/ubna_data_01_mir/recover-20220811/UBNA_009/20220809_053000.WAV,Foliage,recover-20220811,009,1795
1764.0865,1764.0974,27187.0,40950.0,Eptesicus serotinus,0.438,0.603,-1,Echolocation,/mnt/ubna_data_01_mir/recover-20220811/UBNA_009/20220809_053000.WAV,Foliage,recover-20220811,009,1795
1764.2215,1764.2313,27187.0,46977.0,Eptesicus serotinus,0.445,0.717,-1,Echolocation,/mnt/ubna_data_01_mir/recover-20220811/UBNA_009/20220809_053000.WAV,Foliage,recover-20220811,009,1795
1764.3495,1764.3606,27187.0,51282.0,Eptesicus serotinus,0.644,0.776,-1,Echolocation,/mnt/ubna_data_01_mir/recover-20220811/UBNA_009/20220809_053000.WAV,Foliage,recover-20220811,009,1795
1764.4755,1764.488,27187.0,46923.0,Eptesicus serotinus,0.543,0.694,-1,Echolocation,/mnt/ubna_data_01_mir/recover-20220811/UBNA_009/20220809_053000.WAV,Foliage,recover-20220811,009,1795
1764.7055,1764.7168,28046.0,38071.0,Eptesicus serotinus,0.444,0.527,-1,Echolocation,/mnt/ubna_data_01_mir/recover-20220811/UBNA_009/20220809_053000.WAV,Foliage,recover-20220811,009,1795
1765.7345,1765.7501,26328.0,30660.0,Nyctalus leisleri,0.209,0.295,-1,Echolocation,/mnt/ubna_data_01_mir/recover-20220811/UBNA_009/20220809_053000.WAV,Foliage,recover-20220811,009,1795
1765.8825,1765.8989,27187.0,31901.0,Nyctalus leisleri,0.118,0.203,-1,Echolocation,/mnt/ubna_data_01_mir/recover-20220811/UBNA_009/20220809_053000.WAV,Foliage,recover-20220811,009,1795
1766.1425,1766.1589,26328.0,31702.0,Nyctalus leisleri,0.135,0.263,-1,Echolocation,/mnt/ubna_data_01_mir/recover-20220811/UBNA_009/20220809_053000.WAV,Foliage,recover-20220811,009,1795
1766.4295,1766.4491,25468.0,30721.0,Nyctalus leisleri,0.115,0.225,-1,Echolocation,/mnt/ubna_data_01_mir/recover-20220811/UBNA_009/20220809_053000.WAV,Foliage,recover-20220811,009,1795
1766.8695,1766.8844,26328.0,30257.0,Nyctalus leisleri,0.204,0.308,-1,Echolocation,/mnt/ubna_data_01_mir/recover-20220811/UBNA_009/20220809_053000.WAV,Foliage,recover-20220811,009,1795
1767.1565,1767.172,25468.0,30385.0,Nyctalus leisleri,0.224,0.34,-1,Echolocation,/mnt/ubna_data_01_mir/recover-20220811/UBNA_009/20220809_053000.WAV,Foliage,recover-20220811,009,1795
1767.5715,1767.5864,25468.0,31877.0,Nyctalus leisleri,0.18,0.379,-1,Echolocation,/mnt/ubna_data_01_mir/recover-20220811/UBNA_009/20220809_053000.WAV,Foliage,recover-20220811,009,1795
1768.4695,1768.4861,27187.0,31939.0,Nyctalus leisleri,0.112,0.217,-1,Echolocation,/mnt/ubna_data_01_mir/recover-20220811/UBNA_009/20220809_053000.WAV,Foliage,recover-20220811,009,1795
1769.9105,1769.9274,27187.0,31338.0,Nyctalus leisleri,0.102,0.211,-1,Echolocation,/mnt/ubna_data_01_mir/recover-20220811/UBNA_009/20220809_053000.WAV,Foliage,recover-20220811,009,1795
1772.1005,1772.113,28046.0,35688.0,Eptesicus serotinus,0.287,0.414,-1,Echolocation,/mnt/ubna_data_01_mir/recover-20220811/UBNA_009/20220809_053000.WAV,Foliage,recover-20220811,009,1795
1772.1675,1772.1809,24609.0,29788.0,Nyctalus leisleri,0.128,0.268,-1,Echolocation,/mnt/ubna_data_01_mir/recover-20220811/UBNA_009/20220809_053000.WAV,Foliage,recover-20220811,009,1795
1772.2385,1772.2501,28046.0,35667.0,Eptesicus serotinus,0.285,0.48,-1,Echolocation,/mnt/ubna_data_01_mir/recover-20220811/UBNA_009/20220809_053000.WAV,Foliage,recover-20220811,009,1795
1772.3785,1772.3926,28046.0,34063.0,Eptesicus serotinus,0.16,0.283,-1,Echolocation,/mnt/ubna_data_01_mir/recover-20220811/UBNA_009/20220809_053000.WAV,Foliage,recover-20220811,009,1795
1772.5155,1772.5272,27187.0,35847.0,Eptesicus serotinus,0.344,0.476,-1,Echolocation,/mnt/ubna_data_01_mir/recover-20220811/UBNA_009/20220809_053000.WAV,Foliage,recover-20220811,009,1795
1772.6495,1772.664,27187.0,35575.0,Nyctalus leisleri,0.233,0.495,-1,Echolocation,/mnt/ubna_data_01_mir/recover-20220811/UBNA_009/20220809_053000.WAV,Foliage,recover-20220811,009,1795
1772.7885,1772.802,27187.0,36322.0,Eptesicus serotinus,0.301,0.44,-1,Echolocation,/mnt/ubna_data_01_mir/recover-20220811/UBNA_009/20220809_053000.WAV,Foliage,recover-20220811,009,1795
1773.0105,1773.0246,26328.0,36198.0,Eptesicus serotinus,0.297,0.401,-1,Echolocation,/mnt/ubna_data_01_mir/recover-20220811/UBNA_009/20220809_053000.WAV,Foliage,recover-20220811,009,1795
1773.1435,1773.1564,26328.0,38912.0,Eptesicus serotinus,0.365,0.54,-1,Echolocation,/mnt/ubna_data_01_mir/recover-20220811/UBNA_009/20220809_053000.WAV,Foliage,recover-20220811,009,1795
1773.2755,1773.2873,27187.0,36036.0,Eptesicus serotinus,0.312,0.494,-1,Echolocation,/mnt/ubna_data_01_mir/recover-20220811/UBNA_009/20220809_053000.WAV,Foliage,recover-20220811,009,1795
1773.4065,1773.418,27187.0,38164.0,Eptesicus serotinus,0.395,0.547,-1,Echolocation,/mnt/ubna_data_01_mir/recover-20220811/UBNA_009/20220809_053000.WAV,Foliage,recover-20220811,009,1795
1773.5345,1773.5476,27187.0,38315.0,Eptesicus serotinus,0.386,0.512,-1,Echolocation,/mnt/ubna_data_01_mir/recover-20220811/UBNA_009/20220809_053000.WAV,Foliage,recover-20220811,009,1795
1773.6705,1773.6814,27187.0,43750.0,Eptesicus serotinus,0.395,0.514,-1,Echolocation,/mnt/ubna_data_01_mir/recover-20220811/UBNA_009/20220809_053000.WAV,Foliage,recover-20220811,009,1795
1773.8115,1773.8232,27187.0,43190.0,Eptesicus serotinus,0.376,0.513,-1,Echolocation,/mnt/ubna_data_01_mir/recover-20220811/UBNA_009/20220809_053000.WAV,Foliage,recover-20220811,009,1795
1773.9475,1773.9579,27187.0,41093.0,Eptesicus serotinus,0.396,0.564,-1,Echolocation,/mnt/ubna_data_01_mir/recover-20220811/UBNA_009/20220809_053000.WAV,Foliage,recover-20220811,009,1795
1774.0915,1774.1047,27187.0,41573.0,Eptesicus serotinus,0.343,0.592,-1,Echolocation,/mnt/ubna_data_01_mir/recover-20220811/UBNA_009/20220809_053000.WAV,Foliage,recover-20220811,009,1795
1774.2245,1774.2368,26328.0,45345.0,Eptesicus serotinus,0.336,0.627,-1,Echolocation,/mnt/ubna_data_01_mir/recover-20220811/UBNA_009/20220809_053000.WAV,Foliage,recover-20220811,009,1795
1774.3615,1774.375,27187.0,42932.0,Eptesicus serotinus,0.326,0.602,-1,Echolocation,/mnt/ubna_data_01_mir/recover-20220811/UBNA_009/20220809_053000.WAV,Foliage,recover-20220811,009,1795
1774.5055,1774.5167,27187.0,47070.0,Eptesicus serotinus,0.432,0.674,-1,Echolocation,/mnt/ubna_data_01_mir/recover-20220811/UBNA_009/20220809_053000.WAV,Foliage,recover-20220811,009,1795
1774.6405,1774.6499,27187.0,50376.0,Eptesicus serotinus,0.388,0.646,-1,Echolocation,/mnt/ubna_data_01_mir/recover-20220811/UBNA_009/20220809_053000.WAV,Foliage,recover-20220811,009,1795
1774.7705,1774.7825,27187.0,43282.0,Nyctalus leisleri,0.315,0.63,-1,Echolocation,/mnt/ubna_data_01_mir/recover-20220811/UBNA_009/20220809_053000.WAV,Foliage,recover-20220811,009,1795
1774.8965,1774.9066,27187.0,48458.0,Nyctalus leisleri,0.34,0.688,-1,Echolocation,/mnt/ubna_data_01_mir/recover-20220811/UBNA_009/20220809_053000.WAV,Foliage,recover-20220811,009,1795
1775.0275,1775.0381,28046.0,41393.0,Eptesicus serotinus,0.315,0.461,-1,Echolocation,/mnt/ubna_data_01_mir/recover-20220811/UBNA_009/20220809_053000.WAV,Foliage,recover-20220811,009,1795
1775.2685,1775.2809,28046.0,46859.0,Eptesicus serotinus,0.395,0.62,-1,Echolocation,/mnt/ubna_data_01_mir/recover-20220811/UBNA_009/20220809_053000.WAV,Foliage,recover-20220811,009,1795
1775.3945,1775.4044,28046.0,45201.0,Eptesicus serotinus,0.372,0.597,-1,Echolocation,/mnt/ubna_data_01_mir/recover-20220811/UBNA_009/20220809_053000.WAV,Foliage,recover-20220811,009,1795
1775.6085,1775.6185,28046.0,46063.0,Nyctalus leisleri,0.418,0.719,-1,Echolocation,/mnt/ubna_data_01_mir/recover-20220811/UBNA_009/20220809_053000.WAV,Foliage,recover-20220811,009,1795
1775.7215,1775.7319,28046.0,47849.0,Eptesicus serotinus,0.335,0.613,-1,Echolocation,/mnt/ubna_data_01_mir/recover-20220811/UBNA_009/20220809_053000.WAV,Foliage,recover-20220811,009,1795
1775.8845,1775.8943,28046.0,45293.0,Nyctalus leisleri,0.316,0.679,-1,Echolocation,/mnt/ubna_data_01_mir/recover-20220811/UBNA_009/20220809_053000.WAV,Foliage,recover-20220811,009,1795
1776.0065,1776.0159,27187.0,35891.0,Eptesicus serotinus,0.313,0.523,-1,Echolocation,/mnt/ubna_data_01_mir/recover-20220811/UBNA_009/20220809_053000.WAV,Foliage,recover-20220811,009,1795
1776.1325,1776.1435,28046.0,36975.0,Eptesicus serotinus,0.367,0.507,-1,Echolocation,/mnt/ubna_data_01_mir/recover-20220811/UBNA_009/20220809_053000.WAV,Foliage,recover-20220811,009,1795
1776.2505,1776.2675,28046.0,34408.0,Eptesicus serotinus,0.156,0.274,-1,Echolocation,/mnt/ubna_data_01_mir/recover-20220811/UBNA_009/20220809_053000.WAV,Foliage,recover-20220811,009,1795
1776.3725,1776.3843,27187.0,33891.0,Eptesicus serotinus,0.241,0.465,-1,Echolocation,/mnt/ubna_data_01_mir/recover-20220811/UBNA_009/20220809_053000.WAV,Foliage,recover-20220811,009,1795
1776.4975,1776.51,26328.0,42042.0,Eptesicus serotinus,0.47,0.653,-1,Echolocation,/mnt/ubna_data_01_mir/recover-20220811/UBNA_009/20220809_053000.WAV,Foliage,recover-20220811,009,1795
1776.6425,1776.6564,27187.0,34110.0,Eptesicus serotinus,0.213,0.312,-1,Echolocation,/mnt/ubna_data_01_mir/recover-20220811/UBNA_009/20220809_053000.WAV,Foliage,recover-20220811,009,1795
1776.8995,1776.9127,27187.0,34669.0,Eptesicus serotinus,0.248,0.401,-1,Echolocation,/mnt/ubna_data_01_mir/recover-20220811/UBNA_009/20220809_053000.WAV,Foliage,recover-20220811,009,1795
1777.1755,1777.1885,26328.0,33333.0,Eptesicus serotinus,0.211,0.368,-1,Echolocation,/mnt/ubna_data_01_mir/recover-20220811/UBNA_009/20220809_053000.WAV,Foliage,recover-20220811,009,1795
1777.5585,1777.5702,25468.0,35123.0,Eptesicus serotinus,0.258,0.348,-1,Echolocation,/mnt/ubna_data_01_mir/recover-20220811/UBNA_009/20220809_053000.WAV,Foliage,recover-20220811,009,1795
1777.7075,1777.7244,26328.0,30887.0,Nyctalus leisleri,0.176,0.272,-1,Echolocation,/mnt/ubna_data_01_mir/recover-20220811/UBNA_009/20220809_053000.WAV,Foliage,recover-20220811,009,1795
1777.9745,1777.9901,27187.0,32780.0,Nyctalus leisleri,0.109,0.232,-1,Echolocation,/mnt/ubna_data_01_mir/recover-20220811/UBNA_009/20220809_053000.WAV,Foliage,recover-20220811,009,1795
1781.4755,1781.4904,26328.0,30133.0,Nyctalus leisleri,0.279,0.386,-1,Echolocation,/mnt/ubna_data_01_mir/recover-20220811/UBNA_009/20220809_053000.WAV,Foliage,recover-20220811,009,1795
1781.6165,1781.6287,26328.0,31126.0,Nyctalus leisleri,0.253,0.467,-1,Echolocation,/mnt/ubna_data_01_mir/recover-20220811/UBNA_009/20220809_053000.WAV,Foliage,recover-20220811,009,1795
1785.1065,1785.1218,26328.0,30050.0,Nyctalus leisleri,0.135,0.241,-1,Echolocation,/mnt/ubna_data_01_mir/recover-20220811/UBNA_009/20220809_053000.WAV,Foliage,recover-20220811,009,1795
1785.6335,1785.6480999999999,27187.0,31437.0,Nyctalus leisleri,0.183,0.282,-1,Echolocation,/mnt/ubna_data_01_mir/recover-20220811/UBNA_009/20220809_053000.WAV,Foliage,recover-20220811,009,1795
1786.1955,1786.2088,28046.0,32396.0,Nyctalus leisleri,0.107,0.223,-1,Echolocation,/mnt/ubna_data_01_mir/recover-20220811/UBNA_009/20220809_053000.WAV,Foliage,recover-20220811,009,1795
1788.0595,1788.0733,28906.0,35086.0,Eptesicus serotinus,0.17,0.307,-1,Echolocation,/mnt/ubna_data_01_mir/recover-20220811/UBNA_009/20220809_053000.WAV,Foliage,recover-20220811,009,1795
1788.2025,1788.2162,28906.0,35748.0,Eptesicus serotinus,0.212,0.341,-1,Echolocation,/mnt/ubna_data_01_mir/recover-20220811/UBNA_009/20220809_053000.WAV,Foliage,recover-20220811,009,1795
1788.4745,1788.4895,29765.0,36366.0,Eptesicus serotinus,0.191,0.297,-1,Echolocation,/mnt/ubna_data_01_mir/recover-20220811/UBNA_009/20220809_053000.WAV,Foliage,recover-20220811,009,1795
1792.0855,1792.0967,28046.0,36644.0,Eptesicus serotinus,0.353,0.479,-1,Echolocation,/mnt/ubna_data_01_mir/recover-20220811/UBNA_009/20220809_053000.WAV,Foliage,recover-20220811,009,1795
1792.1925,1792.2052,28046.0,35743.0,Eptesicus serotinus,0.254,0.441,-1,Echolocation,/mnt/ubna_data_01_mir/recover-20220811/UBNA_009/20220809_053000.WAV,Foliage,recover-20220811,009,1795
