start_time,end_time,low_freq,high_freq,class,class_prob,det_prob,individual,event,input_file,Site name,Recover Folder,SD Card,File Duration
17.2965,17.3098,28906,35582,Eptesicus serotinus,0.151,0.203,-1,Echolocation,/mnt/ubna_data_01_mir/recover-20220722/UBNA_012/20220720_063000.WAV,Foliage,recover-20220722,012,1795
17.8225,17.8314,28046,34600,Eptesicus serotinus,0.121,0.201,-1,Echolocation,/mnt/ubna_data_01_mir/recover-20220722/UBNA_012/20220720_063000.WAV,Foliage,recover-20220722,012,1795
19.7895,19.7987,28906,35044,Eptesicus serotinus,0.147,0.241,-1,Echolocation,/mnt/ubna_data_01_mir/recover-20220722/UBNA_012/20220720_063000.WAV,Foliage,recover-20220722,012,1795
20.9025,20.9113,28046,35448,Eptesicus serotinus,0.178,0.256,-1,Echolocation,/mnt/ubna_data_01_mir/recover-20220722/UBNA_012/20220720_063000.WAV,Foliage,recover-20220722,012,1795
41.3505,41.3611,28046,34316,Eptesicus serotinus,0.17,0.285,-1,Echolocation,/mnt/ubna_data_01_mir/recover-20220722/UBNA_012/20220720_063000.WAV,Foliage,recover-20220722,012,1795
43.9065,43.9172,28906,33883,Eptesicus serotinus,0.163,0.255,-1,Echolocation,/mnt/ubna_data_01_mir/recover-20220722/UBNA_012/20220720_063000.WAV,Foliage,recover-20220722,012,1795
48.7545,48.7663,28906,33714,Eptesicus serotinus,0.139,0.236,-1,Echolocation,/mnt/ubna_data_01_mir/recover-20220722/UBNA_012/20220720_063000.WAV,Foliage,recover-20220722,012,1795
57.0775,57.0871,28046,35176,Eptesicus serotinus,0.143,0.214,-1,Echolocation,/mnt/ubna_data_01_mir/recover-20220722/UBNA_012/20220720_063000.WAV,Foliage,recover-20220722,012,1795
60.1595,60.1697,28046,34102,Eptesicus serotinus,0.149,0.249,-1,Echolocation,/mnt/ubna_data_01_mir/recover-20220722/UBNA_012/20220720_063000.WAV,Foliage,recover-20220722,012,1795
62.8455,62.8553,28906,34887,Eptesicus serotinus,0.187,0.292,-1,Echolocation,/mnt/ubna_data_01_mir/recover-20220722/UBNA_012/20220720_063000.WAV,Foliage,recover-20220722,012,1795
63.4355,63.4472,28906,33889,Eptesicus serotinus,0.171,0.326,-1,Echolocation,/mnt/ubna_data_01_mir/recover-20220722/UBNA_012/20220720_063000.WAV,Foliage,recover-20220722,012,1795
65.5335,65.543,28046,34136,Eptesicus serotinus,0.182,0.272,-1,Echolocation,/mnt/ubna_data_01_mir/recover-20220722/UBNA_012/20220720_063000.WAV,Foliage,recover-20220722,012,1795
73.7095,73.728,22890,26457,Nyctalus leisleri,0.202,0.254,-1,Echolocation,/mnt/ubna_data_01_mir/recover-20220722/UBNA_012/20220720_063000.WAV,Foliage,recover-20220722,012,1795
74.0685,74.0837,23750,27759,Nyctalus leisleri,0.164,0.226,-1,Echolocation,/mnt/ubna_data_01_mir/recover-20220722/UBNA_012/20220720_063000.WAV,Foliage,recover-20220722,012,1795
74.0695,74.0837,40078,44041,Pipistrellus nathusii,0.21,0.252,-1,Echolocation,/mnt/ubna_data_01_mir/recover-20220722/UBNA_012/20220720_063000.WAV,Foliage,recover-20220722,012,1795
76.8055,76.8134,28046,35984,Eptesicus serotinus,0.16,0.241,-1,Echolocation,/mnt/ubna_data_01_mir/recover-20220722/UBNA_012/20220720_063000.WAV,Foliage,recover-20220722,012,1795
79.3625,79.36959999999999,28046,36939,Eptesicus serotinus,0.15,0.243,-1,Echolocation,/mnt/ubna_data_01_mir/recover-20220722/UBNA_012/20220720_063000.WAV,Foliage,recover-20220722,012,1795
80.14750000000001,80.1577,28046,33606,Eptesicus serotinus,0.165,0.278,-1,Echolocation,/mnt/ubna_data_01_mir/recover-20220722/UBNA_012/20220720_063000.WAV,Foliage,recover-20220722,012,1795
104.1345,104.1431,28046,34758,Eptesicus serotinus,0.199,0.347,-1,Echolocation,/mnt/ubna_data_01_mir/recover-20220722/UBNA_012/20220720_063000.WAV,Foliage,recover-20220722,012,1795
109.70349999999999,109.7159,28906,34232,Eptesicus serotinus,0.123,0.204,-1,Echolocation,/mnt/ubna_data_01_mir/recover-20220722/UBNA_012/20220720_063000.WAV,Foliage,recover-20220722,012,1795
112.7205,112.7265,27187,36841,Plecotus auritus,0.096,0.259,-1,Echolocation,/mnt/ubna_data_01_mir/recover-20220722/UBNA_012/20220720_063000.WAV,Foliage,recover-20220722,012,1795
122.3535,122.3627,28906,34779,Eptesicus serotinus,0.114,0.202,-1,Echolocation,/mnt/ubna_data_01_mir/recover-20220722/UBNA_012/20220720_063000.WAV,Foliage,recover-20220722,012,1795
128.2655,128.2735,28906,38616,Eptesicus serotinus,0.158,0.237,-1,Echolocation,/mnt/ubna_data_01_mir/recover-20220722/UBNA_012/20220720_063000.WAV,Foliage,recover-20220722,012,1795
128.8415,128.8514,28046,34590,Eptesicus serotinus,0.189,0.275,-1,Echolocation,/mnt/ubna_data_01_mir/recover-20220722/UBNA_012/20220720_063000.WAV,Foliage,recover-20220722,012,1795
130.0875,130.094,27187,35778,Eptesicus serotinus,0.079,0.214,-1,Echolocation,/mnt/ubna_data_01_mir/recover-20220722/UBNA_012/20220720_063000.WAV,Foliage,recover-20220722,012,1795
136.3125,136.3212,28906,35433,Eptesicus serotinus,0.146,0.236,-1,Echolocation,/mnt/ubna_data_01_mir/recover-20220722/UBNA_012/20220720_063000.WAV,Foliage,recover-20220722,012,1795
148.4355,148.4443,28046,34530,Eptesicus serotinus,0.22,0.329,-1,Echolocation,/mnt/ubna_data_01_mir/recover-20220722/UBNA_012/20220720_063000.WAV,Foliage,recover-20220722,012,1795
152.9575,152.9679,28046,35011,Eptesicus serotinus,0.151,0.22,-1,Echolocation,/mnt/ubna_data_01_mir/recover-20220722/UBNA_012/20220720_063000.WAV,Foliage,recover-20220722,012,1795
153.2195,153.2318,56406,60256,Pipistrellus pygmaeus,0.251,0.258,-1,Echolocation,/mnt/ubna_data_01_mir/recover-20220722/UBNA_012/20220720_063000.WAV,Foliage,recover-20220722,012,1795
155.1205,155.1287,28046,36326,Eptesicus serotinus,0.152,0.247,-1,Echolocation,/mnt/ubna_data_01_mir/recover-20220722/UBNA_012/20220720_063000.WAV,Foliage,recover-20220722,012,1795
155.3825,155.3943,28906,33745,Eptesicus serotinus,0.129,0.209,-1,Echolocation,/mnt/ubna_data_01_mir/recover-20220722/UBNA_012/20220720_063000.WAV,Foliage,recover-20220722,012,1795
159.2335,159.2467,23750,29089,Nyctalus leisleri,0.111,0.25,-1,Echolocation,/mnt/ubna_data_01_mir/recover-20220722/UBNA_012/20220720_063000.WAV,Foliage,recover-20220722,012,1795
192.2795,192.29,28906,34523,Eptesicus serotinus,0.158,0.267,-1,Echolocation,/mnt/ubna_data_01_mir/recover-20220722/UBNA_012/20220720_063000.WAV,Foliage,recover-20220722,012,1795
197.9815,197.9888,28046,36144,Eptesicus serotinus,0.118,0.201,-1,Echolocation,/mnt/ubna_data_01_mir/recover-20220722/UBNA_012/20220720_063000.WAV,Foliage,recover-20220722,012,1795
202.0455,202.0537,28046,35193,Eptesicus serotinus,0.169,0.279,-1,Echolocation,/mnt/ubna_data_01_mir/recover-20220722/UBNA_012/20220720_063000.WAV,Foliage,recover-20220722,012,1795
210.4325,210.4442,28906,34316,Eptesicus serotinus,0.141,0.229,-1,Echolocation,/mnt/ubna_data_01_mir/recover-20220722/UBNA_012/20220720_063000.WAV,Foliage,recover-20220722,012,1795
214.5635,214.5742,29765,34886,Eptesicus serotinus,0.142,0.23,-1,Echolocation,/mnt/ubna_data_01_mir/recover-20220722/UBNA_012/20220720_063000.WAV,Foliage,recover-20220722,012,1795
233.6345,233.6402,26328,37305,Plecotus auritus,0.093,0.204,-1,Echolocation,/mnt/ubna_data_01_mir/recover-20220722/UBNA_012/20220720_063000.WAV,Foliage,recover-20220722,012,1795
242.2195,242.2281,27187,35453,Eptesicus serotinus,0.152,0.23,-1,Echolocation,/mnt/ubna_data_01_mir/recover-20220722/UBNA_012/20220720_063000.WAV,Foliage,recover-20220722,012,1795
244.6435,244.6519,28046,35241,Eptesicus serotinus,0.112,0.201,-1,Echolocation,/mnt/ubna_data_01_mir/recover-20220722/UBNA_012/20220720_063000.WAV,Foliage,recover-20220722,012,1795
248.8365,248.8491,28906,33728,Eptesicus serotinus,0.113,0.201,-1,Echolocation,/mnt/ubna_data_01_mir/recover-20220722/UBNA_012/20220720_063000.WAV,Foliage,recover-20220722,012,1795
250.2295,250.2424,23750,28817,Nyctalus leisleri,0.247,0.343,-1,Echolocation,/mnt/ubna_data_01_mir/recover-20220722/UBNA_012/20220720_063000.WAV,Foliage,recover-20220722,012,1795
261.9585,261.9706,36640,40832,Pipistrellus nathusii,0.159,0.315,-1,Echolocation,/mnt/ubna_data_01_mir/recover-20220722/UBNA_012/20220720_063000.WAV,Foliage,recover-20220722,012,1795
262.0255,262.0354,44375,48317,Pipistrellus pipistrellus,0.187,0.207,-1,Echolocation,/mnt/ubna_data_01_mir/recover-20220722/UBNA_012/20220720_063000.WAV,Foliage,recover-20220722,012,1795
271.4625,271.4674,34921,44167,Barbastellus barbastellus,0.098,0.213,-1,Echolocation,/mnt/ubna_data_01_mir/recover-20220722/UBNA_012/20220720_063000.WAV,Foliage,recover-20220722,012,1795
275.6405,275.653,28906,33900,Eptesicus serotinus,0.115,0.222,-1,Echolocation,/mnt/ubna_data_01_mir/recover-20220722/UBNA_012/20220720_063000.WAV,Foliage,recover-20220722,012,1795
276.2965,276.3064,28906,35701,Eptesicus serotinus,0.142,0.204,-1,Echolocation,/mnt/ubna_data_01_mir/recover-20220722/UBNA_012/20220720_063000.WAV,Foliage,recover-20220722,012,1795
281.0815,281.0914,28906,35226,Eptesicus serotinus,0.153,0.25,-1,Echolocation,/mnt/ubna_data_01_mir/recover-20220722/UBNA_012/20220720_063000.WAV,Foliage,recover-20220722,012,1795
286.3895,286.3982,28046,36896,Eptesicus serotinus,0.185,0.26,-1,Echolocation,/mnt/ubna_data_01_mir/recover-20220722/UBNA_012/20220720_063000.WAV,Foliage,recover-20220722,012,1795
300.1505,300.1624,28046,34423,Eptesicus serotinus,0.161,0.237,-1,Echolocation,/mnt/ubna_data_01_mir/recover-20220722/UBNA_012/20220720_063000.WAV,Foliage,recover-20220722,012,1795
301.5285,301.5356,27187,36188,Eptesicus serotinus,0.171,0.319,-1,Echolocation,/mnt/ubna_data_01_mir/recover-20220722/UBNA_012/20220720_063000.WAV,Foliage,recover-20220722,012,1795
304.5425,304.5521,28046,35040,Eptesicus serotinus,0.16,0.235,-1,Echolocation,/mnt/ubna_data_01_mir/recover-20220722/UBNA_012/20220720_063000.WAV,Foliage,recover-20220722,012,1795
326.8895,326.9006,28046,34963,Eptesicus serotinus,0.159,0.259,-1,Echolocation,/mnt/ubna_data_01_mir/recover-20220722/UBNA_012/20220720_063000.WAV,Foliage,recover-20220722,012,1795
327.3495,327.36,28906,34691,Eptesicus serotinus,0.158,0.317,-1,Echolocation,/mnt/ubna_data_01_mir/recover-20220722/UBNA_012/20220720_063000.WAV,Foliage,recover-20220722,012,1795
341.5715,341.5813,28906,34153,Eptesicus serotinus,0.096,0.205,-1,Echolocation,/mnt/ubna_data_01_mir/recover-20220722/UBNA_012/20220720_063000.WAV,Foliage,recover-20220722,012,1795
345.1755,345.1859,26328,33321,Eptesicus serotinus,0.139,0.236,-1,Echolocation,/mnt/ubna_data_01_mir/recover-20220722/UBNA_012/20220720_063000.WAV,Foliage,recover-20220722,012,1795
354.9375,354.9502,28906,34089,Eptesicus serotinus,0.194,0.411,-1,Echolocation,/mnt/ubna_data_01_mir/recover-20220722/UBNA_012/20220720_063000.WAV,Foliage,recover-20220722,012,1795
357.0375,357.046,28046,35457,Eptesicus serotinus,0.152,0.25,-1,Echolocation,/mnt/ubna_data_01_mir/recover-20220722/UBNA_012/20220720_063000.WAV,Foliage,recover-20220722,012,1795
360.4455,360.4527,28046,36103,Eptesicus serotinus,0.21,0.315,-1,Echolocation,/mnt/ubna_data_01_mir/recover-20220722/UBNA_012/20220720_063000.WAV,Foliage,recover-20220722,012,1795
361.3635,361.3693,28046,38451,Eptesicus serotinus,0.084,0.206,-1,Echolocation,/mnt/ubna_data_01_mir/recover-20220722/UBNA_012/20220720_063000.WAV,Foliage,recover-20220722,012,1795
363.7875,363.7981,27187,34185,Eptesicus serotinus,0.143,0.22,-1,Echolocation,/mnt/ubna_data_01_mir/recover-20220722/UBNA_012/20220720_063000.WAV,Foliage,recover-20220722,012,1795
372.0455,372.0573,28906,34147,Eptesicus serotinus,0.108,0.201,-1,Echolocation,/mnt/ubna_data_01_mir/recover-20220722/UBNA_012/20220720_063000.WAV,Foliage,recover-20220722,012,1795
374.1435,374.1509,28906,35888,Eptesicus serotinus,0.189,0.302,-1,Echolocation,/mnt/ubna_data_01_mir/recover-20220722/UBNA_012/20220720_063000.WAV,Foliage,recover-20220722,012,1795
388.5605,388.5688,27187,34989,Eptesicus serotinus,0.118,0.202,-1,Echolocation,/mnt/ubna_data_01_mir/recover-20220722/UBNA_012/20220720_063000.WAV,Foliage,recover-20220722,012,1795
392.8855,392.8959,28906,34529,Eptesicus serotinus,0.14,0.235,-1,Echolocation,/mnt/ubna_data_01_mir/recover-20220722/UBNA_012/20220720_063000.WAV,Foliage,recover-20220722,012,1795
399.1775,399.1868,28906,35974,Eptesicus serotinus,0.154,0.23,-1,Echolocation,/mnt/ubna_data_01_mir/recover-20220722/UBNA_012/20220720_063000.WAV,Foliage,recover-20220722,012,1795
403.0435,403.0543,28046,34952,Eptesicus serotinus,0.172,0.263,-1,Echolocation,/mnt/ubna_data_01_mir/recover-20220722/UBNA_012/20220720_063000.WAV,Foliage,recover-20220722,012,1795
406.0355,406.0454,45234,49273,Pipistrellus pipistrellus,0.192,0.212,-1,Echolocation,/mnt/ubna_data_01_mir/recover-20220722/UBNA_012/20220720_063000.WAV,Foliage,recover-20220722,012,1795
411.5625,411.5725,28046,35616,Eptesicus serotinus,0.158,0.224,-1,Echolocation,/mnt/ubna_data_01_mir/recover-20220722/UBNA_012/20220720_063000.WAV,Foliage,recover-20220722,012,1795
414.0545,414.0625,28906,35273,Eptesicus serotinus,0.128,0.219,-1,Echolocation,/mnt/ubna_data_01_mir/recover-20220722/UBNA_012/20220720_063000.WAV,Foliage,recover-20220722,012,1795
417.1975,417.2097,28046,33175,Eptesicus serotinus,0.137,0.217,-1,Echolocation,/mnt/ubna_data_01_mir/recover-20220722/UBNA_012/20220720_063000.WAV,Foliage,recover-20220722,012,1795
418.4585,418.4677,46953,51805,Pipistrellus pipistrellus,0.2,0.22,-1,Echolocation,/mnt/ubna_data_01_mir/recover-20220722/UBNA_012/20220720_063000.WAV,Foliage,recover-20220722,012,1795
425.2705,425.283,23750,29652,Nyctalus leisleri,0.126,0.249,-1,Echolocation,/mnt/ubna_data_01_mir/recover-20220722/UBNA_012/20220720_063000.WAV,Foliage,recover-20220722,012,1795
426.3895,426.4033,23750,28598,Nyctalus leisleri,0.134,0.251,-1,Echolocation,/mnt/ubna_data_01_mir/recover-20220722/UBNA_012/20220720_063000.WAV,Foliage,recover-20220722,012,1795
426.3905,426.4043,40078,44111,Pipistrellus nathusii,0.219,0.263,-1,Echolocation,/mnt/ubna_data_01_mir/recover-20220722/UBNA_012/20220720_063000.WAV,Foliage,recover-20220722,012,1795
432.3375,432.347,28046,35537,Eptesicus serotinus,0.221,0.308,-1,Echolocation,/mnt/ubna_data_01_mir/recover-20220722/UBNA_012/20220720_063000.WAV,Foliage,recover-20220722,012,1795
443.7405,443.7522,28906,34199,Eptesicus serotinus,0.118,0.209,-1,Echolocation,/mnt/ubna_data_01_mir/recover-20220722/UBNA_012/20220720_063000.WAV,Foliage,recover-20220722,012,1795
450.8165,450.8534,93359,109719,Rhinolophus hipposideros,0.209,0.209,-1,Echolocation,/mnt/ubna_data_01_mir/recover-20220722/UBNA_012/20220720_063000.WAV,Foliage,recover-20220722,012,1795
463.4025,463.4121,28046,35269,Eptesicus serotinus,0.221,0.299,-1,Echolocation,/mnt/ubna_data_01_mir/recover-20220722/UBNA_012/20220720_063000.WAV,Foliage,recover-20220722,012,1795
470.2825,470.2936,28906,33861,Eptesicus serotinus,0.107,0.204,-1,Echolocation,/mnt/ubna_data_01_mir/recover-20220722/UBNA_012/20220720_063000.WAV,Foliage,recover-20220722,012,1795
481.8835,481.8929,27187,35788,Eptesicus serotinus,0.163,0.233,-1,Echolocation,/mnt/ubna_data_01_mir/recover-20220722/UBNA_012/20220720_063000.WAV,Foliage,recover-20220722,012,1795
487.5845,487.5945,28906,35825,Eptesicus serotinus,0.158,0.239,-1,Echolocation,/mnt/ubna_data_01_mir/recover-20220722/UBNA_012/20220720_063000.WAV,Foliage,recover-20220722,012,1795
487.9785,487.9876,28046,35058,Eptesicus serotinus,0.158,0.253,-1,Echolocation,/mnt/ubna_data_01_mir/recover-20220722/UBNA_012/20220720_063000.WAV,Foliage,recover-20220722,012,1795
491.8445,491.8548,28906,35470,Eptesicus serotinus,0.168,0.265,-1,Echolocation,/mnt/ubna_data_01_mir/recover-20220722/UBNA_012/20220720_063000.WAV,Foliage,recover-20220722,012,1795
498.9895,498.9981,28906,35266,Eptesicus serotinus,0.189,0.305,-1,Echolocation,/mnt/ubna_data_01_mir/recover-20220722/UBNA_012/20220720_063000.WAV,Foliage,recover-20220722,012,1795
513.1445,513.1539,27187,34271,Eptesicus serotinus,0.145,0.224,-1,Echolocation,/mnt/ubna_data_01_mir/recover-20220722/UBNA_012/20220720_063000.WAV,Foliage,recover-20220722,012,1795
518.5175,518.5268,28906,35872,Eptesicus serotinus,0.167,0.257,-1,Echolocation,/mnt/ubna_data_01_mir/recover-20220722/UBNA_012/20220720_063000.WAV,Foliage,recover-20220722,012,1795
522.7785,522.7856,28046,37581,Eptesicus serotinus,0.172,0.273,-1,Echolocation,/mnt/ubna_data_01_mir/recover-20220722/UBNA_012/20220720_063000.WAV,Foliage,recover-20220722,012,1795
527.4965,527.5056,28906,35121,Eptesicus serotinus,0.164,0.276,-1,Echolocation,/mnt/ubna_data_01_mir/recover-20220722/UBNA_012/20220720_063000.WAV,Foliage,recover-20220722,012,1795
530.3145,530.3247,27187,33691,Eptesicus serotinus,0.166,0.248,-1,Echolocation,/mnt/ubna_data_01_mir/recover-20220722/UBNA_012/20220720_063000.WAV,Foliage,recover-20220722,012,1795
534.5745,534.5822000000001,28046,35199,Eptesicus serotinus,0.131,0.217,-1,Echolocation,/mnt/ubna_data_01_mir/recover-20220722/UBNA_012/20220720_063000.WAV,Foliage,recover-20220722,012,1795
542.9625,542.973,28046,34221,Eptesicus serotinus,0.159,0.239,-1,Echolocation,/mnt/ubna_data_01_mir/recover-20220722/UBNA_012/20220720_063000.WAV,Foliage,recover-20220722,012,1795
550.6965,550.7053,28046,34847,Eptesicus serotinus,0.135,0.207,-1,Echolocation,/mnt/ubna_data_01_mir/recover-20220722/UBNA_012/20220720_063000.WAV,Foliage,recover-20220722,012,1795
552.4015,552.4081,28046,36809,Eptesicus serotinus,0.088,0.212,-1,Echolocation,/mnt/ubna_data_01_mir/recover-20220722/UBNA_012/20220720_063000.WAV,Foliage,recover-20220722,012,1795
554.2345,554.2446,28906,35314,Eptesicus serotinus,0.152,0.235,-1,Echolocation,/mnt/ubna_data_01_mir/recover-20220722/UBNA_012/20220720_063000.WAV,Foliage,recover-20220722,012,1795
555.1765,555.1843,23750,32495,Eptesicus serotinus,0.107,0.286,-1,Echolocation,/mnt/ubna_data_01_mir/recover-20220722/UBNA_012/20220720_063000.WAV,Foliage,recover-20220722,012,1795
555.4805,555.4889,28906,35270,Eptesicus serotinus,0.165,0.265,-1,Echolocation,/mnt/ubna_data_01_mir/recover-20220722/UBNA_012/20220720_063000.WAV,Foliage,recover-20220722,012,1795
563.9345,563.9436,28046,34744,Eptesicus serotinus,0.143,0.229,-1,Echolocation,/mnt/ubna_data_01_mir/recover-20220722/UBNA_012/20220720_063000.WAV,Foliage,recover-20220722,012,1795
568.1285,568.1371,28906,35899,Eptesicus serotinus,0.152,0.238,-1,Echolocation,/mnt/ubna_data_01_mir/recover-20220722/UBNA_012/20220720_063000.WAV,Foliage,recover-20220722,012,1795
568.1945,568.2028,28906,35702,Eptesicus serotinus,0.186,0.283,-1,Echolocation,/mnt/ubna_data_01_mir/recover-20220722/UBNA_012/20220720_063000.WAV,Foliage,recover-20220722,012,1795
573.5675,573.576,28046,35995,Eptesicus serotinus,0.139,0.214,-1,Echolocation,/mnt/ubna_data_01_mir/recover-20220722/UBNA_012/20220720_063000.WAV,Foliage,recover-20220722,012,1795
575.7305,575.7401,27187,34526,Eptesicus serotinus,0.173,0.253,-1,Echolocation,/mnt/ubna_data_01_mir/recover-20220722/UBNA_012/20220720_063000.WAV,Foliage,recover-20220722,012,1795
582.7415,582.7547,29765,33657,Eptesicus serotinus,0.137,0.275,-1,Echolocation,/mnt/ubna_data_01_mir/recover-20220722/UBNA_012/20220720_063000.WAV,Foliage,recover-20220722,012,1795
591.7875,591.7982,28906,34006,Eptesicus serotinus,0.162,0.256,-1,Echolocation,/mnt/ubna_data_01_mir/recover-20220722/UBNA_012/20220720_063000.WAV,Foliage,recover-20220722,012,1795
599.4535,599.4644,28906,34576,Eptesicus serotinus,0.134,0.218,-1,Echolocation,/mnt/ubna_data_01_mir/recover-20220722/UBNA_012/20220720_063000.WAV,Foliage,recover-20220722,012,1795
603.0605,603.0696,28906,35026,Eptesicus serotinus,0.21,0.347,-1,Echolocation,/mnt/ubna_data_01_mir/recover-20220722/UBNA_012/20220720_063000.WAV,Foliage,recover-20220722,012,1795
603.2325,603.2392,40078,47352,Pipistrellus nathusii,0.441,0.505,-1,Echolocation,/mnt/ubna_data_01_mir/recover-20220722/UBNA_012/20220720_063000.WAV,Foliage,recover-20220722,012,1795
603.4365,603.4451,39218,44946,Pipistrellus nathusii,0.364,0.416,-1,Echolocation,/mnt/ubna_data_01_mir/recover-20220722/UBNA_012/20220720_063000.WAV,Foliage,recover-20220722,012,1795
603.4845,603.4928,38359,44162,Pipistrellus nathusii,0.448,0.593,-1,Echolocation,/mnt/ubna_data_01_mir/recover-20220722/UBNA_012/20220720_063000.WAV,Foliage,recover-20220722,012,1795
603.6625,603.6689,36640,43642,Pipistrellus nathusii,0.373,0.486,-1,Echolocation,/mnt/ubna_data_01_mir/recover-20220722/UBNA_012/20220720_063000.WAV,Foliage,recover-20220722,012,1795
603.7575,603.7676,35781,40520,Pipistrellus nathusii,0.228,0.301,-1,Echolocation,/mnt/ubna_data_01_mir/recover-20220722/UBNA_012/20220720_063000.WAV,Foliage,recover-20220722,012,1795
603.8505,603.8587,34921,41746,Pipistrellus nathusii,0.441,0.594,-1,Echolocation,/mnt/ubna_data_01_mir/recover-20220722/UBNA_012/20220720_063000.WAV,Foliage,recover-20220722,012,1795
604.4105,604.4226,36640,41077,Pipistrellus nathusii,0.246,0.277,-1,Echolocation,/mnt/ubna_data_01_mir/recover-20220722/UBNA_012/20220720_063000.WAV,Foliage,recover-20220722,012,1795
604.5565,604.5636,30625,38512,Eptesicus serotinus,0.153,0.372,-1,Echolocation,/mnt/ubna_data_01_mir/recover-20220722/UBNA_012/20220720_063000.WAV,Foliage,recover-20220722,012,1795
604.6685,604.676,36640,43635,Pipistrellus nathusii,0.242,0.495,-1,Echolocation,/mnt/ubna_data_01_mir/recover-20220722/UBNA_012/20220720_063000.WAV,Foliage,recover-20220722,012,1795
604.7395,604.7458,36640,48722,Myotis daubentonii,0.078,0.264,-1,Echolocation,/mnt/ubna_data_01_mir/recover-20220722/UBNA_012/20220720_063000.WAV,Foliage,recover-20220722,012,1795
605.0025,605.011,38359,43766,Pipistrellus nathusii,0.252,0.324,-1,Echolocation,/mnt/ubna_data_01_mir/recover-20220722/UBNA_012/20220720_063000.WAV,Foliage,recover-20220722,012,1795
605.0995,605.1052999999999,37500,48148,Pipistrellus nathusii,0.225,0.453,-1,Echolocation,/mnt/ubna_data_01_mir/recover-20220722/UBNA_012/20220720_063000.WAV,Foliage,recover-20220722,012,1795
605.1805,605.1867,36640,44116,Barbastellus barbastellus,0.142,0.321,-1,Echolocation,/mnt/ubna_data_01_mir/recover-20220722/UBNA_012/20220720_063000.WAV,Foliage,recover-20220722,012,1795
605.3255,605.3326,37500,47292,Pipistrellus nathusii,0.178,0.422,-1,Echolocation,/mnt/ubna_data_01_mir/recover-20220722/UBNA_012/20220720_063000.WAV,Foliage,recover-20220722,012,1795
605.4655,605.4774,38359,44060,Pipistrellus nathusii,0.318,0.36,-1,Echolocation,/mnt/ubna_data_01_mir/recover-20220722/UBNA_012/20220720_063000.WAV,Foliage,recover-20220722,012,1795
607.9095,607.9183,28046,33759,Eptesicus serotinus,0.118,0.202,-1,Echolocation,/mnt/ubna_data_01_mir/recover-20220722/UBNA_012/20220720_063000.WAV,Foliage,recover-20220722,012,1795
614.9215,614.9318,28906,36436,Eptesicus serotinus,0.138,0.204,-1,Echolocation,/mnt/ubna_data_01_mir/recover-20220722/UBNA_012/20220720_063000.WAV,Foliage,recover-20220722,012,1795
618.7215,618.7315,28906,35224,Eptesicus serotinus,0.138,0.218,-1,Echolocation,/mnt/ubna_data_01_mir/recover-20220722/UBNA_012/20220720_063000.WAV,Foliage,recover-20220722,012,1795
624.9475,624.9593,28046,33418,Eptesicus serotinus,0.16,0.304,-1,Echolocation,/mnt/ubna_data_01_mir/recover-20220722/UBNA_012/20220720_063000.WAV,Foliage,recover-20220722,012,1795
635.6955,635.7065,28046,34820,Eptesicus serotinus,0.144,0.209,-1,Echolocation,/mnt/ubna_data_01_mir/recover-20220722/UBNA_012/20220720_063000.WAV,Foliage,recover-20220722,012,1795
640.2185,640.2282,28906,34897,Eptesicus serotinus,0.217,0.341,-1,Echolocation,/mnt/ubna_data_01_mir/recover-20220722/UBNA_012/20220720_063000.WAV,Foliage,recover-20220722,012,1795
642.5775,642.5902,28906,33131,Eptesicus serotinus,0.115,0.21,-1,Echolocation,/mnt/ubna_data_01_mir/recover-20220722/UBNA_012/20220720_063000.WAV,Foliage,recover-20220722,012,1795
643.3645,643.3728,28046,34497,Eptesicus serotinus,0.172,0.277,-1,Echolocation,/mnt/ubna_data_01_mir/recover-20220722/UBNA_012/20220720_063000.WAV,Foliage,recover-20220722,012,1795
650.7685,650.7824,28906,33502,Eptesicus serotinus,0.123,0.236,-1,Echolocation,/mnt/ubna_data_01_mir/recover-20220722/UBNA_012/20220720_063000.WAV,Foliage,recover-20220722,012,1795
680.5555,680.5759,24609,27990,Nyctalus leisleri,0.279,0.347,-1,Echolocation,/mnt/ubna_data_01_mir/recover-20220722/UBNA_012/20220720_063000.WAV,Foliage,recover-20220722,012,1795
680.8185,680.8438,24609,28126,Nyctalus leisleri,0.155,0.234,-1,Echolocation,/mnt/ubna_data_01_mir/recover-20220722/UBNA_012/20220720_063000.WAV,Foliage,recover-20220722,012,1795
681.5745,681.5985000000001,24609,28580,Nyctalus leisleri,0.172,0.251,-1,Echolocation,/mnt/ubna_data_01_mir/recover-20220722/UBNA_012/20220720_063000.WAV,Foliage,recover-20220722,012,1795
682.0855,682.1041,23750,26919,Nyctalus leisleri,0.287,0.334,-1,Echolocation,/mnt/ubna_data_01_mir/recover-20220722/UBNA_012/20220720_063000.WAV,Foliage,recover-20220722,012,1795
682.3415,682.3656,24609,28515,Nyctalus leisleri,0.279,0.352,-1,Echolocation,/mnt/ubna_data_01_mir/recover-20220722/UBNA_012/20220720_063000.WAV,Foliage,recover-20220722,012,1795
682.6005,682.6196,26328,30341,Nyctalus leisleri,0.18,0.27,-1,Echolocation,/mnt/ubna_data_01_mir/recover-20220722/UBNA_012/20220720_063000.WAV,Foliage,recover-20220722,012,1795
682.8525,682.8742,23750,27370,Nyctalus leisleri,0.31,0.353,-1,Echolocation,/mnt/ubna_data_01_mir/recover-20220722/UBNA_012/20220720_063000.WAV,Foliage,recover-20220722,012,1795
683.1075,683.1273,23750,26977,Nyctalus leisleri,0.549,0.595,-1,Echolocation,/mnt/ubna_data_01_mir/recover-20220722/UBNA_012/20220720_063000.WAV,Foliage,recover-20220722,012,1795
683.6035,683.6203,24609,27403,Nyctalus leisleri,0.629,0.674,-1,Echolocation,/mnt/ubna_data_01_mir/recover-20220722/UBNA_012/20220720_063000.WAV,Foliage,recover-20220722,012,1795
683.8655,683.8782,23750,29579,Nyctalus leisleri,0.114,0.233,-1,Echolocation,/mnt/ubna_data_01_mir/recover-20220722/UBNA_012/20220720_063000.WAV,Foliage,recover-20220722,012,1795
684.2655,684.2913,23750,27259,Nyctalus leisleri,0.373,0.415,-1,Echolocation,/mnt/ubna_data_01_mir/recover-20220722/UBNA_012/20220720_063000.WAV,Foliage,recover-20220722,012,1795
684.7665,684.7906,23750,27835,Nyctalus leisleri,0.301,0.34,-1,Echolocation,/mnt/ubna_data_01_mir/recover-20220722/UBNA_012/20220720_063000.WAV,Foliage,recover-20220722,012,1795
685.0345,685.0564,23750,27937,Nyctalus leisleri,0.188,0.293,-1,Echolocation,/mnt/ubna_data_01_mir/recover-20220722/UBNA_012/20220720_063000.WAV,Foliage,recover-20220722,012,1795
685.4125,685.4396,23750,27196,Nyctalus leisleri,0.357,0.4,-1,Echolocation,/mnt/ubna_data_01_mir/recover-20220722/UBNA_012/20220720_063000.WAV,Foliage,recover-20220722,012,1795
685.4245,685.4443,48671,52105,Pipistrellus pipistrellus,0.221,0.268,-1,Echolocation,/mnt/ubna_data_01_mir/recover-20220722/UBNA_012/20220720_063000.WAV,Foliage,recover-20220722,012,1795
685.7885,685.8147,23750,27468,Nyctalus leisleri,0.283,0.357,-1,Echolocation,/mnt/ubna_data_01_mir/recover-20220722/UBNA_012/20220720_063000.WAV,Foliage,recover-20220722,012,1795
686.0495,686.0666,24609,26233,Nyctalus leisleri,0.621,0.667,-1,Echolocation,/mnt/ubna_data_01_mir/recover-20220722/UBNA_012/20220720_063000.WAV,Foliage,recover-20220722,012,1795
686.4425,686.4585,23750,25772,Nyctalus leisleri,0.738,0.759,-1,Echolocation,/mnt/ubna_data_01_mir/recover-20220722/UBNA_012/20220720_063000.WAV,Foliage,recover-20220722,012,1795
686.8195,686.8385,22890,26436,Nyctalus leisleri,0.625,0.642,-1,Echolocation,/mnt/ubna_data_01_mir/recover-20220722/UBNA_012/20220720_063000.WAV,Foliage,recover-20220722,012,1795
687.2035,687.221,23750,25905,Nyctalus leisleri,0.727,0.751,-1,Echolocation,/mnt/ubna_data_01_mir/recover-20220722/UBNA_012/20220720_063000.WAV,Foliage,recover-20220722,012,1795
687.2045,687.2247,47812,50800,Pipistrellus pipistrellus,0.228,0.335,-1,Echolocation,/mnt/ubna_data_01_mir/recover-20220722/UBNA_012/20220720_063000.WAV,Foliage,recover-20220722,012,1795
687.6005,687.6188,23750,25758,Nyctalus leisleri,0.793,0.809,-1,Echolocation,/mnt/ubna_data_01_mir/recover-20220722/UBNA_012/20220720_063000.WAV,Foliage,recover-20220722,012,1795
687.8645,687.8812,24609,26375,Nyctalus leisleri,0.625,0.666,-1,Echolocation,/mnt/ubna_data_01_mir/recover-20220722/UBNA_012/20220720_063000.WAV,Foliage,recover-20220722,012,1795
687.8645,687.8835,49531,53896,Pipistrellus pipistrellus,0.154,0.26,-1,Echolocation,/mnt/ubna_data_01_mir/recover-20220722/UBNA_012/20220720_063000.WAV,Foliage,recover-20220722,012,1795
688.2635,688.2905,22890,26910,Nyctalus leisleri,0.261,0.325,-1,Echolocation,/mnt/ubna_data_01_mir/recover-20220722/UBNA_012/20220720_063000.WAV,Foliage,recover-20220722,012,1795
688.5225,688.5402,24609,27304,Nyctalus leisleri,0.548,0.597,-1,Echolocation,/mnt/ubna_data_01_mir/recover-20220722/UBNA_012/20220720_063000.WAV,Foliage,recover-20220722,012,1795
688.9265,688.9444,23750,26464,Nyctalus leisleri,0.629,0.676,-1,Echolocation,/mnt/ubna_data_01_mir/recover-20220722/UBNA_012/20220720_063000.WAV,Foliage,recover-20220722,012,1795
689.2005,689.2192,23750,27919,Nyctalus leisleri,0.16,0.237,-1,Echolocation,/mnt/ubna_data_01_mir/recover-20220722/UBNA_012/20220720_063000.WAV,Foliage,recover-20220722,012,1795
689.5825,689.6079,23750,27885,Nyctalus leisleri,0.229,0.33,-1,Echolocation,/mnt/ubna_data_01_mir/recover-20220722/UBNA_012/20220720_063000.WAV,Foliage,recover-20220722,012,1795
690.2375,690.26,24609,27150,Nyctalus leisleri,0.245,0.299,-1,Echolocation,/mnt/ubna_data_01_mir/recover-20220722/UBNA_012/20220720_063000.WAV,Foliage,recover-20220722,012,1795
690.6345,690.6552,23750,27239,Nyctalus leisleri,0.304,0.349,-1,Echolocation,/mnt/ubna_data_01_mir/recover-20220722/UBNA_012/20220720_063000.WAV,Foliage,recover-20220722,012,1795
691.1835,691.2099,23750,27878,Nyctalus leisleri,0.197,0.281,-1,Echolocation,/mnt/ubna_data_01_mir/recover-20220722/UBNA_012/20220720_063000.WAV,Foliage,recover-20220722,012,1795
691.4545,691.4764,24609,27888,Nyctalus leisleri,0.198,0.253,-1,Echolocation,/mnt/ubna_data_01_mir/recover-20220722/UBNA_012/20220720_063000.WAV,Foliage,recover-20220722,012,1795
691.8505,691.8685,23750,27776,Nyctalus leisleri,0.147,0.216,-1,Echolocation,/mnt/ubna_data_01_mir/recover-20220722/UBNA_012/20220720_063000.WAV,Foliage,recover-20220722,012,1795
693.3705,693.3748,23750,37245,Plecotus austriacus,0.153,0.217,-1,Echolocation,/mnt/ubna_data_01_mir/recover-20220722/UBNA_012/20220720_063000.WAV,Foliage,recover-20220722,012,1795
693.7285,693.7443,22890,26147,Nyctalus leisleri,0.155,0.206,-1,Echolocation,/mnt/ubna_data_01_mir/recover-20220722/UBNA_012/20220720_063000.WAV,Foliage,recover-20220722,012,1795
694.6475,694.6666,23750,27400,Nyctalus leisleri,0.463,0.525,-1,Echolocation,/mnt/ubna_data_01_mir/recover-20220722/UBNA_012/20220720_063000.WAV,Foliage,recover-20220722,012,1795
695.0575,695.0756,23750,26334,Nyctalus leisleri,0.406,0.437,-1,Echolocation,/mnt/ubna_data_01_mir/recover-20220722/UBNA_012/20220720_063000.WAV,Foliage,recover-20220722,012,1795
701.1665,701.1742,28046,36335,Eptesicus serotinus,0.145,0.242,-1,Echolocation,/mnt/ubna_data_01_mir/recover-20220722/UBNA_012/20220720_063000.WAV,Foliage,recover-20220722,012,1795
702.0205,702.029,23750,32751,Plecotus austriacus,0.063,0.244,-1,Echolocation,/mnt/ubna_data_01_mir/recover-20220722/UBNA_012/20220720_063000.WAV,Foliage,recover-20220722,012,1795
713.3715,713.3766,38359,46679,Barbastellus barbastellus,0.163,0.205,-1,Echolocation,/mnt/ubna_data_01_mir/recover-20220722/UBNA_012/20220720_063000.WAV,Foliage,recover-20220722,012,1795
713.4845,713.4906,40078,49050,Pipistrellus nathusii,0.527,0.602,-1,Echolocation,/mnt/ubna_data_01_mir/recover-20220722/UBNA_012/20220720_063000.WAV,Foliage,recover-20220722,012,1795
713.6005,713.6071,39218,45811,Pipistrellus nathusii,0.301,0.439,-1,Echolocation,/mnt/ubna_data_01_mir/recover-20220722/UBNA_012/20220720_063000.WAV,Foliage,recover-20220722,012,1795
713.6955,713.7017,38359,46010,Pipistrellus nathusii,0.176,0.386,-1,Echolocation,/mnt/ubna_data_01_mir/recover-20220722/UBNA_012/20220720_063000.WAV,Foliage,recover-20220722,012,1795
713.8005,713.8073,40078,54605,Pipistrellus nathusii,0.232,0.52,-1,Echolocation,/mnt/ubna_data_01_mir/recover-20220722/UBNA_012/20220720_063000.WAV,Foliage,recover-20220722,012,1795
713.9125,713.9198,39218,45768,Pipistrellus nathusii,0.397,0.471,-1,Echolocation,/mnt/ubna_data_01_mir/recover-20220722/UBNA_012/20220720_063000.WAV,Foliage,recover-20220722,012,1795
714.0215,714.0287,40078,46675,Pipistrellus nathusii,0.45,0.53,-1,Echolocation,/mnt/ubna_data_01_mir/recover-20220722/UBNA_012/20220720_063000.WAV,Foliage,recover-20220722,012,1795
714.5725,714.5815,38359,42686,Pipistrellus nathusii,0.204,0.289,-1,Echolocation,/mnt/ubna_data_01_mir/recover-20220722/UBNA_012/20220720_063000.WAV,Foliage,recover-20220722,012,1795
731.9685,731.9794,28906,33776,Eptesicus serotinus,0.14,0.237,-1,Echolocation,/mnt/ubna_data_01_mir/recover-20220722/UBNA_012/20220720_063000.WAV,Foliage,recover-20220722,012,1795
735.1805,735.1891,28906,35972,Eptesicus serotinus,0.145,0.263,-1,Echolocation,/mnt/ubna_data_01_mir/recover-20220722/UBNA_012/20220720_063000.WAV,Foliage,recover-20220722,012,1795
735.7045,735.7127,28046,36036,Eptesicus serotinus,0.128,0.205,-1,Echolocation,/mnt/ubna_data_01_mir/recover-20220722/UBNA_012/20220720_063000.WAV,Foliage,recover-20220722,012,1795
737.8005,737.8129,28906,34392,Eptesicus serotinus,0.133,0.204,-1,Echolocation,/mnt/ubna_data_01_mir/recover-20220722/UBNA_012/20220720_063000.WAV,Foliage,recover-20220722,012,1795
742.6505,742.6628,28906,33262,Eptesicus serotinus,0.125,0.223,-1,Echolocation,/mnt/ubna_data_01_mir/recover-20220722/UBNA_012/20220720_063000.WAV,Foliage,recover-20220722,012,1795
747.3045,747.3138,28046,34518,Eptesicus serotinus,0.205,0.307,-1,Echolocation,/mnt/ubna_data_01_mir/recover-20220722/UBNA_012/20220720_063000.WAV,Foliage,recover-20220722,012,1795
766.1915,766.2057,37500,40711,Pipistrellus nathusii,0.174,0.211,-1,Echolocation,/mnt/ubna_data_01_mir/recover-20220722/UBNA_012/20220720_063000.WAV,Foliage,recover-20220722,012,1795
773.4525,773.4636,28906,34150,Eptesicus serotinus,0.131,0.225,-1,Echolocation,/mnt/ubna_data_01_mir/recover-20220722/UBNA_012/20220720_063000.WAV,Foliage,recover-20220722,012,1795
774.5005,774.5123,28906,34966,Eptesicus serotinus,0.137,0.204,-1,Echolocation,/mnt/ubna_data_01_mir/recover-20220722/UBNA_012/20220720_063000.WAV,Foliage,recover-20220722,012,1795
781.9055,781.9168,24609,29259,Nyctalus leisleri,0.103,0.215,-1,Echolocation,/mnt/ubna_data_01_mir/recover-20220722/UBNA_012/20220720_063000.WAV,Foliage,recover-20220722,012,1795
785.5785,785.5878,28046,34391,Eptesicus serotinus,0.145,0.249,-1,Echolocation,/mnt/ubna_data_01_mir/recover-20220722/UBNA_012/20220720_063000.WAV,Foliage,recover-20220722,012,1795
786.4295,786.4382,28906,35523,Eptesicus serotinus,0.191,0.293,-1,Echolocation,/mnt/ubna_data_01_mir/recover-20220722/UBNA_012/20220720_063000.WAV,Foliage,recover-20220722,012,1795
800.2565,800.2696,28906,33935,Eptesicus serotinus,0.142,0.233,-1,Echolocation,/mnt/ubna_data_01_mir/recover-20220722/UBNA_012/20220720_063000.WAV,Foliage,recover-20220722,012,1795
801.1095,801.1168,28046,36518,Eptesicus serotinus,0.237,0.352,-1,Echolocation,/mnt/ubna_data_01_mir/recover-20220722/UBNA_012/20220720_063000.WAV,Foliage,recover-20220722,012,1795
801.6985,801.7081000000001,28046,35390,Eptesicus serotinus,0.156,0.223,-1,Echolocation,/mnt/ubna_data_01_mir/recover-20220722/UBNA_012/20220720_063000.WAV,Foliage,recover-20220722,012,1795
803.6655,803.6767,28046,34561,Eptesicus serotinus,0.133,0.205,-1,Echolocation,/mnt/ubna_data_01_mir/recover-20220722/UBNA_012/20220720_063000.WAV,Foliage,recover-20220722,012,1795
805.7615,805.7728,28046,33971,Eptesicus serotinus,0.178,0.299,-1,Echolocation,/mnt/ubna_data_01_mir/recover-20220722/UBNA_012/20220720_063000.WAV,Foliage,recover-20220722,012,1795
811.0045,811.0157,28906,34827,Eptesicus serotinus,0.13,0.206,-1,Echolocation,/mnt/ubna_data_01_mir/recover-20220722/UBNA_012/20220720_063000.WAV,Foliage,recover-20220722,012,1795
835.3195,835.3281,28906,35639,Eptesicus serotinus,0.204,0.324,-1,Echolocation,/mnt/ubna_data_01_mir/recover-20220722/UBNA_012/20220720_063000.WAV,Foliage,recover-20220722,012,1795
840.8245,840.8324,28046,35878,Eptesicus serotinus,0.17,0.283,-1,Echolocation,/mnt/ubna_data_01_mir/recover-20220722/UBNA_012/20220720_063000.WAV,Foliage,recover-20220722,012,1795
842.2855,842.3022,19453,23442,Nyctalus noctula,0.13,0.22,-1,Echolocation,/mnt/ubna_data_01_mir/recover-20220722/UBNA_012/20220720_063000.WAV,Foliage,recover-20220722,012,1795
843.9695,843.9815,28906,33918,Eptesicus serotinus,0.148,0.246,-1,Echolocation,/mnt/ubna_data_01_mir/recover-20220722/UBNA_012/20220720_063000.WAV,Foliage,recover-20220722,012,1795
848.5575,848.5666,27187,34678,Eptesicus serotinus,0.184,0.268,-1,Echolocation,/mnt/ubna_data_01_mir/recover-20220722/UBNA_012/20220720_063000.WAV,Foliage,recover-20220722,012,1795
849.4085,849.4187,28906,35678,Eptesicus serotinus,0.175,0.267,-1,Echolocation,/mnt/ubna_data_01_mir/recover-20220722/UBNA_012/20220720_063000.WAV,Foliage,recover-20220722,012,1795
849.4425,849.4468,42656,56521,Myotis mystacinus,0.058,0.295,-1,Echolocation,/mnt/ubna_data_01_mir/recover-20220722/UBNA_012/20220720_063000.WAV,Foliage,recover-20220722,012,1795
850.2615,850.269,28046,35831,Eptesicus serotinus,0.117,0.207,-1,Echolocation,/mnt/ubna_data_01_mir/recover-20220722/UBNA_012/20220720_063000.WAV,Foliage,recover-20220722,012,1795
851.3775,851.3851,37500,47544,Pipistrellus nathusii,0.092,0.291,-1,Echolocation,/mnt/ubna_data_01_mir/recover-20220722/UBNA_012/20220720_063000.WAV,Foliage,recover-20220722,012,1795
851.8545,851.8613,40078,52147,Myotis daubentonii,0.096,0.213,-1,Echolocation,/mnt/ubna_data_01_mir/recover-20220722/UBNA_012/20220720_063000.WAV,Foliage,recover-20220722,012,1795
852.3635,852.371,41796,48625,Pipistrellus nathusii,0.376,0.426,-1,Echolocation,/mnt/ubna_data_01_mir/recover-20220722/UBNA_012/20220720_063000.WAV,Foliage,recover-20220722,012,1795
852.4455,852.454,39218,49353,Pipistrellus nathusii,0.448,0.538,-1,Echolocation,/mnt/ubna_data_01_mir/recover-20220722/UBNA_012/20220720_063000.WAV,Foliage,recover-20220722,012,1795
852.5365,852.5426,39218,50171,Pipistrellus nathusii,0.118,0.34,-1,Echolocation,/mnt/ubna_data_01_mir/recover-20220722/UBNA_012/20220720_063000.WAV,Foliage,recover-20220722,012,1795
852.6275,852.6351,37500,53691,Pipistrellus nathusii,0.304,0.442,-1,Echolocation,/mnt/ubna_data_01_mir/recover-20220722/UBNA_012/20220720_063000.WAV,Foliage,recover-20220722,012,1795
852.7185,852.7262,39218,47100,Pipistrellus nathusii,0.322,0.443,-1,Echolocation,/mnt/ubna_data_01_mir/recover-20220722/UBNA_012/20220720_063000.WAV,Foliage,recover-20220722,012,1795
852.8955,852.9017,39218,49128,Pipistrellus nathusii,0.304,0.439,-1,Echolocation,/mnt/ubna_data_01_mir/recover-20220722/UBNA_012/20220720_063000.WAV,Foliage,recover-20220722,012,1795
854.4215,854.4287,40937,54453,Pipistrellus nathusii,0.254,0.39,-1,Echolocation,/mnt/ubna_data_01_mir/recover-20220722/UBNA_012/20220720_063000.WAV,Foliage,recover-20220722,012,1795
854.5755,854.5881,41796,54990,Pipistrellus nathusii,0.318,0.375,-1,Echolocation,/mnt/ubna_data_01_mir/recover-20220722/UBNA_012/20220720_063000.WAV,Foliage,recover-20220722,012,1795
854.6585,854.6673,40078,55074,Pipistrellus nathusii,0.22,0.293,-1,Echolocation,/mnt/ubna_data_01_mir/recover-20220722/UBNA_012/20220720_063000.WAV,Foliage,recover-20220722,012,1795
854.7455,854.755,40937,51728,Pipistrellus nathusii,0.478,0.514,-1,Echolocation,/mnt/ubna_data_01_mir/recover-20220722/UBNA_012/20220720_063000.WAV,Foliage,recover-20220722,012,1795
854.8325,854.8421,40078,55058,Pipistrellus nathusii,0.489,0.523,-1,Echolocation,/mnt/ubna_data_01_mir/recover-20220722/UBNA_012/20220720_063000.WAV,Foliage,recover-20220722,012,1795
854.8485,854.8584,28906,34530,Eptesicus serotinus,0.174,0.286,-1,Echolocation,/mnt/ubna_data_01_mir/recover-20220722/UBNA_012/20220720_063000.WAV,Foliage,recover-20220722,012,1795
854.9235,854.9329,40937,54233,Pipistrellus nathusii,0.548,0.589,-1,Echolocation,/mnt/ubna_data_01_mir/recover-20220722/UBNA_012/20220720_063000.WAV,Foliage,recover-20220722,012,1795
855.0145,855.0247,39218,60003,Pipistrellus nathusii,0.5,0.595,-1,Echolocation,/mnt/ubna_data_01_mir/recover-20220722/UBNA_012/20220720_063000.WAV,Foliage,recover-20220722,012,1795
855.1065,855.1168,38359,50857,Pipistrellus nathusii,0.641,0.659,-1,Echolocation,/mnt/ubna_data_01_mir/recover-20220722/UBNA_012/20220720_063000.WAV,Foliage,recover-20220722,012,1795
855.1835,855.1919,40937,53751,Pipistrellus nathusii,0.354,0.435,-1,Echolocation,/mnt/ubna_data_01_mir/recover-20220722/UBNA_012/20220720_063000.WAV,Foliage,recover-20220722,012,1795
855.2585,855.2658,37500,51463,Pipistrellus nathusii,0.367,0.454,-1,Echolocation,/mnt/ubna_data_01_mir/recover-20220722/UBNA_012/20220720_063000.WAV,Foliage,recover-20220722,012,1795
855.3925,855.4015,39218,50709,Pipistrellus nathusii,0.301,0.351,-1,Echolocation,/mnt/ubna_data_01_mir/recover-20220722/UBNA_012/20220720_063000.WAV,Foliage,recover-20220722,012,1795
855.4765,855.4822,36640,48802,Pipistrellus nathusii,0.161,0.346,-1,Echolocation,/mnt/ubna_data_01_mir/recover-20220722/UBNA_012/20220720_063000.WAV,Foliage,recover-20220722,012,1795
855.5565,855.5657,41796,49813,Pipistrellus nathusii,0.188,0.244,-1,Echolocation,/mnt/ubna_data_01_mir/recover-20220722/UBNA_012/20220720_063000.WAV,Foliage,recover-20220722,012,1795
856.4875,856.4976,28906,35058,Eptesicus serotinus,0.172,0.293,-1,Echolocation,/mnt/ubna_data_01_mir/recover-20220722/UBNA_012/20220720_063000.WAV,Foliage,recover-20220722,012,1795
856.9185,856.9253,40078,55665,Pipistrellus nathusii,0.231,0.414,-1,Echolocation,/mnt/ubna_data_01_mir/recover-20220722/UBNA_012/20220720_063000.WAV,Foliage,recover-20220722,012,1795
857.0095,857.0162,40937,48735,Pipistrellus nathusii,0.098,0.23,-1,Echolocation,/mnt/ubna_data_01_mir/recover-20220722/UBNA_012/20220720_063000.WAV,Foliage,recover-20220722,012,1795
857.1015,857.109,40937,53415,Pipistrellus nathusii,0.431,0.492,-1,Echolocation,/mnt/ubna_data_01_mir/recover-20220722/UBNA_012/20220720_063000.WAV,Foliage,recover-20220722,012,1795
857.2295,857.2396,41796,47952,Pipistrellus nathusii,0.255,0.303,-1,Echolocation,/mnt/ubna_data_01_mir/recover-20220722/UBNA_012/20220720_063000.WAV,Foliage,recover-20220722,012,1795
857.3095,857.3154,39218,52431,Pipistrellus nathusii,0.175,0.374,-1,Echolocation,/mnt/ubna_data_01_mir/recover-20220722/UBNA_012/20220720_063000.WAV,Foliage,recover-20220722,012,1795
857.4855,857.4956999999999,40937,47341,Pipistrellus nathusii,0.146,0.205,-1,Echolocation,/mnt/ubna_data_01_mir/recover-20220722/UBNA_012/20220720_063000.WAV,Foliage,recover-20220722,012,1795
857.5675,857.5739,40937,56952,Pipistrellus nathusii,0.23,0.426,-1,Echolocation,/mnt/ubna_data_01_mir/recover-20220722/UBNA_012/20220720_063000.WAV,Foliage,recover-20220722,012,1795
857.6555,857.662,38359,59317,Pipistrellus nathusii,0.359,0.517,-1,Echolocation,/mnt/ubna_data_01_mir/recover-20220722/UBNA_012/20220720_063000.WAV,Foliage,recover-20220722,012,1795
857.7455,857.7539,40078,57192,Pipistrellus nathusii,0.225,0.37,-1,Echolocation,/mnt/ubna_data_01_mir/recover-20220722/UBNA_012/20220720_063000.WAV,Foliage,recover-20220722,012,1795
857.8295,857.8367,40937,57015,Pipistrellus nathusii,0.22,0.324,-1,Echolocation,/mnt/ubna_data_01_mir/recover-20220722/UBNA_012/20220720_063000.WAV,Foliage,recover-20220722,012,1795
857.9135,857.9213,40937,56443,Pipistrellus nathusii,0.331,0.477,-1,Echolocation,/mnt/ubna_data_01_mir/recover-20220722/UBNA_012/20220720_063000.WAV,Foliage,recover-20220722,012,1795
858.0815,858.0879,40078,53295,Pipistrellus nathusii,0.188,0.433,-1,Echolocation,/mnt/ubna_data_01_mir/recover-20220722/UBNA_012/20220720_063000.WAV,Foliage,recover-20220722,012,1795
858.1635,858.1716,40937,59858,Myotis daubentonii,0.085,0.266,-1,Echolocation,/mnt/ubna_data_01_mir/recover-20220722/UBNA_012/20220720_063000.WAV,Foliage,recover-20220722,012,1795
858.2535,858.2577,39218,55569,Myotis daubentonii,0.139,0.32,-1,Echolocation,/mnt/ubna_data_01_mir/recover-20220722/UBNA_012/20220720_063000.WAV,Foliage,recover-20220722,012,1795
858.3425,858.3488,40937,57932,Pipistrellus nathusii,0.169,0.37,-1,Echolocation,/mnt/ubna_data_01_mir/recover-20220722/UBNA_012/20220720_063000.WAV,Foliage,recover-20220722,012,1795
858.4285,858.434,39218,64002,Myotis daubentonii,0.145,0.342,-1,Echolocation,/mnt/ubna_data_01_mir/recover-20220722/UBNA_012/20220720_063000.WAV,Foliage,recover-20220722,012,1795
858.5175,858.5219,40937,54110,Myotis daubentonii,0.155,0.428,-1,Echolocation,/mnt/ubna_data_01_mir/recover-20220722/UBNA_012/20220720_063000.WAV,Foliage,recover-20220722,012,1795
858.5985000000001,858.6038,34921,59573,Myotis daubentonii,0.235,0.507,-1,Echolocation,/mnt/ubna_data_01_mir/recover-20220722/UBNA_012/20220720_063000.WAV,Foliage,recover-20220722,012,1795
858.6885,858.6951,40937,56936,Pipistrellus nathusii,0.136,0.391,-1,Echolocation,/mnt/ubna_data_01_mir/recover-20220722/UBNA_012/20220720_063000.WAV,Foliage,recover-20220722,012,1795
858.7625,858.7687,41796,51216,Pipistrellus nathusii,0.181,0.37,-1,Echolocation,/mnt/ubna_data_01_mir/recover-20220722/UBNA_012/20220720_063000.WAV,Foliage,recover-20220722,012,1795
859.0455,859.0507,41796,56706,Myotis brandtii,0.102,0.255,-1,Echolocation,/mnt/ubna_data_01_mir/recover-20220722/UBNA_012/20220720_063000.WAV,Foliage,recover-20220722,012,1795
859.2655,859.2778,43515,49875,Pipistrellus nathusii,0.217,0.314,-1,Echolocation,/mnt/ubna_data_01_mir/recover-20220722/UBNA_012/20220720_063000.WAV,Foliage,recover-20220722,012,1795
859.3975,859.4082,43515,51013,Pipistrellus nathusii,0.17,0.246,-1,Echolocation,/mnt/ubna_data_01_mir/recover-20220722/UBNA_012/20220720_063000.WAV,Foliage,recover-20220722,012,1795
860.3545,860.3597,40937,55785,Myotis daubentonii,0.173,0.259,-1,Echolocation,/mnt/ubna_data_01_mir/recover-20220722/UBNA_012/20220720_063000.WAV,Foliage,recover-20220722,012,1795
860.4425,860.4474,39218,54925,Myotis daubentonii,0.281,0.313,-1,Echolocation,/mnt/ubna_data_01_mir/recover-20220722/UBNA_012/20220720_063000.WAV,Foliage,recover-20220722,012,1795
860.5385,860.543,40078,54181,Myotis daubentonii,0.362,0.412,-1,Echolocation,/mnt/ubna_data_01_mir/recover-20220722/UBNA_012/20220720_063000.WAV,Foliage,recover-20220722,012,1795
860.6265,860.6319,39218,62502,Myotis daubentonii,0.317,0.375,-1,Echolocation,/mnt/ubna_data_01_mir/recover-20220722/UBNA_012/20220720_063000.WAV,Foliage,recover-20220722,012,1795
860.7165,860.7216,38359,61763,Myotis daubentonii,0.355,0.407,-1,Echolocation,/mnt/ubna_data_01_mir/recover-20220722/UBNA_012/20220720_063000.WAV,Foliage,recover-20220722,012,1795
860.8095,860.8137,37500,52186,Myotis daubentonii,0.341,0.397,-1,Echolocation,/mnt/ubna_data_01_mir/recover-20220722/UBNA_012/20220720_063000.WAV,Foliage,recover-20220722,012,1795
860.9085,860.9153,35781,66838,Myotis daubentonii,0.403,0.457,-1,Echolocation,/mnt/ubna_data_01_mir/recover-20220722/UBNA_012/20220720_063000.WAV,Foliage,recover-20220722,012,1795
861.0105,861.0175,34062,70600,Myotis daubentonii,0.377,0.438,-1,Echolocation,/mnt/ubna_data_01_mir/recover-20220722/UBNA_012/20220720_063000.WAV,Foliage,recover-20220722,012,1795
861.1035,861.1098,35781,62435,Myotis daubentonii,0.311,0.349,-1,Echolocation,/mnt/ubna_data_01_mir/recover-20220722/UBNA_012/20220720_063000.WAV,Foliage,recover-20220722,012,1795
861.2015,861.2079,33203,63487,Myotis daubentonii,0.245,0.526,-1,Echolocation,/mnt/ubna_data_01_mir/recover-20220722/UBNA_012/20220720_063000.WAV,Foliage,recover-20220722,012,1795
861.3045,861.3113,33203,67160,Myotis daubentonii,0.437,0.528,-1,Echolocation,/mnt/ubna_data_01_mir/recover-20220722/UBNA_012/20220720_063000.WAV,Foliage,recover-20220722,012,1795
861.4085,861.4142,34062,65327,Myotis daubentonii,0.255,0.342,-1,Echolocation,/mnt/ubna_data_01_mir/recover-20220722/UBNA_012/20220720_063000.WAV,Foliage,recover-20220722,012,1795
861.5085,861.5152,32343,59987,Myotis daubentonii,0.372,0.487,-1,Echolocation,/mnt/ubna_data_01_mir/recover-20220722/UBNA_012/20220720_063000.WAV,Foliage,recover-20220722,012,1795
861.6085,861.6152,33203,61863,Myotis daubentonii,0.367,0.429,-1,Echolocation,/mnt/ubna_data_01_mir/recover-20220722/UBNA_012/20220720_063000.WAV,Foliage,recover-20220722,012,1795
861.7045,861.7111,31484,61892,Myotis daubentonii,0.404,0.546,-1,Echolocation,/mnt/ubna_data_01_mir/recover-20220722/UBNA_012/20220720_063000.WAV,Foliage,recover-20220722,012,1795
861.7985,861.8048,34921,58093,Myotis daubentonii,0.373,0.482,-1,Echolocation,/mnt/ubna_data_01_mir/recover-20220722/UBNA_012/20220720_063000.WAV,Foliage,recover-20220722,012,1795
861.8295,861.8417,50390,53484,Pipistrellus pygmaeus,0.159,0.229,-1,Echolocation,/mnt/ubna_data_01_mir/recover-20220722/UBNA_012/20220720_063000.WAV,Foliage,recover-20220722,012,1795
861.9845,861.9905,36640,49769,Myotis daubentonii,0.2,0.458,-1,Echolocation,/mnt/ubna_data_01_mir/recover-20220722/UBNA_012/20220720_063000.WAV,Foliage,recover-20220722,012,1795
862.0725,862.0785,35781,52756,Pipistrellus nathusii,0.294,0.554,-1,Echolocation,/mnt/ubna_data_01_mir/recover-20220722/UBNA_012/20220720_063000.WAV,Foliage,recover-20220722,012,1795
862.1665,862.1739,38359,46315,Pipistrellus nathusii,0.424,0.501,-1,Echolocation,/mnt/ubna_data_01_mir/recover-20220722/UBNA_012/20220720_063000.WAV,Foliage,recover-20220722,012,1795
862.3445,862.351,34921,49604,Barbastellus barbastellus,0.303,0.598,-1,Echolocation,/mnt/ubna_data_01_mir/recover-20220722/UBNA_012/20220720_063000.WAV,Foliage,recover-20220722,012,1795
862.4445,862.452,36640,46296,Pipistrellus nathusii,0.264,0.505,-1,Echolocation,/mnt/ubna_data_01_mir/recover-20220722/UBNA_012/20220720_063000.WAV,Foliage,recover-20220722,012,1795
862.5445,862.5514000000001,35781,50136,Pipistrellus nathusii,0.449,0.57,-1,Echolocation,/mnt/ubna_data_01_mir/recover-20220722/UBNA_012/20220720_063000.WAV,Foliage,recover-20220722,012,1795
862.6495,862.6554,34062,50706,Barbastellus barbastellus,0.442,0.559,-1,Echolocation,/mnt/ubna_data_01_mir/recover-20220722/UBNA_012/20220720_063000.WAV,Foliage,recover-20220722,012,1795
862.7455,862.7516,36640,46151,Pipistrellus nathusii,0.455,0.539,-1,Echolocation,/mnt/ubna_data_01_mir/recover-20220722/UBNA_012/20220720_063000.WAV,Foliage,recover-20220722,012,1795
862.9345,862.9407,34921,50161,Barbastellus barbastellus,0.321,0.607,-1,Echolocation,/mnt/ubna_data_01_mir/recover-20220722/UBNA_012/20220720_063000.WAV,Foliage,recover-20220722,012,1795
863.0385,863.0445,36640,48576,Pipistrellus nathusii,0.383,0.534,-1,Echolocation,/mnt/ubna_data_01_mir/recover-20220722/UBNA_012/20220720_063000.WAV,Foliage,recover-20220722,012,1795
863.4835,863.4893,37500,45234,Pipistrellus nathusii,0.333,0.487,-1,Echolocation,/mnt/ubna_data_01_mir/recover-20220722/UBNA_012/20220720_063000.WAV,Foliage,recover-20220722,012,1795
863.5545,863.5626,40078,49717,Pipistrellus nathusii,0.485,0.599,-1,Echolocation,/mnt/ubna_data_01_mir/recover-20220722/UBNA_012/20220720_063000.WAV,Foliage,recover-20220722,012,1795
863.6165,863.6225,40078,50994,Pipistrellus nathusii,0.521,0.614,-1,Echolocation,/mnt/ubna_data_01_mir/recover-20220722/UBNA_012/20220720_063000.WAV,Foliage,recover-20220722,012,1795
863.7015,863.7075,38359,58399,Pipistrellus nathusii,0.502,0.562,-1,Echolocation,/mnt/ubna_data_01_mir/recover-20220722/UBNA_012/20220720_063000.WAV,Foliage,recover-20220722,012,1795
863.7805,863.7871,39218,48825,Pipistrellus nathusii,0.551,0.626,-1,Echolocation,/mnt/ubna_data_01_mir/recover-20220722/UBNA_012/20220720_063000.WAV,Foliage,recover-20220722,012,1795
863.8685,863.8759,36640,49579,Pipistrellus nathusii,0.508,0.638,-1,Echolocation,/mnt/ubna_data_01_mir/recover-20220722/UBNA_012/20220720_063000.WAV,Foliage,recover-20220722,012,1795
863.9585,863.9658,38359,45948,Pipistrellus nathusii,0.406,0.476,-1,Echolocation,/mnt/ubna_data_01_mir/recover-20220722/UBNA_012/20220720_063000.WAV,Foliage,recover-20220722,012,1795
864.1265,864.1354,36640,54657,Pipistrellus nathusii,0.399,0.557,-1,Echolocation,/mnt/ubna_data_01_mir/recover-20220722/UBNA_012/20220720_063000.WAV,Foliage,recover-20220722,012,1795
864.2215,864.2296,37500,44719,Pipistrellus nathusii,0.486,0.581,-1,Echolocation,/mnt/ubna_data_01_mir/recover-20220722/UBNA_012/20220720_063000.WAV,Foliage,recover-20220722,012,1795
864.3125,864.3198,37500,44222,Pipistrellus nathusii,0.511,0.612,-1,Echolocation,/mnt/ubna_data_01_mir/recover-20220722/UBNA_012/20220720_063000.WAV,Foliage,recover-20220722,012,1795
864.4865,864.4954,37500,48624,Pipistrellus nathusii,0.547,0.609,-1,Echolocation,/mnt/ubna_data_01_mir/recover-20220722/UBNA_012/20220720_063000.WAV,Foliage,recover-20220722,012,1795
864.6195,864.6339,35781,48800,Pipistrellus nathusii,0.266,0.386,-1,Echolocation,/mnt/ubna_data_01_mir/recover-20220722/UBNA_012/20220720_063000.WAV,Foliage,recover-20220722,012,1795
865.2685,865.2792,28906,34396,Eptesicus serotinus,0.141,0.237,-1,Echolocation,/mnt/ubna_data_01_mir/recover-20220722/UBNA_012/20220720_063000.WAV,Foliage,recover-20220722,012,1795
867.3745,867.3831,39218,44616,Pipistrellus nathusii,0.478,0.523,-1,Echolocation,/mnt/ubna_data_01_mir/recover-20220722/UBNA_012/20220720_063000.WAV,Foliage,recover-20220722,012,1795
871.2335,871.2382,26328,37939,Plecotus auritus,0.145,0.268,-1,Echolocation,/mnt/ubna_data_01_mir/recover-20220722/UBNA_012/20220720_063000.WAV,Foliage,recover-20220722,012,1795
874.3785,874.3869,28906,36486,Eptesicus serotinus,0.191,0.28,-1,Echolocation,/mnt/ubna_data_01_mir/recover-20220722/UBNA_012/20220720_063000.WAV,Foliage,recover-20220722,012,1795
874.7055,874.7171,28906,34646,Eptesicus serotinus,0.154,0.23,-1,Echolocation,/mnt/ubna_data_01_mir/recover-20220722/UBNA_012/20220720_063000.WAV,Foliage,recover-20220722,012,1795
875.4245,875.435,28906,37027,Eptesicus serotinus,0.154,0.209,-1,Echolocation,/mnt/ubna_data_01_mir/recover-20220722/UBNA_012/20220720_063000.WAV,Foliage,recover-20220722,012,1795
876.7375,876.7503,28906,33398,Eptesicus serotinus,0.122,0.252,-1,Echolocation,/mnt/ubna_data_01_mir/recover-20220722/UBNA_012/20220720_063000.WAV,Foliage,recover-20220722,012,1795
881.5215,881.5398,22890,27234,Nyctalus leisleri,0.461,0.54,-1,Echolocation,/mnt/ubna_data_01_mir/recover-20220722/UBNA_012/20220720_063000.WAV,Foliage,recover-20220722,012,1795
882.0435,882.061,22890,26886,Nyctalus leisleri,0.384,0.457,-1,Echolocation,/mnt/ubna_data_01_mir/recover-20220722/UBNA_012/20220720_063000.WAV,Foliage,recover-20220722,012,1795
885.3245,885.3361,27187,32615,Nyctalus leisleri,0.147,0.303,-1,Echolocation,/mnt/ubna_data_01_mir/recover-20220722/UBNA_012/20220720_063000.WAV,Foliage,recover-20220722,012,1795
886.6055,886.6305,22890,26292,Nyctalus leisleri,0.14,0.207,-1,Echolocation,/mnt/ubna_data_01_mir/recover-20220722/UBNA_012/20220720_063000.WAV,Foliage,recover-20220722,012,1795
887.2635,887.2861,22890,26093,Nyctalus leisleri,0.321,0.365,-1,Echolocation,/mnt/ubna_data_01_mir/recover-20220722/UBNA_012/20220720_063000.WAV,Foliage,recover-20220722,012,1795
887.5225,887.544,23750,27870,Nyctalus leisleri,0.173,0.254,-1,Echolocation,/mnt/ubna_data_01_mir/recover-20220722/UBNA_012/20220720_063000.WAV,Foliage,recover-20220722,012,1795
888.0445,888.0674,22890,26218,Nyctalus leisleri,0.244,0.299,-1,Echolocation,/mnt/ubna_data_01_mir/recover-20220722/UBNA_012/20220720_063000.WAV,Foliage,recover-20220722,012,1795
888.3095,888.3321,23750,27303,Nyctalus leisleri,0.168,0.225,-1,Echolocation,/mnt/ubna_data_01_mir/recover-20220722/UBNA_012/20220720_063000.WAV,Foliage,recover-20220722,012,1795
888.5775,888.5984,22890,26883,Nyctalus leisleri,0.153,0.208,-1,Echolocation,/mnt/ubna_data_01_mir/recover-20220722/UBNA_012/20220720_063000.WAV,Foliage,recover-20220722,012,1795
892.7405,892.7538,23750,29226,Nyctalus leisleri,0.508,0.648,-1,Echolocation,/mnt/ubna_data_01_mir/recover-20220722/UBNA_012/20220720_063000.WAV,Foliage,recover-20220722,012,1795
893.0015,893.0196,23750,27710,Nyctalus leisleri,0.27,0.349,-1,Echolocation,/mnt/ubna_data_01_mir/recover-20220722/UBNA_012/20220720_063000.WAV,Foliage,recover-20220722,012,1795
894.1045,894.114,28046,35266,Eptesicus serotinus,0.181,0.263,-1,Echolocation,/mnt/ubna_data_01_mir/recover-20220722/UBNA_012/20220720_063000.WAV,Foliage,recover-20220722,012,1795
894.9555,894.9738,22890,27316,Nyctalus leisleri,0.382,0.498,-1,Echolocation,/mnt/ubna_data_01_mir/recover-20220722/UBNA_012/20220720_063000.WAV,Foliage,recover-20220722,012,1795
895.4995,895.5139,22890,27980,Nyctalus leisleri,0.112,0.246,-1,Echolocation,/mnt/ubna_data_01_mir/recover-20220722/UBNA_012/20220720_063000.WAV,Foliage,recover-20220722,012,1795
896.1565,896.1705,23750,27149,Nyctalus leisleri,0.161,0.214,-1,Echolocation,/mnt/ubna_data_01_mir/recover-20220722/UBNA_012/20220720_063000.WAV,Foliage,recover-20220722,012,1795
897.1195,897.1286,27187,34169,Eptesicus serotinus,0.124,0.205,-1,Echolocation,/mnt/ubna_data_01_mir/recover-20220722/UBNA_012/20220720_063000.WAV,Foliage,recover-20220722,012,1795
898.1685,898.178,28906,34779,Eptesicus serotinus,0.126,0.218,-1,Echolocation,/mnt/ubna_data_01_mir/recover-20220722/UBNA_012/20220720_063000.WAV,Foliage,recover-20220722,012,1795
899.9375,899.9488,28046,33864,Eptesicus serotinus,0.109,0.202,-1,Echolocation,/mnt/ubna_data_01_mir/recover-20220722/UBNA_012/20220720_063000.WAV,Foliage,recover-20220722,012,1795
900.1345,900.1443,28046,34406,Eptesicus serotinus,0.166,0.256,-1,Echolocation,/mnt/ubna_data_01_mir/recover-20220722/UBNA_012/20220720_063000.WAV,Foliage,recover-20220722,012,1795
909.7025,909.7119,28046,35478,Eptesicus serotinus,0.141,0.254,-1,Echolocation,/mnt/ubna_data_01_mir/recover-20220722/UBNA_012/20220720_063000.WAV,Foliage,recover-20220722,012,1795
911.9305,911.9427,29765,33509,Eptesicus serotinus,0.124,0.268,-1,Echolocation,/mnt/ubna_data_01_mir/recover-20220722/UBNA_012/20220720_063000.WAV,Foliage,recover-20220722,012,1795
918.8785,918.8858,28046,35695,Eptesicus serotinus,0.095,0.217,-1,Echolocation,/mnt/ubna_data_01_mir/recover-20220722/UBNA_012/20220720_063000.WAV,Foliage,recover-20220722,012,1795
919.5975,919.6076,28046,34115,Eptesicus serotinus,0.145,0.231,-1,Echolocation,/mnt/ubna_data_01_mir/recover-20220722/UBNA_012/20220720_063000.WAV,Foliage,recover-20220722,012,1795
919.7295,919.7381,28906,35948,Eptesicus serotinus,0.168,0.252,-1,Echolocation,/mnt/ubna_data_01_mir/recover-20220722/UBNA_012/20220720_063000.WAV,Foliage,recover-20220722,012,1795
919.9255,919.9357,28906,34914,Eptesicus serotinus,0.13,0.209,-1,Echolocation,/mnt/ubna_data_01_mir/recover-20220722/UBNA_012/20220720_063000.WAV,Foliage,recover-20220722,012,1795
923.9235,923.9342,28046,34193,Eptesicus serotinus,0.13,0.208,-1,Echolocation,/mnt/ubna_data_01_mir/recover-20220722/UBNA_012/20220720_063000.WAV,Foliage,recover-20220722,012,1795
935.7205,935.7278,28046,36088,Eptesicus serotinus,0.231,0.366,-1,Echolocation,/mnt/ubna_data_01_mir/recover-20220722/UBNA_012/20220720_063000.WAV,Foliage,recover-20220722,012,1795
938.8015,938.8164,36640,40400,Pipistrellus nathusii,0.177,0.25,-1,Echolocation,/mnt/ubna_data_01_mir/recover-20220722/UBNA_012/20220720_063000.WAV,Foliage,recover-20220722,012,1795
940.3735,940.3804,27187,36410,Eptesicus serotinus,0.092,0.201,-1,Echolocation,/mnt/ubna_data_01_mir/recover-20220722/UBNA_012/20220720_063000.WAV,Foliage,recover-20220722,012,1795
941.8135,941.8248,28046,32773,Eptesicus serotinus,0.116,0.224,-1,Echolocation,/mnt/ubna_data_01_mir/recover-20220722/UBNA_012/20220720_063000.WAV,Foliage,recover-20220722,012,1795
949.2845,949.2962,28906,33728,Eptesicus serotinus,0.151,0.246,-1,Echolocation,/mnt/ubna_data_01_mir/recover-20220722/UBNA_012/20220720_063000.WAV,Foliage,recover-20220722,012,1795
949.8765,949.8878,28046,33810,Eptesicus serotinus,0.128,0.203,-1,Echolocation,/mnt/ubna_data_01_mir/recover-20220722/UBNA_012/20220720_063000.WAV,Foliage,recover-20220722,012,1795
950.2685,950.2829,29765,33710,Eptesicus serotinus,0.108,0.215,-1,Echolocation,/mnt/ubna_data_01_mir/recover-20220722/UBNA_012/20220720_063000.WAV,Foliage,recover-20220722,012,1795
957.9375,957.9465,27187,35736,Eptesicus serotinus,0.162,0.229,-1,Echolocation,/mnt/ubna_data_01_mir/recover-20220722/UBNA_012/20220720_063000.WAV,Foliage,recover-20220722,012,1795
963.5735,963.5807,28046,35716,Eptesicus serotinus,0.202,0.347,-1,Echolocation,/mnt/ubna_data_01_mir/recover-20220722/UBNA_012/20220720_063000.WAV,Foliage,recover-20220722,012,1795
968.7495,968.7578,28046,36167,Eptesicus serotinus,0.228,0.324,-1,Echolocation,/mnt/ubna_data_01_mir/recover-20220722/UBNA_012/20220720_063000.WAV,Foliage,recover-20220722,012,1795
970.6505,970.6615,28906,35286,Eptesicus serotinus,0.159,0.239,-1,Echolocation,/mnt/ubna_data_01_mir/recover-20220722/UBNA_012/20220720_063000.WAV,Foliage,recover-20220722,012,1795
974.9765,974.9866,28906,34508,Eptesicus serotinus,0.134,0.22,-1,Echolocation,/mnt/ubna_data_01_mir/recover-20220722/UBNA_012/20220720_063000.WAV,Foliage,recover-20220722,012,1795
975.6325,975.638,27187,38468,Plecotus auritus,0.103,0.206,-1,Echolocation,/mnt/ubna_data_01_mir/recover-20220722/UBNA_012/20220720_063000.WAV,Foliage,recover-20220722,012,1795
981.0705,981.0788,28046,37430,Eptesicus serotinus,0.192,0.283,-1,Echolocation,/mnt/ubna_data_01_mir/recover-20220722/UBNA_012/20220720_063000.WAV,Foliage,recover-20220722,012,1795
995.4225,995.4331,28046,34396,Eptesicus serotinus,0.154,0.217,-1,Echolocation,/mnt/ubna_data_01_mir/recover-20220722/UBNA_012/20220720_063000.WAV,Foliage,recover-20220722,012,1795
1004.8905,1004.9061,23750,28305,Nyctalus leisleri,0.147,0.245,-1,Echolocation,/mnt/ubna_data_01_mir/recover-20220722/UBNA_012/20220720_063000.WAV,Foliage,recover-20220722,012,1795
1007.4825,1007.492,28046,34275,Eptesicus serotinus,0.195,0.303,-1,Echolocation,/mnt/ubna_data_01_mir/recover-20220722/UBNA_012/20220720_063000.WAV,Foliage,recover-20220722,012,1795
1007.6135,1007.6213,28046,36270,Eptesicus serotinus,0.136,0.222,-1,Echolocation,/mnt/ubna_data_01_mir/recover-20220722/UBNA_012/20220720_063000.WAV,Foliage,recover-20220722,012,1795
1008.6615,1008.6712,28906,34637,Eptesicus serotinus,0.153,0.28,-1,Echolocation,/mnt/ubna_data_01_mir/recover-20220722/UBNA_012/20220720_063000.WAV,Foliage,recover-20220722,012,1795
1011.8735,1011.8823,28046,36055,Eptesicus serotinus,0.171,0.268,-1,Echolocation,/mnt/ubna_data_01_mir/recover-20220722/UBNA_012/20220720_063000.WAV,Foliage,recover-20220722,012,1795
1016.9195,1016.9271,28046,35448,Eptesicus serotinus,0.107,0.213,-1,Echolocation,/mnt/ubna_data_01_mir/recover-20220722/UBNA_012/20220720_063000.WAV,Foliage,recover-20220722,012,1795
1019.8675,1019.879,28906,34122,Eptesicus serotinus,0.153,0.227,-1,Echolocation,/mnt/ubna_data_01_mir/recover-20220722/UBNA_012/20220720_063000.WAV,Foliage,recover-20220722,012,1795
1020.5905,1020.5956,28046,38299,Plecotus auritus,0.122,0.234,-1,Echolocation,/mnt/ubna_data_01_mir/recover-20220722/UBNA_012/20220720_063000.WAV,Foliage,recover-20220722,012,1795
1026.4875,1026.5002,28906,32949,Nyctalus leisleri,0.131,0.292,-1,Echolocation,/mnt/ubna_data_01_mir/recover-20220722/UBNA_012/20220720_063000.WAV,Foliage,recover-20220722,012,1795
1030.4365,1030.4477,26328,32208,Nyctalus leisleri,0.101,0.222,-1,Echolocation,/mnt/ubna_data_01_mir/recover-20220722/UBNA_012/20220720_063000.WAV,Foliage,recover-20220722,012,1795
1031.0085,1031.0204,28906,33998,Eptesicus serotinus,0.15,0.273,-1,Echolocation,/mnt/ubna_data_01_mir/recover-20220722/UBNA_012/20220720_063000.WAV,Foliage,recover-20220722,012,1795
1033.4335,1033.4452,28046,33552,Eptesicus serotinus,0.156,0.261,-1,Echolocation,/mnt/ubna_data_01_mir/recover-20220722/UBNA_012/20220720_063000.WAV,Foliage,recover-20220722,012,1795
1035.3325,1035.3454,29765,33742,Eptesicus serotinus,0.116,0.256,-1,Echolocation,/mnt/ubna_data_01_mir/recover-20220722/UBNA_012/20220720_063000.WAV,Foliage,recover-20220722,012,1795
1037.7595,1037.7704,28906,33873,Eptesicus serotinus,0.135,0.261,-1,Echolocation,/mnt/ubna_data_01_mir/recover-20220722/UBNA_012/20220720_063000.WAV,Foliage,recover-20220722,012,1795
1046.6075,1046.6156,28046,35058,Eptesicus serotinus,0.173,0.294,-1,Echolocation,/mnt/ubna_data_01_mir/recover-20220722/UBNA_012/20220720_063000.WAV,Foliage,recover-20220722,012,1795
1058.8035,1058.8164,23750,28575,Nyctalus leisleri,0.175,0.299,-1,Echolocation,/mnt/ubna_data_01_mir/recover-20220722/UBNA_012/20220720_063000.WAV,Foliage,recover-20220722,012,1795
1058.8055,1058.8184,40078,44896,Pipistrellus nathusii,0.279,0.319,-1,Echolocation,/mnt/ubna_data_01_mir/recover-20220722/UBNA_012/20220720_063000.WAV,Foliage,recover-20220722,012,1795
1061.2875,1061.2958,28906,36596,Eptesicus serotinus,0.15,0.231,-1,Echolocation,/mnt/ubna_data_01_mir/recover-20220722/UBNA_012/20220720_063000.WAV,Foliage,recover-20220722,012,1795
1065.1195,1065.1357,23750,27328,Nyctalus leisleri,0.357,0.442,-1,Echolocation,/mnt/ubna_data_01_mir/recover-20220722/UBNA_012/20220720_063000.WAV,Foliage,recover-20220722,012,1795
1065.3965,1065.4172,22890,25960,Nyctalus leisleri,0.202,0.237,-1,Echolocation,/mnt/ubna_data_01_mir/recover-20220722/UBNA_012/20220720_063000.WAV,Foliage,recover-20220722,012,1795
1067.5975,1067.617,22890,26489,Nyctalus leisleri,0.195,0.244,-1,Echolocation,/mnt/ubna_data_01_mir/recover-20220722/UBNA_012/20220720_063000.WAV,Foliage,recover-20220722,012,1795
1069.3685,1069.3852,22890,26816,Nyctalus leisleri,0.213,0.298,-1,Echolocation,/mnt/ubna_data_01_mir/recover-20220722/UBNA_012/20220720_063000.WAV,Foliage,recover-20220722,012,1795
1071.5115,1071.5211,28046,34824,Eptesicus serotinus,0.223,0.349,-1,Echolocation,/mnt/ubna_data_01_mir/recover-20220722/UBNA_012/20220720_063000.WAV,Foliage,recover-20220722,012,1795
1073.8045,1073.8149,28906,34832,Eptesicus serotinus,0.157,0.252,-1,Echolocation,/mnt/ubna_data_01_mir/recover-20220722/UBNA_012/20220720_063000.WAV,Foliage,recover-20220722,012,1795
1106.3115,1106.3221,28906,34354,Eptesicus serotinus,0.097,0.208,-1,Echolocation,/mnt/ubna_data_01_mir/recover-20220722/UBNA_012/20220720_063000.WAV,Foliage,recover-20220722,012,1795
1123.6765,1123.6924,24609,27952,Nyctalus leisleri,0.452,0.524,-1,Echolocation,/mnt/ubna_data_01_mir/recover-20220722/UBNA_012/20220720_063000.WAV,Foliage,recover-20220722,012,1795
1124.2495,1124.2626,23750,28913,Nyctalus leisleri,0.324,0.482,-1,Echolocation,/mnt/ubna_data_01_mir/recover-20220722/UBNA_012/20220720_063000.WAV,Foliage,recover-20220722,012,1795
1125.0605,1125.0743,24609,29381,Nyctalus leisleri,0.19,0.337,-1,Echolocation,/mnt/ubna_data_01_mir/recover-20220722/UBNA_012/20220720_063000.WAV,Foliage,recover-20220722,012,1795
1129.9175,1129.9265,29765,35711,Eptesicus serotinus,0.115,0.21,-1,Echolocation,/mnt/ubna_data_01_mir/recover-20220722/UBNA_012/20220720_063000.WAV,Foliage,recover-20220722,012,1795
1132.5325,1132.5471,23750,29885,Nyctalus leisleri,0.367,0.555,-1,Echolocation,/mnt/ubna_data_01_mir/recover-20220722/UBNA_012/20220720_063000.WAV,Foliage,recover-20220722,012,1795
1137.7035,1137.7113,28906,35611,Eptesicus serotinus,0.164,0.292,-1,Echolocation,/mnt/ubna_data_01_mir/recover-20220722/UBNA_012/20220720_063000.WAV,Foliage,recover-20220722,012,1795
1138.4255,1138.4467,23750,28451,Nyctalus leisleri,0.263,0.343,-1,Echolocation,/mnt/ubna_data_01_mir/recover-20220722/UBNA_012/20220720_063000.WAV,Foliage,recover-20220722,012,1795
1138.6985,1138.7189,23750,26945,Nyctalus leisleri,0.393,0.448,-1,Echolocation,/mnt/ubna_data_01_mir/recover-20220722/UBNA_012/20220720_063000.WAV,Foliage,recover-20220722,012,1795
1139.6675,1139.6849,23750,27325,Nyctalus leisleri,0.166,0.213,-1,Echolocation,/mnt/ubna_data_01_mir/recover-20220722/UBNA_012/20220720_063000.WAV,Foliage,recover-20220722,012,1795
1143.6715,1143.6899,23750,27417,Nyctalus leisleri,0.297,0.362,-1,Echolocation,/mnt/ubna_data_01_mir/recover-20220722/UBNA_012/20220720_063000.WAV,Foliage,recover-20220722,012,1795
1144.9025,1144.9214,22890,26167,Nyctalus leisleri,0.21,0.249,-1,Echolocation,/mnt/ubna_data_01_mir/recover-20220722/UBNA_012/20220720_063000.WAV,Foliage,recover-20220722,012,1795
1150.2855,1150.2909,28046,39248,Plecotus auritus,0.186,0.374,-1,Echolocation,/mnt/ubna_data_01_mir/recover-20220722/UBNA_012/20220720_063000.WAV,Foliage,recover-20220722,012,1795
1152.6465,1152.6512,23750,36859,Plecotus austriacus,0.095,0.203,-1,Echolocation,/mnt/ubna_data_01_mir/recover-20220722/UBNA_012/20220720_063000.WAV,Foliage,recover-20220722,012,1795
1153.3805,1153.3949,23750,28302,Nyctalus leisleri,0.127,0.209,-1,Echolocation,/mnt/ubna_data_01_mir/recover-20220722/UBNA_012/20220720_063000.WAV,Foliage,recover-20220722,012,1795
1155.4625,1155.4735,28046,33939,Eptesicus serotinus,0.162,0.252,-1,Echolocation,/mnt/ubna_data_01_mir/recover-20220722/UBNA_012/20220720_063000.WAV,Foliage,recover-20220722,012,1795
1164.4905,1164.5076,23750,28160,Nyctalus leisleri,0.151,0.219,-1,Echolocation,/mnt/ubna_data_01_mir/recover-20220722/UBNA_012/20220720_063000.WAV,Foliage,recover-20220722,012,1795
1174.7055,1174.7204,32343,36050,Pipistrellus nathusii,0.102,0.22,-1,Echolocation,/mnt/ubna_data_01_mir/recover-20220722/UBNA_012/20220720_063000.WAV,Foliage,recover-20220722,012,1795
1175.8815,1175.8964,22890,26857,Nyctalus leisleri,0.23,0.316,-1,Echolocation,/mnt/ubna_data_01_mir/recover-20220722/UBNA_012/20220720_063000.WAV,Foliage,recover-20220722,012,1795
1176.3975,1176.4141,23750,27852,Nyctalus leisleri,0.216,0.285,-1,Echolocation,/mnt/ubna_data_01_mir/recover-20220722/UBNA_012/20220720_063000.WAV,Foliage,recover-20220722,012,1795
1182.3325,1182.3434,28906,34896,Eptesicus serotinus,0.131,0.212,-1,Echolocation,/mnt/ubna_data_01_mir/recover-20220722/UBNA_012/20220720_063000.WAV,Foliage,recover-20220722,012,1795
1188.0985,1188.1097,28906,34560,Eptesicus serotinus,0.155,0.23,-1,Echolocation,/mnt/ubna_data_01_mir/recover-20220722/UBNA_012/20220720_063000.WAV,Foliage,recover-20220722,012,1795
1188.5005,1188.5103,44375,48029,Pipistrellus pipistrellus,0.234,0.254,-1,Echolocation,/mnt/ubna_data_01_mir/recover-20220722/UBNA_012/20220720_063000.WAV,Foliage,recover-20220722,012,1795
1189.4805,1189.4911,31484,37790,Eptesicus serotinus,0.144,0.243,-1,Echolocation,/mnt/ubna_data_01_mir/recover-20220722/UBNA_012/20220720_063000.WAV,Foliage,recover-20220722,012,1795
1194.1335,1194.153,23750,27644,Nyctalus leisleri,0.199,0.262,-1,Echolocation,/mnt/ubna_data_01_mir/recover-20220722/UBNA_012/20220720_063000.WAV,Foliage,recover-20220722,012,1795
1197.7325,1197.7459,22890,27830,Nyctalus leisleri,0.225,0.354,-1,Echolocation,/mnt/ubna_data_01_mir/recover-20220722/UBNA_012/20220720_063000.WAV,Foliage,recover-20220722,012,1795
1198.0195,1198.0382,22890,26569,Nyctalus leisleri,0.134,0.204,-1,Echolocation,/mnt/ubna_data_01_mir/recover-20220722/UBNA_012/20220720_063000.WAV,Foliage,recover-20220722,012,1795
1198.0605,1198.0697,28906,36718,Eptesicus serotinus,0.218,0.312,-1,Echolocation,/mnt/ubna_data_01_mir/recover-20220722/UBNA_012/20220720_063000.WAV,Foliage,recover-20220722,012,1795
1200.3435,1200.3525,29765,37031,Eptesicus serotinus,0.153,0.243,-1,Echolocation,/mnt/ubna_data_01_mir/recover-20220722/UBNA_012/20220720_063000.WAV,Foliage,recover-20220722,012,1795
1208.1065,1208.124,23750,27697,Nyctalus leisleri,0.23,0.311,-1,Echolocation,/mnt/ubna_data_01_mir/recover-20220722/UBNA_012/20220720_063000.WAV,Foliage,recover-20220722,012,1795
1208.2185,1208.2297,28906,33720,Eptesicus serotinus,0.15,0.255,-1,Echolocation,/mnt/ubna_data_01_mir/recover-20220722/UBNA_012/20220720_063000.WAV,Foliage,recover-20220722,012,1795
1208.2645,1208.2822,23750,27957,Nyctalus leisleri,0.143,0.23,-1,Echolocation,/mnt/ubna_data_01_mir/recover-20220722/UBNA_012/20220720_063000.WAV,Foliage,recover-20220722,012,1795
1230.2385,1230.2493,28046,34798,Eptesicus serotinus,0.138,0.206,-1,Echolocation,/mnt/ubna_data_01_mir/recover-20220722/UBNA_012/20220720_063000.WAV,Foliage,recover-20220722,012,1795
1232.8615,1232.8698,28046,35303,Eptesicus serotinus,0.158,0.286,-1,Echolocation,/mnt/ubna_data_01_mir/recover-20220722/UBNA_012/20220720_063000.WAV,Foliage,recover-20220722,012,1795
1241.3805,1241.3895,28906,36465,Eptesicus serotinus,0.204,0.281,-1,Echolocation,/mnt/ubna_data_01_mir/recover-20220722/UBNA_012/20220720_063000.WAV,Foliage,recover-20220722,012,1795
1244.5825,1244.6016,24609,28293,Nyctalus leisleri,0.254,0.338,-1,Echolocation,/mnt/ubna_data_01_mir/recover-20220722/UBNA_012/20220720_063000.WAV,Foliage,recover-20220722,012,1795
1244.8535,1244.8657,24609,30611,Nyctalus leisleri,0.109,0.248,-1,Echolocation,/mnt/ubna_data_01_mir/recover-20220722/UBNA_012/20220720_063000.WAV,Foliage,recover-20220722,012,1795
1245.5565,1245.5717,24609,28110,Nyctalus leisleri,0.548,0.648,-1,Echolocation,/mnt/ubna_data_01_mir/recover-20220722/UBNA_012/20220720_063000.WAV,Foliage,recover-20220722,012,1795
1245.8295,1245.8446,24609,29923,Nyctalus leisleri,0.203,0.385,-1,Echolocation,/mnt/ubna_data_01_mir/recover-20220722/UBNA_012/20220720_063000.WAV,Foliage,recover-20220722,012,1795
1249.2665,1249.2813,25468,30215,Nyctalus leisleri,0.223,0.349,-1,Echolocation,/mnt/ubna_data_01_mir/recover-20220722/UBNA_012/20220720_063000.WAV,Foliage,recover-20220722,012,1795
1249.9185,1249.9352,23750,28559,Nyctalus leisleri,0.404,0.513,-1,Echolocation,/mnt/ubna_data_01_mir/recover-20220722/UBNA_012/20220720_063000.WAV,Foliage,recover-20220722,012,1795
1262.3515,1262.3605,28906,35991,Eptesicus serotinus,0.155,0.231,-1,Echolocation,/mnt/ubna_data_01_mir/recover-20220722/UBNA_012/20220720_063000.WAV,Foliage,recover-20220722,012,1795
1276.8525,1276.8651,23750,28577,Nyctalus leisleri,0.142,0.298,-1,Echolocation,/mnt/ubna_data_01_mir/recover-20220722/UBNA_012/20220720_063000.WAV,Foliage,recover-20220722,012,1795
1278.9175,1278.9318,25468,29971,Nyctalus leisleri,0.314,0.449,-1,Echolocation,/mnt/ubna_data_01_mir/recover-20220722/UBNA_012/20220720_063000.WAV,Foliage,recover-20220722,012,1795
1279.1605,1279.1731,24609,30192,Nyctalus leisleri,0.38,0.571,-1,Echolocation,/mnt/ubna_data_01_mir/recover-20220722/UBNA_012/20220720_063000.WAV,Foliage,recover-20220722,012,1795
1279.4165,1279.4314,23750,28328,Nyctalus leisleri,0.58,0.664,-1,Echolocation,/mnt/ubna_data_01_mir/recover-20220722/UBNA_012/20220720_063000.WAV,Foliage,recover-20220722,012,1795
1279.6825,1279.6984,22890,28144,Nyctalus leisleri,0.486,0.622,-1,Echolocation,/mnt/ubna_data_01_mir/recover-20220722/UBNA_012/20220720_063000.WAV,Foliage,recover-20220722,012,1795
1280.1965,1280.2136,22890,26007,Nyctalus leisleri,0.653,0.682,-1,Echolocation,/mnt/ubna_data_01_mir/recover-20220722/UBNA_012/20220720_063000.WAV,Foliage,recover-20220722,012,1795
1280.4685,1280.4842,23750,28369,Nyctalus leisleri,0.317,0.458,-1,Echolocation,/mnt/ubna_data_01_mir/recover-20220722/UBNA_012/20220720_063000.WAV,Foliage,recover-20220722,012,1795
1280.7315,1280.7455,23750,29467,Nyctalus leisleri,0.346,0.568,-1,Echolocation,/mnt/ubna_data_01_mir/recover-20220722/UBNA_012/20220720_063000.WAV,Foliage,recover-20220722,012,1795
1283.3255,1283.3425,23750,29385,Nyctalus leisleri,0.19,0.346,-1,Echolocation,/mnt/ubna_data_01_mir/recover-20220722/UBNA_012/20220720_063000.WAV,Foliage,recover-20220722,012,1795
1283.4815,1283.4999,23750,28041,Nyctalus leisleri,0.121,0.205,-1,Echolocation,/mnt/ubna_data_01_mir/recover-20220722/UBNA_012/20220720_063000.WAV,Foliage,recover-20220722,012,1795
1283.8495,1283.8708,22031,30596,Eptesicus serotinus,0.247,0.435,-1,Echolocation,/mnt/ubna_data_01_mir/recover-20220722/UBNA_012/20220720_063000.WAV,Foliage,recover-20220722,012,1795
1284.2475,1284.2606,25468,31362,Nyctalus leisleri,0.242,0.438,-1,Echolocation,/mnt/ubna_data_01_mir/recover-20220722/UBNA_012/20220720_063000.WAV,Foliage,recover-20220722,012,1795
1284.5705,1284.582,25468,31833,Nyctalus leisleri,0.347,0.536,-1,Echolocation,/mnt/ubna_data_01_mir/recover-20220722/UBNA_012/20220720_063000.WAV,Foliage,recover-20220722,012,1795
1284.7615,1284.7782,23750,28275,Nyctalus leisleri,0.204,0.345,-1,Echolocation,/mnt/ubna_data_01_mir/recover-20220722/UBNA_012/20220720_063000.WAV,Foliage,recover-20220722,012,1795
1284.9545,1284.9776,23750,28692,Nyctalus leisleri,0.186,0.311,-1,Echolocation,/mnt/ubna_data_01_mir/recover-20220722/UBNA_012/20220720_063000.WAV,Foliage,recover-20220722,012,1795
1286.6135,1286.6298,22890,26754,Nyctalus leisleri,0.525,0.58,-1,Echolocation,/mnt/ubna_data_01_mir/recover-20220722/UBNA_012/20220720_063000.WAV,Foliage,recover-20220722,012,1795
1286.7595,1286.7721,23750,29732,Nyctalus leisleri,0.474,0.65,-1,Echolocation,/mnt/ubna_data_01_mir/recover-20220722/UBNA_012/20220720_063000.WAV,Foliage,recover-20220722,012,1795
1286.9205,1286.9313,24609,32283,Eptesicus serotinus,0.331,0.622,-1,Echolocation,/mnt/ubna_data_01_mir/recover-20220722/UBNA_012/20220720_063000.WAV,Foliage,recover-20220722,012,1795
1287.1755,1287.1973,23750,27733,Nyctalus leisleri,0.14,0.217,-1,Echolocation,/mnt/ubna_data_01_mir/recover-20220722/UBNA_012/20220720_063000.WAV,Foliage,recover-20220722,012,1795
1288.4345,1288.4447,28046,34416,Eptesicus serotinus,0.141,0.218,-1,Echolocation,/mnt/ubna_data_01_mir/recover-20220722/UBNA_012/20220720_063000.WAV,Foliage,recover-20220722,012,1795
1289.4195,1289.4301,24609,30243,Nyctalus leisleri,0.325,0.519,-1,Echolocation,/mnt/ubna_data_01_mir/recover-20220722/UBNA_012/20220720_063000.WAV,Foliage,recover-20220722,012,1795
1290.2715,1290.2785,28046,36384,Eptesicus serotinus,0.12,0.215,-1,Echolocation,/mnt/ubna_data_01_mir/recover-20220722/UBNA_012/20220720_063000.WAV,Foliage,recover-20220722,012,1795
1290.5325,1290.5438,28906,34852,Eptesicus serotinus,0.142,0.205,-1,Echolocation,/mnt/ubna_data_01_mir/recover-20220722/UBNA_012/20220720_063000.WAV,Foliage,recover-20220722,012,1795
1291.1415,1291.1626,23750,28468,Nyctalus leisleri,0.12,0.223,-1,Echolocation,/mnt/ubna_data_01_mir/recover-20220722/UBNA_012/20220720_063000.WAV,Foliage,recover-20220722,012,1795
1292.5785,1292.5917,24609,28782,Nyctalus leisleri,0.153,0.273,-1,Echolocation,/mnt/ubna_data_01_mir/recover-20220722/UBNA_012/20220720_063000.WAV,Foliage,recover-20220722,012,1795
1302.9835,1302.9949,28906,33844,Eptesicus serotinus,0.128,0.24,-1,Echolocation,/mnt/ubna_data_01_mir/recover-20220722/UBNA_012/20220720_063000.WAV,Foliage,recover-20220722,012,1795
1303.1865,1303.2055,22890,26756,Nyctalus leisleri,0.343,0.411,-1,Echolocation,/mnt/ubna_data_01_mir/recover-20220722/UBNA_012/20220720_063000.WAV,Foliage,recover-20220722,012,1795
1303.4415,1303.4591,22890,26699,Nyctalus leisleri,0.424,0.477,-1,Echolocation,/mnt/ubna_data_01_mir/recover-20220722/UBNA_012/20220720_063000.WAV,Foliage,recover-20220722,012,1795
1303.6385,1303.6473,28046,35273,Eptesicus serotinus,0.121,0.215,-1,Echolocation,/mnt/ubna_data_01_mir/recover-20220722/UBNA_012/20220720_063000.WAV,Foliage,recover-20220722,012,1795
1303.6955,1303.7084,23750,28105,Nyctalus leisleri,0.532,0.643,-1,Echolocation,/mnt/ubna_data_01_mir/recover-20220722/UBNA_012/20220720_063000.WAV,Foliage,recover-20220722,012,1795
1303.9485,1303.9646,22890,27443,Nyctalus leisleri,0.565,0.652,-1,Echolocation,/mnt/ubna_data_01_mir/recover-20220722/UBNA_012/20220720_063000.WAV,Foliage,recover-20220722,012,1795
1304.2015,1304.2192,22890,27572,Nyctalus leisleri,0.291,0.413,-1,Echolocation,/mnt/ubna_data_01_mir/recover-20220722/UBNA_012/20220720_063000.WAV,Foliage,recover-20220722,012,1795
1304.4505,1304.4701,22890,26548,Nyctalus leisleri,0.279,0.343,-1,Echolocation,/mnt/ubna_data_01_mir/recover-20220722/UBNA_012/20220720_063000.WAV,Foliage,recover-20220722,012,1795
1304.7075,1304.7251,22890,26466,Nyctalus leisleri,0.662,0.698,-1,Echolocation,/mnt/ubna_data_01_mir/recover-20220722/UBNA_012/20220720_063000.WAV,Foliage,recover-20220722,012,1795
1304.9705,1304.9875,22031,26311,Nyctalus leisleri,0.66,0.695,-1,Echolocation,/mnt/ubna_data_01_mir/recover-20220722/UBNA_012/20220720_063000.WAV,Foliage,recover-20220722,012,1795
1305.2295,1305.2476,22031,25825,Nyctalus leisleri,0.637,0.681,-1,Echolocation,/mnt/ubna_data_01_mir/recover-20220722/UBNA_012/20220720_063000.WAV,Foliage,recover-20220722,012,1795
1305.4895,1305.5049,22890,27406,Nyctalus leisleri,0.201,0.285,-1,Echolocation,/mnt/ubna_data_01_mir/recover-20220722/UBNA_012/20220720_063000.WAV,Foliage,recover-20220722,012,1795
1305.7515,1305.7693,22031,25965,Nyctalus leisleri,0.606,0.656,-1,Echolocation,/mnt/ubna_data_01_mir/recover-20220722/UBNA_012/20220720_063000.WAV,Foliage,recover-20220722,012,1795
1305.8805,1305.8928,24609,29570,Nyctalus leisleri,0.159,0.28,-1,Echolocation,/mnt/ubna_data_01_mir/recover-20220722/UBNA_012/20220720_063000.WAV,Foliage,recover-20220722,012,1795
1306.0175,1306.0328,22890,27184,Nyctalus leisleri,0.344,0.464,-1,Echolocation,/mnt/ubna_data_01_mir/recover-20220722/UBNA_012/20220720_063000.WAV,Foliage,recover-20220722,012,1795
1306.5285,1306.5454,22031,26751,Nyctalus leisleri,0.636,0.695,-1,Echolocation,/mnt/ubna_data_01_mir/recover-20220722/UBNA_012/20220720_063000.WAV,Foliage,recover-20220722,012,1795
1306.7925,1306.8076,22031,26416,Nyctalus leisleri,0.119,0.226,-1,Echolocation,/mnt/ubna_data_01_mir/recover-20220722/UBNA_012/20220720_063000.WAV,Foliage,recover-20220722,012,1795
1307.0875,1307.1042,22031,25914,Nyctalus leisleri,0.442,0.527,-1,Echolocation,/mnt/ubna_data_01_mir/recover-20220722/UBNA_012/20220720_063000.WAV,Foliage,recover-20220722,012,1795
1307.6235,1307.6425,23750,27279,Nyctalus leisleri,0.17,0.214,-1,Echolocation,/mnt/ubna_data_01_mir/recover-20220722/UBNA_012/20220720_063000.WAV,Foliage,recover-20220722,012,1795
1308.1565,1308.171,22890,26836,Nyctalus leisleri,0.406,0.493,-1,Echolocation,/mnt/ubna_data_01_mir/recover-20220722/UBNA_012/20220720_063000.WAV,Foliage,recover-20220722,012,1795
1308.9475,1308.9579,28906,36038,Eptesicus serotinus,0.128,0.2,-1,Echolocation,/mnt/ubna_data_01_mir/recover-20220722/UBNA_012/20220720_063000.WAV,Foliage,recover-20220722,012,1795
1319.6295,1319.6408,27187,33843,Eptesicus serotinus,0.156,0.235,-1,Echolocation,/mnt/ubna_data_01_mir/recover-20220722/UBNA_012/20220720_063000.WAV,Foliage,recover-20220722,012,1795
1324.0375,1324.0422,46953,54397,Pipistrellus pipistrellus,0.226,0.24,-1,Echolocation,/mnt/ubna_data_01_mir/recover-20220722/UBNA_012/20220720_063000.WAV,Foliage,recover-20220722,012,1795
1329.5415,1329.5573,23750,28275,Nyctalus leisleri,0.259,0.343,-1,Echolocation,/mnt/ubna_data_01_mir/recover-20220722/UBNA_012/20220720_063000.WAV,Foliage,recover-20220722,012,1795
1342.6975,1342.7077,28046,34698,Eptesicus serotinus,0.257,0.4,-1,Echolocation,/mnt/ubna_data_01_mir/recover-20220722/UBNA_012/20220720_063000.WAV,Foliage,recover-20220722,012,1795
1345.9095,1345.9196,28046,34142,Eptesicus serotinus,0.188,0.287,-1,Echolocation,/mnt/ubna_data_01_mir/recover-20220722/UBNA_012/20220720_063000.WAV,Foliage,recover-20220722,012,1795
1352.2015,1352.2107,27187,34246,Eptesicus serotinus,0.206,0.334,-1,Echolocation,/mnt/ubna_data_01_mir/recover-20220722/UBNA_012/20220720_063000.WAV,Foliage,recover-20220722,012,1795
1365.2435,1365.2544,28046,35306,Eptesicus serotinus,0.185,0.239,-1,Echolocation,/mnt/ubna_data_01_mir/recover-20220722/UBNA_012/20220720_063000.WAV,Foliage,recover-20220722,012,1795
1366.0955,1366.1037,28046,34777,Eptesicus serotinus,0.143,0.246,-1,Echolocation,/mnt/ubna_data_01_mir/recover-20220722/UBNA_012/20220720_063000.WAV,Foliage,recover-20220722,012,1795
1386.9455,1386.9583,36640,40699,Pipistrellus nathusii,0.183,0.257,-1,Echolocation,/mnt/ubna_data_01_mir/recover-20220722/UBNA_012/20220720_063000.WAV,Foliage,recover-20220722,012,1795
1397.0895,1397.1069,30625,34523,Eptesicus serotinus,0.074,0.205,-1,Echolocation,/mnt/ubna_data_01_mir/recover-20220722/UBNA_012/20220720_063000.WAV,Foliage,recover-20220722,012,1795
1398.1425,1398.1523,28906,35033,Eptesicus serotinus,0.189,0.311,-1,Echolocation,/mnt/ubna_data_01_mir/recover-20220722/UBNA_012/20220720_063000.WAV,Foliage,recover-20220722,012,1795
1398.3385,1398.3507,28906,34365,Eptesicus serotinus,0.135,0.21,-1,Echolocation,/mnt/ubna_data_01_mir/recover-20220722/UBNA_012/20220720_063000.WAV,Foliage,recover-20220722,012,1795
1403.1235,1403.1322,27187,35180,Eptesicus serotinus,0.137,0.225,-1,Echolocation,/mnt/ubna_data_01_mir/recover-20220722/UBNA_012/20220720_063000.WAV,Foliage,recover-20220722,012,1795
1408.7585,1408.7704,28046,33640,Eptesicus serotinus,0.129,0.203,-1,Echolocation,/mnt/ubna_data_01_mir/recover-20220722/UBNA_012/20220720_063000.WAV,Foliage,recover-20220722,012,1795
1410.8565,1410.8664,28906,34434,Eptesicus serotinus,0.112,0.205,-1,Echolocation,/mnt/ubna_data_01_mir/recover-20220722/UBNA_012/20220720_063000.WAV,Foliage,recover-20220722,012,1795
1415.5085,1415.5189,28906,34743,Eptesicus serotinus,0.172,0.272,-1,Echolocation,/mnt/ubna_data_01_mir/recover-20220722/UBNA_012/20220720_063000.WAV,Foliage,recover-20220722,012,1795
1415.5905,1415.5969,34062,42520,Eptesicus serotinus,0.094,0.225,-1,Echolocation,/mnt/ubna_data_01_mir/recover-20220722/UBNA_012/20220720_063000.WAV,Foliage,recover-20220722,012,1795
1416.2285,1416.2427,29765,33495,Eptesicus serotinus,0.107,0.231,-1,Echolocation,/mnt/ubna_data_01_mir/recover-20220722/UBNA_012/20220720_063000.WAV,Foliage,recover-20220722,012,1795
1420.4245,1420.4351,28906,34447,Eptesicus serotinus,0.14,0.212,-1,Echolocation,/mnt/ubna_data_01_mir/recover-20220722/UBNA_012/20220720_063000.WAV,Foliage,recover-20220722,012,1795
1425.0265,1425.0334,40937,46384,Pipistrellus nathusii,0.418,0.441,-1,Echolocation,/mnt/ubna_data_01_mir/recover-20220722/UBNA_012/20220720_063000.WAV,Foliage,recover-20220722,012,1795
1425.1655,1425.1725,40937,47268,Pipistrellus nathusii,0.532,0.582,-1,Echolocation,/mnt/ubna_data_01_mir/recover-20220722/UBNA_012/20220720_063000.WAV,Foliage,recover-20220722,012,1795
1425.2695,1425.2767,40078,45216,Pipistrellus nathusii,0.289,0.339,-1,Echolocation,/mnt/ubna_data_01_mir/recover-20220722/UBNA_012/20220720_063000.WAV,Foliage,recover-20220722,012,1795
1425.4705,1425.479,40078,44805,Pipistrellus nathusii,0.395,0.423,-1,Echolocation,/mnt/ubna_data_01_mir/recover-20220722/UBNA_012/20220720_063000.WAV,Foliage,recover-20220722,012,1795
1425.5685,1425.5772,40078,44912,Pipistrellus nathusii,0.296,0.323,-1,Echolocation,/mnt/ubna_data_01_mir/recover-20220722/UBNA_012/20220720_063000.WAV,Foliage,recover-20220722,012,1795
1426.2575,1426.2665,28906,35631,Eptesicus serotinus,0.142,0.221,-1,Echolocation,/mnt/ubna_data_01_mir/recover-20220722/UBNA_012/20220720_063000.WAV,Foliage,recover-20220722,012,1795
1426.9785,1426.9885,28046,34820,Eptesicus serotinus,0.136,0.22,-1,Echolocation,/mnt/ubna_data_01_mir/recover-20220722/UBNA_012/20220720_063000.WAV,Foliage,recover-20220722,012,1795
1427.3715,1427.3813,28906,35956,Eptesicus serotinus,0.152,0.222,-1,Echolocation,/mnt/ubna_data_01_mir/recover-20220722/UBNA_012/20220720_063000.WAV,Foliage,recover-20220722,012,1795
1427.8585,1427.8674,40937,45845,Pipistrellus nathusii,0.174,0.218,-1,Echolocation,/mnt/ubna_data_01_mir/recover-20220722/UBNA_012/20220720_063000.WAV,Foliage,recover-20220722,012,1795
1430.5165,1430.5287,28906,34554,Eptesicus serotinus,0.133,0.207,-1,Echolocation,/mnt/ubna_data_01_mir/recover-20220722/UBNA_012/20220720_063000.WAV,Foliage,recover-20220722,012,1795
1435.1045,1435.1124,28906,35845,Eptesicus serotinus,0.165,0.272,-1,Echolocation,/mnt/ubna_data_01_mir/recover-20220722/UBNA_012/20220720_063000.WAV,Foliage,recover-20220722,012,1795
1435.5625,1435.5728,28046,34744,Eptesicus serotinus,0.166,0.243,-1,Echolocation,/mnt/ubna_data_01_mir/recover-20220722/UBNA_012/20220720_063000.WAV,Foliage,recover-20220722,012,1795
1445.8525,1445.8608,27187,34320,Eptesicus serotinus,0.177,0.272,-1,Echolocation,/mnt/ubna_data_01_mir/recover-20220722/UBNA_012/20220720_063000.WAV,Foliage,recover-20220722,012,1795
1446.3115,1446.321,28906,36054,Eptesicus serotinus,0.178,0.255,-1,Echolocation,/mnt/ubna_data_01_mir/recover-20220722/UBNA_012/20220720_063000.WAV,Foliage,recover-20220722,012,1795
1448.7355,1448.744,28046,34558,Eptesicus serotinus,0.201,0.302,-1,Echolocation,/mnt/ubna_data_01_mir/recover-20220722/UBNA_012/20220720_063000.WAV,Foliage,recover-20220722,012,1795
1451.8815,1451.8916,28906,36074,Eptesicus serotinus,0.162,0.227,-1,Echolocation,/mnt/ubna_data_01_mir/recover-20220722/UBNA_012/20220720_063000.WAV,Foliage,recover-20220722,012,1795
1472.4595,1472.4703,28046,34300,Eptesicus serotinus,0.151,0.237,-1,Echolocation,/mnt/ubna_data_01_mir/recover-20220722/UBNA_012/20220720_063000.WAV,Foliage,recover-20220722,012,1795
1475.1465,1475.1574,28046,35037,Eptesicus serotinus,0.155,0.217,-1,Echolocation,/mnt/ubna_data_01_mir/recover-20220722/UBNA_012/20220720_063000.WAV,Foliage,recover-20220722,012,1795
1477.1785,1477.1887,28046,34417,Eptesicus serotinus,0.158,0.237,-1,Echolocation,/mnt/ubna_data_01_mir/recover-20220722/UBNA_012/20220720_063000.WAV,Foliage,recover-20220722,012,1795
1478.0975,1478.1077,29765,34978,Eptesicus serotinus,0.138,0.231,-1,Echolocation,/mnt/ubna_data_01_mir/recover-20220722/UBNA_012/20220720_063000.WAV,Foliage,recover-20220722,012,1795
1480.3895,1480.3991,28046,36643,Eptesicus serotinus,0.159,0.211,-1,Echolocation,/mnt/ubna_data_01_mir/recover-20220722/UBNA_012/20220720_063000.WAV,Foliage,recover-20220722,012,1795
1482.2905,1482.2999,28906,34832,Eptesicus serotinus,0.175,0.278,-1,Echolocation,/mnt/ubna_data_01_mir/recover-20220722/UBNA_012/20220720_063000.WAV,Foliage,recover-20220722,012,1795
1483.2745,1483.2832,28046,35004,Eptesicus serotinus,0.137,0.243,-1,Echolocation,/mnt/ubna_data_01_mir/recover-20220722/UBNA_012/20220720_063000.WAV,Foliage,recover-20220722,012,1795
1490.9405,1490.9524,28906,35067,Eptesicus serotinus,0.158,0.249,-1,Echolocation,/mnt/ubna_data_01_mir/recover-20220722/UBNA_012/20220720_063000.WAV,Foliage,recover-20220722,012,1795
1499.7225,1499.7335,28906,34409,Eptesicus serotinus,0.121,0.208,-1,Echolocation,/mnt/ubna_data_01_mir/recover-20220722/UBNA_012/20220720_063000.WAV,Foliage,recover-20220722,012,1795
1503.2615,1503.274,28906,33915,Eptesicus serotinus,0.139,0.227,-1,Echolocation,/mnt/ubna_data_01_mir/recover-20220722/UBNA_012/20220720_063000.WAV,Foliage,recover-20220722,012,1795
1505.7035,1505.7167,23750,28264,Nyctalus leisleri,0.266,0.357,-1,Echolocation,/mnt/ubna_data_01_mir/recover-20220722/UBNA_012/20220720_063000.WAV,Foliage,recover-20220722,012,1795
1506.6695,1506.6798,28046,35166,Eptesicus serotinus,0.168,0.247,-1,Echolocation,/mnt/ubna_data_01_mir/recover-20220722/UBNA_012/20220720_063000.WAV,Foliage,recover-20220722,012,1795
1513.5515,1513.5592,28046,36041,Eptesicus serotinus,0.115,0.201,-1,Echolocation,/mnt/ubna_data_01_mir/recover-20220722/UBNA_012/20220720_063000.WAV,Foliage,recover-20220722,012,1795
1526.1995,1526.2082,28046,34810,Eptesicus serotinus,0.217,0.338,-1,Echolocation,/mnt/ubna_data_01_mir/recover-20220722/UBNA_012/20220720_063000.WAV,Foliage,recover-20220722,012,1795
1527.9035,1527.9132,28046,34787,Eptesicus serotinus,0.146,0.239,-1,Echolocation,/mnt/ubna_data_01_mir/recover-20220722/UBNA_012/20220720_063000.WAV,Foliage,recover-20220722,012,1795
1531.2465,1531.256,28046,34468,Eptesicus serotinus,0.199,0.313,-1,Echolocation,/mnt/ubna_data_01_mir/recover-20220722/UBNA_012/20220720_063000.WAV,Foliage,recover-20220722,012,1795
1531.6395,1531.6476,27187,37390,Eptesicus serotinus,0.147,0.232,-1,Echolocation,/mnt/ubna_data_01_mir/recover-20220722/UBNA_012/20220720_063000.WAV,Foliage,recover-20220722,012,1795
1533.4755,1533.4804,27187,39928,Plecotus auritus,0.117,0.228,-1,Echolocation,/mnt/ubna_data_01_mir/recover-20220722/UBNA_012/20220720_063000.WAV,Foliage,recover-20220722,012,1795
1539.1115,1539.1194,28046,35792,Eptesicus serotinus,0.097,0.201,-1,Echolocation,/mnt/ubna_data_01_mir/recover-20220722/UBNA_012/20220720_063000.WAV,Foliage,recover-20220722,012,1795
1540.4845,1540.4942,29765,36021,Eptesicus serotinus,0.17,0.277,-1,Echolocation,/mnt/ubna_data_01_mir/recover-20220722/UBNA_012/20220720_063000.WAV,Foliage,recover-20220722,012,1795
1544.8765,1544.8886,28906,34361,Eptesicus serotinus,0.138,0.211,-1,Echolocation,/mnt/ubna_data_01_mir/recover-20220722/UBNA_012/20220720_063000.WAV,Foliage,recover-20220722,012,1795
1544.9435,1544.9521,28046,35141,Eptesicus serotinus,0.116,0.208,-1,Echolocation,/mnt/ubna_data_01_mir/recover-20220722/UBNA_012/20220720_063000.WAV,Foliage,recover-20220722,012,1795
1549.3225,1549.3469,16875,19749,Nyctalus noctula,0.155,0.207,-1,Echolocation,/mnt/ubna_data_01_mir/recover-20220722/UBNA_012/20220720_063000.WAV,Foliage,recover-20220722,012,1795
1561.7195,1561.7305,28906,35295,Eptesicus serotinus,0.143,0.21,-1,Echolocation,/mnt/ubna_data_01_mir/recover-20220722/UBNA_012/20220720_063000.WAV,Foliage,recover-20220722,012,1795
1564.3415,1564.3496,28046,36237,Eptesicus serotinus,0.178,0.292,-1,Echolocation,/mnt/ubna_data_01_mir/recover-20220722/UBNA_012/20220720_063000.WAV,Foliage,recover-20220722,012,1795
1568.4835,1568.4995,24609,29284,Nyctalus leisleri,0.149,0.243,-1,Echolocation,/mnt/ubna_data_01_mir/recover-20220722/UBNA_012/20220720_063000.WAV,Foliage,recover-20220722,012,1795
1569.7865,1569.8044,23750,28207,Nyctalus leisleri,0.264,0.352,-1,Echolocation,/mnt/ubna_data_01_mir/recover-20220722/UBNA_012/20220720_063000.WAV,Foliage,recover-20220722,012,1795
1570.6615,1570.6786,23750,27885,Nyctalus leisleri,0.269,0.356,-1,Echolocation,/mnt/ubna_data_01_mir/recover-20220722/UBNA_012/20220720_063000.WAV,Foliage,recover-20220722,012,1795
1572.7295,1572.7403,28046,35179,Eptesicus serotinus,0.163,0.231,-1,Echolocation,/mnt/ubna_data_01_mir/recover-20220722/UBNA_012/20220720_063000.WAV,Foliage,recover-20220722,012,1795
1575.1125,1575.1363,23750,27570,Nyctalus leisleri,0.139,0.204,-1,Echolocation,/mnt/ubna_data_01_mir/recover-20220722/UBNA_012/20220720_063000.WAV,Foliage,recover-20220722,012,1795
1576.9945,1577.0079,24609,30113,Nyctalus leisleri,0.095,0.204,-1,Echolocation,/mnt/ubna_data_01_mir/recover-20220722/UBNA_012/20220720_063000.WAV,Foliage,recover-20220722,012,1795
1577.9725,1577.9837,28906,35443,Eptesicus serotinus,0.156,0.234,-1,Echolocation,/mnt/ubna_data_01_mir/recover-20220722/UBNA_012/20220720_063000.WAV,Foliage,recover-20220722,012,1795
1579.0215,1579.0312,28906,35568,Eptesicus serotinus,0.143,0.237,-1,Echolocation,/mnt/ubna_data_01_mir/recover-20220722/UBNA_012/20220720_063000.WAV,Foliage,recover-20220722,012,1795
1580.9295,1580.9445,23750,27574,Nyctalus leisleri,0.386,0.486,-1,Echolocation,/mnt/ubna_data_01_mir/recover-20220722/UBNA_012/20220720_063000.WAV,Foliage,recover-20220722,012,1795
1582.8235,1582.8311,28906,36667,Eptesicus serotinus,0.149,0.255,-1,Echolocation,/mnt/ubna_data_01_mir/recover-20220722/UBNA_012/20220720_063000.WAV,Foliage,recover-20220722,012,1795
1591.0035,1591.0207,23750,28375,Nyctalus leisleri,0.281,0.403,-1,Echolocation,/mnt/ubna_data_01_mir/recover-20220722/UBNA_012/20220720_063000.WAV,Foliage,recover-20220722,012,1795
1591.6325,1591.6481,23750,27777,Nyctalus leisleri,0.132,0.2,-1,Echolocation,/mnt/ubna_data_01_mir/recover-20220722/UBNA_012/20220720_063000.WAV,Foliage,recover-20220722,012,1795
1592.0135,1592.0314,22031,26389,Nyctalus leisleri,0.247,0.355,-1,Echolocation,/mnt/ubna_data_01_mir/recover-20220722/UBNA_012/20220720_063000.WAV,Foliage,recover-20220722,012,1795
1593.9845,1593.9978,24609,29730,Nyctalus leisleri,0.174,0.296,-1,Echolocation,/mnt/ubna_data_01_mir/recover-20220722/UBNA_012/20220720_063000.WAV,Foliage,recover-20220722,012,1795
1594.5555,1594.5733,22890,27663,Nyctalus leisleri,0.198,0.298,-1,Echolocation,/mnt/ubna_data_01_mir/recover-20220722/UBNA_012/20220720_063000.WAV,Foliage,recover-20220722,012,1795
1594.9875,1595.0047,23750,27837,Nyctalus leisleri,0.171,0.278,-1,Echolocation,/mnt/ubna_data_01_mir/recover-20220722/UBNA_012/20220720_063000.WAV,Foliage,recover-20220722,012,1795
1595.0415,1595.0565,23750,28060,Nyctalus leisleri,0.56,0.655,-1,Echolocation,/mnt/ubna_data_01_mir/recover-20220722/UBNA_012/20220720_063000.WAV,Foliage,recover-20220722,012,1795
1595.4155,1595.4339,22890,27850,Nyctalus leisleri,0.299,0.418,-1,Echolocation,/mnt/ubna_data_01_mir/recover-20220722/UBNA_012/20220720_063000.WAV,Foliage,recover-20220722,012,1795
1595.5215,1595.5415,22890,27605,Nyctalus leisleri,0.277,0.398,-1,Echolocation,/mnt/ubna_data_01_mir/recover-20220722/UBNA_012/20220720_063000.WAV,Foliage,recover-20220722,012,1795
1595.6655,1595.6769,22890,30064,Nyctalus noctula,0.091,0.279,-1,Echolocation,/mnt/ubna_data_01_mir/recover-20220722/UBNA_012/20220720_063000.WAV,Foliage,recover-20220722,012,1795
1595.9115,1595.9269,23750,28179,Nyctalus leisleri,0.228,0.331,-1,Echolocation,/mnt/ubna_data_01_mir/recover-20220722/UBNA_012/20220720_063000.WAV,Foliage,recover-20220722,012,1795
1596.1615,1596.1766,22890,27783,Nyctalus leisleri,0.413,0.527,-1,Echolocation,/mnt/ubna_data_01_mir/recover-20220722/UBNA_012/20220720_063000.WAV,Foliage,recover-20220722,012,1795
1596.4065,1596.421,22890,28365,Nyctalus leisleri,0.414,0.606,-1,Echolocation,/mnt/ubna_data_01_mir/recover-20220722/UBNA_012/20220720_063000.WAV,Foliage,recover-20220722,012,1795
1596.7825,1596.7995,22031,26689,Nyctalus leisleri,0.578,0.635,-1,Echolocation,/mnt/ubna_data_01_mir/recover-20220722/UBNA_012/20220720_063000.WAV,Foliage,recover-20220722,012,1795
1597.0265,1597.0429,22890,27236,Nyctalus leisleri,0.407,0.566,-1,Echolocation,/mnt/ubna_data_01_mir/recover-20220722/UBNA_012/20220720_063000.WAV,Foliage,recover-20220722,012,1795
1597.2875,1597.3051,22890,27297,Nyctalus leisleri,0.383,0.558,-1,Echolocation,/mnt/ubna_data_01_mir/recover-20220722/UBNA_012/20220720_063000.WAV,Foliage,recover-20220722,012,1795
1597.5385,1597.555,22890,26892,Nyctalus leisleri,0.483,0.618,-1,Echolocation,/mnt/ubna_data_01_mir/recover-20220722/UBNA_012/20220720_063000.WAV,Foliage,recover-20220722,012,1795
1597.7955,1597.8105,22890,27203,Nyctalus leisleri,0.565,0.681,-1,Echolocation,/mnt/ubna_data_01_mir/recover-20220722/UBNA_012/20220720_063000.WAV,Foliage,recover-20220722,012,1795
1598.0445,1598.062,22890,27286,Nyctalus leisleri,0.494,0.633,-1,Echolocation,/mnt/ubna_data_01_mir/recover-20220722/UBNA_012/20220720_063000.WAV,Foliage,recover-20220722,012,1795
1598.3005,1598.3167,22890,27718,Nyctalus leisleri,0.491,0.6,-1,Echolocation,/mnt/ubna_data_01_mir/recover-20220722/UBNA_012/20220720_063000.WAV,Foliage,recover-20220722,012,1795
1598.5585,1598.5753,22890,27111,Nyctalus leisleri,0.647,0.703,-1,Echolocation,/mnt/ubna_data_01_mir/recover-20220722/UBNA_012/20220720_063000.WAV,Foliage,recover-20220722,012,1795
1598.8065,1598.8237,22890,27212,Nyctalus leisleri,0.258,0.368,-1,Echolocation,/mnt/ubna_data_01_mir/recover-20220722/UBNA_012/20220720_063000.WAV,Foliage,recover-20220722,012,1795
1599.0525,1599.0716,22890,27064,Nyctalus leisleri,0.27,0.352,-1,Echolocation,/mnt/ubna_data_01_mir/recover-20220722/UBNA_012/20220720_063000.WAV,Foliage,recover-20220722,012,1795
1599.2995,1599.3152,22890,28014,Nyctalus leisleri,0.436,0.625,-1,Echolocation,/mnt/ubna_data_01_mir/recover-20220722/UBNA_012/20220720_063000.WAV,Foliage,recover-20220722,012,1795
1599.5555,1599.5716,22890,27463,Nyctalus leisleri,0.344,0.455,-1,Echolocation,/mnt/ubna_data_01_mir/recover-20220722/UBNA_012/20220720_063000.WAV,Foliage,recover-20220722,012,1795
1599.8145,1599.83,22890,28341,Nyctalus leisleri,0.401,0.633,-1,Echolocation,/mnt/ubna_data_01_mir/recover-20220722/UBNA_012/20220720_063000.WAV,Foliage,recover-20220722,012,1795
1600.0835,1600.102,22890,26974,Nyctalus leisleri,0.451,0.551,-1,Echolocation,/mnt/ubna_data_01_mir/recover-20220722/UBNA_012/20220720_063000.WAV,Foliage,recover-20220722,012,1795
1600.3395,1600.3565,22890,27308,Nyctalus leisleri,0.463,0.631,-1,Echolocation,/mnt/ubna_data_01_mir/recover-20220722/UBNA_012/20220720_063000.WAV,Foliage,recover-20220722,012,1795
1600.7245,1600.7413,22031,26944,Nyctalus leisleri,0.395,0.601,-1,Echolocation,/mnt/ubna_data_01_mir/recover-20220722/UBNA_012/20220720_063000.WAV,Foliage,recover-20220722,012,1795
1600.9815,1600.9982,22890,27534,Nyctalus leisleri,0.413,0.597,-1,Echolocation,/mnt/ubna_data_01_mir/recover-20220722/UBNA_012/20220720_063000.WAV,Foliage,recover-20220722,012,1795
1601.3055,1601.3182,24609,30508,Nyctalus leisleri,0.446,0.664,-1,Echolocation,/mnt/ubna_data_01_mir/recover-20220722/UBNA_012/20220720_063000.WAV,Foliage,recover-20220722,012,1795
1601.5295,1601.5424,24609,29527,Nyctalus leisleri,0.49,0.649,-1,Echolocation,/mnt/ubna_data_01_mir/recover-20220722/UBNA_012/20220720_063000.WAV,Foliage,recover-20220722,012,1795
1601.7715,1601.7839,23750,29904,Nyctalus leisleri,0.604,0.747,-1,Echolocation,/mnt/ubna_data_01_mir/recover-20220722/UBNA_012/20220720_063000.WAV,Foliage,recover-20220722,012,1795
1602.0195,1602.0324,23750,29010,Nyctalus leisleri,0.465,0.647,-1,Echolocation,/mnt/ubna_data_01_mir/recover-20220722/UBNA_012/20220720_063000.WAV,Foliage,recover-20220722,012,1795
1602.0645,1602.0727,47812,52373,Pipistrellus pipistrellus,0.175,0.202,-1,Echolocation,/mnt/ubna_data_01_mir/recover-20220722/UBNA_012/20220720_063000.WAV,Foliage,recover-20220722,012,1795
1603.4365,1603.4518,24609,29438,Nyctalus leisleri,0.102,0.227,-1,Echolocation,/mnt/ubna_data_01_mir/recover-20220722/UBNA_012/20220720_063000.WAV,Foliage,recover-20220722,012,1795
1603.5335,1603.5416,27187,35515,Eptesicus serotinus,0.099,0.226,-1,Echolocation,/mnt/ubna_data_01_mir/recover-20220722/UBNA_012/20220720_063000.WAV,Foliage,recover-20220722,012,1795
1606.1915,1606.2116,23750,28538,Nyctalus leisleri,0.128,0.236,-1,Echolocation,/mnt/ubna_data_01_mir/recover-20220722/UBNA_012/20220720_063000.WAV,Foliage,recover-20220722,012,1795
1606.6975,1606.7181,23750,29070,Nyctalus leisleri,0.207,0.354,-1,Echolocation,/mnt/ubna_data_01_mir/recover-20220722/UBNA_012/20220720_063000.WAV,Foliage,recover-20220722,012,1795
1606.9425,1606.9576,23750,29253,Nyctalus leisleri,0.111,0.241,-1,Echolocation,/mnt/ubna_data_01_mir/recover-20220722/UBNA_012/20220720_063000.WAV,Foliage,recover-20220722,012,1795
1607.3345,1607.3434,25468,34425,Eptesicus serotinus,0.111,0.215,-1,Echolocation,/mnt/ubna_data_01_mir/recover-20220722/UBNA_012/20220720_063000.WAV,Foliage,recover-20220722,012,1795
1607.5105,1607.5295,24609,28713,Nyctalus leisleri,0.144,0.251,-1,Echolocation,/mnt/ubna_data_01_mir/recover-20220722/UBNA_012/20220720_063000.WAV,Foliage,recover-20220722,012,1795
1608.8775,1608.891,25468,30123,Nyctalus leisleri,0.268,0.419,-1,Echolocation,/mnt/ubna_data_01_mir/recover-20220722/UBNA_012/20220720_063000.WAV,Foliage,recover-20220722,012,1795
1609.1035,1609.1213,24609,28884,Nyctalus leisleri,0.123,0.227,-1,Echolocation,/mnt/ubna_data_01_mir/recover-20220722/UBNA_012/20220720_063000.WAV,Foliage,recover-20220722,012,1795
1609.4375,1609.4609,23750,28538,Nyctalus leisleri,0.1,0.205,-1,Echolocation,/mnt/ubna_data_01_mir/recover-20220722/UBNA_012/20220720_063000.WAV,Foliage,recover-20220722,012,1795
1609.5785,1609.5966,23750,28247,Nyctalus leisleri,0.274,0.388,-1,Echolocation,/mnt/ubna_data_01_mir/recover-20220722/UBNA_012/20220720_063000.WAV,Foliage,recover-20220722,012,1795
1609.7845,1609.8062,24609,28930,Nyctalus leisleri,0.164,0.255,-1,Echolocation,/mnt/ubna_data_01_mir/recover-20220722/UBNA_012/20220720_063000.WAV,Foliage,recover-20220722,012,1795
1610.0205,1610.0303,25468,33113,Eptesicus serotinus,0.209,0.356,-1,Echolocation,/mnt/ubna_data_01_mir/recover-20220722/UBNA_012/20220720_063000.WAV,Foliage,recover-20220722,012,1795
1610.3805,1610.3954,23750,28518,Nyctalus leisleri,0.256,0.404,-1,Echolocation,/mnt/ubna_data_01_mir/recover-20220722/UBNA_012/20220720_063000.WAV,Foliage,recover-20220722,012,1795
1620.5055,1620.5161,28906,34378,Eptesicus serotinus,0.141,0.215,-1,Echolocation,/mnt/ubna_data_01_mir/recover-20220722/UBNA_012/20220720_063000.WAV,Foliage,recover-20220722,012,1795
1641.0385,1641.06,23750,28537,Nyctalus leisleri,0.121,0.225,-1,Echolocation,/mnt/ubna_data_01_mir/recover-20220722/UBNA_012/20220720_063000.WAV,Foliage,recover-20220722,012,1795
1641.4395,1641.4597,23750,27588,Nyctalus leisleri,0.141,0.225,-1,Echolocation,/mnt/ubna_data_01_mir/recover-20220722/UBNA_012/20220720_063000.WAV,Foliage,recover-20220722,012,1795
1642.0535,1642.0774,23750,27996,Nyctalus leisleri,0.251,0.336,-1,Echolocation,/mnt/ubna_data_01_mir/recover-20220722/UBNA_012/20220720_063000.WAV,Foliage,recover-20220722,012,1795
1642.6775,1642.6992,23750,28324,Nyctalus leisleri,0.216,0.316,-1,Echolocation,/mnt/ubna_data_01_mir/recover-20220722/UBNA_012/20220720_063000.WAV,Foliage,recover-20220722,012,1795
1643.2885,1643.3123,24609,28526,Nyctalus leisleri,0.164,0.256,-1,Echolocation,/mnt/ubna_data_01_mir/recover-20220722/UBNA_012/20220720_063000.WAV,Foliage,recover-20220722,012,1795
1643.7915,1643.8149,24609,27982,Nyctalus leisleri,0.172,0.231,-1,Echolocation,/mnt/ubna_data_01_mir/recover-20220722/UBNA_012/20220720_063000.WAV,Foliage,recover-20220722,012,1795
1645.8685,1645.881,24609,30126,Eptesicus serotinus,0.108,0.202,-1,Echolocation,/mnt/ubna_data_01_mir/recover-20220722/UBNA_012/20220720_063000.WAV,Foliage,recover-20220722,012,1795
1646.3675,1646.3814,24609,29468,Nyctalus leisleri,0.228,0.38,-1,Echolocation,/mnt/ubna_data_01_mir/recover-20220722/UBNA_012/20220720_063000.WAV,Foliage,recover-20220722,012,1795
1646.5045,1646.5174,25468,29662,Nyctalus leisleri,0.149,0.292,-1,Echolocation,/mnt/ubna_data_01_mir/recover-20220722/UBNA_012/20220720_063000.WAV,Foliage,recover-20220722,012,1795
1646.8725,1646.8863,25468,30339,Nyctalus leisleri,0.18,0.344,-1,Echolocation,/mnt/ubna_data_01_mir/recover-20220722/UBNA_012/20220720_063000.WAV,Foliage,recover-20220722,012,1795
1647.1125,1647.1225,28906,35574,Eptesicus serotinus,0.135,0.203,-1,Echolocation,/mnt/ubna_data_01_mir/recover-20220722/UBNA_012/20220720_063000.WAV,Foliage,recover-20220722,012,1795
1650.2735,1650.2975,23750,27978,Nyctalus leisleri,0.156,0.219,-1,Echolocation,/mnt/ubna_data_01_mir/recover-20220722/UBNA_012/20220720_063000.WAV,Foliage,recover-20220722,012,1795
1650.9205,1650.9359,23750,29633,Nyctalus leisleri,0.193,0.406,-1,Echolocation,/mnt/ubna_data_01_mir/recover-20220722/UBNA_012/20220720_063000.WAV,Foliage,recover-20220722,012,1795
1651.3735,1651.383,27187,34415,Eptesicus serotinus,0.117,0.216,-1,Echolocation,/mnt/ubna_data_01_mir/recover-20220722/UBNA_012/20220720_063000.WAV,Foliage,recover-20220722,012,1795
1656.1425,1656.1575,24609,28256,Nyctalus leisleri,0.369,0.46,-1,Echolocation,/mnt/ubna_data_01_mir/recover-20220722/UBNA_012/20220720_063000.WAV,Foliage,recover-20220722,012,1795
1656.3955,1656.4127,22890,26730,Nyctalus leisleri,0.28,0.366,-1,Echolocation,/mnt/ubna_data_01_mir/recover-20220722/UBNA_012/20220720_063000.WAV,Foliage,recover-20220722,012,1795
1656.9445,1656.9527,28046,35181,Eptesicus serotinus,0.167,0.242,-1,Echolocation,/mnt/ubna_data_01_mir/recover-20220722/UBNA_012/20220720_063000.WAV,Foliage,recover-20220722,012,1795
1658.2085,1658.2263,24609,28645,Nyctalus leisleri,0.181,0.259,-1,Echolocation,/mnt/ubna_data_01_mir/recover-20220722/UBNA_012/20220720_063000.WAV,Foliage,recover-20220722,012,1795
1659.3025,1659.3165,24609,29408,Nyctalus leisleri,0.174,0.285,-1,Echolocation,/mnt/ubna_data_01_mir/recover-20220722/UBNA_012/20220720_063000.WAV,Foliage,recover-20220722,012,1795
1659.8275,1659.8441,24609,28991,Nyctalus leisleri,0.178,0.291,-1,Echolocation,/mnt/ubna_data_01_mir/recover-20220722/UBNA_012/20220720_063000.WAV,Foliage,recover-20220722,012,1795
1660.5085,1660.5275,24609,28061,Nyctalus leisleri,0.291,0.392,-1,Echolocation,/mnt/ubna_data_01_mir/recover-20220722/UBNA_012/20220720_063000.WAV,Foliage,recover-20220722,012,1795
1660.7675,1660.7893,24609,28735,Nyctalus leisleri,0.19,0.297,-1,Echolocation,/mnt/ubna_data_01_mir/recover-20220722/UBNA_012/20220720_063000.WAV,Foliage,recover-20220722,012,1795
1662.4775,1662.4902,24609,29449,Eptesicus serotinus,0.188,0.406,-1,Echolocation,/mnt/ubna_data_01_mir/recover-20220722/UBNA_012/20220720_063000.WAV,Foliage,recover-20220722,012,1795
1662.7745,1662.7872,24609,30411,Nyctalus leisleri,0.296,0.552,-1,Echolocation,/mnt/ubna_data_01_mir/recover-20220722/UBNA_012/20220720_063000.WAV,Foliage,recover-20220722,012,1795
1662.9955,1663.0084,24609,29681,Nyctalus leisleri,0.167,0.341,-1,Echolocation,/mnt/ubna_data_01_mir/recover-20220722/UBNA_012/20220720_063000.WAV,Foliage,recover-20220722,012,1795
1678.9185,1678.9371,22890,26818,Nyctalus leisleri,0.178,0.266,-1,Echolocation,/mnt/ubna_data_01_mir/recover-20220722/UBNA_012/20220720_063000.WAV,Foliage,recover-20220722,012,1795
1682.5375,1682.5532,23750,28089,Nyctalus leisleri,0.408,0.516,-1,Echolocation,/mnt/ubna_data_01_mir/recover-20220722/UBNA_012/20220720_063000.WAV,Foliage,recover-20220722,012,1795
1685.9095,1685.918,28046,38025,Eptesicus serotinus,0.174,0.225,-1,Echolocation,/mnt/ubna_data_01_mir/recover-20220722/UBNA_012/20220720_063000.WAV,Foliage,recover-20220722,012,1795
1688.6115,1688.622,28906,35070,Eptesicus serotinus,0.141,0.201,-1,Echolocation,/mnt/ubna_data_01_mir/recover-20220722/UBNA_012/20220720_063000.WAV,Foliage,recover-20220722,012,1795
1692.6875,1692.7014,23750,28243,Nyctalus leisleri,0.105,0.216,-1,Echolocation,/mnt/ubna_data_01_mir/recover-20220722/UBNA_012/20220720_063000.WAV,Foliage,recover-20220722,012,1795
1694.8325,1694.8566,23750,28301,Nyctalus leisleri,0.156,0.252,-1,Echolocation,/mnt/ubna_data_01_mir/recover-20220722/UBNA_012/20220720_063000.WAV,Foliage,recover-20220722,012,1795
1694.8385,1694.86,23750,27736,Nyctalus leisleri,0.188,0.243,-1,Echolocation,/mnt/ubna_data_01_mir/recover-20220722/UBNA_012/20220720_063000.WAV,Foliage,recover-20220722,012,1795
1695.0485,1695.0683,24609,28655,Nyctalus leisleri,0.264,0.364,-1,Echolocation,/mnt/ubna_data_01_mir/recover-20220722/UBNA_012/20220720_063000.WAV,Foliage,recover-20220722,012,1795
1696.0015,1696.0107,27187,35759,Eptesicus serotinus,0.107,0.21,-1,Echolocation,/mnt/ubna_data_01_mir/recover-20220722/UBNA_012/20220720_063000.WAV,Foliage,recover-20220722,012,1795
1699.7005,1699.7158,25468,29775,Nyctalus leisleri,0.148,0.248,-1,Echolocation,/mnt/ubna_data_01_mir/recover-20220722/UBNA_012/20220720_063000.WAV,Foliage,recover-20220722,012,1795
1700.0975,1700.1082,24609,30342,Nyctalus leisleri,0.306,0.53,-1,Echolocation,/mnt/ubna_data_01_mir/recover-20220722/UBNA_012/20220720_063000.WAV,Foliage,recover-20220722,012,1795
1701.5765,1701.5903,24609,29434,Nyctalus leisleri,0.4,0.626,-1,Echolocation,/mnt/ubna_data_01_mir/recover-20220722/UBNA_012/20220720_063000.WAV,Foliage,recover-20220722,012,1795
1702.2675,1702.2867,23750,28543,Nyctalus leisleri,0.361,0.495,-1,Echolocation,/mnt/ubna_data_01_mir/recover-20220722/UBNA_012/20220720_063000.WAV,Foliage,recover-20220722,012,1795
1703.2275,1703.2404,23750,28711,Nyctalus leisleri,0.184,0.345,-1,Echolocation,/mnt/ubna_data_01_mir/recover-20220722/UBNA_012/20220720_063000.WAV,Foliage,recover-20220722,012,1795
1703.2275,1703.2407,40937,44086,Pipistrellus nathusii,0.246,0.269,-1,Echolocation,/mnt/ubna_data_01_mir/recover-20220722/UBNA_012/20220720_063000.WAV,Foliage,recover-20220722,012,1795
1705.0585,1705.0769,23750,28689,Nyctalus leisleri,0.25,0.362,-1,Echolocation,/mnt/ubna_data_01_mir/recover-20220722/UBNA_012/20220720_063000.WAV,Foliage,recover-20220722,012,1795
1711.8625,1711.8747,28906,34101,Eptesicus serotinus,0.14,0.241,-1,Echolocation,/mnt/ubna_data_01_mir/recover-20220722/UBNA_012/20220720_063000.WAV,Foliage,recover-20220722,012,1795
1714.8695,1714.8895,23750,28270,Nyctalus leisleri,0.163,0.253,-1,Echolocation,/mnt/ubna_data_01_mir/recover-20220722/UBNA_012/20220720_063000.WAV,Foliage,recover-20220722,012,1795
1715.0625,1715.0814,23750,28081,Nyctalus leisleri,0.161,0.255,-1,Echolocation,/mnt/ubna_data_01_mir/recover-20220722/UBNA_012/20220720_063000.WAV,Foliage,recover-20220722,012,1795
1715.2615,1715.2791,24609,28766,Nyctalus leisleri,0.306,0.43,-1,Echolocation,/mnt/ubna_data_01_mir/recover-20220722/UBNA_012/20220720_063000.WAV,Foliage,recover-20220722,012,1795
1716.9035,1716.9178,22890,28257,Nyctalus leisleri,0.252,0.448,-1,Echolocation,/mnt/ubna_data_01_mir/recover-20220722/UBNA_012/20220720_063000.WAV,Foliage,recover-20220722,012,1795
1717.3485,1717.3688,23750,27353,Nyctalus leisleri,0.297,0.351,-1,Echolocation,/mnt/ubna_data_01_mir/recover-20220722/UBNA_012/20220720_063000.WAV,Foliage,recover-20220722,012,1795
1720.1855,1720.1972,28906,33913,Eptesicus serotinus,0.134,0.209,-1,Echolocation,/mnt/ubna_data_01_mir/recover-20220722/UBNA_012/20220720_063000.WAV,Foliage,recover-20220722,012,1795
1723.6805,1723.6975,23750,28186,Nyctalus leisleri,0.127,0.213,-1,Echolocation,/mnt/ubna_data_01_mir/recover-20220722/UBNA_012/20220720_063000.WAV,Foliage,recover-20220722,012,1795
1724.4465,1724.455,27187,34666,Eptesicus serotinus,0.178,0.29,-1,Echolocation,/mnt/ubna_data_01_mir/recover-20220722/UBNA_012/20220720_063000.WAV,Foliage,recover-20220722,012,1795
1729.4115,1729.4253,22890,28373,Nyctalus leisleri,0.095,0.276,-1,Echolocation,/mnt/ubna_data_01_mir/recover-20220722/UBNA_012/20220720_063000.WAV,Foliage,recover-20220722,012,1795
1730.1655,1730.1848,24609,28754,Nyctalus leisleri,0.125,0.209,-1,Echolocation,/mnt/ubna_data_01_mir/recover-20220722/UBNA_012/20220720_063000.WAV,Foliage,recover-20220722,012,1795
1731.1515,1731.1694,24609,29094,Nyctalus leisleri,0.134,0.209,-1,Echolocation,/mnt/ubna_data_01_mir/recover-20220722/UBNA_012/20220720_063000.WAV,Foliage,recover-20220722,012,1795
1731.4005,1731.4117,26328,32089,Nyctalus leisleri,0.245,0.487,-1,Echolocation,/mnt/ubna_data_01_mir/recover-20220722/UBNA_012/20220720_063000.WAV,Foliage,recover-20220722,012,1795
1736.2345,1736.2515,24609,28736,Nyctalus leisleri,0.172,0.254,-1,Echolocation,/mnt/ubna_data_01_mir/recover-20220722/UBNA_012/20220720_063000.WAV,Foliage,recover-20220722,012,1795
1740.5025,1740.5129,27187,35185,Eptesicus serotinus,0.201,0.273,-1,Echolocation,/mnt/ubna_data_01_mir/recover-20220722/UBNA_012/20220720_063000.WAV,Foliage,recover-20220722,012,1795
1743.2595,1743.2755,22890,26800,Nyctalus leisleri,0.477,0.525,-1,Echolocation,/mnt/ubna_data_01_mir/recover-20220722/UBNA_012/20220720_063000.WAV,Foliage,recover-20220722,012,1795
1743.4395,1743.4507,25468,32660,Eptesicus serotinus,0.201,0.349,-1,Echolocation,/mnt/ubna_data_01_mir/recover-20220722/UBNA_012/20220720_063000.WAV,Foliage,recover-20220722,012,1795
1753.0985,1753.1109,28906,34962,Eptesicus serotinus,0.156,0.253,-1,Echolocation,/mnt/ubna_data_01_mir/recover-20220722/UBNA_012/20220720_063000.WAV,Foliage,recover-20220722,012,1795
1756.7225,1756.739,26328,29423,Nyctalus leisleri,0.273,0.367,-1,Echolocation,/mnt/ubna_data_01_mir/recover-20220722/UBNA_012/20220720_063000.WAV,Foliage,recover-20220722,012,1795
1756.9445,1756.9604,25468,29663,Nyctalus leisleri,0.278,0.413,-1,Echolocation,/mnt/ubna_data_01_mir/recover-20220722/UBNA_012/20220720_063000.WAV,Foliage,recover-20220722,012,1795
1758.6555,1758.666,28046,35437,Eptesicus serotinus,0.143,0.203,-1,Echolocation,/mnt/ubna_data_01_mir/recover-20220722/UBNA_012/20220720_063000.WAV,Foliage,recover-20220722,012,1795
1761.2775,1761.285,28046,35916,Eptesicus serotinus,0.181,0.291,-1,Echolocation,/mnt/ubna_data_01_mir/recover-20220722/UBNA_012/20220720_063000.WAV,Foliage,recover-20220722,012,1795
1761.4095,1761.4179,28906,35554,Eptesicus serotinus,0.129,0.215,-1,Echolocation,/mnt/ubna_data_01_mir/recover-20220722/UBNA_012/20220720_063000.WAV,Foliage,recover-20220722,012,1795
1765.2115,1765.2283,26328,29681,Nyctalus leisleri,0.38,0.495,-1,Echolocation,/mnt/ubna_data_01_mir/recover-20220722/UBNA_012/20220720_063000.WAV,Foliage,recover-20220722,012,1795
1765.8205,1765.8387,27187,30903,Nyctalus leisleri,0.149,0.245,-1,Echolocation,/mnt/ubna_data_01_mir/recover-20220722/UBNA_012/20220720_063000.WAV,Foliage,recover-20220722,012,1795
1776.3925,1776.4131,25468,30328,Nyctalus leisleri,0.183,0.299,-1,Echolocation,/mnt/ubna_data_01_mir/recover-20220722/UBNA_012/20220720_063000.WAV,Foliage,recover-20220722,012,1795
1776.4885,1776.504,23750,27488,Nyctalus leisleri,0.154,0.262,-1,Echolocation,/mnt/ubna_data_01_mir/recover-20220722/UBNA_012/20220720_063000.WAV,Foliage,recover-20220722,012,1795
1776.7745,1776.7906,23750,27798,Nyctalus leisleri,0.197,0.284,-1,Echolocation,/mnt/ubna_data_01_mir/recover-20220722/UBNA_012/20220720_063000.WAV,Foliage,recover-20220722,012,1795
1777.2675,1777.2785,28906,35154,Eptesicus serotinus,0.159,0.233,-1,Echolocation,/mnt/ubna_data_01_mir/recover-20220722/UBNA_012/20220720_063000.WAV,Foliage,recover-20220722,012,1795
1782.3135,1782.3253,28046,34433,Eptesicus serotinus,0.161,0.226,-1,Echolocation,/mnt/ubna_data_01_mir/recover-20220722/UBNA_012/20220720_063000.WAV,Foliage,recover-20220722,012,1795
1783.0355,1783.0437,28046,36146,Eptesicus serotinus,0.179,0.259,-1,Echolocation,/mnt/ubna_data_01_mir/recover-20220722/UBNA_012/20220720_063000.WAV,Foliage,recover-20220722,012,1795
1785.9845,1785.9931,28906,35476,Eptesicus serotinus,0.269,0.43,-1,Echolocation,/mnt/ubna_data_01_mir/recover-20220722/UBNA_012/20220720_063000.WAV,Foliage,recover-20220722,012,1795
1790.5065,1790.5171,28906,34387,Eptesicus serotinus,0.162,0.302,-1,Echolocation,/mnt/ubna_data_01_mir/recover-20220722/UBNA_012/20220720_063000.WAV,Foliage,recover-20220722,012,1795
