start_time,end_time,low_freq,high_freq,class,class_prob,det_prob,individual,event,input_file,Site name,Recover Folder,SD Card,File Duration
5.6065,5.6159,48671.0,53088.0,Pipistrellus pipistrellus,0.211,0.229,-1,Echolocation,/mnt/ubna_data_01_mir/recover-20220705_unit2/20220705_050000.WAV,Foliage,recover-20220705_unit2,010,1795
62.6955,62.7088,41796.0,46429.0,Pipistrellus nathusii,0.245,0.267,-1,Echolocation,/mnt/ubna_data_01_mir/recover-20220705_unit2/20220705_050000.WAV,Foliage,recover-20220705_unit2,010,1795
62.7845,62.7977,40078.0,45626.0,Pipistrellus nathusii,0.421,0.435,-1,Echolocation,/mnt/ubna_data_01_mir/recover-20220705_unit2/20220705_050000.WAV,Foliage,recover-20220705_unit2,010,1795
62.8725,62.8843,42656.0,46519.0,Pipistrellus nathusii,0.24,0.255,-1,Echolocation,/mnt/ubna_data_01_mir/recover-20220705_unit2/20220705_050000.WAV,Foliage,recover-20220705_unit2,010,1795
62.9675,62.9785,40937.0,54343.0,Pipistrellus nathusii,0.388,0.416,-1,Echolocation,/mnt/ubna_data_01_mir/recover-20220705_unit2/20220705_050000.WAV,Foliage,recover-20220705_unit2,010,1795
63.0575,63.0678,41796.0,47861.0,Pipistrellus nathusii,0.484,0.509,-1,Echolocation,/mnt/ubna_data_01_mir/recover-20220705_unit2/20220705_050000.WAV,Foliage,recover-20220705_unit2,010,1795
63.1475,63.1556,39218.0,47608.0,Pipistrellus nathusii,0.301,0.348,-1,Echolocation,/mnt/ubna_data_01_mir/recover-20220705_unit2/20220705_050000.WAV,Foliage,recover-20220705_unit2,010,1795
63.2375,63.2456,39218.0,46141.0,Pipistrellus nathusii,0.314,0.399,-1,Echolocation,/mnt/ubna_data_01_mir/recover-20220705_unit2/20220705_050000.WAV,Foliage,recover-20220705_unit2,010,1795
63.3235,63.3336,40078.0,48410.0,Pipistrellus nathusii,0.325,0.383,-1,Echolocation,/mnt/ubna_data_01_mir/recover-20220705_unit2/20220705_050000.WAV,Foliage,recover-20220705_unit2,010,1795
63.5255,63.5348,39218.0,46839.0,Pipistrellus nathusii,0.593,0.627,-1,Echolocation,/mnt/ubna_data_01_mir/recover-20220705_unit2/20220705_050000.WAV,Foliage,recover-20220705_unit2,010,1795
78.5005,78.5146,26328.0,29929.0,Nyctalus leisleri,0.34,0.473,-1,Echolocation,/mnt/ubna_data_01_mir/recover-20220705_unit2/20220705_050000.WAV,Foliage,recover-20220705_unit2,010,1795
79.2255,79.24119999999999,25468.0,30285.0,Nyctalus leisleri,0.274,0.44,-1,Echolocation,/mnt/ubna_data_01_mir/recover-20220705_unit2/20220705_050000.WAV,Foliage,recover-20220705_unit2,010,1795
79.3765,79.3896,25468.0,30247.0,Nyctalus leisleri,0.421,0.594,-1,Echolocation,/mnt/ubna_data_01_mir/recover-20220705_unit2/20220705_050000.WAV,Foliage,recover-20220705_unit2,010,1795
79.62049999999999,79.6361,24609.0,29034.0,Nyctalus leisleri,0.36,0.523,-1,Echolocation,/mnt/ubna_data_01_mir/recover-20220705_unit2/20220705_050000.WAV,Foliage,recover-20220705_unit2,010,1795
79.8635,79.8766,25468.0,29839.0,Nyctalus leisleri,0.425,0.63,-1,Echolocation,/mnt/ubna_data_01_mir/recover-20220705_unit2/20220705_050000.WAV,Foliage,recover-20220705_unit2,010,1795
80.0925,80.1065,25468.0,29240.0,Nyctalus leisleri,0.324,0.476,-1,Echolocation,/mnt/ubna_data_01_mir/recover-20220705_unit2/20220705_050000.WAV,Foliage,recover-20220705_unit2,010,1795
80.34049999999999,80.3563,24609.0,29461.0,Nyctalus leisleri,0.385,0.588,-1,Echolocation,/mnt/ubna_data_01_mir/recover-20220705_unit2/20220705_050000.WAV,Foliage,recover-20220705_unit2,010,1795
80.5005,80.5141,25468.0,31645.0,Nyctalus leisleri,0.308,0.684,-1,Echolocation,/mnt/ubna_data_01_mir/recover-20220705_unit2/20220705_050000.WAV,Foliage,recover-20220705_unit2,010,1795
80.6645,80.6786,25468.0,32058.0,Eptesicus serotinus,0.262,0.647,-1,Echolocation,/mnt/ubna_data_01_mir/recover-20220705_unit2/20220705_050000.WAV,Foliage,recover-20220705_unit2,010,1795
80.9075,80.9214,25468.0,30702.0,Nyctalus leisleri,0.349,0.652,-1,Echolocation,/mnt/ubna_data_01_mir/recover-20220705_unit2/20220705_050000.WAV,Foliage,recover-20220705_unit2,010,1795
81.1365,81.1506,25468.0,33376.0,Eptesicus serotinus,0.349,0.659,-1,Echolocation,/mnt/ubna_data_01_mir/recover-20220705_unit2/20220705_050000.WAV,Foliage,recover-20220705_unit2,010,1795
81.2715,81.2821,26328.0,33542.0,Eptesicus serotinus,0.316,0.638,-1,Echolocation,/mnt/ubna_data_01_mir/recover-20220705_unit2/20220705_050000.WAV,Foliage,recover-20220705_unit2,010,1795
81.4285,81.4419,25468.0,32846.0,Nyctalus leisleri,0.311,0.685,-1,Echolocation,/mnt/ubna_data_01_mir/recover-20220705_unit2/20220705_050000.WAV,Foliage,recover-20220705_unit2,010,1795
81.6865,81.7015,25468.0,30680.0,Nyctalus leisleri,0.381,0.655,-1,Echolocation,/mnt/ubna_data_01_mir/recover-20220705_unit2/20220705_050000.WAV,Foliage,recover-20220705_unit2,010,1795
81.9335,81.9478,24609.0,29751.0,Nyctalus leisleri,0.401,0.636,-1,Echolocation,/mnt/ubna_data_01_mir/recover-20220705_unit2/20220705_050000.WAV,Foliage,recover-20220705_unit2,010,1795
82.1905,82.2053,25468.0,30435.0,Nyctalus leisleri,0.374,0.663,-1,Echolocation,/mnt/ubna_data_01_mir/recover-20220705_unit2/20220705_050000.WAV,Foliage,recover-20220705_unit2,010,1795
82.34649999999999,82.36,25468.0,30815.0,Nyctalus leisleri,0.36,0.622,-1,Echolocation,/mnt/ubna_data_01_mir/recover-20220705_unit2/20220705_050000.WAV,Foliage,recover-20220705_unit2,010,1795
82.5795,82.5937,25468.0,32257.0,Nyctalus leisleri,0.331,0.661,-1,Echolocation,/mnt/ubna_data_01_mir/recover-20220705_unit2/20220705_050000.WAV,Foliage,recover-20220705_unit2,010,1795
82.8155,82.8306,25468.0,30779.0,Nyctalus leisleri,0.397,0.68,-1,Echolocation,/mnt/ubna_data_01_mir/recover-20220705_unit2/20220705_050000.WAV,Foliage,recover-20220705_unit2,010,1795
83.0525,83.0676,25468.0,29999.0,Nyctalus leisleri,0.528,0.625,-1,Echolocation,/mnt/ubna_data_01_mir/recover-20220705_unit2/20220705_050000.WAV,Foliage,recover-20220705_unit2,010,1795
83.3085,83.3253,24609.0,29681.0,Nyctalus leisleri,0.394,0.609,-1,Echolocation,/mnt/ubna_data_01_mir/recover-20220705_unit2/20220705_050000.WAV,Foliage,recover-20220705_unit2,010,1795
83.5575,83.5728,24609.0,29221.0,Nyctalus leisleri,0.47,0.597,-1,Echolocation,/mnt/ubna_data_01_mir/recover-20220705_unit2/20220705_050000.WAV,Foliage,recover-20220705_unit2,010,1795
83.7055,83.7187,26328.0,31314.0,Nyctalus leisleri,0.184,0.334,-1,Echolocation,/mnt/ubna_data_01_mir/recover-20220705_unit2/20220705_050000.WAV,Foliage,recover-20220705_unit2,010,1795
83.9375,83.9519,24609.0,29264.0,Nyctalus leisleri,0.532,0.651,-1,Echolocation,/mnt/ubna_data_01_mir/recover-20220705_unit2/20220705_050000.WAV,Foliage,recover-20220705_unit2,010,1795
84.1865,84.2088,24609.0,28857.0,Nyctalus leisleri,0.203,0.289,-1,Echolocation,/mnt/ubna_data_01_mir/recover-20220705_unit2/20220705_050000.WAV,Foliage,recover-20220705_unit2,010,1795
84.4265,84.4434,24609.0,29095.0,Nyctalus leisleri,0.487,0.645,-1,Echolocation,/mnt/ubna_data_01_mir/recover-20220705_unit2/20220705_050000.WAV,Foliage,recover-20220705_unit2,010,1795
84.59049999999999,84.60249999999999,25468.0,32773.0,Nyctalus leisleri,0.305,0.671,-1,Echolocation,/mnt/ubna_data_01_mir/recover-20220705_unit2/20220705_050000.WAV,Foliage,recover-20220705_unit2,010,1795
84.8355,84.8528,24609.0,29692.0,Nyctalus leisleri,0.377,0.581,-1,Echolocation,/mnt/ubna_data_01_mir/recover-20220705_unit2/20220705_050000.WAV,Foliage,recover-20220705_unit2,010,1795
85.0755,85.0941,24609.0,28519.0,Nyctalus leisleri,0.324,0.459,-1,Echolocation,/mnt/ubna_data_01_mir/recover-20220705_unit2/20220705_050000.WAV,Foliage,recover-20220705_unit2,010,1795
85.3215,85.3379,24609.0,28736.0,Nyctalus leisleri,0.482,0.567,-1,Echolocation,/mnt/ubna_data_01_mir/recover-20220705_unit2/20220705_050000.WAV,Foliage,recover-20220705_unit2,010,1795
85.5775,85.5979,24609.0,28303.0,Nyctalus leisleri,0.368,0.445,-1,Echolocation,/mnt/ubna_data_01_mir/recover-20220705_unit2/20220705_050000.WAV,Foliage,recover-20220705_unit2,010,1795
86.0755,86.0978,24609.0,27906.0,Nyctalus leisleri,0.321,0.385,-1,Echolocation,/mnt/ubna_data_01_mir/recover-20220705_unit2/20220705_050000.WAV,Foliage,recover-20220705_unit2,010,1795
86.2205,86.23689999999999,22031.0,25898.0,Nyctalus leisleri,0.413,0.498,-1,Echolocation,/mnt/ubna_data_01_mir/recover-20220705_unit2/20220705_050000.WAV,Foliage,recover-20220705_unit2,010,1795
86.3185,86.3274,41796.0,47691.0,Pipistrellus nathusii,0.312,0.363,-1,Echolocation,/mnt/ubna_data_01_mir/recover-20220705_unit2/20220705_050000.WAV,Foliage,recover-20220705_unit2,010,1795
86.3245,86.3378,24609.0,29444.0,Nyctalus leisleri,0.103,0.213,-1,Echolocation,/mnt/ubna_data_01_mir/recover-20220705_unit2/20220705_050000.WAV,Foliage,recover-20220705_unit2,010,1795
86.51050000000001,86.5214,40078.0,44005.0,Pipistrellus nathusii,0.201,0.236,-1,Echolocation,/mnt/ubna_data_01_mir/recover-20220705_unit2/20220705_050000.WAV,Foliage,recover-20220705_unit2,010,1795
86.5915,86.6143,24609.0,28114.0,Nyctalus leisleri,0.244,0.317,-1,Echolocation,/mnt/ubna_data_01_mir/recover-20220705_unit2/20220705_050000.WAV,Foliage,recover-20220705_unit2,010,1795
86.7085,86.7187,40078.0,47260.0,Pipistrellus nathusii,0.375,0.407,-1,Echolocation,/mnt/ubna_data_01_mir/recover-20220705_unit2/20220705_050000.WAV,Foliage,recover-20220705_unit2,010,1795
86.90950000000001,86.9201,40078.0,44645.0,Pipistrellus nathusii,0.346,0.362,-1,Echolocation,/mnt/ubna_data_01_mir/recover-20220705_unit2/20220705_050000.WAV,Foliage,recover-20220705_unit2,010,1795
87.10849999999999,87.12780000000001,24609.0,27574.0,Nyctalus leisleri,0.367,0.438,-1,Echolocation,/mnt/ubna_data_01_mir/recover-20220705_unit2/20220705_050000.WAV,Foliage,recover-20220705_unit2,010,1795
87.2645,87.2798,24609.0,28700.0,Nyctalus leisleri,0.252,0.358,-1,Echolocation,/mnt/ubna_data_01_mir/recover-20220705_unit2/20220705_050000.WAV,Foliage,recover-20220705_unit2,010,1795
88.0425,88.0602,23750.0,28741.0,Nyctalus leisleri,0.224,0.37,-1,Echolocation,/mnt/ubna_data_01_mir/recover-20220705_unit2/20220705_050000.WAV,Foliage,recover-20220705_unit2,010,1795
98.4865,98.5037,25468.0,29460.0,Nyctalus leisleri,0.117,0.206,-1,Echolocation,/mnt/ubna_data_01_mir/recover-20220705_unit2/20220705_050000.WAV,Foliage,recover-20220705_unit2,010,1795
98.7175,98.7301,25468.0,30651.0,Nyctalus leisleri,0.282,0.453,-1,Echolocation,/mnt/ubna_data_01_mir/recover-20220705_unit2/20220705_050000.WAV,Foliage,recover-20220705_unit2,010,1795
98.9565,98.9719,25468.0,29968.0,Nyctalus leisleri,0.304,0.512,-1,Echolocation,/mnt/ubna_data_01_mir/recover-20220705_unit2/20220705_050000.WAV,Foliage,recover-20220705_unit2,010,1795
99.4695,99.487,24609.0,28063.0,Nyctalus leisleri,0.341,0.435,-1,Echolocation,/mnt/ubna_data_01_mir/recover-20220705_unit2/20220705_050000.WAV,Foliage,recover-20220705_unit2,010,1795
99.8595,99.8759,24609.0,28073.0,Nyctalus leisleri,0.208,0.296,-1,Echolocation,/mnt/ubna_data_01_mir/recover-20220705_unit2/20220705_050000.WAV,Foliage,recover-20220705_unit2,010,1795
100.0925,100.1108,25468.0,28739.0,Nyctalus leisleri,0.367,0.437,-1,Echolocation,/mnt/ubna_data_01_mir/recover-20220705_unit2/20220705_050000.WAV,Foliage,recover-20220705_unit2,010,1795
100.7535,100.7699,24609.0,28698.0,Nyctalus leisleri,0.142,0.228,-1,Echolocation,/mnt/ubna_data_01_mir/recover-20220705_unit2/20220705_050000.WAV,Foliage,recover-20220705_unit2,010,1795
100.9005,100.9153,25468.0,29917.0,Nyctalus leisleri,0.295,0.41,-1,Echolocation,/mnt/ubna_data_01_mir/recover-20220705_unit2/20220705_050000.WAV,Foliage,recover-20220705_unit2,010,1795
101.0595,101.0728,25468.0,31272.0,Eptesicus serotinus,0.105,0.226,-1,Echolocation,/mnt/ubna_data_01_mir/recover-20220705_unit2/20220705_050000.WAV,Foliage,recover-20220705_unit2,010,1795
101.4185,101.4395,25468.0,30062.0,Nyctalus leisleri,0.131,0.224,-1,Echolocation,/mnt/ubna_data_01_mir/recover-20220705_unit2/20220705_050000.WAV,Foliage,recover-20220705_unit2,010,1795
102.6705,102.687,25468.0,31329.0,Eptesicus serotinus,0.139,0.286,-1,Echolocation,/mnt/ubna_data_01_mir/recover-20220705_unit2/20220705_050000.WAV,Foliage,recover-20220705_unit2,010,1795
102.9365,102.9493,26328.0,31972.0,Nyctalus leisleri,0.277,0.493,-1,Echolocation,/mnt/ubna_data_01_mir/recover-20220705_unit2/20220705_050000.WAV,Foliage,recover-20220705_unit2,010,1795
103.3295,103.348,23750.0,29103.0,Nyctalus leisleri,0.183,0.315,-1,Echolocation,/mnt/ubna_data_01_mir/recover-20220705_unit2/20220705_050000.WAV,Foliage,recover-20220705_unit2,010,1795
106.2685,106.2827,24609.0,28539.0,Nyctalus leisleri,0.489,0.604,-1,Echolocation,/mnt/ubna_data_01_mir/recover-20220705_unit2/20220705_050000.WAV,Foliage,recover-20220705_unit2,010,1795
106.4475,106.4605,25468.0,30358.0,Nyctalus leisleri,0.29,0.454,-1,Echolocation,/mnt/ubna_data_01_mir/recover-20220705_unit2/20220705_050000.WAV,Foliage,recover-20220705_unit2,010,1795
106.6785,106.6965,24609.0,27949.0,Nyctalus leisleri,0.224,0.306,-1,Echolocation,/mnt/ubna_data_01_mir/recover-20220705_unit2/20220705_050000.WAV,Foliage,recover-20220705_unit2,010,1795
107.1175,107.1307,25468.0,31694.0,Nyctalus leisleri,0.324,0.617,-1,Echolocation,/mnt/ubna_data_01_mir/recover-20220705_unit2/20220705_050000.WAV,Foliage,recover-20220705_unit2,010,1795
107.2655,107.2788,26328.0,30723.0,Nyctalus leisleri,0.322,0.477,-1,Echolocation,/mnt/ubna_data_01_mir/recover-20220705_unit2/20220705_050000.WAV,Foliage,recover-20220705_unit2,010,1795
107.40350000000001,107.4159,27187.0,32096.0,Nyctalus leisleri,0.348,0.519,-1,Echolocation,/mnt/ubna_data_01_mir/recover-20220705_unit2/20220705_050000.WAV,Foliage,recover-20220705_unit2,010,1795
107.5415,107.5534,26328.0,31898.0,Eptesicus serotinus,0.179,0.373,-1,Echolocation,/mnt/ubna_data_01_mir/recover-20220705_unit2/20220705_050000.WAV,Foliage,recover-20220705_unit2,010,1795
107.6905,107.7021,27187.0,32875.0,Nyctalus leisleri,0.309,0.526,-1,Echolocation,/mnt/ubna_data_01_mir/recover-20220705_unit2/20220705_050000.WAV,Foliage,recover-20220705_unit2,010,1795
107.8165,107.8271,26328.0,31980.0,Nyctalus leisleri,0.403,0.584,-1,Echolocation,/mnt/ubna_data_01_mir/recover-20220705_unit2/20220705_050000.WAV,Foliage,recover-20220705_unit2,010,1795
108.4875,108.4982,26328.0,32537.0,Nyctalus leisleri,0.341,0.561,-1,Echolocation,/mnt/ubna_data_01_mir/recover-20220705_unit2/20220705_050000.WAV,Foliage,recover-20220705_unit2,010,1795
109.7855,109.7971,25468.0,30925.0,Nyctalus leisleri,0.207,0.352,-1,Echolocation,/mnt/ubna_data_01_mir/recover-20220705_unit2/20220705_050000.WAV,Foliage,recover-20220705_unit2,010,1795
110.1645,110.1795,24609.0,30553.0,Nyctalus leisleri,0.34,0.545,-1,Echolocation,/mnt/ubna_data_01_mir/recover-20220705_unit2/20220705_050000.WAV,Foliage,recover-20220705_unit2,010,1795
110.4055,110.4192,24609.0,28954.0,Nyctalus leisleri,0.295,0.448,-1,Echolocation,/mnt/ubna_data_01_mir/recover-20220705_unit2/20220705_050000.WAV,Foliage,recover-20220705_unit2,010,1795
110.6545,110.6696,24609.0,30179.0,Nyctalus leisleri,0.265,0.473,-1,Echolocation,/mnt/ubna_data_01_mir/recover-20220705_unit2/20220705_050000.WAV,Foliage,recover-20220705_unit2,010,1795
110.8995,110.9156,24609.0,28743.0,Nyctalus leisleri,0.148,0.294,-1,Echolocation,/mnt/ubna_data_01_mir/recover-20220705_unit2/20220705_050000.WAV,Foliage,recover-20220705_unit2,010,1795
111.1445,111.1636,24609.0,28569.0,Nyctalus leisleri,0.266,0.354,-1,Echolocation,/mnt/ubna_data_01_mir/recover-20220705_unit2/20220705_050000.WAV,Foliage,recover-20220705_unit2,010,1795
111.3775,111.3942,24609.0,29208.0,Nyctalus leisleri,0.21,0.344,-1,Echolocation,/mnt/ubna_data_01_mir/recover-20220705_unit2/20220705_050000.WAV,Foliage,recover-20220705_unit2,010,1795
111.6265,111.64410000000001,24609.0,28961.0,Nyctalus leisleri,0.193,0.305,-1,Echolocation,/mnt/ubna_data_01_mir/recover-20220705_unit2/20220705_050000.WAV,Foliage,recover-20220705_unit2,010,1795
111.8595,111.8785,24609.0,28879.0,Nyctalus leisleri,0.161,0.25,-1,Echolocation,/mnt/ubna_data_01_mir/recover-20220705_unit2/20220705_050000.WAV,Foliage,recover-20220705_unit2,010,1795
112.0995,112.1185,24609.0,29160.0,Nyctalus leisleri,0.18,0.305,-1,Echolocation,/mnt/ubna_data_01_mir/recover-20220705_unit2/20220705_050000.WAV,Foliage,recover-20220705_unit2,010,1795
112.5685,112.5907,24609.0,28716.0,Nyctalus leisleri,0.255,0.371,-1,Echolocation,/mnt/ubna_data_01_mir/recover-20220705_unit2/20220705_050000.WAV,Foliage,recover-20220705_unit2,010,1795
113.0485,113.0666,23750.0,27750.0,Nyctalus leisleri,0.12,0.222,-1,Echolocation,/mnt/ubna_data_01_mir/recover-20220705_unit2/20220705_050000.WAV,Foliage,recover-20220705_unit2,010,1795
116.2955,116.3106,24609.0,29333.0,Nyctalus leisleri,0.299,0.421,-1,Echolocation,/mnt/ubna_data_01_mir/recover-20220705_unit2/20220705_050000.WAV,Foliage,recover-20220705_unit2,010,1795
116.8685,116.8741,48671.0,53492.0,Pipistrellus pipistrellus,0.204,0.222,-1,Echolocation,/mnt/ubna_data_01_mir/recover-20220705_unit2/20220705_050000.WAV,Foliage,recover-20220705_unit2,010,1795
118.5635,118.5721,39218.0,43872.0,Pipistrellus nathusii,0.255,0.297,-1,Echolocation,/mnt/ubna_data_01_mir/recover-20220705_unit2/20220705_050000.WAV,Foliage,recover-20220705_unit2,010,1795
119.5885,119.5971,40078.0,45367.0,Pipistrellus nathusii,0.209,0.28,-1,Echolocation,/mnt/ubna_data_01_mir/recover-20220705_unit2/20220705_050000.WAV,Foliage,recover-20220705_unit2,010,1795
119.7585,119.7652,40078.0,46278.0,Pipistrellus nathusii,0.124,0.287,-1,Echolocation,/mnt/ubna_data_01_mir/recover-20220705_unit2/20220705_050000.WAV,Foliage,recover-20220705_unit2,010,1795
119.8415,119.8511,41796.0,47666.0,Pipistrellus nathusii,0.201,0.25,-1,Echolocation,/mnt/ubna_data_01_mir/recover-20220705_unit2/20220705_050000.WAV,Foliage,recover-20220705_unit2,010,1795
119.9205,119.9284,41796.0,50475.0,Pipistrellus nathusii,0.142,0.224,-1,Echolocation,/mnt/ubna_data_01_mir/recover-20220705_unit2/20220705_050000.WAV,Foliage,recover-20220705_unit2,010,1795
120.0805,120.0876,41796.0,53704.0,Pipistrellus nathusii,0.456,0.556,-1,Echolocation,/mnt/ubna_data_01_mir/recover-20220705_unit2/20220705_050000.WAV,Foliage,recover-20220705_unit2,010,1795
120.1585,120.1649,42656.0,52758.0,Pipistrellus nathusii,0.364,0.389,-1,Echolocation,/mnt/ubna_data_01_mir/recover-20220705_unit2/20220705_050000.WAV,Foliage,recover-20220705_unit2,010,1795
120.3255,120.3319,41796.0,50882.0,Pipistrellus nathusii,0.38,0.399,-1,Echolocation,/mnt/ubna_data_01_mir/recover-20220705_unit2/20220705_050000.WAV,Foliage,recover-20220705_unit2,010,1795
120.4075,120.4134,41796.0,50827.0,Pipistrellus nathusii,0.378,0.448,-1,Echolocation,/mnt/ubna_data_01_mir/recover-20220705_unit2/20220705_050000.WAV,Foliage,recover-20220705_unit2,010,1795
120.4895,120.4971,42656.0,50393.0,Pipistrellus nathusii,0.544,0.566,-1,Echolocation,/mnt/ubna_data_01_mir/recover-20220705_unit2/20220705_050000.WAV,Foliage,recover-20220705_unit2,010,1795
120.5705,120.5771,41796.0,50476.0,Pipistrellus nathusii,0.394,0.486,-1,Echolocation,/mnt/ubna_data_01_mir/recover-20220705_unit2/20220705_050000.WAV,Foliage,recover-20220705_unit2,010,1795
120.6525,120.6586,40937.0,54910.0,Pipistrellus nathusii,0.462,0.569,-1,Echolocation,/mnt/ubna_data_01_mir/recover-20220705_unit2/20220705_050000.WAV,Foliage,recover-20220705_unit2,010,1795
120.7345,120.7403,42656.0,53297.0,Pipistrellus nathusii,0.453,0.495,-1,Echolocation,/mnt/ubna_data_01_mir/recover-20220705_unit2/20220705_050000.WAV,Foliage,recover-20220705_unit2,010,1795
120.8195,120.8269,40078.0,52233.0,Pipistrellus nathusii,0.437,0.578,-1,Echolocation,/mnt/ubna_data_01_mir/recover-20220705_unit2/20220705_050000.WAV,Foliage,recover-20220705_unit2,010,1795
120.8905,120.8965,41796.0,53136.0,Pipistrellus nathusii,0.544,0.624,-1,Echolocation,/mnt/ubna_data_01_mir/recover-20220705_unit2/20220705_050000.WAV,Foliage,recover-20220705_unit2,010,1795
120.9545,120.9601,40937.0,52516.0,Pipistrellus nathusii,0.526,0.577,-1,Echolocation,/mnt/ubna_data_01_mir/recover-20220705_unit2/20220705_050000.WAV,Foliage,recover-20220705_unit2,010,1795
121.0225,121.0274,41796.0,52553.0,Pipistrellus nathusii,0.501,0.571,-1,Echolocation,/mnt/ubna_data_01_mir/recover-20220705_unit2/20220705_050000.WAV,Foliage,recover-20220705_unit2,010,1795
121.0975,121.1027,40937.0,51355.0,Pipistrellus nathusii,0.425,0.477,-1,Echolocation,/mnt/ubna_data_01_mir/recover-20220705_unit2/20220705_050000.WAV,Foliage,recover-20220705_unit2,010,1795
121.1755,121.1811,41796.0,53790.0,Pipistrellus nathusii,0.442,0.512,-1,Echolocation,/mnt/ubna_data_01_mir/recover-20220705_unit2/20220705_050000.WAV,Foliage,recover-20220705_unit2,010,1795
121.2565,121.2634,40937.0,51555.0,Pipistrellus nathusii,0.362,0.489,-1,Echolocation,/mnt/ubna_data_01_mir/recover-20220705_unit2/20220705_050000.WAV,Foliage,recover-20220705_unit2,010,1795
121.3335,121.3389,41796.0,50332.0,Pipistrellus nathusii,0.382,0.472,-1,Echolocation,/mnt/ubna_data_01_mir/recover-20220705_unit2/20220705_050000.WAV,Foliage,recover-20220705_unit2,010,1795
121.4075,121.4131,41796.0,50246.0,Pipistrellus nathusii,0.529,0.571,-1,Echolocation,/mnt/ubna_data_01_mir/recover-20220705_unit2/20220705_050000.WAV,Foliage,recover-20220705_unit2,010,1795
121.4855,121.492,40937.0,53765.0,Pipistrellus nathusii,0.371,0.448,-1,Echolocation,/mnt/ubna_data_01_mir/recover-20220705_unit2/20220705_050000.WAV,Foliage,recover-20220705_unit2,010,1795
121.5675,121.5737,41796.0,50198.0,Pipistrellus nathusii,0.253,0.279,-1,Echolocation,/mnt/ubna_data_01_mir/recover-20220705_unit2/20220705_050000.WAV,Foliage,recover-20220705_unit2,010,1795
121.6275,121.6332,40937.0,49370.0,Pipistrellus nathusii,0.175,0.221,-1,Echolocation,/mnt/ubna_data_01_mir/recover-20220705_unit2/20220705_050000.WAV,Foliage,recover-20220705_unit2,010,1795
121.6785,121.6838,41796.0,51681.0,Pipistrellus nathusii,0.422,0.501,-1,Echolocation,/mnt/ubna_data_01_mir/recover-20220705_unit2/20220705_050000.WAV,Foliage,recover-20220705_unit2,010,1795
121.7315,121.7379,40078.0,49146.0,Pipistrellus nathusii,0.339,0.393,-1,Echolocation,/mnt/ubna_data_01_mir/recover-20220705_unit2/20220705_050000.WAV,Foliage,recover-20220705_unit2,010,1795
121.8555,121.8607,41796.0,55073.0,Pipistrellus nathusii,0.564,0.625,-1,Echolocation,/mnt/ubna_data_01_mir/recover-20220705_unit2/20220705_050000.WAV,Foliage,recover-20220705_unit2,010,1795
121.9725,121.9821,41796.0,51010.0,Pipistrellus nathusii,0.435,0.448,-1,Echolocation,/mnt/ubna_data_01_mir/recover-20220705_unit2/20220705_050000.WAV,Foliage,recover-20220705_unit2,010,1795
122.3195,122.3311,40937.0,47741.0,Pipistrellus nathusii,0.25,0.277,-1,Echolocation,/mnt/ubna_data_01_mir/recover-20220705_unit2/20220705_050000.WAV,Foliage,recover-20220705_unit2,010,1795
122.4875,122.4972,39218.0,44892.0,Pipistrellus nathusii,0.344,0.378,-1,Echolocation,/mnt/ubna_data_01_mir/recover-20220705_unit2/20220705_050000.WAV,Foliage,recover-20220705_unit2,010,1795
122.7265,122.7341,37500.0,49026.0,Pipistrellus nathusii,0.256,0.469,-1,Echolocation,/mnt/ubna_data_01_mir/recover-20220705_unit2/20220705_050000.WAV,Foliage,recover-20220705_unit2,010,1795
122.8955,122.9068,39218.0,44398.0,Pipistrellus nathusii,0.205,0.24,-1,Echolocation,/mnt/ubna_data_01_mir/recover-20220705_unit2/20220705_050000.WAV,Foliage,recover-20220705_unit2,010,1795
125.0005,125.016,26328.0,32195.0,Eptesicus serotinus,0.112,0.234,-1,Echolocation,/mnt/ubna_data_01_mir/recover-20220705_unit2/20220705_050000.WAV,Foliage,recover-20220705_unit2,010,1795
125.3195,125.3364,25468.0,29860.0,Nyctalus leisleri,0.213,0.331,-1,Echolocation,/mnt/ubna_data_01_mir/recover-20220705_unit2/20220705_050000.WAV,Foliage,recover-20220705_unit2,010,1795
125.6885,125.7059,24609.0,29645.0,Nyctalus leisleri,0.309,0.477,-1,Echolocation,/mnt/ubna_data_01_mir/recover-20220705_unit2/20220705_050000.WAV,Foliage,recover-20220705_unit2,010,1795
127.1685,127.1834,24609.0,29146.0,Nyctalus leisleri,0.493,0.592,-1,Echolocation,/mnt/ubna_data_01_mir/recover-20220705_unit2/20220705_050000.WAV,Foliage,recover-20220705_unit2,010,1795
127.3245,127.3388,26328.0,32091.0,Nyctalus leisleri,0.289,0.518,-1,Echolocation,/mnt/ubna_data_01_mir/recover-20220705_unit2/20220705_050000.WAV,Foliage,recover-20220705_unit2,010,1795
127.7525,127.7709,24609.0,29049.0,Nyctalus leisleri,0.348,0.476,-1,Echolocation,/mnt/ubna_data_01_mir/recover-20220705_unit2/20220705_050000.WAV,Foliage,recover-20220705_unit2,010,1795
128.4655,128.4785,24609.0,29758.0,Nyctalus leisleri,0.383,0.526,-1,Echolocation,/mnt/ubna_data_01_mir/recover-20220705_unit2/20220705_050000.WAV,Foliage,recover-20220705_unit2,010,1795
129.1705,129.1878,24609.0,28846.0,Nyctalus leisleri,0.128,0.221,-1,Echolocation,/mnt/ubna_data_01_mir/recover-20220705_unit2/20220705_050000.WAV,Foliage,recover-20220705_unit2,010,1795
129.5375,129.5522,25468.0,29458.0,Nyctalus leisleri,0.099,0.202,-1,Echolocation,/mnt/ubna_data_01_mir/recover-20220705_unit2/20220705_050000.WAV,Foliage,recover-20220705_unit2,010,1795
130.7405,130.7542,24609.0,29891.0,Nyctalus leisleri,0.252,0.446,-1,Echolocation,/mnt/ubna_data_01_mir/recover-20220705_unit2/20220705_050000.WAV,Foliage,recover-20220705_unit2,010,1795
131.1185,131.1347,24609.0,29617.0,Nyctalus leisleri,0.367,0.551,-1,Echolocation,/mnt/ubna_data_01_mir/recover-20220705_unit2/20220705_050000.WAV,Foliage,recover-20220705_unit2,010,1795
131.3715,131.386,24609.0,28292.0,Nyctalus leisleri,0.606,0.674,-1,Echolocation,/mnt/ubna_data_01_mir/recover-20220705_unit2/20220705_050000.WAV,Foliage,recover-20220705_unit2,010,1795
131.7155,131.7321,24609.0,29330.0,Nyctalus leisleri,0.472,0.564,-1,Echolocation,/mnt/ubna_data_01_mir/recover-20220705_unit2/20220705_050000.WAV,Foliage,recover-20220705_unit2,010,1795
131.9485,131.9644,24609.0,30269.0,Nyctalus leisleri,0.371,0.583,-1,Echolocation,/mnt/ubna_data_01_mir/recover-20220705_unit2/20220705_050000.WAV,Foliage,recover-20220705_unit2,010,1795
132.9735,132.9888,25468.0,30423.0,Nyctalus leisleri,0.143,0.271,-1,Echolocation,/mnt/ubna_data_01_mir/recover-20220705_unit2/20220705_050000.WAV,Foliage,recover-20220705_unit2,010,1795
133.3155,133.3303,25468.0,30157.0,Nyctalus leisleri,0.204,0.304,-1,Echolocation,/mnt/ubna_data_01_mir/recover-20220705_unit2/20220705_050000.WAV,Foliage,recover-20220705_unit2,010,1795
133.66649999999998,133.6868,24609.0,28757.0,Nyctalus leisleri,0.305,0.408,-1,Echolocation,/mnt/ubna_data_01_mir/recover-20220705_unit2/20220705_050000.WAV,Foliage,recover-20220705_unit2,010,1795
134.6805,134.6927,25468.0,30870.0,Nyctalus leisleri,0.173,0.317,-1,Echolocation,/mnt/ubna_data_01_mir/recover-20220705_unit2/20220705_050000.WAV,Foliage,recover-20220705_unit2,010,1795
138.3755,138.3908,24609.0,28715.0,Nyctalus leisleri,0.245,0.365,-1,Echolocation,/mnt/ubna_data_01_mir/recover-20220705_unit2/20220705_050000.WAV,Foliage,recover-20220705_unit2,010,1795
140.23250000000002,140.2481,25468.0,30436.0,Nyctalus leisleri,0.359,0.532,-1,Echolocation,/mnt/ubna_data_01_mir/recover-20220705_unit2/20220705_050000.WAV,Foliage,recover-20220705_unit2,010,1795
140.6195,140.63909999999998,24609.0,30439.0,Nyctalus leisleri,0.155,0.336,-1,Echolocation,/mnt/ubna_data_01_mir/recover-20220705_unit2/20220705_050000.WAV,Foliage,recover-20220705_unit2,010,1795
141.83350000000002,141.8531,25468.0,31211.0,Nyctalus leisleri,0.148,0.301,-1,Echolocation,/mnt/ubna_data_01_mir/recover-20220705_unit2/20220705_050000.WAV,Foliage,recover-20220705_unit2,010,1795
143.1365,143.1553,25468.0,30771.0,Nyctalus leisleri,0.104,0.207,-1,Echolocation,/mnt/ubna_data_01_mir/recover-20220705_unit2/20220705_050000.WAV,Foliage,recover-20220705_unit2,010,1795
143.5235,143.5373,25468.0,29748.0,Nyctalus leisleri,0.286,0.387,-1,Echolocation,/mnt/ubna_data_01_mir/recover-20220705_unit2/20220705_050000.WAV,Foliage,recover-20220705_unit2,010,1795
144.4035,144.423,25468.0,30027.0,Nyctalus leisleri,0.146,0.222,-1,Echolocation,/mnt/ubna_data_01_mir/recover-20220705_unit2/20220705_050000.WAV,Foliage,recover-20220705_unit2,010,1795
144.8155,144.8284,24609.0,30438.0,Eptesicus serotinus,0.191,0.343,-1,Echolocation,/mnt/ubna_data_01_mir/recover-20220705_unit2/20220705_050000.WAV,Foliage,recover-20220705_unit2,010,1795
149.6355,149.6518,25468.0,29667.0,Nyctalus leisleri,0.134,0.229,-1,Echolocation,/mnt/ubna_data_01_mir/recover-20220705_unit2/20220705_050000.WAV,Foliage,recover-20220705_unit2,010,1795
150.8235,150.838,25468.0,31113.0,Nyctalus leisleri,0.163,0.343,-1,Echolocation,/mnt/ubna_data_01_mir/recover-20220705_unit2/20220705_050000.WAV,Foliage,recover-20220705_unit2,010,1795
151.2655,151.2803,25468.0,30449.0,Nyctalus leisleri,0.157,0.285,-1,Echolocation,/mnt/ubna_data_01_mir/recover-20220705_unit2/20220705_050000.WAV,Foliage,recover-20220705_unit2,010,1795
152.0205,152.0367,26328.0,31533.0,Nyctalus leisleri,0.158,0.297,-1,Echolocation,/mnt/ubna_data_01_mir/recover-20220705_unit2/20220705_050000.WAV,Foliage,recover-20220705_unit2,010,1795
152.3875,152.4051,23750.0,28221.0,Nyctalus leisleri,0.421,0.541,-1,Echolocation,/mnt/ubna_data_01_mir/recover-20220705_unit2/20220705_050000.WAV,Foliage,recover-20220705_unit2,010,1795
152.6135,152.6288,24609.0,29434.0,Nyctalus leisleri,0.368,0.532,-1,Echolocation,/mnt/ubna_data_01_mir/recover-20220705_unit2/20220705_050000.WAV,Foliage,recover-20220705_unit2,010,1795
152.8705,152.8858,23750.0,28543.0,Nyctalus leisleri,0.463,0.602,-1,Echolocation,/mnt/ubna_data_01_mir/recover-20220705_unit2/20220705_050000.WAV,Foliage,recover-20220705_unit2,010,1795
153.1075,153.127,24609.0,28444.0,Nyctalus leisleri,0.165,0.25,-1,Echolocation,/mnt/ubna_data_01_mir/recover-20220705_unit2/20220705_050000.WAV,Foliage,recover-20220705_unit2,010,1795
153.3645,153.3791,24609.0,28908.0,Nyctalus leisleri,0.316,0.456,-1,Echolocation,/mnt/ubna_data_01_mir/recover-20220705_unit2/20220705_050000.WAV,Foliage,recover-20220705_unit2,010,1795
153.5975,153.6033,41796.0,54262.0,Pipistrellus nathusii,0.08,0.3,-1,Echolocation,/mnt/ubna_data_01_mir/recover-20220705_unit2/20220705_050000.WAV,Foliage,recover-20220705_unit2,010,1795
153.6135,153.6361,23750.0,27491.0,Nyctalus leisleri,0.149,0.214,-1,Echolocation,/mnt/ubna_data_01_mir/recover-20220705_unit2/20220705_050000.WAV,Foliage,recover-20220705_unit2,010,1795
153.6625,153.6678,40078.0,52699.0,Myotis daubentonii,0.129,0.267,-1,Echolocation,/mnt/ubna_data_01_mir/recover-20220705_unit2/20220705_050000.WAV,Foliage,recover-20220705_unit2,010,1795
153.8435,153.8655,24609.0,29695.0,Nyctalus leisleri,0.216,0.337,-1,Echolocation,/mnt/ubna_data_01_mir/recover-20220705_unit2/20220705_050000.WAV,Foliage,recover-20220705_unit2,010,1795
154.0855,154.1077,24609.0,29719.0,Nyctalus leisleri,0.216,0.323,-1,Echolocation,/mnt/ubna_data_01_mir/recover-20220705_unit2/20220705_050000.WAV,Foliage,recover-20220705_unit2,010,1795
154.2245,154.244,25468.0,30032.0,Nyctalus leisleri,0.167,0.272,-1,Echolocation,/mnt/ubna_data_01_mir/recover-20220705_unit2/20220705_050000.WAV,Foliage,recover-20220705_unit2,010,1795
154.4605,154.4762,25468.0,29895.0,Nyctalus leisleri,0.315,0.448,-1,Echolocation,/mnt/ubna_data_01_mir/recover-20220705_unit2/20220705_050000.WAV,Foliage,recover-20220705_unit2,010,1795
154.6975,154.7162,24609.0,29826.0,Nyctalus leisleri,0.197,0.348,-1,Echolocation,/mnt/ubna_data_01_mir/recover-20220705_unit2/20220705_050000.WAV,Foliage,recover-20220705_unit2,010,1795
154.9445,154.9642,24609.0,32364.0,Eptesicus serotinus,0.214,0.42,-1,Echolocation,/mnt/ubna_data_01_mir/recover-20220705_unit2/20220705_050000.WAV,Foliage,recover-20220705_unit2,010,1795
155.0985,155.1126,24609.0,29129.0,Nyctalus leisleri,0.164,0.323,-1,Echolocation,/mnt/ubna_data_01_mir/recover-20220705_unit2/20220705_050000.WAV,Foliage,recover-20220705_unit2,010,1795
159.8805,159.8978,25468.0,30771.0,Nyctalus leisleri,0.138,0.258,-1,Echolocation,/mnt/ubna_data_01_mir/recover-20220705_unit2/20220705_050000.WAV,Foliage,recover-20220705_unit2,010,1795
160.3985,160.415,25468.0,32023.0,Eptesicus serotinus,0.176,0.292,-1,Echolocation,/mnt/ubna_data_01_mir/recover-20220705_unit2/20220705_050000.WAV,Foliage,recover-20220705_unit2,010,1795
160.6895,160.7046,25468.0,30700.0,Eptesicus serotinus,0.141,0.261,-1,Echolocation,/mnt/ubna_data_01_mir/recover-20220705_unit2/20220705_050000.WAV,Foliage,recover-20220705_unit2,010,1795
160.82150000000001,160.8343,26328.0,33197.0,Eptesicus serotinus,0.216,0.33,-1,Echolocation,/mnt/ubna_data_01_mir/recover-20220705_unit2/20220705_050000.WAV,Foliage,recover-20220705_unit2,010,1795
160.9455,160.9597,26328.0,32777.0,Eptesicus serotinus,0.184,0.388,-1,Echolocation,/mnt/ubna_data_01_mir/recover-20220705_unit2/20220705_050000.WAV,Foliage,recover-20220705_unit2,010,1795
161.1415,161.158,26328.0,31130.0,Nyctalus leisleri,0.193,0.323,-1,Echolocation,/mnt/ubna_data_01_mir/recover-20220705_unit2/20220705_050000.WAV,Foliage,recover-20220705_unit2,010,1795
161.4955,161.51,25468.0,32987.0,Eptesicus serotinus,0.251,0.435,-1,Echolocation,/mnt/ubna_data_01_mir/recover-20220705_unit2/20220705_050000.WAV,Foliage,recover-20220705_unit2,010,1795
162.0585,162.0726,25468.0,29645.0,Nyctalus leisleri,0.343,0.421,-1,Echolocation,/mnt/ubna_data_01_mir/recover-20220705_unit2/20220705_050000.WAV,Foliage,recover-20220705_unit2,010,1795
162.9945,163.0103,26328.0,30927.0,Nyctalus leisleri,0.112,0.211,-1,Echolocation,/mnt/ubna_data_01_mir/recover-20220705_unit2/20220705_050000.WAV,Foliage,recover-20220705_unit2,010,1795
163.2805,163.2952,26328.0,31179.0,Nyctalus leisleri,0.254,0.392,-1,Echolocation,/mnt/ubna_data_01_mir/recover-20220705_unit2/20220705_050000.WAV,Foliage,recover-20220705_unit2,010,1795
163.6525,163.6657,25468.0,31555.0,Nyctalus leisleri,0.436,0.632,-1,Echolocation,/mnt/ubna_data_01_mir/recover-20220705_unit2/20220705_050000.WAV,Foliage,recover-20220705_unit2,010,1795
163.7745,163.7845,44375.0,48622.0,Pipistrellus pipistrellus,0.2,0.212,-1,Echolocation,/mnt/ubna_data_01_mir/recover-20220705_unit2/20220705_050000.WAV,Foliage,recover-20220705_unit2,010,1795
163.7875,163.8011,25468.0,33621.0,Eptesicus serotinus,0.277,0.546,-1,Echolocation,/mnt/ubna_data_01_mir/recover-20220705_unit2/20220705_050000.WAV,Foliage,recover-20220705_unit2,010,1795
163.9195,163.9295,27187.0,33406.0,Nyctalus leisleri,0.258,0.522,-1,Echolocation,/mnt/ubna_data_01_mir/recover-20220705_unit2/20220705_050000.WAV,Foliage,recover-20220705_unit2,010,1795
164.0485,164.0599,26328.0,32982.0,Eptesicus serotinus,0.2,0.336,-1,Echolocation,/mnt/ubna_data_01_mir/recover-20220705_unit2/20220705_050000.WAV,Foliage,recover-20220705_unit2,010,1795
164.4275,164.4464,33203.0,36660.0,Pipistrellus nathusii,0.116,0.239,-1,Echolocation,/mnt/ubna_data_01_mir/recover-20220705_unit2/20220705_050000.WAV,Foliage,recover-20220705_unit2,010,1795
164.7855,164.7971,26328.0,32289.0,Eptesicus serotinus,0.264,0.454,-1,Echolocation,/mnt/ubna_data_01_mir/recover-20220705_unit2/20220705_050000.WAV,Foliage,recover-20220705_unit2,010,1795
169.1515,169.1621,26328.0,34041.0,Eptesicus serotinus,0.293,0.607,-1,Echolocation,/mnt/ubna_data_01_mir/recover-20220705_unit2/20220705_050000.WAV,Foliage,recover-20220705_unit2,010,1795
169.2755,169.28719999999998,25468.0,31761.0,Nyctalus leisleri,0.232,0.436,-1,Echolocation,/mnt/ubna_data_01_mir/recover-20220705_unit2/20220705_050000.WAV,Foliage,recover-20220705_unit2,010,1795
169.4065,169.4209,26328.0,30701.0,Nyctalus leisleri,0.248,0.411,-1,Echolocation,/mnt/ubna_data_01_mir/recover-20220705_unit2/20220705_050000.WAV,Foliage,recover-20220705_unit2,010,1795
169.5375,169.5479,26328.0,33372.0,Nyctalus leisleri,0.291,0.623,-1,Echolocation,/mnt/ubna_data_01_mir/recover-20220705_unit2/20220705_050000.WAV,Foliage,recover-20220705_unit2,010,1795
169.6975,169.7119,26328.0,31410.0,Nyctalus leisleri,0.343,0.477,-1,Echolocation,/mnt/ubna_data_01_mir/recover-20220705_unit2/20220705_050000.WAV,Foliage,recover-20220705_unit2,010,1795
169.8705,169.8868,24609.0,28852.0,Nyctalus leisleri,0.134,0.258,-1,Echolocation,/mnt/ubna_data_01_mir/recover-20220705_unit2/20220705_050000.WAV,Foliage,recover-20220705_unit2,010,1795
170.0145,170.0331,24609.0,29769.0,Nyctalus leisleri,0.145,0.246,-1,Echolocation,/mnt/ubna_data_01_mir/recover-20220705_unit2/20220705_050000.WAV,Foliage,recover-20220705_unit2,010,1795
170.2335,170.2532,24609.0,28788.0,Nyctalus leisleri,0.165,0.258,-1,Echolocation,/mnt/ubna_data_01_mir/recover-20220705_unit2/20220705_050000.WAV,Foliage,recover-20220705_unit2,010,1795
170.47050000000002,170.4853,24609.0,30743.0,Nyctalus leisleri,0.308,0.486,-1,Echolocation,/mnt/ubna_data_01_mir/recover-20220705_unit2/20220705_050000.WAV,Foliage,recover-20220705_unit2,010,1795
170.6235,170.6376,25468.0,29821.0,Nyctalus leisleri,0.21,0.391,-1,Echolocation,/mnt/ubna_data_01_mir/recover-20220705_unit2/20220705_050000.WAV,Foliage,recover-20220705_unit2,010,1795
170.8295,170.8435,25468.0,31512.0,Nyctalus leisleri,0.375,0.58,-1,Echolocation,/mnt/ubna_data_01_mir/recover-20220705_unit2/20220705_050000.WAV,Foliage,recover-20220705_unit2,010,1795
171.0255,171.0406,25468.0,30926.0,Nyctalus leisleri,0.3,0.447,-1,Echolocation,/mnt/ubna_data_01_mir/recover-20220705_unit2/20220705_050000.WAV,Foliage,recover-20220705_unit2,010,1795
171.1715,171.185,25468.0,33391.0,Nyctalus leisleri,0.293,0.612,-1,Echolocation,/mnt/ubna_data_01_mir/recover-20220705_unit2/20220705_050000.WAV,Foliage,recover-20220705_unit2,010,1795
171.2945,171.3068,27187.0,32283.0,Nyctalus leisleri,0.209,0.443,-1,Echolocation,/mnt/ubna_data_01_mir/recover-20220705_unit2/20220705_050000.WAV,Foliage,recover-20220705_unit2,010,1795
171.4195,171.4308,27187.0,34634.0,Eptesicus serotinus,0.292,0.585,-1,Echolocation,/mnt/ubna_data_01_mir/recover-20220705_unit2/20220705_050000.WAV,Foliage,recover-20220705_unit2,010,1795
171.55349999999999,171.5671,26328.0,33254.0,Eptesicus serotinus,0.219,0.446,-1,Echolocation,/mnt/ubna_data_01_mir/recover-20220705_unit2/20220705_050000.WAV,Foliage,recover-20220705_unit2,010,1795
172.33350000000002,172.3488,26328.0,31961.0,Nyctalus leisleri,0.265,0.432,-1,Echolocation,/mnt/ubna_data_01_mir/recover-20220705_unit2/20220705_050000.WAV,Foliage,recover-20220705_unit2,010,1795
173.7035,173.7158,25468.0,33020.0,Eptesicus serotinus,0.284,0.563,-1,Echolocation,/mnt/ubna_data_01_mir/recover-20220705_unit2/20220705_050000.WAV,Foliage,recover-20220705_unit2,010,1795
173.9785,173.9897,26328.0,31504.0,Nyctalus leisleri,0.325,0.553,-1,Echolocation,/mnt/ubna_data_01_mir/recover-20220705_unit2/20220705_050000.WAV,Foliage,recover-20220705_unit2,010,1795
174.1085,174.1208,25468.0,32963.0,Nyctalus leisleri,0.284,0.625,-1,Echolocation,/mnt/ubna_data_01_mir/recover-20220705_unit2/20220705_050000.WAV,Foliage,recover-20220705_unit2,010,1795
174.2455,174.2547,27187.0,33628.0,Eptesicus serotinus,0.21,0.449,-1,Echolocation,/mnt/ubna_data_01_mir/recover-20220705_unit2/20220705_050000.WAV,Foliage,recover-20220705_unit2,010,1795
175.5155,175.5242,27187.0,35827.0,Eptesicus serotinus,0.338,0.547,-1,Echolocation,/mnt/ubna_data_01_mir/recover-20220705_unit2/20220705_050000.WAV,Foliage,recover-20220705_unit2,010,1795
175.6305,175.6409,27187.0,34810.0,Eptesicus serotinus,0.247,0.524,-1,Echolocation,/mnt/ubna_data_01_mir/recover-20220705_unit2/20220705_050000.WAV,Foliage,recover-20220705_unit2,010,1795
175.7485,175.758,27187.0,35291.0,Eptesicus serotinus,0.289,0.573,-1,Echolocation,/mnt/ubna_data_01_mir/recover-20220705_unit2/20220705_050000.WAV,Foliage,recover-20220705_unit2,010,1795
175.8655,175.8786,27187.0,33147.0,Eptesicus serotinus,0.189,0.396,-1,Echolocation,/mnt/ubna_data_01_mir/recover-20220705_unit2/20220705_050000.WAV,Foliage,recover-20220705_unit2,010,1795
175.9845,175.9954,27187.0,34349.0,Eptesicus serotinus,0.268,0.466,-1,Echolocation,/mnt/ubna_data_01_mir/recover-20220705_unit2/20220705_050000.WAV,Foliage,recover-20220705_unit2,010,1795
176.0945,176.1081,27187.0,31206.0,Nyctalus leisleri,0.355,0.484,-1,Echolocation,/mnt/ubna_data_01_mir/recover-20220705_unit2/20220705_050000.WAV,Foliage,recover-20220705_unit2,010,1795
176.2095,176.2214,27187.0,32239.0,Eptesicus serotinus,0.148,0.266,-1,Echolocation,/mnt/ubna_data_01_mir/recover-20220705_unit2/20220705_050000.WAV,Foliage,recover-20220705_unit2,010,1795
176.3695,176.3856,27187.0,31790.0,Nyctalus leisleri,0.149,0.26,-1,Echolocation,/mnt/ubna_data_01_mir/recover-20220705_unit2/20220705_050000.WAV,Foliage,recover-20220705_unit2,010,1795
176.9755,176.9854,40937.0,46968.0,Pipistrellus nathusii,0.252,0.282,-1,Echolocation,/mnt/ubna_data_01_mir/recover-20220705_unit2/20220705_050000.WAV,Foliage,recover-20220705_unit2,010,1795
178.3775,178.3882,27187.0,33543.0,Nyctalus leisleri,0.262,0.555,-1,Echolocation,/mnt/ubna_data_01_mir/recover-20220705_unit2/20220705_050000.WAV,Foliage,recover-20220705_unit2,010,1795
178.6305,178.6408,26328.0,32876.0,Eptesicus serotinus,0.262,0.576,-1,Echolocation,/mnt/ubna_data_01_mir/recover-20220705_unit2/20220705_050000.WAV,Foliage,recover-20220705_unit2,010,1795
178.90449999999998,178.9174,25468.0,29815.0,Nyctalus leisleri,0.146,0.268,-1,Echolocation,/mnt/ubna_data_01_mir/recover-20220705_unit2/20220705_050000.WAV,Foliage,recover-20220705_unit2,010,1795
179.2875,179.3048,25468.0,29313.0,Nyctalus leisleri,0.16,0.257,-1,Echolocation,/mnt/ubna_data_01_mir/recover-20220705_unit2/20220705_050000.WAV,Foliage,recover-20220705_unit2,010,1795
180.5385,180.5542,25468.0,30491.0,Nyctalus leisleri,0.386,0.536,-1,Echolocation,/mnt/ubna_data_01_mir/recover-20220705_unit2/20220705_050000.WAV,Foliage,recover-20220705_unit2,010,1795
180.7005,180.7143,26328.0,32395.0,Eptesicus serotinus,0.196,0.382,-1,Echolocation,/mnt/ubna_data_01_mir/recover-20220705_unit2/20220705_050000.WAV,Foliage,recover-20220705_unit2,010,1795
180.8425,180.8576,25468.0,32288.0,Nyctalus leisleri,0.34,0.548,-1,Echolocation,/mnt/ubna_data_01_mir/recover-20220705_unit2/20220705_050000.WAV,Foliage,recover-20220705_unit2,010,1795
181.1865,181.2039,25468.0,30306.0,Nyctalus leisleri,0.174,0.278,-1,Echolocation,/mnt/ubna_data_01_mir/recover-20220705_unit2/20220705_050000.WAV,Foliage,recover-20220705_unit2,010,1795
181.9205,181.9377,24609.0,31579.0,Eptesicus serotinus,0.211,0.435,-1,Echolocation,/mnt/ubna_data_01_mir/recover-20220705_unit2/20220705_050000.WAV,Foliage,recover-20220705_unit2,010,1795
182.3025,182.3213,24609.0,30562.0,Nyctalus leisleri,0.227,0.417,-1,Echolocation,/mnt/ubna_data_01_mir/recover-20220705_unit2/20220705_050000.WAV,Foliage,recover-20220705_unit2,010,1795
182.4535,182.4678,25468.0,31083.0,Nyctalus leisleri,0.279,0.409,-1,Echolocation,/mnt/ubna_data_01_mir/recover-20220705_unit2/20220705_050000.WAV,Foliage,recover-20220705_unit2,010,1795
182.7395,182.7598,24609.0,29968.0,Nyctalus leisleri,0.2,0.353,-1,Echolocation,/mnt/ubna_data_01_mir/recover-20220705_unit2/20220705_050000.WAV,Foliage,recover-20220705_unit2,010,1795
183.1435,183.1636,24609.0,28516.0,Nyctalus leisleri,0.148,0.239,-1,Echolocation,/mnt/ubna_data_01_mir/recover-20220705_unit2/20220705_050000.WAV,Foliage,recover-20220705_unit2,010,1795
183.5435,183.5648,24609.0,28211.0,Nyctalus leisleri,0.225,0.285,-1,Echolocation,/mnt/ubna_data_01_mir/recover-20220705_unit2/20220705_050000.WAV,Foliage,recover-20220705_unit2,010,1795
185.3505,185.3614,27187.0,32788.0,Eptesicus serotinus,0.218,0.403,-1,Echolocation,/mnt/ubna_data_01_mir/recover-20220705_unit2/20220705_050000.WAV,Foliage,recover-20220705_unit2,010,1795
185.6455,185.6591,25468.0,30138.0,Eptesicus serotinus,0.1,0.22,-1,Echolocation,/mnt/ubna_data_01_mir/recover-20220705_unit2/20220705_050000.WAV,Foliage,recover-20220705_unit2,010,1795
186.9665,186.9785,27187.0,32821.0,Eptesicus serotinus,0.131,0.257,-1,Echolocation,/mnt/ubna_data_01_mir/recover-20220705_unit2/20220705_050000.WAV,Foliage,recover-20220705_unit2,010,1795
187.6245,187.6403,25468.0,30684.0,Nyctalus leisleri,0.105,0.232,-1,Echolocation,/mnt/ubna_data_01_mir/recover-20220705_unit2/20220705_050000.WAV,Foliage,recover-20220705_unit2,010,1795
188.0155,188.0324,24609.0,30055.0,Nyctalus leisleri,0.222,0.416,-1,Echolocation,/mnt/ubna_data_01_mir/recover-20220705_unit2/20220705_050000.WAV,Foliage,recover-20220705_unit2,010,1795
188.4355,188.4555,24609.0,28554.0,Nyctalus leisleri,0.122,0.205,-1,Echolocation,/mnt/ubna_data_01_mir/recover-20220705_unit2/20220705_050000.WAV,Foliage,recover-20220705_unit2,010,1795
188.7215,188.7362,24609.0,29999.0,Nyctalus leisleri,0.162,0.336,-1,Echolocation,/mnt/ubna_data_01_mir/recover-20220705_unit2/20220705_050000.WAV,Foliage,recover-20220705_unit2,010,1795
189.2895,189.3034,25468.0,29304.0,Nyctalus leisleri,0.174,0.281,-1,Echolocation,/mnt/ubna_data_01_mir/recover-20220705_unit2/20220705_050000.WAV,Foliage,recover-20220705_unit2,010,1795
189.4375,189.4567,25468.0,30008.0,Nyctalus leisleri,0.127,0.243,-1,Echolocation,/mnt/ubna_data_01_mir/recover-20220705_unit2/20220705_050000.WAV,Foliage,recover-20220705_unit2,010,1795
189.5895,189.6055,26328.0,32842.0,Eptesicus serotinus,0.137,0.279,-1,Echolocation,/mnt/ubna_data_01_mir/recover-20220705_unit2/20220705_050000.WAV,Foliage,recover-20220705_unit2,010,1795
189.7505,189.7668,25468.0,32013.0,Nyctalus leisleri,0.282,0.449,-1,Echolocation,/mnt/ubna_data_01_mir/recover-20220705_unit2/20220705_050000.WAV,Foliage,recover-20220705_unit2,010,1795
189.9085,189.9217,26328.0,32804.0,Eptesicus serotinus,0.195,0.38,-1,Echolocation,/mnt/ubna_data_01_mir/recover-20220705_unit2/20220705_050000.WAV,Foliage,recover-20220705_unit2,010,1795
190.0225,190.0374,27187.0,31971.0,Nyctalus leisleri,0.126,0.256,-1,Echolocation,/mnt/ubna_data_01_mir/recover-20220705_unit2/20220705_050000.WAV,Foliage,recover-20220705_unit2,010,1795
191.4915,191.5063,25468.0,30153.0,Nyctalus leisleri,0.12,0.217,-1,Echolocation,/mnt/ubna_data_01_mir/recover-20220705_unit2/20220705_050000.WAV,Foliage,recover-20220705_unit2,010,1795
192.1795,192.1966,25468.0,29532.0,Nyctalus leisleri,0.235,0.322,-1,Echolocation,/mnt/ubna_data_01_mir/recover-20220705_unit2/20220705_050000.WAV,Foliage,recover-20220705_unit2,010,1795
192.4745,192.4892,26328.0,31097.0,Nyctalus leisleri,0.151,0.259,-1,Echolocation,/mnt/ubna_data_01_mir/recover-20220705_unit2/20220705_050000.WAV,Foliage,recover-20220705_unit2,010,1795
195.7335,195.7475,25468.0,32320.0,Nyctalus leisleri,0.195,0.4,-1,Echolocation,/mnt/ubna_data_01_mir/recover-20220705_unit2/20220705_050000.WAV,Foliage,recover-20220705_unit2,010,1795
195.8675,195.8788,26328.0,35136.0,Eptesicus serotinus,0.361,0.556,-1,Echolocation,/mnt/ubna_data_01_mir/recover-20220705_unit2/20220705_050000.WAV,Foliage,recover-20220705_unit2,010,1795
196.1305,196.1408,28046.0,34693.0,Eptesicus serotinus,0.262,0.483,-1,Echolocation,/mnt/ubna_data_01_mir/recover-20220705_unit2/20220705_050000.WAV,Foliage,recover-20220705_unit2,010,1795
196.8855,196.8987,27187.0,35940.0,Eptesicus serotinus,0.321,0.484,-1,Echolocation,/mnt/ubna_data_01_mir/recover-20220705_unit2/20220705_050000.WAV,Foliage,recover-20220705_unit2,010,1795
197.2995,197.31380000000001,26328.0,30927.0,Nyctalus leisleri,0.123,0.235,-1,Echolocation,/mnt/ubna_data_01_mir/recover-20220705_unit2/20220705_050000.WAV,Foliage,recover-20220705_unit2,010,1795
199.7775,199.79500000000002,26328.0,29724.0,Nyctalus leisleri,0.189,0.271,-1,Echolocation,/mnt/ubna_data_01_mir/recover-20220705_unit2/20220705_050000.WAV,Foliage,recover-20220705_unit2,010,1795
202.0865,202.1013,26328.0,30850.0,Nyctalus leisleri,0.324,0.471,-1,Echolocation,/mnt/ubna_data_01_mir/recover-20220705_unit2/20220705_050000.WAV,Foliage,recover-20220705_unit2,010,1795
202.2755,202.2912,25468.0,30428.0,Nyctalus leisleri,0.208,0.36,-1,Echolocation,/mnt/ubna_data_01_mir/recover-20220705_unit2/20220705_050000.WAV,Foliage,recover-20220705_unit2,010,1795
206.2015,206.215,25468.0,34342.0,Eptesicus serotinus,0.343,0.496,-1,Echolocation,/mnt/ubna_data_01_mir/recover-20220705_unit2/20220705_050000.WAV,Foliage,recover-20220705_unit2,010,1795
206.3775,206.3957,25468.0,30891.0,Nyctalus leisleri,0.222,0.379,-1,Echolocation,/mnt/ubna_data_01_mir/recover-20220705_unit2/20220705_050000.WAV,Foliage,recover-20220705_unit2,010,1795
206.5135,206.52870000000001,26328.0,30448.0,Nyctalus leisleri,0.26,0.392,-1,Echolocation,/mnt/ubna_data_01_mir/recover-20220705_unit2/20220705_050000.WAV,Foliage,recover-20220705_unit2,010,1795
206.65449999999998,206.6664,26328.0,34088.0,Nyctalus leisleri,0.269,0.547,-1,Echolocation,/mnt/ubna_data_01_mir/recover-20220705_unit2/20220705_050000.WAV,Foliage,recover-20220705_unit2,010,1795
206.7945,206.8082,25468.0,30921.0,Nyctalus leisleri,0.179,0.336,-1,Echolocation,/mnt/ubna_data_01_mir/recover-20220705_unit2/20220705_050000.WAV,Foliage,recover-20220705_unit2,010,1795
206.9355,206.9503,25468.0,30656.0,Nyctalus leisleri,0.187,0.338,-1,Echolocation,/mnt/ubna_data_01_mir/recover-20220705_unit2/20220705_050000.WAV,Foliage,recover-20220705_unit2,010,1795
207.0765,207.0894,25468.0,30614.0,Nyctalus leisleri,0.185,0.397,-1,Echolocation,/mnt/ubna_data_01_mir/recover-20220705_unit2/20220705_050000.WAV,Foliage,recover-20220705_unit2,010,1795
207.3225,207.3369,24609.0,32233.0,Nyctalus leisleri,0.301,0.548,-1,Echolocation,/mnt/ubna_data_01_mir/recover-20220705_unit2/20220705_050000.WAV,Foliage,recover-20220705_unit2,010,1795
207.5665,207.5794,24609.0,30635.0,Nyctalus leisleri,0.162,0.356,-1,Echolocation,/mnt/ubna_data_01_mir/recover-20220705_unit2/20220705_050000.WAV,Foliage,recover-20220705_unit2,010,1795
207.70850000000002,207.7231,25468.0,31974.0,Eptesicus serotinus,0.21,0.437,-1,Echolocation,/mnt/ubna_data_01_mir/recover-20220705_unit2/20220705_050000.WAV,Foliage,recover-20220705_unit2,010,1795
207.8525,207.8667,26328.0,32381.0,Nyctalus leisleri,0.182,0.388,-1,Echolocation,/mnt/ubna_data_01_mir/recover-20220705_unit2/20220705_050000.WAV,Foliage,recover-20220705_unit2,010,1795
208.0805,208.0962,24609.0,32191.0,Eptesicus serotinus,0.275,0.555,-1,Echolocation,/mnt/ubna_data_01_mir/recover-20220705_unit2/20220705_050000.WAV,Foliage,recover-20220705_unit2,010,1795
208.23250000000002,208.2475,26328.0,32501.0,Nyctalus leisleri,0.31,0.556,-1,Echolocation,/mnt/ubna_data_01_mir/recover-20220705_unit2/20220705_050000.WAV,Foliage,recover-20220705_unit2,010,1795
209.2935,209.3097,26328.0,31183.0,Nyctalus leisleri,0.144,0.278,-1,Echolocation,/mnt/ubna_data_01_mir/recover-20220705_unit2/20220705_050000.WAV,Foliage,recover-20220705_unit2,010,1795
210.0925,210.1062,25468.0,31237.0,Eptesicus serotinus,0.15,0.31,-1,Echolocation,/mnt/ubna_data_01_mir/recover-20220705_unit2/20220705_050000.WAV,Foliage,recover-20220705_unit2,010,1795
211.6545,211.6743,25468.0,29912.0,Nyctalus leisleri,0.141,0.223,-1,Echolocation,/mnt/ubna_data_01_mir/recover-20220705_unit2/20220705_050000.WAV,Foliage,recover-20220705_unit2,010,1795
212.5715,212.5881,24609.0,30184.0,Nyctalus leisleri,0.171,0.367,-1,Echolocation,/mnt/ubna_data_01_mir/recover-20220705_unit2/20220705_050000.WAV,Foliage,recover-20220705_unit2,010,1795
213.8025,213.8158,26328.0,31802.0,Nyctalus leisleri,0.297,0.56,-1,Echolocation,/mnt/ubna_data_01_mir/recover-20220705_unit2/20220705_050000.WAV,Foliage,recover-20220705_unit2,010,1795
213.9405,213.953,26328.0,32991.0,Nyctalus leisleri,0.293,0.549,-1,Echolocation,/mnt/ubna_data_01_mir/recover-20220705_unit2/20220705_050000.WAV,Foliage,recover-20220705_unit2,010,1795
214.1365,214.1493,25468.0,34918.0,Eptesicus serotinus,0.385,0.514,-1,Echolocation,/mnt/ubna_data_01_mir/recover-20220705_unit2/20220705_050000.WAV,Foliage,recover-20220705_unit2,010,1795
214.2535,214.2646,28046.0,34596.0,Eptesicus serotinus,0.185,0.268,-1,Echolocation,/mnt/ubna_data_01_mir/recover-20220705_unit2/20220705_050000.WAV,Foliage,recover-20220705_unit2,010,1795
214.3705,214.3809,27187.0,35367.0,Eptesicus serotinus,0.327,0.515,-1,Echolocation,/mnt/ubna_data_01_mir/recover-20220705_unit2/20220705_050000.WAV,Foliage,recover-20220705_unit2,010,1795
214.4925,214.5043,27187.0,32321.0,Eptesicus serotinus,0.16,0.289,-1,Echolocation,/mnt/ubna_data_01_mir/recover-20220705_unit2/20220705_050000.WAV,Foliage,recover-20220705_unit2,010,1795
214.6105,214.6247,27187.0,33402.0,Eptesicus serotinus,0.188,0.362,-1,Echolocation,/mnt/ubna_data_01_mir/recover-20220705_unit2/20220705_050000.WAV,Foliage,recover-20220705_unit2,010,1795
214.7355,214.7473,26328.0,31801.0,Eptesicus serotinus,0.165,0.323,-1,Echolocation,/mnt/ubna_data_01_mir/recover-20220705_unit2/20220705_050000.WAV,Foliage,recover-20220705_unit2,010,1795
214.8635,214.8764,26328.0,32530.0,Nyctalus leisleri,0.177,0.368,-1,Echolocation,/mnt/ubna_data_01_mir/recover-20220705_unit2/20220705_050000.WAV,Foliage,recover-20220705_unit2,010,1795
215.7905,215.808,24609.0,30083.0,Nyctalus leisleri,0.187,0.371,-1,Echolocation,/mnt/ubna_data_01_mir/recover-20220705_unit2/20220705_050000.WAV,Foliage,recover-20220705_unit2,010,1795
216.1885,216.2075,24609.0,29937.0,Nyctalus leisleri,0.233,0.401,-1,Echolocation,/mnt/ubna_data_01_mir/recover-20220705_unit2/20220705_050000.WAV,Foliage,recover-20220705_unit2,010,1795
216.6045,216.6228,24609.0,28818.0,Nyctalus leisleri,0.235,0.35,-1,Echolocation,/mnt/ubna_data_01_mir/recover-20220705_unit2/20220705_050000.WAV,Foliage,recover-20220705_unit2,010,1795
217.0225,217.0424,24609.0,27937.0,Nyctalus leisleri,0.214,0.307,-1,Echolocation,/mnt/ubna_data_01_mir/recover-20220705_unit2/20220705_050000.WAV,Foliage,recover-20220705_unit2,010,1795
217.1715,217.1855,26328.0,31537.0,Nyctalus leisleri,0.27,0.485,-1,Echolocation,/mnt/ubna_data_01_mir/recover-20220705_unit2/20220705_050000.WAV,Foliage,recover-20220705_unit2,010,1795
218.3045,218.3221,26328.0,31073.0,Nyctalus leisleri,0.122,0.215,-1,Echolocation,/mnt/ubna_data_01_mir/recover-20220705_unit2/20220705_050000.WAV,Foliage,recover-20220705_unit2,010,1795
218.4445,218.4575,25468.0,30226.0,Nyctalus leisleri,0.217,0.413,-1,Echolocation,/mnt/ubna_data_01_mir/recover-20220705_unit2/20220705_050000.WAV,Foliage,recover-20220705_unit2,010,1795
218.6805,218.6943,25468.0,30793.0,Nyctalus leisleri,0.321,0.467,-1,Echolocation,/mnt/ubna_data_01_mir/recover-20220705_unit2/20220705_050000.WAV,Foliage,recover-20220705_unit2,010,1795
218.8225,218.8384,26328.0,31741.0,Nyctalus leisleri,0.113,0.252,-1,Echolocation,/mnt/ubna_data_01_mir/recover-20220705_unit2/20220705_050000.WAV,Foliage,recover-20220705_unit2,010,1795
219.0465,219.061,26328.0,32751.0,Nyctalus leisleri,0.259,0.493,-1,Echolocation,/mnt/ubna_data_01_mir/recover-20220705_unit2/20220705_050000.WAV,Foliage,recover-20220705_unit2,010,1795
219.4525,219.4663,25468.0,31187.0,Nyctalus leisleri,0.111,0.226,-1,Echolocation,/mnt/ubna_data_01_mir/recover-20220705_unit2/20220705_050000.WAV,Foliage,recover-20220705_unit2,010,1795
219.9425,219.9569,25468.0,30156.0,Nyctalus leisleri,0.139,0.264,-1,Echolocation,/mnt/ubna_data_01_mir/recover-20220705_unit2/20220705_050000.WAV,Foliage,recover-20220705_unit2,010,1795
221.8785,221.8904,26328.0,33120.0,Nyctalus leisleri,0.301,0.584,-1,Echolocation,/mnt/ubna_data_01_mir/recover-20220705_unit2/20220705_050000.WAV,Foliage,recover-20220705_unit2,010,1795
222.2835,222.2971,25468.0,30558.0,Nyctalus leisleri,0.269,0.419,-1,Echolocation,/mnt/ubna_data_01_mir/recover-20220705_unit2/20220705_050000.WAV,Foliage,recover-20220705_unit2,010,1795
224.0555,224.0736,26328.0,30387.0,Nyctalus leisleri,0.153,0.25,-1,Echolocation,/mnt/ubna_data_01_mir/recover-20220705_unit2/20220705_050000.WAV,Foliage,recover-20220705_unit2,010,1795
224.4605,224.4747,25468.0,31987.0,Eptesicus serotinus,0.203,0.415,-1,Echolocation,/mnt/ubna_data_01_mir/recover-20220705_unit2/20220705_050000.WAV,Foliage,recover-20220705_unit2,010,1795
224.7035,224.716,25468.0,32595.0,Eptesicus serotinus,0.28,0.476,-1,Echolocation,/mnt/ubna_data_01_mir/recover-20220705_unit2/20220705_050000.WAV,Foliage,recover-20220705_unit2,010,1795
225.4815,225.4953,27187.0,32595.0,Eptesicus serotinus,0.118,0.223,-1,Echolocation,/mnt/ubna_data_01_mir/recover-20220705_unit2/20220705_050000.WAV,Foliage,recover-20220705_unit2,010,1795
225.7025,225.711,27187.0,34559.0,Eptesicus serotinus,0.165,0.308,-1,Echolocation,/mnt/ubna_data_01_mir/recover-20220705_unit2/20220705_050000.WAV,Foliage,recover-20220705_unit2,010,1795
225.8285,225.8397,27187.0,35907.0,Eptesicus serotinus,0.364,0.594,-1,Echolocation,/mnt/ubna_data_01_mir/recover-20220705_unit2/20220705_050000.WAV,Foliage,recover-20220705_unit2,010,1795
225.9495,225.959,27187.0,35763.0,Eptesicus serotinus,0.371,0.613,-1,Echolocation,/mnt/ubna_data_01_mir/recover-20220705_unit2/20220705_050000.WAV,Foliage,recover-20220705_unit2,010,1795
226.07150000000001,226.0824,26328.0,34144.0,Eptesicus serotinus,0.314,0.478,-1,Echolocation,/mnt/ubna_data_01_mir/recover-20220705_unit2/20220705_050000.WAV,Foliage,recover-20220705_unit2,010,1795
226.1455,226.1541,40078.0,48667.0,Pipistrellus nathusii,0.483,0.569,-1,Echolocation,/mnt/ubna_data_01_mir/recover-20220705_unit2/20220705_050000.WAV,Foliage,recover-20220705_unit2,010,1795
226.1895,226.2023,26328.0,31361.0,Nyctalus leisleri,0.16,0.324,-1,Echolocation,/mnt/ubna_data_01_mir/recover-20220705_unit2/20220705_050000.WAV,Foliage,recover-20220705_unit2,010,1795
226.32150000000001,226.3311,27187.0,34794.0,Nyctalus leisleri,0.258,0.527,-1,Echolocation,/mnt/ubna_data_01_mir/recover-20220705_unit2/20220705_050000.WAV,Foliage,recover-20220705_unit2,010,1795
226.5845,226.5995,26328.0,33316.0,Eptesicus serotinus,0.238,0.434,-1,Echolocation,/mnt/ubna_data_01_mir/recover-20220705_unit2/20220705_050000.WAV,Foliage,recover-20220705_unit2,010,1795
226.7175,226.7319,26328.0,31165.0,Nyctalus leisleri,0.231,0.408,-1,Echolocation,/mnt/ubna_data_01_mir/recover-20220705_unit2/20220705_050000.WAV,Foliage,recover-20220705_unit2,010,1795
226.7875,226.8036,28046.0,32192.0,Eptesicus serotinus,0.101,0.208,-1,Echolocation,/mnt/ubna_data_01_mir/recover-20220705_unit2/20220705_050000.WAV,Foliage,recover-20220705_unit2,010,1795
226.8425,226.8601,27187.0,30908.0,Nyctalus leisleri,0.179,0.286,-1,Echolocation,/mnt/ubna_data_01_mir/recover-20220705_unit2/20220705_050000.WAV,Foliage,recover-20220705_unit2,010,1795
227.1825,227.199,26328.0,31068.0,Nyctalus leisleri,0.198,0.361,-1,Echolocation,/mnt/ubna_data_01_mir/recover-20220705_unit2/20220705_050000.WAV,Foliage,recover-20220705_unit2,010,1795
227.3485,227.36169999999998,25468.0,30584.0,Eptesicus serotinus,0.125,0.253,-1,Echolocation,/mnt/ubna_data_01_mir/recover-20220705_unit2/20220705_050000.WAV,Foliage,recover-20220705_unit2,010,1795
227.6875,227.6994,26328.0,33994.0,Eptesicus serotinus,0.286,0.48,-1,Echolocation,/mnt/ubna_data_01_mir/recover-20220705_unit2/20220705_050000.WAV,Foliage,recover-20220705_unit2,010,1795
227.9145,227.9259,26328.0,34055.0,Eptesicus serotinus,0.293,0.595,-1,Echolocation,/mnt/ubna_data_01_mir/recover-20220705_unit2/20220705_050000.WAV,Foliage,recover-20220705_unit2,010,1795
228.1395,228.1527,26328.0,33579.0,Eptesicus serotinus,0.289,0.529,-1,Echolocation,/mnt/ubna_data_01_mir/recover-20220705_unit2/20220705_050000.WAV,Foliage,recover-20220705_unit2,010,1795
228.3935,228.4046,27187.0,35957.0,Eptesicus serotinus,0.354,0.624,-1,Echolocation,/mnt/ubna_data_01_mir/recover-20220705_unit2/20220705_050000.WAV,Foliage,recover-20220705_unit2,010,1795
228.8715,228.8849,26328.0,33091.0,Eptesicus serotinus,0.194,0.355,-1,Echolocation,/mnt/ubna_data_01_mir/recover-20220705_unit2/20220705_050000.WAV,Foliage,recover-20220705_unit2,010,1795
229.1805,229.1945,26328.0,33360.0,Eptesicus serotinus,0.294,0.482,-1,Echolocation,/mnt/ubna_data_01_mir/recover-20220705_unit2/20220705_050000.WAV,Foliage,recover-20220705_unit2,010,1795
229.9885,229.9996,26328.0,32601.0,Eptesicus serotinus,0.181,0.363,-1,Echolocation,/mnt/ubna_data_01_mir/recover-20220705_unit2/20220705_050000.WAV,Foliage,recover-20220705_unit2,010,1795
230.6365,230.6477,26328.0,33176.0,Nyctalus leisleri,0.415,0.658,-1,Echolocation,/mnt/ubna_data_01_mir/recover-20220705_unit2/20220705_050000.WAV,Foliage,recover-20220705_unit2,010,1795
231.6695,231.6825,28906.0,35742.0,Eptesicus serotinus,0.156,0.224,-1,Echolocation,/mnt/ubna_data_01_mir/recover-20220705_unit2/20220705_050000.WAV,Foliage,recover-20220705_unit2,010,1795
232.5385,232.5521,26328.0,30883.0,Nyctalus leisleri,0.121,0.233,-1,Echolocation,/mnt/ubna_data_01_mir/recover-20220705_unit2/20220705_050000.WAV,Foliage,recover-20220705_unit2,010,1795
233.5015,233.51069999999999,39218.0,46155.0,Pipistrellus nathusii,0.444,0.576,-1,Echolocation,/mnt/ubna_data_01_mir/recover-20220705_unit2/20220705_050000.WAV,Foliage,recover-20220705_unit2,010,1795
233.5855,233.5938,40078.0,46824.0,Pipistrellus nathusii,0.482,0.547,-1,Echolocation,/mnt/ubna_data_01_mir/recover-20220705_unit2/20220705_050000.WAV,Foliage,recover-20220705_unit2,010,1795
233.6705,233.6794,40078.0,46932.0,Pipistrellus nathusii,0.511,0.606,-1,Echolocation,/mnt/ubna_data_01_mir/recover-20220705_unit2/20220705_050000.WAV,Foliage,recover-20220705_unit2,010,1795
233.8595,233.8668,38359.0,44886.0,Pipistrellus nathusii,0.439,0.529,-1,Echolocation,/mnt/ubna_data_01_mir/recover-20220705_unit2/20220705_050000.WAV,Foliage,recover-20220705_unit2,010,1795
234.34550000000002,234.3539,37500.0,43578.0,Pipistrellus nathusii,0.127,0.365,-1,Echolocation,/mnt/ubna_data_01_mir/recover-20220705_unit2/20220705_050000.WAV,Foliage,recover-20220705_unit2,010,1795
234.6995,234.7123,25468.0,29816.0,Nyctalus leisleri,0.468,0.625,-1,Echolocation,/mnt/ubna_data_01_mir/recover-20220705_unit2/20220705_050000.WAV,Foliage,recover-20220705_unit2,010,1795
235.0845,235.0982,24609.0,29845.0,Nyctalus leisleri,0.289,0.545,-1,Echolocation,/mnt/ubna_data_01_mir/recover-20220705_unit2/20220705_050000.WAV,Foliage,recover-20220705_unit2,010,1795
236.42849999999999,236.4404,26328.0,32654.0,Eptesicus serotinus,0.225,0.435,-1,Echolocation,/mnt/ubna_data_01_mir/recover-20220705_unit2/20220705_050000.WAV,Foliage,recover-20220705_unit2,010,1795
237.2355,237.2515,25468.0,29354.0,Nyctalus leisleri,0.101,0.201,-1,Echolocation,/mnt/ubna_data_01_mir/recover-20220705_unit2/20220705_050000.WAV,Foliage,recover-20220705_unit2,010,1795
237.7275,237.74099999999999,24609.0,30288.0,Nyctalus leisleri,0.256,0.503,-1,Echolocation,/mnt/ubna_data_01_mir/recover-20220705_unit2/20220705_050000.WAV,Foliage,recover-20220705_unit2,010,1795
238.1125,238.1249,25468.0,31162.0,Nyctalus leisleri,0.188,0.406,-1,Echolocation,/mnt/ubna_data_01_mir/recover-20220705_unit2/20220705_050000.WAV,Foliage,recover-20220705_unit2,010,1795
238.27949999999998,238.2928,26328.0,33048.0,Eptesicus serotinus,0.216,0.369,-1,Echolocation,/mnt/ubna_data_01_mir/recover-20220705_unit2/20220705_050000.WAV,Foliage,recover-20220705_unit2,010,1795
238.8095,238.8272,20312.0,25254.0,Nyctalus noctula,0.182,0.286,-1,Echolocation,/mnt/ubna_data_01_mir/recover-20220705_unit2/20220705_050000.WAV,Foliage,recover-20220705_unit2,010,1795
240.2825,240.2958,26328.0,32436.0,Eptesicus serotinus,0.191,0.318,-1,Echolocation,/mnt/ubna_data_01_mir/recover-20220705_unit2/20220705_050000.WAV,Foliage,recover-20220705_unit2,010,1795
240.4895,240.5041,26328.0,30235.0,Nyctalus leisleri,0.114,0.205,-1,Echolocation,/mnt/ubna_data_01_mir/recover-20220705_unit2/20220705_050000.WAV,Foliage,recover-20220705_unit2,010,1795
240.6295,240.6468,26328.0,30969.0,Nyctalus leisleri,0.148,0.292,-1,Echolocation,/mnt/ubna_data_01_mir/recover-20220705_unit2/20220705_050000.WAV,Foliage,recover-20220705_unit2,010,1795
240.6795,240.689,46953.0,53361.0,Pipistrellus pipistrellus,0.276,0.334,-1,Echolocation,/mnt/ubna_data_01_mir/recover-20220705_unit2/20220705_050000.WAV,Foliage,recover-20220705_unit2,010,1795
240.7675,240.7801,25468.0,30594.0,Nyctalus leisleri,0.183,0.341,-1,Echolocation,/mnt/ubna_data_01_mir/recover-20220705_unit2/20220705_050000.WAV,Foliage,recover-20220705_unit2,010,1795
240.8625,240.87,43515.0,58627.0,Pipistrellus nathusii,0.152,0.453,-1,Echolocation,/mnt/ubna_data_01_mir/recover-20220705_unit2/20220705_050000.WAV,Foliage,recover-20220705_unit2,010,1795
240.9405,240.9527,43515.0,49766.0,Pipistrellus pipistrellus,0.142,0.242,-1,Echolocation,/mnt/ubna_data_01_mir/recover-20220705_unit2/20220705_050000.WAV,Foliage,recover-20220705_unit2,010,1795
241.0195,241.0349,28046.0,32157.0,Eptesicus serotinus,0.11,0.23,-1,Echolocation,/mnt/ubna_data_01_mir/recover-20220705_unit2/20220705_050000.WAV,Foliage,recover-20220705_unit2,010,1795
241.0345,241.0468,43515.0,56585.0,Pipistrellus pipistrellus,0.157,0.341,-1,Echolocation,/mnt/ubna_data_01_mir/recover-20220705_unit2/20220705_050000.WAV,Foliage,recover-20220705_unit2,010,1795
241.1175,241.1244,42656.0,49241.0,Pipistrellus nathusii,0.416,0.525,-1,Echolocation,/mnt/ubna_data_01_mir/recover-20220705_unit2/20220705_050000.WAV,Foliage,recover-20220705_unit2,010,1795
241.2035,241.2137,42656.0,47986.0,Pipistrellus nathusii,0.298,0.422,-1,Echolocation,/mnt/ubna_data_01_mir/recover-20220705_unit2/20220705_050000.WAV,Foliage,recover-20220705_unit2,010,1795
241.2995,241.3092,42656.0,53311.0,Pipistrellus nathusii,0.24,0.446,-1,Echolocation,/mnt/ubna_data_01_mir/recover-20220705_unit2/20220705_050000.WAV,Foliage,recover-20220705_unit2,010,1795
241.5015,241.515,43515.0,55580.0,Pipistrellus nathusii,0.191,0.374,-1,Echolocation,/mnt/ubna_data_01_mir/recover-20220705_unit2/20220705_050000.WAV,Foliage,recover-20220705_unit2,010,1795
241.6545,241.6659,41796.0,49441.0,Pipistrellus nathusii,0.268,0.347,-1,Echolocation,/mnt/ubna_data_01_mir/recover-20220705_unit2/20220705_050000.WAV,Foliage,recover-20220705_unit2,010,1795
241.7345,241.7474,43515.0,55243.0,Pipistrellus pipistrellus,0.167,0.315,-1,Echolocation,/mnt/ubna_data_01_mir/recover-20220705_unit2/20220705_050000.WAV,Foliage,recover-20220705_unit2,010,1795
241.8695,241.8796,43515.0,51718.0,Pipistrellus nathusii,0.224,0.405,-1,Echolocation,/mnt/ubna_data_01_mir/recover-20220705_unit2/20220705_050000.WAV,Foliage,recover-20220705_unit2,010,1795
242.3185,242.3297,27187.0,33663.0,Eptesicus serotinus,0.169,0.309,-1,Echolocation,/mnt/ubna_data_01_mir/recover-20220705_unit2/20220705_050000.WAV,Foliage,recover-20220705_unit2,010,1795
242.5815,242.5927,27187.0,33756.0,Eptesicus serotinus,0.239,0.419,-1,Echolocation,/mnt/ubna_data_01_mir/recover-20220705_unit2/20220705_050000.WAV,Foliage,recover-20220705_unit2,010,1795
242.8475,242.8615,25468.0,30523.0,Nyctalus leisleri,0.1,0.216,-1,Echolocation,/mnt/ubna_data_01_mir/recover-20220705_unit2/20220705_050000.WAV,Foliage,recover-20220705_unit2,010,1795
245.7215,245.7346,25468.0,30814.0,Nyctalus leisleri,0.353,0.584,-1,Echolocation,/mnt/ubna_data_01_mir/recover-20220705_unit2/20220705_050000.WAV,Foliage,recover-20220705_unit2,010,1795
247.2245,247.2403,24609.0,29031.0,Nyctalus leisleri,0.126,0.239,-1,Echolocation,/mnt/ubna_data_01_mir/recover-20220705_unit2/20220705_050000.WAV,Foliage,recover-20220705_unit2,010,1795
247.4545,247.468,25468.0,29648.0,Nyctalus leisleri,0.145,0.265,-1,Echolocation,/mnt/ubna_data_01_mir/recover-20220705_unit2/20220705_050000.WAV,Foliage,recover-20220705_unit2,010,1795
248.2875,248.3015,25468.0,29461.0,Nyctalus leisleri,0.124,0.239,-1,Echolocation,/mnt/ubna_data_01_mir/recover-20220705_unit2/20220705_050000.WAV,Foliage,recover-20220705_unit2,010,1795
248.4085,248.4243,25468.0,29972.0,Nyctalus leisleri,0.118,0.24,-1,Echolocation,/mnt/ubna_data_01_mir/recover-20220705_unit2/20220705_050000.WAV,Foliage,recover-20220705_unit2,010,1795
248.6305,248.6445,26328.0,31874.0,Nyctalus leisleri,0.211,0.406,-1,Echolocation,/mnt/ubna_data_01_mir/recover-20220705_unit2/20220705_050000.WAV,Foliage,recover-20220705_unit2,010,1795
248.7555,248.7707,25468.0,32541.0,Eptesicus serotinus,0.261,0.498,-1,Echolocation,/mnt/ubna_data_01_mir/recover-20220705_unit2/20220705_050000.WAV,Foliage,recover-20220705_unit2,010,1795
248.9785,248.9926,25468.0,30935.0,Nyctalus leisleri,0.425,0.567,-1,Echolocation,/mnt/ubna_data_01_mir/recover-20220705_unit2/20220705_050000.WAV,Foliage,recover-20220705_unit2,010,1795
249.1115,249.1283,25468.0,30472.0,Nyctalus leisleri,0.289,0.432,-1,Echolocation,/mnt/ubna_data_01_mir/recover-20220705_unit2/20220705_050000.WAV,Foliage,recover-20220705_unit2,010,1795
249.3285,249.3434,25468.0,33157.0,Nyctalus leisleri,0.309,0.575,-1,Echolocation,/mnt/ubna_data_01_mir/recover-20220705_unit2/20220705_050000.WAV,Foliage,recover-20220705_unit2,010,1795
249.4595,249.4753,25468.0,31202.0,Nyctalus leisleri,0.359,0.571,-1,Echolocation,/mnt/ubna_data_01_mir/recover-20220705_unit2/20220705_050000.WAV,Foliage,recover-20220705_unit2,010,1795
249.6615,249.6767,25468.0,30744.0,Nyctalus leisleri,0.201,0.37,-1,Echolocation,/mnt/ubna_data_01_mir/recover-20220705_unit2/20220705_050000.WAV,Foliage,recover-20220705_unit2,010,1795
249.9005,249.9149,25468.0,32893.0,Nyctalus leisleri,0.308,0.582,-1,Echolocation,/mnt/ubna_data_01_mir/recover-20220705_unit2/20220705_050000.WAV,Foliage,recover-20220705_unit2,010,1795
250.0445,250.0605,25468.0,29251.0,Nyctalus leisleri,0.4,0.529,-1,Echolocation,/mnt/ubna_data_01_mir/recover-20220705_unit2/20220705_050000.WAV,Foliage,recover-20220705_unit2,010,1795
250.2465,250.26,25468.0,32224.0,Eptesicus serotinus,0.289,0.463,-1,Echolocation,/mnt/ubna_data_01_mir/recover-20220705_unit2/20220705_050000.WAV,Foliage,recover-20220705_unit2,010,1795
251.3505,251.3697,26328.0,31455.0,Nyctalus leisleri,0.182,0.358,-1,Echolocation,/mnt/ubna_data_01_mir/recover-20220705_unit2/20220705_050000.WAV,Foliage,recover-20220705_unit2,010,1795
251.4815,251.4946,26328.0,31673.0,Nyctalus leisleri,0.185,0.344,-1,Echolocation,/mnt/ubna_data_01_mir/recover-20220705_unit2/20220705_050000.WAV,Foliage,recover-20220705_unit2,010,1795
251.6045,251.6172,25468.0,34985.0,Eptesicus serotinus,0.38,0.543,-1,Echolocation,/mnt/ubna_data_01_mir/recover-20220705_unit2/20220705_050000.WAV,Foliage,recover-20220705_unit2,010,1795
252.6985,252.7101,27187.0,33949.0,Eptesicus serotinus,0.209,0.327,-1,Echolocation,/mnt/ubna_data_01_mir/recover-20220705_unit2/20220705_050000.WAV,Foliage,recover-20220705_unit2,010,1795
254.6045,254.6183,26328.0,32096.0,Nyctalus leisleri,0.253,0.475,-1,Echolocation,/mnt/ubna_data_01_mir/recover-20220705_unit2/20220705_050000.WAV,Foliage,recover-20220705_unit2,010,1795
254.8825,254.8959,25468.0,33917.0,Nyctalus leisleri,0.289,0.578,-1,Echolocation,/mnt/ubna_data_01_mir/recover-20220705_unit2/20220705_050000.WAV,Foliage,recover-20220705_unit2,010,1795
255.2495,255.2617,25468.0,31675.0,Nyctalus leisleri,0.423,0.599,-1,Echolocation,/mnt/ubna_data_01_mir/recover-20220705_unit2/20220705_050000.WAV,Foliage,recover-20220705_unit2,010,1795
255.6515,255.6675,24609.0,29794.0,Nyctalus leisleri,0.195,0.394,-1,Echolocation,/mnt/ubna_data_01_mir/recover-20220705_unit2/20220705_050000.WAV,Foliage,recover-20220705_unit2,010,1795
261.4045,261.4181,25468.0,30943.0,Nyctalus leisleri,0.299,0.5,-1,Echolocation,/mnt/ubna_data_01_mir/recover-20220705_unit2/20220705_050000.WAV,Foliage,recover-20220705_unit2,010,1795
261.5905,261.606,26328.0,31259.0,Nyctalus leisleri,0.125,0.235,-1,Echolocation,/mnt/ubna_data_01_mir/recover-20220705_unit2/20220705_050000.WAV,Foliage,recover-20220705_unit2,010,1795
261.9485,261.9615,25468.0,30262.0,Nyctalus leisleri,0.231,0.355,-1,Echolocation,/mnt/ubna_data_01_mir/recover-20220705_unit2/20220705_050000.WAV,Foliage,recover-20220705_unit2,010,1795
262.2005,262.2148,24609.0,30174.0,Nyctalus leisleri,0.393,0.634,-1,Echolocation,/mnt/ubna_data_01_mir/recover-20220705_unit2/20220705_050000.WAV,Foliage,recover-20220705_unit2,010,1795
262.3555,262.3702,25468.0,30842.0,Nyctalus leisleri,0.228,0.388,-1,Echolocation,/mnt/ubna_data_01_mir/recover-20220705_unit2/20220705_050000.WAV,Foliage,recover-20220705_unit2,010,1795
262.5035,262.5186,25468.0,29646.0,Nyctalus leisleri,0.415,0.568,-1,Echolocation,/mnt/ubna_data_01_mir/recover-20220705_unit2/20220705_050000.WAV,Foliage,recover-20220705_unit2,010,1795
262.7265,262.7411,25468.0,30705.0,Nyctalus leisleri,0.401,0.552,-1,Echolocation,/mnt/ubna_data_01_mir/recover-20220705_unit2/20220705_050000.WAV,Foliage,recover-20220705_unit2,010,1795
262.9575,262.9704,25468.0,30216.0,Nyctalus leisleri,0.185,0.383,-1,Echolocation,/mnt/ubna_data_01_mir/recover-20220705_unit2/20220705_050000.WAV,Foliage,recover-20220705_unit2,010,1795
263.1065,263.1243,24609.0,29582.0,Nyctalus leisleri,0.238,0.393,-1,Echolocation,/mnt/ubna_data_01_mir/recover-20220705_unit2/20220705_050000.WAV,Foliage,recover-20220705_unit2,010,1795
265.3795,265.3952,25468.0,30809.0,Nyctalus leisleri,0.25,0.451,-1,Echolocation,/mnt/ubna_data_01_mir/recover-20220705_unit2/20220705_050000.WAV,Foliage,recover-20220705_unit2,010,1795
265.7245,265.7359,25468.0,31058.0,Nyctalus leisleri,0.386,0.573,-1,Echolocation,/mnt/ubna_data_01_mir/recover-20220705_unit2/20220705_050000.WAV,Foliage,recover-20220705_unit2,010,1795
266.1015,266.116,25468.0,30702.0,Eptesicus serotinus,0.163,0.357,-1,Echolocation,/mnt/ubna_data_01_mir/recover-20220705_unit2/20220705_050000.WAV,Foliage,recover-20220705_unit2,010,1795
270.0225,270.0357,24609.0,30206.0,Nyctalus leisleri,0.359,0.588,-1,Echolocation,/mnt/ubna_data_01_mir/recover-20220705_unit2/20220705_050000.WAV,Foliage,recover-20220705_unit2,010,1795
270.1685,270.1848,25468.0,30150.0,Nyctalus leisleri,0.116,0.239,-1,Echolocation,/mnt/ubna_data_01_mir/recover-20220705_unit2/20220705_050000.WAV,Foliage,recover-20220705_unit2,010,1795
270.5065,270.5209,26328.0,31359.0,Nyctalus leisleri,0.335,0.509,-1,Echolocation,/mnt/ubna_data_01_mir/recover-20220705_unit2/20220705_050000.WAV,Foliage,recover-20220705_unit2,010,1795
270.6135,270.629,40078.0,43525.0,Pipistrellus nathusii,0.197,0.206,-1,Echolocation,/mnt/ubna_data_01_mir/recover-20220705_unit2/20220705_050000.WAV,Foliage,recover-20220705_unit2,010,1795
270.8825,270.8972,25468.0,29981.0,Nyctalus leisleri,0.145,0.269,-1,Echolocation,/mnt/ubna_data_01_mir/recover-20220705_unit2/20220705_050000.WAV,Foliage,recover-20220705_unit2,010,1795
271.0965,271.118,24609.0,29231.0,Nyctalus leisleri,0.171,0.294,-1,Echolocation,/mnt/ubna_data_01_mir/recover-20220705_unit2/20220705_050000.WAV,Foliage,recover-20220705_unit2,010,1795
271.3205,271.3368,25468.0,30844.0,Nyctalus leisleri,0.255,0.422,-1,Echolocation,/mnt/ubna_data_01_mir/recover-20220705_unit2/20220705_050000.WAV,Foliage,recover-20220705_unit2,010,1795
271.5535,271.5656,25468.0,30952.0,Nyctalus leisleri,0.254,0.462,-1,Echolocation,/mnt/ubna_data_01_mir/recover-20220705_unit2/20220705_050000.WAV,Foliage,recover-20220705_unit2,010,1795
271.7635,271.7759,25468.0,33164.0,Eptesicus serotinus,0.338,0.641,-1,Echolocation,/mnt/ubna_data_01_mir/recover-20220705_unit2/20220705_050000.WAV,Foliage,recover-20220705_unit2,010,1795
271.8945,271.905,27187.0,33462.0,Nyctalus leisleri,0.243,0.522,-1,Echolocation,/mnt/ubna_data_01_mir/recover-20220705_unit2/20220705_050000.WAV,Foliage,recover-20220705_unit2,010,1795
272.8495,272.8702,24609.0,29217.0,Nyctalus leisleri,0.147,0.238,-1,Echolocation,/mnt/ubna_data_01_mir/recover-20220705_unit2/20220705_050000.WAV,Foliage,recover-20220705_unit2,010,1795
273.4495,273.4652,24609.0,28246.0,Nyctalus leisleri,0.6,0.669,-1,Echolocation,/mnt/ubna_data_01_mir/recover-20220705_unit2/20220705_050000.WAV,Foliage,recover-20220705_unit2,010,1795
273.6845,273.6981,24609.0,27812.0,Nyctalus leisleri,0.589,0.672,-1,Echolocation,/mnt/ubna_data_01_mir/recover-20220705_unit2/20220705_050000.WAV,Foliage,recover-20220705_unit2,010,1795
273.9425,273.9574,23750.0,27434.0,Nyctalus leisleri,0.671,0.715,-1,Echolocation,/mnt/ubna_data_01_mir/recover-20220705_unit2/20220705_050000.WAV,Foliage,recover-20220705_unit2,010,1795
274.1855,274.2005,23750.0,28725.0,Nyctalus leisleri,0.53,0.627,-1,Echolocation,/mnt/ubna_data_01_mir/recover-20220705_unit2/20220705_050000.WAV,Foliage,recover-20220705_unit2,010,1795
274.4045,274.423,23750.0,28244.0,Nyctalus leisleri,0.417,0.519,-1,Echolocation,/mnt/ubna_data_01_mir/recover-20220705_unit2/20220705_050000.WAV,Foliage,recover-20220705_unit2,010,1795
274.8455,274.8642,24609.0,27723.0,Nyctalus leisleri,0.221,0.285,-1,Echolocation,/mnt/ubna_data_01_mir/recover-20220705_unit2/20220705_050000.WAV,Foliage,recover-20220705_unit2,010,1795
275.2015,275.2142,24609.0,29867.0,Nyctalus leisleri,0.153,0.319,-1,Echolocation,/mnt/ubna_data_01_mir/recover-20220705_unit2/20220705_050000.WAV,Foliage,recover-20220705_unit2,010,1795
275.3145,275.3381,23750.0,27338.0,Nyctalus leisleri,0.148,0.204,-1,Echolocation,/mnt/ubna_data_01_mir/recover-20220705_unit2/20220705_050000.WAV,Foliage,recover-20220705_unit2,010,1795
275.7475,275.7728,23750.0,27695.0,Nyctalus leisleri,0.181,0.25,-1,Echolocation,/mnt/ubna_data_01_mir/recover-20220705_unit2/20220705_050000.WAV,Foliage,recover-20220705_unit2,010,1795
276.2195,276.2402,23750.0,28025.0,Nyctalus leisleri,0.125,0.219,-1,Echolocation,/mnt/ubna_data_01_mir/recover-20220705_unit2/20220705_050000.WAV,Foliage,recover-20220705_unit2,010,1795
276.7105,276.7324,22890.0,26628.0,Nyctalus leisleri,0.104,0.222,-1,Echolocation,/mnt/ubna_data_01_mir/recover-20220705_unit2/20220705_050000.WAV,Foliage,recover-20220705_unit2,010,1795
277.9615,277.9745,24609.0,29143.0,Nyctalus leisleri,0.352,0.536,-1,Echolocation,/mnt/ubna_data_01_mir/recover-20220705_unit2/20220705_050000.WAV,Foliage,recover-20220705_unit2,010,1795
279.16949999999997,279.1863,24609.0,29440.0,Nyctalus leisleri,0.295,0.446,-1,Echolocation,/mnt/ubna_data_01_mir/recover-20220705_unit2/20220705_050000.WAV,Foliage,recover-20220705_unit2,010,1795
279.3985,279.4123,25468.0,30273.0,Nyctalus leisleri,0.236,0.406,-1,Echolocation,/mnt/ubna_data_01_mir/recover-20220705_unit2/20220705_050000.WAV,Foliage,recover-20220705_unit2,010,1795
279.6175,279.6295,25468.0,29620.0,Nyctalus leisleri,0.241,0.408,-1,Echolocation,/mnt/ubna_data_01_mir/recover-20220705_unit2/20220705_050000.WAV,Foliage,recover-20220705_unit2,010,1795
279.7535,279.7696,25468.0,29775.0,Nyctalus leisleri,0.118,0.211,-1,Echolocation,/mnt/ubna_data_01_mir/recover-20220705_unit2/20220705_050000.WAV,Foliage,recover-20220705_unit2,010,1795
279.9685,279.9813,25468.0,32075.0,Nyctalus leisleri,0.35,0.639,-1,Echolocation,/mnt/ubna_data_01_mir/recover-20220705_unit2/20220705_050000.WAV,Foliage,recover-20220705_unit2,010,1795
280.1005,280.1103,26328.0,34169.0,Nyctalus leisleri,0.408,0.715,-1,Echolocation,/mnt/ubna_data_01_mir/recover-20220705_unit2/20220705_050000.WAV,Foliage,recover-20220705_unit2,010,1795
282.1195,282.132,26328.0,30811.0,Nyctalus leisleri,0.443,0.61,-1,Echolocation,/mnt/ubna_data_01_mir/recover-20220705_unit2/20220705_050000.WAV,Foliage,recover-20220705_unit2,010,1795
282.5275,282.5412,24609.0,30155.0,Nyctalus leisleri,0.29,0.489,-1,Echolocation,/mnt/ubna_data_01_mir/recover-20220705_unit2/20220705_050000.WAV,Foliage,recover-20220705_unit2,010,1795
285.1315,285.1442,25468.0,31135.0,Nyctalus leisleri,0.269,0.527,-1,Echolocation,/mnt/ubna_data_01_mir/recover-20220705_unit2/20220705_050000.WAV,Foliage,recover-20220705_unit2,010,1795
285.3155,285.3277,25468.0,31277.0,Nyctalus leisleri,0.256,0.461,-1,Echolocation,/mnt/ubna_data_01_mir/recover-20220705_unit2/20220705_050000.WAV,Foliage,recover-20220705_unit2,010,1795
285.5235,285.5349,26328.0,33299.0,Eptesicus serotinus,0.292,0.52,-1,Echolocation,/mnt/ubna_data_01_mir/recover-20220705_unit2/20220705_050000.WAV,Foliage,recover-20220705_unit2,010,1795
285.6565,285.6681,26328.0,31620.0,Nyctalus leisleri,0.326,0.513,-1,Echolocation,/mnt/ubna_data_01_mir/recover-20220705_unit2/20220705_050000.WAV,Foliage,recover-20220705_unit2,010,1795
285.9065,285.9192,26328.0,31024.0,Eptesicus serotinus,0.123,0.244,-1,Echolocation,/mnt/ubna_data_01_mir/recover-20220705_unit2/20220705_050000.WAV,Foliage,recover-20220705_unit2,010,1795
286.1875,286.1991,26328.0,32232.0,Eptesicus serotinus,0.173,0.299,-1,Echolocation,/mnt/ubna_data_01_mir/recover-20220705_unit2/20220705_050000.WAV,Foliage,recover-20220705_unit2,010,1795
287.2515,287.2683,26328.0,30743.0,Nyctalus leisleri,0.235,0.36,-1,Echolocation,/mnt/ubna_data_01_mir/recover-20220705_unit2/20220705_050000.WAV,Foliage,recover-20220705_unit2,010,1795
287.3925,287.4025,27187.0,32922.0,Eptesicus serotinus,0.261,0.448,-1,Echolocation,/mnt/ubna_data_01_mir/recover-20220705_unit2/20220705_050000.WAV,Foliage,recover-20220705_unit2,010,1795
287.5165,287.5308,26328.0,30522.0,Nyctalus leisleri,0.199,0.325,-1,Echolocation,/mnt/ubna_data_01_mir/recover-20220705_unit2/20220705_050000.WAV,Foliage,recover-20220705_unit2,010,1795
287.6325,287.6479,27187.0,32467.0,Eptesicus serotinus,0.111,0.208,-1,Echolocation,/mnt/ubna_data_01_mir/recover-20220705_unit2/20220705_050000.WAV,Foliage,recover-20220705_unit2,010,1795
287.9445,287.9598,27187.0,31996.0,Eptesicus serotinus,0.094,0.204,-1,Echolocation,/mnt/ubna_data_01_mir/recover-20220705_unit2/20220705_050000.WAV,Foliage,recover-20220705_unit2,010,1795
288.3175,288.3335,24609.0,29329.0,Nyctalus leisleri,0.263,0.4,-1,Echolocation,/mnt/ubna_data_01_mir/recover-20220705_unit2/20220705_050000.WAV,Foliage,recover-20220705_unit2,010,1795
288.4465,288.4531,40937.0,56949.0,Pipistrellus nathusii,0.142,0.353,-1,Echolocation,/mnt/ubna_data_01_mir/recover-20220705_unit2/20220705_050000.WAV,Foliage,recover-20220705_unit2,010,1795
288.6875,288.7081,25468.0,29696.0,Nyctalus leisleri,0.225,0.315,-1,Echolocation,/mnt/ubna_data_01_mir/recover-20220705_unit2/20220705_050000.WAV,Foliage,recover-20220705_unit2,010,1795
288.7125,288.7223,41796.0,54973.0,Pipistrellus nathusii,0.388,0.446,-1,Echolocation,/mnt/ubna_data_01_mir/recover-20220705_unit2/20220705_050000.WAV,Foliage,recover-20220705_unit2,010,1795
289.0705,289.09159999999997,24609.0,28769.0,Nyctalus leisleri,0.261,0.352,-1,Echolocation,/mnt/ubna_data_01_mir/recover-20220705_unit2/20220705_050000.WAV,Foliage,recover-20220705_unit2,010,1795
289.1745,289.18240000000003,40937.0,52480.0,Pipistrellus nathusii,0.28,0.396,-1,Echolocation,/mnt/ubna_data_01_mir/recover-20220705_unit2/20220705_050000.WAV,Foliage,recover-20220705_unit2,010,1795
289.3525,289.3631,40937.0,45119.0,Pipistrellus nathusii,0.227,0.251,-1,Echolocation,/mnt/ubna_data_01_mir/recover-20220705_unit2/20220705_050000.WAV,Foliage,recover-20220705_unit2,010,1795
289.5265,289.5324,40937.0,54252.0,Pipistrellus nathusii,0.233,0.405,-1,Echolocation,/mnt/ubna_data_01_mir/recover-20220705_unit2/20220705_050000.WAV,Foliage,recover-20220705_unit2,010,1795
289.5525,289.56759999999997,23750.0,28794.0,Nyctalus leisleri,0.156,0.301,-1,Echolocation,/mnt/ubna_data_01_mir/recover-20220705_unit2/20220705_050000.WAV,Foliage,recover-20220705_unit2,010,1795
301.4505,301.4646,25468.0,29647.0,Nyctalus leisleri,0.199,0.325,-1,Echolocation,/mnt/ubna_data_01_mir/recover-20220705_unit2/20220705_050000.WAV,Foliage,recover-20220705_unit2,010,1795
303.5585,303.5743,25468.0,30943.0,Nyctalus leisleri,0.211,0.374,-1,Echolocation,/mnt/ubna_data_01_mir/recover-20220705_unit2/20220705_050000.WAV,Foliage,recover-20220705_unit2,010,1795
303.9265,303.9419,24609.0,31015.0,Nyctalus leisleri,0.359,0.556,-1,Echolocation,/mnt/ubna_data_01_mir/recover-20220705_unit2/20220705_050000.WAV,Foliage,recover-20220705_unit2,010,1795
304.0745,304.09159999999997,24609.0,29095.0,Nyctalus leisleri,0.141,0.246,-1,Echolocation,/mnt/ubna_data_01_mir/recover-20220705_unit2/20220705_050000.WAV,Foliage,recover-20220705_unit2,010,1795
304.3035,304.319,24609.0,30419.0,Nyctalus leisleri,0.421,0.62,-1,Echolocation,/mnt/ubna_data_01_mir/recover-20220705_unit2/20220705_050000.WAV,Foliage,recover-20220705_unit2,010,1795
304.4575,304.4725,24609.0,28538.0,Nyctalus leisleri,0.29,0.423,-1,Echolocation,/mnt/ubna_data_01_mir/recover-20220705_unit2/20220705_050000.WAV,Foliage,recover-20220705_unit2,010,1795
304.6865,304.7013,24609.0,30109.0,Nyctalus leisleri,0.436,0.589,-1,Echolocation,/mnt/ubna_data_01_mir/recover-20220705_unit2/20220705_050000.WAV,Foliage,recover-20220705_unit2,010,1795
305.0865,305.1013,24609.0,30947.0,Nyctalus leisleri,0.351,0.606,-1,Echolocation,/mnt/ubna_data_01_mir/recover-20220705_unit2/20220705_050000.WAV,Foliage,recover-20220705_unit2,010,1795
305.2745,305.2916,25468.0,29107.0,Nyctalus leisleri,0.353,0.457,-1,Echolocation,/mnt/ubna_data_01_mir/recover-20220705_unit2/20220705_050000.WAV,Foliage,recover-20220705_unit2,010,1795
305.4575,305.4758,24609.0,28770.0,Nyctalus leisleri,0.194,0.294,-1,Echolocation,/mnt/ubna_data_01_mir/recover-20220705_unit2/20220705_050000.WAV,Foliage,recover-20220705_unit2,010,1795
305.6185,305.6353,24609.0,30049.0,Nyctalus leisleri,0.425,0.574,-1,Echolocation,/mnt/ubna_data_01_mir/recover-20220705_unit2/20220705_050000.WAV,Foliage,recover-20220705_unit2,010,1795
306.0135,306.0332,24609.0,29372.0,Nyctalus leisleri,0.095,0.222,-1,Echolocation,/mnt/ubna_data_01_mir/recover-20220705_unit2/20220705_050000.WAV,Foliage,recover-20220705_unit2,010,1795
306.4255,306.4429,24609.0,29650.0,Nyctalus leisleri,0.204,0.338,-1,Echolocation,/mnt/ubna_data_01_mir/recover-20220705_unit2/20220705_050000.WAV,Foliage,recover-20220705_unit2,010,1795
307.1975,307.21659999999997,24609.0,29060.0,Nyctalus leisleri,0.128,0.222,-1,Echolocation,/mnt/ubna_data_01_mir/recover-20220705_unit2/20220705_050000.WAV,Foliage,recover-20220705_unit2,010,1795
307.5775,307.5934,28906.0,33212.0,Eptesicus serotinus,0.106,0.217,-1,Echolocation,/mnt/ubna_data_01_mir/recover-20220705_unit2/20220705_050000.WAV,Foliage,recover-20220705_unit2,010,1795
315.0785,315.0938,23750.0,28413.0,Nyctalus leisleri,0.501,0.622,-1,Echolocation,/mnt/ubna_data_01_mir/recover-20220705_unit2/20220705_050000.WAV,Foliage,recover-20220705_unit2,010,1795
315.4785,315.4936,24609.0,28769.0,Nyctalus leisleri,0.406,0.562,-1,Echolocation,/mnt/ubna_data_01_mir/recover-20220705_unit2/20220705_050000.WAV,Foliage,recover-20220705_unit2,010,1795
315.6525,315.667,24609.0,29985.0,Nyctalus leisleri,0.323,0.53,-1,Echolocation,/mnt/ubna_data_01_mir/recover-20220705_unit2/20220705_050000.WAV,Foliage,recover-20220705_unit2,010,1795
316.6295,316.6491,25468.0,29670.0,Nyctalus leisleri,0.132,0.229,-1,Echolocation,/mnt/ubna_data_01_mir/recover-20220705_unit2/20220705_050000.WAV,Foliage,recover-20220705_unit2,010,1795
316.9545,316.9669,25468.0,31665.0,Eptesicus serotinus,0.21,0.378,-1,Echolocation,/mnt/ubna_data_01_mir/recover-20220705_unit2/20220705_050000.WAV,Foliage,recover-20220705_unit2,010,1795
318.0855,318.0994,26328.0,31933.0,Nyctalus leisleri,0.275,0.54,-1,Echolocation,/mnt/ubna_data_01_mir/recover-20220705_unit2/20220705_050000.WAV,Foliage,recover-20220705_unit2,010,1795
323.9805,323.9938,26328.0,30804.0,Nyctalus leisleri,0.156,0.313,-1,Echolocation,/mnt/ubna_data_01_mir/recover-20220705_unit2/20220705_050000.WAV,Foliage,recover-20220705_unit2,010,1795
324.2075,324.22,25468.0,33646.0,Eptesicus serotinus,0.315,0.545,-1,Echolocation,/mnt/ubna_data_01_mir/recover-20220705_unit2/20220705_050000.WAV,Foliage,recover-20220705_unit2,010,1795
324.3875,324.3993,26328.0,32017.0,Nyctalus leisleri,0.464,0.656,-1,Echolocation,/mnt/ubna_data_01_mir/recover-20220705_unit2/20220705_050000.WAV,Foliage,recover-20220705_unit2,010,1795
325.7475,325.762,25468.0,31024.0,Nyctalus leisleri,0.105,0.222,-1,Echolocation,/mnt/ubna_data_01_mir/recover-20220705_unit2/20220705_050000.WAV,Foliage,recover-20220705_unit2,010,1795
325.8785,325.8928,26328.0,30778.0,Nyctalus leisleri,0.237,0.388,-1,Echolocation,/mnt/ubna_data_01_mir/recover-20220705_unit2/20220705_050000.WAV,Foliage,recover-20220705_unit2,010,1795
326.0115,326.0252,26328.0,32939.0,Eptesicus serotinus,0.206,0.441,-1,Echolocation,/mnt/ubna_data_01_mir/recover-20220705_unit2/20220705_050000.WAV,Foliage,recover-20220705_unit2,010,1795
326.3935,326.4085,24609.0,29958.0,Nyctalus leisleri,0.265,0.45,-1,Echolocation,/mnt/ubna_data_01_mir/recover-20220705_unit2/20220705_050000.WAV,Foliage,recover-20220705_unit2,010,1795
326.8495,326.8693,25468.0,29064.0,Nyctalus leisleri,0.308,0.378,-1,Echolocation,/mnt/ubna_data_01_mir/recover-20220705_unit2/20220705_050000.WAV,Foliage,recover-20220705_unit2,010,1795
327.8505,327.87239999999997,23750.0,28049.0,Nyctalus leisleri,0.199,0.318,-1,Echolocation,/mnt/ubna_data_01_mir/recover-20220705_unit2/20220705_050000.WAV,Foliage,recover-20220705_unit2,010,1795
347.1315,347.1597,17734.0,20443.0,Nyctalus noctula,0.21,0.265,-1,Echolocation,/mnt/ubna_data_01_mir/recover-20220705_unit2/20220705_050000.WAV,Foliage,recover-20220705_unit2,010,1795
351.8325,351.8458,23750.0,28897.0,Nyctalus leisleri,0.146,0.266,-1,Echolocation,/mnt/ubna_data_01_mir/recover-20220705_unit2/20220705_050000.WAV,Foliage,recover-20220705_unit2,010,1795
380.0485,380.0598,46953.0,49961.0,Pipistrellus pipistrellus,0.197,0.223,-1,Echolocation,/mnt/ubna_data_01_mir/recover-20220705_unit2/20220705_050000.WAV,Foliage,recover-20220705_unit2,010,1795
385.0935,385.1164,20312.0,23927.0,Nyctalus noctula,0.129,0.204,-1,Echolocation,/mnt/ubna_data_01_mir/recover-20220705_unit2/20220705_050000.WAV,Foliage,recover-20220705_unit2,010,1795
389.3485,389.362,27187.0,32111.0,Eptesicus serotinus,0.146,0.291,-1,Echolocation,/mnt/ubna_data_01_mir/recover-20220705_unit2/20220705_050000.WAV,Foliage,recover-20220705_unit2,010,1795
391.3275,391.3392,27187.0,32141.0,Nyctalus leisleri,0.457,0.639,-1,Echolocation,/mnt/ubna_data_01_mir/recover-20220705_unit2/20220705_050000.WAV,Foliage,recover-20220705_unit2,010,1795
391.5155,391.5271,27187.0,33509.0,Nyctalus leisleri,0.438,0.689,-1,Echolocation,/mnt/ubna_data_01_mir/recover-20220705_unit2/20220705_050000.WAV,Foliage,recover-20220705_unit2,010,1795
391.7365,391.7496,27187.0,32687.0,Nyctalus leisleri,0.357,0.657,-1,Echolocation,/mnt/ubna_data_01_mir/recover-20220705_unit2/20220705_050000.WAV,Foliage,recover-20220705_unit2,010,1795
391.9825,391.9969,26328.0,31191.0,Nyctalus leisleri,0.357,0.659,-1,Echolocation,/mnt/ubna_data_01_mir/recover-20220705_unit2/20220705_050000.WAV,Foliage,recover-20220705_unit2,010,1795
392.2325,392.2457,26328.0,30495.0,Nyctalus leisleri,0.557,0.649,-1,Echolocation,/mnt/ubna_data_01_mir/recover-20220705_unit2/20220705_050000.WAV,Foliage,recover-20220705_unit2,010,1795
392.4735,392.4922,26328.0,29754.0,Nyctalus leisleri,0.348,0.452,-1,Echolocation,/mnt/ubna_data_01_mir/recover-20220705_unit2/20220705_050000.WAV,Foliage,recover-20220705_unit2,010,1795
392.6835,392.6952,27187.0,33577.0,Nyctalus leisleri,0.388,0.702,-1,Echolocation,/mnt/ubna_data_01_mir/recover-20220705_unit2/20220705_050000.WAV,Foliage,recover-20220705_unit2,010,1795
392.9535,392.9723,26328.0,29469.0,Nyctalus leisleri,0.174,0.253,-1,Echolocation,/mnt/ubna_data_01_mir/recover-20220705_unit2/20220705_050000.WAV,Foliage,recover-20220705_unit2,010,1795
393.1955,393.2094,26328.0,30150.0,Nyctalus leisleri,0.395,0.593,-1,Echolocation,/mnt/ubna_data_01_mir/recover-20220705_unit2/20220705_050000.WAV,Foliage,recover-20220705_unit2,010,1795
393.6735,393.6881,26328.0,30095.0,Nyctalus leisleri,0.484,0.592,-1,Echolocation,/mnt/ubna_data_01_mir/recover-20220705_unit2/20220705_050000.WAV,Foliage,recover-20220705_unit2,010,1795
394.1415,394.1563,26328.0,29399.0,Nyctalus leisleri,0.357,0.609,-1,Echolocation,/mnt/ubna_data_01_mir/recover-20220705_unit2/20220705_050000.WAV,Foliage,recover-20220705_unit2,010,1795
394.3805,394.3966,26328.0,30028.0,Nyctalus leisleri,0.137,0.203,-1,Echolocation,/mnt/ubna_data_01_mir/recover-20220705_unit2/20220705_050000.WAV,Foliage,recover-20220705_unit2,010,1795
394.7535,394.7667,26328.0,29190.0,Nyctalus leisleri,0.442,0.558,-1,Echolocation,/mnt/ubna_data_01_mir/recover-20220705_unit2/20220705_050000.WAV,Foliage,recover-20220705_unit2,010,1795
394.9895,395.0065,25468.0,28937.0,Nyctalus leisleri,0.364,0.484,-1,Echolocation,/mnt/ubna_data_01_mir/recover-20220705_unit2/20220705_050000.WAV,Foliage,recover-20220705_unit2,010,1795
395.2275,395.2403,26328.0,30565.0,Nyctalus leisleri,0.44,0.589,-1,Echolocation,/mnt/ubna_data_01_mir/recover-20220705_unit2/20220705_050000.WAV,Foliage,recover-20220705_unit2,010,1795
398.9825,398.9922,46093.0,55610.0,Pipistrellus pipistrellus,0.188,0.232,-1,Echolocation,/mnt/ubna_data_01_mir/recover-20220705_unit2/20220705_050000.WAV,Foliage,recover-20220705_unit2,010,1795
400.4945,400.5017,46953.0,56941.0,Pipistrellus pipistrellus,0.413,0.456,-1,Echolocation,/mnt/ubna_data_01_mir/recover-20220705_unit2/20220705_050000.WAV,Foliage,recover-20220705_unit2,010,1795
400.6655,400.6734,43515.0,60221.0,Pipistrellus pipistrellus,0.1,0.317,-1,Echolocation,/mnt/ubna_data_01_mir/recover-20220705_unit2/20220705_050000.WAV,Foliage,recover-20220705_unit2,010,1795
400.9385,400.9451,43515.0,59045.0,Pipistrellus pipistrellus,0.156,0.463,-1,Echolocation,/mnt/ubna_data_01_mir/recover-20220705_unit2/20220705_050000.WAV,Foliage,recover-20220705_unit2,010,1795
401.0155,401.0234,44375.0,59318.0,Pipistrellus pipistrellus,0.125,0.273,-1,Echolocation,/mnt/ubna_data_01_mir/recover-20220705_unit2/20220705_050000.WAV,Foliage,recover-20220705_unit2,010,1795
401.1995,401.2057,44375.0,58880.0,Pipistrellus pipistrellus,0.221,0.449,-1,Echolocation,/mnt/ubna_data_01_mir/recover-20220705_unit2/20220705_050000.WAV,Foliage,recover-20220705_unit2,010,1795
401.4045,401.4109,43515.0,62074.0,Pipistrellus pipistrellus,0.136,0.447,-1,Echolocation,/mnt/ubna_data_01_mir/recover-20220705_unit2/20220705_050000.WAV,Foliage,recover-20220705_unit2,010,1795
401.5865,401.5923,43515.0,57425.0,Myotis daubentonii,0.049,0.242,-1,Echolocation,/mnt/ubna_data_01_mir/recover-20220705_unit2/20220705_050000.WAV,Foliage,recover-20220705_unit2,010,1795
404.5715,404.5804,43515.0,48102.0,Pipistrellus pipistrellus,0.462,0.545,-1,Echolocation,/mnt/ubna_data_01_mir/recover-20220705_unit2/20220705_050000.WAV,Foliage,recover-20220705_unit2,010,1795
404.6615,404.6693,43515.0,51221.0,Pipistrellus pipistrellus,0.509,0.603,-1,Echolocation,/mnt/ubna_data_01_mir/recover-20220705_unit2/20220705_050000.WAV,Foliage,recover-20220705_unit2,010,1795
404.7525,404.7609,43515.0,50689.0,Pipistrellus pipistrellus,0.511,0.624,-1,Echolocation,/mnt/ubna_data_01_mir/recover-20220705_unit2/20220705_050000.WAV,Foliage,recover-20220705_unit2,010,1795
404.9265,404.9342,43515.0,49284.0,Pipistrellus pipistrellus,0.478,0.634,-1,Echolocation,/mnt/ubna_data_01_mir/recover-20220705_unit2/20220705_050000.WAV,Foliage,recover-20220705_unit2,010,1795
405.1885,405.1971,43515.0,52440.0,Pipistrellus pipistrellus,0.514,0.633,-1,Echolocation,/mnt/ubna_data_01_mir/recover-20220705_unit2/20220705_050000.WAV,Foliage,recover-20220705_unit2,010,1795
405.3775,405.3829,43515.0,58266.0,Pipistrellus pipistrellus,0.608,0.65,-1,Echolocation,/mnt/ubna_data_01_mir/recover-20220705_unit2/20220705_050000.WAV,Foliage,recover-20220705_unit2,010,1795
405.5705,405.5802,42656.0,54971.0,Pipistrellus pipistrellus,0.266,0.402,-1,Echolocation,/mnt/ubna_data_01_mir/recover-20220705_unit2/20220705_050000.WAV,Foliage,recover-20220705_unit2,010,1795
405.6675,405.6736,44375.0,52120.0,Pipistrellus pipistrellus,0.531,0.559,-1,Echolocation,/mnt/ubna_data_01_mir/recover-20220705_unit2/20220705_050000.WAV,Foliage,recover-20220705_unit2,010,1795
405.7595,405.7653,43515.0,59200.0,Pipistrellus pipistrellus,0.585,0.683,-1,Echolocation,/mnt/ubna_data_01_mir/recover-20220705_unit2/20220705_050000.WAV,Foliage,recover-20220705_unit2,010,1795
405.8425,405.8488,43515.0,62277.0,Pipistrellus pipistrellus,0.549,0.688,-1,Echolocation,/mnt/ubna_data_01_mir/recover-20220705_unit2/20220705_050000.WAV,Foliage,recover-20220705_unit2,010,1795
405.9345,405.9402,43515.0,54127.0,Pipistrellus pipistrellus,0.571,0.627,-1,Echolocation,/mnt/ubna_data_01_mir/recover-20220705_unit2/20220705_050000.WAV,Foliage,recover-20220705_unit2,010,1795
406.0225,406.0284,42656.0,64688.0,Pipistrellus pipistrellus,0.592,0.685,-1,Echolocation,/mnt/ubna_data_01_mir/recover-20220705_unit2/20220705_050000.WAV,Foliage,recover-20220705_unit2,010,1795
406.1225,406.128,43515.0,52778.0,Pipistrellus pipistrellus,0.591,0.62,-1,Echolocation,/mnt/ubna_data_01_mir/recover-20220705_unit2/20220705_050000.WAV,Foliage,recover-20220705_unit2,010,1795
406.2165,406.2224,42656.0,64870.0,Pipistrellus pipistrellus,0.631,0.689,-1,Echolocation,/mnt/ubna_data_01_mir/recover-20220705_unit2/20220705_050000.WAV,Foliage,recover-20220705_unit2,010,1795
406.3165,406.3225,42656.0,53338.0,Pipistrellus pipistrellus,0.544,0.667,-1,Echolocation,/mnt/ubna_data_01_mir/recover-20220705_unit2/20220705_050000.WAV,Foliage,recover-20220705_unit2,010,1795
406.4045,406.4113,43515.0,62590.0,Pipistrellus pipistrellus,0.613,0.769,-1,Echolocation,/mnt/ubna_data_01_mir/recover-20220705_unit2/20220705_050000.WAV,Foliage,recover-20220705_unit2,010,1795
406.4845,406.491,42656.0,61104.0,Pipistrellus pipistrellus,0.568,0.632,-1,Echolocation,/mnt/ubna_data_01_mir/recover-20220705_unit2/20220705_050000.WAV,Foliage,recover-20220705_unit2,010,1795
406.6375,406.64549999999997,43515.0,65754.0,Pipistrellus pipistrellus,0.622,0.768,-1,Echolocation,/mnt/ubna_data_01_mir/recover-20220705_unit2/20220705_050000.WAV,Foliage,recover-20220705_unit2,010,1795
406.7285,406.7355,42656.0,61615.0,Pipistrellus pipistrellus,0.418,0.564,-1,Echolocation,/mnt/ubna_data_01_mir/recover-20220705_unit2/20220705_050000.WAV,Foliage,recover-20220705_unit2,010,1795
406.8475,406.854,43515.0,58203.0,Pipistrellus pipistrellus,0.472,0.605,-1,Echolocation,/mnt/ubna_data_01_mir/recover-20220705_unit2/20220705_050000.WAV,Foliage,recover-20220705_unit2,010,1795
406.9395,406.9459,41796.0,67011.0,Pipistrellus pipistrellus,0.443,0.615,-1,Echolocation,/mnt/ubna_data_01_mir/recover-20220705_unit2/20220705_050000.WAV,Foliage,recover-20220705_unit2,010,1795
407.0345,407.0398,42656.0,55574.0,Pipistrellus pipistrellus,0.435,0.539,-1,Echolocation,/mnt/ubna_data_01_mir/recover-20220705_unit2/20220705_050000.WAV,Foliage,recover-20220705_unit2,010,1795
407.1355,407.1418,43515.0,65655.0,Pipistrellus pipistrellus,0.521,0.649,-1,Echolocation,/mnt/ubna_data_01_mir/recover-20220705_unit2/20220705_050000.WAV,Foliage,recover-20220705_unit2,010,1795
407.2145,407.2198,44375.0,58096.0,Pipistrellus pipistrellus,0.484,0.549,-1,Echolocation,/mnt/ubna_data_01_mir/recover-20220705_unit2/20220705_050000.WAV,Foliage,recover-20220705_unit2,010,1795
407.3065,407.3121,42656.0,61939.0,Pipistrellus pipistrellus,0.605,0.655,-1,Echolocation,/mnt/ubna_data_01_mir/recover-20220705_unit2/20220705_050000.WAV,Foliage,recover-20220705_unit2,010,1795
407.4045,407.4103,44375.0,56080.0,Pipistrellus pipistrellus,0.437,0.46,-1,Echolocation,/mnt/ubna_data_01_mir/recover-20220705_unit2/20220705_050000.WAV,Foliage,recover-20220705_unit2,010,1795
407.5055,407.5116,43515.0,59449.0,Pipistrellus pipistrellus,0.535,0.64,-1,Echolocation,/mnt/ubna_data_01_mir/recover-20220705_unit2/20220705_050000.WAV,Foliage,recover-20220705_unit2,010,1795
407.6015,407.6069,43515.0,53378.0,Pipistrellus pipistrellus,0.511,0.544,-1,Echolocation,/mnt/ubna_data_01_mir/recover-20220705_unit2/20220705_050000.WAV,Foliage,recover-20220705_unit2,010,1795
407.6975,407.7038,43515.0,55101.0,Pipistrellus pipistrellus,0.592,0.636,-1,Echolocation,/mnt/ubna_data_01_mir/recover-20220705_unit2/20220705_050000.WAV,Foliage,recover-20220705_unit2,010,1795
407.7815,407.7878,43515.0,51979.0,Pipistrellus pipistrellus,0.422,0.52,-1,Echolocation,/mnt/ubna_data_01_mir/recover-20220705_unit2/20220705_050000.WAV,Foliage,recover-20220705_unit2,010,1795
407.8845,407.8903,43515.0,55987.0,Pipistrellus pipistrellus,0.415,0.452,-1,Echolocation,/mnt/ubna_data_01_mir/recover-20220705_unit2/20220705_050000.WAV,Foliage,recover-20220705_unit2,010,1795
433.5555,433.5711,25468.0,29427.0,Nyctalus leisleri,0.136,0.223,-1,Echolocation,/mnt/ubna_data_01_mir/recover-20220705_unit2/20220705_050000.WAV,Foliage,recover-20220705_unit2,010,1795
433.8915,433.9061,26328.0,29758.0,Nyctalus leisleri,0.361,0.455,-1,Echolocation,/mnt/ubna_data_01_mir/recover-20220705_unit2/20220705_050000.WAV,Foliage,recover-20220705_unit2,010,1795
434.3655,434.3797,26328.0,29952.0,Nyctalus leisleri,0.221,0.341,-1,Echolocation,/mnt/ubna_data_01_mir/recover-20220705_unit2/20220705_050000.WAV,Foliage,recover-20220705_unit2,010,1795
437.1255,437.1435,26328.0,30379.0,Nyctalus leisleri,0.255,0.355,-1,Echolocation,/mnt/ubna_data_01_mir/recover-20220705_unit2/20220705_050000.WAV,Foliage,recover-20220705_unit2,010,1795
445.8665,445.8762,28046.0,34258.0,Eptesicus serotinus,0.205,0.323,-1,Echolocation,/mnt/ubna_data_01_mir/recover-20220705_unit2/20220705_050000.WAV,Foliage,recover-20220705_unit2,010,1795
452.9965,453.0039,38359.0,44470.0,Barbastellus barbastellus,0.14,0.233,-1,Echolocation,/mnt/ubna_data_01_mir/recover-20220705_unit2/20220705_050000.WAV,Foliage,recover-20220705_unit2,010,1795
453.3725,453.3805,40937.0,46359.0,Pipistrellus nathusii,0.197,0.244,-1,Echolocation,/mnt/ubna_data_01_mir/recover-20220705_unit2/20220705_050000.WAV,Foliage,recover-20220705_unit2,010,1795
453.5595,453.5658,40078.0,48820.0,Pipistrellus nathusii,0.371,0.457,-1,Echolocation,/mnt/ubna_data_01_mir/recover-20220705_unit2/20220705_050000.WAV,Foliage,recover-20220705_unit2,010,1795
453.7545,453.7641,40937.0,45689.0,Pipistrellus nathusii,0.261,0.285,-1,Echolocation,/mnt/ubna_data_01_mir/recover-20220705_unit2/20220705_050000.WAV,Foliage,recover-20220705_unit2,010,1795
453.9435,453.9496,40937.0,50362.0,Pipistrellus nathusii,0.414,0.486,-1,Echolocation,/mnt/ubna_data_01_mir/recover-20220705_unit2/20220705_050000.WAV,Foliage,recover-20220705_unit2,010,1795
454.0345,454.042,40937.0,51829.0,Pipistrellus nathusii,0.514,0.565,-1,Echolocation,/mnt/ubna_data_01_mir/recover-20220705_unit2/20220705_050000.WAV,Foliage,recover-20220705_unit2,010,1795
454.1235,454.1293,41796.0,53143.0,Pipistrellus nathusii,0.471,0.518,-1,Echolocation,/mnt/ubna_data_01_mir/recover-20220705_unit2/20220705_050000.WAV,Foliage,recover-20220705_unit2,010,1795
454.2945,454.3006,40937.0,50458.0,Pipistrellus nathusii,0.435,0.502,-1,Echolocation,/mnt/ubna_data_01_mir/recover-20220705_unit2/20220705_050000.WAV,Foliage,recover-20220705_unit2,010,1795
454.3945,454.401,40937.0,47947.0,Pipistrellus nathusii,0.335,0.409,-1,Echolocation,/mnt/ubna_data_01_mir/recover-20220705_unit2/20220705_050000.WAV,Foliage,recover-20220705_unit2,010,1795
454.5005,454.5068,41796.0,51540.0,Pipistrellus nathusii,0.567,0.634,-1,Echolocation,/mnt/ubna_data_01_mir/recover-20220705_unit2/20220705_050000.WAV,Foliage,recover-20220705_unit2,010,1795
454.5925,454.597,41796.0,58022.0,Pipistrellus nathusii,0.431,0.502,-1,Echolocation,/mnt/ubna_data_01_mir/recover-20220705_unit2/20220705_050000.WAV,Foliage,recover-20220705_unit2,010,1795
454.6855,454.6922,41796.0,52968.0,Pipistrellus nathusii,0.458,0.557,-1,Echolocation,/mnt/ubna_data_01_mir/recover-20220705_unit2/20220705_050000.WAV,Foliage,recover-20220705_unit2,010,1795
454.7775,454.7836,41796.0,49327.0,Pipistrellus nathusii,0.408,0.463,-1,Echolocation,/mnt/ubna_data_01_mir/recover-20220705_unit2/20220705_050000.WAV,Foliage,recover-20220705_unit2,010,1795
454.8685,454.8742,40937.0,52784.0,Pipistrellus nathusii,0.624,0.672,-1,Echolocation,/mnt/ubna_data_01_mir/recover-20220705_unit2/20220705_050000.WAV,Foliage,recover-20220705_unit2,010,1795
454.9575,454.964,40937.0,50154.0,Pipistrellus nathusii,0.468,0.527,-1,Echolocation,/mnt/ubna_data_01_mir/recover-20220705_unit2/20220705_050000.WAV,Foliage,recover-20220705_unit2,010,1795
455.0485,455.0559,40937.0,52446.0,Pipistrellus nathusii,0.476,0.594,-1,Echolocation,/mnt/ubna_data_01_mir/recover-20220705_unit2/20220705_050000.WAV,Foliage,recover-20220705_unit2,010,1795
455.1385,455.146,41796.0,54100.0,Pipistrellus nathusii,0.438,0.6,-1,Echolocation,/mnt/ubna_data_01_mir/recover-20220705_unit2/20220705_050000.WAV,Foliage,recover-20220705_unit2,010,1795
455.2345,455.2422,40937.0,54011.0,Pipistrellus nathusii,0.46,0.609,-1,Echolocation,/mnt/ubna_data_01_mir/recover-20220705_unit2/20220705_050000.WAV,Foliage,recover-20220705_unit2,010,1795
455.3305,455.338,40937.0,56579.0,Pipistrellus nathusii,0.416,0.585,-1,Echolocation,/mnt/ubna_data_01_mir/recover-20220705_unit2/20220705_050000.WAV,Foliage,recover-20220705_unit2,010,1795
455.4205,455.428,40078.0,49053.0,Pipistrellus nathusii,0.438,0.588,-1,Echolocation,/mnt/ubna_data_01_mir/recover-20220705_unit2/20220705_050000.WAV,Foliage,recover-20220705_unit2,010,1795
455.5955,455.6027,40078.0,54325.0,Pipistrellus nathusii,0.528,0.677,-1,Echolocation,/mnt/ubna_data_01_mir/recover-20220705_unit2/20220705_050000.WAV,Foliage,recover-20220705_unit2,010,1795
455.6865,455.6939,39218.0,46906.0,Pipistrellus nathusii,0.43,0.568,-1,Echolocation,/mnt/ubna_data_01_mir/recover-20220705_unit2/20220705_050000.WAV,Foliage,recover-20220705_unit2,010,1795
455.8555,455.8623,40937.0,52558.0,Pipistrellus nathusii,0.546,0.616,-1,Echolocation,/mnt/ubna_data_01_mir/recover-20220705_unit2/20220705_050000.WAV,Foliage,recover-20220705_unit2,010,1795
455.9505,455.958,40078.0,47261.0,Pipistrellus nathusii,0.412,0.531,-1,Echolocation,/mnt/ubna_data_01_mir/recover-20220705_unit2/20220705_050000.WAV,Foliage,recover-20220705_unit2,010,1795
456.0375,456.045,40078.0,49693.0,Pipistrellus nathusii,0.348,0.518,-1,Echolocation,/mnt/ubna_data_01_mir/recover-20220705_unit2/20220705_050000.WAV,Foliage,recover-20220705_unit2,010,1795
456.1205,456.1274,41796.0,49596.0,Pipistrellus nathusii,0.088,0.201,-1,Echolocation,/mnt/ubna_data_01_mir/recover-20220705_unit2/20220705_050000.WAV,Foliage,recover-20220705_unit2,010,1795
456.2925,456.2987,40937.0,52217.0,Pipistrellus nathusii,0.439,0.53,-1,Echolocation,/mnt/ubna_data_01_mir/recover-20220705_unit2/20220705_050000.WAV,Foliage,recover-20220705_unit2,010,1795
456.4985,456.506,41796.0,47574.0,Pipistrellus nathusii,0.322,0.436,-1,Echolocation,/mnt/ubna_data_01_mir/recover-20220705_unit2/20220705_050000.WAV,Foliage,recover-20220705_unit2,010,1795
471.7335,471.74490000000003,44375.0,49342.0,Pipistrellus pipistrellus,0.271,0.404,-1,Echolocation,/mnt/ubna_data_01_mir/recover-20220705_unit2/20220705_050000.WAV,Foliage,recover-20220705_unit2,010,1795
472.0935,472.1109,24609.0,28682.0,Nyctalus leisleri,0.135,0.201,-1,Echolocation,/mnt/ubna_data_01_mir/recover-20220705_unit2/20220705_050000.WAV,Foliage,recover-20220705_unit2,010,1795
472.4235,472.4316,43515.0,53743.0,Pipistrellus pipistrellus,0.093,0.21,-1,Echolocation,/mnt/ubna_data_01_mir/recover-20220705_unit2/20220705_050000.WAV,Foliage,recover-20220705_unit2,010,1795
473.6185,473.6234,42656.0,56026.0,Pipistrellus nathusii,0.158,0.402,-1,Echolocation,/mnt/ubna_data_01_mir/recover-20220705_unit2/20220705_050000.WAV,Foliage,recover-20220705_unit2,010,1795
473.9545,473.9649,43515.0,54592.0,Pipistrellus pipistrellus,0.151,0.398,-1,Echolocation,/mnt/ubna_data_01_mir/recover-20220705_unit2/20220705_050000.WAV,Foliage,recover-20220705_unit2,010,1795
474.0515,474.062,42656.0,47611.0,Pipistrellus nathusii,0.245,0.316,-1,Echolocation,/mnt/ubna_data_01_mir/recover-20220705_unit2/20220705_050000.WAV,Foliage,recover-20220705_unit2,010,1795
474.1335,474.1423,44375.0,53876.0,Pipistrellus pipistrellus,0.183,0.441,-1,Echolocation,/mnt/ubna_data_01_mir/recover-20220705_unit2/20220705_050000.WAV,Foliage,recover-20220705_unit2,010,1795
474.2415,474.248,40078.0,46936.0,Myotis daubentonii,0.106,0.249,-1,Echolocation,/mnt/ubna_data_01_mir/recover-20220705_unit2/20220705_050000.WAV,Foliage,recover-20220705_unit2,010,1795
474.8455,474.8583,41796.0,48400.0,Pipistrellus nathusii,0.213,0.354,-1,Echolocation,/mnt/ubna_data_01_mir/recover-20220705_unit2/20220705_050000.WAV,Foliage,recover-20220705_unit2,010,1795
475.0985,475.1062,41796.0,47703.0,Pipistrellus nathusii,0.225,0.366,-1,Echolocation,/mnt/ubna_data_01_mir/recover-20220705_unit2/20220705_050000.WAV,Foliage,recover-20220705_unit2,010,1795
493.2855,493.3042,27187.0,31797.0,Nyctalus leisleri,0.179,0.29,-1,Echolocation,/mnt/ubna_data_01_mir/recover-20220705_unit2/20220705_050000.WAV,Foliage,recover-20220705_unit2,010,1795
493.5155,493.5298,27187.0,30842.0,Nyctalus leisleri,0.238,0.344,-1,Echolocation,/mnt/ubna_data_01_mir/recover-20220705_unit2/20220705_050000.WAV,Foliage,recover-20220705_unit2,010,1795
494.3035,494.3233,26328.0,29634.0,Nyctalus leisleri,0.157,0.22,-1,Echolocation,/mnt/ubna_data_01_mir/recover-20220705_unit2/20220705_050000.WAV,Foliage,recover-20220705_unit2,010,1795
494.7545,494.7728,25468.0,31615.0,Eptesicus serotinus,0.126,0.237,-1,Echolocation,/mnt/ubna_data_01_mir/recover-20220705_unit2/20220705_050000.WAV,Foliage,recover-20220705_unit2,010,1795
494.9935,495.0109,26328.0,30448.0,Nyctalus leisleri,0.17,0.267,-1,Echolocation,/mnt/ubna_data_01_mir/recover-20220705_unit2/20220705_050000.WAV,Foliage,recover-20220705_unit2,010,1795
495.2335,495.2477,26328.0,31398.0,Nyctalus leisleri,0.23,0.405,-1,Echolocation,/mnt/ubna_data_01_mir/recover-20220705_unit2/20220705_050000.WAV,Foliage,recover-20220705_unit2,010,1795
495.6875,495.7073,26328.0,30357.0,Nyctalus leisleri,0.178,0.3,-1,Echolocation,/mnt/ubna_data_01_mir/recover-20220705_unit2/20220705_050000.WAV,Foliage,recover-20220705_unit2,010,1795
496.3535,496.374,26328.0,29747.0,Nyctalus leisleri,0.15,0.229,-1,Echolocation,/mnt/ubna_data_01_mir/recover-20220705_unit2/20220705_050000.WAV,Foliage,recover-20220705_unit2,010,1795
496.9505,496.9675,26328.0,30809.0,Nyctalus leisleri,0.231,0.351,-1,Echolocation,/mnt/ubna_data_01_mir/recover-20220705_unit2/20220705_050000.WAV,Foliage,recover-20220705_unit2,010,1795
499.2835,499.2966,27187.0,32287.0,Nyctalus leisleri,0.398,0.582,-1,Echolocation,/mnt/ubna_data_01_mir/recover-20220705_unit2/20220705_050000.WAV,Foliage,recover-20220705_unit2,010,1795
499.52049999999997,499.5341,26328.0,30423.0,Nyctalus leisleri,0.264,0.385,-1,Echolocation,/mnt/ubna_data_01_mir/recover-20220705_unit2/20220705_050000.WAV,Foliage,recover-20220705_unit2,010,1795
499.7445,499.7584,27187.0,31619.0,Nyctalus leisleri,0.395,0.574,-1,Echolocation,/mnt/ubna_data_01_mir/recover-20220705_unit2/20220705_050000.WAV,Foliage,recover-20220705_unit2,010,1795
499.9625,499.9792,27187.0,31973.0,Nyctalus leisleri,0.167,0.292,-1,Echolocation,/mnt/ubna_data_01_mir/recover-20220705_unit2/20220705_050000.WAV,Foliage,recover-20220705_unit2,010,1795
500.1655,500.1802,27187.0,31715.0,Nyctalus leisleri,0.295,0.495,-1,Echolocation,/mnt/ubna_data_01_mir/recover-20220705_unit2/20220705_050000.WAV,Foliage,recover-20220705_unit2,010,1795
500.52049999999997,500.5344,27187.0,31495.0,Nyctalus leisleri,0.159,0.307,-1,Echolocation,/mnt/ubna_data_01_mir/recover-20220705_unit2/20220705_050000.WAV,Foliage,recover-20220705_unit2,010,1795
501.2155,501.2288,27187.0,31943.0,Nyctalus leisleri,0.418,0.63,-1,Echolocation,/mnt/ubna_data_01_mir/recover-20220705_unit2/20220705_050000.WAV,Foliage,recover-20220705_unit2,010,1795
501.5095,501.521,28046.0,33756.0,Eptesicus serotinus,0.168,0.289,-1,Echolocation,/mnt/ubna_data_01_mir/recover-20220705_unit2/20220705_050000.WAV,Foliage,recover-20220705_unit2,010,1795
502.5825,502.5989,27187.0,31153.0,Nyctalus leisleri,0.129,0.239,-1,Echolocation,/mnt/ubna_data_01_mir/recover-20220705_unit2/20220705_050000.WAV,Foliage,recover-20220705_unit2,010,1795
502.9185,502.9312,25468.0,30674.0,Nyctalus leisleri,0.398,0.514,-1,Echolocation,/mnt/ubna_data_01_mir/recover-20220705_unit2/20220705_050000.WAV,Foliage,recover-20220705_unit2,010,1795
503.9535,503.9674,26328.0,30458.0,Nyctalus leisleri,0.137,0.267,-1,Echolocation,/mnt/ubna_data_01_mir/recover-20220705_unit2/20220705_050000.WAV,Foliage,recover-20220705_unit2,010,1795
504.1725,504.1916,26328.0,30232.0,Nyctalus leisleri,0.244,0.353,-1,Echolocation,/mnt/ubna_data_01_mir/recover-20220705_unit2/20220705_050000.WAV,Foliage,recover-20220705_unit2,010,1795
504.3625,504.3751,27187.0,32381.0,Nyctalus leisleri,0.301,0.548,-1,Echolocation,/mnt/ubna_data_01_mir/recover-20220705_unit2/20220705_050000.WAV,Foliage,recover-20220705_unit2,010,1795
504.6115,504.6246,27187.0,31855.0,Nyctalus leisleri,0.218,0.349,-1,Echolocation,/mnt/ubna_data_01_mir/recover-20220705_unit2/20220705_050000.WAV,Foliage,recover-20220705_unit2,010,1795
504.9305,504.9414,28046.0,34514.0,Eptesicus serotinus,0.201,0.306,-1,Echolocation,/mnt/ubna_data_01_mir/recover-20220705_unit2/20220705_050000.WAV,Foliage,recover-20220705_unit2,010,1795
505.4185,505.4355,26328.0,30736.0,Nyctalus leisleri,0.24,0.372,-1,Echolocation,/mnt/ubna_data_01_mir/recover-20220705_unit2/20220705_050000.WAV,Foliage,recover-20220705_unit2,010,1795
505.6785,505.692,27187.0,33275.0,Eptesicus serotinus,0.255,0.528,-1,Echolocation,/mnt/ubna_data_01_mir/recover-20220705_unit2/20220705_050000.WAV,Foliage,recover-20220705_unit2,010,1795
507.1075,507.1254,26328.0,30733.0,Nyctalus leisleri,0.145,0.233,-1,Echolocation,/mnt/ubna_data_01_mir/recover-20220705_unit2/20220705_050000.WAV,Foliage,recover-20220705_unit2,010,1795
507.4415,507.4588,27187.0,31776.0,Nyctalus leisleri,0.14,0.275,-1,Echolocation,/mnt/ubna_data_01_mir/recover-20220705_unit2/20220705_050000.WAV,Foliage,recover-20220705_unit2,010,1795
507.6495,507.6666,27187.0,32374.0,Nyctalus leisleri,0.211,0.377,-1,Echolocation,/mnt/ubna_data_01_mir/recover-20220705_unit2/20220705_050000.WAV,Foliage,recover-20220705_unit2,010,1795
507.8685,507.8814,26328.0,31936.0,Nyctalus leisleri,0.143,0.298,-1,Echolocation,/mnt/ubna_data_01_mir/recover-20220705_unit2/20220705_050000.WAV,Foliage,recover-20220705_unit2,010,1795
508.0765,508.09069999999997,26328.0,31922.0,Nyctalus leisleri,0.163,0.337,-1,Echolocation,/mnt/ubna_data_01_mir/recover-20220705_unit2/20220705_050000.WAV,Foliage,recover-20220705_unit2,010,1795
508.5065,508.5239,27187.0,31427.0,Nyctalus leisleri,0.248,0.362,-1,Echolocation,/mnt/ubna_data_01_mir/recover-20220705_unit2/20220705_050000.WAV,Foliage,recover-20220705_unit2,010,1795
508.7265,508.7447,27187.0,31901.0,Nyctalus leisleri,0.123,0.247,-1,Echolocation,/mnt/ubna_data_01_mir/recover-20220705_unit2/20220705_050000.WAV,Foliage,recover-20220705_unit2,010,1795
508.9345,508.9509,27187.0,31648.0,Nyctalus leisleri,0.281,0.447,-1,Echolocation,/mnt/ubna_data_01_mir/recover-20220705_unit2/20220705_050000.WAV,Foliage,recover-20220705_unit2,010,1795
509.1525,509.1696,27187.0,32478.0,Nyctalus leisleri,0.234,0.399,-1,Echolocation,/mnt/ubna_data_01_mir/recover-20220705_unit2/20220705_050000.WAV,Foliage,recover-20220705_unit2,010,1795
509.3605,509.3787,27187.0,31631.0,Nyctalus leisleri,0.207,0.334,-1,Echolocation,/mnt/ubna_data_01_mir/recover-20220705_unit2/20220705_050000.WAV,Foliage,recover-20220705_unit2,010,1795
509.5695,509.5835,28046.0,32747.0,Nyctalus leisleri,0.256,0.456,-1,Echolocation,/mnt/ubna_data_01_mir/recover-20220705_unit2/20220705_050000.WAV,Foliage,recover-20220705_unit2,010,1795
509.77049999999997,509.7878,27187.0,31733.0,Nyctalus leisleri,0.231,0.337,-1,Echolocation,/mnt/ubna_data_01_mir/recover-20220705_unit2/20220705_050000.WAV,Foliage,recover-20220705_unit2,010,1795
510.1945,510.208,27187.0,31103.0,Nyctalus leisleri,0.493,0.596,-1,Echolocation,/mnt/ubna_data_01_mir/recover-20220705_unit2/20220705_050000.WAV,Foliage,recover-20220705_unit2,010,1795
510.3935,510.4133,27187.0,31709.0,Nyctalus leisleri,0.204,0.337,-1,Echolocation,/mnt/ubna_data_01_mir/recover-20220705_unit2/20220705_050000.WAV,Foliage,recover-20220705_unit2,010,1795
510.7065,510.7222,27187.0,32492.0,Eptesicus serotinus,0.149,0.288,-1,Echolocation,/mnt/ubna_data_01_mir/recover-20220705_unit2/20220705_050000.WAV,Foliage,recover-20220705_unit2,010,1795
511.0355,511.0461,26328.0,32358.0,Eptesicus serotinus,0.165,0.307,-1,Echolocation,/mnt/ubna_data_01_mir/recover-20220705_unit2/20220705_050000.WAV,Foliage,recover-20220705_unit2,010,1795
512.0255,512.0435,26328.0,30453.0,Nyctalus leisleri,0.132,0.216,-1,Echolocation,/mnt/ubna_data_01_mir/recover-20220705_unit2/20220705_050000.WAV,Foliage,recover-20220705_unit2,010,1795
512.3765,512.3911,26328.0,30567.0,Nyctalus leisleri,0.364,0.476,-1,Echolocation,/mnt/ubna_data_01_mir/recover-20220705_unit2/20220705_050000.WAV,Foliage,recover-20220705_unit2,010,1795
514.0675,514.0834,26328.0,31749.0,Nyctalus leisleri,0.241,0.432,-1,Echolocation,/mnt/ubna_data_01_mir/recover-20220705_unit2/20220705_050000.WAV,Foliage,recover-20220705_unit2,010,1795
514.2785,514.2939,26328.0,31534.0,Nyctalus leisleri,0.17,0.332,-1,Echolocation,/mnt/ubna_data_01_mir/recover-20220705_unit2/20220705_050000.WAV,Foliage,recover-20220705_unit2,010,1795
514.4355,514.4497,27187.0,32105.0,Nyctalus leisleri,0.237,0.452,-1,Echolocation,/mnt/ubna_data_01_mir/recover-20220705_unit2/20220705_050000.WAV,Foliage,recover-20220705_unit2,010,1795
515.0265,515.0383,26328.0,31711.0,Nyctalus leisleri,0.283,0.496,-1,Echolocation,/mnt/ubna_data_01_mir/recover-20220705_unit2/20220705_050000.WAV,Foliage,recover-20220705_unit2,010,1795
515.1635,515.1778,26328.0,31254.0,Nyctalus leisleri,0.205,0.356,-1,Echolocation,/mnt/ubna_data_01_mir/recover-20220705_unit2/20220705_050000.WAV,Foliage,recover-20220705_unit2,010,1795
515.6265,515.6427,26328.0,30733.0,Nyctalus leisleri,0.132,0.24,-1,Echolocation,/mnt/ubna_data_01_mir/recover-20220705_unit2/20220705_050000.WAV,Foliage,recover-20220705_unit2,010,1795
516.4885,516.5008,26328.0,30253.0,Nyctalus leisleri,0.271,0.422,-1,Echolocation,/mnt/ubna_data_01_mir/recover-20220705_unit2/20220705_050000.WAV,Foliage,recover-20220705_unit2,010,1795
518.5085,518.5252,27187.0,31193.0,Nyctalus leisleri,0.224,0.338,-1,Echolocation,/mnt/ubna_data_01_mir/recover-20220705_unit2/20220705_050000.WAV,Foliage,recover-20220705_unit2,010,1795
518.9775,518.993,26328.0,30564.0,Nyctalus leisleri,0.182,0.291,-1,Echolocation,/mnt/ubna_data_01_mir/recover-20220705_unit2/20220705_050000.WAV,Foliage,recover-20220705_unit2,010,1795
519.3895,519.4042,27187.0,31036.0,Nyctalus leisleri,0.173,0.301,-1,Echolocation,/mnt/ubna_data_01_mir/recover-20220705_unit2/20220705_050000.WAV,Foliage,recover-20220705_unit2,010,1795
520.2605,520.2738,27187.0,31475.0,Nyctalus leisleri,0.44,0.588,-1,Echolocation,/mnt/ubna_data_01_mir/recover-20220705_unit2/20220705_050000.WAV,Foliage,recover-20220705_unit2,010,1795
520.3905,520.4034,28046.0,33279.0,Eptesicus serotinus,0.188,0.372,-1,Echolocation,/mnt/ubna_data_01_mir/recover-20220705_unit2/20220705_050000.WAV,Foliage,recover-20220705_unit2,010,1795
520.5975,520.6122,27187.0,32119.0,Nyctalus leisleri,0.257,0.496,-1,Echolocation,/mnt/ubna_data_01_mir/recover-20220705_unit2/20220705_050000.WAV,Foliage,recover-20220705_unit2,010,1795
520.7855,520.7971,27187.0,32743.0,Nyctalus leisleri,0.407,0.638,-1,Echolocation,/mnt/ubna_data_01_mir/recover-20220705_unit2/20220705_050000.WAV,Foliage,recover-20220705_unit2,010,1795
520.9175,520.9313,28046.0,33290.0,Nyctalus leisleri,0.197,0.39,-1,Echolocation,/mnt/ubna_data_01_mir/recover-20220705_unit2/20220705_050000.WAV,Foliage,recover-20220705_unit2,010,1795
521.1325,521.1434,27187.0,35872.0,Eptesicus serotinus,0.352,0.647,-1,Echolocation,/mnt/ubna_data_01_mir/recover-20220705_unit2/20220705_050000.WAV,Foliage,recover-20220705_unit2,010,1795
521.2675,521.2821,28046.0,32854.0,Nyctalus leisleri,0.298,0.482,-1,Echolocation,/mnt/ubna_data_01_mir/recover-20220705_unit2/20220705_050000.WAV,Foliage,recover-20220705_unit2,010,1795
521.8205,521.8394,26328.0,30682.0,Nyctalus leisleri,0.12,0.201,-1,Echolocation,/mnt/ubna_data_01_mir/recover-20220705_unit2/20220705_050000.WAV,Foliage,recover-20220705_unit2,010,1795
523.1025,523.1162,26328.0,30855.0,Nyctalus leisleri,0.196,0.323,-1,Echolocation,/mnt/ubna_data_01_mir/recover-20220705_unit2/20220705_050000.WAV,Foliage,recover-20220705_unit2,010,1795
529.3905,529.4077,26328.0,31793.0,Eptesicus serotinus,0.099,0.216,-1,Echolocation,/mnt/ubna_data_01_mir/recover-20220705_unit2/20220705_050000.WAV,Foliage,recover-20220705_unit2,010,1795
530.2935,530.3107,27187.0,31851.0,Nyctalus leisleri,0.134,0.264,-1,Echolocation,/mnt/ubna_data_01_mir/recover-20220705_unit2/20220705_050000.WAV,Foliage,recover-20220705_unit2,010,1795
530.4805,530.4936,27187.0,32102.0,Eptesicus serotinus,0.152,0.289,-1,Echolocation,/mnt/ubna_data_01_mir/recover-20220705_unit2/20220705_050000.WAV,Foliage,recover-20220705_unit2,010,1795
531.3275,531.3401,27187.0,31229.0,Nyctalus leisleri,0.392,0.516,-1,Echolocation,/mnt/ubna_data_01_mir/recover-20220705_unit2/20220705_050000.WAV,Foliage,recover-20220705_unit2,010,1795
531.4535,531.4664,27187.0,32101.0,Nyctalus leisleri,0.15,0.312,-1,Echolocation,/mnt/ubna_data_01_mir/recover-20220705_unit2/20220705_050000.WAV,Foliage,recover-20220705_unit2,010,1795
533.6125,533.6288,26328.0,30593.0,Nyctalus leisleri,0.186,0.29,-1,Echolocation,/mnt/ubna_data_01_mir/recover-20220705_unit2/20220705_050000.WAV,Foliage,recover-20220705_unit2,010,1795
534.9025,534.915,27187.0,31708.0,Nyctalus leisleri,0.408,0.575,-1,Echolocation,/mnt/ubna_data_01_mir/recover-20220705_unit2/20220705_050000.WAV,Foliage,recover-20220705_unit2,010,1795
535.1005,535.1121,27187.0,33687.0,Eptesicus serotinus,0.232,0.409,-1,Echolocation,/mnt/ubna_data_01_mir/recover-20220705_unit2/20220705_050000.WAV,Foliage,recover-20220705_unit2,010,1795
535.2235000000001,535.2352,27187.0,33569.0,Nyctalus leisleri,0.281,0.582,-1,Echolocation,/mnt/ubna_data_01_mir/recover-20220705_unit2/20220705_050000.WAV,Foliage,recover-20220705_unit2,010,1795
535.3485000000001,535.3576,27187.0,33826.0,Nyctalus leisleri,0.482,0.692,-1,Echolocation,/mnt/ubna_data_01_mir/recover-20220705_unit2/20220705_050000.WAV,Foliage,recover-20220705_unit2,010,1795
535.4695,535.4796,27187.0,34431.0,Nyctalus leisleri,0.383,0.696,-1,Echolocation,/mnt/ubna_data_01_mir/recover-20220705_unit2/20220705_050000.WAV,Foliage,recover-20220705_unit2,010,1795
535.6875,535.6993,26328.0,32178.0,Nyctalus leisleri,0.327,0.557,-1,Echolocation,/mnt/ubna_data_01_mir/recover-20220705_unit2/20220705_050000.WAV,Foliage,recover-20220705_unit2,010,1795
537.2865,537.3,26328.0,30437.0,Nyctalus leisleri,0.209,0.318,-1,Echolocation,/mnt/ubna_data_01_mir/recover-20220705_unit2/20220705_050000.WAV,Foliage,recover-20220705_unit2,010,1795
542.2525,542.2681,27187.0,30592.0,Nyctalus leisleri,0.199,0.284,-1,Echolocation,/mnt/ubna_data_01_mir/recover-20220705_unit2/20220705_050000.WAV,Foliage,recover-20220705_unit2,010,1795
542.6615,542.6746,26328.0,30613.0,Nyctalus leisleri,0.196,0.341,-1,Echolocation,/mnt/ubna_data_01_mir/recover-20220705_unit2/20220705_050000.WAV,Foliage,recover-20220705_unit2,010,1795
543.5745,543.5902,26328.0,30797.0,Nyctalus leisleri,0.301,0.416,-1,Echolocation,/mnt/ubna_data_01_mir/recover-20220705_unit2/20220705_050000.WAV,Foliage,recover-20220705_unit2,010,1795
543.9005,543.9131,27187.0,32672.0,Eptesicus serotinus,0.181,0.342,-1,Echolocation,/mnt/ubna_data_01_mir/recover-20220705_unit2/20220705_050000.WAV,Foliage,recover-20220705_unit2,010,1795
544.1175,544.1349,27187.0,31635.0,Nyctalus leisleri,0.219,0.358,-1,Echolocation,/mnt/ubna_data_01_mir/recover-20220705_unit2/20220705_050000.WAV,Foliage,recover-20220705_unit2,010,1795
544.3445,544.3611,27187.0,32252.0,Nyctalus leisleri,0.243,0.434,-1,Echolocation,/mnt/ubna_data_01_mir/recover-20220705_unit2/20220705_050000.WAV,Foliage,recover-20220705_unit2,010,1795
544.5645,544.5854,26328.0,30735.0,Nyctalus leisleri,0.32,0.458,-1,Echolocation,/mnt/ubna_data_01_mir/recover-20220705_unit2/20220705_050000.WAV,Foliage,recover-20220705_unit2,010,1795
544.7845,544.8031,28046.0,32542.0,Nyctalus leisleri,0.24,0.401,-1,Echolocation,/mnt/ubna_data_01_mir/recover-20220705_unit2/20220705_050000.WAV,Foliage,recover-20220705_unit2,010,1795
545.0065,545.0213,27187.0,31614.0,Nyctalus leisleri,0.438,0.565,-1,Echolocation,/mnt/ubna_data_01_mir/recover-20220705_unit2/20220705_050000.WAV,Foliage,recover-20220705_unit2,010,1795
545.2245,545.2404,27187.0,31914.0,Nyctalus leisleri,0.292,0.492,-1,Echolocation,/mnt/ubna_data_01_mir/recover-20220705_unit2/20220705_050000.WAV,Foliage,recover-20220705_unit2,010,1795
545.4375,545.451,27187.0,34114.0,Eptesicus serotinus,0.276,0.573,-1,Echolocation,/mnt/ubna_data_01_mir/recover-20220705_unit2/20220705_050000.WAV,Foliage,recover-20220705_unit2,010,1795
545.6495,545.6673,26328.0,31667.0,Nyctalus leisleri,0.249,0.44,-1,Echolocation,/mnt/ubna_data_01_mir/recover-20220705_unit2/20220705_050000.WAV,Foliage,recover-20220705_unit2,010,1795
545.8665,545.881,27187.0,33861.0,Eptesicus serotinus,0.279,0.605,-1,Echolocation,/mnt/ubna_data_01_mir/recover-20220705_unit2/20220705_050000.WAV,Foliage,recover-20220705_unit2,010,1795
546.0835,546.0973,27187.0,33324.0,Nyctalus leisleri,0.399,0.659,-1,Echolocation,/mnt/ubna_data_01_mir/recover-20220705_unit2/20220705_050000.WAV,Foliage,recover-20220705_unit2,010,1795
546.2955,546.3117,26328.0,30733.0,Nyctalus leisleri,0.144,0.239,-1,Echolocation,/mnt/ubna_data_01_mir/recover-20220705_unit2/20220705_050000.WAV,Foliage,recover-20220705_unit2,010,1795
546.5045,546.5181,27187.0,32491.0,Nyctalus leisleri,0.306,0.527,-1,Echolocation,/mnt/ubna_data_01_mir/recover-20220705_unit2/20220705_050000.WAV,Foliage,recover-20220705_unit2,010,1795
546.7335,546.7533,26328.0,29828.0,Nyctalus leisleri,0.155,0.239,-1,Echolocation,/mnt/ubna_data_01_mir/recover-20220705_unit2/20220705_050000.WAV,Foliage,recover-20220705_unit2,010,1795
546.9425,546.9568,27187.0,30940.0,Nyctalus leisleri,0.285,0.39,-1,Echolocation,/mnt/ubna_data_01_mir/recover-20220705_unit2/20220705_050000.WAV,Foliage,recover-20220705_unit2,010,1795
547.1845,547.1976,27187.0,31738.0,Nyctalus leisleri,0.333,0.526,-1,Echolocation,/mnt/ubna_data_01_mir/recover-20220705_unit2/20220705_050000.WAV,Foliage,recover-20220705_unit2,010,1795
547.3595,547.3718,28046.0,33962.0,Nyctalus leisleri,0.2,0.354,-1,Echolocation,/mnt/ubna_data_01_mir/recover-20220705_unit2/20220705_050000.WAV,Foliage,recover-20220705_unit2,010,1795
547.5405,547.5553,27187.0,32286.0,Nyctalus leisleri,0.222,0.442,-1,Echolocation,/mnt/ubna_data_01_mir/recover-20220705_unit2/20220705_050000.WAV,Foliage,recover-20220705_unit2,010,1795
548.3835,548.3979,26328.0,30826.0,Nyctalus leisleri,0.224,0.334,-1,Echolocation,/mnt/ubna_data_01_mir/recover-20220705_unit2/20220705_050000.WAV,Foliage,recover-20220705_unit2,010,1795
548.7555,548.7694,25468.0,30111.0,Nyctalus leisleri,0.194,0.335,-1,Echolocation,/mnt/ubna_data_01_mir/recover-20220705_unit2/20220705_050000.WAV,Foliage,recover-20220705_unit2,010,1795
549.1195,549.1324,23750.0,28579.0,Nyctalus leisleri,0.1,0.212,-1,Echolocation,/mnt/ubna_data_01_mir/recover-20220705_unit2/20220705_050000.WAV,Foliage,recover-20220705_unit2,010,1795
549.6015,549.6177,25468.0,30164.0,Nyctalus leisleri,0.238,0.355,-1,Echolocation,/mnt/ubna_data_01_mir/recover-20220705_unit2/20220705_050000.WAV,Foliage,recover-20220705_unit2,010,1795
553.1455,553.1628,26328.0,29114.0,Nyctalus leisleri,0.393,0.456,-1,Echolocation,/mnt/ubna_data_01_mir/recover-20220705_unit2/20220705_050000.WAV,Foliage,recover-20220705_unit2,010,1795
553.3515,553.3687,26328.0,30238.0,Nyctalus leisleri,0.216,0.324,-1,Echolocation,/mnt/ubna_data_01_mir/recover-20220705_unit2/20220705_050000.WAV,Foliage,recover-20220705_unit2,010,1795
553.9275,553.9415,27187.0,31681.0,Nyctalus leisleri,0.133,0.238,-1,Echolocation,/mnt/ubna_data_01_mir/recover-20220705_unit2/20220705_050000.WAV,Foliage,recover-20220705_unit2,010,1795
554.1675,554.1808,27187.0,31946.0,Nyctalus leisleri,0.472,0.652,-1,Echolocation,/mnt/ubna_data_01_mir/recover-20220705_unit2/20220705_050000.WAV,Foliage,recover-20220705_unit2,010,1795
554.4065,554.4206,27187.0,31572.0,Nyctalus leisleri,0.38,0.554,-1,Echolocation,/mnt/ubna_data_01_mir/recover-20220705_unit2/20220705_050000.WAV,Foliage,recover-20220705_unit2,010,1795
554.6455,554.6599,26328.0,30977.0,Nyctalus leisleri,0.316,0.441,-1,Echolocation,/mnt/ubna_data_01_mir/recover-20220705_unit2/20220705_050000.WAV,Foliage,recover-20220705_unit2,010,1795
554.8815,554.9005,27187.0,31979.0,Nyctalus leisleri,0.201,0.354,-1,Echolocation,/mnt/ubna_data_01_mir/recover-20220705_unit2/20220705_050000.WAV,Foliage,recover-20220705_unit2,010,1795
555.1075,555.1258,26328.0,31968.0,Nyctalus leisleri,0.191,0.391,-1,Echolocation,/mnt/ubna_data_01_mir/recover-20220705_unit2/20220705_050000.WAV,Foliage,recover-20220705_unit2,010,1795
555.4435,555.4627,26328.0,32045.0,Eptesicus serotinus,0.168,0.379,-1,Echolocation,/mnt/ubna_data_01_mir/recover-20220705_unit2/20220705_050000.WAV,Foliage,recover-20220705_unit2,010,1795
555.6635,555.6809,26328.0,30494.0,Nyctalus leisleri,0.301,0.424,-1,Echolocation,/mnt/ubna_data_01_mir/recover-20220705_unit2/20220705_050000.WAV,Foliage,recover-20220705_unit2,010,1795
555.9145,555.9299,27187.0,31424.0,Nyctalus leisleri,0.328,0.441,-1,Echolocation,/mnt/ubna_data_01_mir/recover-20220705_unit2/20220705_050000.WAV,Foliage,recover-20220705_unit2,010,1795
556.1345,556.1483,27187.0,32278.0,Nyctalus leisleri,0.227,0.442,-1,Echolocation,/mnt/ubna_data_01_mir/recover-20220705_unit2/20220705_050000.WAV,Foliage,recover-20220705_unit2,010,1795
556.3615,556.3794,26328.0,31681.0,Nyctalus leisleri,0.189,0.349,-1,Echolocation,/mnt/ubna_data_01_mir/recover-20220705_unit2/20220705_050000.WAV,Foliage,recover-20220705_unit2,010,1795
556.5915,556.6084,26328.0,30417.0,Nyctalus leisleri,0.22,0.318,-1,Echolocation,/mnt/ubna_data_01_mir/recover-20220705_unit2/20220705_050000.WAV,Foliage,recover-20220705_unit2,010,1795
556.8175,556.8328,27187.0,32313.0,Nyctalus leisleri,0.158,0.289,-1,Echolocation,/mnt/ubna_data_01_mir/recover-20220705_unit2/20220705_050000.WAV,Foliage,recover-20220705_unit2,010,1795
557.0445,557.0626,26328.0,30008.0,Nyctalus leisleri,0.15,0.24,-1,Echolocation,/mnt/ubna_data_01_mir/recover-20220705_unit2/20220705_050000.WAV,Foliage,recover-20220705_unit2,010,1795
557.2665,557.2819,27187.0,33939.0,Eptesicus serotinus,0.228,0.396,-1,Echolocation,/mnt/ubna_data_01_mir/recover-20220705_unit2/20220705_050000.WAV,Foliage,recover-20220705_unit2,010,1795
557.7215,557.7386,27187.0,31732.0,Nyctalus leisleri,0.279,0.407,-1,Echolocation,/mnt/ubna_data_01_mir/recover-20220705_unit2/20220705_050000.WAV,Foliage,recover-20220705_unit2,010,1795
557.8865,557.9017,27187.0,33314.0,Eptesicus serotinus,0.196,0.349,-1,Echolocation,/mnt/ubna_data_01_mir/recover-20220705_unit2/20220705_050000.WAV,Foliage,recover-20220705_unit2,010,1795
558.0955,558.1133,28046.0,31640.0,Nyctalus leisleri,0.11,0.223,-1,Echolocation,/mnt/ubna_data_01_mir/recover-20220705_unit2/20220705_050000.WAV,Foliage,recover-20220705_unit2,010,1795
558.8395,558.8509,28046.0,35213.0,Eptesicus serotinus,0.137,0.225,-1,Echolocation,/mnt/ubna_data_01_mir/recover-20220705_unit2/20220705_050000.WAV,Foliage,recover-20220705_unit2,010,1795
561.0955,561.1091,22890.0,27348.0,Nyctalus leisleri,0.107,0.206,-1,Echolocation,/mnt/ubna_data_01_mir/recover-20220705_unit2/20220705_050000.WAV,Foliage,recover-20220705_unit2,010,1795
564.4085,564.4263,27187.0,32052.0,Nyctalus leisleri,0.123,0.236,-1,Echolocation,/mnt/ubna_data_01_mir/recover-20220705_unit2/20220705_050000.WAV,Foliage,recover-20220705_unit2,010,1795
566.6875,566.7039,26328.0,30037.0,Nyctalus leisleri,0.213,0.32,-1,Echolocation,/mnt/ubna_data_01_mir/recover-20220705_unit2/20220705_050000.WAV,Foliage,recover-20220705_unit2,010,1795
567.9555,567.9706,25468.0,29028.0,Nyctalus leisleri,0.149,0.213,-1,Echolocation,/mnt/ubna_data_01_mir/recover-20220705_unit2/20220705_050000.WAV,Foliage,recover-20220705_unit2,010,1795
568.4815,568.4999,25468.0,29623.0,Nyctalus leisleri,0.233,0.324,-1,Echolocation,/mnt/ubna_data_01_mir/recover-20220705_unit2/20220705_050000.WAV,Foliage,recover-20220705_unit2,010,1795
571.7305,571.7453,28046.0,33518.0,Nyctalus leisleri,0.116,0.242,-1,Echolocation,/mnt/ubna_data_01_mir/recover-20220705_unit2/20220705_050000.WAV,Foliage,recover-20220705_unit2,010,1795
572.2645,572.2802,25468.0,29225.0,Nyctalus leisleri,0.192,0.292,-1,Echolocation,/mnt/ubna_data_01_mir/recover-20220705_unit2/20220705_050000.WAV,Foliage,recover-20220705_unit2,010,1795
575.1795,575.1931,26328.0,30673.0,Nyctalus leisleri,0.175,0.295,-1,Echolocation,/mnt/ubna_data_01_mir/recover-20220705_unit2/20220705_050000.WAV,Foliage,recover-20220705_unit2,010,1795
583.8075,583.8221,24609.0,28226.0,Nyctalus leisleri,0.173,0.3,-1,Echolocation,/mnt/ubna_data_01_mir/recover-20220705_unit2/20220705_050000.WAV,Foliage,recover-20220705_unit2,010,1795
583.8535,583.8708,26328.0,29959.0,Nyctalus leisleri,0.17,0.259,-1,Echolocation,/mnt/ubna_data_01_mir/recover-20220705_unit2/20220705_050000.WAV,Foliage,recover-20220705_unit2,010,1795
584.0855,584.1031,27187.0,31193.0,Nyctalus leisleri,0.135,0.239,-1,Echolocation,/mnt/ubna_data_01_mir/recover-20220705_unit2/20220705_050000.WAV,Foliage,recover-20220705_unit2,010,1795
584.3215,584.3408,26328.0,30400.0,Nyctalus leisleri,0.164,0.269,-1,Echolocation,/mnt/ubna_data_01_mir/recover-20220705_unit2/20220705_050000.WAV,Foliage,recover-20220705_unit2,010,1795
584.5545,584.5733,27187.0,31401.0,Nyctalus leisleri,0.123,0.232,-1,Echolocation,/mnt/ubna_data_01_mir/recover-20220705_unit2/20220705_050000.WAV,Foliage,recover-20220705_unit2,010,1795
584.7965,584.8083,26328.0,31268.0,Nyctalus leisleri,0.179,0.318,-1,Echolocation,/mnt/ubna_data_01_mir/recover-20220705_unit2/20220705_050000.WAV,Foliage,recover-20220705_unit2,010,1795
585.0085,585.0255,26328.0,31028.0,Nyctalus leisleri,0.252,0.384,-1,Echolocation,/mnt/ubna_data_01_mir/recover-20220705_unit2/20220705_050000.WAV,Foliage,recover-20220705_unit2,010,1795
585.2205,585.2347,27187.0,32445.0,Nyctalus leisleri,0.202,0.432,-1,Echolocation,/mnt/ubna_data_01_mir/recover-20220705_unit2/20220705_050000.WAV,Foliage,recover-20220705_unit2,010,1795
585.4285,585.4466,27187.0,31392.0,Nyctalus leisleri,0.144,0.257,-1,Echolocation,/mnt/ubna_data_01_mir/recover-20220705_unit2/20220705_050000.WAV,Foliage,recover-20220705_unit2,010,1795
585.6545,585.6717,27187.0,31550.0,Nyctalus leisleri,0.212,0.321,-1,Echolocation,/mnt/ubna_data_01_mir/recover-20220705_unit2/20220705_050000.WAV,Foliage,recover-20220705_unit2,010,1795
586.2895,586.3107,26328.0,31107.0,Nyctalus leisleri,0.151,0.251,-1,Echolocation,/mnt/ubna_data_01_mir/recover-20220705_unit2/20220705_050000.WAV,Foliage,recover-20220705_unit2,010,1795
586.3345,586.3516,22031.0,25888.0,Nyctalus leisleri,0.133,0.228,-1,Echolocation,/mnt/ubna_data_01_mir/recover-20220705_unit2/20220705_050000.WAV,Foliage,recover-20220705_unit2,010,1795
586.5055,586.5208,27187.0,31601.0,Nyctalus leisleri,0.32,0.449,-1,Echolocation,/mnt/ubna_data_01_mir/recover-20220705_unit2/20220705_050000.WAV,Foliage,recover-20220705_unit2,010,1795
586.7295,586.7475,27187.0,31855.0,Nyctalus leisleri,0.248,0.419,-1,Echolocation,/mnt/ubna_data_01_mir/recover-20220705_unit2/20220705_050000.WAV,Foliage,recover-20220705_unit2,010,1795
587.2575,587.2747,26328.0,30490.0,Nyctalus leisleri,0.117,0.209,-1,Echolocation,/mnt/ubna_data_01_mir/recover-20220705_unit2/20220705_050000.WAV,Foliage,recover-20220705_unit2,010,1795
593.7495,593.7652,27187.0,31783.0,Nyctalus leisleri,0.115,0.236,-1,Echolocation,/mnt/ubna_data_01_mir/recover-20220705_unit2/20220705_050000.WAV,Foliage,recover-20220705_unit2,010,1795
594.7495,594.7643,27187.0,31664.0,Nyctalus leisleri,0.22,0.367,-1,Echolocation,/mnt/ubna_data_01_mir/recover-20220705_unit2/20220705_050000.WAV,Foliage,recover-20220705_unit2,010,1795
610.6565,610.6683,27187.0,32174.0,Nyctalus leisleri,0.146,0.285,-1,Echolocation,/mnt/ubna_data_01_mir/recover-20220705_unit2/20220705_050000.WAV,Foliage,recover-20220705_unit2,010,1795
612.0575,612.0703,27187.0,33156.0,Nyctalus leisleri,0.233,0.486,-1,Echolocation,/mnt/ubna_data_01_mir/recover-20220705_unit2/20220705_050000.WAV,Foliage,recover-20220705_unit2,010,1795
612.1785,612.1954,28046.0,32514.0,Nyctalus leisleri,0.109,0.226,-1,Echolocation,/mnt/ubna_data_01_mir/recover-20220705_unit2/20220705_050000.WAV,Foliage,recover-20220705_unit2,010,1795
615.9355,615.9512,26328.0,29916.0,Nyctalus leisleri,0.171,0.246,-1,Echolocation,/mnt/ubna_data_01_mir/recover-20220705_unit2/20220705_050000.WAV,Foliage,recover-20220705_unit2,010,1795
625.2595,625.2745,26328.0,30503.0,Nyctalus leisleri,0.137,0.233,-1,Echolocation,/mnt/ubna_data_01_mir/recover-20220705_unit2/20220705_050000.WAV,Foliage,recover-20220705_unit2,010,1795
625.7855,625.7995,26328.0,30321.0,Nyctalus leisleri,0.312,0.437,-1,Echolocation,/mnt/ubna_data_01_mir/recover-20220705_unit2/20220705_050000.WAV,Foliage,recover-20220705_unit2,010,1795
626.0445,626.062,25468.0,29251.0,Nyctalus leisleri,0.275,0.345,-1,Echolocation,/mnt/ubna_data_01_mir/recover-20220705_unit2/20220705_050000.WAV,Foliage,recover-20220705_unit2,010,1795
626.3005,626.3191,26328.0,29449.0,Nyctalus leisleri,0.227,0.301,-1,Echolocation,/mnt/ubna_data_01_mir/recover-20220705_unit2/20220705_050000.WAV,Foliage,recover-20220705_unit2,010,1795
634.6585,634.6659,40078.0,46660.0,Pipistrellus nathusii,0.465,0.562,-1,Echolocation,/mnt/ubna_data_01_mir/recover-20220705_unit2/20220705_050000.WAV,Foliage,recover-20220705_unit2,010,1795
634.8255,634.8317,40937.0,47744.0,Pipistrellus nathusii,0.339,0.426,-1,Echolocation,/mnt/ubna_data_01_mir/recover-20220705_unit2/20220705_050000.WAV,Foliage,recover-20220705_unit2,010,1795
636.8705,636.8757,40078.0,50420.0,Myotis daubentonii,0.134,0.231,-1,Echolocation,/mnt/ubna_data_01_mir/recover-20220705_unit2/20220705_050000.WAV,Foliage,recover-20220705_unit2,010,1795
637.0145,637.0237,43515.0,47538.0,Pipistrellus pipistrellus,0.195,0.233,-1,Echolocation,/mnt/ubna_data_01_mir/recover-20220705_unit2/20220705_050000.WAV,Foliage,recover-20220705_unit2,010,1795
637.1075,637.113,40078.0,52521.0,Myotis daubentonii,0.212,0.282,-1,Echolocation,/mnt/ubna_data_01_mir/recover-20220705_unit2/20220705_050000.WAV,Foliage,recover-20220705_unit2,010,1795
637.8735,637.8887,27187.0,31622.0,Nyctalus leisleri,0.124,0.226,-1,Echolocation,/mnt/ubna_data_01_mir/recover-20220705_unit2/20220705_050000.WAV,Foliage,recover-20220705_unit2,010,1795
641.2425,641.2538,38359.0,43790.0,Pipistrellus nathusii,0.329,0.38,-1,Echolocation,/mnt/ubna_data_01_mir/recover-20220705_unit2/20220705_050000.WAV,Foliage,recover-20220705_unit2,010,1795
644.2515,644.2653,26328.0,30655.0,Eptesicus serotinus,0.123,0.229,-1,Echolocation,/mnt/ubna_data_01_mir/recover-20220705_unit2/20220705_050000.WAV,Foliage,recover-20220705_unit2,010,1795
653.4305,653.4489,27187.0,32646.0,Eptesicus serotinus,0.115,0.24,-1,Echolocation,/mnt/ubna_data_01_mir/recover-20220705_unit2/20220705_050000.WAV,Foliage,recover-20220705_unit2,010,1795
653.6445,653.6649,27187.0,30472.0,Nyctalus leisleri,0.169,0.239,-1,Echolocation,/mnt/ubna_data_01_mir/recover-20220705_unit2/20220705_050000.WAV,Foliage,recover-20220705_unit2,010,1795
654.5775,654.5923,27187.0,32280.0,Nyctalus leisleri,0.168,0.321,-1,Echolocation,/mnt/ubna_data_01_mir/recover-20220705_unit2/20220705_050000.WAV,Foliage,recover-20220705_unit2,010,1795
660.1465,660.1629,27187.0,31160.0,Nyctalus leisleri,0.214,0.346,-1,Echolocation,/mnt/ubna_data_01_mir/recover-20220705_unit2/20220705_050000.WAV,Foliage,recover-20220705_unit2,010,1795
660.7005,660.7172,27187.0,30944.0,Nyctalus leisleri,0.269,0.37,-1,Echolocation,/mnt/ubna_data_01_mir/recover-20220705_unit2/20220705_050000.WAV,Foliage,recover-20220705_unit2,010,1795
662.9615,662.9696,40937.0,45733.0,Pipistrellus nathusii,0.23,0.294,-1,Echolocation,/mnt/ubna_data_01_mir/recover-20220705_unit2/20220705_050000.WAV,Foliage,recover-20220705_unit2,010,1795
663.5105,663.5174,42656.0,48028.0,Pipistrellus nathusii,0.39,0.472,-1,Echolocation,/mnt/ubna_data_01_mir/recover-20220705_unit2/20220705_050000.WAV,Foliage,recover-20220705_unit2,010,1795
663.6785,663.6867,41796.0,49952.0,Pipistrellus nathusii,0.327,0.378,-1,Echolocation,/mnt/ubna_data_01_mir/recover-20220705_unit2/20220705_050000.WAV,Foliage,recover-20220705_unit2,010,1795
663.7635,663.771,43515.0,48780.0,Pipistrellus nathusii,0.392,0.504,-1,Echolocation,/mnt/ubna_data_01_mir/recover-20220705_unit2/20220705_050000.WAV,Foliage,recover-20220705_unit2,010,1795
663.9395,663.9461,41796.0,50004.0,Pipistrellus nathusii,0.185,0.309,-1,Echolocation,/mnt/ubna_data_01_mir/recover-20220705_unit2/20220705_050000.WAV,Foliage,recover-20220705_unit2,010,1795
664.2065,664.2138,42656.0,50578.0,Pipistrellus nathusii,0.099,0.24,-1,Echolocation,/mnt/ubna_data_01_mir/recover-20220705_unit2/20220705_050000.WAV,Foliage,recover-20220705_unit2,010,1795
664.3815,664.3895,43515.0,50080.0,Pipistrellus pipistrellus,0.15,0.329,-1,Echolocation,/mnt/ubna_data_01_mir/recover-20220705_unit2/20220705_050000.WAV,Foliage,recover-20220705_unit2,010,1795
664.6255,664.6312,44375.0,56415.0,Pipistrellus pipistrellus,0.334,0.4,-1,Echolocation,/mnt/ubna_data_01_mir/recover-20220705_unit2/20220705_050000.WAV,Foliage,recover-20220705_unit2,010,1795
664.7105,664.7156,41796.0,54900.0,Myotis daubentonii,0.168,0.309,-1,Echolocation,/mnt/ubna_data_01_mir/recover-20220705_unit2/20220705_050000.WAV,Foliage,recover-20220705_unit2,010,1795
664.7905,664.7958,40937.0,59065.0,Myotis daubentonii,0.262,0.433,-1,Echolocation,/mnt/ubna_data_01_mir/recover-20220705_unit2/20220705_050000.WAV,Foliage,recover-20220705_unit2,010,1795
664.8475,664.8516,48671.0,63729.0,Pipistrellus pipistrellus,0.087,0.204,-1,Echolocation,/mnt/ubna_data_01_mir/recover-20220705_unit2/20220705_050000.WAV,Foliage,recover-20220705_unit2,010,1795
664.9035,664.9082,42656.0,60621.0,Myotis daubentonii,0.085,0.239,-1,Echolocation,/mnt/ubna_data_01_mir/recover-20220705_unit2/20220705_050000.WAV,Foliage,recover-20220705_unit2,010,1795
664.9735,664.9789,42656.0,57650.0,Pipistrellus pipistrellus,0.241,0.549,-1,Echolocation,/mnt/ubna_data_01_mir/recover-20220705_unit2/20220705_050000.WAV,Foliage,recover-20220705_unit2,010,1795
665.0555,665.0601,40937.0,62329.0,Myotis daubentonii,0.143,0.319,-1,Echolocation,/mnt/ubna_data_01_mir/recover-20220705_unit2/20220705_050000.WAV,Foliage,recover-20220705_unit2,010,1795
665.0555,665.0606,31484.0,73749.0,Myotis daubentonii,0.177,0.256,-1,Echolocation,/mnt/ubna_data_01_mir/recover-20220705_unit2/20220705_050000.WAV,Foliage,recover-20220705_unit2,010,1795
665.1385,665.1437,41796.0,58299.0,Myotis daubentonii,0.207,0.545,-1,Echolocation,/mnt/ubna_data_01_mir/recover-20220705_unit2/20220705_050000.WAV,Foliage,recover-20220705_unit2,010,1795
665.1385,665.1438,31484.0,71952.0,Myotis daubentonii,0.166,0.219,-1,Echolocation,/mnt/ubna_data_01_mir/recover-20220705_unit2/20220705_050000.WAV,Foliage,recover-20220705_unit2,010,1795
665.2145,665.2195,43515.0,61847.0,Myotis daubentonii,0.167,0.523,-1,Echolocation,/mnt/ubna_data_01_mir/recover-20220705_unit2/20220705_050000.WAV,Foliage,recover-20220705_unit2,010,1795
665.2705,665.2758,44375.0,56332.0,Pipistrellus pipistrellus,0.382,0.491,-1,Echolocation,/mnt/ubna_data_01_mir/recover-20220705_unit2/20220705_050000.WAV,Foliage,recover-20220705_unit2,010,1795
665.2705,665.2754,32343.0,72526.0,Myotis daubentonii,0.176,0.241,-1,Echolocation,/mnt/ubna_data_01_mir/recover-20220705_unit2/20220705_050000.WAV,Foliage,recover-20220705_unit2,010,1795
665.3265,665.3309,45234.0,59675.0,Pipistrellus pipistrellus,0.372,0.537,-1,Echolocation,/mnt/ubna_data_01_mir/recover-20220705_unit2/20220705_050000.WAV,Foliage,recover-20220705_unit2,010,1795
665.4025,665.4076,43515.0,58153.0,Pipistrellus pipistrellus,0.181,0.564,-1,Echolocation,/mnt/ubna_data_01_mir/recover-20220705_unit2/20220705_050000.WAV,Foliage,recover-20220705_unit2,010,1795
665.4845,665.4896,44375.0,59401.0,Pipistrellus pipistrellus,0.49,0.602,-1,Echolocation,/mnt/ubna_data_01_mir/recover-20220705_unit2/20220705_050000.WAV,Foliage,recover-20220705_unit2,010,1795
665.5475,665.5528,44375.0,56882.0,Pipistrellus pipistrellus,0.52,0.604,-1,Echolocation,/mnt/ubna_data_01_mir/recover-20220705_unit2/20220705_050000.WAV,Foliage,recover-20220705_unit2,010,1795
665.6215,665.6268,44375.0,60151.0,Pipistrellus pipistrellus,0.437,0.63,-1,Echolocation,/mnt/ubna_data_01_mir/recover-20220705_unit2/20220705_050000.WAV,Foliage,recover-20220705_unit2,010,1795
665.7085,665.7171,42656.0,67360.0,Pipistrellus pipistrellus,0.166,0.541,-1,Echolocation,/mnt/ubna_data_01_mir/recover-20220705_unit2/20220705_050000.WAV,Foliage,recover-20220705_unit2,010,1795
665.8035,665.81,43515.0,63530.0,Pipistrellus pipistrellus,0.387,0.632,-1,Echolocation,/mnt/ubna_data_01_mir/recover-20220705_unit2/20220705_050000.WAV,Foliage,recover-20220705_unit2,010,1795
665.8935,665.9011,41796.0,61920.0,Pipistrellus nathusii,0.201,0.463,-1,Echolocation,/mnt/ubna_data_01_mir/recover-20220705_unit2/20220705_050000.WAV,Foliage,recover-20220705_unit2,010,1795
665.9845,665.9928,42656.0,67646.0,Pipistrellus pipistrellus,0.2,0.494,-1,Echolocation,/mnt/ubna_data_01_mir/recover-20220705_unit2/20220705_050000.WAV,Foliage,recover-20220705_unit2,010,1795
666.0755,666.0848,42656.0,65692.0,Pipistrellus pipistrellus,0.272,0.603,-1,Echolocation,/mnt/ubna_data_01_mir/recover-20220705_unit2/20220705_050000.WAV,Foliage,recover-20220705_unit2,010,1795
666.1645,666.1721,42656.0,68682.0,Pipistrellus pipistrellus,0.491,0.679,-1,Echolocation,/mnt/ubna_data_01_mir/recover-20220705_unit2/20220705_050000.WAV,Foliage,recover-20220705_unit2,010,1795
666.2505,666.2586,41796.0,63829.0,Pipistrellus nathusii,0.205,0.498,-1,Echolocation,/mnt/ubna_data_01_mir/recover-20220705_unit2/20220705_050000.WAV,Foliage,recover-20220705_unit2,010,1795
666.3415,666.3482,41796.0,69297.0,Pipistrellus pipistrellus,0.583,0.719,-1,Echolocation,/mnt/ubna_data_01_mir/recover-20220705_unit2/20220705_050000.WAV,Foliage,recover-20220705_unit2,010,1795
666.4385,666.4463,40937.0,62234.0,Pipistrellus nathusii,0.187,0.467,-1,Echolocation,/mnt/ubna_data_01_mir/recover-20220705_unit2/20220705_050000.WAV,Foliage,recover-20220705_unit2,010,1795
666.5245,666.5319,42656.0,63232.0,Pipistrellus pipistrellus,0.307,0.582,-1,Echolocation,/mnt/ubna_data_01_mir/recover-20220705_unit2/20220705_050000.WAV,Foliage,recover-20220705_unit2,010,1795
666.6265,666.6333,41796.0,61514.0,Pipistrellus pipistrellus,0.159,0.512,-1,Echolocation,/mnt/ubna_data_01_mir/recover-20220705_unit2/20220705_050000.WAV,Foliage,recover-20220705_unit2,010,1795
666.7105,666.7172,43515.0,68674.0,Pipistrellus pipistrellus,0.421,0.664,-1,Echolocation,/mnt/ubna_data_01_mir/recover-20220705_unit2/20220705_050000.WAV,Foliage,recover-20220705_unit2,010,1795
666.7985,666.8032,40937.0,57966.0,Pipistrellus pipistrellus,0.419,0.573,-1,Echolocation,/mnt/ubna_data_01_mir/recover-20220705_unit2/20220705_050000.WAV,Foliage,recover-20220705_unit2,010,1795
666.8745,666.8797,40937.0,61917.0,Pipistrellus pipistrellus,0.328,0.518,-1,Echolocation,/mnt/ubna_data_01_mir/recover-20220705_unit2/20220705_050000.WAV,Foliage,recover-20220705_unit2,010,1795
666.9525,666.9577,44375.0,56178.0,Pipistrellus pipistrellus,0.483,0.557,-1,Echolocation,/mnt/ubna_data_01_mir/recover-20220705_unit2/20220705_050000.WAV,Foliage,recover-20220705_unit2,010,1795
667.0575,667.0628,44375.0,56579.0,Pipistrellus pipistrellus,0.424,0.479,-1,Echolocation,/mnt/ubna_data_01_mir/recover-20220705_unit2/20220705_050000.WAV,Foliage,recover-20220705_unit2,010,1795
678.3895,678.4016,28046.0,33665.0,Eptesicus serotinus,0.222,0.396,-1,Echolocation,/mnt/ubna_data_01_mir/recover-20220705_unit2/20220705_050000.WAV,Foliage,recover-20220705_unit2,010,1795
678.9315,678.9465,27187.0,32028.0,Nyctalus leisleri,0.269,0.443,-1,Echolocation,/mnt/ubna_data_01_mir/recover-20220705_unit2/20220705_050000.WAV,Foliage,recover-20220705_unit2,010,1795
679.0605,679.0726,28046.0,32930.0,Nyctalus leisleri,0.179,0.386,-1,Echolocation,/mnt/ubna_data_01_mir/recover-20220705_unit2/20220705_050000.WAV,Foliage,recover-20220705_unit2,010,1795
679.3965,679.4128,27187.0,31340.0,Nyctalus leisleri,0.196,0.308,-1,Echolocation,/mnt/ubna_data_01_mir/recover-20220705_unit2/20220705_050000.WAV,Foliage,recover-20220705_unit2,010,1795
682.9825,682.9961,27187.0,30926.0,Nyctalus leisleri,0.143,0.241,-1,Echolocation,/mnt/ubna_data_01_mir/recover-20220705_unit2/20220705_050000.WAV,Foliage,recover-20220705_unit2,010,1795
693.3455,693.3595,27187.0,32514.0,Eptesicus serotinus,0.121,0.214,-1,Echolocation,/mnt/ubna_data_01_mir/recover-20220705_unit2/20220705_050000.WAV,Foliage,recover-20220705_unit2,010,1795
698.0685,698.0825,27187.0,32273.0,Eptesicus serotinus,0.178,0.355,-1,Echolocation,/mnt/ubna_data_01_mir/recover-20220705_unit2/20220705_050000.WAV,Foliage,recover-20220705_unit2,010,1795
703.9135,703.9276,27187.0,31645.0,Nyctalus leisleri,0.118,0.24,-1,Echolocation,/mnt/ubna_data_01_mir/recover-20220705_unit2/20220705_050000.WAV,Foliage,recover-20220705_unit2,010,1795
704.2025,704.2163,27187.0,32446.0,Nyctalus leisleri,0.243,0.463,-1,Echolocation,/mnt/ubna_data_01_mir/recover-20220705_unit2/20220705_050000.WAV,Foliage,recover-20220705_unit2,010,1795
705.3475,705.3609,26328.0,31346.0,Eptesicus serotinus,0.125,0.234,-1,Echolocation,/mnt/ubna_data_01_mir/recover-20220705_unit2/20220705_050000.WAV,Foliage,recover-20220705_unit2,010,1795
709.6305,709.645,37500.0,41345.0,Pipistrellus nathusii,0.19,0.205,-1,Echolocation,/mnt/ubna_data_01_mir/recover-20220705_unit2/20220705_050000.WAV,Foliage,recover-20220705_unit2,010,1795
715.5485,715.5637,25468.0,30233.0,Eptesicus serotinus,0.095,0.201,-1,Echolocation,/mnt/ubna_data_01_mir/recover-20220705_unit2/20220705_050000.WAV,Foliage,recover-20220705_unit2,010,1795
725.1575,725.167,41796.0,50417.0,Pipistrellus nathusii,0.43,0.458,-1,Echolocation,/mnt/ubna_data_01_mir/recover-20220705_unit2/20220705_050000.WAV,Foliage,recover-20220705_unit2,010,1795
725.2485,725.2553,39218.0,48498.0,Pipistrellus nathusii,0.408,0.546,-1,Echolocation,/mnt/ubna_data_01_mir/recover-20220705_unit2/20220705_050000.WAV,Foliage,recover-20220705_unit2,010,1795
725.3435,725.3503,41796.0,53427.0,Pipistrellus nathusii,0.359,0.445,-1,Echolocation,/mnt/ubna_data_01_mir/recover-20220705_unit2/20220705_050000.WAV,Foliage,recover-20220705_unit2,010,1795
725.3945,725.4095,27187.0,30851.0,Nyctalus leisleri,0.14,0.24,-1,Echolocation,/mnt/ubna_data_01_mir/recover-20220705_unit2/20220705_050000.WAV,Foliage,recover-20220705_unit2,010,1795
725.5345,725.5407,41796.0,49383.0,Pipistrellus nathusii,0.554,0.594,-1,Echolocation,/mnt/ubna_data_01_mir/recover-20220705_unit2/20220705_050000.WAV,Foliage,recover-20220705_unit2,010,1795
725.6295,725.6366,40937.0,47966.0,Pipistrellus nathusii,0.464,0.509,-1,Echolocation,/mnt/ubna_data_01_mir/recover-20220705_unit2/20220705_050000.WAV,Foliage,recover-20220705_unit2,010,1795
725.7205,725.7274,40937.0,51071.0,Pipistrellus nathusii,0.523,0.593,-1,Echolocation,/mnt/ubna_data_01_mir/recover-20220705_unit2/20220705_050000.WAV,Foliage,recover-20220705_unit2,010,1795
726.9155,726.9337,27187.0,32342.0,Nyctalus leisleri,0.182,0.382,-1,Echolocation,/mnt/ubna_data_01_mir/recover-20220705_unit2/20220705_050000.WAV,Foliage,recover-20220705_unit2,010,1795
727.6065,727.6241,26328.0,30153.0,Nyctalus leisleri,0.148,0.238,-1,Echolocation,/mnt/ubna_data_01_mir/recover-20220705_unit2/20220705_050000.WAV,Foliage,recover-20220705_unit2,010,1795
754.0255,754.0371,27187.0,31847.0,Nyctalus leisleri,0.291,0.49,-1,Echolocation,/mnt/ubna_data_01_mir/recover-20220705_unit2/20220705_050000.WAV,Foliage,recover-20220705_unit2,010,1795
754.7125,754.725,27187.0,34011.0,Nyctalus leisleri,0.289,0.645,-1,Echolocation,/mnt/ubna_data_01_mir/recover-20220705_unit2/20220705_050000.WAV,Foliage,recover-20220705_unit2,010,1795
759.3935,759.412,26328.0,30503.0,Nyctalus leisleri,0.117,0.218,-1,Echolocation,/mnt/ubna_data_01_mir/recover-20220705_unit2/20220705_050000.WAV,Foliage,recover-20220705_unit2,010,1795
772.1165,772.1297,26328.0,31253.0,Nyctalus leisleri,0.208,0.377,-1,Echolocation,/mnt/ubna_data_01_mir/recover-20220705_unit2/20220705_050000.WAV,Foliage,recover-20220705_unit2,010,1795
779.2575,779.2772,26328.0,30862.0,Nyctalus leisleri,0.241,0.398,-1,Echolocation,/mnt/ubna_data_01_mir/recover-20220705_unit2/20220705_050000.WAV,Foliage,recover-20220705_unit2,010,1795
781.1785,781.1923,27187.0,32181.0,Nyctalus leisleri,0.193,0.403,-1,Echolocation,/mnt/ubna_data_01_mir/recover-20220705_unit2/20220705_050000.WAV,Foliage,recover-20220705_unit2,010,1795
781.5375,781.5531,26328.0,30985.0,Nyctalus leisleri,0.24,0.37,-1,Echolocation,/mnt/ubna_data_01_mir/recover-20220705_unit2/20220705_050000.WAV,Foliage,recover-20220705_unit2,010,1795
781.8435,781.8567,27187.0,32322.0,Nyctalus leisleri,0.173,0.349,-1,Echolocation,/mnt/ubna_data_01_mir/recover-20220705_unit2/20220705_050000.WAV,Foliage,recover-20220705_unit2,010,1795
787.2605,787.2788,27187.0,31066.0,Nyctalus leisleri,0.225,0.31,-1,Echolocation,/mnt/ubna_data_01_mir/recover-20220705_unit2/20220705_050000.WAV,Foliage,recover-20220705_unit2,010,1795
787.5805,787.6007,27187.0,31372.0,Nyctalus leisleri,0.36,0.473,-1,Echolocation,/mnt/ubna_data_01_mir/recover-20220705_unit2/20220705_050000.WAV,Foliage,recover-20220705_unit2,010,1795
787.7965,787.8163,27187.0,30569.0,Nyctalus leisleri,0.241,0.32,-1,Echolocation,/mnt/ubna_data_01_mir/recover-20220705_unit2/20220705_050000.WAV,Foliage,recover-20220705_unit2,010,1795
788.1195,788.1363,27187.0,30409.0,Nyctalus leisleri,0.431,0.493,-1,Echolocation,/mnt/ubna_data_01_mir/recover-20220705_unit2/20220705_050000.WAV,Foliage,recover-20220705_unit2,010,1795
788.3355,788.3514,27187.0,31767.0,Nyctalus leisleri,0.27,0.472,-1,Echolocation,/mnt/ubna_data_01_mir/recover-20220705_unit2/20220705_050000.WAV,Foliage,recover-20220705_unit2,010,1795
788.5405,788.5566,28046.0,33384.0,Nyctalus leisleri,0.157,0.318,-1,Echolocation,/mnt/ubna_data_01_mir/recover-20220705_unit2/20220705_050000.WAV,Foliage,recover-20220705_unit2,010,1795
788.7555,788.774,27187.0,30509.0,Nyctalus leisleri,0.32,0.406,-1,Echolocation,/mnt/ubna_data_01_mir/recover-20220705_unit2/20220705_050000.WAV,Foliage,recover-20220705_unit2,010,1795
788.9675,788.9821,27187.0,33482.0,Eptesicus serotinus,0.218,0.483,-1,Echolocation,/mnt/ubna_data_01_mir/recover-20220705_unit2/20220705_050000.WAV,Foliage,recover-20220705_unit2,010,1795
789.1715,789.1908,27187.0,31709.0,Nyctalus leisleri,0.108,0.227,-1,Echolocation,/mnt/ubna_data_01_mir/recover-20220705_unit2/20220705_050000.WAV,Foliage,recover-20220705_unit2,010,1795
789.3945,789.4082,27187.0,32167.0,Nyctalus leisleri,0.255,0.43,-1,Echolocation,/mnt/ubna_data_01_mir/recover-20220705_unit2/20220705_050000.WAV,Foliage,recover-20220705_unit2,010,1795
789.5455,789.5639,28046.0,32190.0,Nyctalus leisleri,0.132,0.259,-1,Echolocation,/mnt/ubna_data_01_mir/recover-20220705_unit2/20220705_050000.WAV,Foliage,recover-20220705_unit2,010,1795
790.1025,790.1162,27187.0,31861.0,Nyctalus leisleri,0.144,0.311,-1,Echolocation,/mnt/ubna_data_01_mir/recover-20220705_unit2/20220705_050000.WAV,Foliage,recover-20220705_unit2,010,1795
799.1485,799.1613,27187.0,31955.0,Eptesicus serotinus,0.122,0.203,-1,Echolocation,/mnt/ubna_data_01_mir/recover-20220705_unit2/20220705_050000.WAV,Foliage,recover-20220705_unit2,010,1795
799.8485000000001,799.8615,28046.0,33805.0,Eptesicus serotinus,0.157,0.276,-1,Echolocation,/mnt/ubna_data_01_mir/recover-20220705_unit2/20220705_050000.WAV,Foliage,recover-20220705_unit2,010,1795
800.5165,800.5297,27187.0,32731.0,Eptesicus serotinus,0.178,0.378,-1,Echolocation,/mnt/ubna_data_01_mir/recover-20220705_unit2/20220705_050000.WAV,Foliage,recover-20220705_unit2,010,1795
811.2265,811.2447,28046.0,32225.0,Nyctalus leisleri,0.099,0.203,-1,Echolocation,/mnt/ubna_data_01_mir/recover-20220705_unit2/20220705_050000.WAV,Foliage,recover-20220705_unit2,010,1795
811.3765,811.3917,27187.0,31764.0,Nyctalus leisleri,0.127,0.264,-1,Echolocation,/mnt/ubna_data_01_mir/recover-20220705_unit2/20220705_050000.WAV,Foliage,recover-20220705_unit2,010,1795
811.5215,811.5352,27187.0,31750.0,Nyctalus leisleri,0.359,0.522,-1,Echolocation,/mnt/ubna_data_01_mir/recover-20220705_unit2/20220705_050000.WAV,Foliage,recover-20220705_unit2,010,1795
811.6705,811.6815,27187.0,32995.0,Nyctalus leisleri,0.299,0.531,-1,Echolocation,/mnt/ubna_data_01_mir/recover-20220705_unit2/20220705_050000.WAV,Foliage,recover-20220705_unit2,010,1795
811.8355,811.8496,22890.0,27494.0,Nyctalus leisleri,0.123,0.268,-1,Echolocation,/mnt/ubna_data_01_mir/recover-20220705_unit2/20220705_050000.WAV,Foliage,recover-20220705_unit2,010,1795
811.8865,811.8989,27187.0,32624.0,Nyctalus leisleri,0.288,0.513,-1,Echolocation,/mnt/ubna_data_01_mir/recover-20220705_unit2/20220705_050000.WAV,Foliage,recover-20220705_unit2,010,1795
812.0145,812.0253,27187.0,34019.0,Eptesicus serotinus,0.287,0.628,-1,Echolocation,/mnt/ubna_data_01_mir/recover-20220705_unit2/20220705_050000.WAV,Foliage,recover-20220705_unit2,010,1795
819.0695,819.0842,27187.0,32182.0,Eptesicus serotinus,0.106,0.202,-1,Echolocation,/mnt/ubna_data_01_mir/recover-20220705_unit2/20220705_050000.WAV,Foliage,recover-20220705_unit2,010,1795
839.3015,839.3165,27187.0,33357.0,Eptesicus serotinus,0.155,0.226,-1,Echolocation,/mnt/ubna_data_01_mir/recover-20220705_unit2/20220705_050000.WAV,Foliage,recover-20220705_unit2,010,1795
839.7605,839.7748,27187.0,32350.0,Nyctalus leisleri,0.291,0.517,-1,Echolocation,/mnt/ubna_data_01_mir/recover-20220705_unit2/20220705_050000.WAV,Foliage,recover-20220705_unit2,010,1795
840.2735,840.287,27187.0,32616.0,Nyctalus leisleri,0.307,0.539,-1,Echolocation,/mnt/ubna_data_01_mir/recover-20220705_unit2/20220705_050000.WAV,Foliage,recover-20220705_unit2,010,1795
840.7305,840.7475,27187.0,31980.0,Nyctalus leisleri,0.233,0.425,-1,Echolocation,/mnt/ubna_data_01_mir/recover-20220705_unit2/20220705_050000.WAV,Foliage,recover-20220705_unit2,010,1795
841.1975,841.2153,26328.0,30715.0,Nyctalus leisleri,0.152,0.256,-1,Echolocation,/mnt/ubna_data_01_mir/recover-20220705_unit2/20220705_050000.WAV,Foliage,recover-20220705_unit2,010,1795
841.6735,841.6895,25468.0,29574.0,Nyctalus leisleri,0.111,0.215,-1,Echolocation,/mnt/ubna_data_01_mir/recover-20220705_unit2/20220705_050000.WAV,Foliage,recover-20220705_unit2,010,1795
842.3805,842.394,26328.0,31825.0,Eptesicus serotinus,0.168,0.3,-1,Echolocation,/mnt/ubna_data_01_mir/recover-20220705_unit2/20220705_050000.WAV,Foliage,recover-20220705_unit2,010,1795
849.7845,849.8027,24609.0,28419.0,Nyctalus leisleri,0.113,0.208,-1,Echolocation,/mnt/ubna_data_01_mir/recover-20220705_unit2/20220705_050000.WAV,Foliage,recover-20220705_unit2,010,1795
850.8685,850.8859,23750.0,28015.0,Nyctalus leisleri,0.447,0.548,-1,Echolocation,/mnt/ubna_data_01_mir/recover-20220705_unit2/20220705_050000.WAV,Foliage,recover-20220705_unit2,010,1795
852.7355,852.7498,23750.0,28225.0,Nyctalus leisleri,0.097,0.207,-1,Echolocation,/mnt/ubna_data_01_mir/recover-20220705_unit2/20220705_050000.WAV,Foliage,recover-20220705_unit2,010,1795
857.3905,857.4053,27187.0,32555.0,Eptesicus serotinus,0.131,0.264,-1,Echolocation,/mnt/ubna_data_01_mir/recover-20220705_unit2/20220705_050000.WAV,Foliage,recover-20220705_unit2,010,1795
857.9465,857.9574,27187.0,32927.0,Nyctalus leisleri,0.183,0.331,-1,Echolocation,/mnt/ubna_data_01_mir/recover-20220705_unit2/20220705_050000.WAV,Foliage,recover-20220705_unit2,010,1795
858.4225,858.4408,27187.0,31076.0,Nyctalus leisleri,0.129,0.216,-1,Echolocation,/mnt/ubna_data_01_mir/recover-20220705_unit2/20220705_050000.WAV,Foliage,recover-20220705_unit2,010,1795
858.6775,858.6955,26328.0,30247.0,Nyctalus leisleri,0.308,0.421,-1,Echolocation,/mnt/ubna_data_01_mir/recover-20220705_unit2/20220705_050000.WAV,Foliage,recover-20220705_unit2,010,1795
859.0215,859.0360000000001,27187.0,31274.0,Nyctalus leisleri,0.396,0.553,-1,Echolocation,/mnt/ubna_data_01_mir/recover-20220705_unit2/20220705_050000.WAV,Foliage,recover-20220705_unit2,010,1795
859.5335,859.5513,26328.0,30620.0,Nyctalus leisleri,0.393,0.515,-1,Echolocation,/mnt/ubna_data_01_mir/recover-20220705_unit2/20220705_050000.WAV,Foliage,recover-20220705_unit2,010,1795
861.2105,861.2254,27187.0,30597.0,Nyctalus leisleri,0.501,0.609,-1,Echolocation,/mnt/ubna_data_01_mir/recover-20220705_unit2/20220705_050000.WAV,Foliage,recover-20220705_unit2,010,1795
887.8435,887.8596,26328.0,30969.0,Nyctalus leisleri,0.221,0.38,-1,Echolocation,/mnt/ubna_data_01_mir/recover-20220705_unit2/20220705_050000.WAV,Foliage,recover-20220705_unit2,010,1795
888.2295,888.247,27187.0,31617.0,Nyctalus leisleri,0.119,0.225,-1,Echolocation,/mnt/ubna_data_01_mir/recover-20220705_unit2/20220705_050000.WAV,Foliage,recover-20220705_unit2,010,1795
888.4785,888.4945,27187.0,31362.0,Nyctalus leisleri,0.16,0.286,-1,Echolocation,/mnt/ubna_data_01_mir/recover-20220705_unit2/20220705_050000.WAV,Foliage,recover-20220705_unit2,010,1795
896.9735000000001,896.989,26328.0,30476.0,Nyctalus leisleri,0.173,0.259,-1,Echolocation,/mnt/ubna_data_01_mir/recover-20220705_unit2/20220705_050000.WAV,Foliage,recover-20220705_unit2,010,1795
898.2645,898.2796,27187.0,31572.0,Nyctalus leisleri,0.417,0.551,-1,Echolocation,/mnt/ubna_data_01_mir/recover-20220705_unit2/20220705_050000.WAV,Foliage,recover-20220705_unit2,010,1795
898.4935,898.5132,26328.0,30333.0,Nyctalus leisleri,0.167,0.246,-1,Echolocation,/mnt/ubna_data_01_mir/recover-20220705_unit2/20220705_050000.WAV,Foliage,recover-20220705_unit2,010,1795
898.7235000000001,898.7434,26328.0,30751.0,Nyctalus leisleri,0.166,0.28,-1,Echolocation,/mnt/ubna_data_01_mir/recover-20220705_unit2/20220705_050000.WAV,Foliage,recover-20220705_unit2,010,1795
898.9425,898.9574,28046.0,32693.0,Nyctalus leisleri,0.203,0.409,-1,Echolocation,/mnt/ubna_data_01_mir/recover-20220705_unit2/20220705_050000.WAV,Foliage,recover-20220705_unit2,010,1795
899.7925,899.8059,27187.0,32678.0,Eptesicus serotinus,0.143,0.298,-1,Echolocation,/mnt/ubna_data_01_mir/recover-20220705_unit2/20220705_050000.WAV,Foliage,recover-20220705_unit2,010,1795
904.9705,904.9764,46093.0,57021.0,Pipistrellus pipistrellus,0.234,0.279,-1,Echolocation,/mnt/ubna_data_01_mir/recover-20220705_unit2/20220705_050000.WAV,Foliage,recover-20220705_unit2,010,1795
905.1955,905.2004,46953.0,56101.0,Pipistrellus pipistrellus,0.411,0.442,-1,Echolocation,/mnt/ubna_data_01_mir/recover-20220705_unit2/20220705_050000.WAV,Foliage,recover-20220705_unit2,010,1795
905.2735,905.28,44375.0,56372.0,Pipistrellus pipistrellus,0.228,0.367,-1,Echolocation,/mnt/ubna_data_01_mir/recover-20220705_unit2/20220705_050000.WAV,Foliage,recover-20220705_unit2,010,1795
905.4925,905.4962,47812.0,63460.0,Pipistrellus pipistrellus,0.092,0.22,-1,Echolocation,/mnt/ubna_data_01_mir/recover-20220705_unit2/20220705_050000.WAV,Foliage,recover-20220705_unit2,010,1795
905.7895,905.7936,48671.0,57904.0,Pipistrellus pipistrellus,0.248,0.27,-1,Echolocation,/mnt/ubna_data_01_mir/recover-20220705_unit2/20220705_050000.WAV,Foliage,recover-20220705_unit2,010,1795
905.8735,905.8772,46953.0,63418.0,Myotis alcathoe,0.095,0.305,-1,Echolocation,/mnt/ubna_data_01_mir/recover-20220705_unit2/20220705_050000.WAV,Foliage,recover-20220705_unit2,010,1795
905.9695,905.9765,45234.0,56554.0,Pipistrellus pipistrellus,0.204,0.235,-1,Echolocation,/mnt/ubna_data_01_mir/recover-20220705_unit2/20220705_050000.WAV,Foliage,recover-20220705_unit2,010,1795
906.0275,906.0327,46953.0,60150.0,Pipistrellus pipistrellus,0.56,0.584,-1,Echolocation,/mnt/ubna_data_01_mir/recover-20220705_unit2/20220705_050000.WAV,Foliage,recover-20220705_unit2,010,1795
906.0945,906.0995,44375.0,68431.0,Pipistrellus pipistrellus,0.61,0.646,-1,Echolocation,/mnt/ubna_data_01_mir/recover-20220705_unit2/20220705_050000.WAV,Foliage,recover-20220705_unit2,010,1795
906.1795,906.1843,46093.0,63069.0,Pipistrellus pipistrellus,0.623,0.634,-1,Echolocation,/mnt/ubna_data_01_mir/recover-20220705_unit2/20220705_050000.WAV,Foliage,recover-20220705_unit2,010,1795
906.2715,906.2762,46093.0,63605.0,Pipistrellus pipistrellus,0.744,0.772,-1,Echolocation,/mnt/ubna_data_01_mir/recover-20220705_unit2/20220705_050000.WAV,Foliage,recover-20220705_unit2,010,1795
906.3595,906.3638,46953.0,65222.0,Pipistrellus pipistrellus,0.683,0.693,-1,Echolocation,/mnt/ubna_data_01_mir/recover-20220705_unit2/20220705_050000.WAV,Foliage,recover-20220705_unit2,010,1795
906.4535,906.4581,46093.0,63978.0,Pipistrellus pipistrellus,0.753,0.769,-1,Echolocation,/mnt/ubna_data_01_mir/recover-20220705_unit2/20220705_050000.WAV,Foliage,recover-20220705_unit2,010,1795
906.5245,906.5297,45234.0,72366.0,Pipistrellus pipistrellus,0.671,0.686,-1,Echolocation,/mnt/ubna_data_01_mir/recover-20220705_unit2/20220705_050000.WAV,Foliage,recover-20220705_unit2,010,1795
906.6085,906.6133,45234.0,68887.0,Pipistrellus pipistrellus,0.756,0.772,-1,Echolocation,/mnt/ubna_data_01_mir/recover-20220705_unit2/20220705_050000.WAV,Foliage,recover-20220705_unit2,010,1795
906.6865,906.6911,45234.0,70528.0,Pipistrellus pipistrellus,0.686,0.702,-1,Echolocation,/mnt/ubna_data_01_mir/recover-20220705_unit2/20220705_050000.WAV,Foliage,recover-20220705_unit2,010,1795
906.7625,906.7672,45234.0,65482.0,Pipistrellus pipistrellus,0.737,0.754,-1,Echolocation,/mnt/ubna_data_01_mir/recover-20220705_unit2/20220705_050000.WAV,Foliage,recover-20220705_unit2,010,1795
906.8525,906.8571,43515.0,68133.0,Pipistrellus pipistrellus,0.632,0.653,-1,Echolocation,/mnt/ubna_data_01_mir/recover-20220705_unit2/20220705_050000.WAV,Foliage,recover-20220705_unit2,010,1795
906.9245,906.9295,45234.0,66948.0,Pipistrellus pipistrellus,0.63,0.666,-1,Echolocation,/mnt/ubna_data_01_mir/recover-20220705_unit2/20220705_050000.WAV,Foliage,recover-20220705_unit2,010,1795
906.9885,906.9933,43515.0,70238.0,Pipistrellus pipistrellus,0.608,0.634,-1,Echolocation,/mnt/ubna_data_01_mir/recover-20220705_unit2/20220705_050000.WAV,Foliage,recover-20220705_unit2,010,1795
907.0715,907.0768,45234.0,76999.0,Pipistrellus pipistrellus,0.625,0.649,-1,Echolocation,/mnt/ubna_data_01_mir/recover-20220705_unit2/20220705_050000.WAV,Foliage,recover-20220705_unit2,010,1795
907.1465,907.1513,45234.0,69985.0,Pipistrellus pipistrellus,0.487,0.513,-1,Echolocation,/mnt/ubna_data_01_mir/recover-20220705_unit2/20220705_050000.WAV,Foliage,recover-20220705_unit2,010,1795
907.1475,907.1522,33203.0,84757.0,Myotis alcathoe,0.195,0.263,-1,Echolocation,/mnt/ubna_data_01_mir/recover-20220705_unit2/20220705_050000.WAV,Foliage,recover-20220705_unit2,010,1795
907.2315,907.2377,37500.0,92732.0,Myotis alcathoe,0.195,0.231,-1,Echolocation,/mnt/ubna_data_01_mir/recover-20220705_unit2/20220705_050000.WAV,Foliage,recover-20220705_unit2,010,1795
907.2325,907.2375,45234.0,75184.0,Pipistrellus pipistrellus,0.461,0.467,-1,Echolocation,/mnt/ubna_data_01_mir/recover-20220705_unit2/20220705_050000.WAV,Foliage,recover-20220705_unit2,010,1795
907.3215,907.3271,36640.0,86985.0,Myotis alcathoe,0.196,0.256,-1,Echolocation,/mnt/ubna_data_01_mir/recover-20220705_unit2/20220705_050000.WAV,Foliage,recover-20220705_unit2,010,1795
907.3215,907.3263,44375.0,70269.0,Pipistrellus pipistrellus,0.387,0.391,-1,Echolocation,/mnt/ubna_data_01_mir/recover-20220705_unit2/20220705_050000.WAV,Foliage,recover-20220705_unit2,010,1795
907.4045,907.4101,45234.0,72721.0,Pipistrellus pipistrellus,0.376,0.381,-1,Echolocation,/mnt/ubna_data_01_mir/recover-20220705_unit2/20220705_050000.WAV,Foliage,recover-20220705_unit2,010,1795
907.4045,907.4104,35781.0,96624.0,Myotis alcathoe,0.366,0.406,-1,Echolocation,/mnt/ubna_data_01_mir/recover-20220705_unit2/20220705_050000.WAV,Foliage,recover-20220705_unit2,010,1795
907.4865,907.493,35781.0,96582.0,Myotis alcathoe,0.324,0.396,-1,Echolocation,/mnt/ubna_data_01_mir/recover-20220705_unit2/20220705_050000.WAV,Foliage,recover-20220705_unit2,010,1795
907.4865,907.4914,45234.0,78314.0,Pipistrellus pipistrellus,0.236,0.25,-1,Echolocation,/mnt/ubna_data_01_mir/recover-20220705_unit2/20220705_050000.WAV,Foliage,recover-20220705_unit2,010,1795
907.5645,907.57,34921.0,93177.0,Myotis alcathoe,0.345,0.419,-1,Echolocation,/mnt/ubna_data_01_mir/recover-20220705_unit2/20220705_050000.WAV,Foliage,recover-20220705_unit2,010,1795
907.5645,907.5702,45234.0,68478.0,Pipistrellus pipistrellus,0.312,0.316,-1,Echolocation,/mnt/ubna_data_01_mir/recover-20220705_unit2/20220705_050000.WAV,Foliage,recover-20220705_unit2,010,1795
907.6445,907.6503,35781.0,97172.0,Myotis alcathoe,0.389,0.45,-1,Echolocation,/mnt/ubna_data_01_mir/recover-20220705_unit2/20220705_050000.WAV,Foliage,recover-20220705_unit2,010,1795
907.7215,907.7278,34921.0,100205.0,Myotis alcathoe,0.306,0.364,-1,Echolocation,/mnt/ubna_data_01_mir/recover-20220705_unit2/20220705_050000.WAV,Foliage,recover-20220705_unit2,010,1795
907.7215,907.7263,44375.0,78857.0,Pipistrellus pipistrellus,0.293,0.297,-1,Echolocation,/mnt/ubna_data_01_mir/recover-20220705_unit2/20220705_050000.WAV,Foliage,recover-20220705_unit2,010,1795
907.7985,907.8044,46953.0,66976.0,Pipistrellus pipistrellus,0.319,0.321,-1,Echolocation,/mnt/ubna_data_01_mir/recover-20220705_unit2/20220705_050000.WAV,Foliage,recover-20220705_unit2,010,1795
907.7985,907.8041,35781.0,101120.0,Myotis alcathoe,0.299,0.357,-1,Echolocation,/mnt/ubna_data_01_mir/recover-20220705_unit2/20220705_050000.WAV,Foliage,recover-20220705_unit2,010,1795
907.8825,907.8879,40078.0,89149.0,Myotis alcathoe,0.216,0.46,-1,Echolocation,/mnt/ubna_data_01_mir/recover-20220705_unit2/20220705_050000.WAV,Foliage,recover-20220705_unit2,010,1795
907.9635,907.9685,39218.0,85305.0,Myotis alcathoe,0.325,0.465,-1,Echolocation,/mnt/ubna_data_01_mir/recover-20220705_unit2/20220705_050000.WAV,Foliage,recover-20220705_unit2,010,1795
908.0425,908.0469,37500.0,79445.0,Myotis alcathoe,0.401,0.519,-1,Echolocation,/mnt/ubna_data_01_mir/recover-20220705_unit2/20220705_050000.WAV,Foliage,recover-20220705_unit2,010,1795
908.1245,908.1282,38359.0,75431.0,Myotis alcathoe,0.259,0.343,-1,Echolocation,/mnt/ubna_data_01_mir/recover-20220705_unit2/20220705_050000.WAV,Foliage,recover-20220705_unit2,010,1795
908.1245,908.1286,45234.0,67387.0,Myotis alcathoe,0.168,0.314,-1,Echolocation,/mnt/ubna_data_01_mir/recover-20220705_unit2/20220705_050000.WAV,Foliage,recover-20220705_unit2,010,1795
908.2105,908.2135,40078.0,73896.0,Myotis alcathoe,0.355,0.476,-1,Echolocation,/mnt/ubna_data_01_mir/recover-20220705_unit2/20220705_050000.WAV,Foliage,recover-20220705_unit2,010,1795
908.2895,908.2927999999999,46953.0,77812.0,Myotis alcathoe,0.27,0.434,-1,Echolocation,/mnt/ubna_data_01_mir/recover-20220705_unit2/20220705_050000.WAV,Foliage,recover-20220705_unit2,010,1795
908.3715,908.3745,48671.0,75731.0,Myotis alcathoe,0.289,0.433,-1,Echolocation,/mnt/ubna_data_01_mir/recover-20220705_unit2/20220705_050000.WAV,Foliage,recover-20220705_unit2,010,1795
908.3715,908.3755,39218.0,92344.0,Myotis alcathoe,0.224,0.254,-1,Echolocation,/mnt/ubna_data_01_mir/recover-20220705_unit2/20220705_050000.WAV,Foliage,recover-20220705_unit2,010,1795
908.4555,908.4595,46953.0,59081.0,Pipistrellus pipistrellus,0.19,0.301,-1,Echolocation,/mnt/ubna_data_01_mir/recover-20220705_unit2/20220705_050000.WAV,Foliage,recover-20220705_unit2,010,1795
908.5295,908.5341,49531.0,59852.0,Pipistrellus pipistrellus,0.336,0.384,-1,Echolocation,/mnt/ubna_data_01_mir/recover-20220705_unit2/20220705_050000.WAV,Foliage,recover-20220705_unit2,010,1795
908.9885,908.9997,26328.0,31837.0,Nyctalus leisleri,0.134,0.293,-1,Echolocation,/mnt/ubna_data_01_mir/recover-20220705_unit2/20220705_050000.WAV,Foliage,recover-20220705_unit2,010,1795
910.4395,910.4572000000001,26328.0,30484.0,Nyctalus leisleri,0.215,0.306,-1,Echolocation,/mnt/ubna_data_01_mir/recover-20220705_unit2/20220705_050000.WAV,Foliage,recover-20220705_unit2,010,1795
910.9115,910.9177999999999,45234.0,53264.0,Pipistrellus pipistrellus,0.279,0.316,-1,Echolocation,/mnt/ubna_data_01_mir/recover-20220705_unit2/20220705_050000.WAV,Foliage,recover-20220705_unit2,010,1795
911.0905,911.1073,27187.0,31404.0,Nyctalus leisleri,0.175,0.286,-1,Echolocation,/mnt/ubna_data_01_mir/recover-20220705_unit2/20220705_050000.WAV,Foliage,recover-20220705_unit2,010,1795
911.5405,911.5554,26328.0,31127.0,Nyctalus leisleri,0.163,0.302,-1,Echolocation,/mnt/ubna_data_01_mir/recover-20220705_unit2/20220705_050000.WAV,Foliage,recover-20220705_unit2,010,1795
919.3415,919.3546,23750.0,30584.0,Nyctalus leisleri,0.274,0.531,-1,Echolocation,/mnt/ubna_data_01_mir/recover-20220705_unit2/20220705_050000.WAV,Foliage,recover-20220705_unit2,010,1795
925.4485,925.4632,22890.0,27475.0,Nyctalus leisleri,0.206,0.333,-1,Echolocation,/mnt/ubna_data_01_mir/recover-20220705_unit2/20220705_050000.WAV,Foliage,recover-20220705_unit2,010,1795
925.5695,925.5902,22031.0,26387.0,Nyctalus noctula,0.108,0.238,-1,Echolocation,/mnt/ubna_data_01_mir/recover-20220705_unit2/20220705_050000.WAV,Foliage,recover-20220705_unit2,010,1795
925.7985,925.813,23750.0,27970.0,Nyctalus leisleri,0.522,0.607,-1,Echolocation,/mnt/ubna_data_01_mir/recover-20220705_unit2/20220705_050000.WAV,Foliage,recover-20220705_unit2,010,1795
925.9365,925.9539,23750.0,29409.0,Nyctalus leisleri,0.19,0.377,-1,Echolocation,/mnt/ubna_data_01_mir/recover-20220705_unit2/20220705_050000.WAV,Foliage,recover-20220705_unit2,010,1795
926.3945,926.4136,22890.0,28236.0,Nyctalus leisleri,0.151,0.334,-1,Echolocation,/mnt/ubna_data_01_mir/recover-20220705_unit2/20220705_050000.WAV,Foliage,recover-20220705_unit2,010,1795
926.7985,926.8143,22890.0,27880.0,Nyctalus leisleri,0.353,0.503,-1,Echolocation,/mnt/ubna_data_01_mir/recover-20220705_unit2/20220705_050000.WAV,Foliage,recover-20220705_unit2,010,1795
927.3135,927.3283,22031.0,27527.0,Nyctalus leisleri,0.559,0.639,-1,Echolocation,/mnt/ubna_data_01_mir/recover-20220705_unit2/20220705_050000.WAV,Foliage,recover-20220705_unit2,010,1795
927.8275,927.8506,22031.0,25536.0,Nyctalus leisleri,0.122,0.205,-1,Echolocation,/mnt/ubna_data_01_mir/recover-20220705_unit2/20220705_050000.WAV,Foliage,recover-20220705_unit2,010,1795
928.0835,928.1008,22031.0,26451.0,Nyctalus leisleri,0.245,0.388,-1,Echolocation,/mnt/ubna_data_01_mir/recover-20220705_unit2/20220705_050000.WAV,Foliage,recover-20220705_unit2,010,1795
935.0815,935.0946,25468.0,31265.0,Eptesicus serotinus,0.136,0.295,-1,Echolocation,/mnt/ubna_data_01_mir/recover-20220705_unit2/20220705_050000.WAV,Foliage,recover-20220705_unit2,010,1795
936.1155,936.1306,25468.0,30455.0,Nyctalus leisleri,0.12,0.232,-1,Echolocation,/mnt/ubna_data_01_mir/recover-20220705_unit2/20220705_050000.WAV,Foliage,recover-20220705_unit2,010,1795
938.0765,938.0938,26328.0,31239.0,Nyctalus leisleri,0.327,0.544,-1,Echolocation,/mnt/ubna_data_01_mir/recover-20220705_unit2/20220705_050000.WAV,Foliage,recover-20220705_unit2,010,1795
938.2335,938.2472,25468.0,29929.0,Nyctalus leisleri,0.299,0.409,-1,Echolocation,/mnt/ubna_data_01_mir/recover-20220705_unit2/20220705_050000.WAV,Foliage,recover-20220705_unit2,010,1795
939.5995,939.6142,26328.0,31989.0,Nyctalus leisleri,0.287,0.496,-1,Echolocation,/mnt/ubna_data_01_mir/recover-20220705_unit2/20220705_050000.WAV,Foliage,recover-20220705_unit2,010,1795
939.7505,939.7635,27187.0,32603.0,Nyctalus leisleri,0.21,0.437,-1,Echolocation,/mnt/ubna_data_01_mir/recover-20220705_unit2/20220705_050000.WAV,Foliage,recover-20220705_unit2,010,1795
939.8885,939.9023,27187.0,32691.0,Eptesicus serotinus,0.159,0.27,-1,Echolocation,/mnt/ubna_data_01_mir/recover-20220705_unit2/20220705_050000.WAV,Foliage,recover-20220705_unit2,010,1795
940.1305,940.1446,26328.0,32896.0,Nyctalus leisleri,0.253,0.511,-1,Echolocation,/mnt/ubna_data_01_mir/recover-20220705_unit2/20220705_050000.WAV,Foliage,recover-20220705_unit2,010,1795
940.9385,940.9569,27187.0,31458.0,Nyctalus leisleri,0.128,0.256,-1,Echolocation,/mnt/ubna_data_01_mir/recover-20220705_unit2/20220705_050000.WAV,Foliage,recover-20220705_unit2,010,1795
942.3225,942.3404,27187.0,30831.0,Nyctalus leisleri,0.227,0.303,-1,Echolocation,/mnt/ubna_data_01_mir/recover-20220705_unit2/20220705_050000.WAV,Foliage,recover-20220705_unit2,010,1795
942.6075,942.6205,27187.0,31349.0,Nyctalus leisleri,0.145,0.26,-1,Echolocation,/mnt/ubna_data_01_mir/recover-20220705_unit2/20220705_050000.WAV,Foliage,recover-20220705_unit2,010,1795
942.7305,942.7417,28906.0,35302.0,Eptesicus serotinus,0.27,0.478,-1,Echolocation,/mnt/ubna_data_01_mir/recover-20220705_unit2/20220705_050000.WAV,Foliage,recover-20220705_unit2,010,1795
942.9725,942.989,26328.0,32514.0,Nyctalus leisleri,0.222,0.5,-1,Echolocation,/mnt/ubna_data_01_mir/recover-20220705_unit2/20220705_050000.WAV,Foliage,recover-20220705_unit2,010,1795
943.4745,943.4898,26328.0,31947.0,Nyctalus leisleri,0.359,0.564,-1,Echolocation,/mnt/ubna_data_01_mir/recover-20220705_unit2/20220705_050000.WAV,Foliage,recover-20220705_unit2,010,1795
943.6315,943.6448,26328.0,32543.0,Nyctalus leisleri,0.27,0.58,-1,Echolocation,/mnt/ubna_data_01_mir/recover-20220705_unit2/20220705_050000.WAV,Foliage,recover-20220705_unit2,010,1795
944.2665,944.2828,26328.0,31394.0,Nyctalus leisleri,0.15,0.273,-1,Echolocation,/mnt/ubna_data_01_mir/recover-20220705_unit2/20220705_050000.WAV,Foliage,recover-20220705_unit2,010,1795
946.6185,946.6315,25468.0,30693.0,Nyctalus leisleri,0.157,0.292,-1,Echolocation,/mnt/ubna_data_01_mir/recover-20220705_unit2/20220705_050000.WAV,Foliage,recover-20220705_unit2,010,1795
947.9055,947.9278,24609.0,28097.0,Nyctalus leisleri,0.169,0.234,-1,Echolocation,/mnt/ubna_data_01_mir/recover-20220705_unit2/20220705_050000.WAV,Foliage,recover-20220705_unit2,010,1795
949.1155,949.1288,24609.0,29089.0,Nyctalus leisleri,0.395,0.581,-1,Echolocation,/mnt/ubna_data_01_mir/recover-20220705_unit2/20220705_050000.WAV,Foliage,recover-20220705_unit2,010,1795
949.3715,949.3848,25468.0,30168.0,Nyctalus leisleri,0.434,0.627,-1,Echolocation,/mnt/ubna_data_01_mir/recover-20220705_unit2/20220705_050000.WAV,Foliage,recover-20220705_unit2,010,1795
964.4345,964.448,25468.0,31254.0,Eptesicus serotinus,0.244,0.552,-1,Echolocation,/mnt/ubna_data_01_mir/recover-20220705_unit2/20220705_050000.WAV,Foliage,recover-20220705_unit2,010,1795
966.1205,966.1403,24609.0,28573.0,Nyctalus leisleri,0.307,0.418,-1,Echolocation,/mnt/ubna_data_01_mir/recover-20220705_unit2/20220705_050000.WAV,Foliage,recover-20220705_unit2,010,1795
968.7965,968.8111,25468.0,29340.0,Nyctalus leisleri,0.132,0.242,-1,Echolocation,/mnt/ubna_data_01_mir/recover-20220705_unit2/20220705_050000.WAV,Foliage,recover-20220705_unit2,010,1795
968.9505,968.9659,26328.0,31457.0,Nyctalus leisleri,0.15,0.28,-1,Echolocation,/mnt/ubna_data_01_mir/recover-20220705_unit2/20220705_050000.WAV,Foliage,recover-20220705_unit2,010,1795
969.1705,969.1894,25468.0,30510.0,Nyctalus leisleri,0.17,0.315,-1,Echolocation,/mnt/ubna_data_01_mir/recover-20220705_unit2/20220705_050000.WAV,Foliage,recover-20220705_unit2,010,1795
969.4055,969.4196,26328.0,30815.0,Nyctalus leisleri,0.167,0.284,-1,Echolocation,/mnt/ubna_data_01_mir/recover-20220705_unit2/20220705_050000.WAV,Foliage,recover-20220705_unit2,010,1795
969.5855,969.5989,26328.0,34344.0,Eptesicus serotinus,0.282,0.45,-1,Echolocation,/mnt/ubna_data_01_mir/recover-20220705_unit2/20220705_050000.WAV,Foliage,recover-20220705_unit2,010,1795
969.8005,969.814,26328.0,32242.0,Nyctalus leisleri,0.394,0.596,-1,Echolocation,/mnt/ubna_data_01_mir/recover-20220705_unit2/20220705_050000.WAV,Foliage,recover-20220705_unit2,010,1795
970.0085,970.0217,25468.0,32143.0,Eptesicus serotinus,0.177,0.278,-1,Echolocation,/mnt/ubna_data_01_mir/recover-20220705_unit2/20220705_050000.WAV,Foliage,recover-20220705_unit2,010,1795
971.4795,971.4916,27187.0,34104.0,Eptesicus serotinus,0.224,0.377,-1,Echolocation,/mnt/ubna_data_01_mir/recover-20220705_unit2/20220705_050000.WAV,Foliage,recover-20220705_unit2,010,1795
971.6175,971.6304,27187.0,33923.0,Nyctalus leisleri,0.257,0.55,-1,Echolocation,/mnt/ubna_data_01_mir/recover-20220705_unit2/20220705_050000.WAV,Foliage,recover-20220705_unit2,010,1795
971.7505,971.7596,28046.0,37713.0,Eptesicus serotinus,0.344,0.698,-1,Echolocation,/mnt/ubna_data_01_mir/recover-20220705_unit2/20220705_050000.WAV,Foliage,recover-20220705_unit2,010,1795
972.1195,972.1318,26328.0,34998.0,Eptesicus serotinus,0.292,0.498,-1,Echolocation,/mnt/ubna_data_01_mir/recover-20220705_unit2/20220705_050000.WAV,Foliage,recover-20220705_unit2,010,1795
972.5395,972.5529,28046.0,33639.0,Eptesicus serotinus,0.235,0.438,-1,Echolocation,/mnt/ubna_data_01_mir/recover-20220705_unit2/20220705_050000.WAV,Foliage,recover-20220705_unit2,010,1795
973.6015,973.6159,26328.0,33235.0,Eptesicus serotinus,0.248,0.443,-1,Echolocation,/mnt/ubna_data_01_mir/recover-20220705_unit2/20220705_050000.WAV,Foliage,recover-20220705_unit2,010,1795
974.1725,974.1894,26328.0,31176.0,Nyctalus leisleri,0.209,0.332,-1,Echolocation,/mnt/ubna_data_01_mir/recover-20220705_unit2/20220705_050000.WAV,Foliage,recover-20220705_unit2,010,1795
974.3185,974.3302,26328.0,31427.0,Nyctalus leisleri,0.215,0.419,-1,Echolocation,/mnt/ubna_data_01_mir/recover-20220705_unit2/20220705_050000.WAV,Foliage,recover-20220705_unit2,010,1795
974.8105,974.8263,26328.0,30619.0,Nyctalus leisleri,0.205,0.325,-1,Echolocation,/mnt/ubna_data_01_mir/recover-20220705_unit2/20220705_050000.WAV,Foliage,recover-20220705_unit2,010,1795
978.9555,978.972,25468.0,30352.0,Nyctalus leisleri,0.158,0.265,-1,Echolocation,/mnt/ubna_data_01_mir/recover-20220705_unit2/20220705_050000.WAV,Foliage,recover-20220705_unit2,010,1795
979.1305,979.1462,27187.0,31431.0,Nyctalus leisleri,0.166,0.301,-1,Echolocation,/mnt/ubna_data_01_mir/recover-20220705_unit2/20220705_050000.WAV,Foliage,recover-20220705_unit2,010,1795
980.6275,980.6418,26328.0,32381.0,Nyctalus leisleri,0.2,0.351,-1,Echolocation,/mnt/ubna_data_01_mir/recover-20220705_unit2/20220705_050000.WAV,Foliage,recover-20220705_unit2,010,1795
980.8775,980.8911,25468.0,31709.0,Nyctalus leisleri,0.182,0.377,-1,Echolocation,/mnt/ubna_data_01_mir/recover-20220705_unit2/20220705_050000.WAV,Foliage,recover-20220705_unit2,010,1795
981.1185,981.1341,26328.0,32116.0,Nyctalus leisleri,0.272,0.499,-1,Echolocation,/mnt/ubna_data_01_mir/recover-20220705_unit2/20220705_050000.WAV,Foliage,recover-20220705_unit2,010,1795
981.3615,981.3738,25468.0,33080.0,Nyctalus leisleri,0.357,0.557,-1,Echolocation,/mnt/ubna_data_01_mir/recover-20220705_unit2/20220705_050000.WAV,Foliage,recover-20220705_unit2,010,1795
981.7395,981.7535,25468.0,31944.0,Nyctalus leisleri,0.311,0.552,-1,Echolocation,/mnt/ubna_data_01_mir/recover-20220705_unit2/20220705_050000.WAV,Foliage,recover-20220705_unit2,010,1795
982.3445,982.3579,26328.0,31805.0,Eptesicus serotinus,0.188,0.4,-1,Echolocation,/mnt/ubna_data_01_mir/recover-20220705_unit2/20220705_050000.WAV,Foliage,recover-20220705_unit2,010,1795
982.4905,982.5071,26328.0,31265.0,Nyctalus leisleri,0.13,0.25,-1,Echolocation,/mnt/ubna_data_01_mir/recover-20220705_unit2/20220705_050000.WAV,Foliage,recover-20220705_unit2,010,1795
983.4025,983.4157,26328.0,34042.0,Eptesicus serotinus,0.337,0.583,-1,Echolocation,/mnt/ubna_data_01_mir/recover-20220705_unit2/20220705_050000.WAV,Foliage,recover-20220705_unit2,010,1795
983.7235000000001,983.7362,26328.0,32865.0,Eptesicus serotinus,0.242,0.495,-1,Echolocation,/mnt/ubna_data_01_mir/recover-20220705_unit2/20220705_050000.WAV,Foliage,recover-20220705_unit2,010,1795
983.9075,983.9226,27187.0,34695.0,Eptesicus serotinus,0.22,0.325,-1,Echolocation,/mnt/ubna_data_01_mir/recover-20220705_unit2/20220705_050000.WAV,Foliage,recover-20220705_unit2,010,1795
984.0635,984.0734,28046.0,34122.0,Eptesicus serotinus,0.28,0.483,-1,Echolocation,/mnt/ubna_data_01_mir/recover-20220705_unit2/20220705_050000.WAV,Foliage,recover-20220705_unit2,010,1795
984.2035,984.2148,28046.0,34969.0,Eptesicus serotinus,0.284,0.605,-1,Echolocation,/mnt/ubna_data_01_mir/recover-20220705_unit2/20220705_050000.WAV,Foliage,recover-20220705_unit2,010,1795
984.3345,984.3471,28046.0,34641.0,Eptesicus serotinus,0.27,0.395,-1,Echolocation,/mnt/ubna_data_01_mir/recover-20220705_unit2/20220705_050000.WAV,Foliage,recover-20220705_unit2,010,1795
984.4455,984.4567,29765.0,36257.0,Eptesicus serotinus,0.179,0.276,-1,Echolocation,/mnt/ubna_data_01_mir/recover-20220705_unit2/20220705_050000.WAV,Foliage,recover-20220705_unit2,010,1795
985.5965,985.6109,28046.0,32506.0,Eptesicus serotinus,0.122,0.26,-1,Echolocation,/mnt/ubna_data_01_mir/recover-20220705_unit2/20220705_050000.WAV,Foliage,recover-20220705_unit2,010,1795
986.9785,986.9932,25468.0,31082.0,Nyctalus leisleri,0.174,0.378,-1,Echolocation,/mnt/ubna_data_01_mir/recover-20220705_unit2/20220705_050000.WAV,Foliage,recover-20220705_unit2,010,1795
988.4885,988.503,25468.0,29699.0,Nyctalus leisleri,0.544,0.658,-1,Echolocation,/mnt/ubna_data_01_mir/recover-20220705_unit2/20220705_050000.WAV,Foliage,recover-20220705_unit2,010,1795
993.9815,993.9939,27187.0,31827.0,Nyctalus leisleri,0.14,0.258,-1,Echolocation,/mnt/ubna_data_01_mir/recover-20220705_unit2/20220705_050000.WAV,Foliage,recover-20220705_unit2,010,1795
999.9105,999.9285,26328.0,30200.0,Nyctalus leisleri,0.169,0.26,-1,Echolocation,/mnt/ubna_data_01_mir/recover-20220705_unit2/20220705_050000.WAV,Foliage,recover-20220705_unit2,010,1795
1002.9675,1002.9813,27187.0,32505.0,Nyctalus leisleri,0.25,0.489,-1,Echolocation,/mnt/ubna_data_01_mir/recover-20220705_unit2/20220705_050000.WAV,Foliage,recover-20220705_unit2,010,1795
1003.2015,1003.2211,27187.0,30939.0,Nyctalus leisleri,0.21,0.297,-1,Echolocation,/mnt/ubna_data_01_mir/recover-20220705_unit2/20220705_050000.WAV,Foliage,recover-20220705_unit2,010,1795
1003.4195,1003.4402,27187.0,31084.0,Nyctalus leisleri,0.233,0.359,-1,Echolocation,/mnt/ubna_data_01_mir/recover-20220705_unit2/20220705_050000.WAV,Foliage,recover-20220705_unit2,010,1795
1003.6405,1003.6548,27187.0,32639.0,Nyctalus leisleri,0.277,0.602,-1,Echolocation,/mnt/ubna_data_01_mir/recover-20220705_unit2/20220705_050000.WAV,Foliage,recover-20220705_unit2,010,1795
1004.0925,1004.1111,27187.0,31725.0,Nyctalus leisleri,0.285,0.461,-1,Echolocation,/mnt/ubna_data_01_mir/recover-20220705_unit2/20220705_050000.WAV,Foliage,recover-20220705_unit2,010,1795
1004.6435,1004.6602,28046.0,33100.0,Nyctalus leisleri,0.132,0.293,-1,Echolocation,/mnt/ubna_data_01_mir/recover-20220705_unit2/20220705_050000.WAV,Foliage,recover-20220705_unit2,010,1795
1005.1085,1005.127,27187.0,31694.0,Nyctalus leisleri,0.189,0.351,-1,Echolocation,/mnt/ubna_data_01_mir/recover-20220705_unit2/20220705_050000.WAV,Foliage,recover-20220705_unit2,010,1795
1005.5795,1005.5978,26328.0,30754.0,Nyctalus leisleri,0.114,0.221,-1,Echolocation,/mnt/ubna_data_01_mir/recover-20220705_unit2/20220705_050000.WAV,Foliage,recover-20220705_unit2,010,1795
1019.8445,1019.8633,26328.0,30981.0,Nyctalus leisleri,0.113,0.206,-1,Echolocation,/mnt/ubna_data_01_mir/recover-20220705_unit2/20220705_050000.WAV,Foliage,recover-20220705_unit2,010,1795
1021.9365,1021.9511,26328.0,30525.0,Nyctalus leisleri,0.255,0.355,-1,Echolocation,/mnt/ubna_data_01_mir/recover-20220705_unit2/20220705_050000.WAV,Foliage,recover-20220705_unit2,010,1795
1022.3965,1022.4167,26328.0,30382.0,Nyctalus leisleri,0.185,0.272,-1,Echolocation,/mnt/ubna_data_01_mir/recover-20220705_unit2/20220705_050000.WAV,Foliage,recover-20220705_unit2,010,1795
1022.8195,1022.8387,26328.0,30597.0,Nyctalus leisleri,0.131,0.225,-1,Echolocation,/mnt/ubna_data_01_mir/recover-20220705_unit2/20220705_050000.WAV,Foliage,recover-20220705_unit2,010,1795
1023.4255,1023.4436,26328.0,30889.0,Nyctalus leisleri,0.225,0.356,-1,Echolocation,/mnt/ubna_data_01_mir/recover-20220705_unit2/20220705_050000.WAV,Foliage,recover-20220705_unit2,010,1795
1024.7115,1024.7258,27187.0,31709.0,Nyctalus leisleri,0.268,0.428,-1,Echolocation,/mnt/ubna_data_01_mir/recover-20220705_unit2/20220705_050000.WAV,Foliage,recover-20220705_unit2,010,1795
1024.9085,1024.9227,27187.0,33447.0,Nyctalus leisleri,0.29,0.611,-1,Echolocation,/mnt/ubna_data_01_mir/recover-20220705_unit2/20220705_050000.WAV,Foliage,recover-20220705_unit2,010,1795
1025.1365,1025.1496,27187.0,31124.0,Nyctalus leisleri,0.221,0.377,-1,Echolocation,/mnt/ubna_data_01_mir/recover-20220705_unit2/20220705_050000.WAV,Foliage,recover-20220705_unit2,010,1795
1025.8245,1025.839,27187.0,30989.0,Nyctalus leisleri,0.475,0.568,-1,Echolocation,/mnt/ubna_data_01_mir/recover-20220705_unit2/20220705_050000.WAV,Foliage,recover-20220705_unit2,010,1795
1026.2305,1026.2451,28046.0,32051.0,Nyctalus leisleri,0.239,0.392,-1,Echolocation,/mnt/ubna_data_01_mir/recover-20220705_unit2/20220705_050000.WAV,Foliage,recover-20220705_unit2,010,1795
1026.4525,1026.4709,27187.0,31174.0,Nyctalus leisleri,0.272,0.378,-1,Echolocation,/mnt/ubna_data_01_mir/recover-20220705_unit2/20220705_050000.WAV,Foliage,recover-20220705_unit2,010,1795
1026.8745,1026.889,27187.0,31353.0,Nyctalus leisleri,0.283,0.432,-1,Echolocation,/mnt/ubna_data_01_mir/recover-20220705_unit2/20220705_050000.WAV,Foliage,recover-20220705_unit2,010,1795
1027.0695,1027.0877,27187.0,33679.0,Eptesicus serotinus,0.206,0.445,-1,Echolocation,/mnt/ubna_data_01_mir/recover-20220705_unit2/20220705_050000.WAV,Foliage,recover-20220705_unit2,010,1795
1027.4015,1027.4174,27187.0,35008.0,Eptesicus serotinus,0.314,0.551,-1,Echolocation,/mnt/ubna_data_01_mir/recover-20220705_unit2/20220705_050000.WAV,Foliage,recover-20220705_unit2,010,1795
1027.6245,1027.6433,27187.0,31092.0,Nyctalus leisleri,0.337,0.476,-1,Echolocation,/mnt/ubna_data_01_mir/recover-20220705_unit2/20220705_050000.WAV,Foliage,recover-20220705_unit2,010,1795
1027.8445,1027.858,27187.0,34935.0,Eptesicus serotinus,0.299,0.641,-1,Echolocation,/mnt/ubna_data_01_mir/recover-20220705_unit2/20220705_050000.WAV,Foliage,recover-20220705_unit2,010,1795
1028.1975,1028.2114,27187.0,32679.0,Nyctalus leisleri,0.256,0.47,-1,Echolocation,/mnt/ubna_data_01_mir/recover-20220705_unit2/20220705_050000.WAV,Foliage,recover-20220705_unit2,010,1795
1028.3675,1028.3809,27187.0,31793.0,Nyctalus leisleri,0.45,0.598,-1,Echolocation,/mnt/ubna_data_01_mir/recover-20220705_unit2/20220705_050000.WAV,Foliage,recover-20220705_unit2,010,1795
1028.5655,1028.5843,26328.0,29985.0,Nyctalus leisleri,0.142,0.214,-1,Echolocation,/mnt/ubna_data_01_mir/recover-20220705_unit2/20220705_050000.WAV,Foliage,recover-20220705_unit2,010,1795
1028.9395,1028.9561,27187.0,32040.0,Nyctalus leisleri,0.23,0.387,-1,Echolocation,/mnt/ubna_data_01_mir/recover-20220705_unit2/20220705_050000.WAV,Foliage,recover-20220705_unit2,010,1795
1030.2795,1030.2934,27187.0,32300.0,Eptesicus serotinus,0.142,0.293,-1,Echolocation,/mnt/ubna_data_01_mir/recover-20220705_unit2/20220705_050000.WAV,Foliage,recover-20220705_unit2,010,1795
1030.7595,1030.778,27187.0,31778.0,Nyctalus leisleri,0.206,0.37,-1,Echolocation,/mnt/ubna_data_01_mir/recover-20220705_unit2/20220705_050000.WAV,Foliage,recover-20220705_unit2,010,1795
1031.0295,1031.0422,27187.0,33925.0,Eptesicus serotinus,0.213,0.321,-1,Echolocation,/mnt/ubna_data_01_mir/recover-20220705_unit2/20220705_050000.WAV,Foliage,recover-20220705_unit2,010,1795
1031.4455,1031.464,27187.0,30964.0,Nyctalus leisleri,0.284,0.403,-1,Echolocation,/mnt/ubna_data_01_mir/recover-20220705_unit2/20220705_050000.WAV,Foliage,recover-20220705_unit2,010,1795
1031.6085,1031.6227,27187.0,33253.0,Nyctalus leisleri,0.2,0.436,-1,Echolocation,/mnt/ubna_data_01_mir/recover-20220705_unit2/20220705_050000.WAV,Foliage,recover-20220705_unit2,010,1795
1031.8195,1031.8321,27187.0,33913.0,Eptesicus serotinus,0.288,0.546,-1,Echolocation,/mnt/ubna_data_01_mir/recover-20220705_unit2/20220705_050000.WAV,Foliage,recover-20220705_unit2,010,1795
1031.9535,1031.9713,27187.0,32117.0,Eptesicus serotinus,0.126,0.262,-1,Echolocation,/mnt/ubna_data_01_mir/recover-20220705_unit2/20220705_050000.WAV,Foliage,recover-20220705_unit2,010,1795
1032.3655,1032.3825,26328.0,32444.0,Eptesicus serotinus,0.204,0.425,-1,Echolocation,/mnt/ubna_data_01_mir/recover-20220705_unit2/20220705_050000.WAV,Foliage,recover-20220705_unit2,010,1795
1032.9295,1032.9485,26328.0,31752.0,Nyctalus leisleri,0.211,0.421,-1,Echolocation,/mnt/ubna_data_01_mir/recover-20220705_unit2/20220705_050000.WAV,Foliage,recover-20220705_unit2,010,1795
1038.2245,1038.242,27187.0,32040.0,Nyctalus leisleri,0.258,0.455,-1,Echolocation,/mnt/ubna_data_01_mir/recover-20220705_unit2/20220705_050000.WAV,Foliage,recover-20220705_unit2,010,1795
1038.5025,1038.5172,26328.0,29927.0,Nyctalus leisleri,0.177,0.257,-1,Echolocation,/mnt/ubna_data_01_mir/recover-20220705_unit2/20220705_050000.WAV,Foliage,recover-20220705_unit2,010,1795
1039.4095,1039.4255,27187.0,31333.0,Nyctalus leisleri,0.291,0.431,-1,Echolocation,/mnt/ubna_data_01_mir/recover-20220705_unit2/20220705_050000.WAV,Foliage,recover-20220705_unit2,010,1795
1041.1245,1041.1418,26328.0,29613.0,Nyctalus leisleri,0.186,0.255,-1,Echolocation,/mnt/ubna_data_01_mir/recover-20220705_unit2/20220705_050000.WAV,Foliage,recover-20220705_unit2,010,1795
1041.5415,1041.5601,27187.0,32546.0,Nyctalus leisleri,0.159,0.351,-1,Echolocation,/mnt/ubna_data_01_mir/recover-20220705_unit2/20220705_050000.WAV,Foliage,recover-20220705_unit2,010,1795
1041.9735,1041.992,27187.0,31076.0,Nyctalus leisleri,0.155,0.274,-1,Echolocation,/mnt/ubna_data_01_mir/recover-20220705_unit2/20220705_050000.WAV,Foliage,recover-20220705_unit2,010,1795
1048.8925,1048.9056,27187.0,32240.0,Nyctalus leisleri,0.311,0.533,-1,Echolocation,/mnt/ubna_data_01_mir/recover-20220705_unit2/20220705_050000.WAV,Foliage,recover-20220705_unit2,010,1795
1059.8345,1059.8524,27187.0,31078.0,Nyctalus leisleri,0.227,0.307,-1,Echolocation,/mnt/ubna_data_01_mir/recover-20220705_unit2/20220705_050000.WAV,Foliage,recover-20220705_unit2,010,1795
1075.8565,1075.8746,26328.0,30677.0,Nyctalus leisleri,0.187,0.297,-1,Echolocation,/mnt/ubna_data_01_mir/recover-20220705_unit2/20220705_050000.WAV,Foliage,recover-20220705_unit2,010,1795
1076.4515,1076.4706,27187.0,31434.0,Nyctalus leisleri,0.222,0.382,-1,Echolocation,/mnt/ubna_data_01_mir/recover-20220705_unit2/20220705_050000.WAV,Foliage,recover-20220705_unit2,010,1795
1077.0175,1077.0321,27187.0,31226.0,Nyctalus leisleri,0.365,0.532,-1,Echolocation,/mnt/ubna_data_01_mir/recover-20220705_unit2/20220705_050000.WAV,Foliage,recover-20220705_unit2,010,1795
1077.6655,1077.6792,27187.0,30448.0,Nyctalus leisleri,0.328,0.445,-1,Echolocation,/mnt/ubna_data_01_mir/recover-20220705_unit2/20220705_050000.WAV,Foliage,recover-20220705_unit2,010,1795
1083.0215,1083.0387,26328.0,30523.0,Nyctalus leisleri,0.318,0.448,-1,Echolocation,/mnt/ubna_data_01_mir/recover-20220705_unit2/20220705_050000.WAV,Foliage,recover-20220705_unit2,010,1795
1083.2675,1083.2868,26328.0,30203.0,Nyctalus leisleri,0.318,0.409,-1,Echolocation,/mnt/ubna_data_01_mir/recover-20220705_unit2/20220705_050000.WAV,Foliage,recover-20220705_unit2,010,1795
1083.5125,1083.5286,26328.0,30098.0,Nyctalus leisleri,0.149,0.226,-1,Echolocation,/mnt/ubna_data_01_mir/recover-20220705_unit2/20220705_050000.WAV,Foliage,recover-20220705_unit2,010,1795
1083.7325,1083.7502,27187.0,30520.0,Nyctalus leisleri,0.131,0.207,-1,Echolocation,/mnt/ubna_data_01_mir/recover-20220705_unit2/20220705_050000.WAV,Foliage,recover-20220705_unit2,010,1795
1083.9385,1083.9536,27187.0,31708.0,Nyctalus leisleri,0.224,0.377,-1,Echolocation,/mnt/ubna_data_01_mir/recover-20220705_unit2/20220705_050000.WAV,Foliage,recover-20220705_unit2,010,1795
1085.1665,1085.182,26328.0,30932.0,Nyctalus leisleri,0.216,0.363,-1,Echolocation,/mnt/ubna_data_01_mir/recover-20220705_unit2/20220705_050000.WAV,Foliage,recover-20220705_unit2,010,1795
1085.6325,1085.6505,26328.0,30736.0,Nyctalus leisleri,0.23,0.346,-1,Echolocation,/mnt/ubna_data_01_mir/recover-20220705_unit2/20220705_050000.WAV,Foliage,recover-20220705_unit2,010,1795
1095.5865,1095.6037,27187.0,32069.0,Nyctalus leisleri,0.221,0.425,-1,Echolocation,/mnt/ubna_data_01_mir/recover-20220705_unit2/20220705_050000.WAV,Foliage,recover-20220705_unit2,010,1795
1096.3755,1096.3942,27187.0,31113.0,Nyctalus leisleri,0.254,0.356,-1,Echolocation,/mnt/ubna_data_01_mir/recover-20220705_unit2/20220705_050000.WAV,Foliage,recover-20220705_unit2,010,1795
1099.3035,1099.319,27187.0,31187.0,Nyctalus leisleri,0.136,0.242,-1,Echolocation,/mnt/ubna_data_01_mir/recover-20220705_unit2/20220705_050000.WAV,Foliage,recover-20220705_unit2,010,1795
1112.5975,1112.6116,27187.0,32318.0,Eptesicus serotinus,0.134,0.256,-1,Echolocation,/mnt/ubna_data_01_mir/recover-20220705_unit2/20220705_050000.WAV,Foliage,recover-20220705_unit2,010,1795
1113.7825,1113.7965,27187.0,32528.0,Eptesicus serotinus,0.18,0.371,-1,Echolocation,/mnt/ubna_data_01_mir/recover-20220705_unit2/20220705_050000.WAV,Foliage,recover-20220705_unit2,010,1795
1116.5165,1116.5289,43515.0,46055.0,Pipistrellus pipistrellus,0.186,0.216,-1,Echolocation,/mnt/ubna_data_01_mir/recover-20220705_unit2/20220705_050000.WAV,Foliage,recover-20220705_unit2,010,1795
1120.7855,1120.7988,27187.0,32329.0,Eptesicus serotinus,0.123,0.243,-1,Echolocation,/mnt/ubna_data_01_mir/recover-20220705_unit2/20220705_050000.WAV,Foliage,recover-20220705_unit2,010,1795
1120.9905,1121.0109,27187.0,31112.0,Nyctalus leisleri,0.223,0.336,-1,Echolocation,/mnt/ubna_data_01_mir/recover-20220705_unit2/20220705_050000.WAV,Foliage,recover-20220705_unit2,010,1795
1121.3725,1121.3909,28046.0,31815.0,Nyctalus leisleri,0.141,0.242,-1,Echolocation,/mnt/ubna_data_01_mir/recover-20220705_unit2/20220705_050000.WAV,Foliage,recover-20220705_unit2,010,1795
1122.1755,1122.1928,26328.0,31512.0,Eptesicus serotinus,0.094,0.2,-1,Echolocation,/mnt/ubna_data_01_mir/recover-20220705_unit2/20220705_050000.WAV,Foliage,recover-20220705_unit2,010,1795
1122.3255,1122.3446,27187.0,31597.0,Nyctalus leisleri,0.208,0.349,-1,Echolocation,/mnt/ubna_data_01_mir/recover-20220705_unit2/20220705_050000.WAV,Foliage,recover-20220705_unit2,010,1795
1122.5175,1122.5372,27187.0,31511.0,Nyctalus leisleri,0.197,0.31,-1,Echolocation,/mnt/ubna_data_01_mir/recover-20220705_unit2/20220705_050000.WAV,Foliage,recover-20220705_unit2,010,1795
1122.7395,1122.756,27187.0,32141.0,Nyctalus leisleri,0.209,0.389,-1,Echolocation,/mnt/ubna_data_01_mir/recover-20220705_unit2/20220705_050000.WAV,Foliage,recover-20220705_unit2,010,1795
1123.1895,1123.2058,26328.0,31330.0,Nyctalus leisleri,0.208,0.353,-1,Echolocation,/mnt/ubna_data_01_mir/recover-20220705_unit2/20220705_050000.WAV,Foliage,recover-20220705_unit2,010,1795
1124.1795,1124.196,26328.0,30166.0,Nyctalus leisleri,0.142,0.23,-1,Echolocation,/mnt/ubna_data_01_mir/recover-20220705_unit2/20220705_050000.WAV,Foliage,recover-20220705_unit2,010,1795
1125.2665,1125.2769,28906.0,35546.0,Eptesicus serotinus,0.141,0.211,-1,Echolocation,/mnt/ubna_data_01_mir/recover-20220705_unit2/20220705_050000.WAV,Foliage,recover-20220705_unit2,010,1795
1130.5675,1130.583,27187.0,31608.0,Nyctalus leisleri,0.223,0.415,-1,Echolocation,/mnt/ubna_data_01_mir/recover-20220705_unit2/20220705_050000.WAV,Foliage,recover-20220705_unit2,010,1795
1130.7885,1130.8046,27187.0,31448.0,Nyctalus leisleri,0.11,0.215,-1,Echolocation,/mnt/ubna_data_01_mir/recover-20220705_unit2/20220705_050000.WAV,Foliage,recover-20220705_unit2,010,1795
1131.1195,1131.138,27187.0,31426.0,Nyctalus leisleri,0.298,0.436,-1,Echolocation,/mnt/ubna_data_01_mir/recover-20220705_unit2/20220705_050000.WAV,Foliage,recover-20220705_unit2,010,1795
1131.3365,1131.3549,27187.0,31866.0,Nyctalus leisleri,0.247,0.444,-1,Echolocation,/mnt/ubna_data_01_mir/recover-20220705_unit2/20220705_050000.WAV,Foliage,recover-20220705_unit2,010,1795
1131.7665,1131.7811,27187.0,31928.0,Nyctalus leisleri,0.367,0.562,-1,Echolocation,/mnt/ubna_data_01_mir/recover-20220705_unit2/20220705_050000.WAV,Foliage,recover-20220705_unit2,010,1795
1131.9845,1131.9991,26328.0,30871.0,Nyctalus leisleri,0.29,0.471,-1,Echolocation,/mnt/ubna_data_01_mir/recover-20220705_unit2/20220705_050000.WAV,Foliage,recover-20220705_unit2,010,1795
1132.2355,1132.2494,27187.0,33050.0,Nyctalus leisleri,0.332,0.605,-1,Echolocation,/mnt/ubna_data_01_mir/recover-20220705_unit2/20220705_050000.WAV,Foliage,recover-20220705_unit2,010,1795
1132.4375,1132.4544,27187.0,32784.0,Nyctalus leisleri,0.235,0.473,-1,Echolocation,/mnt/ubna_data_01_mir/recover-20220705_unit2/20220705_050000.WAV,Foliage,recover-20220705_unit2,010,1795
1132.6095,1132.6234,27187.0,32616.0,Nyctalus leisleri,0.229,0.486,-1,Echolocation,/mnt/ubna_data_01_mir/recover-20220705_unit2/20220705_050000.WAV,Foliage,recover-20220705_unit2,010,1795
1133.4125,1133.4304,27187.0,30320.0,Nyctalus leisleri,0.355,0.451,-1,Echolocation,/mnt/ubna_data_01_mir/recover-20220705_unit2/20220705_050000.WAV,Foliage,recover-20220705_unit2,010,1795
1133.7805,1133.7996,26328.0,30201.0,Nyctalus leisleri,0.247,0.349,-1,Echolocation,/mnt/ubna_data_01_mir/recover-20220705_unit2/20220705_050000.WAV,Foliage,recover-20220705_unit2,010,1795
1135.5475,1135.5618,27187.0,33557.0,Eptesicus serotinus,0.229,0.457,-1,Echolocation,/mnt/ubna_data_01_mir/recover-20220705_unit2/20220705_050000.WAV,Foliage,recover-20220705_unit2,010,1795
1135.6815,1135.6956,28046.0,32825.0,Eptesicus serotinus,0.165,0.314,-1,Echolocation,/mnt/ubna_data_01_mir/recover-20220705_unit2/20220705_050000.WAV,Foliage,recover-20220705_unit2,010,1795
1135.8895,1135.9065,27187.0,31735.0,Nyctalus leisleri,0.146,0.315,-1,Echolocation,/mnt/ubna_data_01_mir/recover-20220705_unit2/20220705_050000.WAV,Foliage,recover-20220705_unit2,010,1795
1136.0335,1136.0494,27187.0,31938.0,Nyctalus leisleri,0.275,0.477,-1,Echolocation,/mnt/ubna_data_01_mir/recover-20220705_unit2/20220705_050000.WAV,Foliage,recover-20220705_unit2,010,1795
1136.2115,1136.2271,27187.0,32908.0,Nyctalus leisleri,0.176,0.384,-1,Echolocation,/mnt/ubna_data_01_mir/recover-20220705_unit2/20220705_050000.WAV,Foliage,recover-20220705_unit2,010,1795
1136.4345,1136.4536,27187.0,31018.0,Nyctalus leisleri,0.233,0.327,-1,Echolocation,/mnt/ubna_data_01_mir/recover-20220705_unit2/20220705_050000.WAV,Foliage,recover-20220705_unit2,010,1795
1136.7375,1136.7515,26328.0,33295.0,Eptesicus serotinus,0.265,0.481,-1,Echolocation,/mnt/ubna_data_01_mir/recover-20220705_unit2/20220705_050000.WAV,Foliage,recover-20220705_unit2,010,1795
1137.0895,1137.1019000000001,27187.0,32487.0,Eptesicus serotinus,0.164,0.312,-1,Echolocation,/mnt/ubna_data_01_mir/recover-20220705_unit2/20220705_050000.WAV,Foliage,recover-20220705_unit2,010,1795
1137.2385,1137.2548,28046.0,33873.0,Eptesicus serotinus,0.176,0.311,-1,Echolocation,/mnt/ubna_data_01_mir/recover-20220705_unit2/20220705_050000.WAV,Foliage,recover-20220705_unit2,010,1795
1137.3825,1137.3961,28906.0,34687.0,Nyctalus leisleri,0.213,0.499,-1,Echolocation,/mnt/ubna_data_01_mir/recover-20220705_unit2/20220705_050000.WAV,Foliage,recover-20220705_unit2,010,1795
1137.9165,1137.931,27187.0,35428.0,Eptesicus serotinus,0.332,0.598,-1,Echolocation,/mnt/ubna_data_01_mir/recover-20220705_unit2/20220705_050000.WAV,Foliage,recover-20220705_unit2,010,1795
1138.0565,1138.0698,28046.0,35564.0,Eptesicus serotinus,0.269,0.595,-1,Echolocation,/mnt/ubna_data_01_mir/recover-20220705_unit2/20220705_050000.WAV,Foliage,recover-20220705_unit2,010,1795
1138.2705,1138.2838,27187.0,33360.0,Eptesicus serotinus,0.261,0.58,-1,Echolocation,/mnt/ubna_data_01_mir/recover-20220705_unit2/20220705_050000.WAV,Foliage,recover-20220705_unit2,010,1795
1138.4855,1138.4993,27187.0,38504.0,Eptesicus serotinus,0.491,0.657,-1,Echolocation,/mnt/ubna_data_01_mir/recover-20220705_unit2/20220705_050000.WAV,Foliage,recover-20220705_unit2,010,1795
1138.7105,1138.7288,27187.0,31784.0,Nyctalus leisleri,0.271,0.427,-1,Echolocation,/mnt/ubna_data_01_mir/recover-20220705_unit2/20220705_050000.WAV,Foliage,recover-20220705_unit2,010,1795
1140.1145,1140.1303,26328.0,30910.0,Nyctalus leisleri,0.133,0.264,-1,Echolocation,/mnt/ubna_data_01_mir/recover-20220705_unit2/20220705_050000.WAV,Foliage,recover-20220705_unit2,010,1795
1150.9495,1150.9653,27187.0,32123.0,Nyctalus leisleri,0.163,0.344,-1,Echolocation,/mnt/ubna_data_01_mir/recover-20220705_unit2/20220705_050000.WAV,Foliage,recover-20220705_unit2,010,1795
1151.1745,1151.1876,27187.0,33858.0,Eptesicus serotinus,0.146,0.23,-1,Echolocation,/mnt/ubna_data_01_mir/recover-20220705_unit2/20220705_050000.WAV,Foliage,recover-20220705_unit2,010,1795
1151.3895,1151.4047,27187.0,32995.0,Eptesicus serotinus,0.194,0.388,-1,Echolocation,/mnt/ubna_data_01_mir/recover-20220705_unit2/20220705_050000.WAV,Foliage,recover-20220705_unit2,010,1795
1152.2115,1152.2306,27187.0,31631.0,Nyctalus leisleri,0.123,0.245,-1,Echolocation,/mnt/ubna_data_01_mir/recover-20220705_unit2/20220705_050000.WAV,Foliage,recover-20220705_unit2,010,1795
1152.4225,1152.4419,26328.0,31234.0,Nyctalus leisleri,0.186,0.304,-1,Echolocation,/mnt/ubna_data_01_mir/recover-20220705_unit2/20220705_050000.WAV,Foliage,recover-20220705_unit2,010,1795
1153.3905,1153.409,27187.0,31342.0,Nyctalus leisleri,0.181,0.328,-1,Echolocation,/mnt/ubna_data_01_mir/recover-20220705_unit2/20220705_050000.WAV,Foliage,recover-20220705_unit2,010,1795
1156.3375,1156.3551,28046.0,32184.0,Nyctalus leisleri,0.213,0.386,-1,Echolocation,/mnt/ubna_data_01_mir/recover-20220705_unit2/20220705_050000.WAV,Foliage,recover-20220705_unit2,010,1795
1156.6245,1156.6373,27187.0,32369.0,Nyctalus leisleri,0.204,0.401,-1,Echolocation,/mnt/ubna_data_01_mir/recover-20220705_unit2/20220705_050000.WAV,Foliage,recover-20220705_unit2,010,1795
1156.7695,1156.7867,27187.0,31861.0,Nyctalus leisleri,0.165,0.295,-1,Echolocation,/mnt/ubna_data_01_mir/recover-20220705_unit2/20220705_050000.WAV,Foliage,recover-20220705_unit2,010,1795
1157.8375,1157.8518,28046.0,32603.0,Nyctalus leisleri,0.373,0.543,-1,Echolocation,/mnt/ubna_data_01_mir/recover-20220705_unit2/20220705_050000.WAV,Foliage,recover-20220705_unit2,010,1795
1158.1935,1158.2078,28046.0,32965.0,Eptesicus serotinus,0.147,0.288,-1,Echolocation,/mnt/ubna_data_01_mir/recover-20220705_unit2/20220705_050000.WAV,Foliage,recover-20220705_unit2,010,1795
1158.9865,1159.0013,27187.0,31965.0,Nyctalus leisleri,0.274,0.473,-1,Echolocation,/mnt/ubna_data_01_mir/recover-20220705_unit2/20220705_050000.WAV,Foliage,recover-20220705_unit2,010,1795
1159.2375,1159.2517,27187.0,33107.0,Nyctalus leisleri,0.245,0.534,-1,Echolocation,/mnt/ubna_data_01_mir/recover-20220705_unit2/20220705_050000.WAV,Foliage,recover-20220705_unit2,010,1795
1159.4895,1159.504,27187.0,31773.0,Nyctalus leisleri,0.44,0.615,-1,Echolocation,/mnt/ubna_data_01_mir/recover-20220705_unit2/20220705_050000.WAV,Foliage,recover-20220705_unit2,010,1795
1159.7095,1159.7242,28046.0,32247.0,Nyctalus leisleri,0.261,0.44,-1,Echolocation,/mnt/ubna_data_01_mir/recover-20220705_unit2/20220705_050000.WAV,Foliage,recover-20220705_unit2,010,1795
1159.8435,1159.8572,28906.0,33388.0,Nyctalus leisleri,0.165,0.355,-1,Echolocation,/mnt/ubna_data_01_mir/recover-20220705_unit2/20220705_050000.WAV,Foliage,recover-20220705_unit2,010,1795
1160.1365,1160.1535,27187.0,32094.0,Nyctalus leisleri,0.277,0.463,-1,Echolocation,/mnt/ubna_data_01_mir/recover-20220705_unit2/20220705_050000.WAV,Foliage,recover-20220705_unit2,010,1795
1160.3525,1160.367,27187.0,33904.0,Eptesicus serotinus,0.281,0.613,-1,Echolocation,/mnt/ubna_data_01_mir/recover-20220705_unit2/20220705_050000.WAV,Foliage,recover-20220705_unit2,010,1795
1161.8715,1161.8862,27187.0,31447.0,Nyctalus leisleri,0.212,0.326,-1,Echolocation,/mnt/ubna_data_01_mir/recover-20220705_unit2/20220705_050000.WAV,Foliage,recover-20220705_unit2,010,1795
1173.0235,1173.0396,26328.0,31084.0,Nyctalus leisleri,0.107,0.223,-1,Echolocation,/mnt/ubna_data_01_mir/recover-20220705_unit2/20220705_050000.WAV,Foliage,recover-20220705_unit2,010,1795
1192.9405,1192.9572,27187.0,31725.0,Nyctalus leisleri,0.198,0.338,-1,Echolocation,/mnt/ubna_data_01_mir/recover-20220705_unit2/20220705_050000.WAV,Foliage,recover-20220705_unit2,010,1795
1193.4705,1193.4864,27187.0,31453.0,Nyctalus leisleri,0.325,0.463,-1,Echolocation,/mnt/ubna_data_01_mir/recover-20220705_unit2/20220705_050000.WAV,Foliage,recover-20220705_unit2,010,1795
1193.7015,1193.7181,28046.0,32276.0,Nyctalus leisleri,0.183,0.319,-1,Echolocation,/mnt/ubna_data_01_mir/recover-20220705_unit2/20220705_050000.WAV,Foliage,recover-20220705_unit2,010,1795
1193.9325,1193.949,27187.0,31796.0,Nyctalus leisleri,0.255,0.421,-1,Echolocation,/mnt/ubna_data_01_mir/recover-20220705_unit2/20220705_050000.WAV,Foliage,recover-20220705_unit2,010,1795
1194.1425,1194.1601,27187.0,30846.0,Nyctalus leisleri,0.375,0.511,-1,Echolocation,/mnt/ubna_data_01_mir/recover-20220705_unit2/20220705_050000.WAV,Foliage,recover-20220705_unit2,010,1795
1194.3395,1194.3563,28046.0,33391.0,Eptesicus serotinus,0.149,0.283,-1,Echolocation,/mnt/ubna_data_01_mir/recover-20220705_unit2/20220705_050000.WAV,Foliage,recover-20220705_unit2,010,1795
1195.5275,1195.5459,26328.0,30972.0,Nyctalus leisleri,0.289,0.437,-1,Echolocation,/mnt/ubna_data_01_mir/recover-20220705_unit2/20220705_050000.WAV,Foliage,recover-20220705_unit2,010,1795
1195.6965,1195.714,26328.0,31771.0,Eptesicus serotinus,0.102,0.216,-1,Echolocation,/mnt/ubna_data_01_mir/recover-20220705_unit2/20220705_050000.WAV,Foliage,recover-20220705_unit2,010,1795
1195.9055,1195.9194,27187.0,32069.0,Nyctalus leisleri,0.356,0.537,-1,Echolocation,/mnt/ubna_data_01_mir/recover-20220705_unit2/20220705_050000.WAV,Foliage,recover-20220705_unit2,010,1795
1196.0655,1196.0815,27187.0,32495.0,Nyctalus leisleri,0.348,0.605,-1,Echolocation,/mnt/ubna_data_01_mir/recover-20220705_unit2/20220705_050000.WAV,Foliage,recover-20220705_unit2,010,1795
1196.2465,1196.2621,27187.0,31707.0,Nyctalus leisleri,0.134,0.277,-1,Echolocation,/mnt/ubna_data_01_mir/recover-20220705_unit2/20220705_050000.WAV,Foliage,recover-20220705_unit2,010,1795
1196.4005,1196.4141,27187.0,33035.0,Eptesicus serotinus,0.244,0.521,-1,Echolocation,/mnt/ubna_data_01_mir/recover-20220705_unit2/20220705_050000.WAV,Foliage,recover-20220705_unit2,010,1795
1196.6165,1196.6324,28046.0,34446.0,Eptesicus serotinus,0.146,0.286,-1,Echolocation,/mnt/ubna_data_01_mir/recover-20220705_unit2/20220705_050000.WAV,Foliage,recover-20220705_unit2,010,1795
1196.8475,1196.864,27187.0,30697.0,Nyctalus leisleri,0.192,0.301,-1,Echolocation,/mnt/ubna_data_01_mir/recover-20220705_unit2/20220705_050000.WAV,Foliage,recover-20220705_unit2,010,1795
1197.2275,1197.2428,27187.0,31934.0,Nyctalus leisleri,0.273,0.471,-1,Echolocation,/mnt/ubna_data_01_mir/recover-20220705_unit2/20220705_050000.WAV,Foliage,recover-20220705_unit2,010,1795
1221.4845,1221.5002,27187.0,31156.0,Nyctalus leisleri,0.17,0.267,-1,Echolocation,/mnt/ubna_data_01_mir/recover-20220705_unit2/20220705_050000.WAV,Foliage,recover-20220705_unit2,010,1795
1221.8075,1221.8272,26328.0,29928.0,Nyctalus leisleri,0.213,0.299,-1,Echolocation,/mnt/ubna_data_01_mir/recover-20220705_unit2/20220705_050000.WAV,Foliage,recover-20220705_unit2,010,1795
1222.0215,1222.0375,27187.0,30810.0,Nyctalus leisleri,0.3,0.4,-1,Echolocation,/mnt/ubna_data_01_mir/recover-20220705_unit2/20220705_050000.WAV,Foliage,recover-20220705_unit2,010,1795
1222.4575,1222.4745,27187.0,31796.0,Nyctalus leisleri,0.268,0.418,-1,Echolocation,/mnt/ubna_data_01_mir/recover-20220705_unit2/20220705_050000.WAV,Foliage,recover-20220705_unit2,010,1795
1222.6835,1222.7046,26328.0,30634.0,Nyctalus leisleri,0.189,0.292,-1,Echolocation,/mnt/ubna_data_01_mir/recover-20220705_unit2/20220705_050000.WAV,Foliage,recover-20220705_unit2,010,1795
1222.9075,1222.9215,27187.0,32042.0,Nyctalus leisleri,0.225,0.449,-1,Echolocation,/mnt/ubna_data_01_mir/recover-20220705_unit2/20220705_050000.WAV,Foliage,recover-20220705_unit2,010,1795
1223.1235,1223.1402,27187.0,31941.0,Nyctalus leisleri,0.198,0.346,-1,Echolocation,/mnt/ubna_data_01_mir/recover-20220705_unit2/20220705_050000.WAV,Foliage,recover-20220705_unit2,010,1795
1225.3905,1225.4028,27187.0,32152.0,Eptesicus serotinus,0.13,0.217,-1,Echolocation,/mnt/ubna_data_01_mir/recover-20220705_unit2/20220705_050000.WAV,Foliage,recover-20220705_unit2,010,1795
1244.2615,1244.2763,27187.0,31357.0,Nyctalus leisleri,0.191,0.328,-1,Echolocation,/mnt/ubna_data_01_mir/recover-20220705_unit2/20220705_050000.WAV,Foliage,recover-20220705_unit2,010,1795
1245.4845,1245.5063,22031.0,25833.0,Nyctalus noctula,0.114,0.228,-1,Echolocation,/mnt/ubna_data_01_mir/recover-20220705_unit2/20220705_050000.WAV,Foliage,recover-20220705_unit2,010,1795
1247.0385,1247.0557,22031.0,26753.0,Nyctalus noctula,0.098,0.214,-1,Echolocation,/mnt/ubna_data_01_mir/recover-20220705_unit2/20220705_050000.WAV,Foliage,recover-20220705_unit2,010,1795
1248.8925,1248.9091,27187.0,31597.0,Nyctalus leisleri,0.189,0.319,-1,Echolocation,/mnt/ubna_data_01_mir/recover-20220705_unit2/20220705_050000.WAV,Foliage,recover-20220705_unit2,010,1795
1249.3775,1249.392,27187.0,32109.0,Nyctalus leisleri,0.33,0.59,-1,Echolocation,/mnt/ubna_data_01_mir/recover-20220705_unit2/20220705_050000.WAV,Foliage,recover-20220705_unit2,010,1795
1249.4235,1249.4414,22031.0,25426.0,Nyctalus leisleri,0.534,0.579,-1,Echolocation,/mnt/ubna_data_01_mir/recover-20220705_unit2/20220705_050000.WAV,Foliage,recover-20220705_unit2,010,1795
1249.6495,1249.6671,26328.0,30315.0,Nyctalus leisleri,0.119,0.213,-1,Echolocation,/mnt/ubna_data_01_mir/recover-20220705_unit2/20220705_050000.WAV,Foliage,recover-20220705_unit2,010,1795
1250.1535,1250.1717,22031.0,25616.0,Nyctalus leisleri,0.559,0.593,-1,Echolocation,/mnt/ubna_data_01_mir/recover-20220705_unit2/20220705_050000.WAV,Foliage,recover-20220705_unit2,010,1795
1250.4605,1250.4786,21171.0,24987.0,Nyctalus leisleri,0.244,0.41,-1,Echolocation,/mnt/ubna_data_01_mir/recover-20220705_unit2/20220705_050000.WAV,Foliage,recover-20220705_unit2,010,1795
1250.5535,1250.5687,26328.0,31015.0,Nyctalus leisleri,0.105,0.226,-1,Echolocation,/mnt/ubna_data_01_mir/recover-20220705_unit2/20220705_050000.WAV,Foliage,recover-20220705_unit2,010,1795
1250.9005,1250.9203,21171.0,24865.0,Nyctalus leisleri,0.435,0.505,-1,Echolocation,/mnt/ubna_data_01_mir/recover-20220705_unit2/20220705_050000.WAV,Foliage,recover-20220705_unit2,010,1795
1251.4845,1251.5011,26328.0,30749.0,Nyctalus leisleri,0.266,0.392,-1,Echolocation,/mnt/ubna_data_01_mir/recover-20220705_unit2/20220705_050000.WAV,Foliage,recover-20220705_unit2,010,1795
1252.0485,1252.0692,22031.0,27135.0,Nyctalus leisleri,0.254,0.384,-1,Echolocation,/mnt/ubna_data_01_mir/recover-20220705_unit2/20220705_050000.WAV,Foliage,recover-20220705_unit2,010,1795
1252.6545,1252.6755,22031.0,25595.0,Nyctalus leisleri,0.29,0.356,-1,Echolocation,/mnt/ubna_data_01_mir/recover-20220705_unit2/20220705_050000.WAV,Foliage,recover-20220705_unit2,010,1795
1253.3585,1253.3752,22031.0,24892.0,Nyctalus leisleri,0.43,0.464,-1,Echolocation,/mnt/ubna_data_01_mir/recover-20220705_unit2/20220705_050000.WAV,Foliage,recover-20220705_unit2,010,1795
1253.6005,1253.6163999999999,28046.0,32500.0,Nyctalus leisleri,0.106,0.221,-1,Echolocation,/mnt/ubna_data_01_mir/recover-20220705_unit2/20220705_050000.WAV,Foliage,recover-20220705_unit2,010,1795
1254.5805,1254.5956,27187.0,30850.0,Nyctalus leisleri,0.497,0.596,-1,Echolocation,/mnt/ubna_data_01_mir/recover-20220705_unit2/20220705_050000.WAV,Foliage,recover-20220705_unit2,010,1795
1254.7175,1254.7303,28046.0,32036.0,Nyctalus leisleri,0.281,0.448,-1,Echolocation,/mnt/ubna_data_01_mir/recover-20220705_unit2/20220705_050000.WAV,Foliage,recover-20220705_unit2,010,1795
1254.8495,1254.8615,28046.0,32605.0,Nyctalus leisleri,0.157,0.298,-1,Echolocation,/mnt/ubna_data_01_mir/recover-20220705_unit2/20220705_050000.WAV,Foliage,recover-20220705_unit2,010,1795
1254.9845,1254.9978,28046.0,33422.0,Nyctalus leisleri,0.307,0.558,-1,Echolocation,/mnt/ubna_data_01_mir/recover-20220705_unit2/20220705_050000.WAV,Foliage,recover-20220705_unit2,010,1795
1255.1355,1255.1483,28046.0,32826.0,Nyctalus leisleri,0.236,0.435,-1,Echolocation,/mnt/ubna_data_01_mir/recover-20220705_unit2/20220705_050000.WAV,Foliage,recover-20220705_unit2,010,1795
1255.2985,1255.3126,28046.0,34169.0,Nyctalus leisleri,0.273,0.589,-1,Echolocation,/mnt/ubna_data_01_mir/recover-20220705_unit2/20220705_050000.WAV,Foliage,recover-20220705_unit2,010,1795
1255.9705,1255.9843,27187.0,32087.0,Nyctalus leisleri,0.368,0.591,-1,Echolocation,/mnt/ubna_data_01_mir/recover-20220705_unit2/20220705_050000.WAV,Foliage,recover-20220705_unit2,010,1795
1256.2015,1256.2169,27187.0,30856.0,Nyctalus leisleri,0.389,0.494,-1,Echolocation,/mnt/ubna_data_01_mir/recover-20220705_unit2/20220705_050000.WAV,Foliage,recover-20220705_unit2,010,1795
1256.4375,1256.4509,27187.0,32201.0,Nyctalus leisleri,0.288,0.542,-1,Echolocation,/mnt/ubna_data_01_mir/recover-20220705_unit2/20220705_050000.WAV,Foliage,recover-20220705_unit2,010,1795
1256.6215,1256.6349,27187.0,33235.0,Eptesicus serotinus,0.213,0.474,-1,Echolocation,/mnt/ubna_data_01_mir/recover-20220705_unit2/20220705_050000.WAV,Foliage,recover-20220705_unit2,010,1795
1256.8735,1256.8903,28046.0,33076.0,Eptesicus serotinus,0.127,0.224,-1,Echolocation,/mnt/ubna_data_01_mir/recover-20220705_unit2/20220705_050000.WAV,Foliage,recover-20220705_unit2,010,1795
1257.0645,1257.0774,28046.0,33474.0,Eptesicus serotinus,0.232,0.368,-1,Echolocation,/mnt/ubna_data_01_mir/recover-20220705_unit2/20220705_050000.WAV,Foliage,recover-20220705_unit2,010,1795
1257.6335,1257.6467,27187.0,33364.0,Nyctalus leisleri,0.326,0.633,-1,Echolocation,/mnt/ubna_data_01_mir/recover-20220705_unit2/20220705_050000.WAV,Foliage,recover-20220705_unit2,010,1795
1257.7695,1257.7825,28046.0,33098.0,Eptesicus serotinus,0.211,0.41,-1,Echolocation,/mnt/ubna_data_01_mir/recover-20220705_unit2/20220705_050000.WAV,Foliage,recover-20220705_unit2,010,1795
1257.9855,1257.9984,27187.0,34814.0,Eptesicus serotinus,0.296,0.56,-1,Echolocation,/mnt/ubna_data_01_mir/recover-20220705_unit2/20220705_050000.WAV,Foliage,recover-20220705_unit2,010,1795
1258.2135,1258.2298,27187.0,32020.0,Nyctalus leisleri,0.291,0.471,-1,Echolocation,/mnt/ubna_data_01_mir/recover-20220705_unit2/20220705_050000.WAV,Foliage,recover-20220705_unit2,010,1795
1258.4425,1258.4555,27187.0,33377.0,Nyctalus leisleri,0.32,0.626,-1,Echolocation,/mnt/ubna_data_01_mir/recover-20220705_unit2/20220705_050000.WAV,Foliage,recover-20220705_unit2,010,1795
1259.4045,1259.4217,28046.0,32420.0,Nyctalus leisleri,0.1,0.203,-1,Echolocation,/mnt/ubna_data_01_mir/recover-20220705_unit2/20220705_050000.WAV,Foliage,recover-20220705_unit2,010,1795
1260.2045,1260.2249,27187.0,31346.0,Nyctalus leisleri,0.158,0.274,-1,Echolocation,/mnt/ubna_data_01_mir/recover-20220705_unit2/20220705_050000.WAV,Foliage,recover-20220705_unit2,010,1795
1260.5205,1260.5386,27187.0,32423.0,Nyctalus leisleri,0.268,0.452,-1,Echolocation,/mnt/ubna_data_01_mir/recover-20220705_unit2/20220705_050000.WAV,Foliage,recover-20220705_unit2,010,1795
1260.8625,1260.8826,27187.0,31602.0,Nyctalus leisleri,0.232,0.345,-1,Echolocation,/mnt/ubna_data_01_mir/recover-20220705_unit2/20220705_050000.WAV,Foliage,recover-20220705_unit2,010,1795
1261.2575,1261.2768,26328.0,30054.0,Nyctalus leisleri,0.223,0.296,-1,Echolocation,/mnt/ubna_data_01_mir/recover-20220705_unit2/20220705_050000.WAV,Foliage,recover-20220705_unit2,010,1795
1261.4225,1261.4385,27187.0,31191.0,Nyctalus leisleri,0.194,0.306,-1,Echolocation,/mnt/ubna_data_01_mir/recover-20220705_unit2/20220705_050000.WAV,Foliage,recover-20220705_unit2,010,1795
1261.8745,1261.8914,26328.0,31094.0,Nyctalus leisleri,0.179,0.31,-1,Echolocation,/mnt/ubna_data_01_mir/recover-20220705_unit2/20220705_050000.WAV,Foliage,recover-20220705_unit2,010,1795
1278.7515,1278.7683,28046.0,33566.0,Eptesicus serotinus,0.174,0.397,-1,Echolocation,/mnt/ubna_data_01_mir/recover-20220705_unit2/20220705_050000.WAV,Foliage,recover-20220705_unit2,010,1795
1279.1425,1279.1614,27187.0,31217.0,Nyctalus leisleri,0.127,0.218,-1,Echolocation,/mnt/ubna_data_01_mir/recover-20220705_unit2/20220705_050000.WAV,Foliage,recover-20220705_unit2,010,1795
1279.3425,1279.3603,28046.0,32050.0,Nyctalus leisleri,0.102,0.23,-1,Echolocation,/mnt/ubna_data_01_mir/recover-20220705_unit2/20220705_050000.WAV,Foliage,recover-20220705_unit2,010,1795
1280.2855,1280.3023,28046.0,31818.0,Nyctalus leisleri,0.219,0.343,-1,Echolocation,/mnt/ubna_data_01_mir/recover-20220705_unit2/20220705_050000.WAV,Foliage,recover-20220705_unit2,010,1795
1281.0535,1281.0728,27187.0,31174.0,Nyctalus leisleri,0.179,0.279,-1,Echolocation,/mnt/ubna_data_01_mir/recover-20220705_unit2/20220705_050000.WAV,Foliage,recover-20220705_unit2,010,1795
1281.4895,1281.5042,26328.0,31313.0,Nyctalus leisleri,0.173,0.323,-1,Echolocation,/mnt/ubna_data_01_mir/recover-20220705_unit2/20220705_050000.WAV,Foliage,recover-20220705_unit2,010,1795
1281.8495,1281.867,27187.0,31906.0,Nyctalus leisleri,0.174,0.348,-1,Echolocation,/mnt/ubna_data_01_mir/recover-20220705_unit2/20220705_050000.WAV,Foliage,recover-20220705_unit2,010,1795
1282.3805,1282.3954,27187.0,32309.0,Nyctalus leisleri,0.3,0.498,-1,Echolocation,/mnt/ubna_data_01_mir/recover-20220705_unit2/20220705_050000.WAV,Foliage,recover-20220705_unit2,010,1795
1282.6905,1282.7053,27187.0,32159.0,Nyctalus leisleri,0.265,0.41,-1,Echolocation,/mnt/ubna_data_01_mir/recover-20220705_unit2/20220705_050000.WAV,Foliage,recover-20220705_unit2,010,1795
1282.8985,1282.9166,27187.0,31618.0,Nyctalus leisleri,0.235,0.383,-1,Echolocation,/mnt/ubna_data_01_mir/recover-20220705_unit2/20220705_050000.WAV,Foliage,recover-20220705_unit2,010,1795
1283.1135,1283.1294,27187.0,30891.0,Nyctalus leisleri,0.373,0.486,-1,Echolocation,/mnt/ubna_data_01_mir/recover-20220705_unit2/20220705_050000.WAV,Foliage,recover-20220705_unit2,010,1795
1283.5215,1283.5372,27187.0,32407.0,Nyctalus leisleri,0.129,0.277,-1,Echolocation,/mnt/ubna_data_01_mir/recover-20220705_unit2/20220705_050000.WAV,Foliage,recover-20220705_unit2,010,1795
1285.0395,1285.0586,27187.0,30353.0,Nyctalus leisleri,0.162,0.238,-1,Echolocation,/mnt/ubna_data_01_mir/recover-20220705_unit2/20220705_050000.WAV,Foliage,recover-20220705_unit2,010,1795
1296.5775,1296.5914,27187.0,32136.0,Nyctalus leisleri,0.149,0.294,-1,Echolocation,/mnt/ubna_data_01_mir/recover-20220705_unit2/20220705_050000.WAV,Foliage,recover-20220705_unit2,010,1795
1298.0985,1298.1139,28046.0,32422.0,Nyctalus leisleri,0.161,0.297,-1,Echolocation,/mnt/ubna_data_01_mir/recover-20220705_unit2/20220705_050000.WAV,Foliage,recover-20220705_unit2,010,1795
1319.7695,1319.7881,26328.0,29833.0,Nyctalus leisleri,0.141,0.211,-1,Echolocation,/mnt/ubna_data_01_mir/recover-20220705_unit2/20220705_050000.WAV,Foliage,recover-20220705_unit2,010,1795
1320.3945,1320.4146,26328.0,31052.0,Nyctalus leisleri,0.19,0.305,-1,Echolocation,/mnt/ubna_data_01_mir/recover-20220705_unit2/20220705_050000.WAV,Foliage,recover-20220705_unit2,010,1795
1320.8165,1320.8315,27187.0,30929.0,Nyctalus leisleri,0.213,0.348,-1,Echolocation,/mnt/ubna_data_01_mir/recover-20220705_unit2/20220705_050000.WAV,Foliage,recover-20220705_unit2,010,1795
1320.9725,1320.9914,28046.0,32157.0,Nyctalus leisleri,0.102,0.207,-1,Echolocation,/mnt/ubna_data_01_mir/recover-20220705_unit2/20220705_050000.WAV,Foliage,recover-20220705_unit2,010,1795
1321.1635,1321.1823,27187.0,32092.0,Eptesicus serotinus,0.101,0.218,-1,Echolocation,/mnt/ubna_data_01_mir/recover-20220705_unit2/20220705_050000.WAV,Foliage,recover-20220705_unit2,010,1795
1338.0435,1338.0609,27187.0,31326.0,Nyctalus leisleri,0.105,0.212,-1,Echolocation,/mnt/ubna_data_01_mir/recover-20220705_unit2/20220705_050000.WAV,Foliage,recover-20220705_unit2,010,1795
1349.8595,1349.8781,23750.0,27745.0,Nyctalus leisleri,0.177,0.25,-1,Echolocation,/mnt/ubna_data_01_mir/recover-20220705_unit2/20220705_050000.WAV,Foliage,recover-20220705_unit2,010,1795
1350.3925,1350.4083,23750.0,27838.0,Nyctalus leisleri,0.462,0.551,-1,Echolocation,/mnt/ubna_data_01_mir/recover-20220705_unit2/20220705_050000.WAV,Foliage,recover-20220705_unit2,010,1795
1350.8945,1350.9097,23750.0,26890.0,Nyctalus leisleri,0.281,0.323,-1,Echolocation,/mnt/ubna_data_01_mir/recover-20220705_unit2/20220705_050000.WAV,Foliage,recover-20220705_unit2,010,1795
1351.0695,1351.084,23750.0,29648.0,Nyctalus leisleri,0.42,0.631,-1,Echolocation,/mnt/ubna_data_01_mir/recover-20220705_unit2/20220705_050000.WAV,Foliage,recover-20220705_unit2,010,1795
1351.3425,1351.3574,22890.0,27932.0,Nyctalus leisleri,0.489,0.643,-1,Echolocation,/mnt/ubna_data_01_mir/recover-20220705_unit2/20220705_050000.WAV,Foliage,recover-20220705_unit2,010,1795
1351.5985,1351.6142,23750.0,27011.0,Nyctalus leisleri,0.518,0.57,-1,Echolocation,/mnt/ubna_data_01_mir/recover-20220705_unit2/20220705_050000.WAV,Foliage,recover-20220705_unit2,010,1795
1351.7685,1351.7849,23750.0,27498.0,Nyctalus leisleri,0.508,0.572,-1,Echolocation,/mnt/ubna_data_01_mir/recover-20220705_unit2/20220705_050000.WAV,Foliage,recover-20220705_unit2,010,1795
1352.4755,1352.4965,23750.0,27583.0,Nyctalus leisleri,0.17,0.262,-1,Echolocation,/mnt/ubna_data_01_mir/recover-20220705_unit2/20220705_050000.WAV,Foliage,recover-20220705_unit2,010,1795
1352.9925,1353.0045,23750.0,28745.0,Nyctalus leisleri,0.55,0.68,-1,Echolocation,/mnt/ubna_data_01_mir/recover-20220705_unit2/20220705_050000.WAV,Foliage,recover-20220705_unit2,010,1795
1353.2425,1353.2554,23750.0,29589.0,Nyctalus leisleri,0.187,0.386,-1,Echolocation,/mnt/ubna_data_01_mir/recover-20220705_unit2/20220705_050000.WAV,Foliage,recover-20220705_unit2,010,1795
1353.5085,1353.5257,23750.0,28345.0,Nyctalus leisleri,0.201,0.33,-1,Echolocation,/mnt/ubna_data_01_mir/recover-20220705_unit2/20220705_050000.WAV,Foliage,recover-20220705_unit2,010,1795
1354.5985,1354.6175,22890.0,27538.0,Nyctalus leisleri,0.179,0.306,-1,Echolocation,/mnt/ubna_data_01_mir/recover-20220705_unit2/20220705_050000.WAV,Foliage,recover-20220705_unit2,010,1795
1355.0355,1355.0543,23750.0,27763.0,Nyctalus leisleri,0.212,0.306,-1,Echolocation,/mnt/ubna_data_01_mir/recover-20220705_unit2/20220705_050000.WAV,Foliage,recover-20220705_unit2,010,1795
1355.4635,1355.4797,22890.0,29912.0,Nyctalus leisleri,0.248,0.587,-1,Echolocation,/mnt/ubna_data_01_mir/recover-20220705_unit2/20220705_050000.WAV,Foliage,recover-20220705_unit2,010,1795
1355.6395,1355.6594,23750.0,28454.0,Nyctalus leisleri,0.203,0.327,-1,Echolocation,/mnt/ubna_data_01_mir/recover-20220705_unit2/20220705_050000.WAV,Foliage,recover-20220705_unit2,010,1795
1355.9275,1355.9431,22890.0,27657.0,Nyctalus leisleri,0.531,0.622,-1,Echolocation,/mnt/ubna_data_01_mir/recover-20220705_unit2/20220705_050000.WAV,Foliage,recover-20220705_unit2,010,1795
1356.1025,1356.1155,22890.0,27904.0,Nyctalus leisleri,0.553,0.654,-1,Echolocation,/mnt/ubna_data_01_mir/recover-20220705_unit2/20220705_050000.WAV,Foliage,recover-20220705_unit2,010,1795
1356.3865,1356.4032,22890.0,26908.0,Nyctalus leisleri,0.423,0.512,-1,Echolocation,/mnt/ubna_data_01_mir/recover-20220705_unit2/20220705_050000.WAV,Foliage,recover-20220705_unit2,010,1795
1356.6615,1356.6823,22031.0,26894.0,Nyctalus noctula,0.145,0.334,-1,Echolocation,/mnt/ubna_data_01_mir/recover-20220705_unit2/20220705_050000.WAV,Foliage,recover-20220705_unit2,010,1795
1356.9375,1356.9531,22890.0,29085.0,Nyctalus leisleri,0.371,0.596,-1,Echolocation,/mnt/ubna_data_01_mir/recover-20220705_unit2/20220705_050000.WAV,Foliage,recover-20220705_unit2,010,1795
1357.2275,1357.2508,22890.0,26924.0,Nyctalus leisleri,0.242,0.363,-1,Echolocation,/mnt/ubna_data_01_mir/recover-20220705_unit2/20220705_050000.WAV,Foliage,recover-20220705_unit2,010,1795
1357.5135,1357.5347,22890.0,26834.0,Nyctalus leisleri,0.32,0.445,-1,Echolocation,/mnt/ubna_data_01_mir/recover-20220705_unit2/20220705_050000.WAV,Foliage,recover-20220705_unit2,010,1795
1357.6895,1357.7069,22890.0,26262.0,Nyctalus leisleri,0.43,0.487,-1,Echolocation,/mnt/ubna_data_01_mir/recover-20220705_unit2/20220705_050000.WAV,Foliage,recover-20220705_unit2,010,1795
1357.9645,1357.9823,22031.0,27904.0,Nyctalus leisleri,0.267,0.572,-1,Echolocation,/mnt/ubna_data_01_mir/recover-20220705_unit2/20220705_050000.WAV,Foliage,recover-20220705_unit2,010,1795
1357.9735,1357.9814,45234.0,49135.0,Pipistrellus pipistrellus,0.351,0.44,-1,Echolocation,/mnt/ubna_data_01_mir/recover-20220705_unit2/20220705_050000.WAV,Foliage,recover-20220705_unit2,010,1795
1358.2305,1358.2503,22031.0,28552.0,Nyctalus noctula,0.223,0.526,-1,Echolocation,/mnt/ubna_data_01_mir/recover-20220705_unit2/20220705_050000.WAV,Foliage,recover-20220705_unit2,010,1795
1358.4015,1358.4167,22890.0,30899.0,Nyctalus leisleri,0.268,0.632,-1,Echolocation,/mnt/ubna_data_01_mir/recover-20220705_unit2/20220705_050000.WAV,Foliage,recover-20220705_unit2,010,1795
1358.6725,1358.6913,22031.0,27873.0,Nyctalus leisleri,0.213,0.509,-1,Echolocation,/mnt/ubna_data_01_mir/recover-20220705_unit2/20220705_050000.WAV,Foliage,recover-20220705_unit2,010,1795
1358.8535,1358.8714,22890.0,28136.0,Nyctalus leisleri,0.265,0.49,-1,Echolocation,/mnt/ubna_data_01_mir/recover-20220705_unit2/20220705_050000.WAV,Foliage,recover-20220705_unit2,010,1795
1359.0075,1359.0215,23750.0,32449.0,Nyctalus leisleri,0.483,0.728,-1,Echolocation,/mnt/ubna_data_01_mir/recover-20220705_unit2/20220705_050000.WAV,Foliage,recover-20220705_unit2,010,1795
1359.1755,1359.1904,23750.0,34017.0,Nyctalus leisleri,0.408,0.694,-1,Echolocation,/mnt/ubna_data_01_mir/recover-20220705_unit2/20220705_050000.WAV,Foliage,recover-20220705_unit2,010,1795
1359.3465,1359.3612,23750.0,30840.0,Nyctalus leisleri,0.268,0.606,-1,Echolocation,/mnt/ubna_data_01_mir/recover-20220705_unit2/20220705_050000.WAV,Foliage,recover-20220705_unit2,010,1795
1359.6305,1359.6477,22890.0,30059.0,Nyctalus leisleri,0.345,0.612,-1,Echolocation,/mnt/ubna_data_01_mir/recover-20220705_unit2/20220705_050000.WAV,Foliage,recover-20220705_unit2,010,1795
1359.8135,1359.83,22890.0,29602.0,Nyctalus leisleri,0.317,0.612,-1,Echolocation,/mnt/ubna_data_01_mir/recover-20220705_unit2/20220705_050000.WAV,Foliage,recover-20220705_unit2,010,1795
1360.1125,1360.1286,22890.0,30641.0,Nyctalus leisleri,0.424,0.629,-1,Echolocation,/mnt/ubna_data_01_mir/recover-20220705_unit2/20220705_050000.WAV,Foliage,recover-20220705_unit2,010,1795
1360.4105,1360.4289,22031.0,28141.0,Nyctalus leisleri,0.215,0.49,-1,Echolocation,/mnt/ubna_data_01_mir/recover-20220705_unit2/20220705_050000.WAV,Foliage,recover-20220705_unit2,010,1795
1360.5865,1360.6042,22031.0,30548.0,Eptesicus serotinus,0.25,0.597,-1,Echolocation,/mnt/ubna_data_01_mir/recover-20220705_unit2/20220705_050000.WAV,Foliage,recover-20220705_unit2,010,1795
1360.8795,1360.9001,22031.0,26938.0,Nyctalus leisleri,0.22,0.371,-1,Echolocation,/mnt/ubna_data_01_mir/recover-20220705_unit2/20220705_050000.WAV,Foliage,recover-20220705_unit2,010,1795
1361.1795,1361.1982,22031.0,29244.0,Nyctalus noctula,0.238,0.554,-1,Echolocation,/mnt/ubna_data_01_mir/recover-20220705_unit2/20220705_050000.WAV,Foliage,recover-20220705_unit2,010,1795
1361.5005,1361.5167,22031.0,24708.0,Nyctalus leisleri,0.116,0.214,-1,Echolocation,/mnt/ubna_data_01_mir/recover-20220705_unit2/20220705_050000.WAV,Foliage,recover-20220705_unit2,010,1795
1361.9525,1361.977,22031.0,27400.0,Nyctalus noctula,0.122,0.31,-1,Echolocation,/mnt/ubna_data_01_mir/recover-20220705_unit2/20220705_050000.WAV,Foliage,recover-20220705_unit2,010,1795
1362.2535,1362.2796,22031.0,26249.0,Nyctalus noctula,0.117,0.217,-1,Echolocation,/mnt/ubna_data_01_mir/recover-20220705_unit2/20220705_050000.WAV,Foliage,recover-20220705_unit2,010,1795
1362.2625,1362.2786,22031.0,24635.0,Nyctalus leisleri,0.302,0.321,-1,Echolocation,/mnt/ubna_data_01_mir/recover-20220705_unit2/20220705_050000.WAV,Foliage,recover-20220705_unit2,010,1795
1362.5515,1362.575,22031.0,26904.0,Nyctalus leisleri,0.272,0.386,-1,Echolocation,/mnt/ubna_data_01_mir/recover-20220705_unit2/20220705_050000.WAV,Foliage,recover-20220705_unit2,010,1795
1362.8155,1362.8303,25468.0,28345.0,Nyctalus leisleri,0.467,0.548,-1,Echolocation,/mnt/ubna_data_01_mir/recover-20220705_unit2/20220705_050000.WAV,Foliage,recover-20220705_unit2,010,1795
1363.0495,1363.067,25468.0,27928.0,Nyctalus leisleri,0.428,0.496,-1,Echolocation,/mnt/ubna_data_01_mir/recover-20220705_unit2/20220705_050000.WAV,Foliage,recover-20220705_unit2,010,1795
1363.1845,1363.204,22031.0,26290.0,Nyctalus leisleri,0.456,0.521,-1,Echolocation,/mnt/ubna_data_01_mir/recover-20220705_unit2/20220705_050000.WAV,Foliage,recover-20220705_unit2,010,1795
1363.3015,1363.3172,25468.0,29327.0,Nyctalus leisleri,0.43,0.539,-1,Echolocation,/mnt/ubna_data_01_mir/recover-20220705_unit2/20220705_050000.WAV,Foliage,recover-20220705_unit2,010,1795
1363.4995,1363.5208,22031.0,25091.0,Nyctalus leisleri,0.176,0.205,-1,Echolocation,/mnt/ubna_data_01_mir/recover-20220705_unit2/20220705_050000.WAV,Foliage,recover-20220705_unit2,010,1795
1363.5365,1363.5545,25468.0,29685.0,Nyctalus leisleri,0.271,0.39,-1,Echolocation,/mnt/ubna_data_01_mir/recover-20220705_unit2/20220705_050000.WAV,Foliage,recover-20220705_unit2,010,1795
1363.6795,1363.696,25468.0,30292.0,Nyctalus leisleri,0.219,0.397,-1,Echolocation,/mnt/ubna_data_01_mir/recover-20220705_unit2/20220705_050000.WAV,Foliage,recover-20220705_unit2,010,1795
1363.7995,1363.818,22890.0,26535.0,Nyctalus leisleri,0.454,0.524,-1,Echolocation,/mnt/ubna_data_01_mir/recover-20220705_unit2/20220705_050000.WAV,Foliage,recover-20220705_unit2,010,1795
1363.9125,1363.927,25468.0,30140.0,Nyctalus leisleri,0.532,0.64,-1,Echolocation,/mnt/ubna_data_01_mir/recover-20220705_unit2/20220705_050000.WAV,Foliage,recover-20220705_unit2,010,1795
1364.1025,1364.1172,22031.0,26964.0,Nyctalus leisleri,0.194,0.44,-1,Echolocation,/mnt/ubna_data_01_mir/recover-20220705_unit2/20220705_050000.WAV,Foliage,recover-20220705_unit2,010,1795
1364.1475,1364.1668,26328.0,29992.0,Nyctalus leisleri,0.152,0.229,-1,Echolocation,/mnt/ubna_data_01_mir/recover-20220705_unit2/20220705_050000.WAV,Foliage,recover-20220705_unit2,010,1795
1364.3915,1364.4084,24609.0,28962.0,Nyctalus leisleri,0.432,0.502,-1,Echolocation,/mnt/ubna_data_01_mir/recover-20220705_unit2/20220705_050000.WAV,Foliage,recover-20220705_unit2,010,1795
1364.4065,1364.4299,22031.0,25630.0,Nyctalus leisleri,0.274,0.314,-1,Echolocation,/mnt/ubna_data_01_mir/recover-20220705_unit2/20220705_050000.WAV,Foliage,recover-20220705_unit2,010,1795
1364.6295,1364.6459,24609.0,28154.0,Nyctalus leisleri,0.132,0.22,-1,Echolocation,/mnt/ubna_data_01_mir/recover-20220705_unit2/20220705_050000.WAV,Foliage,recover-20220705_unit2,010,1795
1364.9815,1365.0019,24609.0,28819.0,Nyctalus leisleri,0.263,0.38,-1,Echolocation,/mnt/ubna_data_01_mir/recover-20220705_unit2/20220705_050000.WAV,Foliage,recover-20220705_unit2,010,1795
1365.0075,1365.0265,22031.0,25274.0,Nyctalus leisleri,0.195,0.289,-1,Echolocation,/mnt/ubna_data_01_mir/recover-20220705_unit2/20220705_050000.WAV,Foliage,recover-20220705_unit2,010,1795
1365.4845,1365.5011,24609.0,28697.0,Nyctalus leisleri,0.159,0.252,-1,Echolocation,/mnt/ubna_data_01_mir/recover-20220705_unit2/20220705_050000.WAV,Foliage,recover-20220705_unit2,010,1795
1365.6065,1365.6274,22031.0,24873.0,Nyctalus leisleri,0.206,0.252,-1,Echolocation,/mnt/ubna_data_01_mir/recover-20220705_unit2/20220705_050000.WAV,Foliage,recover-20220705_unit2,010,1795
1366.1735,1366.191,22031.0,25898.0,Nyctalus noctula,0.149,0.335,-1,Echolocation,/mnt/ubna_data_01_mir/recover-20220705_unit2/20220705_050000.WAV,Foliage,recover-20220705_unit2,010,1795
1368.1635,1368.1757,25468.0,31000.0,Nyctalus leisleri,0.416,0.648,-1,Echolocation,/mnt/ubna_data_01_mir/recover-20220705_unit2/20220705_050000.WAV,Foliage,recover-20220705_unit2,010,1795
1381.3645,1381.3823,27187.0,32385.0,Nyctalus leisleri,0.171,0.364,-1,Echolocation,/mnt/ubna_data_01_mir/recover-20220705_unit2/20220705_050000.WAV,Foliage,recover-20220705_unit2,010,1795
1386.5285,1386.5415,23750.0,28842.0,Nyctalus leisleri,0.092,0.217,-1,Echolocation,/mnt/ubna_data_01_mir/recover-20220705_unit2/20220705_050000.WAV,Foliage,recover-20220705_unit2,010,1795
1416.1005,1416.1163,27187.0,30923.0,Nyctalus leisleri,0.164,0.264,-1,Echolocation,/mnt/ubna_data_01_mir/recover-20220705_unit2/20220705_050000.WAV,Foliage,recover-20220705_unit2,010,1795
1416.2695,1416.2859,27187.0,31700.0,Nyctalus leisleri,0.154,0.257,-1,Echolocation,/mnt/ubna_data_01_mir/recover-20220705_unit2/20220705_050000.WAV,Foliage,recover-20220705_unit2,010,1795
1416.5125,1416.5287,27187.0,32244.0,Nyctalus leisleri,0.317,0.541,-1,Echolocation,/mnt/ubna_data_01_mir/recover-20220705_unit2/20220705_050000.WAV,Foliage,recover-20220705_unit2,010,1795
1417.7115,1417.7282,28046.0,32200.0,Nyctalus leisleri,0.388,0.529,-1,Echolocation,/mnt/ubna_data_01_mir/recover-20220705_unit2/20220705_050000.WAV,Foliage,recover-20220705_unit2,010,1795
1417.8595,1417.8759,27187.0,31322.0,Nyctalus leisleri,0.208,0.332,-1,Echolocation,/mnt/ubna_data_01_mir/recover-20220705_unit2/20220705_050000.WAV,Foliage,recover-20220705_unit2,010,1795
1418.1535,1418.1697,26328.0,31188.0,Nyctalus leisleri,0.243,0.384,-1,Echolocation,/mnt/ubna_data_01_mir/recover-20220705_unit2/20220705_050000.WAV,Foliage,recover-20220705_unit2,010,1795
1418.6075,1418.6252,26328.0,30827.0,Nyctalus leisleri,0.352,0.499,-1,Echolocation,/mnt/ubna_data_01_mir/recover-20220705_unit2/20220705_050000.WAV,Foliage,recover-20220705_unit2,010,1795
1419.0345,1419.0503,26328.0,31361.0,Nyctalus leisleri,0.339,0.479,-1,Echolocation,/mnt/ubna_data_01_mir/recover-20220705_unit2/20220705_050000.WAV,Foliage,recover-20220705_unit2,010,1795
1419.6375,1419.6555,26328.0,32141.0,Nyctalus leisleri,0.18,0.376,-1,Echolocation,/mnt/ubna_data_01_mir/recover-20220705_unit2/20220705_050000.WAV,Foliage,recover-20220705_unit2,010,1795
1420.0275,1420.0446,27187.0,31043.0,Nyctalus leisleri,0.145,0.248,-1,Echolocation,/mnt/ubna_data_01_mir/recover-20220705_unit2/20220705_050000.WAV,Foliage,recover-20220705_unit2,010,1795
1420.2135,1420.2276,27187.0,31869.0,Nyctalus leisleri,0.323,0.524,-1,Echolocation,/mnt/ubna_data_01_mir/recover-20220705_unit2/20220705_050000.WAV,Foliage,recover-20220705_unit2,010,1795
1420.5045,1420.5196,28046.0,33757.0,Nyctalus leisleri,0.221,0.477,-1,Echolocation,/mnt/ubna_data_01_mir/recover-20220705_unit2/20220705_050000.WAV,Foliage,recover-20220705_unit2,010,1795
1421.3555,1421.3695,27187.0,33397.0,Nyctalus leisleri,0.316,0.651,-1,Echolocation,/mnt/ubna_data_01_mir/recover-20220705_unit2/20220705_050000.WAV,Foliage,recover-20220705_unit2,010,1795
1421.5945,1421.6118,27187.0,31033.0,Nyctalus leisleri,0.434,0.568,-1,Echolocation,/mnt/ubna_data_01_mir/recover-20220705_unit2/20220705_050000.WAV,Foliage,recover-20220705_unit2,010,1795
1421.8815,1421.8976,27187.0,32454.0,Nyctalus leisleri,0.302,0.552,-1,Echolocation,/mnt/ubna_data_01_mir/recover-20220705_unit2/20220705_050000.WAV,Foliage,recover-20220705_unit2,010,1795
1422.1295,1422.1506,26328.0,30951.0,Nyctalus leisleri,0.15,0.272,-1,Echolocation,/mnt/ubna_data_01_mir/recover-20220705_unit2/20220705_050000.WAV,Foliage,recover-20220705_unit2,010,1795
1422.3375,1422.353,27187.0,31037.0,Nyctalus leisleri,0.308,0.437,-1,Echolocation,/mnt/ubna_data_01_mir/recover-20220705_unit2/20220705_050000.WAV,Foliage,recover-20220705_unit2,010,1795
1422.9025,1422.9213,26328.0,30444.0,Nyctalus leisleri,0.244,0.353,-1,Echolocation,/mnt/ubna_data_01_mir/recover-20220705_unit2/20220705_050000.WAV,Foliage,recover-20220705_unit2,010,1795
1423.3645,1423.3779,26328.0,30954.0,Nyctalus leisleri,0.166,0.321,-1,Echolocation,/mnt/ubna_data_01_mir/recover-20220705_unit2/20220705_050000.WAV,Foliage,recover-20220705_unit2,010,1795
1424.9635,1424.9804,27187.0,31823.0,Nyctalus leisleri,0.108,0.215,-1,Echolocation,/mnt/ubna_data_01_mir/recover-20220705_unit2/20220705_050000.WAV,Foliage,recover-20220705_unit2,010,1795
1444.5135,1444.5306,22031.0,25347.0,Nyctalus leisleri,0.14,0.251,-1,Echolocation,/mnt/ubna_data_01_mir/recover-20220705_unit2/20220705_050000.WAV,Foliage,recover-20220705_unit2,010,1795
1467.8785,1467.8913,27187.0,32755.0,Eptesicus serotinus,0.143,0.239,-1,Echolocation,/mnt/ubna_data_01_mir/recover-20220705_unit2/20220705_050000.WAV,Foliage,recover-20220705_unit2,010,1795
1472.4525,1472.4692,27187.0,31824.0,Nyctalus leisleri,0.178,0.324,-1,Echolocation,/mnt/ubna_data_01_mir/recover-20220705_unit2/20220705_050000.WAV,Foliage,recover-20220705_unit2,010,1795
1473.7635,1473.7814,27187.0,31320.0,Nyctalus leisleri,0.243,0.335,-1,Echolocation,/mnt/ubna_data_01_mir/recover-20220705_unit2/20220705_050000.WAV,Foliage,recover-20220705_unit2,010,1795
1474.1825,1474.1993,27187.0,31943.0,Nyctalus leisleri,0.314,0.476,-1,Echolocation,/mnt/ubna_data_01_mir/recover-20220705_unit2/20220705_050000.WAV,Foliage,recover-20220705_unit2,010,1795
1474.7545,1474.7767,26328.0,30119.0,Nyctalus leisleri,0.195,0.291,-1,Echolocation,/mnt/ubna_data_01_mir/recover-20220705_unit2/20220705_050000.WAV,Foliage,recover-20220705_unit2,010,1795
1475.0555,1475.0709,27187.0,31658.0,Nyctalus leisleri,0.26,0.434,-1,Echolocation,/mnt/ubna_data_01_mir/recover-20220705_unit2/20220705_050000.WAV,Foliage,recover-20220705_unit2,010,1795
1475.4965,1475.5159,27187.0,30639.0,Nyctalus leisleri,0.15,0.222,-1,Echolocation,/mnt/ubna_data_01_mir/recover-20220705_unit2/20220705_050000.WAV,Foliage,recover-20220705_unit2,010,1795
1497.7175,1497.7339,27187.0,31707.0,Nyctalus leisleri,0.324,0.463,-1,Echolocation,/mnt/ubna_data_01_mir/recover-20220705_unit2/20220705_050000.WAV,Foliage,recover-20220705_unit2,010,1795
1497.9185,1497.9311,27187.0,33587.0,Eptesicus serotinus,0.137,0.202,-1,Echolocation,/mnt/ubna_data_01_mir/recover-20220705_unit2/20220705_050000.WAV,Foliage,recover-20220705_unit2,010,1795
1498.6675,1498.6818,27187.0,32323.0,Nyctalus leisleri,0.258,0.469,-1,Echolocation,/mnt/ubna_data_01_mir/recover-20220705_unit2/20220705_050000.WAV,Foliage,recover-20220705_unit2,010,1795
1498.8815,1498.9008,27187.0,31924.0,Nyctalus leisleri,0.245,0.465,-1,Echolocation,/mnt/ubna_data_01_mir/recover-20220705_unit2/20220705_050000.WAV,Foliage,recover-20220705_unit2,010,1795
1499.1175,1499.1359,27187.0,31569.0,Nyctalus leisleri,0.268,0.428,-1,Echolocation,/mnt/ubna_data_01_mir/recover-20220705_unit2/20220705_050000.WAV,Foliage,recover-20220705_unit2,010,1795
1499.3475,1499.3673,26328.0,30991.0,Nyctalus leisleri,0.159,0.272,-1,Echolocation,/mnt/ubna_data_01_mir/recover-20220705_unit2/20220705_050000.WAV,Foliage,recover-20220705_unit2,010,1795
1499.5665,1499.5818,27187.0,31881.0,Nyctalus leisleri,0.185,0.338,-1,Echolocation,/mnt/ubna_data_01_mir/recover-20220705_unit2/20220705_050000.WAV,Foliage,recover-20220705_unit2,010,1795
1499.7935,1499.8119,27187.0,31882.0,Nyctalus leisleri,0.145,0.261,-1,Echolocation,/mnt/ubna_data_01_mir/recover-20220705_unit2/20220705_050000.WAV,Foliage,recover-20220705_unit2,010,1795
1500.0165,1500.0331,27187.0,31447.0,Nyctalus leisleri,0.252,0.381,-1,Echolocation,/mnt/ubna_data_01_mir/recover-20220705_unit2/20220705_050000.WAV,Foliage,recover-20220705_unit2,010,1795
1502.9275,1502.9421,25468.0,31660.0,Nyctalus leisleri,0.264,0.486,-1,Echolocation,/mnt/ubna_data_01_mir/recover-20220705_unit2/20220705_050000.WAV,Foliage,recover-20220705_unit2,010,1795
1503.0365,1503.0495,27187.0,33083.0,Eptesicus serotinus,0.219,0.413,-1,Echolocation,/mnt/ubna_data_01_mir/recover-20220705_unit2/20220705_050000.WAV,Foliage,recover-20220705_unit2,010,1795
1503.1805,1503.1997,26328.0,30851.0,Nyctalus leisleri,0.157,0.276,-1,Echolocation,/mnt/ubna_data_01_mir/recover-20220705_unit2/20220705_050000.WAV,Foliage,recover-20220705_unit2,010,1795
1503.4205,1503.4344,25468.0,32925.0,Eptesicus serotinus,0.297,0.54,-1,Echolocation,/mnt/ubna_data_01_mir/recover-20220705_unit2/20220705_050000.WAV,Foliage,recover-20220705_unit2,010,1795
1503.4685,1503.4901,16875.0,20283.0,Nyctalus noctula,0.15,0.2,-1,Echolocation,/mnt/ubna_data_01_mir/recover-20220705_unit2/20220705_050000.WAV,Foliage,recover-20220705_unit2,010,1795
1503.5725,1503.5895,26328.0,30437.0,Nyctalus leisleri,0.325,0.471,-1,Echolocation,/mnt/ubna_data_01_mir/recover-20220705_unit2/20220705_050000.WAV,Foliage,recover-20220705_unit2,010,1795
1503.8075,1503.821,25468.0,32222.0,Nyctalus leisleri,0.364,0.653,-1,Echolocation,/mnt/ubna_data_01_mir/recover-20220705_unit2/20220705_050000.WAV,Foliage,recover-20220705_unit2,010,1795
1504.0345,1504.0506,25468.0,30748.0,Nyctalus leisleri,0.221,0.438,-1,Echolocation,/mnt/ubna_data_01_mir/recover-20220705_unit2/20220705_050000.WAV,Foliage,recover-20220705_unit2,010,1795
1504.2555,1504.2713,25468.0,32725.0,Eptesicus serotinus,0.223,0.492,-1,Echolocation,/mnt/ubna_data_01_mir/recover-20220705_unit2/20220705_050000.WAV,Foliage,recover-20220705_unit2,010,1795
1504.4855,1504.5048,24609.0,33878.0,Eptesicus serotinus,0.28,0.44,-1,Echolocation,/mnt/ubna_data_01_mir/recover-20220705_unit2/20220705_050000.WAV,Foliage,recover-20220705_unit2,010,1795
1504.6645,1504.6822,25468.0,32887.0,Eptesicus serotinus,0.266,0.437,-1,Echolocation,/mnt/ubna_data_01_mir/recover-20220705_unit2/20220705_050000.WAV,Foliage,recover-20220705_unit2,010,1795
1504.8655,1504.8817,26328.0,35341.0,Eptesicus serotinus,0.292,0.426,-1,Echolocation,/mnt/ubna_data_01_mir/recover-20220705_unit2/20220705_050000.WAV,Foliage,recover-20220705_unit2,010,1795
1505.0745,1505.0888,26328.0,33745.0,Eptesicus serotinus,0.27,0.455,-1,Echolocation,/mnt/ubna_data_01_mir/recover-20220705_unit2/20220705_050000.WAV,Foliage,recover-20220705_unit2,010,1795
1505.2425,1505.2543,27187.0,34055.0,Eptesicus serotinus,0.283,0.524,-1,Echolocation,/mnt/ubna_data_01_mir/recover-20220705_unit2/20220705_050000.WAV,Foliage,recover-20220705_unit2,010,1795
1505.3805,1505.3942,28046.0,34975.0,Eptesicus serotinus,0.254,0.548,-1,Echolocation,/mnt/ubna_data_01_mir/recover-20220705_unit2/20220705_050000.WAV,Foliage,recover-20220705_unit2,010,1795
1505.5045,1505.5159,28046.0,35894.0,Eptesicus serotinus,0.282,0.381,-1,Echolocation,/mnt/ubna_data_01_mir/recover-20220705_unit2/20220705_050000.WAV,Foliage,recover-20220705_unit2,010,1795
1506.2505,1506.2641,28046.0,33955.0,Eptesicus serotinus,0.229,0.489,-1,Echolocation,/mnt/ubna_data_01_mir/recover-20220705_unit2/20220705_050000.WAV,Foliage,recover-20220705_unit2,010,1795
1507.2325,1507.2431,27187.0,33725.0,Nyctalus leisleri,0.339,0.629,-1,Echolocation,/mnt/ubna_data_01_mir/recover-20220705_unit2/20220705_050000.WAV,Foliage,recover-20220705_unit2,010,1795
1523.6465,1523.6631,27187.0,31040.0,Nyctalus leisleri,0.358,0.463,-1,Echolocation,/mnt/ubna_data_01_mir/recover-20220705_unit2/20220705_050000.WAV,Foliage,recover-20220705_unit2,010,1795
1523.8815,1523.9024,27187.0,32211.0,Nyctalus leisleri,0.12,0.275,-1,Echolocation,/mnt/ubna_data_01_mir/recover-20220705_unit2/20220705_050000.WAV,Foliage,recover-20220705_unit2,010,1795
1524.1145,1524.1298,28046.0,32671.0,Nyctalus leisleri,0.288,0.479,-1,Echolocation,/mnt/ubna_data_01_mir/recover-20220705_unit2/20220705_050000.WAV,Foliage,recover-20220705_unit2,010,1795
1524.3515,1524.3674,27187.0,30593.0,Nyctalus leisleri,0.261,0.367,-1,Echolocation,/mnt/ubna_data_01_mir/recover-20220705_unit2/20220705_050000.WAV,Foliage,recover-20220705_unit2,010,1795
1524.7195,1524.7321,28046.0,34255.0,Eptesicus serotinus,0.258,0.482,-1,Echolocation,/mnt/ubna_data_01_mir/recover-20220705_unit2/20220705_050000.WAV,Foliage,recover-20220705_unit2,010,1795
1525.2645,1525.2794,27187.0,31989.0,Nyctalus leisleri,0.197,0.337,-1,Echolocation,/mnt/ubna_data_01_mir/recover-20220705_unit2/20220705_050000.WAV,Foliage,recover-20220705_unit2,010,1795
1525.7005,1525.7157,27187.0,33261.0,Eptesicus serotinus,0.232,0.537,-1,Echolocation,/mnt/ubna_data_01_mir/recover-20220705_unit2/20220705_050000.WAV,Foliage,recover-20220705_unit2,010,1795
1525.9355,1525.9541,27187.0,31186.0,Nyctalus leisleri,0.135,0.239,-1,Echolocation,/mnt/ubna_data_01_mir/recover-20220705_unit2/20220705_050000.WAV,Foliage,recover-20220705_unit2,010,1795
1526.1615,1526.1769,27187.0,32395.0,Nyctalus leisleri,0.185,0.406,-1,Echolocation,/mnt/ubna_data_01_mir/recover-20220705_unit2/20220705_050000.WAV,Foliage,recover-20220705_unit2,010,1795
1526.5945,1526.6117,27187.0,32080.0,Eptesicus serotinus,0.133,0.271,-1,Echolocation,/mnt/ubna_data_01_mir/recover-20220705_unit2/20220705_050000.WAV,Foliage,recover-20220705_unit2,010,1795
1527.8895,1527.9054,27187.0,31896.0,Eptesicus serotinus,0.126,0.254,-1,Echolocation,/mnt/ubna_data_01_mir/recover-20220705_unit2/20220705_050000.WAV,Foliage,recover-20220705_unit2,010,1795
1550.9225,1550.9363,27187.0,32787.0,Nyctalus leisleri,0.19,0.41,-1,Echolocation,/mnt/ubna_data_01_mir/recover-20220705_unit2/20220705_050000.WAV,Foliage,recover-20220705_unit2,010,1795
1588.7565,1588.7645,37500.0,43525.0,Pipistrellus nathusii,0.227,0.278,-1,Echolocation,/mnt/ubna_data_01_mir/recover-20220705_unit2/20220705_050000.WAV,Foliage,recover-20220705_unit2,010,1795
1600.5795,1600.5971,27187.0,31524.0,Nyctalus leisleri,0.141,0.258,-1,Echolocation,/mnt/ubna_data_01_mir/recover-20220705_unit2/20220705_050000.WAV,Foliage,recover-20220705_unit2,010,1795
1601.6115,1601.6301,27187.0,31662.0,Nyctalus leisleri,0.217,0.382,-1,Echolocation,/mnt/ubna_data_01_mir/recover-20220705_unit2/20220705_050000.WAV,Foliage,recover-20220705_unit2,010,1795
1602.9715,1602.9914,26328.0,29537.0,Nyctalus leisleri,0.414,0.492,-1,Echolocation,/mnt/ubna_data_01_mir/recover-20220705_unit2/20220705_050000.WAV,Foliage,recover-20220705_unit2,010,1795
1603.4765,1603.4969,27187.0,31694.0,Nyctalus leisleri,0.192,0.324,-1,Echolocation,/mnt/ubna_data_01_mir/recover-20220705_unit2/20220705_050000.WAV,Foliage,recover-20220705_unit2,010,1795
1603.8135,1603.8317,26328.0,30007.0,Nyctalus leisleri,0.132,0.203,-1,Echolocation,/mnt/ubna_data_01_mir/recover-20220705_unit2/20220705_050000.WAV,Foliage,recover-20220705_unit2,010,1795
1604.0495,1604.0668,27187.0,31445.0,Nyctalus leisleri,0.183,0.283,-1,Echolocation,/mnt/ubna_data_01_mir/recover-20220705_unit2/20220705_050000.WAV,Foliage,recover-20220705_unit2,010,1795
1604.3995,1604.4183,27187.0,31824.0,Nyctalus leisleri,0.227,0.352,-1,Echolocation,/mnt/ubna_data_01_mir/recover-20220705_unit2/20220705_050000.WAV,Foliage,recover-20220705_unit2,010,1795
1604.6255,1604.6455,26328.0,30554.0,Nyctalus leisleri,0.159,0.235,-1,Echolocation,/mnt/ubna_data_01_mir/recover-20220705_unit2/20220705_050000.WAV,Foliage,recover-20220705_unit2,010,1795
1604.9445,1604.96,28046.0,31870.0,Nyctalus leisleri,0.3,0.43,-1,Echolocation,/mnt/ubna_data_01_mir/recover-20220705_unit2/20220705_050000.WAV,Foliage,recover-20220705_unit2,010,1795
1605.4015,1605.4168,27187.0,32109.0,Nyctalus leisleri,0.285,0.547,-1,Echolocation,/mnt/ubna_data_01_mir/recover-20220705_unit2/20220705_050000.WAV,Foliage,recover-20220705_unit2,010,1795
1605.8435,1605.8592,27187.0,31212.0,Nyctalus leisleri,0.408,0.546,-1,Echolocation,/mnt/ubna_data_01_mir/recover-20220705_unit2/20220705_050000.WAV,Foliage,recover-20220705_unit2,010,1795
1606.0555,1606.0688,28046.0,34296.0,Eptesicus serotinus,0.24,0.607,-1,Echolocation,/mnt/ubna_data_01_mir/recover-20220705_unit2/20220705_050000.WAV,Foliage,recover-20220705_unit2,010,1795
1606.2895,1606.3076,26328.0,30220.0,Nyctalus leisleri,0.171,0.259,-1,Echolocation,/mnt/ubna_data_01_mir/recover-20220705_unit2/20220705_050000.WAV,Foliage,recover-20220705_unit2,010,1795
1606.7185,1606.7355,27187.0,30573.0,Nyctalus leisleri,0.459,0.543,-1,Echolocation,/mnt/ubna_data_01_mir/recover-20220705_unit2/20220705_050000.WAV,Foliage,recover-20220705_unit2,010,1795
1606.9465,1606.9664,26328.0,31711.0,Nyctalus leisleri,0.208,0.415,-1,Echolocation,/mnt/ubna_data_01_mir/recover-20220705_unit2/20220705_050000.WAV,Foliage,recover-20220705_unit2,010,1795
1607.5095,1607.5285,26328.0,31641.0,Nyctalus leisleri,0.104,0.217,-1,Echolocation,/mnt/ubna_data_01_mir/recover-20220705_unit2/20220705_050000.WAV,Foliage,recover-20220705_unit2,010,1795
1608.3565,1608.3692,27187.0,33727.0,Eptesicus serotinus,0.143,0.236,-1,Echolocation,/mnt/ubna_data_01_mir/recover-20220705_unit2/20220705_050000.WAV,Foliage,recover-20220705_unit2,010,1795
1608.4545,1608.4691,26328.0,30529.0,Nyctalus leisleri,0.12,0.253,-1,Echolocation,/mnt/ubna_data_01_mir/recover-20220705_unit2/20220705_050000.WAV,Foliage,recover-20220705_unit2,010,1795
1617.0845,1617.0993,27187.0,31978.0,Nyctalus leisleri,0.231,0.362,-1,Echolocation,/mnt/ubna_data_01_mir/recover-20220705_unit2/20220705_050000.WAV,Foliage,recover-20220705_unit2,010,1795
1622.4095,1622.423,27187.0,31223.0,Nyctalus leisleri,0.234,0.37,-1,Echolocation,/mnt/ubna_data_01_mir/recover-20220705_unit2/20220705_050000.WAV,Foliage,recover-20220705_unit2,010,1795
1623.3175,1623.335,27187.0,31095.0,Nyctalus leisleri,0.271,0.362,-1,Echolocation,/mnt/ubna_data_01_mir/recover-20220705_unit2/20220705_050000.WAV,Foliage,recover-20220705_unit2,010,1795
1623.7855,1623.8001,27187.0,32002.0,Nyctalus leisleri,0.266,0.409,-1,Echolocation,/mnt/ubna_data_01_mir/recover-20220705_unit2/20220705_050000.WAV,Foliage,recover-20220705_unit2,010,1795
1624.2515,1624.2685,27187.0,31273.0,Nyctalus leisleri,0.248,0.377,-1,Echolocation,/mnt/ubna_data_01_mir/recover-20220705_unit2/20220705_050000.WAV,Foliage,recover-20220705_unit2,010,1795
1625.4415,1625.4583,27187.0,31176.0,Nyctalus leisleri,0.216,0.333,-1,Echolocation,/mnt/ubna_data_01_mir/recover-20220705_unit2/20220705_050000.WAV,Foliage,recover-20220705_unit2,010,1795
1625.6995,1625.7165,27187.0,31962.0,Nyctalus leisleri,0.183,0.337,-1,Echolocation,/mnt/ubna_data_01_mir/recover-20220705_unit2/20220705_050000.WAV,Foliage,recover-20220705_unit2,010,1795
1626.4025,1626.4161,27187.0,32201.0,Nyctalus leisleri,0.18,0.365,-1,Echolocation,/mnt/ubna_data_01_mir/recover-20220705_unit2/20220705_050000.WAV,Foliage,recover-20220705_unit2,010,1795
1627.0355,1627.0485,28906.0,34082.0,Nyctalus leisleri,0.32,0.62,-1,Echolocation,/mnt/ubna_data_01_mir/recover-20220705_unit2/20220705_050000.WAV,Foliage,recover-20220705_unit2,010,1795
1627.2725,1627.2884,28046.0,31774.0,Nyctalus leisleri,0.297,0.407,-1,Echolocation,/mnt/ubna_data_01_mir/recover-20220705_unit2/20220705_050000.WAV,Foliage,recover-20220705_unit2,010,1795
1627.5235,1627.5396,28046.0,32486.0,Nyctalus leisleri,0.251,0.536,-1,Echolocation,/mnt/ubna_data_01_mir/recover-20220705_unit2/20220705_050000.WAV,Foliage,recover-20220705_unit2,010,1795
1628.1175,1628.1371,27187.0,30580.0,Nyctalus leisleri,0.227,0.346,-1,Echolocation,/mnt/ubna_data_01_mir/recover-20220705_unit2/20220705_050000.WAV,Foliage,recover-20220705_unit2,010,1795
1643.1605,1643.1785,26328.0,30744.0,Nyctalus leisleri,0.216,0.327,-1,Echolocation,/mnt/ubna_data_01_mir/recover-20220705_unit2/20220705_050000.WAV,Foliage,recover-20220705_unit2,010,1795
1648.8725,1648.8851,27187.0,33371.0,Eptesicus serotinus,0.132,0.287,-1,Echolocation,/mnt/ubna_data_01_mir/recover-20220705_unit2/20220705_050000.WAV,Foliage,recover-20220705_unit2,010,1795
1649.7115,1649.7304,25468.0,29333.0,Nyctalus leisleri,0.272,0.383,-1,Echolocation,/mnt/ubna_data_01_mir/recover-20220705_unit2/20220705_050000.WAV,Foliage,recover-20220705_unit2,010,1795
1650.1955,1650.2147,26328.0,30211.0,Nyctalus leisleri,0.273,0.398,-1,Echolocation,/mnt/ubna_data_01_mir/recover-20220705_unit2/20220705_050000.WAV,Foliage,recover-20220705_unit2,010,1795
1650.4335,1650.4474,25468.0,29546.0,Nyctalus leisleri,0.172,0.27,-1,Echolocation,/mnt/ubna_data_01_mir/recover-20220705_unit2/20220705_050000.WAV,Foliage,recover-20220705_unit2,010,1795
1650.5965,1650.6095,27187.0,34351.0,Nyctalus leisleri,0.315,0.68,-1,Echolocation,/mnt/ubna_data_01_mir/recover-20220705_unit2/20220705_050000.WAV,Foliage,recover-20220705_unit2,010,1795
1650.8475,1650.868,25468.0,29009.0,Nyctalus leisleri,0.257,0.344,-1,Echolocation,/mnt/ubna_data_01_mir/recover-20220705_unit2/20220705_050000.WAV,Foliage,recover-20220705_unit2,010,1795
1651.0975,1651.1121,25468.0,30314.0,Nyctalus leisleri,0.432,0.642,-1,Echolocation,/mnt/ubna_data_01_mir/recover-20220705_unit2/20220705_050000.WAV,Foliage,recover-20220705_unit2,010,1795
1651.7185,1651.7328,26328.0,29932.0,Nyctalus leisleri,0.504,0.632,-1,Echolocation,/mnt/ubna_data_01_mir/recover-20220705_unit2/20220705_050000.WAV,Foliage,recover-20220705_unit2,010,1795
1652.2245,1652.2375,27187.0,32698.0,Nyctalus leisleri,0.235,0.465,-1,Echolocation,/mnt/ubna_data_01_mir/recover-20220705_unit2/20220705_050000.WAV,Foliage,recover-20220705_unit2,010,1795
1652.7205,1652.7365,26328.0,30126.0,Nyctalus leisleri,0.109,0.207,-1,Echolocation,/mnt/ubna_data_01_mir/recover-20220705_unit2/20220705_050000.WAV,Foliage,recover-20220705_unit2,010,1795
1653.2205,1653.2355,26328.0,29546.0,Nyctalus leisleri,0.448,0.531,-1,Echolocation,/mnt/ubna_data_01_mir/recover-20220705_unit2/20220705_050000.WAV,Foliage,recover-20220705_unit2,010,1795
1654.4485,1654.465,26328.0,29876.0,Nyctalus leisleri,0.134,0.218,-1,Echolocation,/mnt/ubna_data_01_mir/recover-20220705_unit2/20220705_050000.WAV,Foliage,recover-20220705_unit2,010,1795
1664.1475,1664.1617,26328.0,30997.0,Nyctalus leisleri,0.111,0.245,-1,Echolocation,/mnt/ubna_data_01_mir/recover-20220705_unit2/20220705_050000.WAV,Foliage,recover-20220705_unit2,010,1795
1667.7705,1667.7881,27187.0,31844.0,Nyctalus leisleri,0.124,0.23,-1,Echolocation,/mnt/ubna_data_01_mir/recover-20220705_unit2/20220705_050000.WAV,Foliage,recover-20220705_unit2,010,1795
1668.2555,1668.2706,27187.0,31641.0,Nyctalus leisleri,0.244,0.381,-1,Echolocation,/mnt/ubna_data_01_mir/recover-20220705_unit2/20220705_050000.WAV,Foliage,recover-20220705_unit2,010,1795
1676.1215,1676.1387,17734.0,22035.0,Nyctalus noctula,0.153,0.207,-1,Echolocation,/mnt/ubna_data_01_mir/recover-20220705_unit2/20220705_050000.WAV,Foliage,recover-20220705_unit2,010,1795
1692.1545,1692.1681,28046.0,33492.0,Eptesicus serotinus,0.12,0.22,-1,Echolocation,/mnt/ubna_data_01_mir/recover-20220705_unit2/20220705_050000.WAV,Foliage,recover-20220705_unit2,010,1795
1692.5225,1692.538,27187.0,32162.0,Eptesicus serotinus,0.131,0.27,-1,Echolocation,/mnt/ubna_data_01_mir/recover-20220705_unit2/20220705_050000.WAV,Foliage,recover-20220705_unit2,010,1795
1692.9565,1692.974,27187.0,31106.0,Nyctalus leisleri,0.182,0.302,-1,Echolocation,/mnt/ubna_data_01_mir/recover-20220705_unit2/20220705_050000.WAV,Foliage,recover-20220705_unit2,010,1795
1693.6265,1693.6399,27187.0,31308.0,Nyctalus leisleri,0.307,0.451,-1,Echolocation,/mnt/ubna_data_01_mir/recover-20220705_unit2/20220705_050000.WAV,Foliage,recover-20220705_unit2,010,1795
1701.3615,1701.3814,27187.0,30624.0,Nyctalus leisleri,0.193,0.279,-1,Echolocation,/mnt/ubna_data_01_mir/recover-20220705_unit2/20220705_050000.WAV,Foliage,recover-20220705_unit2,010,1795
1702.1135,1702.1302,26328.0,30430.0,Nyctalus leisleri,0.133,0.225,-1,Echolocation,/mnt/ubna_data_01_mir/recover-20220705_unit2/20220705_050000.WAV,Foliage,recover-20220705_unit2,010,1795
1704.5625,1704.5732,28906.0,33997.0,Eptesicus serotinus,0.144,0.302,-1,Echolocation,/mnt/ubna_data_01_mir/recover-20220705_unit2/20220705_050000.WAV,Foliage,recover-20220705_unit2,010,1795
1713.2595,1713.2649,46093.0,57216.0,Pipistrellus pipistrellus,0.463,0.476,-1,Echolocation,/mnt/ubna_data_01_mir/recover-20220705_unit2/20220705_050000.WAV,Foliage,recover-20220705_unit2,010,1795
1713.3485,1713.3569,48671.0,57127.0,Pipistrellus pipistrellus,0.305,0.316,-1,Echolocation,/mnt/ubna_data_01_mir/recover-20220705_unit2/20220705_050000.WAV,Foliage,recover-20220705_unit2,010,1795
1713.4445,1713.4513,46953.0,62534.0,Pipistrellus pipistrellus,0.548,0.635,-1,Echolocation,/mnt/ubna_data_01_mir/recover-20220705_unit2/20220705_050000.WAV,Foliage,recover-20220705_unit2,010,1795
1713.5365,1713.5415,46093.0,62733.0,Pipistrellus pipistrellus,0.493,0.523,-1,Echolocation,/mnt/ubna_data_01_mir/recover-20220705_unit2/20220705_050000.WAV,Foliage,recover-20220705_unit2,010,1795
1713.6265,1713.6316,46953.0,68859.0,Pipistrellus pipistrellus,0.591,0.658,-1,Echolocation,/mnt/ubna_data_01_mir/recover-20220705_unit2/20220705_050000.WAV,Foliage,recover-20220705_unit2,010,1795
1713.7165,1713.7214,45234.0,74027.0,Pipistrellus pipistrellus,0.362,0.434,-1,Echolocation,/mnt/ubna_data_01_mir/recover-20220705_unit2/20220705_050000.WAV,Foliage,recover-20220705_unit2,010,1795
1713.8035,1713.8084,45234.0,72217.0,Pipistrellus pipistrellus,0.662,0.694,-1,Echolocation,/mnt/ubna_data_01_mir/recover-20220705_unit2/20220705_050000.WAV,Foliage,recover-20220705_unit2,010,1795
1713.8925,1713.8978,44375.0,76277.0,Pipistrellus pipistrellus,0.5,0.557,-1,Echolocation,/mnt/ubna_data_01_mir/recover-20220705_unit2/20220705_050000.WAV,Foliage,recover-20220705_unit2,010,1795
1713.9735,1713.9792,42656.0,80238.0,Pipistrellus pipistrellus,0.462,0.535,-1,Echolocation,/mnt/ubna_data_01_mir/recover-20220705_unit2/20220705_050000.WAV,Foliage,recover-20220705_unit2,010,1795
1714.0595,1714.065,39218.0,87252.0,Myotis alcathoe,0.515,0.54,-1,Echolocation,/mnt/ubna_data_01_mir/recover-20220705_unit2/20220705_050000.WAV,Foliage,recover-20220705_unit2,010,1795
1714.1445,1714.1501,36640.0,91753.0,Myotis alcathoe,0.492,0.538,-1,Echolocation,/mnt/ubna_data_01_mir/recover-20220705_unit2/20220705_050000.WAV,Foliage,recover-20220705_unit2,010,1795
1714.1465,1714.184,93359.0,110025.0,Rhinolophus hipposideros,0.285,0.285,-1,Echolocation,/mnt/ubna_data_01_mir/recover-20220705_unit2/20220705_050000.WAV,Foliage,recover-20220705_unit2,010,1795
1714.2215,1714.2268,35781.0,91096.0,Myotis alcathoe,0.426,0.478,-1,Echolocation,/mnt/ubna_data_01_mir/recover-20220705_unit2/20220705_050000.WAV,Foliage,recover-20220705_unit2,010,1795
1714.2895,1714.2935,37500.0,79289.0,Myotis alcathoe,0.305,0.33,-1,Echolocation,/mnt/ubna_data_01_mir/recover-20220705_unit2/20220705_050000.WAV,Foliage,recover-20220705_unit2,010,1795
1714.3575,1714.3614,37500.0,77367.0,Myotis alcathoe,0.22,0.258,-1,Echolocation,/mnt/ubna_data_01_mir/recover-20220705_unit2/20220705_050000.WAV,Foliage,recover-20220705_unit2,010,1795
1714.3585,1714.3634,44375.0,60271.0,Pipistrellus pipistrellus,0.336,0.367,-1,Echolocation,/mnt/ubna_data_01_mir/recover-20220705_unit2/20220705_050000.WAV,Foliage,recover-20220705_unit2,010,1795
1714.4275,1714.4318,34062.0,89903.0,Myotis alcathoe,0.331,0.374,-1,Echolocation,/mnt/ubna_data_01_mir/recover-20220705_unit2/20220705_050000.WAV,Foliage,recover-20220705_unit2,010,1795
1714.4275,1714.4308,42656.0,74792.0,Myotis alcathoe,0.213,0.278,-1,Echolocation,/mnt/ubna_data_01_mir/recover-20220705_unit2/20220705_050000.WAV,Foliage,recover-20220705_unit2,010,1795
1714.5045,1714.5092,34062.0,86972.0,Myotis alcathoe,0.196,0.238,-1,Echolocation,/mnt/ubna_data_01_mir/recover-20220705_unit2/20220705_050000.WAV,Foliage,recover-20220705_unit2,010,1795
1714.5055,1714.509,42656.0,66384.0,Myotis alcathoe,0.21,0.317,-1,Echolocation,/mnt/ubna_data_01_mir/recover-20220705_unit2/20220705_050000.WAV,Foliage,recover-20220705_unit2,010,1795
1714.5925,1714.5974,34921.0,85623.0,Myotis alcathoe,0.353,0.433,-1,Echolocation,/mnt/ubna_data_01_mir/recover-20220705_unit2/20220705_050000.WAV,Foliage,recover-20220705_unit2,010,1795
1714.5935,1714.5969,41796.0,72112.0,Myotis alcathoe,0.139,0.207,-1,Echolocation,/mnt/ubna_data_01_mir/recover-20220705_unit2/20220705_050000.WAV,Foliage,recover-20220705_unit2,010,1795
1714.6615,1714.6657,44375.0,70165.0,Myotis alcathoe,0.208,0.344,-1,Echolocation,/mnt/ubna_data_01_mir/recover-20220705_unit2/20220705_050000.WAV,Foliage,recover-20220705_unit2,010,1795
1714.7795,1714.7835,42656.0,68707.0,Myotis alcathoe,0.311,0.417,-1,Echolocation,/mnt/ubna_data_01_mir/recover-20220705_unit2/20220705_050000.WAV,Foliage,recover-20220705_unit2,010,1795
1714.9465,1714.9505,45234.0,66702.0,Myotis alcathoe,0.162,0.294,-1,Echolocation,/mnt/ubna_data_01_mir/recover-20220705_unit2/20220705_050000.WAV,Foliage,recover-20220705_unit2,010,1795
1717.0865,1717.091,46953.0,55929.0,Pipistrellus pipistrellus,0.215,0.227,-1,Echolocation,/mnt/ubna_data_01_mir/recover-20220705_unit2/20220705_050000.WAV,Foliage,recover-20220705_unit2,010,1795
1717.1135,1717.1282,27187.0,32256.0,Nyctalus leisleri,0.318,0.463,-1,Echolocation,/mnt/ubna_data_01_mir/recover-20220705_unit2/20220705_050000.WAV,Foliage,recover-20220705_unit2,010,1795
1717.3505,1717.3652,26328.0,30784.0,Nyctalus leisleri,0.204,0.349,-1,Echolocation,/mnt/ubna_data_01_mir/recover-20220705_unit2/20220705_050000.WAV,Foliage,recover-20220705_unit2,010,1795
1717.6955,1717.712,27187.0,31836.0,Nyctalus leisleri,0.191,0.329,-1,Echolocation,/mnt/ubna_data_01_mir/recover-20220705_unit2/20220705_050000.WAV,Foliage,recover-20220705_unit2,010,1795
1718.0175,1718.0334,27187.0,31730.0,Nyctalus leisleri,0.101,0.203,-1,Echolocation,/mnt/ubna_data_01_mir/recover-20220705_unit2/20220705_050000.WAV,Foliage,recover-20220705_unit2,010,1795
1718.2615,1718.279,27187.0,31912.0,Nyctalus leisleri,0.303,0.483,-1,Echolocation,/mnt/ubna_data_01_mir/recover-20220705_unit2/20220705_050000.WAV,Foliage,recover-20220705_unit2,010,1795
1718.7465,1718.7644,26328.0,31227.0,Nyctalus leisleri,0.185,0.337,-1,Echolocation,/mnt/ubna_data_01_mir/recover-20220705_unit2/20220705_050000.WAV,Foliage,recover-20220705_unit2,010,1795
1718.9935,1719.0064,26328.0,30380.0,Nyctalus leisleri,0.374,0.437,-1,Echolocation,/mnt/ubna_data_01_mir/recover-20220705_unit2/20220705_050000.WAV,Foliage,recover-20220705_unit2,010,1795
1719.2315,1719.2508,27187.0,30534.0,Nyctalus leisleri,0.27,0.34,-1,Echolocation,/mnt/ubna_data_01_mir/recover-20220705_unit2/20220705_050000.WAV,Foliage,recover-20220705_unit2,010,1795
1719.4675,1719.4875,26328.0,29815.0,Nyctalus leisleri,0.205,0.292,-1,Echolocation,/mnt/ubna_data_01_mir/recover-20220705_unit2/20220705_050000.WAV,Foliage,recover-20220705_unit2,010,1795
1719.9085,1719.9242,27187.0,32180.0,Nyctalus leisleri,0.277,0.495,-1,Echolocation,/mnt/ubna_data_01_mir/recover-20220705_unit2/20220705_050000.WAV,Foliage,recover-20220705_unit2,010,1795
1720.4985,1720.5181,27187.0,30548.0,Nyctalus leisleri,0.245,0.334,-1,Echolocation,/mnt/ubna_data_01_mir/recover-20220705_unit2/20220705_050000.WAV,Foliage,recover-20220705_unit2,010,1795
1720.6905,1720.7104,27187.0,31928.0,Nyctalus leisleri,0.154,0.318,-1,Echolocation,/mnt/ubna_data_01_mir/recover-20220705_unit2/20220705_050000.WAV,Foliage,recover-20220705_unit2,010,1795
1720.9035,1720.9218,27187.0,31667.0,Nyctalus leisleri,0.186,0.332,-1,Echolocation,/mnt/ubna_data_01_mir/recover-20220705_unit2/20220705_050000.WAV,Foliage,recover-20220705_unit2,010,1795
1759.3545,1759.3746,21171.0,24834.0,Nyctalus noctula,0.111,0.202,-1,Echolocation,/mnt/ubna_data_01_mir/recover-20220705_unit2/20220705_050000.WAV,Foliage,recover-20220705_unit2,010,1795
1760.6685,1760.6811,37500.0,42011.0,Pipistrellus nathusii,0.234,0.264,-1,Echolocation,/mnt/ubna_data_01_mir/recover-20220705_unit2/20220705_050000.WAV,Foliage,recover-20220705_unit2,010,1795
1773.1095,1773.1251,27187.0,31816.0,Nyctalus leisleri,0.126,0.262,-1,Echolocation,/mnt/ubna_data_01_mir/recover-20220705_unit2/20220705_050000.WAV,Foliage,recover-20220705_unit2,010,1795
1774.2465,1774.2664,26328.0,30331.0,Nyctalus leisleri,0.265,0.372,-1,Echolocation,/mnt/ubna_data_01_mir/recover-20220705_unit2/20220705_050000.WAV,Foliage,recover-20220705_unit2,010,1795
1774.4915,1774.5089,27187.0,30926.0,Nyctalus leisleri,0.195,0.313,-1,Echolocation,/mnt/ubna_data_01_mir/recover-20220705_unit2/20220705_050000.WAV,Foliage,recover-20220705_unit2,010,1795
1774.7305,1774.7474,27187.0,34491.0,Eptesicus serotinus,0.293,0.566,-1,Echolocation,/mnt/ubna_data_01_mir/recover-20220705_unit2/20220705_050000.WAV,Foliage,recover-20220705_unit2,010,1795
1774.9775,1774.9926,27187.0,33302.0,Nyctalus leisleri,0.303,0.607,-1,Echolocation,/mnt/ubna_data_01_mir/recover-20220705_unit2/20220705_050000.WAV,Foliage,recover-20220705_unit2,010,1795
1775.9495,1775.9676,27187.0,31570.0,Nyctalus leisleri,0.262,0.383,-1,Echolocation,/mnt/ubna_data_01_mir/recover-20220705_unit2/20220705_050000.WAV,Foliage,recover-20220705_unit2,010,1795
1776.1885,1776.2076,26328.0,30289.0,Nyctalus leisleri,0.345,0.488,-1,Echolocation,/mnt/ubna_data_01_mir/recover-20220705_unit2/20220705_050000.WAV,Foliage,recover-20220705_unit2,010,1795
1776.4495,1776.4637,27187.0,31388.0,Nyctalus leisleri,0.449,0.579,-1,Echolocation,/mnt/ubna_data_01_mir/recover-20220705_unit2/20220705_050000.WAV,Foliage,recover-20220705_unit2,010,1795
1776.6535,1776.6744,26328.0,31334.0,Nyctalus leisleri,0.161,0.309,-1,Echolocation,/mnt/ubna_data_01_mir/recover-20220705_unit2/20220705_050000.WAV,Foliage,recover-20220705_unit2,010,1795
1776.9005,1776.9183,26328.0,30616.0,Nyctalus leisleri,0.248,0.369,-1,Echolocation,/mnt/ubna_data_01_mir/recover-20220705_unit2/20220705_050000.WAV,Foliage,recover-20220705_unit2,010,1795
1777.1235,1777.137,28046.0,33284.0,Eptesicus serotinus,0.12,0.212,-1,Echolocation,/mnt/ubna_data_01_mir/recover-20220705_unit2/20220705_050000.WAV,Foliage,recover-20220705_unit2,010,1795
1777.3205,1777.3351,28046.0,33344.0,Nyctalus leisleri,0.252,0.479,-1,Echolocation,/mnt/ubna_data_01_mir/recover-20220705_unit2/20220705_050000.WAV,Foliage,recover-20220705_unit2,010,1795
1777.5005,1777.5157,27187.0,33447.0,Nyctalus leisleri,0.232,0.512,-1,Echolocation,/mnt/ubna_data_01_mir/recover-20220705_unit2/20220705_050000.WAV,Foliage,recover-20220705_unit2,010,1795
1778.2565,1778.2713,27187.0,32357.0,Nyctalus leisleri,0.326,0.571,-1,Echolocation,/mnt/ubna_data_01_mir/recover-20220705_unit2/20220705_050000.WAV,Foliage,recover-20220705_unit2,010,1795
1778.4335,1778.4517,27187.0,32825.0,Nyctalus leisleri,0.204,0.395,-1,Echolocation,/mnt/ubna_data_01_mir/recover-20220705_unit2/20220705_050000.WAV,Foliage,recover-20220705_unit2,010,1795
1778.6055,1778.6219,27187.0,31394.0,Nyctalus leisleri,0.305,0.458,-1,Echolocation,/mnt/ubna_data_01_mir/recover-20220705_unit2/20220705_050000.WAV,Foliage,recover-20220705_unit2,010,1795
1778.8365,1778.8517,26328.0,30517.0,Nyctalus leisleri,0.207,0.306,-1,Echolocation,/mnt/ubna_data_01_mir/recover-20220705_unit2/20220705_050000.WAV,Foliage,recover-20220705_unit2,010,1795
1779.0625,1779.0776,26328.0,32431.0,Nyctalus leisleri,0.238,0.504,-1,Echolocation,/mnt/ubna_data_01_mir/recover-20220705_unit2/20220705_050000.WAV,Foliage,recover-20220705_unit2,010,1795
1779.7315,1779.7457,27187.0,32107.0,Nyctalus leisleri,0.392,0.624,-1,Echolocation,/mnt/ubna_data_01_mir/recover-20220705_unit2/20220705_050000.WAV,Foliage,recover-20220705_unit2,010,1795
1780.2055,1780.2242,26328.0,29531.0,Nyctalus leisleri,0.164,0.228,-1,Echolocation,/mnt/ubna_data_01_mir/recover-20220705_unit2/20220705_050000.WAV,Foliage,recover-20220705_unit2,010,1795
1780.4275,1780.4453,26328.0,30052.0,Nyctalus leisleri,0.24,0.329,-1,Echolocation,/mnt/ubna_data_01_mir/recover-20220705_unit2/20220705_050000.WAV,Foliage,recover-20220705_unit2,010,1795
1780.9005,1780.9175,25468.0,29991.0,Nyctalus leisleri,0.232,0.343,-1,Echolocation,/mnt/ubna_data_01_mir/recover-20220705_unit2/20220705_050000.WAV,Foliage,recover-20220705_unit2,010,1795
1783.1855,1783.2065,27187.0,30867.0,Nyctalus leisleri,0.151,0.219,-1,Echolocation,/mnt/ubna_data_01_mir/recover-20220705_unit2/20220705_050000.WAV,Foliage,recover-20220705_unit2,010,1795
1783.4205,1783.4376,28046.0,32926.0,Nyctalus leisleri,0.239,0.439,-1,Echolocation,/mnt/ubna_data_01_mir/recover-20220705_unit2/20220705_050000.WAV,Foliage,recover-20220705_unit2,010,1795
1783.6875,1783.7072,27187.0,31855.0,Nyctalus leisleri,0.175,0.31,-1,Echolocation,/mnt/ubna_data_01_mir/recover-20220705_unit2/20220705_050000.WAV,Foliage,recover-20220705_unit2,010,1795
1783.8705,1783.8848,28046.0,33053.0,Nyctalus leisleri,0.218,0.414,-1,Echolocation,/mnt/ubna_data_01_mir/recover-20220705_unit2/20220705_050000.WAV,Foliage,recover-20220705_unit2,010,1795
1784.0475,1784.0609,27187.0,32625.0,Nyctalus leisleri,0.286,0.506,-1,Echolocation,/mnt/ubna_data_01_mir/recover-20220705_unit2/20220705_050000.WAV,Foliage,recover-20220705_unit2,010,1795
1784.2135,1784.2272,27187.0,31811.0,Nyctalus leisleri,0.257,0.396,-1,Echolocation,/mnt/ubna_data_01_mir/recover-20220705_unit2/20220705_050000.WAV,Foliage,recover-20220705_unit2,010,1795
1784.3865,1784.3997,27187.0,33069.0,Eptesicus serotinus,0.222,0.368,-1,Echolocation,/mnt/ubna_data_01_mir/recover-20220705_unit2/20220705_050000.WAV,Foliage,recover-20220705_unit2,010,1795
1784.7245,1784.7387,27187.0,31937.0,Nyctalus leisleri,0.346,0.543,-1,Echolocation,/mnt/ubna_data_01_mir/recover-20220705_unit2/20220705_050000.WAV,Foliage,recover-20220705_unit2,010,1795
1785.8015,1785.8189,26328.0,29338.0,Nyctalus leisleri,0.205,0.291,-1,Echolocation,/mnt/ubna_data_01_mir/recover-20220705_unit2/20220705_050000.WAV,Foliage,recover-20220705_unit2,010,1795
