start_time,end_time,low_freq,high_freq,event,class,class_prob,det_prob,individual,input_file,Site name,Recover Folder,SD Card
45.8565,45.8721,26328.0,29599.0,Echolocation,Nyctalus leisleri,0.533,0.591,-1,/mnt/ubna_data_01/recover-20220715/UBNA_007/20220714_103000.WAV,Foliage,recover-20220715,007
46.3425,46.358599999999996,26328.0,29832.0,Echolocation,Nyctalus leisleri,0.677,0.713,-1,/mnt/ubna_data_01/recover-20220715/UBNA_007/20220714_103000.WAV,Foliage,recover-20220715,007
48.789500000000004,48.804500000000004,26328.0,29919.0,Echolocation,Nyctalus leisleri,0.522,0.604,-1,/mnt/ubna_data_01/recover-20220715/UBNA_007/20220714_103000.WAV,Foliage,recover-20220715,007
49.1995,49.215900000000005,26328.0,29456.0,Echolocation,Nyctalus leisleri,0.445,0.517,-1,/mnt/ubna_data_01/recover-20220715/UBNA_007/20220714_103000.WAV,Foliage,recover-20220715,007
49.917500000000004,49.934,26328.0,28996.0,Echolocation,Nyctalus leisleri,0.553,0.591,-1,/mnt/ubna_data_01/recover-20220715/UBNA_007/20220714_103000.WAV,Foliage,recover-20220715,007
50.2815,50.299,26328.0,28409.0,Echolocation,Nyctalus leisleri,0.653,0.707,-1,/mnt/ubna_data_01/recover-20220715/UBNA_007/20220714_103000.WAV,Foliage,recover-20220715,007
50.6445,50.662800000000004,26328.0,28873.0,Echolocation,Nyctalus leisleri,0.508,0.549,-1,/mnt/ubna_data_01/recover-20220715/UBNA_007/20220714_103000.WAV,Foliage,recover-20220715,007
50.8955,50.914500000000004,26328.0,28843.0,Echolocation,Nyctalus leisleri,0.696,0.729,-1,/mnt/ubna_data_01/recover-20220715/UBNA_007/20220714_103000.WAV,Foliage,recover-20220715,007
51.3785,51.3966,26328.0,29050.0,Echolocation,Nyctalus leisleri,0.567,0.608,-1,/mnt/ubna_data_01/recover-20220715/UBNA_007/20220714_103000.WAV,Foliage,recover-20220715,007
52.0895,52.1045,26328.0,30279.0,Echolocation,Nyctalus leisleri,0.573,0.645,-1,/mnt/ubna_data_01/recover-20220715/UBNA_007/20220714_103000.WAV,Foliage,recover-20220715,007
