start_time,end_time,low_freq,high_freq,event,class,class_prob,det_prob,individual,input_file,Site name,Recover Folder,SD Card,File Duration
57.4225,57.436099999999996,23750.0,28430.0,Echolocation,Nyctalus leisleri,0.438,0.559,-1,/mnt/ubna_data_01_mir/recover-20220722/UBNA_012/20220720_010000.WAV,Foliage,recover-20220722,012,1795
233.58350000000002,233.5974,23750.0,28192.0,Echolocation,Nyctalus leisleri,0.456,0.568,-1,/mnt/ubna_data_01_mir/recover-20220722/UBNA_012/20220720_010000.WAV,Foliage,recover-20220722,012,1795
409.7435,409.7571,23750.0,27857.0,Echolocation,Nyctalus leisleri,0.455,0.545,-1,/mnt/ubna_data_01_mir/recover-20220722/UBNA_012/20220720_010000.WAV,Foliage,recover-20220722,012,1795
652.2275,652.2419,23750.0,27847.0,Echolocation,Nyctalus leisleri,0.492,0.576,-1,/mnt/ubna_data_01_mir/recover-20220722/UBNA_012/20220720_010000.WAV,Foliage,recover-20220722,012,1795
828.3885,828.4033,23750.0,28151.0,Echolocation,Nyctalus leisleri,0.565,0.639,-1,/mnt/ubna_data_01_mir/recover-20220722/UBNA_012/20220720_010000.WAV,Foliage,recover-20220722,012,1795
1004.5485,1004.5627,23750.0,28634.0,Echolocation,Nyctalus leisleri,0.557,0.637,-1,/mnt/ubna_data_01_mir/recover-20220722/UBNA_012/20220720_010000.WAV,Foliage,recover-20220722,012,1795
1136.7355,1136.7497,23750.0,27258.0,Echolocation,Nyctalus leisleri,0.503,0.588,-1,/mnt/ubna_data_01_mir/recover-20220722/UBNA_012/20220720_010000.WAV,Foliage,recover-20220722,012,1795
1312.8955,1312.9102,23750.0,27162.0,Echolocation,Nyctalus leisleri,0.542,0.611,-1,/mnt/ubna_data_01_mir/recover-20220722/UBNA_012/20220720_010000.WAV,Foliage,recover-20220722,012,1795
1489.0575,1489.0709,23750.0,27756.0,Echolocation,Nyctalus leisleri,0.502,0.588,-1,/mnt/ubna_data_01_mir/recover-20220722/UBNA_012/20220720_010000.WAV,Foliage,recover-20220722,012,1795
1686.5835,1686.5982,23750.0,28202.0,Echolocation,Nyctalus leisleri,0.492,0.569,-1,/mnt/ubna_data_01_mir/recover-20220722/UBNA_012/20220720_010000.WAV,Foliage,recover-20220722,012,1795
