start_time,end_time,low_freq,high_freq,event,class,class_prob,det_prob,individual,input_file,Site name,Recover Folder,SD Card,File Duration
55.588499999999996,55.602199999999996,23750.0,27245.0,Echolocation,Nyctalus leisleri,0.586,0.623,-1,/mnt/ubna_data_01_mir/recover-20220722/UBNA_012/20220722_013000.WAV,Foliage,recover-20220722,012,1795
231.7485,231.7618,23750.0,28638.0,Echolocation,Nyctalus leisleri,0.451,0.545,-1,/mnt/ubna_data_01_mir/recover-20220722/UBNA_012/20220722_013000.WAV,Foliage,recover-20220722,012,1795
626.2015,626.2167,23750.0,27533.0,Echolocation,Nyctalus leisleri,0.461,0.548,-1,/mnt/ubna_data_01_mir/recover-20220722/UBNA_012/20220722_013000.WAV,Foliage,recover-20220722,012,1795
802.3645,802.3781,23750.0,28278.0,Echolocation,Nyctalus leisleri,0.459,0.532,-1,/mnt/ubna_data_01_mir/recover-20220722/UBNA_012/20220722_013000.WAV,Foliage,recover-20220722,012,1795
1134.9005,1134.9133,23750.0,28004.0,Echolocation,Nyctalus leisleri,0.439,0.503,-1,/mnt/ubna_data_01_mir/recover-20220722/UBNA_012/20220722_013000.WAV,Foliage,recover-20220722,012,1795
1311.0605,1311.074,23750.0,28700.0,Echolocation,Nyctalus leisleri,0.489,0.574,-1,/mnt/ubna_data_01_mir/recover-20220722/UBNA_012/20220722_013000.WAV,Foliage,recover-20220722,012,1795
1487.2215,1487.2348,23750.0,28570.0,Echolocation,Nyctalus leisleri,0.522,0.593,-1,/mnt/ubna_data_01_mir/recover-20220722/UBNA_012/20220722_013000.WAV,Foliage,recover-20220722,012,1795
1684.7475,1684.7606,23750.0,28335.0,Echolocation,Nyctalus leisleri,0.491,0.577,-1,/mnt/ubna_data_01_mir/recover-20220722/UBNA_012/20220722_013000.WAV,Foliage,recover-20220722,012,1795
