start_time,end_time,low_freq,high_freq,class,class_prob,det_prob,individual,event,input_file,Site name,Recover Folder,SD Card,File Duration
0.7545,0.7693,24609.0,28899.0,Nyctalus leisleri,0.418,0.563,-1,Echolocation,/mnt/ubna_data_01_mir/recover-20220818/UBNA_004/20220818_070000.WAV,Foliage,recover-20220818,004,1795
19.2165,19.2333,25468.0,29447.0,Nyctalus leisleri,0.183,0.278,-1,Echolocation,/mnt/ubna_data_01_mir/recover-20220818/UBNA_004/20220818_070000.WAV,Foliage,recover-20220818,004,1795
20.4335,20.449,25468.0,30313.0,Nyctalus leisleri,0.431,0.53,-1,Echolocation,/mnt/ubna_data_01_mir/recover-20220818/UBNA_004/20220818_070000.WAV,Foliage,recover-20220818,004,1795
20.7055,20.7252,24609.0,28546.0,Nyctalus leisleri,0.266,0.397,-1,Echolocation,/mnt/ubna_data_01_mir/recover-20220818/UBNA_004/20220818_070000.WAV,Foliage,recover-20220818,004,1795
21.1145,21.1305,25468.0,30558.0,Nyctalus leisleri,0.263,0.424,-1,Echolocation,/mnt/ubna_data_01_mir/recover-20220818/UBNA_004/20220818_070000.WAV,Foliage,recover-20220818,004,1795
21.3705,21.3899,25468.0,29007.0,Nyctalus leisleri,0.265,0.361,-1,Echolocation,/mnt/ubna_data_01_mir/recover-20220818/UBNA_004/20220818_070000.WAV,Foliage,recover-20220818,004,1795
21.6355,21.6546,24609.0,30078.0,Nyctalus leisleri,0.336,0.468,-1,Echolocation,/mnt/ubna_data_01_mir/recover-20220818/UBNA_004/20220818_070000.WAV,Foliage,recover-20220818,004,1795
22.1645,22.1848,24609.0,28849.0,Nyctalus leisleri,0.287,0.354,-1,Echolocation,/mnt/ubna_data_01_mir/recover-20220818/UBNA_004/20220818_070000.WAV,Foliage,recover-20220818,004,1795
22.6975,22.7125,25468.0,31652.0,Nyctalus leisleri,0.322,0.439,-1,Echolocation,/mnt/ubna_data_01_mir/recover-20220818/UBNA_004/20220818_070000.WAV,Foliage,recover-20220818,004,1795
22.9675,22.9852,24609.0,29166.0,Nyctalus leisleri,0.132,0.244,-1,Echolocation,/mnt/ubna_data_01_mir/recover-20220818/UBNA_004/20220818_070000.WAV,Foliage,recover-20220818,004,1795
23.2355,23.2574,24609.0,29656.0,Nyctalus leisleri,0.168,0.275,-1,Echolocation,/mnt/ubna_data_01_mir/recover-20220818/UBNA_004/20220818_070000.WAV,Foliage,recover-20220818,004,1795
24.3485,24.3702,24609.0,28984.0,Nyctalus leisleri,0.151,0.251,-1,Echolocation,/mnt/ubna_data_01_mir/recover-20220818/UBNA_004/20220818_070000.WAV,Foliage,recover-20220818,004,1795
25.0395,25.0602,25468.0,29124.0,Nyctalus leisleri,0.306,0.394,-1,Echolocation,/mnt/ubna_data_01_mir/recover-20220818/UBNA_004/20220818_070000.WAV,Foliage,recover-20220818,004,1795
25.6975,25.7132,25468.0,29532.0,Nyctalus leisleri,0.402,0.53,-1,Echolocation,/mnt/ubna_data_01_mir/recover-20220818/UBNA_004/20220818_070000.WAV,Foliage,recover-20220818,004,1795
26.5005,26.5149,24609.0,29182.0,Nyctalus leisleri,0.41,0.526,-1,Echolocation,/mnt/ubna_data_01_mir/recover-20220818/UBNA_004/20220818_070000.WAV,Foliage,recover-20220818,004,1795
26.6755,26.6913,26328.0,31017.0,Nyctalus leisleri,0.217,0.386,-1,Echolocation,/mnt/ubna_data_01_mir/recover-20220818/UBNA_004/20220818_070000.WAV,Foliage,recover-20220818,004,1795
26.8695,26.8865,25468.0,29515.0,Nyctalus leisleri,0.264,0.403,-1,Echolocation,/mnt/ubna_data_01_mir/recover-20220818/UBNA_004/20220818_070000.WAV,Foliage,recover-20220818,004,1795
32.9205,32.9408,23750.0,27892.0,Nyctalus leisleri,0.165,0.268,-1,Echolocation,/mnt/ubna_data_01_mir/recover-20220818/UBNA_004/20220818_070000.WAV,Foliage,recover-20220818,004,1795
36.3575,36.3802,24609.0,28848.0,Nyctalus leisleri,0.137,0.224,-1,Echolocation,/mnt/ubna_data_01_mir/recover-20220818/UBNA_004/20220818_070000.WAV,Foliage,recover-20220818,004,1795
37.0345,37.0461,23750.0,29905.0,Nyctalus leisleri,0.103,0.276,-1,Echolocation,/mnt/ubna_data_01_mir/recover-20220818/UBNA_004/20220818_070000.WAV,Foliage,recover-20220818,004,1795
37.1195,37.1329,24609.0,30777.0,Nyctalus leisleri,0.184,0.354,-1,Echolocation,/mnt/ubna_data_01_mir/recover-20220818/UBNA_004/20220818_070000.WAV,Foliage,recover-20220818,004,1795
38.2755,38.2903,23750.0,28382.0,Nyctalus leisleri,0.1,0.209,-1,Echolocation,/mnt/ubna_data_01_mir/recover-20220818/UBNA_004/20220818_070000.WAV,Foliage,recover-20220818,004,1795
50.808499999999995,50.828,24609.0,28507.0,Nyctalus leisleri,0.186,0.305,-1,Echolocation,/mnt/ubna_data_01_mir/recover-20220818/UBNA_004/20220818_070000.WAV,Foliage,recover-20220818,004,1795
51.3585,51.3803,24609.0,27823.0,Nyctalus leisleri,0.121,0.211,-1,Echolocation,/mnt/ubna_data_01_mir/recover-20220818/UBNA_004/20220818_070000.WAV,Foliage,recover-20220818,004,1795
51.9615,51.9795,24609.0,29093.0,Nyctalus leisleri,0.138,0.262,-1,Echolocation,/mnt/ubna_data_01_mir/recover-20220818/UBNA_004/20220818_070000.WAV,Foliage,recover-20220818,004,1795
52.3645,52.3869,24609.0,28683.0,Nyctalus leisleri,0.279,0.367,-1,Echolocation,/mnt/ubna_data_01_mir/recover-20220818/UBNA_004/20220818_070000.WAV,Foliage,recover-20220818,004,1795
54.058499999999995,54.0803,24609.0,28088.0,Nyctalus leisleri,0.114,0.218,-1,Echolocation,/mnt/ubna_data_01_mir/recover-20220818/UBNA_004/20220818_070000.WAV,Foliage,recover-20220818,004,1795
54.6425,54.6689,23750.0,27916.0,Nyctalus noctula,0.084,0.204,-1,Echolocation,/mnt/ubna_data_01_mir/recover-20220818/UBNA_004/20220818_070000.WAV,Foliage,recover-20220818,004,1795
84.4455,84.461,23750.0,28557.0,Nyctalus leisleri,0.123,0.27,-1,Echolocation,/mnt/ubna_data_01_mir/recover-20220818/UBNA_004/20220818_070000.WAV,Foliage,recover-20220818,004,1795
85.0025,85.0171,24609.0,29106.0,Nyctalus leisleri,0.246,0.403,-1,Echolocation,/mnt/ubna_data_01_mir/recover-20220818/UBNA_004/20220818_070000.WAV,Foliage,recover-20220818,004,1795
85.2815,85.297,25468.0,29290.0,Nyctalus leisleri,0.188,0.286,-1,Echolocation,/mnt/ubna_data_01_mir/recover-20220818/UBNA_004/20220818_070000.WAV,Foliage,recover-20220818,004,1795
85.5635,85.58,24609.0,29283.0,Nyctalus leisleri,0.284,0.454,-1,Echolocation,/mnt/ubna_data_01_mir/recover-20220818/UBNA_004/20220818_070000.WAV,Foliage,recover-20220818,004,1795
86.1235,86.1386,24609.0,28759.0,Nyctalus leisleri,0.238,0.37,-1,Echolocation,/mnt/ubna_data_01_mir/recover-20220818/UBNA_004/20220818_070000.WAV,Foliage,recover-20220818,004,1795
86.3985,86.4204,24609.0,28147.0,Nyctalus leisleri,0.128,0.214,-1,Echolocation,/mnt/ubna_data_01_mir/recover-20220818/UBNA_004/20220818_070000.WAV,Foliage,recover-20220818,004,1795
86.6875,86.7063,24609.0,28598.0,Nyctalus leisleri,0.335,0.453,-1,Echolocation,/mnt/ubna_data_01_mir/recover-20220818/UBNA_004/20220818_070000.WAV,Foliage,recover-20220818,004,1795
87.2475,87.267,24609.0,28759.0,Nyctalus leisleri,0.299,0.405,-1,Echolocation,/mnt/ubna_data_01_mir/recover-20220818/UBNA_004/20220818_070000.WAV,Foliage,recover-20220818,004,1795
88.3885,88.4126,23750.0,28531.0,Nyctalus leisleri,0.187,0.302,-1,Echolocation,/mnt/ubna_data_01_mir/recover-20220818/UBNA_004/20220818_070000.WAV,Foliage,recover-20220818,004,1795
96.7075,96.7222,24609.0,30029.0,Nyctalus leisleri,0.238,0.413,-1,Echolocation,/mnt/ubna_data_01_mir/recover-20220818/UBNA_004/20220818_070000.WAV,Foliage,recover-20220818,004,1795
97.1535,97.1701,24609.0,31440.0,Nyctalus leisleri,0.247,0.563,-1,Echolocation,/mnt/ubna_data_01_mir/recover-20220818/UBNA_004/20220818_070000.WAV,Foliage,recover-20220818,004,1795
97.4395,97.4535,25468.0,29120.0,Nyctalus leisleri,0.463,0.55,-1,Echolocation,/mnt/ubna_data_01_mir/recover-20220818/UBNA_004/20220818_070000.WAV,Foliage,recover-20220818,004,1795
97.7365,97.7549,24609.0,28324.0,Nyctalus leisleri,0.46,0.545,-1,Echolocation,/mnt/ubna_data_01_mir/recover-20220818/UBNA_004/20220818_070000.WAV,Foliage,recover-20220818,004,1795
98.4085,98.4302,24609.0,28379.0,Nyctalus leisleri,0.301,0.371,-1,Echolocation,/mnt/ubna_data_01_mir/recover-20220818/UBNA_004/20220818_070000.WAV,Foliage,recover-20220818,004,1795
98.9795,98.9988,24609.0,28000.0,Nyctalus leisleri,0.277,0.36,-1,Echolocation,/mnt/ubna_data_01_mir/recover-20220818/UBNA_004/20220818_070000.WAV,Foliage,recover-20220818,004,1795
99.5375,99.5605,24609.0,28251.0,Nyctalus leisleri,0.315,0.395,-1,Echolocation,/mnt/ubna_data_01_mir/recover-20220818/UBNA_004/20220818_070000.WAV,Foliage,recover-20220818,004,1795
99.72749999999999,99.7482,24609.0,29254.0,Nyctalus leisleri,0.192,0.304,-1,Echolocation,/mnt/ubna_data_01_mir/recover-20220818/UBNA_004/20220818_070000.WAV,Foliage,recover-20220818,004,1795
99.9605,99.9772,25468.0,29698.0,Nyctalus leisleri,0.426,0.553,-1,Echolocation,/mnt/ubna_data_01_mir/recover-20220818/UBNA_004/20220818_070000.WAV,Foliage,recover-20220818,004,1795
100.5065,100.5272,24609.0,28716.0,Nyctalus leisleri,0.256,0.356,-1,Echolocation,/mnt/ubna_data_01_mir/recover-20220818/UBNA_004/20220818_070000.WAV,Foliage,recover-20220818,004,1795
101.0705,101.0954,24609.0,28237.0,Nyctalus leisleri,0.179,0.245,-1,Echolocation,/mnt/ubna_data_01_mir/recover-20220818/UBNA_004/20220818_070000.WAV,Foliage,recover-20220818,004,1795
104.7175,104.7293,40078.0,43581.0,Pipistrellus nathusii,0.297,0.329,-1,Echolocation,/mnt/ubna_data_01_mir/recover-20220818/UBNA_004/20220818_070000.WAV,Foliage,recover-20220818,004,1795
125.6725,125.6884,25468.0,30060.0,Nyctalus leisleri,0.321,0.475,-1,Echolocation,/mnt/ubna_data_01_mir/recover-20220818/UBNA_004/20220818_070000.WAV,Foliage,recover-20220818,004,1795
141.2255,141.2305,23750.0,36351.0,Plecotus austriacus,0.149,0.201,-1,Echolocation,/mnt/ubna_data_01_mir/recover-20220818/UBNA_004/20220818_070000.WAV,Foliage,recover-20220818,004,1795
151.0245,151.046,24609.0,28013.0,Nyctalus leisleri,0.188,0.274,-1,Echolocation,/mnt/ubna_data_01_mir/recover-20220818/UBNA_004/20220818_070000.WAV,Foliage,recover-20220818,004,1795
153.3135,153.3321,24609.0,28617.0,Nyctalus leisleri,0.13,0.221,-1,Echolocation,/mnt/ubna_data_01_mir/recover-20220818/UBNA_004/20220818_070000.WAV,Foliage,recover-20220818,004,1795
153.5875,153.6047,23750.0,27585.0,Nyctalus leisleri,0.154,0.219,-1,Echolocation,/mnt/ubna_data_01_mir/recover-20220818/UBNA_004/20220818_070000.WAV,Foliage,recover-20220818,004,1795
163.41649999999998,163.4346,23750.0,27170.0,Nyctalus leisleri,0.539,0.586,-1,Echolocation,/mnt/ubna_data_01_mir/recover-20220818/UBNA_004/20220818_070000.WAV,Foliage,recover-20220818,004,1795
163.8155,163.8349,24609.0,27863.0,Nyctalus leisleri,0.238,0.316,-1,Echolocation,/mnt/ubna_data_01_mir/recover-20220818/UBNA_004/20220818_070000.WAV,Foliage,recover-20220818,004,1795
164.2225,164.2361,23750.0,28371.0,Nyctalus leisleri,0.511,0.646,-1,Echolocation,/mnt/ubna_data_01_mir/recover-20220818/UBNA_004/20220818_070000.WAV,Foliage,recover-20220818,004,1795
164.6195,164.6368,24609.0,27788.0,Nyctalus leisleri,0.404,0.483,-1,Echolocation,/mnt/ubna_data_01_mir/recover-20220818/UBNA_004/20220818_070000.WAV,Foliage,recover-20220818,004,1795
165.0235,165.0392,23750.0,26886.0,Nyctalus leisleri,0.626,0.677,-1,Echolocation,/mnt/ubna_data_01_mir/recover-20220818/UBNA_004/20220818_070000.WAV,Foliage,recover-20220818,004,1795
165.4235,165.4409,24609.0,28259.0,Nyctalus leisleri,0.239,0.325,-1,Echolocation,/mnt/ubna_data_01_mir/recover-20220818/UBNA_004/20220818_070000.WAV,Foliage,recover-20220818,004,1795
165.6945,165.7076,25468.0,29413.0,Nyctalus leisleri,0.307,0.412,-1,Echolocation,/mnt/ubna_data_01_mir/recover-20220818/UBNA_004/20220818_070000.WAV,Foliage,recover-20220818,004,1795
165.9625,165.9783,23750.0,27097.0,Nyctalus leisleri,0.61,0.676,-1,Echolocation,/mnt/ubna_data_01_mir/recover-20220818/UBNA_004/20220818_070000.WAV,Foliage,recover-20220818,004,1795
166.3615,166.379,23750.0,27301.0,Nyctalus leisleri,0.513,0.633,-1,Echolocation,/mnt/ubna_data_01_mir/recover-20220818/UBNA_004/20220818_070000.WAV,Foliage,recover-20220818,004,1795
166.76749999999998,166.785,24609.0,27089.0,Nyctalus leisleri,0.548,0.598,-1,Echolocation,/mnt/ubna_data_01_mir/recover-20220818/UBNA_004/20220818_070000.WAV,Foliage,recover-20220818,004,1795
167.0385,167.0542,23750.0,27532.0,Nyctalus leisleri,0.565,0.657,-1,Echolocation,/mnt/ubna_data_01_mir/recover-20220818/UBNA_004/20220818_070000.WAV,Foliage,recover-20220818,004,1795
167.4405,167.457,23750.0,27556.0,Nyctalus leisleri,0.498,0.562,-1,Echolocation,/mnt/ubna_data_01_mir/recover-20220818/UBNA_004/20220818_070000.WAV,Foliage,recover-20220818,004,1795
167.8535,167.8709,23750.0,27313.0,Nyctalus leisleri,0.584,0.64,-1,Echolocation,/mnt/ubna_data_01_mir/recover-20220818/UBNA_004/20220818_070000.WAV,Foliage,recover-20220818,004,1795
168.1225,168.1374,24609.0,27674.0,Nyctalus leisleri,0.484,0.578,-1,Echolocation,/mnt/ubna_data_01_mir/recover-20220818/UBNA_004/20220818_070000.WAV,Foliage,recover-20220818,004,1795
168.5245,168.5397,24609.0,27518.0,Nyctalus leisleri,0.457,0.541,-1,Echolocation,/mnt/ubna_data_01_mir/recover-20220818/UBNA_004/20220818_070000.WAV,Foliage,recover-20220818,004,1795
168.7935,168.81,23750.0,27283.0,Nyctalus leisleri,0.59,0.658,-1,Echolocation,/mnt/ubna_data_01_mir/recover-20220818/UBNA_004/20220818_070000.WAV,Foliage,recover-20220818,004,1795
168.8825,168.8938,26328.0,31612.0,Nyctalus leisleri,0.181,0.336,-1,Echolocation,/mnt/ubna_data_01_mir/recover-20220818/UBNA_004/20220818_070000.WAV,Foliage,recover-20220818,004,1795
169.4485,169.4702,25468.0,28794.0,Nyctalus leisleri,0.21,0.281,-1,Echolocation,/mnt/ubna_data_01_mir/recover-20220818/UBNA_004/20220818_070000.WAV,Foliage,recover-20220818,004,1795
169.8995,169.9138,24609.0,29725.0,Nyctalus leisleri,0.184,0.303,-1,Echolocation,/mnt/ubna_data_01_mir/recover-20220818/UBNA_004/20220818_070000.WAV,Foliage,recover-20220818,004,1795
170.2535,170.2694,24609.0,28673.0,Nyctalus leisleri,0.207,0.312,-1,Echolocation,/mnt/ubna_data_01_mir/recover-20220818/UBNA_004/20220818_070000.WAV,Foliage,recover-20220818,004,1795
170.7225,170.73669999999998,23750.0,28294.0,Nyctalus leisleri,0.251,0.38,-1,Echolocation,/mnt/ubna_data_01_mir/recover-20220818/UBNA_004/20220818_070000.WAV,Foliage,recover-20220818,004,1795
171.1485,171.1648,22890.0,27560.0,Nyctalus leisleri,0.242,0.384,-1,Echolocation,/mnt/ubna_data_01_mir/recover-20220818/UBNA_004/20220818_070000.WAV,Foliage,recover-20220818,004,1795
171.3865,171.40370000000001,23750.0,27469.0,Nyctalus leisleri,0.337,0.423,-1,Echolocation,/mnt/ubna_data_01_mir/recover-20220818/UBNA_004/20220818_070000.WAV,Foliage,recover-20220818,004,1795
172.0735,172.0904,24609.0,28768.0,Nyctalus leisleri,0.282,0.394,-1,Echolocation,/mnt/ubna_data_01_mir/recover-20220818/UBNA_004/20220818_070000.WAV,Foliage,recover-20220818,004,1795
172.3265,172.3426,23750.0,27340.0,Nyctalus leisleri,0.554,0.618,-1,Echolocation,/mnt/ubna_data_01_mir/recover-20220818/UBNA_004/20220818_070000.WAV,Foliage,recover-20220818,004,1795
172.7155,172.7344,24609.0,27602.0,Nyctalus leisleri,0.476,0.53,-1,Echolocation,/mnt/ubna_data_01_mir/recover-20220818/UBNA_004/20220818_070000.WAV,Foliage,recover-20220818,004,1795
172.9975,173.0211,23750.0,27252.0,Nyctalus leisleri,0.289,0.336,-1,Echolocation,/mnt/ubna_data_01_mir/recover-20220818/UBNA_004/20220818_070000.WAV,Foliage,recover-20220818,004,1795
173.52949999999998,173.5497,23750.0,27602.0,Nyctalus leisleri,0.464,0.526,-1,Echolocation,/mnt/ubna_data_01_mir/recover-20220818/UBNA_004/20220818_070000.WAV,Foliage,recover-20220818,004,1795
173.9355,173.95159999999998,23750.0,27931.0,Nyctalus leisleri,0.653,0.7,-1,Echolocation,/mnt/ubna_data_01_mir/recover-20220818/UBNA_004/20220818_070000.WAV,Foliage,recover-20220818,004,1795
174.2065,174.2228,23750.0,28128.0,Nyctalus leisleri,0.631,0.717,-1,Echolocation,/mnt/ubna_data_01_mir/recover-20220818/UBNA_004/20220818_070000.WAV,Foliage,recover-20220818,004,1795
174.6105,174.628,23750.0,28546.0,Nyctalus leisleri,0.432,0.531,-1,Echolocation,/mnt/ubna_data_01_mir/recover-20220818/UBNA_004/20220818_070000.WAV,Foliage,recover-20220818,004,1795
175.0045,175.02100000000002,23750.0,27683.0,Nyctalus leisleri,0.652,0.719,-1,Echolocation,/mnt/ubna_data_01_mir/recover-20220818/UBNA_004/20220818_070000.WAV,Foliage,recover-20220818,004,1795
175.4075,175.42340000000002,22890.0,26006.0,Nyctalus leisleri,0.763,0.782,-1,Echolocation,/mnt/ubna_data_01_mir/recover-20220818/UBNA_004/20220818_070000.WAV,Foliage,recover-20220818,004,1795
175.8085,175.8249,23750.0,26697.0,Nyctalus leisleri,0.688,0.745,-1,Echolocation,/mnt/ubna_data_01_mir/recover-20220818/UBNA_004/20220818_070000.WAV,Foliage,recover-20220818,004,1795
176.2245,176.2421,22890.0,26735.0,Nyctalus leisleri,0.557,0.633,-1,Echolocation,/mnt/ubna_data_01_mir/recover-20220818/UBNA_004/20220818_070000.WAV,Foliage,recover-20220818,004,1795
176.6315,176.6477,23750.0,27211.0,Nyctalus leisleri,0.623,0.685,-1,Echolocation,/mnt/ubna_data_01_mir/recover-20220818/UBNA_004/20220818_070000.WAV,Foliage,recover-20220818,004,1795
177.0355,177.05270000000002,23750.0,26267.0,Nyctalus leisleri,0.595,0.64,-1,Echolocation,/mnt/ubna_data_01_mir/recover-20220818/UBNA_004/20220818_070000.WAV,Foliage,recover-20220818,004,1795
177.3045,177.3211,23750.0,26822.0,Nyctalus leisleri,0.7,0.734,-1,Echolocation,/mnt/ubna_data_01_mir/recover-20220818/UBNA_004/20220818_070000.WAV,Foliage,recover-20220818,004,1795
177.4395,177.4533,24609.0,30483.0,Nyctalus leisleri,0.513,0.685,-1,Echolocation,/mnt/ubna_data_01_mir/recover-20220818/UBNA_004/20220818_070000.WAV,Foliage,recover-20220818,004,1795
177.5575,177.5698,24609.0,32222.0,Nyctalus leisleri,0.417,0.7,-1,Echolocation,/mnt/ubna_data_01_mir/recover-20220818/UBNA_004/20220818_070000.WAV,Foliage,recover-20220818,004,1795
177.6995,177.7122,24609.0,32146.0,Nyctalus leisleri,0.496,0.725,-1,Echolocation,/mnt/ubna_data_01_mir/recover-20220818/UBNA_004/20220818_070000.WAV,Foliage,recover-20220818,004,1795
177.8185,177.8304,25468.0,32158.0,Nyctalus leisleri,0.325,0.538,-1,Echolocation,/mnt/ubna_data_01_mir/recover-20220818/UBNA_004/20220818_070000.WAV,Foliage,recover-20220818,004,1795
177.8995,177.9124,25468.0,30378.0,Nyctalus leisleri,0.338,0.445,-1,Echolocation,/mnt/ubna_data_01_mir/recover-20220818/UBNA_004/20220818_070000.WAV,Foliage,recover-20220818,004,1795
177.9695,177.9817,26328.0,31010.0,Nyctalus leisleri,0.164,0.323,-1,Echolocation,/mnt/ubna_data_01_mir/recover-20220818/UBNA_004/20220818_070000.WAV,Foliage,recover-20220818,004,1795
178.4435,178.4597,23750.0,27560.0,Nyctalus leisleri,0.586,0.639,-1,Echolocation,/mnt/ubna_data_01_mir/recover-20220818/UBNA_004/20220818_070000.WAV,Foliage,recover-20220818,004,1795
178.7095,178.7368,22890.0,27217.0,Nyctalus leisleri,0.125,0.267,-1,Echolocation,/mnt/ubna_data_01_mir/recover-20220818/UBNA_004/20220818_070000.WAV,Foliage,recover-20220818,004,1795
179.09550000000002,179.11860000000001,23750.0,27590.0,Nyctalus leisleri,0.333,0.418,-1,Echolocation,/mnt/ubna_data_01_mir/recover-20220818/UBNA_004/20220818_070000.WAV,Foliage,recover-20220818,004,1795
179.4995,179.5219,22890.0,27523.0,Nyctalus leisleri,0.22,0.35,-1,Echolocation,/mnt/ubna_data_01_mir/recover-20220818/UBNA_004/20220818_070000.WAV,Foliage,recover-20220818,004,1795
179.90449999999998,179.9213,23750.0,26211.0,Nyctalus leisleri,0.581,0.63,-1,Echolocation,/mnt/ubna_data_01_mir/recover-20220818/UBNA_004/20220818_070000.WAV,Foliage,recover-20220818,004,1795
180.5765,180.5974,23750.0,27078.0,Nyctalus leisleri,0.23,0.283,-1,Echolocation,/mnt/ubna_data_01_mir/recover-20220818/UBNA_004/20220818_070000.WAV,Foliage,recover-20220818,004,1795
180.8355,180.8612,23750.0,28079.0,Nyctalus leisleri,0.268,0.349,-1,Echolocation,/mnt/ubna_data_01_mir/recover-20220818/UBNA_004/20220818_070000.WAV,Foliage,recover-20220818,004,1795
181.6515,181.6734,24609.0,27259.0,Nyctalus leisleri,0.267,0.326,-1,Echolocation,/mnt/ubna_data_01_mir/recover-20220818/UBNA_004/20220818_070000.WAV,Foliage,recover-20220818,004,1795
182.6125,182.6261,25468.0,30629.0,Nyctalus leisleri,0.383,0.564,-1,Echolocation,/mnt/ubna_data_01_mir/recover-20220818/UBNA_004/20220818_070000.WAV,Foliage,recover-20220818,004,1795
182.8195,182.8358,24609.0,29061.0,Nyctalus leisleri,0.401,0.529,-1,Echolocation,/mnt/ubna_data_01_mir/recover-20220818/UBNA_004/20220818_070000.WAV,Foliage,recover-20220818,004,1795
222.1475,222.1678,24609.0,28562.0,Nyctalus leisleri,0.298,0.395,-1,Echolocation,/mnt/ubna_data_01_mir/recover-20220818/UBNA_004/20220818_070000.WAV,Foliage,recover-20220818,004,1795
243.1315,243.1507,24609.0,28382.0,Nyctalus leisleri,0.373,0.468,-1,Echolocation,/mnt/ubna_data_01_mir/recover-20220818/UBNA_004/20220818_070000.WAV,Foliage,recover-20220818,004,1795
243.4085,243.4271,23750.0,27610.0,Nyctalus leisleri,0.129,0.208,-1,Echolocation,/mnt/ubna_data_01_mir/recover-20220818/UBNA_004/20220818_070000.WAV,Foliage,recover-20220818,004,1795
243.6945,243.7124,24609.0,28487.0,Nyctalus leisleri,0.367,0.529,-1,Echolocation,/mnt/ubna_data_01_mir/recover-20220818/UBNA_004/20220818_070000.WAV,Foliage,recover-20220818,004,1795
244.5105,244.5362,24609.0,28391.0,Nyctalus leisleri,0.152,0.209,-1,Echolocation,/mnt/ubna_data_01_mir/recover-20220818/UBNA_004/20220818_070000.WAV,Foliage,recover-20220818,004,1795
246.4575,246.4788,24609.0,28356.0,Nyctalus leisleri,0.202,0.31,-1,Echolocation,/mnt/ubna_data_01_mir/recover-20220818/UBNA_004/20220818_070000.WAV,Foliage,recover-20220818,004,1795
247.0115,247.035,24609.0,27554.0,Nyctalus leisleri,0.158,0.244,-1,Echolocation,/mnt/ubna_data_01_mir/recover-20220818/UBNA_004/20220818_070000.WAV,Foliage,recover-20220818,004,1795
247.7015,247.7232,24609.0,29322.0,Nyctalus leisleri,0.128,0.231,-1,Echolocation,/mnt/ubna_data_01_mir/recover-20220818/UBNA_004/20220818_070000.WAV,Foliage,recover-20220818,004,1795
248.2345,248.2495,24609.0,29989.0,Nyctalus leisleri,0.304,0.452,-1,Echolocation,/mnt/ubna_data_01_mir/recover-20220818/UBNA_004/20220818_070000.WAV,Foliage,recover-20220818,004,1795
248.5155,248.5395,24609.0,28171.0,Nyctalus leisleri,0.169,0.237,-1,Echolocation,/mnt/ubna_data_01_mir/recover-20220818/UBNA_004/20220818_070000.WAV,Foliage,recover-20220818,004,1795
248.7945,248.8161,25468.0,28968.0,Nyctalus leisleri,0.177,0.258,-1,Echolocation,/mnt/ubna_data_01_mir/recover-20220818/UBNA_004/20220818_070000.WAV,Foliage,recover-20220818,004,1795
249.0525,249.0702,25468.0,29298.0,Nyctalus leisleri,0.423,0.506,-1,Echolocation,/mnt/ubna_data_01_mir/recover-20220818/UBNA_004/20220818_070000.WAV,Foliage,recover-20220818,004,1795
249.3205,249.337,25468.0,29211.0,Nyctalus leisleri,0.316,0.425,-1,Echolocation,/mnt/ubna_data_01_mir/recover-20220818/UBNA_004/20220818_070000.WAV,Foliage,recover-20220818,004,1795
249.5865,249.6007,24609.0,29053.0,Nyctalus leisleri,0.298,0.427,-1,Echolocation,/mnt/ubna_data_01_mir/recover-20220818/UBNA_004/20220818_070000.WAV,Foliage,recover-20220818,004,1795
249.8565,249.8706,24609.0,29787.0,Nyctalus leisleri,0.52,0.637,-1,Echolocation,/mnt/ubna_data_01_mir/recover-20220818/UBNA_004/20220818_070000.WAV,Foliage,recover-20220818,004,1795
250.1295,250.1458,24609.0,29722.0,Nyctalus leisleri,0.406,0.533,-1,Echolocation,/mnt/ubna_data_01_mir/recover-20220818/UBNA_004/20220818_070000.WAV,Foliage,recover-20220818,004,1795
250.3915,250.4153,25468.0,28955.0,Nyctalus leisleri,0.194,0.253,-1,Echolocation,/mnt/ubna_data_01_mir/recover-20220818/UBNA_004/20220818_070000.WAV,Foliage,recover-20220818,004,1795
250.6685,250.6925,24609.0,28615.0,Nyctalus leisleri,0.254,0.329,-1,Echolocation,/mnt/ubna_data_01_mir/recover-20220818/UBNA_004/20220818_070000.WAV,Foliage,recover-20220818,004,1795
250.9365,250.953,25468.0,28771.0,Nyctalus leisleri,0.303,0.392,-1,Echolocation,/mnt/ubna_data_01_mir/recover-20220818/UBNA_004/20220818_070000.WAV,Foliage,recover-20220818,004,1795
251.2115,251.2299,25468.0,29941.0,Nyctalus leisleri,0.343,0.421,-1,Echolocation,/mnt/ubna_data_01_mir/recover-20220818/UBNA_004/20220818_070000.WAV,Foliage,recover-20220818,004,1795
251.4875,251.5075,24609.0,28887.0,Nyctalus leisleri,0.204,0.299,-1,Echolocation,/mnt/ubna_data_01_mir/recover-20220818/UBNA_004/20220818_070000.WAV,Foliage,recover-20220818,004,1795
251.7545,251.7719,25468.0,30583.0,Nyctalus leisleri,0.185,0.266,-1,Echolocation,/mnt/ubna_data_01_mir/recover-20220818/UBNA_004/20220818_070000.WAV,Foliage,recover-20220818,004,1795
252.0125,252.0318,24609.0,28918.0,Nyctalus leisleri,0.407,0.508,-1,Echolocation,/mnt/ubna_data_01_mir/recover-20220818/UBNA_004/20220818_070000.WAV,Foliage,recover-20220818,004,1795
252.2785,252.295,24609.0,29842.0,Nyctalus leisleri,0.434,0.526,-1,Echolocation,/mnt/ubna_data_01_mir/recover-20220818/UBNA_004/20220818_070000.WAV,Foliage,recover-20220818,004,1795
252.5365,252.5534,25468.0,35254.0,Eptesicus serotinus,0.31,0.528,-1,Echolocation,/mnt/ubna_data_01_mir/recover-20220818/UBNA_004/20220818_070000.WAV,Foliage,recover-20220818,004,1795
252.54149999999998,252.5558,51250.0,59994.0,Pipistrellus pipistrellus,0.131,0.265,-1,Echolocation,/mnt/ubna_data_01_mir/recover-20220818/UBNA_004/20220818_070000.WAV,Foliage,recover-20220818,004,1795
252.6685,252.682,28046.0,38281.0,Eptesicus serotinus,0.404,0.578,-1,Echolocation,/mnt/ubna_data_01_mir/recover-20220818/UBNA_004/20220818_070000.WAV,Foliage,recover-20220818,004,1795
252.8015,252.8151,28046.0,36820.0,Eptesicus serotinus,0.31,0.612,-1,Echolocation,/mnt/ubna_data_01_mir/recover-20220818/UBNA_004/20220818_070000.WAV,Foliage,recover-20220818,004,1795
252.9255,252.9379,28906.0,35915.0,Eptesicus serotinus,0.261,0.52,-1,Echolocation,/mnt/ubna_data_01_mir/recover-20220818/UBNA_004/20220818_070000.WAV,Foliage,recover-20220818,004,1795
253.0525,253.0658,28906.0,35292.0,Nyctalus leisleri,0.231,0.493,-1,Echolocation,/mnt/ubna_data_01_mir/recover-20220818/UBNA_004/20220818_070000.WAV,Foliage,recover-20220818,004,1795
253.2405,253.2529,28906.0,34085.0,Nyctalus leisleri,0.145,0.279,-1,Echolocation,/mnt/ubna_data_01_mir/recover-20220818/UBNA_004/20220818_070000.WAV,Foliage,recover-20220818,004,1795
253.7485,253.7636,28906.0,34135.0,Eptesicus serotinus,0.164,0.388,-1,Echolocation,/mnt/ubna_data_01_mir/recover-20220818/UBNA_004/20220818_070000.WAV,Foliage,recover-20220818,004,1795
253.8695,253.8838,28046.0,33069.0,Nyctalus leisleri,0.217,0.422,-1,Echolocation,/mnt/ubna_data_01_mir/recover-20220818/UBNA_004/20220818_070000.WAV,Foliage,recover-20220818,004,1795
255.7805,255.7919,27187.0,32481.0,Nyctalus leisleri,0.299,0.515,-1,Echolocation,/mnt/ubna_data_01_mir/recover-20220818/UBNA_004/20220818_070000.WAV,Foliage,recover-20220818,004,1795
256.3325,256.34680000000003,25468.0,30326.0,Nyctalus leisleri,0.154,0.283,-1,Echolocation,/mnt/ubna_data_01_mir/recover-20220818/UBNA_004/20220818_070000.WAV,Foliage,recover-20220818,004,1795
256.7465,256.7601,25468.0,32628.0,Eptesicus serotinus,0.23,0.438,-1,Echolocation,/mnt/ubna_data_01_mir/recover-20220818/UBNA_004/20220818_070000.WAV,Foliage,recover-20220818,004,1795
258.8405,258.85699999999997,24609.0,29214.0,Nyctalus leisleri,0.369,0.461,-1,Echolocation,/mnt/ubna_data_01_mir/recover-20220818/UBNA_004/20220818_070000.WAV,Foliage,recover-20220818,004,1795
259.4125,259.4261,25468.0,30036.0,Nyctalus leisleri,0.14,0.245,-1,Echolocation,/mnt/ubna_data_01_mir/recover-20220818/UBNA_004/20220818_070000.WAV,Foliage,recover-20220818,004,1795
260.9875,261.0078,23750.0,28137.0,Nyctalus leisleri,0.13,0.247,-1,Echolocation,/mnt/ubna_data_01_mir/recover-20220818/UBNA_004/20220818_070000.WAV,Foliage,recover-20220818,004,1795
275.3875,275.4043,25468.0,29152.0,Nyctalus leisleri,0.229,0.324,-1,Echolocation,/mnt/ubna_data_01_mir/recover-20220818/UBNA_004/20220818_070000.WAV,Foliage,recover-20220818,004,1795
275.6675,275.6849,25468.0,29428.0,Nyctalus leisleri,0.175,0.273,-1,Echolocation,/mnt/ubna_data_01_mir/recover-20220818/UBNA_004/20220818_070000.WAV,Foliage,recover-20220818,004,1795
275.9385,275.9543,25468.0,29821.0,Nyctalus leisleri,0.129,0.227,-1,Echolocation,/mnt/ubna_data_01_mir/recover-20220818/UBNA_004/20220818_070000.WAV,Foliage,recover-20220818,004,1795
276.2095,276.227,25468.0,29009.0,Nyctalus leisleri,0.268,0.345,-1,Echolocation,/mnt/ubna_data_01_mir/recover-20220818/UBNA_004/20220818_070000.WAV,Foliage,recover-20220818,004,1795
276.4795,276.4964,25468.0,30419.0,Nyctalus leisleri,0.42,0.535,-1,Echolocation,/mnt/ubna_data_01_mir/recover-20220818/UBNA_004/20220818_070000.WAV,Foliage,recover-20220818,004,1795
276.7485,276.768,25468.0,29451.0,Nyctalus leisleri,0.36,0.459,-1,Echolocation,/mnt/ubna_data_01_mir/recover-20220818/UBNA_004/20220818_070000.WAV,Foliage,recover-20220818,004,1795
277.0215,277.0414,24609.0,28687.0,Nyctalus leisleri,0.399,0.482,-1,Echolocation,/mnt/ubna_data_01_mir/recover-20220818/UBNA_004/20220818_070000.WAV,Foliage,recover-20220818,004,1795
277.2905,277.3097,24609.0,29013.0,Nyctalus leisleri,0.3,0.453,-1,Echolocation,/mnt/ubna_data_01_mir/recover-20220818/UBNA_004/20220818_070000.WAV,Foliage,recover-20220818,004,1795
277.5545,277.5731,25468.0,29670.0,Nyctalus leisleri,0.371,0.48,-1,Echolocation,/mnt/ubna_data_01_mir/recover-20220818/UBNA_004/20220818_070000.WAV,Foliage,recover-20220818,004,1795
277.8165,277.8336,25468.0,29519.0,Nyctalus leisleri,0.439,0.573,-1,Echolocation,/mnt/ubna_data_01_mir/recover-20220818/UBNA_004/20220818_070000.WAV,Foliage,recover-20220818,004,1795
278.0865,278.1032,24609.0,29410.0,Nyctalus leisleri,0.471,0.605,-1,Echolocation,/mnt/ubna_data_01_mir/recover-20220818/UBNA_004/20220818_070000.WAV,Foliage,recover-20220818,004,1795
278.3425,278.3601,24609.0,29459.0,Nyctalus leisleri,0.35,0.481,-1,Echolocation,/mnt/ubna_data_01_mir/recover-20220818/UBNA_004/20220818_070000.WAV,Foliage,recover-20220818,004,1795
278.6115,278.6291,25468.0,29250.0,Nyctalus leisleri,0.455,0.515,-1,Echolocation,/mnt/ubna_data_01_mir/recover-20220818/UBNA_004/20220818_070000.WAV,Foliage,recover-20220818,004,1795
278.8775,278.8998,24609.0,29325.0,Nyctalus leisleri,0.241,0.348,-1,Echolocation,/mnt/ubna_data_01_mir/recover-20220818/UBNA_004/20220818_070000.WAV,Foliage,recover-20220818,004,1795
279.1325,279.153,24609.0,28973.0,Nyctalus leisleri,0.325,0.396,-1,Echolocation,/mnt/ubna_data_01_mir/recover-20220818/UBNA_004/20220818_070000.WAV,Foliage,recover-20220818,004,1795
279.3975,279.4132,26328.0,30938.0,Nyctalus leisleri,0.303,0.396,-1,Echolocation,/mnt/ubna_data_01_mir/recover-20220818/UBNA_004/20220818_070000.WAV,Foliage,recover-20220818,004,1795
280.3785,280.3966,27187.0,32048.0,Nyctalus leisleri,0.109,0.22,-1,Echolocation,/mnt/ubna_data_01_mir/recover-20220818/UBNA_004/20220818_070000.WAV,Foliage,recover-20220818,004,1795
283.2695,283.2838,26328.0,31339.0,Nyctalus leisleri,0.118,0.219,-1,Echolocation,/mnt/ubna_data_01_mir/recover-20220818/UBNA_004/20220818_070000.WAV,Foliage,recover-20220818,004,1795
283.6755,283.6901,25468.0,30816.0,Nyctalus leisleri,0.201,0.369,-1,Echolocation,/mnt/ubna_data_01_mir/recover-20220818/UBNA_004/20220818_070000.WAV,Foliage,recover-20220818,004,1795
283.8295,283.844,26328.0,31037.0,Nyctalus leisleri,0.219,0.347,-1,Echolocation,/mnt/ubna_data_01_mir/recover-20220818/UBNA_004/20220818_070000.WAV,Foliage,recover-20220818,004,1795
285.5775,285.5992,24609.0,29152.0,Nyctalus leisleri,0.167,0.269,-1,Echolocation,/mnt/ubna_data_01_mir/recover-20220818/UBNA_004/20220818_070000.WAV,Foliage,recover-20220818,004,1795
311.5385,311.5603,24609.0,29200.0,Nyctalus leisleri,0.199,0.316,-1,Echolocation,/mnt/ubna_data_01_mir/recover-20220818/UBNA_004/20220818_070000.WAV,Foliage,recover-20220818,004,1795
312.0825,312.106,24609.0,28880.0,Nyctalus leisleri,0.117,0.221,-1,Echolocation,/mnt/ubna_data_01_mir/recover-20220818/UBNA_004/20220818_070000.WAV,Foliage,recover-20220818,004,1795
312.6295,312.6527,24609.0,28209.0,Nyctalus leisleri,0.092,0.21,-1,Echolocation,/mnt/ubna_data_01_mir/recover-20220818/UBNA_004/20220818_070000.WAV,Foliage,recover-20220818,004,1795
336.9285,336.9404,38359.0,42740.0,Pipistrellus nathusii,0.24,0.276,-1,Echolocation,/mnt/ubna_data_01_mir/recover-20220818/UBNA_004/20220818_070000.WAV,Foliage,recover-20220818,004,1795
362.6645,362.6796,25468.0,30675.0,Nyctalus leisleri,0.291,0.416,-1,Echolocation,/mnt/ubna_data_01_mir/recover-20220818/UBNA_004/20220818_070000.WAV,Foliage,recover-20220818,004,1795
363.2015,363.2233,24609.0,28568.0,Nyctalus leisleri,0.216,0.338,-1,Echolocation,/mnt/ubna_data_01_mir/recover-20220818/UBNA_004/20220818_070000.WAV,Foliage,recover-20220818,004,1795
363.4745,363.4958,23750.0,29020.0,Nyctalus leisleri,0.162,0.313,-1,Echolocation,/mnt/ubna_data_01_mir/recover-20220818/UBNA_004/20220818_070000.WAV,Foliage,recover-20220818,004,1795
363.7445,363.7616,25468.0,29455.0,Nyctalus leisleri,0.308,0.41,-1,Echolocation,/mnt/ubna_data_01_mir/recover-20220818/UBNA_004/20220818_070000.WAV,Foliage,recover-20220818,004,1795
364.2845,364.3064,24609.0,28707.0,Nyctalus leisleri,0.286,0.349,-1,Echolocation,/mnt/ubna_data_01_mir/recover-20220818/UBNA_004/20220818_070000.WAV,Foliage,recover-20220818,004,1795
364.5475,364.5689,24609.0,28958.0,Nyctalus leisleri,0.242,0.362,-1,Echolocation,/mnt/ubna_data_01_mir/recover-20220818/UBNA_004/20220818_070000.WAV,Foliage,recover-20220818,004,1795
364.9715,364.9884,25468.0,30133.0,Nyctalus leisleri,0.377,0.5,-1,Echolocation,/mnt/ubna_data_01_mir/recover-20220818/UBNA_004/20220818_070000.WAV,Foliage,recover-20220818,004,1795
365.2435,365.2664,25468.0,28812.0,Nyctalus leisleri,0.193,0.252,-1,Echolocation,/mnt/ubna_data_01_mir/recover-20220818/UBNA_004/20220818_070000.WAV,Foliage,recover-20220818,004,1795
365.5155,365.5309,24609.0,30183.0,Nyctalus leisleri,0.452,0.552,-1,Echolocation,/mnt/ubna_data_01_mir/recover-20220818/UBNA_004/20220818_070000.WAV,Foliage,recover-20220818,004,1795
365.7885,365.807,25468.0,28506.0,Nyctalus leisleri,0.249,0.328,-1,Echolocation,/mnt/ubna_data_01_mir/recover-20220818/UBNA_004/20220818_070000.WAV,Foliage,recover-20220818,004,1795
366.0705,366.0889,24609.0,27855.0,Nyctalus leisleri,0.488,0.543,-1,Echolocation,/mnt/ubna_data_01_mir/recover-20220818/UBNA_004/20220818_070000.WAV,Foliage,recover-20220818,004,1795
366.3445,366.3699,24609.0,28254.0,Nyctalus leisleri,0.216,0.3,-1,Echolocation,/mnt/ubna_data_01_mir/recover-20220818/UBNA_004/20220818_070000.WAV,Foliage,recover-20220818,004,1795
366.6125,366.6349,24609.0,27733.0,Nyctalus leisleri,0.331,0.396,-1,Echolocation,/mnt/ubna_data_01_mir/recover-20220818/UBNA_004/20220818_070000.WAV,Foliage,recover-20220818,004,1795
366.8815,366.9032,24609.0,29020.0,Nyctalus leisleri,0.27,0.378,-1,Echolocation,/mnt/ubna_data_01_mir/recover-20220818/UBNA_004/20220818_070000.WAV,Foliage,recover-20220818,004,1795
367.1505,367.1707,24609.0,30156.0,Nyctalus leisleri,0.239,0.371,-1,Echolocation,/mnt/ubna_data_01_mir/recover-20220818/UBNA_004/20220818_070000.WAV,Foliage,recover-20220818,004,1795
367.3085,367.3263,25468.0,30169.0,Nyctalus leisleri,0.174,0.268,-1,Echolocation,/mnt/ubna_data_01_mir/recover-20220818/UBNA_004/20220818_070000.WAV,Foliage,recover-20220818,004,1795
367.8555,367.8724,24609.0,28964.0,Nyctalus leisleri,0.295,0.406,-1,Echolocation,/mnt/ubna_data_01_mir/recover-20220818/UBNA_004/20220818_070000.WAV,Foliage,recover-20220818,004,1795
369.9275,369.943,25468.0,30114.0,Nyctalus leisleri,0.334,0.464,-1,Echolocation,/mnt/ubna_data_01_mir/recover-20220818/UBNA_004/20220818_070000.WAV,Foliage,recover-20220818,004,1795
370.3735,370.3899,24609.0,28389.0,Nyctalus leisleri,0.276,0.408,-1,Echolocation,/mnt/ubna_data_01_mir/recover-20220818/UBNA_004/20220818_070000.WAV,Foliage,recover-20220818,004,1795
370.9585,370.9718,24609.0,29061.0,Nyctalus leisleri,0.395,0.545,-1,Echolocation,/mnt/ubna_data_01_mir/recover-20220818/UBNA_004/20220818_070000.WAV,Foliage,recover-20220818,004,1795
371.4915,371.5067,23750.0,27781.0,Nyctalus leisleri,0.195,0.31,-1,Echolocation,/mnt/ubna_data_01_mir/recover-20220818/UBNA_004/20220818_070000.WAV,Foliage,recover-20220818,004,1795
377.3935,377.4151,25468.0,28622.0,Nyctalus leisleri,0.198,0.271,-1,Echolocation,/mnt/ubna_data_01_mir/recover-20220818/UBNA_004/20220818_070000.WAV,Foliage,recover-20220818,004,1795
388.7155,388.7363,25468.0,29475.0,Nyctalus leisleri,0.163,0.265,-1,Echolocation,/mnt/ubna_data_01_mir/recover-20220818/UBNA_004/20220818_070000.WAV,Foliage,recover-20220818,004,1795
390.1485,390.1673,25468.0,29538.0,Nyctalus leisleri,0.235,0.343,-1,Echolocation,/mnt/ubna_data_01_mir/recover-20220818/UBNA_004/20220818_070000.WAV,Foliage,recover-20220818,004,1795
390.5585,390.5723,24609.0,29123.0,Nyctalus leisleri,0.295,0.493,-1,Echolocation,/mnt/ubna_data_01_mir/recover-20220818/UBNA_004/20220818_070000.WAV,Foliage,recover-20220818,004,1795
390.8165,390.8369,25468.0,29306.0,Nyctalus leisleri,0.137,0.221,-1,Echolocation,/mnt/ubna_data_01_mir/recover-20220818/UBNA_004/20220818_070000.WAV,Foliage,recover-20220818,004,1795
391.0895,391.1104,24609.0,28908.0,Nyctalus leisleri,0.295,0.435,-1,Echolocation,/mnt/ubna_data_01_mir/recover-20220818/UBNA_004/20220818_070000.WAV,Foliage,recover-20220818,004,1795
391.3535,391.3783,24609.0,29034.0,Nyctalus leisleri,0.18,0.284,-1,Echolocation,/mnt/ubna_data_01_mir/recover-20220818/UBNA_004/20220818_070000.WAV,Foliage,recover-20220818,004,1795
391.6315,391.6502,24609.0,29635.0,Nyctalus leisleri,0.343,0.504,-1,Echolocation,/mnt/ubna_data_01_mir/recover-20220818/UBNA_004/20220818_070000.WAV,Foliage,recover-20220818,004,1795
391.9005,391.9198,24609.0,28149.0,Nyctalus leisleri,0.362,0.434,-1,Echolocation,/mnt/ubna_data_01_mir/recover-20220818/UBNA_004/20220818_070000.WAV,Foliage,recover-20220818,004,1795
392.1695,392.1916,25468.0,28844.0,Nyctalus leisleri,0.155,0.249,-1,Echolocation,/mnt/ubna_data_01_mir/recover-20220818/UBNA_004/20220818_070000.WAV,Foliage,recover-20220818,004,1795
392.4305,392.4518,24609.0,28273.0,Nyctalus leisleri,0.139,0.243,-1,Echolocation,/mnt/ubna_data_01_mir/recover-20220818/UBNA_004/20220818_070000.WAV,Foliage,recover-20220818,004,1795
392.6925,392.7093,24609.0,29196.0,Nyctalus leisleri,0.192,0.361,-1,Echolocation,/mnt/ubna_data_01_mir/recover-20220818/UBNA_004/20220818_070000.WAV,Foliage,recover-20220818,004,1795
392.9545,392.973,24609.0,28690.0,Nyctalus leisleri,0.432,0.509,-1,Echolocation,/mnt/ubna_data_01_mir/recover-20220818/UBNA_004/20220818_070000.WAV,Foliage,recover-20220818,004,1795
393.2155,393.2352,24609.0,28634.0,Nyctalus leisleri,0.181,0.259,-1,Echolocation,/mnt/ubna_data_01_mir/recover-20220818/UBNA_004/20220818_070000.WAV,Foliage,recover-20220818,004,1795
393.4805,393.5044,24609.0,27611.0,Nyctalus leisleri,0.161,0.21,-1,Echolocation,/mnt/ubna_data_01_mir/recover-20220818/UBNA_004/20220818_070000.WAV,Foliage,recover-20220818,004,1795
396.8635,396.8822,25468.0,29480.0,Nyctalus leisleri,0.2,0.295,-1,Echolocation,/mnt/ubna_data_01_mir/recover-20220818/UBNA_004/20220818_070000.WAV,Foliage,recover-20220818,004,1795
406.0815,406.0992,25468.0,29140.0,Nyctalus leisleri,0.149,0.209,-1,Echolocation,/mnt/ubna_data_01_mir/recover-20220818/UBNA_004/20220818_070000.WAV,Foliage,recover-20220818,004,1795
406.6165,406.6329,25468.0,30029.0,Nyctalus leisleri,0.227,0.331,-1,Echolocation,/mnt/ubna_data_01_mir/recover-20220818/UBNA_004/20220818_070000.WAV,Foliage,recover-20220818,004,1795
407.0195,407.0387,25468.0,28802.0,Nyctalus leisleri,0.207,0.291,-1,Echolocation,/mnt/ubna_data_01_mir/recover-20220818/UBNA_004/20220818_070000.WAV,Foliage,recover-20220818,004,1795
407.2835,407.3011,25468.0,30207.0,Nyctalus leisleri,0.16,0.252,-1,Echolocation,/mnt/ubna_data_01_mir/recover-20220818/UBNA_004/20220818_070000.WAV,Foliage,recover-20220818,004,1795
407.5465,407.5658,25468.0,29240.0,Nyctalus leisleri,0.158,0.247,-1,Echolocation,/mnt/ubna_data_01_mir/recover-20220818/UBNA_004/20220818_070000.WAV,Foliage,recover-20220818,004,1795
407.8005,407.8223,24609.0,28705.0,Nyctalus leisleri,0.17,0.267,-1,Echolocation,/mnt/ubna_data_01_mir/recover-20220818/UBNA_004/20220818_070000.WAV,Foliage,recover-20220818,004,1795
408.0645,408.0849,24609.0,28753.0,Nyctalus leisleri,0.339,0.434,-1,Echolocation,/mnt/ubna_data_01_mir/recover-20220818/UBNA_004/20220818_070000.WAV,Foliage,recover-20220818,004,1795
408.3325,408.3583,24609.0,28410.0,Nyctalus leisleri,0.126,0.212,-1,Echolocation,/mnt/ubna_data_01_mir/recover-20220818/UBNA_004/20220818_070000.WAV,Foliage,recover-20220818,004,1795
408.5995,408.6205,25468.0,29002.0,Nyctalus leisleri,0.3,0.363,-1,Echolocation,/mnt/ubna_data_01_mir/recover-20220818/UBNA_004/20220818_070000.WAV,Foliage,recover-20220818,004,1795
408.8685,408.8901,24609.0,28517.0,Nyctalus leisleri,0.186,0.264,-1,Echolocation,/mnt/ubna_data_01_mir/recover-20220818/UBNA_004/20220818_070000.WAV,Foliage,recover-20220818,004,1795
409.1225,409.1415,24609.0,28845.0,Nyctalus leisleri,0.339,0.48,-1,Echolocation,/mnt/ubna_data_01_mir/recover-20220818/UBNA_004/20220818_070000.WAV,Foliage,recover-20220818,004,1795
409.3835,409.40409999999997,25468.0,28590.0,Nyctalus leisleri,0.234,0.305,-1,Echolocation,/mnt/ubna_data_01_mir/recover-20220818/UBNA_004/20220818_070000.WAV,Foliage,recover-20220818,004,1795
409.6575,409.6743,24609.0,27754.0,Nyctalus leisleri,0.412,0.464,-1,Echolocation,/mnt/ubna_data_01_mir/recover-20220818/UBNA_004/20220818_070000.WAV,Foliage,recover-20220818,004,1795
410.2115,410.2322,24609.0,29794.0,Nyctalus leisleri,0.236,0.353,-1,Echolocation,/mnt/ubna_data_01_mir/recover-20220818/UBNA_004/20220818_070000.WAV,Foliage,recover-20220818,004,1795
410.7765,410.7956,24609.0,27324.0,Nyctalus leisleri,0.418,0.479,-1,Echolocation,/mnt/ubna_data_01_mir/recover-20220818/UBNA_004/20220818_070000.WAV,Foliage,recover-20220818,004,1795
410.7765,410.7903,51250.0,55348.0,Pipistrellus pygmaeus,0.181,0.259,-1,Echolocation,/mnt/ubna_data_01_mir/recover-20220818/UBNA_004/20220818_070000.WAV,Foliage,recover-20220818,004,1795
411.0515,411.0697,24609.0,29609.0,Nyctalus leisleri,0.153,0.268,-1,Echolocation,/mnt/ubna_data_01_mir/recover-20220818/UBNA_004/20220818_070000.WAV,Foliage,recover-20220818,004,1795
411.3325,411.3506,24609.0,27888.0,Nyctalus leisleri,0.417,0.484,-1,Echolocation,/mnt/ubna_data_01_mir/recover-20220818/UBNA_004/20220818_070000.WAV,Foliage,recover-20220818,004,1795
411.8935,411.9139,24609.0,27980.0,Nyctalus leisleri,0.263,0.376,-1,Echolocation,/mnt/ubna_data_01_mir/recover-20220818/UBNA_004/20220818_070000.WAV,Foliage,recover-20220818,004,1795
412.1735,412.1895,24609.0,28250.0,Nyctalus leisleri,0.19,0.299,-1,Echolocation,/mnt/ubna_data_01_mir/recover-20220818/UBNA_004/20220818_070000.WAV,Foliage,recover-20220818,004,1795
475.4485,475.4622,23750.0,29409.0,Eptesicus serotinus,0.209,0.449,-1,Echolocation,/mnt/ubna_data_01_mir/recover-20220818/UBNA_004/20220818_070000.WAV,Foliage,recover-20220818,004,1795
475.9865,475.9994,24609.0,31115.0,Eptesicus serotinus,0.132,0.311,-1,Echolocation,/mnt/ubna_data_01_mir/recover-20220818/UBNA_004/20220818_070000.WAV,Foliage,recover-20220818,004,1795
476.3795,476.395,23750.0,28021.0,Nyctalus leisleri,0.247,0.444,-1,Echolocation,/mnt/ubna_data_01_mir/recover-20220818/UBNA_004/20220818_070000.WAV,Foliage,recover-20220818,004,1795
476.7745,476.79,24609.0,28644.0,Nyctalus leisleri,0.349,0.483,-1,Echolocation,/mnt/ubna_data_01_mir/recover-20220818/UBNA_004/20220818_070000.WAV,Foliage,recover-20220818,004,1795
477.1705,477.1845,24609.0,28657.0,Nyctalus leisleri,0.315,0.527,-1,Echolocation,/mnt/ubna_data_01_mir/recover-20220818/UBNA_004/20220818_070000.WAV,Foliage,recover-20220818,004,1795
477.5685,477.5835,24609.0,30218.0,Eptesicus serotinus,0.221,0.5,-1,Echolocation,/mnt/ubna_data_01_mir/recover-20220818/UBNA_004/20220818_070000.WAV,Foliage,recover-20220818,004,1795
477.9635,477.9773,24609.0,30351.0,Nyctalus leisleri,0.347,0.565,-1,Echolocation,/mnt/ubna_data_01_mir/recover-20220818/UBNA_004/20220818_070000.WAV,Foliage,recover-20220818,004,1795
478.3525,478.3681,24609.0,29091.0,Nyctalus leisleri,0.337,0.584,-1,Echolocation,/mnt/ubna_data_01_mir/recover-20220818/UBNA_004/20220818_070000.WAV,Foliage,recover-20220818,004,1795
478.8755,478.8891,24609.0,29776.0,Nyctalus leisleri,0.455,0.658,-1,Echolocation,/mnt/ubna_data_01_mir/recover-20220818/UBNA_004/20220818_070000.WAV,Foliage,recover-20220818,004,1795
479.3915,479.4053,25468.0,29986.0,Nyctalus leisleri,0.374,0.593,-1,Echolocation,/mnt/ubna_data_01_mir/recover-20220818/UBNA_004/20220818_070000.WAV,Foliage,recover-20220818,004,1795
479.6505,479.6624,26328.0,31762.0,Nyctalus leisleri,0.332,0.52,-1,Echolocation,/mnt/ubna_data_01_mir/recover-20220818/UBNA_004/20220818_070000.WAV,Foliage,recover-20220818,004,1795
480.0395,480.0556,25468.0,28930.0,Nyctalus leisleri,0.4,0.521,-1,Echolocation,/mnt/ubna_data_01_mir/recover-20220818/UBNA_004/20220818_070000.WAV,Foliage,recover-20220818,004,1795
480.4265,480.4425,24609.0,30268.0,Nyctalus leisleri,0.326,0.489,-1,Echolocation,/mnt/ubna_data_01_mir/recover-20220818/UBNA_004/20220818_070000.WAV,Foliage,recover-20220818,004,1795
480.8095,480.8257,25468.0,30888.0,Eptesicus serotinus,0.197,0.479,-1,Echolocation,/mnt/ubna_data_01_mir/recover-20220818/UBNA_004/20220818_070000.WAV,Foliage,recover-20220818,004,1795
481.2095,481.2223,25468.0,31515.0,Nyctalus leisleri,0.44,0.629,-1,Echolocation,/mnt/ubna_data_01_mir/recover-20220818/UBNA_004/20220818_070000.WAV,Foliage,recover-20220818,004,1795
481.4775,481.4912,24609.0,29825.0,Nyctalus leisleri,0.497,0.645,-1,Echolocation,/mnt/ubna_data_01_mir/recover-20220818/UBNA_004/20220818_070000.WAV,Foliage,recover-20220818,004,1795
481.7455,481.7617,25468.0,30275.0,Nyctalus leisleri,0.404,0.526,-1,Echolocation,/mnt/ubna_data_01_mir/recover-20220818/UBNA_004/20220818_070000.WAV,Foliage,recover-20220818,004,1795
512.8825,512.9055,24609.0,27830.0,Nyctalus leisleri,0.162,0.218,-1,Echolocation,/mnt/ubna_data_01_mir/recover-20220818/UBNA_004/20220818_070000.WAV,Foliage,recover-20220818,004,1795
514.5155,514.5346,24609.0,28541.0,Nyctalus leisleri,0.192,0.295,-1,Echolocation,/mnt/ubna_data_01_mir/recover-20220818/UBNA_004/20220818_070000.WAV,Foliage,recover-20220818,004,1795
514.8215,514.8358,24609.0,28949.0,Nyctalus leisleri,0.379,0.574,-1,Echolocation,/mnt/ubna_data_01_mir/recover-20220818/UBNA_004/20220818_070000.WAV,Foliage,recover-20220818,004,1795
620.4115,620.4314,24609.0,27464.0,Nyctalus leisleri,0.218,0.279,-1,Echolocation,/mnt/ubna_data_01_mir/recover-20220818/UBNA_004/20220818_070000.WAV,Foliage,recover-20220818,004,1795
621.0965,621.1164,23750.0,28378.0,Nyctalus leisleri,0.329,0.45,-1,Echolocation,/mnt/ubna_data_01_mir/recover-20220818/UBNA_004/20220818_070000.WAV,Foliage,recover-20220818,004,1795
621.7825,621.8,23750.0,27263.0,Nyctalus leisleri,0.311,0.365,-1,Echolocation,/mnt/ubna_data_01_mir/recover-20220818/UBNA_004/20220818_070000.WAV,Foliage,recover-20220818,004,1795
622.4605,622.4835,23750.0,27868.0,Nyctalus leisleri,0.36,0.442,-1,Echolocation,/mnt/ubna_data_01_mir/recover-20220818/UBNA_004/20220818_070000.WAV,Foliage,recover-20220818,004,1795
622.7425,622.7619,23750.0,27154.0,Nyctalus leisleri,0.466,0.54,-1,Echolocation,/mnt/ubna_data_01_mir/recover-20220818/UBNA_004/20220818_070000.WAV,Foliage,recover-20220818,004,1795
623.2725,623.2908,23750.0,27898.0,Nyctalus leisleri,0.473,0.561,-1,Echolocation,/mnt/ubna_data_01_mir/recover-20220818/UBNA_004/20220818_070000.WAV,Foliage,recover-20220818,004,1795
625.6855,625.7069,23750.0,27662.0,Nyctalus leisleri,0.173,0.266,-1,Echolocation,/mnt/ubna_data_01_mir/recover-20220818/UBNA_004/20220818_070000.WAV,Foliage,recover-20220818,004,1795
626.6085,626.6348,23750.0,27513.0,Nyctalus leisleri,0.175,0.244,-1,Echolocation,/mnt/ubna_data_01_mir/recover-20220818/UBNA_004/20220818_070000.WAV,Foliage,recover-20220818,004,1795
627.4135,627.4333,24609.0,27507.0,Nyctalus leisleri,0.257,0.325,-1,Echolocation,/mnt/ubna_data_01_mir/recover-20220818/UBNA_004/20220818_070000.WAV,Foliage,recover-20220818,004,1795
628.2085,628.2262,24609.0,27518.0,Nyctalus leisleri,0.39,0.465,-1,Echolocation,/mnt/ubna_data_01_mir/recover-20220818/UBNA_004/20220818_070000.WAV,Foliage,recover-20220818,004,1795
628.6055,628.6253,24609.0,27918.0,Nyctalus leisleri,0.305,0.381,-1,Echolocation,/mnt/ubna_data_01_mir/recover-20220818/UBNA_004/20220818_070000.WAV,Foliage,recover-20220818,004,1795
628.8765,628.8937,23750.0,26556.0,Nyctalus leisleri,0.611,0.669,-1,Echolocation,/mnt/ubna_data_01_mir/recover-20220818/UBNA_004/20220818_070000.WAV,Foliage,recover-20220818,004,1795
629.1385,629.1546,23750.0,26423.0,Nyctalus leisleri,0.449,0.566,-1,Echolocation,/mnt/ubna_data_01_mir/recover-20220818/UBNA_004/20220818_070000.WAV,Foliage,recover-20220818,004,1795
629.3895,629.4048,23750.0,28390.0,Nyctalus leisleri,0.493,0.607,-1,Echolocation,/mnt/ubna_data_01_mir/recover-20220818/UBNA_004/20220818_070000.WAV,Foliage,recover-20220818,004,1795
629.6635,629.6811,23750.0,27600.0,Nyctalus leisleri,0.529,0.612,-1,Echolocation,/mnt/ubna_data_01_mir/recover-20220818/UBNA_004/20220818_070000.WAV,Foliage,recover-20220818,004,1795
629.6995,629.7077,45234.0,63596.0,Pipistrellus pipistrellus,0.118,0.209,-1,Echolocation,/mnt/ubna_data_01_mir/recover-20220818/UBNA_004/20220818_070000.WAV,Foliage,recover-20220818,004,1795
629.7885,629.8021,44375.0,49927.0,Pipistrellus pipistrellus,0.192,0.24,-1,Echolocation,/mnt/ubna_data_01_mir/recover-20220818/UBNA_004/20220818_070000.WAV,Foliage,recover-20220818,004,1795
629.9665,629.9742,43515.0,61701.0,Pipistrellus pipistrellus,0.253,0.477,-1,Echolocation,/mnt/ubna_data_01_mir/recover-20220818/UBNA_004/20220818_070000.WAV,Foliage,recover-20220818,004,1795
630.0545,630.0624,46093.0,60022.0,Pipistrellus pipistrellus,0.319,0.37,-1,Echolocation,/mnt/ubna_data_01_mir/recover-20220818/UBNA_004/20220818_070000.WAV,Foliage,recover-20220818,004,1795
630.1475,630.1535,42656.0,60639.0,Myotis daubentonii,0.112,0.437,-1,Echolocation,/mnt/ubna_data_01_mir/recover-20220818/UBNA_004/20220818_070000.WAV,Foliage,recover-20220818,004,1795
630.2355,630.2416,45234.0,62710.0,Pipistrellus pipistrellus,0.352,0.457,-1,Echolocation,/mnt/ubna_data_01_mir/recover-20220818/UBNA_004/20220818_070000.WAV,Foliage,recover-20220818,004,1795
630.3335,630.3406,46953.0,61990.0,Pipistrellus pipistrellus,0.42,0.466,-1,Echolocation,/mnt/ubna_data_01_mir/recover-20220818/UBNA_004/20220818_070000.WAV,Foliage,recover-20220818,004,1795
630.4205,630.4279,45234.0,62657.0,Pipistrellus pipistrellus,0.287,0.443,-1,Echolocation,/mnt/ubna_data_01_mir/recover-20220818/UBNA_004/20220818_070000.WAV,Foliage,recover-20220818,004,1795
630.4735,630.4927,23750.0,27417.0,Nyctalus leisleri,0.465,0.523,-1,Echolocation,/mnt/ubna_data_01_mir/recover-20220818/UBNA_004/20220818_070000.WAV,Foliage,recover-20220818,004,1795
630.5105,630.5163,45234.0,62379.0,Pipistrellus pipistrellus,0.37,0.545,-1,Echolocation,/mnt/ubna_data_01_mir/recover-20220818/UBNA_004/20220818_070000.WAV,Foliage,recover-20220818,004,1795
630.6005,630.6054,38359.0,68825.0,Myotis mystacinus,0.065,0.217,-1,Echolocation,/mnt/ubna_data_01_mir/recover-20220818/UBNA_004/20220818_070000.WAV,Foliage,recover-20220818,004,1795
630.6015,630.6091,46093.0,63953.0,Pipistrellus pipistrellus,0.223,0.304,-1,Echolocation,/mnt/ubna_data_01_mir/recover-20220818/UBNA_004/20220818_070000.WAV,Foliage,recover-20220818,004,1795
630.6845,630.6905,44375.0,64347.0,Pipistrellus pipistrellus,0.205,0.488,-1,Echolocation,/mnt/ubna_data_01_mir/recover-20220818/UBNA_004/20220818_070000.WAV,Foliage,recover-20220818,004,1795
630.7935,630.8001,45234.0,62921.0,Pipistrellus pipistrellus,0.231,0.523,-1,Echolocation,/mnt/ubna_data_01_mir/recover-20220818/UBNA_004/20220818_070000.WAV,Foliage,recover-20220818,004,1795
630.8705,630.8766,46953.0,65567.0,Pipistrellus pipistrellus,0.337,0.374,-1,Echolocation,/mnt/ubna_data_01_mir/recover-20220818/UBNA_004/20220818_070000.WAV,Foliage,recover-20220818,004,1795
630.8835,630.9062,23750.0,27526.0,Nyctalus leisleri,0.268,0.332,-1,Echolocation,/mnt/ubna_data_01_mir/recover-20220818/UBNA_004/20220818_070000.WAV,Foliage,recover-20220818,004,1795
630.9505,630.9563,44375.0,68790.0,Pipistrellus pipistrellus,0.147,0.458,-1,Echolocation,/mnt/ubna_data_01_mir/recover-20220818/UBNA_004/20220818_070000.WAV,Foliage,recover-20220818,004,1795
631.0215,631.0265,44375.0,65050.0,Pipistrellus pipistrellus,0.278,0.572,-1,Echolocation,/mnt/ubna_data_01_mir/recover-20220818/UBNA_004/20220818_070000.WAV,Foliage,recover-20220818,004,1795
631.0945,631.1002,47812.0,63855.0,Pipistrellus pipistrellus,0.489,0.624,-1,Echolocation,/mnt/ubna_data_01_mir/recover-20220818/UBNA_004/20220818_070000.WAV,Foliage,recover-20220818,004,1795
631.1595,631.164,41796.0,64082.0,Myotis daubentonii,0.144,0.399,-1,Echolocation,/mnt/ubna_data_01_mir/recover-20220818/UBNA_004/20220818_070000.WAV,Foliage,recover-20220818,004,1795
631.2295,631.2347,46093.0,66793.0,Pipistrellus pipistrellus,0.319,0.373,-1,Echolocation,/mnt/ubna_data_01_mir/recover-20220818/UBNA_004/20220818_070000.WAV,Foliage,recover-20220818,004,1795
631.2885,631.2935,47812.0,60617.0,Pipistrellus pipistrellus,0.511,0.548,-1,Echolocation,/mnt/ubna_data_01_mir/recover-20220818/UBNA_004/20220818_070000.WAV,Foliage,recover-20220818,004,1795
631.3505,631.3558,46093.0,62201.0,Pipistrellus pipistrellus,0.426,0.621,-1,Echolocation,/mnt/ubna_data_01_mir/recover-20220818/UBNA_004/20220818_070000.WAV,Foliage,recover-20220818,004,1795
631.4215,631.4262,47812.0,57106.0,Pipistrellus pipistrellus,0.31,0.318,-1,Echolocation,/mnt/ubna_data_01_mir/recover-20220818/UBNA_004/20220818_070000.WAV,Foliage,recover-20220818,004,1795
631.4815,631.4866,46953.0,58933.0,Pipistrellus pipistrellus,0.471,0.508,-1,Echolocation,/mnt/ubna_data_01_mir/recover-20220818/UBNA_004/20220818_070000.WAV,Foliage,recover-20220818,004,1795
631.5545,631.562,46953.0,66932.0,Pipistrellus pipistrellus,0.295,0.433,-1,Echolocation,/mnt/ubna_data_01_mir/recover-20220818/UBNA_004/20220818_070000.WAV,Foliage,recover-20220818,004,1795
631.6135,631.6193,47812.0,67103.0,Pipistrellus pipistrellus,0.335,0.477,-1,Echolocation,/mnt/ubna_data_01_mir/recover-20220818/UBNA_004/20220818_070000.WAV,Foliage,recover-20220818,004,1795
631.6735,631.6795,46953.0,63713.0,Pipistrellus pipistrellus,0.233,0.368,-1,Echolocation,/mnt/ubna_data_01_mir/recover-20220818/UBNA_004/20220818_070000.WAV,Foliage,recover-20220818,004,1795
631.7535,631.7603,46093.0,62991.0,Pipistrellus pipistrellus,0.318,0.487,-1,Echolocation,/mnt/ubna_data_01_mir/recover-20220818/UBNA_004/20220818_070000.WAV,Foliage,recover-20220818,004,1795
631.7885,631.8027,25468.0,30059.0,Nyctalus leisleri,0.162,0.284,-1,Echolocation,/mnt/ubna_data_01_mir/recover-20220818/UBNA_004/20220818_070000.WAV,Foliage,recover-20220818,004,1795
631.8245,631.834,47812.0,63305.0,Pipistrellus pipistrellus,0.233,0.276,-1,Echolocation,/mnt/ubna_data_01_mir/recover-20220818/UBNA_004/20220818_070000.WAV,Foliage,recover-20220818,004,1795
631.8855,631.89,46953.0,56913.0,Pipistrellus pipistrellus,0.359,0.433,-1,Echolocation,/mnt/ubna_data_01_mir/recover-20220818/UBNA_004/20220818_070000.WAV,Foliage,recover-20220818,004,1795
632.0585,632.0666,45234.0,60674.0,Pipistrellus pipistrellus,0.24,0.422,-1,Echolocation,/mnt/ubna_data_01_mir/recover-20220818/UBNA_004/20220818_070000.WAV,Foliage,recover-20220818,004,1795
632.1175,632.126,46093.0,55114.0,Pipistrellus pipistrellus,0.199,0.231,-1,Echolocation,/mnt/ubna_data_01_mir/recover-20220818/UBNA_004/20220818_070000.WAV,Foliage,recover-20220818,004,1795
632.3375,632.3466,46953.0,58761.0,Pipistrellus pipistrellus,0.187,0.222,-1,Echolocation,/mnt/ubna_data_01_mir/recover-20220818/UBNA_004/20220818_070000.WAV,Foliage,recover-20220818,004,1795
632.3915,632.4097,24609.0,29620.0,Nyctalus leisleri,0.285,0.425,-1,Echolocation,/mnt/ubna_data_01_mir/recover-20220818/UBNA_004/20220818_070000.WAV,Foliage,recover-20220818,004,1795
632.5545,632.5721,24609.0,28692.0,Nyctalus leisleri,0.405,0.539,-1,Echolocation,/mnt/ubna_data_01_mir/recover-20220818/UBNA_004/20220818_070000.WAV,Foliage,recover-20220818,004,1795
633.0395,633.0488,44375.0,53681.0,Pipistrellus pipistrellus,0.239,0.336,-1,Echolocation,/mnt/ubna_data_01_mir/recover-20220818/UBNA_004/20220818_070000.WAV,Foliage,recover-20220818,004,1795
633.2275,633.2515,24609.0,28119.0,Nyctalus leisleri,0.191,0.258,-1,Echolocation,/mnt/ubna_data_01_mir/recover-20220818/UBNA_004/20220818_070000.WAV,Foliage,recover-20220818,004,1795
633.5035,633.5232,24609.0,29241.0,Nyctalus leisleri,0.134,0.268,-1,Echolocation,/mnt/ubna_data_01_mir/recover-20220818/UBNA_004/20220818_070000.WAV,Foliage,recover-20220818,004,1795
633.6325,633.6539,23750.0,28562.0,Nyctalus leisleri,0.146,0.258,-1,Echolocation,/mnt/ubna_data_01_mir/recover-20220818/UBNA_004/20220818_070000.WAV,Foliage,recover-20220818,004,1795
634.6725,634.6857,25468.0,32167.0,Nyctalus leisleri,0.099,0.225,-1,Echolocation,/mnt/ubna_data_01_mir/recover-20220818/UBNA_004/20220818_070000.WAV,Foliage,recover-20220818,004,1795
635.0825,635.0946,26328.0,31097.0,Nyctalus leisleri,0.243,0.43,-1,Echolocation,/mnt/ubna_data_01_mir/recover-20220818/UBNA_004/20220818_070000.WAV,Foliage,recover-20220818,004,1795
635.1965,635.2076,25468.0,30992.0,Nyctalus leisleri,0.314,0.548,-1,Echolocation,/mnt/ubna_data_01_mir/recover-20220818/UBNA_004/20220818_070000.WAV,Foliage,recover-20220818,004,1795
635.3115,635.3218,26328.0,35843.0,Eptesicus serotinus,0.386,0.622,-1,Echolocation,/mnt/ubna_data_01_mir/recover-20220818/UBNA_004/20220818_070000.WAV,Foliage,recover-20220818,004,1795
635.4635,635.4764,25468.0,28767.0,Nyctalus leisleri,0.192,0.304,-1,Echolocation,/mnt/ubna_data_01_mir/recover-20220818/UBNA_004/20220818_070000.WAV,Foliage,recover-20220818,004,1795
635.6935,635.7127,23750.0,28314.0,Nyctalus leisleri,0.365,0.477,-1,Echolocation,/mnt/ubna_data_01_mir/recover-20220818/UBNA_004/20220818_070000.WAV,Foliage,recover-20220818,004,1795
635.9325,635.9469,24609.0,30039.0,Nyctalus leisleri,0.353,0.569,-1,Echolocation,/mnt/ubna_data_01_mir/recover-20220818/UBNA_004/20220818_070000.WAV,Foliage,recover-20220818,004,1795
636.1805,636.1962,23750.0,28224.0,Nyctalus leisleri,0.491,0.638,-1,Echolocation,/mnt/ubna_data_01_mir/recover-20220818/UBNA_004/20220818_070000.WAV,Foliage,recover-20220818,004,1795
636.4265,636.4414,24609.0,27674.0,Nyctalus leisleri,0.578,0.645,-1,Echolocation,/mnt/ubna_data_01_mir/recover-20220818/UBNA_004/20220818_070000.WAV,Foliage,recover-20220818,004,1795
636.5485,636.5687,24609.0,28301.0,Nyctalus leisleri,0.164,0.245,-1,Echolocation,/mnt/ubna_data_01_mir/recover-20220818/UBNA_004/20220818_070000.WAV,Foliage,recover-20220818,004,1795
636.9265,636.9391,23750.0,29766.0,Nyctalus leisleri,0.229,0.363,-1,Echolocation,/mnt/ubna_data_01_mir/recover-20220818/UBNA_004/20220818_070000.WAV,Foliage,recover-20220818,004,1795
637.5015,637.5227,24609.0,27826.0,Nyctalus leisleri,0.326,0.403,-1,Echolocation,/mnt/ubna_data_01_mir/recover-20220818/UBNA_004/20220818_070000.WAV,Foliage,recover-20220818,004,1795
638.1935,638.2098,23750.0,27320.0,Nyctalus leisleri,0.524,0.6,-1,Echolocation,/mnt/ubna_data_01_mir/recover-20220818/UBNA_004/20220818_070000.WAV,Foliage,recover-20220818,004,1795
638.5955,638.6054,48671.0,57691.0,Pipistrellus pipistrellus,0.249,0.268,-1,Echolocation,/mnt/ubna_data_01_mir/recover-20220818/UBNA_004/20220818_070000.WAV,Foliage,recover-20220818,004,1795
638.6805,638.6982,24609.0,29323.0,Nyctalus leisleri,0.35,0.476,-1,Echolocation,/mnt/ubna_data_01_mir/recover-20220818/UBNA_004/20220818_070000.WAV,Foliage,recover-20220818,004,1795
638.7715,638.7788,47812.0,64112.0,Pipistrellus pipistrellus,0.398,0.473,-1,Echolocation,/mnt/ubna_data_01_mir/recover-20220818/UBNA_004/20220818_070000.WAV,Foliage,recover-20220818,004,1795
638.9595,638.9714,47812.0,53596.0,Pipistrellus pipistrellus,0.217,0.229,-1,Echolocation,/mnt/ubna_data_01_mir/recover-20220818/UBNA_004/20220818_070000.WAV,Foliage,recover-20220818,004,1795
639.0435,639.0647,23750.0,28983.0,Nyctalus leisleri,0.159,0.303,-1,Echolocation,/mnt/ubna_data_01_mir/recover-20220818/UBNA_004/20220818_070000.WAV,Foliage,recover-20220818,004,1795
639.1175,639.1262,44375.0,62100.0,Pipistrellus pipistrellus,0.259,0.52,-1,Echolocation,/mnt/ubna_data_01_mir/recover-20220818/UBNA_004/20220818_070000.WAV,Foliage,recover-20220818,004,1795
639.2045,639.2104,44375.0,64932.0,Pipistrellus pipistrellus,0.519,0.615,-1,Echolocation,/mnt/ubna_data_01_mir/recover-20220818/UBNA_004/20220818_070000.WAV,Foliage,recover-20220818,004,1795
639.3815,639.3932,45234.0,57691.0,Pipistrellus pipistrellus,0.416,0.552,-1,Echolocation,/mnt/ubna_data_01_mir/recover-20220818/UBNA_004/20220818_070000.WAV,Foliage,recover-20220818,004,1795
639.4725,639.4821,43515.0,63054.0,Pipistrellus pipistrellus,0.273,0.505,-1,Echolocation,/mnt/ubna_data_01_mir/recover-20220818/UBNA_004/20220818_070000.WAV,Foliage,recover-20220818,004,1795
639.6545,639.6648,45234.0,52646.0,Pipistrellus pipistrellus,0.36,0.415,-1,Echolocation,/mnt/ubna_data_01_mir/recover-20220818/UBNA_004/20220818_070000.WAV,Foliage,recover-20220818,004,1795
639.8065,639.8305,24609.0,27889.0,Nyctalus leisleri,0.185,0.245,-1,Echolocation,/mnt/ubna_data_01_mir/recover-20220818/UBNA_004/20220818_070000.WAV,Foliage,recover-20220818,004,1795
639.9675,639.9901,24609.0,28600.0,Nyctalus leisleri,0.134,0.218,-1,Echolocation,/mnt/ubna_data_01_mir/recover-20220818/UBNA_004/20220818_070000.WAV,Foliage,recover-20220818,004,1795
640.0325,640.0427999999999,42656.0,55276.0,Pipistrellus nathusii,0.162,0.25,-1,Echolocation,/mnt/ubna_data_01_mir/recover-20220818/UBNA_004/20220818_070000.WAV,Foliage,recover-20220818,004,1795
640.6215,640.6473,24609.0,27792.0,Nyctalus leisleri,0.166,0.225,-1,Echolocation,/mnt/ubna_data_01_mir/recover-20220818/UBNA_004/20220818_070000.WAV,Foliage,recover-20220818,004,1795
641.4355,641.456,23750.0,26985.0,Nyctalus leisleri,0.239,0.297,-1,Echolocation,/mnt/ubna_data_01_mir/recover-20220818/UBNA_004/20220818_070000.WAV,Foliage,recover-20220818,004,1795
644.5645,644.5896,22890.0,26660.0,Nyctalus leisleri,0.154,0.202,-1,Echolocation,/mnt/ubna_data_01_mir/recover-20220818/UBNA_004/20220818_070000.WAV,Foliage,recover-20220818,004,1795
662.6125,662.6178,24609.0,36464.0,Plecotus austriacus,0.154,0.229,-1,Echolocation,/mnt/ubna_data_01_mir/recover-20220818/UBNA_004/20220818_070000.WAV,Foliage,recover-20220818,004,1795
666.5785,666.5971,22890.0,27863.0,Nyctalus leisleri,0.107,0.266,-1,Echolocation,/mnt/ubna_data_01_mir/recover-20220818/UBNA_004/20220818_070000.WAV,Foliage,recover-20220818,004,1795
667.6205,667.6381,24609.0,28822.0,Nyctalus leisleri,0.244,0.371,-1,Echolocation,/mnt/ubna_data_01_mir/recover-20220818/UBNA_004/20220818_070000.WAV,Foliage,recover-20220818,004,1795
668.2775,668.3,24609.0,27754.0,Nyctalus leisleri,0.237,0.311,-1,Echolocation,/mnt/ubna_data_01_mir/recover-20220818/UBNA_004/20220818_070000.WAV,Foliage,recover-20220818,004,1795
669.0735,669.0974,23750.0,29171.0,Nyctalus leisleri,0.127,0.278,-1,Echolocation,/mnt/ubna_data_01_mir/recover-20220818/UBNA_004/20220818_070000.WAV,Foliage,recover-20220818,004,1795
682.4075,682.4164,28906.0,35423.0,Eptesicus serotinus,0.133,0.205,-1,Echolocation,/mnt/ubna_data_01_mir/recover-20220818/UBNA_004/20220818_070000.WAV,Foliage,recover-20220818,004,1795
707.2535,707.2711,25468.0,28945.0,Nyctalus leisleri,0.324,0.411,-1,Echolocation,/mnt/ubna_data_01_mir/recover-20220818/UBNA_004/20220818_070000.WAV,Foliage,recover-20220818,004,1795
707.5245,707.5424,25468.0,28851.0,Nyctalus leisleri,0.27,0.379,-1,Echolocation,/mnt/ubna_data_01_mir/recover-20220818/UBNA_004/20220818_070000.WAV,Foliage,recover-20220818,004,1795
708.0615,708.0829,25468.0,28662.0,Nyctalus leisleri,0.208,0.278,-1,Echolocation,/mnt/ubna_data_01_mir/recover-20220818/UBNA_004/20220818_070000.WAV,Foliage,recover-20220818,004,1795
709.1825,709.2065,24609.0,28264.0,Nyctalus leisleri,0.27,0.352,-1,Echolocation,/mnt/ubna_data_01_mir/recover-20220818/UBNA_004/20220818_070000.WAV,Foliage,recover-20220818,004,1795
712.3085,712.3272,24609.0,27856.0,Nyctalus leisleri,0.209,0.295,-1,Echolocation,/mnt/ubna_data_01_mir/recover-20220818/UBNA_004/20220818_070000.WAV,Foliage,recover-20220818,004,1795
719.1175,719.135,27187.0,30887.0,Nyctalus leisleri,0.184,0.265,-1,Echolocation,/mnt/ubna_data_01_mir/recover-20220818/UBNA_004/20220818_070000.WAV,Foliage,recover-20220818,004,1795
719.6665,719.6852,25468.0,30428.0,Nyctalus leisleri,0.205,0.326,-1,Echolocation,/mnt/ubna_data_01_mir/recover-20220818/UBNA_004/20220818_070000.WAV,Foliage,recover-20220818,004,1795
719.8255,719.8429,25468.0,29041.0,Nyctalus leisleri,0.207,0.271,-1,Echolocation,/mnt/ubna_data_01_mir/recover-20220818/UBNA_004/20220818_070000.WAV,Foliage,recover-20220818,004,1795
722.4765,722.4944,25468.0,30011.0,Nyctalus leisleri,0.154,0.246,-1,Echolocation,/mnt/ubna_data_01_mir/recover-20220818/UBNA_004/20220818_070000.WAV,Foliage,recover-20220818,004,1795
722.9235,722.9411,25468.0,29450.0,Nyctalus leisleri,0.25,0.385,-1,Echolocation,/mnt/ubna_data_01_mir/recover-20220818/UBNA_004/20220818_070000.WAV,Foliage,recover-20220818,004,1795
724.1845,724.2008,26328.0,29783.0,Nyctalus leisleri,0.142,0.212,-1,Echolocation,/mnt/ubna_data_01_mir/recover-20220818/UBNA_004/20220818_070000.WAV,Foliage,recover-20220818,004,1795
727.8915,727.9041,27187.0,32674.0,Eptesicus serotinus,0.133,0.275,-1,Echolocation,/mnt/ubna_data_01_mir/recover-20220818/UBNA_004/20220818_070000.WAV,Foliage,recover-20220818,004,1795
729.0655,729.0811,26328.0,31655.0,Nyctalus leisleri,0.12,0.24,-1,Echolocation,/mnt/ubna_data_01_mir/recover-20220818/UBNA_004/20220818_070000.WAV,Foliage,recover-20220818,004,1795
731.6865,731.7051,24609.0,28487.0,Nyctalus leisleri,0.363,0.474,-1,Echolocation,/mnt/ubna_data_01_mir/recover-20220818/UBNA_004/20220818_070000.WAV,Foliage,recover-20220818,004,1795
731.8335,731.8548,24609.0,29227.0,Nyctalus leisleri,0.098,0.202,-1,Echolocation,/mnt/ubna_data_01_mir/recover-20220818/UBNA_004/20220818_070000.WAV,Foliage,recover-20220818,004,1795
732.3485,732.3658,24609.0,28955.0,Nyctalus leisleri,0.337,0.482,-1,Echolocation,/mnt/ubna_data_01_mir/recover-20220818/UBNA_004/20220818_070000.WAV,Foliage,recover-20220818,004,1795
732.6105,732.6321,25468.0,28581.0,Nyctalus leisleri,0.191,0.256,-1,Echolocation,/mnt/ubna_data_01_mir/recover-20220818/UBNA_004/20220818_070000.WAV,Foliage,recover-20220818,004,1795
732.9805,732.9969,25468.0,30169.0,Nyctalus leisleri,0.192,0.295,-1,Echolocation,/mnt/ubna_data_01_mir/recover-20220818/UBNA_004/20220818_070000.WAV,Foliage,recover-20220818,004,1795
734.8935,734.9145,24609.0,27362.0,Nyctalus leisleri,0.275,0.327,-1,Echolocation,/mnt/ubna_data_01_mir/recover-20220818/UBNA_004/20220818_070000.WAV,Foliage,recover-20220818,004,1795
735.0465,735.067,24609.0,28391.0,Nyctalus leisleri,0.196,0.288,-1,Echolocation,/mnt/ubna_data_01_mir/recover-20220818/UBNA_004/20220818_070000.WAV,Foliage,recover-20220818,004,1795
736.5435,736.5619,24609.0,29117.0,Nyctalus leisleri,0.244,0.353,-1,Echolocation,/mnt/ubna_data_01_mir/recover-20220818/UBNA_004/20220818_070000.WAV,Foliage,recover-20220818,004,1795
736.7955,736.8161,24609.0,28460.0,Nyctalus leisleri,0.326,0.41,-1,Echolocation,/mnt/ubna_data_01_mir/recover-20220818/UBNA_004/20220818_070000.WAV,Foliage,recover-20220818,004,1795
737.2305,737.2523,24609.0,28613.0,Nyctalus leisleri,0.216,0.3,-1,Echolocation,/mnt/ubna_data_01_mir/recover-20220818/UBNA_004/20220818_070000.WAV,Foliage,recover-20220818,004,1795
737.4215,737.4376,24609.0,28089.0,Nyctalus leisleri,0.289,0.424,-1,Echolocation,/mnt/ubna_data_01_mir/recover-20220818/UBNA_004/20220818_070000.WAV,Foliage,recover-20220818,004,1795
737.7425,737.7602,25468.0,29554.0,Nyctalus leisleri,0.281,0.392,-1,Echolocation,/mnt/ubna_data_01_mir/recover-20220818/UBNA_004/20220818_070000.WAV,Foliage,recover-20220818,004,1795
738.0635,738.0804,24609.0,30703.0,Eptesicus serotinus,0.123,0.273,-1,Echolocation,/mnt/ubna_data_01_mir/recover-20220818/UBNA_004/20220818_070000.WAV,Foliage,recover-20220818,004,1795
740.2655,740.282,25468.0,30026.0,Nyctalus leisleri,0.182,0.27,-1,Echolocation,/mnt/ubna_data_01_mir/recover-20220818/UBNA_004/20220818_070000.WAV,Foliage,recover-20220818,004,1795
740.4065,740.4201,25468.0,32242.0,Nyctalus leisleri,0.304,0.48,-1,Echolocation,/mnt/ubna_data_01_mir/recover-20220818/UBNA_004/20220818_070000.WAV,Foliage,recover-20220818,004,1795
740.6685,740.6833,24609.0,29431.0,Nyctalus leisleri,0.442,0.551,-1,Echolocation,/mnt/ubna_data_01_mir/recover-20220818/UBNA_004/20220818_070000.WAV,Foliage,recover-20220818,004,1795
741.1525,741.1702,24609.0,29544.0,Nyctalus leisleri,0.373,0.492,-1,Echolocation,/mnt/ubna_data_01_mir/recover-20220818/UBNA_004/20220818_070000.WAV,Foliage,recover-20220818,004,1795
743.4675,743.4892,24609.0,28381.0,Nyctalus leisleri,0.114,0.203,-1,Echolocation,/mnt/ubna_data_01_mir/recover-20220818/UBNA_004/20220818_070000.WAV,Foliage,recover-20220818,004,1795
746.1195,746.1406,23750.0,27240.0,Nyctalus leisleri,0.202,0.261,-1,Echolocation,/mnt/ubna_data_01_mir/recover-20220818/UBNA_004/20220818_070000.WAV,Foliage,recover-20220818,004,1795
772.2335,772.25,24609.0,28157.0,Nyctalus leisleri,0.296,0.415,-1,Echolocation,/mnt/ubna_data_01_mir/recover-20220818/UBNA_004/20220818_070000.WAV,Foliage,recover-20220818,004,1795
775.4985,775.5222,22890.0,26754.0,Nyctalus leisleri,0.151,0.267,-1,Echolocation,/mnt/ubna_data_01_mir/recover-20220818/UBNA_004/20220818_070000.WAV,Foliage,recover-20220818,004,1795
776.7815,776.8044,22890.0,26850.0,Nyctalus leisleri,0.108,0.216,-1,Echolocation,/mnt/ubna_data_01_mir/recover-20220818/UBNA_004/20220818_070000.WAV,Foliage,recover-20220818,004,1795
777.6135,777.6377,23750.0,27016.0,Nyctalus leisleri,0.183,0.241,-1,Echolocation,/mnt/ubna_data_01_mir/recover-20220818/UBNA_004/20220818_070000.WAV,Foliage,recover-20220818,004,1795
778.5855,778.6067,23750.0,27234.0,Nyctalus leisleri,0.254,0.315,-1,Echolocation,/mnt/ubna_data_01_mir/recover-20220818/UBNA_004/20220818_070000.WAV,Foliage,recover-20220818,004,1795
810.9965,811.0183,23750.0,28114.0,Nyctalus leisleri,0.197,0.303,-1,Echolocation,/mnt/ubna_data_01_mir/recover-20220818/UBNA_004/20220818_070000.WAV,Foliage,recover-20220818,004,1795
813.8135,813.8347,24609.0,28728.0,Nyctalus leisleri,0.138,0.228,-1,Echolocation,/mnt/ubna_data_01_mir/recover-20220818/UBNA_004/20220818_070000.WAV,Foliage,recover-20220818,004,1795
814.5085,814.5281,23750.0,27387.0,Nyctalus leisleri,0.292,0.339,-1,Echolocation,/mnt/ubna_data_01_mir/recover-20220818/UBNA_004/20220818_070000.WAV,Foliage,recover-20220818,004,1795
814.7935,814.8105,23750.0,26494.0,Nyctalus leisleri,0.355,0.395,-1,Echolocation,/mnt/ubna_data_01_mir/recover-20220818/UBNA_004/20220818_070000.WAV,Foliage,recover-20220818,004,1795
817.5855,817.6037,24609.0,27966.0,Nyctalus leisleri,0.302,0.398,-1,Echolocation,/mnt/ubna_data_01_mir/recover-20220818/UBNA_004/20220818_070000.WAV,Foliage,recover-20220818,004,1795
817.8315,817.846,23750.0,29399.0,Nyctalus leisleri,0.124,0.292,-1,Echolocation,/mnt/ubna_data_01_mir/recover-20220818/UBNA_004/20220818_070000.WAV,Foliage,recover-20220818,004,1795
818.0725,818.092,23750.0,28405.0,Nyctalus leisleri,0.214,0.32,-1,Echolocation,/mnt/ubna_data_01_mir/recover-20220818/UBNA_004/20220818_070000.WAV,Foliage,recover-20220818,004,1795
818.2255,818.2414,24609.0,29047.0,Nyctalus leisleri,0.115,0.243,-1,Echolocation,/mnt/ubna_data_01_mir/recover-20220818/UBNA_004/20220818_070000.WAV,Foliage,recover-20220818,004,1795
821.8455,821.8581,25468.0,31299.0,Nyctalus leisleri,0.287,0.502,-1,Echolocation,/mnt/ubna_data_01_mir/recover-20220818/UBNA_004/20220818_070000.WAV,Foliage,recover-20220818,004,1795
865.0325,865.0544,24609.0,29257.0,Nyctalus leisleri,0.133,0.245,-1,Echolocation,/mnt/ubna_data_01_mir/recover-20220818/UBNA_004/20220818_070000.WAV,Foliage,recover-20220818,004,1795
868.3725,868.3875,25468.0,30682.0,Eptesicus serotinus,0.12,0.264,-1,Echolocation,/mnt/ubna_data_01_mir/recover-20220818/UBNA_004/20220818_070000.WAV,Foliage,recover-20220818,004,1795
886.6785,886.6852,44375.0,56321.0,Pipistrellus pipistrellus,0.377,0.433,-1,Echolocation,/mnt/ubna_data_01_mir/recover-20220818/UBNA_004/20220818_070000.WAV,Foliage,recover-20220818,004,1795
887.3185,887.3298,44375.0,62331.0,Pipistrellus pipistrellus,0.273,0.477,-1,Echolocation,/mnt/ubna_data_01_mir/recover-20220818/UBNA_004/20220818_070000.WAV,Foliage,recover-20220818,004,1795
887.4235,887.4341,42656.0,57870.0,Pipistrellus pipistrellus,0.181,0.319,-1,Echolocation,/mnt/ubna_data_01_mir/recover-20220818/UBNA_004/20220818_070000.WAV,Foliage,recover-20220818,004,1795
957.5425,957.5629,24609.0,28694.0,Nyctalus leisleri,0.235,0.312,-1,Echolocation,/mnt/ubna_data_01_mir/recover-20220818/UBNA_004/20220818_070000.WAV,Foliage,recover-20220818,004,1795
972.3425,972.3572,25468.0,29766.0,Nyctalus leisleri,0.102,0.225,-1,Echolocation,/mnt/ubna_data_01_mir/recover-20220818/UBNA_004/20220818_070000.WAV,Foliage,recover-20220818,004,1795
980.8725,980.8941,24609.0,27517.0,Nyctalus leisleri,0.253,0.32,-1,Echolocation,/mnt/ubna_data_01_mir/recover-20220818/UBNA_004/20220818_070000.WAV,Foliage,recover-20220818,004,1795
981.5025,981.5212,23750.0,28058.0,Nyctalus leisleri,0.338,0.407,-1,Echolocation,/mnt/ubna_data_01_mir/recover-20220818/UBNA_004/20220818_070000.WAV,Foliage,recover-20220818,004,1795
981.6645,981.6808,24609.0,28980.0,Nyctalus leisleri,0.363,0.546,-1,Echolocation,/mnt/ubna_data_01_mir/recover-20220818/UBNA_004/20220818_070000.WAV,Foliage,recover-20220818,004,1795
982.1005,982.1205,25468.0,29465.0,Nyctalus leisleri,0.191,0.261,-1,Echolocation,/mnt/ubna_data_01_mir/recover-20220818/UBNA_004/20220818_070000.WAV,Foliage,recover-20220818,004,1795
982.3335,982.3484,24609.0,29405.0,Nyctalus leisleri,0.118,0.22,-1,Echolocation,/mnt/ubna_data_01_mir/recover-20220818/UBNA_004/20220818_070000.WAV,Foliage,recover-20220818,004,1795
982.5405,982.5563,25468.0,30174.0,Nyctalus leisleri,0.114,0.206,-1,Echolocation,/mnt/ubna_data_01_mir/recover-20220818/UBNA_004/20220818_070000.WAV,Foliage,recover-20220818,004,1795
983.5855,983.6043999999999,25468.0,28638.0,Nyctalus leisleri,0.343,0.412,-1,Echolocation,/mnt/ubna_data_01_mir/recover-20220818/UBNA_004/20220818_070000.WAV,Foliage,recover-20220818,004,1795
983.7455,983.7602,26328.0,30364.0,Nyctalus leisleri,0.113,0.212,-1,Echolocation,/mnt/ubna_data_01_mir/recover-20220818/UBNA_004/20220818_070000.WAV,Foliage,recover-20220818,004,1795
984.4045,984.4195,24609.0,29001.0,Nyctalus leisleri,0.195,0.27,-1,Echolocation,/mnt/ubna_data_01_mir/recover-20220818/UBNA_004/20220818_070000.WAV,Foliage,recover-20220818,004,1795
987.7875,987.8018,23750.0,29068.0,Nyctalus leisleri,0.127,0.33,-1,Echolocation,/mnt/ubna_data_01_mir/recover-20220818/UBNA_004/20220818_070000.WAV,Foliage,recover-20220818,004,1795
993.3195,993.3437,24609.0,27812.0,Nyctalus leisleri,0.157,0.23,-1,Echolocation,/mnt/ubna_data_01_mir/recover-20220818/UBNA_004/20220818_070000.WAV,Foliage,recover-20220818,004,1795
993.5725,993.5914,24609.0,28260.0,Nyctalus leisleri,0.357,0.452,-1,Echolocation,/mnt/ubna_data_01_mir/recover-20220818/UBNA_004/20220818_070000.WAV,Foliage,recover-20220818,004,1795
994.0855,994.1056,24609.0,27806.0,Nyctalus leisleri,0.34,0.426,-1,Echolocation,/mnt/ubna_data_01_mir/recover-20220818/UBNA_004/20220818_070000.WAV,Foliage,recover-20220818,004,1795
994.8585,994.8804,24609.0,27375.0,Nyctalus leisleri,0.349,0.417,-1,Echolocation,/mnt/ubna_data_01_mir/recover-20220818/UBNA_004/20220818_070000.WAV,Foliage,recover-20220818,004,1795
995.8125,995.8374,23750.0,28035.0,Nyctalus leisleri,0.274,0.359,-1,Echolocation,/mnt/ubna_data_01_mir/recover-20220818/UBNA_004/20220818_070000.WAV,Foliage,recover-20220818,004,1795
996.4645,996.4874,24609.0,27580.0,Nyctalus leisleri,0.33,0.389,-1,Echolocation,/mnt/ubna_data_01_mir/recover-20220818/UBNA_004/20220818_070000.WAV,Foliage,recover-20220818,004,1795
996.7335,996.7555,23750.0,27705.0,Nyctalus leisleri,0.388,0.457,-1,Echolocation,/mnt/ubna_data_01_mir/recover-20220818/UBNA_004/20220818_070000.WAV,Foliage,recover-20220818,004,1795
998.3825,998.3986,25468.0,29488.0,Nyctalus leisleri,0.186,0.322,-1,Echolocation,/mnt/ubna_data_01_mir/recover-20220818/UBNA_004/20220818_070000.WAV,Foliage,recover-20220818,004,1795
998.5735,998.5917,23750.0,29314.0,Nyctalus leisleri,0.284,0.481,-1,Echolocation,/mnt/ubna_data_01_mir/recover-20220818/UBNA_004/20220818_070000.WAV,Foliage,recover-20220818,004,1795
998.7775,998.7951,25468.0,29502.0,Nyctalus leisleri,0.231,0.337,-1,Echolocation,/mnt/ubna_data_01_mir/recover-20220818/UBNA_004/20220818_070000.WAV,Foliage,recover-20220818,004,1795
999.1085,999.124,24609.0,28609.0,Nyctalus leisleri,0.529,0.618,-1,Echolocation,/mnt/ubna_data_01_mir/recover-20220818/UBNA_004/20220818_070000.WAV,Foliage,recover-20220818,004,1795
999.8615,999.8802,24609.0,28576.0,Nyctalus leisleri,0.147,0.225,-1,Echolocation,/mnt/ubna_data_01_mir/recover-20220818/UBNA_004/20220818_070000.WAV,Foliage,recover-20220818,004,1795
1010.1895,1010.2029,40078.0,43379.0,Pipistrellus nathusii,0.242,0.253,-1,Echolocation,/mnt/ubna_data_01_mir/recover-20220818/UBNA_004/20220818_070000.WAV,Foliage,recover-20220818,004,1795
1023.7545,1023.7758,24609.0,28041.0,Nyctalus leisleri,0.156,0.237,-1,Echolocation,/mnt/ubna_data_01_mir/recover-20220818/UBNA_004/20220818_070000.WAV,Foliage,recover-20220818,004,1795
1024.5145,1024.5322,24609.0,28731.0,Nyctalus leisleri,0.359,0.47,-1,Echolocation,/mnt/ubna_data_01_mir/recover-20220818/UBNA_004/20220818_070000.WAV,Foliage,recover-20220818,004,1795
1025.2545,1025.2708,24609.0,29156.0,Nyctalus leisleri,0.271,0.414,-1,Echolocation,/mnt/ubna_data_01_mir/recover-20220818/UBNA_004/20220818_070000.WAV,Foliage,recover-20220818,004,1795
1025.7885,1025.8016,25468.0,30344.0,Nyctalus leisleri,0.216,0.333,-1,Echolocation,/mnt/ubna_data_01_mir/recover-20220818/UBNA_004/20220818_070000.WAV,Foliage,recover-20220818,004,1795
1026.1845,1026.1972,25468.0,31124.0,Nyctalus leisleri,0.182,0.314,-1,Echolocation,/mnt/ubna_data_01_mir/recover-20220818/UBNA_004/20220818_070000.WAV,Foliage,recover-20220818,004,1795
1028.4115,1028.4276,24609.0,29264.0,Nyctalus leisleri,0.327,0.457,-1,Echolocation,/mnt/ubna_data_01_mir/recover-20220818/UBNA_004/20220818_070000.WAV,Foliage,recover-20220818,004,1795
1029.1675,1029.1884,23750.0,28042.0,Nyctalus leisleri,0.402,0.491,-1,Echolocation,/mnt/ubna_data_01_mir/recover-20220818/UBNA_004/20220818_070000.WAV,Foliage,recover-20220818,004,1795
1029.5905,1029.6058,24609.0,27714.0,Nyctalus leisleri,0.544,0.62,-1,Echolocation,/mnt/ubna_data_01_mir/recover-20220818/UBNA_004/20220818_070000.WAV,Foliage,recover-20220818,004,1795
1030.6545,1030.6714,23750.0,28009.0,Nyctalus leisleri,0.195,0.278,-1,Echolocation,/mnt/ubna_data_01_mir/recover-20220818/UBNA_004/20220818_070000.WAV,Foliage,recover-20220818,004,1795
1032.6755,1032.6965,23750.0,27080.0,Nyctalus leisleri,0.134,0.205,-1,Echolocation,/mnt/ubna_data_01_mir/recover-20220818/UBNA_004/20220818_070000.WAV,Foliage,recover-20220818,004,1795
1032.9285,1032.9485,25468.0,29064.0,Nyctalus leisleri,0.119,0.205,-1,Echolocation,/mnt/ubna_data_01_mir/recover-20220818/UBNA_004/20220818_070000.WAV,Foliage,recover-20220818,004,1795
1033.1775,1033.1957,24609.0,28523.0,Nyctalus leisleri,0.255,0.365,-1,Echolocation,/mnt/ubna_data_01_mir/recover-20220818/UBNA_004/20220818_070000.WAV,Foliage,recover-20220818,004,1795
1033.4175,1033.436,25468.0,28707.0,Nyctalus leisleri,0.315,0.394,-1,Echolocation,/mnt/ubna_data_01_mir/recover-20220818/UBNA_004/20220818_070000.WAV,Foliage,recover-20220818,004,1795
1036.7475,1036.7638,24609.0,28136.0,Nyctalus leisleri,0.421,0.553,-1,Echolocation,/mnt/ubna_data_01_mir/recover-20220818/UBNA_004/20220818_070000.WAV,Foliage,recover-20220818,004,1795
1037.2495,1037.2713,24609.0,27804.0,Nyctalus leisleri,0.149,0.21,-1,Echolocation,/mnt/ubna_data_01_mir/recover-20220818/UBNA_004/20220818_070000.WAV,Foliage,recover-20220818,004,1795
1037.9755,1037.9911,25468.0,29990.0,Nyctalus leisleri,0.31,0.443,-1,Echolocation,/mnt/ubna_data_01_mir/recover-20220818/UBNA_004/20220818_070000.WAV,Foliage,recover-20220818,004,1795
1038.2195,1038.2442,24609.0,27684.0,Nyctalus leisleri,0.19,0.243,-1,Echolocation,/mnt/ubna_data_01_mir/recover-20220818/UBNA_004/20220818_070000.WAV,Foliage,recover-20220818,004,1795
1038.4845,1038.5016,24609.0,27910.0,Nyctalus leisleri,0.285,0.398,-1,Echolocation,/mnt/ubna_data_01_mir/recover-20220818/UBNA_004/20220818_070000.WAV,Foliage,recover-20220818,004,1795
1038.9895,1039.0118,24609.0,29230.0,Nyctalus leisleri,0.174,0.312,-1,Echolocation,/mnt/ubna_data_01_mir/recover-20220818/UBNA_004/20220818_070000.WAV,Foliage,recover-20220818,004,1795
1039.1075,1039.1257,24609.0,29154.0,Nyctalus leisleri,0.223,0.349,-1,Echolocation,/mnt/ubna_data_01_mir/recover-20220818/UBNA_004/20220818_070000.WAV,Foliage,recover-20220818,004,1795
1039.6255,1039.6506,24609.0,28578.0,Nyctalus leisleri,0.14,0.229,-1,Echolocation,/mnt/ubna_data_01_mir/recover-20220818/UBNA_004/20220818_070000.WAV,Foliage,recover-20220818,004,1795
1040.2505,1040.2717,24609.0,28217.0,Nyctalus leisleri,0.18,0.284,-1,Echolocation,/mnt/ubna_data_01_mir/recover-20220818/UBNA_004/20220818_070000.WAV,Foliage,recover-20220818,004,1795
1040.4385,1040.458,24609.0,28419.0,Nyctalus leisleri,0.204,0.289,-1,Echolocation,/mnt/ubna_data_01_mir/recover-20220818/UBNA_004/20220818_070000.WAV,Foliage,recover-20220818,004,1795
1041.1155,1041.1326,24609.0,27092.0,Nyctalus leisleri,0.51,0.571,-1,Echolocation,/mnt/ubna_data_01_mir/recover-20220818/UBNA_004/20220818_070000.WAV,Foliage,recover-20220818,004,1795
1041.3815,1041.3987,24609.0,28243.0,Nyctalus leisleri,0.33,0.428,-1,Echolocation,/mnt/ubna_data_01_mir/recover-20220818/UBNA_004/20220818_070000.WAV,Foliage,recover-20220818,004,1795
1042.0065,1042.0294,23750.0,27231.0,Nyctalus leisleri,0.352,0.41,-1,Echolocation,/mnt/ubna_data_01_mir/recover-20220818/UBNA_004/20220818_070000.WAV,Foliage,recover-20220818,004,1795
1042.7725,1042.7921,23750.0,27651.0,Nyctalus leisleri,0.468,0.539,-1,Echolocation,/mnt/ubna_data_01_mir/recover-20220818/UBNA_004/20220818_070000.WAV,Foliage,recover-20220818,004,1795
1043.4105,1043.4331,23750.0,28046.0,Nyctalus leisleri,0.228,0.313,-1,Echolocation,/mnt/ubna_data_01_mir/recover-20220818/UBNA_004/20220818_070000.WAV,Foliage,recover-20220818,004,1795
1044.1745,1044.1957,23750.0,27283.0,Nyctalus leisleri,0.241,0.306,-1,Echolocation,/mnt/ubna_data_01_mir/recover-20220818/UBNA_004/20220818_070000.WAV,Foliage,recover-20220818,004,1795
1047.5085,1047.5269,22890.0,25689.0,Nyctalus leisleri,0.182,0.24,-1,Echolocation,/mnt/ubna_data_01_mir/recover-20220818/UBNA_004/20220818_070000.WAV,Foliage,recover-20220818,004,1795
1108.5625,1108.5745,28046.0,33345.0,Eptesicus serotinus,0.173,0.338,-1,Echolocation,/mnt/ubna_data_01_mir/recover-20220818/UBNA_004/20220818_070000.WAV,Foliage,recover-20220818,004,1795
1138.2605,1138.2643,24609.0,41713.0,Plecotus austriacus,0.163,0.235,-1,Echolocation,/mnt/ubna_data_01_mir/recover-20220818/UBNA_004/20220818_070000.WAV,Foliage,recover-20220818,004,1795
1263.1635,1263.1734,46093.0,56595.0,Pipistrellus pipistrellus,0.248,0.27,-1,Echolocation,/mnt/ubna_data_01_mir/recover-20220818/UBNA_004/20220818_070000.WAV,Foliage,recover-20220818,004,1795
1263.5365,1263.5464,46093.0,53520.0,Pipistrellus pipistrellus,0.31,0.346,-1,Echolocation,/mnt/ubna_data_01_mir/recover-20220818/UBNA_004/20220818_070000.WAV,Foliage,recover-20220818,004,1795
1263.6405,1263.649,46953.0,54327.0,Pipistrellus pipistrellus,0.44,0.487,-1,Echolocation,/mnt/ubna_data_01_mir/recover-20220818/UBNA_004/20220818_070000.WAV,Foliage,recover-20220818,004,1795
1263.8325,1263.8441,45234.0,51231.0,Pipistrellus pipistrellus,0.175,0.215,-1,Echolocation,/mnt/ubna_data_01_mir/recover-20220818/UBNA_004/20220818_070000.WAV,Foliage,recover-20220818,004,1795
1263.9295,1263.938,46093.0,55068.0,Pipistrellus pipistrellus,0.391,0.425,-1,Echolocation,/mnt/ubna_data_01_mir/recover-20220818/UBNA_004/20220818_070000.WAV,Foliage,recover-20220818,004,1795
1264.0235,1264.0316,45234.0,61682.0,Pipistrellus pipistrellus,0.458,0.588,-1,Echolocation,/mnt/ubna_data_01_mir/recover-20220818/UBNA_004/20220818_070000.WAV,Foliage,recover-20220818,004,1795
1264.1205,1264.1321,48671.0,54906.0,Pipistrellus pipistrellus,0.335,0.354,-1,Echolocation,/mnt/ubna_data_01_mir/recover-20220818/UBNA_004/20220818_070000.WAV,Foliage,recover-20220818,004,1795
1264.2175,1264.2275,45234.0,59971.0,Pipistrellus pipistrellus,0.351,0.399,-1,Echolocation,/mnt/ubna_data_01_mir/recover-20220818/UBNA_004/20220818_070000.WAV,Foliage,recover-20220818,004,1795
1264.3115,1264.3211,46093.0,57486.0,Pipistrellus pipistrellus,0.39,0.41,-1,Echolocation,/mnt/ubna_data_01_mir/recover-20220818/UBNA_004/20220818_070000.WAV,Foliage,recover-20220818,004,1795
1264.4065,1264.416,44375.0,59150.0,Pipistrellus pipistrellus,0.384,0.453,-1,Echolocation,/mnt/ubna_data_01_mir/recover-20220818/UBNA_004/20220818_070000.WAV,Foliage,recover-20220818,004,1795
1264.5225,1264.5338,46093.0,59961.0,Pipistrellus pipistrellus,0.46,0.58,-1,Echolocation,/mnt/ubna_data_01_mir/recover-20220818/UBNA_004/20220818_070000.WAV,Foliage,recover-20220818,004,1795
1264.6135,1264.6228,47812.0,55530.0,Pipistrellus pipistrellus,0.218,0.224,-1,Echolocation,/mnt/ubna_data_01_mir/recover-20220818/UBNA_004/20220818_070000.WAV,Foliage,recover-20220818,004,1795
1264.7155,1264.7238,46093.0,58663.0,Pipistrellus pipistrellus,0.438,0.465,-1,Echolocation,/mnt/ubna_data_01_mir/recover-20220818/UBNA_004/20220818_070000.WAV,Foliage,recover-20220818,004,1795
1264.8175,1264.8266,48671.0,60201.0,Pipistrellus pipistrellus,0.375,0.385,-1,Echolocation,/mnt/ubna_data_01_mir/recover-20220818/UBNA_004/20220818_070000.WAV,Foliage,recover-20220818,004,1795
1264.9225,1264.9319,46093.0,61682.0,Pipistrellus pipistrellus,0.469,0.523,-1,Echolocation,/mnt/ubna_data_01_mir/recover-20220818/UBNA_004/20220818_070000.WAV,Foliage,recover-20220818,004,1795
1265.1225,1265.1303,46953.0,61854.0,Pipistrellus pipistrellus,0.56,0.628,-1,Echolocation,/mnt/ubna_data_01_mir/recover-20220818/UBNA_004/20220818_070000.WAV,Foliage,recover-20220818,004,1795
1265.2145,1265.2254,48671.0,63472.0,Pipistrellus pipistrellus,0.382,0.423,-1,Echolocation,/mnt/ubna_data_01_mir/recover-20220818/UBNA_004/20220818_070000.WAV,Foliage,recover-20220818,004,1795
1265.3095,1265.316,47812.0,62622.0,Pipistrellus pipistrellus,0.631,0.669,-1,Echolocation,/mnt/ubna_data_01_mir/recover-20220818/UBNA_004/20220818_070000.WAV,Foliage,recover-20220818,004,1795
1265.3755,1265.3842,48671.0,60765.0,Pipistrellus pipistrellus,0.398,0.42,-1,Echolocation,/mnt/ubna_data_01_mir/recover-20220818/UBNA_004/20220818_070000.WAV,Foliage,recover-20220818,004,1795
1265.4425,1265.451,46953.0,64876.0,Pipistrellus pipistrellus,0.614,0.688,-1,Echolocation,/mnt/ubna_data_01_mir/recover-20220818/UBNA_004/20220818_070000.WAV,Foliage,recover-20220818,004,1795
1265.5155,1265.521,47812.0,57382.0,Pipistrellus pipistrellus,0.479,0.486,-1,Echolocation,/mnt/ubna_data_01_mir/recover-20220818/UBNA_004/20220818_070000.WAV,Foliage,recover-20220818,004,1795
1265.6495,1265.6587,47812.0,54356.0,Pipistrellus pipistrellus,0.464,0.469,-1,Echolocation,/mnt/ubna_data_01_mir/recover-20220818/UBNA_004/20220818_070000.WAV,Foliage,recover-20220818,004,1795
1265.7315,1265.7412,47812.0,53185.0,Pipistrellus pipistrellus,0.285,0.289,-1,Echolocation,/mnt/ubna_data_01_mir/recover-20220818/UBNA_004/20220818_070000.WAV,Foliage,recover-20220818,004,1795
1265.8175,1265.826,46953.0,55030.0,Pipistrellus pipistrellus,0.511,0.528,-1,Echolocation,/mnt/ubna_data_01_mir/recover-20220818/UBNA_004/20220818_070000.WAV,Foliage,recover-20220818,004,1795
1266.1185,1266.1256,47812.0,58128.0,Pipistrellus pipistrellus,0.31,0.366,-1,Echolocation,/mnt/ubna_data_01_mir/recover-20220818/UBNA_004/20220818_070000.WAV,Foliage,recover-20220818,004,1795
1266.4045,1266.4113,48671.0,60620.0,Pipistrellus pipistrellus,0.181,0.21,-1,Echolocation,/mnt/ubna_data_01_mir/recover-20220818/UBNA_004/20220818_070000.WAV,Foliage,recover-20220818,004,1795
1268.6845,1268.6891,38359.0,80737.0,Myotis alcathoe,0.361,0.476,-1,Echolocation,/mnt/ubna_data_01_mir/recover-20220818/UBNA_004/20220818_070000.WAV,Foliage,recover-20220818,004,1795
1268.8165,1268.8205,37500.0,77318.0,Myotis alcathoe,0.139,0.205,-1,Echolocation,/mnt/ubna_data_01_mir/recover-20220818/UBNA_004/20220818_070000.WAV,Foliage,recover-20220818,004,1795
1268.8185,1268.8224,27187.0,61355.0,Myotis nattereri,0.183,0.219,-1,Echolocation,/mnt/ubna_data_01_mir/recover-20220818/UBNA_004/20220818_070000.WAV,Foliage,recover-20220818,004,1795
1268.8785,1268.8828,42656.0,72382.0,Myotis alcathoe,0.221,0.32,-1,Echolocation,/mnt/ubna_data_01_mir/recover-20220818/UBNA_004/20220818_070000.WAV,Foliage,recover-20220818,004,1795
1268.9335,1268.9386,46093.0,63331.0,Pipistrellus pipistrellus,0.306,0.335,-1,Echolocation,/mnt/ubna_data_01_mir/recover-20220818/UBNA_004/20220818_070000.WAV,Foliage,recover-20220818,004,1795
1268.9925,1268.9975,45234.0,65003.0,Pipistrellus pipistrellus,0.141,0.319,-1,Echolocation,/mnt/ubna_data_01_mir/recover-20220818/UBNA_004/20220818_070000.WAV,Foliage,recover-20220818,004,1795
1269.0525,1269.0561,40078.0,76481.0,Myotis alcathoe,0.14,0.216,-1,Echolocation,/mnt/ubna_data_01_mir/recover-20220818/UBNA_004/20220818_070000.WAV,Foliage,recover-20220818,004,1795
1269.0525,1269.0575,46953.0,60745.0,Pipistrellus pipistrellus,0.283,0.3,-1,Echolocation,/mnt/ubna_data_01_mir/recover-20220818/UBNA_004/20220818_070000.WAV,Foliage,recover-20220818,004,1795
1269.1195,1269.1249,47812.0,57722.0,Pipistrellus pipistrellus,0.318,0.338,-1,Echolocation,/mnt/ubna_data_01_mir/recover-20220818/UBNA_004/20220818_070000.WAV,Foliage,recover-20220818,004,1795
1269.2345,1269.2402,49531.0,55327.0,Pipistrellus pipistrellus,0.244,0.255,-1,Echolocation,/mnt/ubna_data_01_mir/recover-20220818/UBNA_004/20220818_070000.WAV,Foliage,recover-20220818,004,1795
1269.2935,1269.2988,48671.0,57358.0,Pipistrellus pipistrellus,0.336,0.35,-1,Echolocation,/mnt/ubna_data_01_mir/recover-20220818/UBNA_004/20220818_070000.WAV,Foliage,recover-20220818,004,1795
1269.4555,1269.4636,46953.0,55109.0,Pipistrellus pipistrellus,0.25,0.264,-1,Echolocation,/mnt/ubna_data_01_mir/recover-20220818/UBNA_004/20220818_070000.WAV,Foliage,recover-20220818,004,1795
1269.5365,1269.5429,46953.0,60822.0,Pipistrellus pipistrellus,0.344,0.402,-1,Echolocation,/mnt/ubna_data_01_mir/recover-20220818/UBNA_004/20220818_070000.WAV,Foliage,recover-20220818,004,1795
1269.6325,1269.6385,46953.0,56130.0,Pipistrellus pipistrellus,0.464,0.49,-1,Echolocation,/mnt/ubna_data_01_mir/recover-20220818/UBNA_004/20220818_070000.WAV,Foliage,recover-20220818,004,1795
1269.8175,1269.8217,44375.0,61378.0,Pipistrellus pipistrellus,0.586,0.648,-1,Echolocation,/mnt/ubna_data_01_mir/recover-20220818/UBNA_004/20220818_070000.WAV,Foliage,recover-20220818,004,1795
1269.9185,1269.9245,46953.0,56796.0,Pipistrellus pipistrellus,0.481,0.529,-1,Echolocation,/mnt/ubna_data_01_mir/recover-20220818/UBNA_004/20220818_070000.WAV,Foliage,recover-20220818,004,1795
1270.0085,1270.0144,46093.0,58227.0,Pipistrellus pipistrellus,0.471,0.513,-1,Echolocation,/mnt/ubna_data_01_mir/recover-20220818/UBNA_004/20220818_070000.WAV,Foliage,recover-20220818,004,1795
1270.1175,1270.1231,43515.0,52048.0,Pipistrellus pipistrellus,0.587,0.615,-1,Echolocation,/mnt/ubna_data_01_mir/recover-20220818/UBNA_004/20220818_070000.WAV,Foliage,recover-20220818,004,1795
1270.2175,1270.2261,45234.0,53600.0,Pipistrellus pipistrellus,0.34,0.375,-1,Echolocation,/mnt/ubna_data_01_mir/recover-20220818/UBNA_004/20220818_070000.WAV,Foliage,recover-20220818,004,1795
1270.3215,1270.3275,42656.0,54471.0,Pipistrellus pipistrellus,0.335,0.44,-1,Echolocation,/mnt/ubna_data_01_mir/recover-20220818/UBNA_004/20220818_070000.WAV,Foliage,recover-20220818,004,1795
1270.4265,1270.4342,46093.0,52297.0,Pipistrellus pipistrellus,0.435,0.444,-1,Echolocation,/mnt/ubna_data_01_mir/recover-20220818/UBNA_004/20220818_070000.WAV,Foliage,recover-20220818,004,1795
1270.5355,1270.5428,45234.0,56037.0,Pipistrellus pipistrellus,0.522,0.588,-1,Echolocation,/mnt/ubna_data_01_mir/recover-20220818/UBNA_004/20220818_070000.WAV,Foliage,recover-20220818,004,1795
1270.7395,1270.7477,45234.0,57262.0,Pipistrellus pipistrellus,0.48,0.543,-1,Echolocation,/mnt/ubna_data_01_mir/recover-20220818/UBNA_004/20220818_070000.WAV,Foliage,recover-20220818,004,1795
1270.9345,1270.9433,46093.0,52858.0,Pipistrellus pipistrellus,0.48,0.496,-1,Echolocation,/mnt/ubna_data_01_mir/recover-20220818/UBNA_004/20220818_070000.WAV,Foliage,recover-20220818,004,1795
1271.3215,1271.3326,45234.0,49836.0,Pipistrellus pipistrellus,0.356,0.391,-1,Echolocation,/mnt/ubna_data_01_mir/recover-20220818/UBNA_004/20220818_070000.WAV,Foliage,recover-20220818,004,1795
1293.3115,1293.316,17734.0,36909.0,Plecotus austriacus,0.221,0.307,-1,Echolocation,/mnt/ubna_data_01_mir/recover-20220818/UBNA_004/20220818_070000.WAV,Foliage,recover-20220818,004,1795
1313.2425,1313.2649,24609.0,28191.0,Nyctalus leisleri,0.186,0.28,-1,Echolocation,/mnt/ubna_data_01_mir/recover-20220818/UBNA_004/20220818_070000.WAV,Foliage,recover-20220818,004,1795
1313.9235,1313.9463,23750.0,28017.0,Nyctalus leisleri,0.16,0.265,-1,Echolocation,/mnt/ubna_data_01_mir/recover-20220818/UBNA_004/20220818_070000.WAV,Foliage,recover-20220818,004,1795
1314.9635,1314.9791,24609.0,27336.0,Nyctalus leisleri,0.55,0.619,-1,Echolocation,/mnt/ubna_data_01_mir/recover-20220818/UBNA_004/20220818_070000.WAV,Foliage,recover-20220818,004,1795
1315.2215,1315.2402,24609.0,27389.0,Nyctalus leisleri,0.391,0.467,-1,Echolocation,/mnt/ubna_data_01_mir/recover-20220818/UBNA_004/20220818_070000.WAV,Foliage,recover-20220818,004,1795
1315.4975,1315.514,23750.0,28233.0,Nyctalus leisleri,0.104,0.211,-1,Echolocation,/mnt/ubna_data_01_mir/recover-20220818/UBNA_004/20220818_070000.WAV,Foliage,recover-20220818,004,1795
1315.8915,1315.9109,23750.0,27361.0,Nyctalus leisleri,0.486,0.562,-1,Echolocation,/mnt/ubna_data_01_mir/recover-20220818/UBNA_004/20220818_070000.WAV,Foliage,recover-20220818,004,1795
1316.1665,1316.1876,23750.0,28310.0,Nyctalus leisleri,0.334,0.448,-1,Echolocation,/mnt/ubna_data_01_mir/recover-20220818/UBNA_004/20220818_070000.WAV,Foliage,recover-20220818,004,1795
1316.7225,1316.7411,23750.0,27288.0,Nyctalus leisleri,0.521,0.591,-1,Echolocation,/mnt/ubna_data_01_mir/recover-20220818/UBNA_004/20220818_070000.WAV,Foliage,recover-20220818,004,1795
1317.5395,1317.5644,23750.0,27284.0,Nyctalus leisleri,0.107,0.204,-1,Echolocation,/mnt/ubna_data_01_mir/recover-20220818/UBNA_004/20220818_070000.WAV,Foliage,recover-20220818,004,1795
1319.0605,1319.0805,23750.0,27107.0,Nyctalus leisleri,0.327,0.393,-1,Echolocation,/mnt/ubna_data_01_mir/recover-20220818/UBNA_004/20220818_070000.WAV,Foliage,recover-20220818,004,1795
1319.7645,1319.7842,23750.0,27444.0,Nyctalus leisleri,0.221,0.293,-1,Echolocation,/mnt/ubna_data_01_mir/recover-20220818/UBNA_004/20220818_070000.WAV,Foliage,recover-20220818,004,1795
1320.0555,1320.0774,23750.0,27434.0,Nyctalus leisleri,0.306,0.373,-1,Echolocation,/mnt/ubna_data_01_mir/recover-20220818/UBNA_004/20220818_070000.WAV,Foliage,recover-20220818,004,1795
1424.4675,1424.4869,24609.0,27679.0,Nyctalus leisleri,0.291,0.363,-1,Echolocation,/mnt/ubna_data_01_mir/recover-20220818/UBNA_004/20220818_070000.WAV,Foliage,recover-20220818,004,1795
1425.1895,1425.2116,24609.0,27509.0,Nyctalus leisleri,0.284,0.342,-1,Echolocation,/mnt/ubna_data_01_mir/recover-20220818/UBNA_004/20220818_070000.WAV,Foliage,recover-20220818,004,1795
1425.4825,1425.4997,23750.0,28265.0,Nyctalus leisleri,0.275,0.422,-1,Echolocation,/mnt/ubna_data_01_mir/recover-20220818/UBNA_004/20220818_070000.WAV,Foliage,recover-20220818,004,1795
1426.0515,1426.0728,23750.0,27678.0,Nyctalus leisleri,0.359,0.429,-1,Echolocation,/mnt/ubna_data_01_mir/recover-20220818/UBNA_004/20220818_070000.WAV,Foliage,recover-20220818,004,1795
1426.6375,1426.6632,23750.0,27721.0,Nyctalus leisleri,0.215,0.288,-1,Echolocation,/mnt/ubna_data_01_mir/recover-20220818/UBNA_004/20220818_070000.WAV,Foliage,recover-20220818,004,1795
1430.0155,1430.0308,24609.0,29053.0,Nyctalus leisleri,0.252,0.361,-1,Echolocation,/mnt/ubna_data_01_mir/recover-20220818/UBNA_004/20220818_070000.WAV,Foliage,recover-20220818,004,1795
1430.3385,1430.3588,24609.0,28739.0,Nyctalus leisleri,0.221,0.32,-1,Echolocation,/mnt/ubna_data_01_mir/recover-20220818/UBNA_004/20220818_070000.WAV,Foliage,recover-20220818,004,1795
1430.6195,1430.6361,23750.0,27804.0,Nyctalus leisleri,0.444,0.525,-1,Echolocation,/mnt/ubna_data_01_mir/recover-20220818/UBNA_004/20220818_070000.WAV,Foliage,recover-20220818,004,1795
1505.8635,1505.8775,24609.0,28979.0,Nyctalus leisleri,0.149,0.269,-1,Echolocation,/mnt/ubna_data_01_mir/recover-20220818/UBNA_004/20220818_070000.WAV,Foliage,recover-20220818,004,1795
1508.3845,1508.4088,24609.0,29196.0,Nyctalus leisleri,0.208,0.314,-1,Echolocation,/mnt/ubna_data_01_mir/recover-20220818/UBNA_004/20220818_070000.WAV,Foliage,recover-20220818,004,1795
1509.0425,1509.0646,24609.0,27952.0,Nyctalus leisleri,0.268,0.32,-1,Echolocation,/mnt/ubna_data_01_mir/recover-20220818/UBNA_004/20220818_070000.WAV,Foliage,recover-20220818,004,1795
1509.8965,1509.9214,23750.0,27889.0,Nyctalus leisleri,0.137,0.222,-1,Echolocation,/mnt/ubna_data_01_mir/recover-20220818/UBNA_004/20220818_070000.WAV,Foliage,recover-20220818,004,1795
1510.0705,1510.0837,40078.0,44306.0,Pipistrellus nathusii,0.246,0.296,-1,Echolocation,/mnt/ubna_data_01_mir/recover-20220818/UBNA_004/20220818_070000.WAV,Foliage,recover-20220818,004,1795
1511.2915,1511.3153,23750.0,27360.0,Nyctalus leisleri,0.18,0.24,-1,Echolocation,/mnt/ubna_data_01_mir/recover-20220818/UBNA_004/20220818_070000.WAV,Foliage,recover-20220818,004,1795
1512.2685,1512.2908,23750.0,27423.0,Nyctalus leisleri,0.321,0.375,-1,Echolocation,/mnt/ubna_data_01_mir/recover-20220818/UBNA_004/20220818_070000.WAV,Foliage,recover-20220818,004,1795
1512.9645,1512.9831,22890.0,26259.0,Nyctalus leisleri,0.226,0.262,-1,Echolocation,/mnt/ubna_data_01_mir/recover-20220818/UBNA_004/20220818_070000.WAV,Foliage,recover-20220818,004,1795
1522.6275,1522.6456,24609.0,28259.0,Nyctalus leisleri,0.426,0.546,-1,Echolocation,/mnt/ubna_data_01_mir/recover-20220818/UBNA_004/20220818_070000.WAV,Foliage,recover-20220818,004,1795
1523.4185,1523.4368,23750.0,27384.0,Nyctalus leisleri,0.442,0.514,-1,Echolocation,/mnt/ubna_data_01_mir/recover-20220818/UBNA_004/20220818_070000.WAV,Foliage,recover-20220818,004,1795
1524.1045,1524.125,23750.0,27812.0,Nyctalus leisleri,0.423,0.506,-1,Echolocation,/mnt/ubna_data_01_mir/recover-20220818/UBNA_004/20220818_070000.WAV,Foliage,recover-20220818,004,1795
1524.9115,1524.9299,24609.0,27713.0,Nyctalus leisleri,0.169,0.245,-1,Echolocation,/mnt/ubna_data_01_mir/recover-20220818/UBNA_004/20220818_070000.WAV,Foliage,recover-20220818,004,1795
1525.6135,1525.6352,23750.0,27673.0,Nyctalus leisleri,0.292,0.363,-1,Echolocation,/mnt/ubna_data_01_mir/recover-20220818/UBNA_004/20220818_070000.WAV,Foliage,recover-20220818,004,1795
1527.1385,1527.1556,23750.0,27792.0,Nyctalus leisleri,0.12,0.227,-1,Echolocation,/mnt/ubna_data_01_mir/recover-20220818/UBNA_004/20220818_070000.WAV,Foliage,recover-20220818,004,1795
1527.5555,1527.5746,24609.0,27896.0,Nyctalus leisleri,0.153,0.228,-1,Echolocation,/mnt/ubna_data_01_mir/recover-20220818/UBNA_004/20220818_070000.WAV,Foliage,recover-20220818,004,1795
1532.2155,1532.2419,23750.0,28762.0,Nyctalus leisleri,0.094,0.231,-1,Echolocation,/mnt/ubna_data_01_mir/recover-20220818/UBNA_004/20220818_070000.WAV,Foliage,recover-20220818,004,1795
1533.0405,1533.0633,24609.0,27803.0,Nyctalus leisleri,0.193,0.27,-1,Echolocation,/mnt/ubna_data_01_mir/recover-20220818/UBNA_004/20220818_070000.WAV,Foliage,recover-20220818,004,1795
1533.7295,1533.753,24609.0,28078.0,Nyctalus leisleri,0.249,0.328,-1,Echolocation,/mnt/ubna_data_01_mir/recover-20220818/UBNA_004/20220818_070000.WAV,Foliage,recover-20220818,004,1795
1535.8785,1535.9053,24609.0,28463.0,Nyctalus leisleri,0.099,0.229,-1,Echolocation,/mnt/ubna_data_01_mir/recover-20220818/UBNA_004/20220818_070000.WAV,Foliage,recover-20220818,004,1795
1537.1575,1537.1764,23750.0,27722.0,Nyctalus leisleri,0.223,0.326,-1,Echolocation,/mnt/ubna_data_01_mir/recover-20220818/UBNA_004/20220818_070000.WAV,Foliage,recover-20220818,004,1795
1569.8615,1569.8783,24609.0,28455.0,Nyctalus leisleri,0.351,0.483,-1,Echolocation,/mnt/ubna_data_01_mir/recover-20220818/UBNA_004/20220818_070000.WAV,Foliage,recover-20220818,004,1795
1571.1495,1571.1711,25468.0,28739.0,Nyctalus leisleri,0.191,0.265,-1,Echolocation,/mnt/ubna_data_01_mir/recover-20220818/UBNA_004/20220818_070000.WAV,Foliage,recover-20220818,004,1795
1572.1275,1572.1474,23750.0,27568.0,Nyctalus leisleri,0.148,0.221,-1,Echolocation,/mnt/ubna_data_01_mir/recover-20220818/UBNA_004/20220818_070000.WAV,Foliage,recover-20220818,004,1795
1572.9525,1572.9712,23750.0,27596.0,Nyctalus leisleri,0.42,0.473,-1,Echolocation,/mnt/ubna_data_01_mir/recover-20220818/UBNA_004/20220818_070000.WAV,Foliage,recover-20220818,004,1795
1573.1205,1573.1367,24609.0,29418.0,Nyctalus leisleri,0.143,0.32,-1,Echolocation,/mnt/ubna_data_01_mir/recover-20220818/UBNA_004/20220818_070000.WAV,Foliage,recover-20220818,004,1795
1576.5775,1576.601,23750.0,28375.0,Nyctalus leisleri,0.256,0.351,-1,Echolocation,/mnt/ubna_data_01_mir/recover-20220818/UBNA_004/20220818_070000.WAV,Foliage,recover-20220818,004,1795
1576.8505,1576.8701,24609.0,27972.0,Nyctalus leisleri,0.341,0.489,-1,Echolocation,/mnt/ubna_data_01_mir/recover-20220818/UBNA_004/20220818_070000.WAV,Foliage,recover-20220818,004,1795
1577.4925,1577.5126,23750.0,27501.0,Nyctalus leisleri,0.457,0.535,-1,Echolocation,/mnt/ubna_data_01_mir/recover-20220818/UBNA_004/20220818_070000.WAV,Foliage,recover-20220818,004,1795
1577.8885,1577.9061,23750.0,28500.0,Nyctalus leisleri,0.244,0.407,-1,Echolocation,/mnt/ubna_data_01_mir/recover-20220818/UBNA_004/20220818_070000.WAV,Foliage,recover-20220818,004,1795
1578.1685,1578.1893,23750.0,27692.0,Nyctalus leisleri,0.326,0.41,-1,Echolocation,/mnt/ubna_data_01_mir/recover-20220818/UBNA_004/20220818_070000.WAV,Foliage,recover-20220818,004,1795
1578.9695,1578.9891,23750.0,28170.0,Nyctalus leisleri,0.319,0.437,-1,Echolocation,/mnt/ubna_data_01_mir/recover-20220818/UBNA_004/20220818_070000.WAV,Foliage,recover-20220818,004,1795
1579.6375,1579.6618,23750.0,27765.0,Nyctalus leisleri,0.281,0.354,-1,Echolocation,/mnt/ubna_data_01_mir/recover-20220818/UBNA_004/20220818_070000.WAV,Foliage,recover-20220818,004,1795
1581.6955,1581.7157,23750.0,27001.0,Nyctalus leisleri,0.237,0.277,-1,Echolocation,/mnt/ubna_data_01_mir/recover-20220818/UBNA_004/20220818_070000.WAV,Foliage,recover-20220818,004,1795
1633.0845,1633.0965,28046.0,32598.0,Eptesicus serotinus,0.12,0.258,-1,Echolocation,/mnt/ubna_data_01_mir/recover-20220818/UBNA_004/20220818_070000.WAV,Foliage,recover-20220818,004,1795
1646.3525,1646.3711,23750.0,27279.0,Nyctalus leisleri,0.292,0.383,-1,Echolocation,/mnt/ubna_data_01_mir/recover-20220818/UBNA_004/20220818_070000.WAV,Foliage,recover-20220818,004,1795
1646.6295,1646.6497,23750.0,26802.0,Nyctalus leisleri,0.31,0.339,-1,Echolocation,/mnt/ubna_data_01_mir/recover-20220818/UBNA_004/20220818_070000.WAV,Foliage,recover-20220818,004,1795
1646.8265,1646.8472,23750.0,28265.0,Nyctalus leisleri,0.315,0.411,-1,Echolocation,/mnt/ubna_data_01_mir/recover-20220818/UBNA_004/20220818_070000.WAV,Foliage,recover-20220818,004,1795
1647.0345,1647.0512,24609.0,28751.0,Nyctalus leisleri,0.189,0.306,-1,Echolocation,/mnt/ubna_data_01_mir/recover-20220818/UBNA_004/20220818_070000.WAV,Foliage,recover-20220818,004,1795
1649.6565,1649.6818,23750.0,28286.0,Nyctalus leisleri,0.145,0.264,-1,Echolocation,/mnt/ubna_data_01_mir/recover-20220818/UBNA_004/20220818_070000.WAV,Foliage,recover-20220818,004,1795
1650.4565,1650.4813,23750.0,27707.0,Nyctalus leisleri,0.113,0.215,-1,Echolocation,/mnt/ubna_data_01_mir/recover-20220818/UBNA_004/20220818_070000.WAV,Foliage,recover-20220818,004,1795
1651.2585,1651.2785,24609.0,28498.0,Nyctalus leisleri,0.169,0.246,-1,Echolocation,/mnt/ubna_data_01_mir/recover-20220818/UBNA_004/20220818_070000.WAV,Foliage,recover-20220818,004,1795
1651.5395,1651.5616,23750.0,28808.0,Nyctalus leisleri,0.148,0.251,-1,Echolocation,/mnt/ubna_data_01_mir/recover-20220818/UBNA_004/20220818_070000.WAV,Foliage,recover-20220818,004,1795
1652.1265,1652.1411,24609.0,29098.0,Nyctalus leisleri,0.204,0.357,-1,Echolocation,/mnt/ubna_data_01_mir/recover-20220818/UBNA_004/20220818_070000.WAV,Foliage,recover-20220818,004,1795
1654.4055,1654.428,24609.0,27984.0,Nyctalus leisleri,0.212,0.268,-1,Echolocation,/mnt/ubna_data_01_mir/recover-20220818/UBNA_004/20220818_070000.WAV,Foliage,recover-20220818,004,1795
1656.2875,1656.3098,22890.0,26752.0,Nyctalus leisleri,0.322,0.399,-1,Echolocation,/mnt/ubna_data_01_mir/recover-20220818/UBNA_004/20220818_070000.WAV,Foliage,recover-20220818,004,1795
1656.4695,1656.4896,23750.0,27813.0,Nyctalus leisleri,0.41,0.481,-1,Echolocation,/mnt/ubna_data_01_mir/recover-20220818/UBNA_004/20220818_070000.WAV,Foliage,recover-20220818,004,1795
1660.8635,1660.8824,23750.0,27880.0,Nyctalus leisleri,0.134,0.237,-1,Echolocation,/mnt/ubna_data_01_mir/recover-20220818/UBNA_004/20220818_070000.WAV,Foliage,recover-20220818,004,1795
1671.8875,1671.9063,23750.0,27187.0,Nyctalus leisleri,0.178,0.26,-1,Echolocation,/mnt/ubna_data_01_mir/recover-20220818/UBNA_004/20220818_070000.WAV,Foliage,recover-20220818,004,1795
1672.5145,1672.5388,24609.0,28079.0,Nyctalus leisleri,0.26,0.335,-1,Echolocation,/mnt/ubna_data_01_mir/recover-20220818/UBNA_004/20220818_070000.WAV,Foliage,recover-20220818,004,1795
1673.2915,1673.3164,23750.0,27411.0,Nyctalus leisleri,0.259,0.323,-1,Echolocation,/mnt/ubna_data_01_mir/recover-20220818/UBNA_004/20220818_070000.WAV,Foliage,recover-20220818,004,1795
1673.5555,1673.5765,24609.0,27687.0,Nyctalus leisleri,0.225,0.297,-1,Echolocation,/mnt/ubna_data_01_mir/recover-20220818/UBNA_004/20220818_070000.WAV,Foliage,recover-20220818,004,1795
1673.9445,1673.9651,23750.0,27287.0,Nyctalus leisleri,0.424,0.504,-1,Echolocation,/mnt/ubna_data_01_mir/recover-20220818/UBNA_004/20220818_070000.WAV,Foliage,recover-20220818,004,1795
1674.7315,1674.7525,23750.0,26222.0,Nyctalus leisleri,0.181,0.209,-1,Echolocation,/mnt/ubna_data_01_mir/recover-20220818/UBNA_004/20220818_070000.WAV,Foliage,recover-20220818,004,1795
1675.3855,1675.4073,23750.0,27281.0,Nyctalus leisleri,0.409,0.463,-1,Echolocation,/mnt/ubna_data_01_mir/recover-20220818/UBNA_004/20220818_070000.WAV,Foliage,recover-20220818,004,1795
1678.2365,1678.2557,23750.0,27463.0,Nyctalus leisleri,0.267,0.362,-1,Echolocation,/mnt/ubna_data_01_mir/recover-20220818/UBNA_004/20220818_070000.WAV,Foliage,recover-20220818,004,1795
1719.4845,1719.5023,22031.0,26111.0,Nyctalus noctula,0.109,0.213,-1,Echolocation,/mnt/ubna_data_01_mir/recover-20220818/UBNA_004/20220818_070000.WAV,Foliage,recover-20220818,004,1795
1739.4475,1739.4622,40078.0,43875.0,Pipistrellus nathusii,0.25,0.274,-1,Echolocation,/mnt/ubna_data_01_mir/recover-20220818/UBNA_004/20220818_070000.WAV,Foliage,recover-20220818,004,1795
