start_time,end_time,low_freq,high_freq,class,class_prob,det_prob,individual,event,input_file,Site name,Recover Folder,SD Card,File Duration
1.2215,1.2351,25468.0,29968.0,Nyctalus leisleri,0.243,0.421,-1,Echolocation,/mnt/ubna_data_01_mir/recover-20220712_unit2/20220712_090000.WAV,Foliage,recover-20220712_unit2,010,1795
5.3225,5.3427,26328.0,29538.0,Nyctalus leisleri,0.175,0.246,-1,Echolocation,/mnt/ubna_data_01_mir/recover-20220712_unit2/20220712_090000.WAV,Foliage,recover-20220712_unit2,010,1795
5.5855,5.6014,26328.0,30088.0,Nyctalus leisleri,0.401,0.501,-1,Echolocation,/mnt/ubna_data_01_mir/recover-20220712_unit2/20220712_090000.WAV,Foliage,recover-20220712_unit2,010,1795
8.1555,8.1688,26328.0,30492.0,Nyctalus leisleri,0.276,0.389,-1,Echolocation,/mnt/ubna_data_01_mir/recover-20220712_unit2/20220712_090000.WAV,Foliage,recover-20220712_unit2,010,1795
8.4105,8.4318,26328.0,30616.0,Nyctalus leisleri,0.166,0.265,-1,Echolocation,/mnt/ubna_data_01_mir/recover-20220712_unit2/20220712_090000.WAV,Foliage,recover-20220712_unit2,010,1795
9.0645,9.0801,25468.0,30856.0,Nyctalus leisleri,0.471,0.618,-1,Echolocation,/mnt/ubna_data_01_mir/recover-20220712_unit2/20220712_090000.WAV,Foliage,recover-20220712_unit2,010,1795
9.2245,9.2396,26328.0,30284.0,Nyctalus leisleri,0.409,0.545,-1,Echolocation,/mnt/ubna_data_01_mir/recover-20220712_unit2/20220712_090000.WAV,Foliage,recover-20220712_unit2,010,1795
9.3645,9.3779,25468.0,29790.0,Nyctalus leisleri,0.22,0.339,-1,Echolocation,/mnt/ubna_data_01_mir/recover-20220712_unit2/20220712_090000.WAV,Foliage,recover-20220712_unit2,010,1795
9.8955,9.9103,26328.0,29855.0,Nyctalus leisleri,0.321,0.403,-1,Echolocation,/mnt/ubna_data_01_mir/recover-20220712_unit2/20220712_090000.WAV,Foliage,recover-20220712_unit2,010,1795
15.6655,15.6781,25468.0,30732.0,Nyctalus leisleri,0.176,0.335,-1,Echolocation,/mnt/ubna_data_01_mir/recover-20220712_unit2/20220712_090000.WAV,Foliage,recover-20220712_unit2,010,1795
18.5485,18.5653,25468.0,29419.0,Nyctalus leisleri,0.149,0.236,-1,Echolocation,/mnt/ubna_data_01_mir/recover-20220712_unit2/20220712_090000.WAV,Foliage,recover-20220712_unit2,010,1795
18.6895,18.7073,26328.0,30119.0,Nyctalus leisleri,0.129,0.213,-1,Echolocation,/mnt/ubna_data_01_mir/recover-20220712_unit2/20220712_090000.WAV,Foliage,recover-20220712_unit2,010,1795
18.9105,18.9222,27187.0,32539.0,Nyctalus leisleri,0.399,0.651,-1,Echolocation,/mnt/ubna_data_01_mir/recover-20220712_unit2/20220712_090000.WAV,Foliage,recover-20220712_unit2,010,1795
19.6265,19.6424,25468.0,28966.0,Nyctalus leisleri,0.486,0.6,-1,Echolocation,/mnt/ubna_data_01_mir/recover-20220712_unit2/20220712_090000.WAV,Foliage,recover-20220712_unit2,010,1795
20.1585,20.1749,25468.0,28481.0,Nyctalus leisleri,0.608,0.667,-1,Echolocation,/mnt/ubna_data_01_mir/recover-20220712_unit2/20220712_090000.WAV,Foliage,recover-20220712_unit2,010,1795
20.4335,20.4496,25468.0,27832.0,Nyctalus leisleri,0.606,0.686,-1,Echolocation,/mnt/ubna_data_01_mir/recover-20220712_unit2/20220712_090000.WAV,Foliage,recover-20220712_unit2,010,1795
21.0735,21.0896,25468.0,29391.0,Nyctalus leisleri,0.49,0.583,-1,Echolocation,/mnt/ubna_data_01_mir/recover-20220712_unit2/20220712_090000.WAV,Foliage,recover-20220712_unit2,010,1795
21.4785,21.494,25468.0,28055.0,Nyctalus leisleri,0.546,0.644,-1,Echolocation,/mnt/ubna_data_01_mir/recover-20220712_unit2/20220712_090000.WAV,Foliage,recover-20220712_unit2,010,1795
21.7045,21.7215,25468.0,28606.0,Nyctalus leisleri,0.49,0.589,-1,Echolocation,/mnt/ubna_data_01_mir/recover-20220712_unit2/20220712_090000.WAV,Foliage,recover-20220712_unit2,010,1795
22.3635,22.3788,25468.0,28902.0,Nyctalus leisleri,0.523,0.613,-1,Echolocation,/mnt/ubna_data_01_mir/recover-20220712_unit2/20220712_090000.WAV,Foliage,recover-20220712_unit2,010,1795
23.2875,23.3031,25468.0,29266.0,Nyctalus leisleri,0.29,0.392,-1,Echolocation,/mnt/ubna_data_01_mir/recover-20220712_unit2/20220712_090000.WAV,Foliage,recover-20220712_unit2,010,1795
24.0685,24.0832,25468.0,30151.0,Nyctalus leisleri,0.366,0.491,-1,Echolocation,/mnt/ubna_data_01_mir/recover-20220712_unit2/20220712_090000.WAV,Foliage,recover-20220712_unit2,010,1795
24.5875,24.6044,25468.0,29027.0,Nyctalus leisleri,0.171,0.242,-1,Echolocation,/mnt/ubna_data_01_mir/recover-20220712_unit2/20220712_090000.WAV,Foliage,recover-20220712_unit2,010,1795
25.3755,25.3886,25468.0,30767.0,Nyctalus leisleri,0.155,0.298,-1,Echolocation,/mnt/ubna_data_01_mir/recover-20220712_unit2/20220712_090000.WAV,Foliage,recover-20220712_unit2,010,1795
26.7045,26.7194,26328.0,30221.0,Nyctalus leisleri,0.416,0.57,-1,Echolocation,/mnt/ubna_data_01_mir/recover-20220712_unit2/20220712_090000.WAV,Foliage,recover-20220712_unit2,010,1795
26.8135,26.8304,26328.0,30252.0,Nyctalus leisleri,0.312,0.454,-1,Echolocation,/mnt/ubna_data_01_mir/recover-20220712_unit2/20220712_090000.WAV,Foliage,recover-20220712_unit2,010,1795
26.9405,26.9561,26328.0,29946.0,Nyctalus leisleri,0.451,0.574,-1,Echolocation,/mnt/ubna_data_01_mir/recover-20220712_unit2/20220712_090000.WAV,Foliage,recover-20220712_unit2,010,1795
27.0735,27.0929,26328.0,29433.0,Nyctalus leisleri,0.274,0.358,-1,Echolocation,/mnt/ubna_data_01_mir/recover-20220712_unit2/20220712_090000.WAV,Foliage,recover-20220712_unit2,010,1795
27.5565,27.5731,26328.0,29646.0,Nyctalus leisleri,0.343,0.449,-1,Echolocation,/mnt/ubna_data_01_mir/recover-20220712_unit2/20220712_090000.WAV,Foliage,recover-20220712_unit2,010,1795
28.1815,28.1944,25468.0,29366.0,Nyctalus leisleri,0.501,0.604,-1,Echolocation,/mnt/ubna_data_01_mir/recover-20220712_unit2/20220712_090000.WAV,Foliage,recover-20220712_unit2,010,1795
28.3615,28.3785,26328.0,29681.0,Nyctalus leisleri,0.426,0.612,-1,Echolocation,/mnt/ubna_data_01_mir/recover-20220712_unit2/20220712_090000.WAV,Foliage,recover-20220712_unit2,010,1795
28.6395,28.6587,26328.0,29736.0,Nyctalus leisleri,0.24,0.336,-1,Echolocation,/mnt/ubna_data_01_mir/recover-20220712_unit2/20220712_090000.WAV,Foliage,recover-20220712_unit2,010,1795
28.8565,28.8716,26328.0,30473.0,Nyctalus leisleri,0.416,0.611,-1,Echolocation,/mnt/ubna_data_01_mir/recover-20220712_unit2/20220712_090000.WAV,Foliage,recover-20220712_unit2,010,1795
29.0055,29.0167,27187.0,32118.0,Nyctalus leisleri,0.482,0.675,-1,Echolocation,/mnt/ubna_data_01_mir/recover-20220712_unit2/20220712_090000.WAV,Foliage,recover-20220712_unit2,010,1795
29.1465,29.1567,27187.0,33213.0,Nyctalus leisleri,0.441,0.691,-1,Echolocation,/mnt/ubna_data_01_mir/recover-20220712_unit2/20220712_090000.WAV,Foliage,recover-20220712_unit2,010,1795
29.2495,29.2587,27187.0,34762.0,Eptesicus serotinus,0.292,0.5,-1,Echolocation,/mnt/ubna_data_01_mir/recover-20220712_unit2/20220712_090000.WAV,Foliage,recover-20220712_unit2,010,1795
29.9455,29.962,26328.0,29573.0,Nyctalus leisleri,0.512,0.613,-1,Echolocation,/mnt/ubna_data_01_mir/recover-20220712_unit2/20220712_090000.WAV,Foliage,recover-20220712_unit2,010,1795
30.0995,30.1135,26328.0,30874.0,Nyctalus leisleri,0.426,0.689,-1,Echolocation,/mnt/ubna_data_01_mir/recover-20220712_unit2/20220712_090000.WAV,Foliage,recover-20220712_unit2,010,1795
30.2405,30.2535,26328.0,31248.0,Nyctalus leisleri,0.358,0.595,-1,Echolocation,/mnt/ubna_data_01_mir/recover-20220712_unit2/20220712_090000.WAV,Foliage,recover-20220712_unit2,010,1795
30.4745,30.4894,26328.0,30129.0,Nyctalus leisleri,0.513,0.635,-1,Echolocation,/mnt/ubna_data_01_mir/recover-20220712_unit2/20220712_090000.WAV,Foliage,recover-20220712_unit2,010,1795
30.7225,30.7362,26328.0,29601.0,Nyctalus leisleri,0.436,0.597,-1,Echolocation,/mnt/ubna_data_01_mir/recover-20220712_unit2/20220712_090000.WAV,Foliage,recover-20220712_unit2,010,1795
31.2095,31.2243,26328.0,29137.0,Nyctalus leisleri,0.466,0.633,-1,Echolocation,/mnt/ubna_data_01_mir/recover-20220712_unit2/20220712_090000.WAV,Foliage,recover-20220712_unit2,010,1795
31.5805,31.599800000000002,25468.0,29698.0,Nyctalus leisleri,0.188,0.288,-1,Echolocation,/mnt/ubna_data_01_mir/recover-20220712_unit2/20220712_090000.WAV,Foliage,recover-20220712_unit2,010,1795
31.7025,31.7148,26328.0,31460.0,Nyctalus leisleri,0.452,0.676,-1,Echolocation,/mnt/ubna_data_01_mir/recover-20220712_unit2/20220712_090000.WAV,Foliage,recover-20220712_unit2,010,1795
31.9525,31.9662,26328.0,30571.0,Nyctalus leisleri,0.486,0.649,-1,Echolocation,/mnt/ubna_data_01_mir/recover-20220712_unit2/20220712_090000.WAV,Foliage,recover-20220712_unit2,010,1795
32.2005,32.2204,26328.0,29687.0,Nyctalus leisleri,0.161,0.219,-1,Echolocation,/mnt/ubna_data_01_mir/recover-20220712_unit2/20220712_090000.WAV,Foliage,recover-20220712_unit2,010,1795
32.4615,32.4767,26328.0,29327.0,Nyctalus leisleri,0.483,0.589,-1,Echolocation,/mnt/ubna_data_01_mir/recover-20220712_unit2/20220712_090000.WAV,Foliage,recover-20220712_unit2,010,1795
32.8235,32.841499999999996,26328.0,29627.0,Nyctalus leisleri,0.177,0.233,-1,Echolocation,/mnt/ubna_data_01_mir/recover-20220712_unit2/20220712_090000.WAV,Foliage,recover-20220712_unit2,010,1795
32.9405,32.9546,26328.0,30372.0,Nyctalus leisleri,0.435,0.642,-1,Echolocation,/mnt/ubna_data_01_mir/recover-20220712_unit2/20220712_090000.WAV,Foliage,recover-20220712_unit2,010,1795
33.1935,33.2083,25468.0,29098.0,Nyctalus leisleri,0.521,0.632,-1,Echolocation,/mnt/ubna_data_01_mir/recover-20220712_unit2/20220712_090000.WAV,Foliage,recover-20220712_unit2,010,1795
33.5735,33.5883,25468.0,28698.0,Nyctalus leisleri,0.62,0.688,-1,Echolocation,/mnt/ubna_data_01_mir/recover-20220712_unit2/20220712_090000.WAV,Foliage,recover-20220712_unit2,010,1795
33.8325,33.8514,25468.0,29475.0,Nyctalus leisleri,0.438,0.553,-1,Echolocation,/mnt/ubna_data_01_mir/recover-20220712_unit2/20220712_090000.WAV,Foliage,recover-20220712_unit2,010,1795
34.0645,34.0791,25468.0,29684.0,Nyctalus leisleri,0.513,0.623,-1,Echolocation,/mnt/ubna_data_01_mir/recover-20220712_unit2/20220712_090000.WAV,Foliage,recover-20220712_unit2,010,1795
34.8395,34.8542,25468.0,29951.0,Nyctalus leisleri,0.405,0.515,-1,Echolocation,/mnt/ubna_data_01_mir/recover-20220712_unit2/20220712_090000.WAV,Foliage,recover-20220712_unit2,010,1795
35.3625,35.3762,25468.0,29451.0,Nyctalus leisleri,0.428,0.584,-1,Echolocation,/mnt/ubna_data_01_mir/recover-20220712_unit2/20220712_090000.WAV,Foliage,recover-20220712_unit2,010,1795
36.332499999999996,36.3498,26328.0,30044.0,Nyctalus leisleri,0.238,0.35,-1,Echolocation,/mnt/ubna_data_01_mir/recover-20220712_unit2/20220712_090000.WAV,Foliage,recover-20220712_unit2,010,1795
36.582499999999996,36.598,26328.0,30521.0,Nyctalus leisleri,0.424,0.539,-1,Echolocation,/mnt/ubna_data_01_mir/recover-20220712_unit2/20220712_090000.WAV,Foliage,recover-20220712_unit2,010,1795
36.8445,36.8601,26328.0,29675.0,Nyctalus leisleri,0.296,0.388,-1,Echolocation,/mnt/ubna_data_01_mir/recover-20220712_unit2/20220712_090000.WAV,Foliage,recover-20220712_unit2,010,1795
36.9725,36.9865,25468.0,30462.0,Nyctalus leisleri,0.435,0.658,-1,Echolocation,/mnt/ubna_data_01_mir/recover-20220712_unit2/20220712_090000.WAV,Foliage,recover-20220712_unit2,010,1795
37.2295,37.2431,25468.0,29106.0,Nyctalus leisleri,0.541,0.657,-1,Echolocation,/mnt/ubna_data_01_mir/recover-20220712_unit2/20220712_090000.WAV,Foliage,recover-20220712_unit2,010,1795
37.6155,37.6315,25468.0,29797.0,Nyctalus leisleri,0.204,0.34,-1,Echolocation,/mnt/ubna_data_01_mir/recover-20220712_unit2/20220712_090000.WAV,Foliage,recover-20220712_unit2,010,1795
37.8845,37.9029,25468.0,29202.0,Nyctalus leisleri,0.179,0.251,-1,Echolocation,/mnt/ubna_data_01_mir/recover-20220712_unit2/20220712_090000.WAV,Foliage,recover-20220712_unit2,010,1795
49.7345,49.7462,35781.0,40186.0,Pipistrellus nathusii,0.195,0.292,-1,Echolocation,/mnt/ubna_data_01_mir/recover-20220712_unit2/20220712_090000.WAV,Foliage,recover-20220712_unit2,010,1795
62.4915,62.5181,22031.0,25759.0,Nyctalus leisleri,0.107,0.21,-1,Echolocation,/mnt/ubna_data_01_mir/recover-20220712_unit2/20220712_090000.WAV,Foliage,recover-20220712_unit2,010,1795
63.1095,63.1339,21171.0,24087.0,Nyctalus leisleri,0.175,0.236,-1,Echolocation,/mnt/ubna_data_01_mir/recover-20220712_unit2/20220712_090000.WAV,Foliage,recover-20220712_unit2,010,1795
63.7515,63.7708,21171.0,24784.0,Nyctalus leisleri,0.128,0.219,-1,Echolocation,/mnt/ubna_data_01_mir/recover-20220712_unit2/20220712_090000.WAV,Foliage,recover-20220712_unit2,010,1795
64.1265,64.14789999999999,21171.0,25323.0,Nyctalus leisleri,0.183,0.333,-1,Echolocation,/mnt/ubna_data_01_mir/recover-20220712_unit2/20220712_090000.WAV,Foliage,recover-20220712_unit2,010,1795
67.7415,67.7569,25468.0,29566.0,Nyctalus leisleri,0.37,0.461,-1,Echolocation,/mnt/ubna_data_01_mir/recover-20220712_unit2/20220712_090000.WAV,Foliage,recover-20220712_unit2,010,1795
68.1815,68.1986,25468.0,29626.0,Nyctalus leisleri,0.215,0.312,-1,Echolocation,/mnt/ubna_data_01_mir/recover-20220712_unit2/20220712_090000.WAV,Foliage,recover-20220712_unit2,010,1795
68.8435,68.8572,25468.0,29530.0,Nyctalus leisleri,0.528,0.639,-1,Echolocation,/mnt/ubna_data_01_mir/recover-20220712_unit2/20220712_090000.WAV,Foliage,recover-20220712_unit2,010,1795
69.5435,69.5654,24609.0,28231.0,Nyctalus leisleri,0.382,0.464,-1,Echolocation,/mnt/ubna_data_01_mir/recover-20220712_unit2/20220712_090000.WAV,Foliage,recover-20220712_unit2,010,1795
69.7095,69.7284,26328.0,29782.0,Nyctalus leisleri,0.243,0.325,-1,Echolocation,/mnt/ubna_data_01_mir/recover-20220712_unit2/20220712_090000.WAV,Foliage,recover-20220712_unit2,010,1795
70.0125,70.0275,26328.0,30389.0,Nyctalus leisleri,0.292,0.592,-1,Echolocation,/mnt/ubna_data_01_mir/recover-20220712_unit2/20220712_090000.WAV,Foliage,recover-20220712_unit2,010,1795
70.2235,70.2375,26328.0,31466.0,Nyctalus leisleri,0.34,0.672,-1,Echolocation,/mnt/ubna_data_01_mir/recover-20220712_unit2/20220712_090000.WAV,Foliage,recover-20220712_unit2,010,1795
70.4075,70.41929999999999,27187.0,33453.0,Nyctalus leisleri,0.321,0.632,-1,Echolocation,/mnt/ubna_data_01_mir/recover-20220712_unit2/20220712_090000.WAV,Foliage,recover-20220712_unit2,010,1795
70.5295,70.5395,27187.0,33846.0,Eptesicus serotinus,0.264,0.563,-1,Echolocation,/mnt/ubna_data_01_mir/recover-20220712_unit2/20220712_090000.WAV,Foliage,recover-20220712_unit2,010,1795
71.3435,71.3614,25468.0,28479.0,Nyctalus leisleri,0.451,0.531,-1,Echolocation,/mnt/ubna_data_01_mir/recover-20220712_unit2/20220712_090000.WAV,Foliage,recover-20220712_unit2,010,1795
71.5975,71.6143,25468.0,29860.0,Nyctalus leisleri,0.273,0.391,-1,Echolocation,/mnt/ubna_data_01_mir/recover-20220712_unit2/20220712_090000.WAV,Foliage,recover-20220712_unit2,010,1795
72.0135,72.03020000000001,25468.0,29131.0,Nyctalus leisleri,0.249,0.33,-1,Echolocation,/mnt/ubna_data_01_mir/recover-20220712_unit2/20220712_090000.WAV,Foliage,recover-20220712_unit2,010,1795
73.1015,73.12010000000001,24609.0,28700.0,Nyctalus leisleri,0.17,0.245,-1,Echolocation,/mnt/ubna_data_01_mir/recover-20220712_unit2/20220712_090000.WAV,Foliage,recover-20220712_unit2,010,1795
75.8375,75.8531,26328.0,29483.0,Nyctalus leisleri,0.308,0.404,-1,Echolocation,/mnt/ubna_data_01_mir/recover-20220712_unit2/20220712_090000.WAV,Foliage,recover-20220712_unit2,010,1795
77.4645,77.4799,26328.0,30083.0,Nyctalus leisleri,0.258,0.374,-1,Echolocation,/mnt/ubna_data_01_mir/recover-20220712_unit2/20220712_090000.WAV,Foliage,recover-20220712_unit2,010,1795
81.2625,81.2787,27187.0,32654.0,Eptesicus serotinus,0.103,0.207,-1,Echolocation,/mnt/ubna_data_01_mir/recover-20220712_unit2/20220712_090000.WAV,Foliage,recover-20220712_unit2,010,1795
81.2685,81.2848,27187.0,31482.0,Nyctalus leisleri,0.113,0.217,-1,Echolocation,/mnt/ubna_data_01_mir/recover-20220712_unit2/20220712_090000.WAV,Foliage,recover-20220712_unit2,010,1795
87.1955,87.2136,28046.0,32034.0,Nyctalus leisleri,0.146,0.232,-1,Echolocation,/mnt/ubna_data_01_mir/recover-20220712_unit2/20220712_090000.WAV,Foliage,recover-20220712_unit2,010,1795
87.9245,87.94030000000001,28046.0,31752.0,Nyctalus leisleri,0.643,0.726,-1,Echolocation,/mnt/ubna_data_01_mir/recover-20220712_unit2/20220712_090000.WAV,Foliage,recover-20220712_unit2,010,1795
88.4045,88.42,28046.0,31385.0,Nyctalus leisleri,0.542,0.654,-1,Echolocation,/mnt/ubna_data_01_mir/recover-20220712_unit2/20220712_090000.WAV,Foliage,recover-20220712_unit2,010,1795
88.8995,88.91669999999999,27187.0,30734.0,Nyctalus leisleri,0.414,0.491,-1,Echolocation,/mnt/ubna_data_01_mir/recover-20220712_unit2/20220712_090000.WAV,Foliage,recover-20220712_unit2,010,1795
89.9405,89.9592,25468.0,28446.0,Nyctalus leisleri,0.302,0.384,-1,Echolocation,/mnt/ubna_data_01_mir/recover-20220712_unit2/20220712_090000.WAV,Foliage,recover-20220712_unit2,010,1795
90.4215,90.441,25468.0,29380.0,Nyctalus leisleri,0.204,0.269,-1,Echolocation,/mnt/ubna_data_01_mir/recover-20220712_unit2/20220712_090000.WAV,Foliage,recover-20220712_unit2,010,1795
90.6875,90.7005,25468.0,29327.0,Nyctalus leisleri,0.518,0.651,-1,Echolocation,/mnt/ubna_data_01_mir/recover-20220712_unit2/20220712_090000.WAV,Foliage,recover-20220712_unit2,010,1795
91.0785,91.0962,25468.0,28705.0,Nyctalus leisleri,0.194,0.263,-1,Echolocation,/mnt/ubna_data_01_mir/recover-20220712_unit2/20220712_090000.WAV,Foliage,recover-20220712_unit2,010,1795
91.3395,91.353,25468.0,29457.0,Nyctalus leisleri,0.48,0.562,-1,Echolocation,/mnt/ubna_data_01_mir/recover-20220712_unit2/20220712_090000.WAV,Foliage,recover-20220712_unit2,010,1795
91.7205,91.7336,26328.0,31021.0,Nyctalus leisleri,0.164,0.275,-1,Echolocation,/mnt/ubna_data_01_mir/recover-20220712_unit2/20220712_090000.WAV,Foliage,recover-20220712_unit2,010,1795
91.9645,91.9807,25468.0,28519.0,Nyctalus leisleri,0.623,0.686,-1,Echolocation,/mnt/ubna_data_01_mir/recover-20220712_unit2/20220712_090000.WAV,Foliage,recover-20220712_unit2,010,1795
92.3335,92.3475,26328.0,29012.0,Nyctalus leisleri,0.376,0.492,-1,Echolocation,/mnt/ubna_data_01_mir/recover-20220712_unit2/20220712_090000.WAV,Foliage,recover-20220712_unit2,010,1795
92.5835,92.5987,25468.0,29375.0,Nyctalus leisleri,0.469,0.612,-1,Echolocation,/mnt/ubna_data_01_mir/recover-20220712_unit2/20220712_090000.WAV,Foliage,recover-20220712_unit2,010,1795
93.2055,93.2205,25468.0,29455.0,Nyctalus leisleri,0.419,0.502,-1,Echolocation,/mnt/ubna_data_01_mir/recover-20220712_unit2/20220712_090000.WAV,Foliage,recover-20220712_unit2,010,1795
93.5895,93.6057,25468.0,29246.0,Nyctalus leisleri,0.269,0.351,-1,Echolocation,/mnt/ubna_data_01_mir/recover-20220712_unit2/20220712_090000.WAV,Foliage,recover-20220712_unit2,010,1795
93.8395,93.85210000000001,25468.0,29882.0,Nyctalus leisleri,0.531,0.66,-1,Echolocation,/mnt/ubna_data_01_mir/recover-20220712_unit2/20220712_090000.WAV,Foliage,recover-20220712_unit2,010,1795
96.4015,96.41460000000001,26328.0,30883.0,Nyctalus leisleri,0.145,0.24,-1,Echolocation,/mnt/ubna_data_01_mir/recover-20220712_unit2/20220712_090000.WAV,Foliage,recover-20220712_unit2,010,1795
98.6905,98.7067,26328.0,30522.0,Nyctalus leisleri,0.202,0.307,-1,Echolocation,/mnt/ubna_data_01_mir/recover-20220712_unit2/20220712_090000.WAV,Foliage,recover-20220712_unit2,010,1795
98.9245,98.9392,26328.0,29925.0,Nyctalus leisleri,0.289,0.377,-1,Echolocation,/mnt/ubna_data_01_mir/recover-20220712_unit2/20220712_090000.WAV,Foliage,recover-20220712_unit2,010,1795
99.1215,99.1377,26328.0,30256.0,Nyctalus leisleri,0.215,0.336,-1,Echolocation,/mnt/ubna_data_01_mir/recover-20220712_unit2/20220712_090000.WAV,Foliage,recover-20220712_unit2,010,1795
103.0705,103.0898,25468.0,29061.0,Nyctalus leisleri,0.291,0.38,-1,Echolocation,/mnt/ubna_data_01_mir/recover-20220712_unit2/20220712_090000.WAV,Foliage,recover-20220712_unit2,010,1795
103.5725,103.5886,24609.0,28661.0,Nyctalus leisleri,0.198,0.303,-1,Echolocation,/mnt/ubna_data_01_mir/recover-20220712_unit2/20220712_090000.WAV,Foliage,recover-20220712_unit2,010,1795
103.9005,103.9137,26328.0,31054.0,Nyctalus leisleri,0.117,0.253,-1,Echolocation,/mnt/ubna_data_01_mir/recover-20220712_unit2/20220712_090000.WAV,Foliage,recover-20220712_unit2,010,1795
104.75450000000001,104.7697,25468.0,29526.0,Nyctalus leisleri,0.139,0.246,-1,Echolocation,/mnt/ubna_data_01_mir/recover-20220712_unit2/20220712_090000.WAV,Foliage,recover-20220712_unit2,010,1795
105.1595,105.1757,26328.0,30530.0,Nyctalus leisleri,0.436,0.596,-1,Echolocation,/mnt/ubna_data_01_mir/recover-20220712_unit2/20220712_090000.WAV,Foliage,recover-20220712_unit2,010,1795
105.6755,105.6902,25468.0,29006.0,Nyctalus leisleri,0.661,0.736,-1,Echolocation,/mnt/ubna_data_01_mir/recover-20220712_unit2/20220712_090000.WAV,Foliage,recover-20220712_unit2,010,1795
105.9235,105.9412,26328.0,28961.0,Nyctalus leisleri,0.405,0.474,-1,Echolocation,/mnt/ubna_data_01_mir/recover-20220712_unit2/20220712_090000.WAV,Foliage,recover-20220712_unit2,010,1795
106.2915,106.307,25468.0,29344.0,Nyctalus leisleri,0.596,0.688,-1,Echolocation,/mnt/ubna_data_01_mir/recover-20220712_unit2/20220712_090000.WAV,Foliage,recover-20220712_unit2,010,1795
106.6575,106.6731,26328.0,29208.0,Nyctalus leisleri,0.538,0.617,-1,Echolocation,/mnt/ubna_data_01_mir/recover-20220712_unit2/20220712_090000.WAV,Foliage,recover-20220712_unit2,010,1795
106.8925,106.9059,25468.0,28602.0,Nyctalus leisleri,0.585,0.703,-1,Echolocation,/mnt/ubna_data_01_mir/recover-20220712_unit2/20220712_090000.WAV,Foliage,recover-20220712_unit2,010,1795
107.1315,107.1464,26328.0,29942.0,Nyctalus leisleri,0.498,0.642,-1,Echolocation,/mnt/ubna_data_01_mir/recover-20220712_unit2/20220712_090000.WAV,Foliage,recover-20220712_unit2,010,1795
107.37950000000001,107.3939,25468.0,29467.0,Nyctalus leisleri,0.612,0.712,-1,Echolocation,/mnt/ubna_data_01_mir/recover-20220712_unit2/20220712_090000.WAV,Foliage,recover-20220712_unit2,010,1795
107.6255,107.645,25468.0,29095.0,Nyctalus leisleri,0.372,0.47,-1,Echolocation,/mnt/ubna_data_01_mir/recover-20220712_unit2/20220712_090000.WAV,Foliage,recover-20220712_unit2,010,1795
107.8515,107.8673,26328.0,28833.0,Nyctalus leisleri,0.464,0.536,-1,Echolocation,/mnt/ubna_data_01_mir/recover-20220712_unit2/20220712_090000.WAV,Foliage,recover-20220712_unit2,010,1795
107.9635,107.9767,25468.0,31277.0,Nyctalus leisleri,0.486,0.679,-1,Echolocation,/mnt/ubna_data_01_mir/recover-20220712_unit2/20220712_090000.WAV,Foliage,recover-20220712_unit2,010,1795
108.0925,108.1073,26328.0,30250.0,Nyctalus leisleri,0.396,0.531,-1,Echolocation,/mnt/ubna_data_01_mir/recover-20220712_unit2/20220712_090000.WAV,Foliage,recover-20220712_unit2,010,1795
108.2085,108.22030000000001,26328.0,31331.0,Nyctalus leisleri,0.502,0.69,-1,Echolocation,/mnt/ubna_data_01_mir/recover-20220712_unit2/20220712_090000.WAV,Foliage,recover-20220712_unit2,010,1795
108.4675,108.4815,26328.0,31347.0,Nyctalus leisleri,0.546,0.702,-1,Echolocation,/mnt/ubna_data_01_mir/recover-20220712_unit2/20220712_090000.WAV,Foliage,recover-20220712_unit2,010,1795
108.9785,108.992,25468.0,30026.0,Nyctalus leisleri,0.463,0.606,-1,Echolocation,/mnt/ubna_data_01_mir/recover-20220712_unit2/20220712_090000.WAV,Foliage,recover-20220712_unit2,010,1795
111.64750000000001,111.6649,25468.0,29103.0,Nyctalus leisleri,0.225,0.304,-1,Echolocation,/mnt/ubna_data_01_mir/recover-20220712_unit2/20220712_090000.WAV,Foliage,recover-20220712_unit2,010,1795
122.8835,122.9028,26328.0,29161.0,Nyctalus leisleri,0.153,0.213,-1,Echolocation,/mnt/ubna_data_01_mir/recover-20220712_unit2/20220712_090000.WAV,Foliage,recover-20220712_unit2,010,1795
123.2655,123.2805,26328.0,30069.0,Nyctalus leisleri,0.353,0.446,-1,Echolocation,/mnt/ubna_data_01_mir/recover-20220712_unit2/20220712_090000.WAV,Foliage,recover-20220712_unit2,010,1795
123.3775,123.3899,26328.0,30798.0,Nyctalus leisleri,0.255,0.399,-1,Echolocation,/mnt/ubna_data_01_mir/recover-20220712_unit2/20220712_090000.WAV,Foliage,recover-20220712_unit2,010,1795
123.7585,123.77289999999999,26328.0,29667.0,Nyctalus leisleri,0.412,0.531,-1,Echolocation,/mnt/ubna_data_01_mir/recover-20220712_unit2/20220712_090000.WAV,Foliage,recover-20220712_unit2,010,1795
124.1415,124.1577,25468.0,28744.0,Nyctalus leisleri,0.33,0.447,-1,Echolocation,/mnt/ubna_data_01_mir/recover-20220712_unit2/20220712_090000.WAV,Foliage,recover-20220712_unit2,010,1795
124.4015,124.417,25468.0,28723.0,Nyctalus leisleri,0.582,0.661,-1,Echolocation,/mnt/ubna_data_01_mir/recover-20220712_unit2/20220712_090000.WAV,Foliage,recover-20220712_unit2,010,1795
124.7785,124.7935,25468.0,28879.0,Nyctalus leisleri,0.507,0.604,-1,Echolocation,/mnt/ubna_data_01_mir/recover-20220712_unit2/20220712_090000.WAV,Foliage,recover-20220712_unit2,010,1795
125.0265,125.043,25468.0,28459.0,Nyctalus leisleri,0.528,0.614,-1,Echolocation,/mnt/ubna_data_01_mir/recover-20220712_unit2/20220712_090000.WAV,Foliage,recover-20220712_unit2,010,1795
125.6485,125.6634,25468.0,28635.0,Nyctalus leisleri,0.564,0.627,-1,Echolocation,/mnt/ubna_data_01_mir/recover-20220712_unit2/20220712_090000.WAV,Foliage,recover-20220712_unit2,010,1795
126.0195,126.0362,26328.0,28467.0,Nyctalus leisleri,0.492,0.542,-1,Echolocation,/mnt/ubna_data_01_mir/recover-20220712_unit2/20220712_090000.WAV,Foliage,recover-20220712_unit2,010,1795
126.1335,126.1452,26328.0,32041.0,Nyctalus leisleri,0.54,0.731,-1,Echolocation,/mnt/ubna_data_01_mir/recover-20220712_unit2/20220712_090000.WAV,Foliage,recover-20220712_unit2,010,1795
126.3875,126.4016,26328.0,30278.0,Nyctalus leisleri,0.594,0.709,-1,Echolocation,/mnt/ubna_data_01_mir/recover-20220712_unit2/20220712_090000.WAV,Foliage,recover-20220712_unit2,010,1795
126.7685,126.7817,25468.0,29881.0,Nyctalus leisleri,0.16,0.273,-1,Echolocation,/mnt/ubna_data_01_mir/recover-20220712_unit2/20220712_090000.WAV,Foliage,recover-20220712_unit2,010,1795
127.0165,127.0364,25468.0,28907.0,Nyctalus leisleri,0.351,0.419,-1,Echolocation,/mnt/ubna_data_01_mir/recover-20220712_unit2/20220712_090000.WAV,Foliage,recover-20220712_unit2,010,1795
127.6415,127.661,25468.0,28705.0,Nyctalus leisleri,0.358,0.418,-1,Echolocation,/mnt/ubna_data_01_mir/recover-20220712_unit2/20220712_090000.WAV,Foliage,recover-20220712_unit2,010,1795
128.1295,128.1444,26328.0,31577.0,Nyctalus leisleri,0.112,0.229,-1,Echolocation,/mnt/ubna_data_01_mir/recover-20220712_unit2/20220712_090000.WAV,Foliage,recover-20220712_unit2,010,1795
138.6105,138.6276,26328.0,29511.0,Nyctalus leisleri,0.209,0.299,-1,Echolocation,/mnt/ubna_data_01_mir/recover-20220712_unit2/20220712_090000.WAV,Foliage,recover-20220712_unit2,010,1795
139.2695,139.2745,14296.0,33085.0,Plecotus auritus,0.223,0.263,-1,Echolocation,/mnt/ubna_data_01_mir/recover-20220712_unit2/20220712_090000.WAV,Foliage,recover-20220712_unit2,010,1795
155.8455,155.8608,26328.0,30767.0,Nyctalus leisleri,0.142,0.235,-1,Echolocation,/mnt/ubna_data_01_mir/recover-20220712_unit2/20220712_090000.WAV,Foliage,recover-20220712_unit2,010,1795
155.8575,155.8728,25468.0,29767.0,Nyctalus leisleri,0.101,0.205,-1,Echolocation,/mnt/ubna_data_01_mir/recover-20220712_unit2/20220712_090000.WAV,Foliage,recover-20220712_unit2,010,1795
156.3855,156.4036,26328.0,30084.0,Nyctalus leisleri,0.188,0.282,-1,Echolocation,/mnt/ubna_data_01_mir/recover-20220712_unit2/20220712_090000.WAV,Foliage,recover-20220712_unit2,010,1795
157.4225,157.4387,26328.0,30162.0,Nyctalus leisleri,0.216,0.317,-1,Echolocation,/mnt/ubna_data_01_mir/recover-20220712_unit2/20220712_090000.WAV,Foliage,recover-20220712_unit2,010,1795
157.6335,157.6468,26328.0,33329.0,Eptesicus serotinus,0.119,0.2,-1,Echolocation,/mnt/ubna_data_01_mir/recover-20220712_unit2/20220712_090000.WAV,Foliage,recover-20220712_unit2,010,1795
157.6395,157.6545,26328.0,30933.0,Nyctalus leisleri,0.107,0.215,-1,Echolocation,/mnt/ubna_data_01_mir/recover-20220712_unit2/20220712_090000.WAV,Foliage,recover-20220712_unit2,010,1795
158.7905,158.8056,26328.0,30576.0,Nyctalus leisleri,0.163,0.275,-1,Echolocation,/mnt/ubna_data_01_mir/recover-20220712_unit2/20220712_090000.WAV,Foliage,recover-20220712_unit2,010,1795
160.3705,160.3838,27187.0,31132.0,Nyctalus leisleri,0.152,0.285,-1,Echolocation,/mnt/ubna_data_01_mir/recover-20220712_unit2/20220712_090000.WAV,Foliage,recover-20220712_unit2,010,1795
161.7195,161.7349,25468.0,30057.0,Nyctalus leisleri,0.334,0.532,-1,Echolocation,/mnt/ubna_data_01_mir/recover-20220712_unit2/20220712_090000.WAV,Foliage,recover-20220712_unit2,010,1795
162.5095,162.5315,25468.0,28742.0,Nyctalus leisleri,0.273,0.341,-1,Echolocation,/mnt/ubna_data_01_mir/recover-20220712_unit2/20220712_090000.WAV,Foliage,recover-20220712_unit2,010,1795
162.7445,162.7628,26328.0,29265.0,Nyctalus leisleri,0.357,0.432,-1,Echolocation,/mnt/ubna_data_01_mir/recover-20220712_unit2/20220712_090000.WAV,Foliage,recover-20220712_unit2,010,1795
163.0055,163.0196,25468.0,29587.0,Nyctalus leisleri,0.259,0.389,-1,Echolocation,/mnt/ubna_data_01_mir/recover-20220712_unit2/20220712_090000.WAV,Foliage,recover-20220712_unit2,010,1795
163.7345,163.7497,24609.0,28589.0,Nyctalus leisleri,0.559,0.66,-1,Echolocation,/mnt/ubna_data_01_mir/recover-20220712_unit2/20220712_090000.WAV,Foliage,recover-20220712_unit2,010,1795
164.1535,164.1659,26328.0,31219.0,Nyctalus leisleri,0.153,0.312,-1,Echolocation,/mnt/ubna_data_01_mir/recover-20220712_unit2/20220712_090000.WAV,Foliage,recover-20220712_unit2,010,1795
164.5025,164.5166,25468.0,29158.0,Nyctalus leisleri,0.604,0.71,-1,Echolocation,/mnt/ubna_data_01_mir/recover-20220712_unit2/20220712_090000.WAV,Foliage,recover-20220712_unit2,010,1795
165.3415,165.3567,26328.0,30066.0,Nyctalus leisleri,0.471,0.612,-1,Echolocation,/mnt/ubna_data_01_mir/recover-20220712_unit2/20220712_090000.WAV,Foliage,recover-20220712_unit2,010,1795
165.5865,165.6032,25468.0,29005.0,Nyctalus leisleri,0.522,0.624,-1,Echolocation,/mnt/ubna_data_01_mir/recover-20220712_unit2/20220712_090000.WAV,Foliage,recover-20220712_unit2,010,1795
165.8475,165.8649,26328.0,29439.0,Nyctalus leisleri,0.458,0.528,-1,Echolocation,/mnt/ubna_data_01_mir/recover-20220712_unit2/20220712_090000.WAV,Foliage,recover-20220712_unit2,010,1795
166.1025,166.1174,25468.0,27630.0,Nyctalus leisleri,0.565,0.652,-1,Echolocation,/mnt/ubna_data_01_mir/recover-20220712_unit2/20220712_090000.WAV,Foliage,recover-20220712_unit2,010,1795
166.2505,166.2636,26328.0,30783.0,Nyctalus leisleri,0.515,0.685,-1,Echolocation,/mnt/ubna_data_01_mir/recover-20220712_unit2/20220712_090000.WAV,Foliage,recover-20220712_unit2,010,1795
166.4945,166.5083,26328.0,31437.0,Nyctalus leisleri,0.403,0.698,-1,Echolocation,/mnt/ubna_data_01_mir/recover-20220712_unit2/20220712_090000.WAV,Foliage,recover-20220712_unit2,010,1795
166.5265,166.5493,24609.0,27499.0,Nyctalus leisleri,0.197,0.256,-1,Echolocation,/mnt/ubna_data_01_mir/recover-20220712_unit2/20220712_090000.WAV,Foliage,recover-20220712_unit2,010,1795
166.9015,166.9159,26328.0,31413.0,Nyctalus leisleri,0.362,0.646,-1,Echolocation,/mnt/ubna_data_01_mir/recover-20220712_unit2/20220712_090000.WAV,Foliage,recover-20220712_unit2,010,1795
167.0445,167.0593,27187.0,31565.0,Nyctalus leisleri,0.354,0.604,-1,Echolocation,/mnt/ubna_data_01_mir/recover-20220712_unit2/20220712_090000.WAV,Foliage,recover-20220712_unit2,010,1795
167.2925,167.3078,26328.0,30259.0,Nyctalus leisleri,0.416,0.638,-1,Echolocation,/mnt/ubna_data_01_mir/recover-20220712_unit2/20220712_090000.WAV,Foliage,recover-20220712_unit2,010,1795
167.3585,167.3813,24609.0,28012.0,Nyctalus leisleri,0.236,0.298,-1,Echolocation,/mnt/ubna_data_01_mir/recover-20220712_unit2/20220712_090000.WAV,Foliage,recover-20220712_unit2,010,1795
167.5555,167.5727,26328.0,28805.0,Nyctalus leisleri,0.399,0.454,-1,Echolocation,/mnt/ubna_data_01_mir/recover-20220712_unit2/20220712_090000.WAV,Foliage,recover-20220712_unit2,010,1795
167.8235,167.83780000000002,25468.0,29403.0,Nyctalus leisleri,0.587,0.698,-1,Echolocation,/mnt/ubna_data_01_mir/recover-20220712_unit2/20220712_090000.WAV,Foliage,recover-20220712_unit2,010,1795
168.3585,168.3736,25468.0,28999.0,Nyctalus leisleri,0.586,0.695,-1,Echolocation,/mnt/ubna_data_01_mir/recover-20220712_unit2/20220712_090000.WAV,Foliage,recover-20220712_unit2,010,1795
168.5085,168.5279,25468.0,29017.0,Nyctalus leisleri,0.202,0.272,-1,Echolocation,/mnt/ubna_data_01_mir/recover-20220712_unit2/20220712_090000.WAV,Foliage,recover-20220712_unit2,010,1795
168.7445,168.7638,25468.0,28991.0,Nyctalus leisleri,0.406,0.494,-1,Echolocation,/mnt/ubna_data_01_mir/recover-20220712_unit2/20220712_090000.WAV,Foliage,recover-20220712_unit2,010,1795
168.8525,168.86939999999998,25468.0,29617.0,Nyctalus leisleri,0.165,0.247,-1,Echolocation,/mnt/ubna_data_01_mir/recover-20220712_unit2/20220712_090000.WAV,Foliage,recover-20220712_unit2,010,1795
168.9975,169.0103,52968.0,56968.0,Pipistrellus pygmaeus,0.158,0.205,-1,Echolocation,/mnt/ubna_data_01_mir/recover-20220712_unit2/20220712_090000.WAV,Foliage,recover-20220712_unit2,010,1795
168.9995,169.0148,25468.0,28389.0,Nyctalus leisleri,0.703,0.769,-1,Echolocation,/mnt/ubna_data_01_mir/recover-20220712_unit2/20220712_090000.WAV,Foliage,recover-20220712_unit2,010,1795
169.2595,169.2736,25468.0,29994.0,Nyctalus leisleri,0.509,0.65,-1,Echolocation,/mnt/ubna_data_01_mir/recover-20220712_unit2/20220712_090000.WAV,Foliage,recover-20220712_unit2,010,1795
169.7655,169.7887,24609.0,28802.0,Nyctalus leisleri,0.167,0.273,-1,Echolocation,/mnt/ubna_data_01_mir/recover-20220712_unit2/20220712_090000.WAV,Foliage,recover-20220712_unit2,010,1795
170.4005,170.4158,26328.0,30654.0,Nyctalus leisleri,0.231,0.356,-1,Echolocation,/mnt/ubna_data_01_mir/recover-20220712_unit2/20220712_090000.WAV,Foliage,recover-20220712_unit2,010,1795
173.9105,173.9271,25468.0,29613.0,Nyctalus leisleri,0.145,0.233,-1,Echolocation,/mnt/ubna_data_01_mir/recover-20220712_unit2/20220712_090000.WAV,Foliage,recover-20220712_unit2,010,1795
181.8795,181.8942,26328.0,30493.0,Nyctalus leisleri,0.134,0.231,-1,Echolocation,/mnt/ubna_data_01_mir/recover-20220712_unit2/20220712_090000.WAV,Foliage,recover-20220712_unit2,010,1795
182.5085,182.5235,25468.0,29116.0,Nyctalus leisleri,0.539,0.616,-1,Echolocation,/mnt/ubna_data_01_mir/recover-20220712_unit2/20220712_090000.WAV,Foliage,recover-20220712_unit2,010,1795
183.3865,183.4045,25468.0,29355.0,Nyctalus leisleri,0.331,0.41,-1,Echolocation,/mnt/ubna_data_01_mir/recover-20220712_unit2/20220712_090000.WAV,Foliage,recover-20220712_unit2,010,1795
186.9655,186.9838,25468.0,30049.0,Nyctalus leisleri,0.116,0.213,-1,Echolocation,/mnt/ubna_data_01_mir/recover-20220712_unit2/20220712_090000.WAV,Foliage,recover-20220712_unit2,010,1795
196.1745,196.1883,25468.0,30100.0,Nyctalus leisleri,0.204,0.352,-1,Echolocation,/mnt/ubna_data_01_mir/recover-20220712_unit2/20220712_090000.WAV,Foliage,recover-20220712_unit2,010,1795
196.42849999999999,196.4474,25468.0,29203.0,Nyctalus leisleri,0.145,0.203,-1,Echolocation,/mnt/ubna_data_01_mir/recover-20220712_unit2/20220712_090000.WAV,Foliage,recover-20220712_unit2,010,1795
196.9215,196.9361,25468.0,29504.0,Nyctalus leisleri,0.182,0.322,-1,Echolocation,/mnt/ubna_data_01_mir/recover-20220712_unit2/20220712_090000.WAV,Foliage,recover-20220712_unit2,010,1795
197.4535,197.4753,25468.0,28686.0,Nyctalus leisleri,0.263,0.357,-1,Echolocation,/mnt/ubna_data_01_mir/recover-20220712_unit2/20220712_090000.WAV,Foliage,recover-20220712_unit2,010,1795
197.5855,197.603,26328.0,30956.0,Nyctalus leisleri,0.117,0.212,-1,Echolocation,/mnt/ubna_data_01_mir/recover-20220712_unit2/20220712_090000.WAV,Foliage,recover-20220712_unit2,010,1795
197.8445,197.86090000000002,26328.0,30278.0,Nyctalus leisleri,0.341,0.469,-1,Echolocation,/mnt/ubna_data_01_mir/recover-20220712_unit2/20220712_090000.WAV,Foliage,recover-20220712_unit2,010,1795
198.0935,198.106,26328.0,30014.0,Nyctalus leisleri,0.216,0.315,-1,Echolocation,/mnt/ubna_data_01_mir/recover-20220712_unit2/20220712_090000.WAV,Foliage,recover-20220712_unit2,010,1795
198.34550000000002,198.3623,25468.0,29126.0,Nyctalus leisleri,0.381,0.461,-1,Echolocation,/mnt/ubna_data_01_mir/recover-20220712_unit2/20220712_090000.WAV,Foliage,recover-20220712_unit2,010,1795
198.5805,198.5969,25468.0,29359.0,Nyctalus leisleri,0.521,0.64,-1,Echolocation,/mnt/ubna_data_01_mir/recover-20220712_unit2/20220712_090000.WAV,Foliage,recover-20220712_unit2,010,1795
199.19650000000001,199.2163,25468.0,28977.0,Nyctalus leisleri,0.472,0.55,-1,Echolocation,/mnt/ubna_data_01_mir/recover-20220712_unit2/20220712_090000.WAV,Foliage,recover-20220712_unit2,010,1795
199.4575,199.4732,25468.0,29423.0,Nyctalus leisleri,0.264,0.354,-1,Echolocation,/mnt/ubna_data_01_mir/recover-20220712_unit2/20220712_090000.WAV,Foliage,recover-20220712_unit2,010,1795
199.8165,199.8368,25468.0,29200.0,Nyctalus leisleri,0.267,0.353,-1,Echolocation,/mnt/ubna_data_01_mir/recover-20220712_unit2/20220712_090000.WAV,Foliage,recover-20220712_unit2,010,1795
200.09550000000002,200.1085,29765.0,34921.0,Eptesicus serotinus,0.104,0.211,-1,Echolocation,/mnt/ubna_data_01_mir/recover-20220712_unit2/20220712_090000.WAV,Foliage,recover-20220712_unit2,010,1795
200.1895,200.2046,26328.0,31345.0,Nyctalus leisleri,0.184,0.373,-1,Echolocation,/mnt/ubna_data_01_mir/recover-20220712_unit2/20220712_090000.WAV,Foliage,recover-20220712_unit2,010,1795
202.0615,202.0787,26328.0,30507.0,Nyctalus leisleri,0.229,0.345,-1,Echolocation,/mnt/ubna_data_01_mir/recover-20220712_unit2/20220712_090000.WAV,Foliage,recover-20220712_unit2,010,1795
202.1895,202.2046,26328.0,32204.0,Nyctalus leisleri,0.154,0.314,-1,Echolocation,/mnt/ubna_data_01_mir/recover-20220712_unit2/20220712_090000.WAV,Foliage,recover-20220712_unit2,010,1795
202.6825,202.6947,26328.0,32069.0,Nyctalus leisleri,0.396,0.685,-1,Echolocation,/mnt/ubna_data_01_mir/recover-20220712_unit2/20220712_090000.WAV,Foliage,recover-20220712_unit2,010,1795
203.1975,203.2182,25468.0,28909.0,Nyctalus leisleri,0.147,0.219,-1,Echolocation,/mnt/ubna_data_01_mir/recover-20220712_unit2/20220712_090000.WAV,Foliage,recover-20220712_unit2,010,1795
203.5865,203.6068,25468.0,30206.0,Nyctalus leisleri,0.138,0.258,-1,Echolocation,/mnt/ubna_data_01_mir/recover-20220712_unit2/20220712_090000.WAV,Foliage,recover-20220712_unit2,010,1795
203.59550000000002,203.6115,25468.0,30018.0,Nyctalus leisleri,0.197,0.316,-1,Echolocation,/mnt/ubna_data_01_mir/recover-20220712_unit2/20220712_090000.WAV,Foliage,recover-20220712_unit2,010,1795
203.8415,203.8628,25468.0,29309.0,Nyctalus leisleri,0.177,0.272,-1,Echolocation,/mnt/ubna_data_01_mir/recover-20220712_unit2/20220712_090000.WAV,Foliage,recover-20220712_unit2,010,1795
204.1015,204.1231,25468.0,29691.0,Nyctalus leisleri,0.265,0.333,-1,Echolocation,/mnt/ubna_data_01_mir/recover-20220712_unit2/20220712_090000.WAV,Foliage,recover-20220712_unit2,010,1795
204.8855,204.8987,25468.0,30392.0,Eptesicus serotinus,0.158,0.325,-1,Echolocation,/mnt/ubna_data_01_mir/recover-20220712_unit2/20220712_090000.WAV,Foliage,recover-20220712_unit2,010,1795
206.0815,206.1027,24609.0,28828.0,Nyctalus leisleri,0.164,0.239,-1,Echolocation,/mnt/ubna_data_01_mir/recover-20220712_unit2/20220712_090000.WAV,Foliage,recover-20220712_unit2,010,1795
206.8405,206.8536,25468.0,30226.0,Nyctalus leisleri,0.259,0.398,-1,Echolocation,/mnt/ubna_data_01_mir/recover-20220712_unit2/20220712_090000.WAV,Foliage,recover-20220712_unit2,010,1795
207.2545,207.2696,25468.0,29338.0,Nyctalus leisleri,0.164,0.265,-1,Echolocation,/mnt/ubna_data_01_mir/recover-20220712_unit2/20220712_090000.WAV,Foliage,recover-20220712_unit2,010,1795
215.7555,215.7727,24609.0,28110.0,Nyctalus leisleri,0.557,0.627,-1,Echolocation,/mnt/ubna_data_01_mir/recover-20220712_unit2/20220712_090000.WAV,Foliage,recover-20220712_unit2,010,1795
216.7135,216.7287,25468.0,28348.0,Nyctalus leisleri,0.535,0.641,-1,Echolocation,/mnt/ubna_data_01_mir/recover-20220712_unit2/20220712_090000.WAV,Foliage,recover-20220712_unit2,010,1795
217.9045,217.91910000000001,24609.0,28469.0,Nyctalus leisleri,0.494,0.562,-1,Echolocation,/mnt/ubna_data_01_mir/recover-20220712_unit2/20220712_090000.WAV,Foliage,recover-20220712_unit2,010,1795
218.5555,218.5752,24609.0,28462.0,Nyctalus leisleri,0.207,0.27,-1,Echolocation,/mnt/ubna_data_01_mir/recover-20220712_unit2/20220712_090000.WAV,Foliage,recover-20220712_unit2,010,1795
219.3185,219.3336,25468.0,28849.0,Nyctalus leisleri,0.38,0.474,-1,Echolocation,/mnt/ubna_data_01_mir/recover-20220712_unit2/20220712_090000.WAV,Foliage,recover-20220712_unit2,010,1795
219.9715,219.9862,25468.0,29720.0,Nyctalus leisleri,0.522,0.62,-1,Echolocation,/mnt/ubna_data_01_mir/recover-20220712_unit2/20220712_090000.WAV,Foliage,recover-20220712_unit2,010,1795
220.2405,220.2547,25468.0,29009.0,Nyctalus leisleri,0.48,0.545,-1,Echolocation,/mnt/ubna_data_01_mir/recover-20220712_unit2/20220712_090000.WAV,Foliage,recover-20220712_unit2,010,1795
220.4965,220.5114,25468.0,28186.0,Nyctalus leisleri,0.581,0.664,-1,Echolocation,/mnt/ubna_data_01_mir/recover-20220712_unit2/20220712_090000.WAV,Foliage,recover-20220712_unit2,010,1795
220.6375,220.6504,26328.0,30249.0,Nyctalus leisleri,0.491,0.635,-1,Echolocation,/mnt/ubna_data_01_mir/recover-20220712_unit2/20220712_090000.WAV,Foliage,recover-20220712_unit2,010,1795
221.1525,221.169,25468.0,28838.0,Nyctalus leisleri,0.542,0.603,-1,Echolocation,/mnt/ubna_data_01_mir/recover-20220712_unit2/20220712_090000.WAV,Foliage,recover-20220712_unit2,010,1795
221.4205,221.436,25468.0,29846.0,Nyctalus leisleri,0.14,0.216,-1,Echolocation,/mnt/ubna_data_01_mir/recover-20220712_unit2/20220712_090000.WAV,Foliage,recover-20220712_unit2,010,1795
229.7185,229.7361,16015.0,20365.0,Nyctalus noctula,0.186,0.23,-1,Echolocation,/mnt/ubna_data_01_mir/recover-20220712_unit2/20220712_090000.WAV,Foliage,recover-20220712_unit2,010,1795
233.9485,233.9623,26328.0,30782.0,Nyctalus leisleri,0.132,0.236,-1,Echolocation,/mnt/ubna_data_01_mir/recover-20220712_unit2/20220712_090000.WAV,Foliage,recover-20220712_unit2,010,1795
236.9055,236.9196,27187.0,32136.0,Nyctalus leisleri,0.273,0.479,-1,Echolocation,/mnt/ubna_data_01_mir/recover-20220712_unit2/20220712_090000.WAV,Foliage,recover-20220712_unit2,010,1795
237.5475,237.5662,25468.0,29378.0,Nyctalus leisleri,0.354,0.445,-1,Echolocation,/mnt/ubna_data_01_mir/recover-20220712_unit2/20220712_090000.WAV,Foliage,recover-20220712_unit2,010,1795
237.7355,237.7557,26328.0,29978.0,Nyctalus leisleri,0.262,0.363,-1,Echolocation,/mnt/ubna_data_01_mir/recover-20220712_unit2/20220712_090000.WAV,Foliage,recover-20220712_unit2,010,1795
238.2605,238.2793,25468.0,29695.0,Nyctalus leisleri,0.286,0.383,-1,Echolocation,/mnt/ubna_data_01_mir/recover-20220712_unit2/20220712_090000.WAV,Foliage,recover-20220712_unit2,010,1795
238.8975,238.9212,25468.0,29291.0,Nyctalus leisleri,0.28,0.347,-1,Echolocation,/mnt/ubna_data_01_mir/recover-20220712_unit2/20220712_090000.WAV,Foliage,recover-20220712_unit2,010,1795
239.4085,239.4293,25468.0,29293.0,Nyctalus leisleri,0.274,0.397,-1,Echolocation,/mnt/ubna_data_01_mir/recover-20220712_unit2/20220712_090000.WAV,Foliage,recover-20220712_unit2,010,1795
239.6675,239.685,25468.0,30552.0,Nyctalus leisleri,0.202,0.325,-1,Echolocation,/mnt/ubna_data_01_mir/recover-20220712_unit2/20220712_090000.WAV,Foliage,recover-20220712_unit2,010,1795
240.1645,240.1808,25468.0,29689.0,Nyctalus leisleri,0.335,0.446,-1,Echolocation,/mnt/ubna_data_01_mir/recover-20220712_unit2/20220712_090000.WAV,Foliage,recover-20220712_unit2,010,1795
240.4155,240.4298,26328.0,30173.0,Nyctalus leisleri,0.476,0.571,-1,Echolocation,/mnt/ubna_data_01_mir/recover-20220712_unit2/20220712_090000.WAV,Foliage,recover-20220712_unit2,010,1795
240.8755,240.898,25468.0,28826.0,Nyctalus leisleri,0.168,0.236,-1,Echolocation,/mnt/ubna_data_01_mir/recover-20220712_unit2/20220712_090000.WAV,Foliage,recover-20220712_unit2,010,1795
241.3725,241.3869,26328.0,29598.0,Nyctalus leisleri,0.247,0.324,-1,Echolocation,/mnt/ubna_data_01_mir/recover-20220712_unit2/20220712_090000.WAV,Foliage,recover-20220712_unit2,010,1795
241.9565,241.9747,25468.0,29919.0,Nyctalus leisleri,0.187,0.279,-1,Echolocation,/mnt/ubna_data_01_mir/recover-20220712_unit2/20220712_090000.WAV,Foliage,recover-20220712_unit2,010,1795
242.7855,242.8019,26328.0,30101.0,Nyctalus leisleri,0.242,0.329,-1,Echolocation,/mnt/ubna_data_01_mir/recover-20220712_unit2/20220712_090000.WAV,Foliage,recover-20220712_unit2,010,1795
243.6625,243.6743,27187.0,32850.0,Nyctalus leisleri,0.128,0.231,-1,Echolocation,/mnt/ubna_data_01_mir/recover-20220712_unit2/20220712_090000.WAV,Foliage,recover-20220712_unit2,010,1795
243.8665,243.8825,24609.0,28843.0,Nyctalus leisleri,0.422,0.538,-1,Echolocation,/mnt/ubna_data_01_mir/recover-20220712_unit2/20220712_090000.WAV,Foliage,recover-20220712_unit2,010,1795
245.1395,245.1539,26328.0,30691.0,Nyctalus leisleri,0.425,0.553,-1,Echolocation,/mnt/ubna_data_01_mir/recover-20220712_unit2/20220712_090000.WAV,Foliage,recover-20220712_unit2,010,1795
245.4975,245.5136,25468.0,29405.0,Nyctalus leisleri,0.486,0.615,-1,Echolocation,/mnt/ubna_data_01_mir/recover-20220712_unit2/20220712_090000.WAV,Foliage,recover-20220712_unit2,010,1795
245.7545,245.7743,26328.0,29561.0,Nyctalus leisleri,0.296,0.373,-1,Echolocation,/mnt/ubna_data_01_mir/recover-20220712_unit2/20220712_090000.WAV,Foliage,recover-20220712_unit2,010,1795
246.1385,246.1527,25468.0,29434.0,Nyctalus leisleri,0.609,0.712,-1,Echolocation,/mnt/ubna_data_01_mir/recover-20220712_unit2/20220712_090000.WAV,Foliage,recover-20220712_unit2,010,1795
246.2525,246.2618,27187.0,34527.0,Nyctalus leisleri,0.328,0.642,-1,Echolocation,/mnt/ubna_data_01_mir/recover-20220712_unit2/20220712_090000.WAV,Foliage,recover-20220712_unit2,010,1795
246.6525,246.6662,26328.0,30902.0,Nyctalus leisleri,0.558,0.69,-1,Echolocation,/mnt/ubna_data_01_mir/recover-20220712_unit2/20220712_090000.WAV,Foliage,recover-20220712_unit2,010,1795
247.0605,247.0755,25468.0,28050.0,Nyctalus leisleri,0.619,0.716,-1,Echolocation,/mnt/ubna_data_01_mir/recover-20220712_unit2/20220712_090000.WAV,Foliage,recover-20220712_unit2,010,1795
247.3305,247.3438,25468.0,30651.0,Nyctalus leisleri,0.356,0.513,-1,Echolocation,/mnt/ubna_data_01_mir/recover-20220712_unit2/20220712_090000.WAV,Foliage,recover-20220712_unit2,010,1795
247.7375,247.7533,25468.0,28560.0,Nyctalus leisleri,0.54,0.598,-1,Echolocation,/mnt/ubna_data_01_mir/recover-20220712_unit2/20220712_090000.WAV,Foliage,recover-20220712_unit2,010,1795
248.4305,248.4545,24609.0,28043.0,Nyctalus leisleri,0.259,0.328,-1,Echolocation,/mnt/ubna_data_01_mir/recover-20220712_unit2/20220712_090000.WAV,Foliage,recover-20220712_unit2,010,1795
262.5945,262.6178,24609.0,28040.0,Nyctalus leisleri,0.156,0.211,-1,Echolocation,/mnt/ubna_data_01_mir/recover-20220712_unit2/20220712_090000.WAV,Foliage,recover-20220712_unit2,010,1795
263.2455,263.2639,25468.0,29124.0,Nyctalus leisleri,0.23,0.302,-1,Echolocation,/mnt/ubna_data_01_mir/recover-20220712_unit2/20220712_090000.WAV,Foliage,recover-20220712_unit2,010,1795
264.0165,264.0325,25468.0,28772.0,Nyctalus leisleri,0.454,0.545,-1,Echolocation,/mnt/ubna_data_01_mir/recover-20220712_unit2/20220712_090000.WAV,Foliage,recover-20220712_unit2,010,1795
267.1395,267.1495,28906.0,35625.0,Eptesicus serotinus,0.253,0.406,-1,Echolocation,/mnt/ubna_data_01_mir/recover-20220712_unit2/20220712_090000.WAV,Foliage,recover-20220712_unit2,010,1795
267.9785,267.9911,24609.0,28863.0,Nyctalus leisleri,0.216,0.342,-1,Echolocation,/mnt/ubna_data_01_mir/recover-20220712_unit2/20220712_090000.WAV,Foliage,recover-20220712_unit2,010,1795
272.5125,272.5212,28906.0,36996.0,Eptesicus serotinus,0.154,0.226,-1,Echolocation,/mnt/ubna_data_01_mir/recover-20220712_unit2/20220712_090000.WAV,Foliage,recover-20220712_unit2,010,1795
282.4075,282.4258,27187.0,30826.0,Nyctalus leisleri,0.191,0.297,-1,Echolocation,/mnt/ubna_data_01_mir/recover-20220712_unit2/20220712_090000.WAV,Foliage,recover-20220712_unit2,010,1795
283.1785,283.1954,26328.0,30398.0,Nyctalus leisleri,0.403,0.557,-1,Echolocation,/mnt/ubna_data_01_mir/recover-20220712_unit2/20220712_090000.WAV,Foliage,recover-20220712_unit2,010,1795
283.6635,283.6814,26328.0,30359.0,Nyctalus leisleri,0.193,0.286,-1,Echolocation,/mnt/ubna_data_01_mir/recover-20220712_unit2/20220712_090000.WAV,Foliage,recover-20220712_unit2,010,1795
288.27049999999997,288.2898,26328.0,30846.0,Nyctalus leisleri,0.171,0.298,-1,Echolocation,/mnt/ubna_data_01_mir/recover-20220712_unit2/20220712_090000.WAV,Foliage,recover-20220712_unit2,010,1795
288.2835,288.3025,26328.0,28611.0,Nyctalus leisleri,0.216,0.255,-1,Echolocation,/mnt/ubna_data_01_mir/recover-20220712_unit2/20220712_090000.WAV,Foliage,recover-20220712_unit2,010,1795
291.1885,291.2056,26328.0,29788.0,Nyctalus leisleri,0.172,0.25,-1,Echolocation,/mnt/ubna_data_01_mir/recover-20220712_unit2/20220712_090000.WAV,Foliage,recover-20220712_unit2,010,1795
306.3165,306.3335,28906.0,33000.0,Nyctalus leisleri,0.104,0.219,-1,Echolocation,/mnt/ubna_data_01_mir/recover-20220712_unit2/20220712_090000.WAV,Foliage,recover-20220712_unit2,010,1795
306.9075,306.9226,28046.0,31830.0,Nyctalus leisleri,0.44,0.586,-1,Echolocation,/mnt/ubna_data_01_mir/recover-20220712_unit2/20220712_090000.WAV,Foliage,recover-20220712_unit2,010,1795
307.5165,307.5303,28046.0,31795.0,Nyctalus leisleri,0.546,0.661,-1,Echolocation,/mnt/ubna_data_01_mir/recover-20220712_unit2/20220712_090000.WAV,Foliage,recover-20220712_unit2,010,1795
308.2315,308.2468,27187.0,32047.0,Nyctalus leisleri,0.444,0.637,-1,Echolocation,/mnt/ubna_data_01_mir/recover-20220712_unit2/20220712_090000.WAV,Foliage,recover-20220712_unit2,010,1795
309.3025,309.3168,28046.0,32399.0,Nyctalus leisleri,0.164,0.329,-1,Echolocation,/mnt/ubna_data_01_mir/recover-20220712_unit2/20220712_090000.WAV,Foliage,recover-20220712_unit2,010,1795
309.5295,309.5442,27187.0,32366.0,Eptesicus serotinus,0.124,0.22,-1,Echolocation,/mnt/ubna_data_01_mir/recover-20220712_unit2/20220712_090000.WAV,Foliage,recover-20220712_unit2,010,1795
310.6055,310.6213,27187.0,31204.0,Nyctalus leisleri,0.51,0.611,-1,Echolocation,/mnt/ubna_data_01_mir/recover-20220712_unit2/20220712_090000.WAV,Foliage,recover-20220712_unit2,010,1795
310.9775,310.994,28046.0,32878.0,Eptesicus serotinus,0.135,0.289,-1,Echolocation,/mnt/ubna_data_01_mir/recover-20220712_unit2/20220712_090000.WAV,Foliage,recover-20220712_unit2,010,1795
311.3245,311.3374,28046.0,32801.0,Nyctalus leisleri,0.291,0.501,-1,Echolocation,/mnt/ubna_data_01_mir/recover-20220712_unit2/20220712_090000.WAV,Foliage,recover-20220712_unit2,010,1795
311.8185,311.8353,27187.0,31570.0,Nyctalus leisleri,0.155,0.273,-1,Echolocation,/mnt/ubna_data_01_mir/recover-20220712_unit2/20220712_090000.WAV,Foliage,recover-20220712_unit2,010,1795
311.9515,311.9647,28046.0,32491.0,Nyctalus leisleri,0.465,0.602,-1,Echolocation,/mnt/ubna_data_01_mir/recover-20220712_unit2/20220712_090000.WAV,Foliage,recover-20220712_unit2,010,1795
317.8825,317.8876,50390.0,56899.0,Pipistrellus pipistrellus,0.237,0.256,-1,Echolocation,/mnt/ubna_data_01_mir/recover-20220712_unit2/20220712_090000.WAV,Foliage,recover-20220712_unit2,010,1795
324.0285,324.041,23750.0,28942.0,Nyctalus leisleri,0.199,0.335,-1,Echolocation,/mnt/ubna_data_01_mir/recover-20220712_unit2/20220712_090000.WAV,Foliage,recover-20220712_unit2,010,1795
331.7415,331.7542,27187.0,32805.0,Eptesicus serotinus,0.119,0.258,-1,Echolocation,/mnt/ubna_data_01_mir/recover-20220712_unit2/20220712_090000.WAV,Foliage,recover-20220712_unit2,010,1795
333.2735,333.29110000000003,26328.0,30035.0,Nyctalus leisleri,0.346,0.426,-1,Echolocation,/mnt/ubna_data_01_mir/recover-20220712_unit2/20220712_090000.WAV,Foliage,recover-20220712_unit2,010,1795
334.0595,334.0755,27187.0,30160.0,Nyctalus leisleri,0.476,0.581,-1,Echolocation,/mnt/ubna_data_01_mir/recover-20220712_unit2/20220712_090000.WAV,Foliage,recover-20220712_unit2,010,1795
334.4475,334.4671,27187.0,30319.0,Nyctalus leisleri,0.35,0.419,-1,Echolocation,/mnt/ubna_data_01_mir/recover-20220712_unit2/20220712_090000.WAV,Foliage,recover-20220712_unit2,010,1795
352.2435,352.2622,27187.0,30061.0,Nyctalus leisleri,0.236,0.303,-1,Echolocation,/mnt/ubna_data_01_mir/recover-20220712_unit2/20220712_090000.WAV,Foliage,recover-20220712_unit2,010,1795
362.4965,362.5091,27187.0,33117.0,Eptesicus serotinus,0.192,0.337,-1,Echolocation,/mnt/ubna_data_01_mir/recover-20220712_unit2/20220712_090000.WAV,Foliage,recover-20220712_unit2,010,1795
364.5865,364.6021,27187.0,31555.0,Nyctalus leisleri,0.383,0.539,-1,Echolocation,/mnt/ubna_data_01_mir/recover-20220712_unit2/20220712_090000.WAV,Foliage,recover-20220712_unit2,010,1795
365.2135,365.2325,26328.0,29753.0,Nyctalus leisleri,0.156,0.236,-1,Echolocation,/mnt/ubna_data_01_mir/recover-20220712_unit2/20220712_090000.WAV,Foliage,recover-20220712_unit2,010,1795
366.4485,366.4608,23750.0,28678.0,Nyctalus leisleri,0.165,0.321,-1,Echolocation,/mnt/ubna_data_01_mir/recover-20220712_unit2/20220712_090000.WAV,Foliage,recover-20220712_unit2,010,1795
377.5315,377.5516,26328.0,29405.0,Nyctalus leisleri,0.292,0.351,-1,Echolocation,/mnt/ubna_data_01_mir/recover-20220712_unit2/20220712_090000.WAV,Foliage,recover-20220712_unit2,010,1795
377.7875,377.8038,26328.0,29782.0,Nyctalus leisleri,0.202,0.296,-1,Echolocation,/mnt/ubna_data_01_mir/recover-20220712_unit2/20220712_090000.WAV,Foliage,recover-20220712_unit2,010,1795
378.7075,378.7271,27187.0,30810.0,Nyctalus leisleri,0.379,0.472,-1,Echolocation,/mnt/ubna_data_01_mir/recover-20220712_unit2/20220712_090000.WAV,Foliage,recover-20220712_unit2,010,1795
379.2125,379.22950000000003,26328.0,29619.0,Nyctalus leisleri,0.512,0.594,-1,Echolocation,/mnt/ubna_data_01_mir/recover-20220712_unit2/20220712_090000.WAV,Foliage,recover-20220712_unit2,010,1795
384.2905,384.3075,27187.0,31003.0,Nyctalus leisleri,0.369,0.512,-1,Echolocation,/mnt/ubna_data_01_mir/recover-20220712_unit2/20220712_090000.WAV,Foliage,recover-20220712_unit2,010,1795
396.8855,396.8992,25468.0,30453.0,Nyctalus leisleri,0.377,0.541,-1,Echolocation,/mnt/ubna_data_01_mir/recover-20220712_unit2/20220712_090000.WAV,Foliage,recover-20220712_unit2,010,1795
397.1415,397.1607,26328.0,29257.0,Nyctalus leisleri,0.323,0.391,-1,Echolocation,/mnt/ubna_data_01_mir/recover-20220712_unit2/20220712_090000.WAV,Foliage,recover-20220712_unit2,010,1795
397.4255,397.4447,25468.0,29056.0,Nyctalus leisleri,0.371,0.451,-1,Echolocation,/mnt/ubna_data_01_mir/recover-20220712_unit2/20220712_090000.WAV,Foliage,recover-20220712_unit2,010,1795
397.6825,397.7024,25468.0,29062.0,Nyctalus leisleri,0.142,0.209,-1,Echolocation,/mnt/ubna_data_01_mir/recover-20220712_unit2/20220712_090000.WAV,Foliage,recover-20220712_unit2,010,1795
397.9415,397.9594,25468.0,29037.0,Nyctalus leisleri,0.433,0.513,-1,Echolocation,/mnt/ubna_data_01_mir/recover-20220712_unit2/20220712_090000.WAV,Foliage,recover-20220712_unit2,010,1795
398.1975,398.2143,26328.0,29880.0,Nyctalus leisleri,0.209,0.288,-1,Echolocation,/mnt/ubna_data_01_mir/recover-20220712_unit2/20220712_090000.WAV,Foliage,recover-20220712_unit2,010,1795
398.33050000000003,398.3444,26328.0,30485.0,Nyctalus leisleri,0.365,0.506,-1,Echolocation,/mnt/ubna_data_01_mir/recover-20220712_unit2/20220712_090000.WAV,Foliage,recover-20220712_unit2,010,1795
398.5855,398.6031,26328.0,29053.0,Nyctalus leisleri,0.494,0.577,-1,Echolocation,/mnt/ubna_data_01_mir/recover-20220712_unit2/20220712_090000.WAV,Foliage,recover-20220712_unit2,010,1795
399.2985,399.3121,26328.0,30328.0,Nyctalus leisleri,0.48,0.594,-1,Echolocation,/mnt/ubna_data_01_mir/recover-20220712_unit2/20220712_090000.WAV,Foliage,recover-20220712_unit2,010,1795
399.4235,399.4349,27187.0,32055.0,Nyctalus leisleri,0.293,0.458,-1,Echolocation,/mnt/ubna_data_01_mir/recover-20220712_unit2/20220712_090000.WAV,Foliage,recover-20220712_unit2,010,1795
400.1795,400.1968,26328.0,28862.0,Nyctalus leisleri,0.468,0.549,-1,Echolocation,/mnt/ubna_data_01_mir/recover-20220712_unit2/20220712_090000.WAV,Foliage,recover-20220712_unit2,010,1795
400.4125,400.4313,25468.0,29048.0,Nyctalus leisleri,0.45,0.521,-1,Echolocation,/mnt/ubna_data_01_mir/recover-20220712_unit2/20220712_090000.WAV,Foliage,recover-20220712_unit2,010,1795
400.6385,400.6597,25468.0,29458.0,Nyctalus leisleri,0.282,0.364,-1,Echolocation,/mnt/ubna_data_01_mir/recover-20220712_unit2/20220712_090000.WAV,Foliage,recover-20220712_unit2,010,1795
403.5765,403.5965,24609.0,28407.0,Nyctalus leisleri,0.247,0.32,-1,Echolocation,/mnt/ubna_data_01_mir/recover-20220712_unit2/20220712_090000.WAV,Foliage,recover-20220712_unit2,010,1795
409.6605,409.6778,25468.0,29510.0,Nyctalus leisleri,0.214,0.294,-1,Echolocation,/mnt/ubna_data_01_mir/recover-20220712_unit2/20220712_090000.WAV,Foliage,recover-20220712_unit2,010,1795
410.1765,410.1929,25468.0,30302.0,Nyctalus leisleri,0.215,0.356,-1,Echolocation,/mnt/ubna_data_01_mir/recover-20220712_unit2/20220712_090000.WAV,Foliage,recover-20220712_unit2,010,1795
411.3675,411.3834,25468.0,28598.0,Nyctalus leisleri,0.539,0.629,-1,Echolocation,/mnt/ubna_data_01_mir/recover-20220712_unit2/20220712_090000.WAV,Foliage,recover-20220712_unit2,010,1795
411.6305,411.6452,25468.0,29142.0,Nyctalus leisleri,0.584,0.686,-1,Echolocation,/mnt/ubna_data_01_mir/recover-20220712_unit2/20220712_090000.WAV,Foliage,recover-20220712_unit2,010,1795
411.9045,411.9211,25468.0,29374.0,Nyctalus leisleri,0.422,0.528,-1,Echolocation,/mnt/ubna_data_01_mir/recover-20220712_unit2/20220712_090000.WAV,Foliage,recover-20220712_unit2,010,1795
412.2985,412.312,26328.0,30113.0,Nyctalus leisleri,0.439,0.552,-1,Echolocation,/mnt/ubna_data_01_mir/recover-20220712_unit2/20220712_090000.WAV,Foliage,recover-20220712_unit2,010,1795
413.3355,413.3489,26328.0,30202.0,Nyctalus leisleri,0.577,0.7,-1,Echolocation,/mnt/ubna_data_01_mir/recover-20220712_unit2/20220712_090000.WAV,Foliage,recover-20220712_unit2,010,1795
413.6765,413.6913,26328.0,29145.0,Nyctalus leisleri,0.538,0.633,-1,Echolocation,/mnt/ubna_data_01_mir/recover-20220712_unit2/20220712_090000.WAV,Foliage,recover-20220712_unit2,010,1795
414.4155,414.4346,25468.0,29354.0,Nyctalus leisleri,0.266,0.364,-1,Echolocation,/mnt/ubna_data_01_mir/recover-20220712_unit2/20220712_090000.WAV,Foliage,recover-20220712_unit2,010,1795
414.9235,414.9381,26328.0,31184.0,Nyctalus leisleri,0.405,0.56,-1,Echolocation,/mnt/ubna_data_01_mir/recover-20220712_unit2/20220712_090000.WAV,Foliage,recover-20220712_unit2,010,1795
415.0575,415.0762,26328.0,30399.0,Nyctalus leisleri,0.339,0.436,-1,Echolocation,/mnt/ubna_data_01_mir/recover-20220712_unit2/20220712_090000.WAV,Foliage,recover-20220712_unit2,010,1795
415.3125,415.3269,26328.0,31434.0,Nyctalus leisleri,0.352,0.604,-1,Echolocation,/mnt/ubna_data_01_mir/recover-20220712_unit2/20220712_090000.WAV,Foliage,recover-20220712_unit2,010,1795
415.8315,415.8464,26328.0,29576.0,Nyctalus leisleri,0.414,0.545,-1,Echolocation,/mnt/ubna_data_01_mir/recover-20220712_unit2/20220712_090000.WAV,Foliage,recover-20220712_unit2,010,1795
416.0815,416.0954,26328.0,32792.0,Nyctalus leisleri,0.294,0.559,-1,Echolocation,/mnt/ubna_data_01_mir/recover-20220712_unit2/20220712_090000.WAV,Foliage,recover-20220712_unit2,010,1795
416.2985,416.3146,21171.0,25191.0,Nyctalus leisleri,0.102,0.215,-1,Echolocation,/mnt/ubna_data_01_mir/recover-20220712_unit2/20220712_090000.WAV,Foliage,recover-20220712_unit2,010,1795
416.5835,416.5983,26328.0,29465.0,Nyctalus leisleri,0.45,0.558,-1,Echolocation,/mnt/ubna_data_01_mir/recover-20220712_unit2/20220712_090000.WAV,Foliage,recover-20220712_unit2,010,1795
418.3735,418.3935,27187.0,32030.0,Nyctalus leisleri,0.153,0.293,-1,Echolocation,/mnt/ubna_data_01_mir/recover-20220712_unit2/20220712_090000.WAV,Foliage,recover-20220712_unit2,010,1795
420.0305,420.0472,26328.0,29888.0,Nyctalus leisleri,0.14,0.235,-1,Echolocation,/mnt/ubna_data_01_mir/recover-20220712_unit2/20220712_090000.WAV,Foliage,recover-20220712_unit2,010,1795
420.5335,420.5504,26328.0,29904.0,Nyctalus leisleri,0.258,0.351,-1,Echolocation,/mnt/ubna_data_01_mir/recover-20220712_unit2/20220712_090000.WAV,Foliage,recover-20220712_unit2,010,1795
421.2925,421.3069,26328.0,28810.0,Nyctalus leisleri,0.454,0.571,-1,Echolocation,/mnt/ubna_data_01_mir/recover-20220712_unit2/20220712_090000.WAV,Foliage,recover-20220712_unit2,010,1795
421.6615,421.677,26328.0,29220.0,Nyctalus leisleri,0.411,0.51,-1,Echolocation,/mnt/ubna_data_01_mir/recover-20220712_unit2/20220712_090000.WAV,Foliage,recover-20220712_unit2,010,1795
422.1705,422.1852,25468.0,29117.0,Nyctalus leisleri,0.538,0.623,-1,Echolocation,/mnt/ubna_data_01_mir/recover-20220712_unit2/20220712_090000.WAV,Foliage,recover-20220712_unit2,010,1795
422.6675,422.6836,25468.0,28554.0,Nyctalus leisleri,0.605,0.682,-1,Echolocation,/mnt/ubna_data_01_mir/recover-20220712_unit2/20220712_090000.WAV,Foliage,recover-20220712_unit2,010,1795
423.1865,423.2049,25468.0,29124.0,Nyctalus leisleri,0.407,0.488,-1,Echolocation,/mnt/ubna_data_01_mir/recover-20220712_unit2/20220712_090000.WAV,Foliage,recover-20220712_unit2,010,1795
423.8155,423.8391,25468.0,29388.0,Nyctalus leisleri,0.194,0.282,-1,Echolocation,/mnt/ubna_data_01_mir/recover-20220712_unit2/20220712_090000.WAV,Foliage,recover-20220712_unit2,010,1795
423.8235,423.843,25468.0,29378.0,Nyctalus leisleri,0.238,0.322,-1,Echolocation,/mnt/ubna_data_01_mir/recover-20220712_unit2/20220712_090000.WAV,Foliage,recover-20220712_unit2,010,1795
428.8215,428.8345,25468.0,30550.0,Nyctalus leisleri,0.123,0.263,-1,Echolocation,/mnt/ubna_data_01_mir/recover-20220712_unit2/20220712_090000.WAV,Foliage,recover-20220712_unit2,010,1795
429.0795,429.0934,26328.0,31594.0,Nyctalus leisleri,0.137,0.253,-1,Echolocation,/mnt/ubna_data_01_mir/recover-20220712_unit2/20220712_090000.WAV,Foliage,recover-20220712_unit2,010,1795
429.3535,429.3767,25468.0,29024.0,Nyctalus leisleri,0.143,0.204,-1,Echolocation,/mnt/ubna_data_01_mir/recover-20220712_unit2/20220712_090000.WAV,Foliage,recover-20220712_unit2,010,1795
429.8985,429.9167,25468.0,29123.0,Nyctalus leisleri,0.485,0.55,-1,Echolocation,/mnt/ubna_data_01_mir/recover-20220712_unit2/20220712_090000.WAV,Foliage,recover-20220712_unit2,010,1795
430.1815,430.2002,25468.0,29164.0,Nyctalus leisleri,0.419,0.484,-1,Echolocation,/mnt/ubna_data_01_mir/recover-20220712_unit2/20220712_090000.WAV,Foliage,recover-20220712_unit2,010,1795
430.8485,430.8663,24609.0,27657.0,Nyctalus leisleri,0.608,0.661,-1,Echolocation,/mnt/ubna_data_01_mir/recover-20220712_unit2/20220712_090000.WAV,Foliage,recover-20220712_unit2,010,1795
431.6405,431.65840000000003,25468.0,30184.0,Nyctalus leisleri,0.274,0.424,-1,Echolocation,/mnt/ubna_data_01_mir/recover-20220712_unit2/20220712_090000.WAV,Foliage,recover-20220712_unit2,010,1795
432.16949999999997,432.1832,26328.0,30596.0,Nyctalus leisleri,0.52,0.673,-1,Echolocation,/mnt/ubna_data_01_mir/recover-20220712_unit2/20220712_090000.WAV,Foliage,recover-20220712_unit2,010,1795
432.4475,432.4612,26328.0,30540.0,Nyctalus leisleri,0.42,0.618,-1,Echolocation,/mnt/ubna_data_01_mir/recover-20220712_unit2/20220712_090000.WAV,Foliage,recover-20220712_unit2,010,1795
432.9875,433.006,25468.0,28815.0,Nyctalus leisleri,0.274,0.407,-1,Echolocation,/mnt/ubna_data_01_mir/recover-20220712_unit2/20220712_090000.WAV,Foliage,recover-20220712_unit2,010,1795
433.3875,433.405,25468.0,29345.0,Nyctalus leisleri,0.204,0.302,-1,Echolocation,/mnt/ubna_data_01_mir/recover-20220712_unit2/20220712_090000.WAV,Foliage,recover-20220712_unit2,010,1795
433.6645,433.6808,25468.0,29581.0,Nyctalus leisleri,0.51,0.597,-1,Echolocation,/mnt/ubna_data_01_mir/recover-20220712_unit2/20220712_090000.WAV,Foliage,recover-20220712_unit2,010,1795
434.1755,434.1896,25468.0,29185.0,Nyctalus leisleri,0.263,0.367,-1,Echolocation,/mnt/ubna_data_01_mir/recover-20220712_unit2/20220712_090000.WAV,Foliage,recover-20220712_unit2,010,1795
443.5715,443.585,25468.0,29557.0,Eptesicus serotinus,0.099,0.207,-1,Echolocation,/mnt/ubna_data_01_mir/recover-20220712_unit2/20220712_090000.WAV,Foliage,recover-20220712_unit2,010,1795
443.8385,443.858,26328.0,30234.0,Nyctalus leisleri,0.178,0.281,-1,Echolocation,/mnt/ubna_data_01_mir/recover-20220712_unit2/20220712_090000.WAV,Foliage,recover-20220712_unit2,010,1795
444.3905,444.4098,25468.0,29250.0,Nyctalus leisleri,0.147,0.21,-1,Echolocation,/mnt/ubna_data_01_mir/recover-20220712_unit2/20220712_090000.WAV,Foliage,recover-20220712_unit2,010,1795
445.7465,445.7612,25468.0,30381.0,Nyctalus leisleri,0.217,0.359,-1,Echolocation,/mnt/ubna_data_01_mir/recover-20220712_unit2/20220712_090000.WAV,Foliage,recover-20220712_unit2,010,1795
446.6115,446.6283,25468.0,30796.0,Nyctalus leisleri,0.165,0.315,-1,Echolocation,/mnt/ubna_data_01_mir/recover-20220712_unit2/20220712_090000.WAV,Foliage,recover-20220712_unit2,010,1795
447.1555,447.1735,25468.0,29734.0,Nyctalus leisleri,0.158,0.232,-1,Echolocation,/mnt/ubna_data_01_mir/recover-20220712_unit2/20220712_090000.WAV,Foliage,recover-20220712_unit2,010,1795
448.4125,448.4311,24609.0,28995.0,Nyctalus leisleri,0.119,0.222,-1,Echolocation,/mnt/ubna_data_01_mir/recover-20220712_unit2/20220712_090000.WAV,Foliage,recover-20220712_unit2,010,1795
448.9705,448.9853,25468.0,30023.0,Nyctalus leisleri,0.402,0.533,-1,Echolocation,/mnt/ubna_data_01_mir/recover-20220712_unit2/20220712_090000.WAV,Foliage,recover-20220712_unit2,010,1795
449.0955,449.109,26328.0,32537.0,Eptesicus serotinus,0.252,0.658,-1,Echolocation,/mnt/ubna_data_01_mir/recover-20220712_unit2/20220712_090000.WAV,Foliage,recover-20220712_unit2,010,1795
449.2825,449.294,27187.0,33322.0,Nyctalus leisleri,0.295,0.674,-1,Echolocation,/mnt/ubna_data_01_mir/recover-20220712_unit2/20220712_090000.WAV,Foliage,recover-20220712_unit2,010,1795
450.0775,450.0931,25468.0,28696.0,Nyctalus leisleri,0.54,0.639,-1,Echolocation,/mnt/ubna_data_01_mir/recover-20220712_unit2/20220712_090000.WAV,Foliage,recover-20220712_unit2,010,1795
450.3685,450.3846,25468.0,29475.0,Nyctalus leisleri,0.151,0.249,-1,Echolocation,/mnt/ubna_data_01_mir/recover-20220712_unit2/20220712_090000.WAV,Foliage,recover-20220712_unit2,010,1795
450.6165,450.6347,26328.0,30348.0,Nyctalus leisleri,0.211,0.319,-1,Echolocation,/mnt/ubna_data_01_mir/recover-20220712_unit2/20220712_090000.WAV,Foliage,recover-20220712_unit2,010,1795
451.0325,451.0424,26328.0,34085.0,Eptesicus serotinus,0.169,0.305,-1,Echolocation,/mnt/ubna_data_01_mir/recover-20220712_unit2/20220712_090000.WAV,Foliage,recover-20220712_unit2,010,1795
451.5675,451.5817,25468.0,29749.0,Nyctalus leisleri,0.424,0.573,-1,Echolocation,/mnt/ubna_data_01_mir/recover-20220712_unit2/20220712_090000.WAV,Foliage,recover-20220712_unit2,010,1795
452.2485,452.269,25468.0,29037.0,Nyctalus leisleri,0.24,0.324,-1,Echolocation,/mnt/ubna_data_01_mir/recover-20220712_unit2/20220712_090000.WAV,Foliage,recover-20220712_unit2,010,1795
452.5265,452.5448,25468.0,29140.0,Nyctalus leisleri,0.233,0.298,-1,Echolocation,/mnt/ubna_data_01_mir/recover-20220712_unit2/20220712_090000.WAV,Foliage,recover-20220712_unit2,010,1795
453.0645,453.0826,25468.0,29692.0,Nyctalus leisleri,0.167,0.25,-1,Echolocation,/mnt/ubna_data_01_mir/recover-20220712_unit2/20220712_090000.WAV,Foliage,recover-20220712_unit2,010,1795
454.4285,454.4424,28046.0,32269.0,Nyctalus leisleri,0.134,0.227,-1,Echolocation,/mnt/ubna_data_01_mir/recover-20220712_unit2/20220712_090000.WAV,Foliage,recover-20220712_unit2,010,1795
455.7835,455.7996,26328.0,29638.0,Nyctalus leisleri,0.219,0.292,-1,Echolocation,/mnt/ubna_data_01_mir/recover-20220712_unit2/20220712_090000.WAV,Foliage,recover-20220712_unit2,010,1795
465.1675,465.1807,28046.0,32164.0,Nyctalus leisleri,0.167,0.309,-1,Echolocation,/mnt/ubna_data_01_mir/recover-20220712_unit2/20220712_090000.WAV,Foliage,recover-20220712_unit2,010,1795
466.4905,466.5094,20312.0,24770.0,Nyctalus noctula,0.126,0.214,-1,Echolocation,/mnt/ubna_data_01_mir/recover-20220712_unit2/20220712_090000.WAV,Foliage,recover-20220712_unit2,010,1795
468.3405,468.3557,27187.0,31589.0,Nyctalus leisleri,0.228,0.339,-1,Echolocation,/mnt/ubna_data_01_mir/recover-20220712_unit2/20220712_090000.WAV,Foliage,recover-20220712_unit2,010,1795
469.0295,469.0485,27187.0,30706.0,Nyctalus leisleri,0.428,0.532,-1,Echolocation,/mnt/ubna_data_01_mir/recover-20220712_unit2/20220712_090000.WAV,Foliage,recover-20220712_unit2,010,1795
469.2115,469.227,27187.0,30945.0,Nyctalus leisleri,0.315,0.419,-1,Echolocation,/mnt/ubna_data_01_mir/recover-20220712_unit2/20220712_090000.WAV,Foliage,recover-20220712_unit2,010,1795
469.3675,469.3803,27187.0,32712.0,Nyctalus leisleri,0.291,0.599,-1,Echolocation,/mnt/ubna_data_01_mir/recover-20220712_unit2/20220712_090000.WAV,Foliage,recover-20220712_unit2,010,1795
469.6435,469.6631,26328.0,29998.0,Nyctalus leisleri,0.157,0.227,-1,Echolocation,/mnt/ubna_data_01_mir/recover-20220712_unit2/20220712_090000.WAV,Foliage,recover-20220712_unit2,010,1795
470.0265,470.0437,27187.0,29676.0,Nyctalus leisleri,0.275,0.329,-1,Echolocation,/mnt/ubna_data_01_mir/recover-20220712_unit2/20220712_090000.WAV,Foliage,recover-20220712_unit2,010,1795
471.8635,471.879,26328.0,30580.0,Nyctalus leisleri,0.159,0.255,-1,Echolocation,/mnt/ubna_data_01_mir/recover-20220712_unit2/20220712_090000.WAV,Foliage,recover-20220712_unit2,010,1795
472.3865,472.4042,25468.0,29261.0,Nyctalus leisleri,0.206,0.297,-1,Echolocation,/mnt/ubna_data_01_mir/recover-20220712_unit2/20220712_090000.WAV,Foliage,recover-20220712_unit2,010,1795
477.1865,477.2059,27187.0,30448.0,Nyctalus leisleri,0.323,0.402,-1,Echolocation,/mnt/ubna_data_01_mir/recover-20220712_unit2/20220712_090000.WAV,Foliage,recover-20220712_unit2,010,1795
477.5625,477.5794,27187.0,31481.0,Nyctalus leisleri,0.237,0.362,-1,Echolocation,/mnt/ubna_data_01_mir/recover-20220712_unit2/20220712_090000.WAV,Foliage,recover-20220712_unit2,010,1795
478.6775,478.6904,27187.0,32209.0,Nyctalus leisleri,0.155,0.29,-1,Echolocation,/mnt/ubna_data_01_mir/recover-20220712_unit2/20220712_090000.WAV,Foliage,recover-20220712_unit2,010,1795
479.4905,479.5096,26328.0,29355.0,Nyctalus leisleri,0.306,0.363,-1,Echolocation,/mnt/ubna_data_01_mir/recover-20220712_unit2/20220712_090000.WAV,Foliage,recover-20220712_unit2,010,1795
480.2735,480.2927,26328.0,30119.0,Nyctalus leisleri,0.177,0.256,-1,Echolocation,/mnt/ubna_data_01_mir/recover-20220712_unit2/20220712_090000.WAV,Foliage,recover-20220712_unit2,010,1795
480.4315,480.4512,27187.0,31911.0,Nyctalus leisleri,0.31,0.502,-1,Echolocation,/mnt/ubna_data_01_mir/recover-20220712_unit2/20220712_090000.WAV,Foliage,recover-20220712_unit2,010,1795
480.5815,480.5978,28046.0,32465.0,Nyctalus leisleri,0.292,0.485,-1,Echolocation,/mnt/ubna_data_01_mir/recover-20220712_unit2/20220712_090000.WAV,Foliage,recover-20220712_unit2,010,1795
481.5225,481.535,28046.0,32822.0,Eptesicus serotinus,0.126,0.244,-1,Echolocation,/mnt/ubna_data_01_mir/recover-20220712_unit2/20220712_090000.WAV,Foliage,recover-20220712_unit2,010,1795
481.7225,481.7376,27187.0,31875.0,Nyctalus leisleri,0.328,0.519,-1,Echolocation,/mnt/ubna_data_01_mir/recover-20220712_unit2/20220712_090000.WAV,Foliage,recover-20220712_unit2,010,1795
482.7515,482.7676,27187.0,30219.0,Nyctalus leisleri,0.486,0.575,-1,Echolocation,/mnt/ubna_data_01_mir/recover-20220712_unit2/20220712_090000.WAV,Foliage,recover-20220712_unit2,010,1795
482.9255,482.9381,27187.0,32117.0,Nyctalus leisleri,0.212,0.418,-1,Echolocation,/mnt/ubna_data_01_mir/recover-20220712_unit2/20220712_090000.WAV,Foliage,recover-20220712_unit2,010,1795
483.1995,483.2145,27187.0,32028.0,Nyctalus leisleri,0.377,0.605,-1,Echolocation,/mnt/ubna_data_01_mir/recover-20220712_unit2/20220712_090000.WAV,Foliage,recover-20220712_unit2,010,1795
494.7485,494.7634,22031.0,26507.0,Nyctalus leisleri,0.1,0.225,-1,Echolocation,/mnt/ubna_data_01_mir/recover-20220712_unit2/20220712_090000.WAV,Foliage,recover-20220712_unit2,010,1795
498.5565,498.568,48671.0,52844.0,Pipistrellus pipistrellus,0.19,0.226,-1,Echolocation,/mnt/ubna_data_01_mir/recover-20220712_unit2/20220712_090000.WAV,Foliage,recover-20220712_unit2,010,1795
502.3785,502.3962,27187.0,31216.0,Nyctalus leisleri,0.136,0.218,-1,Echolocation,/mnt/ubna_data_01_mir/recover-20220712_unit2/20220712_090000.WAV,Foliage,recover-20220712_unit2,010,1795
503.3355,503.3548,27187.0,29779.0,Nyctalus leisleri,0.472,0.531,-1,Echolocation,/mnt/ubna_data_01_mir/recover-20220712_unit2/20220712_090000.WAV,Foliage,recover-20220712_unit2,010,1795
504.8925,504.9112,26328.0,29430.0,Nyctalus leisleri,0.381,0.447,-1,Echolocation,/mnt/ubna_data_01_mir/recover-20220712_unit2/20220712_090000.WAV,Foliage,recover-20220712_unit2,010,1795
505.9565,505.9738,27187.0,30536.0,Nyctalus leisleri,0.48,0.554,-1,Echolocation,/mnt/ubna_data_01_mir/recover-20220712_unit2/20220712_090000.WAV,Foliage,recover-20220712_unit2,010,1795
506.6085,506.6215,26328.0,30248.0,Nyctalus leisleri,0.115,0.207,-1,Echolocation,/mnt/ubna_data_01_mir/recover-20220712_unit2/20220712_090000.WAV,Foliage,recover-20220712_unit2,010,1795
518.2205,518.2401,27187.0,30791.0,Nyctalus leisleri,0.146,0.208,-1,Echolocation,/mnt/ubna_data_01_mir/recover-20220712_unit2/20220712_090000.WAV,Foliage,recover-20220712_unit2,010,1795
518.5995,518.6056,28046.0,38791.0,Eptesicus serotinus,0.101,0.209,-1,Echolocation,/mnt/ubna_data_01_mir/recover-20220712_unit2/20220712_090000.WAV,Foliage,recover-20220712_unit2,010,1795
518.9535,518.9726,27187.0,30049.0,Nyctalus leisleri,0.253,0.308,-1,Echolocation,/mnt/ubna_data_01_mir/recover-20220712_unit2/20220712_090000.WAV,Foliage,recover-20220712_unit2,010,1795
519.9865,519.9991,27187.0,33073.0,Eptesicus serotinus,0.123,0.213,-1,Echolocation,/mnt/ubna_data_01_mir/recover-20220712_unit2/20220712_090000.WAV,Foliage,recover-20220712_unit2,010,1795
520.4315,520.4527,26328.0,29923.0,Nyctalus leisleri,0.265,0.347,-1,Echolocation,/mnt/ubna_data_01_mir/recover-20220712_unit2/20220712_090000.WAV,Foliage,recover-20220712_unit2,010,1795
520.9695,520.9897,26328.0,29369.0,Nyctalus leisleri,0.231,0.284,-1,Echolocation,/mnt/ubna_data_01_mir/recover-20220712_unit2/20220712_090000.WAV,Foliage,recover-20220712_unit2,010,1795
538.9865,538.999,27187.0,33012.0,Eptesicus serotinus,0.117,0.206,-1,Echolocation,/mnt/ubna_data_01_mir/recover-20220712_unit2/20220712_090000.WAV,Foliage,recover-20220712_unit2,010,1795
549.6845,549.7008,26328.0,30662.0,Nyctalus leisleri,0.124,0.229,-1,Echolocation,/mnt/ubna_data_01_mir/recover-20220712_unit2/20220712_090000.WAV,Foliage,recover-20220712_unit2,010,1795
551.3625,551.3815,26328.0,29955.0,Nyctalus leisleri,0.331,0.421,-1,Echolocation,/mnt/ubna_data_01_mir/recover-20220712_unit2/20220712_090000.WAV,Foliage,recover-20220712_unit2,010,1795
551.6245,551.6404,25468.0,29264.0,Nyctalus leisleri,0.148,0.228,-1,Echolocation,/mnt/ubna_data_01_mir/recover-20220712_unit2/20220712_090000.WAV,Foliage,recover-20220712_unit2,010,1795
551.9075,551.924,26328.0,29860.0,Nyctalus leisleri,0.382,0.471,-1,Echolocation,/mnt/ubna_data_01_mir/recover-20220712_unit2/20220712_090000.WAV,Foliage,recover-20220712_unit2,010,1795
552.5745,552.5924,26328.0,29288.0,Nyctalus leisleri,0.43,0.474,-1,Echolocation,/mnt/ubna_data_01_mir/recover-20220712_unit2/20220712_090000.WAV,Foliage,recover-20220712_unit2,010,1795
554.0175,554.0352,26328.0,29630.0,Nyctalus leisleri,0.169,0.265,-1,Echolocation,/mnt/ubna_data_01_mir/recover-20220712_unit2/20220712_090000.WAV,Foliage,recover-20220712_unit2,010,1795
555.5505,555.5698,27187.0,30666.0,Nyctalus leisleri,0.312,0.397,-1,Echolocation,/mnt/ubna_data_01_mir/recover-20220712_unit2/20220712_090000.WAV,Foliage,recover-20220712_unit2,010,1795
556.0045,556.0215,26328.0,29272.0,Nyctalus leisleri,0.371,0.44,-1,Echolocation,/mnt/ubna_data_01_mir/recover-20220712_unit2/20220712_090000.WAV,Foliage,recover-20220712_unit2,010,1795
556.7565,556.7764,26328.0,29407.0,Nyctalus leisleri,0.372,0.443,-1,Echolocation,/mnt/ubna_data_01_mir/recover-20220712_unit2/20220712_090000.WAV,Foliage,recover-20220712_unit2,010,1795
557.5285,557.5466,26328.0,29446.0,Nyctalus leisleri,0.319,0.373,-1,Echolocation,/mnt/ubna_data_01_mir/recover-20220712_unit2/20220712_090000.WAV,Foliage,recover-20220712_unit2,010,1795
557.9075,557.9213,34921.0,39415.0,Pipistrellus nathusii,0.122,0.272,-1,Echolocation,/mnt/ubna_data_01_mir/recover-20220712_unit2/20220712_090000.WAV,Foliage,recover-20220712_unit2,010,1795
558.1585,558.1785,27187.0,30207.0,Nyctalus leisleri,0.223,0.286,-1,Echolocation,/mnt/ubna_data_01_mir/recover-20220712_unit2/20220712_090000.WAV,Foliage,recover-20220712_unit2,010,1795
558.9485,558.9682,26328.0,29573.0,Nyctalus leisleri,0.253,0.33,-1,Echolocation,/mnt/ubna_data_01_mir/recover-20220712_unit2/20220712_090000.WAV,Foliage,recover-20220712_unit2,010,1795
559.6145,559.6316,26328.0,29032.0,Nyctalus leisleri,0.493,0.548,-1,Echolocation,/mnt/ubna_data_01_mir/recover-20220712_unit2/20220712_090000.WAV,Foliage,recover-20220712_unit2,010,1795
559.8745,559.8894,26328.0,30827.0,Nyctalus leisleri,0.243,0.349,-1,Echolocation,/mnt/ubna_data_01_mir/recover-20220712_unit2/20220712_090000.WAV,Foliage,recover-20220712_unit2,010,1795
574.6665,574.6838,25468.0,29371.0,Nyctalus leisleri,0.188,0.283,-1,Echolocation,/mnt/ubna_data_01_mir/recover-20220712_unit2/20220712_090000.WAV,Foliage,recover-20220712_unit2,010,1795
575.8125,575.8273,26328.0,30337.0,Nyctalus leisleri,0.135,0.22,-1,Echolocation,/mnt/ubna_data_01_mir/recover-20220712_unit2/20220712_090000.WAV,Foliage,recover-20220712_unit2,010,1795
576.6895,576.7041,25468.0,29978.0,Nyctalus leisleri,0.492,0.616,-1,Echolocation,/mnt/ubna_data_01_mir/recover-20220712_unit2/20220712_090000.WAV,Foliage,recover-20220712_unit2,010,1795
576.8135,576.825,26328.0,32321.0,Nyctalus leisleri,0.274,0.465,-1,Echolocation,/mnt/ubna_data_01_mir/recover-20220712_unit2/20220712_090000.WAV,Foliage,recover-20220712_unit2,010,1795
577.1895,577.2035,25468.0,30302.0,Nyctalus leisleri,0.44,0.64,-1,Echolocation,/mnt/ubna_data_01_mir/recover-20220712_unit2/20220712_090000.WAV,Foliage,recover-20220712_unit2,010,1795
577.4475,577.4645,25468.0,29465.0,Nyctalus leisleri,0.141,0.232,-1,Echolocation,/mnt/ubna_data_01_mir/recover-20220712_unit2/20220712_090000.WAV,Foliage,recover-20220712_unit2,010,1795
577.7085,577.725,25468.0,29471.0,Nyctalus leisleri,0.464,0.579,-1,Echolocation,/mnt/ubna_data_01_mir/recover-20220712_unit2/20220712_090000.WAV,Foliage,recover-20220712_unit2,010,1795
578.2195,578.2323,26328.0,30401.0,Nyctalus leisleri,0.52,0.673,-1,Echolocation,/mnt/ubna_data_01_mir/recover-20220712_unit2/20220712_090000.WAV,Foliage,recover-20220712_unit2,010,1795
578.6135,578.6315,25468.0,29008.0,Nyctalus leisleri,0.484,0.549,-1,Echolocation,/mnt/ubna_data_01_mir/recover-20220712_unit2/20220712_090000.WAV,Foliage,recover-20220712_unit2,010,1795
579.1095,579.1295,25468.0,29612.0,Nyctalus leisleri,0.327,0.436,-1,Echolocation,/mnt/ubna_data_01_mir/recover-20220712_unit2/20220712_090000.WAV,Foliage,recover-20220712_unit2,010,1795
579.3565,579.3736,25468.0,29377.0,Nyctalus leisleri,0.254,0.325,-1,Echolocation,/mnt/ubna_data_01_mir/recover-20220712_unit2/20220712_090000.WAV,Foliage,recover-20220712_unit2,010,1795
579.5925,579.6076,25468.0,28854.0,Nyctalus leisleri,0.621,0.715,-1,Echolocation,/mnt/ubna_data_01_mir/recover-20220712_unit2/20220712_090000.WAV,Foliage,recover-20220712_unit2,010,1795
580.0345,580.0533,27187.0,30619.0,Nyctalus leisleri,0.363,0.442,-1,Echolocation,/mnt/ubna_data_01_mir/recover-20220712_unit2/20220712_090000.WAV,Foliage,recover-20220712_unit2,010,1795
580.0825,580.0971,25468.0,29676.0,Nyctalus leisleri,0.546,0.639,-1,Echolocation,/mnt/ubna_data_01_mir/recover-20220712_unit2/20220712_090000.WAV,Foliage,recover-20220712_unit2,010,1795
580.1915,580.2075,27187.0,31786.0,Nyctalus leisleri,0.229,0.375,-1,Echolocation,/mnt/ubna_data_01_mir/recover-20220712_unit2/20220712_090000.WAV,Foliage,recover-20220712_unit2,010,1795
580.7005,580.7197,25468.0,29294.0,Nyctalus leisleri,0.159,0.235,-1,Echolocation,/mnt/ubna_data_01_mir/recover-20220712_unit2/20220712_090000.WAV,Foliage,recover-20220712_unit2,010,1795
580.9495,580.9681,25468.0,29232.0,Nyctalus leisleri,0.232,0.312,-1,Echolocation,/mnt/ubna_data_01_mir/recover-20220712_unit2/20220712_090000.WAV,Foliage,recover-20220712_unit2,010,1795
581.4255,581.4412,26328.0,30597.0,Nyctalus leisleri,0.124,0.225,-1,Echolocation,/mnt/ubna_data_01_mir/recover-20220712_unit2/20220712_090000.WAV,Foliage,recover-20220712_unit2,010,1795
582.8205,582.8387,26328.0,29698.0,Nyctalus leisleri,0.312,0.387,-1,Echolocation,/mnt/ubna_data_01_mir/recover-20220712_unit2/20220712_090000.WAV,Foliage,recover-20220712_unit2,010,1795
583.3695,583.3861,26328.0,30613.0,Nyctalus leisleri,0.139,0.263,-1,Echolocation,/mnt/ubna_data_01_mir/recover-20220712_unit2/20220712_090000.WAV,Foliage,recover-20220712_unit2,010,1795
583.4155,583.4222,28906.0,39099.0,Eptesicus serotinus,0.129,0.219,-1,Echolocation,/mnt/ubna_data_01_mir/recover-20220712_unit2/20220712_090000.WAV,Foliage,recover-20220712_unit2,010,1795
585.7835,585.7978,25468.0,29717.0,Nyctalus leisleri,0.127,0.255,-1,Echolocation,/mnt/ubna_data_01_mir/recover-20220712_unit2/20220712_090000.WAV,Foliage,recover-20220712_unit2,010,1795
589.6445,589.6592,27187.0,32567.0,Nyctalus leisleri,0.141,0.295,-1,Echolocation,/mnt/ubna_data_01_mir/recover-20220712_unit2/20220712_090000.WAV,Foliage,recover-20220712_unit2,010,1795
590.4405,590.4601,27187.0,30561.0,Nyctalus leisleri,0.348,0.416,-1,Echolocation,/mnt/ubna_data_01_mir/recover-20220712_unit2/20220712_090000.WAV,Foliage,recover-20220712_unit2,010,1795
590.8935,590.9135,27187.0,30171.0,Nyctalus leisleri,0.24,0.307,-1,Echolocation,/mnt/ubna_data_01_mir/recover-20220712_unit2/20220712_090000.WAV,Foliage,recover-20220712_unit2,010,1795
591.2655,591.2838,27187.0,31069.0,Nyctalus leisleri,0.36,0.489,-1,Echolocation,/mnt/ubna_data_01_mir/recover-20220712_unit2/20220712_090000.WAV,Foliage,recover-20220712_unit2,010,1795
591.6514999999999,591.6694,27187.0,30991.0,Nyctalus leisleri,0.39,0.497,-1,Echolocation,/mnt/ubna_data_01_mir/recover-20220712_unit2/20220712_090000.WAV,Foliage,recover-20220712_unit2,010,1795
591.8955,591.9154,27187.0,30377.0,Nyctalus leisleri,0.248,0.327,-1,Echolocation,/mnt/ubna_data_01_mir/recover-20220712_unit2/20220712_090000.WAV,Foliage,recover-20220712_unit2,010,1795
592.4955,592.5136,27187.0,30870.0,Nyctalus leisleri,0.209,0.318,-1,Echolocation,/mnt/ubna_data_01_mir/recover-20220712_unit2/20220712_090000.WAV,Foliage,recover-20220712_unit2,010,1795
594.0915,594.1061,26328.0,29763.0,Nyctalus leisleri,0.156,0.26,-1,Echolocation,/mnt/ubna_data_01_mir/recover-20220712_unit2/20220712_090000.WAV,Foliage,recover-20220712_unit2,010,1795
594.8575,594.8754,26328.0,29606.0,Nyctalus leisleri,0.128,0.205,-1,Echolocation,/mnt/ubna_data_01_mir/recover-20220712_unit2/20220712_090000.WAV,Foliage,recover-20220712_unit2,010,1795
595.2475,595.2610999999999,25468.0,29722.0,Nyctalus leisleri,0.218,0.336,-1,Echolocation,/mnt/ubna_data_01_mir/recover-20220712_unit2/20220712_090000.WAV,Foliage,recover-20220712_unit2,010,1795
595.7355,595.7544,26328.0,29523.0,Nyctalus leisleri,0.227,0.295,-1,Echolocation,/mnt/ubna_data_01_mir/recover-20220712_unit2/20220712_090000.WAV,Foliage,recover-20220712_unit2,010,1795
596.1175,596.1383,25468.0,28962.0,Nyctalus leisleri,0.182,0.252,-1,Echolocation,/mnt/ubna_data_01_mir/recover-20220712_unit2/20220712_090000.WAV,Foliage,recover-20220712_unit2,010,1795
609.6095,609.6245,26328.0,30001.0,Nyctalus leisleri,0.159,0.258,-1,Echolocation,/mnt/ubna_data_01_mir/recover-20220712_unit2/20220712_090000.WAV,Foliage,recover-20220712_unit2,010,1795
610.6415,610.6616,27187.0,31169.0,Nyctalus leisleri,0.186,0.292,-1,Echolocation,/mnt/ubna_data_01_mir/recover-20220712_unit2/20220712_090000.WAV,Foliage,recover-20220712_unit2,010,1795
611.1005,611.1209,27187.0,31283.0,Nyctalus leisleri,0.297,0.42,-1,Echolocation,/mnt/ubna_data_01_mir/recover-20220712_unit2/20220712_090000.WAV,Foliage,recover-20220712_unit2,010,1795
611.4155,611.4333,26328.0,29966.0,Nyctalus leisleri,0.214,0.301,-1,Echolocation,/mnt/ubna_data_01_mir/recover-20220712_unit2/20220712_090000.WAV,Foliage,recover-20220712_unit2,010,1795
612.6195,612.6369,26328.0,30238.0,Nyctalus leisleri,0.202,0.285,-1,Echolocation,/mnt/ubna_data_01_mir/recover-20220712_unit2/20220712_090000.WAV,Foliage,recover-20220712_unit2,010,1795
619.2025,619.2173,25468.0,29837.0,Nyctalus leisleri,0.103,0.206,-1,Echolocation,/mnt/ubna_data_01_mir/recover-20220712_unit2/20220712_090000.WAV,Foliage,recover-20220712_unit2,010,1795
624.7465,624.7583,28906.0,34267.0,Eptesicus serotinus,0.145,0.234,-1,Echolocation,/mnt/ubna_data_01_mir/recover-20220712_unit2/20220712_090000.WAV,Foliage,recover-20220712_unit2,010,1795
629.7785,629.7971,25468.0,29603.0,Nyctalus leisleri,0.209,0.311,-1,Echolocation,/mnt/ubna_data_01_mir/recover-20220712_unit2/20220712_090000.WAV,Foliage,recover-20220712_unit2,010,1795
632.6845,632.703,28046.0,31646.0,Nyctalus leisleri,0.139,0.22,-1,Echolocation,/mnt/ubna_data_01_mir/recover-20220712_unit2/20220712_090000.WAV,Foliage,recover-20220712_unit2,010,1795
633.3625,633.3779,27187.0,31129.0,Nyctalus leisleri,0.215,0.35,-1,Echolocation,/mnt/ubna_data_01_mir/recover-20220712_unit2/20220712_090000.WAV,Foliage,recover-20220712_unit2,010,1795
633.5235,633.5422,27187.0,32017.0,Nyctalus leisleri,0.19,0.35,-1,Echolocation,/mnt/ubna_data_01_mir/recover-20220712_unit2/20220712_090000.WAV,Foliage,recover-20220712_unit2,010,1795
634.1005,634.1182,27187.0,30280.0,Nyctalus leisleri,0.207,0.279,-1,Echolocation,/mnt/ubna_data_01_mir/recover-20220712_unit2/20220712_090000.WAV,Foliage,recover-20220712_unit2,010,1795
639.5585,639.5715,25468.0,30626.0,Nyctalus leisleri,0.218,0.368,-1,Echolocation,/mnt/ubna_data_01_mir/recover-20220712_unit2/20220712_090000.WAV,Foliage,recover-20220712_unit2,010,1795
639.9595,639.9724,25468.0,29443.0,Nyctalus leisleri,0.236,0.369,-1,Echolocation,/mnt/ubna_data_01_mir/recover-20220712_unit2/20220712_090000.WAV,Foliage,recover-20220712_unit2,010,1795
640.5805,640.5998,25468.0,29627.0,Nyctalus leisleri,0.274,0.386,-1,Echolocation,/mnt/ubna_data_01_mir/recover-20220712_unit2/20220712_090000.WAV,Foliage,recover-20220712_unit2,010,1795
640.9515,640.9666,26328.0,29791.0,Nyctalus leisleri,0.18,0.253,-1,Echolocation,/mnt/ubna_data_01_mir/recover-20220712_unit2/20220712_090000.WAV,Foliage,recover-20220712_unit2,010,1795
642.0195,642.035,25468.0,28607.0,Nyctalus leisleri,0.329,0.416,-1,Echolocation,/mnt/ubna_data_01_mir/recover-20220712_unit2/20220712_090000.WAV,Foliage,recover-20220712_unit2,010,1795
649.1635,649.1769,27187.0,31492.0,Nyctalus leisleri,0.166,0.318,-1,Echolocation,/mnt/ubna_data_01_mir/recover-20220712_unit2/20220712_090000.WAV,Foliage,recover-20220712_unit2,010,1795
651.2215,651.2342,27187.0,31270.0,Nyctalus leisleri,0.448,0.642,-1,Echolocation,/mnt/ubna_data_01_mir/recover-20220712_unit2/20220712_090000.WAV,Foliage,recover-20220712_unit2,010,1795
651.6355,651.6492,26328.0,30074.0,Nyctalus leisleri,0.525,0.631,-1,Echolocation,/mnt/ubna_data_01_mir/recover-20220712_unit2/20220712_090000.WAV,Foliage,recover-20220712_unit2,010,1795
651.8015,651.813,27187.0,32958.0,Nyctalus leisleri,0.418,0.635,-1,Echolocation,/mnt/ubna_data_01_mir/recover-20220712_unit2/20220712_090000.WAV,Foliage,recover-20220712_unit2,010,1795
652.4905,652.5065,25468.0,28773.0,Nyctalus leisleri,0.597,0.672,-1,Echolocation,/mnt/ubna_data_01_mir/recover-20220712_unit2/20220712_090000.WAV,Foliage,recover-20220712_unit2,010,1795
652.9095,652.9268,26328.0,29161.0,Nyctalus leisleri,0.364,0.446,-1,Echolocation,/mnt/ubna_data_01_mir/recover-20220712_unit2/20220712_090000.WAV,Foliage,recover-20220712_unit2,010,1795
653.1685,653.1821,25468.0,29864.0,Nyctalus leisleri,0.545,0.673,-1,Echolocation,/mnt/ubna_data_01_mir/recover-20220712_unit2/20220712_090000.WAV,Foliage,recover-20220712_unit2,010,1795
653.8605,653.8762,25468.0,28732.0,Nyctalus leisleri,0.667,0.706,-1,Echolocation,/mnt/ubna_data_01_mir/recover-20220712_unit2/20220712_090000.WAV,Foliage,recover-20220712_unit2,010,1795
654.5425,654.5589,25468.0,29239.0,Nyctalus leisleri,0.43,0.528,-1,Echolocation,/mnt/ubna_data_01_mir/recover-20220712_unit2/20220712_090000.WAV,Foliage,recover-20220712_unit2,010,1795
654.8145,654.8299,25468.0,28812.0,Nyctalus leisleri,0.49,0.627,-1,Echolocation,/mnt/ubna_data_01_mir/recover-20220712_unit2/20220712_090000.WAV,Foliage,recover-20220712_unit2,010,1795
655.2365,655.2528,25468.0,27299.0,Nyctalus leisleri,0.588,0.66,-1,Echolocation,/mnt/ubna_data_01_mir/recover-20220712_unit2/20220712_090000.WAV,Foliage,recover-20220712_unit2,010,1795
655.8115,655.8314,24609.0,28998.0,Nyctalus leisleri,0.172,0.251,-1,Echolocation,/mnt/ubna_data_01_mir/recover-20220712_unit2/20220712_090000.WAV,Foliage,recover-20220712_unit2,010,1795
656.3635,656.3779,26328.0,29774.0,Nyctalus leisleri,0.373,0.49,-1,Echolocation,/mnt/ubna_data_01_mir/recover-20220712_unit2/20220712_090000.WAV,Foliage,recover-20220712_unit2,010,1795
656.7955,656.8124,26328.0,29578.0,Nyctalus leisleri,0.367,0.443,-1,Echolocation,/mnt/ubna_data_01_mir/recover-20220712_unit2/20220712_090000.WAV,Foliage,recover-20220712_unit2,010,1795
657.3685,657.3857,25468.0,29201.0,Nyctalus leisleri,0.28,0.392,-1,Echolocation,/mnt/ubna_data_01_mir/recover-20220712_unit2/20220712_090000.WAV,Foliage,recover-20220712_unit2,010,1795
658.3145,658.3333,26328.0,29641.0,Nyctalus leisleri,0.163,0.241,-1,Echolocation,/mnt/ubna_data_01_mir/recover-20220712_unit2/20220712_090000.WAV,Foliage,recover-20220712_unit2,010,1795
658.8605,658.8777,25468.0,29093.0,Nyctalus leisleri,0.267,0.362,-1,Echolocation,/mnt/ubna_data_01_mir/recover-20220712_unit2/20220712_090000.WAV,Foliage,recover-20220712_unit2,010,1795
659.6695,659.6871,25468.0,29369.0,Nyctalus leisleri,0.224,0.327,-1,Echolocation,/mnt/ubna_data_01_mir/recover-20220712_unit2/20220712_090000.WAV,Foliage,recover-20220712_unit2,010,1795
660.2185,660.2368,26328.0,31664.0,Nyctalus leisleri,0.125,0.27,-1,Echolocation,/mnt/ubna_data_01_mir/recover-20220712_unit2/20220712_090000.WAV,Foliage,recover-20220712_unit2,010,1795
660.4875,660.5045,26328.0,30043.0,Nyctalus leisleri,0.404,0.503,-1,Echolocation,/mnt/ubna_data_01_mir/recover-20220712_unit2/20220712_090000.WAV,Foliage,recover-20220712_unit2,010,1795
661.0285,661.0441,26328.0,28888.0,Nyctalus leisleri,0.501,0.583,-1,Echolocation,/mnt/ubna_data_01_mir/recover-20220712_unit2/20220712_090000.WAV,Foliage,recover-20220712_unit2,010,1795
661.3335,661.3493,27187.0,31089.0,Nyctalus leisleri,0.187,0.288,-1,Echolocation,/mnt/ubna_data_01_mir/recover-20220712_unit2/20220712_090000.WAV,Foliage,recover-20220712_unit2,010,1795
661.5585,661.5732,26328.0,30447.0,Nyctalus leisleri,0.447,0.634,-1,Echolocation,/mnt/ubna_data_01_mir/recover-20220712_unit2/20220712_090000.WAV,Foliage,recover-20220712_unit2,010,1795
661.8285,661.8467,26328.0,30005.0,Nyctalus leisleri,0.403,0.466,-1,Echolocation,/mnt/ubna_data_01_mir/recover-20220712_unit2/20220712_090000.WAV,Foliage,recover-20220712_unit2,010,1795
662.3025,662.3227,27187.0,30460.0,Nyctalus leisleri,0.255,0.33,-1,Echolocation,/mnt/ubna_data_01_mir/recover-20220712_unit2/20220712_090000.WAV,Foliage,recover-20220712_unit2,010,1795
662.3635,662.3828,25468.0,29788.0,Nyctalus leisleri,0.26,0.361,-1,Echolocation,/mnt/ubna_data_01_mir/recover-20220712_unit2/20220712_090000.WAV,Foliage,recover-20220712_unit2,010,1795
662.9515,662.9721,27187.0,30357.0,Nyctalus leisleri,0.301,0.36,-1,Echolocation,/mnt/ubna_data_01_mir/recover-20220712_unit2/20220712_090000.WAV,Foliage,recover-20220712_unit2,010,1795
663.4795,663.4949,27187.0,31295.0,Nyctalus leisleri,0.437,0.598,-1,Echolocation,/mnt/ubna_data_01_mir/recover-20220712_unit2/20220712_090000.WAV,Foliage,recover-20220712_unit2,010,1795
664.1465,664.1662,26328.0,29640.0,Nyctalus leisleri,0.176,0.258,-1,Echolocation,/mnt/ubna_data_01_mir/recover-20220712_unit2/20220712_090000.WAV,Foliage,recover-20220712_unit2,010,1795
679.5745,679.5915,27187.0,31012.0,Nyctalus leisleri,0.157,0.25,-1,Echolocation,/mnt/ubna_data_01_mir/recover-20220712_unit2/20220712_090000.WAV,Foliage,recover-20220712_unit2,010,1795
680.3965,680.4126,25468.0,29448.0,Nyctalus leisleri,0.504,0.613,-1,Echolocation,/mnt/ubna_data_01_mir/recover-20220712_unit2/20220712_090000.WAV,Foliage,recover-20220712_unit2,010,1795
680.6605,680.6744,25468.0,29372.0,Nyctalus leisleri,0.584,0.676,-1,Echolocation,/mnt/ubna_data_01_mir/recover-20220712_unit2/20220712_090000.WAV,Foliage,recover-20220712_unit2,010,1795
680.9235,680.9376,26328.0,29753.0,Nyctalus leisleri,0.441,0.535,-1,Echolocation,/mnt/ubna_data_01_mir/recover-20220712_unit2/20220712_090000.WAV,Foliage,recover-20220712_unit2,010,1795
681.1845,681.2004,25468.0,28168.0,Nyctalus leisleri,0.613,0.703,-1,Echolocation,/mnt/ubna_data_01_mir/recover-20220712_unit2/20220712_090000.WAV,Foliage,recover-20220712_unit2,010,1795
681.4385,681.4518,25468.0,29764.0,Nyctalus leisleri,0.525,0.681,-1,Echolocation,/mnt/ubna_data_01_mir/recover-20220712_unit2/20220712_090000.WAV,Foliage,recover-20220712_unit2,010,1795
681.6965,681.7127,25468.0,28677.0,Nyctalus leisleri,0.459,0.516,-1,Echolocation,/mnt/ubna_data_01_mir/recover-20220712_unit2/20220712_090000.WAV,Foliage,recover-20220712_unit2,010,1795
681.9695,681.985,25468.0,28251.0,Nyctalus leisleri,0.6,0.669,-1,Echolocation,/mnt/ubna_data_01_mir/recover-20220712_unit2/20220712_090000.WAV,Foliage,recover-20220712_unit2,010,1795
682.3825,682.3973,25468.0,28827.0,Nyctalus leisleri,0.694,0.75,-1,Echolocation,/mnt/ubna_data_01_mir/recover-20220712_unit2/20220712_090000.WAV,Foliage,recover-20220712_unit2,010,1795
682.6485,682.6674,25468.0,29309.0,Nyctalus leisleri,0.296,0.37,-1,Echolocation,/mnt/ubna_data_01_mir/recover-20220712_unit2/20220712_090000.WAV,Foliage,recover-20220712_unit2,010,1795
682.8985,682.9144,25468.0,30175.0,Nyctalus leisleri,0.188,0.306,-1,Echolocation,/mnt/ubna_data_01_mir/recover-20220712_unit2/20220712_090000.WAV,Foliage,recover-20220712_unit2,010,1795
683.0305,683.0443,26328.0,29472.0,Nyctalus leisleri,0.543,0.643,-1,Echolocation,/mnt/ubna_data_01_mir/recover-20220712_unit2/20220712_090000.WAV,Foliage,recover-20220712_unit2,010,1795
683.1505,683.1629,26328.0,32001.0,Nyctalus leisleri,0.459,0.706,-1,Echolocation,/mnt/ubna_data_01_mir/recover-20220712_unit2/20220712_090000.WAV,Foliage,recover-20220712_unit2,010,1795
683.4365,683.4527,26328.0,30051.0,Nyctalus leisleri,0.265,0.36,-1,Echolocation,/mnt/ubna_data_01_mir/recover-20220712_unit2/20220712_090000.WAV,Foliage,recover-20220712_unit2,010,1795
683.6985,683.7124,25468.0,29558.0,Nyctalus leisleri,0.576,0.71,-1,Echolocation,/mnt/ubna_data_01_mir/recover-20220712_unit2/20220712_090000.WAV,Foliage,recover-20220712_unit2,010,1795
683.8245,683.8352,27187.0,33197.0,Nyctalus leisleri,0.483,0.693,-1,Echolocation,/mnt/ubna_data_01_mir/recover-20220712_unit2/20220712_090000.WAV,Foliage,recover-20220712_unit2,010,1795
684.0965,684.111,25468.0,30260.0,Nyctalus leisleri,0.176,0.325,-1,Echolocation,/mnt/ubna_data_01_mir/recover-20220712_unit2/20220712_090000.WAV,Foliage,recover-20220712_unit2,010,1795
684.3405,684.3598,25468.0,29499.0,Nyctalus leisleri,0.186,0.265,-1,Echolocation,/mnt/ubna_data_01_mir/recover-20220712_unit2/20220712_090000.WAV,Foliage,recover-20220712_unit2,010,1795
684.5915,684.6031,52109.0,56091.0,Pipistrellus pygmaeus,0.171,0.283,-1,Echolocation,/mnt/ubna_data_01_mir/recover-20220712_unit2/20220712_090000.WAV,Foliage,recover-20220712_unit2,010,1795
684.5915,684.6057,25468.0,28861.0,Nyctalus leisleri,0.694,0.769,-1,Echolocation,/mnt/ubna_data_01_mir/recover-20220712_unit2/20220712_090000.WAV,Foliage,recover-20220712_unit2,010,1795
685.2405,685.2584,25468.0,29104.0,Nyctalus leisleri,0.248,0.332,-1,Echolocation,/mnt/ubna_data_01_mir/recover-20220712_unit2/20220712_090000.WAV,Foliage,recover-20220712_unit2,010,1795
685.5125,685.531,25468.0,28788.0,Nyctalus leisleri,0.441,0.518,-1,Echolocation,/mnt/ubna_data_01_mir/recover-20220712_unit2/20220712_090000.WAV,Foliage,recover-20220712_unit2,010,1795
686.0475,686.0624,25468.0,29656.0,Nyctalus leisleri,0.371,0.511,-1,Echolocation,/mnt/ubna_data_01_mir/recover-20220712_unit2/20220712_090000.WAV,Foliage,recover-20220712_unit2,010,1795
686.6855,686.699,25468.0,29436.0,Nyctalus leisleri,0.286,0.388,-1,Echolocation,/mnt/ubna_data_01_mir/recover-20220712_unit2/20220712_090000.WAV,Foliage,recover-20220712_unit2,010,1795
688.5445,688.5578,27187.0,32112.0,Eptesicus serotinus,0.11,0.201,-1,Echolocation,/mnt/ubna_data_01_mir/recover-20220712_unit2/20220712_090000.WAV,Foliage,recover-20220712_unit2,010,1795
688.9505,688.9647,25468.0,29743.0,Nyctalus leisleri,0.245,0.366,-1,Echolocation,/mnt/ubna_data_01_mir/recover-20220712_unit2/20220712_090000.WAV,Foliage,recover-20220712_unit2,010,1795
689.2005,689.213,26328.0,30615.0,Nyctalus leisleri,0.191,0.306,-1,Echolocation,/mnt/ubna_data_01_mir/recover-20220712_unit2/20220712_090000.WAV,Foliage,recover-20220712_unit2,010,1795
708.2595,708.2731,26328.0,30613.0,Nyctalus leisleri,0.141,0.278,-1,Echolocation,/mnt/ubna_data_01_mir/recover-20220712_unit2/20220712_090000.WAV,Foliage,recover-20220712_unit2,010,1795
709.1545,709.1719,26328.0,30797.0,Nyctalus leisleri,0.262,0.411,-1,Echolocation,/mnt/ubna_data_01_mir/recover-20220712_unit2/20220712_090000.WAV,Foliage,recover-20220712_unit2,010,1795
709.6865,709.7049,25468.0,29758.0,Nyctalus leisleri,0.224,0.349,-1,Echolocation,/mnt/ubna_data_01_mir/recover-20220712_unit2/20220712_090000.WAV,Foliage,recover-20220712_unit2,010,1795
709.8895,709.9084,26328.0,29707.0,Nyctalus leisleri,0.327,0.396,-1,Echolocation,/mnt/ubna_data_01_mir/recover-20220712_unit2/20220712_090000.WAV,Foliage,recover-20220712_unit2,010,1795
709.9415,709.9561,26328.0,29510.0,Nyctalus leisleri,0.375,0.465,-1,Echolocation,/mnt/ubna_data_01_mir/recover-20220712_unit2/20220712_090000.WAV,Foliage,recover-20220712_unit2,010,1795
710.2115,710.2285,25468.0,29817.0,Nyctalus leisleri,0.534,0.627,-1,Echolocation,/mnt/ubna_data_01_mir/recover-20220712_unit2/20220712_090000.WAV,Foliage,recover-20220712_unit2,010,1795
710.3245,710.3352,27187.0,33615.0,Nyctalus leisleri,0.427,0.676,-1,Echolocation,/mnt/ubna_data_01_mir/recover-20220712_unit2/20220712_090000.WAV,Foliage,recover-20220712_unit2,010,1795
710.4545,710.4705,26328.0,30246.0,Nyctalus leisleri,0.213,0.306,-1,Echolocation,/mnt/ubna_data_01_mir/recover-20220712_unit2/20220712_090000.WAV,Foliage,recover-20220712_unit2,010,1795
710.5895,710.6051,25468.0,29569.0,Nyctalus leisleri,0.532,0.631,-1,Echolocation,/mnt/ubna_data_01_mir/recover-20220712_unit2/20220712_090000.WAV,Foliage,recover-20220712_unit2,010,1795
710.7585,710.7732,26328.0,32384.0,Nyctalus leisleri,0.357,0.587,-1,Echolocation,/mnt/ubna_data_01_mir/recover-20220712_unit2/20220712_090000.WAV,Foliage,recover-20220712_unit2,010,1795
710.9385,710.9509,27187.0,33656.0,Nyctalus leisleri,0.392,0.701,-1,Echolocation,/mnt/ubna_data_01_mir/recover-20220712_unit2/20220712_090000.WAV,Foliage,recover-20220712_unit2,010,1795
711.1105,711.1221,27187.0,33354.0,Nyctalus leisleri,0.336,0.67,-1,Echolocation,/mnt/ubna_data_01_mir/recover-20220712_unit2/20220712_090000.WAV,Foliage,recover-20220712_unit2,010,1795
711.2775,711.2892,28046.0,33963.0,Nyctalus leisleri,0.285,0.507,-1,Echolocation,/mnt/ubna_data_01_mir/recover-20220712_unit2/20220712_090000.WAV,Foliage,recover-20220712_unit2,010,1795
711.4085,711.4181,28046.0,35178.0,Eptesicus serotinus,0.287,0.505,-1,Echolocation,/mnt/ubna_data_01_mir/recover-20220712_unit2/20220712_090000.WAV,Foliage,recover-20220712_unit2,010,1795
712.2155,712.2316,26328.0,31141.0,Nyctalus leisleri,0.208,0.347,-1,Echolocation,/mnt/ubna_data_01_mir/recover-20220712_unit2/20220712_090000.WAV,Foliage,recover-20220712_unit2,010,1795
712.4505,712.4648,26328.0,32007.0,Nyctalus leisleri,0.331,0.526,-1,Echolocation,/mnt/ubna_data_01_mir/recover-20220712_unit2/20220712_090000.WAV,Foliage,recover-20220712_unit2,010,1795
712.6725,712.6849,26328.0,34032.0,Nyctalus leisleri,0.376,0.708,-1,Echolocation,/mnt/ubna_data_01_mir/recover-20220712_unit2/20220712_090000.WAV,Foliage,recover-20220712_unit2,010,1795
712.9045,712.9156,26328.0,34525.0,Nyctalus leisleri,0.332,0.684,-1,Echolocation,/mnt/ubna_data_01_mir/recover-20220712_unit2/20220712_090000.WAV,Foliage,recover-20220712_unit2,010,1795
713.2665,713.2836,27187.0,31679.0,Nyctalus leisleri,0.12,0.239,-1,Echolocation,/mnt/ubna_data_01_mir/recover-20220712_unit2/20220712_090000.WAV,Foliage,recover-20220712_unit2,010,1795
713.7725,713.7848,26328.0,31570.0,Nyctalus leisleri,0.416,0.646,-1,Echolocation,/mnt/ubna_data_01_mir/recover-20220712_unit2/20220712_090000.WAV,Foliage,recover-20220712_unit2,010,1795
713.9165,713.9286,26328.0,30866.0,Nyctalus leisleri,0.307,0.464,-1,Echolocation,/mnt/ubna_data_01_mir/recover-20220712_unit2/20220712_090000.WAV,Foliage,recover-20220712_unit2,010,1795
714.1785,714.1934,25468.0,30199.0,Nyctalus leisleri,0.288,0.432,-1,Echolocation,/mnt/ubna_data_01_mir/recover-20220712_unit2/20220712_090000.WAV,Foliage,recover-20220712_unit2,010,1795
714.4445,714.4606,26328.0,30609.0,Nyctalus leisleri,0.119,0.226,-1,Echolocation,/mnt/ubna_data_01_mir/recover-20220712_unit2/20220712_090000.WAV,Foliage,recover-20220712_unit2,010,1795
714.6945,714.7141,25468.0,29023.0,Nyctalus leisleri,0.312,0.377,-1,Echolocation,/mnt/ubna_data_01_mir/recover-20220712_unit2/20220712_090000.WAV,Foliage,recover-20220712_unit2,010,1795
714.9575,714.9742,25468.0,29175.0,Nyctalus leisleri,0.138,0.224,-1,Echolocation,/mnt/ubna_data_01_mir/recover-20220712_unit2/20220712_090000.WAV,Foliage,recover-20220712_unit2,010,1795
715.2065,715.2223,25468.0,29925.0,Nyctalus leisleri,0.27,0.384,-1,Echolocation,/mnt/ubna_data_01_mir/recover-20220712_unit2/20220712_090000.WAV,Foliage,recover-20220712_unit2,010,1795
715.4615,715.4836,26328.0,29520.0,Nyctalus leisleri,0.189,0.284,-1,Echolocation,/mnt/ubna_data_01_mir/recover-20220712_unit2/20220712_090000.WAV,Foliage,recover-20220712_unit2,010,1795
715.7305,715.7474,24609.0,28768.0,Nyctalus leisleri,0.163,0.265,-1,Echolocation,/mnt/ubna_data_01_mir/recover-20220712_unit2/20220712_090000.WAV,Foliage,recover-20220712_unit2,010,1795
715.8665,715.8824,26328.0,29628.0,Nyctalus leisleri,0.437,0.504,-1,Echolocation,/mnt/ubna_data_01_mir/recover-20220712_unit2/20220712_090000.WAV,Foliage,recover-20220712_unit2,010,1795
716.2615,716.277,25468.0,29713.0,Nyctalus leisleri,0.591,0.721,-1,Echolocation,/mnt/ubna_data_01_mir/recover-20220712_unit2/20220712_090000.WAV,Foliage,recover-20220712_unit2,010,1795
716.5325,716.5535,25468.0,28902.0,Nyctalus leisleri,0.213,0.267,-1,Echolocation,/mnt/ubna_data_01_mir/recover-20220712_unit2/20220712_090000.WAV,Foliage,recover-20220712_unit2,010,1795
716.7995,716.8145,25468.0,29142.0,Nyctalus leisleri,0.583,0.647,-1,Echolocation,/mnt/ubna_data_01_mir/recover-20220712_unit2/20220712_090000.WAV,Foliage,recover-20220712_unit2,010,1795
717.0755,717.0908,24609.0,28288.0,Nyctalus leisleri,0.652,0.718,-1,Echolocation,/mnt/ubna_data_01_mir/recover-20220712_unit2/20220712_090000.WAV,Foliage,recover-20220712_unit2,010,1795
717.3385,717.3537,25468.0,28528.0,Nyctalus leisleri,0.566,0.633,-1,Echolocation,/mnt/ubna_data_01_mir/recover-20220712_unit2/20220712_090000.WAV,Foliage,recover-20220712_unit2,010,1795
717.6145,717.6296,25468.0,28058.0,Nyctalus leisleri,0.643,0.704,-1,Echolocation,/mnt/ubna_data_01_mir/recover-20220712_unit2/20220712_090000.WAV,Foliage,recover-20220712_unit2,010,1795
718.1655,718.1816,24609.0,28780.0,Nyctalus leisleri,0.435,0.526,-1,Echolocation,/mnt/ubna_data_01_mir/recover-20220712_unit2/20220712_090000.WAV,Foliage,recover-20220712_unit2,010,1795
718.2745,718.291,23750.0,27830.0,Nyctalus leisleri,0.128,0.218,-1,Echolocation,/mnt/ubna_data_01_mir/recover-20220712_unit2/20220712_090000.WAV,Foliage,recover-20220712_unit2,010,1795
718.4455,718.4602,25468.0,29275.0,Nyctalus leisleri,0.371,0.466,-1,Echolocation,/mnt/ubna_data_01_mir/recover-20220712_unit2/20220712_090000.WAV,Foliage,recover-20220712_unit2,010,1795
722.3165,722.337,25468.0,28760.0,Nyctalus leisleri,0.288,0.352,-1,Echolocation,/mnt/ubna_data_01_mir/recover-20220712_unit2/20220712_090000.WAV,Foliage,recover-20220712_unit2,010,1795
722.7765,722.7959,26328.0,29683.0,Nyctalus leisleri,0.163,0.22,-1,Echolocation,/mnt/ubna_data_01_mir/recover-20220712_unit2/20220712_090000.WAV,Foliage,recover-20220712_unit2,010,1795
725.8085,725.8212,25468.0,30698.0,Nyctalus leisleri,0.282,0.484,-1,Echolocation,/mnt/ubna_data_01_mir/recover-20220712_unit2/20220712_090000.WAV,Foliage,recover-20220712_unit2,010,1795
726.3315,726.3482,25468.0,29900.0,Nyctalus leisleri,0.179,0.292,-1,Echolocation,/mnt/ubna_data_01_mir/recover-20220712_unit2/20220712_090000.WAV,Foliage,recover-20220712_unit2,010,1795
726.8315,726.8503,26328.0,29364.0,Nyctalus leisleri,0.324,0.407,-1,Echolocation,/mnt/ubna_data_01_mir/recover-20220712_unit2/20220712_090000.WAV,Foliage,recover-20220712_unit2,010,1795
727.0715,727.0885,26328.0,29358.0,Nyctalus leisleri,0.29,0.381,-1,Echolocation,/mnt/ubna_data_01_mir/recover-20220712_unit2/20220712_090000.WAV,Foliage,recover-20220712_unit2,010,1795
727.6015,727.6184,26328.0,29517.0,Nyctalus leisleri,0.218,0.308,-1,Echolocation,/mnt/ubna_data_01_mir/recover-20220712_unit2/20220712_090000.WAV,Foliage,recover-20220712_unit2,010,1795
728.0085,728.0242,25468.0,29558.0,Nyctalus leisleri,0.467,0.572,-1,Echolocation,/mnt/ubna_data_01_mir/recover-20220712_unit2/20220712_090000.WAV,Foliage,recover-20220712_unit2,010,1795
729.6365,729.6492,26328.0,30604.0,Nyctalus leisleri,0.228,0.401,-1,Echolocation,/mnt/ubna_data_01_mir/recover-20220712_unit2/20220712_090000.WAV,Foliage,recover-20220712_unit2,010,1795
731.2655,731.2795,26328.0,30286.0,Nyctalus leisleri,0.508,0.639,-1,Echolocation,/mnt/ubna_data_01_mir/recover-20220712_unit2/20220712_090000.WAV,Foliage,recover-20220712_unit2,010,1795
731.6775,731.6919,26328.0,30027.0,Nyctalus leisleri,0.372,0.476,-1,Echolocation,/mnt/ubna_data_01_mir/recover-20220712_unit2/20220712_090000.WAV,Foliage,recover-20220712_unit2,010,1795
732.2385,732.2559,25468.0,28486.0,Nyctalus leisleri,0.416,0.53,-1,Echolocation,/mnt/ubna_data_01_mir/recover-20220712_unit2/20220712_090000.WAV,Foliage,recover-20220712_unit2,010,1795
732.4855,732.5003,25468.0,29481.0,Nyctalus leisleri,0.583,0.705,-1,Echolocation,/mnt/ubna_data_01_mir/recover-20220712_unit2/20220712_090000.WAV,Foliage,recover-20220712_unit2,010,1795
732.6185,732.6295,27187.0,33957.0,Nyctalus leisleri,0.381,0.716,-1,Echolocation,/mnt/ubna_data_01_mir/recover-20220712_unit2/20220712_090000.WAV,Foliage,recover-20220712_unit2,010,1795
732.7705,732.7838,26328.0,30752.0,Nyctalus leisleri,0.358,0.485,-1,Echolocation,/mnt/ubna_data_01_mir/recover-20220712_unit2/20220712_090000.WAV,Foliage,recover-20220712_unit2,010,1795
733.0285,733.0435,26328.0,29178.0,Nyctalus leisleri,0.437,0.588,-1,Echolocation,/mnt/ubna_data_01_mir/recover-20220712_unit2/20220712_090000.WAV,Foliage,recover-20220712_unit2,010,1795
733.2845,733.2995,26328.0,30613.0,Nyctalus leisleri,0.391,0.639,-1,Echolocation,/mnt/ubna_data_01_mir/recover-20220712_unit2/20220712_090000.WAV,Foliage,recover-20220712_unit2,010,1795
733.5765,733.5892,52968.0,56051.0,Pipistrellus pygmaeus,0.287,0.464,-1,Echolocation,/mnt/ubna_data_01_mir/recover-20220712_unit2/20220712_090000.WAV,Foliage,recover-20220712_unit2,010,1795
733.5765,733.5912,25468.0,29484.0,Nyctalus leisleri,0.633,0.718,-1,Echolocation,/mnt/ubna_data_01_mir/recover-20220712_unit2/20220712_090000.WAV,Foliage,recover-20220712_unit2,010,1795
733.8075,733.8226,26328.0,31824.0,Nyctalus leisleri,0.314,0.66,-1,Echolocation,/mnt/ubna_data_01_mir/recover-20220712_unit2/20220712_090000.WAV,Foliage,recover-20220712_unit2,010,1795
733.8135,733.8225,53828.0,56619.0,Pipistrellus pygmaeus,0.207,0.222,-1,Echolocation,/mnt/ubna_data_01_mir/recover-20220712_unit2/20220712_090000.WAV,Foliage,recover-20220712_unit2,010,1795
734.0685,734.0875,25468.0,29015.0,Nyctalus leisleri,0.337,0.439,-1,Echolocation,/mnt/ubna_data_01_mir/recover-20220712_unit2/20220712_090000.WAV,Foliage,recover-20220712_unit2,010,1795
734.3105,734.3297,26328.0,29703.0,Nyctalus leisleri,0.308,0.392,-1,Echolocation,/mnt/ubna_data_01_mir/recover-20220712_unit2/20220712_090000.WAV,Foliage,recover-20220712_unit2,010,1795
734.5605,734.5758,25468.0,29081.0,Nyctalus leisleri,0.521,0.699,-1,Echolocation,/mnt/ubna_data_01_mir/recover-20220712_unit2/20220712_090000.WAV,Foliage,recover-20220712_unit2,010,1795
734.5655,734.5789,52109.0,54994.0,Pipistrellus pygmaeus,0.29,0.332,-1,Echolocation,/mnt/ubna_data_01_mir/recover-20220712_unit2/20220712_090000.WAV,Foliage,recover-20220712_unit2,010,1795
734.6835,734.6944,27187.0,35282.0,Nyctalus leisleri,0.42,0.735,-1,Echolocation,/mnt/ubna_data_01_mir/recover-20220712_unit2/20220712_090000.WAV,Foliage,recover-20220712_unit2,010,1795
734.9515,734.9682,26328.0,29865.0,Nyctalus leisleri,0.32,0.405,-1,Echolocation,/mnt/ubna_data_01_mir/recover-20220712_unit2/20220712_090000.WAV,Foliage,recover-20220712_unit2,010,1795
735.1905,735.2085,25468.0,29523.0,Nyctalus leisleri,0.359,0.512,-1,Echolocation,/mnt/ubna_data_01_mir/recover-20220712_unit2/20220712_090000.WAV,Foliage,recover-20220712_unit2,010,1795
735.3955,735.4142,25468.0,29773.0,Nyctalus leisleri,0.512,0.628,-1,Echolocation,/mnt/ubna_data_01_mir/recover-20220712_unit2/20220712_090000.WAV,Foliage,recover-20220712_unit2,010,1795
735.6105,735.6236,26328.0,31528.0,Nyctalus leisleri,0.448,0.701,-1,Echolocation,/mnt/ubna_data_01_mir/recover-20220712_unit2/20220712_090000.WAV,Foliage,recover-20220712_unit2,010,1795
735.6115,735.6194,53828.0,58681.0,Pipistrellus pygmaeus,0.415,0.453,-1,Echolocation,/mnt/ubna_data_01_mir/recover-20220712_unit2/20220712_090000.WAV,Foliage,recover-20220712_unit2,010,1795
736.2205,736.2376,25468.0,30221.0,Nyctalus leisleri,0.366,0.477,-1,Echolocation,/mnt/ubna_data_01_mir/recover-20220712_unit2/20220712_090000.WAV,Foliage,recover-20220712_unit2,010,1795
736.2305,736.2407,52109.0,55312.0,Pipistrellus pygmaeus,0.211,0.285,-1,Echolocation,/mnt/ubna_data_01_mir/recover-20220712_unit2/20220712_090000.WAV,Foliage,recover-20220712_unit2,010,1795
736.4715,736.4921,26328.0,30234.0,Nyctalus leisleri,0.235,0.341,-1,Echolocation,/mnt/ubna_data_01_mir/recover-20220712_unit2/20220712_090000.WAV,Foliage,recover-20220712_unit2,010,1795
736.6195,736.6319,27187.0,34218.0,Nyctalus leisleri,0.352,0.63,-1,Echolocation,/mnt/ubna_data_01_mir/recover-20220712_unit2/20220712_090000.WAV,Foliage,recover-20220712_unit2,010,1795
736.7495,736.7636,27187.0,34399.0,Nyctalus leisleri,0.263,0.58,-1,Echolocation,/mnt/ubna_data_01_mir/recover-20220712_unit2/20220712_090000.WAV,Foliage,recover-20220712_unit2,010,1795
736.8235,736.8369,28046.0,34279.0,Eptesicus serotinus,0.207,0.331,-1,Echolocation,/mnt/ubna_data_01_mir/recover-20220712_unit2/20220712_090000.WAV,Foliage,recover-20220712_unit2,010,1795
737.2335,737.2477,27187.0,32887.0,Nyctalus leisleri,0.346,0.552,-1,Echolocation,/mnt/ubna_data_01_mir/recover-20220712_unit2/20220712_090000.WAV,Foliage,recover-20220712_unit2,010,1795
737.3815,737.3976,27187.0,33596.0,Nyctalus leisleri,0.195,0.393,-1,Echolocation,/mnt/ubna_data_01_mir/recover-20220712_unit2/20220712_090000.WAV,Foliage,recover-20220712_unit2,010,1795
737.5365,737.5523,27187.0,31948.0,Nyctalus leisleri,0.184,0.344,-1,Echolocation,/mnt/ubna_data_01_mir/recover-20220712_unit2/20220712_090000.WAV,Foliage,recover-20220712_unit2,010,1795
737.6505,737.6638,26328.0,31579.0,Nyctalus leisleri,0.428,0.605,-1,Echolocation,/mnt/ubna_data_01_mir/recover-20220712_unit2/20220712_090000.WAV,Foliage,recover-20220712_unit2,010,1795
737.7755,737.7885,26328.0,32214.0,Nyctalus leisleri,0.446,0.667,-1,Echolocation,/mnt/ubna_data_01_mir/recover-20220712_unit2/20220712_090000.WAV,Foliage,recover-20220712_unit2,010,1795
738.1485,738.1632,26328.0,30315.0,Nyctalus leisleri,0.387,0.486,-1,Echolocation,/mnt/ubna_data_01_mir/recover-20220712_unit2/20220712_090000.WAV,Foliage,recover-20220712_unit2,010,1795
738.5345,738.5482,25468.0,30280.0,Nyctalus leisleri,0.147,0.255,-1,Echolocation,/mnt/ubna_data_01_mir/recover-20220712_unit2/20220712_090000.WAV,Foliage,recover-20220712_unit2,010,1795
739.2855,739.2988,25468.0,29990.0,Nyctalus leisleri,0.244,0.391,-1,Echolocation,/mnt/ubna_data_01_mir/recover-20220712_unit2/20220712_090000.WAV,Foliage,recover-20220712_unit2,010,1795
739.7715,739.7889,26328.0,30094.0,Nyctalus leisleri,0.129,0.209,-1,Echolocation,/mnt/ubna_data_01_mir/recover-20220712_unit2/20220712_090000.WAV,Foliage,recover-20220712_unit2,010,1795
740.0175,740.0328,26328.0,30362.0,Nyctalus leisleri,0.123,0.218,-1,Echolocation,/mnt/ubna_data_01_mir/recover-20220712_unit2/20220712_090000.WAV,Foliage,recover-20220712_unit2,010,1795
740.5295,740.5453,25468.0,30629.0,Nyctalus leisleri,0.46,0.595,-1,Echolocation,/mnt/ubna_data_01_mir/recover-20220712_unit2/20220712_090000.WAV,Foliage,recover-20220712_unit2,010,1795
740.8015,740.815,25468.0,29539.0,Nyctalus leisleri,0.521,0.676,-1,Echolocation,/mnt/ubna_data_01_mir/recover-20220712_unit2/20220712_090000.WAV,Foliage,recover-20220712_unit2,010,1795
740.9205,740.9324,26328.0,31125.0,Nyctalus leisleri,0.569,0.719,-1,Echolocation,/mnt/ubna_data_01_mir/recover-20220712_unit2/20220712_090000.WAV,Foliage,recover-20220712_unit2,010,1795
741.1845,741.198,25468.0,30872.0,Nyctalus leisleri,0.488,0.726,-1,Echolocation,/mnt/ubna_data_01_mir/recover-20220712_unit2/20220712_090000.WAV,Foliage,recover-20220712_unit2,010,1795
741.4465,741.4616,25468.0,28430.0,Nyctalus leisleri,0.591,0.698,-1,Echolocation,/mnt/ubna_data_01_mir/recover-20220712_unit2/20220712_090000.WAV,Foliage,recover-20220712_unit2,010,1795
741.7105,741.7254,25468.0,28545.0,Nyctalus leisleri,0.658,0.73,-1,Echolocation,/mnt/ubna_data_01_mir/recover-20220712_unit2/20220712_090000.WAV,Foliage,recover-20220712_unit2,010,1795
741.9745,741.9879,25468.0,30323.0,Nyctalus leisleri,0.512,0.644,-1,Echolocation,/mnt/ubna_data_01_mir/recover-20220712_unit2/20220712_090000.WAV,Foliage,recover-20220712_unit2,010,1795
742.1295,742.1429,26328.0,29268.0,Nyctalus leisleri,0.37,0.487,-1,Echolocation,/mnt/ubna_data_01_mir/recover-20220712_unit2/20220712_090000.WAV,Foliage,recover-20220712_unit2,010,1795
742.3695,742.383,25468.0,29742.0,Nyctalus leisleri,0.573,0.702,-1,Echolocation,/mnt/ubna_data_01_mir/recover-20220712_unit2/20220712_090000.WAV,Foliage,recover-20220712_unit2,010,1795
742.4435,742.4599,27187.0,30999.0,Nyctalus leisleri,0.15,0.238,-1,Echolocation,/mnt/ubna_data_01_mir/recover-20220712_unit2/20220712_090000.WAV,Foliage,recover-20220712_unit2,010,1795
742.7675,742.7864,25468.0,29081.0,Nyctalus leisleri,0.225,0.29,-1,Echolocation,/mnt/ubna_data_01_mir/recover-20220712_unit2/20220712_090000.WAV,Foliage,recover-20220712_unit2,010,1795
743.0235,743.038,24609.0,28425.0,Nyctalus leisleri,0.616,0.71,-1,Echolocation,/mnt/ubna_data_01_mir/recover-20220712_unit2/20220712_090000.WAV,Foliage,recover-20220712_unit2,010,1795
743.2955,743.3102,25468.0,27984.0,Nyctalus leisleri,0.557,0.678,-1,Echolocation,/mnt/ubna_data_01_mir/recover-20220712_unit2/20220712_090000.WAV,Foliage,recover-20220712_unit2,010,1795
743.5665,743.5827,25468.0,28148.0,Nyctalus leisleri,0.56,0.621,-1,Echolocation,/mnt/ubna_data_01_mir/recover-20220712_unit2/20220712_090000.WAV,Foliage,recover-20220712_unit2,010,1795
743.9635,743.9767,25468.0,28382.0,Nyctalus leisleri,0.554,0.654,-1,Echolocation,/mnt/ubna_data_01_mir/recover-20220712_unit2/20220712_090000.WAV,Foliage,recover-20220712_unit2,010,1795
744.2295,744.2475,25468.0,29094.0,Nyctalus leisleri,0.334,0.43,-1,Echolocation,/mnt/ubna_data_01_mir/recover-20220712_unit2/20220712_090000.WAV,Foliage,recover-20220712_unit2,010,1795
744.4935,744.5069,24609.0,28676.0,Nyctalus leisleri,0.572,0.684,-1,Echolocation,/mnt/ubna_data_01_mir/recover-20220712_unit2/20220712_090000.WAV,Foliage,recover-20220712_unit2,010,1795
745.0175,745.0327,24609.0,28540.0,Nyctalus leisleri,0.497,0.628,-1,Echolocation,/mnt/ubna_data_01_mir/recover-20220712_unit2/20220712_090000.WAV,Foliage,recover-20220712_unit2,010,1795
745.4255,745.4456,24609.0,27960.0,Nyctalus leisleri,0.313,0.376,-1,Echolocation,/mnt/ubna_data_01_mir/recover-20220712_unit2/20220712_090000.WAV,Foliage,recover-20220712_unit2,010,1795
745.6705,745.6881,25468.0,28747.0,Nyctalus leisleri,0.444,0.556,-1,Echolocation,/mnt/ubna_data_01_mir/recover-20220712_unit2/20220712_090000.WAV,Foliage,recover-20220712_unit2,010,1795
752.4035,752.4157,26328.0,31367.0,Nyctalus leisleri,0.122,0.214,-1,Echolocation,/mnt/ubna_data_01_mir/recover-20220712_unit2/20220712_090000.WAV,Foliage,recover-20220712_unit2,010,1795
778.7985,778.8157,27187.0,31833.0,Nyctalus leisleri,0.178,0.321,-1,Echolocation,/mnt/ubna_data_01_mir/recover-20220712_unit2/20220712_090000.WAV,Foliage,recover-20220712_unit2,010,1795
788.7555,788.7635,56406.0,61188.0,Pipistrellus pygmaeus,0.217,0.222,-1,Echolocation,/mnt/ubna_data_01_mir/recover-20220712_unit2/20220712_090000.WAV,Foliage,recover-20220712_unit2,010,1795
791.0815,791.0991,28906.0,32908.0,Nyctalus leisleri,0.117,0.221,-1,Echolocation,/mnt/ubna_data_01_mir/recover-20220712_unit2/20220712_090000.WAV,Foliage,recover-20220712_unit2,010,1795
795.1465,795.1612,27187.0,30567.0,Nyctalus leisleri,0.558,0.655,-1,Echolocation,/mnt/ubna_data_01_mir/recover-20220712_unit2/20220712_090000.WAV,Foliage,recover-20220712_unit2,010,1795
795.3025,795.3147,28046.0,33112.0,Nyctalus leisleri,0.33,0.626,-1,Echolocation,/mnt/ubna_data_01_mir/recover-20220712_unit2/20220712_090000.WAV,Foliage,recover-20220712_unit2,010,1795
795.5555,795.5732,27187.0,30245.0,Nyctalus leisleri,0.387,0.47,-1,Echolocation,/mnt/ubna_data_01_mir/recover-20220712_unit2/20220712_090000.WAV,Foliage,recover-20220712_unit2,010,1795
795.9335,795.9527,27187.0,31067.0,Nyctalus leisleri,0.365,0.499,-1,Echolocation,/mnt/ubna_data_01_mir/recover-20220712_unit2/20220712_090000.WAV,Foliage,recover-20220712_unit2,010,1795
796.3145,796.3322000000001,26328.0,28781.0,Nyctalus leisleri,0.448,0.485,-1,Echolocation,/mnt/ubna_data_01_mir/recover-20220712_unit2/20220712_090000.WAV,Foliage,recover-20220712_unit2,010,1795
827.5735,827.5885,28906.0,32891.0,Nyctalus leisleri,0.113,0.249,-1,Echolocation,/mnt/ubna_data_01_mir/recover-20220712_unit2/20220712_090000.WAV,Foliage,recover-20220712_unit2,010,1795
838.1565,838.1717,27187.0,33680.0,Eptesicus serotinus,0.103,0.215,-1,Echolocation,/mnt/ubna_data_01_mir/recover-20220712_unit2/20220712_090000.WAV,Foliage,recover-20220712_unit2,010,1795
839.1665,839.182,26328.0,29706.0,Nyctalus leisleri,0.224,0.325,-1,Echolocation,/mnt/ubna_data_01_mir/recover-20220712_unit2/20220712_090000.WAV,Foliage,recover-20220712_unit2,010,1795
840.9275,840.9435,27187.0,30705.0,Nyctalus leisleri,0.231,0.343,-1,Echolocation,/mnt/ubna_data_01_mir/recover-20220712_unit2/20220712_090000.WAV,Foliage,recover-20220712_unit2,010,1795
841.8705,841.8894,27187.0,30831.0,Nyctalus leisleri,0.238,0.343,-1,Echolocation,/mnt/ubna_data_01_mir/recover-20220712_unit2/20220712_090000.WAV,Foliage,recover-20220712_unit2,010,1795
842.5135,842.5272,26328.0,30054.0,Nyctalus leisleri,0.288,0.39,-1,Echolocation,/mnt/ubna_data_01_mir/recover-20220712_unit2/20220712_090000.WAV,Foliage,recover-20220712_unit2,010,1795
843.1475,843.1599,26328.0,31020.0,Nyctalus leisleri,0.217,0.362,-1,Echolocation,/mnt/ubna_data_01_mir/recover-20220712_unit2/20220712_090000.WAV,Foliage,recover-20220712_unit2,010,1795
843.5115,843.5305,27187.0,30493.0,Nyctalus leisleri,0.28,0.37,-1,Echolocation,/mnt/ubna_data_01_mir/recover-20220712_unit2/20220712_090000.WAV,Foliage,recover-20220712_unit2,010,1795
843.7455,843.7596,27187.0,31425.0,Nyctalus leisleri,0.29,0.461,-1,Echolocation,/mnt/ubna_data_01_mir/recover-20220712_unit2/20220712_090000.WAV,Foliage,recover-20220712_unit2,010,1795
866.9505,866.9652,27187.0,31307.0,Nyctalus leisleri,0.124,0.227,-1,Echolocation,/mnt/ubna_data_01_mir/recover-20220712_unit2/20220712_090000.WAV,Foliage,recover-20220712_unit2,010,1795
869.6775,869.6868,28906.0,37198.0,Eptesicus serotinus,0.205,0.283,-1,Echolocation,/mnt/ubna_data_01_mir/recover-20220712_unit2/20220712_090000.WAV,Foliage,recover-20220712_unit2,010,1795
876.5805,876.5955,26328.0,30179.0,Nyctalus leisleri,0.17,0.267,-1,Echolocation,/mnt/ubna_data_01_mir/recover-20220712_unit2/20220712_090000.WAV,Foliage,recover-20220712_unit2,010,1795
946.8515,946.8653,25468.0,30262.0,Nyctalus leisleri,0.12,0.237,-1,Echolocation,/mnt/ubna_data_01_mir/recover-20220712_unit2/20220712_090000.WAV,Foliage,recover-20220712_unit2,010,1795
956.7165,956.7313,14296.0,18106.0,Nyctalus noctula,0.09,0.207,-1,Echolocation,/mnt/ubna_data_01_mir/recover-20220712_unit2/20220712_090000.WAV,Foliage,recover-20220712_unit2,010,1795
957.0205,957.0359,28046.0,32006.0,Nyctalus leisleri,0.187,0.316,-1,Echolocation,/mnt/ubna_data_01_mir/recover-20220712_unit2/20220712_090000.WAV,Foliage,recover-20220712_unit2,010,1795
958.4285,958.4399,28906.0,33794.0,Eptesicus serotinus,0.131,0.232,-1,Echolocation,/mnt/ubna_data_01_mir/recover-20220712_unit2/20220712_090000.WAV,Foliage,recover-20220712_unit2,010,1795
994.1045,994.1162,35781.0,40795.0,Pipistrellus nathusii,0.138,0.255,-1,Echolocation,/mnt/ubna_data_01_mir/recover-20220712_unit2/20220712_090000.WAV,Foliage,recover-20220712_unit2,010,1795
996.2145,996.226,38359.0,42391.0,Pipistrellus nathusii,0.183,0.226,-1,Echolocation,/mnt/ubna_data_01_mir/recover-20220712_unit2/20220712_090000.WAV,Foliage,recover-20220712_unit2,010,1795
1040.3495,1040.3646,28046.0,32102.0,Eptesicus serotinus,0.103,0.207,-1,Echolocation,/mnt/ubna_data_01_mir/recover-20220712_unit2/20220712_090000.WAV,Foliage,recover-20220712_unit2,010,1795
1040.5095,1040.5236,36640.0,40596.0,Pipistrellus nathusii,0.195,0.312,-1,Echolocation,/mnt/ubna_data_01_mir/recover-20220712_unit2/20220712_090000.WAV,Foliage,recover-20220712_unit2,010,1795
1041.7755,1041.7883,26328.0,31548.0,Nyctalus leisleri,0.165,0.305,-1,Echolocation,/mnt/ubna_data_01_mir/recover-20220712_unit2/20220712_090000.WAV,Foliage,recover-20220712_unit2,010,1795
1042.4855,1042.499,27187.0,33691.0,Eptesicus serotinus,0.22,0.381,-1,Echolocation,/mnt/ubna_data_01_mir/recover-20220712_unit2/20220712_090000.WAV,Foliage,recover-20220712_unit2,010,1795
1042.7195,1042.7405,27187.0,30629.0,Nyctalus leisleri,0.191,0.272,-1,Echolocation,/mnt/ubna_data_01_mir/recover-20220712_unit2/20220712_090000.WAV,Foliage,recover-20220712_unit2,010,1795
1043.4255,1043.4417,27187.0,30420.0,Nyctalus leisleri,0.543,0.624,-1,Echolocation,/mnt/ubna_data_01_mir/recover-20220712_unit2/20220712_090000.WAV,Foliage,recover-20220712_unit2,010,1795
1043.9105,1043.9307,27187.0,30405.0,Nyctalus leisleri,0.252,0.324,-1,Echolocation,/mnt/ubna_data_01_mir/recover-20220712_unit2/20220712_090000.WAV,Foliage,recover-20220712_unit2,010,1795
1044.4995,1044.5142,27187.0,31709.0,Nyctalus leisleri,0.539,0.689,-1,Echolocation,/mnt/ubna_data_01_mir/recover-20220712_unit2/20220712_090000.WAV,Foliage,recover-20220712_unit2,010,1795
1045.2205,1045.236,27187.0,29680.0,Nyctalus leisleri,0.663,0.709,-1,Echolocation,/mnt/ubna_data_01_mir/recover-20220712_unit2/20220712_090000.WAV,Foliage,recover-20220712_unit2,010,1795
1045.6985,1045.7192,26328.0,29785.0,Nyctalus leisleri,0.23,0.308,-1,Echolocation,/mnt/ubna_data_01_mir/recover-20220712_unit2/20220712_090000.WAV,Foliage,recover-20220712_unit2,010,1795
1045.9415,1045.9569,26328.0,30403.0,Nyctalus leisleri,0.669,0.727,-1,Echolocation,/mnt/ubna_data_01_mir/recover-20220712_unit2/20220712_090000.WAV,Foliage,recover-20220712_unit2,010,1795
1046.1895,1046.2056,26328.0,30092.0,Nyctalus leisleri,0.735,0.772,-1,Echolocation,/mnt/ubna_data_01_mir/recover-20220712_unit2/20220712_090000.WAV,Foliage,recover-20220712_unit2,010,1795
1046.7735,1046.7892,26328.0,29413.0,Nyctalus leisleri,0.663,0.721,-1,Echolocation,/mnt/ubna_data_01_mir/recover-20220712_unit2/20220712_090000.WAV,Foliage,recover-20220712_unit2,010,1795
1047.3805,1047.3952,26328.0,29558.0,Nyctalus leisleri,0.587,0.66,-1,Echolocation,/mnt/ubna_data_01_mir/recover-20220712_unit2/20220712_090000.WAV,Foliage,recover-20220712_unit2,010,1795
1047.9835,1047.9975,27187.0,32669.0,Nyctalus leisleri,0.351,0.646,-1,Echolocation,/mnt/ubna_data_01_mir/recover-20220712_unit2/20220712_090000.WAV,Foliage,recover-20220712_unit2,010,1795
1048.2285,1048.2422,27187.0,30612.0,Nyctalus leisleri,0.623,0.719,-1,Echolocation,/mnt/ubna_data_01_mir/recover-20220712_unit2/20220712_090000.WAV,Foliage,recover-20220712_unit2,010,1795
1048.3665,1048.3794,27187.0,33762.0,Nyctalus leisleri,0.269,0.667,-1,Echolocation,/mnt/ubna_data_01_mir/recover-20220712_unit2/20220712_090000.WAV,Foliage,recover-20220712_unit2,010,1795
1048.5975,1048.6129,27187.0,32553.0,Nyctalus leisleri,0.277,0.644,-1,Echolocation,/mnt/ubna_data_01_mir/recover-20220712_unit2/20220712_090000.WAV,Foliage,recover-20220712_unit2,010,1795
1048.8025,1048.8174,27187.0,32274.0,Nyctalus leisleri,0.325,0.63,-1,Echolocation,/mnt/ubna_data_01_mir/recover-20220712_unit2/20220712_090000.WAV,Foliage,recover-20220712_unit2,010,1795
1048.9815,1048.994,28046.0,34455.0,Nyctalus leisleri,0.28,0.648,-1,Echolocation,/mnt/ubna_data_01_mir/recover-20220712_unit2/20220712_090000.WAV,Foliage,recover-20220712_unit2,010,1795
1049.1475,1049.1579,28046.0,36210.0,Eptesicus serotinus,0.305,0.676,-1,Echolocation,/mnt/ubna_data_01_mir/recover-20220712_unit2/20220712_090000.WAV,Foliage,recover-20220712_unit2,010,1795
1049.2485,1049.2582,28906.0,35746.0,Nyctalus leisleri,0.451,0.697,-1,Echolocation,/mnt/ubna_data_01_mir/recover-20220712_unit2/20220712_090000.WAV,Foliage,recover-20220712_unit2,010,1795
1049.3385,1049.3469,28906.0,36141.0,Nyctalus leisleri,0.383,0.649,-1,Echolocation,/mnt/ubna_data_01_mir/recover-20220712_unit2/20220712_090000.WAV,Foliage,recover-20220712_unit2,010,1795
1049.4105,1049.4182,25468.0,34263.0,Eptesicus serotinus,0.143,0.295,-1,Echolocation,/mnt/ubna_data_01_mir/recover-20220712_unit2/20220712_090000.WAV,Foliage,recover-20220712_unit2,010,1795
1049.4335,1049.4384,24609.0,35559.0,Plecotus austriacus,0.148,0.457,-1,Echolocation,/mnt/ubna_data_01_mir/recover-20220712_unit2/20220712_090000.WAV,Foliage,recover-20220712_unit2,010,1795
1049.7915,1049.805,27187.0,32907.0,Nyctalus leisleri,0.473,0.682,-1,Echolocation,/mnt/ubna_data_01_mir/recover-20220712_unit2/20220712_090000.WAV,Foliage,recover-20220712_unit2,010,1795
1049.7965,1049.8061,55546.0,59092.0,Pipistrellus pygmaeus,0.252,0.267,-1,Echolocation,/mnt/ubna_data_01_mir/recover-20220712_unit2/20220712_090000.WAV,Foliage,recover-20220712_unit2,010,1795
1050.0175,1050.0324,27187.0,31322.0,Nyctalus leisleri,0.44,0.644,-1,Echolocation,/mnt/ubna_data_01_mir/recover-20220712_unit2/20220712_090000.WAV,Foliage,recover-20220712_unit2,010,1795
1050.2025,1050.2167,27187.0,31433.0,Nyctalus leisleri,0.38,0.508,-1,Echolocation,/mnt/ubna_data_01_mir/recover-20220712_unit2/20220712_090000.WAV,Foliage,recover-20220712_unit2,010,1795
1050.3845,1050.4034,27187.0,30860.0,Nyctalus leisleri,0.325,0.45,-1,Echolocation,/mnt/ubna_data_01_mir/recover-20220712_unit2/20220712_090000.WAV,Foliage,recover-20220712_unit2,010,1795
1050.5865,1050.6016,26328.0,30244.0,Nyctalus leisleri,0.564,0.704,-1,Echolocation,/mnt/ubna_data_01_mir/recover-20220712_unit2/20220712_090000.WAV,Foliage,recover-20220712_unit2,010,1795
1050.7285,1050.7409,28046.0,33436.0,Nyctalus leisleri,0.309,0.609,-1,Echolocation,/mnt/ubna_data_01_mir/recover-20220712_unit2/20220712_090000.WAV,Foliage,recover-20220712_unit2,010,1795
1050.8775,1050.8885,28046.0,33998.0,Nyctalus leisleri,0.417,0.66,-1,Echolocation,/mnt/ubna_data_01_mir/recover-20220712_unit2/20220712_090000.WAV,Foliage,recover-20220712_unit2,010,1795
1051.0235,1051.034,28046.0,34776.0,Nyctalus leisleri,0.475,0.715,-1,Echolocation,/mnt/ubna_data_01_mir/recover-20220712_unit2/20220712_090000.WAV,Foliage,recover-20220712_unit2,010,1795
1051.1455,1051.1556,28906.0,35506.0,Nyctalus leisleri,0.441,0.713,-1,Echolocation,/mnt/ubna_data_01_mir/recover-20220712_unit2/20220712_090000.WAV,Foliage,recover-20220712_unit2,010,1795
1051.2515,1051.2613,28906.0,35349.0,Nyctalus leisleri,0.335,0.635,-1,Echolocation,/mnt/ubna_data_01_mir/recover-20220712_unit2/20220712_090000.WAV,Foliage,recover-20220712_unit2,010,1795
1051.3865,1051.3948,28046.0,34669.0,Nyctalus leisleri,0.278,0.592,-1,Echolocation,/mnt/ubna_data_01_mir/recover-20220712_unit2/20220712_090000.WAV,Foliage,recover-20220712_unit2,010,1795
1051.4795,1051.4879,28046.0,35938.0,Eptesicus serotinus,0.306,0.516,-1,Echolocation,/mnt/ubna_data_01_mir/recover-20220712_unit2/20220712_090000.WAV,Foliage,recover-20220712_unit2,010,1795
1052.0015,1052.0152,27187.0,31947.0,Nyctalus leisleri,0.381,0.463,-1,Echolocation,/mnt/ubna_data_01_mir/recover-20220712_unit2/20220712_090000.WAV,Foliage,recover-20220712_unit2,010,1795
1052.0015,1052.017,55546.0,60644.0,Pipistrellus pygmaeus,0.185,0.229,-1,Echolocation,/mnt/ubna_data_01_mir/recover-20220712_unit2/20220712_090000.WAV,Foliage,recover-20220712_unit2,010,1795
1052.2485,1052.2634,26328.0,29384.0,Nyctalus leisleri,0.67,0.727,-1,Echolocation,/mnt/ubna_data_01_mir/recover-20220712_unit2/20220712_090000.WAV,Foliage,recover-20220712_unit2,010,1795
1052.4775,1052.494,26328.0,29723.0,Nyctalus leisleri,0.58,0.657,-1,Echolocation,/mnt/ubna_data_01_mir/recover-20220712_unit2/20220712_090000.WAV,Foliage,recover-20220712_unit2,010,1795
1052.7275,1052.7434,26328.0,29720.0,Nyctalus leisleri,0.561,0.642,-1,Echolocation,/mnt/ubna_data_01_mir/recover-20220712_unit2/20220712_090000.WAV,Foliage,recover-20220712_unit2,010,1795
1053.0735,1053.0924,26328.0,29801.0,Nyctalus leisleri,0.354,0.447,-1,Echolocation,/mnt/ubna_data_01_mir/recover-20220712_unit2/20220712_090000.WAV,Foliage,recover-20220712_unit2,010,1795
1053.3735,1053.3852,28046.0,34290.0,Nyctalus leisleri,0.343,0.639,-1,Echolocation,/mnt/ubna_data_01_mir/recover-20220712_unit2/20220712_090000.WAV,Foliage,recover-20220712_unit2,010,1795
1053.5105,1053.5207,28046.0,36233.0,Nyctalus leisleri,0.355,0.722,-1,Echolocation,/mnt/ubna_data_01_mir/recover-20220712_unit2/20220712_090000.WAV,Foliage,recover-20220712_unit2,010,1795
1053.6365,1053.646,28046.0,35471.0,Nyctalus leisleri,0.369,0.657,-1,Echolocation,/mnt/ubna_data_01_mir/recover-20220712_unit2/20220712_090000.WAV,Foliage,recover-20220712_unit2,010,1795
1053.7305,1053.7393,28906.0,35376.0,Nyctalus leisleri,0.276,0.574,-1,Echolocation,/mnt/ubna_data_01_mir/recover-20220712_unit2/20220712_090000.WAV,Foliage,recover-20220712_unit2,010,1795
1053.8085,1053.8169,28046.0,34795.0,Nyctalus leisleri,0.336,0.612,-1,Echolocation,/mnt/ubna_data_01_mir/recover-20220712_unit2/20220712_090000.WAV,Foliage,recover-20220712_unit2,010,1795
1053.8795,1053.887,28046.0,36412.0,Eptesicus serotinus,0.304,0.561,-1,Echolocation,/mnt/ubna_data_01_mir/recover-20220712_unit2/20220712_090000.WAV,Foliage,recover-20220712_unit2,010,1795
1053.9525,1053.9598,26328.0,35119.0,Eptesicus serotinus,0.267,0.434,-1,Echolocation,/mnt/ubna_data_01_mir/recover-20220712_unit2/20220712_090000.WAV,Foliage,recover-20220712_unit2,010,1795
1053.9725,1053.98,26328.0,34902.0,Eptesicus serotinus,0.198,0.381,-1,Echolocation,/mnt/ubna_data_01_mir/recover-20220712_unit2/20220712_090000.WAV,Foliage,recover-20220712_unit2,010,1795
1054.0065,1054.013,23750.0,33091.0,Plecotus austriacus,0.082,0.263,-1,Echolocation,/mnt/ubna_data_01_mir/recover-20220712_unit2/20220712_090000.WAV,Foliage,recover-20220712_unit2,010,1795
1054.0235,1054.027,22031.0,35502.0,Plecotus auritus,0.256,0.475,-1,Echolocation,/mnt/ubna_data_01_mir/recover-20220712_unit2/20220712_090000.WAV,Foliage,recover-20220712_unit2,010,1795
1054.1315,1054.1357,16015.0,34373.0,Plecotus auritus,0.157,0.218,-1,Echolocation,/mnt/ubna_data_01_mir/recover-20220712_unit2/20220712_090000.WAV,Foliage,recover-20220712_unit2,010,1795
1054.3895,1054.4034,27187.0,31540.0,Nyctalus leisleri,0.635,0.758,-1,Echolocation,/mnt/ubna_data_01_mir/recover-20220712_unit2/20220712_090000.WAV,Foliage,recover-20220712_unit2,010,1795
1054.6865,1054.7031,26328.0,30746.0,Nyctalus leisleri,0.644,0.703,-1,Echolocation,/mnt/ubna_data_01_mir/recover-20220712_unit2/20220712_090000.WAV,Foliage,recover-20220712_unit2,010,1795
1055.0175,1055.0343,26328.0,30532.0,Nyctalus leisleri,0.457,0.602,-1,Echolocation,/mnt/ubna_data_01_mir/recover-20220712_unit2/20220712_090000.WAV,Foliage,recover-20220712_unit2,010,1795
1055.1605,1055.1769,27187.0,32185.0,Nyctalus leisleri,0.315,0.621,-1,Echolocation,/mnt/ubna_data_01_mir/recover-20220712_unit2/20220712_090000.WAV,Foliage,recover-20220712_unit2,010,1795
1055.3645,1055.3793,27187.0,33220.0,Nyctalus leisleri,0.353,0.67,-1,Echolocation,/mnt/ubna_data_01_mir/recover-20220712_unit2/20220712_090000.WAV,Foliage,recover-20220712_unit2,010,1795
1055.3675,1055.3817,55546.0,61293.0,Pipistrellus pygmaeus,0.265,0.314,-1,Echolocation,/mnt/ubna_data_01_mir/recover-20220712_unit2/20220712_090000.WAV,Foliage,recover-20220712_unit2,010,1795
1055.5885,1055.6026,27187.0,31360.0,Nyctalus leisleri,0.589,0.733,-1,Echolocation,/mnt/ubna_data_01_mir/recover-20220712_unit2/20220712_090000.WAV,Foliage,recover-20220712_unit2,010,1795
1055.5895,1055.6017,55546.0,59733.0,Pipistrellus pygmaeus,0.291,0.31,-1,Echolocation,/mnt/ubna_data_01_mir/recover-20220712_unit2/20220712_090000.WAV,Foliage,recover-20220712_unit2,010,1795
1055.9195,1055.9344,26328.0,30463.0,Nyctalus leisleri,0.535,0.694,-1,Echolocation,/mnt/ubna_data_01_mir/recover-20220712_unit2/20220712_090000.WAV,Foliage,recover-20220712_unit2,010,1795
1056.1235,1056.1367,27187.0,32803.0,Nyctalus leisleri,0.386,0.686,-1,Echolocation,/mnt/ubna_data_01_mir/recover-20220712_unit2/20220712_090000.WAV,Foliage,recover-20220712_unit2,010,1795
1056.3475,1056.3639,26328.0,30494.0,Nyctalus leisleri,0.571,0.68,-1,Echolocation,/mnt/ubna_data_01_mir/recover-20220712_unit2/20220712_090000.WAV,Foliage,recover-20220712_unit2,010,1795
1056.3485,1056.3636,54687.0,59037.0,Pipistrellus pygmaeus,0.284,0.303,-1,Echolocation,/mnt/ubna_data_01_mir/recover-20220712_unit2/20220712_090000.WAV,Foliage,recover-20220712_unit2,010,1795
1056.5685,1056.5858,26328.0,29533.0,Nyctalus leisleri,0.585,0.682,-1,Echolocation,/mnt/ubna_data_01_mir/recover-20220712_unit2/20220712_090000.WAV,Foliage,recover-20220712_unit2,010,1795
1056.5725,1056.5865,52968.0,56577.0,Pipistrellus pygmaeus,0.233,0.356,-1,Echolocation,/mnt/ubna_data_01_mir/recover-20220712_unit2/20220712_090000.WAV,Foliage,recover-20220712_unit2,010,1795
1056.8035,1056.8218,26328.0,29890.0,Nyctalus leisleri,0.521,0.627,-1,Echolocation,/mnt/ubna_data_01_mir/recover-20220712_unit2/20220712_090000.WAV,Foliage,recover-20220712_unit2,010,1795
1056.9455,1056.9586,27187.0,33886.0,Eptesicus serotinus,0.317,0.661,-1,Echolocation,/mnt/ubna_data_01_mir/recover-20220712_unit2/20220712_090000.WAV,Foliage,recover-20220712_unit2,010,1795
1057.1545,1057.1698,27187.0,30947.0,Nyctalus leisleri,0.466,0.596,-1,Echolocation,/mnt/ubna_data_01_mir/recover-20220712_unit2/20220712_090000.WAV,Foliage,recover-20220712_unit2,010,1795
1057.3915,1057.4085,26328.0,29566.0,Nyctalus leisleri,0.459,0.617,-1,Echolocation,/mnt/ubna_data_01_mir/recover-20220712_unit2/20220712_090000.WAV,Foliage,recover-20220712_unit2,010,1795
1057.8625,1057.8797,26328.0,29312.0,Nyctalus leisleri,0.558,0.622,-1,Echolocation,/mnt/ubna_data_01_mir/recover-20220712_unit2/20220712_090000.WAV,Foliage,recover-20220712_unit2,010,1795
1058.1195,1058.1354,26328.0,29367.0,Nyctalus leisleri,0.548,0.665,-1,Echolocation,/mnt/ubna_data_01_mir/recover-20220712_unit2/20220712_090000.WAV,Foliage,recover-20220712_unit2,010,1795
1058.4805,1058.4975,26328.0,28805.0,Nyctalus leisleri,0.489,0.574,-1,Echolocation,/mnt/ubna_data_01_mir/recover-20220712_unit2/20220712_090000.WAV,Foliage,recover-20220712_unit2,010,1795
1058.7025,1058.7192,26328.0,29844.0,Nyctalus leisleri,0.429,0.537,-1,Echolocation,/mnt/ubna_data_01_mir/recover-20220712_unit2/20220712_090000.WAV,Foliage,recover-20220712_unit2,010,1795
1058.9495,1058.9657,26328.0,29890.0,Nyctalus leisleri,0.543,0.657,-1,Echolocation,/mnt/ubna_data_01_mir/recover-20220712_unit2/20220712_090000.WAV,Foliage,recover-20220712_unit2,010,1795
1059.1735,1059.188,26328.0,30892.0,Nyctalus leisleri,0.486,0.673,-1,Echolocation,/mnt/ubna_data_01_mir/recover-20220712_unit2/20220712_090000.WAV,Foliage,recover-20220712_unit2,010,1795
1059.4335,1059.4491,26328.0,29974.0,Nyctalus leisleri,0.337,0.432,-1,Echolocation,/mnt/ubna_data_01_mir/recover-20220712_unit2/20220712_090000.WAV,Foliage,recover-20220712_unit2,010,1795
1059.7905,1059.8079,26328.0,29266.0,Nyctalus leisleri,0.298,0.36,-1,Echolocation,/mnt/ubna_data_01_mir/recover-20220712_unit2/20220712_090000.WAV,Foliage,recover-20220712_unit2,010,1795
1060.4025,1060.4179,26328.0,29484.0,Nyctalus leisleri,0.172,0.234,-1,Echolocation,/mnt/ubna_data_01_mir/recover-20220712_unit2/20220712_090000.WAV,Foliage,recover-20220712_unit2,010,1795
1096.4245,1096.4457,18593.0,21485.0,Nyctalus noctula,0.19,0.265,-1,Echolocation,/mnt/ubna_data_01_mir/recover-20220712_unit2/20220712_090000.WAV,Foliage,recover-20220712_unit2,010,1795
1112.6535,1112.6638,47812.0,52580.0,Pipistrellus pipistrellus,0.237,0.271,-1,Echolocation,/mnt/ubna_data_01_mir/recover-20220712_unit2/20220712_090000.WAV,Foliage,recover-20220712_unit2,010,1795
1115.2275,1115.2409,35781.0,39593.0,Pipistrellus nathusii,0.22,0.295,-1,Echolocation,/mnt/ubna_data_01_mir/recover-20220712_unit2/20220712_090000.WAV,Foliage,recover-20220712_unit2,010,1795
1116.3795,1116.3944,23750.0,28422.0,Nyctalus leisleri,0.168,0.254,-1,Echolocation,/mnt/ubna_data_01_mir/recover-20220712_unit2/20220712_090000.WAV,Foliage,recover-20220712_unit2,010,1795
1136.1355,1136.1542,26328.0,29046.0,Nyctalus leisleri,0.279,0.34,-1,Echolocation,/mnt/ubna_data_01_mir/recover-20220712_unit2/20220712_090000.WAV,Foliage,recover-20220712_unit2,010,1795
1136.2925,1136.3116,26328.0,29764.0,Nyctalus leisleri,0.431,0.52,-1,Echolocation,/mnt/ubna_data_01_mir/recover-20220712_unit2/20220712_090000.WAV,Foliage,recover-20220712_unit2,010,1795
1136.3145,1136.3308,28046.0,31925.0,Nyctalus leisleri,0.153,0.24,-1,Echolocation,/mnt/ubna_data_01_mir/recover-20220712_unit2/20220712_090000.WAV,Foliage,recover-20220712_unit2,010,1795
1136.4405,1136.4561,27187.0,31523.0,Nyctalus leisleri,0.375,0.635,-1,Echolocation,/mnt/ubna_data_01_mir/recover-20220712_unit2/20220712_090000.WAV,Foliage,recover-20220712_unit2,010,1795
1136.9255,1136.9452,27187.0,31511.0,Nyctalus leisleri,0.223,0.342,-1,Echolocation,/mnt/ubna_data_01_mir/recover-20220712_unit2/20220712_090000.WAV,Foliage,recover-20220712_unit2,010,1795
1137.6525,1137.6687,27187.0,31711.0,Nyctalus leisleri,0.218,0.361,-1,Echolocation,/mnt/ubna_data_01_mir/recover-20220712_unit2/20220712_090000.WAV,Foliage,recover-20220712_unit2,010,1795
1138.1315,1138.1476,27187.0,30924.0,Nyctalus leisleri,0.157,0.238,-1,Echolocation,/mnt/ubna_data_01_mir/recover-20220712_unit2/20220712_090000.WAV,Foliage,recover-20220712_unit2,010,1795
1138.3885,1138.407,26328.0,30282.0,Nyctalus leisleri,0.582,0.638,-1,Echolocation,/mnt/ubna_data_01_mir/recover-20220712_unit2/20220712_090000.WAV,Foliage,recover-20220712_unit2,010,1795
1138.6465,1138.6657,26328.0,30366.0,Nyctalus leisleri,0.422,0.521,-1,Echolocation,/mnt/ubna_data_01_mir/recover-20220712_unit2/20220712_090000.WAV,Foliage,recover-20220712_unit2,010,1795
1139.8375,1139.8489,28906.0,33846.0,Eptesicus serotinus,0.189,0.386,-1,Echolocation,/mnt/ubna_data_01_mir/recover-20220712_unit2/20220712_090000.WAV,Foliage,recover-20220712_unit2,010,1795
1141.7555,1141.776,27187.0,31021.0,Nyctalus leisleri,0.288,0.41,-1,Echolocation,/mnt/ubna_data_01_mir/recover-20220712_unit2/20220712_090000.WAV,Foliage,recover-20220712_unit2,010,1795
1142.4005,1142.4127,26328.0,30609.0,Nyctalus leisleri,0.233,0.383,-1,Echolocation,/mnt/ubna_data_01_mir/recover-20220712_unit2/20220712_090000.WAV,Foliage,recover-20220712_unit2,010,1795
1145.3515,1145.3643,37500.0,41410.0,Pipistrellus nathusii,0.213,0.268,-1,Echolocation,/mnt/ubna_data_01_mir/recover-20220712_unit2/20220712_090000.WAV,Foliage,recover-20220712_unit2,010,1795
1148.7065,1148.723,26328.0,30423.0,Nyctalus leisleri,0.208,0.299,-1,Echolocation,/mnt/ubna_data_01_mir/recover-20220712_unit2/20220712_090000.WAV,Foliage,recover-20220712_unit2,010,1795
1180.4645,1180.4848,26328.0,29816.0,Nyctalus leisleri,0.267,0.347,-1,Echolocation,/mnt/ubna_data_01_mir/recover-20220712_unit2/20220712_090000.WAV,Foliage,recover-20220712_unit2,010,1795
1181.8825,1181.9038,26328.0,29952.0,Nyctalus leisleri,0.171,0.251,-1,Echolocation,/mnt/ubna_data_01_mir/recover-20220712_unit2/20220712_090000.WAV,Foliage,recover-20220712_unit2,010,1795
1183.7165,1183.7295,27187.0,32343.0,Eptesicus serotinus,0.114,0.215,-1,Echolocation,/mnt/ubna_data_01_mir/recover-20220712_unit2/20220712_090000.WAV,Foliage,recover-20220712_unit2,010,1795
1195.3325,1195.345,27187.0,32634.0,Nyctalus leisleri,0.179,0.369,-1,Echolocation,/mnt/ubna_data_01_mir/recover-20220712_unit2/20220712_090000.WAV,Foliage,recover-20220712_unit2,010,1795
1196.1605,1196.175,26328.0,30539.0,Nyctalus leisleri,0.293,0.412,-1,Echolocation,/mnt/ubna_data_01_mir/recover-20220712_unit2/20220712_090000.WAV,Foliage,recover-20220712_unit2,010,1795
1200.2405,1200.2603,27187.0,30887.0,Nyctalus leisleri,0.186,0.256,-1,Echolocation,/mnt/ubna_data_01_mir/recover-20220712_unit2/20220712_090000.WAV,Foliage,recover-20220712_unit2,010,1795
1201.3335,1201.3484,27187.0,31120.0,Nyctalus leisleri,0.394,0.513,-1,Echolocation,/mnt/ubna_data_01_mir/recover-20220712_unit2/20220712_090000.WAV,Foliage,recover-20220712_unit2,010,1795
1201.8315,1201.8509,27187.0,30198.0,Nyctalus leisleri,0.242,0.302,-1,Echolocation,/mnt/ubna_data_01_mir/recover-20220712_unit2/20220712_090000.WAV,Foliage,recover-20220712_unit2,010,1795
1203.7645,1203.7835,27187.0,30145.0,Nyctalus leisleri,0.207,0.272,-1,Echolocation,/mnt/ubna_data_01_mir/recover-20220712_unit2/20220712_090000.WAV,Foliage,recover-20220712_unit2,010,1795
1204.1505,1204.1686,27187.0,30439.0,Nyctalus leisleri,0.392,0.459,-1,Echolocation,/mnt/ubna_data_01_mir/recover-20220712_unit2/20220712_090000.WAV,Foliage,recover-20220712_unit2,010,1795
1204.8005,1204.8181,27187.0,29691.0,Nyctalus leisleri,0.502,0.546,-1,Echolocation,/mnt/ubna_data_01_mir/recover-20220712_unit2/20220712_090000.WAV,Foliage,recover-20220712_unit2,010,1795
1205.5345,1205.5518,27187.0,31689.0,Nyctalus leisleri,0.389,0.525,-1,Echolocation,/mnt/ubna_data_01_mir/recover-20220712_unit2/20220712_090000.WAV,Foliage,recover-20220712_unit2,010,1795
1206.3425,1206.3601,27187.0,30838.0,Nyctalus leisleri,0.174,0.254,-1,Echolocation,/mnt/ubna_data_01_mir/recover-20220712_unit2/20220712_090000.WAV,Foliage,recover-20220712_unit2,010,1795
1206.5675,1206.5837,27187.0,31675.0,Nyctalus leisleri,0.45,0.541,-1,Echolocation,/mnt/ubna_data_01_mir/recover-20220712_unit2/20220712_090000.WAV,Foliage,recover-20220712_unit2,010,1795
1206.9305,1206.9458,28046.0,31668.0,Nyctalus leisleri,0.378,0.494,-1,Echolocation,/mnt/ubna_data_01_mir/recover-20220712_unit2/20220712_090000.WAV,Foliage,recover-20220712_unit2,010,1795
1207.1815,1207.1999,26328.0,30815.0,Nyctalus leisleri,0.525,0.647,-1,Echolocation,/mnt/ubna_data_01_mir/recover-20220712_unit2/20220712_090000.WAV,Foliage,recover-20220712_unit2,010,1795
1207.1835,1207.1992,54687.0,58491.0,Pipistrellus pygmaeus,0.239,0.252,-1,Echolocation,/mnt/ubna_data_01_mir/recover-20220712_unit2/20220712_090000.WAV,Foliage,recover-20220712_unit2,010,1795
1207.9275,1207.9438,26328.0,30385.0,Nyctalus leisleri,0.547,0.694,-1,Echolocation,/mnt/ubna_data_01_mir/recover-20220712_unit2/20220712_090000.WAV,Foliage,recover-20220712_unit2,010,1795
1208.1715,1208.189,27187.0,31797.0,Nyctalus leisleri,0.288,0.438,-1,Echolocation,/mnt/ubna_data_01_mir/recover-20220712_unit2/20220712_090000.WAV,Foliage,recover-20220712_unit2,010,1795
1208.3025,1208.3156,27187.0,33323.0,Nyctalus leisleri,0.353,0.636,-1,Echolocation,/mnt/ubna_data_01_mir/recover-20220712_unit2/20220712_090000.WAV,Foliage,recover-20220712_unit2,010,1795
1208.5545,1208.5694,27187.0,32354.0,Nyctalus leisleri,0.344,0.614,-1,Echolocation,/mnt/ubna_data_01_mir/recover-20220712_unit2/20220712_090000.WAV,Foliage,recover-20220712_unit2,010,1795
1208.7985,1208.8111,27187.0,34329.0,Nyctalus leisleri,0.294,0.635,-1,Echolocation,/mnt/ubna_data_01_mir/recover-20220712_unit2/20220712_090000.WAV,Foliage,recover-20220712_unit2,010,1795
1209.0295,1209.0446,26328.0,31695.0,Nyctalus leisleri,0.267,0.594,-1,Echolocation,/mnt/ubna_data_01_mir/recover-20220712_unit2/20220712_090000.WAV,Foliage,recover-20220712_unit2,010,1795
1209.2645,1209.2805,26328.0,32305.0,Eptesicus serotinus,0.262,0.626,-1,Echolocation,/mnt/ubna_data_01_mir/recover-20220712_unit2/20220712_090000.WAV,Foliage,recover-20220712_unit2,010,1795
1209.5055,1209.5201,27187.0,32523.0,Nyctalus leisleri,0.382,0.67,-1,Echolocation,/mnt/ubna_data_01_mir/recover-20220712_unit2/20220712_090000.WAV,Foliage,recover-20220712_unit2,010,1795
1209.7415,1209.7562,27187.0,35725.0,Eptesicus serotinus,0.325,0.65,-1,Echolocation,/mnt/ubna_data_01_mir/recover-20220712_unit2/20220712_090000.WAV,Foliage,recover-20220712_unit2,010,1795
1209.9775,1209.9894,27187.0,34637.0,Nyctalus leisleri,0.287,0.676,-1,Echolocation,/mnt/ubna_data_01_mir/recover-20220712_unit2/20220712_090000.WAV,Foliage,recover-20220712_unit2,010,1795
1210.2295,1210.2457,26328.0,31120.0,Nyctalus leisleri,0.467,0.642,-1,Echolocation,/mnt/ubna_data_01_mir/recover-20220712_unit2/20220712_090000.WAV,Foliage,recover-20220712_unit2,010,1795
1210.4675,1210.4821,28046.0,32276.0,Nyctalus leisleri,0.356,0.521,-1,Echolocation,/mnt/ubna_data_01_mir/recover-20220712_unit2/20220712_090000.WAV,Foliage,recover-20220712_unit2,010,1795
1210.6895,1210.7064,27187.0,32095.0,Nyctalus leisleri,0.286,0.557,-1,Echolocation,/mnt/ubna_data_01_mir/recover-20220712_unit2/20220712_090000.WAV,Foliage,recover-20220712_unit2,010,1795
1210.9205,1210.9378,27187.0,31520.0,Nyctalus leisleri,0.302,0.54,-1,Echolocation,/mnt/ubna_data_01_mir/recover-20220712_unit2/20220712_090000.WAV,Foliage,recover-20220712_unit2,010,1795
1211.6375,1211.651,26328.0,30297.0,Nyctalus leisleri,0.155,0.267,-1,Echolocation,/mnt/ubna_data_01_mir/recover-20220712_unit2/20220712_090000.WAV,Foliage,recover-20220712_unit2,010,1795
1226.4415,1226.4466,16875.0,32160.0,Plecotus auritus,0.128,0.27,-1,Echolocation,/mnt/ubna_data_01_mir/recover-20220712_unit2/20220712_090000.WAV,Foliage,recover-20220712_unit2,010,1795
1227.9735,1227.9869,44375.0,47230.0,Pipistrellus pipistrellus,0.167,0.201,-1,Echolocation,/mnt/ubna_data_01_mir/recover-20220712_unit2/20220712_090000.WAV,Foliage,recover-20220712_unit2,010,1795
1241.8605,1241.8759,27187.0,31781.0,Nyctalus leisleri,0.256,0.383,-1,Echolocation,/mnt/ubna_data_01_mir/recover-20220712_unit2/20220712_090000.WAV,Foliage,recover-20220712_unit2,010,1795
1242.6285,1242.6441,27187.0,31632.0,Nyctalus leisleri,0.19,0.329,-1,Echolocation,/mnt/ubna_data_01_mir/recover-20220712_unit2/20220712_090000.WAV,Foliage,recover-20220712_unit2,010,1795
1261.6885,1261.7045,26328.0,30323.0,Nyctalus leisleri,0.252,0.363,-1,Echolocation,/mnt/ubna_data_01_mir/recover-20220712_unit2/20220712_090000.WAV,Foliage,recover-20220712_unit2,010,1795
1309.2235,1309.2394,28906.0,32655.0,Nyctalus leisleri,0.208,0.337,-1,Echolocation,/mnt/ubna_data_01_mir/recover-20220712_unit2/20220712_090000.WAV,Foliage,recover-20220712_unit2,010,1795
1314.2535,1314.2693,26328.0,30358.0,Nyctalus leisleri,0.222,0.33,-1,Echolocation,/mnt/ubna_data_01_mir/recover-20220712_unit2/20220712_090000.WAV,Foliage,recover-20220712_unit2,010,1795
1343.2835,1343.3006,27187.0,31256.0,Nyctalus leisleri,0.112,0.204,-1,Echolocation,/mnt/ubna_data_01_mir/recover-20220712_unit2/20220712_090000.WAV,Foliage,recover-20220712_unit2,010,1795
1359.6435,1359.6594,26328.0,30235.0,Nyctalus leisleri,0.149,0.241,-1,Echolocation,/mnt/ubna_data_01_mir/recover-20220712_unit2/20220712_090000.WAV,Foliage,recover-20220712_unit2,010,1795
1360.5095,1360.5266,25468.0,30350.0,Nyctalus leisleri,0.102,0.203,-1,Echolocation,/mnt/ubna_data_01_mir/recover-20220712_unit2/20220712_090000.WAV,Foliage,recover-20220712_unit2,010,1795
1362.9845,1363.0008,25468.0,29872.0,Nyctalus leisleri,0.138,0.217,-1,Echolocation,/mnt/ubna_data_01_mir/recover-20220712_unit2/20220712_090000.WAV,Foliage,recover-20220712_unit2,010,1795
1363.4935,1363.5082,26328.0,30061.0,Nyctalus leisleri,0.411,0.554,-1,Echolocation,/mnt/ubna_data_01_mir/recover-20220712_unit2/20220712_090000.WAV,Foliage,recover-20220712_unit2,010,1795
1364.1355,1364.1504,26328.0,28855.0,Nyctalus leisleri,0.45,0.545,-1,Echolocation,/mnt/ubna_data_01_mir/recover-20220712_unit2/20220712_090000.WAV,Foliage,recover-20220712_unit2,010,1795
1364.7625,1364.7754,25468.0,30145.0,Nyctalus leisleri,0.63,0.713,-1,Echolocation,/mnt/ubna_data_01_mir/recover-20220712_unit2/20220712_090000.WAV,Foliage,recover-20220712_unit2,010,1795
1365.1455,1365.1666,25468.0,29309.0,Nyctalus leisleri,0.311,0.422,-1,Echolocation,/mnt/ubna_data_01_mir/recover-20220712_unit2/20220712_090000.WAV,Foliage,recover-20220712_unit2,010,1795
1365.3985,1365.4214,25468.0,29539.0,Nyctalus leisleri,0.164,0.26,-1,Echolocation,/mnt/ubna_data_01_mir/recover-20220712_unit2/20220712_090000.WAV,Foliage,recover-20220712_unit2,010,1795
1365.4085,1365.4303,25468.0,28543.0,Nyctalus leisleri,0.196,0.252,-1,Echolocation,/mnt/ubna_data_01_mir/recover-20220712_unit2/20220712_090000.WAV,Foliage,recover-20220712_unit2,010,1795
1365.6515,1365.6735,26328.0,29431.0,Nyctalus leisleri,0.197,0.261,-1,Echolocation,/mnt/ubna_data_01_mir/recover-20220712_unit2/20220712_090000.WAV,Foliage,recover-20220712_unit2,010,1795
1366.9245,1366.9377,25468.0,29915.0,Nyctalus leisleri,0.159,0.298,-1,Echolocation,/mnt/ubna_data_01_mir/recover-20220712_unit2/20220712_090000.WAV,Foliage,recover-20220712_unit2,010,1795
1373.6785,1373.6905,26328.0,30706.0,Nyctalus leisleri,0.177,0.327,-1,Echolocation,/mnt/ubna_data_01_mir/recover-20220712_unit2/20220712_090000.WAV,Foliage,recover-20220712_unit2,010,1795
1377.9405,1377.9554,26328.0,29890.0,Nyctalus leisleri,0.439,0.569,-1,Echolocation,/mnt/ubna_data_01_mir/recover-20220712_unit2/20220712_090000.WAV,Foliage,recover-20220712_unit2,010,1795
1378.1035,1378.119,26328.0,30616.0,Nyctalus leisleri,0.119,0.213,-1,Echolocation,/mnt/ubna_data_01_mir/recover-20220712_unit2/20220712_090000.WAV,Foliage,recover-20220712_unit2,010,1795
1378.7235,1378.737,26328.0,30458.0,Nyctalus leisleri,0.134,0.276,-1,Echolocation,/mnt/ubna_data_01_mir/recover-20220712_unit2/20220712_090000.WAV,Foliage,recover-20220712_unit2,010,1795
1382.7755,1382.7917,25468.0,29682.0,Nyctalus leisleri,0.143,0.247,-1,Echolocation,/mnt/ubna_data_01_mir/recover-20220712_unit2/20220712_090000.WAV,Foliage,recover-20220712_unit2,010,1795
1397.9655,1397.9794,26328.0,30830.0,Nyctalus leisleri,0.096,0.201,-1,Echolocation,/mnt/ubna_data_01_mir/recover-20220712_unit2/20220712_090000.WAV,Foliage,recover-20220712_unit2,010,1795
1400.4435,1400.4563,25468.0,29639.0,Nyctalus leisleri,0.11,0.22,-1,Echolocation,/mnt/ubna_data_01_mir/recover-20220712_unit2/20220712_090000.WAV,Foliage,recover-20220712_unit2,010,1795
1404.1605,1404.1766,26328.0,29746.0,Nyctalus leisleri,0.182,0.287,-1,Echolocation,/mnt/ubna_data_01_mir/recover-20220712_unit2/20220712_090000.WAV,Foliage,recover-20220712_unit2,010,1795
1404.4345,1404.4474,25468.0,30228.0,Nyctalus leisleri,0.213,0.367,-1,Echolocation,/mnt/ubna_data_01_mir/recover-20220712_unit2/20220712_090000.WAV,Foliage,recover-20220712_unit2,010,1795
1406.4915,1406.5078,25468.0,28928.0,Nyctalus leisleri,0.249,0.318,-1,Echolocation,/mnt/ubna_data_01_mir/recover-20220712_unit2/20220712_090000.WAV,Foliage,recover-20220712_unit2,010,1795
1407.1695,1407.1881,25468.0,28939.0,Nyctalus leisleri,0.459,0.529,-1,Echolocation,/mnt/ubna_data_01_mir/recover-20220712_unit2/20220712_090000.WAV,Foliage,recover-20220712_unit2,010,1795
1407.8435,1407.8644,25468.0,28848.0,Nyctalus leisleri,0.27,0.346,-1,Echolocation,/mnt/ubna_data_01_mir/recover-20220712_unit2/20220712_090000.WAV,Foliage,recover-20220712_unit2,010,1795
1407.8575,1407.8733,25468.0,28952.0,Nyctalus leisleri,0.179,0.254,-1,Echolocation,/mnt/ubna_data_01_mir/recover-20220712_unit2/20220712_090000.WAV,Foliage,recover-20220712_unit2,010,1795
1408.5375,1408.5554,24609.0,28846.0,Nyctalus leisleri,0.211,0.33,-1,Echolocation,/mnt/ubna_data_01_mir/recover-20220712_unit2/20220712_090000.WAV,Foliage,recover-20220712_unit2,010,1795
1408.9475,1408.9629,25468.0,29559.0,Nyctalus leisleri,0.329,0.424,-1,Echolocation,/mnt/ubna_data_01_mir/recover-20220712_unit2/20220712_090000.WAV,Foliage,recover-20220712_unit2,010,1795
1409.4865,1409.5018,25468.0,29207.0,Nyctalus leisleri,0.476,0.549,-1,Echolocation,/mnt/ubna_data_01_mir/recover-20220712_unit2/20220712_090000.WAV,Foliage,recover-20220712_unit2,010,1795
1410.2825,1410.2974,25468.0,29658.0,Nyctalus leisleri,0.298,0.411,-1,Echolocation,/mnt/ubna_data_01_mir/recover-20220712_unit2/20220712_090000.WAV,Foliage,recover-20220712_unit2,010,1795
1503.6715,1503.6808,26328.0,32256.0,Nyctalus leisleri,0.251,0.479,-1,Echolocation,/mnt/ubna_data_01_mir/recover-20220712_unit2/20220712_090000.WAV,Foliage,recover-20220712_unit2,010,1795
1530.9705,1530.9939,18593.0,21644.0,Nyctalus noctula,0.222,0.332,-1,Echolocation,/mnt/ubna_data_01_mir/recover-20220712_unit2/20220712_090000.WAV,Foliage,recover-20220712_unit2,010,1795
1539.6375,1539.649,47812.0,50806.0,Pipistrellus pipistrellus,0.166,0.215,-1,Echolocation,/mnt/ubna_data_01_mir/recover-20220712_unit2/20220712_090000.WAV,Foliage,recover-20220712_unit2,010,1795
1543.1645,1543.177,29765.0,34048.0,Eptesicus serotinus,0.097,0.21,-1,Echolocation,/mnt/ubna_data_01_mir/recover-20220712_unit2/20220712_090000.WAV,Foliage,recover-20220712_unit2,010,1795
1578.3165,1578.3281,29765.0,36387.0,Eptesicus serotinus,0.126,0.206,-1,Echolocation,/mnt/ubna_data_01_mir/recover-20220712_unit2/20220712_090000.WAV,Foliage,recover-20220712_unit2,010,1795
1593.7215,1593.7273,47812.0,53646.0,Pipistrellus pipistrellus,0.22,0.227,-1,Echolocation,/mnt/ubna_data_01_mir/recover-20220712_unit2/20220712_090000.WAV,Foliage,recover-20220712_unit2,010,1795
1605.8745,1605.8873,28906.0,33253.0,Eptesicus serotinus,0.13,0.283,-1,Echolocation,/mnt/ubna_data_01_mir/recover-20220712_unit2/20220712_090000.WAV,Foliage,recover-20220712_unit2,010,1795
1605.9235,1605.9373,26328.0,30889.0,Nyctalus leisleri,0.15,0.261,-1,Echolocation,/mnt/ubna_data_01_mir/recover-20220712_unit2/20220712_090000.WAV,Foliage,recover-20220712_unit2,010,1795
1623.2405,1623.2562,28046.0,32375.0,Eptesicus serotinus,0.102,0.231,-1,Echolocation,/mnt/ubna_data_01_mir/recover-20220712_unit2/20220712_090000.WAV,Foliage,recover-20220712_unit2,010,1795
1625.1015,1625.1175,28046.0,32081.0,Nyctalus leisleri,0.113,0.206,-1,Echolocation,/mnt/ubna_data_01_mir/recover-20220712_unit2/20220712_090000.WAV,Foliage,recover-20220712_unit2,010,1795
1642.4445,1642.4624,26328.0,29205.0,Nyctalus leisleri,0.313,0.369,-1,Echolocation,/mnt/ubna_data_01_mir/recover-20220712_unit2/20220712_090000.WAV,Foliage,recover-20220712_unit2,010,1795
1670.0635,1670.0767,36640.0,39890.0,Pipistrellus nathusii,0.089,0.215,-1,Echolocation,/mnt/ubna_data_01_mir/recover-20220712_unit2/20220712_090000.WAV,Foliage,recover-20220712_unit2,010,1795
1702.5705,1702.5824,26328.0,31112.0,Nyctalus leisleri,0.293,0.449,-1,Echolocation,/mnt/ubna_data_01_mir/recover-20220712_unit2/20220712_090000.WAV,Foliage,recover-20220712_unit2,010,1795
1718.5075,1718.5118,22031.0,38115.0,Plecotus austriacus,0.304,0.385,-1,Echolocation,/mnt/ubna_data_01_mir/recover-20220712_unit2/20220712_090000.WAV,Foliage,recover-20220712_unit2,010,1795
1722.3965,1722.4117,28046.0,32456.0,Eptesicus serotinus,0.1,0.2,-1,Echolocation,/mnt/ubna_data_01_mir/recover-20220712_unit2/20220712_090000.WAV,Foliage,recover-20220712_unit2,010,1795
1742.7565,1742.7747,27187.0,30582.0,Nyctalus leisleri,0.385,0.476,-1,Echolocation,/mnt/ubna_data_01_mir/recover-20220712_unit2/20220712_090000.WAV,Foliage,recover-20220712_unit2,010,1795
1746.3105,1746.3256,27187.0,30458.0,Nyctalus leisleri,0.293,0.382,-1,Echolocation,/mnt/ubna_data_01_mir/recover-20220712_unit2/20220712_090000.WAV,Foliage,recover-20220712_unit2,010,1795
1746.8925,1746.9122,26328.0,29960.0,Nyctalus leisleri,0.198,0.289,-1,Echolocation,/mnt/ubna_data_01_mir/recover-20220712_unit2/20220712_090000.WAV,Foliage,recover-20220712_unit2,010,1795
1747.4585,1747.4785,26328.0,29776.0,Nyctalus leisleri,0.279,0.354,-1,Echolocation,/mnt/ubna_data_01_mir/recover-20220712_unit2/20220712_090000.WAV,Foliage,recover-20220712_unit2,010,1795
1748.0775,1748.0924,27187.0,32212.0,Nyctalus leisleri,0.206,0.379,-1,Echolocation,/mnt/ubna_data_01_mir/recover-20220712_unit2/20220712_090000.WAV,Foliage,recover-20220712_unit2,010,1795
1749.2125,1749.2316,27187.0,30630.0,Nyctalus leisleri,0.48,0.552,-1,Echolocation,/mnt/ubna_data_01_mir/recover-20220712_unit2/20220712_090000.WAV,Foliage,recover-20220712_unit2,010,1795
1749.4945,1749.5105,26328.0,29510.0,Nyctalus leisleri,0.669,0.725,-1,Echolocation,/mnt/ubna_data_01_mir/recover-20220712_unit2/20220712_090000.WAV,Foliage,recover-20220712_unit2,010,1795
1749.4965,1749.5114,53828.0,56676.0,Pipistrellus pygmaeus,0.381,0.423,-1,Echolocation,/mnt/ubna_data_01_mir/recover-20220712_unit2/20220712_090000.WAV,Foliage,recover-20220712_unit2,010,1795
1749.7375,1749.7551,27187.0,30427.0,Nyctalus leisleri,0.389,0.472,-1,Echolocation,/mnt/ubna_data_01_mir/recover-20220712_unit2/20220712_090000.WAV,Foliage,recover-20220712_unit2,010,1795
1750.1175,1750.1343,26328.0,28975.0,Nyctalus leisleri,0.749,0.783,-1,Echolocation,/mnt/ubna_data_01_mir/recover-20220712_unit2/20220712_090000.WAV,Foliage,recover-20220712_unit2,010,1795
1750.1185,1750.1311,53828.0,57031.0,Pipistrellus pygmaeus,0.25,0.279,-1,Echolocation,/mnt/ubna_data_01_mir/recover-20220712_unit2/20220712_090000.WAV,Foliage,recover-20220712_unit2,010,1795
1750.5635,1750.5822,26328.0,29129.0,Nyctalus leisleri,0.447,0.493,-1,Echolocation,/mnt/ubna_data_01_mir/recover-20220712_unit2/20220712_090000.WAV,Foliage,recover-20220712_unit2,010,1795
1750.7965,1750.8135,26328.0,29730.0,Nyctalus leisleri,0.755,0.781,-1,Echolocation,/mnt/ubna_data_01_mir/recover-20220712_unit2/20220712_090000.WAV,Foliage,recover-20220712_unit2,010,1795
1751.1635,1751.1836,27187.0,30518.0,Nyctalus leisleri,0.152,0.237,-1,Echolocation,/mnt/ubna_data_01_mir/recover-20220712_unit2/20220712_090000.WAV,Foliage,recover-20220712_unit2,010,1795
1751.5145,1751.5308,26328.0,30413.0,Nyctalus leisleri,0.704,0.76,-1,Echolocation,/mnt/ubna_data_01_mir/recover-20220712_unit2/20220712_090000.WAV,Foliage,recover-20220712_unit2,010,1795
1751.5155,1751.5313,53828.0,55829.0,Pipistrellus pygmaeus,0.411,0.444,-1,Echolocation,/mnt/ubna_data_01_mir/recover-20220712_unit2/20220712_090000.WAV,Foliage,recover-20220712_unit2,010,1795
1751.8785,1751.8993,26328.0,29338.0,Nyctalus leisleri,0.214,0.274,-1,Echolocation,/mnt/ubna_data_01_mir/recover-20220712_unit2/20220712_090000.WAV,Foliage,recover-20220712_unit2,010,1795
1752.2365,1752.2524,26328.0,29344.0,Nyctalus leisleri,0.771,0.795,-1,Echolocation,/mnt/ubna_data_01_mir/recover-20220712_unit2/20220712_090000.WAV,Foliage,recover-20220712_unit2,010,1795
1752.2375,1752.2497,53828.0,56992.0,Pipistrellus pygmaeus,0.237,0.251,-1,Echolocation,/mnt/ubna_data_01_mir/recover-20220712_unit2/20220712_090000.WAV,Foliage,recover-20220712_unit2,010,1795
1752.4035,1752.4163,28046.0,35086.0,Nyctalus leisleri,0.33,0.664,-1,Echolocation,/mnt/ubna_data_01_mir/recover-20220712_unit2/20220712_090000.WAV,Foliage,recover-20220712_unit2,010,1795
1752.7525,1752.7712,26328.0,30135.0,Nyctalus leisleri,0.361,0.494,-1,Echolocation,/mnt/ubna_data_01_mir/recover-20220712_unit2/20220712_090000.WAV,Foliage,recover-20220712_unit2,010,1795
1753.1155,1753.1318,26328.0,30190.0,Nyctalus leisleri,0.771,0.804,-1,Echolocation,/mnt/ubna_data_01_mir/recover-20220712_unit2/20220712_090000.WAV,Foliage,recover-20220712_unit2,010,1795
1753.1165,1753.1341,53828.0,57787.0,Pipistrellus pygmaeus,0.198,0.205,-1,Echolocation,/mnt/ubna_data_01_mir/recover-20220712_unit2/20220712_090000.WAV,Foliage,recover-20220712_unit2,010,1795
1753.4665,1753.4827,26328.0,29167.0,Nyctalus leisleri,0.772,0.798,-1,Echolocation,/mnt/ubna_data_01_mir/recover-20220712_unit2/20220712_090000.WAV,Foliage,recover-20220712_unit2,010,1795
1753.4665,1753.4783,54687.0,57270.0,Pipistrellus pygmaeus,0.481,0.509,-1,Echolocation,/mnt/ubna_data_01_mir/recover-20220712_unit2/20220712_090000.WAV,Foliage,recover-20220712_unit2,010,1795
1753.8185,1753.8317,26328.0,29744.0,Nyctalus leisleri,0.343,0.445,-1,Echolocation,/mnt/ubna_data_01_mir/recover-20220712_unit2/20220712_090000.WAV,Foliage,recover-20220712_unit2,010,1795
1754.1715,1754.1891,27187.0,29663.0,Nyctalus leisleri,0.481,0.538,-1,Echolocation,/mnt/ubna_data_01_mir/recover-20220712_unit2/20220712_090000.WAV,Foliage,recover-20220712_unit2,010,1795
1754.7425,1754.7586,27187.0,32664.0,Nyctalus leisleri,0.265,0.431,-1,Echolocation,/mnt/ubna_data_01_mir/recover-20220712_unit2/20220712_090000.WAV,Foliage,recover-20220712_unit2,010,1795
1755.4315,1755.4463,27187.0,30641.0,Nyctalus leisleri,0.485,0.588,-1,Echolocation,/mnt/ubna_data_01_mir/recover-20220712_unit2/20220712_090000.WAV,Foliage,recover-20220712_unit2,010,1795
1756.1515,1756.1706,26328.0,29946.0,Nyctalus leisleri,0.219,0.291,-1,Echolocation,/mnt/ubna_data_01_mir/recover-20220712_unit2/20220712_090000.WAV,Foliage,recover-20220712_unit2,010,1795
1793.8035,1793.8155,23750.0,29393.0,Nyctalus leisleri,0.127,0.275,-1,Echolocation,/mnt/ubna_data_01_mir/recover-20220712_unit2/20220712_090000.WAV,Foliage,recover-20220712_unit2,010,1795
