start_time,end_time,low_freq,high_freq,event,class,class_prob,det_prob,individual,input_file,Site name,Recover Folder,SD Card,File Duration
254.0175,254.0313,26328.0,31043.0,Echolocation,Nyctalus leisleri,0.356,0.581,-1,/mnt/ubna_data_01_mir/recover-20220804/UBNA_001/20220804_080000.WAV,Carp Pond,recover-20220804,001,1795
254.2355,254.2488,26328.0,30072.0,Echolocation,Nyctalus leisleri,0.403,0.602,-1,/mnt/ubna_data_01_mir/recover-20220804/UBNA_001/20220804_080000.WAV,Carp Pond,recover-20220804,001,1795
255.1875,255.2,26328.0,30326.0,Echolocation,Nyctalus leisleri,0.359,0.507,-1,/mnt/ubna_data_01_mir/recover-20220804/UBNA_001/20220804_080000.WAV,Carp Pond,recover-20220804,001,1795
257.8035,257.8202,26328.0,29728.0,Echolocation,Nyctalus leisleri,0.193,0.282,-1,/mnt/ubna_data_01_mir/recover-20220804/UBNA_001/20220804_080000.WAV,Carp Pond,recover-20220804,001,1795
258.89549999999997,258.9094,25468.0,30269.0,Echolocation,Nyctalus leisleri,0.407,0.625,-1,/mnt/ubna_data_01_mir/recover-20220804/UBNA_001/20220804_080000.WAV,Carp Pond,recover-20220804,001,1795
260.3675,260.3844,25468.0,29254.0,Echolocation,Nyctalus leisleri,0.157,0.242,-1,/mnt/ubna_data_01_mir/recover-20220804/UBNA_001/20220804_080000.WAV,Carp Pond,recover-20220804,001,1795
280.6885,280.7043,25468.0,28945.0,Echolocation,Nyctalus leisleri,0.344,0.464,-1,/mnt/ubna_data_01_mir/recover-20220804/UBNA_001/20220804_080000.WAV,Carp Pond,recover-20220804,001,1795
281.3555,281.3749,26328.0,29347.0,Echolocation,Nyctalus leisleri,0.219,0.296,-1,/mnt/ubna_data_01_mir/recover-20220804/UBNA_001/20220804_080000.WAV,Carp Pond,recover-20220804,001,1795
281.5485,281.5645,25468.0,30356.0,Echolocation,Nyctalus leisleri,0.351,0.555,-1,/mnt/ubna_data_01_mir/recover-20220804/UBNA_001/20220804_080000.WAV,Carp Pond,recover-20220804,001,1795
282.2045,282.2174,26328.0,30049.0,Echolocation,Nyctalus leisleri,0.449,0.607,-1,/mnt/ubna_data_01_mir/recover-20220804/UBNA_001/20220804_080000.WAV,Carp Pond,recover-20220804,001,1795
283.9025,283.9199,25468.0,29368.0,Echolocation,Nyctalus leisleri,0.219,0.317,-1,/mnt/ubna_data_01_mir/recover-20220804/UBNA_001/20220804_080000.WAV,Carp Pond,recover-20220804,001,1795
284.1675,284.1847,26328.0,29940.0,Echolocation,Nyctalus leisleri,0.139,0.233,-1,/mnt/ubna_data_01_mir/recover-20220804/UBNA_001/20220804_080000.WAV,Carp Pond,recover-20220804,001,1795
285.5525,285.5693,26328.0,29635.0,Echolocation,Nyctalus leisleri,0.211,0.3,-1,/mnt/ubna_data_01_mir/recover-20220804/UBNA_001/20220804_080000.WAV,Carp Pond,recover-20220804,001,1795
286.0855,286.1061,25468.0,29251.0,Echolocation,Nyctalus leisleri,0.206,0.306,-1,/mnt/ubna_data_01_mir/recover-20220804/UBNA_001/20220804_080000.WAV,Carp Pond,recover-20220804,001,1795
286.7105,286.727,26328.0,29341.0,Echolocation,Nyctalus leisleri,0.376,0.447,-1,/mnt/ubna_data_01_mir/recover-20220804/UBNA_001/20220804_080000.WAV,Carp Pond,recover-20220804,001,1795
286.8915,286.9078,26328.0,30418.0,Echolocation,Nyctalus leisleri,0.374,0.54,-1,/mnt/ubna_data_01_mir/recover-20220804/UBNA_001/20220804_080000.WAV,Carp Pond,recover-20220804,001,1795
287.1025,287.1185,26328.0,29790.0,Echolocation,Nyctalus leisleri,0.233,0.337,-1,/mnt/ubna_data_01_mir/recover-20220804/UBNA_001/20220804_080000.WAV,Carp Pond,recover-20220804,001,1795
287.5125,287.5216,22890.0,30457.0,Echolocation,Eptesicus serotinus,0.057,0.21,-1,/mnt/ubna_data_01_mir/recover-20220804/UBNA_001/20220804_080000.WAV,Carp Pond,recover-20220804,001,1795
287.6335,287.6514,26328.0,29250.0,Echolocation,Nyctalus leisleri,0.332,0.415,-1,/mnt/ubna_data_01_mir/recover-20220804/UBNA_001/20220804_080000.WAV,Carp Pond,recover-20220804,001,1795
288.1705,288.1847,25468.0,29104.0,Echolocation,Nyctalus leisleri,0.572,0.653,-1,/mnt/ubna_data_01_mir/recover-20220804/UBNA_001/20220804_080000.WAV,Carp Pond,recover-20220804,001,1795
288.4445,288.4593,25468.0,29472.0,Echolocation,Nyctalus leisleri,0.495,0.587,-1,/mnt/ubna_data_01_mir/recover-20220804/UBNA_001/20220804_080000.WAV,Carp Pond,recover-20220804,001,1795
288.9565,288.9713,26328.0,28679.0,Echolocation,Nyctalus leisleri,0.49,0.578,-1,/mnt/ubna_data_01_mir/recover-20220804/UBNA_001/20220804_080000.WAV,Carp Pond,recover-20220804,001,1795
348.1205,348.1342,32343.0,36537.0,Echolocation,Eptesicus serotinus,0.078,0.229,-1,/mnt/ubna_data_01_mir/recover-20220804/UBNA_001/20220804_080000.WAV,Carp Pond,recover-20220804,001,1795
456.2195,456.2325,23750.0,28412.0,Echolocation,Nyctalus leisleri,0.329,0.435,-1,/mnt/ubna_data_01_mir/recover-20220804/UBNA_001/20220804_080000.WAV,Carp Pond,recover-20220804,001,1795
488.9545,488.9731,24609.0,28414.0,Echolocation,Nyctalus leisleri,0.252,0.348,-1,/mnt/ubna_data_01_mir/recover-20220804/UBNA_001/20220804_080000.WAV,Carp Pond,recover-20220804,001,1795
489.3075,489.3235,24609.0,28539.0,Echolocation,Nyctalus leisleri,0.425,0.558,-1,/mnt/ubna_data_01_mir/recover-20220804/UBNA_001/20220804_080000.WAV,Carp Pond,recover-20220804,001,1795
490.3445,490.3597,25468.0,29333.0,Echolocation,Nyctalus leisleri,0.216,0.332,-1,/mnt/ubna_data_01_mir/recover-20220804/UBNA_001/20220804_080000.WAV,Carp Pond,recover-20220804,001,1795
491.0365,491.054,25468.0,28448.0,Echolocation,Nyctalus leisleri,0.323,0.41,-1,/mnt/ubna_data_01_mir/recover-20220804/UBNA_001/20220804_080000.WAV,Carp Pond,recover-20220804,001,1795
491.7555,491.7775,25468.0,28811.0,Echolocation,Nyctalus leisleri,0.284,0.365,-1,/mnt/ubna_data_01_mir/recover-20220804/UBNA_001/20220804_080000.WAV,Carp Pond,recover-20220804,001,1795
493.4915,493.5086,25468.0,28367.0,Echolocation,Nyctalus leisleri,0.407,0.48,-1,/mnt/ubna_data_01_mir/recover-20220804/UBNA_001/20220804_080000.WAV,Carp Pond,recover-20220804,001,1795
494.1795,494.19780000000003,25468.0,28796.0,Echolocation,Nyctalus leisleri,0.295,0.399,-1,/mnt/ubna_data_01_mir/recover-20220804/UBNA_001/20220804_080000.WAV,Carp Pond,recover-20220804,001,1795
494.6735,494.6923,24609.0,28125.0,Echolocation,Nyctalus leisleri,0.468,0.566,-1,/mnt/ubna_data_01_mir/recover-20220804/UBNA_001/20220804_080000.WAV,Carp Pond,recover-20220804,001,1795
495.1605,495.1744,25468.0,29928.0,Echolocation,Nyctalus leisleri,0.415,0.652,-1,/mnt/ubna_data_01_mir/recover-20220804/UBNA_001/20220804_080000.WAV,Carp Pond,recover-20220804,001,1795
495.6495,495.6649,25468.0,30288.0,Echolocation,Nyctalus leisleri,0.478,0.616,-1,/mnt/ubna_data_01_mir/recover-20220804/UBNA_001/20220804_080000.WAV,Carp Pond,recover-20220804,001,1795
495.8945,495.9114,25468.0,32503.0,Echolocation,Eptesicus serotinus,0.278,0.447,-1,/mnt/ubna_data_01_mir/recover-20220804/UBNA_001/20220804_080000.WAV,Carp Pond,recover-20220804,001,1795
496.1385,496.1516,26328.0,29798.0,Echolocation,Nyctalus leisleri,0.311,0.449,-1,/mnt/ubna_data_01_mir/recover-20220804/UBNA_001/20220804_080000.WAV,Carp Pond,recover-20220804,001,1795
496.3685,496.3818,25468.0,30337.0,Echolocation,Nyctalus leisleri,0.463,0.668,-1,/mnt/ubna_data_01_mir/recover-20220804/UBNA_001/20220804_080000.WAV,Carp Pond,recover-20220804,001,1795
496.8635,496.8833,25468.0,29760.0,Echolocation,Nyctalus leisleri,0.211,0.338,-1,/mnt/ubna_data_01_mir/recover-20220804/UBNA_001/20220804_080000.WAV,Carp Pond,recover-20220804,001,1795
497.3765,497.3918,25468.0,31022.0,Echolocation,Nyctalus leisleri,0.365,0.588,-1,/mnt/ubna_data_01_mir/recover-20220804/UBNA_001/20220804_080000.WAV,Carp Pond,recover-20220804,001,1795
497.7535,497.7698,25468.0,30889.0,Echolocation,Nyctalus leisleri,0.341,0.514,-1,/mnt/ubna_data_01_mir/recover-20220804/UBNA_001/20220804_080000.WAV,Carp Pond,recover-20220804,001,1795
498.2405,498.2555,25468.0,30397.0,Echolocation,Nyctalus leisleri,0.377,0.647,-1,/mnt/ubna_data_01_mir/recover-20220804/UBNA_001/20220804_080000.WAV,Carp Pond,recover-20220804,001,1795
498.5035,498.5204,25468.0,30205.0,Echolocation,Nyctalus leisleri,0.353,0.591,-1,/mnt/ubna_data_01_mir/recover-20220804/UBNA_001/20220804_080000.WAV,Carp Pond,recover-20220804,001,1795
499.0115,499.0262,25468.0,30535.0,Echolocation,Nyctalus leisleri,0.409,0.634,-1,/mnt/ubna_data_01_mir/recover-20220804/UBNA_001/20220804_080000.WAV,Carp Pond,recover-20220804,001,1795
499.7305,499.751,25468.0,28507.0,Echolocation,Nyctalus leisleri,0.297,0.403,-1,/mnt/ubna_data_01_mir/recover-20220804/UBNA_001/20220804_080000.WAV,Carp Pond,recover-20220804,001,1795
500.3465,500.3654,24609.0,28991.0,Echolocation,Nyctalus leisleri,0.42,0.511,-1,/mnt/ubna_data_01_mir/recover-20220804/UBNA_001/20220804_080000.WAV,Carp Pond,recover-20220804,001,1795
500.5135,500.5355,25468.0,29207.0,Echolocation,Nyctalus leisleri,0.304,0.399,-1,/mnt/ubna_data_01_mir/recover-20220804/UBNA_001/20220804_080000.WAV,Carp Pond,recover-20220804,001,1795
500.7755,500.7907,25468.0,30171.0,Echolocation,Nyctalus leisleri,0.293,0.433,-1,/mnt/ubna_data_01_mir/recover-20220804/UBNA_001/20220804_080000.WAV,Carp Pond,recover-20220804,001,1795
501.2585,501.27819999999997,24609.0,28570.0,Echolocation,Nyctalus leisleri,0.369,0.501,-1,/mnt/ubna_data_01_mir/recover-20220804/UBNA_001/20220804_080000.WAV,Carp Pond,recover-20220804,001,1795
501.8665,501.8855,24609.0,28334.0,Echolocation,Nyctalus leisleri,0.377,0.474,-1,/mnt/ubna_data_01_mir/recover-20220804/UBNA_001/20220804_080000.WAV,Carp Pond,recover-20220804,001,1795
502.3575,502.3781,25468.0,29350.0,Echolocation,Nyctalus leisleri,0.17,0.242,-1,/mnt/ubna_data_01_mir/recover-20220804/UBNA_001/20220804_080000.WAV,Carp Pond,recover-20220804,001,1795
502.7045,502.725,25468.0,29131.0,Echolocation,Nyctalus leisleri,0.34,0.439,-1,/mnt/ubna_data_01_mir/recover-20220804/UBNA_001/20220804_080000.WAV,Carp Pond,recover-20220804,001,1795
503.2285,503.2502,25468.0,28400.0,Echolocation,Nyctalus leisleri,0.293,0.375,-1,/mnt/ubna_data_01_mir/recover-20220804/UBNA_001/20220804_080000.WAV,Carp Pond,recover-20220804,001,1795
503.8385,503.8524,24609.0,29052.0,Echolocation,Nyctalus leisleri,0.306,0.475,-1,/mnt/ubna_data_01_mir/recover-20220804/UBNA_001/20220804_080000.WAV,Carp Pond,recover-20220804,001,1795
504.3405,504.3556,24609.0,29091.0,Echolocation,Nyctalus leisleri,0.343,0.464,-1,/mnt/ubna_data_01_mir/recover-20220804/UBNA_001/20220804_080000.WAV,Carp Pond,recover-20220804,001,1795
504.9585,504.9765,24609.0,28324.0,Echolocation,Nyctalus leisleri,0.322,0.459,-1,/mnt/ubna_data_01_mir/recover-20220804/UBNA_001/20220804_080000.WAV,Carp Pond,recover-20220804,001,1795
505.4565,505.4704,24609.0,29774.0,Echolocation,Nyctalus leisleri,0.286,0.539,-1,/mnt/ubna_data_01_mir/recover-20220804/UBNA_001/20220804_080000.WAV,Carp Pond,recover-20220804,001,1795
506.4595,506.4753,25468.0,30213.0,Echolocation,Nyctalus leisleri,0.266,0.434,-1,/mnt/ubna_data_01_mir/recover-20220804/UBNA_001/20220804_080000.WAV,Carp Pond,recover-20220804,001,1795
512.8065,512.8242,26328.0,29347.0,Echolocation,Nyctalus leisleri,0.219,0.307,-1,/mnt/ubna_data_01_mir/recover-20220804/UBNA_001/20220804_080000.WAV,Carp Pond,recover-20220804,001,1795
516.6175,516.6317,26328.0,30958.0,Echolocation,Nyctalus leisleri,0.365,0.614,-1,/mnt/ubna_data_01_mir/recover-20220804/UBNA_001/20220804_080000.WAV,Carp Pond,recover-20220804,001,1795
517.8555,517.8706,26328.0,29441.0,Echolocation,Nyctalus leisleri,0.338,0.438,-1,/mnt/ubna_data_01_mir/recover-20220804/UBNA_001/20220804_080000.WAV,Carp Pond,recover-20220804,001,1795
518.8025,518.8159,26328.0,29487.0,Echolocation,Nyctalus leisleri,0.515,0.601,-1,/mnt/ubna_data_01_mir/recover-20220804/UBNA_001/20220804_080000.WAV,Carp Pond,recover-20220804,001,1795
519.4365,519.4505,26328.0,29879.0,Echolocation,Nyctalus leisleri,0.565,0.632,-1,/mnt/ubna_data_01_mir/recover-20220804/UBNA_001/20220804_080000.WAV,Carp Pond,recover-20220804,001,1795
520.0895,520.1024,25468.0,29874.0,Echolocation,Nyctalus leisleri,0.474,0.615,-1,/mnt/ubna_data_01_mir/recover-20220804/UBNA_001/20220804_080000.WAV,Carp Pond,recover-20220804,001,1795
520.6375,520.6518,25468.0,28540.0,Echolocation,Nyctalus leisleri,0.507,0.62,-1,/mnt/ubna_data_01_mir/recover-20220804/UBNA_001/20220804_080000.WAV,Carp Pond,recover-20220804,001,1795
522.3265,522.3415,25468.0,28844.0,Echolocation,Nyctalus leisleri,0.575,0.676,-1,/mnt/ubna_data_01_mir/recover-20220804/UBNA_001/20220804_080000.WAV,Carp Pond,recover-20220804,001,1795
523.6535,523.6742,25468.0,28868.0,Echolocation,Nyctalus leisleri,0.249,0.321,-1,/mnt/ubna_data_01_mir/recover-20220804/UBNA_001/20220804_080000.WAV,Carp Pond,recover-20220804,001,1795
536.6514999999999,536.6674,25468.0,28745.0,Echolocation,Nyctalus leisleri,0.37,0.462,-1,/mnt/ubna_data_01_mir/recover-20220804/UBNA_001/20220804_080000.WAV,Carp Pond,recover-20220804,001,1795
537.6735,537.6919,25468.0,29000.0,Echolocation,Nyctalus leisleri,0.13,0.211,-1,/mnt/ubna_data_01_mir/recover-20220804/UBNA_001/20220804_080000.WAV,Carp Pond,recover-20220804,001,1795
539.1975,539.2097,25468.0,29235.0,Echolocation,Nyctalus leisleri,0.407,0.54,-1,/mnt/ubna_data_01_mir/recover-20220804/UBNA_001/20220804_080000.WAV,Carp Pond,recover-20220804,001,1795
542.3775,542.3905,25468.0,29405.0,Echolocation,Nyctalus leisleri,0.376,0.505,-1,/mnt/ubna_data_01_mir/recover-20220804/UBNA_001/20220804_080000.WAV,Carp Pond,recover-20220804,001,1795
594.0365,594.0581999999999,20312.0,23869.0,Echolocation,Nyctalus noctula,0.13,0.227,-1,/mnt/ubna_data_01_mir/recover-20220804/UBNA_001/20220804_080000.WAV,Carp Pond,recover-20220804,001,1795
606.0015,606.0151,22031.0,26609.0,Echolocation,Nyctalus leisleri,0.14,0.224,-1,/mnt/ubna_data_01_mir/recover-20220804/UBNA_001/20220804_080000.WAV,Carp Pond,recover-20220804,001,1795
774.3425,774.3627,25468.0,29424.0,Echolocation,Nyctalus leisleri,0.13,0.208,-1,/mnt/ubna_data_01_mir/recover-20220804/UBNA_001/20220804_080000.WAV,Carp Pond,recover-20220804,001,1795
775.1655,775.1828,25468.0,28866.0,Echolocation,Nyctalus leisleri,0.452,0.528,-1,/mnt/ubna_data_01_mir/recover-20220804/UBNA_001/20220804_080000.WAV,Carp Pond,recover-20220804,001,1795
775.7885,775.8096,25468.0,28746.0,Echolocation,Nyctalus leisleri,0.307,0.371,-1,/mnt/ubna_data_01_mir/recover-20220804/UBNA_001/20220804_080000.WAV,Carp Pond,recover-20220804,001,1795
776.5165,776.5342,25468.0,29151.0,Echolocation,Nyctalus leisleri,0.233,0.329,-1,/mnt/ubna_data_01_mir/recover-20220804/UBNA_001/20220804_080000.WAV,Carp Pond,recover-20220804,001,1795
964.5645,964.5779,25468.0,29657.0,Echolocation,Nyctalus leisleri,0.155,0.264,-1,/mnt/ubna_data_01_mir/recover-20220804/UBNA_001/20220804_080000.WAV,Carp Pond,recover-20220804,001,1795
965.7455,965.7615,25468.0,29321.0,Echolocation,Nyctalus leisleri,0.199,0.294,-1,/mnt/ubna_data_01_mir/recover-20220804/UBNA_001/20220804_080000.WAV,Carp Pond,recover-20220804,001,1795
975.1835,975.2005,26328.0,30465.0,Echolocation,Nyctalus leisleri,0.129,0.23,-1,/mnt/ubna_data_01_mir/recover-20220804/UBNA_001/20220804_080000.WAV,Carp Pond,recover-20220804,001,1795
977.3665,977.3847,24609.0,28869.0,Echolocation,Nyctalus leisleri,0.119,0.206,-1,/mnt/ubna_data_01_mir/recover-20220804/UBNA_001/20220804_080000.WAV,Carp Pond,recover-20220804,001,1795
979.8965,979.9133,25468.0,30059.0,Echolocation,Nyctalus leisleri,0.282,0.452,-1,/mnt/ubna_data_01_mir/recover-20220804/UBNA_001/20220804_080000.WAV,Carp Pond,recover-20220804,001,1795
980.4745,980.4916,25468.0,29163.0,Echolocation,Nyctalus leisleri,0.211,0.324,-1,/mnt/ubna_data_01_mir/recover-20220804/UBNA_001/20220804_080000.WAV,Carp Pond,recover-20220804,001,1795
980.9575,980.9738,25468.0,30579.0,Echolocation,Nyctalus leisleri,0.275,0.472,-1,/mnt/ubna_data_01_mir/recover-20220804/UBNA_001/20220804_080000.WAV,Carp Pond,recover-20220804,001,1795
981.3175,981.333,26328.0,30238.0,Echolocation,Nyctalus leisleri,0.189,0.317,-1,/mnt/ubna_data_01_mir/recover-20220804/UBNA_001/20220804_080000.WAV,Carp Pond,recover-20220804,001,1795
981.5575,981.5754,25468.0,30372.0,Echolocation,Nyctalus leisleri,0.216,0.358,-1,/mnt/ubna_data_01_mir/recover-20220804/UBNA_001/20220804_080000.WAV,Carp Pond,recover-20220804,001,1795
982.1865,982.199,26328.0,30347.0,Echolocation,Nyctalus leisleri,0.256,0.379,-1,/mnt/ubna_data_01_mir/recover-20220804/UBNA_001/20220804_080000.WAV,Carp Pond,recover-20220804,001,1795
982.6645,982.6784,25468.0,30486.0,Echolocation,Nyctalus leisleri,0.416,0.638,-1,/mnt/ubna_data_01_mir/recover-20220804/UBNA_001/20220804_080000.WAV,Carp Pond,recover-20220804,001,1795
983.5255,983.5394,26328.0,30222.0,Echolocation,Nyctalus leisleri,0.378,0.49,-1,/mnt/ubna_data_01_mir/recover-20220804/UBNA_001/20220804_080000.WAV,Carp Pond,recover-20220804,001,1795
984.8225,984.838,25468.0,29030.0,Echolocation,Nyctalus leisleri,0.154,0.264,-1,/mnt/ubna_data_01_mir/recover-20220804/UBNA_001/20220804_080000.WAV,Carp Pond,recover-20220804,001,1795
986.2764999999999,986.2939,25468.0,28896.0,Echolocation,Nyctalus leisleri,0.243,0.355,-1,/mnt/ubna_data_01_mir/recover-20220804/UBNA_001/20220804_080000.WAV,Carp Pond,recover-20220804,001,1795
987.0095,987.0281,24609.0,28240.0,Echolocation,Nyctalus leisleri,0.349,0.483,-1,/mnt/ubna_data_01_mir/recover-20220804/UBNA_001/20220804_080000.WAV,Carp Pond,recover-20220804,001,1795
987.6265,987.6388,24609.0,28868.0,Echolocation,Nyctalus leisleri,0.356,0.512,-1,/mnt/ubna_data_01_mir/recover-20220804/UBNA_001/20220804_080000.WAV,Carp Pond,recover-20220804,001,1795
993.0465,993.0615,26328.0,29979.0,Echolocation,Nyctalus leisleri,0.269,0.363,-1,/mnt/ubna_data_01_mir/recover-20220804/UBNA_001/20220804_080000.WAV,Carp Pond,recover-20220804,001,1795
997.7055,997.7219,25468.0,29615.0,Echolocation,Nyctalus leisleri,0.366,0.505,-1,/mnt/ubna_data_01_mir/recover-20220804/UBNA_001/20220804_080000.WAV,Carp Pond,recover-20220804,001,1795
998.2025,998.2164,25468.0,29767.0,Echolocation,Nyctalus leisleri,0.267,0.395,-1,/mnt/ubna_data_01_mir/recover-20220804/UBNA_001/20220804_080000.WAV,Carp Pond,recover-20220804,001,1795
999.6655,999.678,26328.0,30308.0,Echolocation,Nyctalus leisleri,0.575,0.683,-1,/mnt/ubna_data_01_mir/recover-20220804/UBNA_001/20220804_080000.WAV,Carp Pond,recover-20220804,001,1795
1000.7645,1000.7783,26328.0,30135.0,Echolocation,Nyctalus leisleri,0.389,0.536,-1,/mnt/ubna_data_01_mir/recover-20220804/UBNA_001/20220804_080000.WAV,Carp Pond,recover-20220804,001,1795
1001.0665,1001.0823,26328.0,29955.0,Echolocation,Nyctalus leisleri,0.279,0.373,-1,/mnt/ubna_data_01_mir/recover-20220804/UBNA_001/20220804_080000.WAV,Carp Pond,recover-20220804,001,1795
1008.8935,1008.91,22890.0,26731.0,Echolocation,Nyctalus leisleri,0.124,0.261,-1,/mnt/ubna_data_01_mir/recover-20220804/UBNA_001/20220804_080000.WAV,Carp Pond,recover-20220804,001,1795
1055.9345,1055.9541,25468.0,28193.0,Echolocation,Nyctalus leisleri,0.312,0.386,-1,/mnt/ubna_data_01_mir/recover-20220804/UBNA_001/20220804_080000.WAV,Carp Pond,recover-20220804,001,1795
1056.5805,1056.5987,25468.0,29197.0,Echolocation,Nyctalus leisleri,0.25,0.327,-1,/mnt/ubna_data_01_mir/recover-20220804/UBNA_001/20220804_080000.WAV,Carp Pond,recover-20220804,001,1795
1058.0155,1058.0325,25468.0,29294.0,Echolocation,Nyctalus leisleri,0.339,0.452,-1,/mnt/ubna_data_01_mir/recover-20220804/UBNA_001/20220804_080000.WAV,Carp Pond,recover-20220804,001,1795
1058.7765,1058.7955,25468.0,28983.0,Echolocation,Nyctalus leisleri,0.325,0.396,-1,/mnt/ubna_data_01_mir/recover-20220804/UBNA_001/20220804_080000.WAV,Carp Pond,recover-20220804,001,1795
1059.5265,1059.5409,25468.0,28734.0,Echolocation,Nyctalus leisleri,0.338,0.43,-1,/mnt/ubna_data_01_mir/recover-20220804/UBNA_001/20220804_080000.WAV,Carp Pond,recover-20220804,001,1795
1060.0345,1060.0571,25468.0,28704.0,Echolocation,Nyctalus leisleri,0.182,0.237,-1,/mnt/ubna_data_01_mir/recover-20220804/UBNA_001/20220804_080000.WAV,Carp Pond,recover-20220804,001,1795
1060.6835,1060.7046,25468.0,28347.0,Echolocation,Nyctalus leisleri,0.251,0.309,-1,/mnt/ubna_data_01_mir/recover-20220804/UBNA_001/20220804_080000.WAV,Carp Pond,recover-20220804,001,1795
1060.9405,1060.9579,25468.0,28913.0,Echolocation,Nyctalus leisleri,0.589,0.642,-1,/mnt/ubna_data_01_mir/recover-20220804/UBNA_001/20220804_080000.WAV,Carp Pond,recover-20220804,001,1795
1061.8125,1061.8279,26328.0,28724.0,Echolocation,Nyctalus leisleri,0.327,0.417,-1,/mnt/ubna_data_01_mir/recover-20220804/UBNA_001/20220804_080000.WAV,Carp Pond,recover-20220804,001,1795
1062.1745,1062.193,25468.0,28874.0,Echolocation,Nyctalus leisleri,0.15,0.224,-1,/mnt/ubna_data_01_mir/recover-20220804/UBNA_001/20220804_080000.WAV,Carp Pond,recover-20220804,001,1795
1062.4445,1062.463,25468.0,28070.0,Echolocation,Nyctalus leisleri,0.519,0.58,-1,/mnt/ubna_data_01_mir/recover-20220804/UBNA_001/20220804_080000.WAV,Carp Pond,recover-20220804,001,1795
1063.0875,1063.106,25468.0,28111.0,Echolocation,Nyctalus leisleri,0.413,0.474,-1,/mnt/ubna_data_01_mir/recover-20220804/UBNA_001/20220804_080000.WAV,Carp Pond,recover-20220804,001,1795
1063.8615,1063.8851,24609.0,28082.0,Echolocation,Nyctalus leisleri,0.197,0.273,-1,/mnt/ubna_data_01_mir/recover-20220804/UBNA_001/20220804_080000.WAV,Carp Pond,recover-20220804,001,1795
1064.4005,1064.4178,25468.0,28388.0,Echolocation,Nyctalus leisleri,0.405,0.463,-1,/mnt/ubna_data_01_mir/recover-20220804/UBNA_001/20220804_080000.WAV,Carp Pond,recover-20220804,001,1795
1064.6345,1064.6517,25468.0,29926.0,Echolocation,Nyctalus leisleri,0.294,0.429,-1,/mnt/ubna_data_01_mir/recover-20220804/UBNA_001/20220804_080000.WAV,Carp Pond,recover-20220804,001,1795
1065.1955,1065.2153,25468.0,28503.0,Echolocation,Nyctalus leisleri,0.384,0.469,-1,/mnt/ubna_data_01_mir/recover-20220804/UBNA_001/20220804_080000.WAV,Carp Pond,recover-20220804,001,1795
1065.4635,1065.4836,25468.0,29067.0,Echolocation,Nyctalus leisleri,0.166,0.249,-1,/mnt/ubna_data_01_mir/recover-20220804/UBNA_001/20220804_080000.WAV,Carp Pond,recover-20220804,001,1795
1066.4995,1066.5157,25468.0,30057.0,Echolocation,Nyctalus leisleri,0.365,0.494,-1,/mnt/ubna_data_01_mir/recover-20220804/UBNA_001/20220804_080000.WAV,Carp Pond,recover-20220804,001,1795
1067.1375,1067.156,26328.0,30397.0,Echolocation,Nyctalus leisleri,0.224,0.411,-1,/mnt/ubna_data_01_mir/recover-20220804/UBNA_001/20220804_080000.WAV,Carp Pond,recover-20220804,001,1795
1067.7815,1067.798,25468.0,28980.0,Echolocation,Nyctalus leisleri,0.389,0.466,-1,/mnt/ubna_data_01_mir/recover-20220804/UBNA_001/20220804_080000.WAV,Carp Pond,recover-20220804,001,1795
1068.1595,1068.1788999999999,25468.0,29283.0,Echolocation,Nyctalus leisleri,0.4,0.484,-1,/mnt/ubna_data_01_mir/recover-20220804/UBNA_001/20220804_080000.WAV,Carp Pond,recover-20220804,001,1795
1069.3465,1069.3611,24609.0,29356.0,Echolocation,Nyctalus leisleri,0.207,0.317,-1,/mnt/ubna_data_01_mir/recover-20220804/UBNA_001/20220804_080000.WAV,Carp Pond,recover-20220804,001,1795
1069.6015,1069.619,25468.0,28672.0,Echolocation,Nyctalus leisleri,0.453,0.535,-1,/mnt/ubna_data_01_mir/recover-20220804/UBNA_001/20220804_080000.WAV,Carp Pond,recover-20220804,001,1795
1070.3465,1070.3637,25468.0,28720.0,Echolocation,Nyctalus leisleri,0.496,0.562,-1,/mnt/ubna_data_01_mir/recover-20220804/UBNA_001/20220804_080000.WAV,Carp Pond,recover-20220804,001,1795
1071.1105,1071.1273,25468.0,29526.0,Echolocation,Nyctalus leisleri,0.262,0.396,-1,/mnt/ubna_data_01_mir/recover-20220804/UBNA_001/20220804_080000.WAV,Carp Pond,recover-20220804,001,1795
1071.7645,1071.7805,25468.0,28851.0,Echolocation,Nyctalus leisleri,0.382,0.508,-1,/mnt/ubna_data_01_mir/recover-20220804/UBNA_001/20220804_080000.WAV,Carp Pond,recover-20220804,001,1795
1072.4365,1072.453,25468.0,28498.0,Echolocation,Nyctalus leisleri,0.636,0.688,-1,/mnt/ubna_data_01_mir/recover-20220804/UBNA_001/20220804_080000.WAV,Carp Pond,recover-20220804,001,1795
1072.7145,1072.7341,25468.0,28611.0,Echolocation,Nyctalus leisleri,0.344,0.397,-1,/mnt/ubna_data_01_mir/recover-20220804/UBNA_001/20220804_080000.WAV,Carp Pond,recover-20220804,001,1795
1072.9845,1073.0026,25468.0,27951.0,Echolocation,Nyctalus leisleri,0.582,0.628,-1,/mnt/ubna_data_01_mir/recover-20220804/UBNA_001/20220804_080000.WAV,Carp Pond,recover-20220804,001,1795
1073.5195,1073.5374,25468.0,28111.0,Echolocation,Nyctalus leisleri,0.319,0.397,-1,/mnt/ubna_data_01_mir/recover-20220804/UBNA_001/20220804_080000.WAV,Carp Pond,recover-20220804,001,1795
1074.1725,1074.1912,25468.0,27541.0,Echolocation,Nyctalus leisleri,0.509,0.553,-1,/mnt/ubna_data_01_mir/recover-20220804/UBNA_001/20220804_080000.WAV,Carp Pond,recover-20220804,001,1795
1074.8205,1074.8377,25468.0,28099.0,Echolocation,Nyctalus leisleri,0.562,0.634,-1,/mnt/ubna_data_01_mir/recover-20220804/UBNA_001/20220804_080000.WAV,Carp Pond,recover-20220804,001,1795
1074.9005,1074.912,22890.0,28901.0,Echolocation,Nyctalus leisleri,0.076,0.215,-1,/mnt/ubna_data_01_mir/recover-20220804/UBNA_001/20220804_080000.WAV,Carp Pond,recover-20220804,001,1795
1075.5605,1075.58,25468.0,28086.0,Echolocation,Nyctalus leisleri,0.423,0.485,-1,/mnt/ubna_data_01_mir/recover-20220804/UBNA_001/20220804_080000.WAV,Carp Pond,recover-20220804,001,1795
1076.3055,1076.3255,25468.0,28415.0,Echolocation,Nyctalus leisleri,0.155,0.21,-1,/mnt/ubna_data_01_mir/recover-20220804/UBNA_001/20220804_080000.WAV,Carp Pond,recover-20220804,001,1795
1076.5745,1076.5928,25468.0,28001.0,Echolocation,Nyctalus leisleri,0.526,0.57,-1,/mnt/ubna_data_01_mir/recover-20220804/UBNA_001/20220804_080000.WAV,Carp Pond,recover-20220804,001,1795
1077.0745,1077.0947,24609.0,28313.0,Echolocation,Nyctalus leisleri,0.136,0.218,-1,/mnt/ubna_data_01_mir/recover-20220804/UBNA_001/20220804_080000.WAV,Carp Pond,recover-20220804,001,1795
1077.3335,1077.3492,25468.0,28521.0,Echolocation,Nyctalus leisleri,0.477,0.575,-1,/mnt/ubna_data_01_mir/recover-20220804/UBNA_001/20220804_080000.WAV,Carp Pond,recover-20220804,001,1795
1077.3345,1077.3558,50390.0,53971.0,Echolocation,Pipistrellus pygmaeus,0.169,0.213,-1,/mnt/ubna_data_01_mir/recover-20220804/UBNA_001/20220804_080000.WAV,Carp Pond,recover-20220804,001,1795
1077.9675,1077.9862,25468.0,27578.0,Echolocation,Nyctalus leisleri,0.544,0.587,-1,/mnt/ubna_data_01_mir/recover-20220804/UBNA_001/20220804_080000.WAV,Carp Pond,recover-20220804,001,1795
1078.7085,1078.7239,25468.0,28033.0,Echolocation,Nyctalus leisleri,0.648,0.702,-1,/mnt/ubna_data_01_mir/recover-20220804/UBNA_001/20220804_080000.WAV,Carp Pond,recover-20220804,001,1795
1078.9675,1078.9827,25468.0,29516.0,Echolocation,Nyctalus leisleri,0.643,0.698,-1,/mnt/ubna_data_01_mir/recover-20220804/UBNA_001/20220804_080000.WAV,Carp Pond,recover-20220804,001,1795
1079.3275,1079.3391,51250.0,54643.0,Echolocation,Pipistrellus pipistrellus,0.233,0.467,-1,/mnt/ubna_data_01_mir/recover-20220804/UBNA_001/20220804_080000.WAV,Carp Pond,recover-20220804,001,1795
1079.3285,1079.3468,25468.0,26529.0,Echolocation,Nyctalus leisleri,0.584,0.624,-1,/mnt/ubna_data_01_mir/recover-20220804/UBNA_001/20220804_080000.WAV,Carp Pond,recover-20220804,001,1795
1079.4805,1079.4934,25468.0,30908.0,Echolocation,Nyctalus leisleri,0.386,0.646,-1,/mnt/ubna_data_01_mir/recover-20220804/UBNA_001/20220804_080000.WAV,Carp Pond,recover-20220804,001,1795
1079.7195,1079.735,25468.0,28872.0,Echolocation,Nyctalus leisleri,0.696,0.745,-1,/mnt/ubna_data_01_mir/recover-20220804/UBNA_001/20220804_080000.WAV,Carp Pond,recover-20220804,001,1795
1080.0845,1080.1031,25468.0,27834.0,Echolocation,Nyctalus leisleri,0.477,0.511,-1,/mnt/ubna_data_01_mir/recover-20220804/UBNA_001/20220804_080000.WAV,Carp Pond,recover-20220804,001,1795
1080.2165,1080.231,26328.0,30389.0,Echolocation,Nyctalus leisleri,0.402,0.636,-1,/mnt/ubna_data_01_mir/recover-20220804/UBNA_001/20220804_080000.WAV,Carp Pond,recover-20220804,001,1795
1080.4475,1080.4624,25468.0,30243.0,Echolocation,Nyctalus leisleri,0.515,0.682,-1,/mnt/ubna_data_01_mir/recover-20220804/UBNA_001/20220804_080000.WAV,Carp Pond,recover-20220804,001,1795
1080.4485,1080.4641,52109.0,55671.0,Echolocation,Pipistrellus pygmaeus,0.131,0.202,-1,/mnt/ubna_data_01_mir/recover-20220804/UBNA_001/20220804_080000.WAV,Carp Pond,recover-20220804,001,1795
1080.6985,1080.7145,25468.0,28871.0,Echolocation,Nyctalus leisleri,0.479,0.546,-1,/mnt/ubna_data_01_mir/recover-20220804/UBNA_001/20220804_080000.WAV,Carp Pond,recover-20220804,001,1795
1080.9605,1080.9752,25468.0,28912.0,Echolocation,Nyctalus leisleri,0.561,0.702,-1,/mnt/ubna_data_01_mir/recover-20220804/UBNA_001/20220804_080000.WAV,Carp Pond,recover-20220804,001,1795
1080.9615,1080.9766,52109.0,55037.0,Echolocation,Pipistrellus pygmaeus,0.18,0.341,-1,/mnt/ubna_data_01_mir/recover-20220804/UBNA_001/20220804_080000.WAV,Carp Pond,recover-20220804,001,1795
1081.2125,1081.2287,25468.0,28998.0,Echolocation,Nyctalus leisleri,0.53,0.653,-1,/mnt/ubna_data_01_mir/recover-20220804/UBNA_001/20220804_080000.WAV,Carp Pond,recover-20220804,001,1795
1081.2135,1081.2282,52109.0,55759.0,Echolocation,Pipistrellus pygmaeus,0.357,0.402,-1,/mnt/ubna_data_01_mir/recover-20220804/UBNA_001/20220804_080000.WAV,Carp Pond,recover-20220804,001,1795
1081.5715,1081.5857,26328.0,29185.0,Echolocation,Nyctalus leisleri,0.401,0.476,-1,/mnt/ubna_data_01_mir/recover-20220804/UBNA_001/20220804_080000.WAV,Carp Pond,recover-20220804,001,1795
1081.7265,1081.7412,26328.0,30494.0,Echolocation,Nyctalus leisleri,0.543,0.681,-1,/mnt/ubna_data_01_mir/recover-20220804/UBNA_001/20220804_080000.WAV,Carp Pond,recover-20220804,001,1795
1081.7285,1081.7407,52968.0,55657.0,Echolocation,Pipistrellus pygmaeus,0.238,0.37,-1,/mnt/ubna_data_01_mir/recover-20220804/UBNA_001/20220804_080000.WAV,Carp Pond,recover-20220804,001,1795
1081.9675,1081.9806,25468.0,29150.0,Echolocation,Nyctalus leisleri,0.426,0.551,-1,/mnt/ubna_data_01_mir/recover-20220804/UBNA_001/20220804_080000.WAV,Carp Pond,recover-20220804,001,1795
1082.2365,1082.2521,52109.0,55863.0,Echolocation,Pipistrellus pygmaeus,0.244,0.311,-1,/mnt/ubna_data_01_mir/recover-20220804/UBNA_001/20220804_080000.WAV,Carp Pond,recover-20220804,001,1795
1082.2375,1082.2511,25468.0,29050.0,Echolocation,Nyctalus leisleri,0.681,0.746,-1,/mnt/ubna_data_01_mir/recover-20220804/UBNA_001/20220804_080000.WAV,Carp Pond,recover-20220804,001,1795
1082.8705,1082.8849,25468.0,29327.0,Echolocation,Nyctalus leisleri,0.594,0.72,-1,/mnt/ubna_data_01_mir/recover-20220804/UBNA_001/20220804_080000.WAV,Carp Pond,recover-20220804,001,1795
1082.8715,1082.8856,52109.0,55092.0,Echolocation,Pipistrellus pygmaeus,0.185,0.256,-1,/mnt/ubna_data_01_mir/recover-20220804/UBNA_001/20220804_080000.WAV,Carp Pond,recover-20220804,001,1795
1083.3855,1083.3992,25468.0,29676.0,Echolocation,Nyctalus leisleri,0.585,0.691,-1,/mnt/ubna_data_01_mir/recover-20220804/UBNA_001/20220804_080000.WAV,Carp Pond,recover-20220804,001,1795
1083.8645,1083.8809,25468.0,29067.0,Echolocation,Nyctalus leisleri,0.603,0.673,-1,/mnt/ubna_data_01_mir/recover-20220804/UBNA_001/20220804_080000.WAV,Carp Pond,recover-20220804,001,1795
1084.3735,1084.3894,25468.0,29412.0,Echolocation,Nyctalus leisleri,0.53,0.62,-1,/mnt/ubna_data_01_mir/recover-20220804/UBNA_001/20220804_080000.WAV,Carp Pond,recover-20220804,001,1795
1085.0135,1085.0282,25468.0,29491.0,Echolocation,Nyctalus leisleri,0.53,0.626,-1,/mnt/ubna_data_01_mir/recover-20220804/UBNA_001/20220804_080000.WAV,Carp Pond,recover-20220804,001,1795
1085.6325,1085.6474,25468.0,28840.0,Echolocation,Nyctalus leisleri,0.587,0.692,-1,/mnt/ubna_data_01_mir/recover-20220804/UBNA_001/20220804_080000.WAV,Carp Pond,recover-20220804,001,1795
1085.8925,1085.9076,24609.0,28929.0,Echolocation,Nyctalus leisleri,0.165,0.264,-1,/mnt/ubna_data_01_mir/recover-20220804/UBNA_001/20220804_080000.WAV,Carp Pond,recover-20220804,001,1795
1086.1485,1086.1636,25468.0,28324.0,Echolocation,Nyctalus leisleri,0.643,0.711,-1,/mnt/ubna_data_01_mir/recover-20220804/UBNA_001/20220804_080000.WAV,Carp Pond,recover-20220804,001,1795
1086.3255,1086.3397,26328.0,30388.0,Echolocation,Nyctalus leisleri,0.487,0.639,-1,/mnt/ubna_data_01_mir/recover-20220804/UBNA_001/20220804_080000.WAV,Carp Pond,recover-20220804,001,1795
1086.5005,1086.5153,26328.0,29008.0,Echolocation,Nyctalus leisleri,0.316,0.386,-1,/mnt/ubna_data_01_mir/recover-20220804/UBNA_001/20220804_080000.WAV,Carp Pond,recover-20220804,001,1795
1086.6455,1086.6598,25468.0,29304.0,Echolocation,Nyctalus leisleri,0.221,0.319,-1,/mnt/ubna_data_01_mir/recover-20220804/UBNA_001/20220804_080000.WAV,Carp Pond,recover-20220804,001,1795
1086.8785,1086.8931,25468.0,28328.0,Echolocation,Nyctalus leisleri,0.521,0.645,-1,/mnt/ubna_data_01_mir/recover-20220804/UBNA_001/20220804_080000.WAV,Carp Pond,recover-20220804,001,1795
1087.1155,1087.131,25468.0,28418.0,Echolocation,Nyctalus leisleri,0.514,0.601,-1,/mnt/ubna_data_01_mir/recover-20220804/UBNA_001/20220804_080000.WAV,Carp Pond,recover-20220804,001,1795
1087.3295,1087.3449,25468.0,29357.0,Echolocation,Nyctalus leisleri,0.44,0.566,-1,/mnt/ubna_data_01_mir/recover-20220804/UBNA_001/20220804_080000.WAV,Carp Pond,recover-20220804,001,1795
1087.4515,1087.4683,25468.0,29288.0,Echolocation,Nyctalus leisleri,0.222,0.315,-1,/mnt/ubna_data_01_mir/recover-20220804/UBNA_001/20220804_080000.WAV,Carp Pond,recover-20220804,001,1795
1087.6695,1087.6832,26328.0,29134.0,Echolocation,Nyctalus leisleri,0.467,0.595,-1,/mnt/ubna_data_01_mir/recover-20220804/UBNA_001/20220804_080000.WAV,Carp Pond,recover-20220804,001,1795
1087.7805,1087.7935,25468.0,30131.0,Echolocation,Nyctalus leisleri,0.454,0.586,-1,/mnt/ubna_data_01_mir/recover-20220804/UBNA_001/20220804_080000.WAV,Carp Pond,recover-20220804,001,1795
1088.3165,1088.328,26328.0,31806.0,Echolocation,Nyctalus leisleri,0.571,0.711,-1,/mnt/ubna_data_01_mir/recover-20220804/UBNA_001/20220804_080000.WAV,Carp Pond,recover-20220804,001,1795
1089.2045,1089.2166,26328.0,30915.0,Echolocation,Nyctalus leisleri,0.412,0.595,-1,/mnt/ubna_data_01_mir/recover-20220804/UBNA_001/20220804_080000.WAV,Carp Pond,recover-20220804,001,1795
1089.4625,1089.4759,26328.0,30860.0,Echolocation,Nyctalus leisleri,0.371,0.589,-1,/mnt/ubna_data_01_mir/recover-20220804/UBNA_001/20220804_080000.WAV,Carp Pond,recover-20220804,001,1795
1089.9605,1089.974,25468.0,30594.0,Echolocation,Nyctalus leisleri,0.454,0.649,-1,/mnt/ubna_data_01_mir/recover-20220804/UBNA_001/20220804_080000.WAV,Carp Pond,recover-20220804,001,1795
1090.2425,1090.2578,25468.0,29290.0,Echolocation,Nyctalus leisleri,0.25,0.368,-1,/mnt/ubna_data_01_mir/recover-20220804/UBNA_001/20220804_080000.WAV,Carp Pond,recover-20220804,001,1795
1090.4275,1090.4413,26328.0,30501.0,Echolocation,Nyctalus leisleri,0.441,0.584,-1,/mnt/ubna_data_01_mir/recover-20220804/UBNA_001/20220804_080000.WAV,Carp Pond,recover-20220804,001,1795
1091.0835,1091.0959,26328.0,29876.0,Echolocation,Nyctalus leisleri,0.524,0.651,-1,/mnt/ubna_data_01_mir/recover-20220804/UBNA_001/20220804_080000.WAV,Carp Pond,recover-20220804,001,1795
1091.5615,1091.5761,26328.0,30275.0,Echolocation,Nyctalus leisleri,0.168,0.268,-1,/mnt/ubna_data_01_mir/recover-20220804/UBNA_001/20220804_080000.WAV,Carp Pond,recover-20220804,001,1795
1092.1925,1092.2124,26328.0,29474.0,Echolocation,Nyctalus leisleri,0.275,0.364,-1,/mnt/ubna_data_01_mir/recover-20220804/UBNA_001/20220804_080000.WAV,Carp Pond,recover-20220804,001,1795
1092.8645,1092.8784,26328.0,30085.0,Echolocation,Nyctalus leisleri,0.313,0.417,-1,/mnt/ubna_data_01_mir/recover-20220804/UBNA_001/20220804_080000.WAV,Carp Pond,recover-20220804,001,1795
1093.5945,1093.6113,26328.0,30088.0,Echolocation,Nyctalus leisleri,0.192,0.32,-1,/mnt/ubna_data_01_mir/recover-20220804/UBNA_001/20220804_080000.WAV,Carp Pond,recover-20220804,001,1795
1094.1755,1094.1948,26328.0,29209.0,Echolocation,Nyctalus leisleri,0.25,0.319,-1,/mnt/ubna_data_01_mir/recover-20220804/UBNA_001/20220804_080000.WAV,Carp Pond,recover-20220804,001,1795
1094.6975,1094.7128,25468.0,29869.0,Echolocation,Nyctalus leisleri,0.37,0.563,-1,/mnt/ubna_data_01_mir/recover-20220804/UBNA_001/20220804_080000.WAV,Carp Pond,recover-20220804,001,1795
1095.0765,1095.0948,26328.0,30258.0,Echolocation,Nyctalus leisleri,0.151,0.232,-1,/mnt/ubna_data_01_mir/recover-20220804/UBNA_001/20220804_080000.WAV,Carp Pond,recover-20220804,001,1795
1095.2595,1095.2744,25468.0,30328.0,Echolocation,Nyctalus leisleri,0.369,0.589,-1,/mnt/ubna_data_01_mir/recover-20220804/UBNA_001/20220804_080000.WAV,Carp Pond,recover-20220804,001,1795
1095.6635,1095.677,25468.0,30389.0,Echolocation,Nyctalus leisleri,0.438,0.659,-1,/mnt/ubna_data_01_mir/recover-20220804/UBNA_001/20220804_080000.WAV,Carp Pond,recover-20220804,001,1795
1095.9325,1095.9437,24609.0,29892.0,Echolocation,Eptesicus serotinus,0.103,0.241,-1,/mnt/ubna_data_01_mir/recover-20220804/UBNA_001/20220804_080000.WAV,Carp Pond,recover-20220804,001,1795
1096.1875,1096.2008,25468.0,30163.0,Echolocation,Nyctalus leisleri,0.513,0.647,-1,/mnt/ubna_data_01_mir/recover-20220804/UBNA_001/20220804_080000.WAV,Carp Pond,recover-20220804,001,1795
1096.6505,1096.6652,25468.0,32140.0,Echolocation,Nyctalus leisleri,0.266,0.577,-1,/mnt/ubna_data_01_mir/recover-20220804/UBNA_001/20220804_080000.WAV,Carp Pond,recover-20220804,001,1795
1096.8835,1096.897,25468.0,30431.0,Echolocation,Nyctalus leisleri,0.488,0.663,-1,/mnt/ubna_data_01_mir/recover-20220804/UBNA_001/20220804_080000.WAV,Carp Pond,recover-20220804,001,1795
1097.0775,1097.0923,26328.0,32266.0,Echolocation,Nyctalus leisleri,0.29,0.609,-1,/mnt/ubna_data_01_mir/recover-20220804/UBNA_001/20220804_080000.WAV,Carp Pond,recover-20220804,001,1795
1097.5785,1097.5922,25468.0,30611.0,Echolocation,Nyctalus leisleri,0.511,0.707,-1,/mnt/ubna_data_01_mir/recover-20220804/UBNA_001/20220804_080000.WAV,Carp Pond,recover-20220804,001,1795
1097.8635,1097.878,26328.0,29474.0,Echolocation,Nyctalus leisleri,0.475,0.606,-1,/mnt/ubna_data_01_mir/recover-20220804/UBNA_001/20220804_080000.WAV,Carp Pond,recover-20220804,001,1795
1098.0435,1098.0575,25468.0,30203.0,Echolocation,Nyctalus leisleri,0.442,0.599,-1,/mnt/ubna_data_01_mir/recover-20220804/UBNA_001/20220804_080000.WAV,Carp Pond,recover-20220804,001,1795
1098.2765,1098.2932,25468.0,29229.0,Echolocation,Nyctalus leisleri,0.367,0.44,-1,/mnt/ubna_data_01_mir/recover-20220804/UBNA_001/20220804_080000.WAV,Carp Pond,recover-20220804,001,1795
1098.5125,1098.5275,26328.0,29426.0,Echolocation,Nyctalus leisleri,0.436,0.579,-1,/mnt/ubna_data_01_mir/recover-20220804/UBNA_001/20220804_080000.WAV,Carp Pond,recover-20220804,001,1795
1098.6955,1098.7099,26328.0,30551.0,Echolocation,Nyctalus leisleri,0.413,0.626,-1,/mnt/ubna_data_01_mir/recover-20220804/UBNA_001/20220804_080000.WAV,Carp Pond,recover-20220804,001,1795
1099.2935,1099.3076,26328.0,31143.0,Echolocation,Nyctalus leisleri,0.375,0.566,-1,/mnt/ubna_data_01_mir/recover-20220804/UBNA_001/20220804_080000.WAV,Carp Pond,recover-20220804,001,1795
1099.6805,1099.6991,25468.0,28935.0,Echolocation,Nyctalus leisleri,0.254,0.349,-1,/mnt/ubna_data_01_mir/recover-20220804/UBNA_001/20220804_080000.WAV,Carp Pond,recover-20220804,001,1795
1099.9585,1099.9724,25468.0,29527.0,Echolocation,Nyctalus leisleri,0.55,0.68,-1,/mnt/ubna_data_01_mir/recover-20220804/UBNA_001/20220804_080000.WAV,Carp Pond,recover-20220804,001,1795
1100.1275,1100.142,26328.0,30383.0,Echolocation,Nyctalus leisleri,0.413,0.666,-1,/mnt/ubna_data_01_mir/recover-20220804/UBNA_001/20220804_080000.WAV,Carp Pond,recover-20220804,001,1795
1100.4945,1100.5131,26328.0,29478.0,Echolocation,Nyctalus leisleri,0.273,0.354,-1,/mnt/ubna_data_01_mir/recover-20220804/UBNA_001/20220804_080000.WAV,Carp Pond,recover-20220804,001,1795
1100.7515,1100.7694,25468.0,29824.0,Echolocation,Nyctalus leisleri,0.414,0.579,-1,/mnt/ubna_data_01_mir/recover-20220804/UBNA_001/20220804_080000.WAV,Carp Pond,recover-20220804,001,1795
1101.4105,1101.4236,26328.0,30344.0,Echolocation,Nyctalus leisleri,0.52,0.626,-1,/mnt/ubna_data_01_mir/recover-20220804/UBNA_001/20220804_080000.WAV,Carp Pond,recover-20220804,001,1795
1101.9715,1101.9879,25468.0,29787.0,Echolocation,Nyctalus leisleri,0.434,0.597,-1,/mnt/ubna_data_01_mir/recover-20220804/UBNA_001/20220804_080000.WAV,Carp Pond,recover-20220804,001,1795
1102.1095,1102.1246,26328.0,29755.0,Echolocation,Nyctalus leisleri,0.158,0.226,-1,/mnt/ubna_data_01_mir/recover-20220804/UBNA_001/20220804_080000.WAV,Carp Pond,recover-20220804,001,1795
1102.3535,1102.3675,26328.0,29477.0,Echolocation,Nyctalus leisleri,0.418,0.561,-1,/mnt/ubna_data_01_mir/recover-20220804/UBNA_001/20220804_080000.WAV,Carp Pond,recover-20220804,001,1795
1102.8855,1102.9,25468.0,29164.0,Echolocation,Nyctalus leisleri,0.484,0.624,-1,/mnt/ubna_data_01_mir/recover-20220804/UBNA_001/20220804_080000.WAV,Carp Pond,recover-20220804,001,1795
1103.4235,1103.4378,26328.0,29622.0,Echolocation,Nyctalus leisleri,0.524,0.641,-1,/mnt/ubna_data_01_mir/recover-20220804/UBNA_001/20220804_080000.WAV,Carp Pond,recover-20220804,001,1795
1103.9515,1103.9678,25468.0,29580.0,Echolocation,Nyctalus leisleri,0.445,0.535,-1,/mnt/ubna_data_01_mir/recover-20220804/UBNA_001/20220804_080000.WAV,Carp Pond,recover-20220804,001,1795
1104.4365,1104.4529,25468.0,30164.0,Echolocation,Nyctalus leisleri,0.17,0.327,-1,/mnt/ubna_data_01_mir/recover-20220804/UBNA_001/20220804_080000.WAV,Carp Pond,recover-20220804,001,1795
1105.0675,1105.081,26328.0,29779.0,Echolocation,Nyctalus leisleri,0.409,0.512,-1,/mnt/ubna_data_01_mir/recover-20220804/UBNA_001/20220804_080000.WAV,Carp Pond,recover-20220804,001,1795
1105.2265,1105.2395,26328.0,30074.0,Echolocation,Nyctalus leisleri,0.471,0.584,-1,/mnt/ubna_data_01_mir/recover-20220804/UBNA_001/20220804_080000.WAV,Carp Pond,recover-20220804,001,1795
1105.3815,1105.3935,26328.0,31350.0,Echolocation,Nyctalus leisleri,0.453,0.605,-1,/mnt/ubna_data_01_mir/recover-20220804/UBNA_001/20220804_080000.WAV,Carp Pond,recover-20220804,001,1795
1105.8085,1105.8256,26328.0,29180.0,Echolocation,Nyctalus leisleri,0.302,0.371,-1,/mnt/ubna_data_01_mir/recover-20220804/UBNA_001/20220804_080000.WAV,Carp Pond,recover-20220804,001,1795
1106.5505,1106.5647,26328.0,30239.0,Echolocation,Nyctalus leisleri,0.349,0.479,-1,/mnt/ubna_data_01_mir/recover-20220804/UBNA_001/20220804_080000.WAV,Carp Pond,recover-20220804,001,1795
1106.9655,1106.9817,25468.0,29161.0,Echolocation,Nyctalus leisleri,0.125,0.221,-1,/mnt/ubna_data_01_mir/recover-20220804/UBNA_001/20220804_080000.WAV,Carp Pond,recover-20220804,001,1795
1107.6675,1107.6878,25468.0,29279.0,Echolocation,Nyctalus leisleri,0.138,0.223,-1,/mnt/ubna_data_01_mir/recover-20220804/UBNA_001/20220804_080000.WAV,Carp Pond,recover-20220804,001,1795
1108.1975,1108.2154,25468.0,29890.0,Echolocation,Nyctalus leisleri,0.326,0.457,-1,/mnt/ubna_data_01_mir/recover-20220804/UBNA_001/20220804_080000.WAV,Carp Pond,recover-20220804,001,1795
1108.7165,1108.7322,26328.0,29797.0,Echolocation,Nyctalus leisleri,0.374,0.472,-1,/mnt/ubna_data_01_mir/recover-20220804/UBNA_001/20220804_080000.WAV,Carp Pond,recover-20220804,001,1795
1109.0435,1109.0587,26328.0,29593.0,Echolocation,Nyctalus leisleri,0.336,0.446,-1,/mnt/ubna_data_01_mir/recover-20220804/UBNA_001/20220804_080000.WAV,Carp Pond,recover-20220804,001,1795
1109.6215,1109.6365,26328.0,30465.0,Echolocation,Nyctalus leisleri,0.16,0.261,-1,/mnt/ubna_data_01_mir/recover-20220804/UBNA_001/20220804_080000.WAV,Carp Pond,recover-20220804,001,1795
1111.0825,1111.0954,26328.0,30323.0,Echolocation,Nyctalus leisleri,0.274,0.4,-1,/mnt/ubna_data_01_mir/recover-20220804/UBNA_001/20220804_080000.WAV,Carp Pond,recover-20220804,001,1795
1113.8295,1113.8473,25468.0,28957.0,Echolocation,Nyctalus leisleri,0.18,0.262,-1,/mnt/ubna_data_01_mir/recover-20220804/UBNA_001/20220804_080000.WAV,Carp Pond,recover-20220804,001,1795
1124.6065,1124.6194,26328.0,30396.0,Echolocation,Nyctalus leisleri,0.271,0.414,-1,/mnt/ubna_data_01_mir/recover-20220804/UBNA_001/20220804_080000.WAV,Carp Pond,recover-20220804,001,1795
1125.9495,1125.9629,25468.0,31796.0,Echolocation,Eptesicus serotinus,0.2,0.399,-1,/mnt/ubna_data_01_mir/recover-20220804/UBNA_001/20220804_080000.WAV,Carp Pond,recover-20220804,001,1795
1126.5755,1126.5956,26328.0,29357.0,Echolocation,Nyctalus leisleri,0.132,0.201,-1,/mnt/ubna_data_01_mir/recover-20220804/UBNA_001/20220804_080000.WAV,Carp Pond,recover-20220804,001,1795
1127.2645,1127.2775,26328.0,31273.0,Echolocation,Nyctalus leisleri,0.234,0.42,-1,/mnt/ubna_data_01_mir/recover-20220804/UBNA_001/20220804_080000.WAV,Carp Pond,recover-20220804,001,1795
1127.9065,1127.9223,26328.0,30187.0,Echolocation,Nyctalus leisleri,0.335,0.435,-1,/mnt/ubna_data_01_mir/recover-20220804/UBNA_001/20220804_080000.WAV,Carp Pond,recover-20220804,001,1795
1128.4575,1128.4756,26328.0,30748.0,Echolocation,Nyctalus leisleri,0.203,0.362,-1,/mnt/ubna_data_01_mir/recover-20220804/UBNA_001/20220804_080000.WAV,Carp Pond,recover-20220804,001,1795
1129.0055,1129.0225,26328.0,29757.0,Echolocation,Nyctalus leisleri,0.416,0.554,-1,/mnt/ubna_data_01_mir/recover-20220804/UBNA_001/20220804_080000.WAV,Carp Pond,recover-20220804,001,1795
1129.6285,1129.6431,25468.0,29180.0,Echolocation,Nyctalus leisleri,0.275,0.412,-1,/mnt/ubna_data_01_mir/recover-20220804/UBNA_001/20220804_080000.WAV,Carp Pond,recover-20220804,001,1795
1130.7945,1130.8038,27187.0,33636.0,Echolocation,Nyctalus leisleri,0.323,0.624,-1,/mnt/ubna_data_01_mir/recover-20220804/UBNA_001/20220804_080000.WAV,Carp Pond,recover-20220804,001,1795
1130.8905,1130.9013,27187.0,33004.0,Echolocation,Eptesicus serotinus,0.229,0.4,-1,/mnt/ubna_data_01_mir/recover-20220804/UBNA_001/20220804_080000.WAV,Carp Pond,recover-20220804,001,1795
1131.1685,1131.1801,27187.0,33528.0,Echolocation,Eptesicus serotinus,0.229,0.399,-1,/mnt/ubna_data_01_mir/recover-20220804/UBNA_001/20220804_080000.WAV,Carp Pond,recover-20220804,001,1795
1131.5955,1131.6098,25468.0,29808.0,Echolocation,Nyctalus leisleri,0.587,0.696,-1,/mnt/ubna_data_01_mir/recover-20220804/UBNA_001/20220804_080000.WAV,Carp Pond,recover-20220804,001,1795
1132.2185,1132.2352,25468.0,29462.0,Echolocation,Nyctalus leisleri,0.403,0.507,-1,/mnt/ubna_data_01_mir/recover-20220804/UBNA_001/20220804_080000.WAV,Carp Pond,recover-20220804,001,1795
1132.6365,1132.6526,26328.0,30363.0,Echolocation,Nyctalus leisleri,0.152,0.252,-1,/mnt/ubna_data_01_mir/recover-20220804/UBNA_001/20220804_080000.WAV,Carp Pond,recover-20220804,001,1795
1133.1295,1133.1424,25468.0,30782.0,Echolocation,Nyctalus leisleri,0.486,0.67,-1,/mnt/ubna_data_01_mir/recover-20220804/UBNA_001/20220804_080000.WAV,Carp Pond,recover-20220804,001,1795
1133.3945,1133.4117,25468.0,28778.0,Echolocation,Nyctalus leisleri,0.25,0.324,-1,/mnt/ubna_data_01_mir/recover-20220804/UBNA_001/20220804_080000.WAV,Carp Pond,recover-20220804,001,1795
1133.7585,1133.7724,26328.0,30089.0,Echolocation,Nyctalus leisleri,0.399,0.542,-1,/mnt/ubna_data_01_mir/recover-20220804/UBNA_001/20220804_080000.WAV,Carp Pond,recover-20220804,001,1795
1134.3125,1134.3254,26328.0,30318.0,Echolocation,Nyctalus leisleri,0.525,0.651,-1,/mnt/ubna_data_01_mir/recover-20220804/UBNA_001/20220804_080000.WAV,Carp Pond,recover-20220804,001,1795
1134.5845,1134.6022,25468.0,29495.0,Echolocation,Nyctalus leisleri,0.222,0.313,-1,/mnt/ubna_data_01_mir/recover-20220804/UBNA_001/20220804_080000.WAV,Carp Pond,recover-20220804,001,1795
1134.8505,1134.8649,26328.0,29924.0,Echolocation,Nyctalus leisleri,0.398,0.562,-1,/mnt/ubna_data_01_mir/recover-20220804/UBNA_001/20220804_080000.WAV,Carp Pond,recover-20220804,001,1795
1135.2565,1135.274,25468.0,28755.0,Echolocation,Nyctalus leisleri,0.254,0.334,-1,/mnt/ubna_data_01_mir/recover-20220804/UBNA_001/20220804_080000.WAV,Carp Pond,recover-20220804,001,1795
1135.3925,1135.4057,26328.0,29635.0,Echolocation,Nyctalus leisleri,0.217,0.312,-1,/mnt/ubna_data_01_mir/recover-20220804/UBNA_001/20220804_080000.WAV,Carp Pond,recover-20220804,001,1795
1135.6345,1135.6482,25468.0,29921.0,Echolocation,Nyctalus leisleri,0.575,0.703,-1,/mnt/ubna_data_01_mir/recover-20220804/UBNA_001/20220804_080000.WAV,Carp Pond,recover-20220804,001,1795
1135.8955,1135.9132,25468.0,29298.0,Echolocation,Nyctalus leisleri,0.329,0.454,-1,/mnt/ubna_data_01_mir/recover-20220804/UBNA_001/20220804_080000.WAV,Carp Pond,recover-20220804,001,1795
1136.1535,1136.1681,25468.0,30496.0,Echolocation,Nyctalus leisleri,0.451,0.657,-1,/mnt/ubna_data_01_mir/recover-20220804/UBNA_001/20220804_080000.WAV,Carp Pond,recover-20220804,001,1795
1136.4095,1136.426,26328.0,30317.0,Echolocation,Nyctalus leisleri,0.229,0.343,-1,/mnt/ubna_data_01_mir/recover-20220804/UBNA_001/20220804_080000.WAV,Carp Pond,recover-20220804,001,1795
1136.6735,1136.688,25468.0,30204.0,Echolocation,Nyctalus leisleri,0.451,0.646,-1,/mnt/ubna_data_01_mir/recover-20220804/UBNA_001/20220804_080000.WAV,Carp Pond,recover-20220804,001,1795
1137.2965,1137.3119,25468.0,29105.0,Echolocation,Nyctalus leisleri,0.546,0.672,-1,/mnt/ubna_data_01_mir/recover-20220804/UBNA_001/20220804_080000.WAV,Carp Pond,recover-20220804,001,1795
1137.4465,1137.4603,26328.0,30250.0,Echolocation,Nyctalus leisleri,0.455,0.632,-1,/mnt/ubna_data_01_mir/recover-20220804/UBNA_001/20220804_080000.WAV,Carp Pond,recover-20220804,001,1795
1137.8515,1137.8686,26328.0,29380.0,Echolocation,Nyctalus leisleri,0.305,0.404,-1,/mnt/ubna_data_01_mir/recover-20220804/UBNA_001/20220804_080000.WAV,Carp Pond,recover-20220804,001,1795
1138.2575,1138.2707,26328.0,31000.0,Echolocation,Nyctalus leisleri,0.429,0.6,-1,/mnt/ubna_data_01_mir/recover-20220804/UBNA_001/20220804_080000.WAV,Carp Pond,recover-20220804,001,1795
1138.6315,1138.6522,26328.0,30089.0,Echolocation,Nyctalus leisleri,0.252,0.37,-1,/mnt/ubna_data_01_mir/recover-20220804/UBNA_001/20220804_080000.WAV,Carp Pond,recover-20220804,001,1795
1139.2855,1139.2962,26328.0,33030.0,Echolocation,Nyctalus leisleri,0.395,0.665,-1,/mnt/ubna_data_01_mir/recover-20220804/UBNA_001/20220804_080000.WAV,Carp Pond,recover-20220804,001,1795
1139.7955,1139.815,25468.0,30098.0,Echolocation,Nyctalus leisleri,0.261,0.376,-1,/mnt/ubna_data_01_mir/recover-20220804/UBNA_001/20220804_080000.WAV,Carp Pond,recover-20220804,001,1795
1140.0565,1140.0689,25468.0,29409.0,Echolocation,Nyctalus leisleri,0.264,0.374,-1,/mnt/ubna_data_01_mir/recover-20220804/UBNA_001/20220804_080000.WAV,Carp Pond,recover-20220804,001,1795
1140.5595,1140.5721,26328.0,31672.0,Echolocation,Eptesicus serotinus,0.171,0.27,-1,/mnt/ubna_data_01_mir/recover-20220804/UBNA_001/20220804_080000.WAV,Carp Pond,recover-20220804,001,1795
1141.0935,1141.1075,25468.0,29891.0,Echolocation,Nyctalus leisleri,0.34,0.471,-1,/mnt/ubna_data_01_mir/recover-20220804/UBNA_001/20220804_080000.WAV,Carp Pond,recover-20220804,001,1795
1141.3635,1141.383,25468.0,28805.0,Echolocation,Nyctalus leisleri,0.175,0.23,-1,/mnt/ubna_data_01_mir/recover-20220804/UBNA_001/20220804_080000.WAV,Carp Pond,recover-20220804,001,1795
1150.5785,1150.593,23750.0,26564.0,Echolocation,Nyctalus leisleri,0.437,0.487,-1,/mnt/ubna_data_01_mir/recover-20220804/UBNA_001/20220804_080000.WAV,Carp Pond,recover-20220804,001,1795
1211.9605,1211.9759,26328.0,29287.0,Echolocation,Nyctalus leisleri,0.277,0.374,-1,/mnt/ubna_data_01_mir/recover-20220804/UBNA_001/20220804_080000.WAV,Carp Pond,recover-20220804,001,1795
1212.5875,1212.6044,26328.0,29658.0,Echolocation,Nyctalus leisleri,0.258,0.333,-1,/mnt/ubna_data_01_mir/recover-20220804/UBNA_001/20220804_080000.WAV,Carp Pond,recover-20220804,001,1795
1213.0205,1213.0387,26328.0,29826.0,Echolocation,Nyctalus leisleri,0.207,0.297,-1,/mnt/ubna_data_01_mir/recover-20220804/UBNA_001/20220804_080000.WAV,Carp Pond,recover-20220804,001,1795
1213.5255,1213.5461,26328.0,30165.0,Echolocation,Nyctalus leisleri,0.128,0.253,-1,/mnt/ubna_data_01_mir/recover-20220804/UBNA_001/20220804_080000.WAV,Carp Pond,recover-20220804,001,1795
1214.1705,1214.1905,26328.0,29797.0,Echolocation,Nyctalus leisleri,0.187,0.272,-1,/mnt/ubna_data_01_mir/recover-20220804/UBNA_001/20220804_080000.WAV,Carp Pond,recover-20220804,001,1795
1214.5455,1214.5669,25468.0,28569.0,Echolocation,Nyctalus leisleri,0.17,0.22,-1,/mnt/ubna_data_01_mir/recover-20220804/UBNA_001/20220804_080000.WAV,Carp Pond,recover-20220804,001,1795
1215.0655,1215.0814,25468.0,29225.0,Echolocation,Nyctalus leisleri,0.268,0.339,-1,/mnt/ubna_data_01_mir/recover-20220804/UBNA_001/20220804_080000.WAV,Carp Pond,recover-20220804,001,1795
1215.6945,1215.7111,25468.0,29035.0,Echolocation,Nyctalus leisleri,0.348,0.447,-1,/mnt/ubna_data_01_mir/recover-20220804/UBNA_001/20220804_080000.WAV,Carp Pond,recover-20220804,001,1795
1216.3275,1216.3451,25468.0,28539.0,Echolocation,Nyctalus leisleri,0.361,0.444,-1,/mnt/ubna_data_01_mir/recover-20220804/UBNA_001/20220804_080000.WAV,Carp Pond,recover-20220804,001,1795
1216.8165,1216.8335,25468.0,29364.0,Echolocation,Nyctalus leisleri,0.318,0.458,-1,/mnt/ubna_data_01_mir/recover-20220804/UBNA_001/20220804_080000.WAV,Carp Pond,recover-20220804,001,1795
1217.3395,1217.358,25468.0,29561.0,Echolocation,Nyctalus leisleri,0.327,0.457,-1,/mnt/ubna_data_01_mir/recover-20220804/UBNA_001/20220804_080000.WAV,Carp Pond,recover-20220804,001,1795
1217.9475,1217.9654,25468.0,28866.0,Echolocation,Nyctalus leisleri,0.375,0.444,-1,/mnt/ubna_data_01_mir/recover-20220804/UBNA_001/20220804_080000.WAV,Carp Pond,recover-20220804,001,1795
1218.4725,1218.4878,25468.0,28495.0,Echolocation,Nyctalus leisleri,0.441,0.521,-1,/mnt/ubna_data_01_mir/recover-20220804/UBNA_001/20220804_080000.WAV,Carp Pond,recover-20220804,001,1795
1218.9955,1219.011,25468.0,28732.0,Echolocation,Nyctalus leisleri,0.485,0.58,-1,/mnt/ubna_data_01_mir/recover-20220804/UBNA_001/20220804_080000.WAV,Carp Pond,recover-20220804,001,1795
1219.7455,1219.7601,25468.0,28750.0,Echolocation,Nyctalus leisleri,0.509,0.626,-1,/mnt/ubna_data_01_mir/recover-20220804/UBNA_001/20220804_080000.WAV,Carp Pond,recover-20220804,001,1795
1220.5235,1220.5359,26328.0,30317.0,Echolocation,Nyctalus leisleri,0.298,0.42,-1,/mnt/ubna_data_01_mir/recover-20220804/UBNA_001/20220804_080000.WAV,Carp Pond,recover-20220804,001,1795
1221.6995,1221.7146,25468.0,29823.0,Echolocation,Nyctalus leisleri,0.19,0.302,-1,/mnt/ubna_data_01_mir/recover-20220804/UBNA_001/20220804_080000.WAV,Carp Pond,recover-20220804,001,1795
1222.4905,1222.51,25468.0,29068.0,Echolocation,Nyctalus leisleri,0.175,0.256,-1,/mnt/ubna_data_01_mir/recover-20220804/UBNA_001/20220804_080000.WAV,Carp Pond,recover-20220804,001,1795
1250.8745,1250.8905,26328.0,30951.0,Echolocation,Nyctalus leisleri,0.141,0.272,-1,/mnt/ubna_data_01_mir/recover-20220804/UBNA_001/20220804_080000.WAV,Carp Pond,recover-20220804,001,1795
1252.1715,1252.1904,26328.0,29477.0,Echolocation,Nyctalus leisleri,0.382,0.455,-1,/mnt/ubna_data_01_mir/recover-20220804/UBNA_001/20220804_080000.WAV,Carp Pond,recover-20220804,001,1795
1252.9885,1253.0083,26328.0,29831.0,Echolocation,Nyctalus leisleri,0.2,0.271,-1,/mnt/ubna_data_01_mir/recover-20220804/UBNA_001/20220804_080000.WAV,Carp Pond,recover-20220804,001,1795
1253.3515,1253.3682,25468.0,29176.0,Echolocation,Nyctalus leisleri,0.297,0.383,-1,/mnt/ubna_data_01_mir/recover-20220804/UBNA_001/20220804_080000.WAV,Carp Pond,recover-20220804,001,1795
1254.0355,1254.0527,26328.0,29110.0,Echolocation,Nyctalus leisleri,0.376,0.436,-1,/mnt/ubna_data_01_mir/recover-20220804/UBNA_001/20220804_080000.WAV,Carp Pond,recover-20220804,001,1795
1254.3845,1254.4036,25468.0,28913.0,Echolocation,Nyctalus leisleri,0.375,0.492,-1,/mnt/ubna_data_01_mir/recover-20220804/UBNA_001/20220804_080000.WAV,Carp Pond,recover-20220804,001,1795
1254.7365,1254.7567,26328.0,29350.0,Echolocation,Nyctalus leisleri,0.31,0.395,-1,/mnt/ubna_data_01_mir/recover-20220804/UBNA_001/20220804_080000.WAV,Carp Pond,recover-20220804,001,1795
1254.9635,1254.9766,27187.0,31866.0,Echolocation,Nyctalus leisleri,0.395,0.628,-1,/mnt/ubna_data_01_mir/recover-20220804/UBNA_001/20220804_080000.WAV,Carp Pond,recover-20220804,001,1795
1255.3085,1255.3257,26328.0,29314.0,Echolocation,Nyctalus leisleri,0.496,0.573,-1,/mnt/ubna_data_01_mir/recover-20220804/UBNA_001/20220804_080000.WAV,Carp Pond,recover-20220804,001,1795
1255.6585,1255.6764,26328.0,29342.0,Echolocation,Nyctalus leisleri,0.394,0.499,-1,/mnt/ubna_data_01_mir/recover-20220804/UBNA_001/20220804_080000.WAV,Carp Pond,recover-20220804,001,1795
1256.0385,1256.0596,25468.0,29439.0,Echolocation,Nyctalus leisleri,0.287,0.446,-1,/mnt/ubna_data_01_mir/recover-20220804/UBNA_001/20220804_080000.WAV,Carp Pond,recover-20220804,001,1795
1256.3885,1256.4066,25468.0,28664.0,Echolocation,Nyctalus leisleri,0.331,0.401,-1,/mnt/ubna_data_01_mir/recover-20220804/UBNA_001/20220804_080000.WAV,Carp Pond,recover-20220804,001,1795
1256.5225,1256.5384,27187.0,31834.0,Echolocation,Nyctalus leisleri,0.151,0.265,-1,/mnt/ubna_data_01_mir/recover-20220804/UBNA_001/20220804_080000.WAV,Carp Pond,recover-20220804,001,1795
1256.7505,1256.7631,27187.0,33355.0,Echolocation,Nyctalus leisleri,0.252,0.627,-1,/mnt/ubna_data_01_mir/recover-20220804/UBNA_001/20220804_080000.WAV,Carp Pond,recover-20220804,001,1795
1260.7185,1260.7313,27187.0,31061.0,Echolocation,Nyctalus leisleri,0.269,0.403,-1,/mnt/ubna_data_01_mir/recover-20220804/UBNA_001/20220804_080000.WAV,Carp Pond,recover-20220804,001,1795
1261.2105,1261.2231,27187.0,31878.0,Echolocation,Nyctalus leisleri,0.325,0.601,-1,/mnt/ubna_data_01_mir/recover-20220804/UBNA_001/20220804_080000.WAV,Carp Pond,recover-20220804,001,1795
1261.4245,1261.4397,27187.0,31288.0,Echolocation,Nyctalus leisleri,0.264,0.399,-1,/mnt/ubna_data_01_mir/recover-20220804/UBNA_001/20220804_080000.WAV,Carp Pond,recover-20220804,001,1795
1261.6445,1261.6581,26328.0,31263.0,Echolocation,Nyctalus leisleri,0.332,0.577,-1,/mnt/ubna_data_01_mir/recover-20220804/UBNA_001/20220804_080000.WAV,Carp Pond,recover-20220804,001,1795
1261.8915,1261.903,27187.0,31607.0,Echolocation,Nyctalus leisleri,0.498,0.678,-1,/mnt/ubna_data_01_mir/recover-20220804/UBNA_001/20220804_080000.WAV,Carp Pond,recover-20220804,001,1795
1262.1425,1262.1549,26328.0,29934.0,Echolocation,Nyctalus leisleri,0.375,0.516,-1,/mnt/ubna_data_01_mir/recover-20220804/UBNA_001/20220804_080000.WAV,Carp Pond,recover-20220804,001,1795
1262.3755,1262.3922,26328.0,30002.0,Echolocation,Nyctalus leisleri,0.149,0.227,-1,/mnt/ubna_data_01_mir/recover-20220804/UBNA_001/20220804_080000.WAV,Carp Pond,recover-20220804,001,1795
1262.6165,1262.6321,26328.0,29407.0,Echolocation,Nyctalus leisleri,0.273,0.386,-1,/mnt/ubna_data_01_mir/recover-20220804/UBNA_001/20220804_080000.WAV,Carp Pond,recover-20220804,001,1795
1262.9715,1262.9927,26328.0,30098.0,Echolocation,Nyctalus leisleri,0.189,0.266,-1,/mnt/ubna_data_01_mir/recover-20220804/UBNA_001/20220804_080000.WAV,Carp Pond,recover-20220804,001,1795
1263.2215,1263.237,26328.0,30541.0,Echolocation,Nyctalus leisleri,0.361,0.556,-1,/mnt/ubna_data_01_mir/recover-20220804/UBNA_001/20220804_080000.WAV,Carp Pond,recover-20220804,001,1795
1263.5665,1263.5831,27187.0,30456.0,Echolocation,Nyctalus leisleri,0.282,0.384,-1,/mnt/ubna_data_01_mir/recover-20220804/UBNA_001/20220804_080000.WAV,Carp Pond,recover-20220804,001,1795
1263.9445,1263.9623,27187.0,31982.0,Echolocation,Nyctalus leisleri,0.139,0.279,-1,/mnt/ubna_data_01_mir/recover-20220804/UBNA_001/20220804_080000.WAV,Carp Pond,recover-20220804,001,1795
1264.1755,1264.1904,26328.0,30509.0,Echolocation,Nyctalus leisleri,0.146,0.246,-1,/mnt/ubna_data_01_mir/recover-20220804/UBNA_001/20220804_080000.WAV,Carp Pond,recover-20220804,001,1795
1264.4255,1264.4468,26328.0,30098.0,Echolocation,Nyctalus leisleri,0.267,0.377,-1,/mnt/ubna_data_01_mir/recover-20220804/UBNA_001/20220804_080000.WAV,Carp Pond,recover-20220804,001,1795
1264.9025,1264.9187,26328.0,30187.0,Echolocation,Nyctalus leisleri,0.25,0.338,-1,/mnt/ubna_data_01_mir/recover-20220804/UBNA_001/20220804_080000.WAV,Carp Pond,recover-20220804,001,1795
1265.1345,1265.1513,26328.0,30041.0,Echolocation,Nyctalus leisleri,0.473,0.599,-1,/mnt/ubna_data_01_mir/recover-20220804/UBNA_001/20220804_080000.WAV,Carp Pond,recover-20220804,001,1795
1265.3685,1265.3858,26328.0,29614.0,Echolocation,Nyctalus leisleri,0.419,0.53,-1,/mnt/ubna_data_01_mir/recover-20220804/UBNA_001/20220804_080000.WAV,Carp Pond,recover-20220804,001,1795
1265.6055,1265.6222,26328.0,29957.0,Echolocation,Nyctalus leisleri,0.396,0.559,-1,/mnt/ubna_data_01_mir/recover-20220804/UBNA_001/20220804_080000.WAV,Carp Pond,recover-20220804,001,1795
1265.9635,1265.9808,26328.0,29467.0,Echolocation,Nyctalus leisleri,0.382,0.46,-1,/mnt/ubna_data_01_mir/recover-20220804/UBNA_001/20220804_080000.WAV,Carp Pond,recover-20220804,001,1795
1266.3145,1266.3322,25468.0,28869.0,Echolocation,Nyctalus leisleri,0.242,0.337,-1,/mnt/ubna_data_01_mir/recover-20220804/UBNA_001/20220804_080000.WAV,Carp Pond,recover-20220804,001,1795
1266.5545,1266.5732,26328.0,29594.0,Echolocation,Nyctalus leisleri,0.271,0.369,-1,/mnt/ubna_data_01_mir/recover-20220804/UBNA_001/20220804_080000.WAV,Carp Pond,recover-20220804,001,1795
1266.7925,1266.809,26328.0,29448.0,Echolocation,Nyctalus leisleri,0.402,0.541,-1,/mnt/ubna_data_01_mir/recover-20220804/UBNA_001/20220804_080000.WAV,Carp Pond,recover-20220804,001,1795
1267.1435,1267.1606,26328.0,28960.0,Echolocation,Nyctalus leisleri,0.371,0.472,-1,/mnt/ubna_data_01_mir/recover-20220804/UBNA_001/20220804_080000.WAV,Carp Pond,recover-20220804,001,1795
1267.2585,1267.2676,26328.0,33428.0,Echolocation,Nyctalus leisleri,0.278,0.575,-1,/mnt/ubna_data_01_mir/recover-20220804/UBNA_001/20220804_080000.WAV,Carp Pond,recover-20220804,001,1795
1267.4935,1267.511,25468.0,30347.0,Echolocation,Nyctalus leisleri,0.313,0.593,-1,/mnt/ubna_data_01_mir/recover-20220804/UBNA_001/20220804_080000.WAV,Carp Pond,recover-20220804,001,1795
1267.7225,1267.7361,26328.0,32092.0,Echolocation,Nyctalus leisleri,0.396,0.618,-1,/mnt/ubna_data_01_mir/recover-20220804/UBNA_001/20220804_080000.WAV,Carp Pond,recover-20220804,001,1795
1268.0695,1268.0863,25468.0,29912.0,Echolocation,Nyctalus leisleri,0.44,0.609,-1,/mnt/ubna_data_01_mir/recover-20220804/UBNA_001/20220804_080000.WAV,Carp Pond,recover-20220804,001,1795
1268.4255,1268.4368,27187.0,32768.0,Echolocation,Nyctalus leisleri,0.346,0.56,-1,/mnt/ubna_data_01_mir/recover-20220804/UBNA_001/20220804_080000.WAV,Carp Pond,recover-20220804,001,1795
1268.6695,1268.6825,26328.0,31027.0,Echolocation,Nyctalus leisleri,0.379,0.603,-1,/mnt/ubna_data_01_mir/recover-20220804/UBNA_001/20220804_080000.WAV,Carp Pond,recover-20220804,001,1795
1269.0075,1269.0225,26328.0,31017.0,Echolocation,Nyctalus leisleri,0.256,0.583,-1,/mnt/ubna_data_01_mir/recover-20220804/UBNA_001/20220804_080000.WAV,Carp Pond,recover-20220804,001,1795
1269.2455,1269.2611,26328.0,30067.0,Echolocation,Nyctalus leisleri,0.263,0.406,-1,/mnt/ubna_data_01_mir/recover-20220804/UBNA_001/20220804_080000.WAV,Carp Pond,recover-20220804,001,1795
1269.5915,1269.6073,26328.0,30871.0,Echolocation,Nyctalus leisleri,0.293,0.582,-1,/mnt/ubna_data_01_mir/recover-20220804/UBNA_001/20220804_080000.WAV,Carp Pond,recover-20220804,001,1795
1269.9435,1269.958,26328.0,30266.0,Echolocation,Nyctalus leisleri,0.338,0.559,-1,/mnt/ubna_data_01_mir/recover-20220804/UBNA_001/20220804_080000.WAV,Carp Pond,recover-20220804,001,1795
1270.1705,1270.1829,27187.0,33991.0,Echolocation,Nyctalus leisleri,0.272,0.631,-1,/mnt/ubna_data_01_mir/recover-20220804/UBNA_001/20220804_080000.WAV,Carp Pond,recover-20220804,001,1795
1270.4125,1270.4267,26328.0,29725.0,Echolocation,Nyctalus leisleri,0.366,0.485,-1,/mnt/ubna_data_01_mir/recover-20220804/UBNA_001/20220804_080000.WAV,Carp Pond,recover-20220804,001,1795
1270.7535,1270.7695,26328.0,30912.0,Echolocation,Nyctalus leisleri,0.349,0.603,-1,/mnt/ubna_data_01_mir/recover-20220804/UBNA_001/20220804_080000.WAV,Carp Pond,recover-20220804,001,1795
1271.1015,1271.1179,25468.0,31095.0,Echolocation,Nyctalus leisleri,0.25,0.528,-1,/mnt/ubna_data_01_mir/recover-20220804/UBNA_001/20220804_080000.WAV,Carp Pond,recover-20220804,001,1795
1271.3285,1271.3401,27187.0,33701.0,Echolocation,Nyctalus leisleri,0.305,0.587,-1,/mnt/ubna_data_01_mir/recover-20220804/UBNA_001/20220804_080000.WAV,Carp Pond,recover-20220804,001,1795
1271.5505,1271.564,27187.0,33007.0,Echolocation,Eptesicus serotinus,0.252,0.644,-1,/mnt/ubna_data_01_mir/recover-20220804/UBNA_001/20220804_080000.WAV,Carp Pond,recover-20220804,001,1795
1271.7915,1271.807,26328.0,32091.0,Echolocation,Eptesicus serotinus,0.219,0.495,-1,/mnt/ubna_data_01_mir/recover-20220804/UBNA_001/20220804_080000.WAV,Carp Pond,recover-20220804,001,1795
1272.1525,1272.1674,26328.0,30270.0,Echolocation,Nyctalus leisleri,0.411,0.574,-1,/mnt/ubna_data_01_mir/recover-20220804/UBNA_001/20220804_080000.WAV,Carp Pond,recover-20220804,001,1795
1272.5315,1272.5471,26328.0,30569.0,Echolocation,Nyctalus leisleri,0.319,0.507,-1,/mnt/ubna_data_01_mir/recover-20220804/UBNA_001/20220804_080000.WAV,Carp Pond,recover-20220804,001,1795
1272.8775,1272.8916,26328.0,31225.0,Echolocation,Nyctalus leisleri,0.458,0.632,-1,/mnt/ubna_data_01_mir/recover-20220804/UBNA_001/20220804_080000.WAV,Carp Pond,recover-20220804,001,1795
1273.1255,1273.1407,26328.0,31295.0,Echolocation,Nyctalus leisleri,0.305,0.572,-1,/mnt/ubna_data_01_mir/recover-20220804/UBNA_001/20220804_080000.WAV,Carp Pond,recover-20220804,001,1795
1273.4765,1273.4895,26328.0,31898.0,Echolocation,Nyctalus leisleri,0.433,0.618,-1,/mnt/ubna_data_01_mir/recover-20220804/UBNA_001/20220804_080000.WAV,Carp Pond,recover-20220804,001,1795
1273.8225,1273.837,26328.0,31858.0,Echolocation,Eptesicus serotinus,0.252,0.606,-1,/mnt/ubna_data_01_mir/recover-20220804/UBNA_001/20220804_080000.WAV,Carp Pond,recover-20220804,001,1795
1274.1635,1274.179,26328.0,30847.0,Echolocation,Nyctalus leisleri,0.415,0.552,-1,/mnt/ubna_data_01_mir/recover-20220804/UBNA_001/20220804_080000.WAV,Carp Pond,recover-20220804,001,1795
1274.5195,1274.5342,26328.0,30850.0,Echolocation,Nyctalus leisleri,0.393,0.639,-1,/mnt/ubna_data_01_mir/recover-20220804/UBNA_001/20220804_080000.WAV,Carp Pond,recover-20220804,001,1795
1274.7465,1274.7566,27187.0,34205.0,Echolocation,Nyctalus leisleri,0.487,0.717,-1,/mnt/ubna_data_01_mir/recover-20220804/UBNA_001/20220804_080000.WAV,Carp Pond,recover-20220804,001,1795
1274.9905,1275.0023,26328.0,32826.0,Echolocation,Nyctalus leisleri,0.394,0.684,-1,/mnt/ubna_data_01_mir/recover-20220804/UBNA_001/20220804_080000.WAV,Carp Pond,recover-20220804,001,1795
1275.3365,1275.3501,26328.0,32631.0,Echolocation,Nyctalus leisleri,0.382,0.643,-1,/mnt/ubna_data_01_mir/recover-20220804/UBNA_001/20220804_080000.WAV,Carp Pond,recover-20220804,001,1795
1275.5745,1275.5863,27187.0,32844.0,Echolocation,Nyctalus leisleri,0.478,0.666,-1,/mnt/ubna_data_01_mir/recover-20220804/UBNA_001/20220804_080000.WAV,Carp Pond,recover-20220804,001,1795
1275.9235,1275.9331,54687.0,59476.0,Echolocation,Pipistrellus pygmaeus,0.169,0.287,-1,/mnt/ubna_data_01_mir/recover-20220804/UBNA_001/20220804_080000.WAV,Carp Pond,recover-20220804,001,1795
1275.9235,1275.9377,26328.0,32573.0,Echolocation,Nyctalus leisleri,0.356,0.559,-1,/mnt/ubna_data_01_mir/recover-20220804/UBNA_001/20220804_080000.WAV,Carp Pond,recover-20220804,001,1795
1276.1545,1276.169,27187.0,32777.0,Echolocation,Nyctalus leisleri,0.291,0.598,-1,/mnt/ubna_data_01_mir/recover-20220804/UBNA_001/20220804_080000.WAV,Carp Pond,recover-20220804,001,1795
1276.4015,1276.418,26328.0,30833.0,Echolocation,Nyctalus leisleri,0.462,0.551,-1,/mnt/ubna_data_01_mir/recover-20220804/UBNA_001/20220804_080000.WAV,Carp Pond,recover-20220804,001,1795
1276.6265,1276.6406,26328.0,31488.0,Echolocation,Nyctalus leisleri,0.438,0.585,-1,/mnt/ubna_data_01_mir/recover-20220804/UBNA_001/20220804_080000.WAV,Carp Pond,recover-20220804,001,1795
1276.9705,1276.9849,26328.0,31260.0,Echolocation,Nyctalus leisleri,0.444,0.574,-1,/mnt/ubna_data_01_mir/recover-20220804/UBNA_001/20220804_080000.WAV,Carp Pond,recover-20220804,001,1795
1276.9725,1276.9823,54687.0,58911.0,Echolocation,Pipistrellus pygmaeus,0.267,0.316,-1,/mnt/ubna_data_01_mir/recover-20220804/UBNA_001/20220804_080000.WAV,Carp Pond,recover-20220804,001,1795
1277.3135,1277.3314,26328.0,30761.0,Echolocation,Nyctalus leisleri,0.315,0.482,-1,/mnt/ubna_data_01_mir/recover-20220804/UBNA_001/20220804_080000.WAV,Carp Pond,recover-20220804,001,1795
1277.4325,1277.4412,28046.0,40494.0,Echolocation,Nyctalus leisleri,0.58,0.762,-1,/mnt/ubna_data_01_mir/recover-20220804/UBNA_001/20220804_080000.WAV,Carp Pond,recover-20220804,001,1795
1277.5285,1277.5371,27187.0,36324.0,Echolocation,Eptesicus serotinus,0.377,0.545,-1,/mnt/ubna_data_01_mir/recover-20220804/UBNA_001/20220804_080000.WAV,Carp Pond,recover-20220804,001,1795
1277.7775,1277.7917,26328.0,31536.0,Echolocation,Nyctalus leisleri,0.465,0.545,-1,/mnt/ubna_data_01_mir/recover-20220804/UBNA_001/20220804_080000.WAV,Carp Pond,recover-20220804,001,1795
1277.7785,1277.7916,53828.0,58202.0,Echolocation,Pipistrellus pygmaeus,0.306,0.378,-1,/mnt/ubna_data_01_mir/recover-20220804/UBNA_001/20220804_080000.WAV,Carp Pond,recover-20220804,001,1795
1278.0105,1278.0278,26328.0,30358.0,Echolocation,Nyctalus leisleri,0.384,0.5,-1,/mnt/ubna_data_01_mir/recover-20220804/UBNA_001/20220804_080000.WAV,Carp Pond,recover-20220804,001,1795
1278.3625,1278.3782,26328.0,29643.0,Echolocation,Nyctalus leisleri,0.507,0.582,-1,/mnt/ubna_data_01_mir/recover-20220804/UBNA_001/20220804_080000.WAV,Carp Pond,recover-20220804,001,1795
1278.3635,1278.4167,68437.0,83735.0,Echolocation,Rhinolophus ferrumequinum,0.31,0.31,-1,/mnt/ubna_data_01_mir/recover-20220804/UBNA_001/20220804_080000.WAV,Carp Pond,recover-20220804,001,1795
1278.5925,1278.6097,26328.0,29330.0,Echolocation,Nyctalus leisleri,0.441,0.632,-1,/mnt/ubna_data_01_mir/recover-20220804/UBNA_001/20220804_080000.WAV,Carp Pond,recover-20220804,001,1795
1278.8445,1278.8903,68437.0,82641.0,Echolocation,Rhinolophus ferrumequinum,0.263,0.263,-1,/mnt/ubna_data_01_mir/recover-20220804/UBNA_001/20220804_080000.WAV,Carp Pond,recover-20220804,001,1795
1278.8455,1278.8618,26328.0,29108.0,Echolocation,Nyctalus leisleri,0.499,0.59,-1,/mnt/ubna_data_01_mir/recover-20220804/UBNA_001/20220804_080000.WAV,Carp Pond,recover-20220804,001,1795
1279.0765,1279.09,27187.0,32847.0,Echolocation,Nyctalus leisleri,0.683,0.769,-1,/mnt/ubna_data_01_mir/recover-20220804/UBNA_001/20220804_080000.WAV,Carp Pond,recover-20220804,001,1795
1279.3125,1279.3286,26328.0,29662.0,Echolocation,Nyctalus leisleri,0.58,0.689,-1,/mnt/ubna_data_01_mir/recover-20220804/UBNA_001/20220804_080000.WAV,Carp Pond,recover-20220804,001,1795
1279.5505,1279.5658,26328.0,30550.0,Echolocation,Nyctalus leisleri,0.631,0.708,-1,/mnt/ubna_data_01_mir/recover-20220804/UBNA_001/20220804_080000.WAV,Carp Pond,recover-20220804,001,1795
1279.8975,1279.9141,26328.0,29534.0,Echolocation,Nyctalus leisleri,0.397,0.484,-1,/mnt/ubna_data_01_mir/recover-20220804/UBNA_001/20220804_080000.WAV,Carp Pond,recover-20220804,001,1795
1280.2515,1280.2664,52968.0,57728.0,Echolocation,Pipistrellus pygmaeus,0.296,0.319,-1,/mnt/ubna_data_01_mir/recover-20220804/UBNA_001/20220804_080000.WAV,Carp Pond,recover-20220804,001,1795
1280.2545,1280.2707,25468.0,29252.0,Echolocation,Nyctalus leisleri,0.449,0.496,-1,/mnt/ubna_data_01_mir/recover-20220804/UBNA_001/20220804_080000.WAV,Carp Pond,recover-20220804,001,1795
1280.5985,1280.6104,53828.0,56889.0,Echolocation,Pipistrellus pygmaeus,0.234,0.248,-1,/mnt/ubna_data_01_mir/recover-20220804/UBNA_001/20220804_080000.WAV,Carp Pond,recover-20220804,001,1795
1280.5985,1280.6146,26328.0,28853.0,Echolocation,Nyctalus leisleri,0.523,0.652,-1,/mnt/ubna_data_01_mir/recover-20220804/UBNA_001/20220804_080000.WAV,Carp Pond,recover-20220804,001,1795
1280.9465,1280.9624,52109.0,57275.0,Echolocation,Pipistrellus pygmaeus,0.181,0.207,-1,/mnt/ubna_data_01_mir/recover-20220804/UBNA_001/20220804_080000.WAV,Carp Pond,recover-20220804,001,1795
1280.9475,1280.9621,25468.0,29883.0,Echolocation,Nyctalus leisleri,0.652,0.721,-1,/mnt/ubna_data_01_mir/recover-20220804/UBNA_001/20220804_080000.WAV,Carp Pond,recover-20220804,001,1795
1281.0895,1281.1014,27187.0,36939.0,Echolocation,Eptesicus serotinus,0.365,0.703,-1,/mnt/ubna_data_01_mir/recover-20220804/UBNA_001/20220804_080000.WAV,Carp Pond,recover-20220804,001,1795
1281.0925,1281.1011,55546.0,60014.0,Echolocation,Pipistrellus pygmaeus,0.405,0.42,-1,/mnt/ubna_data_01_mir/recover-20220804/UBNA_001/20220804_080000.WAV,Carp Pond,recover-20220804,001,1795
1281.3265,1281.3432,26328.0,30083.0,Echolocation,Nyctalus leisleri,0.375,0.589,-1,/mnt/ubna_data_01_mir/recover-20220804/UBNA_001/20220804_080000.WAV,Carp Pond,recover-20220804,001,1795
1281.6755,1281.6905,26328.0,30084.0,Echolocation,Nyctalus leisleri,0.672,0.731,-1,/mnt/ubna_data_01_mir/recover-20220804/UBNA_001/20220804_080000.WAV,Carp Pond,recover-20220804,001,1795
1281.6765,1281.6933,52968.0,57299.0,Echolocation,Pipistrellus pygmaeus,0.223,0.243,-1,/mnt/ubna_data_01_mir/recover-20220804/UBNA_001/20220804_080000.WAV,Carp Pond,recover-20220804,001,1795
1281.6785,1281.7328,68437.0,84245.0,Echolocation,Rhinolophus ferrumequinum,0.21,0.21,-1,/mnt/ubna_data_01_mir/recover-20220804/UBNA_001/20220804_080000.WAV,Carp Pond,recover-20220804,001,1795
1281.9185,1281.9348,26328.0,29576.0,Echolocation,Nyctalus leisleri,0.576,0.662,-1,/mnt/ubna_data_01_mir/recover-20220804/UBNA_001/20220804_080000.WAV,Carp Pond,recover-20220804,001,1795
1282.2585,1282.2729,25468.0,30432.0,Echolocation,Nyctalus leisleri,0.481,0.623,-1,/mnt/ubna_data_01_mir/recover-20220804/UBNA_001/20220804_080000.WAV,Carp Pond,recover-20220804,001,1795
1282.6075,1282.6219,26328.0,30038.0,Echolocation,Nyctalus leisleri,0.662,0.734,-1,/mnt/ubna_data_01_mir/recover-20220804/UBNA_001/20220804_080000.WAV,Carp Pond,recover-20220804,001,1795
1282.9525,1282.9694,26328.0,29949.0,Echolocation,Nyctalus leisleri,0.397,0.577,-1,/mnt/ubna_data_01_mir/recover-20220804/UBNA_001/20220804_080000.WAV,Carp Pond,recover-20220804,001,1795
1282.9555,1282.971,52109.0,55575.0,Echolocation,Pipistrellus pygmaeus,0.217,0.329,-1,/mnt/ubna_data_01_mir/recover-20220804/UBNA_001/20220804_080000.WAV,Carp Pond,recover-20220804,001,1795
1283.3045,1283.3196,26328.0,30030.0,Echolocation,Nyctalus leisleri,0.601,0.723,-1,/mnt/ubna_data_01_mir/recover-20220804/UBNA_001/20220804_080000.WAV,Carp Pond,recover-20220804,001,1795
1283.6465,1283.665,25468.0,30651.0,Echolocation,Nyctalus leisleri,0.354,0.561,-1,/mnt/ubna_data_01_mir/recover-20220804/UBNA_001/20220804_080000.WAV,Carp Pond,recover-20220804,001,1795
1283.6535,1283.6636,52109.0,55088.0,Echolocation,Pipistrellus pygmaeus,0.292,0.344,-1,/mnt/ubna_data_01_mir/recover-20220804/UBNA_001/20220804_080000.WAV,Carp Pond,recover-20220804,001,1795
1283.8715,1283.8828,27187.0,34960.0,Echolocation,Nyctalus leisleri,0.426,0.742,-1,/mnt/ubna_data_01_mir/recover-20220804/UBNA_001/20220804_080000.WAV,Carp Pond,recover-20220804,001,1795
1284.1215,1284.1367,26328.0,30880.0,Echolocation,Nyctalus leisleri,0.253,0.468,-1,/mnt/ubna_data_01_mir/recover-20220804/UBNA_001/20220804_080000.WAV,Carp Pond,recover-20220804,001,1795
1284.4775,1284.4945,26328.0,30036.0,Echolocation,Nyctalus leisleri,0.444,0.515,-1,/mnt/ubna_data_01_mir/recover-20220804/UBNA_001/20220804_080000.WAV,Carp Pond,recover-20220804,001,1795
1284.4805,1284.498,52109.0,56214.0,Echolocation,Pipistrellus pygmaeus,0.271,0.342,-1,/mnt/ubna_data_01_mir/recover-20220804/UBNA_001/20220804_080000.WAV,Carp Pond,recover-20220804,001,1795
1284.8345,1284.8484,26328.0,30378.0,Echolocation,Nyctalus leisleri,0.443,0.571,-1,/mnt/ubna_data_01_mir/recover-20220804/UBNA_001/20220804_080000.WAV,Carp Pond,recover-20220804,001,1795
1285.1685,1285.1828,26328.0,30588.0,Echolocation,Nyctalus leisleri,0.513,0.621,-1,/mnt/ubna_data_01_mir/recover-20220804/UBNA_001/20220804_080000.WAV,Carp Pond,recover-20220804,001,1795
1285.4005,1285.4183,26328.0,30219.0,Echolocation,Nyctalus leisleri,0.36,0.526,-1,/mnt/ubna_data_01_mir/recover-20220804/UBNA_001/20220804_080000.WAV,Carp Pond,recover-20220804,001,1795
1285.6285,1285.6424,26328.0,31381.0,Echolocation,Nyctalus leisleri,0.368,0.53,-1,/mnt/ubna_data_01_mir/recover-20220804/UBNA_001/20220804_080000.WAV,Carp Pond,recover-20220804,001,1795
1285.8565,1285.87,26328.0,30936.0,Echolocation,Nyctalus leisleri,0.468,0.612,-1,/mnt/ubna_data_01_mir/recover-20220804/UBNA_001/20220804_080000.WAV,Carp Pond,recover-20220804,001,1795
1286.0855,1286.0988,27187.0,33262.0,Echolocation,Nyctalus leisleri,0.294,0.526,-1,/mnt/ubna_data_01_mir/recover-20220804/UBNA_001/20220804_080000.WAV,Carp Pond,recover-20220804,001,1795
1286.4355,1286.45,26328.0,30629.0,Echolocation,Nyctalus leisleri,0.397,0.591,-1,/mnt/ubna_data_01_mir/recover-20220804/UBNA_001/20220804_080000.WAV,Carp Pond,recover-20220804,001,1795
1286.6875,1286.7012,27187.0,33336.0,Echolocation,Nyctalus leisleri,0.34,0.61,-1,/mnt/ubna_data_01_mir/recover-20220804/UBNA_001/20220804_080000.WAV,Carp Pond,recover-20220804,001,1795
1286.6895,1286.7018,54687.0,60910.0,Echolocation,Pipistrellus pipistrellus,0.171,0.304,-1,/mnt/ubna_data_01_mir/recover-20220804/UBNA_001/20220804_080000.WAV,Carp Pond,recover-20220804,001,1795
1287.0345,1287.0492,26328.0,31591.0,Echolocation,Nyctalus leisleri,0.298,0.603,-1,/mnt/ubna_data_01_mir/recover-20220804/UBNA_001/20220804_080000.WAV,Carp Pond,recover-20220804,001,1795
1287.2725,1287.2867,26328.0,32853.0,Echolocation,Nyctalus leisleri,0.348,0.624,-1,/mnt/ubna_data_01_mir/recover-20220804/UBNA_001/20220804_080000.WAV,Carp Pond,recover-20220804,001,1795
1287.6345,1287.6498,26328.0,30678.0,Echolocation,Nyctalus leisleri,0.398,0.587,-1,/mnt/ubna_data_01_mir/recover-20220804/UBNA_001/20220804_080000.WAV,Carp Pond,recover-20220804,001,1795
1287.6385,1287.6517,52109.0,55586.0,Echolocation,Pipistrellus pygmaeus,0.187,0.282,-1,/mnt/ubna_data_01_mir/recover-20220804/UBNA_001/20220804_080000.WAV,Carp Pond,recover-20220804,001,1795
1287.8675,1287.8828,26328.0,31034.0,Echolocation,Nyctalus leisleri,0.383,0.571,-1,/mnt/ubna_data_01_mir/recover-20220804/UBNA_001/20220804_080000.WAV,Carp Pond,recover-20220804,001,1795
1287.8685,1287.8789,54687.0,59315.0,Echolocation,Pipistrellus pygmaeus,0.225,0.259,-1,/mnt/ubna_data_01_mir/recover-20220804/UBNA_001/20220804_080000.WAV,Carp Pond,recover-20220804,001,1795
1288.1095,1288.123,26328.0,32175.0,Echolocation,Nyctalus leisleri,0.249,0.566,-1,/mnt/ubna_data_01_mir/recover-20220804/UBNA_001/20220804_080000.WAV,Carp Pond,recover-20220804,001,1795
1288.4575,1288.4738,26328.0,30195.0,Echolocation,Nyctalus leisleri,0.424,0.623,-1,/mnt/ubna_data_01_mir/recover-20220804/UBNA_001/20220804_080000.WAV,Carp Pond,recover-20220804,001,1795
1288.6935,1288.7087,26328.0,31057.0,Echolocation,Nyctalus leisleri,0.361,0.659,-1,/mnt/ubna_data_01_mir/recover-20220804/UBNA_001/20220804_080000.WAV,Carp Pond,recover-20220804,001,1795
1288.6985,1288.7094,52968.0,56267.0,Echolocation,Pipistrellus pygmaeus,0.139,0.256,-1,/mnt/ubna_data_01_mir/recover-20220804/UBNA_001/20220804_080000.WAV,Carp Pond,recover-20220804,001,1795
1289.0355,1289.0516,26328.0,30446.0,Echolocation,Nyctalus leisleri,0.438,0.607,-1,/mnt/ubna_data_01_mir/recover-20220804/UBNA_001/20220804_080000.WAV,Carp Pond,recover-20220804,001,1795
1289.2705,1289.2845,26328.0,31265.0,Echolocation,Nyctalus leisleri,0.305,0.564,-1,/mnt/ubna_data_01_mir/recover-20220804/UBNA_001/20220804_080000.WAV,Carp Pond,recover-20220804,001,1795
1289.5035,1289.5177,26328.0,30591.0,Echolocation,Nyctalus leisleri,0.551,0.692,-1,/mnt/ubna_data_01_mir/recover-20220804/UBNA_001/20220804_080000.WAV,Carp Pond,recover-20220804,001,1795
1289.5045,1289.5179,53828.0,58452.0,Echolocation,Pipistrellus pygmaeus,0.335,0.381,-1,/mnt/ubna_data_01_mir/recover-20220804/UBNA_001/20220804_080000.WAV,Carp Pond,recover-20220804,001,1795
1289.8615,1289.8796,26328.0,30984.0,Echolocation,Nyctalus leisleri,0.326,0.452,-1,/mnt/ubna_data_01_mir/recover-20220804/UBNA_001/20220804_080000.WAV,Carp Pond,recover-20220804,001,1795
1290.0945,1290.1119,26328.0,30959.0,Echolocation,Nyctalus leisleri,0.401,0.539,-1,/mnt/ubna_data_01_mir/recover-20220804/UBNA_001/20220804_080000.WAV,Carp Pond,recover-20220804,001,1795
1290.4415,1290.4569,26328.0,30323.0,Echolocation,Nyctalus leisleri,0.291,0.499,-1,/mnt/ubna_data_01_mir/recover-20220804/UBNA_001/20220804_080000.WAV,Carp Pond,recover-20220804,001,1795
1290.7155,1290.7294,27187.0,32274.0,Echolocation,Nyctalus leisleri,0.323,0.474,-1,/mnt/ubna_data_01_mir/recover-20220804/UBNA_001/20220804_080000.WAV,Carp Pond,recover-20220804,001,1795
1290.9475,1290.9635,26328.0,30507.0,Echolocation,Nyctalus leisleri,0.412,0.536,-1,/mnt/ubna_data_01_mir/recover-20220804/UBNA_001/20220804_080000.WAV,Carp Pond,recover-20220804,001,1795
1291.1755,1291.1893,27187.0,33694.0,Echolocation,Nyctalus leisleri,0.299,0.56,-1,/mnt/ubna_data_01_mir/recover-20220804/UBNA_001/20220804_080000.WAV,Carp Pond,recover-20220804,001,1795
1291.3995,1291.4146,26328.0,33511.0,Echolocation,Eptesicus serotinus,0.263,0.568,-1,/mnt/ubna_data_01_mir/recover-20220804/UBNA_001/20220804_080000.WAV,Carp Pond,recover-20220804,001,1795
1291.4055,1291.4233,53828.0,57228.0,Echolocation,Pipistrellus pygmaeus,0.194,0.259,-1,/mnt/ubna_data_01_mir/recover-20220804/UBNA_001/20220804_080000.WAV,Carp Pond,recover-20220804,001,1795
1291.6325,1291.6472,26328.0,30789.0,Echolocation,Nyctalus leisleri,0.242,0.428,-1,/mnt/ubna_data_01_mir/recover-20220804/UBNA_001/20220804_080000.WAV,Carp Pond,recover-20220804,001,1795
1291.8535,1291.864,27187.0,35433.0,Echolocation,Nyctalus leisleri,0.457,0.72,-1,/mnt/ubna_data_01_mir/recover-20220804/UBNA_001/20220804_080000.WAV,Carp Pond,recover-20220804,001,1795
1292.2025,1292.2153,26328.0,31351.0,Echolocation,Nyctalus leisleri,0.246,0.548,-1,/mnt/ubna_data_01_mir/recover-20220804/UBNA_001/20220804_080000.WAV,Carp Pond,recover-20220804,001,1795
1292.4125,1292.4253,27187.0,35599.0,Echolocation,Nyctalus leisleri,0.309,0.703,-1,/mnt/ubna_data_01_mir/recover-20220804/UBNA_001/20220804_080000.WAV,Carp Pond,recover-20220804,001,1795
1292.6665,1292.6807,27187.0,31598.0,Echolocation,Nyctalus leisleri,0.316,0.486,-1,/mnt/ubna_data_01_mir/recover-20220804/UBNA_001/20220804_080000.WAV,Carp Pond,recover-20220804,001,1795
1292.9035,1292.9181,26328.0,35153.0,Echolocation,Eptesicus serotinus,0.334,0.68,-1,/mnt/ubna_data_01_mir/recover-20220804/UBNA_001/20220804_080000.WAV,Carp Pond,recover-20220804,001,1795
1293.2645,1293.2778,25468.0,29655.0,Echolocation,Nyctalus leisleri,0.398,0.481,-1,/mnt/ubna_data_01_mir/recover-20220804/UBNA_001/20220804_080000.WAV,Carp Pond,recover-20220804,001,1795
1293.4905,1293.5045,27187.0,32133.0,Echolocation,Nyctalus leisleri,0.228,0.439,-1,/mnt/ubna_data_01_mir/recover-20220804/UBNA_001/20220804_080000.WAV,Carp Pond,recover-20220804,001,1795
1294.0815,1294.0954,26328.0,32562.0,Echolocation,Nyctalus leisleri,0.296,0.593,-1,/mnt/ubna_data_01_mir/recover-20220804/UBNA_001/20220804_080000.WAV,Carp Pond,recover-20220804,001,1795
1294.3085,1294.32,27187.0,33153.0,Echolocation,Nyctalus leisleri,0.374,0.644,-1,/mnt/ubna_data_01_mir/recover-20220804/UBNA_001/20220804_080000.WAV,Carp Pond,recover-20220804,001,1795
1294.6615,1294.6754,27187.0,31223.0,Echolocation,Nyctalus leisleri,0.376,0.511,-1,/mnt/ubna_data_01_mir/recover-20220804/UBNA_001/20220804_080000.WAV,Carp Pond,recover-20220804,001,1795
1294.9035,1294.9165,26328.0,30208.0,Echolocation,Nyctalus leisleri,0.281,0.398,-1,/mnt/ubna_data_01_mir/recover-20220804/UBNA_001/20220804_080000.WAV,Carp Pond,recover-20220804,001,1795
1295.1465,1295.1618,26328.0,29697.0,Echolocation,Nyctalus leisleri,0.264,0.377,-1,/mnt/ubna_data_01_mir/recover-20220804/UBNA_001/20220804_080000.WAV,Carp Pond,recover-20220804,001,1795
1295.3795,1295.3932,27187.0,32504.0,Echolocation,Nyctalus leisleri,0.366,0.579,-1,/mnt/ubna_data_01_mir/recover-20220804/UBNA_001/20220804_080000.WAV,Carp Pond,recover-20220804,001,1795
1295.6145,1295.627,27187.0,30874.0,Echolocation,Nyctalus leisleri,0.297,0.477,-1,/mnt/ubna_data_01_mir/recover-20220804/UBNA_001/20220804_080000.WAV,Carp Pond,recover-20220804,001,1795
1295.8505,1295.8624,26328.0,30640.0,Echolocation,Nyctalus leisleri,0.212,0.346,-1,/mnt/ubna_data_01_mir/recover-20220804/UBNA_001/20220804_080000.WAV,Carp Pond,recover-20220804,001,1795
1296.1995,1296.2116,26328.0,30181.0,Echolocation,Nyctalus leisleri,0.195,0.285,-1,/mnt/ubna_data_01_mir/recover-20220804/UBNA_001/20220804_080000.WAV,Carp Pond,recover-20220804,001,1795
1296.9375,1296.9522,27187.0,31524.0,Echolocation,Nyctalus leisleri,0.126,0.24,-1,/mnt/ubna_data_01_mir/recover-20220804/UBNA_001/20220804_080000.WAV,Carp Pond,recover-20220804,001,1795
1312.8225,1312.8361,25468.0,30007.0,Echolocation,Nyctalus leisleri,0.359,0.534,-1,/mnt/ubna_data_01_mir/recover-20220804/UBNA_001/20220804_080000.WAV,Carp Pond,recover-20220804,001,1795
1317.4605,1317.479,25468.0,29787.0,Echolocation,Nyctalus leisleri,0.221,0.334,-1,/mnt/ubna_data_01_mir/recover-20220804/UBNA_001/20220804_080000.WAV,Carp Pond,recover-20220804,001,1795
1318.6105,1318.6282,25468.0,28588.0,Echolocation,Nyctalus leisleri,0.375,0.449,-1,/mnt/ubna_data_01_mir/recover-20220804/UBNA_001/20220804_080000.WAV,Carp Pond,recover-20220804,001,1795
1319.2415,1319.2543,25468.0,29146.0,Echolocation,Nyctalus leisleri,0.294,0.422,-1,/mnt/ubna_data_01_mir/recover-20220804/UBNA_001/20220804_080000.WAV,Carp Pond,recover-20220804,001,1795
1320.5045,1320.5203,25468.0,29209.0,Echolocation,Nyctalus leisleri,0.315,0.429,-1,/mnt/ubna_data_01_mir/recover-20220804/UBNA_001/20220804_080000.WAV,Carp Pond,recover-20220804,001,1795
1321.1875,1321.204,25468.0,29035.0,Echolocation,Nyctalus leisleri,0.399,0.54,-1,/mnt/ubna_data_01_mir/recover-20220804/UBNA_001/20220804_080000.WAV,Carp Pond,recover-20220804,001,1795
1321.5775,1321.5974,25468.0,29426.0,Echolocation,Nyctalus leisleri,0.275,0.375,-1,/mnt/ubna_data_01_mir/recover-20220804/UBNA_001/20220804_080000.WAV,Carp Pond,recover-20220804,001,1795
1321.7515,1321.7683,26328.0,29766.0,Echolocation,Nyctalus leisleri,0.294,0.423,-1,/mnt/ubna_data_01_mir/recover-20220804/UBNA_001/20220804_080000.WAV,Carp Pond,recover-20220804,001,1795
1322.2215,1322.2349,25468.0,29858.0,Echolocation,Nyctalus leisleri,0.325,0.475,-1,/mnt/ubna_data_01_mir/recover-20220804/UBNA_001/20220804_080000.WAV,Carp Pond,recover-20220804,001,1795
1322.5785,1322.5912,25468.0,29858.0,Echolocation,Nyctalus leisleri,0.234,0.38,-1,/mnt/ubna_data_01_mir/recover-20220804/UBNA_001/20220804_080000.WAV,Carp Pond,recover-20220804,001,1795
1322.8255,1322.8394,25468.0,29342.0,Echolocation,Nyctalus leisleri,0.454,0.657,-1,/mnt/ubna_data_01_mir/recover-20220804/UBNA_001/20220804_080000.WAV,Carp Pond,recover-20220804,001,1795
1323.4455,1323.46,25468.0,29857.0,Echolocation,Nyctalus leisleri,0.314,0.598,-1,/mnt/ubna_data_01_mir/recover-20220804/UBNA_001/20220804_080000.WAV,Carp Pond,recover-20220804,001,1795
1324.0605,1324.0746,25468.0,30235.0,Echolocation,Nyctalus leisleri,0.33,0.611,-1,/mnt/ubna_data_01_mir/recover-20220804/UBNA_001/20220804_080000.WAV,Carp Pond,recover-20220804,001,1795
1324.5685,1324.5843,25468.0,30710.0,Echolocation,Nyctalus leisleri,0.264,0.598,-1,/mnt/ubna_data_01_mir/recover-20220804/UBNA_001/20220804_080000.WAV,Carp Pond,recover-20220804,001,1795
1325.0755,1325.0885,25468.0,32202.0,Echolocation,Nyctalus leisleri,0.3,0.663,-1,/mnt/ubna_data_01_mir/recover-20220804/UBNA_001/20220804_080000.WAV,Carp Pond,recover-20220804,001,1795
1325.6985,1325.7108,26328.0,31887.0,Echolocation,Nyctalus leisleri,0.324,0.617,-1,/mnt/ubna_data_01_mir/recover-20220804/UBNA_001/20220804_080000.WAV,Carp Pond,recover-20220804,001,1795
1325.9665,1325.9794,25468.0,32270.0,Echolocation,Nyctalus leisleri,0.285,0.685,-1,/mnt/ubna_data_01_mir/recover-20220804/UBNA_001/20220804_080000.WAV,Carp Pond,recover-20220804,001,1795
1326.2035,1326.2153,25468.0,30576.0,Echolocation,Nyctalus leisleri,0.242,0.409,-1,/mnt/ubna_data_01_mir/recover-20220804/UBNA_001/20220804_080000.WAV,Carp Pond,recover-20220804,001,1795
1326.3395,1326.3507,26328.0,34379.0,Echolocation,Nyctalus leisleri,0.345,0.727,-1,/mnt/ubna_data_01_mir/recover-20220804/UBNA_001/20220804_080000.WAV,Carp Pond,recover-20220804,001,1795
1326.8365,1326.8503,25468.0,33206.0,Echolocation,Eptesicus serotinus,0.334,0.662,-1,/mnt/ubna_data_01_mir/recover-20220804/UBNA_001/20220804_080000.WAV,Carp Pond,recover-20220804,001,1795
1327.0795,1327.0912,26328.0,32921.0,Echolocation,Nyctalus leisleri,0.344,0.695,-1,/mnt/ubna_data_01_mir/recover-20220804/UBNA_001/20220804_080000.WAV,Carp Pond,recover-20220804,001,1795
1327.5675,1327.5798,25468.0,33993.0,Echolocation,Eptesicus serotinus,0.351,0.711,-1,/mnt/ubna_data_01_mir/recover-20220804/UBNA_001/20220804_080000.WAV,Carp Pond,recover-20220804,001,1795
1328.0525,1328.0659,26328.0,33071.0,Echolocation,Eptesicus serotinus,0.272,0.617,-1,/mnt/ubna_data_01_mir/recover-20220804/UBNA_001/20220804_080000.WAV,Carp Pond,recover-20220804,001,1795
1328.3095,1328.3232,26328.0,31932.0,Echolocation,Nyctalus leisleri,0.337,0.608,-1,/mnt/ubna_data_01_mir/recover-20220804/UBNA_001/20220804_080000.WAV,Carp Pond,recover-20220804,001,1795
1328.5485,1328.5621,26328.0,32021.0,Echolocation,Nyctalus leisleri,0.259,0.564,-1,/mnt/ubna_data_01_mir/recover-20220804/UBNA_001/20220804_080000.WAV,Carp Pond,recover-20220804,001,1795
1329.0405,1329.0521,25468.0,33378.0,Echolocation,Nyctalus leisleri,0.314,0.684,-1,/mnt/ubna_data_01_mir/recover-20220804/UBNA_001/20220804_080000.WAV,Carp Pond,recover-20220804,001,1795
1329.2325,1329.2443,26328.0,33331.0,Echolocation,Nyctalus leisleri,0.293,0.64,-1,/mnt/ubna_data_01_mir/recover-20220804/UBNA_001/20220804_080000.WAV,Carp Pond,recover-20220804,001,1795
1329.5045,1329.5164,25468.0,29732.0,Echolocation,Nyctalus leisleri,0.262,0.443,-1,/mnt/ubna_data_01_mir/recover-20220804/UBNA_001/20220804_080000.WAV,Carp Pond,recover-20220804,001,1795
1329.7365,1329.7497,25468.0,31440.0,Echolocation,Nyctalus leisleri,0.336,0.588,-1,/mnt/ubna_data_01_mir/recover-20220804/UBNA_001/20220804_080000.WAV,Carp Pond,recover-20220804,001,1795
1330.2355,1330.2484,25468.0,30456.0,Echolocation,Nyctalus leisleri,0.503,0.632,-1,/mnt/ubna_data_01_mir/recover-20220804/UBNA_001/20220804_080000.WAV,Carp Pond,recover-20220804,001,1795
1330.4195,1330.4335,25468.0,29387.0,Echolocation,Nyctalus leisleri,0.214,0.324,-1,/mnt/ubna_data_01_mir/recover-20220804/UBNA_001/20220804_080000.WAV,Carp Pond,recover-20220804,001,1795
1330.8945,1330.9058,26328.0,32639.0,Echolocation,Nyctalus leisleri,0.265,0.618,-1,/mnt/ubna_data_01_mir/recover-20220804/UBNA_001/20220804_080000.WAV,Carp Pond,recover-20220804,001,1795
1331.2685,1331.28,25468.0,30720.0,Echolocation,Nyctalus leisleri,0.29,0.476,-1,/mnt/ubna_data_01_mir/recover-20220804/UBNA_001/20220804_080000.WAV,Carp Pond,recover-20220804,001,1795
1331.4665,1331.4783,25468.0,32283.0,Echolocation,Nyctalus leisleri,0.383,0.66,-1,/mnt/ubna_data_01_mir/recover-20220804/UBNA_001/20220804_080000.WAV,Carp Pond,recover-20220804,001,1795
1331.6065,1331.6207,26328.0,31498.0,Echolocation,Nyctalus leisleri,0.311,0.574,-1,/mnt/ubna_data_01_mir/recover-20220804/UBNA_001/20220804_080000.WAV,Carp Pond,recover-20220804,001,1795
1332.0945,1332.1087,26328.0,31231.0,Echolocation,Nyctalus leisleri,0.319,0.506,-1,/mnt/ubna_data_01_mir/recover-20220804/UBNA_001/20220804_080000.WAV,Carp Pond,recover-20220804,001,1795
1332.6995,1332.7126,25468.0,30998.0,Echolocation,Nyctalus leisleri,0.456,0.679,-1,/mnt/ubna_data_01_mir/recover-20220804/UBNA_001/20220804_080000.WAV,Carp Pond,recover-20220804,001,1795
1332.8345,1332.848,26328.0,30778.0,Echolocation,Nyctalus leisleri,0.247,0.409,-1,/mnt/ubna_data_01_mir/recover-20220804/UBNA_001/20220804_080000.WAV,Carp Pond,recover-20220804,001,1795
1333.2355,1333.2483,25468.0,30993.0,Echolocation,Nyctalus leisleri,0.477,0.699,-1,/mnt/ubna_data_01_mir/recover-20220804/UBNA_001/20220804_080000.WAV,Carp Pond,recover-20220804,001,1795
1333.6205,1333.632,25468.0,31409.0,Echolocation,Nyctalus leisleri,0.433,0.628,-1,/mnt/ubna_data_01_mir/recover-20220804/UBNA_001/20220804_080000.WAV,Carp Pond,recover-20220804,001,1795
1334.1015,1334.1137,25468.0,31300.0,Echolocation,Nyctalus leisleri,0.309,0.56,-1,/mnt/ubna_data_01_mir/recover-20220804/UBNA_001/20220804_080000.WAV,Carp Pond,recover-20220804,001,1795
1334.3615,1334.3748,26328.0,31449.0,Echolocation,Nyctalus leisleri,0.291,0.538,-1,/mnt/ubna_data_01_mir/recover-20220804/UBNA_001/20220804_080000.WAV,Carp Pond,recover-20220804,001,1795
1334.8685,1334.8818,25468.0,32821.0,Echolocation,Eptesicus serotinus,0.34,0.553,-1,/mnt/ubna_data_01_mir/recover-20220804/UBNA_001/20220804_080000.WAV,Carp Pond,recover-20220804,001,1795
1335.3695,1335.3843,25468.0,31692.0,Echolocation,Nyctalus leisleri,0.268,0.625,-1,/mnt/ubna_data_01_mir/recover-20220804/UBNA_001/20220804_080000.WAV,Carp Pond,recover-20220804,001,1795
1335.8855,1335.8999,24609.0,32332.0,Echolocation,Eptesicus serotinus,0.317,0.599,-1,/mnt/ubna_data_01_mir/recover-20220804/UBNA_001/20220804_080000.WAV,Carp Pond,recover-20220804,001,1795
1336.3985,1336.4119,25468.0,32712.0,Echolocation,Eptesicus serotinus,0.285,0.598,-1,/mnt/ubna_data_01_mir/recover-20220804/UBNA_001/20220804_080000.WAV,Carp Pond,recover-20220804,001,1795
1336.6585,1336.6706,25468.0,30748.0,Echolocation,Nyctalus leisleri,0.296,0.517,-1,/mnt/ubna_data_01_mir/recover-20220804/UBNA_001/20220804_080000.WAV,Carp Pond,recover-20220804,001,1795
1337.7435,1337.7562,25468.0,29901.0,Echolocation,Nyctalus leisleri,0.43,0.581,-1,/mnt/ubna_data_01_mir/recover-20220804/UBNA_001/20220804_080000.WAV,Carp Pond,recover-20220804,001,1795
1340.2225,1340.2333,25468.0,30659.0,Echolocation,Nyctalus leisleri,0.372,0.584,-1,/mnt/ubna_data_01_mir/recover-20220804/UBNA_001/20220804_080000.WAV,Carp Pond,recover-20220804,001,1795
1340.6225,1340.6367,26328.0,29780.0,Echolocation,Nyctalus leisleri,0.137,0.254,-1,/mnt/ubna_data_01_mir/recover-20220804/UBNA_001/20220804_080000.WAV,Carp Pond,recover-20220804,001,1795
1340.7785,1340.7919,26328.0,30569.0,Echolocation,Nyctalus leisleri,0.217,0.372,-1,/mnt/ubna_data_01_mir/recover-20220804/UBNA_001/20220804_080000.WAV,Carp Pond,recover-20220804,001,1795
1341.2155,1341.228,25468.0,32050.0,Echolocation,Nyctalus leisleri,0.329,0.683,-1,/mnt/ubna_data_01_mir/recover-20220804/UBNA_001/20220804_080000.WAV,Carp Pond,recover-20220804,001,1795
1341.6515,1341.6644000000001,25468.0,30254.0,Echolocation,Nyctalus leisleri,0.207,0.367,-1,/mnt/ubna_data_01_mir/recover-20220804/UBNA_001/20220804_080000.WAV,Carp Pond,recover-20220804,001,1795
1342.1865,1342.1982,25468.0,30881.0,Echolocation,Nyctalus leisleri,0.239,0.46,-1,/mnt/ubna_data_01_mir/recover-20220804/UBNA_001/20220804_080000.WAV,Carp Pond,recover-20220804,001,1795
1342.4275,1342.4396,26328.0,31177.0,Echolocation,Nyctalus leisleri,0.336,0.566,-1,/mnt/ubna_data_01_mir/recover-20220804/UBNA_001/20220804_080000.WAV,Carp Pond,recover-20220804,001,1795
1342.8525,1342.8649,25468.0,31665.0,Echolocation,Nyctalus leisleri,0.326,0.646,-1,/mnt/ubna_data_01_mir/recover-20220804/UBNA_001/20220804_080000.WAV,Carp Pond,recover-20220804,001,1795
1343.3915,1343.4084,26328.0,30314.0,Echolocation,Nyctalus leisleri,0.254,0.391,-1,/mnt/ubna_data_01_mir/recover-20220804/UBNA_001/20220804_080000.WAV,Carp Pond,recover-20220804,001,1795
1343.9315,1343.9466,25468.0,28837.0,Echolocation,Nyctalus leisleri,0.443,0.554,-1,/mnt/ubna_data_01_mir/recover-20220804/UBNA_001/20220804_080000.WAV,Carp Pond,recover-20220804,001,1795
1344.5885,1344.6046,25468.0,29777.0,Echolocation,Nyctalus leisleri,0.207,0.32,-1,/mnt/ubna_data_01_mir/recover-20220804/UBNA_001/20220804_080000.WAV,Carp Pond,recover-20220804,001,1795
1344.9895,1345.0027,25468.0,30038.0,Echolocation,Nyctalus leisleri,0.208,0.365,-1,/mnt/ubna_data_01_mir/recover-20220804/UBNA_001/20220804_080000.WAV,Carp Pond,recover-20220804,001,1795
1345.2765,1345.2887,24609.0,29581.0,Echolocation,Nyctalus leisleri,0.194,0.425,-1,/mnt/ubna_data_01_mir/recover-20220804/UBNA_001/20220804_080000.WAV,Carp Pond,recover-20220804,001,1795
1345.7785,1345.7976,25468.0,28798.0,Echolocation,Nyctalus leisleri,0.214,0.304,-1,/mnt/ubna_data_01_mir/recover-20220804/UBNA_001/20220804_080000.WAV,Carp Pond,recover-20220804,001,1795
1346.4085,1346.4209,25468.0,29427.0,Echolocation,Nyctalus leisleri,0.225,0.358,-1,/mnt/ubna_data_01_mir/recover-20220804/UBNA_001/20220804_080000.WAV,Carp Pond,recover-20220804,001,1795
1347.0635,1347.0824,25468.0,29492.0,Echolocation,Nyctalus leisleri,0.165,0.252,-1,/mnt/ubna_data_01_mir/recover-20220804/UBNA_001/20220804_080000.WAV,Carp Pond,recover-20220804,001,1795
1347.6155,1347.6345,25468.0,29913.0,Echolocation,Nyctalus leisleri,0.111,0.209,-1,/mnt/ubna_data_01_mir/recover-20220804/UBNA_001/20220804_080000.WAV,Carp Pond,recover-20220804,001,1795
1348.4015,1348.413,24609.0,29953.0,Echolocation,Eptesicus serotinus,0.125,0.261,-1,/mnt/ubna_data_01_mir/recover-20220804/UBNA_001/20220804_080000.WAV,Carp Pond,recover-20220804,001,1795
1349.3385,1349.3521,25468.0,29615.0,Echolocation,Nyctalus leisleri,0.373,0.526,-1,/mnt/ubna_data_01_mir/recover-20220804/UBNA_001/20220804_080000.WAV,Carp Pond,recover-20220804,001,1795
1349.8595,1349.8728,25468.0,30290.0,Echolocation,Nyctalus leisleri,0.293,0.445,-1,/mnt/ubna_data_01_mir/recover-20220804/UBNA_001/20220804_080000.WAV,Carp Pond,recover-20220804,001,1795
1350.1225,1350.137,25468.0,29159.0,Echolocation,Nyctalus leisleri,0.214,0.332,-1,/mnt/ubna_data_01_mir/recover-20220804/UBNA_001/20220804_080000.WAV,Carp Pond,recover-20220804,001,1795
1352.1645,1352.1787,25468.0,28708.0,Echolocation,Nyctalus leisleri,0.311,0.449,-1,/mnt/ubna_data_01_mir/recover-20220804/UBNA_001/20220804_080000.WAV,Carp Pond,recover-20220804,001,1795
1356.1295,1356.1439,26328.0,30166.0,Echolocation,Nyctalus leisleri,0.213,0.334,-1,/mnt/ubna_data_01_mir/recover-20220804/UBNA_001/20220804_080000.WAV,Carp Pond,recover-20220804,001,1795
1359.1965,1359.2137,24609.0,28618.0,Echolocation,Nyctalus leisleri,0.239,0.327,-1,/mnt/ubna_data_01_mir/recover-20220804/UBNA_001/20220804_080000.WAV,Carp Pond,recover-20220804,001,1795
1360.5565,1360.5768,24609.0,28492.0,Echolocation,Nyctalus leisleri,0.177,0.257,-1,/mnt/ubna_data_01_mir/recover-20220804/UBNA_001/20220804_080000.WAV,Carp Pond,recover-20220804,001,1795
1360.7325,1360.7514,25468.0,28922.0,Echolocation,Nyctalus leisleri,0.157,0.214,-1,/mnt/ubna_data_01_mir/recover-20220804/UBNA_001/20220804_080000.WAV,Carp Pond,recover-20220804,001,1795
1360.9015,1360.9214,25468.0,29042.0,Echolocation,Nyctalus leisleri,0.237,0.317,-1,/mnt/ubna_data_01_mir/recover-20220804/UBNA_001/20220804_080000.WAV,Carp Pond,recover-20220804,001,1795
1379.9535,1379.9675,23750.0,27451.0,Echolocation,Nyctalus leisleri,0.242,0.306,-1,/mnt/ubna_data_01_mir/recover-20220804/UBNA_001/20220804_080000.WAV,Carp Pond,recover-20220804,001,1795
1395.3105,1395.3271,25468.0,28441.0,Echolocation,Nyctalus leisleri,0.383,0.5,-1,/mnt/ubna_data_01_mir/recover-20220804/UBNA_001/20220804_080000.WAV,Carp Pond,recover-20220804,001,1795
1395.8155,1395.8293,25468.0,30090.0,Echolocation,Nyctalus leisleri,0.406,0.614,-1,/mnt/ubna_data_01_mir/recover-20220804/UBNA_001/20220804_080000.WAV,Carp Pond,recover-20220804,001,1795
1396.0605,1396.0765,26328.0,30155.0,Echolocation,Nyctalus leisleri,0.286,0.438,-1,/mnt/ubna_data_01_mir/recover-20220804/UBNA_001/20220804_080000.WAV,Carp Pond,recover-20220804,001,1795
1396.7675,1396.7835,25468.0,30002.0,Echolocation,Nyctalus leisleri,0.389,0.541,-1,/mnt/ubna_data_01_mir/recover-20220804/UBNA_001/20220804_080000.WAV,Carp Pond,recover-20220804,001,1795
1397.3795,1397.3988,25468.0,29047.0,Echolocation,Nyctalus leisleri,0.236,0.317,-1,/mnt/ubna_data_01_mir/recover-20220804/UBNA_001/20220804_080000.WAV,Carp Pond,recover-20220804,001,1795
1397.8685,1397.8872,25468.0,29094.0,Echolocation,Nyctalus leisleri,0.216,0.311,-1,/mnt/ubna_data_01_mir/recover-20220804/UBNA_001/20220804_080000.WAV,Carp Pond,recover-20220804,001,1795
1398.4705,1398.4842,25468.0,30174.0,Echolocation,Nyctalus leisleri,0.448,0.629,-1,/mnt/ubna_data_01_mir/recover-20220804/UBNA_001/20220804_080000.WAV,Carp Pond,recover-20220804,001,1795
1398.6325,1398.6514,26328.0,30399.0,Echolocation,Nyctalus leisleri,0.327,0.469,-1,/mnt/ubna_data_01_mir/recover-20220804/UBNA_001/20220804_080000.WAV,Carp Pond,recover-20220804,001,1795
1399.1085,1399.1255,26328.0,30484.0,Echolocation,Nyctalus leisleri,0.207,0.305,-1,/mnt/ubna_data_01_mir/recover-20220804/UBNA_001/20220804_080000.WAV,Carp Pond,recover-20220804,001,1795
1399.7005,1399.7157,25468.0,31189.0,Echolocation,Nyctalus leisleri,0.3,0.524,-1,/mnt/ubna_data_01_mir/recover-20220804/UBNA_001/20220804_080000.WAV,Carp Pond,recover-20220804,001,1795
1400.1755,1400.1897,25468.0,30977.0,Echolocation,Nyctalus leisleri,0.276,0.655,-1,/mnt/ubna_data_01_mir/recover-20220804/UBNA_001/20220804_080000.WAV,Carp Pond,recover-20220804,001,1795
1403.1325,1403.1467,25468.0,29956.0,Echolocation,Nyctalus leisleri,0.313,0.612,-1,/mnt/ubna_data_01_mir/recover-20220804/UBNA_001/20220804_080000.WAV,Carp Pond,recover-20220804,001,1795
1403.6535,1403.6718,25468.0,28923.0,Echolocation,Nyctalus leisleri,0.24,0.32,-1,/mnt/ubna_data_01_mir/recover-20220804/UBNA_001/20220804_080000.WAV,Carp Pond,recover-20220804,001,1795
1404.1605,1404.1783,25468.0,29048.0,Echolocation,Nyctalus leisleri,0.336,0.425,-1,/mnt/ubna_data_01_mir/recover-20220804/UBNA_001/20220804_080000.WAV,Carp Pond,recover-20220804,001,1795
1414.0125,1414.0259,25468.0,28846.0,Echolocation,Nyctalus leisleri,0.398,0.58,-1,/mnt/ubna_data_01_mir/recover-20220804/UBNA_001/20220804_080000.WAV,Carp Pond,recover-20220804,001,1795
1415.0595,1415.0736,24609.0,29445.0,Echolocation,Nyctalus leisleri,0.45,0.616,-1,/mnt/ubna_data_01_mir/recover-20220804/UBNA_001/20220804_080000.WAV,Carp Pond,recover-20220804,001,1795
1415.7225,1415.737,25468.0,29581.0,Echolocation,Nyctalus leisleri,0.318,0.437,-1,/mnt/ubna_data_01_mir/recover-20220804/UBNA_001/20220804_080000.WAV,Carp Pond,recover-20220804,001,1795
1416.4445,1416.462,25468.0,28908.0,Echolocation,Nyctalus leisleri,0.267,0.356,-1,/mnt/ubna_data_01_mir/recover-20220804/UBNA_001/20220804_080000.WAV,Carp Pond,recover-20220804,001,1795
1416.9795,1416.9968,25468.0,29049.0,Echolocation,Nyctalus leisleri,0.296,0.397,-1,/mnt/ubna_data_01_mir/recover-20220804/UBNA_001/20220804_080000.WAV,Carp Pond,recover-20220804,001,1795
1417.7095,1417.7272,23750.0,28335.0,Echolocation,Nyctalus leisleri,0.229,0.343,-1,/mnt/ubna_data_01_mir/recover-20220804/UBNA_001/20220804_080000.WAV,Carp Pond,recover-20220804,001,1795
1418.3225,1418.3409,25468.0,28895.0,Echolocation,Nyctalus leisleri,0.284,0.378,-1,/mnt/ubna_data_01_mir/recover-20220804/UBNA_001/20220804_080000.WAV,Carp Pond,recover-20220804,001,1795
1423.5725,1423.5867,26328.0,29852.0,Echolocation,Nyctalus leisleri,0.18,0.247,-1,/mnt/ubna_data_01_mir/recover-20220804/UBNA_001/20220804_080000.WAV,Carp Pond,recover-20220804,001,1795
1424.6875,1424.7009,26328.0,29871.0,Echolocation,Nyctalus leisleri,0.155,0.25,-1,/mnt/ubna_data_01_mir/recover-20220804/UBNA_001/20220804_080000.WAV,Carp Pond,recover-20220804,001,1795
1425.4205,1425.4327,27187.0,32435.0,Echolocation,Eptesicus serotinus,0.168,0.349,-1,/mnt/ubna_data_01_mir/recover-20220804/UBNA_001/20220804_080000.WAV,Carp Pond,recover-20220804,001,1795
1425.8075,1425.8197,26328.0,30930.0,Echolocation,Nyctalus leisleri,0.243,0.423,-1,/mnt/ubna_data_01_mir/recover-20220804/UBNA_001/20220804_080000.WAV,Carp Pond,recover-20220804,001,1795
1426.2935,1426.3074,26328.0,30995.0,Echolocation,Nyctalus leisleri,0.11,0.219,-1,/mnt/ubna_data_01_mir/recover-20220804/UBNA_001/20220804_080000.WAV,Carp Pond,recover-20220804,001,1795
1427.3185,1427.3289,26328.0,31846.0,Echolocation,Nyctalus leisleri,0.284,0.527,-1,/mnt/ubna_data_01_mir/recover-20220804/UBNA_001/20220804_080000.WAV,Carp Pond,recover-20220804,001,1795
1427.5705,1427.5821,27187.0,31844.0,Echolocation,Nyctalus leisleri,0.305,0.468,-1,/mnt/ubna_data_01_mir/recover-20220804/UBNA_001/20220804_080000.WAV,Carp Pond,recover-20220804,001,1795
1427.8205,1427.8323,26328.0,31250.0,Echolocation,Nyctalus leisleri,0.249,0.461,-1,/mnt/ubna_data_01_mir/recover-20220804/UBNA_001/20220804_080000.WAV,Carp Pond,recover-20220804,001,1795
1428.3365,1428.3484,26328.0,30608.0,Echolocation,Nyctalus leisleri,0.303,0.443,-1,/mnt/ubna_data_01_mir/recover-20220804/UBNA_001/20220804_080000.WAV,Carp Pond,recover-20220804,001,1795
1428.5775,1428.5904,27187.0,31355.0,Echolocation,Nyctalus leisleri,0.398,0.564,-1,/mnt/ubna_data_01_mir/recover-20220804/UBNA_001/20220804_080000.WAV,Carp Pond,recover-20220804,001,1795
1428.9625,1428.9751,27187.0,31347.0,Echolocation,Nyctalus leisleri,0.222,0.359,-1,/mnt/ubna_data_01_mir/recover-20220804/UBNA_001/20220804_080000.WAV,Carp Pond,recover-20220804,001,1795
1429.1995,1429.2119,27187.0,32007.0,Echolocation,Nyctalus leisleri,0.298,0.526,-1,/mnt/ubna_data_01_mir/recover-20220804/UBNA_001/20220804_080000.WAV,Carp Pond,recover-20220804,001,1795
1429.8405,1429.8531,27187.0,32172.0,Echolocation,Nyctalus leisleri,0.349,0.62,-1,/mnt/ubna_data_01_mir/recover-20220804/UBNA_001/20220804_080000.WAV,Carp Pond,recover-20220804,001,1795
1430.2115,1430.2271,26328.0,29323.0,Echolocation,Nyctalus leisleri,0.297,0.405,-1,/mnt/ubna_data_01_mir/recover-20220804/UBNA_001/20220804_080000.WAV,Carp Pond,recover-20220804,001,1795
1430.4665,1430.4822,27187.0,30951.0,Echolocation,Nyctalus leisleri,0.167,0.267,-1,/mnt/ubna_data_01_mir/recover-20220804/UBNA_001/20220804_080000.WAV,Carp Pond,recover-20220804,001,1795
1430.8465,1430.8624,26328.0,29136.0,Echolocation,Nyctalus leisleri,0.263,0.359,-1,/mnt/ubna_data_01_mir/recover-20220804/UBNA_001/20220804_080000.WAV,Carp Pond,recover-20220804,001,1795
1431.1105,1431.1225,27187.0,31299.0,Echolocation,Nyctalus leisleri,0.398,0.58,-1,/mnt/ubna_data_01_mir/recover-20220804/UBNA_001/20220804_080000.WAV,Carp Pond,recover-20220804,001,1795
1431.5015,1431.5162,26328.0,29562.0,Echolocation,Nyctalus leisleri,0.205,0.292,-1,/mnt/ubna_data_01_mir/recover-20220804/UBNA_001/20220804_080000.WAV,Carp Pond,recover-20220804,001,1795
1431.8685,1431.8849,26328.0,30514.0,Echolocation,Nyctalus leisleri,0.286,0.608,-1,/mnt/ubna_data_01_mir/recover-20220804/UBNA_001/20220804_080000.WAV,Carp Pond,recover-20220804,001,1795
1432.2335,1432.2512,26328.0,29182.0,Echolocation,Nyctalus leisleri,0.29,0.362,-1,/mnt/ubna_data_01_mir/recover-20220804/UBNA_001/20220804_080000.WAV,Carp Pond,recover-20220804,001,1795
1432.5815,1432.5971,26328.0,29670.0,Echolocation,Nyctalus leisleri,0.448,0.594,-1,/mnt/ubna_data_01_mir/recover-20220804/UBNA_001/20220804_080000.WAV,Carp Pond,recover-20220804,001,1795
1432.9585,1432.9752,26328.0,30212.0,Echolocation,Nyctalus leisleri,0.195,0.302,-1,/mnt/ubna_data_01_mir/recover-20220804/UBNA_001/20220804_080000.WAV,Carp Pond,recover-20220804,001,1795
1433.3385,1433.3541,26328.0,30215.0,Echolocation,Nyctalus leisleri,0.275,0.6,-1,/mnt/ubna_data_01_mir/recover-20220804/UBNA_001/20220804_080000.WAV,Carp Pond,recover-20220804,001,1795
1433.5995,1433.6135,26328.0,29431.0,Echolocation,Nyctalus leisleri,0.328,0.451,-1,/mnt/ubna_data_01_mir/recover-20220804/UBNA_001/20220804_080000.WAV,Carp Pond,recover-20220804,001,1795
1433.8275,1433.8402,26328.0,30603.0,Echolocation,Nyctalus leisleri,0.479,0.642,-1,/mnt/ubna_data_01_mir/recover-20220804/UBNA_001/20220804_080000.WAV,Carp Pond,recover-20220804,001,1795
1433.9245,1433.9343,28046.0,33598.0,Echolocation,Nyctalus leisleri,0.205,0.419,-1,/mnt/ubna_data_01_mir/recover-20220804/UBNA_001/20220804_080000.WAV,Carp Pond,recover-20220804,001,1795
1434.0425,1434.0526,28046.0,33887.0,Echolocation,Nyctalus leisleri,0.262,0.549,-1,/mnt/ubna_data_01_mir/recover-20220804/UBNA_001/20220804_080000.WAV,Carp Pond,recover-20220804,001,1795
1434.2695,1434.2811,27187.0,34261.0,Echolocation,Nyctalus leisleri,0.274,0.588,-1,/mnt/ubna_data_01_mir/recover-20220804/UBNA_001/20220804_080000.WAV,Carp Pond,recover-20220804,001,1795
1434.4135,1434.4296,26328.0,30151.0,Echolocation,Nyctalus leisleri,0.249,0.361,-1,/mnt/ubna_data_01_mir/recover-20220804/UBNA_001/20220804_080000.WAV,Carp Pond,recover-20220804,001,1795
1434.6775,1434.6904,27187.0,32482.0,Echolocation,Nyctalus leisleri,0.141,0.297,-1,/mnt/ubna_data_01_mir/recover-20220804/UBNA_001/20220804_080000.WAV,Carp Pond,recover-20220804,001,1795
1434.9195,1434.9352,26328.0,32289.0,Echolocation,Eptesicus serotinus,0.243,0.531,-1,/mnt/ubna_data_01_mir/recover-20220804/UBNA_001/20220804_080000.WAV,Carp Pond,recover-20220804,001,1795
1435.5075,1435.5243,26328.0,30727.0,Echolocation,Nyctalus leisleri,0.286,0.41,-1,/mnt/ubna_data_01_mir/recover-20220804/UBNA_001/20220804_080000.WAV,Carp Pond,recover-20220804,001,1795
1435.6495,1435.6649,26328.0,30423.0,Echolocation,Nyctalus leisleri,0.208,0.334,-1,/mnt/ubna_data_01_mir/recover-20220804/UBNA_001/20220804_080000.WAV,Carp Pond,recover-20220804,001,1795
1435.7825,1435.7989,26328.0,29694.0,Echolocation,Nyctalus leisleri,0.37,0.48,-1,/mnt/ubna_data_01_mir/recover-20220804/UBNA_001/20220804_080000.WAV,Carp Pond,recover-20220804,001,1795
1436.5255,1436.5414,26328.0,29584.0,Echolocation,Nyctalus leisleri,0.339,0.569,-1,/mnt/ubna_data_01_mir/recover-20220804/UBNA_001/20220804_080000.WAV,Carp Pond,recover-20220804,001,1795
1437.2435,1437.261,26328.0,29858.0,Echolocation,Nyctalus leisleri,0.362,0.496,-1,/mnt/ubna_data_01_mir/recover-20220804/UBNA_001/20220804_080000.WAV,Carp Pond,recover-20220804,001,1795
1437.4775,1437.4929,26328.0,29483.0,Echolocation,Nyctalus leisleri,0.531,0.635,-1,/mnt/ubna_data_01_mir/recover-20220804/UBNA_001/20220804_080000.WAV,Carp Pond,recover-20220804,001,1795
1437.7115,1437.7233,26328.0,30625.0,Echolocation,Nyctalus leisleri,0.389,0.542,-1,/mnt/ubna_data_01_mir/recover-20220804/UBNA_001/20220804_080000.WAV,Carp Pond,recover-20220804,001,1795
1437.9495,1437.963,27187.0,29595.0,Echolocation,Nyctalus leisleri,0.248,0.303,-1,/mnt/ubna_data_01_mir/recover-20220804/UBNA_001/20220804_080000.WAV,Carp Pond,recover-20220804,001,1795
1438.1895,1438.2036,26328.0,30558.0,Echolocation,Nyctalus leisleri,0.471,0.646,-1,/mnt/ubna_data_01_mir/recover-20220804/UBNA_001/20220804_080000.WAV,Carp Pond,recover-20220804,001,1795
1438.7935,1438.8052,27187.0,33195.0,Echolocation,Eptesicus serotinus,0.218,0.376,-1,/mnt/ubna_data_01_mir/recover-20220804/UBNA_001/20220804_080000.WAV,Carp Pond,recover-20220804,001,1795
1449.0265,1449.0402,27187.0,31944.0,Echolocation,Nyctalus leisleri,0.179,0.371,-1,/mnt/ubna_data_01_mir/recover-20220804/UBNA_001/20220804_080000.WAV,Carp Pond,recover-20220804,001,1795
1449.5435,1449.5568,27187.0,30766.0,Echolocation,Nyctalus leisleri,0.173,0.307,-1,/mnt/ubna_data_01_mir/recover-20220804/UBNA_001/20220804_080000.WAV,Carp Pond,recover-20220804,001,1795
1450.1915,1450.2065,26328.0,31212.0,Echolocation,Nyctalus leisleri,0.244,0.4,-1,/mnt/ubna_data_01_mir/recover-20220804/UBNA_001/20220804_080000.WAV,Carp Pond,recover-20220804,001,1795
1450.6985,1450.713,27187.0,32414.0,Echolocation,Nyctalus leisleri,0.165,0.345,-1,/mnt/ubna_data_01_mir/recover-20220804/UBNA_001/20220804_080000.WAV,Carp Pond,recover-20220804,001,1795
1451.6915,1451.7053,26328.0,30883.0,Echolocation,Nyctalus leisleri,0.353,0.594,-1,/mnt/ubna_data_01_mir/recover-20220804/UBNA_001/20220804_080000.WAV,Carp Pond,recover-20220804,001,1795
1452.1875,1452.2031,27187.0,31987.0,Echolocation,Nyctalus leisleri,0.125,0.26,-1,/mnt/ubna_data_01_mir/recover-20220804/UBNA_001/20220804_080000.WAV,Carp Pond,recover-20220804,001,1795
1452.8865,1452.8968,27187.0,33149.0,Echolocation,Nyctalus leisleri,0.25,0.542,-1,/mnt/ubna_data_01_mir/recover-20220804/UBNA_001/20220804_080000.WAV,Carp Pond,recover-20220804,001,1795
1453.4555,1453.468,27187.0,32848.0,Echolocation,Eptesicus serotinus,0.139,0.252,-1,/mnt/ubna_data_01_mir/recover-20220804/UBNA_001/20220804_080000.WAV,Carp Pond,recover-20220804,001,1795
1454.5225,1454.5368,26328.0,30061.0,Echolocation,Nyctalus leisleri,0.22,0.326,-1,/mnt/ubna_data_01_mir/recover-20220804/UBNA_001/20220804_080000.WAV,Carp Pond,recover-20220804,001,1795
1454.9425,1454.9538,27187.0,32290.0,Echolocation,Eptesicus serotinus,0.143,0.284,-1,/mnt/ubna_data_01_mir/recover-20220804/UBNA_001/20220804_080000.WAV,Carp Pond,recover-20220804,001,1795
1511.3525,1511.371,22031.0,25751.0,Echolocation,Nyctalus leisleri,0.109,0.239,-1,/mnt/ubna_data_01_mir/recover-20220804/UBNA_001/20220804_080000.WAV,Carp Pond,recover-20220804,001,1795
1529.5125,1529.5189,18593.0,29415.0,Echolocation,Plecotus auritus,0.12,0.234,-1,/mnt/ubna_data_01_mir/recover-20220804/UBNA_001/20220804_080000.WAV,Carp Pond,recover-20220804,001,1795
1622.2685,1622.2832,22890.0,27774.0,Echolocation,Nyctalus leisleri,0.094,0.225,-1,/mnt/ubna_data_01_mir/recover-20220804/UBNA_001/20220804_080000.WAV,Carp Pond,recover-20220804,001,1795
1710.1045,1710.1232,25468.0,29810.0,Echolocation,Nyctalus leisleri,0.233,0.366,-1,/mnt/ubna_data_01_mir/recover-20220804/UBNA_001/20220804_080000.WAV,Carp Pond,recover-20220804,001,1795
1710.5845,1710.6024,25468.0,29357.0,Echolocation,Nyctalus leisleri,0.158,0.257,-1,/mnt/ubna_data_01_mir/recover-20220804/UBNA_001/20220804_080000.WAV,Carp Pond,recover-20220804,001,1795
1711.2825,1711.3011,25468.0,29041.0,Echolocation,Nyctalus leisleri,0.376,0.477,-1,/mnt/ubna_data_01_mir/recover-20220804/UBNA_001/20220804_080000.WAV,Carp Pond,recover-20220804,001,1795
1711.7735,1711.7879,25468.0,29019.0,Echolocation,Nyctalus leisleri,0.443,0.553,-1,/mnt/ubna_data_01_mir/recover-20220804/UBNA_001/20220804_080000.WAV,Carp Pond,recover-20220804,001,1795
1712.4665,1712.4791,25468.0,30147.0,Echolocation,Nyctalus leisleri,0.442,0.592,-1,/mnt/ubna_data_01_mir/recover-20220804/UBNA_001/20220804_080000.WAV,Carp Pond,recover-20220804,001,1795
1713.0765,1713.0911,25468.0,30919.0,Echolocation,Nyctalus leisleri,0.302,0.548,-1,/mnt/ubna_data_01_mir/recover-20220804/UBNA_001/20220804_080000.WAV,Carp Pond,recover-20220804,001,1795
1713.5915,1713.608,25468.0,28844.0,Echolocation,Nyctalus leisleri,0.449,0.523,-1,/mnt/ubna_data_01_mir/recover-20220804/UBNA_001/20220804_080000.WAV,Carp Pond,recover-20220804,001,1795
1713.8395,1713.8587,25468.0,29751.0,Echolocation,Nyctalus leisleri,0.294,0.413,-1,/mnt/ubna_data_01_mir/recover-20220804/UBNA_001/20220804_080000.WAV,Carp Pond,recover-20220804,001,1795
1714.3415,1714.357,25468.0,28850.0,Echolocation,Nyctalus leisleri,0.456,0.594,-1,/mnt/ubna_data_01_mir/recover-20220804/UBNA_001/20220804_080000.WAV,Carp Pond,recover-20220804,001,1795
1714.9515,1714.9645,25468.0,30738.0,Echolocation,Nyctalus leisleri,0.368,0.658,-1,/mnt/ubna_data_01_mir/recover-20220804/UBNA_001/20220804_080000.WAV,Carp Pond,recover-20220804,001,1795
1715.4535,1715.4698,24609.0,28581.0,Echolocation,Nyctalus leisleri,0.114,0.212,-1,/mnt/ubna_data_01_mir/recover-20220804/UBNA_001/20220804_080000.WAV,Carp Pond,recover-20220804,001,1795
1715.9415,1715.961,24609.0,28006.0,Echolocation,Nyctalus leisleri,0.158,0.247,-1,/mnt/ubna_data_01_mir/recover-20220804/UBNA_001/20220804_080000.WAV,Carp Pond,recover-20220804,001,1795
1716.5375,1716.5506,25468.0,30632.0,Echolocation,Nyctalus leisleri,0.33,0.524,-1,/mnt/ubna_data_01_mir/recover-20220804/UBNA_001/20220804_080000.WAV,Carp Pond,recover-20220804,001,1795
1716.7535,1716.7585,17734.0,34313.0,Echolocation,Plecotus austriacus,0.147,0.27,-1,/mnt/ubna_data_01_mir/recover-20220804/UBNA_001/20220804_080000.WAV,Carp Pond,recover-20220804,001,1795
1717.1455,1717.1618,25468.0,29370.0,Echolocation,Nyctalus leisleri,0.145,0.244,-1,/mnt/ubna_data_01_mir/recover-20220804/UBNA_001/20220804_080000.WAV,Carp Pond,recover-20220804,001,1795
1718.2905,1718.3064,25468.0,28422.0,Echolocation,Nyctalus leisleri,0.447,0.532,-1,/mnt/ubna_data_01_mir/recover-20220804/UBNA_001/20220804_080000.WAV,Carp Pond,recover-20220804,001,1795
1719.0385,1719.0514,25468.0,30882.0,Echolocation,Eptesicus serotinus,0.154,0.331,-1,/mnt/ubna_data_01_mir/recover-20220804/UBNA_001/20220804_080000.WAV,Carp Pond,recover-20220804,001,1795
1719.2035,1719.2205,25468.0,29427.0,Echolocation,Nyctalus leisleri,0.497,0.599,-1,/mnt/ubna_data_01_mir/recover-20220804/UBNA_001/20220804_080000.WAV,Carp Pond,recover-20220804,001,1795
1719.8995,1719.9124,25468.0,29720.0,Echolocation,Nyctalus leisleri,0.463,0.619,-1,/mnt/ubna_data_01_mir/recover-20220804/UBNA_001/20220804_080000.WAV,Carp Pond,recover-20220804,001,1795
1720.7765,1720.7885,26328.0,31672.0,Echolocation,Nyctalus leisleri,0.365,0.612,-1,/mnt/ubna_data_01_mir/recover-20220804/UBNA_001/20220804_080000.WAV,Carp Pond,recover-20220804,001,1795
1721.6405,1721.6577,25468.0,29399.0,Echolocation,Nyctalus leisleri,0.177,0.266,-1,/mnt/ubna_data_01_mir/recover-20220804/UBNA_001/20220804_080000.WAV,Carp Pond,recover-20220804,001,1795
1722.0315,1722.0436,25468.0,30375.0,Echolocation,Nyctalus leisleri,0.46,0.601,-1,/mnt/ubna_data_01_mir/recover-20220804/UBNA_001/20220804_080000.WAV,Carp Pond,recover-20220804,001,1795
1722.5355,1722.5499,25468.0,29359.0,Echolocation,Nyctalus leisleri,0.448,0.567,-1,/mnt/ubna_data_01_mir/recover-20220804/UBNA_001/20220804_080000.WAV,Carp Pond,recover-20220804,001,1795
1723.1825,1723.1998,25468.0,29604.0,Echolocation,Nyctalus leisleri,0.366,0.521,-1,/mnt/ubna_data_01_mir/recover-20220804/UBNA_001/20220804_080000.WAV,Carp Pond,recover-20220804,001,1795
1723.7485,1723.7639,24609.0,28370.0,Echolocation,Nyctalus leisleri,0.207,0.286,-1,/mnt/ubna_data_01_mir/recover-20220804/UBNA_001/20220804_080000.WAV,Carp Pond,recover-20220804,001,1795
1724.2685,1724.2842,25468.0,29324.0,Echolocation,Nyctalus leisleri,0.198,0.322,-1,/mnt/ubna_data_01_mir/recover-20220804/UBNA_001/20220804_080000.WAV,Carp Pond,recover-20220804,001,1795
1727.9295,1727.9422,24609.0,29337.0,Echolocation,Nyctalus leisleri,0.301,0.434,-1,/mnt/ubna_data_01_mir/recover-20220804/UBNA_001/20220804_080000.WAV,Carp Pond,recover-20220804,001,1795
1728.5505,1728.5635,25468.0,29332.0,Echolocation,Nyctalus leisleri,0.276,0.418,-1,/mnt/ubna_data_01_mir/recover-20220804/UBNA_001/20220804_080000.WAV,Carp Pond,recover-20220804,001,1795
1729.1695,1729.1824,25468.0,28996.0,Echolocation,Nyctalus leisleri,0.447,0.576,-1,/mnt/ubna_data_01_mir/recover-20220804/UBNA_001/20220804_080000.WAV,Carp Pond,recover-20220804,001,1795
1730.8575,1730.8698,24609.0,29995.0,Echolocation,Nyctalus leisleri,0.257,0.49,-1,/mnt/ubna_data_01_mir/recover-20220804/UBNA_001/20220804_080000.WAV,Carp Pond,recover-20220804,001,1795
