start_time,end_time,low_freq,high_freq,class,class_prob,det_prob,individual,event,input_file,Site name,Recover Folder,SD Card,File Duration
3.5365,3.554,26328.0,29921.0,Nyctalus leisleri,0.18,0.284,-1,Echolocation,/mnt/ubna_data_01_mir/recover-20220804/UBNA_001/20220802_100000.WAV,Carp Pond,recover-20220804,001,1795
4.7255,4.7384,27187.0,30985.0,Nyctalus leisleri,0.379,0.535,-1,Echolocation,/mnt/ubna_data_01_mir/recover-20220804/UBNA_001/20220802_100000.WAV,Carp Pond,recover-20220804,001,1795
6.1625,6.1785,26328.0,29565.0,Nyctalus leisleri,0.142,0.21,-1,Echolocation,/mnt/ubna_data_01_mir/recover-20220804/UBNA_001/20220802_100000.WAV,Carp Pond,recover-20220804,001,1795
19.6455,19.6572,23750.0,29714.0,Nyctalus leisleri,0.261,0.525,-1,Echolocation,/mnt/ubna_data_01_mir/recover-20220804/UBNA_001/20220802_100000.WAV,Carp Pond,recover-20220804,001,1795
20.2975,20.3105,23750.0,28474.0,Nyctalus leisleri,0.189,0.313,-1,Echolocation,/mnt/ubna_data_01_mir/recover-20220804/UBNA_001/20220802_100000.WAV,Carp Pond,recover-20220804,001,1795
21.3125,21.3248,23750.0,28123.0,Nyctalus leisleri,0.295,0.458,-1,Echolocation,/mnt/ubna_data_01_mir/recover-20220804/UBNA_001/20220802_100000.WAV,Carp Pond,recover-20220804,001,1795
22.5845,22.5957,23750.0,29713.0,Nyctalus leisleri,0.287,0.515,-1,Echolocation,/mnt/ubna_data_01_mir/recover-20220804/UBNA_001/20220802_100000.WAV,Carp Pond,recover-20220804,001,1795
22.8305,22.8424,23750.0,29608.0,Nyctalus leisleri,0.418,0.612,-1,Echolocation,/mnt/ubna_data_01_mir/recover-20220804/UBNA_001/20220802_100000.WAV,Carp Pond,recover-20220804,001,1795
23.0845,23.0968,23750.0,29203.0,Nyctalus leisleri,0.591,0.695,-1,Echolocation,/mnt/ubna_data_01_mir/recover-20220804/UBNA_001/20220802_100000.WAV,Carp Pond,recover-20220804,001,1795
23.3305,23.3429,23750.0,28583.0,Nyctalus leisleri,0.275,0.451,-1,Echolocation,/mnt/ubna_data_01_mir/recover-20220804/UBNA_001/20220802_100000.WAV,Carp Pond,recover-20220804,001,1795
23.7005,23.7129,23750.0,28430.0,Nyctalus leisleri,0.49,0.607,-1,Echolocation,/mnt/ubna_data_01_mir/recover-20220804/UBNA_001/20220802_100000.WAV,Carp Pond,recover-20220804,001,1795
23.9535,23.9681,23750.0,28159.0,Nyctalus leisleri,0.525,0.597,-1,Echolocation,/mnt/ubna_data_01_mir/recover-20220804/UBNA_001/20220802_100000.WAV,Carp Pond,recover-20220804,001,1795
24.1875,24.2014,23750.0,29277.0,Nyctalus leisleri,0.489,0.624,-1,Echolocation,/mnt/ubna_data_01_mir/recover-20220804/UBNA_001/20220802_100000.WAV,Carp Pond,recover-20220804,001,1795
24.4325,24.4471,23750.0,29049.0,Nyctalus leisleri,0.419,0.583,-1,Echolocation,/mnt/ubna_data_01_mir/recover-20220804/UBNA_001/20220802_100000.WAV,Carp Pond,recover-20220804,001,1795
24.8225,24.8351,24609.0,28666.0,Nyctalus leisleri,0.483,0.604,-1,Echolocation,/mnt/ubna_data_01_mir/recover-20220804/UBNA_001/20220802_100000.WAV,Carp Pond,recover-20220804,001,1795
25.0695,25.086,23750.0,28026.0,Nyctalus leisleri,0.482,0.582,-1,Echolocation,/mnt/ubna_data_01_mir/recover-20220804/UBNA_001/20220802_100000.WAV,Carp Pond,recover-20220804,001,1795
25.4405,25.4525,23750.0,28602.0,Nyctalus leisleri,0.212,0.428,-1,Echolocation,/mnt/ubna_data_01_mir/recover-20220804/UBNA_001/20220802_100000.WAV,Carp Pond,recover-20220804,001,1795
25.8085,25.8203,24609.0,30185.0,Nyctalus leisleri,0.441,0.652,-1,Echolocation,/mnt/ubna_data_01_mir/recover-20220804/UBNA_001/20220802_100000.WAV,Carp Pond,recover-20220804,001,1795
26.0595,26.0743,23750.0,28300.0,Nyctalus leisleri,0.404,0.551,-1,Echolocation,/mnt/ubna_data_01_mir/recover-20220804/UBNA_001/20220802_100000.WAV,Carp Pond,recover-20220804,001,1795
26.3115,26.3264,23750.0,29163.0,Nyctalus leisleri,0.335,0.599,-1,Echolocation,/mnt/ubna_data_01_mir/recover-20220804/UBNA_001/20220802_100000.WAV,Carp Pond,recover-20220804,001,1795
26.5705,26.5874,24609.0,28145.0,Nyctalus leisleri,0.205,0.282,-1,Echolocation,/mnt/ubna_data_01_mir/recover-20220804/UBNA_001/20220802_100000.WAV,Carp Pond,recover-20220804,001,1795
27.0825,27.0958,24609.0,29365.0,Nyctalus leisleri,0.424,0.655,-1,Echolocation,/mnt/ubna_data_01_mir/recover-20220804/UBNA_001/20220802_100000.WAV,Carp Pond,recover-20220804,001,1795
27.4585,27.4741,24609.0,29933.0,Nyctalus leisleri,0.14,0.303,-1,Echolocation,/mnt/ubna_data_01_mir/recover-20220804/UBNA_001/20220802_100000.WAV,Carp Pond,recover-20220804,001,1795
27.6835,27.7041,22031.0,26256.0,Nyctalus noctula,0.102,0.225,-1,Echolocation,/mnt/ubna_data_01_mir/recover-20220804/UBNA_001/20220802_100000.WAV,Carp Pond,recover-20220804,001,1795
27.7115,27.7235,24609.0,29733.0,Nyctalus leisleri,0.476,0.627,-1,Echolocation,/mnt/ubna_data_01_mir/recover-20220804/UBNA_001/20220802_100000.WAV,Carp Pond,recover-20220804,001,1795
28.0855,28.1012,23750.0,28461.0,Nyctalus leisleri,0.288,0.427,-1,Echolocation,/mnt/ubna_data_01_mir/recover-20220804/UBNA_001/20220802_100000.WAV,Carp Pond,recover-20220804,001,1795
28.3365,28.3512,24609.0,29813.0,Nyctalus leisleri,0.347,0.509,-1,Echolocation,/mnt/ubna_data_01_mir/recover-20220804/UBNA_001/20220802_100000.WAV,Carp Pond,recover-20220804,001,1795
29.0985,29.1129,23750.0,29668.0,Nyctalus leisleri,0.292,0.573,-1,Echolocation,/mnt/ubna_data_01_mir/recover-20220804/UBNA_001/20220802_100000.WAV,Carp Pond,recover-20220804,001,1795
29.6265,29.6408,23750.0,28826.0,Nyctalus leisleri,0.215,0.393,-1,Echolocation,/mnt/ubna_data_01_mir/recover-20220804/UBNA_001/20220802_100000.WAV,Carp Pond,recover-20220804,001,1795
29.8875,29.9002,23750.0,28607.0,Nyctalus leisleri,0.192,0.356,-1,Echolocation,/mnt/ubna_data_01_mir/recover-20220804/UBNA_001/20220802_100000.WAV,Carp Pond,recover-20220804,001,1795
30.1365,30.1512,23750.0,28491.0,Nyctalus leisleri,0.404,0.53,-1,Echolocation,/mnt/ubna_data_01_mir/recover-20220804/UBNA_001/20220802_100000.WAV,Carp Pond,recover-20220804,001,1795
30.3975,30.4107,24609.0,30346.0,Nyctalus leisleri,0.311,0.578,-1,Echolocation,/mnt/ubna_data_01_mir/recover-20220804/UBNA_001/20220802_100000.WAV,Carp Pond,recover-20220804,001,1795
30.6675,30.6799,24609.0,30928.0,Nyctalus leisleri,0.348,0.624,-1,Echolocation,/mnt/ubna_data_01_mir/recover-20220804/UBNA_001/20220802_100000.WAV,Carp Pond,recover-20220804,001,1795
30.9175,30.9324,23750.0,28164.0,Nyctalus leisleri,0.215,0.317,-1,Echolocation,/mnt/ubna_data_01_mir/recover-20220804/UBNA_001/20220802_100000.WAV,Carp Pond,recover-20220804,001,1795
31.1835,31.1964,23750.0,29999.0,Nyctalus leisleri,0.421,0.668,-1,Echolocation,/mnt/ubna_data_01_mir/recover-20220804/UBNA_001/20220802_100000.WAV,Carp Pond,recover-20220804,001,1795
31.5805,31.5934,22890.0,29228.0,Nyctalus leisleri,0.333,0.614,-1,Echolocation,/mnt/ubna_data_01_mir/recover-20220804/UBNA_001/20220802_100000.WAV,Carp Pond,recover-20220804,001,1795
32.091499999999996,32.1037,24609.0,29769.0,Nyctalus leisleri,0.442,0.638,-1,Echolocation,/mnt/ubna_data_01_mir/recover-20220804/UBNA_001/20220802_100000.WAV,Carp Pond,recover-20220804,001,1795
34.7495,34.764,23750.0,28885.0,Nyctalus leisleri,0.195,0.343,-1,Echolocation,/mnt/ubna_data_01_mir/recover-20220804/UBNA_001/20220802_100000.WAV,Carp Pond,recover-20220804,001,1795
35.0295,35.0463,23750.0,27318.0,Nyctalus leisleri,0.203,0.274,-1,Echolocation,/mnt/ubna_data_01_mir/recover-20220804/UBNA_001/20220802_100000.WAV,Carp Pond,recover-20220804,001,1795
48.4655,48.4801,23750.0,28165.0,Nyctalus leisleri,0.112,0.215,-1,Echolocation,/mnt/ubna_data_01_mir/recover-20220804/UBNA_001/20220802_100000.WAV,Carp Pond,recover-20220804,001,1795
52.4905,52.504400000000004,23750.0,29781.0,Nyctalus leisleri,0.286,0.548,-1,Echolocation,/mnt/ubna_data_01_mir/recover-20220804/UBNA_001/20220802_100000.WAV,Carp Pond,recover-20220804,001,1795
52.7825,52.7958,23750.0,28425.0,Nyctalus leisleri,0.393,0.524,-1,Echolocation,/mnt/ubna_data_01_mir/recover-20220804/UBNA_001/20220802_100000.WAV,Carp Pond,recover-20220804,001,1795
53.161500000000004,53.174099999999996,24609.0,29090.0,Nyctalus leisleri,0.258,0.453,-1,Echolocation,/mnt/ubna_data_01_mir/recover-20220804/UBNA_001/20220802_100000.WAV,Carp Pond,recover-20220804,001,1795
53.5475,53.562200000000004,23750.0,28894.0,Nyctalus leisleri,0.168,0.364,-1,Echolocation,/mnt/ubna_data_01_mir/recover-20220804/UBNA_001/20220802_100000.WAV,Carp Pond,recover-20220804,001,1795
53.8185,53.832899999999995,24609.0,28951.0,Nyctalus leisleri,0.164,0.277,-1,Echolocation,/mnt/ubna_data_01_mir/recover-20220804/UBNA_001/20220802_100000.WAV,Carp Pond,recover-20220804,001,1795
55.8345,55.847899999999996,23750.0,30043.0,Nyctalus leisleri,0.414,0.665,-1,Echolocation,/mnt/ubna_data_01_mir/recover-20220804/UBNA_001/20220802_100000.WAV,Carp Pond,recover-20220804,001,1795
56.5035,56.5172,24609.0,29423.0,Nyctalus leisleri,0.383,0.56,-1,Echolocation,/mnt/ubna_data_01_mir/recover-20220804/UBNA_001/20220802_100000.WAV,Carp Pond,recover-20220804,001,1795
57.432500000000005,57.4457,23750.0,29361.0,Nyctalus leisleri,0.403,0.588,-1,Echolocation,/mnt/ubna_data_01_mir/recover-20220804/UBNA_001/20220802_100000.WAV,Carp Pond,recover-20220804,001,1795
58.2885,58.3003,22890.0,28044.0,Nyctalus leisleri,0.146,0.344,-1,Echolocation,/mnt/ubna_data_01_mir/recover-20220804/UBNA_001/20220802_100000.WAV,Carp Pond,recover-20220804,001,1795
60.2845,60.2993,22890.0,27720.0,Nyctalus leisleri,0.103,0.25,-1,Echolocation,/mnt/ubna_data_01_mir/recover-20220804/UBNA_001/20220802_100000.WAV,Carp Pond,recover-20220804,001,1795
67.0675,67.0722,16015.0,34466.0,Plecotus auritus,0.249,0.322,-1,Echolocation,/mnt/ubna_data_01_mir/recover-20220804/UBNA_001/20220802_100000.WAV,Carp Pond,recover-20220804,001,1795
77.5275,77.5403,24609.0,28877.0,Nyctalus leisleri,0.255,0.397,-1,Echolocation,/mnt/ubna_data_01_mir/recover-20220804/UBNA_001/20220802_100000.WAV,Carp Pond,recover-20220804,001,1795
79.2405,79.2567,24609.0,28403.0,Nyctalus leisleri,0.182,0.286,-1,Echolocation,/mnt/ubna_data_01_mir/recover-20220804/UBNA_001/20220802_100000.WAV,Carp Pond,recover-20220804,001,1795
79.8885,79.8994,24609.0,29426.0,Nyctalus leisleri,0.344,0.535,-1,Echolocation,/mnt/ubna_data_01_mir/recover-20220804/UBNA_001/20220802_100000.WAV,Carp Pond,recover-20220804,001,1795
80.4085,80.4213,24609.0,29662.0,Nyctalus leisleri,0.288,0.512,-1,Echolocation,/mnt/ubna_data_01_mir/recover-20220804/UBNA_001/20220802_100000.WAV,Carp Pond,recover-20220804,001,1795
80.5605,80.5726,23750.0,28636.0,Eptesicus serotinus,0.118,0.292,-1,Echolocation,/mnt/ubna_data_01_mir/recover-20220804/UBNA_001/20220802_100000.WAV,Carp Pond,recover-20220804,001,1795
80.8665,80.8792,24609.0,30211.0,Eptesicus serotinus,0.188,0.405,-1,Echolocation,/mnt/ubna_data_01_mir/recover-20220804/UBNA_001/20220802_100000.WAV,Carp Pond,recover-20220804,001,1795
81.3615,81.3765,23750.0,28881.0,Nyctalus leisleri,0.295,0.52,-1,Echolocation,/mnt/ubna_data_01_mir/recover-20220804/UBNA_001/20220802_100000.WAV,Carp Pond,recover-20220804,001,1795
81.62049999999999,81.6335,25468.0,30679.0,Nyctalus leisleri,0.354,0.545,-1,Echolocation,/mnt/ubna_data_01_mir/recover-20220804/UBNA_001/20220802_100000.WAV,Carp Pond,recover-20220804,001,1795
81.8945,81.9088,24609.0,29582.0,Eptesicus serotinus,0.165,0.344,-1,Echolocation,/mnt/ubna_data_01_mir/recover-20220804/UBNA_001/20220802_100000.WAV,Carp Pond,recover-20220804,001,1795
82.5185,82.5331,24609.0,30481.0,Nyctalus leisleri,0.299,0.549,-1,Echolocation,/mnt/ubna_data_01_mir/recover-20220804/UBNA_001/20220802_100000.WAV,Carp Pond,recover-20220804,001,1795
83.1645,83.1807,23750.0,27802.0,Nyctalus leisleri,0.233,0.33,-1,Echolocation,/mnt/ubna_data_01_mir/recover-20220804/UBNA_001/20220802_100000.WAV,Carp Pond,recover-20220804,001,1795
83.7995,83.81360000000001,23750.0,30382.0,Nyctalus leisleri,0.267,0.538,-1,Echolocation,/mnt/ubna_data_01_mir/recover-20220804/UBNA_001/20220802_100000.WAV,Carp Pond,recover-20220804,001,1795
84.0635,84.07900000000001,22890.0,27636.0,Nyctalus leisleri,0.168,0.359,-1,Echolocation,/mnt/ubna_data_01_mir/recover-20220804/UBNA_001/20220802_100000.WAV,Carp Pond,recover-20220804,001,1795
84.3255,84.3377,23750.0,30350.0,Eptesicus serotinus,0.268,0.559,-1,Echolocation,/mnt/ubna_data_01_mir/recover-20220804/UBNA_001/20220802_100000.WAV,Carp Pond,recover-20220804,001,1795
84.6945,84.706,23750.0,28472.0,Nyctalus leisleri,0.135,0.292,-1,Echolocation,/mnt/ubna_data_01_mir/recover-20220804/UBNA_001/20220802_100000.WAV,Carp Pond,recover-20220804,001,1795
84.95949999999999,84.9755,23750.0,29319.0,Nyctalus leisleri,0.257,0.459,-1,Echolocation,/mnt/ubna_data_01_mir/recover-20220804/UBNA_001/20220802_100000.WAV,Carp Pond,recover-20220804,001,1795
85.4855,85.4998,23750.0,28512.0,Nyctalus leisleri,0.417,0.578,-1,Echolocation,/mnt/ubna_data_01_mir/recover-20220804/UBNA_001/20220802_100000.WAV,Carp Pond,recover-20220804,001,1795
85.6515,85.6694,24609.0,28451.0,Nyctalus leisleri,0.253,0.373,-1,Echolocation,/mnt/ubna_data_01_mir/recover-20220804/UBNA_001/20220802_100000.WAV,Carp Pond,recover-20220804,001,1795
86.1705,86.1861,23750.0,29207.0,Nyctalus leisleri,0.279,0.494,-1,Echolocation,/mnt/ubna_data_01_mir/recover-20220804/UBNA_001/20220802_100000.WAV,Carp Pond,recover-20220804,001,1795
86.4325,86.4464,23750.0,29843.0,Nyctalus leisleri,0.416,0.638,-1,Echolocation,/mnt/ubna_data_01_mir/recover-20220804/UBNA_001/20220802_100000.WAV,Carp Pond,recover-20220804,001,1795
86.9795,86.9965,24609.0,28759.0,Nyctalus leisleri,0.33,0.452,-1,Echolocation,/mnt/ubna_data_01_mir/recover-20220804/UBNA_001/20220802_100000.WAV,Carp Pond,recover-20220804,001,1795
87.6305,87.6472,23750.0,28343.0,Nyctalus leisleri,0.318,0.449,-1,Echolocation,/mnt/ubna_data_01_mir/recover-20220804/UBNA_001/20220802_100000.WAV,Carp Pond,recover-20220804,001,1795
88.0595,88.0738,23750.0,28016.0,Nyctalus leisleri,0.488,0.606,-1,Echolocation,/mnt/ubna_data_01_mir/recover-20220804/UBNA_001/20220802_100000.WAV,Carp Pond,recover-20220804,001,1795
88.3165,88.3332,24609.0,28217.0,Nyctalus leisleri,0.467,0.559,-1,Echolocation,/mnt/ubna_data_01_mir/recover-20220804/UBNA_001/20220802_100000.WAV,Carp Pond,recover-20220804,001,1795
88.6985,88.71770000000001,23750.0,29415.0,Nyctalus leisleri,0.286,0.492,-1,Echolocation,/mnt/ubna_data_01_mir/recover-20220804/UBNA_001/20220802_100000.WAV,Carp Pond,recover-20220804,001,1795
89.2195,89.2372,23750.0,28949.0,Nyctalus leisleri,0.302,0.479,-1,Echolocation,/mnt/ubna_data_01_mir/recover-20220804/UBNA_001/20220802_100000.WAV,Carp Pond,recover-20220804,001,1795
89.8675,89.88159999999999,23750.0,27326.0,Nyctalus leisleri,0.476,0.577,-1,Echolocation,/mnt/ubna_data_01_mir/recover-20220804/UBNA_001/20220802_100000.WAV,Carp Pond,recover-20220804,001,1795
90.0265,90.0341,43515.0,48294.0,Pipistrellus pipistrellus,0.095,0.201,-1,Echolocation,/mnt/ubna_data_01_mir/recover-20220804/UBNA_001/20220802_100000.WAV,Carp Pond,recover-20220804,001,1795
90.1245,90.1424,23750.0,28402.0,Nyctalus leisleri,0.23,0.309,-1,Echolocation,/mnt/ubna_data_01_mir/recover-20220804/UBNA_001/20220802_100000.WAV,Carp Pond,recover-20220804,001,1795
90.1385,90.151,23750.0,28330.0,Nyctalus leisleri,0.136,0.269,-1,Echolocation,/mnt/ubna_data_01_mir/recover-20220804/UBNA_001/20220802_100000.WAV,Carp Pond,recover-20220804,001,1795
90.2205,90.2303,42656.0,47539.0,Pipistrellus nathusii,0.125,0.221,-1,Echolocation,/mnt/ubna_data_01_mir/recover-20220804/UBNA_001/20220802_100000.WAV,Carp Pond,recover-20220804,001,1795
90.4005,90.4085,43515.0,47967.0,Pipistrellus pipistrellus,0.15,0.333,-1,Echolocation,/mnt/ubna_data_01_mir/recover-20220804/UBNA_001/20220802_100000.WAV,Carp Pond,recover-20220804,001,1795
90.6665,90.6846,23750.0,27894.0,Nyctalus leisleri,0.17,0.252,-1,Echolocation,/mnt/ubna_data_01_mir/recover-20220804/UBNA_001/20220802_100000.WAV,Carp Pond,recover-20220804,001,1795
91.0565,91.0749,23750.0,29134.0,Nyctalus leisleri,0.239,0.447,-1,Echolocation,/mnt/ubna_data_01_mir/recover-20220804/UBNA_001/20220802_100000.WAV,Carp Pond,recover-20220804,001,1795
91.2555,91.2642,40078.0,50661.0,Pipistrellus nathusii,0.122,0.215,-1,Echolocation,/mnt/ubna_data_01_mir/recover-20220804/UBNA_001/20220802_100000.WAV,Carp Pond,recover-20220804,001,1795
91.3105,91.3157,38359.0,53725.0,Myotis daubentonii,0.196,0.317,-1,Echolocation,/mnt/ubna_data_01_mir/recover-20220804/UBNA_001/20220802_100000.WAV,Carp Pond,recover-20220804,001,1795
91.3675,91.3726,35781.0,52087.0,Myotis daubentonii,0.296,0.457,-1,Echolocation,/mnt/ubna_data_01_mir/recover-20220804/UBNA_001/20220802_100000.WAV,Carp Pond,recover-20220804,001,1795
91.4265,91.4316,37500.0,53161.0,Myotis daubentonii,0.262,0.407,-1,Echolocation,/mnt/ubna_data_01_mir/recover-20220804/UBNA_001/20220802_100000.WAV,Carp Pond,recover-20220804,001,1795
91.4905,91.4965,37500.0,54947.0,Myotis daubentonii,0.167,0.285,-1,Echolocation,/mnt/ubna_data_01_mir/recover-20220804/UBNA_001/20220802_100000.WAV,Carp Pond,recover-20220804,001,1795
91.5585,91.5623,33203.0,46569.0,Myotis daubentonii,0.201,0.282,-1,Echolocation,/mnt/ubna_data_01_mir/recover-20220804/UBNA_001/20220802_100000.WAV,Carp Pond,recover-20220804,001,1795
91.5725,91.5881,24609.0,28322.0,Nyctalus leisleri,0.314,0.464,-1,Echolocation,/mnt/ubna_data_01_mir/recover-20220804/UBNA_001/20220802_100000.WAV,Carp Pond,recover-20220804,001,1795
91.6295,91.6349,35781.0,47115.0,Myotis daubentonii,0.225,0.415,-1,Echolocation,/mnt/ubna_data_01_mir/recover-20220804/UBNA_001/20220802_100000.WAV,Carp Pond,recover-20220804,001,1795
91.6975,91.7026,34062.0,49638.0,Myotis daubentonii,0.294,0.409,-1,Echolocation,/mnt/ubna_data_01_mir/recover-20220804/UBNA_001/20220802_100000.WAV,Carp Pond,recover-20220804,001,1795
91.9675,91.9888,24609.0,28926.0,Nyctalus leisleri,0.182,0.305,-1,Echolocation,/mnt/ubna_data_01_mir/recover-20220804/UBNA_001/20220802_100000.WAV,Carp Pond,recover-20220804,001,1795
92.2795,92.2924,23750.0,28315.0,Nyctalus leisleri,0.304,0.425,-1,Echolocation,/mnt/ubna_data_01_mir/recover-20220804/UBNA_001/20220802_100000.WAV,Carp Pond,recover-20220804,001,1795
92.5345,92.5469,23750.0,30641.0,Nyctalus leisleri,0.385,0.673,-1,Echolocation,/mnt/ubna_data_01_mir/recover-20220804/UBNA_001/20220802_100000.WAV,Carp Pond,recover-20220804,001,1795
92.7415,92.7469,35781.0,48654.0,Myotis daubentonii,0.177,0.46,-1,Echolocation,/mnt/ubna_data_01_mir/recover-20220804/UBNA_001/20220802_100000.WAV,Carp Pond,recover-20220804,001,1795
92.7865,92.8026,22890.0,28988.0,Nyctalus leisleri,0.255,0.503,-1,Echolocation,/mnt/ubna_data_01_mir/recover-20220804/UBNA_001/20220802_100000.WAV,Carp Pond,recover-20220804,001,1795
92.8315,92.8382,43515.0,50292.0,Pipistrellus nathusii,0.145,0.415,-1,Echolocation,/mnt/ubna_data_01_mir/recover-20220804/UBNA_001/20220802_100000.WAV,Carp Pond,recover-20220804,001,1795
92.9245,92.9316,40078.0,48476.0,Pipistrellus nathusii,0.21,0.41,-1,Echolocation,/mnt/ubna_data_01_mir/recover-20220804/UBNA_001/20220802_100000.WAV,Carp Pond,recover-20220804,001,1795
93.1055,93.1102,36640.0,47861.0,Myotis daubentonii,0.164,0.302,-1,Echolocation,/mnt/ubna_data_01_mir/recover-20220804/UBNA_001/20220802_100000.WAV,Carp Pond,recover-20220804,001,1795
93.2945,93.3109,24609.0,28625.0,Nyctalus leisleri,0.451,0.529,-1,Echolocation,/mnt/ubna_data_01_mir/recover-20220804/UBNA_001/20220802_100000.WAV,Carp Pond,recover-20220804,001,1795
93.5335,93.5383,37500.0,48661.0,Myotis daubentonii,0.216,0.404,-1,Echolocation,/mnt/ubna_data_01_mir/recover-20220804/UBNA_001/20220802_100000.WAV,Carp Pond,recover-20220804,001,1795
93.7075,93.7123,28906.0,62952.0,Myotis daubentonii,0.108,0.205,-1,Echolocation,/mnt/ubna_data_01_mir/recover-20220804/UBNA_001/20220802_100000.WAV,Carp Pond,recover-20220804,001,1795
93.7085,93.713,37500.0,49378.0,Myotis daubentonii,0.24,0.449,-1,Echolocation,/mnt/ubna_data_01_mir/recover-20220804/UBNA_001/20220802_100000.WAV,Carp Pond,recover-20220804,001,1795
93.7925,93.7986,36640.0,48903.0,Myotis daubentonii,0.116,0.31,-1,Echolocation,/mnt/ubna_data_01_mir/recover-20220804/UBNA_001/20220802_100000.WAV,Carp Pond,recover-20220804,001,1795
93.8855,93.8906,36640.0,47819.0,Myotis daubentonii,0.219,0.447,-1,Echolocation,/mnt/ubna_data_01_mir/recover-20220804/UBNA_001/20220802_100000.WAV,Carp Pond,recover-20220804,001,1795
93.9285,93.9455,23750.0,28593.0,Nyctalus leisleri,0.187,0.332,-1,Echolocation,/mnt/ubna_data_01_mir/recover-20220804/UBNA_001/20220802_100000.WAV,Carp Pond,recover-20220804,001,1795
94.4605,94.4739,23750.0,29947.0,Nyctalus leisleri,0.425,0.633,-1,Echolocation,/mnt/ubna_data_01_mir/recover-20220804/UBNA_001/20220802_100000.WAV,Carp Pond,recover-20220804,001,1795
94.7205,94.7324,23750.0,29118.0,Nyctalus leisleri,0.28,0.525,-1,Echolocation,/mnt/ubna_data_01_mir/recover-20220804/UBNA_001/20220802_100000.WAV,Carp Pond,recover-20220804,001,1795
94.9775,94.98949999999999,24609.0,31095.0,Eptesicus serotinus,0.253,0.571,-1,Echolocation,/mnt/ubna_data_01_mir/recover-20220804/UBNA_001/20220802_100000.WAV,Carp Pond,recover-20220804,001,1795
95.3555,95.3737,24609.0,28552.0,Nyctalus leisleri,0.206,0.341,-1,Echolocation,/mnt/ubna_data_01_mir/recover-20220804/UBNA_001/20220802_100000.WAV,Carp Pond,recover-20220804,001,1795
95.5125,95.5254,23750.0,27719.0,Nyctalus leisleri,0.227,0.353,-1,Echolocation,/mnt/ubna_data_01_mir/recover-20220804/UBNA_001/20220802_100000.WAV,Carp Pond,recover-20220804,001,1795
95.87950000000001,95.8998,23750.0,27921.0,Nyctalus leisleri,0.214,0.331,-1,Echolocation,/mnt/ubna_data_01_mir/recover-20220804/UBNA_001/20220802_100000.WAV,Carp Pond,recover-20220804,001,1795
96.3935,96.4066,23750.0,29643.0,Nyctalus leisleri,0.298,0.543,-1,Echolocation,/mnt/ubna_data_01_mir/recover-20220804/UBNA_001/20220802_100000.WAV,Carp Pond,recover-20220804,001,1795
97.0635,97.076,24609.0,29121.0,Nyctalus leisleri,0.372,0.556,-1,Echolocation,/mnt/ubna_data_01_mir/recover-20220804/UBNA_001/20220802_100000.WAV,Carp Pond,recover-20220804,001,1795
97.7185,97.7357,23750.0,28452.0,Nyctalus leisleri,0.28,0.395,-1,Echolocation,/mnt/ubna_data_01_mir/recover-20220804/UBNA_001/20220802_100000.WAV,Carp Pond,recover-20220804,001,1795
97.8575,97.86449999999999,37500.0,46742.0,Myotis daubentonii,0.1,0.231,-1,Echolocation,/mnt/ubna_data_01_mir/recover-20220804/UBNA_001/20220802_100000.WAV,Carp Pond,recover-20220804,001,1795
98.0895,98.0982,42656.0,47700.0,Pipistrellus nathusii,0.206,0.242,-1,Echolocation,/mnt/ubna_data_01_mir/recover-20220804/UBNA_001/20220802_100000.WAV,Carp Pond,recover-20220804,001,1795
98.2105,98.2168,38359.0,50759.0,Myotis daubentonii,0.129,0.337,-1,Echolocation,/mnt/ubna_data_01_mir/recover-20220804/UBNA_001/20220802_100000.WAV,Carp Pond,recover-20220804,001,1795
98.2515,98.2678,23750.0,28226.0,Nyctalus leisleri,0.234,0.36,-1,Echolocation,/mnt/ubna_data_01_mir/recover-20220804/UBNA_001/20220802_100000.WAV,Carp Pond,recover-20220804,001,1795
98.2695,98.2749,38359.0,51764.0,Myotis daubentonii,0.151,0.419,-1,Echolocation,/mnt/ubna_data_01_mir/recover-20220804/UBNA_001/20220802_100000.WAV,Carp Pond,recover-20220804,001,1795
98.4405,98.44630000000001,39218.0,51265.0,Pipistrellus nathusii,0.167,0.334,-1,Echolocation,/mnt/ubna_data_01_mir/recover-20220804/UBNA_001/20220802_100000.WAV,Carp Pond,recover-20220804,001,1795
98.5025,98.5079,38359.0,46962.0,Pipistrellus nathusii,0.144,0.369,-1,Echolocation,/mnt/ubna_data_01_mir/recover-20220804/UBNA_001/20220802_100000.WAV,Carp Pond,recover-20220804,001,1795
98.7625,98.7755,23750.0,29209.0,Nyctalus leisleri,0.204,0.452,-1,Echolocation,/mnt/ubna_data_01_mir/recover-20220804/UBNA_001/20220802_100000.WAV,Carp Pond,recover-20220804,001,1795
99.1445,99.1625,23750.0,27633.0,Nyctalus leisleri,0.116,0.205,-1,Echolocation,/mnt/ubna_data_01_mir/recover-20220804/UBNA_001/20220802_100000.WAV,Carp Pond,recover-20220804,001,1795
99.6545,99.6681,23750.0,28241.0,Nyctalus leisleri,0.106,0.222,-1,Echolocation,/mnt/ubna_data_01_mir/recover-20220804/UBNA_001/20220802_100000.WAV,Carp Pond,recover-20220804,001,1795
99.8615,99.8664,36640.0,53904.0,Myotis brandtii,0.133,0.351,-1,Echolocation,/mnt/ubna_data_01_mir/recover-20220804/UBNA_001/20220802_100000.WAV,Carp Pond,recover-20220804,001,1795
99.9415,99.9472,40937.0,55025.0,Pipistrellus nathusii,0.422,0.576,-1,Echolocation,/mnt/ubna_data_01_mir/recover-20220804/UBNA_001/20220802_100000.WAV,Carp Pond,recover-20220804,001,1795
100.0475,100.0518,36640.0,47704.0,Myotis daubentonii,0.203,0.242,-1,Echolocation,/mnt/ubna_data_01_mir/recover-20220804/UBNA_001/20220802_100000.WAV,Carp Pond,recover-20220804,001,1795
100.5705,100.5764,40078.0,49069.0,Myotis daubentonii,0.211,0.37,-1,Echolocation,/mnt/ubna_data_01_mir/recover-20220804/UBNA_001/20220802_100000.WAV,Carp Pond,recover-20220804,001,1795
100.6405,100.6476,39218.0,45600.0,Pipistrellus nathusii,0.246,0.414,-1,Echolocation,/mnt/ubna_data_01_mir/recover-20220804/UBNA_001/20220802_100000.WAV,Carp Pond,recover-20220804,001,1795
100.9475,100.9622,23750.0,27762.0,Nyctalus leisleri,0.27,0.396,-1,Echolocation,/mnt/ubna_data_01_mir/recover-20220804/UBNA_001/20220802_100000.WAV,Carp Pond,recover-20220804,001,1795
101.0975,101.1039,40078.0,49094.0,Pipistrellus nathusii,0.176,0.436,-1,Echolocation,/mnt/ubna_data_01_mir/recover-20220804/UBNA_001/20220802_100000.WAV,Carp Pond,recover-20220804,001,1795
101.3175,101.3227,38359.0,51067.0,Myotis daubentonii,0.195,0.35,-1,Echolocation,/mnt/ubna_data_01_mir/recover-20220804/UBNA_001/20220802_100000.WAV,Carp Pond,recover-20220804,001,1795
101.3905,101.3952,28046.0,64081.0,Myotis daubentonii,0.104,0.203,-1,Echolocation,/mnt/ubna_data_01_mir/recover-20220804/UBNA_001/20220802_100000.WAV,Carp Pond,recover-20220804,001,1795
101.39150000000001,101.3962,35781.0,51503.0,Myotis daubentonii,0.291,0.445,-1,Echolocation,/mnt/ubna_data_01_mir/recover-20220804/UBNA_001/20220802_100000.WAV,Carp Pond,recover-20220804,001,1795
101.4675,101.4724,34921.0,60964.0,Myotis daubentonii,0.217,0.382,-1,Echolocation,/mnt/ubna_data_01_mir/recover-20220804/UBNA_001/20220802_100000.WAV,Carp Pond,recover-20220804,001,1795
101.5255,101.5296,37500.0,56209.0,Myotis daubentonii,0.226,0.321,-1,Echolocation,/mnt/ubna_data_01_mir/recover-20220804/UBNA_001/20220802_100000.WAV,Carp Pond,recover-20220804,001,1795
101.5625,101.5675,39218.0,53939.0,Myotis daubentonii,0.266,0.418,-1,Echolocation,/mnt/ubna_data_01_mir/recover-20220804/UBNA_001/20220802_100000.WAV,Carp Pond,recover-20220804,001,1795
101.5895,101.611,23750.0,27538.0,Nyctalus leisleri,0.144,0.217,-1,Echolocation,/mnt/ubna_data_01_mir/recover-20220804/UBNA_001/20220802_100000.WAV,Carp Pond,recover-20220804,001,1795
101.6285,101.6333,38359.0,54176.0,Myotis daubentonii,0.255,0.4,-1,Echolocation,/mnt/ubna_data_01_mir/recover-20220804/UBNA_001/20220802_100000.WAV,Carp Pond,recover-20220804,001,1795
101.7025,101.7076,34921.0,56435.0,Myotis daubentonii,0.32,0.434,-1,Echolocation,/mnt/ubna_data_01_mir/recover-20220804/UBNA_001/20220802_100000.WAV,Carp Pond,recover-20220804,001,1795
101.7825,101.7886,36640.0,58328.0,Myotis daubentonii,0.313,0.541,-1,Echolocation,/mnt/ubna_data_01_mir/recover-20220804/UBNA_001/20220802_100000.WAV,Carp Pond,recover-20220804,001,1795
101.8845,101.8897,38359.0,50504.0,Myotis daubentonii,0.218,0.475,-1,Echolocation,/mnt/ubna_data_01_mir/recover-20220804/UBNA_001/20220802_100000.WAV,Carp Pond,recover-20220804,001,1795
101.9605,101.9664,34062.0,65207.0,Myotis daubentonii,0.33,0.504,-1,Echolocation,/mnt/ubna_data_01_mir/recover-20220804/UBNA_001/20220802_100000.WAV,Carp Pond,recover-20220804,001,1795
102.0655,102.0727,39218.0,60633.0,Pipistrellus nathusii,0.191,0.484,-1,Echolocation,/mnt/ubna_data_01_mir/recover-20220804/UBNA_001/20220802_100000.WAV,Carp Pond,recover-20220804,001,1795
102.1435,102.15090000000001,38359.0,59609.0,Pipistrellus nathusii,0.24,0.449,-1,Echolocation,/mnt/ubna_data_01_mir/recover-20220804/UBNA_001/20220802_100000.WAV,Carp Pond,recover-20220804,001,1795
102.2505,102.2578,38359.0,65191.0,Pipistrellus nathusii,0.289,0.505,-1,Echolocation,/mnt/ubna_data_01_mir/recover-20220804/UBNA_001/20220802_100000.WAV,Carp Pond,recover-20220804,001,1795
102.3215,102.3289,37500.0,61699.0,Myotis daubentonii,0.149,0.392,-1,Echolocation,/mnt/ubna_data_01_mir/recover-20220804/UBNA_001/20220802_100000.WAV,Carp Pond,recover-20220804,001,1795
102.4075,102.4143,40078.0,61283.0,Pipistrellus nathusii,0.313,0.525,-1,Echolocation,/mnt/ubna_data_01_mir/recover-20220804/UBNA_001/20220802_100000.WAV,Carp Pond,recover-20220804,001,1795
102.4735,102.48140000000001,38359.0,62814.0,Pipistrellus nathusii,0.228,0.462,-1,Echolocation,/mnt/ubna_data_01_mir/recover-20220804/UBNA_001/20220802_100000.WAV,Carp Pond,recover-20220804,001,1795
102.5485,102.5544,37500.0,58828.0,Pipistrellus nathusii,0.266,0.513,-1,Echolocation,/mnt/ubna_data_01_mir/recover-20220804/UBNA_001/20220802_100000.WAV,Carp Pond,recover-20220804,001,1795
102.6505,102.6574,37500.0,64183.0,Pipistrellus nathusii,0.234,0.51,-1,Echolocation,/mnt/ubna_data_01_mir/recover-20220804/UBNA_001/20220802_100000.WAV,Carp Pond,recover-20220804,001,1795
102.7115,102.7172,35781.0,56178.0,Myotis daubentonii,0.297,0.43,-1,Echolocation,/mnt/ubna_data_01_mir/recover-20220804/UBNA_001/20220802_100000.WAV,Carp Pond,recover-20220804,001,1795
102.7685,102.774,35781.0,57084.0,Myotis daubentonii,0.258,0.449,-1,Echolocation,/mnt/ubna_data_01_mir/recover-20220804/UBNA_001/20220802_100000.WAV,Carp Pond,recover-20220804,001,1795
102.8155,102.8211,37500.0,63506.0,Myotis daubentonii,0.284,0.39,-1,Echolocation,/mnt/ubna_data_01_mir/recover-20220804/UBNA_001/20220802_100000.WAV,Carp Pond,recover-20220804,001,1795
102.8605,102.8657,37500.0,57211.0,Myotis daubentonii,0.239,0.373,-1,Echolocation,/mnt/ubna_data_01_mir/recover-20220804/UBNA_001/20220802_100000.WAV,Carp Pond,recover-20220804,001,1795
102.9085,102.9141,40078.0,51677.0,Myotis daubentonii,0.19,0.423,-1,Echolocation,/mnt/ubna_data_01_mir/recover-20220804/UBNA_001/20220802_100000.WAV,Carp Pond,recover-20220804,001,1795
103.0055,103.0118,38359.0,55585.0,Pipistrellus nathusii,0.205,0.509,-1,Echolocation,/mnt/ubna_data_01_mir/recover-20220804/UBNA_001/20220802_100000.WAV,Carp Pond,recover-20220804,001,1795
103.0945,103.1003,39218.0,51333.0,Pipistrellus nathusii,0.26,0.463,-1,Echolocation,/mnt/ubna_data_01_mir/recover-20220804/UBNA_001/20220802_100000.WAV,Carp Pond,recover-20220804,001,1795
103.2405,103.2473,38359.0,45759.0,Pipistrellus nathusii,0.145,0.359,-1,Echolocation,/mnt/ubna_data_01_mir/recover-20220804/UBNA_001/20220802_100000.WAV,Carp Pond,recover-20220804,001,1795
103.3115,103.3268,25468.0,29448.0,Nyctalus leisleri,0.145,0.23,-1,Echolocation,/mnt/ubna_data_01_mir/recover-20220804/UBNA_001/20220802_100000.WAV,Carp Pond,recover-20220804,001,1795
103.3755,103.3814,39218.0,56295.0,Pipistrellus nathusii,0.215,0.54,-1,Echolocation,/mnt/ubna_data_01_mir/recover-20220804/UBNA_001/20220802_100000.WAV,Carp Pond,recover-20220804,001,1795
103.4655,103.472,41796.0,49276.0,Pipistrellus nathusii,0.124,0.272,-1,Echolocation,/mnt/ubna_data_01_mir/recover-20220804/UBNA_001/20220802_100000.WAV,Carp Pond,recover-20220804,001,1795
103.5635,103.5688,37500.0,53665.0,Myotis daubentonii,0.254,0.459,-1,Echolocation,/mnt/ubna_data_01_mir/recover-20220804/UBNA_001/20220802_100000.WAV,Carp Pond,recover-20220804,001,1795
103.6445,103.6528,43515.0,48637.0,Pipistrellus nathusii,0.176,0.332,-1,Echolocation,/mnt/ubna_data_01_mir/recover-20220804/UBNA_001/20220802_100000.WAV,Carp Pond,recover-20220804,001,1795
104.3605,104.36619999999999,40078.0,48434.0,Myotis daubentonii,0.133,0.353,-1,Echolocation,/mnt/ubna_data_01_mir/recover-20220804/UBNA_001/20220802_100000.WAV,Carp Pond,recover-20220804,001,1795
105.0055,105.0115,38359.0,47784.0,Myotis daubentonii,0.09,0.213,-1,Echolocation,/mnt/ubna_data_01_mir/recover-20220804/UBNA_001/20220802_100000.WAV,Carp Pond,recover-20220804,001,1795
105.0955,105.10079999999999,37500.0,47726.0,Myotis daubentonii,0.168,0.362,-1,Echolocation,/mnt/ubna_data_01_mir/recover-20220804/UBNA_001/20220802_100000.WAV,Carp Pond,recover-20220804,001,1795
105.3535,105.3592,36640.0,47996.0,Myotis daubentonii,0.132,0.284,-1,Echolocation,/mnt/ubna_data_01_mir/recover-20220804/UBNA_001/20220802_100000.WAV,Carp Pond,recover-20220804,001,1795
105.6695,105.6764,42656.0,51415.0,Pipistrellus nathusii,0.127,0.342,-1,Echolocation,/mnt/ubna_data_01_mir/recover-20220804/UBNA_001/20220802_100000.WAV,Carp Pond,recover-20220804,001,1795
114.6625,114.6807,23750.0,28052.0,Nyctalus leisleri,0.121,0.224,-1,Echolocation,/mnt/ubna_data_01_mir/recover-20220804/UBNA_001/20220802_100000.WAV,Carp Pond,recover-20220804,001,1795
116.90950000000001,116.9247,24609.0,28457.0,Nyctalus leisleri,0.123,0.237,-1,Echolocation,/mnt/ubna_data_01_mir/recover-20220804/UBNA_001/20220802_100000.WAV,Carp Pond,recover-20220804,001,1795
117.1555,117.169,24609.0,29095.0,Nyctalus leisleri,0.225,0.446,-1,Echolocation,/mnt/ubna_data_01_mir/recover-20220804/UBNA_001/20220802_100000.WAV,Carp Pond,recover-20220804,001,1795
117.3955,117.4106,24609.0,28746.0,Nyctalus leisleri,0.223,0.351,-1,Echolocation,/mnt/ubna_data_01_mir/recover-20220804/UBNA_001/20220802_100000.WAV,Carp Pond,recover-20220804,001,1795
117.76050000000001,117.77420000000001,24609.0,29516.0,Nyctalus leisleri,0.322,0.56,-1,Echolocation,/mnt/ubna_data_01_mir/recover-20220804/UBNA_001/20220802_100000.WAV,Carp Pond,recover-20220804,001,1795
118.0095,118.0223,24609.0,29996.0,Nyctalus leisleri,0.36,0.56,-1,Echolocation,/mnt/ubna_data_01_mir/recover-20220804/UBNA_001/20220802_100000.WAV,Carp Pond,recover-20220804,001,1795
118.3835,118.3956,24609.0,29963.0,Nyctalus leisleri,0.401,0.535,-1,Echolocation,/mnt/ubna_data_01_mir/recover-20220804/UBNA_001/20220802_100000.WAV,Carp Pond,recover-20220804,001,1795
118.73949999999999,118.7524,23750.0,29251.0,Nyctalus leisleri,0.495,0.633,-1,Echolocation,/mnt/ubna_data_01_mir/recover-20220804/UBNA_001/20220802_100000.WAV,Carp Pond,recover-20220804,001,1795
118.9825,118.9956,23750.0,30235.0,Nyctalus leisleri,0.336,0.616,-1,Echolocation,/mnt/ubna_data_01_mir/recover-20220804/UBNA_001/20220802_100000.WAV,Carp Pond,recover-20220804,001,1795
119.3515,119.3626,24609.0,29896.0,Nyctalus leisleri,0.372,0.591,-1,Echolocation,/mnt/ubna_data_01_mir/recover-20220804/UBNA_001/20220802_100000.WAV,Carp Pond,recover-20220804,001,1795
119.5895,119.6016,24609.0,30583.0,Nyctalus leisleri,0.324,0.607,-1,Echolocation,/mnt/ubna_data_01_mir/recover-20220804/UBNA_001/20220802_100000.WAV,Carp Pond,recover-20220804,001,1795
119.8475,119.86,24609.0,30189.0,Nyctalus leisleri,0.441,0.689,-1,Echolocation,/mnt/ubna_data_01_mir/recover-20220804/UBNA_001/20220802_100000.WAV,Carp Pond,recover-20220804,001,1795
120.0965,120.1095,23750.0,31236.0,Nyctalus leisleri,0.391,0.712,-1,Echolocation,/mnt/ubna_data_01_mir/recover-20220804/UBNA_001/20220802_100000.WAV,Carp Pond,recover-20220804,001,1795
120.4705,120.4841,23750.0,29426.0,Nyctalus leisleri,0.451,0.661,-1,Echolocation,/mnt/ubna_data_01_mir/recover-20220804/UBNA_001/20220802_100000.WAV,Carp Pond,recover-20220804,001,1795
120.6285,120.6415,23750.0,33145.0,Eptesicus serotinus,0.397,0.68,-1,Echolocation,/mnt/ubna_data_01_mir/recover-20220804/UBNA_001/20220802_100000.WAV,Carp Pond,recover-20220804,001,1795
120.8785,120.891,23750.0,29782.0,Nyctalus leisleri,0.447,0.67,-1,Echolocation,/mnt/ubna_data_01_mir/recover-20220804/UBNA_001/20220802_100000.WAV,Carp Pond,recover-20220804,001,1795
121.1405,121.1528,24609.0,33328.0,Eptesicus serotinus,0.325,0.643,-1,Echolocation,/mnt/ubna_data_01_mir/recover-20220804/UBNA_001/20220802_100000.WAV,Carp Pond,recover-20220804,001,1795
121.3985,121.411,23750.0,30556.0,Nyctalus leisleri,0.385,0.697,-1,Echolocation,/mnt/ubna_data_01_mir/recover-20220804/UBNA_001/20220802_100000.WAV,Carp Pond,recover-20220804,001,1795
121.7795,121.7927,23750.0,33351.0,Eptesicus serotinus,0.351,0.715,-1,Echolocation,/mnt/ubna_data_01_mir/recover-20220804/UBNA_001/20220802_100000.WAV,Carp Pond,recover-20220804,001,1795
122.0445,122.056,23750.0,30833.0,Nyctalus leisleri,0.393,0.674,-1,Echolocation,/mnt/ubna_data_01_mir/recover-20220804/UBNA_001/20220802_100000.WAV,Carp Pond,recover-20220804,001,1795
122.2975,122.3094,23750.0,32822.0,Eptesicus serotinus,0.328,0.685,-1,Echolocation,/mnt/ubna_data_01_mir/recover-20220804/UBNA_001/20220802_100000.WAV,Carp Pond,recover-20220804,001,1795
122.5525,122.566,23750.0,29117.0,Nyctalus leisleri,0.513,0.661,-1,Echolocation,/mnt/ubna_data_01_mir/recover-20220804/UBNA_001/20220802_100000.WAV,Carp Pond,recover-20220804,001,1795
122.8135,122.8264,24609.0,32240.0,Nyctalus leisleri,0.293,0.638,-1,Echolocation,/mnt/ubna_data_01_mir/recover-20220804/UBNA_001/20220802_100000.WAV,Carp Pond,recover-20220804,001,1795
123.0735,123.0857,24609.0,29207.0,Nyctalus leisleri,0.45,0.616,-1,Echolocation,/mnt/ubna_data_01_mir/recover-20220804/UBNA_001/20220802_100000.WAV,Carp Pond,recover-20220804,001,1795
123.3355,123.3486,24609.0,33157.0,Eptesicus serotinus,0.327,0.677,-1,Echolocation,/mnt/ubna_data_01_mir/recover-20220804/UBNA_001/20220802_100000.WAV,Carp Pond,recover-20220804,001,1795
123.7125,123.7266,23750.0,29789.0,Nyctalus leisleri,0.36,0.626,-1,Echolocation,/mnt/ubna_data_01_mir/recover-20220804/UBNA_001/20220802_100000.WAV,Carp Pond,recover-20220804,001,1795
123.8655,123.8789,23750.0,29306.0,Nyctalus leisleri,0.627,0.726,-1,Echolocation,/mnt/ubna_data_01_mir/recover-20220804/UBNA_001/20220802_100000.WAV,Carp Pond,recover-20220804,001,1795
124.1215,124.1345,23750.0,32523.0,Nyctalus leisleri,0.39,0.723,-1,Echolocation,/mnt/ubna_data_01_mir/recover-20220804/UBNA_001/20220802_100000.WAV,Carp Pond,recover-20220804,001,1795
124.5005,124.5143,23750.0,30166.0,Nyctalus leisleri,0.403,0.632,-1,Echolocation,/mnt/ubna_data_01_mir/recover-20220804/UBNA_001/20220802_100000.WAV,Carp Pond,recover-20220804,001,1795
124.7585,124.7719,24609.0,30650.0,Nyctalus leisleri,0.512,0.708,-1,Echolocation,/mnt/ubna_data_01_mir/recover-20220804/UBNA_001/20220802_100000.WAV,Carp Pond,recover-20220804,001,1795
124.7595,124.7688,52109.0,55960.0,Pipistrellus pipistrellus,0.163,0.242,-1,Echolocation,/mnt/ubna_data_01_mir/recover-20220804/UBNA_001/20220802_100000.WAV,Carp Pond,recover-20220804,001,1795
125.1585,125.1711,24609.0,30034.0,Nyctalus leisleri,0.442,0.627,-1,Echolocation,/mnt/ubna_data_01_mir/recover-20220804/UBNA_001/20220802_100000.WAV,Carp Pond,recover-20220804,001,1795
125.4035,125.417,24609.0,30574.0,Nyctalus leisleri,0.524,0.699,-1,Echolocation,/mnt/ubna_data_01_mir/recover-20220804/UBNA_001/20220802_100000.WAV,Carp Pond,recover-20220804,001,1795
125.7815,125.795,23750.0,30300.0,Nyctalus leisleri,0.634,0.743,-1,Echolocation,/mnt/ubna_data_01_mir/recover-20220804/UBNA_001/20220802_100000.WAV,Carp Pond,recover-20220804,001,1795
126.0325,126.0478,23750.0,28453.0,Nyctalus leisleri,0.532,0.667,-1,Echolocation,/mnt/ubna_data_01_mir/recover-20220804/UBNA_001/20220802_100000.WAV,Carp Pond,recover-20220804,001,1795
126.2965,126.311,23750.0,28745.0,Nyctalus leisleri,0.648,0.741,-1,Echolocation,/mnt/ubna_data_01_mir/recover-20220804/UBNA_001/20220802_100000.WAV,Carp Pond,recover-20220804,001,1795
126.2985,126.3085,50390.0,54814.0,Pipistrellus pygmaeus,0.107,0.204,-1,Echolocation,/mnt/ubna_data_01_mir/recover-20220804/UBNA_001/20220802_100000.WAV,Carp Pond,recover-20220804,001,1795
126.5545,126.5695,23750.0,28712.0,Nyctalus leisleri,0.422,0.641,-1,Echolocation,/mnt/ubna_data_01_mir/recover-20220804/UBNA_001/20220802_100000.WAV,Carp Pond,recover-20220804,001,1795
126.8385,126.8533,23750.0,28227.0,Nyctalus leisleri,0.748,0.793,-1,Echolocation,/mnt/ubna_data_01_mir/recover-20220804/UBNA_001/20220802_100000.WAV,Carp Pond,recover-20220804,001,1795
127.2415,127.2561,24609.0,30281.0,Nyctalus leisleri,0.392,0.592,-1,Echolocation,/mnt/ubna_data_01_mir/recover-20220804/UBNA_001/20220802_100000.WAV,Carp Pond,recover-20220804,001,1795
127.5035,127.518,23750.0,27758.0,Nyctalus leisleri,0.647,0.703,-1,Echolocation,/mnt/ubna_data_01_mir/recover-20220804/UBNA_001/20220802_100000.WAV,Carp Pond,recover-20220804,001,1795
127.7765,127.7922,23750.0,28818.0,Nyctalus leisleri,0.563,0.673,-1,Echolocation,/mnt/ubna_data_01_mir/recover-20220804/UBNA_001/20220802_100000.WAV,Carp Pond,recover-20220804,001,1795
128.1565,128.1763,23750.0,28659.0,Nyctalus leisleri,0.264,0.404,-1,Echolocation,/mnt/ubna_data_01_mir/recover-20220804/UBNA_001/20220802_100000.WAV,Carp Pond,recover-20220804,001,1795
128.4195,128.433,23750.0,31154.0,Nyctalus leisleri,0.435,0.708,-1,Echolocation,/mnt/ubna_data_01_mir/recover-20220804/UBNA_001/20220802_100000.WAV,Carp Pond,recover-20220804,001,1795
128.8115,128.826,23750.0,29536.0,Nyctalus leisleri,0.513,0.651,-1,Echolocation,/mnt/ubna_data_01_mir/recover-20220804/UBNA_001/20220802_100000.WAV,Carp Pond,recover-20220804,001,1795
129.0825,129.0985,23750.0,32616.0,Eptesicus serotinus,0.31,0.555,-1,Echolocation,/mnt/ubna_data_01_mir/recover-20220804/UBNA_001/20220802_100000.WAV,Carp Pond,recover-20220804,001,1795
129.3415,129.357,23750.0,27941.0,Nyctalus leisleri,0.475,0.579,-1,Echolocation,/mnt/ubna_data_01_mir/recover-20220804/UBNA_001/20220802_100000.WAV,Carp Pond,recover-20220804,001,1795
129.5965,129.6119,22890.0,27801.0,Nyctalus leisleri,0.486,0.591,-1,Echolocation,/mnt/ubna_data_01_mir/recover-20220804/UBNA_001/20220802_100000.WAV,Carp Pond,recover-20220804,001,1795
129.8535,129.8672,23750.0,31219.0,Nyctalus leisleri,0.367,0.67,-1,Echolocation,/mnt/ubna_data_01_mir/recover-20220804/UBNA_001/20220802_100000.WAV,Carp Pond,recover-20220804,001,1795
130.1285,130.1443,23750.0,29228.0,Nyctalus leisleri,0.339,0.567,-1,Echolocation,/mnt/ubna_data_01_mir/recover-20220804/UBNA_001/20220802_100000.WAV,Carp Pond,recover-20220804,001,1795
130.3985,130.4107,23750.0,31182.0,Nyctalus leisleri,0.435,0.695,-1,Echolocation,/mnt/ubna_data_01_mir/recover-20220804/UBNA_001/20220802_100000.WAV,Carp Pond,recover-20220804,001,1795
130.6735,130.6868,23750.0,31733.0,Nyctalus leisleri,0.293,0.657,-1,Echolocation,/mnt/ubna_data_01_mir/recover-20220804/UBNA_001/20220802_100000.WAV,Carp Pond,recover-20220804,001,1795
130.9355,130.9479,22890.0,27541.0,Nyctalus leisleri,0.486,0.571,-1,Echolocation,/mnt/ubna_data_01_mir/recover-20220804/UBNA_001/20220802_100000.WAV,Carp Pond,recover-20220804,001,1795
131.2025,131.2178,23750.0,29606.0,Nyctalus leisleri,0.382,0.545,-1,Echolocation,/mnt/ubna_data_01_mir/recover-20220804/UBNA_001/20220802_100000.WAV,Carp Pond,recover-20220804,001,1795
131.5925,131.61090000000002,23750.0,27676.0,Nyctalus leisleri,0.117,0.208,-1,Echolocation,/mnt/ubna_data_01_mir/recover-20220804/UBNA_001/20220802_100000.WAV,Carp Pond,recover-20220804,001,1795
131.8505,131.8651,23750.0,30078.0,Eptesicus serotinus,0.228,0.507,-1,Echolocation,/mnt/ubna_data_01_mir/recover-20220804/UBNA_001/20220802_100000.WAV,Carp Pond,recover-20220804,001,1795
132.3645,132.3786,23750.0,28968.0,Nyctalus leisleri,0.4,0.563,-1,Echolocation,/mnt/ubna_data_01_mir/recover-20220804/UBNA_001/20220802_100000.WAV,Carp Pond,recover-20220804,001,1795
132.6265,132.6416,23750.0,28861.0,Nyctalus leisleri,0.153,0.338,-1,Echolocation,/mnt/ubna_data_01_mir/recover-20220804/UBNA_001/20220802_100000.WAV,Carp Pond,recover-20220804,001,1795
132.9015,132.9152,23750.0,28671.0,Nyctalus leisleri,0.501,0.631,-1,Echolocation,/mnt/ubna_data_01_mir/recover-20220804/UBNA_001/20220802_100000.WAV,Carp Pond,recover-20220804,001,1795
133.5475,133.5606,23750.0,29274.0,Nyctalus leisleri,0.412,0.628,-1,Echolocation,/mnt/ubna_data_01_mir/recover-20220804/UBNA_001/20220802_100000.WAV,Carp Pond,recover-20220804,001,1795
133.7145,133.7288,22890.0,28218.0,Nyctalus leisleri,0.436,0.543,-1,Echolocation,/mnt/ubna_data_01_mir/recover-20220804/UBNA_001/20220802_100000.WAV,Carp Pond,recover-20220804,001,1795
133.8815,133.895,23750.0,28474.0,Nyctalus leisleri,0.503,0.67,-1,Echolocation,/mnt/ubna_data_01_mir/recover-20220804/UBNA_001/20220802_100000.WAV,Carp Pond,recover-20220804,001,1795
134.3945,134.4075,23750.0,28831.0,Nyctalus leisleri,0.529,0.655,-1,Echolocation,/mnt/ubna_data_01_mir/recover-20220804/UBNA_001/20220802_100000.WAV,Carp Pond,recover-20220804,001,1795
134.6805,134.6935,23750.0,30596.0,Nyctalus leisleri,0.356,0.653,-1,Echolocation,/mnt/ubna_data_01_mir/recover-20220804/UBNA_001/20220802_100000.WAV,Carp Pond,recover-20220804,001,1795
134.9335,134.946,23750.0,28839.0,Nyctalus leisleri,0.361,0.541,-1,Echolocation,/mnt/ubna_data_01_mir/recover-20220804/UBNA_001/20220802_100000.WAV,Carp Pond,recover-20220804,001,1795
135.2215,135.2332,23750.0,30449.0,Nyctalus leisleri,0.279,0.597,-1,Echolocation,/mnt/ubna_data_01_mir/recover-20220804/UBNA_001/20220802_100000.WAV,Carp Pond,recover-20220804,001,1795
135.6155,135.6261,22890.0,29982.0,Nyctalus noctula,0.088,0.275,-1,Echolocation,/mnt/ubna_data_01_mir/recover-20220804/UBNA_001/20220802_100000.WAV,Carp Pond,recover-20220804,001,1795
135.8785,135.8906,23750.0,28866.0,Nyctalus leisleri,0.242,0.459,-1,Echolocation,/mnt/ubna_data_01_mir/recover-20220804/UBNA_001/20220802_100000.WAV,Carp Pond,recover-20220804,001,1795
136.2755,136.2883,23750.0,29061.0,Nyctalus leisleri,0.234,0.434,-1,Echolocation,/mnt/ubna_data_01_mir/recover-20220804/UBNA_001/20220802_100000.WAV,Carp Pond,recover-20220804,001,1795
136.5345,136.54500000000002,23750.0,30608.0,Eptesicus serotinus,0.297,0.591,-1,Echolocation,/mnt/ubna_data_01_mir/recover-20220804/UBNA_001/20220802_100000.WAV,Carp Pond,recover-20220804,001,1795
136.9155,136.9282,23750.0,28876.0,Nyctalus leisleri,0.181,0.367,-1,Echolocation,/mnt/ubna_data_01_mir/recover-20220804/UBNA_001/20220802_100000.WAV,Carp Pond,recover-20220804,001,1795
137.3415,137.3573,23750.0,28049.0,Nyctalus leisleri,0.327,0.43,-1,Echolocation,/mnt/ubna_data_01_mir/recover-20220804/UBNA_001/20220802_100000.WAV,Carp Pond,recover-20220804,001,1795
137.9765,137.98669999999998,23750.0,30036.0,Nyctalus leisleri,0.145,0.385,-1,Echolocation,/mnt/ubna_data_01_mir/recover-20220804/UBNA_001/20220802_100000.WAV,Carp Pond,recover-20220804,001,1795
140.5235,140.5375,23750.0,28342.0,Nyctalus leisleri,0.114,0.246,-1,Echolocation,/mnt/ubna_data_01_mir/recover-20220804/UBNA_001/20220802_100000.WAV,Carp Pond,recover-20220804,001,1795
173.60750000000002,173.6197,26328.0,30679.0,Nyctalus leisleri,0.25,0.435,-1,Echolocation,/mnt/ubna_data_01_mir/recover-20220804/UBNA_001/20220802_100000.WAV,Carp Pond,recover-20220804,001,1795
174.2255,174.2381,26328.0,29455.0,Nyctalus leisleri,0.412,0.515,-1,Echolocation,/mnt/ubna_data_01_mir/recover-20220804/UBNA_001/20220802_100000.WAV,Carp Pond,recover-20220804,001,1795
174.4605,174.4746,26328.0,31631.0,Nyctalus leisleri,0.321,0.617,-1,Echolocation,/mnt/ubna_data_01_mir/recover-20220804/UBNA_001/20220802_100000.WAV,Carp Pond,recover-20220804,001,1795
174.7155,174.73250000000002,25468.0,29250.0,Nyctalus leisleri,0.23,0.324,-1,Echolocation,/mnt/ubna_data_01_mir/recover-20220804/UBNA_001/20220802_100000.WAV,Carp Pond,recover-20220804,001,1795
174.9455,174.9625,26328.0,29928.0,Nyctalus leisleri,0.405,0.521,-1,Echolocation,/mnt/ubna_data_01_mir/recover-20220804/UBNA_001/20220802_100000.WAV,Carp Pond,recover-20220804,001,1795
175.4475,175.4663,25468.0,29891.0,Nyctalus leisleri,0.401,0.524,-1,Echolocation,/mnt/ubna_data_01_mir/recover-20220804/UBNA_001/20220802_100000.WAV,Carp Pond,recover-20220804,001,1795
175.64249999999998,175.6575,27187.0,30490.0,Nyctalus leisleri,0.301,0.388,-1,Echolocation,/mnt/ubna_data_01_mir/recover-20220804/UBNA_001/20220802_100000.WAV,Carp Pond,recover-20220804,001,1795
175.8675,175.8804,26328.0,30793.0,Nyctalus leisleri,0.318,0.55,-1,Echolocation,/mnt/ubna_data_01_mir/recover-20220804/UBNA_001/20220802_100000.WAV,Carp Pond,recover-20220804,001,1795
176.1135,176.1265,26328.0,31400.0,Nyctalus leisleri,0.372,0.608,-1,Echolocation,/mnt/ubna_data_01_mir/recover-20220804/UBNA_001/20220802_100000.WAV,Carp Pond,recover-20220804,001,1795
176.4845,176.5015,25468.0,29618.0,Nyctalus leisleri,0.271,0.413,-1,Echolocation,/mnt/ubna_data_01_mir/recover-20220804/UBNA_001/20220802_100000.WAV,Carp Pond,recover-20220804,001,1795
176.7185,176.7372,26328.0,29838.0,Nyctalus leisleri,0.321,0.425,-1,Echolocation,/mnt/ubna_data_01_mir/recover-20220804/UBNA_001/20220802_100000.WAV,Carp Pond,recover-20220804,001,1795
176.9545,176.9681,26328.0,31147.0,Nyctalus leisleri,0.41,0.641,-1,Echolocation,/mnt/ubna_data_01_mir/recover-20220804/UBNA_001/20220802_100000.WAV,Carp Pond,recover-20220804,001,1795
177.3285,177.3437,26328.0,30122.0,Nyctalus leisleri,0.34,0.555,-1,Echolocation,/mnt/ubna_data_01_mir/recover-20220804/UBNA_001/20220802_100000.WAV,Carp Pond,recover-20220804,001,1795
177.6975,177.7143,26328.0,30253.0,Nyctalus leisleri,0.374,0.595,-1,Echolocation,/mnt/ubna_data_01_mir/recover-20220804/UBNA_001/20220802_100000.WAV,Carp Pond,recover-20220804,001,1795
178.0705,178.09,25468.0,29253.0,Nyctalus leisleri,0.157,0.228,-1,Echolocation,/mnt/ubna_data_01_mir/recover-20220804/UBNA_001/20220802_100000.WAV,Carp Pond,recover-20220804,001,1795
178.3155,178.3329,26328.0,29739.0,Nyctalus leisleri,0.392,0.572,-1,Echolocation,/mnt/ubna_data_01_mir/recover-20220804/UBNA_001/20220802_100000.WAV,Carp Pond,recover-20220804,001,1795
178.6805,178.6977,27187.0,30897.0,Nyctalus leisleri,0.126,0.203,-1,Echolocation,/mnt/ubna_data_01_mir/recover-20220804/UBNA_001/20220802_100000.WAV,Carp Pond,recover-20220804,001,1795
179.05349999999999,179.0706,26328.0,28557.0,Nyctalus leisleri,0.581,0.626,-1,Echolocation,/mnt/ubna_data_01_mir/recover-20220804/UBNA_001/20220802_100000.WAV,Carp Pond,recover-20220804,001,1795
179.2485,179.2649,26328.0,32668.0,Eptesicus serotinus,0.258,0.57,-1,Echolocation,/mnt/ubna_data_01_mir/recover-20220804/UBNA_001/20220802_100000.WAV,Carp Pond,recover-20220804,001,1795
179.4575,179.4707,27187.0,33303.0,Eptesicus serotinus,0.292,0.616,-1,Echolocation,/mnt/ubna_data_01_mir/recover-20220804/UBNA_001/20220802_100000.WAV,Carp Pond,recover-20220804,001,1795
179.5775,179.5866,27187.0,35027.0,Eptesicus serotinus,0.336,0.655,-1,Echolocation,/mnt/ubna_data_01_mir/recover-20220804/UBNA_001/20220802_100000.WAV,Carp Pond,recover-20220804,001,1795
179.7575,179.7723,26328.0,30622.0,Nyctalus leisleri,0.384,0.566,-1,Echolocation,/mnt/ubna_data_01_mir/recover-20220804/UBNA_001/20220802_100000.WAV,Carp Pond,recover-20220804,001,1795
180.0015,180.0155,27187.0,31673.0,Nyctalus leisleri,0.273,0.331,-1,Echolocation,/mnt/ubna_data_01_mir/recover-20220804/UBNA_001/20220802_100000.WAV,Carp Pond,recover-20220804,001,1795
180.2505,180.2679,25468.0,31508.0,Eptesicus serotinus,0.234,0.564,-1,Echolocation,/mnt/ubna_data_01_mir/recover-20220804/UBNA_001/20220802_100000.WAV,Carp Pond,recover-20220804,001,1795
180.5055,180.5219,26328.0,30190.0,Nyctalus leisleri,0.331,0.568,-1,Echolocation,/mnt/ubna_data_01_mir/recover-20220804/UBNA_001/20220802_100000.WAV,Carp Pond,recover-20220804,001,1795
180.7605,180.7753,27187.0,32593.0,Nyctalus leisleri,0.255,0.534,-1,Echolocation,/mnt/ubna_data_01_mir/recover-20220804/UBNA_001/20220802_100000.WAV,Carp Pond,recover-20220804,001,1795
180.9885,181.0025,26328.0,31070.0,Nyctalus leisleri,0.418,0.644,-1,Echolocation,/mnt/ubna_data_01_mir/recover-20220804/UBNA_001/20220802_100000.WAV,Carp Pond,recover-20220804,001,1795
181.2255,181.2415,26328.0,32946.0,Eptesicus serotinus,0.278,0.648,-1,Echolocation,/mnt/ubna_data_01_mir/recover-20220804/UBNA_001/20220802_100000.WAV,Carp Pond,recover-20220804,001,1795
181.4695,181.4842,26328.0,32689.0,Eptesicus serotinus,0.269,0.637,-1,Echolocation,/mnt/ubna_data_01_mir/recover-20220804/UBNA_001/20220802_100000.WAV,Carp Pond,recover-20220804,001,1795
181.7155,181.7311,26328.0,31821.0,Nyctalus leisleri,0.255,0.609,-1,Echolocation,/mnt/ubna_data_01_mir/recover-20220804/UBNA_001/20220802_100000.WAV,Carp Pond,recover-20220804,001,1795
181.9545,181.9707,26328.0,33925.0,Eptesicus serotinus,0.321,0.619,-1,Echolocation,/mnt/ubna_data_01_mir/recover-20220804/UBNA_001/20220802_100000.WAV,Carp Pond,recover-20220804,001,1795
182.2055,182.2256,26328.0,31382.0,Nyctalus leisleri,0.188,0.44,-1,Echolocation,/mnt/ubna_data_01_mir/recover-20220804/UBNA_001/20220802_100000.WAV,Carp Pond,recover-20220804,001,1795
182.5795,182.5981,26328.0,30517.0,Nyctalus leisleri,0.198,0.478,-1,Echolocation,/mnt/ubna_data_01_mir/recover-20220804/UBNA_001/20220802_100000.WAV,Carp Pond,recover-20220804,001,1795
182.5825,182.5967,52968.0,57398.0,Pipistrellus pygmaeus,0.171,0.23,-1,Echolocation,/mnt/ubna_data_01_mir/recover-20220804/UBNA_001/20220802_100000.WAV,Carp Pond,recover-20220804,001,1795
182.8295,182.8428,26328.0,31417.0,Nyctalus leisleri,0.356,0.624,-1,Echolocation,/mnt/ubna_data_01_mir/recover-20220804/UBNA_001/20220802_100000.WAV,Carp Pond,recover-20220804,001,1795
183.2005,183.2198,25468.0,30953.0,Nyctalus leisleri,0.201,0.486,-1,Echolocation,/mnt/ubna_data_01_mir/recover-20220804/UBNA_001/20220802_100000.WAV,Carp Pond,recover-20220804,001,1795
183.5685,183.5892,26328.0,30394.0,Nyctalus leisleri,0.208,0.412,-1,Echolocation,/mnt/ubna_data_01_mir/recover-20220804/UBNA_001/20220802_100000.WAV,Carp Pond,recover-20220804,001,1795
183.9355,183.9524,26328.0,29913.0,Nyctalus leisleri,0.335,0.544,-1,Echolocation,/mnt/ubna_data_01_mir/recover-20220804/UBNA_001/20220802_100000.WAV,Carp Pond,recover-20220804,001,1795
183.9405,183.9563,52109.0,55507.0,Pipistrellus pygmaeus,0.126,0.249,-1,Echolocation,/mnt/ubna_data_01_mir/recover-20220804/UBNA_001/20220802_100000.WAV,Carp Pond,recover-20220804,001,1795
184.3135,184.3315,26328.0,29363.0,Nyctalus leisleri,0.486,0.566,-1,Echolocation,/mnt/ubna_data_01_mir/recover-20220804/UBNA_001/20220802_100000.WAV,Carp Pond,recover-20220804,001,1795
184.6865,184.7052,25468.0,29279.0,Nyctalus leisleri,0.475,0.568,-1,Echolocation,/mnt/ubna_data_01_mir/recover-20220804/UBNA_001/20220802_100000.WAV,Carp Pond,recover-20220804,001,1795
184.6915,184.7076,52109.0,55504.0,Pipistrellus pygmaeus,0.158,0.234,-1,Echolocation,/mnt/ubna_data_01_mir/recover-20220804/UBNA_001/20220802_100000.WAV,Carp Pond,recover-20220804,001,1795
185.0595,185.0765,26328.0,28932.0,Nyctalus leisleri,0.48,0.538,-1,Echolocation,/mnt/ubna_data_01_mir/recover-20220804/UBNA_001/20220802_100000.WAV,Carp Pond,recover-20220804,001,1795
185.4355,185.4553,25468.0,27974.0,Nyctalus leisleri,0.407,0.45,-1,Echolocation,/mnt/ubna_data_01_mir/recover-20220804/UBNA_001/20220802_100000.WAV,Carp Pond,recover-20220804,001,1795
185.4365,185.4593,51250.0,55657.0,Pipistrellus pygmaeus,0.165,0.21,-1,Echolocation,/mnt/ubna_data_01_mir/recover-20220804/UBNA_001/20220802_100000.WAV,Carp Pond,recover-20220804,001,1795
185.8005,185.82,26328.0,28625.0,Nyctalus leisleri,0.268,0.395,-1,Echolocation,/mnt/ubna_data_01_mir/recover-20220804/UBNA_001/20220802_100000.WAV,Carp Pond,recover-20220804,001,1795
186.1625,186.185,25468.0,28026.0,Nyctalus leisleri,0.496,0.545,-1,Echolocation,/mnt/ubna_data_01_mir/recover-20220804/UBNA_001/20220802_100000.WAV,Carp Pond,recover-20220804,001,1795
186.6435,186.663,25468.0,28664.0,Nyctalus leisleri,0.36,0.414,-1,Echolocation,/mnt/ubna_data_01_mir/recover-20220804/UBNA_001/20220802_100000.WAV,Carp Pond,recover-20220804,001,1795
187.0125,187.0368,24609.0,28105.0,Nyctalus leisleri,0.394,0.429,-1,Echolocation,/mnt/ubna_data_01_mir/recover-20220804/UBNA_001/20220802_100000.WAV,Carp Pond,recover-20220804,001,1795
187.2605,187.2791,25468.0,29615.0,Nyctalus leisleri,0.488,0.581,-1,Echolocation,/mnt/ubna_data_01_mir/recover-20220804/UBNA_001/20220802_100000.WAV,Carp Pond,recover-20220804,001,1795
187.6175,187.6346,25468.0,28522.0,Nyctalus leisleri,0.635,0.683,-1,Echolocation,/mnt/ubna_data_01_mir/recover-20220804/UBNA_001/20220802_100000.WAV,Carp Pond,recover-20220804,001,1795
187.9805,187.9984,25468.0,27389.0,Nyctalus leisleri,0.672,0.719,-1,Echolocation,/mnt/ubna_data_01_mir/recover-20220804/UBNA_001/20220802_100000.WAV,Carp Pond,recover-20220804,001,1795
187.9825,188.0267,68437.0,81851.0,Rhinolophus ferrumequinum,0.351,0.351,-1,Echolocation,/mnt/ubna_data_01_mir/recover-20220804/UBNA_001/20220802_100000.WAV,Carp Pond,recover-20220804,001,1795
188.3485,188.3645,25468.0,29298.0,Nyctalus leisleri,0.638,0.698,-1,Echolocation,/mnt/ubna_data_01_mir/recover-20220804/UBNA_001/20220802_100000.WAV,Carp Pond,recover-20220804,001,1795
188.7355,188.7533,52109.0,56337.0,Pipistrellus pygmaeus,0.252,0.322,-1,Echolocation,/mnt/ubna_data_01_mir/recover-20220804/UBNA_001/20220802_100000.WAV,Carp Pond,recover-20220804,001,1795
188.7365,188.7545,25468.0,28232.0,Nyctalus leisleri,0.687,0.722,-1,Echolocation,/mnt/ubna_data_01_mir/recover-20220804/UBNA_001/20220802_100000.WAV,Carp Pond,recover-20220804,001,1795
189.2215,189.2365,25468.0,28245.0,Nyctalus leisleri,0.62,0.661,-1,Echolocation,/mnt/ubna_data_01_mir/recover-20220804/UBNA_001/20220802_100000.WAV,Carp Pond,recover-20220804,001,1795
189.7105,189.7321,24609.0,28155.0,Nyctalus leisleri,0.561,0.619,-1,Echolocation,/mnt/ubna_data_01_mir/recover-20220804/UBNA_001/20220802_100000.WAV,Carp Pond,recover-20220804,001,1795
190.19650000000001,190.2154,25468.0,28831.0,Nyctalus leisleri,0.443,0.537,-1,Echolocation,/mnt/ubna_data_01_mir/recover-20220804/UBNA_001/20220802_100000.WAV,Carp Pond,recover-20220804,001,1795
190.5755,190.5935,25468.0,27640.0,Nyctalus leisleri,0.53,0.651,-1,Echolocation,/mnt/ubna_data_01_mir/recover-20220804/UBNA_001/20220802_100000.WAV,Carp Pond,recover-20220804,001,1795
190.9555,190.977,25468.0,28560.0,Nyctalus leisleri,0.191,0.253,-1,Echolocation,/mnt/ubna_data_01_mir/recover-20220804/UBNA_001/20220802_100000.WAV,Carp Pond,recover-20220804,001,1795
191.3375,191.3595,24609.0,27662.0,Nyctalus leisleri,0.45,0.539,-1,Echolocation,/mnt/ubna_data_01_mir/recover-20220804/UBNA_001/20220802_100000.WAV,Carp Pond,recover-20220804,001,1795
191.8295,191.8518,24609.0,28319.0,Nyctalus leisleri,0.168,0.234,-1,Echolocation,/mnt/ubna_data_01_mir/recover-20220804/UBNA_001/20220802_100000.WAV,Carp Pond,recover-20220804,001,1795
192.07150000000001,192.0888,25468.0,28739.0,Nyctalus leisleri,0.465,0.555,-1,Echolocation,/mnt/ubna_data_01_mir/recover-20220804/UBNA_001/20220802_100000.WAV,Carp Pond,recover-20220804,001,1795
192.3225,192.3409,24609.0,28860.0,Nyctalus leisleri,0.372,0.498,-1,Echolocation,/mnt/ubna_data_01_mir/recover-20220804/UBNA_001/20220802_100000.WAV,Carp Pond,recover-20220804,001,1795
193.0655,193.0875,24609.0,28361.0,Nyctalus leisleri,0.271,0.348,-1,Echolocation,/mnt/ubna_data_01_mir/recover-20220804/UBNA_001/20220802_100000.WAV,Carp Pond,recover-20220804,001,1795
193.8385,193.8514,23750.0,27982.0,Nyctalus leisleri,0.172,0.286,-1,Echolocation,/mnt/ubna_data_01_mir/recover-20220804/UBNA_001/20220802_100000.WAV,Carp Pond,recover-20220804,001,1795
319.5005,319.5186,23750.0,27492.0,Nyctalus leisleri,0.188,0.243,-1,Echolocation,/mnt/ubna_data_01_mir/recover-20220804/UBNA_001/20220802_100000.WAV,Carp Pond,recover-20220804,001,1795
367.8315,367.8484,22890.0,26363.0,Nyctalus leisleri,0.152,0.214,-1,Echolocation,/mnt/ubna_data_01_mir/recover-20220804/UBNA_001/20220802_100000.WAV,Carp Pond,recover-20220804,001,1795
368.5285,368.5423,22031.0,26455.0,Nyctalus leisleri,0.258,0.396,-1,Echolocation,/mnt/ubna_data_01_mir/recover-20220804/UBNA_001/20220802_100000.WAV,Carp Pond,recover-20220804,001,1795
368.9525,368.9664,23750.0,27780.0,Nyctalus leisleri,0.137,0.221,-1,Echolocation,/mnt/ubna_data_01_mir/recover-20220804/UBNA_001/20220802_100000.WAV,Carp Pond,recover-20220804,001,1795
369.3525,369.3741,22890.0,26413.0,Nyctalus leisleri,0.143,0.232,-1,Echolocation,/mnt/ubna_data_01_mir/recover-20220804/UBNA_001/20220802_100000.WAV,Carp Pond,recover-20220804,001,1795
369.6315,369.6484,22890.0,27559.0,Nyctalus leisleri,0.465,0.561,-1,Echolocation,/mnt/ubna_data_01_mir/recover-20220804/UBNA_001/20220802_100000.WAV,Carp Pond,recover-20220804,001,1795
370.0365,370.0564,22890.0,26409.0,Nyctalus leisleri,0.372,0.411,-1,Echolocation,/mnt/ubna_data_01_mir/recover-20220804/UBNA_001/20220802_100000.WAV,Carp Pond,recover-20220804,001,1795
370.3235,370.3405,22890.0,25924.0,Nyctalus leisleri,0.592,0.614,-1,Echolocation,/mnt/ubna_data_01_mir/recover-20220804/UBNA_001/20220802_100000.WAV,Carp Pond,recover-20220804,001,1795
370.7325,370.7565,22890.0,26807.0,Nyctalus leisleri,0.258,0.328,-1,Echolocation,/mnt/ubna_data_01_mir/recover-20220804/UBNA_001/20220802_100000.WAV,Carp Pond,recover-20220804,001,1795
371.0055,371.0265,22890.0,26689.0,Nyctalus leisleri,0.436,0.488,-1,Echolocation,/mnt/ubna_data_01_mir/recover-20220804/UBNA_001/20220802_100000.WAV,Carp Pond,recover-20220804,001,1795
371.2995,371.3221,22890.0,27077.0,Nyctalus leisleri,0.219,0.299,-1,Echolocation,/mnt/ubna_data_01_mir/recover-20220804/UBNA_001/20220802_100000.WAV,Carp Pond,recover-20220804,001,1795
371.7315,371.7547,21171.0,25692.0,Nyctalus leisleri,0.198,0.295,-1,Echolocation,/mnt/ubna_data_01_mir/recover-20220804/UBNA_001/20220802_100000.WAV,Carp Pond,recover-20220804,001,1795
372.0065,372.0289,22031.0,25679.0,Nyctalus leisleri,0.289,0.358,-1,Echolocation,/mnt/ubna_data_01_mir/recover-20220804/UBNA_001/20220802_100000.WAV,Carp Pond,recover-20220804,001,1795
372.4435,372.4662,22890.0,25935.0,Nyctalus leisleri,0.266,0.318,-1,Echolocation,/mnt/ubna_data_01_mir/recover-20220804/UBNA_001/20220802_100000.WAV,Carp Pond,recover-20220804,001,1795
372.7335,372.7537,22031.0,25332.0,Nyctalus leisleri,0.33,0.37,-1,Echolocation,/mnt/ubna_data_01_mir/recover-20220804/UBNA_001/20220802_100000.WAV,Carp Pond,recover-20220804,001,1795
373.0105,373.0401,22031.0,26719.0,Nyctalus noctula,0.158,0.261,-1,Echolocation,/mnt/ubna_data_01_mir/recover-20220804/UBNA_001/20220802_100000.WAV,Carp Pond,recover-20220804,001,1795
373.0195,373.039,22031.0,25311.0,Nyctalus leisleri,0.29,0.308,-1,Echolocation,/mnt/ubna_data_01_mir/recover-20220804/UBNA_001/20220802_100000.WAV,Carp Pond,recover-20220804,001,1795
373.4545,373.4757,22031.0,26828.0,Nyctalus leisleri,0.217,0.371,-1,Echolocation,/mnt/ubna_data_01_mir/recover-20220804/UBNA_001/20220802_100000.WAV,Carp Pond,recover-20220804,001,1795
373.7385,373.7607,22890.0,26788.0,Nyctalus leisleri,0.295,0.381,-1,Echolocation,/mnt/ubna_data_01_mir/recover-20220804/UBNA_001/20220802_100000.WAV,Carp Pond,recover-20220804,001,1795
374.0225,374.0434,22890.0,27158.0,Nyctalus leisleri,0.311,0.429,-1,Echolocation,/mnt/ubna_data_01_mir/recover-20220804/UBNA_001/20220802_100000.WAV,Carp Pond,recover-20220804,001,1795
374.3185,374.3355,21171.0,25493.0,Nyctalus leisleri,0.189,0.411,-1,Echolocation,/mnt/ubna_data_01_mir/recover-20220804/UBNA_001/20220802_100000.WAV,Carp Pond,recover-20220804,001,1795
374.6155,374.6376,22031.0,26664.0,Nyctalus leisleri,0.282,0.403,-1,Echolocation,/mnt/ubna_data_01_mir/recover-20220804/UBNA_001/20220802_100000.WAV,Carp Pond,recover-20220804,001,1795
374.6235,374.6357,44375.0,50201.0,Pipistrellus pipistrellus,0.232,0.27,-1,Echolocation,/mnt/ubna_data_01_mir/recover-20220804/UBNA_001/20220802_100000.WAV,Carp Pond,recover-20220804,001,1795
375.0525,375.0761,22031.0,25300.0,Nyctalus leisleri,0.17,0.223,-1,Echolocation,/mnt/ubna_data_01_mir/recover-20220804/UBNA_001/20220802_100000.WAV,Carp Pond,recover-20220804,001,1795
375.3435,375.3664,22031.0,25915.0,Nyctalus leisleri,0.468,0.527,-1,Echolocation,/mnt/ubna_data_01_mir/recover-20220804/UBNA_001/20220802_100000.WAV,Carp Pond,recover-20220804,001,1795
375.7875,375.8118,22031.0,25755.0,Nyctalus leisleri,0.169,0.244,-1,Echolocation,/mnt/ubna_data_01_mir/recover-20220804/UBNA_001/20220802_100000.WAV,Carp Pond,recover-20220804,001,1795
376.0685,376.09159999999997,22031.0,26707.0,Nyctalus noctula,0.153,0.343,-1,Echolocation,/mnt/ubna_data_01_mir/recover-20220804/UBNA_001/20220802_100000.WAV,Carp Pond,recover-20220804,001,1795
376.4945,376.5137,22031.0,25359.0,Nyctalus leisleri,0.313,0.368,-1,Echolocation,/mnt/ubna_data_01_mir/recover-20220804/UBNA_001/20220802_100000.WAV,Carp Pond,recover-20220804,001,1795
376.7815,376.8041,22031.0,27473.0,Nyctalus leisleri,0.196,0.402,-1,Echolocation,/mnt/ubna_data_01_mir/recover-20220804/UBNA_001/20220802_100000.WAV,Carp Pond,recover-20220804,001,1795
377.3345,377.3613,21171.0,26563.0,Nyctalus leisleri,0.145,0.34,-1,Echolocation,/mnt/ubna_data_01_mir/recover-20220804/UBNA_001/20220802_100000.WAV,Carp Pond,recover-20220804,001,1795
377.6355,377.655,21171.0,24865.0,Nyctalus leisleri,0.23,0.323,-1,Echolocation,/mnt/ubna_data_01_mir/recover-20220804/UBNA_001/20220802_100000.WAV,Carp Pond,recover-20220804,001,1795
377.9505,377.9719,22031.0,26926.0,Nyctalus leisleri,0.229,0.365,-1,Echolocation,/mnt/ubna_data_01_mir/recover-20220804/UBNA_001/20220802_100000.WAV,Carp Pond,recover-20220804,001,1795
378.39549999999997,378.4155,20312.0,24952.0,Nyctalus leisleri,0.224,0.407,-1,Echolocation,/mnt/ubna_data_01_mir/recover-20220804/UBNA_001/20220802_100000.WAV,Carp Pond,recover-20220804,001,1795
378.6925,378.7085,22031.0,25340.0,Nyctalus leisleri,0.595,0.631,-1,Echolocation,/mnt/ubna_data_01_mir/recover-20220804/UBNA_001/20220802_100000.WAV,Carp Pond,recover-20220804,001,1795
379.1285,379.1542,21171.0,25425.0,Nyctalus leisleri,0.139,0.289,-1,Echolocation,/mnt/ubna_data_01_mir/recover-20220804/UBNA_001/20220802_100000.WAV,Carp Pond,recover-20220804,001,1795
379.85450000000003,379.8759,21171.0,25980.0,Nyctalus leisleri,0.312,0.405,-1,Echolocation,/mnt/ubna_data_01_mir/recover-20220804/UBNA_001/20220802_100000.WAV,Carp Pond,recover-20220804,001,1795
380.3175,380.3401,22031.0,24809.0,Nyctalus leisleri,0.402,0.433,-1,Echolocation,/mnt/ubna_data_01_mir/recover-20220804/UBNA_001/20220802_100000.WAV,Carp Pond,recover-20220804,001,1795
381.0535,381.0711,21171.0,25843.0,Nyctalus leisleri,0.3,0.537,-1,Echolocation,/mnt/ubna_data_01_mir/recover-20220804/UBNA_001/20220802_100000.WAV,Carp Pond,recover-20220804,001,1795
382.3885,382.41179999999997,20312.0,24287.0,Nyctalus noctula,0.138,0.266,-1,Echolocation,/mnt/ubna_data_01_mir/recover-20220804/UBNA_001/20220802_100000.WAV,Carp Pond,recover-20220804,001,1795
393.2045,393.2212,26328.0,29617.0,Nyctalus leisleri,0.321,0.414,-1,Echolocation,/mnt/ubna_data_01_mir/recover-20220804/UBNA_001/20220802_100000.WAV,Carp Pond,recover-20220804,001,1795
415.0255,415.0426,22890.0,26912.0,Nyctalus leisleri,0.416,0.498,-1,Echolocation,/mnt/ubna_data_01_mir/recover-20220804/UBNA_001/20220802_100000.WAV,Carp Pond,recover-20220804,001,1795
416.0535,416.0729,22890.0,27103.0,Nyctalus leisleri,0.276,0.382,-1,Echolocation,/mnt/ubna_data_01_mir/recover-20220804/UBNA_001/20220802_100000.WAV,Carp Pond,recover-20220804,001,1795
416.3485,416.3643,22031.0,26067.0,Nyctalus leisleri,0.435,0.506,-1,Echolocation,/mnt/ubna_data_01_mir/recover-20220804/UBNA_001/20220802_100000.WAV,Carp Pond,recover-20220804,001,1795
416.8645,416.8795,22890.0,26504.0,Nyctalus leisleri,0.481,0.544,-1,Echolocation,/mnt/ubna_data_01_mir/recover-20220804/UBNA_001/20220802_100000.WAV,Carp Pond,recover-20220804,001,1795
417.4055,417.421,22031.0,27454.0,Nyctalus leisleri,0.198,0.493,-1,Echolocation,/mnt/ubna_data_01_mir/recover-20220804/UBNA_001/20220802_100000.WAV,Carp Pond,recover-20220804,001,1795
417.8605,417.8739,23750.0,27690.0,Nyctalus leisleri,0.279,0.406,-1,Echolocation,/mnt/ubna_data_01_mir/recover-20220804/UBNA_001/20220802_100000.WAV,Carp Pond,recover-20220804,001,1795
417.9565,417.9716,22031.0,26576.0,Nyctalus leisleri,0.468,0.582,-1,Echolocation,/mnt/ubna_data_01_mir/recover-20220804/UBNA_001/20220802_100000.WAV,Carp Pond,recover-20220804,001,1795
418.2605,418.277,22031.0,26151.0,Nyctalus leisleri,0.453,0.527,-1,Echolocation,/mnt/ubna_data_01_mir/recover-20220804/UBNA_001/20220802_100000.WAV,Carp Pond,recover-20220804,001,1795
418.5585,418.5771,22031.0,26117.0,Nyctalus leisleri,0.401,0.481,-1,Echolocation,/mnt/ubna_data_01_mir/recover-20220804/UBNA_001/20220802_100000.WAV,Carp Pond,recover-20220804,001,1795
418.5835,418.59590000000003,24609.0,28536.0,Nyctalus leisleri,0.189,0.324,-1,Echolocation,/mnt/ubna_data_01_mir/recover-20220804/UBNA_001/20220802_100000.WAV,Carp Pond,recover-20220804,001,1795
419.1105,419.1236,21171.0,26138.0,Nyctalus leisleri,0.369,0.619,-1,Echolocation,/mnt/ubna_data_01_mir/recover-20220804/UBNA_001/20220802_100000.WAV,Carp Pond,recover-20220804,001,1795
419.4515,419.4651,23750.0,28842.0,Nyctalus leisleri,0.556,0.665,-1,Echolocation,/mnt/ubna_data_01_mir/recover-20220804/UBNA_001/20220802_100000.WAV,Carp Pond,recover-20220804,001,1795
419.6675,419.6847,22031.0,26000.0,Nyctalus leisleri,0.238,0.36,-1,Echolocation,/mnt/ubna_data_01_mir/recover-20220804/UBNA_001/20220802_100000.WAV,Carp Pond,recover-20220804,001,1795
420.3065,420.3225,22890.0,29037.0,Nyctalus leisleri,0.388,0.553,-1,Echolocation,/mnt/ubna_data_01_mir/recover-20220804/UBNA_001/20220802_100000.WAV,Carp Pond,recover-20220804,001,1795
421.0525,421.0663,25468.0,29449.0,Nyctalus leisleri,0.244,0.383,-1,Echolocation,/mnt/ubna_data_01_mir/recover-20220804/UBNA_001/20220802_100000.WAV,Carp Pond,recover-20220804,001,1795
421.3945,421.4087,24609.0,28704.0,Nyctalus leisleri,0.381,0.53,-1,Echolocation,/mnt/ubna_data_01_mir/recover-20220804/UBNA_001/20220802_100000.WAV,Carp Pond,recover-20220804,001,1795
422.1255,422.1394,23750.0,27945.0,Nyctalus leisleri,0.448,0.567,-1,Echolocation,/mnt/ubna_data_01_mir/recover-20220804/UBNA_001/20220802_100000.WAV,Carp Pond,recover-20220804,001,1795
422.9355,422.9523,22890.0,28002.0,Nyctalus leisleri,0.363,0.514,-1,Echolocation,/mnt/ubna_data_01_mir/recover-20220804/UBNA_001/20220802_100000.WAV,Carp Pond,recover-20220804,001,1795
423.9205,423.9371,22890.0,27651.0,Nyctalus leisleri,0.391,0.551,-1,Echolocation,/mnt/ubna_data_01_mir/recover-20220804/UBNA_001/20220802_100000.WAV,Carp Pond,recover-20220804,001,1795
424.5185,424.5328,23750.0,28612.0,Nyctalus leisleri,0.601,0.692,-1,Echolocation,/mnt/ubna_data_01_mir/recover-20220804/UBNA_001/20220802_100000.WAV,Carp Pond,recover-20220804,001,1795
425.1245,425.1427,22890.0,26460.0,Nyctalus leisleri,0.253,0.324,-1,Echolocation,/mnt/ubna_data_01_mir/recover-20220804/UBNA_001/20220802_100000.WAV,Carp Pond,recover-20220804,001,1795
426.1995,426.214,23750.0,28098.0,Nyctalus leisleri,0.304,0.433,-1,Echolocation,/mnt/ubna_data_01_mir/recover-20220804/UBNA_001/20220802_100000.WAV,Carp Pond,recover-20220804,001,1795
436.6505,436.6653,22890.0,27544.0,Nyctalus leisleri,0.533,0.622,-1,Echolocation,/mnt/ubna_data_01_mir/recover-20220804/UBNA_001/20220802_100000.WAV,Carp Pond,recover-20220804,001,1795
438.2075,438.2251,22031.0,26406.0,Nyctalus leisleri,0.395,0.483,-1,Echolocation,/mnt/ubna_data_01_mir/recover-20220804/UBNA_001/20220802_100000.WAV,Carp Pond,recover-20220804,001,1795
438.8215,438.8364,22890.0,27254.0,Nyctalus leisleri,0.464,0.555,-1,Echolocation,/mnt/ubna_data_01_mir/recover-20220804/UBNA_001/20220802_100000.WAV,Carp Pond,recover-20220804,001,1795
439.6225,439.6392,22890.0,26589.0,Nyctalus leisleri,0.117,0.214,-1,Echolocation,/mnt/ubna_data_01_mir/recover-20220804/UBNA_001/20220802_100000.WAV,Carp Pond,recover-20220804,001,1795
439.8055,439.817,23750.0,29135.0,Nyctalus leisleri,0.177,0.343,-1,Echolocation,/mnt/ubna_data_01_mir/recover-20220804/UBNA_001/20220802_100000.WAV,Carp Pond,recover-20220804,001,1795
440.5045,440.5171,22031.0,27264.0,Nyctalus leisleri,0.298,0.488,-1,Echolocation,/mnt/ubna_data_01_mir/recover-20220804/UBNA_001/20220802_100000.WAV,Carp Pond,recover-20220804,001,1795
440.8285,440.8446,22890.0,26443.0,Nyctalus leisleri,0.203,0.291,-1,Echolocation,/mnt/ubna_data_01_mir/recover-20220804/UBNA_001/20220802_100000.WAV,Carp Pond,recover-20220804,001,1795
441.0625,441.0761,22890.0,27834.0,Nyctalus leisleri,0.526,0.627,-1,Echolocation,/mnt/ubna_data_01_mir/recover-20220804/UBNA_001/20220802_100000.WAV,Carp Pond,recover-20220804,001,1795
441.6645,441.6799,22031.0,27816.0,Nyctalus leisleri,0.377,0.599,-1,Echolocation,/mnt/ubna_data_01_mir/recover-20220804/UBNA_001/20220802_100000.WAV,Carp Pond,recover-20220804,001,1795
442.0015,442.0154,22031.0,27607.0,Nyctalus leisleri,0.233,0.355,-1,Echolocation,/mnt/ubna_data_01_mir/recover-20220804/UBNA_001/20220802_100000.WAV,Carp Pond,recover-20220804,001,1795
442.4735,442.4926,22031.0,26248.0,Nyctalus leisleri,0.328,0.397,-1,Echolocation,/mnt/ubna_data_01_mir/recover-20220804/UBNA_001/20220802_100000.WAV,Carp Pond,recover-20220804,001,1795
442.7725,442.7903,22890.0,25821.0,Nyctalus leisleri,0.567,0.593,-1,Echolocation,/mnt/ubna_data_01_mir/recover-20220804/UBNA_001/20220802_100000.WAV,Carp Pond,recover-20220804,001,1795
443.6165,443.6337,22031.0,26441.0,Nyctalus leisleri,0.489,0.577,-1,Echolocation,/mnt/ubna_data_01_mir/recover-20220804/UBNA_001/20220802_100000.WAV,Carp Pond,recover-20220804,001,1795
444.4545,444.47090000000003,22031.0,26427.0,Nyctalus leisleri,0.316,0.478,-1,Echolocation,/mnt/ubna_data_01_mir/recover-20220804/UBNA_001/20220802_100000.WAV,Carp Pond,recover-20220804,001,1795
444.8005,444.8155,22031.0,25873.0,Nyctalus leisleri,0.661,0.705,-1,Echolocation,/mnt/ubna_data_01_mir/recover-20220804/UBNA_001/20220802_100000.WAV,Carp Pond,recover-20220804,001,1795
445.6665,445.6798,22031.0,27153.0,Nyctalus leisleri,0.161,0.359,-1,Echolocation,/mnt/ubna_data_01_mir/recover-20220804/UBNA_001/20220802_100000.WAV,Carp Pond,recover-20220804,001,1795
459.5755,459.591,27187.0,29982.0,Nyctalus leisleri,0.331,0.413,-1,Echolocation,/mnt/ubna_data_01_mir/recover-20220804/UBNA_001/20220802_100000.WAV,Carp Pond,recover-20220804,001,1795
461.3265,461.3437,26328.0,30418.0,Nyctalus leisleri,0.311,0.461,-1,Echolocation,/mnt/ubna_data_01_mir/recover-20220804/UBNA_001/20220802_100000.WAV,Carp Pond,recover-20220804,001,1795
461.5265,461.5457,27187.0,31079.0,Nyctalus leisleri,0.196,0.276,-1,Echolocation,/mnt/ubna_data_01_mir/recover-20220804/UBNA_001/20220802_100000.WAV,Carp Pond,recover-20220804,001,1795
462.0075,462.0215,26328.0,31625.0,Nyctalus leisleri,0.258,0.453,-1,Echolocation,/mnt/ubna_data_01_mir/recover-20220804/UBNA_001/20220802_100000.WAV,Carp Pond,recover-20220804,001,1795
462.2515,462.267,26328.0,30530.0,Nyctalus leisleri,0.315,0.438,-1,Echolocation,/mnt/ubna_data_01_mir/recover-20220804/UBNA_001/20220802_100000.WAV,Carp Pond,recover-20220804,001,1795
462.7735,462.7885,26328.0,29980.0,Nyctalus leisleri,0.351,0.455,-1,Echolocation,/mnt/ubna_data_01_mir/recover-20220804/UBNA_001/20220802_100000.WAV,Carp Pond,recover-20220804,001,1795
463.0525,463.0655,26328.0,30321.0,Nyctalus leisleri,0.251,0.38,-1,Echolocation,/mnt/ubna_data_01_mir/recover-20220804/UBNA_001/20220802_100000.WAV,Carp Pond,recover-20220804,001,1795
523.6375,523.6532,27187.0,31053.0,Nyctalus leisleri,0.328,0.454,-1,Echolocation,/mnt/ubna_data_01_mir/recover-20220804/UBNA_001/20220802_100000.WAV,Carp Pond,recover-20220804,001,1795
524.4325,524.4455,26328.0,30866.0,Nyctalus leisleri,0.118,0.248,-1,Echolocation,/mnt/ubna_data_01_mir/recover-20220804/UBNA_001/20220802_100000.WAV,Carp Pond,recover-20220804,001,1795
528.2475,528.2618,25468.0,29842.0,Nyctalus leisleri,0.127,0.239,-1,Echolocation,/mnt/ubna_data_01_mir/recover-20220804/UBNA_001/20220802_100000.WAV,Carp Pond,recover-20220804,001,1795
528.8635,528.8776,25468.0,29378.0,Nyctalus leisleri,0.21,0.32,-1,Echolocation,/mnt/ubna_data_01_mir/recover-20220804/UBNA_001/20220802_100000.WAV,Carp Pond,recover-20220804,001,1795
530.6105,530.6279,26328.0,29609.0,Nyctalus leisleri,0.346,0.472,-1,Echolocation,/mnt/ubna_data_01_mir/recover-20220804/UBNA_001/20220802_100000.WAV,Carp Pond,recover-20220804,001,1795
548.8765,548.8938,23750.0,26661.0,Nyctalus leisleri,0.192,0.234,-1,Echolocation,/mnt/ubna_data_01_mir/recover-20220804/UBNA_001/20220802_100000.WAV,Carp Pond,recover-20220804,001,1795
554.7875,554.8015,22031.0,27015.0,Nyctalus leisleri,0.405,0.557,-1,Echolocation,/mnt/ubna_data_01_mir/recover-20220804/UBNA_001/20220802_100000.WAV,Carp Pond,recover-20220804,001,1795
557.2155,557.2319,26328.0,29523.0,Nyctalus leisleri,0.306,0.377,-1,Echolocation,/mnt/ubna_data_01_mir/recover-20220804/UBNA_001/20220802_100000.WAV,Carp Pond,recover-20220804,001,1795
557.8035,557.8192,22890.0,27236.0,Nyctalus leisleri,0.222,0.353,-1,Echolocation,/mnt/ubna_data_01_mir/recover-20220804/UBNA_001/20220802_100000.WAV,Carp Pond,recover-20220804,001,1795
559.8505,559.867,21171.0,25823.0,Nyctalus leisleri,0.284,0.466,-1,Echolocation,/mnt/ubna_data_01_mir/recover-20220804/UBNA_001/20220802_100000.WAV,Carp Pond,recover-20220804,001,1795
585.8015,585.8178,26328.0,29514.0,Nyctalus leisleri,0.362,0.459,-1,Echolocation,/mnt/ubna_data_01_mir/recover-20220804/UBNA_001/20220802_100000.WAV,Carp Pond,recover-20220804,001,1795
586.8715,586.8893,26328.0,29409.0,Nyctalus leisleri,0.403,0.488,-1,Echolocation,/mnt/ubna_data_01_mir/recover-20220804/UBNA_001/20220802_100000.WAV,Carp Pond,recover-20220804,001,1795
587.3955,587.4134,26328.0,29214.0,Nyctalus leisleri,0.447,0.513,-1,Echolocation,/mnt/ubna_data_01_mir/recover-20220804/UBNA_001/20220802_100000.WAV,Carp Pond,recover-20220804,001,1795
587.6695,587.6863,26328.0,29169.0,Nyctalus leisleri,0.566,0.635,-1,Echolocation,/mnt/ubna_data_01_mir/recover-20220804/UBNA_001/20220802_100000.WAV,Carp Pond,recover-20220804,001,1795
587.9635,587.9818,26328.0,29443.0,Nyctalus leisleri,0.351,0.421,-1,Echolocation,/mnt/ubna_data_01_mir/recover-20220804/UBNA_001/20220802_100000.WAV,Carp Pond,recover-20220804,001,1795
588.6335,588.6534,25468.0,29088.0,Nyctalus leisleri,0.199,0.279,-1,Echolocation,/mnt/ubna_data_01_mir/recover-20220804/UBNA_001/20220802_100000.WAV,Carp Pond,recover-20220804,001,1795
614.6715,614.6892,26328.0,29888.0,Nyctalus leisleri,0.165,0.244,-1,Echolocation,/mnt/ubna_data_01_mir/recover-20220804/UBNA_001/20220802_100000.WAV,Carp Pond,recover-20220804,001,1795
615.4895,615.5085,26328.0,29863.0,Nyctalus leisleri,0.316,0.404,-1,Echolocation,/mnt/ubna_data_01_mir/recover-20220804/UBNA_001/20220802_100000.WAV,Carp Pond,recover-20220804,001,1795
616.2675,616.2854,25468.0,29225.0,Nyctalus leisleri,0.504,0.571,-1,Echolocation,/mnt/ubna_data_01_mir/recover-20220804/UBNA_001/20220802_100000.WAV,Carp Pond,recover-20220804,001,1795
617.0305,617.0505,26328.0,29780.0,Nyctalus leisleri,0.261,0.348,-1,Echolocation,/mnt/ubna_data_01_mir/recover-20220804/UBNA_001/20220802_100000.WAV,Carp Pond,recover-20220804,001,1795
617.7915,617.8114,26328.0,29651.0,Nyctalus leisleri,0.125,0.202,-1,Echolocation,/mnt/ubna_data_01_mir/recover-20220804/UBNA_001/20220802_100000.WAV,Carp Pond,recover-20220804,001,1795
643.3855,643.4024,26328.0,29919.0,Nyctalus leisleri,0.257,0.348,-1,Echolocation,/mnt/ubna_data_01_mir/recover-20220804/UBNA_001/20220802_100000.WAV,Carp Pond,recover-20220804,001,1795
643.7675,643.785,26328.0,29789.0,Nyctalus leisleri,0.267,0.339,-1,Echolocation,/mnt/ubna_data_01_mir/recover-20220804/UBNA_001/20220802_100000.WAV,Carp Pond,recover-20220804,001,1795
644.2975,644.3147,26328.0,29180.0,Nyctalus leisleri,0.315,0.409,-1,Echolocation,/mnt/ubna_data_01_mir/recover-20220804/UBNA_001/20220802_100000.WAV,Carp Pond,recover-20220804,001,1795
645.0295,645.0417,26328.0,30504.0,Nyctalus leisleri,0.24,0.406,-1,Echolocation,/mnt/ubna_data_01_mir/recover-20220804/UBNA_001/20220802_100000.WAV,Carp Pond,recover-20220804,001,1795
705.9815,705.9952,24609.0,30571.0,Eptesicus serotinus,0.116,0.259,-1,Echolocation,/mnt/ubna_data_01_mir/recover-20220804/UBNA_001/20220802_100000.WAV,Carp Pond,recover-20220804,001,1795
786.0425,786.0617,26328.0,29167.0,Nyctalus leisleri,0.247,0.32,-1,Echolocation,/mnt/ubna_data_01_mir/recover-20220804/UBNA_001/20220802_100000.WAV,Carp Pond,recover-20220804,001,1795
787.1595,787.1785,26328.0,29475.0,Nyctalus leisleri,0.292,0.366,-1,Echolocation,/mnt/ubna_data_01_mir/recover-20220804/UBNA_001/20220802_100000.WAV,Carp Pond,recover-20220804,001,1795
900.5535,900.5678,27187.0,32118.0,Nyctalus leisleri,0.261,0.408,-1,Echolocation,/mnt/ubna_data_01_mir/recover-20220804/UBNA_001/20220802_100000.WAV,Carp Pond,recover-20220804,001,1795
900.9145,900.9336,26328.0,30465.0,Nyctalus leisleri,0.227,0.376,-1,Echolocation,/mnt/ubna_data_01_mir/recover-20220804/UBNA_001/20220802_100000.WAV,Carp Pond,recover-20220804,001,1795
901.5855,901.606,26328.0,28909.0,Nyctalus leisleri,0.174,0.224,-1,Echolocation,/mnt/ubna_data_01_mir/recover-20220804/UBNA_001/20220802_100000.WAV,Carp Pond,recover-20220804,001,1795
902.0775,902.0954,25468.0,28857.0,Nyctalus leisleri,0.421,0.495,-1,Echolocation,/mnt/ubna_data_01_mir/recover-20220804/UBNA_001/20220802_100000.WAV,Carp Pond,recover-20220804,001,1795
902.7125,902.7296,26328.0,29614.0,Nyctalus leisleri,0.404,0.504,-1,Echolocation,/mnt/ubna_data_01_mir/recover-20220804/UBNA_001/20220802_100000.WAV,Carp Pond,recover-20220804,001,1795
903.4505,903.4698,25468.0,29284.0,Nyctalus leisleri,0.444,0.541,-1,Echolocation,/mnt/ubna_data_01_mir/recover-20220804/UBNA_001/20220802_100000.WAV,Carp Pond,recover-20220804,001,1795
904.2005,904.2176,25468.0,29033.0,Nyctalus leisleri,0.457,0.608,-1,Echolocation,/mnt/ubna_data_01_mir/recover-20220804/UBNA_001/20220802_100000.WAV,Carp Pond,recover-20220804,001,1795
904.9645,904.9809,26328.0,29181.0,Nyctalus leisleri,0.36,0.449,-1,Echolocation,/mnt/ubna_data_01_mir/recover-20220804/UBNA_001/20220802_100000.WAV,Carp Pond,recover-20220804,001,1795
921.3995,921.416,26328.0,29277.0,Nyctalus leisleri,0.343,0.406,-1,Echolocation,/mnt/ubna_data_01_mir/recover-20220804/UBNA_001/20220802_100000.WAV,Carp Pond,recover-20220804,001,1795
922.1745,922.1922,25468.0,28931.0,Nyctalus leisleri,0.304,0.392,-1,Echolocation,/mnt/ubna_data_01_mir/recover-20220804/UBNA_001/20220802_100000.WAV,Carp Pond,recover-20220804,001,1795
923.9625,923.9798,26328.0,29729.0,Nyctalus leisleri,0.271,0.36,-1,Echolocation,/mnt/ubna_data_01_mir/recover-20220804/UBNA_001/20220802_100000.WAV,Carp Pond,recover-20220804,001,1795
928.6965,928.7085,23750.0,29058.0,Nyctalus leisleri,0.136,0.253,-1,Echolocation,/mnt/ubna_data_01_mir/recover-20220804/UBNA_001/20220802_100000.WAV,Carp Pond,recover-20220804,001,1795
935.9485,935.964,26328.0,29716.0,Nyctalus leisleri,0.334,0.444,-1,Echolocation,/mnt/ubna_data_01_mir/recover-20220804/UBNA_001/20220802_100000.WAV,Carp Pond,recover-20220804,001,1795
937.7905,937.8088,26328.0,30484.0,Nyctalus leisleri,0.251,0.408,-1,Echolocation,/mnt/ubna_data_01_mir/recover-20220804/UBNA_001/20220802_100000.WAV,Carp Pond,recover-20220804,001,1795
938.1745,938.1889,26328.0,30134.0,Nyctalus leisleri,0.473,0.612,-1,Echolocation,/mnt/ubna_data_01_mir/recover-20220804/UBNA_001/20220802_100000.WAV,Carp Pond,recover-20220804,001,1795
938.9125,938.9306,26328.0,29491.0,Nyctalus leisleri,0.305,0.408,-1,Echolocation,/mnt/ubna_data_01_mir/recover-20220804/UBNA_001/20220802_100000.WAV,Carp Pond,recover-20220804,001,1795
939.0895,939.1055,27187.0,33085.0,Eptesicus serotinus,0.216,0.487,-1,Echolocation,/mnt/ubna_data_01_mir/recover-20220804/UBNA_001/20220802_100000.WAV,Carp Pond,recover-20220804,001,1795
939.2395,939.255,26328.0,30722.0,Nyctalus leisleri,0.118,0.229,-1,Echolocation,/mnt/ubna_data_01_mir/recover-20220804/UBNA_001/20220802_100000.WAV,Carp Pond,recover-20220804,001,1795
941.2695,941.2814,27187.0,31865.0,Nyctalus leisleri,0.093,0.203,-1,Echolocation,/mnt/ubna_data_01_mir/recover-20220804/UBNA_001/20220802_100000.WAV,Carp Pond,recover-20220804,001,1795
941.5405,941.5567,25468.0,29828.0,Nyctalus leisleri,0.324,0.549,-1,Echolocation,/mnt/ubna_data_01_mir/recover-20220804/UBNA_001/20220802_100000.WAV,Carp Pond,recover-20220804,001,1795
942.0555,942.0755,26328.0,29887.0,Nyctalus leisleri,0.314,0.419,-1,Echolocation,/mnt/ubna_data_01_mir/recover-20220804/UBNA_001/20220802_100000.WAV,Carp Pond,recover-20220804,001,1795
942.3395,942.3582,25468.0,29105.0,Nyctalus leisleri,0.18,0.258,-1,Echolocation,/mnt/ubna_data_01_mir/recover-20220804/UBNA_001/20220802_100000.WAV,Carp Pond,recover-20220804,001,1795
942.7255,942.7439,25468.0,29605.0,Nyctalus leisleri,0.4,0.549,-1,Echolocation,/mnt/ubna_data_01_mir/recover-20220804/UBNA_001/20220802_100000.WAV,Carp Pond,recover-20220804,001,1795
942.9725,942.9906,26328.0,29733.0,Nyctalus leisleri,0.347,0.451,-1,Echolocation,/mnt/ubna_data_01_mir/recover-20220804/UBNA_001/20220802_100000.WAV,Carp Pond,recover-20220804,001,1795
943.6025,943.6235,25468.0,29809.0,Nyctalus leisleri,0.264,0.451,-1,Echolocation,/mnt/ubna_data_01_mir/recover-20220804/UBNA_001/20220802_100000.WAV,Carp Pond,recover-20220804,001,1795
945.0255,945.0437,26328.0,29650.0,Nyctalus leisleri,0.293,0.386,-1,Echolocation,/mnt/ubna_data_01_mir/recover-20220804/UBNA_001/20220802_100000.WAV,Carp Pond,recover-20220804,001,1795
945.8095,945.8279,26328.0,29970.0,Nyctalus leisleri,0.261,0.371,-1,Echolocation,/mnt/ubna_data_01_mir/recover-20220804/UBNA_001/20220802_100000.WAV,Carp Pond,recover-20220804,001,1795
946.8095,946.8275,26328.0,29862.0,Nyctalus leisleri,0.336,0.435,-1,Echolocation,/mnt/ubna_data_01_mir/recover-20220804/UBNA_001/20220802_100000.WAV,Carp Pond,recover-20220804,001,1795
959.8695,959.882,27187.0,33201.0,Nyctalus leisleri,0.276,0.604,-1,Echolocation,/mnt/ubna_data_01_mir/recover-20220804/UBNA_001/20220802_100000.WAV,Carp Pond,recover-20220804,001,1795
960.4795,960.4951,25468.0,29877.0,Nyctalus leisleri,0.124,0.23,-1,Echolocation,/mnt/ubna_data_01_mir/recover-20220804/UBNA_001/20220802_100000.WAV,Carp Pond,recover-20220804,001,1795
960.9845,961.0003,25468.0,29732.0,Nyctalus leisleri,0.221,0.333,-1,Echolocation,/mnt/ubna_data_01_mir/recover-20220804/UBNA_001/20220802_100000.WAV,Carp Pond,recover-20220804,001,1795
961.1805,961.1952,26328.0,29827.0,Nyctalus leisleri,0.348,0.461,-1,Echolocation,/mnt/ubna_data_01_mir/recover-20220804/UBNA_001/20220802_100000.WAV,Carp Pond,recover-20220804,001,1795
961.3025,961.3162,26328.0,29901.0,Nyctalus leisleri,0.433,0.549,-1,Echolocation,/mnt/ubna_data_01_mir/recover-20220804/UBNA_001/20220802_100000.WAV,Carp Pond,recover-20220804,001,1795
963.2265,963.2391,26328.0,29882.0,Nyctalus leisleri,0.437,0.56,-1,Echolocation,/mnt/ubna_data_01_mir/recover-20220804/UBNA_001/20220802_100000.WAV,Carp Pond,recover-20220804,001,1795
963.9545,963.9701,25468.0,30248.0,Nyctalus leisleri,0.348,0.572,-1,Echolocation,/mnt/ubna_data_01_mir/recover-20220804/UBNA_001/20220802_100000.WAV,Carp Pond,recover-20220804,001,1795
975.7295,975.7461,23750.0,27192.0,Nyctalus leisleri,0.333,0.402,-1,Echolocation,/mnt/ubna_data_01_mir/recover-20220804/UBNA_001/20220802_100000.WAV,Carp Pond,recover-20220804,001,1795
1059.7175,1059.7295,24609.0,30048.0,Nyctalus leisleri,0.276,0.478,-1,Echolocation,/mnt/ubna_data_01_mir/recover-20220804/UBNA_001/20220802_100000.WAV,Carp Pond,recover-20220804,001,1795
1061.7615,1061.7746,25468.0,29642.0,Nyctalus leisleri,0.336,0.473,-1,Echolocation,/mnt/ubna_data_01_mir/recover-20220804/UBNA_001/20220802_100000.WAV,Carp Pond,recover-20220804,001,1795
1062.4105,1062.4218,25468.0,30263.0,Nyctalus leisleri,0.196,0.397,-1,Echolocation,/mnt/ubna_data_01_mir/recover-20220804/UBNA_001/20220802_100000.WAV,Carp Pond,recover-20220804,001,1795
1063.2815,1063.293,25468.0,31770.0,Nyctalus leisleri,0.175,0.356,-1,Echolocation,/mnt/ubna_data_01_mir/recover-20220804/UBNA_001/20220802_100000.WAV,Carp Pond,recover-20220804,001,1795
1063.4625,1063.4732,25468.0,31371.0,Nyctalus leisleri,0.301,0.592,-1,Echolocation,/mnt/ubna_data_01_mir/recover-20220804/UBNA_001/20220802_100000.WAV,Carp Pond,recover-20220804,001,1795
1063.7465,1063.7573,25468.0,30507.0,Eptesicus serotinus,0.203,0.472,-1,Echolocation,/mnt/ubna_data_01_mir/recover-20220804/UBNA_001/20220802_100000.WAV,Carp Pond,recover-20220804,001,1795
1064.0225,1064.033,25468.0,33679.0,Nyctalus leisleri,0.359,0.7,-1,Echolocation,/mnt/ubna_data_01_mir/recover-20220804/UBNA_001/20220802_100000.WAV,Carp Pond,recover-20220804,001,1795
1064.2995,1064.3103,24609.0,31847.0,Eptesicus serotinus,0.312,0.573,-1,Echolocation,/mnt/ubna_data_01_mir/recover-20220804/UBNA_001/20220802_100000.WAV,Carp Pond,recover-20220804,001,1795
1064.5865,1064.5971,25468.0,32074.0,Nyctalus leisleri,0.278,0.603,-1,Echolocation,/mnt/ubna_data_01_mir/recover-20220804/UBNA_001/20220802_100000.WAV,Carp Pond,recover-20220804,001,1795
1064.8575,1064.8698,25468.0,29658.0,Nyctalus leisleri,0.227,0.403,-1,Echolocation,/mnt/ubna_data_01_mir/recover-20220804/UBNA_001/20220802_100000.WAV,Carp Pond,recover-20220804,001,1795
1065.2445,1065.2554,24609.0,31346.0,Nyctalus leisleri,0.299,0.636,-1,Echolocation,/mnt/ubna_data_01_mir/recover-20220804/UBNA_001/20220802_100000.WAV,Carp Pond,recover-20220804,001,1795
1065.5055,1065.5194,24609.0,31782.0,Eptesicus serotinus,0.294,0.64,-1,Echolocation,/mnt/ubna_data_01_mir/recover-20220804/UBNA_001/20220802_100000.WAV,Carp Pond,recover-20220804,001,1795
1065.7865,1065.7985,24609.0,32522.0,Eptesicus serotinus,0.321,0.656,-1,Echolocation,/mnt/ubna_data_01_mir/recover-20220804/UBNA_001/20220802_100000.WAV,Carp Pond,recover-20220804,001,1795
1066.2235,1066.2351,24609.0,30232.0,Nyctalus leisleri,0.271,0.534,-1,Echolocation,/mnt/ubna_data_01_mir/recover-20220804/UBNA_001/20220802_100000.WAV,Carp Pond,recover-20220804,001,1795
1066.5075,1066.52,24609.0,31128.0,Nyctalus leisleri,0.379,0.655,-1,Echolocation,/mnt/ubna_data_01_mir/recover-20220804/UBNA_001/20220802_100000.WAV,Carp Pond,recover-20220804,001,1795
1066.8095,1066.8207,24609.0,30462.0,Nyctalus leisleri,0.325,0.564,-1,Echolocation,/mnt/ubna_data_01_mir/recover-20220804/UBNA_001/20220802_100000.WAV,Carp Pond,recover-20220804,001,1795
1067.0955,1067.1071,24609.0,33345.0,Eptesicus serotinus,0.411,0.622,-1,Echolocation,/mnt/ubna_data_01_mir/recover-20220804/UBNA_001/20220802_100000.WAV,Carp Pond,recover-20220804,001,1795
1067.3785,1067.3915,23750.0,31935.0,Eptesicus serotinus,0.308,0.671,-1,Echolocation,/mnt/ubna_data_01_mir/recover-20220804/UBNA_001/20220802_100000.WAV,Carp Pond,recover-20220804,001,1795
1067.3845,1067.3936,48671.0,52636.0,Pipistrellus pipistrellus,0.157,0.267,-1,Echolocation,/mnt/ubna_data_01_mir/recover-20220804/UBNA_001/20220802_100000.WAV,Carp Pond,recover-20220804,001,1795
1067.6485,1067.6599,24609.0,32460.0,Eptesicus serotinus,0.297,0.62,-1,Echolocation,/mnt/ubna_data_01_mir/recover-20220804/UBNA_001/20220802_100000.WAV,Carp Pond,recover-20220804,001,1795
1068.0595,1068.0716,24609.0,29325.0,Nyctalus leisleri,0.434,0.621,-1,Echolocation,/mnt/ubna_data_01_mir/recover-20220804/UBNA_001/20220802_100000.WAV,Carp Pond,recover-20220804,001,1795
1068.3355,1068.3489,24609.0,30622.0,Nyctalus leisleri,0.376,0.67,-1,Echolocation,/mnt/ubna_data_01_mir/recover-20220804/UBNA_001/20220802_100000.WAV,Carp Pond,recover-20220804,001,1795
1068.6365,1068.6476,24609.0,30278.0,Nyctalus leisleri,0.288,0.522,-1,Echolocation,/mnt/ubna_data_01_mir/recover-20220804/UBNA_001/20220802_100000.WAV,Carp Pond,recover-20220804,001,1795
1068.9065,1068.9209,24609.0,32280.0,Eptesicus serotinus,0.284,0.526,-1,Echolocation,/mnt/ubna_data_01_mir/recover-20220804/UBNA_001/20220802_100000.WAV,Carp Pond,recover-20220804,001,1795
1069.1935,1069.2052,24609.0,29717.0,Nyctalus leisleri,0.456,0.593,-1,Echolocation,/mnt/ubna_data_01_mir/recover-20220804/UBNA_001/20220802_100000.WAV,Carp Pond,recover-20220804,001,1795
1069.4385,1069.4515,24609.0,33330.0,Eptesicus serotinus,0.332,0.628,-1,Echolocation,/mnt/ubna_data_01_mir/recover-20220804/UBNA_001/20220802_100000.WAV,Carp Pond,recover-20220804,001,1795
1069.7215,1069.7351,24609.0,29947.0,Nyctalus leisleri,0.221,0.401,-1,Echolocation,/mnt/ubna_data_01_mir/recover-20220804/UBNA_001/20220802_100000.WAV,Carp Pond,recover-20220804,001,1795
1070.0075,1070.0188,24609.0,30293.0,Nyctalus leisleri,0.305,0.539,-1,Echolocation,/mnt/ubna_data_01_mir/recover-20220804/UBNA_001/20220802_100000.WAV,Carp Pond,recover-20220804,001,1795
1070.2885,1070.3043,23750.0,31135.0,Nyctalus leisleri,0.252,0.587,-1,Echolocation,/mnt/ubna_data_01_mir/recover-20220804/UBNA_001/20220802_100000.WAV,Carp Pond,recover-20220804,001,1795
1070.5525,1070.5654,24609.0,31343.0,Nyctalus leisleri,0.342,0.553,-1,Echolocation,/mnt/ubna_data_01_mir/recover-20220804/UBNA_001/20220802_100000.WAV,Carp Pond,recover-20220804,001,1795
1070.8125,1070.8271,25468.0,30708.0,Nyctalus leisleri,0.421,0.536,-1,Echolocation,/mnt/ubna_data_01_mir/recover-20220804/UBNA_001/20220802_100000.WAV,Carp Pond,recover-20220804,001,1795
1071.1385,1071.1527,24609.0,31920.0,Eptesicus serotinus,0.262,0.562,-1,Echolocation,/mnt/ubna_data_01_mir/recover-20220804/UBNA_001/20220802_100000.WAV,Carp Pond,recover-20220804,001,1795
1071.3985,1071.4101,24609.0,32640.0,Eptesicus serotinus,0.343,0.545,-1,Echolocation,/mnt/ubna_data_01_mir/recover-20220804/UBNA_001/20220802_100000.WAV,Carp Pond,recover-20220804,001,1795
1071.6665,1071.6774,24609.0,33597.0,Nyctalus leisleri,0.342,0.706,-1,Echolocation,/mnt/ubna_data_01_mir/recover-20220804/UBNA_001/20220802_100000.WAV,Carp Pond,recover-20220804,001,1795
1071.9425,1071.9545,23750.0,31066.0,Nyctalus leisleri,0.361,0.647,-1,Echolocation,/mnt/ubna_data_01_mir/recover-20220804/UBNA_001/20220802_100000.WAV,Carp Pond,recover-20220804,001,1795
1072.2295,1072.24,23750.0,32545.0,Eptesicus serotinus,0.393,0.665,-1,Echolocation,/mnt/ubna_data_01_mir/recover-20220804/UBNA_001/20220802_100000.WAV,Carp Pond,recover-20220804,001,1795
1072.2335,1072.2416,48671.0,52278.0,Pipistrellus pipistrellus,0.235,0.333,-1,Echolocation,/mnt/ubna_data_01_mir/recover-20220804/UBNA_001/20220802_100000.WAV,Carp Pond,recover-20220804,001,1795
1072.6545,1072.6649,23750.0,30027.0,Nyctalus leisleri,0.336,0.593,-1,Echolocation,/mnt/ubna_data_01_mir/recover-20220804/UBNA_001/20220802_100000.WAV,Carp Pond,recover-20220804,001,1795
1072.9415,1072.9529,23750.0,29376.0,Nyctalus leisleri,0.321,0.525,-1,Echolocation,/mnt/ubna_data_01_mir/recover-20220804/UBNA_001/20220802_100000.WAV,Carp Pond,recover-20220804,001,1795
1073.1075,1073.1187,24609.0,29579.0,Nyctalus leisleri,0.139,0.306,-1,Echolocation,/mnt/ubna_data_01_mir/recover-20220804/UBNA_001/20220802_100000.WAV,Carp Pond,recover-20220804,001,1795
1073.5215,1073.5337,23750.0,32385.0,Eptesicus serotinus,0.343,0.613,-1,Echolocation,/mnt/ubna_data_01_mir/recover-20220804/UBNA_001/20220802_100000.WAV,Carp Pond,recover-20220804,001,1795
1073.8095,1073.8225,24609.0,30060.0,Nyctalus leisleri,0.244,0.478,-1,Echolocation,/mnt/ubna_data_01_mir/recover-20220804/UBNA_001/20220802_100000.WAV,Carp Pond,recover-20220804,001,1795
1074.0875,1074.0995,24609.0,31354.0,Nyctalus leisleri,0.273,0.569,-1,Echolocation,/mnt/ubna_data_01_mir/recover-20220804/UBNA_001/20220802_100000.WAV,Carp Pond,recover-20220804,001,1795
1074.3715,1074.3813,24609.0,31087.0,Nyctalus leisleri,0.32,0.597,-1,Echolocation,/mnt/ubna_data_01_mir/recover-20220804/UBNA_001/20220802_100000.WAV,Carp Pond,recover-20220804,001,1795
1074.6425,1074.6526,24609.0,30759.0,Nyctalus leisleri,0.327,0.582,-1,Echolocation,/mnt/ubna_data_01_mir/recover-20220804/UBNA_001/20220802_100000.WAV,Carp Pond,recover-20220804,001,1795
1074.9095,1074.9211,24609.0,32841.0,Eptesicus serotinus,0.35,0.62,-1,Echolocation,/mnt/ubna_data_01_mir/recover-20220804/UBNA_001/20220802_100000.WAV,Carp Pond,recover-20220804,001,1795
1075.1735,1075.1844,24609.0,30869.0,Nyctalus leisleri,0.263,0.574,-1,Echolocation,/mnt/ubna_data_01_mir/recover-20220804/UBNA_001/20220802_100000.WAV,Carp Pond,recover-20220804,001,1795
1075.4585,1075.4686,24609.0,30714.0,Nyctalus leisleri,0.272,0.542,-1,Echolocation,/mnt/ubna_data_01_mir/recover-20220804/UBNA_001/20220802_100000.WAV,Carp Pond,recover-20220804,001,1795
1075.7355,1075.7468,24609.0,30298.0,Nyctalus leisleri,0.246,0.529,-1,Echolocation,/mnt/ubna_data_01_mir/recover-20220804/UBNA_001/20220802_100000.WAV,Carp Pond,recover-20220804,001,1795
1075.9115,1075.922,24609.0,32157.0,Nyctalus leisleri,0.357,0.648,-1,Echolocation,/mnt/ubna_data_01_mir/recover-20220804/UBNA_001/20220802_100000.WAV,Carp Pond,recover-20220804,001,1795
1076.1785,1076.1883,24609.0,30657.0,Nyctalus leisleri,0.261,0.533,-1,Echolocation,/mnt/ubna_data_01_mir/recover-20220804/UBNA_001/20220802_100000.WAV,Carp Pond,recover-20220804,001,1795
1076.4415,1076.4528,24609.0,29970.0,Eptesicus serotinus,0.191,0.359,-1,Echolocation,/mnt/ubna_data_01_mir/recover-20220804/UBNA_001/20220802_100000.WAV,Carp Pond,recover-20220804,001,1795
1076.7165,1076.728,24609.0,30035.0,Nyctalus leisleri,0.395,0.6,-1,Echolocation,/mnt/ubna_data_01_mir/recover-20220804/UBNA_001/20220802_100000.WAV,Carp Pond,recover-20220804,001,1795
1076.9805,1076.9918,23750.0,29572.0,Nyctalus leisleri,0.45,0.631,-1,Echolocation,/mnt/ubna_data_01_mir/recover-20220804/UBNA_001/20220802_100000.WAV,Carp Pond,recover-20220804,001,1795
1077.2625,1077.2729,23750.0,30008.0,Nyctalus leisleri,0.316,0.562,-1,Echolocation,/mnt/ubna_data_01_mir/recover-20220804/UBNA_001/20220802_100000.WAV,Carp Pond,recover-20220804,001,1795
1077.5465,1077.5576,24609.0,29086.0,Nyctalus leisleri,0.374,0.505,-1,Echolocation,/mnt/ubna_data_01_mir/recover-20220804/UBNA_001/20220802_100000.WAV,Carp Pond,recover-20220804,001,1795
1077.8165,1077.8283,24609.0,28828.0,Nyctalus leisleri,0.317,0.491,-1,Echolocation,/mnt/ubna_data_01_mir/recover-20220804/UBNA_001/20220802_100000.WAV,Carp Pond,recover-20220804,001,1795
1078.1055,1078.1165,24609.0,30057.0,Nyctalus leisleri,0.258,0.473,-1,Echolocation,/mnt/ubna_data_01_mir/recover-20220804/UBNA_001/20220802_100000.WAV,Carp Pond,recover-20220804,001,1795
1078.3845,1078.3966,24609.0,29524.0,Nyctalus leisleri,0.345,0.478,-1,Echolocation,/mnt/ubna_data_01_mir/recover-20220804/UBNA_001/20220802_100000.WAV,Carp Pond,recover-20220804,001,1795
1078.9285,1078.9416,24609.0,29466.0,Nyctalus leisleri,0.141,0.299,-1,Echolocation,/mnt/ubna_data_01_mir/recover-20220804/UBNA_001/20220802_100000.WAV,Carp Pond,recover-20220804,001,1795
1079.4905,1079.5063,24609.0,29395.0,Nyctalus leisleri,0.185,0.361,-1,Echolocation,/mnt/ubna_data_01_mir/recover-20220804/UBNA_001/20220802_100000.WAV,Carp Pond,recover-20220804,001,1795
1080.0485,1080.0617,24609.0,29925.0,Nyctalus leisleri,0.213,0.414,-1,Echolocation,/mnt/ubna_data_01_mir/recover-20220804/UBNA_001/20220802_100000.WAV,Carp Pond,recover-20220804,001,1795
1081.0515,1081.0635,25468.0,30545.0,Nyctalus leisleri,0.193,0.417,-1,Echolocation,/mnt/ubna_data_01_mir/recover-20220804/UBNA_001/20220802_100000.WAV,Carp Pond,recover-20220804,001,1795
1081.6075,1081.6187,23750.0,28616.0,Nyctalus leisleri,0.131,0.324,-1,Echolocation,/mnt/ubna_data_01_mir/recover-20220804/UBNA_001/20220802_100000.WAV,Carp Pond,recover-20220804,001,1795
1117.0275,1117.0393,23750.0,27204.0,Nyctalus leisleri,0.3,0.377,-1,Echolocation,/mnt/ubna_data_01_mir/recover-20220804/UBNA_001/20220802_100000.WAV,Carp Pond,recover-20220804,001,1795
1205.1035,1205.123,23750.0,27240.0,Nyctalus leisleri,0.134,0.213,-1,Echolocation,/mnt/ubna_data_01_mir/recover-20220804/UBNA_001/20220802_100000.WAV,Carp Pond,recover-20220804,001,1795
1303.9705,1303.9797,47812.0,51796.0,Pipistrellus pipistrellus,0.235,0.261,-1,Echolocation,/mnt/ubna_data_01_mir/recover-20220804/UBNA_001/20220802_100000.WAV,Carp Pond,recover-20220804,001,1795
1341.7755,1341.7946,26328.0,29972.0,Nyctalus leisleri,0.197,0.275,-1,Echolocation,/mnt/ubna_data_01_mir/recover-20220804/UBNA_001/20220802_100000.WAV,Carp Pond,recover-20220804,001,1795
1476.7035,1476.7155,28046.0,33678.0,Eptesicus serotinus,0.133,0.233,-1,Echolocation,/mnt/ubna_data_01_mir/recover-20220804/UBNA_001/20220802_100000.WAV,Carp Pond,recover-20220804,001,1795
1552.0185,1552.0365,26328.0,29245.0,Nyctalus leisleri,0.182,0.282,-1,Echolocation,/mnt/ubna_data_01_mir/recover-20220804/UBNA_001/20220802_100000.WAV,Carp Pond,recover-20220804,001,1795
1552.9885,1553.0044,26328.0,31101.0,Nyctalus leisleri,0.194,0.378,-1,Echolocation,/mnt/ubna_data_01_mir/recover-20220804/UBNA_001/20220802_100000.WAV,Carp Pond,recover-20220804,001,1795
1567.0015,1567.0195,16015.0,20185.0,Nyctalus noctula,0.156,0.201,-1,Echolocation,/mnt/ubna_data_01_mir/recover-20220804/UBNA_001/20220802_100000.WAV,Carp Pond,recover-20220804,001,1795
1640.5165,1640.5252,23750.0,31884.0,Eptesicus serotinus,0.119,0.248,-1,Echolocation,/mnt/ubna_data_01_mir/recover-20220804/UBNA_001/20220802_100000.WAV,Carp Pond,recover-20220804,001,1795
1694.4155,1694.4307,25468.0,30497.0,Nyctalus leisleri,0.269,0.455,-1,Echolocation,/mnt/ubna_data_01_mir/recover-20220804/UBNA_001/20220802_100000.WAV,Carp Pond,recover-20220804,001,1795
1695.1265,1695.1431,25468.0,29679.0,Nyctalus leisleri,0.201,0.332,-1,Echolocation,/mnt/ubna_data_01_mir/recover-20220804/UBNA_001/20220802_100000.WAV,Carp Pond,recover-20220804,001,1795
1695.8715,1695.8902,25468.0,28996.0,Nyctalus leisleri,0.308,0.39,-1,Echolocation,/mnt/ubna_data_01_mir/recover-20220804/UBNA_001/20220802_100000.WAV,Carp Pond,recover-20220804,001,1795
1696.5875,1696.6032,25468.0,28850.0,Nyctalus leisleri,0.374,0.472,-1,Echolocation,/mnt/ubna_data_01_mir/recover-20220804/UBNA_001/20220802_100000.WAV,Carp Pond,recover-20220804,001,1795
1697.3265,1697.3438,25468.0,29262.0,Nyctalus leisleri,0.371,0.494,-1,Echolocation,/mnt/ubna_data_01_mir/recover-20220804/UBNA_001/20220802_100000.WAV,Carp Pond,recover-20220804,001,1795
1698.0365,1698.0554,26328.0,29642.0,Nyctalus leisleri,0.277,0.407,-1,Echolocation,/mnt/ubna_data_01_mir/recover-20220804/UBNA_001/20220802_100000.WAV,Carp Pond,recover-20220804,001,1795
1702.1595,1702.1708,27187.0,31857.0,Nyctalus leisleri,0.259,0.439,-1,Echolocation,/mnt/ubna_data_01_mir/recover-20220804/UBNA_001/20220802_100000.WAV,Carp Pond,recover-20220804,001,1795
1713.4435,1713.4558,24609.0,29773.0,Nyctalus leisleri,0.376,0.599,-1,Echolocation,/mnt/ubna_data_01_mir/recover-20220804/UBNA_001/20220802_100000.WAV,Carp Pond,recover-20220804,001,1795
1713.7215,1713.7337,24609.0,29245.0,Nyctalus leisleri,0.467,0.615,-1,Echolocation,/mnt/ubna_data_01_mir/recover-20220804/UBNA_001/20220802_100000.WAV,Carp Pond,recover-20220804,001,1795
1713.8765,1713.8884,25468.0,30046.0,Nyctalus leisleri,0.142,0.27,-1,Echolocation,/mnt/ubna_data_01_mir/recover-20220804/UBNA_001/20220802_100000.WAV,Carp Pond,recover-20220804,001,1795
1715.2655,1715.2764,24609.0,29971.0,Nyctalus leisleri,0.309,0.504,-1,Echolocation,/mnt/ubna_data_01_mir/recover-20220804/UBNA_001/20220802_100000.WAV,Carp Pond,recover-20220804,001,1795
1715.4285,1715.4409,25468.0,29357.0,Nyctalus leisleri,0.403,0.558,-1,Echolocation,/mnt/ubna_data_01_mir/recover-20220804/UBNA_001/20220802_100000.WAV,Carp Pond,recover-20220804,001,1795
1716.0105,1716.0229,24609.0,28770.0,Nyctalus leisleri,0.384,0.525,-1,Echolocation,/mnt/ubna_data_01_mir/recover-20220804/UBNA_001/20220802_100000.WAV,Carp Pond,recover-20220804,001,1795
1716.2985,1716.3117,24609.0,29400.0,Nyctalus leisleri,0.36,0.548,-1,Echolocation,/mnt/ubna_data_01_mir/recover-20220804/UBNA_001/20220802_100000.WAV,Carp Pond,recover-20220804,001,1795
1716.5855,1716.5976,24609.0,29438.0,Nyctalus leisleri,0.389,0.601,-1,Echolocation,/mnt/ubna_data_01_mir/recover-20220804/UBNA_001/20220802_100000.WAV,Carp Pond,recover-20220804,001,1795
1717.0175,1717.0284,24609.0,30094.0,Nyctalus leisleri,0.341,0.597,-1,Echolocation,/mnt/ubna_data_01_mir/recover-20220804/UBNA_001/20220802_100000.WAV,Carp Pond,recover-20220804,001,1795
1717.3535,1717.365,24609.0,29531.0,Nyctalus leisleri,0.389,0.565,-1,Echolocation,/mnt/ubna_data_01_mir/recover-20220804/UBNA_001/20220802_100000.WAV,Carp Pond,recover-20220804,001,1795
1717.7495,1717.7641,24609.0,28453.0,Nyctalus leisleri,0.374,0.525,-1,Echolocation,/mnt/ubna_data_01_mir/recover-20220804/UBNA_001/20220802_100000.WAV,Carp Pond,recover-20220804,001,1795
1718.0455,1718.059,23750.0,28356.0,Nyctalus leisleri,0.451,0.59,-1,Echolocation,/mnt/ubna_data_01_mir/recover-20220804/UBNA_001/20220802_100000.WAV,Carp Pond,recover-20220804,001,1795
1718.3315,1718.3445,23750.0,28984.0,Nyctalus leisleri,0.601,0.733,-1,Echolocation,/mnt/ubna_data_01_mir/recover-20220804/UBNA_001/20220802_100000.WAV,Carp Pond,recover-20220804,001,1795
1718.6235,1718.6366,24609.0,29518.0,Nyctalus leisleri,0.483,0.631,-1,Echolocation,/mnt/ubna_data_01_mir/recover-20220804/UBNA_001/20220802_100000.WAV,Carp Pond,recover-20220804,001,1795
1718.9045,1718.9182,24609.0,29650.0,Nyctalus leisleri,0.382,0.617,-1,Echolocation,/mnt/ubna_data_01_mir/recover-20220804/UBNA_001/20220802_100000.WAV,Carp Pond,recover-20220804,001,1795
1719.1715,1719.1864,24609.0,28349.0,Nyctalus leisleri,0.444,0.563,-1,Echolocation,/mnt/ubna_data_01_mir/recover-20220804/UBNA_001/20220802_100000.WAV,Carp Pond,recover-20220804,001,1795
1719.5885,1719.602,24609.0,27766.0,Nyctalus leisleri,0.464,0.542,-1,Echolocation,/mnt/ubna_data_01_mir/recover-20220804/UBNA_001/20220802_100000.WAV,Carp Pond,recover-20220804,001,1795
1719.8555,1719.8713,24609.0,30030.0,Nyctalus leisleri,0.249,0.493,-1,Echolocation,/mnt/ubna_data_01_mir/recover-20220804/UBNA_001/20220802_100000.WAV,Carp Pond,recover-20220804,001,1795
1720.1285,1720.145,24609.0,28541.0,Nyctalus leisleri,0.475,0.601,-1,Echolocation,/mnt/ubna_data_01_mir/recover-20220804/UBNA_001/20220802_100000.WAV,Carp Pond,recover-20220804,001,1795
1720.4235,1720.4407,23750.0,28508.0,Nyctalus leisleri,0.479,0.547,-1,Echolocation,/mnt/ubna_data_01_mir/recover-20220804/UBNA_001/20220802_100000.WAV,Carp Pond,recover-20220804,001,1795
1720.8305,1720.8462,24609.0,27918.0,Nyctalus leisleri,0.565,0.636,-1,Echolocation,/mnt/ubna_data_01_mir/recover-20220804/UBNA_001/20220802_100000.WAV,Carp Pond,recover-20220804,001,1795
1721.1115,1721.1253,24609.0,29331.0,Nyctalus leisleri,0.49,0.584,-1,Echolocation,/mnt/ubna_data_01_mir/recover-20220804/UBNA_001/20220802_100000.WAV,Carp Pond,recover-20220804,001,1795
1721.5065,1721.5273,24609.0,28169.0,Nyctalus leisleri,0.384,0.475,-1,Echolocation,/mnt/ubna_data_01_mir/recover-20220804/UBNA_001/20220802_100000.WAV,Carp Pond,recover-20220804,001,1795
1721.8055,1721.82,24609.0,28865.0,Nyctalus leisleri,0.525,0.676,-1,Echolocation,/mnt/ubna_data_01_mir/recover-20220804/UBNA_001/20220802_100000.WAV,Carp Pond,recover-20220804,001,1795
1722.2275,1722.2423,24609.0,28828.0,Nyctalus leisleri,0.578,0.704,-1,Echolocation,/mnt/ubna_data_01_mir/recover-20220804/UBNA_001/20220802_100000.WAV,Carp Pond,recover-20220804,001,1795
1722.5125,1722.5306,23750.0,28524.0,Nyctalus leisleri,0.366,0.55,-1,Echolocation,/mnt/ubna_data_01_mir/recover-20220804/UBNA_001/20220802_100000.WAV,Carp Pond,recover-20220804,001,1795
1722.8025,1722.816,23750.0,30537.0,Nyctalus leisleri,0.518,0.674,-1,Echolocation,/mnt/ubna_data_01_mir/recover-20220804/UBNA_001/20220802_100000.WAV,Carp Pond,recover-20220804,001,1795
1722.9905,1723.006,24609.0,32319.0,Nyctalus leisleri,0.296,0.621,-1,Echolocation,/mnt/ubna_data_01_mir/recover-20220804/UBNA_001/20220802_100000.WAV,Carp Pond,recover-20220804,001,1795
1723.0025,1723.0123,47812.0,51737.0,Pipistrellus pipistrellus,0.2,0.221,-1,Echolocation,/mnt/ubna_data_01_mir/recover-20220804/UBNA_001/20220802_100000.WAV,Carp Pond,recover-20220804,001,1795
1723.3005,1723.3176,23750.0,31446.0,Eptesicus serotinus,0.277,0.49,-1,Echolocation,/mnt/ubna_data_01_mir/recover-20220804/UBNA_001/20220802_100000.WAV,Carp Pond,recover-20220804,001,1795
1723.3105,1723.319,48671.0,52149.0,Pipistrellus pipistrellus,0.222,0.26,-1,Echolocation,/mnt/ubna_data_01_mir/recover-20220804/UBNA_001/20220802_100000.WAV,Carp Pond,recover-20220804,001,1795
1723.5845,1723.6001,23750.0,31720.0,Nyctalus leisleri,0.288,0.611,-1,Echolocation,/mnt/ubna_data_01_mir/recover-20220804/UBNA_001/20220802_100000.WAV,Carp Pond,recover-20220804,001,1795
1723.8595,1723.8736,23750.0,32310.0,Nyctalus leisleri,0.311,0.663,-1,Echolocation,/mnt/ubna_data_01_mir/recover-20220804/UBNA_001/20220802_100000.WAV,Carp Pond,recover-20220804,001,1795
1724.1345,1724.1502,23750.0,31160.0,Eptesicus serotinus,0.287,0.576,-1,Echolocation,/mnt/ubna_data_01_mir/recover-20220804/UBNA_001/20220802_100000.WAV,Carp Pond,recover-20220804,001,1795
1724.1415,1724.1508,48671.0,52936.0,Pipistrellus pipistrellus,0.115,0.207,-1,Echolocation,/mnt/ubna_data_01_mir/recover-20220804/UBNA_001/20220802_100000.WAV,Carp Pond,recover-20220804,001,1795
1724.3855,1724.4005,24609.0,31248.0,Eptesicus serotinus,0.3,0.503,-1,Echolocation,/mnt/ubna_data_01_mir/recover-20220804/UBNA_001/20220802_100000.WAV,Carp Pond,recover-20220804,001,1795
1724.6645,1724.681,23750.0,29658.0,Nyctalus leisleri,0.487,0.654,-1,Echolocation,/mnt/ubna_data_01_mir/recover-20220804/UBNA_001/20220802_100000.WAV,Carp Pond,recover-20220804,001,1795
1724.8545,1724.8709,23750.0,28272.0,Nyctalus leisleri,0.13,0.236,-1,Echolocation,/mnt/ubna_data_01_mir/recover-20220804/UBNA_001/20220802_100000.WAV,Carp Pond,recover-20220804,001,1795
1724.9365,1724.9511,24609.0,29654.0,Nyctalus leisleri,0.381,0.581,-1,Echolocation,/mnt/ubna_data_01_mir/recover-20220804/UBNA_001/20220802_100000.WAV,Carp Pond,recover-20220804,001,1795
1725.3565,1725.3708,24609.0,31611.0,Nyctalus leisleri,0.387,0.614,-1,Echolocation,/mnt/ubna_data_01_mir/recover-20220804/UBNA_001/20220802_100000.WAV,Carp Pond,recover-20220804,001,1795
1725.3585,1725.3712,49531.0,56768.0,Pipistrellus pipistrellus,0.111,0.205,-1,Echolocation,/mnt/ubna_data_01_mir/recover-20220804/UBNA_001/20220802_100000.WAV,Carp Pond,recover-20220804,001,1795
1725.6415,1725.6549,24609.0,32206.0,Eptesicus serotinus,0.291,0.608,-1,Echolocation,/mnt/ubna_data_01_mir/recover-20220804/UBNA_001/20220802_100000.WAV,Carp Pond,recover-20220804,001,1795
1725.6475,1725.6555,48671.0,52979.0,Pipistrellus pipistrellus,0.138,0.216,-1,Echolocation,/mnt/ubna_data_01_mir/recover-20220804/UBNA_001/20220802_100000.WAV,Carp Pond,recover-20220804,001,1795
1726.0435,1726.0586,24609.0,31151.0,Nyctalus leisleri,0.434,0.652,-1,Echolocation,/mnt/ubna_data_01_mir/recover-20220804/UBNA_001/20220802_100000.WAV,Carp Pond,recover-20220804,001,1795
1726.3155,1726.3309,24609.0,29765.0,Nyctalus leisleri,0.325,0.53,-1,Echolocation,/mnt/ubna_data_01_mir/recover-20220804/UBNA_001/20220802_100000.WAV,Carp Pond,recover-20220804,001,1795
1726.3225,1726.3309,48671.0,52228.0,Pipistrellus pipistrellus,0.195,0.28,-1,Echolocation,/mnt/ubna_data_01_mir/recover-20220804/UBNA_001/20220802_100000.WAV,Carp Pond,recover-20220804,001,1795
1726.6075,1726.6234,23750.0,31395.0,Nyctalus leisleri,0.389,0.643,-1,Echolocation,/mnt/ubna_data_01_mir/recover-20220804/UBNA_001/20220802_100000.WAV,Carp Pond,recover-20220804,001,1795
1726.6105,1726.6256,48671.0,56314.0,Pipistrellus pipistrellus,0.189,0.312,-1,Echolocation,/mnt/ubna_data_01_mir/recover-20220804/UBNA_001/20220802_100000.WAV,Carp Pond,recover-20220804,001,1795
1726.8815,1726.8973,24609.0,33331.0,Nyctalus leisleri,0.321,0.612,-1,Echolocation,/mnt/ubna_data_01_mir/recover-20220804/UBNA_001/20220802_100000.WAV,Carp Pond,recover-20220804,001,1795
1727.1615,1727.1757,24609.0,32053.0,Nyctalus leisleri,0.313,0.613,-1,Echolocation,/mnt/ubna_data_01_mir/recover-20220804/UBNA_001/20220802_100000.WAV,Carp Pond,recover-20220804,001,1795
1727.4495,1727.4664,23750.0,30084.0,Nyctalus leisleri,0.483,0.581,-1,Echolocation,/mnt/ubna_data_01_mir/recover-20220804/UBNA_001/20220802_100000.WAV,Carp Pond,recover-20220804,001,1795
1727.7285,1727.7427,24609.0,30404.0,Nyctalus leisleri,0.385,0.606,-1,Echolocation,/mnt/ubna_data_01_mir/recover-20220804/UBNA_001/20220802_100000.WAV,Carp Pond,recover-20220804,001,1795
1727.7365,1727.745,48671.0,52265.0,Pipistrellus pipistrellus,0.29,0.369,-1,Echolocation,/mnt/ubna_data_01_mir/recover-20220804/UBNA_001/20220802_100000.WAV,Carp Pond,recover-20220804,001,1795
1728.0165,1728.0308,23750.0,31323.0,Nyctalus leisleri,0.575,0.716,-1,Echolocation,/mnt/ubna_data_01_mir/recover-20220804/UBNA_001/20220802_100000.WAV,Carp Pond,recover-20220804,001,1795
1728.3065,1728.3215,24609.0,31478.0,Nyctalus leisleri,0.253,0.545,-1,Echolocation,/mnt/ubna_data_01_mir/recover-20220804/UBNA_001/20220802_100000.WAV,Carp Pond,recover-20220804,001,1795
1728.5865,1728.603,23750.0,31123.0,Nyctalus leisleri,0.288,0.592,-1,Echolocation,/mnt/ubna_data_01_mir/recover-20220804/UBNA_001/20220802_100000.WAV,Carp Pond,recover-20220804,001,1795
1728.8555,1728.8719,23750.0,31502.0,Eptesicus serotinus,0.298,0.549,-1,Echolocation,/mnt/ubna_data_01_mir/recover-20220804/UBNA_001/20220802_100000.WAV,Carp Pond,recover-20220804,001,1795
1728.8655,1728.8754,47812.0,51668.0,Pipistrellus pipistrellus,0.246,0.277,-1,Echolocation,/mnt/ubna_data_01_mir/recover-20220804/UBNA_001/20220802_100000.WAV,Carp Pond,recover-20220804,001,1795
1729.2765,1729.2917,23750.0,32052.0,Nyctalus leisleri,0.28,0.598,-1,Echolocation,/mnt/ubna_data_01_mir/recover-20220804/UBNA_001/20220802_100000.WAV,Carp Pond,recover-20220804,001,1795
1729.5595,1729.5744,24609.0,30304.0,Nyctalus leisleri,0.362,0.618,-1,Echolocation,/mnt/ubna_data_01_mir/recover-20220804/UBNA_001/20220802_100000.WAV,Carp Pond,recover-20220804,001,1795
1729.8445,1729.8589,22890.0,32236.0,Eptesicus serotinus,0.36,0.638,-1,Echolocation,/mnt/ubna_data_01_mir/recover-20220804/UBNA_001/20220802_100000.WAV,Carp Pond,recover-20220804,001,1795
1730.1445,1730.1579,24609.0,31302.0,Nyctalus leisleri,0.469,0.674,-1,Echolocation,/mnt/ubna_data_01_mir/recover-20220804/UBNA_001/20220802_100000.WAV,Carp Pond,recover-20220804,001,1795
1730.4245,1730.4395,23750.0,29655.0,Nyctalus leisleri,0.732,0.79,-1,Echolocation,/mnt/ubna_data_01_mir/recover-20220804/UBNA_001/20220802_100000.WAV,Carp Pond,recover-20220804,001,1795
1730.7145,1730.7267,24609.0,32263.0,Nyctalus leisleri,0.448,0.693,-1,Echolocation,/mnt/ubna_data_01_mir/recover-20220804/UBNA_001/20220802_100000.WAV,Carp Pond,recover-20220804,001,1795
1730.7165,1730.7249,50390.0,56044.0,Pipistrellus pygmaeus,0.114,0.22,-1,Echolocation,/mnt/ubna_data_01_mir/recover-20220804/UBNA_001/20220802_100000.WAV,Carp Pond,recover-20220804,001,1795
1731.0045,1731.0202,23750.0,30933.0,Nyctalus leisleri,0.366,0.623,-1,Echolocation,/mnt/ubna_data_01_mir/recover-20220804/UBNA_001/20220802_100000.WAV,Carp Pond,recover-20220804,001,1795
1731.2885,1731.3031,23750.0,31653.0,Nyctalus leisleri,0.332,0.648,-1,Echolocation,/mnt/ubna_data_01_mir/recover-20220804/UBNA_001/20220802_100000.WAV,Carp Pond,recover-20220804,001,1795
1731.5745,1731.5893,24609.0,30429.0,Nyctalus leisleri,0.532,0.674,-1,Echolocation,/mnt/ubna_data_01_mir/recover-20220804/UBNA_001/20220802_100000.WAV,Carp Pond,recover-20220804,001,1795
1731.6895,1731.6995,28046.0,42223.0,Eptesicus serotinus,0.471,0.62,-1,Echolocation,/mnt/ubna_data_01_mir/recover-20220804/UBNA_001/20220802_100000.WAV,Carp Pond,recover-20220804,001,1795
1731.8985,1731.911,25468.0,33001.0,Nyctalus leisleri,0.395,0.666,-1,Echolocation,/mnt/ubna_data_01_mir/recover-20220804/UBNA_001/20220802_100000.WAV,Carp Pond,recover-20220804,001,1795
1732.0515,1732.0637,25468.0,32533.0,Nyctalus leisleri,0.438,0.665,-1,Echolocation,/mnt/ubna_data_01_mir/recover-20220804/UBNA_001/20220802_100000.WAV,Carp Pond,recover-20220804,001,1795
1732.0525,1732.0627,51250.0,57391.0,Pipistrellus pygmaeus,0.186,0.26,-1,Echolocation,/mnt/ubna_data_01_mir/recover-20220804/UBNA_001/20220802_100000.WAV,Carp Pond,recover-20220804,001,1795
1732.3175,1732.3326,23750.0,27680.0,Nyctalus leisleri,0.329,0.41,-1,Echolocation,/mnt/ubna_data_01_mir/recover-20220804/UBNA_001/20220802_100000.WAV,Carp Pond,recover-20220804,001,1795
1732.5935,1732.6095,23750.0,31746.0,Nyctalus leisleri,0.304,0.582,-1,Echolocation,/mnt/ubna_data_01_mir/recover-20220804/UBNA_001/20220802_100000.WAV,Carp Pond,recover-20220804,001,1795
1732.6005,1732.6115,48671.0,54641.0,Pipistrellus pipistrellus,0.233,0.306,-1,Echolocation,/mnt/ubna_data_01_mir/recover-20220804/UBNA_001/20220802_100000.WAV,Carp Pond,recover-20220804,001,1795
1732.8765,1732.8908,24609.0,29761.0,Nyctalus leisleri,0.419,0.657,-1,Echolocation,/mnt/ubna_data_01_mir/recover-20220804/UBNA_001/20220802_100000.WAV,Carp Pond,recover-20220804,001,1795
1733.1505,1733.1653,24609.0,30013.0,Nyctalus leisleri,0.432,0.645,-1,Echolocation,/mnt/ubna_data_01_mir/recover-20220804/UBNA_001/20220802_100000.WAV,Carp Pond,recover-20220804,001,1795
1733.4105,1733.4251,24609.0,30267.0,Nyctalus leisleri,0.361,0.611,-1,Echolocation,/mnt/ubna_data_01_mir/recover-20220804/UBNA_001/20220802_100000.WAV,Carp Pond,recover-20220804,001,1795
1733.6885,1733.7042,23750.0,31388.0,Nyctalus leisleri,0.363,0.664,-1,Echolocation,/mnt/ubna_data_01_mir/recover-20220804/UBNA_001/20220802_100000.WAV,Carp Pond,recover-20220804,001,1795
1733.9835,1734.0,23750.0,29452.0,Nyctalus leisleri,0.288,0.453,-1,Echolocation,/mnt/ubna_data_01_mir/recover-20220804/UBNA_001/20220802_100000.WAV,Carp Pond,recover-20220804,001,1795
1734.2555,1734.2701,24609.0,30415.0,Nyctalus leisleri,0.399,0.66,-1,Echolocation,/mnt/ubna_data_01_mir/recover-20220804/UBNA_001/20220802_100000.WAV,Carp Pond,recover-20220804,001,1795
1734.5235,1734.5394000000001,23750.0,31589.0,Eptesicus serotinus,0.274,0.627,-1,Echolocation,/mnt/ubna_data_01_mir/recover-20220804/UBNA_001/20220802_100000.WAV,Carp Pond,recover-20220804,001,1795
1734.8005,1734.8163,23750.0,28345.0,Nyctalus leisleri,0.55,0.679,-1,Echolocation,/mnt/ubna_data_01_mir/recover-20220804/UBNA_001/20220802_100000.WAV,Carp Pond,recover-20220804,001,1795
1735.1005,1735.1144,23750.0,31441.0,Nyctalus leisleri,0.381,0.668,-1,Echolocation,/mnt/ubna_data_01_mir/recover-20220804/UBNA_001/20220802_100000.WAV,Carp Pond,recover-20220804,001,1795
1735.4005,1735.4166,23750.0,28773.0,Nyctalus leisleri,0.514,0.587,-1,Echolocation,/mnt/ubna_data_01_mir/recover-20220804/UBNA_001/20220802_100000.WAV,Carp Pond,recover-20220804,001,1795
1735.5605,1735.5724,24609.0,29993.0,Nyctalus leisleri,0.341,0.568,-1,Echolocation,/mnt/ubna_data_01_mir/recover-20220804/UBNA_001/20220802_100000.WAV,Carp Pond,recover-20220804,001,1795
1735.8015,1735.8155,23750.0,28449.0,Nyctalus leisleri,0.497,0.621,-1,Echolocation,/mnt/ubna_data_01_mir/recover-20220804/UBNA_001/20220802_100000.WAV,Carp Pond,recover-20220804,001,1795
1736.0755,1736.09,23750.0,30095.0,Nyctalus leisleri,0.436,0.622,-1,Echolocation,/mnt/ubna_data_01_mir/recover-20220804/UBNA_001/20220802_100000.WAV,Carp Pond,recover-20220804,001,1795
1736.0815,1736.091,47812.0,52727.0,Pipistrellus pipistrellus,0.35,0.432,-1,Echolocation,/mnt/ubna_data_01_mir/recover-20220804/UBNA_001/20220802_100000.WAV,Carp Pond,recover-20220804,001,1795
1736.3585,1736.3759,23750.0,27477.0,Nyctalus leisleri,0.491,0.584,-1,Echolocation,/mnt/ubna_data_01_mir/recover-20220804/UBNA_001/20220802_100000.WAV,Carp Pond,recover-20220804,001,1795
1736.7925,1736.8088,23750.0,27018.0,Nyctalus leisleri,0.547,0.6,-1,Echolocation,/mnt/ubna_data_01_mir/recover-20220804/UBNA_001/20220802_100000.WAV,Carp Pond,recover-20220804,001,1795
1737.0805,1737.0955,23750.0,28868.0,Nyctalus leisleri,0.397,0.55,-1,Echolocation,/mnt/ubna_data_01_mir/recover-20220804/UBNA_001/20220802_100000.WAV,Carp Pond,recover-20220804,001,1795
1737.3535,1737.369,23750.0,28432.0,Nyctalus leisleri,0.621,0.684,-1,Echolocation,/mnt/ubna_data_01_mir/recover-20220804/UBNA_001/20220802_100000.WAV,Carp Pond,recover-20220804,001,1795
1737.6395,1737.6559,23750.0,28001.0,Nyctalus leisleri,0.304,0.413,-1,Echolocation,/mnt/ubna_data_01_mir/recover-20220804/UBNA_001/20220802_100000.WAV,Carp Pond,recover-20220804,001,1795
1738.0625,1738.0781,23750.0,28895.0,Nyctalus leisleri,0.534,0.6,-1,Echolocation,/mnt/ubna_data_01_mir/recover-20220804/UBNA_001/20220802_100000.WAV,Carp Pond,recover-20220804,001,1795
1738.4685,1738.4837,23750.0,28327.0,Nyctalus leisleri,0.112,0.226,-1,Echolocation,/mnt/ubna_data_01_mir/recover-20220804/UBNA_001/20220802_100000.WAV,Carp Pond,recover-20220804,001,1795
1738.7405,1738.7551,23750.0,28865.0,Nyctalus leisleri,0.341,0.521,-1,Echolocation,/mnt/ubna_data_01_mir/recover-20220804/UBNA_001/20220802_100000.WAV,Carp Pond,recover-20220804,001,1795
1739.3045,1739.3199,23750.0,29063.0,Nyctalus leisleri,0.437,0.594,-1,Echolocation,/mnt/ubna_data_01_mir/recover-20220804/UBNA_001/20220802_100000.WAV,Carp Pond,recover-20220804,001,1795
1740.0235,1740.039,23750.0,28360.0,Nyctalus leisleri,0.499,0.599,-1,Echolocation,/mnt/ubna_data_01_mir/recover-20220804/UBNA_001/20220802_100000.WAV,Carp Pond,recover-20220804,001,1795
1740.7485,1740.7646,23750.0,28643.0,Nyctalus leisleri,0.173,0.307,-1,Echolocation,/mnt/ubna_data_01_mir/recover-20220804/UBNA_001/20220802_100000.WAV,Carp Pond,recover-20220804,001,1795
1741.0195,1741.033,23750.0,29410.0,Nyctalus leisleri,0.207,0.415,-1,Echolocation,/mnt/ubna_data_01_mir/recover-20220804/UBNA_001/20220802_100000.WAV,Carp Pond,recover-20220804,001,1795
1741.6085,1741.6213,23750.0,28106.0,Nyctalus leisleri,0.34,0.474,-1,Echolocation,/mnt/ubna_data_01_mir/recover-20220804/UBNA_001/20220802_100000.WAV,Carp Pond,recover-20220804,001,1795
