start_time,end_time,low_freq,high_freq,class,class_prob,det_prob,individual,event,input_file,Site name,Recover Folder,SD Card,File Duration
0.5695,0.582,22890.0,28982.0,Eptesicus serotinus,0.17,0.373,-1,Echolocation,/mnt/ubna_data_01_mir/recover-20220725/UBNA_001/20220725_050000.WAV,Carp Pond,recover-20220725,001,1795
217.4715,217.4868,26328.0,30230.0,Nyctalus leisleri,0.134,0.228,-1,Echolocation,/mnt/ubna_data_01_mir/recover-20220725/UBNA_001/20220725_050000.WAV,Carp Pond,recover-20220725,001,1795
354.3445,354.3594,32343.0,36148.0,Pipistrellus nathusii,0.106,0.211,-1,Echolocation,/mnt/ubna_data_01_mir/recover-20220725/UBNA_001/20220725_050000.WAV,Carp Pond,recover-20220725,001,1795
439.4565,439.4731,23750.0,27950.0,Nyctalus leisleri,0.208,0.283,-1,Echolocation,/mnt/ubna_data_01_mir/recover-20220725/UBNA_001/20220725_050000.WAV,Carp Pond,recover-20220725,001,1795
463.1105,463.1217,29765.0,35751.0,Eptesicus serotinus,0.149,0.226,-1,Echolocation,/mnt/ubna_data_01_mir/recover-20220725/UBNA_001/20220725_050000.WAV,Carp Pond,recover-20220725,001,1795
495.7025,495.7129,29765.0,36212.0,Eptesicus serotinus,0.158,0.252,-1,Echolocation,/mnt/ubna_data_01_mir/recover-20220725/UBNA_001/20220725_050000.WAV,Carp Pond,recover-20220725,001,1795
509.5425,509.5533,31484.0,38796.0,Eptesicus serotinus,0.143,0.264,-1,Echolocation,/mnt/ubna_data_01_mir/recover-20220725/UBNA_001/20220725_050000.WAV,Carp Pond,recover-20220725,001,1795
552.4905,552.5048,24609.0,29442.0,Nyctalus leisleri,0.259,0.419,-1,Echolocation,/mnt/ubna_data_01_mir/recover-20220725/UBNA_001/20220725_050000.WAV,Carp Pond,recover-20220725,001,1795
552.7445,552.7579,24609.0,30140.0,Nyctalus leisleri,0.333,0.544,-1,Echolocation,/mnt/ubna_data_01_mir/recover-20220725/UBNA_001/20220725_050000.WAV,Carp Pond,recover-20220725,001,1795
553.0085,553.0223,25468.0,30942.0,Nyctalus leisleri,0.14,0.332,-1,Echolocation,/mnt/ubna_data_01_mir/recover-20220725/UBNA_001/20220725_050000.WAV,Carp Pond,recover-20220725,001,1795
553.2795,553.2943,24609.0,29899.0,Nyctalus leisleri,0.09,0.221,-1,Echolocation,/mnt/ubna_data_01_mir/recover-20220725/UBNA_001/20220725_050000.WAV,Carp Pond,recover-20220725,001,1795
553.5495,553.5634,24609.0,28904.0,Nyctalus leisleri,0.138,0.274,-1,Echolocation,/mnt/ubna_data_01_mir/recover-20220725/UBNA_001/20220725_050000.WAV,Carp Pond,recover-20220725,001,1795
554.1435,554.1542,26328.0,32499.0,Eptesicus serotinus,0.222,0.443,-1,Echolocation,/mnt/ubna_data_01_mir/recover-20220725/UBNA_001/20220725_050000.WAV,Carp Pond,recover-20220725,001,1795
554.2895,554.3029,25468.0,30897.0,Nyctalus leisleri,0.318,0.518,-1,Echolocation,/mnt/ubna_data_01_mir/recover-20220725/UBNA_001/20220725_050000.WAV,Carp Pond,recover-20220725,001,1795
554.4355,554.4467,25468.0,31213.0,Eptesicus serotinus,0.144,0.33,-1,Echolocation,/mnt/ubna_data_01_mir/recover-20220725/UBNA_001/20220725_050000.WAV,Carp Pond,recover-20220725,001,1795
554.6725,554.6871,25468.0,29651.0,Nyctalus leisleri,0.169,0.289,-1,Echolocation,/mnt/ubna_data_01_mir/recover-20220725/UBNA_001/20220725_050000.WAV,Carp Pond,recover-20220725,001,1795
554.9315,554.9459,25468.0,29546.0,Nyctalus leisleri,0.349,0.483,-1,Echolocation,/mnt/ubna_data_01_mir/recover-20220725/UBNA_001/20220725_050000.WAV,Carp Pond,recover-20220725,001,1795
555.4605,555.4761,25468.0,29940.0,Nyctalus leisleri,0.247,0.381,-1,Echolocation,/mnt/ubna_data_01_mir/recover-20220725/UBNA_001/20220725_050000.WAV,Carp Pond,recover-20220725,001,1795
555.7165,555.7313,25468.0,31031.0,Nyctalus leisleri,0.303,0.546,-1,Echolocation,/mnt/ubna_data_01_mir/recover-20220725/UBNA_001/20220725_050000.WAV,Carp Pond,recover-20220725,001,1795
555.9625,555.9726,26328.0,32628.0,Nyctalus leisleri,0.19,0.41,-1,Echolocation,/mnt/ubna_data_01_mir/recover-20220725/UBNA_001/20220725_050000.WAV,Carp Pond,recover-20220725,001,1795
557.0235,557.0372,25468.0,30845.0,Nyctalus leisleri,0.361,0.549,-1,Echolocation,/mnt/ubna_data_01_mir/recover-20220725/UBNA_001/20220725_050000.WAV,Carp Pond,recover-20220725,001,1795
557.4265,557.4414,25468.0,30478.0,Nyctalus leisleri,0.402,0.585,-1,Echolocation,/mnt/ubna_data_01_mir/recover-20220725/UBNA_001/20220725_050000.WAV,Carp Pond,recover-20220725,001,1795
557.6755,557.6884,25468.0,31263.0,Eptesicus serotinus,0.207,0.449,-1,Echolocation,/mnt/ubna_data_01_mir/recover-20220725/UBNA_001/20220725_050000.WAV,Carp Pond,recover-20220725,001,1795
558.1955,558.2093,24609.0,29771.0,Nyctalus leisleri,0.252,0.465,-1,Echolocation,/mnt/ubna_data_01_mir/recover-20220725/UBNA_001/20220725_050000.WAV,Carp Pond,recover-20220725,001,1795
558.6565,558.6705,24609.0,29578.0,Nyctalus leisleri,0.144,0.313,-1,Echolocation,/mnt/ubna_data_01_mir/recover-20220725/UBNA_001/20220725_050000.WAV,Carp Pond,recover-20220725,001,1795
559.1265,559.1431,23750.0,28325.0,Nyctalus leisleri,0.233,0.385,-1,Echolocation,/mnt/ubna_data_01_mir/recover-20220725/UBNA_001/20220725_050000.WAV,Carp Pond,recover-20220725,001,1795
559.5815,559.5948,23750.0,28825.0,Nyctalus leisleri,0.201,0.384,-1,Echolocation,/mnt/ubna_data_01_mir/recover-20220725/UBNA_001/20220725_050000.WAV,Carp Pond,recover-20220725,001,1795
567.4905,567.5043000000001,24609.0,29739.0,Eptesicus serotinus,0.117,0.263,-1,Echolocation,/mnt/ubna_data_01_mir/recover-20220725/UBNA_001/20220725_050000.WAV,Carp Pond,recover-20220725,001,1795
569.3605,569.3719,25468.0,31049.0,Nyctalus leisleri,0.172,0.341,-1,Echolocation,/mnt/ubna_data_01_mir/recover-20220725/UBNA_001/20220725_050000.WAV,Carp Pond,recover-20220725,001,1795
569.6705,569.6818,26328.0,31402.0,Nyctalus leisleri,0.282,0.527,-1,Echolocation,/mnt/ubna_data_01_mir/recover-20220725/UBNA_001/20220725_050000.WAV,Carp Pond,recover-20220725,001,1795
569.8105,569.825,25468.0,31018.0,Nyctalus leisleri,0.359,0.656,-1,Echolocation,/mnt/ubna_data_01_mir/recover-20220725/UBNA_001/20220725_050000.WAV,Carp Pond,recover-20220725,001,1795
570.2395,570.252,26328.0,31718.0,Nyctalus leisleri,0.364,0.573,-1,Echolocation,/mnt/ubna_data_01_mir/recover-20220725/UBNA_001/20220725_050000.WAV,Carp Pond,recover-20220725,001,1795
570.4085,570.4194,26328.0,33701.0,Eptesicus serotinus,0.254,0.57,-1,Echolocation,/mnt/ubna_data_01_mir/recover-20220725/UBNA_001/20220725_050000.WAV,Carp Pond,recover-20220725,001,1795
572.4415,572.4532,23750.0,29557.0,Nyctalus leisleri,0.119,0.321,-1,Echolocation,/mnt/ubna_data_01_mir/recover-20220725/UBNA_001/20220725_050000.WAV,Carp Pond,recover-20220725,001,1795
572.9315,572.943,25468.0,31342.0,Nyctalus leisleri,0.299,0.55,-1,Echolocation,/mnt/ubna_data_01_mir/recover-20220725/UBNA_001/20220725_050000.WAV,Carp Pond,recover-20220725,001,1795
573.4625,573.4744,24609.0,29936.0,Nyctalus leisleri,0.378,0.615,-1,Echolocation,/mnt/ubna_data_01_mir/recover-20220725/UBNA_001/20220725_050000.WAV,Carp Pond,recover-20220725,001,1795
573.7535,573.766,25468.0,30326.0,Nyctalus leisleri,0.422,0.617,-1,Echolocation,/mnt/ubna_data_01_mir/recover-20220725/UBNA_001/20220725_050000.WAV,Carp Pond,recover-20220725,001,1795
573.9255,573.9388,24609.0,30704.0,Nyctalus leisleri,0.375,0.647,-1,Echolocation,/mnt/ubna_data_01_mir/recover-20220725/UBNA_001/20220725_050000.WAV,Carp Pond,recover-20220725,001,1795
574.1945,574.2084,25468.0,30740.0,Nyctalus leisleri,0.399,0.616,-1,Echolocation,/mnt/ubna_data_01_mir/recover-20220725/UBNA_001/20220725_050000.WAV,Carp Pond,recover-20220725,001,1795
574.4915,574.5048,24609.0,30400.0,Nyctalus leisleri,0.433,0.668,-1,Echolocation,/mnt/ubna_data_01_mir/recover-20220725/UBNA_001/20220725_050000.WAV,Carp Pond,recover-20220725,001,1795
574.6395,574.6522,26328.0,30764.0,Nyctalus leisleri,0.31,0.49,-1,Echolocation,/mnt/ubna_data_01_mir/recover-20220725/UBNA_001/20220725_050000.WAV,Carp Pond,recover-20220725,001,1795
574.7625,574.7738,25468.0,31817.0,Nyctalus leisleri,0.341,0.621,-1,Echolocation,/mnt/ubna_data_01_mir/recover-20220725/UBNA_001/20220725_050000.WAV,Carp Pond,recover-20220725,001,1795
576.1145,576.1261,25468.0,31176.0,Nyctalus leisleri,0.142,0.316,-1,Echolocation,/mnt/ubna_data_01_mir/recover-20220725/UBNA_001/20220725_050000.WAV,Carp Pond,recover-20220725,001,1795
576.2355,576.2455,26328.0,33698.0,Eptesicus serotinus,0.277,0.533,-1,Echolocation,/mnt/ubna_data_01_mir/recover-20220725/UBNA_001/20220725_050000.WAV,Carp Pond,recover-20220725,001,1795
576.3715,576.3833,26328.0,32268.0,Nyctalus leisleri,0.242,0.532,-1,Echolocation,/mnt/ubna_data_01_mir/recover-20220725/UBNA_001/20220725_050000.WAV,Carp Pond,recover-20220725,001,1795
576.5025,576.5154,25468.0,32953.0,Eptesicus serotinus,0.313,0.562,-1,Echolocation,/mnt/ubna_data_01_mir/recover-20220725/UBNA_001/20220725_050000.WAV,Carp Pond,recover-20220725,001,1795
576.6375,576.6497,26328.0,31712.0,Nyctalus leisleri,0.263,0.493,-1,Echolocation,/mnt/ubna_data_01_mir/recover-20220725/UBNA_001/20220725_050000.WAV,Carp Pond,recover-20220725,001,1795
576.7775,576.788,26328.0,33860.0,Eptesicus serotinus,0.273,0.543,-1,Echolocation,/mnt/ubna_data_01_mir/recover-20220725/UBNA_001/20220725_050000.WAV,Carp Pond,recover-20220725,001,1795
578.0955,578.108,25468.0,30947.0,Nyctalus leisleri,0.357,0.587,-1,Echolocation,/mnt/ubna_data_01_mir/recover-20220725/UBNA_001/20220725_050000.WAV,Carp Pond,recover-20220725,001,1795
578.2355,578.2452,26328.0,33610.0,Nyctalus leisleri,0.362,0.659,-1,Echolocation,/mnt/ubna_data_01_mir/recover-20220725/UBNA_001/20220725_050000.WAV,Carp Pond,recover-20220725,001,1795
578.3815,578.3935,25468.0,33694.0,Eptesicus serotinus,0.355,0.597,-1,Echolocation,/mnt/ubna_data_01_mir/recover-20220725/UBNA_001/20220725_050000.WAV,Carp Pond,recover-20220725,001,1795
578.5405,578.5514,25468.0,32319.0,Eptesicus serotinus,0.308,0.597,-1,Echolocation,/mnt/ubna_data_01_mir/recover-20220725/UBNA_001/20220725_050000.WAV,Carp Pond,recover-20220725,001,1795
578.8235,578.8379,24609.0,31064.0,Nyctalus leisleri,0.275,0.557,-1,Echolocation,/mnt/ubna_data_01_mir/recover-20220725/UBNA_001/20220725_050000.WAV,Carp Pond,recover-20220725,001,1795
578.9825,578.9946,24609.0,30180.0,Nyctalus leisleri,0.16,0.364,-1,Echolocation,/mnt/ubna_data_01_mir/recover-20220725/UBNA_001/20220725_050000.WAV,Carp Pond,recover-20220725,001,1795
579.1395,579.1522,25468.0,32786.0,Nyctalus leisleri,0.279,0.625,-1,Echolocation,/mnt/ubna_data_01_mir/recover-20220725/UBNA_001/20220725_050000.WAV,Carp Pond,recover-20220725,001,1795
579.4065,579.42,25468.0,31572.0,Nyctalus leisleri,0.292,0.599,-1,Echolocation,/mnt/ubna_data_01_mir/recover-20220725/UBNA_001/20220725_050000.WAV,Carp Pond,recover-20220725,001,1795
579.5645,579.5757,25468.0,32374.0,Nyctalus leisleri,0.348,0.645,-1,Echolocation,/mnt/ubna_data_01_mir/recover-20220725/UBNA_001/20220725_050000.WAV,Carp Pond,recover-20220725,001,1795
579.8295,579.8437,24609.0,30099.0,Nyctalus leisleri,0.44,0.626,-1,Echolocation,/mnt/ubna_data_01_mir/recover-20220725/UBNA_001/20220725_050000.WAV,Carp Pond,recover-20220725,001,1795
580.1095,580.1226,24609.0,29828.0,Nyctalus leisleri,0.246,0.45,-1,Echolocation,/mnt/ubna_data_01_mir/recover-20220725/UBNA_001/20220725_050000.WAV,Carp Pond,recover-20220725,001,1795
583.7075,583.7199,27187.0,32253.0,Eptesicus serotinus,0.124,0.234,-1,Echolocation,/mnt/ubna_data_01_mir/recover-20220725/UBNA_001/20220725_050000.WAV,Carp Pond,recover-20220725,001,1795
583.9805,583.9923,26328.0,31761.0,Nyctalus leisleri,0.521,0.665,-1,Echolocation,/mnt/ubna_data_01_mir/recover-20220725/UBNA_001/20220725_050000.WAV,Carp Pond,recover-20220725,001,1795
584.2355,584.2479,25468.0,29920.0,Nyctalus leisleri,0.493,0.658,-1,Echolocation,/mnt/ubna_data_01_mir/recover-20220725/UBNA_001/20220725_050000.WAV,Carp Pond,recover-20220725,001,1795
584.3925,584.4064,25468.0,31040.0,Nyctalus leisleri,0.394,0.623,-1,Echolocation,/mnt/ubna_data_01_mir/recover-20220725/UBNA_001/20220725_050000.WAV,Carp Pond,recover-20220725,001,1795
584.6535,584.6661,24609.0,32212.0,Nyctalus leisleri,0.352,0.645,-1,Echolocation,/mnt/ubna_data_01_mir/recover-20220725/UBNA_001/20220725_050000.WAV,Carp Pond,recover-20220725,001,1795
584.8125,584.8257,25468.0,31982.0,Nyctalus leisleri,0.337,0.643,-1,Echolocation,/mnt/ubna_data_01_mir/recover-20220725/UBNA_001/20220725_050000.WAV,Carp Pond,recover-20220725,001,1795
585.0715,585.0863,24609.0,32377.0,Nyctalus leisleri,0.287,0.648,-1,Echolocation,/mnt/ubna_data_01_mir/recover-20220725/UBNA_001/20220725_050000.WAV,Carp Pond,recover-20220725,001,1795
585.2315,585.2464,23750.0,32428.0,Eptesicus serotinus,0.351,0.655,-1,Echolocation,/mnt/ubna_data_01_mir/recover-20220725/UBNA_001/20220725_050000.WAV,Carp Pond,recover-20220725,001,1795
585.5025,585.5167,24609.0,33723.0,Eptesicus serotinus,0.338,0.687,-1,Echolocation,/mnt/ubna_data_01_mir/recover-20220725/UBNA_001/20220725_050000.WAV,Carp Pond,recover-20220725,001,1795
585.7785,585.7922,24609.0,33645.0,Eptesicus serotinus,0.318,0.663,-1,Echolocation,/mnt/ubna_data_01_mir/recover-20220725/UBNA_001/20220725_050000.WAV,Carp Pond,recover-20220725,001,1795
585.9435,585.9583,25468.0,32353.0,Nyctalus leisleri,0.268,0.627,-1,Echolocation,/mnt/ubna_data_01_mir/recover-20220725/UBNA_001/20220725_050000.WAV,Carp Pond,recover-20220725,001,1795
586.2165,586.2291,24609.0,31609.0,Nyctalus leisleri,0.453,0.67,-1,Echolocation,/mnt/ubna_data_01_mir/recover-20220725/UBNA_001/20220725_050000.WAV,Carp Pond,recover-20220725,001,1795
586.3835,586.395,25468.0,31013.0,Nyctalus leisleri,0.542,0.67,-1,Echolocation,/mnt/ubna_data_01_mir/recover-20220725/UBNA_001/20220725_050000.WAV,Carp Pond,recover-20220725,001,1795
586.6585,586.6728,24609.0,32046.0,Nyctalus leisleri,0.333,0.66,-1,Echolocation,/mnt/ubna_data_01_mir/recover-20220725/UBNA_001/20220725_050000.WAV,Carp Pond,recover-20220725,001,1795
586.9385,586.9548,24609.0,30439.0,Nyctalus leisleri,0.277,0.55,-1,Echolocation,/mnt/ubna_data_01_mir/recover-20220725/UBNA_001/20220725_050000.WAV,Carp Pond,recover-20220725,001,1795
587.0605,587.0724,25468.0,31646.0,Nyctalus leisleri,0.27,0.581,-1,Echolocation,/mnt/ubna_data_01_mir/recover-20220725/UBNA_001/20220725_050000.WAV,Carp Pond,recover-20220725,001,1795
588.4425,588.4544,24609.0,30637.0,Nyctalus leisleri,0.321,0.614,-1,Echolocation,/mnt/ubna_data_01_mir/recover-20220725/UBNA_001/20220725_050000.WAV,Carp Pond,recover-20220725,001,1795
588.5935,588.6035,24609.0,31921.0,Nyctalus leisleri,0.299,0.601,-1,Echolocation,/mnt/ubna_data_01_mir/recover-20220725/UBNA_001/20220725_050000.WAV,Carp Pond,recover-20220725,001,1795
588.8585,588.871,24609.0,30096.0,Nyctalus leisleri,0.344,0.661,-1,Echolocation,/mnt/ubna_data_01_mir/recover-20220725/UBNA_001/20220725_050000.WAV,Carp Pond,recover-20220725,001,1795
588.9465,588.9563,55546.0,60116.0,Pipistrellus pygmaeus,0.191,0.204,-1,Echolocation,/mnt/ubna_data_01_mir/recover-20220725/UBNA_001/20220725_050000.WAV,Carp Pond,recover-20220725,001,1795
589.0175,589.0275,25468.0,32297.0,Eptesicus serotinus,0.262,0.529,-1,Echolocation,/mnt/ubna_data_01_mir/recover-20220725/UBNA_001/20220725_050000.WAV,Carp Pond,recover-20220725,001,1795
589.2785,589.2906,24609.0,31461.0,Nyctalus leisleri,0.277,0.638,-1,Echolocation,/mnt/ubna_data_01_mir/recover-20220725/UBNA_001/20220725_050000.WAV,Carp Pond,recover-20220725,001,1795
589.5535,589.5679,24609.0,31103.0,Nyctalus leisleri,0.307,0.643,-1,Echolocation,/mnt/ubna_data_01_mir/recover-20220725/UBNA_001/20220725_050000.WAV,Carp Pond,recover-20220725,001,1795
589.8325,589.8453,24609.0,29307.0,Nyctalus leisleri,0.438,0.643,-1,Echolocation,/mnt/ubna_data_01_mir/recover-20220725/UBNA_001/20220725_050000.WAV,Carp Pond,recover-20220725,001,1795
590.2165,590.2301,24609.0,29716.0,Nyctalus leisleri,0.455,0.651,-1,Echolocation,/mnt/ubna_data_01_mir/recover-20220725/UBNA_001/20220725_050000.WAV,Carp Pond,recover-20220725,001,1795
590.3855,590.4014,25468.0,30103.0,Nyctalus leisleri,0.162,0.306,-1,Echolocation,/mnt/ubna_data_01_mir/recover-20220725/UBNA_001/20220725_050000.WAV,Carp Pond,recover-20220725,001,1795
590.6615,590.6729,24609.0,31141.0,Nyctalus leisleri,0.556,0.735,-1,Echolocation,/mnt/ubna_data_01_mir/recover-20220725/UBNA_001/20220725_050000.WAV,Carp Pond,recover-20220725,001,1795
590.9355,590.9524,25468.0,29413.0,Nyctalus leisleri,0.236,0.372,-1,Echolocation,/mnt/ubna_data_01_mir/recover-20220725/UBNA_001/20220725_050000.WAV,Carp Pond,recover-20220725,001,1795
591.6485,591.6617,24609.0,31035.0,Nyctalus leisleri,0.45,0.643,-1,Echolocation,/mnt/ubna_data_01_mir/recover-20220725/UBNA_001/20220725_050000.WAV,Carp Pond,recover-20220725,001,1795
592.2015,592.2147,24609.0,29460.0,Nyctalus leisleri,0.123,0.256,-1,Echolocation,/mnt/ubna_data_01_mir/recover-20220725/UBNA_001/20220725_050000.WAV,Carp Pond,recover-20220725,001,1795
592.6345,592.6481,24609.0,29528.0,Nyctalus leisleri,0.242,0.491,-1,Echolocation,/mnt/ubna_data_01_mir/recover-20220725/UBNA_001/20220725_050000.WAV,Carp Pond,recover-20220725,001,1795
593.1835,593.1954,25468.0,32769.0,Nyctalus leisleri,0.253,0.568,-1,Echolocation,/mnt/ubna_data_01_mir/recover-20220725/UBNA_001/20220725_050000.WAV,Carp Pond,recover-20220725,001,1795
593.7395,593.7516,24609.0,29802.0,Nyctalus leisleri,0.437,0.598,-1,Echolocation,/mnt/ubna_data_01_mir/recover-20220725/UBNA_001/20220725_050000.WAV,Carp Pond,recover-20220725,001,1795
593.8945,593.9053,25468.0,31039.0,Nyctalus leisleri,0.392,0.616,-1,Echolocation,/mnt/ubna_data_01_mir/recover-20220725/UBNA_001/20220725_050000.WAV,Carp Pond,recover-20220725,001,1795
596.6335,596.6434,25468.0,32404.0,Eptesicus serotinus,0.214,0.436,-1,Echolocation,/mnt/ubna_data_01_mir/recover-20220725/UBNA_001/20220725_050000.WAV,Carp Pond,recover-20220725,001,1795
596.7675,596.7806,25468.0,29505.0,Nyctalus leisleri,0.149,0.25,-1,Echolocation,/mnt/ubna_data_01_mir/recover-20220725/UBNA_001/20220725_050000.WAV,Carp Pond,recover-20220725,001,1795
596.9025,596.9128,26328.0,33332.0,Eptesicus serotinus,0.295,0.602,-1,Echolocation,/mnt/ubna_data_01_mir/recover-20220725/UBNA_001/20220725_050000.WAV,Carp Pond,recover-20220725,001,1795
597.2225,597.2318,25468.0,32220.0,Eptesicus serotinus,0.249,0.449,-1,Echolocation,/mnt/ubna_data_01_mir/recover-20220725/UBNA_001/20220725_050000.WAV,Carp Pond,recover-20220725,001,1795
597.3715,597.3805,25468.0,32878.0,Nyctalus leisleri,0.273,0.565,-1,Echolocation,/mnt/ubna_data_01_mir/recover-20220725/UBNA_001/20220725_050000.WAV,Carp Pond,recover-20220725,001,1795
597.5185,597.53,24609.0,30506.0,Nyctalus leisleri,0.252,0.577,-1,Echolocation,/mnt/ubna_data_01_mir/recover-20220725/UBNA_001/20220725_050000.WAV,Carp Pond,recover-20220725,001,1795
597.7835,597.7956,24609.0,32849.0,Nyctalus leisleri,0.324,0.685,-1,Echolocation,/mnt/ubna_data_01_mir/recover-20220725/UBNA_001/20220725_050000.WAV,Carp Pond,recover-20220725,001,1795
598.0505,598.0628,24609.0,31144.0,Nyctalus leisleri,0.34,0.664,-1,Echolocation,/mnt/ubna_data_01_mir/recover-20220725/UBNA_001/20220725_050000.WAV,Carp Pond,recover-20220725,001,1795
598.3225,598.3361,24609.0,34360.0,Eptesicus serotinus,0.414,0.658,-1,Echolocation,/mnt/ubna_data_01_mir/recover-20220725/UBNA_001/20220725_050000.WAV,Carp Pond,recover-20220725,001,1795
598.6055,598.6171,25468.0,30769.0,Nyctalus leisleri,0.498,0.661,-1,Echolocation,/mnt/ubna_data_01_mir/recover-20220725/UBNA_001/20220725_050000.WAV,Carp Pond,recover-20220725,001,1795
598.7665,598.7794,25468.0,32820.0,Nyctalus leisleri,0.361,0.678,-1,Echolocation,/mnt/ubna_data_01_mir/recover-20220725/UBNA_001/20220725_050000.WAV,Carp Pond,recover-20220725,001,1795
599.0355,599.048,24609.0,34161.0,Eptesicus serotinus,0.373,0.665,-1,Echolocation,/mnt/ubna_data_01_mir/recover-20220725/UBNA_001/20220725_050000.WAV,Carp Pond,recover-20220725,001,1795
599.2995,599.3134,24609.0,33074.0,Eptesicus serotinus,0.382,0.58,-1,Echolocation,/mnt/ubna_data_01_mir/recover-20220725/UBNA_001/20220725_050000.WAV,Carp Pond,recover-20220725,001,1795
599.4285,599.4433,24609.0,33083.0,Eptesicus serotinus,0.35,0.617,-1,Echolocation,/mnt/ubna_data_01_mir/recover-20220725/UBNA_001/20220725_050000.WAV,Carp Pond,recover-20220725,001,1795
599.5465,599.5593,25468.0,35618.0,Eptesicus serotinus,0.405,0.642,-1,Echolocation,/mnt/ubna_data_01_mir/recover-20220725/UBNA_001/20220725_050000.WAV,Carp Pond,recover-20220725,001,1795
599.7715,599.7829,26328.0,32393.0,Nyctalus leisleri,0.276,0.567,-1,Echolocation,/mnt/ubna_data_01_mir/recover-20220725/UBNA_001/20220725_050000.WAV,Carp Pond,recover-20220725,001,1795
599.9005,599.9110000000001,26328.0,34499.0,Eptesicus serotinus,0.351,0.595,-1,Echolocation,/mnt/ubna_data_01_mir/recover-20220725/UBNA_001/20220725_050000.WAV,Carp Pond,recover-20220725,001,1795
600.0045,600.0128,26328.0,34076.0,Nyctalus leisleri,0.326,0.617,-1,Echolocation,/mnt/ubna_data_01_mir/recover-20220725/UBNA_001/20220725_050000.WAV,Carp Pond,recover-20220725,001,1795
600.0635,600.0716,27187.0,36178.0,Eptesicus serotinus,0.345,0.653,-1,Echolocation,/mnt/ubna_data_01_mir/recover-20220725/UBNA_001/20220725_050000.WAV,Carp Pond,recover-20220725,001,1795
600.9175,600.9287,25468.0,33617.0,Eptesicus serotinus,0.318,0.655,-1,Echolocation,/mnt/ubna_data_01_mir/recover-20220725/UBNA_001/20220725_050000.WAV,Carp Pond,recover-20220725,001,1795
601.1595,601.1723,25468.0,32147.0,Nyctalus leisleri,0.312,0.637,-1,Echolocation,/mnt/ubna_data_01_mir/recover-20220725/UBNA_001/20220725_050000.WAV,Carp Pond,recover-20220725,001,1795
601.4115,601.4242,25468.0,31711.0,Nyctalus leisleri,0.272,0.573,-1,Echolocation,/mnt/ubna_data_01_mir/recover-20220725/UBNA_001/20220725_050000.WAV,Carp Pond,recover-20220725,001,1795
601.6705,601.6823,25468.0,33620.0,Eptesicus serotinus,0.332,0.631,-1,Echolocation,/mnt/ubna_data_01_mir/recover-20220725/UBNA_001/20220725_050000.WAV,Carp Pond,recover-20220725,001,1795
601.8255,601.8381,25468.0,34204.0,Eptesicus serotinus,0.335,0.645,-1,Echolocation,/mnt/ubna_data_01_mir/recover-20220725/UBNA_001/20220725_050000.WAV,Carp Pond,recover-20220725,001,1795
602.0765,602.0918,24609.0,33138.0,Eptesicus serotinus,0.306,0.596,-1,Echolocation,/mnt/ubna_data_01_mir/recover-20220725/UBNA_001/20220725_050000.WAV,Carp Pond,recover-20220725,001,1795
602.2345,602.2471,25468.0,34900.0,Eptesicus serotinus,0.386,0.613,-1,Echolocation,/mnt/ubna_data_01_mir/recover-20220725/UBNA_001/20220725_050000.WAV,Carp Pond,recover-20220725,001,1795
602.5075,602.5206,25468.0,36603.0,Eptesicus serotinus,0.454,0.653,-1,Echolocation,/mnt/ubna_data_01_mir/recover-20220725/UBNA_001/20220725_050000.WAV,Carp Pond,recover-20220725,001,1795
602.7545,602.7695,24609.0,33560.0,Eptesicus serotinus,0.299,0.619,-1,Echolocation,/mnt/ubna_data_01_mir/recover-20220725/UBNA_001/20220725_050000.WAV,Carp Pond,recover-20220725,001,1795
602.9175,602.9289,25468.0,34420.0,Nyctalus leisleri,0.326,0.648,-1,Echolocation,/mnt/ubna_data_01_mir/recover-20220725/UBNA_001/20220725_050000.WAV,Carp Pond,recover-20220725,001,1795
602.9205,602.9309,50390.0,55449.0,Pipistrellus pipistrellus,0.144,0.205,-1,Echolocation,/mnt/ubna_data_01_mir/recover-20220725/UBNA_001/20220725_050000.WAV,Carp Pond,recover-20220725,001,1795
603.1695,603.1839,25468.0,35049.0,Eptesicus serotinus,0.357,0.605,-1,Echolocation,/mnt/ubna_data_01_mir/recover-20220725/UBNA_001/20220725_050000.WAV,Carp Pond,recover-20220725,001,1795
603.1735,603.1834,50390.0,56258.0,Pipistrellus pipistrellus,0.118,0.236,-1,Echolocation,/mnt/ubna_data_01_mir/recover-20220725/UBNA_001/20220725_050000.WAV,Carp Pond,recover-20220725,001,1795
603.4375,603.4522,24609.0,34361.0,Eptesicus serotinus,0.351,0.643,-1,Echolocation,/mnt/ubna_data_01_mir/recover-20220725/UBNA_001/20220725_050000.WAV,Carp Pond,recover-20220725,001,1795
603.7115,603.7271,24609.0,34822.0,Eptesicus serotinus,0.366,0.575,-1,Echolocation,/mnt/ubna_data_01_mir/recover-20220725/UBNA_001/20220725_050000.WAV,Carp Pond,recover-20220725,001,1795
603.8725,603.8886,24609.0,36060.0,Eptesicus serotinus,0.401,0.534,-1,Echolocation,/mnt/ubna_data_01_mir/recover-20220725/UBNA_001/20220725_050000.WAV,Carp Pond,recover-20220725,001,1795
604.0285,604.0421,25468.0,33889.0,Eptesicus serotinus,0.353,0.599,-1,Echolocation,/mnt/ubna_data_01_mir/recover-20220725/UBNA_001/20220725_050000.WAV,Carp Pond,recover-20220725,001,1795
604.2945,604.3086,25468.0,33521.0,Eptesicus serotinus,0.3,0.602,-1,Echolocation,/mnt/ubna_data_01_mir/recover-20220725/UBNA_001/20220725_050000.WAV,Carp Pond,recover-20220725,001,1795
604.5595,604.5747,24609.0,35244.0,Eptesicus serotinus,0.383,0.616,-1,Echolocation,/mnt/ubna_data_01_mir/recover-20220725/UBNA_001/20220725_050000.WAV,Carp Pond,recover-20220725,001,1795
604.8345,604.8487,24609.0,30279.0,Nyctalus leisleri,0.322,0.53,-1,Echolocation,/mnt/ubna_data_01_mir/recover-20220725/UBNA_001/20220725_050000.WAV,Carp Pond,recover-20220725,001,1795
604.9885,605.001,24609.0,35247.0,Eptesicus serotinus,0.403,0.64,-1,Echolocation,/mnt/ubna_data_01_mir/recover-20220725/UBNA_001/20220725_050000.WAV,Carp Pond,recover-20220725,001,1795
605.1495,605.1617,25468.0,32380.0,Eptesicus serotinus,0.19,0.38,-1,Echolocation,/mnt/ubna_data_01_mir/recover-20220725/UBNA_001/20220725_050000.WAV,Carp Pond,recover-20220725,001,1795
605.3855,605.3966,25468.0,32463.0,Nyctalus leisleri,0.355,0.61,-1,Echolocation,/mnt/ubna_data_01_mir/recover-20220725/UBNA_001/20220725_050000.WAV,Carp Pond,recover-20220725,001,1795
605.6285,605.6396,25468.0,33841.0,Eptesicus serotinus,0.36,0.644,-1,Echolocation,/mnt/ubna_data_01_mir/recover-20220725/UBNA_001/20220725_050000.WAV,Carp Pond,recover-20220725,001,1795
605.7855,605.7964,25468.0,31484.0,Nyctalus leisleri,0.507,0.669,-1,Echolocation,/mnt/ubna_data_01_mir/recover-20220725/UBNA_001/20220725_050000.WAV,Carp Pond,recover-20220725,001,1795
606.0375,606.0508,25468.0,32180.0,Nyctalus leisleri,0.303,0.506,-1,Echolocation,/mnt/ubna_data_01_mir/recover-20220725/UBNA_001/20220725_050000.WAV,Carp Pond,recover-20220725,001,1795
606.4575,606.4715,24609.0,29799.0,Nyctalus leisleri,0.221,0.469,-1,Echolocation,/mnt/ubna_data_01_mir/recover-20220725/UBNA_001/20220725_050000.WAV,Carp Pond,recover-20220725,001,1795
606.7205,606.7383,25468.0,29217.0,Nyctalus leisleri,0.329,0.424,-1,Echolocation,/mnt/ubna_data_01_mir/recover-20220725/UBNA_001/20220725_050000.WAV,Carp Pond,recover-20220725,001,1795
607.0765,607.0895,26328.0,32422.0,Eptesicus serotinus,0.177,0.317,-1,Echolocation,/mnt/ubna_data_01_mir/recover-20220725/UBNA_001/20220725_050000.WAV,Carp Pond,recover-20220725,001,1795
607.2245,607.2408,26328.0,30099.0,Nyctalus leisleri,0.209,0.33,-1,Echolocation,/mnt/ubna_data_01_mir/recover-20220725/UBNA_001/20220725_050000.WAV,Carp Pond,recover-20220725,001,1795
607.4485,607.4639,25468.0,29818.0,Nyctalus leisleri,0.241,0.385,-1,Echolocation,/mnt/ubna_data_01_mir/recover-20220725/UBNA_001/20220725_050000.WAV,Carp Pond,recover-20220725,001,1795
607.6085,607.6233,26328.0,31319.0,Nyctalus leisleri,0.186,0.329,-1,Echolocation,/mnt/ubna_data_01_mir/recover-20220725/UBNA_001/20220725_050000.WAV,Carp Pond,recover-20220725,001,1795
607.8515,607.865,24609.0,35278.0,Eptesicus serotinus,0.411,0.61,-1,Echolocation,/mnt/ubna_data_01_mir/recover-20220725/UBNA_001/20220725_050000.WAV,Carp Pond,recover-20220725,001,1795
608.1025,608.1169,25468.0,32454.0,Nyctalus leisleri,0.273,0.606,-1,Echolocation,/mnt/ubna_data_01_mir/recover-20220725/UBNA_001/20220725_050000.WAV,Carp Pond,recover-20220725,001,1795
608.3525,608.3668,25468.0,34990.0,Eptesicus serotinus,0.337,0.61,-1,Echolocation,/mnt/ubna_data_01_mir/recover-20220725/UBNA_001/20220725_050000.WAV,Carp Pond,recover-20220725,001,1795
608.5145,608.5263,26328.0,34044.0,Nyctalus leisleri,0.313,0.634,-1,Echolocation,/mnt/ubna_data_01_mir/recover-20220725/UBNA_001/20220725_050000.WAV,Carp Pond,recover-20220725,001,1795
608.6655,608.6784,26328.0,33574.0,Eptesicus serotinus,0.257,0.55,-1,Echolocation,/mnt/ubna_data_01_mir/recover-20220725/UBNA_001/20220725_050000.WAV,Carp Pond,recover-20220725,001,1795
608.7865,608.797,27187.0,34142.0,Eptesicus serotinus,0.219,0.437,-1,Echolocation,/mnt/ubna_data_01_mir/recover-20220725/UBNA_001/20220725_050000.WAV,Carp Pond,recover-20220725,001,1795
609.4975,609.511,25468.0,38495.0,Eptesicus serotinus,0.402,0.612,-1,Echolocation,/mnt/ubna_data_01_mir/recover-20220725/UBNA_001/20220725_050000.WAV,Carp Pond,recover-20220725,001,1795
609.6235,609.6391,24609.0,34963.0,Eptesicus serotinus,0.279,0.55,-1,Echolocation,/mnt/ubna_data_01_mir/recover-20220725/UBNA_001/20220725_050000.WAV,Carp Pond,recover-20220725,001,1795
609.8745,609.8892,25468.0,35142.0,Eptesicus serotinus,0.315,0.544,-1,Echolocation,/mnt/ubna_data_01_mir/recover-20220725/UBNA_001/20220725_050000.WAV,Carp Pond,recover-20220725,001,1795
610.0295,610.045,25468.0,35553.0,Eptesicus serotinus,0.39,0.547,-1,Echolocation,/mnt/ubna_data_01_mir/recover-20220725/UBNA_001/20220725_050000.WAV,Carp Pond,recover-20220725,001,1795
610.2845,610.3004,24609.0,34529.0,Eptesicus serotinus,0.368,0.625,-1,Echolocation,/mnt/ubna_data_01_mir/recover-20220725/UBNA_001/20220725_050000.WAV,Carp Pond,recover-20220725,001,1795
610.5375,610.5526,24609.0,34117.0,Eptesicus serotinus,0.361,0.638,-1,Echolocation,/mnt/ubna_data_01_mir/recover-20220725/UBNA_001/20220725_050000.WAV,Carp Pond,recover-20220725,001,1795
610.7885,610.8033,24609.0,36734.0,Eptesicus serotinus,0.448,0.66,-1,Echolocation,/mnt/ubna_data_01_mir/recover-20220725/UBNA_001/20220725_050000.WAV,Carp Pond,recover-20220725,001,1795
610.7945,610.8065,50390.0,56305.0,Pipistrellus pipistrellus,0.155,0.266,-1,Echolocation,/mnt/ubna_data_01_mir/recover-20220725/UBNA_001/20220725_050000.WAV,Carp Pond,recover-20220725,001,1795
610.9655,610.981,25468.0,35824.0,Eptesicus serotinus,0.368,0.571,-1,Echolocation,/mnt/ubna_data_01_mir/recover-20220725/UBNA_001/20220725_050000.WAV,Carp Pond,recover-20220725,001,1795
611.2115,611.227,24609.0,38828.0,Eptesicus serotinus,0.344,0.559,-1,Echolocation,/mnt/ubna_data_01_mir/recover-20220725/UBNA_001/20220725_050000.WAV,Carp Pond,recover-20220725,001,1795
611.4785,611.4953,24609.0,34402.0,Eptesicus serotinus,0.321,0.535,-1,Echolocation,/mnt/ubna_data_01_mir/recover-20220725/UBNA_001/20220725_050000.WAV,Carp Pond,recover-20220725,001,1795
611.4845,611.4955,51250.0,55369.0,Pipistrellus pipistrellus,0.15,0.234,-1,Echolocation,/mnt/ubna_data_01_mir/recover-20220725/UBNA_001/20220725_050000.WAV,Carp Pond,recover-20220725,001,1795
611.6625,611.6781,25468.0,37251.0,Eptesicus serotinus,0.339,0.551,-1,Echolocation,/mnt/ubna_data_01_mir/recover-20220725/UBNA_001/20220725_050000.WAV,Carp Pond,recover-20220725,001,1795
611.9335,611.9509,24609.0,33214.0,Eptesicus serotinus,0.274,0.572,-1,Echolocation,/mnt/ubna_data_01_mir/recover-20220725/UBNA_001/20220725_050000.WAV,Carp Pond,recover-20220725,001,1795
611.9405,611.9569,50390.0,54092.0,Pipistrellus pygmaeus,0.185,0.299,-1,Echolocation,/mnt/ubna_data_01_mir/recover-20220725/UBNA_001/20220725_050000.WAV,Carp Pond,recover-20220725,001,1795
612.1695,612.1867,24609.0,35887.0,Eptesicus serotinus,0.39,0.549,-1,Echolocation,/mnt/ubna_data_01_mir/recover-20220725/UBNA_001/20220725_050000.WAV,Carp Pond,recover-20220725,001,1795
612.1755,612.193,49531.0,60906.0,Pipistrellus pipistrellus,0.098,0.205,-1,Echolocation,/mnt/ubna_data_01_mir/recover-20220725/UBNA_001/20220725_050000.WAV,Carp Pond,recover-20220725,001,1795
612.3315,612.3476,24609.0,40031.0,Eptesicus serotinus,0.292,0.562,-1,Echolocation,/mnt/ubna_data_01_mir/recover-20220725/UBNA_001/20220725_050000.WAV,Carp Pond,recover-20220725,001,1795
612.5915,612.6089,24609.0,34356.0,Eptesicus serotinus,0.359,0.573,-1,Echolocation,/mnt/ubna_data_01_mir/recover-20220725/UBNA_001/20220725_050000.WAV,Carp Pond,recover-20220725,001,1795
612.8535,612.8683,24609.0,38779.0,Nyctalus leisleri,0.338,0.644,-1,Echolocation,/mnt/ubna_data_01_mir/recover-20220725/UBNA_001/20220725_050000.WAV,Carp Pond,recover-20220725,001,1795
613.1215,613.1368,24609.0,37084.0,Nyctalus leisleri,0.313,0.63,-1,Echolocation,/mnt/ubna_data_01_mir/recover-20220725/UBNA_001/20220725_050000.WAV,Carp Pond,recover-20220725,001,1795
613.3895,613.4047,24609.0,40499.0,Eptesicus serotinus,0.308,0.661,-1,Echolocation,/mnt/ubna_data_01_mir/recover-20220725/UBNA_001/20220725_050000.WAV,Carp Pond,recover-20220725,001,1795
613.5485,613.562,25468.0,39495.0,Eptesicus serotinus,0.317,0.65,-1,Echolocation,/mnt/ubna_data_01_mir/recover-20220725/UBNA_001/20220725_050000.WAV,Carp Pond,recover-20220725,001,1795
613.7835,613.7995,24609.0,40941.0,Eptesicus serotinus,0.27,0.612,-1,Echolocation,/mnt/ubna_data_01_mir/recover-20220725/UBNA_001/20220725_050000.WAV,Carp Pond,recover-20220725,001,1795
614.0325,614.0474,25468.0,37304.0,Eptesicus serotinus,0.463,0.652,-1,Echolocation,/mnt/ubna_data_01_mir/recover-20220725/UBNA_001/20220725_050000.WAV,Carp Pond,recover-20220725,001,1795
614.0365,614.0455,52109.0,59178.0,Pipistrellus pygmaeus,0.195,0.22,-1,Echolocation,/mnt/ubna_data_01_mir/recover-20220725/UBNA_001/20220725_050000.WAV,Carp Pond,recover-20220725,001,1795
614.2805,614.2959,24609.0,43755.0,Eptesicus serotinus,0.356,0.651,-1,Echolocation,/mnt/ubna_data_01_mir/recover-20220725/UBNA_001/20220725_050000.WAV,Carp Pond,recover-20220725,001,1795
614.4335,614.4475,25468.0,42223.0,Eptesicus serotinus,0.425,0.694,-1,Echolocation,/mnt/ubna_data_01_mir/recover-20220725/UBNA_001/20220725_050000.WAV,Carp Pond,recover-20220725,001,1795
614.6905,614.7053,24609.0,43866.0,Eptesicus serotinus,0.356,0.673,-1,Echolocation,/mnt/ubna_data_01_mir/recover-20220725/UBNA_001/20220725_050000.WAV,Carp Pond,recover-20220725,001,1795
614.8355,614.8476,26328.0,47598.0,Eptesicus serotinus,0.472,0.692,-1,Echolocation,/mnt/ubna_data_01_mir/recover-20220725/UBNA_001/20220725_050000.WAV,Carp Pond,recover-20220725,001,1795
614.9745,614.9896,25468.0,38127.0,Eptesicus serotinus,0.418,0.556,-1,Echolocation,/mnt/ubna_data_01_mir/recover-20220725/UBNA_001/20220725_050000.WAV,Carp Pond,recover-20220725,001,1795
615.1055,615.1209,25468.0,39158.0,Eptesicus serotinus,0.385,0.55,-1,Echolocation,/mnt/ubna_data_01_mir/recover-20220725/UBNA_001/20220725_050000.WAV,Carp Pond,recover-20220725,001,1795
615.2875,615.3027,24609.0,38419.0,Eptesicus serotinus,0.406,0.613,-1,Echolocation,/mnt/ubna_data_01_mir/recover-20220725/UBNA_001/20220725_050000.WAV,Carp Pond,recover-20220725,001,1795
615.4885,615.5024,25468.0,39786.0,Eptesicus serotinus,0.426,0.646,-1,Echolocation,/mnt/ubna_data_01_mir/recover-20220725/UBNA_001/20220725_050000.WAV,Carp Pond,recover-20220725,001,1795
615.6025,615.6149,25468.0,41710.0,Eptesicus serotinus,0.532,0.674,-1,Echolocation,/mnt/ubna_data_01_mir/recover-20220725/UBNA_001/20220725_050000.WAV,Carp Pond,recover-20220725,001,1795
615.7305,615.7435,25468.0,45087.0,Eptesicus serotinus,0.507,0.735,-1,Echolocation,/mnt/ubna_data_01_mir/recover-20220725/UBNA_001/20220725_050000.WAV,Carp Pond,recover-20220725,001,1795
615.8415,615.8512,27187.0,38736.0,Eptesicus serotinus,0.449,0.584,-1,Echolocation,/mnt/ubna_data_01_mir/recover-20220725/UBNA_001/20220725_050000.WAV,Carp Pond,recover-20220725,001,1795
615.9515,615.9608,26328.0,46485.0,Eptesicus serotinus,0.599,0.764,-1,Echolocation,/mnt/ubna_data_01_mir/recover-20220725/UBNA_001/20220725_050000.WAV,Carp Pond,recover-20220725,001,1795
616.0275,616.0359,26328.0,47653.0,Eptesicus serotinus,0.525,0.615,-1,Echolocation,/mnt/ubna_data_01_mir/recover-20220725/UBNA_001/20220725_050000.WAV,Carp Pond,recover-20220725,001,1795
616.0925,616.1028,26328.0,44738.0,Eptesicus serotinus,0.689,0.764,-1,Echolocation,/mnt/ubna_data_01_mir/recover-20220725/UBNA_001/20220725_050000.WAV,Carp Pond,recover-20220725,001,1795
616.1695,616.1801,30625.0,39331.0,Eptesicus serotinus,0.204,0.278,-1,Echolocation,/mnt/ubna_data_01_mir/recover-20220725/UBNA_001/20220725_050000.WAV,Carp Pond,recover-20220725,001,1795
616.2245,616.231,25468.0,40477.0,Eptesicus serotinus,0.169,0.337,-1,Echolocation,/mnt/ubna_data_01_mir/recover-20220725/UBNA_001/20220725_050000.WAV,Carp Pond,recover-20220725,001,1795
616.2715,616.2826,28046.0,38179.0,Eptesicus serotinus,0.337,0.391,-1,Echolocation,/mnt/ubna_data_01_mir/recover-20220725/UBNA_001/20220725_050000.WAV,Carp Pond,recover-20220725,001,1795
616.6755,616.6898,24609.0,43437.0,Eptesicus serotinus,0.616,0.708,-1,Echolocation,/mnt/ubna_data_01_mir/recover-20220725/UBNA_001/20220725_050000.WAV,Carp Pond,recover-20220725,001,1795
616.7925,616.8051,24609.0,48047.0,Eptesicus serotinus,0.668,0.759,-1,Echolocation,/mnt/ubna_data_01_mir/recover-20220725/UBNA_001/20220725_050000.WAV,Carp Pond,recover-20220725,001,1795
616.9195,616.9319,26328.0,45538.0,Eptesicus serotinus,0.581,0.695,-1,Echolocation,/mnt/ubna_data_01_mir/recover-20220725/UBNA_001/20220725_050000.WAV,Carp Pond,recover-20220725,001,1795
617.0505,617.0647,24609.0,48421.0,Eptesicus serotinus,0.642,0.747,-1,Echolocation,/mnt/ubna_data_01_mir/recover-20220725/UBNA_001/20220725_050000.WAV,Carp Pond,recover-20220725,001,1795
617.1855,617.1977,25468.0,50245.0,Eptesicus serotinus,0.663,0.761,-1,Echolocation,/mnt/ubna_data_01_mir/recover-20220725/UBNA_001/20220725_050000.WAV,Carp Pond,recover-20220725,001,1795
617.3185,617.3307,25468.0,44197.0,Eptesicus serotinus,0.637,0.74,-1,Echolocation,/mnt/ubna_data_01_mir/recover-20220725/UBNA_001/20220725_050000.WAV,Carp Pond,recover-20220725,001,1795
617.4505,617.4632,25468.0,50069.0,Eptesicus serotinus,0.663,0.782,-1,Echolocation,/mnt/ubna_data_01_mir/recover-20220725/UBNA_001/20220725_050000.WAV,Carp Pond,recover-20220725,001,1795
617.5975,617.6101,25468.0,43421.0,Eptesicus serotinus,0.611,0.693,-1,Echolocation,/mnt/ubna_data_01_mir/recover-20220725/UBNA_001/20220725_050000.WAV,Carp Pond,recover-20220725,001,1795
617.7365,617.7487,25468.0,49117.0,Eptesicus serotinus,0.594,0.729,-1,Echolocation,/mnt/ubna_data_01_mir/recover-20220725/UBNA_001/20220725_050000.WAV,Carp Pond,recover-20220725,001,1795
618.0035,618.0184,24609.0,41707.0,Eptesicus serotinus,0.541,0.696,-1,Echolocation,/mnt/ubna_data_01_mir/recover-20220725/UBNA_001/20220725_050000.WAV,Carp Pond,recover-20220725,001,1795
618.2705,618.2841,25468.0,37970.0,Eptesicus serotinus,0.509,0.678,-1,Echolocation,/mnt/ubna_data_01_mir/recover-20220725/UBNA_001/20220725_050000.WAV,Carp Pond,recover-20220725,001,1795
618.4335,618.4484,25468.0,41294.0,Eptesicus serotinus,0.374,0.646,-1,Echolocation,/mnt/ubna_data_01_mir/recover-20220725/UBNA_001/20220725_050000.WAV,Carp Pond,recover-20220725,001,1795
618.7115,618.7268,25468.0,36560.0,Eptesicus serotinus,0.377,0.592,-1,Echolocation,/mnt/ubna_data_01_mir/recover-20220725/UBNA_001/20220725_050000.WAV,Carp Pond,recover-20220725,001,1795
618.9765,618.9921,25468.0,38520.0,Eptesicus serotinus,0.291,0.585,-1,Echolocation,/mnt/ubna_data_01_mir/recover-20220725/UBNA_001/20220725_050000.WAV,Carp Pond,recover-20220725,001,1795
619.1455,619.1602,25468.0,35565.0,Eptesicus serotinus,0.307,0.602,-1,Echolocation,/mnt/ubna_data_01_mir/recover-20220725/UBNA_001/20220725_050000.WAV,Carp Pond,recover-20220725,001,1795
619.3955,619.4094,25468.0,35901.0,Eptesicus serotinus,0.316,0.581,-1,Echolocation,/mnt/ubna_data_01_mir/recover-20220725/UBNA_001/20220725_050000.WAV,Carp Pond,recover-20220725,001,1795
619.6675,619.6803,25468.0,33975.0,Nyctalus leisleri,0.242,0.536,-1,Echolocation,/mnt/ubna_data_01_mir/recover-20220725/UBNA_001/20220725_050000.WAV,Carp Pond,recover-20220725,001,1795
619.9345,619.9496,24609.0,34172.0,Eptesicus serotinus,0.276,0.565,-1,Echolocation,/mnt/ubna_data_01_mir/recover-20220725/UBNA_001/20220725_050000.WAV,Carp Pond,recover-20220725,001,1795
620.2165,620.2319,24609.0,32006.0,Nyctalus leisleri,0.368,0.594,-1,Echolocation,/mnt/ubna_data_01_mir/recover-20220725/UBNA_001/20220725_050000.WAV,Carp Pond,recover-20220725,001,1795
620.3485000000001,620.3622,25468.0,33743.0,Eptesicus serotinus,0.295,0.578,-1,Echolocation,/mnt/ubna_data_01_mir/recover-20220725/UBNA_001/20220725_050000.WAV,Carp Pond,recover-20220725,001,1795
620.4555,620.4666,25468.0,31992.0,Nyctalus leisleri,0.343,0.596,-1,Echolocation,/mnt/ubna_data_01_mir/recover-20220725/UBNA_001/20220725_050000.WAV,Carp Pond,recover-20220725,001,1795
620.5625,620.5733,26328.0,31851.0,Nyctalus leisleri,0.321,0.539,-1,Echolocation,/mnt/ubna_data_01_mir/recover-20220725/UBNA_001/20220725_050000.WAV,Carp Pond,recover-20220725,001,1795
620.6725,620.6858,25468.0,30102.0,Nyctalus leisleri,0.237,0.355,-1,Echolocation,/mnt/ubna_data_01_mir/recover-20220725/UBNA_001/20220725_050000.WAV,Carp Pond,recover-20220725,001,1795
620.7835,620.7954,26328.0,35045.0,Eptesicus serotinus,0.289,0.605,-1,Echolocation,/mnt/ubna_data_01_mir/recover-20220725/UBNA_001/20220725_050000.WAV,Carp Pond,recover-20220725,001,1795
622.1975,622.2085,27187.0,33683.0,Nyctalus leisleri,0.393,0.562,-1,Echolocation,/mnt/ubna_data_01_mir/recover-20220725/UBNA_001/20220725_050000.WAV,Carp Pond,recover-20220725,001,1795
622.3105,622.3245,25468.0,36637.0,Eptesicus serotinus,0.468,0.622,-1,Echolocation,/mnt/ubna_data_01_mir/recover-20220725/UBNA_001/20220725_050000.WAV,Carp Pond,recover-20220725,001,1795
622.4445,622.4595,24609.0,34965.0,Eptesicus serotinus,0.321,0.589,-1,Echolocation,/mnt/ubna_data_01_mir/recover-20220725/UBNA_001/20220725_050000.WAV,Carp Pond,recover-20220725,001,1795
622.7025,622.7169,24609.0,32580.0,Nyctalus leisleri,0.292,0.615,-1,Echolocation,/mnt/ubna_data_01_mir/recover-20220725/UBNA_001/20220725_050000.WAV,Carp Pond,recover-20220725,001,1795
622.8355,622.8452,26328.0,33051.0,Nyctalus leisleri,0.506,0.69,-1,Echolocation,/mnt/ubna_data_01_mir/recover-20220725/UBNA_001/20220725_050000.WAV,Carp Pond,recover-20220725,001,1795
622.9055,622.9156,28046.0,33845.0,Eptesicus serotinus,0.168,0.263,-1,Echolocation,/mnt/ubna_data_01_mir/recover-20220725/UBNA_001/20220725_050000.WAV,Carp Pond,recover-20220725,001,1795
623.1155,623.129,25468.0,35163.0,Eptesicus serotinus,0.301,0.622,-1,Echolocation,/mnt/ubna_data_01_mir/recover-20220725/UBNA_001/20220725_050000.WAV,Carp Pond,recover-20220725,001,1795
623.2685,623.2818,25468.0,32807.0,Nyctalus leisleri,0.318,0.567,-1,Echolocation,/mnt/ubna_data_01_mir/recover-20220725/UBNA_001/20220725_050000.WAV,Carp Pond,recover-20220725,001,1795
623.5405,623.5553,24609.0,32815.0,Nyctalus leisleri,0.302,0.601,-1,Echolocation,/mnt/ubna_data_01_mir/recover-20220725/UBNA_001/20220725_050000.WAV,Carp Pond,recover-20220725,001,1795
623.8275,623.8423,24609.0,30632.0,Nyctalus leisleri,0.429,0.612,-1,Echolocation,/mnt/ubna_data_01_mir/recover-20220725/UBNA_001/20220725_050000.WAV,Carp Pond,recover-20220725,001,1795
624.1095,624.1242,23750.0,34211.0,Eptesicus serotinus,0.359,0.602,-1,Echolocation,/mnt/ubna_data_01_mir/recover-20220725/UBNA_001/20220725_050000.WAV,Carp Pond,recover-20220725,001,1795
624.4025,624.4206,23750.0,29459.0,Nyctalus leisleri,0.3,0.521,-1,Echolocation,/mnt/ubna_data_01_mir/recover-20220725/UBNA_001/20220725_050000.WAV,Carp Pond,recover-20220725,001,1795
624.6885,624.7017,24609.0,32695.0,Eptesicus serotinus,0.323,0.599,-1,Echolocation,/mnt/ubna_data_01_mir/recover-20220725/UBNA_001/20220725_050000.WAV,Carp Pond,recover-20220725,001,1795
624.9695,624.9851,24609.0,27910.0,Nyctalus leisleri,0.4,0.499,-1,Echolocation,/mnt/ubna_data_01_mir/recover-20220725/UBNA_001/20220725_050000.WAV,Carp Pond,recover-20220725,001,1795
625.2405,625.2563,24609.0,30992.0,Nyctalus leisleri,0.338,0.598,-1,Echolocation,/mnt/ubna_data_01_mir/recover-20220725/UBNA_001/20220725_050000.WAV,Carp Pond,recover-20220725,001,1795
625.5195,625.5352,23750.0,28804.0,Nyctalus leisleri,0.357,0.538,-1,Echolocation,/mnt/ubna_data_01_mir/recover-20220725/UBNA_001/20220725_050000.WAV,Carp Pond,recover-20220725,001,1795
625.8045,625.8197,24609.0,30728.0,Nyctalus leisleri,0.334,0.562,-1,Echolocation,/mnt/ubna_data_01_mir/recover-20220725/UBNA_001/20220725_050000.WAV,Carp Pond,recover-20220725,001,1795
626.0745,626.09,24609.0,28355.0,Nyctalus leisleri,0.429,0.561,-1,Echolocation,/mnt/ubna_data_01_mir/recover-20220725/UBNA_001/20220725_050000.WAV,Carp Pond,recover-20220725,001,1795
626.3575,626.3726,24609.0,28208.0,Nyctalus leisleri,0.442,0.54,-1,Echolocation,/mnt/ubna_data_01_mir/recover-20220725/UBNA_001/20220725_050000.WAV,Carp Pond,recover-20220725,001,1795
626.6175,626.6325,23750.0,28583.0,Nyctalus leisleri,0.26,0.443,-1,Echolocation,/mnt/ubna_data_01_mir/recover-20220725/UBNA_001/20220725_050000.WAV,Carp Pond,recover-20220725,001,1795
626.9105,626.9255,24609.0,28652.0,Nyctalus leisleri,0.49,0.6,-1,Echolocation,/mnt/ubna_data_01_mir/recover-20220725/UBNA_001/20220725_050000.WAV,Carp Pond,recover-20220725,001,1795
627.4575,627.4724,24609.0,29076.0,Nyctalus leisleri,0.425,0.615,-1,Echolocation,/mnt/ubna_data_01_mir/recover-20220725/UBNA_001/20220725_050000.WAV,Carp Pond,recover-20220725,001,1795
628.0245,628.0387,24609.0,30329.0,Nyctalus leisleri,0.453,0.628,-1,Echolocation,/mnt/ubna_data_01_mir/recover-20220725/UBNA_001/20220725_050000.WAV,Carp Pond,recover-20220725,001,1795
628.2855,628.3009,23750.0,30070.0,Nyctalus leisleri,0.243,0.535,-1,Echolocation,/mnt/ubna_data_01_mir/recover-20220725/UBNA_001/20220725_050000.WAV,Carp Pond,recover-20220725,001,1795
628.7205,628.7334,24609.0,30095.0,Nyctalus leisleri,0.366,0.62,-1,Echolocation,/mnt/ubna_data_01_mir/recover-20220725/UBNA_001/20220725_050000.WAV,Carp Pond,recover-20220725,001,1795
628.8805,628.8915,24609.0,32195.0,Nyctalus leisleri,0.27,0.558,-1,Echolocation,/mnt/ubna_data_01_mir/recover-20220725/UBNA_001/20220725_050000.WAV,Carp Pond,recover-20220725,001,1795
629.4135,629.4266,24609.0,31663.0,Nyctalus leisleri,0.283,0.605,-1,Echolocation,/mnt/ubna_data_01_mir/recover-20220725/UBNA_001/20220725_050000.WAV,Carp Pond,recover-20220725,001,1795
629.9915,630.0039,25468.0,30113.0,Nyctalus leisleri,0.202,0.347,-1,Echolocation,/mnt/ubna_data_01_mir/recover-20220725/UBNA_001/20220725_050000.WAV,Carp Pond,recover-20220725,001,1795
630.5565,630.5722,23750.0,28273.0,Nyctalus leisleri,0.096,0.205,-1,Echolocation,/mnt/ubna_data_01_mir/recover-20220725/UBNA_001/20220725_050000.WAV,Carp Pond,recover-20220725,001,1795
656.8975,656.9110000000001,24609.0,29581.0,Nyctalus leisleri,0.315,0.526,-1,Echolocation,/mnt/ubna_data_01_mir/recover-20220725/UBNA_001/20220725_050000.WAV,Carp Pond,recover-20220725,001,1795
657.0735,657.0852,25468.0,31034.0,Nyctalus leisleri,0.405,0.663,-1,Echolocation,/mnt/ubna_data_01_mir/recover-20220725/UBNA_001/20220725_050000.WAV,Carp Pond,recover-20220725,001,1795
657.3475,657.3603,25468.0,30029.0,Nyctalus leisleri,0.407,0.642,-1,Echolocation,/mnt/ubna_data_01_mir/recover-20220725/UBNA_001/20220725_050000.WAV,Carp Pond,recover-20220725,001,1795
657.6255,657.638,25468.0,30162.0,Nyctalus leisleri,0.422,0.646,-1,Echolocation,/mnt/ubna_data_01_mir/recover-20220725/UBNA_001/20220725_050000.WAV,Carp Pond,recover-20220725,001,1795
657.9285,657.9404,25468.0,32166.0,Nyctalus leisleri,0.292,0.633,-1,Echolocation,/mnt/ubna_data_01_mir/recover-20220725/UBNA_001/20220725_050000.WAV,Carp Pond,recover-20220725,001,1795
658.2145,658.2273,25468.0,30179.0,Nyctalus leisleri,0.469,0.663,-1,Echolocation,/mnt/ubna_data_01_mir/recover-20220725/UBNA_001/20220725_050000.WAV,Carp Pond,recover-20220725,001,1795
658.4875,658.4999,26328.0,31756.0,Nyctalus leisleri,0.48,0.662,-1,Echolocation,/mnt/ubna_data_01_mir/recover-20220725/UBNA_001/20220725_050000.WAV,Carp Pond,recover-20220725,001,1795
658.6675,658.6805,26328.0,31770.0,Nyctalus leisleri,0.325,0.631,-1,Echolocation,/mnt/ubna_data_01_mir/recover-20220725/UBNA_001/20220725_050000.WAV,Carp Pond,recover-20220725,001,1795
658.8285,658.8397,26328.0,33015.0,Nyctalus leisleri,0.315,0.609,-1,Echolocation,/mnt/ubna_data_01_mir/recover-20220725/UBNA_001/20220725_050000.WAV,Carp Pond,recover-20220725,001,1795
658.9905,659.002,26328.0,32418.0,Nyctalus leisleri,0.382,0.68,-1,Echolocation,/mnt/ubna_data_01_mir/recover-20220725/UBNA_001/20220725_050000.WAV,Carp Pond,recover-20220725,001,1795
659.2485,659.262,25468.0,32945.0,Eptesicus serotinus,0.3,0.633,-1,Echolocation,/mnt/ubna_data_01_mir/recover-20220725/UBNA_001/20220725_050000.WAV,Carp Pond,recover-20220725,001,1795
659.5525,659.5661,25468.0,33385.0,Nyctalus leisleri,0.29,0.667,-1,Echolocation,/mnt/ubna_data_01_mir/recover-20220725/UBNA_001/20220725_050000.WAV,Carp Pond,recover-20220725,001,1795
659.8285,659.842,26328.0,32911.0,Eptesicus serotinus,0.254,0.601,-1,Echolocation,/mnt/ubna_data_01_mir/recover-20220725/UBNA_001/20220725_050000.WAV,Carp Pond,recover-20220725,001,1795
660.1365,660.1501,25468.0,32149.0,Nyctalus leisleri,0.301,0.599,-1,Echolocation,/mnt/ubna_data_01_mir/recover-20220725/UBNA_001/20220725_050000.WAV,Carp Pond,recover-20220725,001,1795
660.3205,660.3336,26328.0,32810.0,Nyctalus leisleri,0.366,0.665,-1,Echolocation,/mnt/ubna_data_01_mir/recover-20220725/UBNA_001/20220725_050000.WAV,Carp Pond,recover-20220725,001,1795
660.6045,660.6187,26328.0,35334.0,Eptesicus serotinus,0.343,0.631,-1,Echolocation,/mnt/ubna_data_01_mir/recover-20220725/UBNA_001/20220725_050000.WAV,Carp Pond,recover-20220725,001,1795
660.8695,660.8822,26328.0,34793.0,Eptesicus serotinus,0.317,0.573,-1,Echolocation,/mnt/ubna_data_01_mir/recover-20220725/UBNA_001/20220725_050000.WAV,Carp Pond,recover-20220725,001,1795
661.1345,661.1483,25468.0,36124.0,Eptesicus serotinus,0.41,0.576,-1,Echolocation,/mnt/ubna_data_01_mir/recover-20220725/UBNA_001/20220725_050000.WAV,Carp Pond,recover-20220725,001,1795
661.1405,661.1503,52109.0,56649.0,Pipistrellus pipistrellus,0.127,0.249,-1,Echolocation,/mnt/ubna_data_01_mir/recover-20220725/UBNA_001/20220725_050000.WAV,Carp Pond,recover-20220725,001,1795
661.4145,661.4284,25468.0,36309.0,Eptesicus serotinus,0.409,0.571,-1,Echolocation,/mnt/ubna_data_01_mir/recover-20220725/UBNA_001/20220725_050000.WAV,Carp Pond,recover-20220725,001,1795
661.6815,661.695,26328.0,37872.0,Eptesicus serotinus,0.443,0.618,-1,Echolocation,/mnt/ubna_data_01_mir/recover-20220725/UBNA_001/20220725_050000.WAV,Carp Pond,recover-20220725,001,1795
661.9585,661.9751,24609.0,36761.0,Eptesicus serotinus,0.341,0.576,-1,Echolocation,/mnt/ubna_data_01_mir/recover-20220725/UBNA_001/20220725_050000.WAV,Carp Pond,recover-20220725,001,1795
662.2485,662.2633,26328.0,38685.0,Eptesicus serotinus,0.468,0.613,-1,Echolocation,/mnt/ubna_data_01_mir/recover-20220725/UBNA_001/20220725_050000.WAV,Carp Pond,recover-20220725,001,1795
662.5305,662.5453,24609.0,40774.0,Eptesicus serotinus,0.549,0.698,-1,Echolocation,/mnt/ubna_data_01_mir/recover-20220725/UBNA_001/20220725_050000.WAV,Carp Pond,recover-20220725,001,1795
662.6995,662.7156,25468.0,39506.0,Eptesicus serotinus,0.494,0.68,-1,Echolocation,/mnt/ubna_data_01_mir/recover-20220725/UBNA_001/20220725_050000.WAV,Carp Pond,recover-20220725,001,1795
662.8005,662.8097,26328.0,47049.0,Eptesicus serotinus,0.406,0.701,-1,Echolocation,/mnt/ubna_data_01_mir/recover-20220725/UBNA_001/20220725_050000.WAV,Carp Pond,recover-20220725,001,1795
662.9535,662.9666,26328.0,41576.0,Eptesicus serotinus,0.483,0.711,-1,Echolocation,/mnt/ubna_data_01_mir/recover-20220725/UBNA_001/20220725_050000.WAV,Carp Pond,recover-20220725,001,1795
663.1065,663.1214,25468.0,42100.0,Eptesicus serotinus,0.364,0.631,-1,Echolocation,/mnt/ubna_data_01_mir/recover-20220725/UBNA_001/20220725_050000.WAV,Carp Pond,recover-20220725,001,1795
663.2445,663.2596,25468.0,41975.0,Eptesicus serotinus,0.489,0.668,-1,Echolocation,/mnt/ubna_data_01_mir/recover-20220725/UBNA_001/20220725_050000.WAV,Carp Pond,recover-20220725,001,1795
663.3895,663.4051,25468.0,41047.0,Eptesicus serotinus,0.515,0.634,-1,Echolocation,/mnt/ubna_data_01_mir/recover-20220725/UBNA_001/20220725_050000.WAV,Carp Pond,recover-20220725,001,1795
663.5725,663.5867,25468.0,38406.0,Eptesicus serotinus,0.504,0.619,-1,Echolocation,/mnt/ubna_data_01_mir/recover-20220725/UBNA_001/20220725_050000.WAV,Carp Pond,recover-20220725,001,1795
663.7385,663.7529,25468.0,40244.0,Eptesicus serotinus,0.515,0.63,-1,Echolocation,/mnt/ubna_data_01_mir/recover-20220725/UBNA_001/20220725_050000.WAV,Carp Pond,recover-20220725,001,1795
663.8575,663.8706,26328.0,41223.0,Eptesicus serotinus,0.433,0.608,-1,Echolocation,/mnt/ubna_data_01_mir/recover-20220725/UBNA_001/20220725_050000.WAV,Carp Pond,recover-20220725,001,1795
663.9655,663.98,25468.0,39577.0,Eptesicus serotinus,0.546,0.664,-1,Echolocation,/mnt/ubna_data_01_mir/recover-20220725/UBNA_001/20220725_050000.WAV,Carp Pond,recover-20220725,001,1795
664.0805,664.0934,26328.0,40736.0,Eptesicus serotinus,0.405,0.635,-1,Echolocation,/mnt/ubna_data_01_mir/recover-20220725/UBNA_001/20220725_050000.WAV,Carp Pond,recover-20220725,001,1795
664.1875,664.1987,26328.0,41087.0,Eptesicus serotinus,0.444,0.648,-1,Echolocation,/mnt/ubna_data_01_mir/recover-20220725/UBNA_001/20220725_050000.WAV,Carp Pond,recover-20220725,001,1795
664.3135,664.3257,26328.0,34124.0,Eptesicus serotinus,0.277,0.588,-1,Echolocation,/mnt/ubna_data_01_mir/recover-20220725/UBNA_001/20220725_050000.WAV,Carp Pond,recover-20220725,001,1795
664.4225,664.4352,25468.0,34116.0,Eptesicus serotinus,0.316,0.535,-1,Echolocation,/mnt/ubna_data_01_mir/recover-20220725/UBNA_001/20220725_050000.WAV,Carp Pond,recover-20220725,001,1795
664.5425,664.5534,26328.0,35153.0,Nyctalus leisleri,0.321,0.606,-1,Echolocation,/mnt/ubna_data_01_mir/recover-20220725/UBNA_001/20220725_050000.WAV,Carp Pond,recover-20220725,001,1795
664.6495,664.661,26328.0,33544.0,Eptesicus serotinus,0.294,0.582,-1,Echolocation,/mnt/ubna_data_01_mir/recover-20220725/UBNA_001/20220725_050000.WAV,Carp Pond,recover-20220725,001,1795
664.7615,664.7708,26328.0,34666.0,Eptesicus serotinus,0.324,0.627,-1,Echolocation,/mnt/ubna_data_01_mir/recover-20220725/UBNA_001/20220725_050000.WAV,Carp Pond,recover-20220725,001,1795
664.8775,664.8892,26328.0,37336.0,Nyctalus leisleri,0.36,0.659,-1,Echolocation,/mnt/ubna_data_01_mir/recover-20220725/UBNA_001/20220725_050000.WAV,Carp Pond,recover-20220725,001,1795
664.9905,665.0006,27187.0,34391.0,Nyctalus leisleri,0.268,0.551,-1,Echolocation,/mnt/ubna_data_01_mir/recover-20220725/UBNA_001/20220725_050000.WAV,Carp Pond,recover-20220725,001,1795
665.1115,665.12,27187.0,36250.0,Eptesicus serotinus,0.315,0.659,-1,Echolocation,/mnt/ubna_data_01_mir/recover-20220725/UBNA_001/20220725_050000.WAV,Carp Pond,recover-20220725,001,1795
665.2275,665.2401,25468.0,39183.0,Eptesicus serotinus,0.401,0.673,-1,Echolocation,/mnt/ubna_data_01_mir/recover-20220725/UBNA_001/20220725_050000.WAV,Carp Pond,recover-20220725,001,1795
665.3355,665.3432,28046.0,35641.0,Nyctalus leisleri,0.32,0.647,-1,Echolocation,/mnt/ubna_data_01_mir/recover-20220725/UBNA_001/20220725_050000.WAV,Carp Pond,recover-20220725,001,1795
665.4395,665.4481,28046.0,34938.0,Eptesicus serotinus,0.263,0.524,-1,Echolocation,/mnt/ubna_data_01_mir/recover-20220725/UBNA_001/20220725_050000.WAV,Carp Pond,recover-20220725,001,1795
666.1825,666.197,22031.0,27179.0,Nyctalus leisleri,0.079,0.204,-1,Echolocation,/mnt/ubna_data_01_mir/recover-20220725/UBNA_001/20220725_050000.WAV,Carp Pond,recover-20220725,001,1795
666.4635,666.475,25468.0,36021.0,Eptesicus serotinus,0.457,0.697,-1,Echolocation,/mnt/ubna_data_01_mir/recover-20220725/UBNA_001/20220725_050000.WAV,Carp Pond,recover-20220725,001,1795
666.6995,666.713,25468.0,33278.0,Eptesicus serotinus,0.29,0.61,-1,Echolocation,/mnt/ubna_data_01_mir/recover-20220725/UBNA_001/20220725_050000.WAV,Carp Pond,recover-20220725,001,1795
666.9505,666.966,24609.0,35598.0,Eptesicus serotinus,0.445,0.64,-1,Echolocation,/mnt/ubna_data_01_mir/recover-20220725/UBNA_001/20220725_050000.WAV,Carp Pond,recover-20220725,001,1795
667.1935,667.2105,24609.0,33805.0,Nyctalus leisleri,0.306,0.599,-1,Echolocation,/mnt/ubna_data_01_mir/recover-20220725/UBNA_001/20220725_050000.WAV,Carp Pond,recover-20220725,001,1795
667.4545,667.4716,24609.0,32280.0,Nyctalus leisleri,0.371,0.62,-1,Echolocation,/mnt/ubna_data_01_mir/recover-20220725/UBNA_001/20220725_050000.WAV,Carp Pond,recover-20220725,001,1795
667.6125,667.6285,24609.0,36597.0,Eptesicus serotinus,0.472,0.608,-1,Echolocation,/mnt/ubna_data_01_mir/recover-20220725/UBNA_001/20220725_050000.WAV,Carp Pond,recover-20220725,001,1795
667.8885,667.9048,24609.0,35204.0,Eptesicus serotinus,0.305,0.563,-1,Echolocation,/mnt/ubna_data_01_mir/recover-20220725/UBNA_001/20220725_050000.WAV,Carp Pond,recover-20220725,001,1795
668.0615,668.0764,25468.0,34605.0,Eptesicus serotinus,0.298,0.576,-1,Echolocation,/mnt/ubna_data_01_mir/recover-20220725/UBNA_001/20220725_050000.WAV,Carp Pond,recover-20220725,001,1795
668.3315,668.3478,24609.0,38730.0,Eptesicus serotinus,0.322,0.552,-1,Echolocation,/mnt/ubna_data_01_mir/recover-20220725/UBNA_001/20220725_050000.WAV,Carp Pond,recover-20220725,001,1795
668.6105,668.6245,24609.0,33366.0,Nyctalus leisleri,0.309,0.63,-1,Echolocation,/mnt/ubna_data_01_mir/recover-20220725/UBNA_001/20220725_050000.WAV,Carp Pond,recover-20220725,001,1795
668.7615,668.7756,25468.0,34003.0,Eptesicus serotinus,0.278,0.556,-1,Echolocation,/mnt/ubna_data_01_mir/recover-20220725/UBNA_001/20220725_050000.WAV,Carp Pond,recover-20220725,001,1795
668.9145,668.9288,25468.0,38074.0,Nyctalus leisleri,0.324,0.571,-1,Echolocation,/mnt/ubna_data_01_mir/recover-20220725/UBNA_001/20220725_050000.WAV,Carp Pond,recover-20220725,001,1795
669.0655,669.0791,24609.0,34250.0,Nyctalus leisleri,0.323,0.666,-1,Echolocation,/mnt/ubna_data_01_mir/recover-20220725/UBNA_001/20220725_050000.WAV,Carp Pond,recover-20220725,001,1795
669.2285,669.2432,24609.0,34228.0,Eptesicus serotinus,0.412,0.614,-1,Echolocation,/mnt/ubna_data_01_mir/recover-20220725/UBNA_001/20220725_050000.WAV,Carp Pond,recover-20220725,001,1795
669.4815,669.4966,23750.0,37677.0,Eptesicus serotinus,0.417,0.644,-1,Echolocation,/mnt/ubna_data_01_mir/recover-20220725/UBNA_001/20220725_050000.WAV,Carp Pond,recover-20220725,001,1795
669.6305,669.6449,24609.0,39899.0,Eptesicus serotinus,0.398,0.659,-1,Echolocation,/mnt/ubna_data_01_mir/recover-20220725/UBNA_001/20220725_050000.WAV,Carp Pond,recover-20220725,001,1795
669.7885,669.8008,26328.0,31937.0,Nyctalus leisleri,0.272,0.482,-1,Echolocation,/mnt/ubna_data_01_mir/recover-20220725/UBNA_001/20220725_050000.WAV,Carp Pond,recover-20220725,001,1795
669.9295,669.9425,25468.0,38866.0,Eptesicus serotinus,0.387,0.662,-1,Echolocation,/mnt/ubna_data_01_mir/recover-20220725/UBNA_001/20220725_050000.WAV,Carp Pond,recover-20220725,001,1795
670.1845,670.1982,25468.0,32036.0,Nyctalus leisleri,0.289,0.594,-1,Echolocation,/mnt/ubna_data_01_mir/recover-20220725/UBNA_001/20220725_050000.WAV,Carp Pond,recover-20220725,001,1795
670.4435,670.4573,24609.0,30919.0,Nyctalus leisleri,0.429,0.63,-1,Echolocation,/mnt/ubna_data_01_mir/recover-20220725/UBNA_001/20220725_050000.WAV,Carp Pond,recover-20220725,001,1795
670.7365,670.7491,24609.0,28553.0,Nyctalus leisleri,0.259,0.43,-1,Echolocation,/mnt/ubna_data_01_mir/recover-20220725/UBNA_001/20220725_050000.WAV,Carp Pond,recover-20220725,001,1795
670.8865,670.8998,24609.0,31208.0,Nyctalus leisleri,0.285,0.561,-1,Echolocation,/mnt/ubna_data_01_mir/recover-20220725/UBNA_001/20220725_050000.WAV,Carp Pond,recover-20220725,001,1795
671.0295,671.0392,26328.0,34020.0,Nyctalus leisleri,0.291,0.63,-1,Echolocation,/mnt/ubna_data_01_mir/recover-20220725/UBNA_001/20220725_050000.WAV,Carp Pond,recover-20220725,001,1795
671.1735,671.1861,25468.0,30718.0,Eptesicus serotinus,0.105,0.217,-1,Echolocation,/mnt/ubna_data_01_mir/recover-20220725/UBNA_001/20220725_050000.WAV,Carp Pond,recover-20220725,001,1795
671.5995,671.6138,24609.0,30441.0,Nyctalus leisleri,0.251,0.421,-1,Echolocation,/mnt/ubna_data_01_mir/recover-20220725/UBNA_001/20220725_050000.WAV,Carp Pond,recover-20220725,001,1795
672.1155,672.1296,24609.0,31244.0,Nyctalus leisleri,0.337,0.629,-1,Echolocation,/mnt/ubna_data_01_mir/recover-20220725/UBNA_001/20220725_050000.WAV,Carp Pond,recover-20220725,001,1795
672.5565,672.5698,25468.0,30709.0,Nyctalus leisleri,0.493,0.628,-1,Echolocation,/mnt/ubna_data_01_mir/recover-20220725/UBNA_001/20220725_050000.WAV,Carp Pond,recover-20220725,001,1795
673.1845,673.197,24609.0,30059.0,Nyctalus leisleri,0.429,0.668,-1,Echolocation,/mnt/ubna_data_01_mir/recover-20220725/UBNA_001/20220725_050000.WAV,Carp Pond,recover-20220725,001,1795
673.6245,673.6388,24609.0,29758.0,Nyctalus leisleri,0.215,0.47,-1,Echolocation,/mnt/ubna_data_01_mir/recover-20220725/UBNA_001/20220725_050000.WAV,Carp Pond,recover-20220725,001,1795
714.8025,714.8174,26328.0,29542.0,Nyctalus leisleri,0.157,0.267,-1,Echolocation,/mnt/ubna_data_01_mir/recover-20220725/UBNA_001/20220725_050000.WAV,Carp Pond,recover-20220725,001,1795
714.9355,714.9459,26328.0,32360.0,Nyctalus leisleri,0.204,0.406,-1,Echolocation,/mnt/ubna_data_01_mir/recover-20220725/UBNA_001/20220725_050000.WAV,Carp Pond,recover-20220725,001,1795
715.1785,715.1905,25468.0,30992.0,Nyctalus leisleri,0.178,0.366,-1,Echolocation,/mnt/ubna_data_01_mir/recover-20220725/UBNA_001/20220725_050000.WAV,Carp Pond,recover-20220725,001,1795
715.5525,715.5649,24609.0,29796.0,Nyctalus leisleri,0.282,0.509,-1,Echolocation,/mnt/ubna_data_01_mir/recover-20220725/UBNA_001/20220725_050000.WAV,Carp Pond,recover-20220725,001,1795
715.6695,715.6803,24609.0,31396.0,Eptesicus serotinus,0.276,0.54,-1,Echolocation,/mnt/ubna_data_01_mir/recover-20220725/UBNA_001/20220725_050000.WAV,Carp Pond,recover-20220725,001,1795
715.8105,715.8217,24609.0,31821.0,Nyctalus leisleri,0.331,0.626,-1,Echolocation,/mnt/ubna_data_01_mir/recover-20220725/UBNA_001/20220725_050000.WAV,Carp Pond,recover-20220725,001,1795
716.0585,716.0686,25468.0,32677.0,Nyctalus leisleri,0.265,0.586,-1,Echolocation,/mnt/ubna_data_01_mir/recover-20220725/UBNA_001/20220725_050000.WAV,Carp Pond,recover-20220725,001,1795
716.1885,716.2017,24609.0,31205.0,Nyctalus leisleri,0.21,0.489,-1,Echolocation,/mnt/ubna_data_01_mir/recover-20220725/UBNA_001/20220725_050000.WAV,Carp Pond,recover-20220725,001,1795
716.3305,716.3414,24609.0,30307.0,Nyctalus leisleri,0.351,0.581,-1,Echolocation,/mnt/ubna_data_01_mir/recover-20220725/UBNA_001/20220725_050000.WAV,Carp Pond,recover-20220725,001,1795
716.5745,716.5857,25468.0,30604.0,Nyctalus leisleri,0.218,0.461,-1,Echolocation,/mnt/ubna_data_01_mir/recover-20220725/UBNA_001/20220725_050000.WAV,Carp Pond,recover-20220725,001,1795
716.9555,716.9686,24609.0,30832.0,Nyctalus leisleri,0.273,0.529,-1,Echolocation,/mnt/ubna_data_01_mir/recover-20220725/UBNA_001/20220725_050000.WAV,Carp Pond,recover-20220725,001,1795
717.4445,717.455,23750.0,30771.0,Eptesicus serotinus,0.257,0.59,-1,Echolocation,/mnt/ubna_data_01_mir/recover-20220725/UBNA_001/20220725_050000.WAV,Carp Pond,recover-20220725,001,1795
905.7075,905.7145,43515.0,48020.0,Pipistrellus nathusii,0.24,0.353,-1,Echolocation,/mnt/ubna_data_01_mir/recover-20220725/UBNA_001/20220725_050000.WAV,Carp Pond,recover-20220725,001,1795
905.8105,905.8196,39218.0,44861.0,Pipistrellus nathusii,0.35,0.393,-1,Echolocation,/mnt/ubna_data_01_mir/recover-20220725/UBNA_001/20220725_050000.WAV,Carp Pond,recover-20220725,001,1795
906.2935,906.302,40937.0,46549.0,Pipistrellus nathusii,0.429,0.473,-1,Echolocation,/mnt/ubna_data_01_mir/recover-20220725/UBNA_001/20220725_050000.WAV,Carp Pond,recover-20220725,001,1795
944.7245,944.7349,27187.0,33577.0,Eptesicus serotinus,0.153,0.265,-1,Echolocation,/mnt/ubna_data_01_mir/recover-20220725/UBNA_001/20220725_050000.WAV,Carp Pond,recover-20220725,001,1795
997.2155,997.2255,23750.0,30236.0,Eptesicus serotinus,0.099,0.218,-1,Echolocation,/mnt/ubna_data_01_mir/recover-20220725/UBNA_001/20220725_050000.WAV,Carp Pond,recover-20220725,001,1795
1009.4805,1009.4928,22890.0,27321.0,Nyctalus leisleri,0.096,0.265,-1,Echolocation,/mnt/ubna_data_01_mir/recover-20220725/UBNA_001/20220725_050000.WAV,Carp Pond,recover-20220725,001,1795
1026.9665,1026.9806,25468.0,29210.0,Nyctalus leisleri,0.203,0.322,-1,Echolocation,/mnt/ubna_data_01_mir/recover-20220725/UBNA_001/20220725_050000.WAV,Carp Pond,recover-20220725,001,1795
1027.6255,1027.6482,25468.0,29497.0,Nyctalus leisleri,0.143,0.245,-1,Echolocation,/mnt/ubna_data_01_mir/recover-20220725/UBNA_001/20220725_050000.WAV,Carp Pond,recover-20220725,001,1795
1027.9855,1027.9984,26328.0,32967.0,Eptesicus serotinus,0.175,0.293,-1,Echolocation,/mnt/ubna_data_01_mir/recover-20220725/UBNA_001/20220725_050000.WAV,Carp Pond,recover-20220725,001,1795
1028.4875,1028.5047,24609.0,29181.0,Nyctalus leisleri,0.552,0.647,-1,Echolocation,/mnt/ubna_data_01_mir/recover-20220725/UBNA_001/20220725_050000.WAV,Carp Pond,recover-20220725,001,1795
1028.8525,1028.8709,25468.0,29429.0,Nyctalus leisleri,0.454,0.576,-1,Echolocation,/mnt/ubna_data_01_mir/recover-20220725/UBNA_001/20220725_050000.WAV,Carp Pond,recover-20220725,001,1795
1029.2425,1029.2592,25468.0,30334.0,Nyctalus leisleri,0.307,0.59,-1,Echolocation,/mnt/ubna_data_01_mir/recover-20220725/UBNA_001/20220725_050000.WAV,Carp Pond,recover-20220725,001,1795
1029.6915,1029.7094,25468.0,28759.0,Nyctalus leisleri,0.446,0.544,-1,Echolocation,/mnt/ubna_data_01_mir/recover-20220725/UBNA_001/20220725_050000.WAV,Carp Pond,recover-20220725,001,1795
1030.0525,1030.0697,25468.0,28268.0,Nyctalus leisleri,0.467,0.603,-1,Echolocation,/mnt/ubna_data_01_mir/recover-20220725/UBNA_001/20220725_050000.WAV,Carp Pond,recover-20220725,001,1795
1030.5605,1030.5772,25468.0,29432.0,Nyctalus leisleri,0.436,0.548,-1,Echolocation,/mnt/ubna_data_01_mir/recover-20220725/UBNA_001/20220725_050000.WAV,Carp Pond,recover-20220725,001,1795
1030.8285,1030.8434,25468.0,29236.0,Nyctalus leisleri,0.588,0.662,-1,Echolocation,/mnt/ubna_data_01_mir/recover-20220725/UBNA_001/20220725_050000.WAV,Carp Pond,recover-20220725,001,1795
1031.6025,1031.6182,25468.0,28442.0,Nyctalus leisleri,0.482,0.558,-1,Echolocation,/mnt/ubna_data_01_mir/recover-20220725/UBNA_001/20220725_050000.WAV,Carp Pond,recover-20220725,001,1795
1032.4885,1032.5067,24609.0,28437.0,Nyctalus leisleri,0.397,0.478,-1,Echolocation,/mnt/ubna_data_01_mir/recover-20220725/UBNA_001/20220725_050000.WAV,Carp Pond,recover-20220725,001,1795
1033.2685,1033.2816,24609.0,28696.0,Nyctalus leisleri,0.283,0.366,-1,Echolocation,/mnt/ubna_data_01_mir/recover-20220725/UBNA_001/20220725_050000.WAV,Carp Pond,recover-20220725,001,1795
1095.4725,1095.4888,22890.0,26519.0,Nyctalus leisleri,0.271,0.383,-1,Echolocation,/mnt/ubna_data_01_mir/recover-20220725/UBNA_001/20220725_050000.WAV,Carp Pond,recover-20220725,001,1795
1096.2135,1096.2312,22031.0,26048.0,Nyctalus leisleri,0.58,0.617,-1,Echolocation,/mnt/ubna_data_01_mir/recover-20220725/UBNA_001/20220725_050000.WAV,Carp Pond,recover-20220725,001,1795
1096.5075,1096.5243,23750.0,27489.0,Nyctalus leisleri,0.235,0.299,-1,Echolocation,/mnt/ubna_data_01_mir/recover-20220725/UBNA_001/20220725_050000.WAV,Carp Pond,recover-20220725,001,1795
1096.9475,1096.9677,22890.0,26656.0,Nyctalus leisleri,0.354,0.408,-1,Echolocation,/mnt/ubna_data_01_mir/recover-20220725/UBNA_001/20220725_050000.WAV,Carp Pond,recover-20220725,001,1795
1097.1205,1097.1399,23750.0,28205.0,Nyctalus leisleri,0.134,0.232,-1,Echolocation,/mnt/ubna_data_01_mir/recover-20220725/UBNA_001/20220725_050000.WAV,Carp Pond,recover-20220725,001,1795
1097.4015,1097.4188,22890.0,26970.0,Nyctalus leisleri,0.476,0.545,-1,Echolocation,/mnt/ubna_data_01_mir/recover-20220725/UBNA_001/20220725_050000.WAV,Carp Pond,recover-20220725,001,1795
1097.5745,1097.5926,22890.0,26532.0,Nyctalus leisleri,0.519,0.586,-1,Echolocation,/mnt/ubna_data_01_mir/recover-20220725/UBNA_001/20220725_050000.WAV,Carp Pond,recover-20220725,001,1795
1097.7575,1097.7768,22890.0,27086.0,Nyctalus leisleri,0.458,0.523,-1,Echolocation,/mnt/ubna_data_01_mir/recover-20220725/UBNA_001/20220725_050000.WAV,Carp Pond,recover-20220725,001,1795
1097.9665,1097.9842,22890.0,26739.0,Nyctalus leisleri,0.488,0.553,-1,Echolocation,/mnt/ubna_data_01_mir/recover-20220725/UBNA_001/20220725_050000.WAV,Carp Pond,recover-20220725,001,1795
1098.2475,1098.2661,22890.0,26473.0,Nyctalus leisleri,0.597,0.646,-1,Echolocation,/mnt/ubna_data_01_mir/recover-20220725/UBNA_001/20220725_050000.WAV,Carp Pond,recover-20220725,001,1795
1098.5405,1098.5592,22890.0,26232.0,Nyctalus leisleri,0.395,0.47,-1,Echolocation,/mnt/ubna_data_01_mir/recover-20220725/UBNA_001/20220725_050000.WAV,Carp Pond,recover-20220725,001,1795
1098.8185,1098.8342,22890.0,27995.0,Nyctalus leisleri,0.46,0.611,-1,Echolocation,/mnt/ubna_data_01_mir/recover-20220725/UBNA_001/20220725_050000.WAV,Carp Pond,recover-20220725,001,1795
1099.1115,1099.1283,22890.0,26671.0,Nyctalus leisleri,0.614,0.671,-1,Echolocation,/mnt/ubna_data_01_mir/recover-20220725/UBNA_001/20220725_050000.WAV,Carp Pond,recover-20220725,001,1795
1099.3905,1099.4102,22031.0,26809.0,Nyctalus leisleri,0.521,0.583,-1,Echolocation,/mnt/ubna_data_01_mir/recover-20220725/UBNA_001/20220725_050000.WAV,Carp Pond,recover-20220725,001,1795
1099.6985,1099.7155,22890.0,26545.0,Nyctalus leisleri,0.61,0.652,-1,Echolocation,/mnt/ubna_data_01_mir/recover-20220725/UBNA_001/20220725_050000.WAV,Carp Pond,recover-20220725,001,1795
1100.1265,1100.1445,22890.0,27067.0,Nyctalus leisleri,0.479,0.536,-1,Echolocation,/mnt/ubna_data_01_mir/recover-20220725/UBNA_001/20220725_050000.WAV,Carp Pond,recover-20220725,001,1795
1100.3065,1100.3228,22890.0,28820.0,Nyctalus leisleri,0.364,0.548,-1,Echolocation,/mnt/ubna_data_01_mir/recover-20220725/UBNA_001/20220725_050000.WAV,Carp Pond,recover-20220725,001,1795
1100.5805,1100.5987,22890.0,27728.0,Nyctalus leisleri,0.254,0.491,-1,Echolocation,/mnt/ubna_data_01_mir/recover-20220725/UBNA_001/20220725_050000.WAV,Carp Pond,recover-20220725,001,1795
1100.7075,1100.7198,24609.0,31913.0,Eptesicus serotinus,0.251,0.491,-1,Echolocation,/mnt/ubna_data_01_mir/recover-20220725/UBNA_001/20220725_050000.WAV,Carp Pond,recover-20220725,001,1795
1100.8195,1100.8338,23750.0,30725.0,Eptesicus serotinus,0.208,0.492,-1,Echolocation,/mnt/ubna_data_01_mir/recover-20220725/UBNA_001/20220725_050000.WAV,Carp Pond,recover-20220725,001,1795
1100.9375,1100.9493,24609.0,30966.0,Nyctalus leisleri,0.219,0.509,-1,Echolocation,/mnt/ubna_data_01_mir/recover-20220725/UBNA_001/20220725_050000.WAV,Carp Pond,recover-20220725,001,1795
1101.0405,1101.052,24609.0,33146.0,Eptesicus serotinus,0.319,0.511,-1,Echolocation,/mnt/ubna_data_01_mir/recover-20220725/UBNA_001/20220725_050000.WAV,Carp Pond,recover-20220725,001,1795
1101.1345,1101.1443,24609.0,30638.0,Eptesicus serotinus,0.145,0.345,-1,Echolocation,/mnt/ubna_data_01_mir/recover-20220725/UBNA_001/20220725_050000.WAV,Carp Pond,recover-20220725,001,1795
1101.9295,1101.9425,23750.0,34244.0,Eptesicus serotinus,0.377,0.591,-1,Echolocation,/mnt/ubna_data_01_mir/recover-20220725/UBNA_001/20220725_050000.WAV,Carp Pond,recover-20220725,001,1795
1102.2145,1102.2344,22031.0,29422.0,Nyctalus leisleri,0.173,0.458,-1,Echolocation,/mnt/ubna_data_01_mir/recover-20220725/UBNA_001/20220725_050000.WAV,Carp Pond,recover-20220725,001,1795
1102.4855,1102.5057,22890.0,28972.0,Nyctalus leisleri,0.147,0.406,-1,Echolocation,/mnt/ubna_data_01_mir/recover-20220725/UBNA_001/20220725_050000.WAV,Carp Pond,recover-20220725,001,1795
1102.9045,1102.9224,22890.0,29550.0,Nyctalus leisleri,0.238,0.427,-1,Echolocation,/mnt/ubna_data_01_mir/recover-20220725/UBNA_001/20220725_050000.WAV,Carp Pond,recover-20220725,001,1795
1103.0855,1103.1016,23750.0,30396.0,Nyctalus leisleri,0.338,0.525,-1,Echolocation,/mnt/ubna_data_01_mir/recover-20220725/UBNA_001/20220725_050000.WAV,Carp Pond,recover-20220725,001,1795
1103.1905,1103.2002,25468.0,36774.0,Eptesicus serotinus,0.441,0.571,-1,Echolocation,/mnt/ubna_data_01_mir/recover-20220725/UBNA_001/20220725_050000.WAV,Carp Pond,recover-20220725,001,1795
1103.2675,1103.2784,25468.0,35359.0,Eptesicus serotinus,0.367,0.613,-1,Echolocation,/mnt/ubna_data_01_mir/recover-20220725/UBNA_001/20220725_050000.WAV,Carp Pond,recover-20220725,001,1795
1103.3735,1103.3846,26328.0,33474.0,Eptesicus serotinus,0.25,0.416,-1,Echolocation,/mnt/ubna_data_01_mir/recover-20220725/UBNA_001/20220725_050000.WAV,Carp Pond,recover-20220725,001,1795
1103.6805,1103.6971,22890.0,32536.0,Nyctalus leisleri,0.287,0.611,-1,Echolocation,/mnt/ubna_data_01_mir/recover-20220725/UBNA_001/20220725_050000.WAV,Carp Pond,recover-20220725,001,1795
1103.8565,1103.8704,23750.0,31687.0,Nyctalus leisleri,0.47,0.671,-1,Echolocation,/mnt/ubna_data_01_mir/recover-20220725/UBNA_001/20220725_050000.WAV,Carp Pond,recover-20220725,001,1795
1104.2645,1104.2813,22890.0,34912.0,Eptesicus serotinus,0.249,0.614,-1,Echolocation,/mnt/ubna_data_01_mir/recover-20220725/UBNA_001/20220725_050000.WAV,Carp Pond,recover-20220725,001,1795
1104.4285,1104.4436,23750.0,30746.0,Nyctalus leisleri,0.322,0.58,-1,Echolocation,/mnt/ubna_data_01_mir/recover-20220725/UBNA_001/20220725_050000.WAV,Carp Pond,recover-20220725,001,1795
1104.6975,1104.7119,23750.0,39168.0,Nyctalus noctula,0.264,0.584,-1,Echolocation,/mnt/ubna_data_01_mir/recover-20220725/UBNA_001/20220725_050000.WAV,Carp Pond,recover-20220725,001,1795
1104.8565,1104.8713,23750.0,34449.0,Eptesicus serotinus,0.323,0.624,-1,Echolocation,/mnt/ubna_data_01_mir/recover-20220725/UBNA_001/20220725_050000.WAV,Carp Pond,recover-20220725,001,1795
1105.0175,1105.0313,24609.0,41147.0,Nyctalus leisleri,0.29,0.659,-1,Echolocation,/mnt/ubna_data_01_mir/recover-20220725/UBNA_001/20220725_050000.WAV,Carp Pond,recover-20220725,001,1795
1105.1795,1105.1929,23750.0,37166.0,Eptesicus serotinus,0.327,0.653,-1,Echolocation,/mnt/ubna_data_01_mir/recover-20220725/UBNA_001/20220725_050000.WAV,Carp Pond,recover-20220725,001,1795
1105.3445,1105.3586,24609.0,42549.0,Nyctalus leisleri,0.341,0.689,-1,Echolocation,/mnt/ubna_data_01_mir/recover-20220725/UBNA_001/20220725_050000.WAV,Carp Pond,recover-20220725,001,1795
1105.5195,1105.5342,23750.0,40345.0,Eptesicus serotinus,0.308,0.696,-1,Echolocation,/mnt/ubna_data_01_mir/recover-20220725/UBNA_001/20220725_050000.WAV,Carp Pond,recover-20220725,001,1795
1105.6815,1105.6968,23750.0,39847.0,Eptesicus serotinus,0.267,0.682,-1,Echolocation,/mnt/ubna_data_01_mir/recover-20220725/UBNA_001/20220725_050000.WAV,Carp Pond,recover-20220725,001,1795
1105.7925,1105.802,25468.0,48655.0,Eptesicus serotinus,0.37,0.688,-1,Echolocation,/mnt/ubna_data_01_mir/recover-20220725/UBNA_001/20220725_050000.WAV,Carp Pond,recover-20220725,001,1795
1105.9375,1105.9518,23750.0,36678.0,Eptesicus serotinus,0.35,0.647,-1,Echolocation,/mnt/ubna_data_01_mir/recover-20220725/UBNA_001/20220725_050000.WAV,Carp Pond,recover-20220725,001,1795
1106.1145,1106.1299,22890.0,36462.0,Nyctalus noctula,0.31,0.639,-1,Echolocation,/mnt/ubna_data_01_mir/recover-20220725/UBNA_001/20220725_050000.WAV,Carp Pond,recover-20220725,001,1795
1106.2625,1106.281,22890.0,35374.0,Nyctalus noctula,0.37,0.64,-1,Echolocation,/mnt/ubna_data_01_mir/recover-20220725/UBNA_001/20220725_050000.WAV,Carp Pond,recover-20220725,001,1795
1106.4175,1106.4394,22890.0,35894.0,Nyctalus noctula,0.315,0.488,-1,Echolocation,/mnt/ubna_data_01_mir/recover-20220725/UBNA_001/20220725_050000.WAV,Carp Pond,recover-20220725,001,1795
1106.5865,1106.607,22890.0,35830.0,Nyctalus noctula,0.437,0.654,-1,Echolocation,/mnt/ubna_data_01_mir/recover-20220725/UBNA_001/20220725_050000.WAV,Carp Pond,recover-20220725,001,1795
1106.7665,1106.787,22031.0,31515.0,Nyctalus noctula,0.329,0.597,-1,Echolocation,/mnt/ubna_data_01_mir/recover-20220725/UBNA_001/20220725_050000.WAV,Carp Pond,recover-20220725,001,1795
1106.9925,1107.0082,22031.0,27327.0,Nyctalus noctula,0.166,0.25,-1,Echolocation,/mnt/ubna_data_01_mir/recover-20220725/UBNA_001/20220725_050000.WAV,Carp Pond,recover-20220725,001,1795
1107.0255,1107.0437,22031.0,27589.0,Nyctalus leisleri,0.268,0.496,-1,Echolocation,/mnt/ubna_data_01_mir/recover-20220725/UBNA_001/20220725_050000.WAV,Carp Pond,recover-20220725,001,1795
1107.3095,1107.3267,22890.0,28412.0,Nyctalus noctula,0.399,0.62,-1,Echolocation,/mnt/ubna_data_01_mir/recover-20220725/UBNA_001/20220725_050000.WAV,Carp Pond,recover-20220725,001,1795
1107.6245,1107.6438,22031.0,26905.0,Nyctalus leisleri,0.346,0.549,-1,Echolocation,/mnt/ubna_data_01_mir/recover-20220725/UBNA_001/20220725_050000.WAV,Carp Pond,recover-20220725,001,1795
1108.0715,1108.0881,22890.0,26902.0,Nyctalus leisleri,0.491,0.575,-1,Echolocation,/mnt/ubna_data_01_mir/recover-20220725/UBNA_001/20220725_050000.WAV,Carp Pond,recover-20220725,001,1795
1108.3725,1108.3901,22031.0,26332.0,Nyctalus leisleri,0.528,0.643,-1,Echolocation,/mnt/ubna_data_01_mir/recover-20220725/UBNA_001/20220725_050000.WAV,Carp Pond,recover-20220725,001,1795
1108.6675,1108.6847,22031.0,27531.0,Nyctalus leisleri,0.413,0.576,-1,Echolocation,/mnt/ubna_data_01_mir/recover-20220725/UBNA_001/20220725_050000.WAV,Carp Pond,recover-20220725,001,1795
1108.9675,1108.9845,22031.0,26145.0,Nyctalus leisleri,0.485,0.6,-1,Echolocation,/mnt/ubna_data_01_mir/recover-20220725/UBNA_001/20220725_050000.WAV,Carp Pond,recover-20220725,001,1795
1109.2935,1109.312,22031.0,27385.0,Nyctalus noctula,0.291,0.563,-1,Echolocation,/mnt/ubna_data_01_mir/recover-20220725/UBNA_001/20220725_050000.WAV,Carp Pond,recover-20220725,001,1795
1109.7115,1109.727,22031.0,26056.0,Nyctalus leisleri,0.386,0.58,-1,Echolocation,/mnt/ubna_data_01_mir/recover-20220725/UBNA_001/20220725_050000.WAV,Carp Pond,recover-20220725,001,1795
1110.0065,1110.0241,22031.0,26448.0,Nyctalus leisleri,0.421,0.537,-1,Echolocation,/mnt/ubna_data_01_mir/recover-20220725/UBNA_001/20220725_050000.WAV,Carp Pond,recover-20220725,001,1795
1110.2915,1110.3075,22031.0,26322.0,Nyctalus leisleri,0.357,0.555,-1,Echolocation,/mnt/ubna_data_01_mir/recover-20220725/UBNA_001/20220725_050000.WAV,Carp Pond,recover-20220725,001,1795
1110.5845,1110.5998,22031.0,27383.0,Nyctalus leisleri,0.287,0.582,-1,Echolocation,/mnt/ubna_data_01_mir/recover-20220725/UBNA_001/20220725_050000.WAV,Carp Pond,recover-20220725,001,1795
1110.8725,1110.8897,22031.0,26490.0,Nyctalus leisleri,0.444,0.539,-1,Echolocation,/mnt/ubna_data_01_mir/recover-20220725/UBNA_001/20220725_050000.WAV,Carp Pond,recover-20220725,001,1795
1111.1535,1111.1687,22890.0,26828.0,Nyctalus leisleri,0.44,0.585,-1,Echolocation,/mnt/ubna_data_01_mir/recover-20220725/UBNA_001/20220725_050000.WAV,Carp Pond,recover-20220725,001,1795
1111.3495,1111.3639,22890.0,28042.0,Nyctalus leisleri,0.439,0.588,-1,Echolocation,/mnt/ubna_data_01_mir/recover-20220725/UBNA_001/20220725_050000.WAV,Carp Pond,recover-20220725,001,1795
1111.8645,1111.8804,23750.0,28022.0,Nyctalus leisleri,0.381,0.512,-1,Echolocation,/mnt/ubna_data_01_mir/recover-20220725/UBNA_001/20220725_050000.WAV,Carp Pond,recover-20220725,001,1795
1198.9455,1198.9601,23750.0,27373.0,Nyctalus leisleri,0.167,0.232,-1,Echolocation,/mnt/ubna_data_01_mir/recover-20220725/UBNA_001/20220725_050000.WAV,Carp Pond,recover-20220725,001,1795
1254.2015,1254.2112,29765.0,37419.0,Eptesicus serotinus,0.138,0.221,-1,Echolocation,/mnt/ubna_data_01_mir/recover-20220725/UBNA_001/20220725_050000.WAV,Carp Pond,recover-20220725,001,1795
1307.4595,1307.47,39218.0,43734.0,Pipistrellus nathusii,0.306,0.328,-1,Echolocation,/mnt/ubna_data_01_mir/recover-20220725/UBNA_001/20220725_050000.WAV,Carp Pond,recover-20220725,001,1795
1307.6605,1307.6734,37500.0,42886.0,Pipistrellus nathusii,0.245,0.291,-1,Echolocation,/mnt/ubna_data_01_mir/recover-20220725/UBNA_001/20220725_050000.WAV,Carp Pond,recover-20220725,001,1795
1307.7605,1307.767,36640.0,48007.0,Pipistrellus nathusii,0.075,0.288,-1,Echolocation,/mnt/ubna_data_01_mir/recover-20220725/UBNA_001/20220725_050000.WAV,Carp Pond,recover-20220725,001,1795
1307.9685,1307.9784,37500.0,44109.0,Pipistrellus nathusii,0.212,0.28,-1,Echolocation,/mnt/ubna_data_01_mir/recover-20220725/UBNA_001/20220725_050000.WAV,Carp Pond,recover-20220725,001,1795
1308.2525,1308.2619,40078.0,47636.0,Pipistrellus nathusii,0.498,0.557,-1,Echolocation,/mnt/ubna_data_01_mir/recover-20220725/UBNA_001/20220725_050000.WAV,Carp Pond,recover-20220725,001,1795
1308.4685,1308.4781,38359.0,46343.0,Pipistrellus nathusii,0.573,0.627,-1,Echolocation,/mnt/ubna_data_01_mir/recover-20220725/UBNA_001/20220725_050000.WAV,Carp Pond,recover-20220725,001,1795
1308.7075,1308.7184,40078.0,45038.0,Pipistrellus nathusii,0.186,0.216,-1,Echolocation,/mnt/ubna_data_01_mir/recover-20220725/UBNA_001/20220725_050000.WAV,Carp Pond,recover-20220725,001,1795
1308.9085,1308.9187,39218.0,46091.0,Pipistrellus nathusii,0.524,0.551,-1,Echolocation,/mnt/ubna_data_01_mir/recover-20220725/UBNA_001/20220725_050000.WAV,Carp Pond,recover-20220725,001,1795
1309.1225,1309.1355,37500.0,44658.0,Pipistrellus nathusii,0.409,0.434,-1,Echolocation,/mnt/ubna_data_01_mir/recover-20220725/UBNA_001/20220725_050000.WAV,Carp Pond,recover-20220725,001,1795
1309.3305,1309.3386,39218.0,46999.0,Pipistrellus nathusii,0.635,0.659,-1,Echolocation,/mnt/ubna_data_01_mir/recover-20220725/UBNA_001/20220725_050000.WAV,Carp Pond,recover-20220725,001,1795
1309.5365,1309.5472,38359.0,45283.0,Pipistrellus nathusii,0.497,0.568,-1,Echolocation,/mnt/ubna_data_01_mir/recover-20220725/UBNA_001/20220725_050000.WAV,Carp Pond,recover-20220725,001,1795
1309.7355,1309.7454,38359.0,49104.0,Pipistrellus nathusii,0.519,0.594,-1,Echolocation,/mnt/ubna_data_01_mir/recover-20220725/UBNA_001/20220725_050000.WAV,Carp Pond,recover-20220725,001,1795
1309.8405,1309.8487,38359.0,45294.0,Pipistrellus nathusii,0.598,0.626,-1,Echolocation,/mnt/ubna_data_01_mir/recover-20220725/UBNA_001/20220725_050000.WAV,Carp Pond,recover-20220725,001,1795
1309.9415,1309.952,37500.0,43965.0,Pipistrellus nathusii,0.441,0.461,-1,Echolocation,/mnt/ubna_data_01_mir/recover-20220725/UBNA_001/20220725_050000.WAV,Carp Pond,recover-20220725,001,1795
1310.0395,1310.0485,38359.0,50670.0,Pipistrellus nathusii,0.675,0.73,-1,Echolocation,/mnt/ubna_data_01_mir/recover-20220725/UBNA_001/20220725_050000.WAV,Carp Pond,recover-20220725,001,1795
1310.1475,1310.1567,38359.0,44262.0,Pipistrellus nathusii,0.498,0.523,-1,Echolocation,/mnt/ubna_data_01_mir/recover-20220725/UBNA_001/20220725_050000.WAV,Carp Pond,recover-20220725,001,1795
1310.2555,1310.2649,38359.0,51453.0,Pipistrellus nathusii,0.669,0.719,-1,Echolocation,/mnt/ubna_data_01_mir/recover-20220725/UBNA_001/20220725_050000.WAV,Carp Pond,recover-20220725,001,1795
1310.3605,1310.3683,39218.0,48512.0,Pipistrellus nathusii,0.568,0.617,-1,Echolocation,/mnt/ubna_data_01_mir/recover-20220725/UBNA_001/20220725_050000.WAV,Carp Pond,recover-20220725,001,1795
1310.4705,1310.4789,39218.0,50542.0,Pipistrellus nathusii,0.664,0.725,-1,Echolocation,/mnt/ubna_data_01_mir/recover-20220725/UBNA_001/20220725_050000.WAV,Carp Pond,recover-20220725,001,1795
1310.5575,1310.566,40078.0,55913.0,Pipistrellus nathusii,0.622,0.691,-1,Echolocation,/mnt/ubna_data_01_mir/recover-20220725/UBNA_001/20220725_050000.WAV,Carp Pond,recover-20220725,001,1795
1310.6515,1310.66,39218.0,44124.0,Pipistrellus nathusii,0.301,0.318,-1,Echolocation,/mnt/ubna_data_01_mir/recover-20220725/UBNA_001/20220725_050000.WAV,Carp Pond,recover-20220725,001,1795
1310.8185,1310.8265,38359.0,48004.0,Pipistrellus nathusii,0.663,0.685,-1,Echolocation,/mnt/ubna_data_01_mir/recover-20220725/UBNA_001/20220725_050000.WAV,Carp Pond,recover-20220725,001,1795
1310.9225,1310.9329,38359.0,43347.0,Pipistrellus nathusii,0.239,0.258,-1,Echolocation,/mnt/ubna_data_01_mir/recover-20220725/UBNA_001/20220725_050000.WAV,Carp Pond,recover-20220725,001,1795
1311.0255,1311.0346,39218.0,48733.0,Pipistrellus nathusii,0.537,0.611,-1,Echolocation,/mnt/ubna_data_01_mir/recover-20220725/UBNA_001/20220725_050000.WAV,Carp Pond,recover-20220725,001,1795
1311.2395,1311.2518,38359.0,42483.0,Pipistrellus nathusii,0.364,0.372,-1,Echolocation,/mnt/ubna_data_01_mir/recover-20220725/UBNA_001/20220725_050000.WAV,Carp Pond,recover-20220725,001,1795
1311.8315,1311.8402,38359.0,44246.0,Pipistrellus nathusii,0.282,0.321,-1,Echolocation,/mnt/ubna_data_01_mir/recover-20220725/UBNA_001/20220725_050000.WAV,Carp Pond,recover-20220725,001,1795
1312.0305,1312.0395,37500.0,43574.0,Pipistrellus nathusii,0.314,0.392,-1,Echolocation,/mnt/ubna_data_01_mir/recover-20220725/UBNA_001/20220725_050000.WAV,Carp Pond,recover-20220725,001,1795
1312.2485,1312.2568,38359.0,44906.0,Pipistrellus nathusii,0.484,0.536,-1,Echolocation,/mnt/ubna_data_01_mir/recover-20220725/UBNA_001/20220725_050000.WAV,Carp Pond,recover-20220725,001,1795
1312.4635,1312.4723,38359.0,44350.0,Pipistrellus nathusii,0.44,0.572,-1,Echolocation,/mnt/ubna_data_01_mir/recover-20220725/UBNA_001/20220725_050000.WAV,Carp Pond,recover-20220725,001,1795
1313.5595,1313.58,21171.0,24860.0,Nyctalus noctula,0.125,0.216,-1,Echolocation,/mnt/ubna_data_01_mir/recover-20220725/UBNA_001/20220725_050000.WAV,Carp Pond,recover-20220725,001,1795
1313.6225,1313.6342,35781.0,43736.0,Pipistrellus nathusii,0.196,0.386,-1,Echolocation,/mnt/ubna_data_01_mir/recover-20220725/UBNA_001/20220725_050000.WAV,Carp Pond,recover-20220725,001,1795
1313.7135,1313.7248,37500.0,42870.0,Pipistrellus nathusii,0.339,0.364,-1,Echolocation,/mnt/ubna_data_01_mir/recover-20220725/UBNA_001/20220725_050000.WAV,Carp Pond,recover-20220725,001,1795
1313.8765,1313.8881,38359.0,43071.0,Pipistrellus nathusii,0.279,0.308,-1,Echolocation,/mnt/ubna_data_01_mir/recover-20220725/UBNA_001/20220725_050000.WAV,Carp Pond,recover-20220725,001,1795
1314.7925,1314.8026,40078.0,45718.0,Pipistrellus nathusii,0.189,0.215,-1,Echolocation,/mnt/ubna_data_01_mir/recover-20220725/UBNA_001/20220725_050000.WAV,Carp Pond,recover-20220725,001,1795
1314.9445,1314.955,36640.0,41644.0,Pipistrellus nathusii,0.14,0.226,-1,Echolocation,/mnt/ubna_data_01_mir/recover-20220725/UBNA_001/20220725_050000.WAV,Carp Pond,recover-20220725,001,1795
1316.6215,1316.6308,39218.0,43769.0,Pipistrellus nathusii,0.149,0.205,-1,Echolocation,/mnt/ubna_data_01_mir/recover-20220725/UBNA_001/20220725_050000.WAV,Carp Pond,recover-20220725,001,1795
1321.3235,1321.3386,23750.0,28105.0,Nyctalus leisleri,0.113,0.206,-1,Echolocation,/mnt/ubna_data_01_mir/recover-20220725/UBNA_001/20220725_050000.WAV,Carp Pond,recover-20220725,001,1795
1326.5915,1326.6004,35781.0,45515.0,Pipistrellus nathusii,0.403,0.556,-1,Echolocation,/mnt/ubna_data_01_mir/recover-20220725/UBNA_001/20220725_050000.WAV,Carp Pond,recover-20220725,001,1795
1326.7355,1326.744,38359.0,44317.0,Pipistrellus nathusii,0.378,0.461,-1,Echolocation,/mnt/ubna_data_01_mir/recover-20220725/UBNA_001/20220725_050000.WAV,Carp Pond,recover-20220725,001,1795
1328.9525,1328.9593,37500.0,48120.0,Pipistrellus nathusii,0.254,0.452,-1,Echolocation,/mnt/ubna_data_01_mir/recover-20220725/UBNA_001/20220725_050000.WAV,Carp Pond,recover-20220725,001,1795
1329.1485,1329.1556,36640.0,45752.0,Barbastellus barbastellus,0.108,0.213,-1,Echolocation,/mnt/ubna_data_01_mir/recover-20220725/UBNA_001/20220725_050000.WAV,Carp Pond,recover-20220725,001,1795
1329.3545,1329.3602,37500.0,48044.0,Barbastellus barbastellus,0.159,0.325,-1,Echolocation,/mnt/ubna_data_01_mir/recover-20220725/UBNA_001/20220725_050000.WAV,Carp Pond,recover-20220725,001,1795
1329.7685,1329.7792,40078.0,43666.0,Pipistrellus nathusii,0.197,0.216,-1,Echolocation,/mnt/ubna_data_01_mir/recover-20220725/UBNA_001/20220725_050000.WAV,Carp Pond,recover-20220725,001,1795
1331.6335,1331.642,34921.0,49178.0,Pipistrellus nathusii,0.279,0.498,-1,Echolocation,/mnt/ubna_data_01_mir/recover-20220725/UBNA_001/20220725_050000.WAV,Carp Pond,recover-20220725,001,1795
1331.6865,1331.6938,40078.0,49105.0,Pipistrellus nathusii,0.498,0.556,-1,Echolocation,/mnt/ubna_data_01_mir/recover-20220725/UBNA_001/20220725_050000.WAV,Carp Pond,recover-20220725,001,1795
1331.7365,1331.7423,39218.0,49484.0,Pipistrellus nathusii,0.15,0.353,-1,Echolocation,/mnt/ubna_data_01_mir/recover-20220725/UBNA_001/20220725_050000.WAV,Carp Pond,recover-20220725,001,1795
1331.8015,1331.8099,38359.0,58939.0,Pipistrellus nathusii,0.417,0.529,-1,Echolocation,/mnt/ubna_data_01_mir/recover-20220725/UBNA_001/20220725_050000.WAV,Carp Pond,recover-20220725,001,1795
1331.8905,1331.9001,36640.0,57165.0,Pipistrellus nathusii,0.375,0.497,-1,Echolocation,/mnt/ubna_data_01_mir/recover-20220725/UBNA_001/20220725_050000.WAV,Carp Pond,recover-20220725,001,1795
1331.9935,1332.0017,36640.0,57231.0,Pipistrellus nathusii,0.215,0.45,-1,Echolocation,/mnt/ubna_data_01_mir/recover-20220725/UBNA_001/20220725_050000.WAV,Carp Pond,recover-20220725,001,1795
1332.0815,1332.0886,39218.0,61607.0,Pipistrellus nathusii,0.597,0.624,-1,Echolocation,/mnt/ubna_data_01_mir/recover-20220725/UBNA_001/20220725_050000.WAV,Carp Pond,recover-20220725,001,1795
1332.1825,1332.1916,37500.0,58046.0,Pipistrellus nathusii,0.603,0.653,-1,Echolocation,/mnt/ubna_data_01_mir/recover-20220725/UBNA_001/20220725_050000.WAV,Carp Pond,recover-20220725,001,1795
1332.2855,1332.2922,37500.0,60027.0,Pipistrellus nathusii,0.543,0.624,-1,Echolocation,/mnt/ubna_data_01_mir/recover-20220725/UBNA_001/20220725_050000.WAV,Carp Pond,recover-20220725,001,1795
1332.3905,1332.3995,37500.0,59978.0,Pipistrellus nathusii,0.365,0.482,-1,Echolocation,/mnt/ubna_data_01_mir/recover-20220725/UBNA_001/20220725_050000.WAV,Carp Pond,recover-20220725,001,1795
1332.4965,1332.5041,38359.0,61389.0,Pipistrellus nathusii,0.585,0.646,-1,Echolocation,/mnt/ubna_data_01_mir/recover-20220725/UBNA_001/20220725_050000.WAV,Carp Pond,recover-20220725,001,1795
1332.6025,1332.6101,36640.0,65900.0,Pipistrellus nathusii,0.398,0.563,-1,Echolocation,/mnt/ubna_data_01_mir/recover-20220725/UBNA_001/20220725_050000.WAV,Carp Pond,recover-20220725,001,1795
1332.7145,1332.7218,38359.0,61308.0,Pipistrellus nathusii,0.601,0.671,-1,Echolocation,/mnt/ubna_data_01_mir/recover-20220725/UBNA_001/20220725_050000.WAV,Carp Pond,recover-20220725,001,1795
1332.8205,1332.8269,37500.0,64001.0,Pipistrellus nathusii,0.511,0.574,-1,Echolocation,/mnt/ubna_data_01_mir/recover-20220725/UBNA_001/20220725_050000.WAV,Carp Pond,recover-20220725,001,1795
1332.9115,1332.9194,38359.0,65326.0,Pipistrellus nathusii,0.663,0.706,-1,Echolocation,/mnt/ubna_data_01_mir/recover-20220725/UBNA_001/20220725_050000.WAV,Carp Pond,recover-20220725,001,1795
1333.0165,1333.0244,38359.0,54430.0,Pipistrellus nathusii,0.604,0.639,-1,Echolocation,/mnt/ubna_data_01_mir/recover-20220725/UBNA_001/20220725_050000.WAV,Carp Pond,recover-20220725,001,1795
1333.1145,1333.1223,38359.0,56898.0,Pipistrellus nathusii,0.74,0.751,-1,Echolocation,/mnt/ubna_data_01_mir/recover-20220725/UBNA_001/20220725_050000.WAV,Carp Pond,recover-20220725,001,1795
1333.1985,1333.2061,37500.0,62401.0,Pipistrellus nathusii,0.569,0.587,-1,Echolocation,/mnt/ubna_data_01_mir/recover-20220725/UBNA_001/20220725_050000.WAV,Carp Pond,recover-20220725,001,1795
1333.2845,1333.2925,39218.0,54070.0,Pipistrellus nathusii,0.534,0.572,-1,Echolocation,/mnt/ubna_data_01_mir/recover-20220725/UBNA_001/20220725_050000.WAV,Carp Pond,recover-20220725,001,1795
1333.3525,1333.3604,40078.0,51387.0,Pipistrellus nathusii,0.608,0.626,-1,Echolocation,/mnt/ubna_data_01_mir/recover-20220725/UBNA_001/20220725_050000.WAV,Carp Pond,recover-20220725,001,1795
1333.4175,1333.4265,38359.0,51172.0,Pipistrellus nathusii,0.429,0.52,-1,Echolocation,/mnt/ubna_data_01_mir/recover-20220725/UBNA_001/20220725_050000.WAV,Carp Pond,recover-20220725,001,1795
1333.4875,1333.4933,38359.0,52303.0,Pipistrellus nathusii,0.271,0.35,-1,Echolocation,/mnt/ubna_data_01_mir/recover-20220725/UBNA_001/20220725_050000.WAV,Carp Pond,recover-20220725,001,1795
1333.5515,1333.5566,40078.0,47975.0,Pipistrellus nathusii,0.247,0.279,-1,Echolocation,/mnt/ubna_data_01_mir/recover-20220725/UBNA_001/20220725_050000.WAV,Carp Pond,recover-20220725,001,1795
1333.6315,1333.6376,39218.0,46683.0,Pipistrellus nathusii,0.262,0.348,-1,Echolocation,/mnt/ubna_data_01_mir/recover-20220725/UBNA_001/20220725_050000.WAV,Carp Pond,recover-20220725,001,1795
1333.7475,1333.7531,40078.0,46633.0,Pipistrellus nathusii,0.395,0.434,-1,Echolocation,/mnt/ubna_data_01_mir/recover-20220725/UBNA_001/20220725_050000.WAV,Carp Pond,recover-20220725,001,1795
1333.8835,1333.8901,39218.0,47432.0,Pipistrellus nathusii,0.399,0.472,-1,Echolocation,/mnt/ubna_data_01_mir/recover-20220725/UBNA_001/20220725_050000.WAV,Carp Pond,recover-20220725,001,1795
1334.3785,1334.3882,38359.0,53935.0,Pipistrellus nathusii,0.466,0.55,-1,Echolocation,/mnt/ubna_data_01_mir/recover-20220725/UBNA_001/20220725_050000.WAV,Carp Pond,recover-20220725,001,1795
1334.4635,1334.4711,36640.0,47285.0,Pipistrellus nathusii,0.387,0.556,-1,Echolocation,/mnt/ubna_data_01_mir/recover-20220725/UBNA_001/20220725_050000.WAV,Carp Pond,recover-20220725,001,1795
1334.5545,1334.5636,36640.0,52422.0,Pipistrellus nathusii,0.505,0.586,-1,Echolocation,/mnt/ubna_data_01_mir/recover-20220725/UBNA_001/20220725_050000.WAV,Carp Pond,recover-20220725,001,1795
1334.6515,1334.6591,35781.0,43252.0,Pipistrellus nathusii,0.516,0.622,-1,Echolocation,/mnt/ubna_data_01_mir/recover-20220725/UBNA_001/20220725_050000.WAV,Carp Pond,recover-20220725,001,1795
1334.7565,1334.7647,36640.0,47751.0,Pipistrellus nathusii,0.56,0.617,-1,Echolocation,/mnt/ubna_data_01_mir/recover-20220725/UBNA_001/20220725_050000.WAV,Carp Pond,recover-20220725,001,1795
1334.8505,1334.8593,35781.0,44322.0,Pipistrellus nathusii,0.59,0.629,-1,Echolocation,/mnt/ubna_data_01_mir/recover-20220725/UBNA_001/20220725_050000.WAV,Carp Pond,recover-20220725,001,1795
1334.9435,1334.9538,34921.0,52709.0,Pipistrellus nathusii,0.374,0.551,-1,Echolocation,/mnt/ubna_data_01_mir/recover-20220725/UBNA_001/20220725_050000.WAV,Carp Pond,recover-20220725,001,1795
1335.0435,1335.0527,38359.0,49729.0,Pipistrellus nathusii,0.568,0.608,-1,Echolocation,/mnt/ubna_data_01_mir/recover-20220725/UBNA_001/20220725_050000.WAV,Carp Pond,recover-20220725,001,1795
1335.1445,1335.1544,35781.0,49843.0,Pipistrellus nathusii,0.372,0.508,-1,Echolocation,/mnt/ubna_data_01_mir/recover-20220725/UBNA_001/20220725_050000.WAV,Carp Pond,recover-20220725,001,1795
1335.2465,1335.2549,39218.0,48542.0,Pipistrellus nathusii,0.497,0.61,-1,Echolocation,/mnt/ubna_data_01_mir/recover-20220725/UBNA_001/20220725_050000.WAV,Carp Pond,recover-20220725,001,1795
1335.3485,1335.3578,36640.0,50869.0,Pipistrellus nathusii,0.482,0.559,-1,Echolocation,/mnt/ubna_data_01_mir/recover-20220725/UBNA_001/20220725_050000.WAV,Carp Pond,recover-20220725,001,1795
1335.4515,1335.4604,39218.0,51560.0,Pipistrellus nathusii,0.58,0.619,-1,Echolocation,/mnt/ubna_data_01_mir/recover-20220725/UBNA_001/20220725_050000.WAV,Carp Pond,recover-20220725,001,1795
1335.6385,1335.6494,38359.0,47688.0,Pipistrellus nathusii,0.542,0.579,-1,Echolocation,/mnt/ubna_data_01_mir/recover-20220725/UBNA_001/20220725_050000.WAV,Carp Pond,recover-20220725,001,1795
1335.6855,1335.695,48671.0,52071.0,Pipistrellus pipistrellus,0.123,0.217,-1,Echolocation,/mnt/ubna_data_01_mir/recover-20220725/UBNA_001/20220725_050000.WAV,Carp Pond,recover-20220725,001,1795
1335.7355,1335.7432,37500.0,51464.0,Pipistrellus nathusii,0.559,0.645,-1,Echolocation,/mnt/ubna_data_01_mir/recover-20220725/UBNA_001/20220725_050000.WAV,Carp Pond,recover-20220725,001,1795
1335.8375,1335.8445,40937.0,47587.0,Pipistrellus nathusii,0.258,0.319,-1,Echolocation,/mnt/ubna_data_01_mir/recover-20220725/UBNA_001/20220725_050000.WAV,Carp Pond,recover-20220725,001,1795
1335.9395,1335.9458,36640.0,51654.0,Pipistrellus nathusii,0.364,0.61,-1,Echolocation,/mnt/ubna_data_01_mir/recover-20220725/UBNA_001/20220725_050000.WAV,Carp Pond,recover-20220725,001,1795
1336.0375,1336.0442,36640.0,49425.0,Pipistrellus nathusii,0.47,0.599,-1,Echolocation,/mnt/ubna_data_01_mir/recover-20220725/UBNA_001/20220725_050000.WAV,Carp Pond,recover-20220725,001,1795
1336.1375,1336.1467,40937.0,47085.0,Pipistrellus nathusii,0.206,0.267,-1,Echolocation,/mnt/ubna_data_01_mir/recover-20220725/UBNA_001/20220725_050000.WAV,Carp Pond,recover-20220725,001,1795
1336.2365,1336.2456,36640.0,49209.0,Pipistrellus nathusii,0.434,0.577,-1,Echolocation,/mnt/ubna_data_01_mir/recover-20220725/UBNA_001/20220725_050000.WAV,Carp Pond,recover-20220725,001,1795
1336.3325,1336.3404,37500.0,45334.0,Pipistrellus nathusii,0.492,0.585,-1,Echolocation,/mnt/ubna_data_01_mir/recover-20220725/UBNA_001/20220725_050000.WAV,Carp Pond,recover-20220725,001,1795
1336.5685,1336.5774,38359.0,45291.0,Pipistrellus nathusii,0.406,0.515,-1,Echolocation,/mnt/ubna_data_01_mir/recover-20220725/UBNA_001/20220725_050000.WAV,Carp Pond,recover-20220725,001,1795
1362.3865,1362.3958,39218.0,47095.0,Pipistrellus nathusii,0.384,0.413,-1,Echolocation,/mnt/ubna_data_01_mir/recover-20220725/UBNA_001/20220725_050000.WAV,Carp Pond,recover-20220725,001,1795
1362.6185,1362.6279,38359.0,45368.0,Pipistrellus nathusii,0.372,0.413,-1,Echolocation,/mnt/ubna_data_01_mir/recover-20220725/UBNA_001/20220725_050000.WAV,Carp Pond,recover-20220725,001,1795
1363.0995,1363.1065,39218.0,49549.0,Pipistrellus nathusii,0.264,0.32,-1,Echolocation,/mnt/ubna_data_01_mir/recover-20220725/UBNA_001/20220725_050000.WAV,Carp Pond,recover-20220725,001,1795
1363.1985,1363.2066,38359.0,48418.0,Pipistrellus nathusii,0.52,0.62,-1,Echolocation,/mnt/ubna_data_01_mir/recover-20220725/UBNA_001/20220725_050000.WAV,Carp Pond,recover-20220725,001,1795
1363.2985,1363.3081,38359.0,48933.0,Pipistrellus nathusii,0.485,0.56,-1,Echolocation,/mnt/ubna_data_01_mir/recover-20220725/UBNA_001/20220725_050000.WAV,Carp Pond,recover-20220725,001,1795
1363.3995,1363.4084,38359.0,44816.0,Pipistrellus nathusii,0.337,0.363,-1,Echolocation,/mnt/ubna_data_01_mir/recover-20220725/UBNA_001/20220725_050000.WAV,Carp Pond,recover-20220725,001,1795
1363.5005,1363.5098,39218.0,45462.0,Pipistrellus nathusii,0.158,0.202,-1,Echolocation,/mnt/ubna_data_01_mir/recover-20220725/UBNA_001/20220725_050000.WAV,Carp Pond,recover-20220725,001,1795
1363.5925,1363.5994,38359.0,49321.0,Pipistrellus nathusii,0.206,0.365,-1,Echolocation,/mnt/ubna_data_01_mir/recover-20220725/UBNA_001/20220725_050000.WAV,Carp Pond,recover-20220725,001,1795
1363.6915,1363.6998,38359.0,48441.0,Pipistrellus nathusii,0.531,0.595,-1,Echolocation,/mnt/ubna_data_01_mir/recover-20220725/UBNA_001/20220725_050000.WAV,Carp Pond,recover-20220725,001,1795
1363.8255,1363.8337,36640.0,47820.0,Pipistrellus nathusii,0.477,0.552,-1,Echolocation,/mnt/ubna_data_01_mir/recover-20220725/UBNA_001/20220725_050000.WAV,Carp Pond,recover-20220725,001,1795
1363.9225,1363.9332,39218.0,44467.0,Pipistrellus nathusii,0.229,0.252,-1,Echolocation,/mnt/ubna_data_01_mir/recover-20220725/UBNA_001/20220725_050000.WAV,Carp Pond,recover-20220725,001,1795
1364.1305,1364.1398,37500.0,43770.0,Pipistrellus nathusii,0.242,0.301,-1,Echolocation,/mnt/ubna_data_01_mir/recover-20220725/UBNA_001/20220725_050000.WAV,Carp Pond,recover-20220725,001,1795
1364.2365,1364.2452,38359.0,50316.0,Pipistrellus nathusii,0.297,0.365,-1,Echolocation,/mnt/ubna_data_01_mir/recover-20220725/UBNA_001/20220725_050000.WAV,Carp Pond,recover-20220725,001,1795
1364.3405,1364.3491,39218.0,46092.0,Pipistrellus nathusii,0.426,0.452,-1,Echolocation,/mnt/ubna_data_01_mir/recover-20220725/UBNA_001/20220725_050000.WAV,Carp Pond,recover-20220725,001,1795
1364.5335,1364.5418,37500.0,49297.0,Pipistrellus nathusii,0.443,0.554,-1,Echolocation,/mnt/ubna_data_01_mir/recover-20220725/UBNA_001/20220725_050000.WAV,Carp Pond,recover-20220725,001,1795
1364.6335,1364.6408,37500.0,46682.0,Pipistrellus nathusii,0.383,0.505,-1,Echolocation,/mnt/ubna_data_01_mir/recover-20220725/UBNA_001/20220725_050000.WAV,Carp Pond,recover-20220725,001,1795
1364.7205,1364.728,41796.0,46880.0,Pipistrellus nathusii,0.278,0.305,-1,Echolocation,/mnt/ubna_data_01_mir/recover-20220725/UBNA_001/20220725_050000.WAV,Carp Pond,recover-20220725,001,1795
1364.8185,1364.8297,37500.0,44323.0,Pipistrellus nathusii,0.402,0.443,-1,Echolocation,/mnt/ubna_data_01_mir/recover-20220725/UBNA_001/20220725_050000.WAV,Carp Pond,recover-20220725,001,1795
1364.9265,1364.9345,38359.0,47153.0,Pipistrellus nathusii,0.572,0.619,-1,Echolocation,/mnt/ubna_data_01_mir/recover-20220725/UBNA_001/20220725_050000.WAV,Carp Pond,recover-20220725,001,1795
1365.0325,1365.0395,36640.0,44754.0,Pipistrellus nathusii,0.47,0.616,-1,Echolocation,/mnt/ubna_data_01_mir/recover-20220725/UBNA_001/20220725_050000.WAV,Carp Pond,recover-20220725,001,1795
1365.1255,1365.133,39218.0,47416.0,Pipistrellus nathusii,0.509,0.558,-1,Echolocation,/mnt/ubna_data_01_mir/recover-20220725/UBNA_001/20220725_050000.WAV,Carp Pond,recover-20220725,001,1795
1365.2375,1365.2469,38359.0,47321.0,Pipistrellus nathusii,0.477,0.6,-1,Echolocation,/mnt/ubna_data_01_mir/recover-20220725/UBNA_001/20220725_050000.WAV,Carp Pond,recover-20220725,001,1795
1365.3365,1365.3464,36640.0,49281.0,Pipistrellus nathusii,0.408,0.497,-1,Echolocation,/mnt/ubna_data_01_mir/recover-20220725/UBNA_001/20220725_050000.WAV,Carp Pond,recover-20220725,001,1795
1365.4235,1365.433,37500.0,51180.0,Pipistrellus nathusii,0.462,0.578,-1,Echolocation,/mnt/ubna_data_01_mir/recover-20220725/UBNA_001/20220725_050000.WAV,Carp Pond,recover-20220725,001,1795
1365.5125,1365.5236,37500.0,51306.0,Pipistrellus nathusii,0.448,0.518,-1,Echolocation,/mnt/ubna_data_01_mir/recover-20220725/UBNA_001/20220725_050000.WAV,Carp Pond,recover-20220725,001,1795
1365.6075,1365.6204,36640.0,50638.0,Pipistrellus nathusii,0.32,0.428,-1,Echolocation,/mnt/ubna_data_01_mir/recover-20220725/UBNA_001/20220725_050000.WAV,Carp Pond,recover-20220725,001,1795
1365.7145,1365.726,38359.0,49200.0,Pipistrellus nathusii,0.556,0.613,-1,Echolocation,/mnt/ubna_data_01_mir/recover-20220725/UBNA_001/20220725_050000.WAV,Carp Pond,recover-20220725,001,1795
1365.8165,1365.8259,39218.0,48726.0,Pipistrellus nathusii,0.519,0.582,-1,Echolocation,/mnt/ubna_data_01_mir/recover-20220725/UBNA_001/20220725_050000.WAV,Carp Pond,recover-20220725,001,1795
1365.9145,1365.924,38359.0,49949.0,Pipistrellus nathusii,0.552,0.622,-1,Echolocation,/mnt/ubna_data_01_mir/recover-20220725/UBNA_001/20220725_050000.WAV,Carp Pond,recover-20220725,001,1795
1366.0135,1366.0241,39218.0,51874.0,Pipistrellus nathusii,0.523,0.603,-1,Echolocation,/mnt/ubna_data_01_mir/recover-20220725/UBNA_001/20220725_050000.WAV,Carp Pond,recover-20220725,001,1795
1366.1165,1366.1263,40078.0,53091.0,Pipistrellus nathusii,0.544,0.641,-1,Echolocation,/mnt/ubna_data_01_mir/recover-20220725/UBNA_001/20220725_050000.WAV,Carp Pond,recover-20220725,001,1795
1366.2065,1366.2173,39218.0,46312.0,Pipistrellus nathusii,0.397,0.415,-1,Echolocation,/mnt/ubna_data_01_mir/recover-20220725/UBNA_001/20220725_050000.WAV,Carp Pond,recover-20220725,001,1795
1366.2765,1366.2851,38359.0,45332.0,Pipistrellus nathusii,0.514,0.545,-1,Echolocation,/mnt/ubna_data_01_mir/recover-20220725/UBNA_001/20220725_050000.WAV,Carp Pond,recover-20220725,001,1795
1366.3475,1366.3554,37500.0,46659.0,Pipistrellus nathusii,0.441,0.502,-1,Echolocation,/mnt/ubna_data_01_mir/recover-20220725/UBNA_001/20220725_050000.WAV,Carp Pond,recover-20220725,001,1795
1366.4195,1366.4281,39218.0,50491.0,Pipistrellus nathusii,0.44,0.464,-1,Echolocation,/mnt/ubna_data_01_mir/recover-20220725/UBNA_001/20220725_050000.WAV,Carp Pond,recover-20220725,001,1795
1366.4965,1366.5064,39218.0,45162.0,Pipistrellus nathusii,0.256,0.278,-1,Echolocation,/mnt/ubna_data_01_mir/recover-20220725/UBNA_001/20220725_050000.WAV,Carp Pond,recover-20220725,001,1795
1366.5755,1366.5831,37500.0,47492.0,Pipistrellus nathusii,0.469,0.582,-1,Echolocation,/mnt/ubna_data_01_mir/recover-20220725/UBNA_001/20220725_050000.WAV,Carp Pond,recover-20220725,001,1795
1366.6595,1366.668,39218.0,50433.0,Pipistrellus nathusii,0.413,0.45,-1,Echolocation,/mnt/ubna_data_01_mir/recover-20220725/UBNA_001/20220725_050000.WAV,Carp Pond,recover-20220725,001,1795
1366.7465,1366.754,37500.0,48710.0,Pipistrellus nathusii,0.317,0.442,-1,Echolocation,/mnt/ubna_data_01_mir/recover-20220725/UBNA_001/20220725_050000.WAV,Carp Pond,recover-20220725,001,1795
1367.1205,1367.1289,37500.0,44390.0,Pipistrellus nathusii,0.53,0.616,-1,Echolocation,/mnt/ubna_data_01_mir/recover-20220725/UBNA_001/20220725_050000.WAV,Carp Pond,recover-20220725,001,1795
1367.3245,1367.3324,38359.0,47940.0,Pipistrellus nathusii,0.502,0.624,-1,Echolocation,/mnt/ubna_data_01_mir/recover-20220725/UBNA_001/20220725_050000.WAV,Carp Pond,recover-20220725,001,1795
1367.4215,1367.4301,39218.0,47592.0,Pipistrellus nathusii,0.44,0.492,-1,Echolocation,/mnt/ubna_data_01_mir/recover-20220725/UBNA_001/20220725_050000.WAV,Carp Pond,recover-20220725,001,1795
1367.5175,1367.5262,40078.0,51429.0,Pipistrellus nathusii,0.512,0.612,-1,Echolocation,/mnt/ubna_data_01_mir/recover-20220725/UBNA_001/20220725_050000.WAV,Carp Pond,recover-20220725,001,1795
1367.6185,1367.6274,38359.0,50378.0,Pipistrellus nathusii,0.454,0.556,-1,Echolocation,/mnt/ubna_data_01_mir/recover-20220725/UBNA_001/20220725_050000.WAV,Carp Pond,recover-20220725,001,1795
1367.7195,1367.7276,40078.0,51532.0,Pipistrellus nathusii,0.501,0.58,-1,Echolocation,/mnt/ubna_data_01_mir/recover-20220725/UBNA_001/20220725_050000.WAV,Carp Pond,recover-20220725,001,1795
1367.9225,1367.9325,41796.0,48057.0,Pipistrellus nathusii,0.363,0.383,-1,Echolocation,/mnt/ubna_data_01_mir/recover-20220725/UBNA_001/20220725_050000.WAV,Carp Pond,recover-20220725,001,1795
1371.1735,1371.1826,40078.0,46464.0,Pipistrellus nathusii,0.5,0.547,-1,Echolocation,/mnt/ubna_data_01_mir/recover-20220725/UBNA_001/20220725_050000.WAV,Carp Pond,recover-20220725,001,1795
1371.3875,1371.3966,39218.0,45408.0,Pipistrellus nathusii,0.476,0.52,-1,Echolocation,/mnt/ubna_data_01_mir/recover-20220725/UBNA_001/20220725_050000.WAV,Carp Pond,recover-20220725,001,1795
1371.8925,1371.901,38359.0,44955.0,Pipistrellus nathusii,0.492,0.516,-1,Echolocation,/mnt/ubna_data_01_mir/recover-20220725/UBNA_001/20220725_050000.WAV,Carp Pond,recover-20220725,001,1795
1371.9945,1372.0056,39218.0,44080.0,Pipistrellus nathusii,0.266,0.291,-1,Echolocation,/mnt/ubna_data_01_mir/recover-20220725/UBNA_001/20220725_050000.WAV,Carp Pond,recover-20220725,001,1795
1372.3955,1372.4017,37500.0,48145.0,Pipistrellus nathusii,0.261,0.433,-1,Echolocation,/mnt/ubna_data_01_mir/recover-20220725/UBNA_001/20220725_050000.WAV,Carp Pond,recover-20220725,001,1795
1372.5005,1372.5083,38359.0,46237.0,Pipistrellus nathusii,0.221,0.33,-1,Echolocation,/mnt/ubna_data_01_mir/recover-20220725/UBNA_001/20220725_050000.WAV,Carp Pond,recover-20220725,001,1795
1372.7015,1372.7097,39218.0,46194.0,Pipistrellus nathusii,0.493,0.521,-1,Echolocation,/mnt/ubna_data_01_mir/recover-20220725/UBNA_001/20220725_050000.WAV,Carp Pond,recover-20220725,001,1795
1372.9615,1372.9693,36640.0,44065.0,Pipistrellus nathusii,0.249,0.35,-1,Echolocation,/mnt/ubna_data_01_mir/recover-20220725/UBNA_001/20220725_050000.WAV,Carp Pond,recover-20220725,001,1795
1373.0195,1373.0274,39218.0,51630.0,Pipistrellus nathusii,0.546,0.584,-1,Echolocation,/mnt/ubna_data_01_mir/recover-20220725/UBNA_001/20220725_050000.WAV,Carp Pond,recover-20220725,001,1795
1373.2395,1373.2474,39218.0,46844.0,Pipistrellus nathusii,0.446,0.512,-1,Echolocation,/mnt/ubna_data_01_mir/recover-20220725/UBNA_001/20220725_050000.WAV,Carp Pond,recover-20220725,001,1795
1373.3325,1373.3408,40078.0,48624.0,Pipistrellus nathusii,0.509,0.562,-1,Echolocation,/mnt/ubna_data_01_mir/recover-20220725/UBNA_001/20220725_050000.WAV,Carp Pond,recover-20220725,001,1795
1373.3935,1373.3997,40078.0,51626.0,Pipistrellus nathusii,0.516,0.544,-1,Echolocation,/mnt/ubna_data_01_mir/recover-20220725/UBNA_001/20220725_050000.WAV,Carp Pond,recover-20220725,001,1795
1373.4475,1373.456,39218.0,48384.0,Pipistrellus nathusii,0.376,0.464,-1,Echolocation,/mnt/ubna_data_01_mir/recover-20220725/UBNA_001/20220725_050000.WAV,Carp Pond,recover-20220725,001,1795
1373.5065,1373.5129,39218.0,52262.0,Pipistrellus nathusii,0.337,0.409,-1,Echolocation,/mnt/ubna_data_01_mir/recover-20220725/UBNA_001/20220725_050000.WAV,Carp Pond,recover-20220725,001,1795
1373.5675,1373.5731,40078.0,49522.0,Pipistrellus nathusii,0.424,0.452,-1,Echolocation,/mnt/ubna_data_01_mir/recover-20220725/UBNA_001/20220725_050000.WAV,Carp Pond,recover-20220725,001,1795
1373.7845,1373.792,41796.0,49333.0,Pipistrellus nathusii,0.135,0.214,-1,Echolocation,/mnt/ubna_data_01_mir/recover-20220725/UBNA_001/20220725_050000.WAV,Carp Pond,recover-20220725,001,1795
1373.8655,1373.8728,39218.0,56541.0,Pipistrellus nathusii,0.567,0.638,-1,Echolocation,/mnt/ubna_data_01_mir/recover-20220725/UBNA_001/20220725_050000.WAV,Carp Pond,recover-20220725,001,1795
1373.9575,1373.9637,38359.0,55338.0,Pipistrellus nathusii,0.554,0.617,-1,Echolocation,/mnt/ubna_data_01_mir/recover-20220725/UBNA_001/20220725_050000.WAV,Carp Pond,recover-20220725,001,1795
1374.1435,1374.1516,38359.0,59861.0,Pipistrellus nathusii,0.507,0.607,-1,Echolocation,/mnt/ubna_data_01_mir/recover-20220725/UBNA_001/20220725_050000.WAV,Carp Pond,recover-20220725,001,1795
1374.2445,1374.2522,40078.0,53541.0,Pipistrellus nathusii,0.699,0.708,-1,Echolocation,/mnt/ubna_data_01_mir/recover-20220725/UBNA_001/20220725_050000.WAV,Carp Pond,recover-20220725,001,1795
1374.3435,1374.3524,39218.0,57437.0,Pipistrellus nathusii,0.629,0.662,-1,Echolocation,/mnt/ubna_data_01_mir/recover-20220725/UBNA_001/20220725_050000.WAV,Carp Pond,recover-20220725,001,1795
1374.4435,1374.4527,40078.0,56712.0,Pipistrellus nathusii,0.622,0.653,-1,Echolocation,/mnt/ubna_data_01_mir/recover-20220725/UBNA_001/20220725_050000.WAV,Carp Pond,recover-20220725,001,1795
1374.5475,1374.5575,40937.0,54398.0,Pipistrellus nathusii,0.56,0.575,-1,Echolocation,/mnt/ubna_data_01_mir/recover-20220725/UBNA_001/20220725_050000.WAV,Carp Pond,recover-20220725,001,1795
1374.6485,1374.6571,38359.0,57633.0,Pipistrellus nathusii,0.605,0.63,-1,Echolocation,/mnt/ubna_data_01_mir/recover-20220725/UBNA_001/20220725_050000.WAV,Carp Pond,recover-20220725,001,1795
1374.7555,1374.7649,39218.0,60115.0,Pipistrellus nathusii,0.651,0.692,-1,Echolocation,/mnt/ubna_data_01_mir/recover-20220725/UBNA_001/20220725_050000.WAV,Carp Pond,recover-20220725,001,1795
1374.8575,1374.8663999999999,39218.0,59999.0,Pipistrellus nathusii,0.703,0.735,-1,Echolocation,/mnt/ubna_data_01_mir/recover-20220725/UBNA_001/20220725_050000.WAV,Carp Pond,recover-20220725,001,1795
1374.9555,1374.9662,37500.0,61182.0,Pipistrellus nathusii,0.591,0.629,-1,Echolocation,/mnt/ubna_data_01_mir/recover-20220725/UBNA_001/20220725_050000.WAV,Carp Pond,recover-20220725,001,1795
1375.0515,1375.0599,40078.0,60425.0,Pipistrellus nathusii,0.682,0.706,-1,Echolocation,/mnt/ubna_data_01_mir/recover-20220725/UBNA_001/20220725_050000.WAV,Carp Pond,recover-20220725,001,1795
1375.1535,1375.1629,37500.0,61816.0,Pipistrellus nathusii,0.55,0.613,-1,Echolocation,/mnt/ubna_data_01_mir/recover-20220725/UBNA_001/20220725_050000.WAV,Carp Pond,recover-20220725,001,1795
1375.2245,1375.2331,46953.0,51295.0,Pipistrellus pipistrellus,0.175,0.224,-1,Echolocation,/mnt/ubna_data_01_mir/recover-20220725/UBNA_001/20220725_050000.WAV,Carp Pond,recover-20220725,001,1795
1375.2585,1375.2669,38359.0,52723.0,Pipistrellus nathusii,0.489,0.542,-1,Echolocation,/mnt/ubna_data_01_mir/recover-20220725/UBNA_001/20220725_050000.WAV,Carp Pond,recover-20220725,001,1795
1375.3585,1375.3676,39218.0,60040.0,Pipistrellus nathusii,0.662,0.683,-1,Echolocation,/mnt/ubna_data_01_mir/recover-20220725/UBNA_001/20220725_050000.WAV,Carp Pond,recover-20220725,001,1795
1375.4325,1375.4416,40078.0,63023.0,Pipistrellus nathusii,0.622,0.64,-1,Echolocation,/mnt/ubna_data_01_mir/recover-20220725/UBNA_001/20220725_050000.WAV,Carp Pond,recover-20220725,001,1795
1375.5075,1375.5155,37500.0,68031.0,Pipistrellus nathusii,0.5,0.562,-1,Echolocation,/mnt/ubna_data_01_mir/recover-20220725/UBNA_001/20220725_050000.WAV,Carp Pond,recover-20220725,001,1795
1375.5815,1375.5888,39218.0,61996.0,Pipistrellus nathusii,0.669,0.685,-1,Echolocation,/mnt/ubna_data_01_mir/recover-20220725/UBNA_001/20220725_050000.WAV,Carp Pond,recover-20220725,001,1795
1375.6585,1375.6668,39218.0,61499.0,Pipistrellus nathusii,0.56,0.606,-1,Echolocation,/mnt/ubna_data_01_mir/recover-20220725/UBNA_001/20220725_050000.WAV,Carp Pond,recover-20220725,001,1795
1375.7525,1375.7607,39218.0,57870.0,Pipistrellus nathusii,0.557,0.612,-1,Echolocation,/mnt/ubna_data_01_mir/recover-20220725/UBNA_001/20220725_050000.WAV,Carp Pond,recover-20220725,001,1795
1375.8495,1375.8574,36640.0,65322.0,Pipistrellus nathusii,0.533,0.585,-1,Echolocation,/mnt/ubna_data_01_mir/recover-20220725/UBNA_001/20220725_050000.WAV,Carp Pond,recover-20220725,001,1795
1375.9545,1375.9618,40937.0,61441.0,Pipistrellus nathusii,0.617,0.645,-1,Echolocation,/mnt/ubna_data_01_mir/recover-20220725/UBNA_001/20220725_050000.WAV,Carp Pond,recover-20220725,001,1795
1376.0605,1376.0686,40078.0,54169.0,Pipistrellus nathusii,0.361,0.423,-1,Echolocation,/mnt/ubna_data_01_mir/recover-20220725/UBNA_001/20220725_050000.WAV,Carp Pond,recover-20220725,001,1795
1376.1675,1376.1737,41796.0,58493.0,Pipistrellus nathusii,0.488,0.541,-1,Echolocation,/mnt/ubna_data_01_mir/recover-20220725/UBNA_001/20220725_050000.WAV,Carp Pond,recover-20220725,001,1795
1376.2495,1376.261,38359.0,42263.0,Pipistrellus nathusii,0.243,0.261,-1,Echolocation,/mnt/ubna_data_01_mir/recover-20220725/UBNA_001/20220725_050000.WAV,Carp Pond,recover-20220725,001,1795
1376.2665,1376.2739,42656.0,61038.0,Pipistrellus nathusii,0.448,0.554,-1,Echolocation,/mnt/ubna_data_01_mir/recover-20220725/UBNA_001/20220725_050000.WAV,Carp Pond,recover-20220725,001,1795
1376.3715,1376.3767,41796.0,54694.0,Pipistrellus nathusii,0.201,0.252,-1,Echolocation,/mnt/ubna_data_01_mir/recover-20220725/UBNA_001/20220725_050000.WAV,Carp Pond,recover-20220725,001,1795
1376.4115,1376.4218,39218.0,45876.0,Pipistrellus nathusii,0.497,0.54,-1,Echolocation,/mnt/ubna_data_01_mir/recover-20220725/UBNA_001/20220725_050000.WAV,Carp Pond,recover-20220725,001,1795
1376.4675,1376.4734,41796.0,56503.0,Pipistrellus nathusii,0.493,0.556,-1,Echolocation,/mnt/ubna_data_01_mir/recover-20220725/UBNA_001/20220725_050000.WAV,Carp Pond,recover-20220725,001,1795
1376.5045,1376.5135,39218.0,45475.0,Pipistrellus nathusii,0.203,0.259,-1,Echolocation,/mnt/ubna_data_01_mir/recover-20220725/UBNA_001/20220725_050000.WAV,Carp Pond,recover-20220725,001,1795
1376.6755,1376.684,39218.0,48455.0,Pipistrellus nathusii,0.519,0.549,-1,Echolocation,/mnt/ubna_data_01_mir/recover-20220725/UBNA_001/20220725_050000.WAV,Carp Pond,recover-20220725,001,1795
1376.6825,1376.6897,41796.0,53637.0,Pipistrellus nathusii,0.203,0.286,-1,Echolocation,/mnt/ubna_data_01_mir/recover-20220725/UBNA_001/20220725_050000.WAV,Carp Pond,recover-20220725,001,1795
1376.7735,1376.7858,38359.0,42699.0,Pipistrellus nathusii,0.184,0.202,-1,Echolocation,/mnt/ubna_data_01_mir/recover-20220725/UBNA_001/20220725_050000.WAV,Carp Pond,recover-20220725,001,1795
1376.9465,1376.9566,39218.0,47621.0,Pipistrellus nathusii,0.533,0.559,-1,Echolocation,/mnt/ubna_data_01_mir/recover-20220725/UBNA_001/20220725_050000.WAV,Carp Pond,recover-20220725,001,1795
1377.0415,1377.05,38359.0,47391.0,Pipistrellus nathusii,0.313,0.374,-1,Echolocation,/mnt/ubna_data_01_mir/recover-20220725/UBNA_001/20220725_050000.WAV,Carp Pond,recover-20220725,001,1795
1377.2115,1377.2211,38359.0,48066.0,Pipistrellus nathusii,0.462,0.509,-1,Echolocation,/mnt/ubna_data_01_mir/recover-20220725/UBNA_001/20220725_050000.WAV,Carp Pond,recover-20220725,001,1795
1377.5705,1377.5847,36640.0,42690.0,Pipistrellus nathusii,0.343,0.371,-1,Echolocation,/mnt/ubna_data_01_mir/recover-20220725/UBNA_001/20220725_050000.WAV,Carp Pond,recover-20220725,001,1795
1377.5845,1377.5937,34062.0,39714.0,Pipistrellus nathusii,0.219,0.312,-1,Echolocation,/mnt/ubna_data_01_mir/recover-20220725/UBNA_001/20220725_050000.WAV,Carp Pond,recover-20220725,001,1795
1377.6685,1377.6779,34921.0,47668.0,Pipistrellus nathusii,0.221,0.46,-1,Echolocation,/mnt/ubna_data_01_mir/recover-20220725/UBNA_001/20220725_050000.WAV,Carp Pond,recover-20220725,001,1795
1377.7725,1377.781,36640.0,45497.0,Pipistrellus nathusii,0.367,0.508,-1,Echolocation,/mnt/ubna_data_01_mir/recover-20220725/UBNA_001/20220725_050000.WAV,Carp Pond,recover-20220725,001,1795
1377.8505,1377.8577,38359.0,48047.0,Pipistrellus nathusii,0.249,0.379,-1,Echolocation,/mnt/ubna_data_01_mir/recover-20220725/UBNA_001/20220725_050000.WAV,Carp Pond,recover-20220725,001,1795
1377.9555,1377.967,37500.0,44841.0,Pipistrellus nathusii,0.537,0.584,-1,Echolocation,/mnt/ubna_data_01_mir/recover-20220725/UBNA_001/20220725_050000.WAV,Carp Pond,recover-20220725,001,1795
1378.0635,1378.0749,36640.0,45085.0,Pipistrellus nathusii,0.39,0.474,-1,Echolocation,/mnt/ubna_data_01_mir/recover-20220725/UBNA_001/20220725_050000.WAV,Carp Pond,recover-20220725,001,1795
1378.1575,1378.1664,38359.0,47906.0,Pipistrellus nathusii,0.513,0.635,-1,Echolocation,/mnt/ubna_data_01_mir/recover-20220725/UBNA_001/20220725_050000.WAV,Carp Pond,recover-20220725,001,1795
1378.2705,1378.2788,35781.0,44705.0,Pipistrellus nathusii,0.444,0.536,-1,Echolocation,/mnt/ubna_data_01_mir/recover-20220725/UBNA_001/20220725_050000.WAV,Carp Pond,recover-20220725,001,1795
1378.3845,1378.3931,37500.0,46898.0,Pipistrellus nathusii,0.524,0.641,-1,Echolocation,/mnt/ubna_data_01_mir/recover-20220725/UBNA_001/20220725_050000.WAV,Carp Pond,recover-20220725,001,1795
1378.4945,1378.5034,38359.0,44753.0,Pipistrellus nathusii,0.226,0.343,-1,Echolocation,/mnt/ubna_data_01_mir/recover-20220725/UBNA_001/20220725_050000.WAV,Carp Pond,recover-20220725,001,1795
1378.6045,1378.6148,38359.0,46865.0,Pipistrellus nathusii,0.471,0.571,-1,Echolocation,/mnt/ubna_data_01_mir/recover-20220725/UBNA_001/20220725_050000.WAV,Carp Pond,recover-20220725,001,1795
1378.8095,1378.8203,38359.0,44269.0,Pipistrellus nathusii,0.399,0.414,-1,Echolocation,/mnt/ubna_data_01_mir/recover-20220725/UBNA_001/20220725_050000.WAV,Carp Pond,recover-20220725,001,1795
1378.9235,1378.9339,40078.0,45658.0,Pipistrellus nathusii,0.362,0.389,-1,Echolocation,/mnt/ubna_data_01_mir/recover-20220725/UBNA_001/20220725_050000.WAV,Carp Pond,recover-20220725,001,1795
1379.1665,1379.1752,37500.0,48522.0,Pipistrellus nathusii,0.538,0.639,-1,Echolocation,/mnt/ubna_data_01_mir/recover-20220725/UBNA_001/20220725_050000.WAV,Carp Pond,recover-20220725,001,1795
1379.2265,1379.2373,37500.0,42335.0,Pipistrellus nathusii,0.188,0.219,-1,Echolocation,/mnt/ubna_data_01_mir/recover-20220725/UBNA_001/20220725_050000.WAV,Carp Pond,recover-20220725,001,1795
1379.2845,1379.2927,37500.0,43549.0,Pipistrellus nathusii,0.531,0.583,-1,Echolocation,/mnt/ubna_data_01_mir/recover-20220725/UBNA_001/20220725_050000.WAV,Carp Pond,recover-20220725,001,1795
1379.4935,1379.5004,38359.0,45766.0,Pipistrellus nathusii,0.151,0.256,-1,Echolocation,/mnt/ubna_data_01_mir/recover-20220725/UBNA_001/20220725_050000.WAV,Carp Pond,recover-20220725,001,1795
1379.5755,1379.5845,37500.0,45642.0,Pipistrellus nathusii,0.39,0.421,-1,Echolocation,/mnt/ubna_data_01_mir/recover-20220725/UBNA_001/20220725_050000.WAV,Carp Pond,recover-20220725,001,1795
1473.8035,1473.8168,21171.0,27206.0,Nyctalus noctula,0.197,0.365,-1,Echolocation,/mnt/ubna_data_01_mir/recover-20220725/UBNA_001/20220725_050000.WAV,Carp Pond,recover-20220725,001,1795
1523.9015,1523.9134,23750.0,28714.0,Nyctalus leisleri,0.117,0.273,-1,Echolocation,/mnt/ubna_data_01_mir/recover-20220725/UBNA_001/20220725_050000.WAV,Carp Pond,recover-20220725,001,1795
1524.5855,1524.5959,45234.0,48048.0,Pipistrellus pipistrellus,0.194,0.241,-1,Echolocation,/mnt/ubna_data_01_mir/recover-20220725/UBNA_001/20220725_050000.WAV,Carp Pond,recover-20220725,001,1795
1567.1315,1567.1413,37500.0,44105.0,Pipistrellus nathusii,0.37,0.411,-1,Echolocation,/mnt/ubna_data_01_mir/recover-20220725/UBNA_001/20220725_050000.WAV,Carp Pond,recover-20220725,001,1795
1567.4225,1567.4328,37500.0,43512.0,Pipistrellus nathusii,0.309,0.37,-1,Echolocation,/mnt/ubna_data_01_mir/recover-20220725/UBNA_001/20220725_050000.WAV,Carp Pond,recover-20220725,001,1795
1567.5155,1567.5254,39218.0,43911.0,Pipistrellus nathusii,0.225,0.257,-1,Echolocation,/mnt/ubna_data_01_mir/recover-20220725/UBNA_001/20220725_050000.WAV,Carp Pond,recover-20220725,001,1795
1567.7085,1567.7174,37500.0,43701.0,Pipistrellus nathusii,0.388,0.437,-1,Echolocation,/mnt/ubna_data_01_mir/recover-20220725/UBNA_001/20220725_050000.WAV,Carp Pond,recover-20220725,001,1795
1567.9815,1567.9909,37500.0,46125.0,Pipistrellus nathusii,0.577,0.655,-1,Echolocation,/mnt/ubna_data_01_mir/recover-20220725/UBNA_001/20220725_050000.WAV,Carp Pond,recover-20220725,001,1795
1568.0445,1568.0534,39218.0,44161.0,Pipistrellus nathusii,0.296,0.342,-1,Echolocation,/mnt/ubna_data_01_mir/recover-20220725/UBNA_001/20220725_050000.WAV,Carp Pond,recover-20220725,001,1795
1568.0995,1568.1062,39218.0,50072.0,Pipistrellus nathusii,0.11,0.302,-1,Echolocation,/mnt/ubna_data_01_mir/recover-20220725/UBNA_001/20220725_050000.WAV,Carp Pond,recover-20220725,001,1795
1568.2575,1568.2649,40937.0,45632.0,Pipistrellus nathusii,0.198,0.225,-1,Echolocation,/mnt/ubna_data_01_mir/recover-20220725/UBNA_001/20220725_050000.WAV,Carp Pond,recover-20220725,001,1795
1576.5745,1576.5855999999999,32343.0,37996.0,Eptesicus serotinus,0.086,0.227,-1,Echolocation,/mnt/ubna_data_01_mir/recover-20220725/UBNA_001/20220725_050000.WAV,Carp Pond,recover-20220725,001,1795
1592.7665,1592.7793,28906.0,35034.0,Eptesicus serotinus,0.128,0.216,-1,Echolocation,/mnt/ubna_data_01_mir/recover-20220725/UBNA_001/20220725_050000.WAV,Carp Pond,recover-20220725,001,1795
1639.7245,1639.7381,23750.0,28912.0,Nyctalus leisleri,0.259,0.405,-1,Echolocation,/mnt/ubna_data_01_mir/recover-20220725/UBNA_001/20220725_050000.WAV,Carp Pond,recover-20220725,001,1795
1641.2905,1641.3075,22890.0,27095.0,Nyctalus leisleri,0.43,0.525,-1,Echolocation,/mnt/ubna_data_01_mir/recover-20220725/UBNA_001/20220725_050000.WAV,Carp Pond,recover-20220725,001,1795
1641.4335,1641.4496,22890.0,27314.0,Nyctalus leisleri,0.146,0.266,-1,Echolocation,/mnt/ubna_data_01_mir/recover-20220725/UBNA_001/20220725_050000.WAV,Carp Pond,recover-20220725,001,1795
1642.3505,1642.366,22890.0,26794.0,Nyctalus leisleri,0.383,0.465,-1,Echolocation,/mnt/ubna_data_01_mir/recover-20220725/UBNA_001/20220725_050000.WAV,Carp Pond,recover-20220725,001,1795
1642.9955,1643.0137,23750.0,28079.0,Nyctalus leisleri,0.222,0.318,-1,Echolocation,/mnt/ubna_data_01_mir/recover-20220725/UBNA_001/20220725_050000.WAV,Carp Pond,recover-20220725,001,1795
1643.1465,1643.1624,23750.0,27071.0,Nyctalus leisleri,0.53,0.591,-1,Echolocation,/mnt/ubna_data_01_mir/recover-20220725/UBNA_001/20220725_050000.WAV,Carp Pond,recover-20220725,001,1795
1643.4135,1643.4288999999999,22890.0,27719.0,Nyctalus leisleri,0.476,0.581,-1,Echolocation,/mnt/ubna_data_01_mir/recover-20220725/UBNA_001/20220725_050000.WAV,Carp Pond,recover-20220725,001,1795
1643.6885,1643.7026,22890.0,27092.0,Nyctalus leisleri,0.627,0.691,-1,Echolocation,/mnt/ubna_data_01_mir/recover-20220725/UBNA_001/20220725_050000.WAV,Carp Pond,recover-20220725,001,1795
1643.8565,1643.8712,22890.0,26949.0,Nyctalus leisleri,0.62,0.674,-1,Echolocation,/mnt/ubna_data_01_mir/recover-20220725/UBNA_001/20220725_050000.WAV,Carp Pond,recover-20220725,001,1795
1644.0835,1644.0969,23750.0,27892.0,Nyctalus leisleri,0.372,0.487,-1,Echolocation,/mnt/ubna_data_01_mir/recover-20220725/UBNA_001/20220725_050000.WAV,Carp Pond,recover-20220725,001,1795
1644.2445,1644.2597,22031.0,26684.0,Nyctalus leisleri,0.452,0.551,-1,Echolocation,/mnt/ubna_data_01_mir/recover-20220725/UBNA_001/20220725_050000.WAV,Carp Pond,recover-20220725,001,1795
1647.5205,1647.5359,22890.0,27403.0,Nyctalus leisleri,0.25,0.378,-1,Echolocation,/mnt/ubna_data_01_mir/recover-20220725/UBNA_001/20220725_050000.WAV,Carp Pond,recover-20220725,001,1795
1647.6905,1647.7045,23750.0,28670.0,Nyctalus leisleri,0.121,0.261,-1,Echolocation,/mnt/ubna_data_01_mir/recover-20220725/UBNA_001/20220725_050000.WAV,Carp Pond,recover-20220725,001,1795
1647.9675,1647.9883,22890.0,28156.0,Nyctalus leisleri,0.226,0.397,-1,Echolocation,/mnt/ubna_data_01_mir/recover-20220725/UBNA_001/20220725_050000.WAV,Carp Pond,recover-20220725,001,1795
1648.1265,1648.145,23750.0,28260.0,Nyctalus leisleri,0.241,0.37,-1,Echolocation,/mnt/ubna_data_01_mir/recover-20220725/UBNA_001/20220725_050000.WAV,Carp Pond,recover-20220725,001,1795
1648.4025,1648.418,22890.0,27119.0,Nyctalus leisleri,0.454,0.558,-1,Echolocation,/mnt/ubna_data_01_mir/recover-20220725/UBNA_001/20220725_050000.WAV,Carp Pond,recover-20220725,001,1795
1648.6595,1648.6745,22890.0,26935.0,Nyctalus leisleri,0.583,0.676,-1,Echolocation,/mnt/ubna_data_01_mir/recover-20220725/UBNA_001/20220725_050000.WAV,Carp Pond,recover-20220725,001,1795
1648.9255,1648.9415,22890.0,27299.0,Nyctalus leisleri,0.49,0.61,-1,Echolocation,/mnt/ubna_data_01_mir/recover-20220725/UBNA_001/20220725_050000.WAV,Carp Pond,recover-20220725,001,1795
1649.1785,1649.1933,22890.0,26523.0,Nyctalus leisleri,0.667,0.728,-1,Echolocation,/mnt/ubna_data_01_mir/recover-20220725/UBNA_001/20220725_050000.WAV,Carp Pond,recover-20220725,001,1795
1649.4385,1649.453,22890.0,25792.0,Nyctalus leisleri,0.662,0.682,-1,Echolocation,/mnt/ubna_data_01_mir/recover-20220725/UBNA_001/20220725_050000.WAV,Carp Pond,recover-20220725,001,1795
1649.7055,1649.7202,23750.0,28062.0,Nyctalus leisleri,0.525,0.595,-1,Echolocation,/mnt/ubna_data_01_mir/recover-20220725/UBNA_001/20220725_050000.WAV,Carp Pond,recover-20220725,001,1795
1649.9745,1649.9909,22890.0,25353.0,Nyctalus leisleri,0.637,0.677,-1,Echolocation,/mnt/ubna_data_01_mir/recover-20220725/UBNA_001/20220725_050000.WAV,Carp Pond,recover-20220725,001,1795
1650.2295,1650.2448,22890.0,26725.0,Nyctalus leisleri,0.628,0.678,-1,Echolocation,/mnt/ubna_data_01_mir/recover-20220725/UBNA_001/20220725_050000.WAV,Carp Pond,recover-20220725,001,1795
1650.4865,1650.5073,22890.0,26578.0,Nyctalus leisleri,0.396,0.453,-1,Echolocation,/mnt/ubna_data_01_mir/recover-20220725/UBNA_001/20220725_050000.WAV,Carp Pond,recover-20220725,001,1795
1650.7465,1650.7668,22890.0,26491.0,Nyctalus leisleri,0.477,0.523,-1,Echolocation,/mnt/ubna_data_01_mir/recover-20220725/UBNA_001/20220725_050000.WAV,Carp Pond,recover-20220725,001,1795
1651.1285,1651.1472,22890.0,26564.0,Nyctalus leisleri,0.523,0.59,-1,Echolocation,/mnt/ubna_data_01_mir/recover-20220725/UBNA_001/20220725_050000.WAV,Carp Pond,recover-20220725,001,1795
1651.3835,1651.4034,22890.0,27113.0,Nyctalus leisleri,0.445,0.538,-1,Echolocation,/mnt/ubna_data_01_mir/recover-20220725/UBNA_001/20220725_050000.WAV,Carp Pond,recover-20220725,001,1795
1651.7775,1651.7946,22890.0,27273.0,Nyctalus leisleri,0.522,0.609,-1,Echolocation,/mnt/ubna_data_01_mir/recover-20220725/UBNA_001/20220725_050000.WAV,Carp Pond,recover-20220725,001,1795
1652.0425,1652.0587,22890.0,27081.0,Nyctalus leisleri,0.612,0.693,-1,Echolocation,/mnt/ubna_data_01_mir/recover-20220725/UBNA_001/20220725_050000.WAV,Carp Pond,recover-20220725,001,1795
1652.3045,1652.3202,22890.0,27204.0,Nyctalus leisleri,0.633,0.708,-1,Echolocation,/mnt/ubna_data_01_mir/recover-20220725/UBNA_001/20220725_050000.WAV,Carp Pond,recover-20220725,001,1795
1652.5635,1652.5811,22890.0,26286.0,Nyctalus leisleri,0.54,0.627,-1,Echolocation,/mnt/ubna_data_01_mir/recover-20220725/UBNA_001/20220725_050000.WAV,Carp Pond,recover-20220725,001,1795
1652.8315,1652.8466,22890.0,28859.0,Nyctalus leisleri,0.455,0.621,-1,Echolocation,/mnt/ubna_data_01_mir/recover-20220725/UBNA_001/20220725_050000.WAV,Carp Pond,recover-20220725,001,1795
1653.2125,1653.2274,22890.0,28094.0,Nyctalus leisleri,0.361,0.559,-1,Echolocation,/mnt/ubna_data_01_mir/recover-20220725/UBNA_001/20220725_050000.WAV,Carp Pond,recover-20220725,001,1795
1653.6095,1653.6264,22890.0,27592.0,Nyctalus leisleri,0.405,0.564,-1,Echolocation,/mnt/ubna_data_01_mir/recover-20220725/UBNA_001/20220725_050000.WAV,Carp Pond,recover-20220725,001,1795
1653.8685,1653.8841,22890.0,27760.0,Nyctalus leisleri,0.487,0.607,-1,Echolocation,/mnt/ubna_data_01_mir/recover-20220725/UBNA_001/20220725_050000.WAV,Carp Pond,recover-20220725,001,1795
1654.2875,1654.3098,22031.0,27572.0,Nyctalus leisleri,0.188,0.377,-1,Echolocation,/mnt/ubna_data_01_mir/recover-20220725/UBNA_001/20220725_050000.WAV,Carp Pond,recover-20220725,001,1795
1654.5635,1654.585,22031.0,26081.0,Nyctalus noctula,0.13,0.243,-1,Echolocation,/mnt/ubna_data_01_mir/recover-20220725/UBNA_001/20220725_050000.WAV,Carp Pond,recover-20220725,001,1795
1654.8375,1654.8621,22890.0,26663.0,Nyctalus leisleri,0.118,0.242,-1,Echolocation,/mnt/ubna_data_01_mir/recover-20220725/UBNA_001/20220725_050000.WAV,Carp Pond,recover-20220725,001,1795
1655.3935,1655.4147,22890.0,27533.0,Nyctalus leisleri,0.134,0.279,-1,Echolocation,/mnt/ubna_data_01_mir/recover-20220725/UBNA_001/20220725_050000.WAV,Carp Pond,recover-20220725,001,1795
1656.9145,1656.9356,22031.0,26377.0,Nyctalus noctula,0.149,0.264,-1,Echolocation,/mnt/ubna_data_01_mir/recover-20220725/UBNA_001/20220725_050000.WAV,Carp Pond,recover-20220725,001,1795
1669.4695,1669.4831,21171.0,27101.0,Nyctalus noctula,0.105,0.207,-1,Echolocation,/mnt/ubna_data_01_mir/recover-20220725/UBNA_001/20220725_050000.WAV,Carp Pond,recover-20220725,001,1795
1711.7715,1711.7814,38359.0,47568.0,Pipistrellus nathusii,0.386,0.48,-1,Echolocation,/mnt/ubna_data_01_mir/recover-20220725/UBNA_001/20220725_050000.WAV,Carp Pond,recover-20220725,001,1795
1712.0645,1712.0751,39218.0,44299.0,Pipistrellus nathusii,0.134,0.201,-1,Echolocation,/mnt/ubna_data_01_mir/recover-20220725/UBNA_001/20220725_050000.WAV,Carp Pond,recover-20220725,001,1795
