start_time,end_time,low_freq,high_freq,class,class_prob,det_prob,individual,event,input_file,Site name,Recover Folder,SD Card,File Duration
1.3635,1.3679,24609,43368,Plecotus austriacus,0.134,0.254,-1,Echolocation,/mnt/ubna_data_01_mir/recover-20220719/UBNA_004/20220718_123000.WAV,Carp Pond,recover-20220719,004,1795
2.0575,2.0645,19453,29406,Plecotus austriacus,0.114,0.226,-1,Echolocation,/mnt/ubna_data_01_mir/recover-20220719/UBNA_004/20220718_123000.WAV,Carp Pond,recover-20220719,004,1795
6.4175,6.4228,23750,34940,Plecotus auritus,0.121,0.276,-1,Echolocation,/mnt/ubna_data_01_mir/recover-20220719/UBNA_004/20220718_123000.WAV,Carp Pond,recover-20220719,004,1795
6.6565,6.667,22031,28149,Nyctalus leisleri,0.061,0.214,-1,Echolocation,/mnt/ubna_data_01_mir/recover-20220719/UBNA_004/20220718_123000.WAV,Carp Pond,recover-20220719,004,1795
6.8405,6.8465,16875,31300,Plecotus austriacus,0.136,0.233,-1,Echolocation,/mnt/ubna_data_01_mir/recover-20220719/UBNA_004/20220718_123000.WAV,Carp Pond,recover-20220719,004,1795
9.5645,9.5692,16015,31513,Plecotus auritus,0.214,0.29,-1,Echolocation,/mnt/ubna_data_01_mir/recover-20220719/UBNA_004/20220718_123000.WAV,Carp Pond,recover-20220719,004,1795
12.4685,12.4739,16015,28987,Plecotus auritus,0.162,0.218,-1,Echolocation,/mnt/ubna_data_01_mir/recover-20220719/UBNA_004/20220718_123000.WAV,Carp Pond,recover-20220719,004,1795
13.7405,13.7457,20312,36629,Plecotus austriacus,0.148,0.226,-1,Echolocation,/mnt/ubna_data_01_mir/recover-20220719/UBNA_004/20220718_123000.WAV,Carp Pond,recover-20220719,004,1795
15.2625,15.2681,17734,32578,Plecotus auritus,0.141,0.267,-1,Echolocation,/mnt/ubna_data_01_mir/recover-20220719/UBNA_004/20220718_123000.WAV,Carp Pond,recover-20220719,004,1795
16.4835,16.4931,22031,29489,Nyctalus leisleri,0.053,0.214,-1,Echolocation,/mnt/ubna_data_01_mir/recover-20220719/UBNA_004/20220718_123000.WAV,Carp Pond,recover-20220719,004,1795
16.6845,16.6883,23750,41353,Plecotus austriacus,0.194,0.263,-1,Echolocation,/mnt/ubna_data_01_mir/recover-20220719/UBNA_004/20220718_123000.WAV,Carp Pond,recover-20220719,004,1795
18.8555,18.8611,16015,27749,Plecotus auritus,0.124,0.215,-1,Echolocation,/mnt/ubna_data_01_mir/recover-20220719/UBNA_004/20220718_123000.WAV,Carp Pond,recover-20220719,004,1795
19.1905,19.1955,18593,30180,Plecotus auritus,0.173,0.327,-1,Echolocation,/mnt/ubna_data_01_mir/recover-20220719/UBNA_004/20220718_123000.WAV,Carp Pond,recover-20220719,004,1795
19.9265,19.9326,20312,30765,Plecotus austriacus,0.147,0.214,-1,Echolocation,/mnt/ubna_data_01_mir/recover-20220719/UBNA_004/20220718_123000.WAV,Carp Pond,recover-20220719,004,1795
20.2785,20.2834,16015,30841,Plecotus auritus,0.194,0.274,-1,Echolocation,/mnt/ubna_data_01_mir/recover-20220719/UBNA_004/20220718_123000.WAV,Carp Pond,recover-20220719,004,1795
21.5945,21.6028,22890,30858,Plecotus austriacus,0.075,0.231,-1,Echolocation,/mnt/ubna_data_01_mir/recover-20220719/UBNA_004/20220718_123000.WAV,Carp Pond,recover-20220719,004,1795
22.7805,22.7865,15156,27086,Plecotus auritus,0.191,0.225,-1,Echolocation,/mnt/ubna_data_01_mir/recover-20220719/UBNA_004/20220718_123000.WAV,Carp Pond,recover-20220719,004,1795
23.0825,23.0899,21171,30178,Plecotus austriacus,0.136,0.229,-1,Echolocation,/mnt/ubna_data_01_mir/recover-20220719/UBNA_004/20220718_123000.WAV,Carp Pond,recover-20220719,004,1795
24.4175,24.4227,15156,26697,Plecotus auritus,0.212,0.271,-1,Echolocation,/mnt/ubna_data_01_mir/recover-20220719/UBNA_004/20220718_123000.WAV,Carp Pond,recover-20220719,004,1795
25.9385,25.9448,20312,31471,Plecotus austriacus,0.162,0.229,-1,Echolocation,/mnt/ubna_data_01_mir/recover-20220719/UBNA_004/20220718_123000.WAV,Carp Pond,recover-20220719,004,1795
27.5745,27.5784,16875,32682,Plecotus auritus,0.288,0.409,-1,Echolocation,/mnt/ubna_data_01_mir/recover-20220719/UBNA_004/20220718_123000.WAV,Carp Pond,recover-20220719,004,1795
28.0585,28.0624,33203,49417,Myotis nattereri,0.066,0.226,-1,Echolocation,/mnt/ubna_data_01_mir/recover-20220719/UBNA_004/20220718_123000.WAV,Carp Pond,recover-20220719,004,1795
28.7395,28.7445,16875,30569,Plecotus austriacus,0.209,0.398,-1,Echolocation,/mnt/ubna_data_01_mir/recover-20220719/UBNA_004/20220718_123000.WAV,Carp Pond,recover-20220719,004,1795
29.3475,29.3533,21171,31158,Plecotus austriacus,0.168,0.238,-1,Echolocation,/mnt/ubna_data_01_mir/recover-20220719/UBNA_004/20220718_123000.WAV,Carp Pond,recover-20220719,004,1795
29.3975,29.4032,18593,29754,Plecotus austriacus,0.169,0.274,-1,Echolocation,/mnt/ubna_data_01_mir/recover-20220719/UBNA_004/20220718_123000.WAV,Carp Pond,recover-20220719,004,1795
29.9295,29.9347,19453,34259,Plecotus austriacus,0.128,0.202,-1,Echolocation,/mnt/ubna_data_01_mir/recover-20220719/UBNA_004/20220718_123000.WAV,Carp Pond,recover-20220719,004,1795
30.2745,30.2806,16875,28632,Plecotus auritus,0.102,0.207,-1,Echolocation,/mnt/ubna_data_01_mir/recover-20220719/UBNA_004/20220718_123000.WAV,Carp Pond,recover-20220719,004,1795
30.6205,30.6263,22890,33906,Plecotus austriacus,0.201,0.258,-1,Echolocation,/mnt/ubna_data_01_mir/recover-20220719/UBNA_004/20220718_123000.WAV,Carp Pond,recover-20220719,004,1795
32.0165,32.0212,16015,30832,Plecotus auritus,0.186,0.288,-1,Echolocation,/mnt/ubna_data_01_mir/recover-20220719/UBNA_004/20220718_123000.WAV,Carp Pond,recover-20220719,004,1795
32.8325,32.8374,18593,30933,Plecotus austriacus,0.225,0.369,-1,Echolocation,/mnt/ubna_data_01_mir/recover-20220719/UBNA_004/20220718_123000.WAV,Carp Pond,recover-20220719,004,1795
33.2155,33.22,18593,31180,Plecotus austriacus,0.164,0.326,-1,Echolocation,/mnt/ubna_data_01_mir/recover-20220719/UBNA_004/20220718_123000.WAV,Carp Pond,recover-20220719,004,1795
34.9045,34.9095,17734,31960,Plecotus austriacus,0.144,0.219,-1,Echolocation,/mnt/ubna_data_01_mir/recover-20220719/UBNA_004/20220718_123000.WAV,Carp Pond,recover-20220719,004,1795
35.2335,35.2385,15156,36420,Plecotus auritus,0.168,0.217,-1,Echolocation,/mnt/ubna_data_01_mir/recover-20220719/UBNA_004/20220718_123000.WAV,Carp Pond,recover-20220719,004,1795
35.4325,35.4369,16875,33994,Plecotus austriacus,0.15,0.222,-1,Echolocation,/mnt/ubna_data_01_mir/recover-20220719/UBNA_004/20220718_123000.WAV,Carp Pond,recover-20220719,004,1795
36.1505,36.1558,16875,31954,Plecotus auritus,0.148,0.225,-1,Echolocation,/mnt/ubna_data_01_mir/recover-20220719/UBNA_004/20220718_123000.WAV,Carp Pond,recover-20220719,004,1795
36.5065,36.5148,16015,24657,Plecotus auritus,0.087,0.297,-1,Echolocation,/mnt/ubna_data_01_mir/recover-20220719/UBNA_004/20220718_123000.WAV,Carp Pond,recover-20220719,004,1795
36.8045,36.8112,18593,31465,Plecotus austriacus,0.146,0.22,-1,Echolocation,/mnt/ubna_data_01_mir/recover-20220719/UBNA_004/20220718_123000.WAV,Carp Pond,recover-20220719,004,1795
38.3815,38.3874,16015,28486,Plecotus auritus,0.163,0.221,-1,Echolocation,/mnt/ubna_data_01_mir/recover-20220719/UBNA_004/20220718_123000.WAV,Carp Pond,recover-20220719,004,1795
38.9405,38.9465,16875,28851,Plecotus auritus,0.155,0.261,-1,Echolocation,/mnt/ubna_data_01_mir/recover-20220719/UBNA_004/20220718_123000.WAV,Carp Pond,recover-20220719,004,1795
39.0555,39.059799999999996,15156,32465,Plecotus auritus,0.206,0.26,-1,Echolocation,/mnt/ubna_data_01_mir/recover-20220719/UBNA_004/20220718_123000.WAV,Carp Pond,recover-20220719,004,1795
40.161500000000004,40.1674,22890,32506,Plecotus austriacus,0.202,0.283,-1,Echolocation,/mnt/ubna_data_01_mir/recover-20220719/UBNA_004/20220718_123000.WAV,Carp Pond,recover-20220719,004,1795
40.570499999999996,40.576499999999996,19453,32292,Plecotus austriacus,0.133,0.275,-1,Echolocation,/mnt/ubna_data_01_mir/recover-20220719/UBNA_004/20220718_123000.WAV,Carp Pond,recover-20220719,004,1795
41.4465,41.451,23750,39646,Plecotus austriacus,0.224,0.288,-1,Echolocation,/mnt/ubna_data_01_mir/recover-20220719/UBNA_004/20220718_123000.WAV,Carp Pond,recover-20220719,004,1795
45.4035,45.4097,20312,30415,Plecotus austriacus,0.174,0.259,-1,Echolocation,/mnt/ubna_data_01_mir/recover-20220719/UBNA_004/20220718_123000.WAV,Carp Pond,recover-20220719,004,1795
45.9525,45.9609,17734,27145,Plecotus austriacus,0.104,0.222,-1,Echolocation,/mnt/ubna_data_01_mir/recover-20220719/UBNA_004/20220718_123000.WAV,Carp Pond,recover-20220719,004,1795
46.5595,46.5643,16015,31600,Plecotus auritus,0.199,0.27,-1,Echolocation,/mnt/ubna_data_01_mir/recover-20220719/UBNA_004/20220718_123000.WAV,Carp Pond,recover-20220719,004,1795
46.7845,46.788799999999995,16015,33521,Plecotus auritus,0.129,0.207,-1,Echolocation,/mnt/ubna_data_01_mir/recover-20220719/UBNA_004/20220718_123000.WAV,Carp Pond,recover-20220719,004,1795
47.2255,47.230599999999995,17734,29761,Plecotus austriacus,0.186,0.249,-1,Echolocation,/mnt/ubna_data_01_mir/recover-20220719/UBNA_004/20220718_123000.WAV,Carp Pond,recover-20220719,004,1795
47.7515,47.7572,19453,29691,Plecotus austriacus,0.155,0.25,-1,Echolocation,/mnt/ubna_data_01_mir/recover-20220719/UBNA_004/20220718_123000.WAV,Carp Pond,recover-20220719,004,1795
48.295500000000004,48.299800000000005,15156,34138,Plecotus auritus,0.161,0.209,-1,Echolocation,/mnt/ubna_data_01_mir/recover-20220719/UBNA_004/20220718_123000.WAV,Carp Pond,recover-20220719,004,1795
49.0305,49.035399999999996,16015,30398,Plecotus auritus,0.219,0.284,-1,Echolocation,/mnt/ubna_data_01_mir/recover-20220719/UBNA_004/20220718_123000.WAV,Carp Pond,recover-20220719,004,1795
49.6605,49.6649,22890,37196,Plecotus austriacus,0.225,0.284,-1,Echolocation,/mnt/ubna_data_01_mir/recover-20220719/UBNA_004/20220718_123000.WAV,Carp Pond,recover-20220719,004,1795
52.1305,52.1352,22890,41158,Plecotus austriacus,0.115,0.204,-1,Echolocation,/mnt/ubna_data_01_mir/recover-20220719/UBNA_004/20220718_123000.WAV,Carp Pond,recover-20220719,004,1795
53.2265,53.2299,28046,54452,Myotis nattereri,0.209,0.317,-1,Echolocation,/mnt/ubna_data_01_mir/recover-20220719/UBNA_004/20220718_123000.WAV,Carp Pond,recover-20220719,004,1795
54.9225,54.9267,26328,43474,Plecotus austriacus,0.124,0.238,-1,Echolocation,/mnt/ubna_data_01_mir/recover-20220719/UBNA_004/20220718_123000.WAV,Carp Pond,recover-20220719,004,1795
56.2715,56.2756,16015,33787,Plecotus austriacus,0.103,0.203,-1,Echolocation,/mnt/ubna_data_01_mir/recover-20220719/UBNA_004/20220718_123000.WAV,Carp Pond,recover-20220719,004,1795
63.7345,63.740899999999996,17734,29263,Plecotus austriacus,0.109,0.208,-1,Echolocation,/mnt/ubna_data_01_mir/recover-20220719/UBNA_004/20220718_123000.WAV,Carp Pond,recover-20220719,004,1795
63.8275,63.8369,21171,29245,Plecotus austriacus,0.083,0.223,-1,Echolocation,/mnt/ubna_data_01_mir/recover-20220719/UBNA_004/20220718_123000.WAV,Carp Pond,recover-20220719,004,1795
67.0455,67.0508,20312,31316,Plecotus austriacus,0.195,0.337,-1,Echolocation,/mnt/ubna_data_01_mir/recover-20220719/UBNA_004/20220718_123000.WAV,Carp Pond,recover-20220719,004,1795
67.4935,67.4985,16875,32824,Plecotus auritus,0.121,0.21,-1,Echolocation,/mnt/ubna_data_01_mir/recover-20220719/UBNA_004/20220718_123000.WAV,Carp Pond,recover-20220719,004,1795
67.7475,67.7524,17734,33533,Plecotus austriacus,0.104,0.208,-1,Echolocation,/mnt/ubna_data_01_mir/recover-20220719/UBNA_004/20220718_123000.WAV,Carp Pond,recover-20220719,004,1795
70.7565,70.7608,14296,34428,Plecotus auritus,0.161,0.212,-1,Echolocation,/mnt/ubna_data_01_mir/recover-20220719/UBNA_004/20220718_123000.WAV,Carp Pond,recover-20220719,004,1795
70.8065,70.81569999999999,30625,38157,Eptesicus serotinus,0.146,0.222,-1,Echolocation,/mnt/ubna_data_01_mir/recover-20220719/UBNA_004/20220718_123000.WAV,Carp Pond,recover-20220719,004,1795
70.9125,70.9195,19453,29593,Plecotus austriacus,0.111,0.28,-1,Echolocation,/mnt/ubna_data_01_mir/recover-20220719/UBNA_004/20220718_123000.WAV,Carp Pond,recover-20220719,004,1795
71.9525,71.9574,16015,34314,Plecotus auritus,0.162,0.251,-1,Echolocation,/mnt/ubna_data_01_mir/recover-20220719/UBNA_004/20220718_123000.WAV,Carp Pond,recover-20220719,004,1795
72.9495,72.9554,20312,31264,Plecotus austriacus,0.161,0.209,-1,Echolocation,/mnt/ubna_data_01_mir/recover-20220719/UBNA_004/20220718_123000.WAV,Carp Pond,recover-20220719,004,1795
76.9435,76.9477,28046,42487,Plecotus austriacus,0.11,0.211,-1,Echolocation,/mnt/ubna_data_01_mir/recover-20220719/UBNA_004/20220718_123000.WAV,Carp Pond,recover-20220719,004,1795
77.3925,77.3967,15156,34400,Plecotus auritus,0.161,0.258,-1,Echolocation,/mnt/ubna_data_01_mir/recover-20220719/UBNA_004/20220718_123000.WAV,Carp Pond,recover-20220719,004,1795
77.4065,77.4115,17734,31895,Plecotus auritus,0.145,0.269,-1,Echolocation,/mnt/ubna_data_01_mir/recover-20220719/UBNA_004/20220718_123000.WAV,Carp Pond,recover-20220719,004,1795
79.3155,79.3206,14296,32108,Plecotus auritus,0.201,0.237,-1,Echolocation,/mnt/ubna_data_01_mir/recover-20220719/UBNA_004/20220718_123000.WAV,Carp Pond,recover-20220719,004,1795
80.8005,80.8075,17734,27231,Plecotus austriacus,0.128,0.212,-1,Echolocation,/mnt/ubna_data_01_mir/recover-20220719/UBNA_004/20220718_123000.WAV,Carp Pond,recover-20220719,004,1795
81.6555,81.6643,15156,27786,Plecotus auritus,0.082,0.234,-1,Echolocation,/mnt/ubna_data_01_mir/recover-20220719/UBNA_004/20220718_123000.WAV,Carp Pond,recover-20220719,004,1795
82.8455,82.8523,19453,31041,Plecotus austriacus,0.171,0.238,-1,Echolocation,/mnt/ubna_data_01_mir/recover-20220719/UBNA_004/20220718_123000.WAV,Carp Pond,recover-20220719,004,1795
83.4865,83.491,16015,32894,Plecotus auritus,0.206,0.281,-1,Echolocation,/mnt/ubna_data_01_mir/recover-20220719/UBNA_004/20220718_123000.WAV,Carp Pond,recover-20220719,004,1795
83.6905,83.69630000000001,16015,29585,Plecotus auritus,0.167,0.22,-1,Echolocation,/mnt/ubna_data_01_mir/recover-20220719/UBNA_004/20220718_123000.WAV,Carp Pond,recover-20220719,004,1795
84.86449999999999,84.8685,17734,30983,Plecotus auritus,0.213,0.306,-1,Echolocation,/mnt/ubna_data_01_mir/recover-20220719/UBNA_004/20220718_123000.WAV,Carp Pond,recover-20220719,004,1795
85.4505,85.4545,15156,35687,Plecotus auritus,0.17,0.231,-1,Echolocation,/mnt/ubna_data_01_mir/recover-20220719/UBNA_004/20220718_123000.WAV,Carp Pond,recover-20220719,004,1795
85.7895,85.801,22890,28199,Eptesicus serotinus,0.114,0.252,-1,Echolocation,/mnt/ubna_data_01_mir/recover-20220719/UBNA_004/20220718_123000.WAV,Carp Pond,recover-20220719,004,1795
87.34049999999999,87.3455,32343,44081,Eptesicus serotinus,0.095,0.279,-1,Echolocation,/mnt/ubna_data_01_mir/recover-20220719/UBNA_004/20220718_123000.WAV,Carp Pond,recover-20220719,004,1795
89.1615,89.1669,16875,31926,Plecotus austriacus,0.137,0.227,-1,Echolocation,/mnt/ubna_data_01_mir/recover-20220719/UBNA_004/20220718_123000.WAV,Carp Pond,recover-20220719,004,1795
90.2195,90.2286,20312,28258,Plecotus austriacus,0.068,0.228,-1,Echolocation,/mnt/ubna_data_01_mir/recover-20220719/UBNA_004/20220718_123000.WAV,Carp Pond,recover-20220719,004,1795
90.5165,90.5252,28046,36057,Eptesicus serotinus,0.176,0.274,-1,Echolocation,/mnt/ubna_data_01_mir/recover-20220719/UBNA_004/20220718_123000.WAV,Carp Pond,recover-20220719,004,1795
90.9405,90.945,16875,31756,Plecotus auritus,0.153,0.263,-1,Echolocation,/mnt/ubna_data_01_mir/recover-20220719/UBNA_004/20220718_123000.WAV,Carp Pond,recover-20220719,004,1795
91.5205,91.52590000000001,18593,31007,Plecotus austriacus,0.143,0.229,-1,Echolocation,/mnt/ubna_data_01_mir/recover-20220719/UBNA_004/20220718_123000.WAV,Carp Pond,recover-20220719,004,1795
91.7245,91.7291,16015,31836,Plecotus austriacus,0.113,0.22,-1,Echolocation,/mnt/ubna_data_01_mir/recover-20220719/UBNA_004/20220718_123000.WAV,Carp Pond,recover-20220719,004,1795
93.6225,93.6262,16875,38269,Plecotus austriacus,0.162,0.314,-1,Echolocation,/mnt/ubna_data_01_mir/recover-20220719/UBNA_004/20220718_123000.WAV,Carp Pond,recover-20220719,004,1795
94.0725,94.0774,18593,37384,Plecotus austriacus,0.212,0.255,-1,Echolocation,/mnt/ubna_data_01_mir/recover-20220719/UBNA_004/20220718_123000.WAV,Carp Pond,recover-20220719,004,1795
94.5615,94.5679,17734,29832,Plecotus austriacus,0.104,0.208,-1,Echolocation,/mnt/ubna_data_01_mir/recover-20220719/UBNA_004/20220718_123000.WAV,Carp Pond,recover-20220719,004,1795
95.5775,95.5829,16875,28866,Plecotus austriacus,0.176,0.236,-1,Echolocation,/mnt/ubna_data_01_mir/recover-20220719/UBNA_004/20220718_123000.WAV,Carp Pond,recover-20220719,004,1795
96.0325,96.0367,16015,35024,Plecotus auritus,0.134,0.203,-1,Echolocation,/mnt/ubna_data_01_mir/recover-20220719/UBNA_004/20220718_123000.WAV,Carp Pond,recover-20220719,004,1795
97.0435,97.0478,16015,31792,Plecotus auritus,0.129,0.237,-1,Echolocation,/mnt/ubna_data_01_mir/recover-20220719/UBNA_004/20220718_123000.WAV,Carp Pond,recover-20220719,004,1795
97.1015,97.1066,16875,30401,Plecotus austriacus,0.12,0.218,-1,Echolocation,/mnt/ubna_data_01_mir/recover-20220719/UBNA_004/20220718_123000.WAV,Carp Pond,recover-20220719,004,1795
98.3785,98.3841,14296,29297,Plecotus auritus,0.183,0.233,-1,Echolocation,/mnt/ubna_data_01_mir/recover-20220719/UBNA_004/20220718_123000.WAV,Carp Pond,recover-20220719,004,1795
99.5015,99.5051,17734,63788,Myotis nattereri,0.316,0.338,-1,Echolocation,/mnt/ubna_data_01_mir/recover-20220719/UBNA_004/20220718_123000.WAV,Carp Pond,recover-20220719,004,1795
99.6625,99.6666,18593,31413,Plecotus austriacus,0.214,0.317,-1,Echolocation,/mnt/ubna_data_01_mir/recover-20220719/UBNA_004/20220718_123000.WAV,Carp Pond,recover-20220719,004,1795
100.3495,100.3657,46093,49703,Pipistrellus pipistrellus,0.184,0.215,-1,Echolocation,/mnt/ubna_data_01_mir/recover-20220719/UBNA_004/20220718_123000.WAV,Carp Pond,recover-20220719,004,1795
104.4705,104.4761,18593,29726,Plecotus austriacus,0.152,0.216,-1,Echolocation,/mnt/ubna_data_01_mir/recover-20220719/UBNA_004/20220718_123000.WAV,Carp Pond,recover-20220719,004,1795
106.04650000000001,106.0514,16875,30676,Plecotus austriacus,0.137,0.237,-1,Echolocation,/mnt/ubna_data_01_mir/recover-20220719/UBNA_004/20220718_123000.WAV,Carp Pond,recover-20220719,004,1795
106.7205,106.7256,19453,31653,Plecotus austriacus,0.19,0.24,-1,Echolocation,/mnt/ubna_data_01_mir/recover-20220719/UBNA_004/20220718_123000.WAV,Carp Pond,recover-20220719,004,1795
106.8265,106.833,21171,30978,Plecotus austriacus,0.131,0.206,-1,Echolocation,/mnt/ubna_data_01_mir/recover-20220719/UBNA_004/20220718_123000.WAV,Carp Pond,recover-20220719,004,1795
109.1635,109.1678,16015,29510,Plecotus auritus,0.331,0.436,-1,Echolocation,/mnt/ubna_data_01_mir/recover-20220719/UBNA_004/20220718_123000.WAV,Carp Pond,recover-20220719,004,1795
110.7285,110.7338,18593,31576,Plecotus austriacus,0.163,0.218,-1,Echolocation,/mnt/ubna_data_01_mir/recover-20220719/UBNA_004/20220718_123000.WAV,Carp Pond,recover-20220719,004,1795
111.7745,111.77850000000001,25468,41804,Plecotus austriacus,0.135,0.213,-1,Echolocation,/mnt/ubna_data_01_mir/recover-20220719/UBNA_004/20220718_123000.WAV,Carp Pond,recover-20220719,004,1795
112.8865,112.8918,24609,37389,Plecotus austriacus,0.156,0.213,-1,Echolocation,/mnt/ubna_data_01_mir/recover-20220719/UBNA_004/20220718_123000.WAV,Carp Pond,recover-20220719,004,1795
114.3185,114.32300000000001,16015,35127,Plecotus auritus,0.14,0.211,-1,Echolocation,/mnt/ubna_data_01_mir/recover-20220719/UBNA_004/20220718_123000.WAV,Carp Pond,recover-20220719,004,1795
115.2325,115.2398,18593,29282,Plecotus austriacus,0.134,0.208,-1,Echolocation,/mnt/ubna_data_01_mir/recover-20220719/UBNA_004/20220718_123000.WAV,Carp Pond,recover-20220719,004,1795
118.8425,118.8477,15156,29315,Plecotus auritus,0.171,0.232,-1,Echolocation,/mnt/ubna_data_01_mir/recover-20220719/UBNA_004/20220718_123000.WAV,Carp Pond,recover-20220719,004,1795
120.2565,120.2641,22031,31134,Plecotus austriacus,0.125,0.228,-1,Echolocation,/mnt/ubna_data_01_mir/recover-20220719/UBNA_004/20220718_123000.WAV,Carp Pond,recover-20220719,004,1795
122.4105,122.4139,14296,37676,Plecotus auritus,0.217,0.267,-1,Echolocation,/mnt/ubna_data_01_mir/recover-20220719/UBNA_004/20220718_123000.WAV,Carp Pond,recover-20220719,004,1795
122.5375,122.543,22031,36889,Plecotus austriacus,0.185,0.244,-1,Echolocation,/mnt/ubna_data_01_mir/recover-20220719/UBNA_004/20220718_123000.WAV,Carp Pond,recover-20220719,004,1795
123.0545,123.062,28046,37884,Eptesicus serotinus,0.072,0.208,-1,Echolocation,/mnt/ubna_data_01_mir/recover-20220719/UBNA_004/20220718_123000.WAV,Carp Pond,recover-20220719,004,1795
123.5675,123.5732,17734,31943,Plecotus austriacus,0.187,0.242,-1,Echolocation,/mnt/ubna_data_01_mir/recover-20220719/UBNA_004/20220718_123000.WAV,Carp Pond,recover-20220719,004,1795
123.7695,123.77590000000001,17734,28742,Plecotus austriacus,0.154,0.283,-1,Echolocation,/mnt/ubna_data_01_mir/recover-20220719/UBNA_004/20220718_123000.WAV,Carp Pond,recover-20220719,004,1795
124.3945,124.40690000000001,23750,28147,Nyctalus leisleri,0.101,0.201,-1,Echolocation,/mnt/ubna_data_01_mir/recover-20220719/UBNA_004/20220718_123000.WAV,Carp Pond,recover-20220719,004,1795
126.7435,126.7486,16875,33828,Plecotus austriacus,0.138,0.233,-1,Echolocation,/mnt/ubna_data_01_mir/recover-20220719/UBNA_004/20220718_123000.WAV,Carp Pond,recover-20220719,004,1795
128.5695,128.5747,17734,32334,Plecotus austriacus,0.16,0.211,-1,Echolocation,/mnt/ubna_data_01_mir/recover-20220719/UBNA_004/20220718_123000.WAV,Carp Pond,recover-20220719,004,1795
130.1125,130.1171,25468,40356,Plecotus austriacus,0.132,0.214,-1,Echolocation,/mnt/ubna_data_01_mir/recover-20220719/UBNA_004/20220718_123000.WAV,Carp Pond,recover-20220719,004,1795
130.5895,130.593,30625,48771,Myotis daubentonii,0.092,0.235,-1,Echolocation,/mnt/ubna_data_01_mir/recover-20220719/UBNA_004/20220718_123000.WAV,Carp Pond,recover-20220719,004,1795
131.6075,131.6153,21171,30551,Plecotus austriacus,0.102,0.262,-1,Echolocation,/mnt/ubna_data_01_mir/recover-20220719/UBNA_004/20220718_123000.WAV,Carp Pond,recover-20220719,004,1795
131.6345,131.6404,21171,35236,Plecotus austriacus,0.159,0.219,-1,Echolocation,/mnt/ubna_data_01_mir/recover-20220719/UBNA_004/20220718_123000.WAV,Carp Pond,recover-20220719,004,1795
131.8065,131.8115,13437,30838,Plecotus auritus,0.201,0.242,-1,Echolocation,/mnt/ubna_data_01_mir/recover-20220719/UBNA_004/20220718_123000.WAV,Carp Pond,recover-20220719,004,1795
131.9545,131.9594,21171,35853,Plecotus austriacus,0.148,0.202,-1,Echolocation,/mnt/ubna_data_01_mir/recover-20220719/UBNA_004/20220718_123000.WAV,Carp Pond,recover-20220719,004,1795
133.1955,133.2077,22890,27933,Nyctalus leisleri,0.109,0.254,-1,Echolocation,/mnt/ubna_data_01_mir/recover-20220719/UBNA_004/20220718_123000.WAV,Carp Pond,recover-20220719,004,1795
133.9175,133.9254,21171,29779,Plecotus austriacus,0.131,0.317,-1,Echolocation,/mnt/ubna_data_01_mir/recover-20220719/UBNA_004/20220718_123000.WAV,Carp Pond,recover-20220719,004,1795
134.1335,134.1398,18593,29763,Plecotus austriacus,0.167,0.219,-1,Echolocation,/mnt/ubna_data_01_mir/recover-20220719/UBNA_004/20220718_123000.WAV,Carp Pond,recover-20220719,004,1795
134.7675,134.7723,20312,36886,Plecotus austriacus,0.201,0.255,-1,Echolocation,/mnt/ubna_data_01_mir/recover-20220719/UBNA_004/20220718_123000.WAV,Carp Pond,recover-20220719,004,1795
137.0625,137.0659,25468,52300,Myotis nattereri,0.145,0.229,-1,Echolocation,/mnt/ubna_data_01_mir/recover-20220719/UBNA_004/20220718_123000.WAV,Carp Pond,recover-20220719,004,1795
138.7755,138.7805,16875,32796,Plecotus auritus,0.103,0.212,-1,Echolocation,/mnt/ubna_data_01_mir/recover-20220719/UBNA_004/20220718_123000.WAV,Carp Pond,recover-20220719,004,1795
139.3085,139.3129,19453,62394,Myotis nattereri,0.198,0.209,-1,Echolocation,/mnt/ubna_data_01_mir/recover-20220719/UBNA_004/20220718_123000.WAV,Carp Pond,recover-20220719,004,1795
139.6645,139.6705,20312,30337,Plecotus austriacus,0.166,0.241,-1,Echolocation,/mnt/ubna_data_01_mir/recover-20220719/UBNA_004/20220718_123000.WAV,Carp Pond,recover-20220719,004,1795
139.6915,139.696,16875,33423,Plecotus austriacus,0.162,0.207,-1,Echolocation,/mnt/ubna_data_01_mir/recover-20220719/UBNA_004/20220718_123000.WAV,Carp Pond,recover-20220719,004,1795
140.3275,140.3333,17734,29273,Plecotus austriacus,0.149,0.215,-1,Echolocation,/mnt/ubna_data_01_mir/recover-20220719/UBNA_004/20220718_123000.WAV,Carp Pond,recover-20220719,004,1795
140.9315,140.9371,19453,31289,Plecotus austriacus,0.144,0.212,-1,Echolocation,/mnt/ubna_data_01_mir/recover-20220719/UBNA_004/20220718_123000.WAV,Carp Pond,recover-20220719,004,1795
141.2075,141.2125,18593,30750,Plecotus austriacus,0.232,0.299,-1,Echolocation,/mnt/ubna_data_01_mir/recover-20220719/UBNA_004/20220718_123000.WAV,Carp Pond,recover-20220719,004,1795
141.7765,141.7807,17734,32773,Plecotus austriacus,0.115,0.226,-1,Echolocation,/mnt/ubna_data_01_mir/recover-20220719/UBNA_004/20220718_123000.WAV,Carp Pond,recover-20220719,004,1795
142.2315,142.2374,22890,34359,Plecotus austriacus,0.187,0.229,-1,Echolocation,/mnt/ubna_data_01_mir/recover-20220719/UBNA_004/20220718_123000.WAV,Carp Pond,recover-20220719,004,1795
143.5845,143.5884,14296,35144,Plecotus auritus,0.136,0.233,-1,Echolocation,/mnt/ubna_data_01_mir/recover-20220719/UBNA_004/20220718_123000.WAV,Carp Pond,recover-20220719,004,1795
144.0555,144.0605,19453,31662,Plecotus austriacus,0.178,0.28,-1,Echolocation,/mnt/ubna_data_01_mir/recover-20220719/UBNA_004/20220718_123000.WAV,Carp Pond,recover-20220719,004,1795
144.4805,144.4865,22031,31629,Plecotus austriacus,0.171,0.343,-1,Echolocation,/mnt/ubna_data_01_mir/recover-20220719/UBNA_004/20220718_123000.WAV,Carp Pond,recover-20220719,004,1795
144.67849999999999,144.6824,16875,34401,Plecotus auritus,0.204,0.383,-1,Echolocation,/mnt/ubna_data_01_mir/recover-20220719/UBNA_004/20220718_123000.WAV,Carp Pond,recover-20220719,004,1795
145.1365,145.1419,17734,29636,Plecotus austriacus,0.195,0.285,-1,Echolocation,/mnt/ubna_data_01_mir/recover-20220719/UBNA_004/20220718_123000.WAV,Carp Pond,recover-20220719,004,1795
145.4435,145.4523,20312,28485,Plecotus austriacus,0.07,0.205,-1,Echolocation,/mnt/ubna_data_01_mir/recover-20220719/UBNA_004/20220718_123000.WAV,Carp Pond,recover-20220719,004,1795
145.5135,145.5177,17734,29649,Plecotus auritus,0.199,0.383,-1,Echolocation,/mnt/ubna_data_01_mir/recover-20220719/UBNA_004/20220718_123000.WAV,Carp Pond,recover-20220719,004,1795
145.6235,145.6284,16875,31996,Plecotus austriacus,0.123,0.236,-1,Echolocation,/mnt/ubna_data_01_mir/recover-20220719/UBNA_004/20220718_123000.WAV,Carp Pond,recover-20220719,004,1795
146.3445,146.3491,16875,31437,Plecotus auritus,0.157,0.281,-1,Echolocation,/mnt/ubna_data_01_mir/recover-20220719/UBNA_004/20220718_123000.WAV,Carp Pond,recover-20220719,004,1795
146.77949999999998,146.7846,16875,30656,Plecotus austriacus,0.181,0.233,-1,Echolocation,/mnt/ubna_data_01_mir/recover-20220719/UBNA_004/20220718_123000.WAV,Carp Pond,recover-20220719,004,1795
147.0135,147.0183,16875,32357,Plecotus austriacus,0.116,0.203,-1,Echolocation,/mnt/ubna_data_01_mir/recover-20220719/UBNA_004/20220718_123000.WAV,Carp Pond,recover-20220719,004,1795
147.2875,147.2935,22890,33614,Plecotus austriacus,0.183,0.227,-1,Echolocation,/mnt/ubna_data_01_mir/recover-20220719/UBNA_004/20220718_123000.WAV,Carp Pond,recover-20220719,004,1795
147.9935,147.9984,14296,31528,Plecotus auritus,0.195,0.258,-1,Echolocation,/mnt/ubna_data_01_mir/recover-20220719/UBNA_004/20220718_123000.WAV,Carp Pond,recover-20220719,004,1795
150.7045,150.7105,21171,31346,Plecotus austriacus,0.168,0.253,-1,Echolocation,/mnt/ubna_data_01_mir/recover-20220719/UBNA_004/20220718_123000.WAV,Carp Pond,recover-20220719,004,1795
152.0455,152.0535,22031,31315,Plecotus austriacus,0.153,0.252,-1,Echolocation,/mnt/ubna_data_01_mir/recover-20220719/UBNA_004/20220718_123000.WAV,Carp Pond,recover-20220719,004,1795
152.5775,152.5831,17734,30308,Plecotus austriacus,0.227,0.39,-1,Echolocation,/mnt/ubna_data_01_mir/recover-20220719/UBNA_004/20220718_123000.WAV,Carp Pond,recover-20220719,004,1795
152.7175,152.7262,20312,28545,Plecotus austriacus,0.087,0.232,-1,Echolocation,/mnt/ubna_data_01_mir/recover-20220719/UBNA_004/20220718_123000.WAV,Carp Pond,recover-20220719,004,1795
152.8545,152.8586,17734,35082,Plecotus austriacus,0.18,0.275,-1,Echolocation,/mnt/ubna_data_01_mir/recover-20220719/UBNA_004/20220718_123000.WAV,Carp Pond,recover-20220719,004,1795
153.3315,153.3357,15156,34582,Plecotus auritus,0.158,0.209,-1,Echolocation,/mnt/ubna_data_01_mir/recover-20220719/UBNA_004/20220718_123000.WAV,Carp Pond,recover-20220719,004,1795
153.3805,153.3963,21171,26768,Eptesicus serotinus,0.083,0.216,-1,Echolocation,/mnt/ubna_data_01_mir/recover-20220719/UBNA_004/20220718_123000.WAV,Carp Pond,recover-20220719,004,1795
153.4295,153.4342,17734,31738,Plecotus austriacus,0.169,0.223,-1,Echolocation,/mnt/ubna_data_01_mir/recover-20220719/UBNA_004/20220718_123000.WAV,Carp Pond,recover-20220719,004,1795
153.9345,153.9392,19453,38205,Plecotus austriacus,0.259,0.341,-1,Echolocation,/mnt/ubna_data_01_mir/recover-20220719/UBNA_004/20220718_123000.WAV,Carp Pond,recover-20220719,004,1795
155.7165,155.7201,15156,37045,Plecotus auritus,0.245,0.325,-1,Echolocation,/mnt/ubna_data_01_mir/recover-20220719/UBNA_004/20220718_123000.WAV,Carp Pond,recover-20220719,004,1795
156.6455,156.6497,14296,32706,Plecotus auritus,0.171,0.221,-1,Echolocation,/mnt/ubna_data_01_mir/recover-20220719/UBNA_004/20220718_123000.WAV,Carp Pond,recover-20220719,004,1795
157.7485,157.7555,19453,29368,Plecotus austriacus,0.111,0.284,-1,Echolocation,/mnt/ubna_data_01_mir/recover-20220719/UBNA_004/20220718_123000.WAV,Carp Pond,recover-20220719,004,1795
158.0105,158.0163,18593,35729,Plecotus austriacus,0.149,0.202,-1,Echolocation,/mnt/ubna_data_01_mir/recover-20220719/UBNA_004/20220718_123000.WAV,Carp Pond,recover-20220719,004,1795
158.9905,158.9962,20312,30880,Plecotus austriacus,0.19,0.25,-1,Echolocation,/mnt/ubna_data_01_mir/recover-20220719/UBNA_004/20220718_123000.WAV,Carp Pond,recover-20220719,004,1795
159.2215,159.2275,22890,33574,Plecotus austriacus,0.159,0.207,-1,Echolocation,/mnt/ubna_data_01_mir/recover-20220719/UBNA_004/20220718_123000.WAV,Carp Pond,recover-20220719,004,1795
159.6285,159.6346,17734,28950,Plecotus austriacus,0.12,0.211,-1,Echolocation,/mnt/ubna_data_01_mir/recover-20220719/UBNA_004/20220718_123000.WAV,Carp Pond,recover-20220719,004,1795
161.0875,161.09629999999999,22890,30616,Eptesicus serotinus,0.054,0.208,-1,Echolocation,/mnt/ubna_data_01_mir/recover-20220719/UBNA_004/20220718_123000.WAV,Carp Pond,recover-20220719,004,1795
162.82150000000001,162.8282,21171,29189,Plecotus austriacus,0.14,0.243,-1,Echolocation,/mnt/ubna_data_01_mir/recover-20220719/UBNA_004/20220718_123000.WAV,Carp Pond,recover-20220719,004,1795
164.1285,164.1343,22890,32415,Plecotus austriacus,0.16,0.264,-1,Echolocation,/mnt/ubna_data_01_mir/recover-20220719/UBNA_004/20220718_123000.WAV,Carp Pond,recover-20220719,004,1795
164.6635,164.6682,28906,41089,Plecotus austriacus,0.057,0.2,-1,Echolocation,/mnt/ubna_data_01_mir/recover-20220719/UBNA_004/20220718_123000.WAV,Carp Pond,recover-20220719,004,1795
164.9185,164.9277,20312,29347,Plecotus austriacus,0.11,0.283,-1,Echolocation,/mnt/ubna_data_01_mir/recover-20220719/UBNA_004/20220718_123000.WAV,Carp Pond,recover-20220719,004,1795
165.8075,165.8139,22890,34464,Plecotus austriacus,0.145,0.223,-1,Echolocation,/mnt/ubna_data_01_mir/recover-20220719/UBNA_004/20220718_123000.WAV,Carp Pond,recover-20220719,004,1795
166.0765,166.0825,19453,30298,Plecotus austriacus,0.119,0.207,-1,Echolocation,/mnt/ubna_data_01_mir/recover-20220719/UBNA_004/20220718_123000.WAV,Carp Pond,recover-20220719,004,1795
167.6875,167.6947,22890,32869,Plecotus austriacus,0.105,0.208,-1,Echolocation,/mnt/ubna_data_01_mir/recover-20220719/UBNA_004/20220718_123000.WAV,Carp Pond,recover-20220719,004,1795
169.6285,169.6362,21171,29586,Plecotus austriacus,0.162,0.276,-1,Echolocation,/mnt/ubna_data_01_mir/recover-20220719/UBNA_004/20220718_123000.WAV,Carp Pond,recover-20220719,004,1795
171.0995,171.1035,23750,41447,Plecotus austriacus,0.162,0.22,-1,Echolocation,/mnt/ubna_data_01_mir/recover-20220719/UBNA_004/20220718_123000.WAV,Carp Pond,recover-20220719,004,1795
171.4975,171.5037,16875,28700,Plecotus austriacus,0.119,0.201,-1,Echolocation,/mnt/ubna_data_01_mir/recover-20220719/UBNA_004/20220718_123000.WAV,Carp Pond,recover-20220719,004,1795
171.7405,171.7482,20312,30870,Plecotus austriacus,0.132,0.224,-1,Echolocation,/mnt/ubna_data_01_mir/recover-20220719/UBNA_004/20220718_123000.WAV,Carp Pond,recover-20220719,004,1795
172.2975,172.3038,22031,32586,Plecotus austriacus,0.182,0.249,-1,Echolocation,/mnt/ubna_data_01_mir/recover-20220719/UBNA_004/20220718_123000.WAV,Carp Pond,recover-20220719,004,1795
175.8015,175.807,19453,28728,Plecotus austriacus,0.174,0.254,-1,Echolocation,/mnt/ubna_data_01_mir/recover-20220719/UBNA_004/20220718_123000.WAV,Carp Pond,recover-20220719,004,1795
177.3115,177.3164,18593,33879,Plecotus austriacus,0.206,0.27,-1,Echolocation,/mnt/ubna_data_01_mir/recover-20220719/UBNA_004/20220718_123000.WAV,Carp Pond,recover-20220719,004,1795
177.4395,177.443,28906,48848,Myotis nattereri,0.118,0.248,-1,Echolocation,/mnt/ubna_data_01_mir/recover-20220719/UBNA_004/20220718_123000.WAV,Carp Pond,recover-20220719,004,1795
177.9805,177.9854,22890,39218,Plecotus austriacus,0.226,0.305,-1,Echolocation,/mnt/ubna_data_01_mir/recover-20220719/UBNA_004/20220718_123000.WAV,Carp Pond,recover-20220719,004,1795
179.4315,179.4366,22890,35108,Plecotus austriacus,0.143,0.307,-1,Echolocation,/mnt/ubna_data_01_mir/recover-20220719/UBNA_004/20220718_123000.WAV,Carp Pond,recover-20220719,004,1795
180.3055,180.3118,21171,32891,Plecotus austriacus,0.182,0.247,-1,Echolocation,/mnt/ubna_data_01_mir/recover-20220719/UBNA_004/20220718_123000.WAV,Carp Pond,recover-20220719,004,1795
181.8595,181.8675,20312,29700,Plecotus austriacus,0.098,0.205,-1,Echolocation,/mnt/ubna_data_01_mir/recover-20220719/UBNA_004/20220718_123000.WAV,Carp Pond,recover-20220719,004,1795
181.9785,181.9829,24609,39590,Plecotus austriacus,0.305,0.373,-1,Echolocation,/mnt/ubna_data_01_mir/recover-20220719/UBNA_004/20220718_123000.WAV,Carp Pond,recover-20220719,004,1795
188.3655,188.3743,21171,29191,Plecotus austriacus,0.113,0.217,-1,Echolocation,/mnt/ubna_data_01_mir/recover-20220719/UBNA_004/20220718_123000.WAV,Carp Pond,recover-20220719,004,1795
206.0395,206.0437,25468,52973,Myotis nattereri,0.228,0.269,-1,Echolocation,/mnt/ubna_data_01_mir/recover-20220719/UBNA_004/20220718_123000.WAV,Carp Pond,recover-20220719,004,1795
206.5635,206.5677,28046,40190,Plecotus austriacus,0.109,0.216,-1,Echolocation,/mnt/ubna_data_01_mir/recover-20220719/UBNA_004/20220718_123000.WAV,Carp Pond,recover-20220719,004,1795
206.8465,206.8499,35781,54989,Myotis nattereri,0.167,0.258,-1,Echolocation,/mnt/ubna_data_01_mir/recover-20220719/UBNA_004/20220718_123000.WAV,Carp Pond,recover-20220719,004,1795
208.1935,208.2006,24609,35842,Plecotus austriacus,0.106,0.336,-1,Echolocation,/mnt/ubna_data_01_mir/recover-20220719/UBNA_004/20220718_123000.WAV,Carp Pond,recover-20220719,004,1795
210.8615,210.8719,28906,33735,Nyctalus leisleri,0.137,0.281,-1,Echolocation,/mnt/ubna_data_01_mir/recover-20220719/UBNA_004/20220718_123000.WAV,Carp Pond,recover-20220719,004,1795
212.3455,212.3498,26328,44803,Plecotus austriacus,0.092,0.207,-1,Echolocation,/mnt/ubna_data_01_mir/recover-20220719/UBNA_004/20220718_123000.WAV,Carp Pond,recover-20220719,004,1795
212.6265,212.6311,23750,38335,Plecotus austriacus,0.168,0.223,-1,Echolocation,/mnt/ubna_data_01_mir/recover-20220719/UBNA_004/20220718_123000.WAV,Carp Pond,recover-20220719,004,1795
213.8355,213.8398,25468,42369,Plecotus austriacus,0.126,0.208,-1,Echolocation,/mnt/ubna_data_01_mir/recover-20220719/UBNA_004/20220718_123000.WAV,Carp Pond,recover-20220719,004,1795
215.6175,215.621,24609,42312,Plecotus austriacus,0.223,0.33,-1,Echolocation,/mnt/ubna_data_01_mir/recover-20220719/UBNA_004/20220718_123000.WAV,Carp Pond,recover-20220719,004,1795
216.3785,216.3822,24609,46055,Myotis nattereri,0.131,0.201,-1,Echolocation,/mnt/ubna_data_01_mir/recover-20220719/UBNA_004/20220718_123000.WAV,Carp Pond,recover-20220719,004,1795
217.6895,217.6931,33203,49435,Myotis nattereri,0.11,0.247,-1,Echolocation,/mnt/ubna_data_01_mir/recover-20220719/UBNA_004/20220718_123000.WAV,Carp Pond,recover-20220719,004,1795
220.1005,220.1046,21171,34684,Plecotus austriacus,0.353,0.431,-1,Echolocation,/mnt/ubna_data_01_mir/recover-20220719/UBNA_004/20220718_123000.WAV,Carp Pond,recover-20220719,004,1795
220.6705,220.6748,30625,40374,Plecotus austriacus,0.107,0.246,-1,Echolocation,/mnt/ubna_data_01_mir/recover-20220719/UBNA_004/20220718_123000.WAV,Carp Pond,recover-20220719,004,1795
225.5295,225.534,28906,40528,Plecotus austriacus,0.124,0.293,-1,Echolocation,/mnt/ubna_data_01_mir/recover-20220719/UBNA_004/20220718_123000.WAV,Carp Pond,recover-20220719,004,1795
227.4505,227.4547,23750,51531,Myotis nattereri,0.191,0.226,-1,Echolocation,/mnt/ubna_data_01_mir/recover-20220719/UBNA_004/20220718_123000.WAV,Carp Pond,recover-20220719,004,1795
227.9375,227.9415,27187,50864,Myotis nattereri,0.141,0.296,-1,Echolocation,/mnt/ubna_data_01_mir/recover-20220719/UBNA_004/20220718_123000.WAV,Carp Pond,recover-20220719,004,1795
231.9435,231.9472,25468,42141,Plecotus austriacus,0.183,0.334,-1,Echolocation,/mnt/ubna_data_01_mir/recover-20220719/UBNA_004/20220718_123000.WAV,Carp Pond,recover-20220719,004,1795
232.5505,232.5564,50390,56578,Pipistrellus pipistrellus,0.19,0.225,-1,Echolocation,/mnt/ubna_data_01_mir/recover-20220719/UBNA_004/20220718_123000.WAV,Carp Pond,recover-20220719,004,1795
232.6405,232.6449,25468,44125,Myotis nattereri,0.094,0.215,-1,Echolocation,/mnt/ubna_data_01_mir/recover-20220719/UBNA_004/20220718_123000.WAV,Carp Pond,recover-20220719,004,1795
236.0015,236.0062,30625,66300,Myotis daubentonii,0.079,0.252,-1,Echolocation,/mnt/ubna_data_01_mir/recover-20220719/UBNA_004/20220718_123000.WAV,Carp Pond,recover-20220719,004,1795
236.0015,236.006,26328,66239,Myotis nattereri,0.2,0.271,-1,Echolocation,/mnt/ubna_data_01_mir/recover-20220719/UBNA_004/20220718_123000.WAV,Carp Pond,recover-20220719,004,1795
240.2535,240.2573,22890,51744,Myotis nattereri,0.222,0.267,-1,Echolocation,/mnt/ubna_data_01_mir/recover-20220719/UBNA_004/20220718_123000.WAV,Carp Pond,recover-20220719,004,1795
243.0125,243.0179,26328,37621,Plecotus austriacus,0.116,0.231,-1,Echolocation,/mnt/ubna_data_01_mir/recover-20220719/UBNA_004/20220718_123000.WAV,Carp Pond,recover-20220719,004,1795
244.7285,244.7319,26328,48808,Myotis nattereri,0.146,0.204,-1,Echolocation,/mnt/ubna_data_01_mir/recover-20220719/UBNA_004/20220718_123000.WAV,Carp Pond,recover-20220719,004,1795
245.8815,245.885,27187,42519,Plecotus austriacus,0.213,0.327,-1,Echolocation,/mnt/ubna_data_01_mir/recover-20220719/UBNA_004/20220718_123000.WAV,Carp Pond,recover-20220719,004,1795
245.9475,245.952,26328,39565,Plecotus austriacus,0.123,0.2,-1,Echolocation,/mnt/ubna_data_01_mir/recover-20220719/UBNA_004/20220718_123000.WAV,Carp Pond,recover-20220719,004,1795
246.6475,246.6517,25468,38604,Plecotus austriacus,0.155,0.206,-1,Echolocation,/mnt/ubna_data_01_mir/recover-20220719/UBNA_004/20220718_123000.WAV,Carp Pond,recover-20220719,004,1795
246.6975,246.7015,24609,41387,Plecotus austriacus,0.171,0.237,-1,Echolocation,/mnt/ubna_data_01_mir/recover-20220719/UBNA_004/20220718_123000.WAV,Carp Pond,recover-20220719,004,1795
246.8075,246.811,26328,45691,Plecotus austriacus,0.122,0.213,-1,Echolocation,/mnt/ubna_data_01_mir/recover-20220719/UBNA_004/20220718_123000.WAV,Carp Pond,recover-20220719,004,1795
248.2895,248.2927,25468,64041,Myotis nattereri,0.366,0.402,-1,Echolocation,/mnt/ubna_data_01_mir/recover-20220719/UBNA_004/20220718_123000.WAV,Carp Pond,recover-20220719,004,1795
252.9625,252.9655,24609,44240,Plecotus austriacus,0.157,0.253,-1,Echolocation,/mnt/ubna_data_01_mir/recover-20220719/UBNA_004/20220718_123000.WAV,Carp Pond,recover-20220719,004,1795
253.7485,253.7544,27187,39053,Eptesicus serotinus,0.108,0.307,-1,Echolocation,/mnt/ubna_data_01_mir/recover-20220719/UBNA_004/20220718_123000.WAV,Carp Pond,recover-20220719,004,1795
253.8975,253.9009,25468,52226,Myotis nattereri,0.138,0.2,-1,Echolocation,/mnt/ubna_data_01_mir/recover-20220719/UBNA_004/20220718_123000.WAV,Carp Pond,recover-20220719,004,1795
255.3865,255.4107,20312,23600,Nyctalus noctula,0.138,0.219,-1,Echolocation,/mnt/ubna_data_01_mir/recover-20220719/UBNA_004/20220718_123000.WAV,Carp Pond,recover-20220719,004,1795
256.4775,256.4805,30625,58575,Myotis nattereri,0.255,0.368,-1,Echolocation,/mnt/ubna_data_01_mir/recover-20220719/UBNA_004/20220718_123000.WAV,Carp Pond,recover-20220719,004,1795
256.5525,256.5564,27187,53906,Myotis nattereri,0.145,0.208,-1,Echolocation,/mnt/ubna_data_01_mir/recover-20220719/UBNA_004/20220718_123000.WAV,Carp Pond,recover-20220719,004,1795
256.9805,256.985,18593,63701,Myotis nattereri,0.248,0.257,-1,Echolocation,/mnt/ubna_data_01_mir/recover-20220719/UBNA_004/20220718_123000.WAV,Carp Pond,recover-20220719,004,1795
258.3885,258.3939,29765,39408,Plecotus austriacus,0.068,0.204,-1,Echolocation,/mnt/ubna_data_01_mir/recover-20220719/UBNA_004/20220718_123000.WAV,Carp Pond,recover-20220719,004,1795
259.5505,259.5534,25468,65877,Myotis nattereri,0.395,0.429,-1,Echolocation,/mnt/ubna_data_01_mir/recover-20220719/UBNA_004/20220718_123000.WAV,Carp Pond,recover-20220719,004,1795
261.3255,261.3289,32343,46243,Plecotus austriacus,0.092,0.265,-1,Echolocation,/mnt/ubna_data_01_mir/recover-20220719/UBNA_004/20220718_123000.WAV,Carp Pond,recover-20220719,004,1795
261.6325,261.6362,26328,49157,Myotis nattereri,0.193,0.267,-1,Echolocation,/mnt/ubna_data_01_mir/recover-20220719/UBNA_004/20220718_123000.WAV,Carp Pond,recover-20220719,004,1795
264.1945,264.1977,31484,58414,Myotis nattereri,0.158,0.212,-1,Echolocation,/mnt/ubna_data_01_mir/recover-20220719/UBNA_004/20220718_123000.WAV,Carp Pond,recover-20220719,004,1795
265.0175,265.0204,35781,55692,Myotis nattereri,0.128,0.211,-1,Echolocation,/mnt/ubna_data_01_mir/recover-20220719/UBNA_004/20220718_123000.WAV,Carp Pond,recover-20220719,004,1795
265.5015,265.5053,35781,49827,Myotis nattereri,0.096,0.222,-1,Echolocation,/mnt/ubna_data_01_mir/recover-20220719/UBNA_004/20220718_123000.WAV,Carp Pond,recover-20220719,004,1795
266.3745,266.3789,30625,43035,Plecotus auritus,0.105,0.215,-1,Echolocation,/mnt/ubna_data_01_mir/recover-20220719/UBNA_004/20220718_123000.WAV,Carp Pond,recover-20220719,004,1795
266.6085,266.612,26328,44507,Plecotus austriacus,0.156,0.289,-1,Echolocation,/mnt/ubna_data_01_mir/recover-20220719/UBNA_004/20220718_123000.WAV,Carp Pond,recover-20220719,004,1795
266.9435,266.9473,28906,43027,Plecotus auritus,0.088,0.212,-1,Echolocation,/mnt/ubna_data_01_mir/recover-20220719/UBNA_004/20220718_123000.WAV,Carp Pond,recover-20220719,004,1795
267.3075,267.3114,29765,45459,Plecotus austriacus,0.076,0.227,-1,Echolocation,/mnt/ubna_data_01_mir/recover-20220719/UBNA_004/20220718_123000.WAV,Carp Pond,recover-20220719,004,1795
268.0635,268.0675,24609,42066,Plecotus austriacus,0.138,0.205,-1,Echolocation,/mnt/ubna_data_01_mir/recover-20220719/UBNA_004/20220718_123000.WAV,Carp Pond,recover-20220719,004,1795
270.5645,270.5682,23750,39072,Plecotus austriacus,0.263,0.339,-1,Echolocation,/mnt/ubna_data_01_mir/recover-20220719/UBNA_004/20220718_123000.WAV,Carp Pond,recover-20220719,004,1795
270.7325,270.7359,30625,51791,Myotis nattereri,0.163,0.236,-1,Echolocation,/mnt/ubna_data_01_mir/recover-20220719/UBNA_004/20220718_123000.WAV,Carp Pond,recover-20220719,004,1795
270.9225,270.926,33203,60397,Myotis nattereri,0.165,0.211,-1,Echolocation,/mnt/ubna_data_01_mir/recover-20220719/UBNA_004/20220718_123000.WAV,Carp Pond,recover-20220719,004,1795
271.4405,271.4446,33203,54151,Myotis nattereri,0.196,0.322,-1,Echolocation,/mnt/ubna_data_01_mir/recover-20220719/UBNA_004/20220718_123000.WAV,Carp Pond,recover-20220719,004,1795
272.2965,272.2999,28906,43105,Plecotus austriacus,0.106,0.354,-1,Echolocation,/mnt/ubna_data_01_mir/recover-20220719/UBNA_004/20220718_123000.WAV,Carp Pond,recover-20220719,004,1795
273.3305,273.334,33203,45209,Myotis daubentonii,0.124,0.303,-1,Echolocation,/mnt/ubna_data_01_mir/recover-20220719/UBNA_004/20220718_123000.WAV,Carp Pond,recover-20220719,004,1795
275.0755,275.08,24609,57787,Myotis nattereri,0.173,0.21,-1,Echolocation,/mnt/ubna_data_01_mir/recover-20220719/UBNA_004/20220718_123000.WAV,Carp Pond,recover-20220719,004,1795
275.7585,275.7691,31484,38643,Eptesicus serotinus,0.128,0.228,-1,Echolocation,/mnt/ubna_data_01_mir/recover-20220719/UBNA_004/20220718_123000.WAV,Carp Pond,recover-20220719,004,1795
276.7135,276.7162,26328,56061,Myotis nattereri,0.144,0.205,-1,Echolocation,/mnt/ubna_data_01_mir/recover-20220719/UBNA_004/20220718_123000.WAV,Carp Pond,recover-20220719,004,1795
276.7485,276.7523,25468,43507,Plecotus austriacus,0.124,0.202,-1,Echolocation,/mnt/ubna_data_01_mir/recover-20220719/UBNA_004/20220718_123000.WAV,Carp Pond,recover-20220719,004,1795
282.7665,282.7713,23750,38077,Plecotus austriacus,0.163,0.201,-1,Echolocation,/mnt/ubna_data_01_mir/recover-20220719/UBNA_004/20220718_123000.WAV,Carp Pond,recover-20220719,004,1795
284.8645,284.868,25468,44011,Plecotus austriacus,0.148,0.245,-1,Echolocation,/mnt/ubna_data_01_mir/recover-20220719/UBNA_004/20220718_123000.WAV,Carp Pond,recover-20220719,004,1795
286.0025,286.0071,22890,35629,Plecotus austriacus,0.187,0.246,-1,Echolocation,/mnt/ubna_data_01_mir/recover-20220719/UBNA_004/20220718_123000.WAV,Carp Pond,recover-20220719,004,1795
291.2665,291.2704,26328,45518,Plecotus austriacus,0.088,0.203,-1,Echolocation,/mnt/ubna_data_01_mir/recover-20220719/UBNA_004/20220718_123000.WAV,Carp Pond,recover-20220719,004,1795
297.22950000000003,297.2337,26328,39457,Plecotus austriacus,0.199,0.312,-1,Echolocation,/mnt/ubna_data_01_mir/recover-20220719/UBNA_004/20220718_123000.WAV,Carp Pond,recover-20220719,004,1795
297.3465,297.3537,22890,32241,Plecotus austriacus,0.122,0.213,-1,Echolocation,/mnt/ubna_data_01_mir/recover-20220719/UBNA_004/20220718_123000.WAV,Carp Pond,recover-20220719,004,1795
298.0145,298.0188,26328,45848,Plecotus austriacus,0.111,0.248,-1,Echolocation,/mnt/ubna_data_01_mir/recover-20220719/UBNA_004/20220718_123000.WAV,Carp Pond,recover-20220719,004,1795
301.0475,301.0509,26328,41945,Plecotus austriacus,0.234,0.396,-1,Echolocation,/mnt/ubna_data_01_mir/recover-20220719/UBNA_004/20220718_123000.WAV,Carp Pond,recover-20220719,004,1795
304.2705,304.2748,25468,41468,Plecotus auritus,0.195,0.311,-1,Echolocation,/mnt/ubna_data_01_mir/recover-20220719/UBNA_004/20220718_123000.WAV,Carp Pond,recover-20220719,004,1795
305.2765,305.2818,22890,36969,Plecotus austriacus,0.234,0.312,-1,Echolocation,/mnt/ubna_data_01_mir/recover-20220719/UBNA_004/20220718_123000.WAV,Carp Pond,recover-20220719,004,1795
306.0085,306.0134,22031,36281,Plecotus austriacus,0.245,0.294,-1,Echolocation,/mnt/ubna_data_01_mir/recover-20220719/UBNA_004/20220718_123000.WAV,Carp Pond,recover-20220719,004,1795
308.2025,308.2058,30625,47594,Myotis nattereri,0.072,0.261,-1,Echolocation,/mnt/ubna_data_01_mir/recover-20220719/UBNA_004/20220718_123000.WAV,Carp Pond,recover-20220719,004,1795
310.8825,310.8862,28906,54626,Myotis nattereri,0.17,0.248,-1,Echolocation,/mnt/ubna_data_01_mir/recover-20220719/UBNA_004/20220718_123000.WAV,Carp Pond,recover-20220719,004,1795
312.3805,312.3836,31484,46035,Plecotus austriacus,0.073,0.228,-1,Echolocation,/mnt/ubna_data_01_mir/recover-20220719/UBNA_004/20220718_123000.WAV,Carp Pond,recover-20220719,004,1795
313.6185,313.6265,27187,35741,Eptesicus serotinus,0.127,0.231,-1,Echolocation,/mnt/ubna_data_01_mir/recover-20220719/UBNA_004/20220718_123000.WAV,Carp Pond,recover-20220719,004,1795
314.4875,314.491,25468,62724,Myotis nattereri,0.176,0.222,-1,Echolocation,/mnt/ubna_data_01_mir/recover-20220719/UBNA_004/20220718_123000.WAV,Carp Pond,recover-20220719,004,1795
314.4875,314.4906,34921,58875,Myotis nattereri,0.158,0.219,-1,Echolocation,/mnt/ubna_data_01_mir/recover-20220719/UBNA_004/20220718_123000.WAV,Carp Pond,recover-20220719,004,1795
315.5665,315.5705,22890,37860,Plecotus austriacus,0.171,0.236,-1,Echolocation,/mnt/ubna_data_01_mir/recover-20220719/UBNA_004/20220718_123000.WAV,Carp Pond,recover-20220719,004,1795
322.9295,322.9343,27187,38699,Plecotus auritus,0.149,0.274,-1,Echolocation,/mnt/ubna_data_01_mir/recover-20220719/UBNA_004/20220718_123000.WAV,Carp Pond,recover-20220719,004,1795
324.5455,324.5517,21171,32636,Plecotus austriacus,0.16,0.21,-1,Echolocation,/mnt/ubna_data_01_mir/recover-20220719/UBNA_004/20220718_123000.WAV,Carp Pond,recover-20220719,004,1795
326.1185,326.1218,29765,45978,Plecotus austriacus,0.128,0.244,-1,Echolocation,/mnt/ubna_data_01_mir/recover-20220719/UBNA_004/20220718_123000.WAV,Carp Pond,recover-20220719,004,1795
326.9035,326.9082,18593,65769,Myotis nattereri,0.28,0.289,-1,Echolocation,/mnt/ubna_data_01_mir/recover-20220719/UBNA_004/20220718_123000.WAV,Carp Pond,recover-20220719,004,1795
327.7825,327.7862,24609,40817,Plecotus austriacus,0.154,0.236,-1,Echolocation,/mnt/ubna_data_01_mir/recover-20220719/UBNA_004/20220718_123000.WAV,Carp Pond,recover-20220719,004,1795
331.1125,331.1198,28046,36669,Eptesicus serotinus,0.218,0.368,-1,Echolocation,/mnt/ubna_data_01_mir/recover-20220719/UBNA_004/20220718_123000.WAV,Carp Pond,recover-20220719,004,1795
333.3485,333.3513,27187,46852,Myotis nattereri,0.151,0.342,-1,Echolocation,/mnt/ubna_data_01_mir/recover-20220719/UBNA_004/20220718_123000.WAV,Carp Pond,recover-20220719,004,1795
334.4965,334.5017,20312,34089,Plecotus austriacus,0.152,0.204,-1,Echolocation,/mnt/ubna_data_01_mir/recover-20220719/UBNA_004/20220718_123000.WAV,Carp Pond,recover-20220719,004,1795
335.1885,335.1924,24609,40899,Plecotus austriacus,0.123,0.227,-1,Echolocation,/mnt/ubna_data_01_mir/recover-20220719/UBNA_004/20220718_123000.WAV,Carp Pond,recover-20220719,004,1795
335.2635,335.2674,25468,44024,Plecotus austriacus,0.141,0.223,-1,Echolocation,/mnt/ubna_data_01_mir/recover-20220719/UBNA_004/20220718_123000.WAV,Carp Pond,recover-20220719,004,1795
336.3455,336.3494,29765,45289,Plecotus austriacus,0.099,0.206,-1,Echolocation,/mnt/ubna_data_01_mir/recover-20220719/UBNA_004/20220718_123000.WAV,Carp Pond,recover-20220719,004,1795
336.3955,336.3999,28046,41258,Plecotus austriacus,0.145,0.254,-1,Echolocation,/mnt/ubna_data_01_mir/recover-20220719/UBNA_004/20220718_123000.WAV,Carp Pond,recover-20220719,004,1795
336.4245,336.4297,17734,32866,Plecotus austriacus,0.171,0.251,-1,Echolocation,/mnt/ubna_data_01_mir/recover-20220719/UBNA_004/20220718_123000.WAV,Carp Pond,recover-20220719,004,1795
336.5705,336.5744,37500,51715,Myotis nattereri,0.123,0.236,-1,Echolocation,/mnt/ubna_data_01_mir/recover-20220719/UBNA_004/20220718_123000.WAV,Carp Pond,recover-20220719,004,1795
336.7325,336.7382,22031,34163,Plecotus austriacus,0.161,0.221,-1,Echolocation,/mnt/ubna_data_01_mir/recover-20220719/UBNA_004/20220718_123000.WAV,Carp Pond,recover-20220719,004,1795
340.4325,340.4362,25468,43369,Plecotus austriacus,0.166,0.267,-1,Echolocation,/mnt/ubna_data_01_mir/recover-20220719/UBNA_004/20220718_123000.WAV,Carp Pond,recover-20220719,004,1795
344.1075,344.1116,22890,39542,Plecotus austriacus,0.235,0.379,-1,Echolocation,/mnt/ubna_data_01_mir/recover-20220719/UBNA_004/20220718_123000.WAV,Carp Pond,recover-20220719,004,1795
346.3195,346.3255,22031,33101,Plecotus austriacus,0.174,0.246,-1,Echolocation,/mnt/ubna_data_01_mir/recover-20220719/UBNA_004/20220718_123000.WAV,Carp Pond,recover-20220719,004,1795
347.6655,347.6708,34921,46554,Myotis daubentonii,0.107,0.221,-1,Echolocation,/mnt/ubna_data_01_mir/recover-20220719/UBNA_004/20220718_123000.WAV,Carp Pond,recover-20220719,004,1795
353.0975,353.1018,17734,32936,Plecotus auritus,0.173,0.309,-1,Echolocation,/mnt/ubna_data_01_mir/recover-20220719/UBNA_004/20220718_123000.WAV,Carp Pond,recover-20220719,004,1795
353.4175,353.4224,22031,37281,Plecotus austriacus,0.212,0.303,-1,Echolocation,/mnt/ubna_data_01_mir/recover-20220719/UBNA_004/20220718_123000.WAV,Carp Pond,recover-20220719,004,1795
355.4735,355.4777,25468,61383,Myotis nattereri,0.179,0.215,-1,Echolocation,/mnt/ubna_data_01_mir/recover-20220719/UBNA_004/20220718_123000.WAV,Carp Pond,recover-20220719,004,1795
356.5305,356.5349,22890,39045,Plecotus austriacus,0.169,0.226,-1,Echolocation,/mnt/ubna_data_01_mir/recover-20220719/UBNA_004/20220718_123000.WAV,Carp Pond,recover-20220719,004,1795
357.6155,357.6216,20312,30107,Plecotus austriacus,0.131,0.27,-1,Echolocation,/mnt/ubna_data_01_mir/recover-20220719/UBNA_004/20220718_123000.WAV,Carp Pond,recover-20220719,004,1795
358.5605,358.564,27187,43188,Plecotus austriacus,0.149,0.25,-1,Echolocation,/mnt/ubna_data_01_mir/recover-20220719/UBNA_004/20220718_123000.WAV,Carp Pond,recover-20220719,004,1795
361.6705,361.6764,25468,34991,Plecotus auritus,0.102,0.242,-1,Echolocation,/mnt/ubna_data_01_mir/recover-20220719/UBNA_004/20220718_123000.WAV,Carp Pond,recover-20220719,004,1795
376.5375,376.54110000000003,16875,60790,Myotis nattereri,0.297,0.316,-1,Echolocation,/mnt/ubna_data_01_mir/recover-20220719/UBNA_004/20220718_123000.WAV,Carp Pond,recover-20220719,004,1795
378.1065,378.114,20312,29112,Plecotus austriacus,0.09,0.251,-1,Echolocation,/mnt/ubna_data_01_mir/recover-20220719/UBNA_004/20220718_123000.WAV,Carp Pond,recover-20220719,004,1795
379.2975,379.3024,17734,36978,Plecotus austriacus,0.206,0.308,-1,Echolocation,/mnt/ubna_data_01_mir/recover-20220719/UBNA_004/20220718_123000.WAV,Carp Pond,recover-20220719,004,1795
380.6725,380.6762,20312,38287,Plecotus austriacus,0.128,0.208,-1,Echolocation,/mnt/ubna_data_01_mir/recover-20220719/UBNA_004/20220718_123000.WAV,Carp Pond,recover-20220719,004,1795
380.8355,380.8409,16015,30575,Plecotus auritus,0.155,0.224,-1,Echolocation,/mnt/ubna_data_01_mir/recover-20220719/UBNA_004/20220718_123000.WAV,Carp Pond,recover-20220719,004,1795
381.0155,381.0189,24609,44182,Plecotus austriacus,0.172,0.258,-1,Echolocation,/mnt/ubna_data_01_mir/recover-20220719/UBNA_004/20220718_123000.WAV,Carp Pond,recover-20220719,004,1795
381.2855,381.2906,14296,36830,Plecotus auritus,0.276,0.305,-1,Echolocation,/mnt/ubna_data_01_mir/recover-20220719/UBNA_004/20220718_123000.WAV,Carp Pond,recover-20220719,004,1795
381.3035,381.30740000000003,32343,45851,Plecotus austriacus,0.073,0.208,-1,Echolocation,/mnt/ubna_data_01_mir/recover-20220719/UBNA_004/20220718_123000.WAV,Carp Pond,recover-20220719,004,1795
381.7455,381.7493,23750,43192,Plecotus austriacus,0.141,0.221,-1,Echolocation,/mnt/ubna_data_01_mir/recover-20220719/UBNA_004/20220718_123000.WAV,Carp Pond,recover-20220719,004,1795
381.7675,381.7721,29765,39056,Plecotus auritus,0.085,0.206,-1,Echolocation,/mnt/ubna_data_01_mir/recover-20220719/UBNA_004/20220718_123000.WAV,Carp Pond,recover-20220719,004,1795
385.2935,385.2974,16015,39337,Plecotus auritus,0.122,0.249,-1,Echolocation,/mnt/ubna_data_01_mir/recover-20220719/UBNA_004/20220718_123000.WAV,Carp Pond,recover-20220719,004,1795
389.0055,389.0093,24609,38605,Plecotus austriacus,0.166,0.248,-1,Echolocation,/mnt/ubna_data_01_mir/recover-20220719/UBNA_004/20220718_123000.WAV,Carp Pond,recover-20220719,004,1795
389.3935,389.401,22031,31617,Plecotus austriacus,0.11,0.202,-1,Echolocation,/mnt/ubna_data_01_mir/recover-20220719/UBNA_004/20220718_123000.WAV,Carp Pond,recover-20220719,004,1795
391.3035,391.3127,28906,35579,Eptesicus serotinus,0.143,0.287,-1,Echolocation,/mnt/ubna_data_01_mir/recover-20220719/UBNA_004/20220718_123000.WAV,Carp Pond,recover-20220719,004,1795
392.3855,392.3941,22031,30101,Plecotus austriacus,0.099,0.238,-1,Echolocation,/mnt/ubna_data_01_mir/recover-20220719/UBNA_004/20220718_123000.WAV,Carp Pond,recover-20220719,004,1795
394.9905,394.9957,16875,31459,Plecotus auritus,0.207,0.308,-1,Echolocation,/mnt/ubna_data_01_mir/recover-20220719/UBNA_004/20220718_123000.WAV,Carp Pond,recover-20220719,004,1795
399.5705,399.5749,16875,35618,Plecotus auritus,0.154,0.206,-1,Echolocation,/mnt/ubna_data_01_mir/recover-20220719/UBNA_004/20220718_123000.WAV,Carp Pond,recover-20220719,004,1795
403.6755,403.6801,15156,28964,Plecotus auritus,0.152,0.201,-1,Echolocation,/mnt/ubna_data_01_mir/recover-20220719/UBNA_004/20220718_123000.WAV,Carp Pond,recover-20220719,004,1795
404.8815,404.8847,16875,50172,Myotis nattereri,0.282,0.318,-1,Echolocation,/mnt/ubna_data_01_mir/recover-20220719/UBNA_004/20220718_123000.WAV,Carp Pond,recover-20220719,004,1795
405.2085,405.2138,16875,33249,Plecotus austriacus,0.127,0.207,-1,Echolocation,/mnt/ubna_data_01_mir/recover-20220719/UBNA_004/20220718_123000.WAV,Carp Pond,recover-20220719,004,1795
407.4055,407.4122,18593,29647,Plecotus austriacus,0.159,0.252,-1,Echolocation,/mnt/ubna_data_01_mir/recover-20220719/UBNA_004/20220718_123000.WAV,Carp Pond,recover-20220719,004,1795
412.5415,412.5458,18593,34724,Plecotus austriacus,0.193,0.285,-1,Echolocation,/mnt/ubna_data_01_mir/recover-20220719/UBNA_004/20220718_123000.WAV,Carp Pond,recover-20220719,004,1795
412.8835,412.8947,22031,27864,Eptesicus serotinus,0.084,0.226,-1,Echolocation,/mnt/ubna_data_01_mir/recover-20220719/UBNA_004/20220718_123000.WAV,Carp Pond,recover-20220719,004,1795
413.7465,413.759,21171,27653,Nyctalus noctula,0.093,0.261,-1,Echolocation,/mnt/ubna_data_01_mir/recover-20220719/UBNA_004/20220718_123000.WAV,Carp Pond,recover-20220719,004,1795
413.8885,413.8946,22031,33700,Plecotus austriacus,0.182,0.285,-1,Echolocation,/mnt/ubna_data_01_mir/recover-20220719/UBNA_004/20220718_123000.WAV,Carp Pond,recover-20220719,004,1795
414.4215,414.4255,18593,36087,Plecotus austriacus,0.203,0.328,-1,Echolocation,/mnt/ubna_data_01_mir/recover-20220719/UBNA_004/20220718_123000.WAV,Carp Pond,recover-20220719,004,1795
414.4995,414.5058,17734,28983,Plecotus austriacus,0.159,0.249,-1,Echolocation,/mnt/ubna_data_01_mir/recover-20220719/UBNA_004/20220718_123000.WAV,Carp Pond,recover-20220719,004,1795
415.1835,415.1897,18593,30188,Plecotus austriacus,0.145,0.212,-1,Echolocation,/mnt/ubna_data_01_mir/recover-20220719/UBNA_004/20220718_123000.WAV,Carp Pond,recover-20220719,004,1795
416.2675,416.2721,16875,32430,Plecotus auritus,0.14,0.224,-1,Echolocation,/mnt/ubna_data_01_mir/recover-20220719/UBNA_004/20220718_123000.WAV,Carp Pond,recover-20220719,004,1795
416.5785,416.5831,15156,32570,Plecotus auritus,0.199,0.257,-1,Echolocation,/mnt/ubna_data_01_mir/recover-20220719/UBNA_004/20220718_123000.WAV,Carp Pond,recover-20220719,004,1795
416.9745,416.9808,16875,28470,Plecotus austriacus,0.13,0.205,-1,Echolocation,/mnt/ubna_data_01_mir/recover-20220719/UBNA_004/20220718_123000.WAV,Carp Pond,recover-20220719,004,1795
417.2325,417.23969999999997,23750,33664,Plecotus austriacus,0.065,0.209,-1,Echolocation,/mnt/ubna_data_01_mir/recover-20220719/UBNA_004/20220718_123000.WAV,Carp Pond,recover-20220719,004,1795
418.2015,418.2076,19453,28870,Plecotus austriacus,0.221,0.288,-1,Echolocation,/mnt/ubna_data_01_mir/recover-20220719/UBNA_004/20220718_123000.WAV,Carp Pond,recover-20220719,004,1795
418.3925,418.3978,22031,35666,Plecotus austriacus,0.262,0.318,-1,Echolocation,/mnt/ubna_data_01_mir/recover-20220719/UBNA_004/20220718_123000.WAV,Carp Pond,recover-20220719,004,1795
418.5195,418.5247,16875,31315,Plecotus austriacus,0.137,0.202,-1,Echolocation,/mnt/ubna_data_01_mir/recover-20220719/UBNA_004/20220718_123000.WAV,Carp Pond,recover-20220719,004,1795
419.5095,419.5312,18593,22594,Nyctalus noctula,0.152,0.209,-1,Echolocation,/mnt/ubna_data_01_mir/recover-20220719/UBNA_004/20220718_123000.WAV,Carp Pond,recover-20220719,004,1795
420.0655,420.0713,20312,31444,Plecotus austriacus,0.126,0.204,-1,Echolocation,/mnt/ubna_data_01_mir/recover-20220719/UBNA_004/20220718_123000.WAV,Carp Pond,recover-20220719,004,1795
420.3535,420.3645,19453,25867,Nyctalus noctula,0.087,0.201,-1,Echolocation,/mnt/ubna_data_01_mir/recover-20220719/UBNA_004/20220718_123000.WAV,Carp Pond,recover-20220719,004,1795
420.4705,420.4763,20312,31974,Plecotus austriacus,0.175,0.237,-1,Echolocation,/mnt/ubna_data_01_mir/recover-20220719/UBNA_004/20220718_123000.WAV,Carp Pond,recover-20220719,004,1795
420.9225,420.9262,17734,38912,Plecotus austriacus,0.178,0.329,-1,Echolocation,/mnt/ubna_data_01_mir/recover-20220719/UBNA_004/20220718_123000.WAV,Carp Pond,recover-20220719,004,1795
422.9865,422.993,22890,32067,Plecotus austriacus,0.129,0.203,-1,Echolocation,/mnt/ubna_data_01_mir/recover-20220719/UBNA_004/20220718_123000.WAV,Carp Pond,recover-20220719,004,1795
423.0725,423.0828,20312,29267,Nyctalus noctula,0.059,0.225,-1,Echolocation,/mnt/ubna_data_01_mir/recover-20220719/UBNA_004/20220718_123000.WAV,Carp Pond,recover-20220719,004,1795
427.9215,427.9272,17734,28469,Plecotus austriacus,0.172,0.214,-1,Echolocation,/mnt/ubna_data_01_mir/recover-20220719/UBNA_004/20220718_123000.WAV,Carp Pond,recover-20220719,004,1795
429.7645,429.7701,17734,29623,Plecotus austriacus,0.159,0.218,-1,Echolocation,/mnt/ubna_data_01_mir/recover-20220719/UBNA_004/20220718_123000.WAV,Carp Pond,recover-20220719,004,1795
430.1285,430.133,15156,31037,Plecotus auritus,0.213,0.275,-1,Echolocation,/mnt/ubna_data_01_mir/recover-20220719/UBNA_004/20220718_123000.WAV,Carp Pond,recover-20220719,004,1795
430.1925,430.1985,18593,29959,Plecotus austriacus,0.215,0.273,-1,Echolocation,/mnt/ubna_data_01_mir/recover-20220719/UBNA_004/20220718_123000.WAV,Carp Pond,recover-20220719,004,1795
430.6735,430.6776,16015,35628,Plecotus austriacus,0.216,0.371,-1,Echolocation,/mnt/ubna_data_01_mir/recover-20220719/UBNA_004/20220718_123000.WAV,Carp Pond,recover-20220719,004,1795
431.1485,431.1538,17734,32913,Plecotus austriacus,0.153,0.217,-1,Echolocation,/mnt/ubna_data_01_mir/recover-20220719/UBNA_004/20220718_123000.WAV,Carp Pond,recover-20220719,004,1795
432.7045,432.7145,21171,28495,Plecotus austriacus,0.061,0.219,-1,Echolocation,/mnt/ubna_data_01_mir/recover-20220719/UBNA_004/20220718_123000.WAV,Carp Pond,recover-20220719,004,1795
432.8545,432.8594,15156,30037,Plecotus auritus,0.174,0.216,-1,Echolocation,/mnt/ubna_data_01_mir/recover-20220719/UBNA_004/20220718_123000.WAV,Carp Pond,recover-20220719,004,1795
434.5965,434.6017,22890,34894,Plecotus austriacus,0.164,0.241,-1,Echolocation,/mnt/ubna_data_01_mir/recover-20220719/UBNA_004/20220718_123000.WAV,Carp Pond,recover-20220719,004,1795
435.4255,435.4301,20312,34039,Plecotus austriacus,0.225,0.282,-1,Echolocation,/mnt/ubna_data_01_mir/recover-20220719/UBNA_004/20220718_123000.WAV,Carp Pond,recover-20220719,004,1795
435.7755,435.7806,18593,31276,Plecotus austriacus,0.167,0.217,-1,Echolocation,/mnt/ubna_data_01_mir/recover-20220719/UBNA_004/20220718_123000.WAV,Carp Pond,recover-20220719,004,1795
435.8995,435.9032,33203,46479,Plecotus austriacus,0.093,0.29,-1,Echolocation,/mnt/ubna_data_01_mir/recover-20220719/UBNA_004/20220718_123000.WAV,Carp Pond,recover-20220719,004,1795
437.4085,437.4151,22890,32221,Plecotus austriacus,0.125,0.342,-1,Echolocation,/mnt/ubna_data_01_mir/recover-20220719/UBNA_004/20220718_123000.WAV,Carp Pond,recover-20220719,004,1795
437.5835,437.5893,17734,29918,Plecotus austriacus,0.168,0.258,-1,Echolocation,/mnt/ubna_data_01_mir/recover-20220719/UBNA_004/20220718_123000.WAV,Carp Pond,recover-20220719,004,1795
438.0605,438.0664,19453,30167,Plecotus austriacus,0.19,0.26,-1,Echolocation,/mnt/ubna_data_01_mir/recover-20220719/UBNA_004/20220718_123000.WAV,Carp Pond,recover-20220719,004,1795
438.4005,438.4059,19453,31075,Plecotus austriacus,0.183,0.239,-1,Echolocation,/mnt/ubna_data_01_mir/recover-20220719/UBNA_004/20220718_123000.WAV,Carp Pond,recover-20220719,004,1795
439.0065,439.0125,16875,27949,Plecotus austriacus,0.111,0.218,-1,Echolocation,/mnt/ubna_data_01_mir/recover-20220719/UBNA_004/20220718_123000.WAV,Carp Pond,recover-20220719,004,1795
439.2835,439.2876,23750,40534,Plecotus austriacus,0.195,0.265,-1,Echolocation,/mnt/ubna_data_01_mir/recover-20220719/UBNA_004/20220718_123000.WAV,Carp Pond,recover-20220719,004,1795
441.0315,441.0378,19453,30904,Plecotus auritus,0.128,0.268,-1,Echolocation,/mnt/ubna_data_01_mir/recover-20220719/UBNA_004/20220718_123000.WAV,Carp Pond,recover-20220719,004,1795
442.4485,442.456,17734,28660,Plecotus austriacus,0.153,0.28,-1,Echolocation,/mnt/ubna_data_01_mir/recover-20220719/UBNA_004/20220718_123000.WAV,Carp Pond,recover-20220719,004,1795
442.5575,442.5649,21171,30616,Plecotus austriacus,0.158,0.339,-1,Echolocation,/mnt/ubna_data_01_mir/recover-20220719/UBNA_004/20220718_123000.WAV,Carp Pond,recover-20220719,004,1795
444.2525,444.2576,16875,30473,Plecotus austriacus,0.13,0.207,-1,Echolocation,/mnt/ubna_data_01_mir/recover-20220719/UBNA_004/20220718_123000.WAV,Carp Pond,recover-20220719,004,1795
444.4935,444.5009,20312,29339,Plecotus austriacus,0.126,0.268,-1,Echolocation,/mnt/ubna_data_01_mir/recover-20220719/UBNA_004/20220718_123000.WAV,Carp Pond,recover-20220719,004,1795
444.5915,444.5958,16015,33234,Plecotus auritus,0.105,0.211,-1,Echolocation,/mnt/ubna_data_01_mir/recover-20220719/UBNA_004/20220718_123000.WAV,Carp Pond,recover-20220719,004,1795
445.8725,445.8799,21171,29111,Plecotus austriacus,0.147,0.265,-1,Echolocation,/mnt/ubna_data_01_mir/recover-20220719/UBNA_004/20220718_123000.WAV,Carp Pond,recover-20220719,004,1795
446.3335,446.338,23750,40813,Plecotus austriacus,0.147,0.217,-1,Echolocation,/mnt/ubna_data_01_mir/recover-20220719/UBNA_004/20220718_123000.WAV,Carp Pond,recover-20220719,004,1795
446.5645,446.5708,21171,32227,Plecotus austriacus,0.232,0.312,-1,Echolocation,/mnt/ubna_data_01_mir/recover-20220719/UBNA_004/20220718_123000.WAV,Carp Pond,recover-20220719,004,1795
447.5625,447.567,26328,40254,Plecotus austriacus,0.131,0.214,-1,Echolocation,/mnt/ubna_data_01_mir/recover-20220719/UBNA_004/20220718_123000.WAV,Carp Pond,recover-20220719,004,1795
448.6675,448.675,21171,29149,Plecotus austriacus,0.133,0.242,-1,Echolocation,/mnt/ubna_data_01_mir/recover-20220719/UBNA_004/20220718_123000.WAV,Carp Pond,recover-20220719,004,1795
450.2205,450.2256,16875,32365,Plecotus austriacus,0.132,0.241,-1,Echolocation,/mnt/ubna_data_01_mir/recover-20220719/UBNA_004/20220718_123000.WAV,Carp Pond,recover-20220719,004,1795
450.9375,450.9416,15156,35372,Plecotus auritus,0.189,0.265,-1,Echolocation,/mnt/ubna_data_01_mir/recover-20220719/UBNA_004/20220718_123000.WAV,Carp Pond,recover-20220719,004,1795
453.2275,453.2319,16875,34581,Plecotus austriacus,0.155,0.241,-1,Echolocation,/mnt/ubna_data_01_mir/recover-20220719/UBNA_004/20220718_123000.WAV,Carp Pond,recover-20220719,004,1795
455.3155,455.3208,21171,32440,Plecotus austriacus,0.168,0.256,-1,Echolocation,/mnt/ubna_data_01_mir/recover-20220719/UBNA_004/20220718_123000.WAV,Carp Pond,recover-20220719,004,1795
455.3655,455.3713,20312,30860,Plecotus austriacus,0.214,0.29,-1,Echolocation,/mnt/ubna_data_01_mir/recover-20220719/UBNA_004/20220718_123000.WAV,Carp Pond,recover-20220719,004,1795
455.8735,455.8786,16875,29787,Plecotus austriacus,0.116,0.218,-1,Echolocation,/mnt/ubna_data_01_mir/recover-20220719/UBNA_004/20220718_123000.WAV,Carp Pond,recover-20220719,004,1795
455.9375,455.9469,22031,29861,Eptesicus serotinus,0.051,0.202,-1,Echolocation,/mnt/ubna_data_01_mir/recover-20220719/UBNA_004/20220718_123000.WAV,Carp Pond,recover-20220719,004,1795
456.1745,456.1785,16875,33120,Plecotus austriacus,0.212,0.328,-1,Echolocation,/mnt/ubna_data_01_mir/recover-20220719/UBNA_004/20220718_123000.WAV,Carp Pond,recover-20220719,004,1795
456.8715,456.8768,19453,30881,Plecotus austriacus,0.195,0.283,-1,Echolocation,/mnt/ubna_data_01_mir/recover-20220719/UBNA_004/20220718_123000.WAV,Carp Pond,recover-20220719,004,1795
457.5085,457.5127,18593,36931,Plecotus austriacus,0.157,0.218,-1,Echolocation,/mnt/ubna_data_01_mir/recover-20220719/UBNA_004/20220718_123000.WAV,Carp Pond,recover-20220719,004,1795
458.3235,458.3281,16875,32565,Plecotus austriacus,0.222,0.299,-1,Echolocation,/mnt/ubna_data_01_mir/recover-20220719/UBNA_004/20220718_123000.WAV,Carp Pond,recover-20220719,004,1795
458.8485,458.85360000000003,20312,32384,Plecotus austriacus,0.251,0.312,-1,Echolocation,/mnt/ubna_data_01_mir/recover-20220719/UBNA_004/20220718_123000.WAV,Carp Pond,recover-20220719,004,1795
459.3985,459.4057,17734,27666,Plecotus austriacus,0.181,0.223,-1,Echolocation,/mnt/ubna_data_01_mir/recover-20220719/UBNA_004/20220718_123000.WAV,Carp Pond,recover-20220719,004,1795
459.6375,459.6445,20312,29344,Plecotus austriacus,0.154,0.262,-1,Echolocation,/mnt/ubna_data_01_mir/recover-20220719/UBNA_004/20220718_123000.WAV,Carp Pond,recover-20220719,004,1795
459.7115,459.7174,19453,30101,Plecotus austriacus,0.18,0.221,-1,Echolocation,/mnt/ubna_data_01_mir/recover-20220719/UBNA_004/20220718_123000.WAV,Carp Pond,recover-20220719,004,1795
460.5535,460.5601,21171,31061,Plecotus austriacus,0.137,0.229,-1,Echolocation,/mnt/ubna_data_01_mir/recover-20220719/UBNA_004/20220718_123000.WAV,Carp Pond,recover-20220719,004,1795
461.3175,461.3215,23750,41289,Plecotus austriacus,0.177,0.234,-1,Echolocation,/mnt/ubna_data_01_mir/recover-20220719/UBNA_004/20220718_123000.WAV,Carp Pond,recover-20220719,004,1795
465.4205,465.4256,20312,33682,Plecotus austriacus,0.214,0.274,-1,Echolocation,/mnt/ubna_data_01_mir/recover-20220719/UBNA_004/20220718_123000.WAV,Carp Pond,recover-20220719,004,1795
465.8005,465.8045,16875,41076,Plecotus austriacus,0.125,0.221,-1,Echolocation,/mnt/ubna_data_01_mir/recover-20220719/UBNA_004/20220718_123000.WAV,Carp Pond,recover-20220719,004,1795
465.9245,465.9304,16875,28322,Plecotus austriacus,0.117,0.217,-1,Echolocation,/mnt/ubna_data_01_mir/recover-20220719/UBNA_004/20220718_123000.WAV,Carp Pond,recover-20220719,004,1795
466.0325,466.0369,13437,30284,Plecotus auritus,0.174,0.201,-1,Echolocation,/mnt/ubna_data_01_mir/recover-20220719/UBNA_004/20220718_123000.WAV,Carp Pond,recover-20220719,004,1795
466.6265,466.6344,20312,28732,Plecotus austriacus,0.105,0.211,-1,Echolocation,/mnt/ubna_data_01_mir/recover-20220719/UBNA_004/20220718_123000.WAV,Carp Pond,recover-20220719,004,1795
466.8005,466.8069,20312,30614,Plecotus austriacus,0.147,0.204,-1,Echolocation,/mnt/ubna_data_01_mir/recover-20220719/UBNA_004/20220718_123000.WAV,Carp Pond,recover-20220719,004,1795
466.9045,466.9097,18593,34361,Plecotus austriacus,0.146,0.203,-1,Echolocation,/mnt/ubna_data_01_mir/recover-20220719/UBNA_004/20220718_123000.WAV,Carp Pond,recover-20220719,004,1795
467.8065,467.8135,17734,30296,Plecotus austriacus,0.196,0.287,-1,Echolocation,/mnt/ubna_data_01_mir/recover-20220719/UBNA_004/20220718_123000.WAV,Carp Pond,recover-20220719,004,1795
469.8285,469.8325,18593,67529,Myotis nattereri,0.26,0.275,-1,Echolocation,/mnt/ubna_data_01_mir/recover-20220719/UBNA_004/20220718_123000.WAV,Carp Pond,recover-20220719,004,1795
469.8395,469.8453,16875,26969,Plecotus austriacus,0.105,0.223,-1,Echolocation,/mnt/ubna_data_01_mir/recover-20220719/UBNA_004/20220718_123000.WAV,Carp Pond,recover-20220719,004,1795
469.8645,469.8745,20312,27819,Nyctalus noctula,0.07,0.209,-1,Echolocation,/mnt/ubna_data_01_mir/recover-20220719/UBNA_004/20220718_123000.WAV,Carp Pond,recover-20220719,004,1795
471.7885,471.793,16015,60184,Myotis nattereri,0.235,0.249,-1,Echolocation,/mnt/ubna_data_01_mir/recover-20220719/UBNA_004/20220718_123000.WAV,Carp Pond,recover-20220719,004,1795
472.3045,472.3095,22890,37421,Plecotus austriacus,0.195,0.267,-1,Echolocation,/mnt/ubna_data_01_mir/recover-20220719/UBNA_004/20220718_123000.WAV,Carp Pond,recover-20220719,004,1795
474.7825,474.7904,21171,29440,Plecotus austriacus,0.095,0.226,-1,Echolocation,/mnt/ubna_data_01_mir/recover-20220719/UBNA_004/20220718_123000.WAV,Carp Pond,recover-20220719,004,1795
475.7215,475.7254,18593,37142,Plecotus austriacus,0.222,0.307,-1,Echolocation,/mnt/ubna_data_01_mir/recover-20220719/UBNA_004/20220718_123000.WAV,Carp Pond,recover-20220719,004,1795
478.8395,478.8432,19453,36272,Plecotus austriacus,0.223,0.29,-1,Echolocation,/mnt/ubna_data_01_mir/recover-20220719/UBNA_004/20220718_123000.WAV,Carp Pond,recover-20220719,004,1795
478.9115,478.9163,17734,32001,Plecotus austriacus,0.179,0.249,-1,Echolocation,/mnt/ubna_data_01_mir/recover-20220719/UBNA_004/20220718_123000.WAV,Carp Pond,recover-20220719,004,1795
479.2265,479.2339,22031,31143,Plecotus austriacus,0.095,0.248,-1,Echolocation,/mnt/ubna_data_01_mir/recover-20220719/UBNA_004/20220718_123000.WAV,Carp Pond,recover-20220719,004,1795
479.5315,479.536,18593,32551,Plecotus austriacus,0.258,0.335,-1,Echolocation,/mnt/ubna_data_01_mir/recover-20220719/UBNA_004/20220718_123000.WAV,Carp Pond,recover-20220719,004,1795
480.0645,480.0691,18593,31068,Plecotus austriacus,0.189,0.276,-1,Echolocation,/mnt/ubna_data_01_mir/recover-20220719/UBNA_004/20220718_123000.WAV,Carp Pond,recover-20220719,004,1795
482.0535,482.0586,18593,30978,Plecotus austriacus,0.164,0.22,-1,Echolocation,/mnt/ubna_data_01_mir/recover-20220719/UBNA_004/20220718_123000.WAV,Carp Pond,recover-20220719,004,1795
482.1715,482.1764,16875,30071,Plecotus austriacus,0.194,0.359,-1,Echolocation,/mnt/ubna_data_01_mir/recover-20220719/UBNA_004/20220718_123000.WAV,Carp Pond,recover-20220719,004,1795
484.3635,484.3686,25468,36875,Plecotus austriacus,0.211,0.278,-1,Echolocation,/mnt/ubna_data_01_mir/recover-20220719/UBNA_004/20220718_123000.WAV,Carp Pond,recover-20220719,004,1795
485.3285,485.3351,20312,29823,Plecotus austriacus,0.23,0.365,-1,Echolocation,/mnt/ubna_data_01_mir/recover-20220719/UBNA_004/20220718_123000.WAV,Carp Pond,recover-20220719,004,1795
485.8405,485.85360000000003,29765,33969,Nyctalus leisleri,0.196,0.377,-1,Echolocation,/mnt/ubna_data_01_mir/recover-20220719/UBNA_004/20220718_123000.WAV,Carp Pond,recover-20220719,004,1795
487.0075,487.0123,17734,30775,Plecotus austriacus,0.201,0.272,-1,Echolocation,/mnt/ubna_data_01_mir/recover-20220719/UBNA_004/20220718_123000.WAV,Carp Pond,recover-20220719,004,1795
491.6655,491.6705,22890,35731,Plecotus austriacus,0.304,0.39,-1,Echolocation,/mnt/ubna_data_01_mir/recover-20220719/UBNA_004/20220718_123000.WAV,Carp Pond,recover-20220719,004,1795
492.5745,492.5813,17734,28921,Plecotus austriacus,0.144,0.229,-1,Echolocation,/mnt/ubna_data_01_mir/recover-20220719/UBNA_004/20220718_123000.WAV,Carp Pond,recover-20220719,004,1795
492.6075,492.6178,39218,43765,Pipistrellus nathusii,0.191,0.237,-1,Echolocation,/mnt/ubna_data_01_mir/recover-20220719/UBNA_004/20220718_123000.WAV,Carp Pond,recover-20220719,004,1795
492.6775,492.6835,16875,29307,Plecotus austriacus,0.162,0.201,-1,Echolocation,/mnt/ubna_data_01_mir/recover-20220719/UBNA_004/20220718_123000.WAV,Carp Pond,recover-20220719,004,1795
492.9345,492.9398,18593,30128,Plecotus austriacus,0.179,0.231,-1,Echolocation,/mnt/ubna_data_01_mir/recover-20220719/UBNA_004/20220718_123000.WAV,Carp Pond,recover-20220719,004,1795
493.5955,493.6007,16875,33026,Plecotus austriacus,0.154,0.216,-1,Echolocation,/mnt/ubna_data_01_mir/recover-20220719/UBNA_004/20220718_123000.WAV,Carp Pond,recover-20220719,004,1795
498.1795,498.1839,25468,52210,Myotis nattereri,0.175,0.221,-1,Echolocation,/mnt/ubna_data_01_mir/recover-20220719/UBNA_004/20220718_123000.WAV,Carp Pond,recover-20220719,004,1795
498.5375,498.5425,22031,54588,Myotis nattereri,0.241,0.279,-1,Echolocation,/mnt/ubna_data_01_mir/recover-20220719/UBNA_004/20220718_123000.WAV,Carp Pond,recover-20220719,004,1795
498.5515,498.5559,16875,33829,Plecotus austriacus,0.145,0.274,-1,Echolocation,/mnt/ubna_data_01_mir/recover-20220719/UBNA_004/20220718_123000.WAV,Carp Pond,recover-20220719,004,1795
499.1535,499.1578,28046,41771,Plecotus austriacus,0.081,0.269,-1,Echolocation,/mnt/ubna_data_01_mir/recover-20220719/UBNA_004/20220718_123000.WAV,Carp Pond,recover-20220719,004,1795
499.4615,499.4667,20312,34323,Plecotus austriacus,0.201,0.273,-1,Echolocation,/mnt/ubna_data_01_mir/recover-20220719/UBNA_004/20220718_123000.WAV,Carp Pond,recover-20220719,004,1795
501.3565,501.3677,22890,28936,Nyctalus leisleri,0.104,0.289,-1,Echolocation,/mnt/ubna_data_01_mir/recover-20220719/UBNA_004/20220718_123000.WAV,Carp Pond,recover-20220719,004,1795
502.9055,502.9117,20312,30702,Plecotus austriacus,0.17,0.243,-1,Echolocation,/mnt/ubna_data_01_mir/recover-20220719/UBNA_004/20220718_123000.WAV,Carp Pond,recover-20220719,004,1795
508.0815,508.0876,17734,28217,Plecotus austriacus,0.173,0.216,-1,Echolocation,/mnt/ubna_data_01_mir/recover-20220719/UBNA_004/20220718_123000.WAV,Carp Pond,recover-20220719,004,1795
514.0655,514.0711,17734,30823,Plecotus austriacus,0.13,0.246,-1,Echolocation,/mnt/ubna_data_01_mir/recover-20220719/UBNA_004/20220718_123000.WAV,Carp Pond,recover-20220719,004,1795
517.6775,517.6826,16875,32090,Plecotus austriacus,0.2,0.268,-1,Echolocation,/mnt/ubna_data_01_mir/recover-20220719/UBNA_004/20220718_123000.WAV,Carp Pond,recover-20220719,004,1795
521.3315,521.3361,22031,37487,Plecotus austriacus,0.261,0.337,-1,Echolocation,/mnt/ubna_data_01_mir/recover-20220719/UBNA_004/20220718_123000.WAV,Carp Pond,recover-20220719,004,1795
524.4645,524.4691,16015,30453,Plecotus auritus,0.153,0.247,-1,Echolocation,/mnt/ubna_data_01_mir/recover-20220719/UBNA_004/20220718_123000.WAV,Carp Pond,recover-20220719,004,1795
527.4805,527.4874,22031,31938,Plecotus austriacus,0.221,0.304,-1,Echolocation,/mnt/ubna_data_01_mir/recover-20220719/UBNA_004/20220718_123000.WAV,Carp Pond,recover-20220719,004,1795
527.9275,527.9337,16875,32931,Plecotus austriacus,0.133,0.2,-1,Echolocation,/mnt/ubna_data_01_mir/recover-20220719/UBNA_004/20220718_123000.WAV,Carp Pond,recover-20220719,004,1795
528.5235,528.527,16015,38530,Plecotus austriacus,0.143,0.288,-1,Echolocation,/mnt/ubna_data_01_mir/recover-20220719/UBNA_004/20220718_123000.WAV,Carp Pond,recover-20220719,004,1795
529.4305,529.4347,14296,32467,Plecotus auritus,0.163,0.202,-1,Echolocation,/mnt/ubna_data_01_mir/recover-20220719/UBNA_004/20220718_123000.WAV,Carp Pond,recover-20220719,004,1795
531.0235,531.0279,18593,31061,Plecotus austriacus,0.271,0.38,-1,Echolocation,/mnt/ubna_data_01_mir/recover-20220719/UBNA_004/20220718_123000.WAV,Carp Pond,recover-20220719,004,1795
531.2665,531.2714,17734,30672,Plecotus austriacus,0.18,0.231,-1,Echolocation,/mnt/ubna_data_01_mir/recover-20220719/UBNA_004/20220718_123000.WAV,Carp Pond,recover-20220719,004,1795
533.1245,533.1311,21171,32172,Plecotus austriacus,0.229,0.329,-1,Echolocation,/mnt/ubna_data_01_mir/recover-20220719/UBNA_004/20220718_123000.WAV,Carp Pond,recover-20220719,004,1795
533.4475,533.4525,23750,34548,Plecotus austriacus,0.201,0.275,-1,Echolocation,/mnt/ubna_data_01_mir/recover-20220719/UBNA_004/20220718_123000.WAV,Carp Pond,recover-20220719,004,1795
533.5145,533.518,30625,57677,Myotis nattereri,0.121,0.21,-1,Echolocation,/mnt/ubna_data_01_mir/recover-20220719/UBNA_004/20220718_123000.WAV,Carp Pond,recover-20220719,004,1795
533.7215,533.7299,22031,28567,Plecotus austriacus,0.083,0.201,-1,Echolocation,/mnt/ubna_data_01_mir/recover-20220719/UBNA_004/20220718_123000.WAV,Carp Pond,recover-20220719,004,1795
539.2995,539.3065,20312,30384,Plecotus austriacus,0.156,0.223,-1,Echolocation,/mnt/ubna_data_01_mir/recover-20220719/UBNA_004/20220718_123000.WAV,Carp Pond,recover-20220719,004,1795
539.3945,539.3988,25468,39663,Plecotus austriacus,0.16,0.239,-1,Echolocation,/mnt/ubna_data_01_mir/recover-20220719/UBNA_004/20220718_123000.WAV,Carp Pond,recover-20220719,004,1795
539.6575,539.6616,23750,39669,Plecotus austriacus,0.151,0.217,-1,Echolocation,/mnt/ubna_data_01_mir/recover-20220719/UBNA_004/20220718_123000.WAV,Carp Pond,recover-20220719,004,1795
539.8475,539.853,19453,30944,Plecotus austriacus,0.209,0.263,-1,Echolocation,/mnt/ubna_data_01_mir/recover-20220719/UBNA_004/20220718_123000.WAV,Carp Pond,recover-20220719,004,1795
543.5845,543.5902,16875,30076,Plecotus auritus,0.188,0.308,-1,Echolocation,/mnt/ubna_data_01_mir/recover-20220719/UBNA_004/20220718_123000.WAV,Carp Pond,recover-20220719,004,1795
546.1035,546.1119,53828,58367,Pipistrellus pipistrellus,0.187,0.291,-1,Echolocation,/mnt/ubna_data_01_mir/recover-20220719/UBNA_004/20220718_123000.WAV,Carp Pond,recover-20220719,004,1795
546.3255,546.3301,19453,34970,Plecotus austriacus,0.18,0.271,-1,Echolocation,/mnt/ubna_data_01_mir/recover-20220719/UBNA_004/20220718_123000.WAV,Carp Pond,recover-20220719,004,1795
546.5305,546.5337,28906,55948,Myotis nattereri,0.166,0.272,-1,Echolocation,/mnt/ubna_data_01_mir/recover-20220719/UBNA_004/20220718_123000.WAV,Carp Pond,recover-20220719,004,1795
550.4455,550.45,19453,54359,Myotis nattereri,0.215,0.229,-1,Echolocation,/mnt/ubna_data_01_mir/recover-20220719/UBNA_004/20220718_123000.WAV,Carp Pond,recover-20220719,004,1795
551.1945,551.1993,24609,37393,Plecotus austriacus,0.17,0.223,-1,Echolocation,/mnt/ubna_data_01_mir/recover-20220719/UBNA_004/20220718_123000.WAV,Carp Pond,recover-20220719,004,1795
552.4685,552.4734,16015,31241,Plecotus auritus,0.133,0.238,-1,Echolocation,/mnt/ubna_data_01_mir/recover-20220719/UBNA_004/20220718_123000.WAV,Carp Pond,recover-20220719,004,1795
552.7555,552.7617,17734,28216,Plecotus austriacus,0.132,0.21,-1,Echolocation,/mnt/ubna_data_01_mir/recover-20220719/UBNA_004/20220718_123000.WAV,Carp Pond,recover-20220719,004,1795
552.9515,552.9556,23750,39311,Plecotus austriacus,0.167,0.225,-1,Echolocation,/mnt/ubna_data_01_mir/recover-20220719/UBNA_004/20220718_123000.WAV,Carp Pond,recover-20220719,004,1795
553.0175,553.0225,19453,32055,Plecotus austriacus,0.214,0.284,-1,Echolocation,/mnt/ubna_data_01_mir/recover-20220719/UBNA_004/20220718_123000.WAV,Carp Pond,recover-20220719,004,1795
554.2495,554.254,20312,39051,Plecotus austriacus,0.192,0.295,-1,Echolocation,/mnt/ubna_data_01_mir/recover-20220719/UBNA_004/20220718_123000.WAV,Carp Pond,recover-20220719,004,1795
554.2685,554.2744,20312,30548,Plecotus austriacus,0.145,0.331,-1,Echolocation,/mnt/ubna_data_01_mir/recover-20220719/UBNA_004/20220718_123000.WAV,Carp Pond,recover-20220719,004,1795
554.3665,554.373,20312,29765,Plecotus austriacus,0.142,0.236,-1,Echolocation,/mnt/ubna_data_01_mir/recover-20220719/UBNA_004/20220718_123000.WAV,Carp Pond,recover-20220719,004,1795
554.8595,554.8635,16015,45872,Myotis nattereri,0.143,0.218,-1,Echolocation,/mnt/ubna_data_01_mir/recover-20220719/UBNA_004/20220718_123000.WAV,Carp Pond,recover-20220719,004,1795
555.1315,555.1358,17734,31718,Plecotus austriacus,0.163,0.27,-1,Echolocation,/mnt/ubna_data_01_mir/recover-20220719/UBNA_004/20220718_123000.WAV,Carp Pond,recover-20220719,004,1795
557.6945,557.698,15156,36138,Plecotus auritus,0.128,0.202,-1,Echolocation,/mnt/ubna_data_01_mir/recover-20220719/UBNA_004/20220718_123000.WAV,Carp Pond,recover-20220719,004,1795
559.4885,559.4993,23750,30216,Eptesicus serotinus,0.091,0.215,-1,Echolocation,/mnt/ubna_data_01_mir/recover-20220719/UBNA_004/20220718_123000.WAV,Carp Pond,recover-20220719,004,1795
559.8505,559.8563,17734,38856,Plecotus austriacus,0.23,0.327,-1,Echolocation,/mnt/ubna_data_01_mir/recover-20220719/UBNA_004/20220718_123000.WAV,Carp Pond,recover-20220719,004,1795
560.1385,560.147,19453,27727,Plecotus austriacus,0.099,0.206,-1,Echolocation,/mnt/ubna_data_01_mir/recover-20220719/UBNA_004/20220718_123000.WAV,Carp Pond,recover-20220719,004,1795
560.2335,560.24,21171,32663,Plecotus austriacus,0.185,0.225,-1,Echolocation,/mnt/ubna_data_01_mir/recover-20220719/UBNA_004/20220718_123000.WAV,Carp Pond,recover-20220719,004,1795
560.6425,560.654,22890,28554,Nyctalus leisleri,0.107,0.201,-1,Echolocation,/mnt/ubna_data_01_mir/recover-20220719/UBNA_004/20220718_123000.WAV,Carp Pond,recover-20220719,004,1795
561.8385,561.8448,17734,32777,Plecotus austriacus,0.157,0.204,-1,Echolocation,/mnt/ubna_data_01_mir/recover-20220719/UBNA_004/20220718_123000.WAV,Carp Pond,recover-20220719,004,1795
562.3485000000001,562.352,14296,38120,Plecotus auritus,0.205,0.278,-1,Echolocation,/mnt/ubna_data_01_mir/recover-20220719/UBNA_004/20220718_123000.WAV,Carp Pond,recover-20220719,004,1795
566.7315,566.7371,20312,30976,Plecotus austriacus,0.165,0.235,-1,Echolocation,/mnt/ubna_data_01_mir/recover-20220719/UBNA_004/20220718_123000.WAV,Carp Pond,recover-20220719,004,1795
567.2245,567.2345,26328,33305,Eptesicus serotinus,0.136,0.201,-1,Echolocation,/mnt/ubna_data_01_mir/recover-20220719/UBNA_004/20220718_123000.WAV,Carp Pond,recover-20220719,004,1795
568.3195,568.3244,17734,32196,Plecotus austriacus,0.228,0.29,-1,Echolocation,/mnt/ubna_data_01_mir/recover-20220719/UBNA_004/20220718_123000.WAV,Carp Pond,recover-20220719,004,1795
573.0965,573.1019,21171,33886,Plecotus austriacus,0.16,0.24,-1,Echolocation,/mnt/ubna_data_01_mir/recover-20220719/UBNA_004/20220718_123000.WAV,Carp Pond,recover-20220719,004,1795
574.8765,574.8828,19453,30451,Plecotus austriacus,0.157,0.222,-1,Echolocation,/mnt/ubna_data_01_mir/recover-20220719/UBNA_004/20220718_123000.WAV,Carp Pond,recover-20220719,004,1795
576.4145,576.4204,26328,37270,Plecotus austriacus,0.078,0.212,-1,Echolocation,/mnt/ubna_data_01_mir/recover-20220719/UBNA_004/20220718_123000.WAV,Carp Pond,recover-20220719,004,1795
579.6415,579.6476,22890,31601,Plecotus austriacus,0.16,0.294,-1,Echolocation,/mnt/ubna_data_01_mir/recover-20220719/UBNA_004/20220718_123000.WAV,Carp Pond,recover-20220719,004,1795
579.7505,579.7539,15156,34726,Plecotus auritus,0.272,0.362,-1,Echolocation,/mnt/ubna_data_01_mir/recover-20220719/UBNA_004/20220718_123000.WAV,Carp Pond,recover-20220719,004,1795
580.0465,580.0506,14296,35960,Plecotus auritus,0.195,0.235,-1,Echolocation,/mnt/ubna_data_01_mir/recover-20220719/UBNA_004/20220718_123000.WAV,Carp Pond,recover-20220719,004,1795
580.1455,580.15,16875,34683,Plecotus austriacus,0.149,0.234,-1,Echolocation,/mnt/ubna_data_01_mir/recover-20220719/UBNA_004/20220718_123000.WAV,Carp Pond,recover-20220719,004,1795
582.8925,582.8976,24609,37706,Plecotus austriacus,0.123,0.201,-1,Echolocation,/mnt/ubna_data_01_mir/recover-20220719/UBNA_004/20220718_123000.WAV,Carp Pond,recover-20220719,004,1795
583.3765,583.384,16875,27551,Plecotus auritus,0.116,0.279,-1,Echolocation,/mnt/ubna_data_01_mir/recover-20220719/UBNA_004/20220718_123000.WAV,Carp Pond,recover-20220719,004,1795
587.6015,587.607,22031,34263,Plecotus austriacus,0.133,0.221,-1,Echolocation,/mnt/ubna_data_01_mir/recover-20220719/UBNA_004/20220718_123000.WAV,Carp Pond,recover-20220719,004,1795
590.1975,590.2025,19453,31809,Plecotus austriacus,0.181,0.244,-1,Echolocation,/mnt/ubna_data_01_mir/recover-20220719/UBNA_004/20220718_123000.WAV,Carp Pond,recover-20220719,004,1795
594.1765,594.1818,18593,30887,Plecotus austriacus,0.176,0.222,-1,Echolocation,/mnt/ubna_data_01_mir/recover-20220719/UBNA_004/20220718_123000.WAV,Carp Pond,recover-20220719,004,1795
595.1145,595.1215,22031,29867,Plecotus austriacus,0.112,0.203,-1,Echolocation,/mnt/ubna_data_01_mir/recover-20220719/UBNA_004/20220718_123000.WAV,Carp Pond,recover-20220719,004,1795
595.5905,595.5966,20312,30131,Plecotus austriacus,0.191,0.307,-1,Echolocation,/mnt/ubna_data_01_mir/recover-20220719/UBNA_004/20220718_123000.WAV,Carp Pond,recover-20220719,004,1795
595.6385,595.6445,19453,30718,Plecotus austriacus,0.281,0.369,-1,Echolocation,/mnt/ubna_data_01_mir/recover-20220719/UBNA_004/20220718_123000.WAV,Carp Pond,recover-20220719,004,1795
597.2715,597.2753,26328,57724,Myotis nattereri,0.197,0.241,-1,Echolocation,/mnt/ubna_data_01_mir/recover-20220719/UBNA_004/20220718_123000.WAV,Carp Pond,recover-20220719,004,1795
597.5145,597.5198,19453,30726,Plecotus austriacus,0.226,0.298,-1,Echolocation,/mnt/ubna_data_01_mir/recover-20220719/UBNA_004/20220718_123000.WAV,Carp Pond,recover-20220719,004,1795
597.6065,597.6127,17734,30187,Plecotus austriacus,0.152,0.239,-1,Echolocation,/mnt/ubna_data_01_mir/recover-20220719/UBNA_004/20220718_123000.WAV,Carp Pond,recover-20220719,004,1795
598.1095,598.1147,16875,29893,Plecotus austriacus,0.192,0.252,-1,Echolocation,/mnt/ubna_data_01_mir/recover-20220719/UBNA_004/20220718_123000.WAV,Carp Pond,recover-20220719,004,1795
598.2845,598.2896,20312,33575,Plecotus austriacus,0.166,0.22,-1,Echolocation,/mnt/ubna_data_01_mir/recover-20220719/UBNA_004/20220718_123000.WAV,Carp Pond,recover-20220719,004,1795
598.3855,598.3966,22890,29221,Eptesicus serotinus,0.108,0.212,-1,Echolocation,/mnt/ubna_data_01_mir/recover-20220719/UBNA_004/20220718_123000.WAV,Carp Pond,recover-20220719,004,1795
598.6525,598.6588,18593,30280,Plecotus austriacus,0.191,0.251,-1,Echolocation,/mnt/ubna_data_01_mir/recover-20220719/UBNA_004/20220718_123000.WAV,Carp Pond,recover-20220719,004,1795
599.3625,599.3665,15156,34201,Plecotus auritus,0.14,0.234,-1,Echolocation,/mnt/ubna_data_01_mir/recover-20220719/UBNA_004/20220718_123000.WAV,Carp Pond,recover-20220719,004,1795
599.3965,599.4014,18593,31628,Plecotus austriacus,0.186,0.245,-1,Echolocation,/mnt/ubna_data_01_mir/recover-20220719/UBNA_004/20220718_123000.WAV,Carp Pond,recover-20220719,004,1795
601.7825,601.7923,28906,36455,Eptesicus serotinus,0.18,0.266,-1,Echolocation,/mnt/ubna_data_01_mir/recover-20220719/UBNA_004/20220718_123000.WAV,Carp Pond,recover-20220719,004,1795
602.8985,602.9044,16875,31465,Plecotus austriacus,0.135,0.205,-1,Echolocation,/mnt/ubna_data_01_mir/recover-20220719/UBNA_004/20220718_123000.WAV,Carp Pond,recover-20220719,004,1795
604.4125,604.4183,17734,30438,Plecotus austriacus,0.146,0.211,-1,Echolocation,/mnt/ubna_data_01_mir/recover-20220719/UBNA_004/20220718_123000.WAV,Carp Pond,recover-20220719,004,1795
605.6785,605.6902,22890,28164,Nyctalus leisleri,0.092,0.236,-1,Echolocation,/mnt/ubna_data_01_mir/recover-20220719/UBNA_004/20220718_123000.WAV,Carp Pond,recover-20220719,004,1795
607.3595,607.3694,34062,40256,Eptesicus serotinus,0.077,0.207,-1,Echolocation,/mnt/ubna_data_01_mir/recover-20220719/UBNA_004/20220718_123000.WAV,Carp Pond,recover-20220719,004,1795
608.1435,608.1478,28046,39661,Plecotus austriacus,0.121,0.213,-1,Echolocation,/mnt/ubna_data_01_mir/recover-20220719/UBNA_004/20220718_123000.WAV,Carp Pond,recover-20220719,004,1795
610.1515,610.1557,19453,38713,Plecotus austriacus,0.319,0.467,-1,Echolocation,/mnt/ubna_data_01_mir/recover-20220719/UBNA_004/20220718_123000.WAV,Carp Pond,recover-20220719,004,1795
613.1895,613.2028,22890,28848,Nyctalus leisleri,0.206,0.411,-1,Echolocation,/mnt/ubna_data_01_mir/recover-20220719/UBNA_004/20220718_123000.WAV,Carp Pond,recover-20220719,004,1795
614.1445,614.1502,16015,28063,Plecotus auritus,0.158,0.296,-1,Echolocation,/mnt/ubna_data_01_mir/recover-20220719/UBNA_004/20220718_123000.WAV,Carp Pond,recover-20220719,004,1795
614.2185,614.2241,20312,32380,Plecotus austriacus,0.176,0.235,-1,Echolocation,/mnt/ubna_data_01_mir/recover-20220719/UBNA_004/20220718_123000.WAV,Carp Pond,recover-20220719,004,1795
616.5285,616.5335,14296,32703,Plecotus auritus,0.179,0.206,-1,Echolocation,/mnt/ubna_data_01_mir/recover-20220719/UBNA_004/20220718_123000.WAV,Carp Pond,recover-20220719,004,1795
619.4875,619.4972,23750,30162,Nyctalus leisleri,0.068,0.209,-1,Echolocation,/mnt/ubna_data_01_mir/recover-20220719/UBNA_004/20220718_123000.WAV,Carp Pond,recover-20220719,004,1795
619.8075,619.8121,18593,37837,Plecotus austriacus,0.16,0.234,-1,Echolocation,/mnt/ubna_data_01_mir/recover-20220719/UBNA_004/20220718_123000.WAV,Carp Pond,recover-20220719,004,1795
623.5175,623.5222,17734,34911,Plecotus austriacus,0.217,0.277,-1,Echolocation,/mnt/ubna_data_01_mir/recover-20220719/UBNA_004/20220718_123000.WAV,Carp Pond,recover-20220719,004,1795
625.1455,625.1528,22031,29518,Plecotus austriacus,0.095,0.21,-1,Echolocation,/mnt/ubna_data_01_mir/recover-20220719/UBNA_004/20220718_123000.WAV,Carp Pond,recover-20220719,004,1795
626.9445,626.9507,21171,34252,Plecotus austriacus,0.178,0.237,-1,Echolocation,/mnt/ubna_data_01_mir/recover-20220719/UBNA_004/20220718_123000.WAV,Carp Pond,recover-20220719,004,1795
627.1815,627.1885,22890,30447,Plecotus austriacus,0.204,0.37,-1,Echolocation,/mnt/ubna_data_01_mir/recover-20220719/UBNA_004/20220718_123000.WAV,Carp Pond,recover-20220719,004,1795
628.3615,628.3742,18593,25340,Nyctalus noctula,0.23,0.397,-1,Echolocation,/mnt/ubna_data_01_mir/recover-20220719/UBNA_004/20220718_123000.WAV,Carp Pond,recover-20220719,004,1795
628.8405,628.844,30625,49087,Myotis nattereri,0.094,0.29,-1,Echolocation,/mnt/ubna_data_01_mir/recover-20220719/UBNA_004/20220718_123000.WAV,Carp Pond,recover-20220719,004,1795
629.0795,629.0849,17734,31072,Plecotus austriacus,0.142,0.216,-1,Echolocation,/mnt/ubna_data_01_mir/recover-20220719/UBNA_004/20220718_123000.WAV,Carp Pond,recover-20220719,004,1795
629.6415,629.6462,20312,33229,Plecotus austriacus,0.199,0.267,-1,Echolocation,/mnt/ubna_data_01_mir/recover-20220719/UBNA_004/20220718_123000.WAV,Carp Pond,recover-20220719,004,1795
632.4795,632.4845,18593,31277,Plecotus austriacus,0.221,0.276,-1,Echolocation,/mnt/ubna_data_01_mir/recover-20220719/UBNA_004/20220718_123000.WAV,Carp Pond,recover-20220719,004,1795
633.5065,633.5104,29765,55274,Myotis nattereri,0.139,0.252,-1,Echolocation,/mnt/ubna_data_01_mir/recover-20220719/UBNA_004/20220718_123000.WAV,Carp Pond,recover-20220719,004,1795
634.6345,634.6383,28906,52111,Myotis nattereri,0.148,0.285,-1,Echolocation,/mnt/ubna_data_01_mir/recover-20220719/UBNA_004/20220718_123000.WAV,Carp Pond,recover-20220719,004,1795
635.9225,635.9257,32343,54072,Myotis nattereri,0.162,0.316,-1,Echolocation,/mnt/ubna_data_01_mir/recover-20220719/UBNA_004/20220718_123000.WAV,Carp Pond,recover-20220719,004,1795
637.3125,637.3181,16875,30660,Plecotus austriacus,0.178,0.321,-1,Echolocation,/mnt/ubna_data_01_mir/recover-20220719/UBNA_004/20220718_123000.WAV,Carp Pond,recover-20220719,004,1795
637.4705,637.4765,18593,30767,Plecotus austriacus,0.155,0.209,-1,Echolocation,/mnt/ubna_data_01_mir/recover-20220719/UBNA_004/20220718_123000.WAV,Carp Pond,recover-20220719,004,1795
639.3575,639.3624,15156,30438,Plecotus auritus,0.248,0.315,-1,Echolocation,/mnt/ubna_data_01_mir/recover-20220719/UBNA_004/20220718_123000.WAV,Carp Pond,recover-20220719,004,1795
639.4715,639.4772,23750,36029,Plecotus austriacus,0.226,0.297,-1,Echolocation,/mnt/ubna_data_01_mir/recover-20220719/UBNA_004/20220718_123000.WAV,Carp Pond,recover-20220719,004,1795
639.7575,639.7679,22031,28515,Nyctalus leisleri,0.088,0.258,-1,Echolocation,/mnt/ubna_data_01_mir/recover-20220719/UBNA_004/20220718_123000.WAV,Carp Pond,recover-20220719,004,1795
640.6975,640.7045,18593,28980,Plecotus austriacus,0.174,0.329,-1,Echolocation,/mnt/ubna_data_01_mir/recover-20220719/UBNA_004/20220718_123000.WAV,Carp Pond,recover-20220719,004,1795
640.9195,640.9257,17734,29087,Plecotus austriacus,0.156,0.238,-1,Echolocation,/mnt/ubna_data_01_mir/recover-20220719/UBNA_004/20220718_123000.WAV,Carp Pond,recover-20220719,004,1795
641.2335,641.2384,18593,53780,Myotis nattereri,0.243,0.257,-1,Echolocation,/mnt/ubna_data_01_mir/recover-20220719/UBNA_004/20220718_123000.WAV,Carp Pond,recover-20220719,004,1795
641.2805,641.2849,19453,56756,Myotis nattereri,0.267,0.282,-1,Echolocation,/mnt/ubna_data_01_mir/recover-20220719/UBNA_004/20220718_123000.WAV,Carp Pond,recover-20220719,004,1795
642.1725,642.1782,20312,31454,Plecotus austriacus,0.203,0.285,-1,Echolocation,/mnt/ubna_data_01_mir/recover-20220719/UBNA_004/20220718_123000.WAV,Carp Pond,recover-20220719,004,1795
642.2295,642.2354,17734,30039,Plecotus austriacus,0.143,0.214,-1,Echolocation,/mnt/ubna_data_01_mir/recover-20220719/UBNA_004/20220718_123000.WAV,Carp Pond,recover-20220719,004,1795
642.7205,642.7256,19453,31196,Plecotus austriacus,0.186,0.246,-1,Echolocation,/mnt/ubna_data_01_mir/recover-20220719/UBNA_004/20220718_123000.WAV,Carp Pond,recover-20220719,004,1795
643.0965,643.102,18593,32122,Plecotus austriacus,0.207,0.268,-1,Echolocation,/mnt/ubna_data_01_mir/recover-20220719/UBNA_004/20220718_123000.WAV,Carp Pond,recover-20220719,004,1795
643.1425,643.1461,26328,50362,Myotis nattereri,0.14,0.232,-1,Echolocation,/mnt/ubna_data_01_mir/recover-20220719/UBNA_004/20220718_123000.WAV,Carp Pond,recover-20220719,004,1795
644.4505,644.4555,22031,36022,Plecotus austriacus,0.217,0.278,-1,Echolocation,/mnt/ubna_data_01_mir/recover-20220719/UBNA_004/20220718_123000.WAV,Carp Pond,recover-20220719,004,1795
645.0805,645.0854,17734,29877,Plecotus austriacus,0.121,0.246,-1,Echolocation,/mnt/ubna_data_01_mir/recover-20220719/UBNA_004/20220718_123000.WAV,Carp Pond,recover-20220719,004,1795
645.1995,645.2034,25468,43204,Plecotus austriacus,0.124,0.219,-1,Echolocation,/mnt/ubna_data_01_mir/recover-20220719/UBNA_004/20220718_123000.WAV,Carp Pond,recover-20220719,004,1795
649.4755,649.483,21171,29615,Plecotus austriacus,0.212,0.322,-1,Echolocation,/mnt/ubna_data_01_mir/recover-20220719/UBNA_004/20220718_123000.WAV,Carp Pond,recover-20220719,004,1795
649.9565,649.9613,13437,37176,Plecotus auritus,0.163,0.23,-1,Echolocation,/mnt/ubna_data_01_mir/recover-20220719/UBNA_004/20220718_123000.WAV,Carp Pond,recover-20220719,004,1795
651.4655,651.4712,15156,28285,Plecotus auritus,0.167,0.209,-1,Echolocation,/mnt/ubna_data_01_mir/recover-20220719/UBNA_004/20220718_123000.WAV,Carp Pond,recover-20220719,004,1795
651.4945,651.5016,22031,31769,Plecotus austriacus,0.155,0.262,-1,Echolocation,/mnt/ubna_data_01_mir/recover-20220719/UBNA_004/20220718_123000.WAV,Carp Pond,recover-20220719,004,1795
651.5925,651.5991,15156,28907,Plecotus auritus,0.15,0.202,-1,Echolocation,/mnt/ubna_data_01_mir/recover-20220719/UBNA_004/20220718_123000.WAV,Carp Pond,recover-20220719,004,1795
654.8025,654.8084,17734,29130,Plecotus austriacus,0.245,0.307,-1,Echolocation,/mnt/ubna_data_01_mir/recover-20220719/UBNA_004/20220718_123000.WAV,Carp Pond,recover-20220719,004,1795
655.3795,655.3846,15156,30679,Plecotus auritus,0.141,0.201,-1,Echolocation,/mnt/ubna_data_01_mir/recover-20220719/UBNA_004/20220718_123000.WAV,Carp Pond,recover-20220719,004,1795
655.8485000000001,655.8555,22031,30977,Plecotus austriacus,0.127,0.228,-1,Echolocation,/mnt/ubna_data_01_mir/recover-20220719/UBNA_004/20220718_123000.WAV,Carp Pond,recover-20220719,004,1795
657.4405,657.4457,22890,33165,Plecotus austriacus,0.361,0.461,-1,Echolocation,/mnt/ubna_data_01_mir/recover-20220719/UBNA_004/20220718_123000.WAV,Carp Pond,recover-20220719,004,1795
660.1485,660.1543,18593,30431,Plecotus austriacus,0.177,0.267,-1,Echolocation,/mnt/ubna_data_01_mir/recover-20220719/UBNA_004/20220718_123000.WAV,Carp Pond,recover-20220719,004,1795
660.3515,660.3566,18593,32651,Plecotus austriacus,0.156,0.221,-1,Echolocation,/mnt/ubna_data_01_mir/recover-20220719/UBNA_004/20220718_123000.WAV,Carp Pond,recover-20220719,004,1795
662.3745,662.382,21171,29499,Plecotus austriacus,0.096,0.2,-1,Echolocation,/mnt/ubna_data_01_mir/recover-20220719/UBNA_004/20220718_123000.WAV,Carp Pond,recover-20220719,004,1795
663.2985,663.3047,16875,28237,Plecotus austriacus,0.174,0.229,-1,Echolocation,/mnt/ubna_data_01_mir/recover-20220719/UBNA_004/20220718_123000.WAV,Carp Pond,recover-20220719,004,1795
664.1845,664.1893,16015,29550,Plecotus auritus,0.143,0.271,-1,Echolocation,/mnt/ubna_data_01_mir/recover-20220719/UBNA_004/20220718_123000.WAV,Carp Pond,recover-20220719,004,1795
664.2255,664.2332,22890,30972,Plecotus austriacus,0.076,0.205,-1,Echolocation,/mnt/ubna_data_01_mir/recover-20220719/UBNA_004/20220718_123000.WAV,Carp Pond,recover-20220719,004,1795
664.2645,664.2698,17734,32764,Plecotus austriacus,0.163,0.217,-1,Echolocation,/mnt/ubna_data_01_mir/recover-20220719/UBNA_004/20220718_123000.WAV,Carp Pond,recover-20220719,004,1795
664.3185,664.3243,20312,30888,Plecotus austriacus,0.227,0.304,-1,Echolocation,/mnt/ubna_data_01_mir/recover-20220719/UBNA_004/20220718_123000.WAV,Carp Pond,recover-20220719,004,1795
664.3495,664.354,17734,33261,Plecotus austriacus,0.286,0.351,-1,Echolocation,/mnt/ubna_data_01_mir/recover-20220719/UBNA_004/20220718_123000.WAV,Carp Pond,recover-20220719,004,1795
664.5685,664.5747,18593,29721,Plecotus austriacus,0.192,0.266,-1,Echolocation,/mnt/ubna_data_01_mir/recover-20220719/UBNA_004/20220718_123000.WAV,Carp Pond,recover-20220719,004,1795
664.7805,664.7915,22890,28279,Nyctalus leisleri,0.1,0.225,-1,Echolocation,/mnt/ubna_data_01_mir/recover-20220719/UBNA_004/20220718_123000.WAV,Carp Pond,recover-20220719,004,1795
664.8115,664.8163,17734,32263,Plecotus austriacus,0.282,0.324,-1,Echolocation,/mnt/ubna_data_01_mir/recover-20220719/UBNA_004/20220718_123000.WAV,Carp Pond,recover-20220719,004,1795
665.6455,665.6502,18593,36312,Plecotus austriacus,0.158,0.215,-1,Echolocation,/mnt/ubna_data_01_mir/recover-20220719/UBNA_004/20220718_123000.WAV,Carp Pond,recover-20220719,004,1795
666.4575,666.4654,20312,28864,Plecotus austriacus,0.097,0.214,-1,Echolocation,/mnt/ubna_data_01_mir/recover-20220719/UBNA_004/20220718_123000.WAV,Carp Pond,recover-20220719,004,1795
667.0285,667.0354,22031,31481,Plecotus austriacus,0.153,0.265,-1,Echolocation,/mnt/ubna_data_01_mir/recover-20220719/UBNA_004/20220718_123000.WAV,Carp Pond,recover-20220719,004,1795
669.4135,669.4187,16875,31166,Plecotus austriacus,0.208,0.288,-1,Echolocation,/mnt/ubna_data_01_mir/recover-20220719/UBNA_004/20220718_123000.WAV,Carp Pond,recover-20220719,004,1795
672.3525,672.3572,16015,32798,Plecotus auritus,0.273,0.365,-1,Echolocation,/mnt/ubna_data_01_mir/recover-20220719/UBNA_004/20220718_123000.WAV,Carp Pond,recover-20220719,004,1795
672.6255,672.6394,23750,28622,Nyctalus leisleri,0.12,0.249,-1,Echolocation,/mnt/ubna_data_01_mir/recover-20220719/UBNA_004/20220718_123000.WAV,Carp Pond,recover-20220719,004,1795
676.1385,676.1429,13437,32521,Plecotus auritus,0.146,0.211,-1,Echolocation,/mnt/ubna_data_01_mir/recover-20220719/UBNA_004/20220718_123000.WAV,Carp Pond,recover-20220719,004,1795
677.0025,677.0069,19453,51140,Myotis nattereri,0.202,0.218,-1,Echolocation,/mnt/ubna_data_01_mir/recover-20220719/UBNA_004/20220718_123000.WAV,Carp Pond,recover-20220719,004,1795
677.4005,677.4078,17734,27859,Plecotus austriacus,0.132,0.201,-1,Echolocation,/mnt/ubna_data_01_mir/recover-20220719/UBNA_004/20220718_123000.WAV,Carp Pond,recover-20220719,004,1795
677.9175,677.9224,20312,31186,Plecotus austriacus,0.223,0.294,-1,Echolocation,/mnt/ubna_data_01_mir/recover-20220719/UBNA_004/20220718_123000.WAV,Carp Pond,recover-20220719,004,1795
678.4385,678.443,22890,35732,Plecotus austriacus,0.177,0.227,-1,Echolocation,/mnt/ubna_data_01_mir/recover-20220719/UBNA_004/20220718_123000.WAV,Carp Pond,recover-20220719,004,1795
678.5235,678.5293,18593,30429,Plecotus austriacus,0.213,0.296,-1,Echolocation,/mnt/ubna_data_01_mir/recover-20220719/UBNA_004/20220718_123000.WAV,Carp Pond,recover-20220719,004,1795
678.7165,678.7241,55546,60157,Pipistrellus pipistrellus,0.149,0.225,-1,Echolocation,/mnt/ubna_data_01_mir/recover-20220719/UBNA_004/20220718_123000.WAV,Carp Pond,recover-20220719,004,1795
681.7615,681.768,19453,30165,Plecotus austriacus,0.162,0.296,-1,Echolocation,/mnt/ubna_data_01_mir/recover-20220719/UBNA_004/20220718_123000.WAV,Carp Pond,recover-20220719,004,1795
682.8295,682.8364,34062,41685,Barbastellus barbastellus,0.089,0.21,-1,Echolocation,/mnt/ubna_data_01_mir/recover-20220719/UBNA_004/20220718_123000.WAV,Carp Pond,recover-20220719,004,1795
685.3585,685.3666,18593,29098,Plecotus austriacus,0.146,0.251,-1,Echolocation,/mnt/ubna_data_01_mir/recover-20220719/UBNA_004/20220718_123000.WAV,Carp Pond,recover-20220719,004,1795
685.6385,685.6438,19453,33006,Plecotus austriacus,0.177,0.233,-1,Echolocation,/mnt/ubna_data_01_mir/recover-20220719/UBNA_004/20220718_123000.WAV,Carp Pond,recover-20220719,004,1795
686.1195,686.1231,15156,35423,Plecotus auritus,0.176,0.238,-1,Echolocation,/mnt/ubna_data_01_mir/recover-20220719/UBNA_004/20220718_123000.WAV,Carp Pond,recover-20220719,004,1795
686.3235,686.3285,16015,30270,Plecotus auritus,0.183,0.311,-1,Echolocation,/mnt/ubna_data_01_mir/recover-20220719/UBNA_004/20220718_123000.WAV,Carp Pond,recover-20220719,004,1795
686.8705,686.8759,18593,30980,Plecotus austriacus,0.155,0.225,-1,Echolocation,/mnt/ubna_data_01_mir/recover-20220719/UBNA_004/20220718_123000.WAV,Carp Pond,recover-20220719,004,1795
690.4565,690.4601,19453,32862,Plecotus austriacus,0.188,0.292,-1,Echolocation,/mnt/ubna_data_01_mir/recover-20220719/UBNA_004/20220718_123000.WAV,Carp Pond,recover-20220719,004,1795
694.7495,694.7534,14296,33894,Plecotus auritus,0.216,0.287,-1,Echolocation,/mnt/ubna_data_01_mir/recover-20220719/UBNA_004/20220718_123000.WAV,Carp Pond,recover-20220719,004,1795
695.2685,695.2722,14296,60746,Myotis nattereri,0.186,0.213,-1,Echolocation,/mnt/ubna_data_01_mir/recover-20220719/UBNA_004/20220718_123000.WAV,Carp Pond,recover-20220719,004,1795
698.0215,698.0337,23750,29382,Nyctalus leisleri,0.102,0.23,-1,Echolocation,/mnt/ubna_data_01_mir/recover-20220719/UBNA_004/20220718_123000.WAV,Carp Pond,recover-20220719,004,1795
700.1965,700.206,44375,48262,Pipistrellus pipistrellus,0.205,0.223,-1,Echolocation,/mnt/ubna_data_01_mir/recover-20220719/UBNA_004/20220718_123000.WAV,Carp Pond,recover-20220719,004,1795
701.1355,701.1416,18593,31560,Plecotus austriacus,0.167,0.223,-1,Echolocation,/mnt/ubna_data_01_mir/recover-20220719/UBNA_004/20220718_123000.WAV,Carp Pond,recover-20220719,004,1795
703.8495,703.8573,28906,36334,Eptesicus serotinus,0.114,0.238,-1,Echolocation,/mnt/ubna_data_01_mir/recover-20220719/UBNA_004/20220718_123000.WAV,Carp Pond,recover-20220719,004,1795
708.3685,708.3767,49531,54047,Pipistrellus pipistrellus,0.186,0.21,-1,Echolocation,/mnt/ubna_data_01_mir/recover-20220719/UBNA_004/20220718_123000.WAV,Carp Pond,recover-20220719,004,1795
710.4005,710.407,22031,32990,Plecotus austriacus,0.14,0.211,-1,Echolocation,/mnt/ubna_data_01_mir/recover-20220719/UBNA_004/20220718_123000.WAV,Carp Pond,recover-20220719,004,1795
710.4585,710.4628,26328,50107,Myotis nattereri,0.141,0.218,-1,Echolocation,/mnt/ubna_data_01_mir/recover-20220719/UBNA_004/20220718_123000.WAV,Carp Pond,recover-20220719,004,1795
713.2425,713.2475,16015,33232,Plecotus austriacus,0.11,0.212,-1,Echolocation,/mnt/ubna_data_01_mir/recover-20220719/UBNA_004/20220718_123000.WAV,Carp Pond,recover-20220719,004,1795
713.6435,713.6507,20312,28846,Plecotus austriacus,0.111,0.23,-1,Echolocation,/mnt/ubna_data_01_mir/recover-20220719/UBNA_004/20220718_123000.WAV,Carp Pond,recover-20220719,004,1795
715.3095,715.3137,16875,66698,Myotis nattereri,0.231,0.249,-1,Echolocation,/mnt/ubna_data_01_mir/recover-20220719/UBNA_004/20220718_123000.WAV,Carp Pond,recover-20220719,004,1795
716.5264999999999,716.5306,16875,35276,Plecotus auritus,0.151,0.289,-1,Echolocation,/mnt/ubna_data_01_mir/recover-20220719/UBNA_004/20220718_123000.WAV,Carp Pond,recover-20220719,004,1795
718.4465,718.4516,22031,37781,Plecotus austriacus,0.161,0.221,-1,Echolocation,/mnt/ubna_data_01_mir/recover-20220719/UBNA_004/20220718_123000.WAV,Carp Pond,recover-20220719,004,1795
720.7195,720.7248,18593,30690,Plecotus austriacus,0.171,0.216,-1,Echolocation,/mnt/ubna_data_01_mir/recover-20220719/UBNA_004/20220718_123000.WAV,Carp Pond,recover-20220719,004,1795
721.2565,721.2623,19453,30467,Plecotus austriacus,0.163,0.207,-1,Echolocation,/mnt/ubna_data_01_mir/recover-20220719/UBNA_004/20220718_123000.WAV,Carp Pond,recover-20220719,004,1795
721.3215,721.3281,18593,29036,Plecotus austriacus,0.167,0.204,-1,Echolocation,/mnt/ubna_data_01_mir/recover-20220719/UBNA_004/20220718_123000.WAV,Carp Pond,recover-20220719,004,1795
721.3955,721.4011,22031,35725,Plecotus austriacus,0.166,0.206,-1,Echolocation,/mnt/ubna_data_01_mir/recover-20220719/UBNA_004/20220718_123000.WAV,Carp Pond,recover-20220719,004,1795
724.3445,724.3493,14296,39261,Plecotus auritus,0.232,0.27,-1,Echolocation,/mnt/ubna_data_01_mir/recover-20220719/UBNA_004/20220718_123000.WAV,Carp Pond,recover-20220719,004,1795
724.4845,724.4902,16875,28147,Plecotus austriacus,0.168,0.238,-1,Echolocation,/mnt/ubna_data_01_mir/recover-20220719/UBNA_004/20220718_123000.WAV,Carp Pond,recover-20220719,004,1795
724.9865,724.9921,17734,30077,Plecotus austriacus,0.17,0.276,-1,Echolocation,/mnt/ubna_data_01_mir/recover-20220719/UBNA_004/20220718_123000.WAV,Carp Pond,recover-20220719,004,1795
727.3335,727.3409,21171,28235,Plecotus austriacus,0.116,0.25,-1,Echolocation,/mnt/ubna_data_01_mir/recover-20220719/UBNA_004/20220718_123000.WAV,Carp Pond,recover-20220719,004,1795
727.6535,727.6581,18593,33218,Plecotus austriacus,0.215,0.284,-1,Echolocation,/mnt/ubna_data_01_mir/recover-20220719/UBNA_004/20220718_123000.WAV,Carp Pond,recover-20220719,004,1795
728.8045,728.8107,21171,31489,Plecotus austriacus,0.175,0.241,-1,Echolocation,/mnt/ubna_data_01_mir/recover-20220719/UBNA_004/20220718_123000.WAV,Carp Pond,recover-20220719,004,1795
729.7605,729.7653,19453,32397,Plecotus austriacus,0.148,0.216,-1,Echolocation,/mnt/ubna_data_01_mir/recover-20220719/UBNA_004/20220718_123000.WAV,Carp Pond,recover-20220719,004,1795
730.6195,730.6235,17734,35950,Plecotus austriacus,0.175,0.253,-1,Echolocation,/mnt/ubna_data_01_mir/recover-20220719/UBNA_004/20220718_123000.WAV,Carp Pond,recover-20220719,004,1795
731.4885,731.4922,29765,42919,Plecotus austriacus,0.05,0.219,-1,Echolocation,/mnt/ubna_data_01_mir/recover-20220719/UBNA_004/20220718_123000.WAV,Carp Pond,recover-20220719,004,1795
732.2975,732.3054,47812,52406,Pipistrellus pipistrellus,0.204,0.219,-1,Echolocation,/mnt/ubna_data_01_mir/recover-20220719/UBNA_004/20220718_123000.WAV,Carp Pond,recover-20220719,004,1795
734.2135,734.2185,22031,35737,Plecotus austriacus,0.285,0.36,-1,Echolocation,/mnt/ubna_data_01_mir/recover-20220719/UBNA_004/20220718_123000.WAV,Carp Pond,recover-20220719,004,1795
734.5805,734.5854,22031,39307,Plecotus austriacus,0.129,0.227,-1,Echolocation,/mnt/ubna_data_01_mir/recover-20220719/UBNA_004/20220718_123000.WAV,Carp Pond,recover-20220719,004,1795
735.0185,735.0238,16875,34689,Plecotus austriacus,0.162,0.218,-1,Echolocation,/mnt/ubna_data_01_mir/recover-20220719/UBNA_004/20220718_123000.WAV,Carp Pond,recover-20220719,004,1795
735.0675,735.0743,21171,29750,Plecotus austriacus,0.148,0.237,-1,Echolocation,/mnt/ubna_data_01_mir/recover-20220719/UBNA_004/20220718_123000.WAV,Carp Pond,recover-20220719,004,1795
735.9015,735.9071,15156,31495,Plecotus auritus,0.16,0.201,-1,Echolocation,/mnt/ubna_data_01_mir/recover-20220719/UBNA_004/20220718_123000.WAV,Carp Pond,recover-20220719,004,1795
740.9725,740.9786,19453,29657,Plecotus austriacus,0.152,0.221,-1,Echolocation,/mnt/ubna_data_01_mir/recover-20220719/UBNA_004/20220718_123000.WAV,Carp Pond,recover-20220719,004,1795
741.1165,741.1219,18593,30467,Plecotus austriacus,0.176,0.25,-1,Echolocation,/mnt/ubna_data_01_mir/recover-20220719/UBNA_004/20220718_123000.WAV,Carp Pond,recover-20220719,004,1795
741.4485,741.453,18593,34086,Plecotus austriacus,0.161,0.244,-1,Echolocation,/mnt/ubna_data_01_mir/recover-20220719/UBNA_004/20220718_123000.WAV,Carp Pond,recover-20220719,004,1795
741.5935,741.5988,18593,30405,Plecotus austriacus,0.244,0.316,-1,Echolocation,/mnt/ubna_data_01_mir/recover-20220719/UBNA_004/20220718_123000.WAV,Carp Pond,recover-20220719,004,1795
741.9835,741.9884,17734,33714,Plecotus austriacus,0.171,0.248,-1,Echolocation,/mnt/ubna_data_01_mir/recover-20220719/UBNA_004/20220718_123000.WAV,Carp Pond,recover-20220719,004,1795
744.9275,744.9323,17734,30920,Plecotus austriacus,0.16,0.224,-1,Echolocation,/mnt/ubna_data_01_mir/recover-20220719/UBNA_004/20220718_123000.WAV,Carp Pond,recover-20220719,004,1795
745.1545,745.1577,28046,58649,Myotis nattereri,0.138,0.21,-1,Echolocation,/mnt/ubna_data_01_mir/recover-20220719/UBNA_004/20220718_123000.WAV,Carp Pond,recover-20220719,004,1795
745.9395,745.9429,14296,62488,Myotis nattereri,0.21,0.234,-1,Echolocation,/mnt/ubna_data_01_mir/recover-20220719/UBNA_004/20220718_123000.WAV,Carp Pond,recover-20220719,004,1795
747.0305,747.0354,22031,36731,Plecotus austriacus,0.164,0.213,-1,Echolocation,/mnt/ubna_data_01_mir/recover-20220719/UBNA_004/20220718_123000.WAV,Carp Pond,recover-20220719,004,1795
748.5605,748.5646,19453,32242,Plecotus austriacus,0.25,0.349,-1,Echolocation,/mnt/ubna_data_01_mir/recover-20220719/UBNA_004/20220718_123000.WAV,Carp Pond,recover-20220719,004,1795
748.7365,748.7402,17734,32896,Plecotus austriacus,0.32,0.411,-1,Echolocation,/mnt/ubna_data_01_mir/recover-20220719/UBNA_004/20220718_123000.WAV,Carp Pond,recover-20220719,004,1795
748.7895,748.7979,22031,29566,Nyctalus leisleri,0.073,0.224,-1,Echolocation,/mnt/ubna_data_01_mir/recover-20220719/UBNA_004/20220718_123000.WAV,Carp Pond,recover-20220719,004,1795
749.8225,749.8272,16875,32988,Plecotus austriacus,0.138,0.213,-1,Echolocation,/mnt/ubna_data_01_mir/recover-20220719/UBNA_004/20220718_123000.WAV,Carp Pond,recover-20220719,004,1795
752.6055,752.6116,20312,31413,Plecotus austriacus,0.196,0.27,-1,Echolocation,/mnt/ubna_data_01_mir/recover-20220719/UBNA_004/20220718_123000.WAV,Carp Pond,recover-20220719,004,1795
755.5055,755.5108,19453,31515,Plecotus austriacus,0.168,0.246,-1,Echolocation,/mnt/ubna_data_01_mir/recover-20220719/UBNA_004/20220718_123000.WAV,Carp Pond,recover-20220719,004,1795
760.5685,760.5761,22031,30423,Plecotus austriacus,0.141,0.327,-1,Echolocation,/mnt/ubna_data_01_mir/recover-20220719/UBNA_004/20220718_123000.WAV,Carp Pond,recover-20220719,004,1795
760.8405,760.8455,16875,32337,Plecotus austriacus,0.178,0.244,-1,Echolocation,/mnt/ubna_data_01_mir/recover-20220719/UBNA_004/20220718_123000.WAV,Carp Pond,recover-20220719,004,1795
760.9285,760.9316,30625,49331,Myotis nattereri,0.085,0.2,-1,Echolocation,/mnt/ubna_data_01_mir/recover-20220719/UBNA_004/20220718_123000.WAV,Carp Pond,recover-20220719,004,1795
760.9815,760.9886,17734,28444,Plecotus austriacus,0.147,0.202,-1,Echolocation,/mnt/ubna_data_01_mir/recover-20220719/UBNA_004/20220718_123000.WAV,Carp Pond,recover-20220719,004,1795
761.4865,761.4928,21171,31119,Plecotus austriacus,0.18,0.236,-1,Echolocation,/mnt/ubna_data_01_mir/recover-20220719/UBNA_004/20220718_123000.WAV,Carp Pond,recover-20220719,004,1795
762.9535,762.9581,20312,31869,Plecotus austriacus,0.227,0.35,-1,Echolocation,/mnt/ubna_data_01_mir/recover-20220719/UBNA_004/20220718_123000.WAV,Carp Pond,recover-20220719,004,1795
764.7505,764.7554,20312,35354,Plecotus austriacus,0.277,0.357,-1,Echolocation,/mnt/ubna_data_01_mir/recover-20220719/UBNA_004/20220718_123000.WAV,Carp Pond,recover-20220719,004,1795
765.4655,765.4704,18593,31199,Plecotus austriacus,0.182,0.234,-1,Echolocation,/mnt/ubna_data_01_mir/recover-20220719/UBNA_004/20220718_123000.WAV,Carp Pond,recover-20220719,004,1795
765.9265,765.9361,23750,31686,Eptesicus serotinus,0.082,0.21,-1,Echolocation,/mnt/ubna_data_01_mir/recover-20220719/UBNA_004/20220718_123000.WAV,Carp Pond,recover-20220719,004,1795
766.8465,766.8513,22890,36621,Plecotus austriacus,0.157,0.208,-1,Echolocation,/mnt/ubna_data_01_mir/recover-20220719/UBNA_004/20220718_123000.WAV,Carp Pond,recover-20220719,004,1795
767.0725,767.079,22031,37418,Plecotus austriacus,0.128,0.205,-1,Echolocation,/mnt/ubna_data_01_mir/recover-20220719/UBNA_004/20220718_123000.WAV,Carp Pond,recover-20220719,004,1795
773.4425,773.4464,14296,40646,Plecotus auritus,0.161,0.213,-1,Echolocation,/mnt/ubna_data_01_mir/recover-20220719/UBNA_004/20220718_123000.WAV,Carp Pond,recover-20220719,004,1795
773.9215,773.9319,22031,29486,Nyctalus leisleri,0.063,0.204,-1,Echolocation,/mnt/ubna_data_01_mir/recover-20220719/UBNA_004/20220718_123000.WAV,Carp Pond,recover-20220719,004,1795
775.3665,775.3718,19453,31042,Plecotus austriacus,0.219,0.309,-1,Echolocation,/mnt/ubna_data_01_mir/recover-20220719/UBNA_004/20220718_123000.WAV,Carp Pond,recover-20220719,004,1795
778.6485,778.6541,18593,30613,Plecotus austriacus,0.21,0.356,-1,Echolocation,/mnt/ubna_data_01_mir/recover-20220719/UBNA_004/20220718_123000.WAV,Carp Pond,recover-20220719,004,1795
778.8015,778.8095,20312,28188,Plecotus austriacus,0.068,0.202,-1,Echolocation,/mnt/ubna_data_01_mir/recover-20220719/UBNA_004/20220718_123000.WAV,Carp Pond,recover-20220719,004,1795
779.4695,779.4739,19453,35221,Plecotus austriacus,0.179,0.241,-1,Echolocation,/mnt/ubna_data_01_mir/recover-20220719/UBNA_004/20220718_123000.WAV,Carp Pond,recover-20220719,004,1795
782.6235,782.6275,17734,34957,Plecotus austriacus,0.215,0.295,-1,Echolocation,/mnt/ubna_data_01_mir/recover-20220719/UBNA_004/20220718_123000.WAV,Carp Pond,recover-20220719,004,1795
783.6165,783.6207,16875,33481,Plecotus austriacus,0.233,0.358,-1,Echolocation,/mnt/ubna_data_01_mir/recover-20220719/UBNA_004/20220718_123000.WAV,Carp Pond,recover-20220719,004,1795
783.6905,783.6985,20312,29176,Plecotus austriacus,0.096,0.227,-1,Echolocation,/mnt/ubna_data_01_mir/recover-20220719/UBNA_004/20220718_123000.WAV,Carp Pond,recover-20220719,004,1795
785.5905,785.5961,18593,29634,Plecotus austriacus,0.186,0.255,-1,Echolocation,/mnt/ubna_data_01_mir/recover-20220719/UBNA_004/20220718_123000.WAV,Carp Pond,recover-20220719,004,1795
785.7835,785.7906,22890,30663,Plecotus austriacus,0.21,0.407,-1,Echolocation,/mnt/ubna_data_01_mir/recover-20220719/UBNA_004/20220718_123000.WAV,Carp Pond,recover-20220719,004,1795
787.1575,787.163,19453,30976,Plecotus austriacus,0.203,0.267,-1,Echolocation,/mnt/ubna_data_01_mir/recover-20220719/UBNA_004/20220718_123000.WAV,Carp Pond,recover-20220719,004,1795
794.8505,794.8594,20312,29028,Plecotus austriacus,0.084,0.204,-1,Echolocation,/mnt/ubna_data_01_mir/recover-20220719/UBNA_004/20220718_123000.WAV,Carp Pond,recover-20220719,004,1795
798.3775,798.3906,23750,28918,Nyctalus leisleri,0.161,0.295,-1,Echolocation,/mnt/ubna_data_01_mir/recover-20220719/UBNA_004/20220718_123000.WAV,Carp Pond,recover-20220719,004,1795
799.2975,799.3023,19453,31683,Plecotus austriacus,0.207,0.282,-1,Echolocation,/mnt/ubna_data_01_mir/recover-20220719/UBNA_004/20220718_123000.WAV,Carp Pond,recover-20220719,004,1795
800.8915,800.8957,14296,34634,Plecotus auritus,0.163,0.207,-1,Echolocation,/mnt/ubna_data_01_mir/recover-20220719/UBNA_004/20220718_123000.WAV,Carp Pond,recover-20220719,004,1795
801.7065,801.7112,22890,40364,Plecotus austriacus,0.136,0.217,-1,Echolocation,/mnt/ubna_data_01_mir/recover-20220719/UBNA_004/20220718_123000.WAV,Carp Pond,recover-20220719,004,1795
803.4955,803.499,15156,37200,Plecotus auritus,0.136,0.203,-1,Echolocation,/mnt/ubna_data_01_mir/recover-20220719/UBNA_004/20220718_123000.WAV,Carp Pond,recover-20220719,004,1795
803.9495,803.9549,16875,31210,Plecotus austriacus,0.166,0.246,-1,Echolocation,/mnt/ubna_data_01_mir/recover-20220719/UBNA_004/20220718_123000.WAV,Carp Pond,recover-20220719,004,1795
805.4445,805.4493,16015,33843,Plecotus auritus,0.157,0.219,-1,Echolocation,/mnt/ubna_data_01_mir/recover-20220719/UBNA_004/20220718_123000.WAV,Carp Pond,recover-20220719,004,1795
810.2625,810.2663,16875,34092,Plecotus austriacus,0.135,0.204,-1,Echolocation,/mnt/ubna_data_01_mir/recover-20220719/UBNA_004/20220718_123000.WAV,Carp Pond,recover-20220719,004,1795
813.2595,813.2635,13437,33496,Plecotus auritus,0.19,0.21,-1,Echolocation,/mnt/ubna_data_01_mir/recover-20220719/UBNA_004/20220718_123000.WAV,Carp Pond,recover-20220719,004,1795
814.4795,814.485,21171,32150,Plecotus austriacus,0.152,0.234,-1,Echolocation,/mnt/ubna_data_01_mir/recover-20220719/UBNA_004/20220718_123000.WAV,Carp Pond,recover-20220719,004,1795
814.4895,814.4948,17734,30857,Plecotus austriacus,0.166,0.219,-1,Echolocation,/mnt/ubna_data_01_mir/recover-20220719/UBNA_004/20220718_123000.WAV,Carp Pond,recover-20220719,004,1795
815.0425,815.0461,33203,49761,Myotis nattereri,0.102,0.219,-1,Echolocation,/mnt/ubna_data_01_mir/recover-20220719/UBNA_004/20220718_123000.WAV,Carp Pond,recover-20220719,004,1795
815.0855,815.0892,23750,47844,Myotis nattereri,0.224,0.37,-1,Echolocation,/mnt/ubna_data_01_mir/recover-20220719/UBNA_004/20220718_123000.WAV,Carp Pond,recover-20220719,004,1795
815.2775,815.2815,23750,43222,Plecotus austriacus,0.159,0.253,-1,Echolocation,/mnt/ubna_data_01_mir/recover-20220719/UBNA_004/20220718_123000.WAV,Carp Pond,recover-20220719,004,1795
816.7045,816.7118,21171,31111,Plecotus austriacus,0.149,0.211,-1,Echolocation,/mnt/ubna_data_01_mir/recover-20220719/UBNA_004/20220718_123000.WAV,Carp Pond,recover-20220719,004,1795
819.2975,819.3028,15156,28610,Plecotus auritus,0.181,0.229,-1,Echolocation,/mnt/ubna_data_01_mir/recover-20220719/UBNA_004/20220718_123000.WAV,Carp Pond,recover-20220719,004,1795
819.9485,819.9716,16875,20091,Nyctalus noctula,0.177,0.217,-1,Echolocation,/mnt/ubna_data_01_mir/recover-20220719/UBNA_004/20220718_123000.WAV,Carp Pond,recover-20220719,004,1795
822.0575,822.0699,23750,29286,Nyctalus leisleri,0.102,0.211,-1,Echolocation,/mnt/ubna_data_01_mir/recover-20220719/UBNA_004/20220718_123000.WAV,Carp Pond,recover-20220719,004,1795
823.8215,823.8257,14296,33435,Plecotus auritus,0.144,0.21,-1,Echolocation,/mnt/ubna_data_01_mir/recover-20220719/UBNA_004/20220718_123000.WAV,Carp Pond,recover-20220719,004,1795
831.8415,831.8458,28906,47250,Myotis daubentonii,0.105,0.264,-1,Echolocation,/mnt/ubna_data_01_mir/recover-20220719/UBNA_004/20220718_123000.WAV,Carp Pond,recover-20220719,004,1795
832.0075,832.0155,16875,29069,Plecotus auritus,0.078,0.2,-1,Echolocation,/mnt/ubna_data_01_mir/recover-20220719/UBNA_004/20220718_123000.WAV,Carp Pond,recover-20220719,004,1795
832.9705,832.9778,22031,33430,Plecotus austriacus,0.123,0.202,-1,Echolocation,/mnt/ubna_data_01_mir/recover-20220719/UBNA_004/20220718_123000.WAV,Carp Pond,recover-20220719,004,1795
833.6405,833.6451,21171,40564,Plecotus austriacus,0.138,0.214,-1,Echolocation,/mnt/ubna_data_01_mir/recover-20220719/UBNA_004/20220718_123000.WAV,Carp Pond,recover-20220719,004,1795
835.2355,835.2431,22031,30351,Plecotus austriacus,0.095,0.257,-1,Echolocation,/mnt/ubna_data_01_mir/recover-20220719/UBNA_004/20220718_123000.WAV,Carp Pond,recover-20220719,004,1795
836.0175,836.0253,22031,28475,Nyctalus leisleri,0.126,0.274,-1,Echolocation,/mnt/ubna_data_01_mir/recover-20220719/UBNA_004/20220718_123000.WAV,Carp Pond,recover-20220719,004,1795
836.7405,836.7449,15156,33757,Plecotus auritus,0.144,0.207,-1,Echolocation,/mnt/ubna_data_01_mir/recover-20220719/UBNA_004/20220718_123000.WAV,Carp Pond,recover-20220719,004,1795
837.8675,837.8723,15156,30828,Plecotus auritus,0.176,0.225,-1,Echolocation,/mnt/ubna_data_01_mir/recover-20220719/UBNA_004/20220718_123000.WAV,Carp Pond,recover-20220719,004,1795
837.9415,837.9523,58984,64907,Pipistrellus pipistrellus,0.116,0.204,-1,Echolocation,/mnt/ubna_data_01_mir/recover-20220719/UBNA_004/20220718_123000.WAV,Carp Pond,recover-20220719,004,1795
838.1975,838.2029,15156,31032,Plecotus auritus,0.185,0.247,-1,Echolocation,/mnt/ubna_data_01_mir/recover-20220719/UBNA_004/20220718_123000.WAV,Carp Pond,recover-20220719,004,1795
838.5905,838.5959,14296,34134,Plecotus auritus,0.219,0.247,-1,Echolocation,/mnt/ubna_data_01_mir/recover-20220719/UBNA_004/20220718_123000.WAV,Carp Pond,recover-20220719,004,1795
838.6565,838.6624,16875,28381,Plecotus austriacus,0.102,0.21,-1,Echolocation,/mnt/ubna_data_01_mir/recover-20220719/UBNA_004/20220718_123000.WAV,Carp Pond,recover-20220719,004,1795
838.9675,838.9727,15156,31561,Plecotus auritus,0.272,0.316,-1,Echolocation,/mnt/ubna_data_01_mir/recover-20220719/UBNA_004/20220718_123000.WAV,Carp Pond,recover-20220719,004,1795
840.3505,840.3554,16015,33476,Plecotus auritus,0.177,0.249,-1,Echolocation,/mnt/ubna_data_01_mir/recover-20220719/UBNA_004/20220718_123000.WAV,Carp Pond,recover-20220719,004,1795
840.8705,840.8793,22031,29762,Plecotus austriacus,0.054,0.202,-1,Echolocation,/mnt/ubna_data_01_mir/recover-20220719/UBNA_004/20220718_123000.WAV,Carp Pond,recover-20220719,004,1795
841.6185,841.6227,14296,35016,Plecotus auritus,0.234,0.309,-1,Echolocation,/mnt/ubna_data_01_mir/recover-20220719/UBNA_004/20220718_123000.WAV,Carp Pond,recover-20220719,004,1795
841.8365,841.8424,18593,29840,Plecotus austriacus,0.2,0.28,-1,Echolocation,/mnt/ubna_data_01_mir/recover-20220719/UBNA_004/20220718_123000.WAV,Carp Pond,recover-20220719,004,1795
842.9335,842.9385,16015,31069,Plecotus auritus,0.176,0.224,-1,Echolocation,/mnt/ubna_data_01_mir/recover-20220719/UBNA_004/20220718_123000.WAV,Carp Pond,recover-20220719,004,1795
843.1155,843.1266,22031,28601,Eptesicus serotinus,0.077,0.234,-1,Echolocation,/mnt/ubna_data_01_mir/recover-20220719/UBNA_004/20220718_123000.WAV,Carp Pond,recover-20220719,004,1795
843.8395,843.8436,16015,34432,Plecotus auritus,0.159,0.222,-1,Echolocation,/mnt/ubna_data_01_mir/recover-20220719/UBNA_004/20220718_123000.WAV,Carp Pond,recover-20220719,004,1795
846.1845,846.1917,20312,29678,Plecotus austriacus,0.121,0.293,-1,Echolocation,/mnt/ubna_data_01_mir/recover-20220719/UBNA_004/20220718_123000.WAV,Carp Pond,recover-20220719,004,1795
847.2135,847.2186,16875,27687,Plecotus auritus,0.218,0.291,-1,Echolocation,/mnt/ubna_data_01_mir/recover-20220719/UBNA_004/20220718_123000.WAV,Carp Pond,recover-20220719,004,1795
847.6805,847.6843,15156,35245,Plecotus auritus,0.139,0.2,-1,Echolocation,/mnt/ubna_data_01_mir/recover-20220719/UBNA_004/20220718_123000.WAV,Carp Pond,recover-20220719,004,1795
847.8425,847.8479,15156,29451,Plecotus auritus,0.171,0.212,-1,Echolocation,/mnt/ubna_data_01_mir/recover-20220719/UBNA_004/20220718_123000.WAV,Carp Pond,recover-20220719,004,1795
848.1135,848.1214,20312,29580,Plecotus austriacus,0.116,0.213,-1,Echolocation,/mnt/ubna_data_01_mir/recover-20220719/UBNA_004/20220718_123000.WAV,Carp Pond,recover-20220719,004,1795
848.7565,848.7614,14296,34146,Plecotus auritus,0.168,0.211,-1,Echolocation,/mnt/ubna_data_01_mir/recover-20220719/UBNA_004/20220718_123000.WAV,Carp Pond,recover-20220719,004,1795
849.4895,849.4948,16015,31061,Plecotus auritus,0.224,0.32,-1,Echolocation,/mnt/ubna_data_01_mir/recover-20220719/UBNA_004/20220718_123000.WAV,Carp Pond,recover-20220719,004,1795
850.2575,850.2629,18593,30294,Plecotus austriacus,0.128,0.209,-1,Echolocation,/mnt/ubna_data_01_mir/recover-20220719/UBNA_004/20220718_123000.WAV,Carp Pond,recover-20220719,004,1795
851.2415,851.2468,16875,33946,Plecotus austriacus,0.146,0.222,-1,Echolocation,/mnt/ubna_data_01_mir/recover-20220719/UBNA_004/20220718_123000.WAV,Carp Pond,recover-20220719,004,1795
852.4775,852.4829,17734,31485,Plecotus austriacus,0.127,0.235,-1,Echolocation,/mnt/ubna_data_01_mir/recover-20220719/UBNA_004/20220718_123000.WAV,Carp Pond,recover-20220719,004,1795
852.6515,852.6563,15156,32118,Plecotus auritus,0.156,0.217,-1,Echolocation,/mnt/ubna_data_01_mir/recover-20220719/UBNA_004/20220718_123000.WAV,Carp Pond,recover-20220719,004,1795
852.9045,852.9124,19453,29110,Plecotus austriacus,0.158,0.272,-1,Echolocation,/mnt/ubna_data_01_mir/recover-20220719/UBNA_004/20220718_123000.WAV,Carp Pond,recover-20220719,004,1795
853.2865,853.2933,19453,29548,Plecotus austriacus,0.139,0.203,-1,Echolocation,/mnt/ubna_data_01_mir/recover-20220719/UBNA_004/20220718_123000.WAV,Carp Pond,recover-20220719,004,1795
853.5165,853.5225,16875,28829,Plecotus austriacus,0.102,0.204,-1,Echolocation,/mnt/ubna_data_01_mir/recover-20220719/UBNA_004/20220718_123000.WAV,Carp Pond,recover-20220719,004,1795
855.2455,855.2499,16015,31896,Plecotus auritus,0.197,0.311,-1,Echolocation,/mnt/ubna_data_01_mir/recover-20220719/UBNA_004/20220718_123000.WAV,Carp Pond,recover-20220719,004,1795
857.3575,857.3624,14296,35481,Plecotus auritus,0.212,0.245,-1,Echolocation,/mnt/ubna_data_01_mir/recover-20220719/UBNA_004/20220718_123000.WAV,Carp Pond,recover-20220719,004,1795
859.1805,859.191,45234,48322,Pipistrellus pipistrellus,0.179,0.213,-1,Echolocation,/mnt/ubna_data_01_mir/recover-20220719/UBNA_004/20220718_123000.WAV,Carp Pond,recover-20220719,004,1795
859.3195,859.329,20312,27650,Eptesicus serotinus,0.118,0.321,-1,Echolocation,/mnt/ubna_data_01_mir/recover-20220719/UBNA_004/20220718_123000.WAV,Carp Pond,recover-20220719,004,1795
859.3485000000001,859.3532,22031,39140,Plecotus austriacus,0.135,0.208,-1,Echolocation,/mnt/ubna_data_01_mir/recover-20220719/UBNA_004/20220718_123000.WAV,Carp Pond,recover-20220719,004,1795
861.8405,861.8452,16015,34790,Plecotus auritus,0.137,0.21,-1,Echolocation,/mnt/ubna_data_01_mir/recover-20220719/UBNA_004/20220718_123000.WAV,Carp Pond,recover-20220719,004,1795
862.1785,862.1829,16015,31764,Plecotus auritus,0.253,0.349,-1,Echolocation,/mnt/ubna_data_01_mir/recover-20220719/UBNA_004/20220718_123000.WAV,Carp Pond,recover-20220719,004,1795
862.3565,862.361,16875,34849,Plecotus auritus,0.216,0.304,-1,Echolocation,/mnt/ubna_data_01_mir/recover-20220719/UBNA_004/20220718_123000.WAV,Carp Pond,recover-20220719,004,1795
862.4245,862.4293,14296,30162,Plecotus auritus,0.261,0.283,-1,Echolocation,/mnt/ubna_data_01_mir/recover-20220719/UBNA_004/20220718_123000.WAV,Carp Pond,recover-20220719,004,1795
863.6255,863.6309,16875,30965,Plecotus austriacus,0.1,0.209,-1,Echolocation,/mnt/ubna_data_01_mir/recover-20220719/UBNA_004/20220718_123000.WAV,Carp Pond,recover-20220719,004,1795
866.7865,866.7913,25468,40959,Plecotus austriacus,0.147,0.238,-1,Echolocation,/mnt/ubna_data_01_mir/recover-20220719/UBNA_004/20220718_123000.WAV,Carp Pond,recover-20220719,004,1795
871.4945,871.5016,18593,28683,Plecotus austriacus,0.094,0.21,-1,Echolocation,/mnt/ubna_data_01_mir/recover-20220719/UBNA_004/20220718_123000.WAV,Carp Pond,recover-20220719,004,1795
871.6545,871.6594,23750,35880,Plecotus austriacus,0.151,0.205,-1,Echolocation,/mnt/ubna_data_01_mir/recover-20220719/UBNA_004/20220718_123000.WAV,Carp Pond,recover-20220719,004,1795
871.9805,871.986,15156,28303,Plecotus auritus,0.185,0.213,-1,Echolocation,/mnt/ubna_data_01_mir/recover-20220719/UBNA_004/20220718_123000.WAV,Carp Pond,recover-20220719,004,1795
872.1365,872.1408,16875,36535,Plecotus austriacus,0.152,0.245,-1,Echolocation,/mnt/ubna_data_01_mir/recover-20220719/UBNA_004/20220718_123000.WAV,Carp Pond,recover-20220719,004,1795
872.3145,872.32,16015,29303,Plecotus auritus,0.189,0.249,-1,Echolocation,/mnt/ubna_data_01_mir/recover-20220719/UBNA_004/20220718_123000.WAV,Carp Pond,recover-20220719,004,1795
872.3765,872.3821,16015,26276,Plecotus auritus,0.186,0.242,-1,Echolocation,/mnt/ubna_data_01_mir/recover-20220719/UBNA_004/20220718_123000.WAV,Carp Pond,recover-20220719,004,1795
872.6565,872.662,16875,30918,Plecotus austriacus,0.119,0.203,-1,Echolocation,/mnt/ubna_data_01_mir/recover-20220719/UBNA_004/20220718_123000.WAV,Carp Pond,recover-20220719,004,1795
878.2985,878.3027,16875,34245,Plecotus austriacus,0.142,0.238,-1,Echolocation,/mnt/ubna_data_01_mir/recover-20220719/UBNA_004/20220718_123000.WAV,Carp Pond,recover-20220719,004,1795
887.2625,887.267,16015,30990,Plecotus auritus,0.303,0.374,-1,Echolocation,/mnt/ubna_data_01_mir/recover-20220719/UBNA_004/20220718_123000.WAV,Carp Pond,recover-20220719,004,1795
898.9075,898.9124,13437,31815,Plecotus auritus,0.178,0.22,-1,Echolocation,/mnt/ubna_data_01_mir/recover-20220719/UBNA_004/20220718_123000.WAV,Carp Pond,recover-20220719,004,1795
901.5155,901.5191,15156,37066,Plecotus auritus,0.16,0.217,-1,Echolocation,/mnt/ubna_data_01_mir/recover-20220719/UBNA_004/20220718_123000.WAV,Carp Pond,recover-20220719,004,1795
903.9885,903.9936,13437,29211,Plecotus auritus,0.182,0.206,-1,Echolocation,/mnt/ubna_data_01_mir/recover-20220719/UBNA_004/20220718_123000.WAV,Carp Pond,recover-20220719,004,1795
907.0665,907.0727,19453,30670,Plecotus austriacus,0.133,0.207,-1,Echolocation,/mnt/ubna_data_01_mir/recover-20220719/UBNA_004/20220718_123000.WAV,Carp Pond,recover-20220719,004,1795
908.2285,908.2338,14296,26760,Plecotus auritus,0.29,0.333,-1,Echolocation,/mnt/ubna_data_01_mir/recover-20220719/UBNA_004/20220718_123000.WAV,Carp Pond,recover-20220719,004,1795
909.6065,909.614,18593,28644,Plecotus austriacus,0.129,0.392,-1,Echolocation,/mnt/ubna_data_01_mir/recover-20220719/UBNA_004/20220718_123000.WAV,Carp Pond,recover-20220719,004,1795
915.8725,915.8781,17734,31114,Plecotus auritus,0.112,0.213,-1,Echolocation,/mnt/ubna_data_01_mir/recover-20220719/UBNA_004/20220718_123000.WAV,Carp Pond,recover-20220719,004,1795
917.1605,917.1652,30625,41927,Plecotus auritus,0.12,0.232,-1,Echolocation,/mnt/ubna_data_01_mir/recover-20220719/UBNA_004/20220718_123000.WAV,Carp Pond,recover-20220719,004,1795
918.9035,918.9093,17734,28799,Plecotus austriacus,0.129,0.215,-1,Echolocation,/mnt/ubna_data_01_mir/recover-20220719/UBNA_004/20220718_123000.WAV,Carp Pond,recover-20220719,004,1795
920.3585,920.3641,16875,32582,Plecotus auritus,0.171,0.276,-1,Echolocation,/mnt/ubna_data_01_mir/recover-20220719/UBNA_004/20220718_123000.WAV,Carp Pond,recover-20220719,004,1795
927.7245,927.7339,28046,35301,Eptesicus serotinus,0.146,0.225,-1,Echolocation,/mnt/ubna_data_01_mir/recover-20220719/UBNA_004/20220718_123000.WAV,Carp Pond,recover-20220719,004,1795
929.7065,929.7108,22890,41350,Plecotus austriacus,0.193,0.288,-1,Echolocation,/mnt/ubna_data_01_mir/recover-20220719/UBNA_004/20220718_123000.WAV,Carp Pond,recover-20220719,004,1795
931.0625,931.0675,15156,33017,Plecotus auritus,0.168,0.211,-1,Echolocation,/mnt/ubna_data_01_mir/recover-20220719/UBNA_004/20220718_123000.WAV,Carp Pond,recover-20220719,004,1795
932.7155,932.7204,15156,30322,Plecotus auritus,0.223,0.278,-1,Echolocation,/mnt/ubna_data_01_mir/recover-20220719/UBNA_004/20220718_123000.WAV,Carp Pond,recover-20220719,004,1795
936.6375,936.642,16015,29828,Plecotus auritus,0.184,0.251,-1,Echolocation,/mnt/ubna_data_01_mir/recover-20220719/UBNA_004/20220718_123000.WAV,Carp Pond,recover-20220719,004,1795
937.4865,937.4914,16875,28375,Plecotus auritus,0.148,0.203,-1,Echolocation,/mnt/ubna_data_01_mir/recover-20220719/UBNA_004/20220718_123000.WAV,Carp Pond,recover-20220719,004,1795
940.8805,940.8875,20312,30614,Plecotus austriacus,0.104,0.223,-1,Echolocation,/mnt/ubna_data_01_mir/recover-20220719/UBNA_004/20220718_123000.WAV,Carp Pond,recover-20220719,004,1795
943.1735,943.1777,16015,33102,Plecotus auritus,0.139,0.226,-1,Echolocation,/mnt/ubna_data_01_mir/recover-20220719/UBNA_004/20220718_123000.WAV,Carp Pond,recover-20220719,004,1795
943.3675,943.3738,21171,32639,Plecotus austriacus,0.156,0.237,-1,Echolocation,/mnt/ubna_data_01_mir/recover-20220719/UBNA_004/20220718_123000.WAV,Carp Pond,recover-20220719,004,1795
944.3155,944.3202,14296,35463,Plecotus auritus,0.278,0.337,-1,Echolocation,/mnt/ubna_data_01_mir/recover-20220719/UBNA_004/20220718_123000.WAV,Carp Pond,recover-20220719,004,1795
948.2295,948.2349,16015,28549,Plecotus auritus,0.152,0.204,-1,Echolocation,/mnt/ubna_data_01_mir/recover-20220719/UBNA_004/20220718_123000.WAV,Carp Pond,recover-20220719,004,1795
948.3105,948.3146,16015,33359,Plecotus auritus,0.178,0.25,-1,Echolocation,/mnt/ubna_data_01_mir/recover-20220719/UBNA_004/20220718_123000.WAV,Carp Pond,recover-20220719,004,1795
950.0625,950.0669,25468,41091,Plecotus austriacus,0.132,0.268,-1,Echolocation,/mnt/ubna_data_01_mir/recover-20220719/UBNA_004/20220718_123000.WAV,Carp Pond,recover-20220719,004,1795
950.7725,950.7786,15156,28324,Plecotus auritus,0.203,0.249,-1,Echolocation,/mnt/ubna_data_01_mir/recover-20220719/UBNA_004/20220718_123000.WAV,Carp Pond,recover-20220719,004,1795
952.3825,952.3894,21171,29970,Plecotus austriacus,0.147,0.234,-1,Echolocation,/mnt/ubna_data_01_mir/recover-20220719/UBNA_004/20220718_123000.WAV,Carp Pond,recover-20220719,004,1795
952.7185,952.7229,25468,39319,Plecotus austriacus,0.163,0.225,-1,Echolocation,/mnt/ubna_data_01_mir/recover-20220719/UBNA_004/20220718_123000.WAV,Carp Pond,recover-20220719,004,1795
954.4095,954.4141,16015,30664,Plecotus auritus,0.198,0.286,-1,Echolocation,/mnt/ubna_data_01_mir/recover-20220719/UBNA_004/20220718_123000.WAV,Carp Pond,recover-20220719,004,1795
954.5225,954.5272,15156,31772,Plecotus auritus,0.208,0.253,-1,Echolocation,/mnt/ubna_data_01_mir/recover-20220719/UBNA_004/20220718_123000.WAV,Carp Pond,recover-20220719,004,1795
955.1855,955.1925,21171,29955,Plecotus austriacus,0.127,0.205,-1,Echolocation,/mnt/ubna_data_01_mir/recover-20220719/UBNA_004/20220718_123000.WAV,Carp Pond,recover-20220719,004,1795
955.2295,955.2335,27187,39989,Plecotus auritus,0.187,0.307,-1,Echolocation,/mnt/ubna_data_01_mir/recover-20220719/UBNA_004/20220718_123000.WAV,Carp Pond,recover-20220719,004,1795
955.6405,955.645,16015,28805,Plecotus auritus,0.168,0.264,-1,Echolocation,/mnt/ubna_data_01_mir/recover-20220719/UBNA_004/20220718_123000.WAV,Carp Pond,recover-20220719,004,1795
957.5065,957.5115,16875,32068,Plecotus austriacus,0.143,0.238,-1,Echolocation,/mnt/ubna_data_01_mir/recover-20220719/UBNA_004/20220718_123000.WAV,Carp Pond,recover-20220719,004,1795
960.7785,960.7905,18593,25336,Nyctalus noctula,0.111,0.206,-1,Echolocation,/mnt/ubna_data_01_mir/recover-20220719/UBNA_004/20220718_123000.WAV,Carp Pond,recover-20220719,004,1795
962.0385,962.0436,18593,35468,Plecotus austriacus,0.183,0.239,-1,Echolocation,/mnt/ubna_data_01_mir/recover-20220719/UBNA_004/20220718_123000.WAV,Carp Pond,recover-20220719,004,1795
962.4165,962.4227,18593,28160,Plecotus austriacus,0.144,0.202,-1,Echolocation,/mnt/ubna_data_01_mir/recover-20220719/UBNA_004/20220718_123000.WAV,Carp Pond,recover-20220719,004,1795
963.6105,963.6153,16015,30172,Plecotus auritus,0.238,0.325,-1,Echolocation,/mnt/ubna_data_01_mir/recover-20220719/UBNA_004/20220718_123000.WAV,Carp Pond,recover-20220719,004,1795
964.3075,964.3133,19453,32398,Plecotus austriacus,0.173,0.232,-1,Echolocation,/mnt/ubna_data_01_mir/recover-20220719/UBNA_004/20220718_123000.WAV,Carp Pond,recover-20220719,004,1795
964.5835,964.5889,15156,28222,Plecotus auritus,0.179,0.223,-1,Echolocation,/mnt/ubna_data_01_mir/recover-20220719/UBNA_004/20220718_123000.WAV,Carp Pond,recover-20220719,004,1795
964.7125,964.718,15156,30380,Plecotus auritus,0.209,0.263,-1,Echolocation,/mnt/ubna_data_01_mir/recover-20220719/UBNA_004/20220718_123000.WAV,Carp Pond,recover-20220719,004,1795
966.2815,966.2865,15156,32228,Plecotus auritus,0.168,0.22,-1,Echolocation,/mnt/ubna_data_01_mir/recover-20220719/UBNA_004/20220718_123000.WAV,Carp Pond,recover-20220719,004,1795
966.6775,966.6848,22031,30434,Plecotus austriacus,0.107,0.207,-1,Echolocation,/mnt/ubna_data_01_mir/recover-20220719/UBNA_004/20220718_123000.WAV,Carp Pond,recover-20220719,004,1795
966.7105,966.7151,16875,33898,Plecotus austriacus,0.151,0.253,-1,Echolocation,/mnt/ubna_data_01_mir/recover-20220719/UBNA_004/20220718_123000.WAV,Carp Pond,recover-20220719,004,1795
967.3935,967.4003,17734,28215,Plecotus austriacus,0.146,0.209,-1,Echolocation,/mnt/ubna_data_01_mir/recover-20220719/UBNA_004/20220718_123000.WAV,Carp Pond,recover-20220719,004,1795
967.6895,967.7038,42656,46340,Pipistrellus nathusii,0.153,0.258,-1,Echolocation,/mnt/ubna_data_01_mir/recover-20220719/UBNA_004/20220718_123000.WAV,Carp Pond,recover-20220719,004,1795
968.5365,968.5418,16875,30731,Plecotus auritus,0.115,0.214,-1,Echolocation,/mnt/ubna_data_01_mir/recover-20220719/UBNA_004/20220718_123000.WAV,Carp Pond,recover-20220719,004,1795
968.7915,968.797,19453,31526,Plecotus austriacus,0.144,0.292,-1,Echolocation,/mnt/ubna_data_01_mir/recover-20220719/UBNA_004/20220718_123000.WAV,Carp Pond,recover-20220719,004,1795
969.7975,969.8022,16015,31167,Plecotus auritus,0.152,0.21,-1,Echolocation,/mnt/ubna_data_01_mir/recover-20220719/UBNA_004/20220718_123000.WAV,Carp Pond,recover-20220719,004,1795
970.3265,970.3313,16015,29825,Plecotus auritus,0.254,0.331,-1,Echolocation,/mnt/ubna_data_01_mir/recover-20220719/UBNA_004/20220718_123000.WAV,Carp Pond,recover-20220719,004,1795
970.7425,970.7486,19453,30314,Plecotus austriacus,0.13,0.202,-1,Echolocation,/mnt/ubna_data_01_mir/recover-20220719/UBNA_004/20220718_123000.WAV,Carp Pond,recover-20220719,004,1795
971.7015,971.7063,16015,31920,Plecotus auritus,0.156,0.258,-1,Echolocation,/mnt/ubna_data_01_mir/recover-20220719/UBNA_004/20220718_123000.WAV,Carp Pond,recover-20220719,004,1795
972.1685,972.1786,21171,28562,Plecotus austriacus,0.067,0.232,-1,Echolocation,/mnt/ubna_data_01_mir/recover-20220719/UBNA_004/20220718_123000.WAV,Carp Pond,recover-20220719,004,1795
975.6005,975.6056,16015,32135,Plecotus auritus,0.178,0.258,-1,Echolocation,/mnt/ubna_data_01_mir/recover-20220719/UBNA_004/20220718_123000.WAV,Carp Pond,recover-20220719,004,1795
976.6965,976.7009,19453,37468,Plecotus austriacus,0.169,0.248,-1,Echolocation,/mnt/ubna_data_01_mir/recover-20220719/UBNA_004/20220718_123000.WAV,Carp Pond,recover-20220719,004,1795
978.5235,978.5294,20312,30225,Plecotus austriacus,0.143,0.286,-1,Echolocation,/mnt/ubna_data_01_mir/recover-20220719/UBNA_004/20220718_123000.WAV,Carp Pond,recover-20220719,004,1795
979.1585,979.1661,19453,28596,Plecotus austriacus,0.077,0.218,-1,Echolocation,/mnt/ubna_data_01_mir/recover-20220719/UBNA_004/20220718_123000.WAV,Carp Pond,recover-20220719,004,1795
979.4095,979.4166,28906,38376,Eptesicus serotinus,0.12,0.224,-1,Echolocation,/mnt/ubna_data_01_mir/recover-20220719/UBNA_004/20220718_123000.WAV,Carp Pond,recover-20220719,004,1795
980.8025,980.8073,17734,31146,Plecotus austriacus,0.128,0.239,-1,Echolocation,/mnt/ubna_data_01_mir/recover-20220719/UBNA_004/20220718_123000.WAV,Carp Pond,recover-20220719,004,1795
981.3765,981.3822,21171,31631,Plecotus austriacus,0.232,0.339,-1,Echolocation,/mnt/ubna_data_01_mir/recover-20220719/UBNA_004/20220718_123000.WAV,Carp Pond,recover-20220719,004,1795
981.6255,981.6316,20312,31293,Plecotus austriacus,0.147,0.215,-1,Echolocation,/mnt/ubna_data_01_mir/recover-20220719/UBNA_004/20220718_123000.WAV,Carp Pond,recover-20220719,004,1795
982.4225,982.4295,22031,30488,Plecotus austriacus,0.147,0.254,-1,Echolocation,/mnt/ubna_data_01_mir/recover-20220719/UBNA_004/20220718_123000.WAV,Carp Pond,recover-20220719,004,1795
982.9575,982.9657,29765,37824,Eptesicus serotinus,0.134,0.227,-1,Echolocation,/mnt/ubna_data_01_mir/recover-20220719/UBNA_004/20220718_123000.WAV,Carp Pond,recover-20220719,004,1795
983.5165,983.5254,21171,28568,Plecotus austriacus,0.068,0.208,-1,Echolocation,/mnt/ubna_data_01_mir/recover-20220719/UBNA_004/20220718_123000.WAV,Carp Pond,recover-20220719,004,1795
983.9695,983.9756,21171,31921,Plecotus austriacus,0.15,0.221,-1,Echolocation,/mnt/ubna_data_01_mir/recover-20220719/UBNA_004/20220718_123000.WAV,Carp Pond,recover-20220719,004,1795
986.8015,986.8081,22031,35373,Plecotus austriacus,0.15,0.201,-1,Echolocation,/mnt/ubna_data_01_mir/recover-20220719/UBNA_004/20220718_123000.WAV,Carp Pond,recover-20220719,004,1795
988.1255,988.1329,19453,29625,Plecotus austriacus,0.142,0.335,-1,Echolocation,/mnt/ubna_data_01_mir/recover-20220719/UBNA_004/20220718_123000.WAV,Carp Pond,recover-20220719,004,1795
988.7895,988.796,19453,29679,Plecotus austriacus,0.16,0.21,-1,Echolocation,/mnt/ubna_data_01_mir/recover-20220719/UBNA_004/20220718_123000.WAV,Carp Pond,recover-20220719,004,1795
991.3895,991.3948,20312,32079,Plecotus austriacus,0.139,0.22,-1,Echolocation,/mnt/ubna_data_01_mir/recover-20220719/UBNA_004/20220718_123000.WAV,Carp Pond,recover-20220719,004,1795
991.8725,991.8787,17734,28938,Plecotus austriacus,0.247,0.342,-1,Echolocation,/mnt/ubna_data_01_mir/recover-20220719/UBNA_004/20220718_123000.WAV,Carp Pond,recover-20220719,004,1795
992.8745,992.8802,20312,30678,Plecotus austriacus,0.168,0.253,-1,Echolocation,/mnt/ubna_data_01_mir/recover-20220719/UBNA_004/20220718_123000.WAV,Carp Pond,recover-20220719,004,1795
994.0645,994.0797,29765,34974,Eptesicus serotinus,0.119,0.236,-1,Echolocation,/mnt/ubna_data_01_mir/recover-20220719/UBNA_004/20220718_123000.WAV,Carp Pond,recover-20220719,004,1795
994.1905,994.1957,16875,34244,Plecotus austriacus,0.144,0.216,-1,Echolocation,/mnt/ubna_data_01_mir/recover-20220719/UBNA_004/20220718_123000.WAV,Carp Pond,recover-20220719,004,1795
995.0655,995.0719,21171,31667,Plecotus austriacus,0.162,0.217,-1,Echolocation,/mnt/ubna_data_01_mir/recover-20220719/UBNA_004/20220718_123000.WAV,Carp Pond,recover-20220719,004,1795
997.3895,997.3944,17734,33534,Plecotus austriacus,0.182,0.286,-1,Echolocation,/mnt/ubna_data_01_mir/recover-20220719/UBNA_004/20220718_123000.WAV,Carp Pond,recover-20220719,004,1795
998.2895,998.2956,21171,32863,Plecotus austriacus,0.138,0.21,-1,Echolocation,/mnt/ubna_data_01_mir/recover-20220719/UBNA_004/20220718_123000.WAV,Carp Pond,recover-20220719,004,1795
998.6565,998.6613,17734,30686,Plecotus austriacus,0.131,0.243,-1,Echolocation,/mnt/ubna_data_01_mir/recover-20220719/UBNA_004/20220718_123000.WAV,Carp Pond,recover-20220719,004,1795
999.4775,999.4824,17734,30819,Plecotus austriacus,0.205,0.298,-1,Echolocation,/mnt/ubna_data_01_mir/recover-20220719/UBNA_004/20220718_123000.WAV,Carp Pond,recover-20220719,004,1795
999.6535,999.658,17734,31943,Plecotus austriacus,0.215,0.283,-1,Echolocation,/mnt/ubna_data_01_mir/recover-20220719/UBNA_004/20220718_123000.WAV,Carp Pond,recover-20220719,004,1795
1001.7715,1001.777,16875,28857,Plecotus austriacus,0.124,0.205,-1,Echolocation,/mnt/ubna_data_01_mir/recover-20220719/UBNA_004/20220718_123000.WAV,Carp Pond,recover-20220719,004,1795
1004.8805,1004.8863,17734,29454,Plecotus austriacus,0.167,0.261,-1,Echolocation,/mnt/ubna_data_01_mir/recover-20220719/UBNA_004/20220718_123000.WAV,Carp Pond,recover-20220719,004,1795
1005.3645,1005.3693,17734,33997,Plecotus austriacus,0.229,0.316,-1,Echolocation,/mnt/ubna_data_01_mir/recover-20220719/UBNA_004/20220718_123000.WAV,Carp Pond,recover-20220719,004,1795
1012.5535,1012.5592,22031,34107,Plecotus austriacus,0.154,0.219,-1,Echolocation,/mnt/ubna_data_01_mir/recover-20220719/UBNA_004/20220718_123000.WAV,Carp Pond,recover-20220719,004,1795
1014.2275,1014.2338,20312,30541,Plecotus austriacus,0.121,0.259,-1,Echolocation,/mnt/ubna_data_01_mir/recover-20220719/UBNA_004/20220718_123000.WAV,Carp Pond,recover-20220719,004,1795
1014.2865,1014.2918999999999,16015,27994,Plecotus auritus,0.17,0.216,-1,Echolocation,/mnt/ubna_data_01_mir/recover-20220719/UBNA_004/20220718_123000.WAV,Carp Pond,recover-20220719,004,1795
1014.3995,1014.4103,22031,28355,Eptesicus serotinus,0.084,0.21,-1,Echolocation,/mnt/ubna_data_01_mir/recover-20220719/UBNA_004/20220718_123000.WAV,Carp Pond,recover-20220719,004,1795
1022.3435,1022.3472,20312,40937,Plecotus austriacus,0.194,0.289,-1,Echolocation,/mnt/ubna_data_01_mir/recover-20220719/UBNA_004/20220718_123000.WAV,Carp Pond,recover-20220719,004,1795
1022.7535,1022.759,17734,31285,Plecotus austriacus,0.161,0.223,-1,Echolocation,/mnt/ubna_data_01_mir/recover-20220719/UBNA_004/20220718_123000.WAV,Carp Pond,recover-20220719,004,1795
1024.6655,1024.6705,18593,30133,Plecotus austriacus,0.252,0.335,-1,Echolocation,/mnt/ubna_data_01_mir/recover-20220719/UBNA_004/20220718_123000.WAV,Carp Pond,recover-20220719,004,1795
1026.6655,1026.6696,15156,33087,Plecotus auritus,0.291,0.343,-1,Echolocation,/mnt/ubna_data_01_mir/recover-20220719/UBNA_004/20220718_123000.WAV,Carp Pond,recover-20220719,004,1795
1027.0405,1027.0458,21171,31582,Plecotus austriacus,0.148,0.238,-1,Echolocation,/mnt/ubna_data_01_mir/recover-20220719/UBNA_004/20220718_123000.WAV,Carp Pond,recover-20220719,004,1795
1027.8725,1027.8771,18593,33665,Plecotus austriacus,0.167,0.222,-1,Echolocation,/mnt/ubna_data_01_mir/recover-20220719/UBNA_004/20220718_123000.WAV,Carp Pond,recover-20220719,004,1795
1029.1975,1029.2078,21171,28308,Eptesicus serotinus,0.07,0.211,-1,Echolocation,/mnt/ubna_data_01_mir/recover-20220719/UBNA_004/20220718_123000.WAV,Carp Pond,recover-20220719,004,1795
1030.6545,1030.6619,23750,31763,Eptesicus serotinus,0.084,0.282,-1,Echolocation,/mnt/ubna_data_01_mir/recover-20220719/UBNA_004/20220718_123000.WAV,Carp Pond,recover-20220719,004,1795
1031.1845,1031.1942,23750,30226,Eptesicus serotinus,0.104,0.281,-1,Echolocation,/mnt/ubna_data_01_mir/recover-20220719/UBNA_004/20220718_123000.WAV,Carp Pond,recover-20220719,004,1795
1031.9835,1031.9886,17734,29946,Plecotus auritus,0.222,0.388,-1,Echolocation,/mnt/ubna_data_01_mir/recover-20220719/UBNA_004/20220718_123000.WAV,Carp Pond,recover-20220719,004,1795
1032.4965,1032.5,28046,43201,Plecotus austriacus,0.128,0.326,-1,Echolocation,/mnt/ubna_data_01_mir/recover-20220719/UBNA_004/20220718_123000.WAV,Carp Pond,recover-20220719,004,1795
1034.7835,1034.7919,22890,30616,Plecotus austriacus,0.063,0.232,-1,Echolocation,/mnt/ubna_data_01_mir/recover-20220719/UBNA_004/20220718_123000.WAV,Carp Pond,recover-20220719,004,1795
1037.7185,1037.7233,16875,63318,Myotis nattereri,0.231,0.244,-1,Echolocation,/mnt/ubna_data_01_mir/recover-20220719/UBNA_004/20220718_123000.WAV,Carp Pond,recover-20220719,004,1795
1038.8885,1038.8927,14296,37176,Plecotus auritus,0.124,0.22,-1,Echolocation,/mnt/ubna_data_01_mir/recover-20220719/UBNA_004/20220718_123000.WAV,Carp Pond,recover-20220719,004,1795
1041.1265,1041.1312,16875,32739,Plecotus auritus,0.175,0.258,-1,Echolocation,/mnt/ubna_data_01_mir/recover-20220719/UBNA_004/20220718_123000.WAV,Carp Pond,recover-20220719,004,1795
1050.4075,1050.4148,22031,31369,Plecotus austriacus,0.136,0.264,-1,Echolocation,/mnt/ubna_data_01_mir/recover-20220719/UBNA_004/20220718_123000.WAV,Carp Pond,recover-20220719,004,1795
1058.4925,1058.4975,20312,60163,Myotis nattereri,0.207,0.218,-1,Echolocation,/mnt/ubna_data_01_mir/recover-20220719/UBNA_004/20220718_123000.WAV,Carp Pond,recover-20220719,004,1795
1058.8885,1058.8985,23750,30709,Eptesicus serotinus,0.071,0.215,-1,Echolocation,/mnt/ubna_data_01_mir/recover-20220719/UBNA_004/20220718_123000.WAV,Carp Pond,recover-20220719,004,1795
1059.9675,1059.973,18593,57457,Myotis nattereri,0.231,0.242,-1,Echolocation,/mnt/ubna_data_01_mir/recover-20220719/UBNA_004/20220718_123000.WAV,Carp Pond,recover-20220719,004,1795
1062.6565,1062.6609,27187,40901,Plecotus austriacus,0.101,0.209,-1,Echolocation,/mnt/ubna_data_01_mir/recover-20220719/UBNA_004/20220718_123000.WAV,Carp Pond,recover-20220719,004,1795
1063.1415,1063.1458,26328,43078,Plecotus austriacus,0.124,0.284,-1,Echolocation,/mnt/ubna_data_01_mir/recover-20220719/UBNA_004/20220718_123000.WAV,Carp Pond,recover-20220719,004,1795
1064.4285,1064.4352,32343,39816,Barbastellus barbastellus,0.125,0.235,-1,Echolocation,/mnt/ubna_data_01_mir/recover-20220719/UBNA_004/20220718_123000.WAV,Carp Pond,recover-20220719,004,1795
1065.5725,1065.5765,28906,41869,Plecotus austriacus,0.075,0.217,-1,Echolocation,/mnt/ubna_data_01_mir/recover-20220719/UBNA_004/20220718_123000.WAV,Carp Pond,recover-20220719,004,1795
1067.1075,1067.1135,22890,33413,Plecotus austriacus,0.154,0.245,-1,Echolocation,/mnt/ubna_data_01_mir/recover-20220719/UBNA_004/20220718_123000.WAV,Carp Pond,recover-20220719,004,1795
1072.6995,1072.7044,22890,40286,Plecotus austriacus,0.156,0.291,-1,Echolocation,/mnt/ubna_data_01_mir/recover-20220719/UBNA_004/20220718_123000.WAV,Carp Pond,recover-20220719,004,1795
1078.4765,1078.4825,22890,33859,Plecotus austriacus,0.169,0.23,-1,Echolocation,/mnt/ubna_data_01_mir/recover-20220719/UBNA_004/20220718_123000.WAV,Carp Pond,recover-20220719,004,1795
1086.9185,1086.9225,26328,42643,Plecotus auritus,0.151,0.241,-1,Echolocation,/mnt/ubna_data_01_mir/recover-20220719/UBNA_004/20220718_123000.WAV,Carp Pond,recover-20220719,004,1795
1092.6015,1092.6108,50390,57214,Pipistrellus pipistrellus,0.155,0.218,-1,Echolocation,/mnt/ubna_data_01_mir/recover-20220719/UBNA_004/20220718_123000.WAV,Carp Pond,recover-20220719,004,1795
1097.6345,1097.6378,25468,46517,Plecotus austriacus,0.16,0.273,-1,Echolocation,/mnt/ubna_data_01_mir/recover-20220719/UBNA_004/20220718_123000.WAV,Carp Pond,recover-20220719,004,1795
1097.8425,1097.847,22890,38614,Plecotus austriacus,0.174,0.239,-1,Echolocation,/mnt/ubna_data_01_mir/recover-20220719/UBNA_004/20220718_123000.WAV,Carp Pond,recover-20220719,004,1795
1102.4675,1102.4712,26328,40554,Plecotus auritus,0.181,0.365,-1,Echolocation,/mnt/ubna_data_01_mir/recover-20220719/UBNA_004/20220718_123000.WAV,Carp Pond,recover-20220719,004,1795
1116.8875,1116.8908,22890,42317,Plecotus austriacus,0.139,0.216,-1,Echolocation,/mnt/ubna_data_01_mir/recover-20220719/UBNA_004/20220718_123000.WAV,Carp Pond,recover-20220719,004,1795
1117.8505,1117.8553,29765,40159,Plecotus auritus,0.071,0.209,-1,Echolocation,/mnt/ubna_data_01_mir/recover-20220719/UBNA_004/20220718_123000.WAV,Carp Pond,recover-20220719,004,1795
1118.9535,1118.96,22031,32195,Plecotus austriacus,0.166,0.377,-1,Echolocation,/mnt/ubna_data_01_mir/recover-20220719/UBNA_004/20220718_123000.WAV,Carp Pond,recover-20220719,004,1795
1133.8485,1133.8538,24609,35270,Plecotus austriacus,0.121,0.25,-1,Echolocation,/mnt/ubna_data_01_mir/recover-20220719/UBNA_004/20220718_123000.WAV,Carp Pond,recover-20220719,004,1795
1157.1785,1157.1817,26328,54106,Myotis nattereri,0.135,0.232,-1,Echolocation,/mnt/ubna_data_01_mir/recover-20220719/UBNA_004/20220718_123000.WAV,Carp Pond,recover-20220719,004,1795
1157.8335,1157.8389,22031,39220,Plecotus austriacus,0.171,0.235,-1,Echolocation,/mnt/ubna_data_01_mir/recover-20220719/UBNA_004/20220718_123000.WAV,Carp Pond,recover-20220719,004,1795
1164.9765,1164.9809,25468,39635,Plecotus austriacus,0.122,0.202,-1,Echolocation,/mnt/ubna_data_01_mir/recover-20220719/UBNA_004/20220718_123000.WAV,Carp Pond,recover-20220719,004,1795
1173.5595,1173.5637,22890,40498,Plecotus austriacus,0.16,0.252,-1,Echolocation,/mnt/ubna_data_01_mir/recover-20220719/UBNA_004/20220718_123000.WAV,Carp Pond,recover-20220719,004,1795
1178.4125,1178.4222,23750,31088,Eptesicus serotinus,0.107,0.257,-1,Echolocation,/mnt/ubna_data_01_mir/recover-20220719/UBNA_004/20220718_123000.WAV,Carp Pond,recover-20220719,004,1795
1183.6785,1183.6833,29765,44538,Plecotus auritus,0.069,0.299,-1,Echolocation,/mnt/ubna_data_01_mir/recover-20220719/UBNA_004/20220718_123000.WAV,Carp Pond,recover-20220719,004,1795
1185.0925,1185.0962,24609,43525,Plecotus austriacus,0.116,0.236,-1,Echolocation,/mnt/ubna_data_01_mir/recover-20220719/UBNA_004/20220718_123000.WAV,Carp Pond,recover-20220719,004,1795
1185.4555,1185.4612,16015,25780,Plecotus auritus,0.187,0.264,-1,Echolocation,/mnt/ubna_data_01_mir/recover-20220719/UBNA_004/20220718_123000.WAV,Carp Pond,recover-20220719,004,1795
1185.6155,1185.6191,35781,56660,Myotis nattereri,0.127,0.225,-1,Echolocation,/mnt/ubna_data_01_mir/recover-20220719/UBNA_004/20220718_123000.WAV,Carp Pond,recover-20220719,004,1795
1185.7265,1185.7307,28906,42351,Plecotus austriacus,0.09,0.23,-1,Echolocation,/mnt/ubna_data_01_mir/recover-20220719/UBNA_004/20220718_123000.WAV,Carp Pond,recover-20220719,004,1795
1188.0825,1188.0879,16015,30305,Plecotus auritus,0.181,0.279,-1,Echolocation,/mnt/ubna_data_01_mir/recover-20220719/UBNA_004/20220718_123000.WAV,Carp Pond,recover-20220719,004,1795
1189.3565,1189.3632,21171,32583,Plecotus austriacus,0.142,0.204,-1,Echolocation,/mnt/ubna_data_01_mir/recover-20220719/UBNA_004/20220718_123000.WAV,Carp Pond,recover-20220719,004,1795
1195.5825,1195.5855999999999,28046,51663,Myotis nattereri,0.109,0.217,-1,Echolocation,/mnt/ubna_data_01_mir/recover-20220719/UBNA_004/20220718_123000.WAV,Carp Pond,recover-20220719,004,1795
1199.9135,1199.9195,16015,28101,Plecotus auritus,0.165,0.215,-1,Echolocation,/mnt/ubna_data_01_mir/recover-20220719/UBNA_004/20220718_123000.WAV,Carp Pond,recover-20220719,004,1795
1203.4085,1203.4268,23750,28494,Nyctalus leisleri,0.112,0.217,-1,Echolocation,/mnt/ubna_data_01_mir/recover-20220719/UBNA_004/20220718_123000.WAV,Carp Pond,recover-20220719,004,1795
1203.5505,1203.5552,20312,38008,Plecotus austriacus,0.203,0.258,-1,Echolocation,/mnt/ubna_data_01_mir/recover-20220719/UBNA_004/20220718_123000.WAV,Carp Pond,recover-20220719,004,1795
1205.5965,1205.5995,24609,43586,Plecotus austriacus,0.147,0.277,-1,Echolocation,/mnt/ubna_data_01_mir/recover-20220719/UBNA_004/20220718_123000.WAV,Carp Pond,recover-20220719,004,1795
1207.2085,1207.2142,20312,30823,Plecotus austriacus,0.15,0.204,-1,Echolocation,/mnt/ubna_data_01_mir/recover-20220719/UBNA_004/20220718_123000.WAV,Carp Pond,recover-20220719,004,1795
1207.3315,1207.3367,16015,30728,Plecotus auritus,0.202,0.284,-1,Echolocation,/mnt/ubna_data_01_mir/recover-20220719/UBNA_004/20220718_123000.WAV,Carp Pond,recover-20220719,004,1795
1209.5405,1209.5446,27187,41327,Plecotus austriacus,0.14,0.241,-1,Echolocation,/mnt/ubna_data_01_mir/recover-20220719/UBNA_004/20220718_123000.WAV,Carp Pond,recover-20220719,004,1795
1210.2865,1210.2923,16015,27936,Plecotus auritus,0.154,0.211,-1,Echolocation,/mnt/ubna_data_01_mir/recover-20220719/UBNA_004/20220718_123000.WAV,Carp Pond,recover-20220719,004,1795
1213.2435,1213.2482,13437,69403,Myotis nattereri,0.19,0.208,-1,Echolocation,/mnt/ubna_data_01_mir/recover-20220719/UBNA_004/20220718_123000.WAV,Carp Pond,recover-20220719,004,1795
1214.3405,1214.3532,35781,40543,Nyctalus leisleri,0.087,0.237,-1,Echolocation,/mnt/ubna_data_01_mir/recover-20220719/UBNA_004/20220718_123000.WAV,Carp Pond,recover-20220719,004,1795
1214.4195,1214.4242,14296,26255,Plecotus auritus,0.22,0.282,-1,Echolocation,/mnt/ubna_data_01_mir/recover-20220719/UBNA_004/20220718_123000.WAV,Carp Pond,recover-20220719,004,1795
1216.0075,1216.0107,32343,45429,Plecotus austriacus,0.093,0.235,-1,Echolocation,/mnt/ubna_data_01_mir/recover-20220719/UBNA_004/20220718_123000.WAV,Carp Pond,recover-20220719,004,1795
1216.0075,1216.0107,22890,41594,Plecotus austriacus,0.174,0.239,-1,Echolocation,/mnt/ubna_data_01_mir/recover-20220719/UBNA_004/20220718_123000.WAV,Carp Pond,recover-20220719,004,1795
1216.0645,1216.0677,31484,54142,Myotis nattereri,0.087,0.201,-1,Echolocation,/mnt/ubna_data_01_mir/recover-20220719/UBNA_004/20220718_123000.WAV,Carp Pond,recover-20220719,004,1795
1216.3495,1216.3553,22890,34917,Plecotus austriacus,0.157,0.21,-1,Echolocation,/mnt/ubna_data_01_mir/recover-20220719/UBNA_004/20220718_123000.WAV,Carp Pond,recover-20220719,004,1795
1218.8025,1218.8108,20312,27154,Plecotus austriacus,0.081,0.201,-1,Echolocation,/mnt/ubna_data_01_mir/recover-20220719/UBNA_004/20220718_123000.WAV,Carp Pond,recover-20220719,004,1795
1218.8745,1218.8822,20312,30385,Plecotus austriacus,0.152,0.271,-1,Echolocation,/mnt/ubna_data_01_mir/recover-20220719/UBNA_004/20220718_123000.WAV,Carp Pond,recover-20220719,004,1795
1219.1985,1219.2023,29765,54438,Myotis daubentonii,0.12,0.206,-1,Echolocation,/mnt/ubna_data_01_mir/recover-20220719/UBNA_004/20220718_123000.WAV,Carp Pond,recover-20220719,004,1795
1221.3355,1221.3458,22890,30633,Eptesicus serotinus,0.078,0.217,-1,Echolocation,/mnt/ubna_data_01_mir/recover-20220719/UBNA_004/20220718_123000.WAV,Carp Pond,recover-20220719,004,1795
1221.6995,1221.7039,20312,34225,Plecotus austriacus,0.179,0.236,-1,Echolocation,/mnt/ubna_data_01_mir/recover-20220719/UBNA_004/20220718_123000.WAV,Carp Pond,recover-20220719,004,1795
1222.3245,1222.329,18593,32366,Plecotus austriacus,0.222,0.287,-1,Echolocation,/mnt/ubna_data_01_mir/recover-20220719/UBNA_004/20220718_123000.WAV,Carp Pond,recover-20220719,004,1795
1223.2625,1223.2663,23750,40189,Plecotus austriacus,0.149,0.216,-1,Echolocation,/mnt/ubna_data_01_mir/recover-20220719/UBNA_004/20220718_123000.WAV,Carp Pond,recover-20220719,004,1795
1223.5205,1223.5278,21171,30773,Plecotus austriacus,0.132,0.277,-1,Echolocation,/mnt/ubna_data_01_mir/recover-20220719/UBNA_004/20220718_123000.WAV,Carp Pond,recover-20220719,004,1795
1223.6965,1223.7022,18593,34000,Plecotus austriacus,0.213,0.275,-1,Echolocation,/mnt/ubna_data_01_mir/recover-20220719/UBNA_004/20220718_123000.WAV,Carp Pond,recover-20220719,004,1795
1229.0555,1229.0595,15156,35697,Plecotus auritus,0.175,0.256,-1,Echolocation,/mnt/ubna_data_01_mir/recover-20220719/UBNA_004/20220718_123000.WAV,Carp Pond,recover-20220719,004,1795
1229.4015,1229.4076,16875,34297,Plecotus austriacus,0.135,0.233,-1,Echolocation,/mnt/ubna_data_01_mir/recover-20220719/UBNA_004/20220718_123000.WAV,Carp Pond,recover-20220719,004,1795
1230.2205,1230.2256,16015,27884,Plecotus auritus,0.245,0.313,-1,Echolocation,/mnt/ubna_data_01_mir/recover-20220719/UBNA_004/20220718_123000.WAV,Carp Pond,recover-20220719,004,1795
1231.0755,1231.0897,20312,26332,Nyctalus noctula,0.134,0.242,-1,Echolocation,/mnt/ubna_data_01_mir/recover-20220719/UBNA_004/20220718_123000.WAV,Carp Pond,recover-20220719,004,1795
1231.3625,1231.3686,22031,37090,Plecotus austriacus,0.149,0.215,-1,Echolocation,/mnt/ubna_data_01_mir/recover-20220719/UBNA_004/20220718_123000.WAV,Carp Pond,recover-20220719,004,1795
1232.1785,1232.1845,18593,29745,Plecotus austriacus,0.108,0.228,-1,Echolocation,/mnt/ubna_data_01_mir/recover-20220719/UBNA_004/20220718_123000.WAV,Carp Pond,recover-20220719,004,1795
1232.4565,1232.4616,17734,30260,Plecotus austriacus,0.253,0.34,-1,Echolocation,/mnt/ubna_data_01_mir/recover-20220719/UBNA_004/20220718_123000.WAV,Carp Pond,recover-20220719,004,1795
1232.5055,1232.5119,20312,30676,Plecotus austriacus,0.194,0.305,-1,Echolocation,/mnt/ubna_data_01_mir/recover-20220719/UBNA_004/20220718_123000.WAV,Carp Pond,recover-20220719,004,1795
1232.5285,1232.5352,18593,29332,Plecotus austriacus,0.146,0.241,-1,Echolocation,/mnt/ubna_data_01_mir/recover-20220719/UBNA_004/20220718_123000.WAV,Carp Pond,recover-20220719,004,1795
1234.8855,1234.8946,38359,43448,Pipistrellus nathusii,0.137,0.234,-1,Echolocation,/mnt/ubna_data_01_mir/recover-20220719/UBNA_004/20220718_123000.WAV,Carp Pond,recover-20220719,004,1795
1235.0305,1235.0344,24609,41554,Plecotus austriacus,0.121,0.209,-1,Echolocation,/mnt/ubna_data_01_mir/recover-20220719/UBNA_004/20220718_123000.WAV,Carp Pond,recover-20220719,004,1795
1235.2425,1235.2483,18593,29577,Plecotus austriacus,0.116,0.202,-1,Echolocation,/mnt/ubna_data_01_mir/recover-20220719/UBNA_004/20220718_123000.WAV,Carp Pond,recover-20220719,004,1795
1235.9595,1235.9675,19453,28478,Plecotus austriacus,0.087,0.216,-1,Echolocation,/mnt/ubna_data_01_mir/recover-20220719/UBNA_004/20220718_123000.WAV,Carp Pond,recover-20220719,004,1795
1237.1335,1237.138,16015,39329,Plecotus auritus,0.187,0.263,-1,Echolocation,/mnt/ubna_data_01_mir/recover-20220719/UBNA_004/20220718_123000.WAV,Carp Pond,recover-20220719,004,1795
1241.2455,1241.2504,22031,36278,Plecotus austriacus,0.283,0.351,-1,Echolocation,/mnt/ubna_data_01_mir/recover-20220719/UBNA_004/20220718_123000.WAV,Carp Pond,recover-20220719,004,1795
1241.7065,1241.7123,17734,29692,Plecotus austriacus,0.123,0.243,-1,Echolocation,/mnt/ubna_data_01_mir/recover-20220719/UBNA_004/20220718_123000.WAV,Carp Pond,recover-20220719,004,1795
1243.1445,1243.1576,25468,29810,Nyctalus leisleri,0.131,0.259,-1,Echolocation,/mnt/ubna_data_01_mir/recover-20220719/UBNA_004/20220718_123000.WAV,Carp Pond,recover-20220719,004,1795
1245.0905,1245.0977,20312,30020,Plecotus austriacus,0.102,0.254,-1,Echolocation,/mnt/ubna_data_01_mir/recover-20220719/UBNA_004/20220718_123000.WAV,Carp Pond,recover-20220719,004,1795
1245.3525,1245.3589,17734,29206,Plecotus austriacus,0.189,0.261,-1,Echolocation,/mnt/ubna_data_01_mir/recover-20220719/UBNA_004/20220718_123000.WAV,Carp Pond,recover-20220719,004,1795
1246.6015,1246.6126,22031,28358,Nyctalus leisleri,0.104,0.287,-1,Echolocation,/mnt/ubna_data_01_mir/recover-20220719/UBNA_004/20220718_123000.WAV,Carp Pond,recover-20220719,004,1795
1246.7215,1246.7324,47812,51751,Pipistrellus pipistrellus,0.195,0.215,-1,Echolocation,/mnt/ubna_data_01_mir/recover-20220719/UBNA_004/20220718_123000.WAV,Carp Pond,recover-20220719,004,1795
1248.7675,1248.7709,24609,52149,Myotis nattereri,0.177,0.217,-1,Echolocation,/mnt/ubna_data_01_mir/recover-20220719/UBNA_004/20220718_123000.WAV,Carp Pond,recover-20220719,004,1795
1248.9615,1248.9689,20312,29800,Plecotus austriacus,0.148,0.215,-1,Echolocation,/mnt/ubna_data_01_mir/recover-20220719/UBNA_004/20220718_123000.WAV,Carp Pond,recover-20220719,004,1795
1249.1875,1249.1985,22890,29835,Nyctalus leisleri,0.104,0.316,-1,Echolocation,/mnt/ubna_data_01_mir/recover-20220719/UBNA_004/20220718_123000.WAV,Carp Pond,recover-20220719,004,1795
1249.5195,1249.5248,18593,32334,Plecotus austriacus,0.153,0.212,-1,Echolocation,/mnt/ubna_data_01_mir/recover-20220719/UBNA_004/20220718_123000.WAV,Carp Pond,recover-20220719,004,1795
1255.2095,1255.2174,20312,27810,Plecotus austriacus,0.094,0.2,-1,Echolocation,/mnt/ubna_data_01_mir/recover-20220719/UBNA_004/20220718_123000.WAV,Carp Pond,recover-20220719,004,1795
1255.3655,1255.3696,30625,44065,Plecotus austriacus,0.077,0.206,-1,Echolocation,/mnt/ubna_data_01_mir/recover-20220719/UBNA_004/20220718_123000.WAV,Carp Pond,recover-20220719,004,1795
1260.1905,1260.1984,21171,30161,Plecotus austriacus,0.1,0.229,-1,Echolocation,/mnt/ubna_data_01_mir/recover-20220719/UBNA_004/20220718_123000.WAV,Carp Pond,recover-20220719,004,1795
1260.6715,1260.6778,18593,28996,Plecotus austriacus,0.166,0.224,-1,Echolocation,/mnt/ubna_data_01_mir/recover-20220719/UBNA_004/20220718_123000.WAV,Carp Pond,recover-20220719,004,1795
1260.7325,1260.738,16875,32670,Plecotus austriacus,0.157,0.221,-1,Echolocation,/mnt/ubna_data_01_mir/recover-20220719/UBNA_004/20220718_123000.WAV,Carp Pond,recover-20220719,004,1795
1262.4135,1262.4183,16875,31447,Plecotus austriacus,0.152,0.248,-1,Echolocation,/mnt/ubna_data_01_mir/recover-20220719/UBNA_004/20220718_123000.WAV,Carp Pond,recover-20220719,004,1795
1265.5585,1265.5626,18593,37158,Plecotus austriacus,0.208,0.293,-1,Echolocation,/mnt/ubna_data_01_mir/recover-20220719/UBNA_004/20220718_123000.WAV,Carp Pond,recover-20220719,004,1795
1266.5755,1266.5798,17734,55937,Myotis nattereri,0.231,0.247,-1,Echolocation,/mnt/ubna_data_01_mir/recover-20220719/UBNA_004/20220718_123000.WAV,Carp Pond,recover-20220719,004,1795
1270.1255,1270.13,16875,33119,Plecotus austriacus,0.204,0.384,-1,Echolocation,/mnt/ubna_data_01_mir/recover-20220719/UBNA_004/20220718_123000.WAV,Carp Pond,recover-20220719,004,1795
1271.1805,1271.1866,16875,28807,Plecotus austriacus,0.133,0.222,-1,Echolocation,/mnt/ubna_data_01_mir/recover-20220719/UBNA_004/20220718_123000.WAV,Carp Pond,recover-20220719,004,1795
1272.1885,1272.1945,21171,32133,Plecotus austriacus,0.174,0.227,-1,Echolocation,/mnt/ubna_data_01_mir/recover-20220719/UBNA_004/20220718_123000.WAV,Carp Pond,recover-20220719,004,1795
1272.2765,1272.2813,16875,31575,Plecotus auritus,0.142,0.219,-1,Echolocation,/mnt/ubna_data_01_mir/recover-20220719/UBNA_004/20220718_123000.WAV,Carp Pond,recover-20220719,004,1795
1272.4475,1272.4522,23750,47350,Myotis nattereri,0.133,0.201,-1,Echolocation,/mnt/ubna_data_01_mir/recover-20220719/UBNA_004/20220718_123000.WAV,Carp Pond,recover-20220719,004,1795
1272.4945,1272.4993,22890,34741,Plecotus austriacus,0.359,0.43,-1,Echolocation,/mnt/ubna_data_01_mir/recover-20220719/UBNA_004/20220718_123000.WAV,Carp Pond,recover-20220719,004,1795
1277.8885,1277.8934,15156,31810,Plecotus auritus,0.218,0.264,-1,Echolocation,/mnt/ubna_data_01_mir/recover-20220719/UBNA_004/20220718_123000.WAV,Carp Pond,recover-20220719,004,1795
1279.1935,1279.1984,25468,39193,Plecotus austriacus,0.121,0.202,-1,Echolocation,/mnt/ubna_data_01_mir/recover-20220719/UBNA_004/20220718_123000.WAV,Carp Pond,recover-20220719,004,1795
1279.6595,1279.6667,21171,30474,Plecotus austriacus,0.161,0.282,-1,Echolocation,/mnt/ubna_data_01_mir/recover-20220719/UBNA_004/20220718_123000.WAV,Carp Pond,recover-20220719,004,1795
1283.3905,1283.3966,17734,29605,Plecotus austriacus,0.128,0.201,-1,Echolocation,/mnt/ubna_data_01_mir/recover-20220719/UBNA_004/20220718_123000.WAV,Carp Pond,recover-20220719,004,1795
1283.6195,1283.6324,22890,27034,Nyctalus leisleri,0.123,0.291,-1,Echolocation,/mnt/ubna_data_01_mir/recover-20220719/UBNA_004/20220718_123000.WAV,Carp Pond,recover-20220719,004,1795
1283.9135,1283.9192,19453,32932,Plecotus austriacus,0.202,0.308,-1,Echolocation,/mnt/ubna_data_01_mir/recover-20220719/UBNA_004/20220718_123000.WAV,Carp Pond,recover-20220719,004,1795
1283.9585,1283.9641,19453,30201,Plecotus austriacus,0.213,0.295,-1,Echolocation,/mnt/ubna_data_01_mir/recover-20220719/UBNA_004/20220718_123000.WAV,Carp Pond,recover-20220719,004,1795
1283.9835,1283.9894,18593,34198,Plecotus austriacus,0.137,0.201,-1,Echolocation,/mnt/ubna_data_01_mir/recover-20220719/UBNA_004/20220718_123000.WAV,Carp Pond,recover-20220719,004,1795
1284.1355,1284.1427,22031,30952,Plecotus austriacus,0.131,0.227,-1,Echolocation,/mnt/ubna_data_01_mir/recover-20220719/UBNA_004/20220718_123000.WAV,Carp Pond,recover-20220719,004,1795
1284.2745,1284.2797,19453,30600,Plecotus austriacus,0.193,0.24,-1,Echolocation,/mnt/ubna_data_01_mir/recover-20220719/UBNA_004/20220718_123000.WAV,Carp Pond,recover-20220719,004,1795
1284.6855,1284.6915,17734,32978,Plecotus austriacus,0.214,0.28,-1,Echolocation,/mnt/ubna_data_01_mir/recover-20220719/UBNA_004/20220718_123000.WAV,Carp Pond,recover-20220719,004,1795
1285.0295,1285.0366,17734,27306,Plecotus auritus,0.125,0.3,-1,Echolocation,/mnt/ubna_data_01_mir/recover-20220719/UBNA_004/20220718_123000.WAV,Carp Pond,recover-20220719,004,1795
1285.4835,1285.4927,22890,29814,Nyctalus leisleri,0.059,0.214,-1,Echolocation,/mnt/ubna_data_01_mir/recover-20220719/UBNA_004/20220718_123000.WAV,Carp Pond,recover-20220719,004,1795
1288.0975,1288.1022,16875,32924,Plecotus austriacus,0.172,0.244,-1,Echolocation,/mnt/ubna_data_01_mir/recover-20220719/UBNA_004/20220718_123000.WAV,Carp Pond,recover-20220719,004,1795
1288.1345,1288.1396,16015,35699,Plecotus auritus,0.099,0.204,-1,Echolocation,/mnt/ubna_data_01_mir/recover-20220719/UBNA_004/20220718_123000.WAV,Carp Pond,recover-20220719,004,1795
1288.3845,1288.3902,21171,32587,Plecotus austriacus,0.131,0.24,-1,Echolocation,/mnt/ubna_data_01_mir/recover-20220719/UBNA_004/20220718_123000.WAV,Carp Pond,recover-20220719,004,1795
1288.8085,1288.8132,19453,34021,Plecotus austriacus,0.207,0.273,-1,Echolocation,/mnt/ubna_data_01_mir/recover-20220719/UBNA_004/20220718_123000.WAV,Carp Pond,recover-20220719,004,1795
1288.9825,1288.9865,17734,36222,Plecotus austriacus,0.243,0.354,-1,Echolocation,/mnt/ubna_data_01_mir/recover-20220719/UBNA_004/20220718_123000.WAV,Carp Pond,recover-20220719,004,1795
1290.3685,1290.3733,19453,31495,Plecotus austriacus,0.225,0.308,-1,Echolocation,/mnt/ubna_data_01_mir/recover-20220719/UBNA_004/20220718_123000.WAV,Carp Pond,recover-20220719,004,1795
1290.7755,1290.7818,16875,27683,Plecotus austriacus,0.117,0.202,-1,Echolocation,/mnt/ubna_data_01_mir/recover-20220719/UBNA_004/20220718_123000.WAV,Carp Pond,recover-20220719,004,1795
1292.3735,1292.3783,15156,33689,Plecotus auritus,0.191,0.286,-1,Echolocation,/mnt/ubna_data_01_mir/recover-20220719/UBNA_004/20220718_123000.WAV,Carp Pond,recover-20220719,004,1795
1292.9755,1292.983,21171,30800,Plecotus austriacus,0.118,0.218,-1,Echolocation,/mnt/ubna_data_01_mir/recover-20220719/UBNA_004/20220718_123000.WAV,Carp Pond,recover-20220719,004,1795
1293.7425,1293.7481,20312,31131,Plecotus austriacus,0.188,0.271,-1,Echolocation,/mnt/ubna_data_01_mir/recover-20220719/UBNA_004/20220718_123000.WAV,Carp Pond,recover-20220719,004,1795
1294.4085,1294.4147,21171,30531,Plecotus austriacus,0.19,0.309,-1,Echolocation,/mnt/ubna_data_01_mir/recover-20220719/UBNA_004/20220718_123000.WAV,Carp Pond,recover-20220719,004,1795
1294.7125,1294.7183,16875,29376,Plecotus austriacus,0.177,0.246,-1,Echolocation,/mnt/ubna_data_01_mir/recover-20220719/UBNA_004/20220718_123000.WAV,Carp Pond,recover-20220719,004,1795
1295.3255,1295.3316,19453,30564,Plecotus austriacus,0.172,0.227,-1,Echolocation,/mnt/ubna_data_01_mir/recover-20220719/UBNA_004/20220718_123000.WAV,Carp Pond,recover-20220719,004,1795
1296.9795,1296.9853,17734,30249,Plecotus austriacus,0.154,0.202,-1,Echolocation,/mnt/ubna_data_01_mir/recover-20220719/UBNA_004/20220718_123000.WAV,Carp Pond,recover-20220719,004,1795
1304.6555,1304.6646,22031,29151,Nyctalus leisleri,0.075,0.208,-1,Echolocation,/mnt/ubna_data_01_mir/recover-20220719/UBNA_004/20220718_123000.WAV,Carp Pond,recover-20220719,004,1795
1306.6435,1306.6521,20312,28699,Plecotus austriacus,0.079,0.201,-1,Echolocation,/mnt/ubna_data_01_mir/recover-20220719/UBNA_004/20220718_123000.WAV,Carp Pond,recover-20220719,004,1795
1310.9855,1310.9913,16875,28404,Plecotus austriacus,0.155,0.213,-1,Echolocation,/mnt/ubna_data_01_mir/recover-20220719/UBNA_004/20220718_123000.WAV,Carp Pond,recover-20220719,004,1795
1311.3745,1311.3792,20312,38671,Plecotus austriacus,0.177,0.24,-1,Echolocation,/mnt/ubna_data_01_mir/recover-20220719/UBNA_004/20220718_123000.WAV,Carp Pond,recover-20220719,004,1795
1312.0375,1312.0434,21171,32844,Plecotus austriacus,0.232,0.285,-1,Echolocation,/mnt/ubna_data_01_mir/recover-20220719/UBNA_004/20220718_123000.WAV,Carp Pond,recover-20220719,004,1795
1312.3925,1312.3971,17734,33515,Plecotus austriacus,0.155,0.22,-1,Echolocation,/mnt/ubna_data_01_mir/recover-20220719/UBNA_004/20220718_123000.WAV,Carp Pond,recover-20220719,004,1795
1313.2785,1313.2833,18593,31189,Plecotus austriacus,0.224,0.32,-1,Echolocation,/mnt/ubna_data_01_mir/recover-20220719/UBNA_004/20220718_123000.WAV,Carp Pond,recover-20220719,004,1795
1314.3605,1314.3655,22890,50402,Myotis nattereri,0.192,0.225,-1,Echolocation,/mnt/ubna_data_01_mir/recover-20220719/UBNA_004/20220718_123000.WAV,Carp Pond,recover-20220719,004,1795
1314.4385,1314.4435,15156,30886,Plecotus auritus,0.19,0.23,-1,Echolocation,/mnt/ubna_data_01_mir/recover-20220719/UBNA_004/20220718_123000.WAV,Carp Pond,recover-20220719,004,1795
1314.7185,1314.7228,18593,33530,Plecotus austriacus,0.269,0.354,-1,Echolocation,/mnt/ubna_data_01_mir/recover-20220719/UBNA_004/20220718_123000.WAV,Carp Pond,recover-20220719,004,1795
1315.2095,1315.2147,18593,30777,Plecotus austriacus,0.217,0.274,-1,Echolocation,/mnt/ubna_data_01_mir/recover-20220719/UBNA_004/20220718_123000.WAV,Carp Pond,recover-20220719,004,1795
1315.5285,1315.5343,17734,30754,Plecotus austriacus,0.177,0.239,-1,Echolocation,/mnt/ubna_data_01_mir/recover-20220719/UBNA_004/20220718_123000.WAV,Carp Pond,recover-20220719,004,1795
1316.7455,1316.7514,18593,30561,Plecotus austriacus,0.156,0.203,-1,Echolocation,/mnt/ubna_data_01_mir/recover-20220719/UBNA_004/20220718_123000.WAV,Carp Pond,recover-20220719,004,1795
1318.4325,1318.4373,16875,32819,Plecotus austriacus,0.158,0.286,-1,Echolocation,/mnt/ubna_data_01_mir/recover-20220719/UBNA_004/20220718_123000.WAV,Carp Pond,recover-20220719,004,1795
1318.6735,1318.6858,28046,33369,Eptesicus serotinus,0.125,0.207,-1,Echolocation,/mnt/ubna_data_01_mir/recover-20220719/UBNA_004/20220718_123000.WAV,Carp Pond,recover-20220719,004,1795
1319.1815,1319.1845,29765,51236,Myotis nattereri,0.086,0.285,-1,Echolocation,/mnt/ubna_data_01_mir/recover-20220719/UBNA_004/20220718_123000.WAV,Carp Pond,recover-20220719,004,1795
1321.4725,1321.4778,17734,29608,Plecotus austriacus,0.205,0.271,-1,Echolocation,/mnt/ubna_data_01_mir/recover-20220719/UBNA_004/20220718_123000.WAV,Carp Pond,recover-20220719,004,1795
1322.1125,1322.1178,19453,29883,Plecotus austriacus,0.181,0.242,-1,Echolocation,/mnt/ubna_data_01_mir/recover-20220719/UBNA_004/20220718_123000.WAV,Carp Pond,recover-20220719,004,1795
1324.9675,1324.9722,19453,33444,Plecotus austriacus,0.188,0.274,-1,Echolocation,/mnt/ubna_data_01_mir/recover-20220719/UBNA_004/20220718_123000.WAV,Carp Pond,recover-20220719,004,1795
1328.2015,1328.2052,18593,36896,Plecotus austriacus,0.271,0.401,-1,Echolocation,/mnt/ubna_data_01_mir/recover-20220719/UBNA_004/20220718_123000.WAV,Carp Pond,recover-20220719,004,1795
1329.7815,1329.7854,24609,61027,Myotis nattereri,0.2,0.241,-1,Echolocation,/mnt/ubna_data_01_mir/recover-20220719/UBNA_004/20220718_123000.WAV,Carp Pond,recover-20220719,004,1795
1330.4775,1330.4876,46953,51211,Pipistrellus pipistrellus,0.211,0.27,-1,Echolocation,/mnt/ubna_data_01_mir/recover-20220719/UBNA_004/20220718_123000.WAV,Carp Pond,recover-20220719,004,1795
1330.9135,1330.92,21171,30093,Plecotus austriacus,0.181,0.302,-1,Echolocation,/mnt/ubna_data_01_mir/recover-20220719/UBNA_004/20220718_123000.WAV,Carp Pond,recover-20220719,004,1795
1331.7005,1331.7064,22031,31967,Plecotus austriacus,0.15,0.245,-1,Echolocation,/mnt/ubna_data_01_mir/recover-20220719/UBNA_004/20220718_123000.WAV,Carp Pond,recover-20220719,004,1795
1334.8685,1334.8727,22031,38264,Plecotus austriacus,0.226,0.29,-1,Echolocation,/mnt/ubna_data_01_mir/recover-20220719/UBNA_004/20220718_123000.WAV,Carp Pond,recover-20220719,004,1795
1335.1415,1335.1465,21171,33035,Plecotus austriacus,0.154,0.204,-1,Echolocation,/mnt/ubna_data_01_mir/recover-20220719/UBNA_004/20220718_123000.WAV,Carp Pond,recover-20220719,004,1795
1336.4615,1336.469,22031,30586,Plecotus austriacus,0.119,0.226,-1,Echolocation,/mnt/ubna_data_01_mir/recover-20220719/UBNA_004/20220718_123000.WAV,Carp Pond,recover-20220719,004,1795
1337.0765,1337.0825,22031,33876,Plecotus austriacus,0.193,0.238,-1,Echolocation,/mnt/ubna_data_01_mir/recover-20220719/UBNA_004/20220718_123000.WAV,Carp Pond,recover-20220719,004,1795
1342.8535,1342.8598,17734,28357,Plecotus austriacus,0.157,0.202,-1,Echolocation,/mnt/ubna_data_01_mir/recover-20220719/UBNA_004/20220718_123000.WAV,Carp Pond,recover-20220719,004,1795
1342.9765,1342.9819,16875,29603,Plecotus austriacus,0.177,0.251,-1,Echolocation,/mnt/ubna_data_01_mir/recover-20220719/UBNA_004/20220718_123000.WAV,Carp Pond,recover-20220719,004,1795
1343.0345,1343.0391,16875,33803,Plecotus austriacus,0.25,0.329,-1,Echolocation,/mnt/ubna_data_01_mir/recover-20220719/UBNA_004/20220718_123000.WAV,Carp Pond,recover-20220719,004,1795
1343.7535,1343.7581,19453,33287,Plecotus austriacus,0.237,0.292,-1,Echolocation,/mnt/ubna_data_01_mir/recover-20220719/UBNA_004/20220718_123000.WAV,Carp Pond,recover-20220719,004,1795
1343.8075,1343.818,21171,28757,Nyctalus leisleri,0.064,0.201,-1,Echolocation,/mnt/ubna_data_01_mir/recover-20220719/UBNA_004/20220718_123000.WAV,Carp Pond,recover-20220719,004,1795
1345.2105,1345.2306,18593,22947,Nyctalus noctula,0.166,0.232,-1,Echolocation,/mnt/ubna_data_01_mir/recover-20220719/UBNA_004/20220718_123000.WAV,Carp Pond,recover-20220719,004,1795
1345.8535,1345.8577,16875,32820,Plecotus austriacus,0.151,0.254,-1,Echolocation,/mnt/ubna_data_01_mir/recover-20220719/UBNA_004/20220718_123000.WAV,Carp Pond,recover-20220719,004,1795
1347.1825,1347.1886,17734,29412,Plecotus austriacus,0.166,0.204,-1,Echolocation,/mnt/ubna_data_01_mir/recover-20220719/UBNA_004/20220718_123000.WAV,Carp Pond,recover-20220719,004,1795
1349.2805,1349.2868,19453,30067,Plecotus austriacus,0.158,0.214,-1,Echolocation,/mnt/ubna_data_01_mir/recover-20220719/UBNA_004/20220718_123000.WAV,Carp Pond,recover-20220719,004,1795
1353.4695,1353.4736,13437,32798,Plecotus auritus,0.173,0.207,-1,Echolocation,/mnt/ubna_data_01_mir/recover-20220719/UBNA_004/20220718_123000.WAV,Carp Pond,recover-20220719,004,1795
1355.4585,1355.4631,15156,36836,Plecotus auritus,0.148,0.209,-1,Echolocation,/mnt/ubna_data_01_mir/recover-20220719/UBNA_004/20220718_123000.WAV,Carp Pond,recover-20220719,004,1795
1357.6955,1357.707,20312,24663,Nyctalus leisleri,0.118,0.205,-1,Echolocation,/mnt/ubna_data_01_mir/recover-20220719/UBNA_004/20220718_123000.WAV,Carp Pond,recover-20220719,004,1795
1359.1725,1359.186,22031,26440,Nyctalus leisleri,0.146,0.295,-1,Echolocation,/mnt/ubna_data_01_mir/recover-20220719/UBNA_004/20220718_123000.WAV,Carp Pond,recover-20220719,004,1795
1361.3945,1361.4039,22890,29684,Nyctalus leisleri,0.069,0.211,-1,Echolocation,/mnt/ubna_data_01_mir/recover-20220719/UBNA_004/20220718_123000.WAV,Carp Pond,recover-20220719,004,1795
1362.2525,1362.2581,22031,35081,Plecotus austriacus,0.156,0.206,-1,Echolocation,/mnt/ubna_data_01_mir/recover-20220719/UBNA_004/20220718_123000.WAV,Carp Pond,recover-20220719,004,1795
1362.6495,1362.6554,20312,30896,Plecotus austriacus,0.182,0.243,-1,Echolocation,/mnt/ubna_data_01_mir/recover-20220719/UBNA_004/20220718_123000.WAV,Carp Pond,recover-20220719,004,1795
1365.3495,1365.3557,20312,31003,Plecotus austriacus,0.158,0.236,-1,Echolocation,/mnt/ubna_data_01_mir/recover-20220719/UBNA_004/20220718_123000.WAV,Carp Pond,recover-20220719,004,1795
1367.2805,1367.2856,16875,28653,Plecotus auritus,0.206,0.343,-1,Echolocation,/mnt/ubna_data_01_mir/recover-20220719/UBNA_004/20220718_123000.WAV,Carp Pond,recover-20220719,004,1795
1368.1415,1368.1478,18593,29205,Plecotus austriacus,0.142,0.21,-1,Echolocation,/mnt/ubna_data_01_mir/recover-20220719/UBNA_004/20220718_123000.WAV,Carp Pond,recover-20220719,004,1795
1368.3735,1368.379,18593,29970,Plecotus austriacus,0.157,0.205,-1,Echolocation,/mnt/ubna_data_01_mir/recover-20220719/UBNA_004/20220718_123000.WAV,Carp Pond,recover-20220719,004,1795
1368.6985,1368.7028,22890,54281,Myotis nattereri,0.252,0.289,-1,Echolocation,/mnt/ubna_data_01_mir/recover-20220719/UBNA_004/20220718_123000.WAV,Carp Pond,recover-20220719,004,1795
1368.9405,1368.9461000000001,18593,30398,Plecotus austriacus,0.181,0.229,-1,Echolocation,/mnt/ubna_data_01_mir/recover-20220719/UBNA_004/20220718_123000.WAV,Carp Pond,recover-20220719,004,1795
1369.6625,1369.6675,21171,34956,Plecotus austriacus,0.353,0.429,-1,Echolocation,/mnt/ubna_data_01_mir/recover-20220719/UBNA_004/20220718_123000.WAV,Carp Pond,recover-20220719,004,1795
1370.8645,1370.8689,18593,30967,Plecotus austriacus,0.233,0.317,-1,Echolocation,/mnt/ubna_data_01_mir/recover-20220719/UBNA_004/20220718_123000.WAV,Carp Pond,recover-20220719,004,1795
1372.2975,1372.3037,22031,35710,Plecotus austriacus,0.204,0.268,-1,Echolocation,/mnt/ubna_data_01_mir/recover-20220719/UBNA_004/20220718_123000.WAV,Carp Pond,recover-20220719,004,1795
1372.9135,1372.9205,17734,28448,Plecotus austriacus,0.148,0.223,-1,Echolocation,/mnt/ubna_data_01_mir/recover-20220719/UBNA_004/20220718_123000.WAV,Carp Pond,recover-20220719,004,1795
1373.1525,1373.1574,16875,37343,Plecotus austriacus,0.174,0.255,-1,Echolocation,/mnt/ubna_data_01_mir/recover-20220719/UBNA_004/20220718_123000.WAV,Carp Pond,recover-20220719,004,1795
1373.2415,1373.2515,46953,50612,Pipistrellus pipistrellus,0.258,0.306,-1,Echolocation,/mnt/ubna_data_01_mir/recover-20220719/UBNA_004/20220718_123000.WAV,Carp Pond,recover-20220719,004,1795
1373.3925,1373.4003,22031,31355,Plecotus austriacus,0.097,0.229,-1,Echolocation,/mnt/ubna_data_01_mir/recover-20220719/UBNA_004/20220718_123000.WAV,Carp Pond,recover-20220719,004,1795
1374.6245,1374.6293,16875,31311,Plecotus austriacus,0.19,0.297,-1,Echolocation,/mnt/ubna_data_01_mir/recover-20220719/UBNA_004/20220718_123000.WAV,Carp Pond,recover-20220719,004,1795
1374.7525,1374.7571,19453,33489,Plecotus austriacus,0.135,0.204,-1,Echolocation,/mnt/ubna_data_01_mir/recover-20220719/UBNA_004/20220718_123000.WAV,Carp Pond,recover-20220719,004,1795
1374.8765,1374.8817,17734,31100,Plecotus austriacus,0.138,0.206,-1,Echolocation,/mnt/ubna_data_01_mir/recover-20220719/UBNA_004/20220718_123000.WAV,Carp Pond,recover-20220719,004,1795
1375.0115,1375.0165,20312,31802,Plecotus austriacus,0.16,0.218,-1,Echolocation,/mnt/ubna_data_01_mir/recover-20220719/UBNA_004/20220718_123000.WAV,Carp Pond,recover-20220719,004,1795
1376.6105,1376.6181,19453,28638,Plecotus austriacus,0.1,0.203,-1,Echolocation,/mnt/ubna_data_01_mir/recover-20220719/UBNA_004/20220718_123000.WAV,Carp Pond,recover-20220719,004,1795
1376.7205,1376.7257,16875,31331,Plecotus austriacus,0.182,0.306,-1,Echolocation,/mnt/ubna_data_01_mir/recover-20220719/UBNA_004/20220718_123000.WAV,Carp Pond,recover-20220719,004,1795
1377.6505,1377.6558,21171,31613,Plecotus austriacus,0.214,0.345,-1,Echolocation,/mnt/ubna_data_01_mir/recover-20220719/UBNA_004/20220718_123000.WAV,Carp Pond,recover-20220719,004,1795
1378.6815,1378.6853,24609,41966,Plecotus austriacus,0.114,0.23,-1,Echolocation,/mnt/ubna_data_01_mir/recover-20220719/UBNA_004/20220718_123000.WAV,Carp Pond,recover-20220719,004,1795
1380.4755,1380.48,22890,34863,Plecotus austriacus,0.163,0.297,-1,Echolocation,/mnt/ubna_data_01_mir/recover-20220719/UBNA_004/20220718_123000.WAV,Carp Pond,recover-20220719,004,1795
1381.5805,1381.5851,16875,35652,Plecotus austriacus,0.101,0.215,-1,Echolocation,/mnt/ubna_data_01_mir/recover-20220719/UBNA_004/20220718_123000.WAV,Carp Pond,recover-20220719,004,1795
1383.8985,1383.9032,18593,30655,Plecotus austriacus,0.208,0.286,-1,Echolocation,/mnt/ubna_data_01_mir/recover-20220719/UBNA_004/20220718_123000.WAV,Carp Pond,recover-20220719,004,1795
1384.1575,1384.1628,16875,28901,Plecotus austriacus,0.148,0.249,-1,Echolocation,/mnt/ubna_data_01_mir/recover-20220719/UBNA_004/20220718_123000.WAV,Carp Pond,recover-20220719,004,1795
1386.8575,1386.8626,16875,30404,Plecotus austriacus,0.121,0.213,-1,Echolocation,/mnt/ubna_data_01_mir/recover-20220719/UBNA_004/20220718_123000.WAV,Carp Pond,recover-20220719,004,1795
1388.7465,1388.7525,22890,32270,Plecotus austriacus,0.17,0.368,-1,Echolocation,/mnt/ubna_data_01_mir/recover-20220719/UBNA_004/20220718_123000.WAV,Carp Pond,recover-20220719,004,1795
1388.8235,1388.8286,18593,31919,Plecotus austriacus,0.179,0.241,-1,Echolocation,/mnt/ubna_data_01_mir/recover-20220719/UBNA_004/20220718_123000.WAV,Carp Pond,recover-20220719,004,1795
1391.8155,1391.8206,23750,34247,Plecotus auritus,0.121,0.316,-1,Echolocation,/mnt/ubna_data_01_mir/recover-20220719/UBNA_004/20220718_123000.WAV,Carp Pond,recover-20220719,004,1795
1392.1985,1392.2027,17734,33168,Plecotus austriacus,0.17,0.256,-1,Echolocation,/mnt/ubna_data_01_mir/recover-20220719/UBNA_004/20220718_123000.WAV,Carp Pond,recover-20220719,004,1795
1394.8635,1394.8736,22890,29589,Nyctalus leisleri,0.08,0.209,-1,Echolocation,/mnt/ubna_data_01_mir/recover-20220719/UBNA_004/20220718_123000.WAV,Carp Pond,recover-20220719,004,1795
1395.8055,1395.8179,22031,27820,Nyctalus leisleri,0.113,0.263,-1,Echolocation,/mnt/ubna_data_01_mir/recover-20220719/UBNA_004/20220718_123000.WAV,Carp Pond,recover-20220719,004,1795
1396.8975,1396.9049,22890,32039,Plecotus austriacus,0.121,0.231,-1,Echolocation,/mnt/ubna_data_01_mir/recover-20220719/UBNA_004/20220718_123000.WAV,Carp Pond,recover-20220719,004,1795
1397.3835,1397.3875,18593,34218,Plecotus austriacus,0.276,0.358,-1,Echolocation,/mnt/ubna_data_01_mir/recover-20220719/UBNA_004/20220718_123000.WAV,Carp Pond,recover-20220719,004,1795
1397.9765,1397.9834,21171,30300,Plecotus austriacus,0.123,0.206,-1,Echolocation,/mnt/ubna_data_01_mir/recover-20220719/UBNA_004/20220718_123000.WAV,Carp Pond,recover-20220719,004,1795
1400.0745,1400.0784,16875,38836,Plecotus austriacus,0.217,0.405,-1,Echolocation,/mnt/ubna_data_01_mir/recover-20220719/UBNA_004/20220718_123000.WAV,Carp Pond,recover-20220719,004,1795
1400.9285,1400.9344,20312,32865,Plecotus austriacus,0.204,0.26,-1,Echolocation,/mnt/ubna_data_01_mir/recover-20220719/UBNA_004/20220718_123000.WAV,Carp Pond,recover-20220719,004,1795
1402.5515,1402.5554,24609,40135,Plecotus austriacus,0.339,0.433,-1,Echolocation,/mnt/ubna_data_01_mir/recover-20220719/UBNA_004/20220718_123000.WAV,Carp Pond,recover-20220719,004,1795
1402.7055,1402.7097,14296,29280,Plecotus auritus,0.187,0.252,-1,Echolocation,/mnt/ubna_data_01_mir/recover-20220719/UBNA_004/20220718_123000.WAV,Carp Pond,recover-20220719,004,1795
1403.2495,1403.2544,17734,31650,Plecotus austriacus,0.275,0.337,-1,Echolocation,/mnt/ubna_data_01_mir/recover-20220719/UBNA_004/20220718_123000.WAV,Carp Pond,recover-20220719,004,1795
1403.5325,1403.5376,22890,33897,Plecotus austriacus,0.177,0.285,-1,Echolocation,/mnt/ubna_data_01_mir/recover-20220719/UBNA_004/20220718_123000.WAV,Carp Pond,recover-20220719,004,1795
1403.6695,1403.6733,16875,41074,Plecotus austriacus,0.134,0.25,-1,Echolocation,/mnt/ubna_data_01_mir/recover-20220719/UBNA_004/20220718_123000.WAV,Carp Pond,recover-20220719,004,1795
1404.9545,1404.9638,20312,29218,Plecotus austriacus,0.097,0.238,-1,Echolocation,/mnt/ubna_data_01_mir/recover-20220719/UBNA_004/20220718_123000.WAV,Carp Pond,recover-20220719,004,1795
1406.3135,1406.3181,33203,43708,Myotis daubentonii,0.117,0.212,-1,Echolocation,/mnt/ubna_data_01_mir/recover-20220719/UBNA_004/20220718_123000.WAV,Carp Pond,recover-20220719,004,1795
1406.6165,1406.6207,15156,37131,Plecotus auritus,0.193,0.243,-1,Echolocation,/mnt/ubna_data_01_mir/recover-20220719/UBNA_004/20220718_123000.WAV,Carp Pond,recover-20220719,004,1795
1407.0295,1407.0373,19453,26376,Plecotus austriacus,0.11,0.243,-1,Echolocation,/mnt/ubna_data_01_mir/recover-20220719/UBNA_004/20220718_123000.WAV,Carp Pond,recover-20220719,004,1795
1407.1865,1407.192,17734,29148,Plecotus austriacus,0.193,0.26,-1,Echolocation,/mnt/ubna_data_01_mir/recover-20220719/UBNA_004/20220718_123000.WAV,Carp Pond,recover-20220719,004,1795
1407.5435,1407.5492,22031,33486,Plecotus austriacus,0.139,0.244,-1,Echolocation,/mnt/ubna_data_01_mir/recover-20220719/UBNA_004/20220718_123000.WAV,Carp Pond,recover-20220719,004,1795
1407.8655,1407.8709,16875,31933,Plecotus austriacus,0.167,0.245,-1,Echolocation,/mnt/ubna_data_01_mir/recover-20220719/UBNA_004/20220718_123000.WAV,Carp Pond,recover-20220719,004,1795
1408.6135,1408.617,39218,54453,Myotis nattereri,0.093,0.223,-1,Echolocation,/mnt/ubna_data_01_mir/recover-20220719/UBNA_004/20220718_123000.WAV,Carp Pond,recover-20220719,004,1795
1409.0185,1409.0224,15156,37582,Plecotus auritus,0.163,0.25,-1,Echolocation,/mnt/ubna_data_01_mir/recover-20220719/UBNA_004/20220718_123000.WAV,Carp Pond,recover-20220719,004,1795
1409.5275,1409.5334,16875,30747,Plecotus austriacus,0.181,0.286,-1,Echolocation,/mnt/ubna_data_01_mir/recover-20220719/UBNA_004/20220718_123000.WAV,Carp Pond,recover-20220719,004,1795
1411.2475,1411.2515,24609,39451,Plecotus austriacus,0.178,0.244,-1,Echolocation,/mnt/ubna_data_01_mir/recover-20220719/UBNA_004/20220718_123000.WAV,Carp Pond,recover-20220719,004,1795
1411.3295,1411.3362,21171,29735,Plecotus austriacus,0.145,0.245,-1,Echolocation,/mnt/ubna_data_01_mir/recover-20220719/UBNA_004/20220718_123000.WAV,Carp Pond,recover-20220719,004,1795
1412.2435,1412.2496,16875,27704,Plecotus austriacus,0.128,0.239,-1,Echolocation,/mnt/ubna_data_01_mir/recover-20220719/UBNA_004/20220718_123000.WAV,Carp Pond,recover-20220719,004,1795
1412.4225,1412.4282,19453,30499,Plecotus austriacus,0.155,0.222,-1,Echolocation,/mnt/ubna_data_01_mir/recover-20220719/UBNA_004/20220718_123000.WAV,Carp Pond,recover-20220719,004,1795
1412.5525,1412.5569,19453,34357,Plecotus austriacus,0.179,0.257,-1,Echolocation,/mnt/ubna_data_01_mir/recover-20220719/UBNA_004/20220718_123000.WAV,Carp Pond,recover-20220719,004,1795
1414.6285,1414.632,17734,48382,Myotis nattereri,0.128,0.215,-1,Echolocation,/mnt/ubna_data_01_mir/recover-20220719/UBNA_004/20220718_123000.WAV,Carp Pond,recover-20220719,004,1795
1419.2055,1419.2104,17734,32333,Plecotus austriacus,0.166,0.232,-1,Echolocation,/mnt/ubna_data_01_mir/recover-20220719/UBNA_004/20220718_123000.WAV,Carp Pond,recover-20220719,004,1795
1419.6235,1419.6294,21171,32740,Plecotus austriacus,0.171,0.252,-1,Echolocation,/mnt/ubna_data_01_mir/recover-20220719/UBNA_004/20220718_123000.WAV,Carp Pond,recover-20220719,004,1795
1420.2935,1420.2994,16015,29292,Plecotus auritus,0.153,0.27,-1,Echolocation,/mnt/ubna_data_01_mir/recover-20220719/UBNA_004/20220718_123000.WAV,Carp Pond,recover-20220719,004,1795
1420.8265,1420.8329,17734,28749,Plecotus austriacus,0.159,0.219,-1,Echolocation,/mnt/ubna_data_01_mir/recover-20220719/UBNA_004/20220718_123000.WAV,Carp Pond,recover-20220719,004,1795
1422.2805,1422.2838,32343,52037,Myotis nattereri,0.098,0.226,-1,Echolocation,/mnt/ubna_data_01_mir/recover-20220719/UBNA_004/20220718_123000.WAV,Carp Pond,recover-20220719,004,1795
1423.2165,1423.2203,25468,43368,Plecotus austriacus,0.214,0.374,-1,Echolocation,/mnt/ubna_data_01_mir/recover-20220719/UBNA_004/20220718_123000.WAV,Carp Pond,recover-20220719,004,1795
1423.2555,1423.2609,19453,31744,Plecotus austriacus,0.219,0.288,-1,Echolocation,/mnt/ubna_data_01_mir/recover-20220719/UBNA_004/20220718_123000.WAV,Carp Pond,recover-20220719,004,1795
1424.2305,1424.2351,29765,54871,Myotis nattereri,0.101,0.221,-1,Echolocation,/mnt/ubna_data_01_mir/recover-20220719/UBNA_004/20220718_123000.WAV,Carp Pond,recover-20220719,004,1795
1426.2705,1426.2754,19453,31450,Plecotus austriacus,0.207,0.27,-1,Echolocation,/mnt/ubna_data_01_mir/recover-20220719/UBNA_004/20220718_123000.WAV,Carp Pond,recover-20220719,004,1795
1427.4745,1427.4792,16015,31915,Plecotus auritus,0.19,0.279,-1,Echolocation,/mnt/ubna_data_01_mir/recover-20220719/UBNA_004/20220718_123000.WAV,Carp Pond,recover-20220719,004,1795
1428.7435,1428.748,24609,58687,Myotis nattereri,0.203,0.24,-1,Echolocation,/mnt/ubna_data_01_mir/recover-20220719/UBNA_004/20220718_123000.WAV,Carp Pond,recover-20220719,004,1795
1428.7445,1428.7474,31484,56163,Myotis nattereri,0.274,0.398,-1,Echolocation,/mnt/ubna_data_01_mir/recover-20220719/UBNA_004/20220718_123000.WAV,Carp Pond,recover-20220719,004,1795
1429.0955,1429.1001,25468,38633,Plecotus austriacus,0.165,0.239,-1,Echolocation,/mnt/ubna_data_01_mir/recover-20220719/UBNA_004/20220718_123000.WAV,Carp Pond,recover-20220719,004,1795
1429.9325,1429.9396,22031,31236,Plecotus austriacus,0.119,0.236,-1,Echolocation,/mnt/ubna_data_01_mir/recover-20220719/UBNA_004/20220718_123000.WAV,Carp Pond,recover-20220719,004,1795
1430.5145,1430.5201,16875,32160,Plecotus austriacus,0.17,0.232,-1,Echolocation,/mnt/ubna_data_01_mir/recover-20220719/UBNA_004/20220718_123000.WAV,Carp Pond,recover-20220719,004,1795
1432.0685,1432.0736,18593,32823,Plecotus austriacus,0.18,0.262,-1,Echolocation,/mnt/ubna_data_01_mir/recover-20220719/UBNA_004/20220718_123000.WAV,Carp Pond,recover-20220719,004,1795
1432.9145,1432.9196,17734,29082,Plecotus austriacus,0.177,0.234,-1,Echolocation,/mnt/ubna_data_01_mir/recover-20220719/UBNA_004/20220718_123000.WAV,Carp Pond,recover-20220719,004,1795
1433.5765,1433.5823,18593,29280,Plecotus austriacus,0.179,0.247,-1,Echolocation,/mnt/ubna_data_01_mir/recover-20220719/UBNA_004/20220718_123000.WAV,Carp Pond,recover-20220719,004,1795
1435.7795,1435.7834,24609,42573,Plecotus austriacus,0.106,0.212,-1,Echolocation,/mnt/ubna_data_01_mir/recover-20220719/UBNA_004/20220718_123000.WAV,Carp Pond,recover-20220719,004,1795
1436.8255,1436.8308,20312,32414,Plecotus austriacus,0.161,0.218,-1,Echolocation,/mnt/ubna_data_01_mir/recover-20220719/UBNA_004/20220718_123000.WAV,Carp Pond,recover-20220719,004,1795
1439.7255,1439.7303,18593,32007,Plecotus austriacus,0.214,0.277,-1,Echolocation,/mnt/ubna_data_01_mir/recover-20220719/UBNA_004/20220718_123000.WAV,Carp Pond,recover-20220719,004,1795
1439.9315,1439.9366,18593,30447,Plecotus austriacus,0.19,0.25,-1,Echolocation,/mnt/ubna_data_01_mir/recover-20220719/UBNA_004/20220718_123000.WAV,Carp Pond,recover-20220719,004,1795
1440.0165,1440.0206,15156,36282,Plecotus auritus,0.177,0.248,-1,Echolocation,/mnt/ubna_data_01_mir/recover-20220719/UBNA_004/20220718_123000.WAV,Carp Pond,recover-20220719,004,1795
1444.2105,1444.2229,23750,28396,Nyctalus leisleri,0.095,0.241,-1,Echolocation,/mnt/ubna_data_01_mir/recover-20220719/UBNA_004/20220718_123000.WAV,Carp Pond,recover-20220719,004,1795
1444.6105,1444.6161,17734,32903,Plecotus austriacus,0.141,0.234,-1,Echolocation,/mnt/ubna_data_01_mir/recover-20220719/UBNA_004/20220718_123000.WAV,Carp Pond,recover-20220719,004,1795
1451.2095,1451.2149,21171,33308,Plecotus austriacus,0.194,0.269,-1,Echolocation,/mnt/ubna_data_01_mir/recover-20220719/UBNA_004/20220718_123000.WAV,Carp Pond,recover-20220719,004,1795
1451.8105,1451.8158,20312,37101,Plecotus austriacus,0.265,0.365,-1,Echolocation,/mnt/ubna_data_01_mir/recover-20220719/UBNA_004/20220718_123000.WAV,Carp Pond,recover-20220719,004,1795
1452.7255,1452.731,19453,31917,Plecotus austriacus,0.18,0.239,-1,Echolocation,/mnt/ubna_data_01_mir/recover-20220719/UBNA_004/20220718_123000.WAV,Carp Pond,recover-20220719,004,1795
1453.9595,1453.9636,16875,39950,Plecotus auritus,0.139,0.253,-1,Echolocation,/mnt/ubna_data_01_mir/recover-20220719/UBNA_004/20220718_123000.WAV,Carp Pond,recover-20220719,004,1795
1454.0265,1454.0323,16875,30759,Plecotus auritus,0.12,0.21,-1,Echolocation,/mnt/ubna_data_01_mir/recover-20220719/UBNA_004/20220718_123000.WAV,Carp Pond,recover-20220719,004,1795
1454.1405,1454.1452,16875,32672,Plecotus austriacus,0.113,0.208,-1,Echolocation,/mnt/ubna_data_01_mir/recover-20220719/UBNA_004/20220718_123000.WAV,Carp Pond,recover-20220719,004,1795
1454.3505,1454.3566,16875,29245,Plecotus austriacus,0.14,0.223,-1,Echolocation,/mnt/ubna_data_01_mir/recover-20220719/UBNA_004/20220718_123000.WAV,Carp Pond,recover-20220719,004,1795
1455.7315,1455.7368,17734,30441,Plecotus austriacus,0.17,0.214,-1,Echolocation,/mnt/ubna_data_01_mir/recover-20220719/UBNA_004/20220718_123000.WAV,Carp Pond,recover-20220719,004,1795
1455.8185,1455.8242,28046,38300,Eptesicus serotinus,0.09,0.226,-1,Echolocation,/mnt/ubna_data_01_mir/recover-20220719/UBNA_004/20220718_123000.WAV,Carp Pond,recover-20220719,004,1795
1455.9395,1455.9449,19453,31043,Plecotus austriacus,0.169,0.234,-1,Echolocation,/mnt/ubna_data_01_mir/recover-20220719/UBNA_004/20220718_123000.WAV,Carp Pond,recover-20220719,004,1795
1456.8315,1456.8386,22031,30988,Plecotus austriacus,0.126,0.203,-1,Echolocation,/mnt/ubna_data_01_mir/recover-20220719/UBNA_004/20220718_123000.WAV,Carp Pond,recover-20220719,004,1795
1459.5895,1459.5939,22031,43136,Plecotus austriacus,0.224,0.302,-1,Echolocation,/mnt/ubna_data_01_mir/recover-20220719/UBNA_004/20220718_123000.WAV,Carp Pond,recover-20220719,004,1795
1460.6385,1460.643,23750,39336,Plecotus austriacus,0.234,0.308,-1,Echolocation,/mnt/ubna_data_01_mir/recover-20220719/UBNA_004/20220718_123000.WAV,Carp Pond,recover-20220719,004,1795
1461.1855,1461.191,21171,32970,Plecotus austriacus,0.159,0.244,-1,Echolocation,/mnt/ubna_data_01_mir/recover-20220719/UBNA_004/20220718_123000.WAV,Carp Pond,recover-20220719,004,1795
1462.6035,1462.6085,22890,35929,Plecotus austriacus,0.207,0.263,-1,Echolocation,/mnt/ubna_data_01_mir/recover-20220719/UBNA_004/20220718_123000.WAV,Carp Pond,recover-20220719,004,1795
1462.8195,1462.8237,13437,33356,Plecotus auritus,0.229,0.291,-1,Echolocation,/mnt/ubna_data_01_mir/recover-20220719/UBNA_004/20220718_123000.WAV,Carp Pond,recover-20220719,004,1795
1462.9445,1462.9489,19453,35111,Plecotus austriacus,0.195,0.257,-1,Echolocation,/mnt/ubna_data_01_mir/recover-20220719/UBNA_004/20220718_123000.WAV,Carp Pond,recover-20220719,004,1795
1463.6935,1463.6978,26328,40572,Plecotus austriacus,0.199,0.303,-1,Echolocation,/mnt/ubna_data_01_mir/recover-20220719/UBNA_004/20220718_123000.WAV,Carp Pond,recover-20220719,004,1795
1463.7175,1463.7218,16015,34152,Plecotus austriacus,0.103,0.21,-1,Echolocation,/mnt/ubna_data_01_mir/recover-20220719/UBNA_004/20220718_123000.WAV,Carp Pond,recover-20220719,004,1795
1465.2295,1465.2358,19453,28941,Plecotus austriacus,0.131,0.291,-1,Echolocation,/mnt/ubna_data_01_mir/recover-20220719/UBNA_004/20220718_123000.WAV,Carp Pond,recover-20220719,004,1795
1466.5985,1466.6048,17734,28310,Plecotus austriacus,0.166,0.216,-1,Echolocation,/mnt/ubna_data_01_mir/recover-20220719/UBNA_004/20220718_123000.WAV,Carp Pond,recover-20220719,004,1795
1470.3185,1470.3248,20312,33487,Plecotus austriacus,0.155,0.216,-1,Echolocation,/mnt/ubna_data_01_mir/recover-20220719/UBNA_004/20220718_123000.WAV,Carp Pond,recover-20220719,004,1795
1470.3495,1470.3546,17734,31015,Plecotus austriacus,0.217,0.273,-1,Echolocation,/mnt/ubna_data_01_mir/recover-20220719/UBNA_004/20220718_123000.WAV,Carp Pond,recover-20220719,004,1795
1470.4755,1470.4796,18593,34721,Plecotus austriacus,0.202,0.303,-1,Echolocation,/mnt/ubna_data_01_mir/recover-20220719/UBNA_004/20220718_123000.WAV,Carp Pond,recover-20220719,004,1795
1470.6395,1470.6453,16875,32168,Plecotus austriacus,0.145,0.209,-1,Echolocation,/mnt/ubna_data_01_mir/recover-20220719/UBNA_004/20220718_123000.WAV,Carp Pond,recover-20220719,004,1795
1471.1985,1471.2043,17734,31110,Plecotus austriacus,0.209,0.265,-1,Echolocation,/mnt/ubna_data_01_mir/recover-20220719/UBNA_004/20220718_123000.WAV,Carp Pond,recover-20220719,004,1795
1475.6305,1475.6353,15156,35785,Plecotus auritus,0.221,0.302,-1,Echolocation,/mnt/ubna_data_01_mir/recover-20220719/UBNA_004/20220718_123000.WAV,Carp Pond,recover-20220719,004,1795
1475.8745,1475.8801,17734,31654,Plecotus austriacus,0.2,0.253,-1,Echolocation,/mnt/ubna_data_01_mir/recover-20220719/UBNA_004/20220718_123000.WAV,Carp Pond,recover-20220719,004,1795
1477.3655,1477.3687,27187,43360,Plecotus austriacus,0.105,0.283,-1,Echolocation,/mnt/ubna_data_01_mir/recover-20220719/UBNA_004/20220718_123000.WAV,Carp Pond,recover-20220719,004,1795
1479.4485,1479.4536,19453,33022,Plecotus austriacus,0.209,0.288,-1,Echolocation,/mnt/ubna_data_01_mir/recover-20220719/UBNA_004/20220718_123000.WAV,Carp Pond,recover-20220719,004,1795
1481.1895,1481.1927,28046,48763,Myotis nattereri,0.099,0.238,-1,Echolocation,/mnt/ubna_data_01_mir/recover-20220719/UBNA_004/20220718_123000.WAV,Carp Pond,recover-20220719,004,1795
1481.2225,1481.2272,16875,34340,Plecotus austriacus,0.149,0.255,-1,Echolocation,/mnt/ubna_data_01_mir/recover-20220719/UBNA_004/20220718_123000.WAV,Carp Pond,recover-20220719,004,1795
1481.9765,1481.9932,19453,22095,Nyctalus leisleri,0.122,0.203,-1,Echolocation,/mnt/ubna_data_01_mir/recover-20220719/UBNA_004/20220718_123000.WAV,Carp Pond,recover-20220719,004,1795
1482.4305,1482.4351,25468,45063,Plecotus austriacus,0.135,0.24,-1,Echolocation,/mnt/ubna_data_01_mir/recover-20220719/UBNA_004/20220718_123000.WAV,Carp Pond,recover-20220719,004,1795
1482.4655,1482.4701,27187,39267,Plecotus austriacus,0.18,0.31,-1,Echolocation,/mnt/ubna_data_01_mir/recover-20220719/UBNA_004/20220718_123000.WAV,Carp Pond,recover-20220719,004,1795
1483.2265,1483.2321,22031,38970,Plecotus austriacus,0.205,0.294,-1,Echolocation,/mnt/ubna_data_01_mir/recover-20220719/UBNA_004/20220718_123000.WAV,Carp Pond,recover-20220719,004,1795
1483.3415,1483.3458,25468,40355,Plecotus austriacus,0.195,0.296,-1,Echolocation,/mnt/ubna_data_01_mir/recover-20220719/UBNA_004/20220718_123000.WAV,Carp Pond,recover-20220719,004,1795
1486.0825,1486.0874,16875,40676,Myotis nattereri,0.095,0.2,-1,Echolocation,/mnt/ubna_data_01_mir/recover-20220719/UBNA_004/20220718_123000.WAV,Carp Pond,recover-20220719,004,1795
1488.9805,1488.9899,22890,30388,Nyctalus leisleri,0.071,0.262,-1,Echolocation,/mnt/ubna_data_01_mir/recover-20220719/UBNA_004/20220718_123000.WAV,Carp Pond,recover-20220719,004,1795
1490.9275,1490.9389,41796,45680,Pipistrellus pipistrellus,0.107,0.22,-1,Echolocation,/mnt/ubna_data_01_mir/recover-20220719/UBNA_004/20220718_123000.WAV,Carp Pond,recover-20220719,004,1795
1491.2735,1491.279,17734,27209,Plecotus austriacus,0.152,0.206,-1,Echolocation,/mnt/ubna_data_01_mir/recover-20220719/UBNA_004/20220718_123000.WAV,Carp Pond,recover-20220719,004,1795
1492.2455,1492.2494,12578,70056,Myotis nattereri,0.223,0.262,-1,Echolocation,/mnt/ubna_data_01_mir/recover-20220719/UBNA_004/20220718_123000.WAV,Carp Pond,recover-20220719,004,1795
1494.4055,1494.4121,20312,30101,Plecotus austriacus,0.185,0.23,-1,Echolocation,/mnt/ubna_data_01_mir/recover-20220719/UBNA_004/20220718_123000.WAV,Carp Pond,recover-20220719,004,1795
1494.7005,1494.7062,22890,33550,Plecotus austriacus,0.211,0.262,-1,Echolocation,/mnt/ubna_data_01_mir/recover-20220719/UBNA_004/20220718_123000.WAV,Carp Pond,recover-20220719,004,1795
1495.4485,1495.4589,23750,30809,Nyctalus leisleri,0.072,0.21,-1,Echolocation,/mnt/ubna_data_01_mir/recover-20220719/UBNA_004/20220718_123000.WAV,Carp Pond,recover-20220719,004,1795
1495.5685,1495.5721,25468,61041,Myotis nattereri,0.16,0.213,-1,Echolocation,/mnt/ubna_data_01_mir/recover-20220719/UBNA_004/20220718_123000.WAV,Carp Pond,recover-20220719,004,1795
1495.6775,1495.6821,12578,75817,Myotis nattereri,0.183,0.208,-1,Echolocation,/mnt/ubna_data_01_mir/recover-20220719/UBNA_004/20220718_123000.WAV,Carp Pond,recover-20220719,004,1795
1496.2475,1496.2627,23750,27885,Nyctalus leisleri,0.18,0.255,-1,Echolocation,/mnt/ubna_data_01_mir/recover-20220719/UBNA_004/20220718_123000.WAV,Carp Pond,recover-20220719,004,1795
1496.7035,1496.7082,19453,31483,Plecotus austriacus,0.197,0.255,-1,Echolocation,/mnt/ubna_data_01_mir/recover-20220719/UBNA_004/20220718_123000.WAV,Carp Pond,recover-20220719,004,1795
1497.4755,1497.4823,20312,28526,Plecotus austriacus,0.146,0.244,-1,Echolocation,/mnt/ubna_data_01_mir/recover-20220719/UBNA_004/20220718_123000.WAV,Carp Pond,recover-20220719,004,1795
1498.3795,1498.3876,20312,27932,Plecotus austriacus,0.102,0.305,-1,Echolocation,/mnt/ubna_data_01_mir/recover-20220719/UBNA_004/20220718_123000.WAV,Carp Pond,recover-20220719,004,1795
1498.4855,1498.4901,16875,34152,Plecotus austriacus,0.156,0.238,-1,Echolocation,/mnt/ubna_data_01_mir/recover-20220719/UBNA_004/20220718_123000.WAV,Carp Pond,recover-20220719,004,1795
1499.2235,1499.2272,16875,36585,Plecotus austriacus,0.146,0.217,-1,Echolocation,/mnt/ubna_data_01_mir/recover-20220719/UBNA_004/20220718_123000.WAV,Carp Pond,recover-20220719,004,1795
1499.7085,1499.7134,15156,33604,Plecotus auritus,0.146,0.204,-1,Echolocation,/mnt/ubna_data_01_mir/recover-20220719/UBNA_004/20220718_123000.WAV,Carp Pond,recover-20220719,004,1795
1501.5985,1501.6033,19453,32404,Plecotus austriacus,0.192,0.248,-1,Echolocation,/mnt/ubna_data_01_mir/recover-20220719/UBNA_004/20220718_123000.WAV,Carp Pond,recover-20220719,004,1795
1502.8065,1502.8122,17734,30158,Plecotus austriacus,0.193,0.25,-1,Echolocation,/mnt/ubna_data_01_mir/recover-20220719/UBNA_004/20220718_123000.WAV,Carp Pond,recover-20220719,004,1795
1505.0405,1505.0457,27187,39334,Plecotus austriacus,0.085,0.226,-1,Echolocation,/mnt/ubna_data_01_mir/recover-20220719/UBNA_004/20220718_123000.WAV,Carp Pond,recover-20220719,004,1795
1505.5495,1505.5535,33203,46746,Myotis daubentonii,0.109,0.201,-1,Echolocation,/mnt/ubna_data_01_mir/recover-20220719/UBNA_004/20220718_123000.WAV,Carp Pond,recover-20220719,004,1795
1505.5695,1505.5741,20312,32068,Plecotus austriacus,0.21,0.28,-1,Echolocation,/mnt/ubna_data_01_mir/recover-20220719/UBNA_004/20220718_123000.WAV,Carp Pond,recover-20220719,004,1795
1505.6745,1505.6793,16015,31347,Plecotus austriacus,0.132,0.229,-1,Echolocation,/mnt/ubna_data_01_mir/recover-20220719/UBNA_004/20220718_123000.WAV,Carp Pond,recover-20220719,004,1795
1506.2065,1506.212,18593,29366,Plecotus austriacus,0.148,0.234,-1,Echolocation,/mnt/ubna_data_01_mir/recover-20220719/UBNA_004/20220718_123000.WAV,Carp Pond,recover-20220719,004,1795
1507.9305,1507.9374,21171,30872,Plecotus austriacus,0.131,0.211,-1,Echolocation,/mnt/ubna_data_01_mir/recover-20220719/UBNA_004/20220718_123000.WAV,Carp Pond,recover-20220719,004,1795
1508.1205,1508.1295,21171,28284,Eptesicus serotinus,0.056,0.216,-1,Echolocation,/mnt/ubna_data_01_mir/recover-20220719/UBNA_004/20220718_123000.WAV,Carp Pond,recover-20220719,004,1795
1508.2215,1508.2269000000001,20312,32573,Plecotus austriacus,0.149,0.207,-1,Echolocation,/mnt/ubna_data_01_mir/recover-20220719/UBNA_004/20220718_123000.WAV,Carp Pond,recover-20220719,004,1795
1509.4755,1509.481,16875,30748,Plecotus austriacus,0.106,0.205,-1,Echolocation,/mnt/ubna_data_01_mir/recover-20220719/UBNA_004/20220718_123000.WAV,Carp Pond,recover-20220719,004,1795
1509.8495,1509.8543,17734,30872,Plecotus austriacus,0.196,0.28,-1,Echolocation,/mnt/ubna_data_01_mir/recover-20220719/UBNA_004/20220718_123000.WAV,Carp Pond,recover-20220719,004,1795
1510.3135,1510.3197,18593,29926,Plecotus austriacus,0.155,0.206,-1,Echolocation,/mnt/ubna_data_01_mir/recover-20220719/UBNA_004/20220718_123000.WAV,Carp Pond,recover-20220719,004,1795
1514.1415,1514.1487,19453,28275,Plecotus austriacus,0.098,0.227,-1,Echolocation,/mnt/ubna_data_01_mir/recover-20220719/UBNA_004/20220718_123000.WAV,Carp Pond,recover-20220719,004,1795
1514.2445,1514.2503,17734,29480,Plecotus austriacus,0.143,0.205,-1,Echolocation,/mnt/ubna_data_01_mir/recover-20220719/UBNA_004/20220718_123000.WAV,Carp Pond,recover-20220719,004,1795
1514.6485,1514.6518,14296,36030,Plecotus auritus,0.319,0.422,-1,Echolocation,/mnt/ubna_data_01_mir/recover-20220719/UBNA_004/20220718_123000.WAV,Carp Pond,recover-20220719,004,1795
1515.2775,1515.2823,24609,40318,Plecotus austriacus,0.154,0.22,-1,Echolocation,/mnt/ubna_data_01_mir/recover-20220719/UBNA_004/20220718_123000.WAV,Carp Pond,recover-20220719,004,1795
1515.6865,1515.6905,15156,33735,Plecotus auritus,0.147,0.228,-1,Echolocation,/mnt/ubna_data_01_mir/recover-20220719/UBNA_004/20220718_123000.WAV,Carp Pond,recover-20220719,004,1795
1516.0535,1516.06,18593,29661,Plecotus austriacus,0.148,0.212,-1,Echolocation,/mnt/ubna_data_01_mir/recover-20220719/UBNA_004/20220718_123000.WAV,Carp Pond,recover-20220719,004,1795
1516.2665,1516.2722,16015,30065,Plecotus auritus,0.141,0.231,-1,Echolocation,/mnt/ubna_data_01_mir/recover-20220719/UBNA_004/20220718_123000.WAV,Carp Pond,recover-20220719,004,1795
1516.3615,1516.3654,16015,72066,Myotis nattereri,0.219,0.228,-1,Echolocation,/mnt/ubna_data_01_mir/recover-20220719/UBNA_004/20220718_123000.WAV,Carp Pond,recover-20220719,004,1795
1516.3715,1516.3779,19453,29349,Plecotus austriacus,0.112,0.258,-1,Echolocation,/mnt/ubna_data_01_mir/recover-20220719/UBNA_004/20220718_123000.WAV,Carp Pond,recover-20220719,004,1795
1517.4465,1517.4519,20312,32850,Plecotus austriacus,0.231,0.284,-1,Echolocation,/mnt/ubna_data_01_mir/recover-20220719/UBNA_004/20220718_123000.WAV,Carp Pond,recover-20220719,004,1795
1521.8855,1521.8895,17734,35756,Plecotus austriacus,0.12,0.229,-1,Echolocation,/mnt/ubna_data_01_mir/recover-20220719/UBNA_004/20220718_123000.WAV,Carp Pond,recover-20220719,004,1795
1526.3355,1526.3394,16875,36861,Plecotus austriacus,0.115,0.201,-1,Echolocation,/mnt/ubna_data_01_mir/recover-20220719/UBNA_004/20220718_123000.WAV,Carp Pond,recover-20220719,004,1795
1528.0705,1528.0786,22890,30889,Eptesicus serotinus,0.076,0.279,-1,Echolocation,/mnt/ubna_data_01_mir/recover-20220719/UBNA_004/20220718_123000.WAV,Carp Pond,recover-20220719,004,1795
1528.5155,1528.5239,22031,29407,Nyctalus leisleri,0.073,0.216,-1,Echolocation,/mnt/ubna_data_01_mir/recover-20220719/UBNA_004/20220718_123000.WAV,Carp Pond,recover-20220719,004,1795
1528.5525,1528.5641,22031,28304,Nyctalus noctula,0.109,0.287,-1,Echolocation,/mnt/ubna_data_01_mir/recover-20220719/UBNA_004/20220718_123000.WAV,Carp Pond,recover-20220719,004,1795
1528.5815,1528.5863,16875,34357,Plecotus austriacus,0.177,0.239,-1,Echolocation,/mnt/ubna_data_01_mir/recover-20220719/UBNA_004/20220718_123000.WAV,Carp Pond,recover-20220719,004,1795
1531.9545,1531.9592,16875,29575,Plecotus auritus,0.21,0.353,-1,Echolocation,/mnt/ubna_data_01_mir/recover-20220719/UBNA_004/20220718_123000.WAV,Carp Pond,recover-20220719,004,1795
1533.3425,1533.3471,16875,32961,Plecotus austriacus,0.173,0.284,-1,Echolocation,/mnt/ubna_data_01_mir/recover-20220719/UBNA_004/20220718_123000.WAV,Carp Pond,recover-20220719,004,1795
1534.3065,1534.3124,22031,36750,Plecotus austriacus,0.199,0.256,-1,Echolocation,/mnt/ubna_data_01_mir/recover-20220719/UBNA_004/20220718_123000.WAV,Carp Pond,recover-20220719,004,1795
1534.3565,1534.3624,18593,30325,Plecotus austriacus,0.16,0.205,-1,Echolocation,/mnt/ubna_data_01_mir/recover-20220719/UBNA_004/20220718_123000.WAV,Carp Pond,recover-20220719,004,1795
1535.8375,1535.8415,19453,36950,Plecotus austriacus,0.266,0.351,-1,Echolocation,/mnt/ubna_data_01_mir/recover-20220719/UBNA_004/20220718_123000.WAV,Carp Pond,recover-20220719,004,1795
1535.8655,1535.8698,16015,34165,Plecotus auritus,0.261,0.418,-1,Echolocation,/mnt/ubna_data_01_mir/recover-20220719/UBNA_004/20220718_123000.WAV,Carp Pond,recover-20220719,004,1795
1536.1635,1536.1697,20312,31034,Plecotus austriacus,0.183,0.282,-1,Echolocation,/mnt/ubna_data_01_mir/recover-20220719/UBNA_004/20220718_123000.WAV,Carp Pond,recover-20220719,004,1795
1537.2405,1537.2447,16875,38135,Plecotus austriacus,0.167,0.34,-1,Echolocation,/mnt/ubna_data_01_mir/recover-20220719/UBNA_004/20220718_123000.WAV,Carp Pond,recover-20220719,004,1795
1537.6335,1537.6372,16875,56100,Myotis nattereri,0.193,0.209,-1,Echolocation,/mnt/ubna_data_01_mir/recover-20220719/UBNA_004/20220718_123000.WAV,Carp Pond,recover-20220719,004,1795
1538.3155,1538.3202,18593,30880,Plecotus austriacus,0.165,0.281,-1,Echolocation,/mnt/ubna_data_01_mir/recover-20220719/UBNA_004/20220718_123000.WAV,Carp Pond,recover-20220719,004,1795
1539.2515,1539.2551,17734,61717,Myotis nattereri,0.294,0.315,-1,Echolocation,/mnt/ubna_data_01_mir/recover-20220719/UBNA_004/20220718_123000.WAV,Carp Pond,recover-20220719,004,1795
1540.2855,1540.292,19453,29768,Plecotus austriacus,0.157,0.265,-1,Echolocation,/mnt/ubna_data_01_mir/recover-20220719/UBNA_004/20220718_123000.WAV,Carp Pond,recover-20220719,004,1795
1540.9455,1540.9498,20312,63463,Myotis nattereri,0.253,0.266,-1,Echolocation,/mnt/ubna_data_01_mir/recover-20220719/UBNA_004/20220718_123000.WAV,Carp Pond,recover-20220719,004,1795
1541.5935,1541.5973,16015,32563,Plecotus auritus,0.191,0.345,-1,Echolocation,/mnt/ubna_data_01_mir/recover-20220719/UBNA_004/20220718_123000.WAV,Carp Pond,recover-20220719,004,1795
1542.2275,1542.233,19453,33278,Plecotus austriacus,0.164,0.216,-1,Echolocation,/mnt/ubna_data_01_mir/recover-20220719/UBNA_004/20220718_123000.WAV,Carp Pond,recover-20220719,004,1795
1544.0685,1544.0734,19453,32420,Plecotus austriacus,0.164,0.233,-1,Echolocation,/mnt/ubna_data_01_mir/recover-20220719/UBNA_004/20220718_123000.WAV,Carp Pond,recover-20220719,004,1795
1544.8545,1544.8581,30625,45729,Plecotus austriacus,0.075,0.219,-1,Echolocation,/mnt/ubna_data_01_mir/recover-20220719/UBNA_004/20220718_123000.WAV,Carp Pond,recover-20220719,004,1795
1549.8085,1549.8122,26328,40026,Plecotus austriacus,0.14,0.251,-1,Echolocation,/mnt/ubna_data_01_mir/recover-20220719/UBNA_004/20220718_123000.WAV,Carp Pond,recover-20220719,004,1795
1553.6925,1553.7028,23750,28937,Eptesicus serotinus,0.1,0.24,-1,Echolocation,/mnt/ubna_data_01_mir/recover-20220719/UBNA_004/20220718_123000.WAV,Carp Pond,recover-20220719,004,1795
1559.1645,1559.1716,22890,31205,Plecotus austriacus,0.112,0.228,-1,Echolocation,/mnt/ubna_data_01_mir/recover-20220719/UBNA_004/20220718_123000.WAV,Carp Pond,recover-20220719,004,1795
1559.8515,1559.8561,15156,34104,Plecotus auritus,0.281,0.372,-1,Echolocation,/mnt/ubna_data_01_mir/recover-20220719/UBNA_004/20220718_123000.WAV,Carp Pond,recover-20220719,004,1795
1560.0025,1560.0065,18593,67750,Myotis nattereri,0.217,0.227,-1,Echolocation,/mnt/ubna_data_01_mir/recover-20220719/UBNA_004/20220718_123000.WAV,Carp Pond,recover-20220719,004,1795
1560.7665,1560.7711,14296,34700,Plecotus auritus,0.15,0.216,-1,Echolocation,/mnt/ubna_data_01_mir/recover-20220719/UBNA_004/20220718_123000.WAV,Carp Pond,recover-20220719,004,1795
1564.9775,1564.9819,16875,32643,Plecotus austriacus,0.185,0.253,-1,Echolocation,/mnt/ubna_data_01_mir/recover-20220719/UBNA_004/20220718_123000.WAV,Carp Pond,recover-20220719,004,1795
1566.1825,1566.1885,18593,30352,Plecotus austriacus,0.14,0.202,-1,Echolocation,/mnt/ubna_data_01_mir/recover-20220719/UBNA_004/20220718_123000.WAV,Carp Pond,recover-20220719,004,1795
1568.1095,1568.1206,22890,28542,Nyctalus leisleri,0.088,0.204,-1,Echolocation,/mnt/ubna_data_01_mir/recover-20220719/UBNA_004/20220718_123000.WAV,Carp Pond,recover-20220719,004,1795
1569.4495,1569.4551,19453,29720,Plecotus austriacus,0.183,0.262,-1,Echolocation,/mnt/ubna_data_01_mir/recover-20220719/UBNA_004/20220718_123000.WAV,Carp Pond,recover-20220719,004,1795
1575.6815,1575.6863,16875,29069,Plecotus austriacus,0.209,0.272,-1,Echolocation,/mnt/ubna_data_01_mir/recover-20220719/UBNA_004/20220718_123000.WAV,Carp Pond,recover-20220719,004,1795
1575.7655,1575.7709,17734,29788,Plecotus austriacus,0.205,0.272,-1,Echolocation,/mnt/ubna_data_01_mir/recover-20220719/UBNA_004/20220718_123000.WAV,Carp Pond,recover-20220719,004,1795
1577.2155,1577.2214,21171,32105,Plecotus austriacus,0.18,0.23,-1,Echolocation,/mnt/ubna_data_01_mir/recover-20220719/UBNA_004/20220718_123000.WAV,Carp Pond,recover-20220719,004,1795
1577.5405,1577.5498,22890,31101,Plecotus austriacus,0.079,0.246,-1,Echolocation,/mnt/ubna_data_01_mir/recover-20220719/UBNA_004/20220718_123000.WAV,Carp Pond,recover-20220719,004,1795
1580.3045,1580.3095,18593,32676,Plecotus austriacus,0.168,0.241,-1,Echolocation,/mnt/ubna_data_01_mir/recover-20220719/UBNA_004/20220718_123000.WAV,Carp Pond,recover-20220719,004,1795
1581.5425,1581.5496,15156,25457,Plecotus auritus,0.157,0.233,-1,Echolocation,/mnt/ubna_data_01_mir/recover-20220719/UBNA_004/20220718_123000.WAV,Carp Pond,recover-20220719,004,1795
1582.0995,1582.1043,13437,31546,Plecotus auritus,0.166,0.203,-1,Echolocation,/mnt/ubna_data_01_mir/recover-20220719/UBNA_004/20220718_123000.WAV,Carp Pond,recover-20220719,004,1795
1587.3995,1587.4035,25468,56804,Myotis nattereri,0.148,0.2,-1,Echolocation,/mnt/ubna_data_01_mir/recover-20220719/UBNA_004/20220718_123000.WAV,Carp Pond,recover-20220719,004,1795
1588.5135,1588.5227,22031,29055,Eptesicus serotinus,0.061,0.206,-1,Echolocation,/mnt/ubna_data_01_mir/recover-20220719/UBNA_004/20220718_123000.WAV,Carp Pond,recover-20220719,004,1795
1591.4325,1591.4406,22031,29539,Plecotus austriacus,0.073,0.207,-1,Echolocation,/mnt/ubna_data_01_mir/recover-20220719/UBNA_004/20220718_123000.WAV,Carp Pond,recover-20220719,004,1795
1591.6565,1591.6623,18593,30270,Plecotus austriacus,0.178,0.243,-1,Echolocation,/mnt/ubna_data_01_mir/recover-20220719/UBNA_004/20220718_123000.WAV,Carp Pond,recover-20220719,004,1795
1595.2585,1595.2633,19453,57635,Myotis nattereri,0.179,0.201,-1,Echolocation,/mnt/ubna_data_01_mir/recover-20220719/UBNA_004/20220718_123000.WAV,Carp Pond,recover-20220719,004,1795
1596.3855,1596.389,28046,57509,Myotis nattereri,0.236,0.299,-1,Echolocation,/mnt/ubna_data_01_mir/recover-20220719/UBNA_004/20220718_123000.WAV,Carp Pond,recover-20220719,004,1795
1596.6275,1596.6354,20312,29572,Plecotus austriacus,0.102,0.377,-1,Echolocation,/mnt/ubna_data_01_mir/recover-20220719/UBNA_004/20220718_123000.WAV,Carp Pond,recover-20220719,004,1795
1597.9535,1597.9572,28906,57683,Myotis nattereri,0.144,0.206,-1,Echolocation,/mnt/ubna_data_01_mir/recover-20220719/UBNA_004/20220718_123000.WAV,Carp Pond,recover-20220719,004,1795
1601.6315,1601.6353,26328,56446,Myotis nattereri,0.189,0.237,-1,Echolocation,/mnt/ubna_data_01_mir/recover-20220719/UBNA_004/20220718_123000.WAV,Carp Pond,recover-20220719,004,1795
1602.4985,1602.5044,19453,29552,Plecotus austriacus,0.238,0.324,-1,Echolocation,/mnt/ubna_data_01_mir/recover-20220719/UBNA_004/20220718_123000.WAV,Carp Pond,recover-20220719,004,1795
1603.5285,1603.5346,22031,33240,Plecotus austriacus,0.161,0.238,-1,Echolocation,/mnt/ubna_data_01_mir/recover-20220719/UBNA_004/20220718_123000.WAV,Carp Pond,recover-20220719,004,1795
1605.7615,1605.7669,18593,30360,Plecotus austriacus,0.155,0.202,-1,Echolocation,/mnt/ubna_data_01_mir/recover-20220719/UBNA_004/20220718_123000.WAV,Carp Pond,recover-20220719,004,1795
1605.9535,1605.9596,19453,33719,Plecotus austriacus,0.196,0.261,-1,Echolocation,/mnt/ubna_data_01_mir/recover-20220719/UBNA_004/20220718_123000.WAV,Carp Pond,recover-20220719,004,1795
1608.2655,1608.2713,18593,32884,Plecotus austriacus,0.194,0.256,-1,Echolocation,/mnt/ubna_data_01_mir/recover-20220719/UBNA_004/20220718_123000.WAV,Carp Pond,recover-20220719,004,1795
1613.4485,1613.4555,22031,29845,Plecotus austriacus,0.166,0.308,-1,Echolocation,/mnt/ubna_data_01_mir/recover-20220719/UBNA_004/20220718_123000.WAV,Carp Pond,recover-20220719,004,1795
1613.5665,1613.5712,16875,31767,Plecotus austriacus,0.166,0.245,-1,Echolocation,/mnt/ubna_data_01_mir/recover-20220719/UBNA_004/20220718_123000.WAV,Carp Pond,recover-20220719,004,1795
1613.7795,1613.7834,31484,51172,Myotis daubentonii,0.077,0.202,-1,Echolocation,/mnt/ubna_data_01_mir/recover-20220719/UBNA_004/20220718_123000.WAV,Carp Pond,recover-20220719,004,1795
1614.1425,1614.1473,18593,31190,Plecotus austriacus,0.188,0.234,-1,Echolocation,/mnt/ubna_data_01_mir/recover-20220719/UBNA_004/20220718_123000.WAV,Carp Pond,recover-20220719,004,1795
1614.9455,1614.9534,20312,29437,Plecotus austriacus,0.097,0.235,-1,Echolocation,/mnt/ubna_data_01_mir/recover-20220719/UBNA_004/20220718_123000.WAV,Carp Pond,recover-20220719,004,1795
1617.0815,1617.0855,23750,48101,Myotis nattereri,0.127,0.213,-1,Echolocation,/mnt/ubna_data_01_mir/recover-20220719/UBNA_004/20220718_123000.WAV,Carp Pond,recover-20220719,004,1795
1617.3295,1617.3337,13437,32230,Plecotus auritus,0.159,0.214,-1,Echolocation,/mnt/ubna_data_01_mir/recover-20220719/UBNA_004/20220718_123000.WAV,Carp Pond,recover-20220719,004,1795
1617.7605,1617.7643,25468,50137,Myotis nattereri,0.167,0.22,-1,Echolocation,/mnt/ubna_data_01_mir/recover-20220719/UBNA_004/20220718_123000.WAV,Carp Pond,recover-20220719,004,1795
1621.3015,1621.3075,18593,28854,Plecotus austriacus,0.154,0.217,-1,Echolocation,/mnt/ubna_data_01_mir/recover-20220719/UBNA_004/20220718_123000.WAV,Carp Pond,recover-20220719,004,1795
1621.7985,1621.8034,17734,41746,Plecotus austriacus,0.108,0.203,-1,Echolocation,/mnt/ubna_data_01_mir/recover-20220719/UBNA_004/20220718_123000.WAV,Carp Pond,recover-20220719,004,1795
1622.8405,1622.8442,27187,45796,Myotis nattereri,0.098,0.201,-1,Echolocation,/mnt/ubna_data_01_mir/recover-20220719/UBNA_004/20220718_123000.WAV,Carp Pond,recover-20220719,004,1795
1626.7965,1626.8003,13437,34307,Plecotus auritus,0.177,0.21,-1,Echolocation,/mnt/ubna_data_01_mir/recover-20220719/UBNA_004/20220718_123000.WAV,Carp Pond,recover-20220719,004,1795
1628.6035,1628.6144,26328,33554,Eptesicus serotinus,0.183,0.275,-1,Echolocation,/mnt/ubna_data_01_mir/recover-20220719/UBNA_004/20220718_123000.WAV,Carp Pond,recover-20220719,004,1795
1629.5615,1629.5676,16875,33671,Plecotus auritus,0.1,0.214,-1,Echolocation,/mnt/ubna_data_01_mir/recover-20220719/UBNA_004/20220718_123000.WAV,Carp Pond,recover-20220719,004,1795
1630.6215,1630.6254,28906,40873,Plecotus austriacus,0.143,0.266,-1,Echolocation,/mnt/ubna_data_01_mir/recover-20220719/UBNA_004/20220718_123000.WAV,Carp Pond,recover-20220719,004,1795
1631.6645,1631.6703,23750,33974,Plecotus austriacus,0.179,0.335,-1,Echolocation,/mnt/ubna_data_01_mir/recover-20220719/UBNA_004/20220718_123000.WAV,Carp Pond,recover-20220719,004,1795
1631.9255,1631.9333,42656,46837,Pipistrellus pipistrellus,0.19,0.209,-1,Echolocation,/mnt/ubna_data_01_mir/recover-20220719/UBNA_004/20220718_123000.WAV,Carp Pond,recover-20220719,004,1795
1633.0515,1633.0569,26328,38168,Plecotus austriacus,0.107,0.204,-1,Echolocation,/mnt/ubna_data_01_mir/recover-20220719/UBNA_004/20220718_123000.WAV,Carp Pond,recover-20220719,004,1795
1633.4745,1633.4794,22031,37179,Plecotus austriacus,0.2,0.274,-1,Echolocation,/mnt/ubna_data_01_mir/recover-20220719/UBNA_004/20220718_123000.WAV,Carp Pond,recover-20220719,004,1795
1633.6775,1633.6839,18593,27978,Plecotus austriacus,0.21,0.301,-1,Echolocation,/mnt/ubna_data_01_mir/recover-20220719/UBNA_004/20220718_123000.WAV,Carp Pond,recover-20220719,004,1795
1633.7135,1633.7188,17734,32297,Plecotus austriacus,0.165,0.22,-1,Echolocation,/mnt/ubna_data_01_mir/recover-20220719/UBNA_004/20220718_123000.WAV,Carp Pond,recover-20220719,004,1795
1634.7005,1634.7039,32343,45239,Plecotus austriacus,0.068,0.216,-1,Echolocation,/mnt/ubna_data_01_mir/recover-20220719/UBNA_004/20220718_123000.WAV,Carp Pond,recover-20220719,004,1795
1642.5935,1642.5987,16875,36364,Plecotus austriacus,0.111,0.201,-1,Echolocation,/mnt/ubna_data_01_mir/recover-20220719/UBNA_004/20220718_123000.WAV,Carp Pond,recover-20220719,004,1795
1646.1425,1646.1453,26328,56340,Myotis nattereri,0.248,0.34,-1,Echolocation,/mnt/ubna_data_01_mir/recover-20220719/UBNA_004/20220718_123000.WAV,Carp Pond,recover-20220719,004,1795
1646.4475,1646.4528,17734,32334,Plecotus austriacus,0.23,0.295,-1,Echolocation,/mnt/ubna_data_01_mir/recover-20220719/UBNA_004/20220718_123000.WAV,Carp Pond,recover-20220719,004,1795
1646.5215,1646.526,22031,37029,Plecotus austriacus,0.285,0.414,-1,Echolocation,/mnt/ubna_data_01_mir/recover-20220719/UBNA_004/20220718_123000.WAV,Carp Pond,recover-20220719,004,1795
1646.7845,1646.7901,17734,29697,Plecotus austriacus,0.169,0.242,-1,Echolocation,/mnt/ubna_data_01_mir/recover-20220719/UBNA_004/20220718_123000.WAV,Carp Pond,recover-20220719,004,1795
1650.1025,1650.1074,16875,32552,Plecotus austriacus,0.185,0.248,-1,Echolocation,/mnt/ubna_data_01_mir/recover-20220719/UBNA_004/20220718_123000.WAV,Carp Pond,recover-20220719,004,1795
1650.4455,1650.452,19453,29522,Plecotus austriacus,0.135,0.216,-1,Echolocation,/mnt/ubna_data_01_mir/recover-20220719/UBNA_004/20220718_123000.WAV,Carp Pond,recover-20220719,004,1795
1653.8405,1653.8464,19453,29705,Plecotus austriacus,0.202,0.265,-1,Echolocation,/mnt/ubna_data_01_mir/recover-20220719/UBNA_004/20220718_123000.WAV,Carp Pond,recover-20220719,004,1795
1654.3675,1654.3728,17734,32159,Plecotus austriacus,0.128,0.214,-1,Echolocation,/mnt/ubna_data_01_mir/recover-20220719/UBNA_004/20220718_123000.WAV,Carp Pond,recover-20220719,004,1795
1655.7465,1655.7507,16015,31470,Plecotus austriacus,0.161,0.275,-1,Echolocation,/mnt/ubna_data_01_mir/recover-20220719/UBNA_004/20220718_123000.WAV,Carp Pond,recover-20220719,004,1795
1655.8025,1655.8082,22031,31601,Plecotus austriacus,0.194,0.303,-1,Echolocation,/mnt/ubna_data_01_mir/recover-20220719/UBNA_004/20220718_123000.WAV,Carp Pond,recover-20220719,004,1795
1655.8515,1655.8581,21171,30926,Plecotus austriacus,0.16,0.221,-1,Echolocation,/mnt/ubna_data_01_mir/recover-20220719/UBNA_004/20220718_123000.WAV,Carp Pond,recover-20220719,004,1795
1658.6945,1658.7008,21171,33051,Plecotus austriacus,0.222,0.338,-1,Echolocation,/mnt/ubna_data_01_mir/recover-20220719/UBNA_004/20220718_123000.WAV,Carp Pond,recover-20220719,004,1795
1661.2285,1661.2341,21171,59726,Myotis nattereri,0.203,0.218,-1,Echolocation,/mnt/ubna_data_01_mir/recover-20220719/UBNA_004/20220718_123000.WAV,Carp Pond,recover-20220719,004,1795
1663.3615,1663.3765,23750,27898,Nyctalus leisleri,0.127,0.236,-1,Echolocation,/mnt/ubna_data_01_mir/recover-20220719/UBNA_004/20220718_123000.WAV,Carp Pond,recover-20220719,004,1795
1664.2445,1664.2508,21171,35835,Plecotus austriacus,0.148,0.205,-1,Echolocation,/mnt/ubna_data_01_mir/recover-20220719/UBNA_004/20220718_123000.WAV,Carp Pond,recover-20220719,004,1795
1664.2975,1664.3058,23750,31766,Eptesicus serotinus,0.062,0.202,-1,Echolocation,/mnt/ubna_data_01_mir/recover-20220719/UBNA_004/20220718_123000.WAV,Carp Pond,recover-20220719,004,1795
1664.6325,1664.6371,25468,38601,Plecotus austriacus,0.149,0.215,-1,Echolocation,/mnt/ubna_data_01_mir/recover-20220719/UBNA_004/20220718_123000.WAV,Carp Pond,recover-20220719,004,1795
1666.0695,1666.073,16875,57463,Myotis nattereri,0.237,0.255,-1,Echolocation,/mnt/ubna_data_01_mir/recover-20220719/UBNA_004/20220718_123000.WAV,Carp Pond,recover-20220719,004,1795
1668.1535,1668.1581,23750,41844,Plecotus austriacus,0.163,0.247,-1,Echolocation,/mnt/ubna_data_01_mir/recover-20220719/UBNA_004/20220718_123000.WAV,Carp Pond,recover-20220719,004,1795
1668.7965,1668.8013,17734,32019,Plecotus austriacus,0.213,0.289,-1,Echolocation,/mnt/ubna_data_01_mir/recover-20220719/UBNA_004/20220718_123000.WAV,Carp Pond,recover-20220719,004,1795
1668.9115,1668.9156,16015,32800,Plecotus auritus,0.124,0.229,-1,Echolocation,/mnt/ubna_data_01_mir/recover-20220719/UBNA_004/20220718_123000.WAV,Carp Pond,recover-20220719,004,1795
1669.1825,1669.1871,16875,35892,Plecotus austriacus,0.261,0.37,-1,Echolocation,/mnt/ubna_data_01_mir/recover-20220719/UBNA_004/20220718_123000.WAV,Carp Pond,recover-20220719,004,1795
1670.1015,1670.1069,16015,30094,Plecotus auritus,0.142,0.227,-1,Echolocation,/mnt/ubna_data_01_mir/recover-20220719/UBNA_004/20220718_123000.WAV,Carp Pond,recover-20220719,004,1795
1673.4465,1673.4537,17734,27372,Plecotus austriacus,0.141,0.206,-1,Echolocation,/mnt/ubna_data_01_mir/recover-20220719/UBNA_004/20220718_123000.WAV,Carp Pond,recover-20220719,004,1795
1673.5435,1673.5492,19453,30679,Plecotus austriacus,0.209,0.268,-1,Echolocation,/mnt/ubna_data_01_mir/recover-20220719/UBNA_004/20220718_123000.WAV,Carp Pond,recover-20220719,004,1795
1673.6065,1673.612,22890,36087,Plecotus austriacus,0.252,0.302,-1,Echolocation,/mnt/ubna_data_01_mir/recover-20220719/UBNA_004/20220718_123000.WAV,Carp Pond,recover-20220719,004,1795
1674.1745,1674.181,20312,29649,Plecotus austriacus,0.147,0.209,-1,Echolocation,/mnt/ubna_data_01_mir/recover-20220719/UBNA_004/20220718_123000.WAV,Carp Pond,recover-20220719,004,1795
1674.2415,1674.2472,22890,33413,Plecotus austriacus,0.227,0.39,-1,Echolocation,/mnt/ubna_data_01_mir/recover-20220719/UBNA_004/20220718_123000.WAV,Carp Pond,recover-20220719,004,1795
1674.6655,1674.6706,17734,32466,Plecotus austriacus,0.163,0.217,-1,Echolocation,/mnt/ubna_data_01_mir/recover-20220719/UBNA_004/20220718_123000.WAV,Carp Pond,recover-20220719,004,1795
1675.7415,1675.7492,21171,29952,Plecotus austriacus,0.1,0.206,-1,Echolocation,/mnt/ubna_data_01_mir/recover-20220719/UBNA_004/20220718_123000.WAV,Carp Pond,recover-20220719,004,1795
1675.9075,1675.9131,19453,30528,Plecotus austriacus,0.24,0.293,-1,Echolocation,/mnt/ubna_data_01_mir/recover-20220719/UBNA_004/20220718_123000.WAV,Carp Pond,recover-20220719,004,1795
1675.9475,1675.9575,22890,29733,Nyctalus leisleri,0.072,0.252,-1,Echolocation,/mnt/ubna_data_01_mir/recover-20220719/UBNA_004/20220718_123000.WAV,Carp Pond,recover-20220719,004,1795
1678.0615,1678.0659,16875,34983,Plecotus austriacus,0.173,0.257,-1,Echolocation,/mnt/ubna_data_01_mir/recover-20220719/UBNA_004/20220718_123000.WAV,Carp Pond,recover-20220719,004,1795
1678.8725,1678.8782,21171,32234,Plecotus austriacus,0.21,0.279,-1,Echolocation,/mnt/ubna_data_01_mir/recover-20220719/UBNA_004/20220718_123000.WAV,Carp Pond,recover-20220719,004,1795
1679.5275,1679.5356,18593,27847,Plecotus austriacus,0.077,0.205,-1,Echolocation,/mnt/ubna_data_01_mir/recover-20220719/UBNA_004/20220718_123000.WAV,Carp Pond,recover-20220719,004,1795
1680.2435,1680.2484,16875,33450,Plecotus austriacus,0.151,0.207,-1,Echolocation,/mnt/ubna_data_01_mir/recover-20220719/UBNA_004/20220718_123000.WAV,Carp Pond,recover-20220719,004,1795
1680.8455,1680.8513,17734,29322,Plecotus austriacus,0.19,0.236,-1,Echolocation,/mnt/ubna_data_01_mir/recover-20220719/UBNA_004/20220718_123000.WAV,Carp Pond,recover-20220719,004,1795
1688.9295,1688.9347,18593,56211,Myotis nattereri,0.202,0.213,-1,Echolocation,/mnt/ubna_data_01_mir/recover-20220719/UBNA_004/20220718_123000.WAV,Carp Pond,recover-20220719,004,1795
1697.2545,1697.259,24609,39064,Plecotus austriacus,0.187,0.255,-1,Echolocation,/mnt/ubna_data_01_mir/recover-20220719/UBNA_004/20220718_123000.WAV,Carp Pond,recover-20220719,004,1795
1703.9795,1703.9838,15156,36155,Plecotus auritus,0.236,0.34,-1,Echolocation,/mnt/ubna_data_01_mir/recover-20220719/UBNA_004/20220718_123000.WAV,Carp Pond,recover-20220719,004,1795
1704.8355,1704.8387,30625,60919,Myotis nattereri,0.109,0.202,-1,Echolocation,/mnt/ubna_data_01_mir/recover-20220719/UBNA_004/20220718_123000.WAV,Carp Pond,recover-20220719,004,1795
1719.2345,1719.2409,21171,32164,Plecotus austriacus,0.16,0.226,-1,Echolocation,/mnt/ubna_data_01_mir/recover-20220719/UBNA_004/20220718_123000.WAV,Carp Pond,recover-20220719,004,1795
1726.9665,1726.9714,17734,30072,Plecotus austriacus,0.217,0.302,-1,Echolocation,/mnt/ubna_data_01_mir/recover-20220719/UBNA_004/20220718_123000.WAV,Carp Pond,recover-20220719,004,1795
1729.5615,1729.5668,18593,33405,Plecotus austriacus,0.213,0.267,-1,Echolocation,/mnt/ubna_data_01_mir/recover-20220719/UBNA_004/20220718_123000.WAV,Carp Pond,recover-20220719,004,1795
1729.8145,1729.8195,22031,35915,Plecotus austriacus,0.171,0.21,-1,Echolocation,/mnt/ubna_data_01_mir/recover-20220719/UBNA_004/20220718_123000.WAV,Carp Pond,recover-20220719,004,1795
1735.4965,1735.5017,18593,34434,Plecotus austriacus,0.152,0.212,-1,Echolocation,/mnt/ubna_data_01_mir/recover-20220719/UBNA_004/20220718_123000.WAV,Carp Pond,recover-20220719,004,1795
1736.1175,1736.1219,14296,30726,Plecotus auritus,0.242,0.3,-1,Echolocation,/mnt/ubna_data_01_mir/recover-20220719/UBNA_004/20220718_123000.WAV,Carp Pond,recover-20220719,004,1795
1738.5015,1738.5079,18593,28859,Plecotus austriacus,0.153,0.214,-1,Echolocation,/mnt/ubna_data_01_mir/recover-20220719/UBNA_004/20220718_123000.WAV,Carp Pond,recover-20220719,004,1795
1741.2395,1741.2452,19453,30939,Plecotus austriacus,0.131,0.215,-1,Echolocation,/mnt/ubna_data_01_mir/recover-20220719/UBNA_004/20220718_123000.WAV,Carp Pond,recover-20220719,004,1795
1742.0975,1742.1028,23750,34560,Plecotus austriacus,0.173,0.221,-1,Echolocation,/mnt/ubna_data_01_mir/recover-20220719/UBNA_004/20220718_123000.WAV,Carp Pond,recover-20220719,004,1795
1742.7445,1742.7477,16875,37763,Plecotus austriacus,0.249,0.393,-1,Echolocation,/mnt/ubna_data_01_mir/recover-20220719/UBNA_004/20220718_123000.WAV,Carp Pond,recover-20220719,004,1795
1743.4235,1743.4276,20312,34026,Plecotus austriacus,0.37,0.454,-1,Echolocation,/mnt/ubna_data_01_mir/recover-20220719/UBNA_004/20220718_123000.WAV,Carp Pond,recover-20220719,004,1795
1761.5635,1761.5682,19453,32523,Plecotus austriacus,0.198,0.278,-1,Echolocation,/mnt/ubna_data_01_mir/recover-20220719/UBNA_004/20220718_123000.WAV,Carp Pond,recover-20220719,004,1795
1764.8525,1764.856,16015,50691,Myotis nattereri,0.202,0.251,-1,Echolocation,/mnt/ubna_data_01_mir/recover-20220719/UBNA_004/20220718_123000.WAV,Carp Pond,recover-20220719,004,1795
1770.5975,1770.6067,22890,29536,Nyctalus leisleri,0.081,0.227,-1,Echolocation,/mnt/ubna_data_01_mir/recover-20220719/UBNA_004/20220718_123000.WAV,Carp Pond,recover-20220719,004,1795
1773.1515,1773.1644,28906,33621,Eptesicus serotinus,0.144,0.245,-1,Echolocation,/mnt/ubna_data_01_mir/recover-20220719/UBNA_004/20220718_123000.WAV,Carp Pond,recover-20220719,004,1795
1782.9215,1782.9269,16875,30096,Plecotus austriacus,0.18,0.246,-1,Echolocation,/mnt/ubna_data_01_mir/recover-20220719/UBNA_004/20220718_123000.WAV,Carp Pond,recover-20220719,004,1795
1789.4095,1789.4233,37500,41336,Pipistrellus nathusii,0.188,0.211,-1,Echolocation,/mnt/ubna_data_01_mir/recover-20220719/UBNA_004/20220718_123000.WAV,Carp Pond,recover-20220719,004,1795
1791.1315,1791.138,21171,31651,Plecotus austriacus,0.16,0.278,-1,Echolocation,/mnt/ubna_data_01_mir/recover-20220719/UBNA_004/20220718_123000.WAV,Carp Pond,recover-20220719,004,1795
1791.6975,1791.7036,19453,28937,Plecotus austriacus,0.183,0.255,-1,Echolocation,/mnt/ubna_data_01_mir/recover-20220719/UBNA_004/20220718_123000.WAV,Carp Pond,recover-20220719,004,1795
1791.9245,1791.9296,18593,30629,Plecotus austriacus,0.185,0.279,-1,Echolocation,/mnt/ubna_data_01_mir/recover-20220719/UBNA_004/20220718_123000.WAV,Carp Pond,recover-20220719,004,1795
