start_time,end_time,low_freq,high_freq,class,class_prob,det_prob,individual,event,input_file,Site name,Recover Folder,SD Card,File Duration
0.0545,0.0689,25468.0,30171.0,Nyctalus leisleri,0.397,0.632,-1,Echolocation,/mnt/ubna_data_02_mir/recover-20220828/UBNA_012/20220826_070000.WAV,Carp Pond,recover-20220828,012,1795
0.4585,0.4735,25468.0,30621.0,Nyctalus leisleri,0.243,0.536,-1,Echolocation,/mnt/ubna_data_02_mir/recover-20220828/UBNA_012/20220826_070000.WAV,Carp Pond,recover-20220828,012,1795
0.8565,0.8722,24609.0,29163.0,Nyctalus leisleri,0.438,0.6,-1,Echolocation,/mnt/ubna_data_02_mir/recover-20220828/UBNA_012/20220826_070000.WAV,Carp Pond,recover-20220828,012,1795
1.2655,1.2796,24609.0,31119.0,Nyctalus leisleri,0.314,0.603,-1,Echolocation,/mnt/ubna_data_02_mir/recover-20220828/UBNA_012/20220826_070000.WAV,Carp Pond,recover-20220828,012,1795
1.5285,1.5457,25468.0,30023.0,Nyctalus leisleri,0.21,0.47,-1,Echolocation,/mnt/ubna_data_02_mir/recover-20220828/UBNA_012/20220826_070000.WAV,Carp Pond,recover-20220828,012,1795
1.8015,1.8162,24609.0,31173.0,Nyctalus leisleri,0.288,0.586,-1,Echolocation,/mnt/ubna_data_02_mir/recover-20220828/UBNA_012/20220826_070000.WAV,Carp Pond,recover-20220828,012,1795
2.2065,2.2224,24609.0,29608.0,Nyctalus leisleri,0.263,0.538,-1,Echolocation,/mnt/ubna_data_02_mir/recover-20220828/UBNA_012/20220826_070000.WAV,Carp Pond,recover-20220828,012,1795
2.4675,2.4837,24609.0,29140.0,Nyctalus leisleri,0.243,0.447,-1,Echolocation,/mnt/ubna_data_02_mir/recover-20220828/UBNA_012/20220826_070000.WAV,Carp Pond,recover-20220828,012,1795
2.7435,2.7585,24609.0,29975.0,Nyctalus leisleri,0.48,0.65,-1,Echolocation,/mnt/ubna_data_02_mir/recover-20220828/UBNA_012/20220826_070000.WAV,Carp Pond,recover-20220828,012,1795
2.7445,2.7569,51250.0,55893.0,Pipistrellus pipistrellus,0.163,0.247,-1,Echolocation,/mnt/ubna_data_02_mir/recover-20220828/UBNA_012/20220826_070000.WAV,Carp Pond,recover-20220828,012,1795
3.1505,3.1668,24609.0,30122.0,Nyctalus leisleri,0.309,0.567,-1,Echolocation,/mnt/ubna_data_02_mir/recover-20220828/UBNA_012/20220826_070000.WAV,Carp Pond,recover-20220828,012,1795
3.3235,3.3364,24609.0,30818.0,Nyctalus leisleri,0.423,0.589,-1,Echolocation,/mnt/ubna_data_02_mir/recover-20220828/UBNA_012/20220826_070000.WAV,Carp Pond,recover-20220828,012,1795
3.4835,3.4977,25468.0,32520.0,Nyctalus leisleri,0.296,0.636,-1,Echolocation,/mnt/ubna_data_02_mir/recover-20220828/UBNA_012/20220826_070000.WAV,Carp Pond,recover-20220828,012,1795
3.7635,3.7806,24609.0,30015.0,Nyctalus leisleri,0.265,0.564,-1,Echolocation,/mnt/ubna_data_02_mir/recover-20220828/UBNA_012/20220826_070000.WAV,Carp Pond,recover-20220828,012,1795
4.0405,4.0542,25468.0,31580.0,Nyctalus leisleri,0.388,0.662,-1,Echolocation,/mnt/ubna_data_02_mir/recover-20220828/UBNA_012/20220826_070000.WAV,Carp Pond,recover-20220828,012,1795
4.4315,4.4484,24609.0,30312.0,Eptesicus serotinus,0.211,0.543,-1,Echolocation,/mnt/ubna_data_02_mir/recover-20220828/UBNA_012/20220826_070000.WAV,Carp Pond,recover-20220828,012,1795
4.5615,4.5723,26328.0,33982.0,Eptesicus serotinus,0.353,0.626,-1,Echolocation,/mnt/ubna_data_02_mir/recover-20220828/UBNA_012/20220826_070000.WAV,Carp Pond,recover-20220828,012,1795
4.7035,4.7164,26328.0,32854.0,Nyctalus leisleri,0.403,0.672,-1,Echolocation,/mnt/ubna_data_02_mir/recover-20220828/UBNA_012/20220826_070000.WAV,Carp Pond,recover-20220828,012,1795
5.1085,5.1234,24609.0,30275.0,Nyctalus leisleri,0.299,0.563,-1,Echolocation,/mnt/ubna_data_02_mir/recover-20220828/UBNA_012/20220826_070000.WAV,Carp Pond,recover-20220828,012,1795
5.3765,5.3915,24609.0,31914.0,Eptesicus serotinus,0.309,0.586,-1,Echolocation,/mnt/ubna_data_02_mir/recover-20220828/UBNA_012/20220826_070000.WAV,Carp Pond,recover-20220828,012,1795
5.6555,5.6709,24609.0,31527.0,Eptesicus serotinus,0.27,0.627,-1,Echolocation,/mnt/ubna_data_02_mir/recover-20220828/UBNA_012/20220826_070000.WAV,Carp Pond,recover-20220828,012,1795
5.9285,5.9426,25468.0,29935.0,Nyctalus leisleri,0.312,0.527,-1,Echolocation,/mnt/ubna_data_02_mir/recover-20220828/UBNA_012/20220826_070000.WAV,Carp Pond,recover-20220828,012,1795
6.1725,6.1838,26328.0,35635.0,Eptesicus serotinus,0.441,0.649,-1,Echolocation,/mnt/ubna_data_02_mir/recover-20220828/UBNA_012/20220826_070000.WAV,Carp Pond,recover-20220828,012,1795
6.6975,6.7114,25468.0,31678.0,Nyctalus leisleri,0.324,0.612,-1,Echolocation,/mnt/ubna_data_02_mir/recover-20220828/UBNA_012/20220826_070000.WAV,Carp Pond,recover-20220828,012,1795
6.9675,6.9799,24609.0,29537.0,Nyctalus leisleri,0.408,0.578,-1,Echolocation,/mnt/ubna_data_02_mir/recover-20220828/UBNA_012/20220826_070000.WAV,Carp Pond,recover-20220828,012,1795
7.2365,7.2502,24609.0,31450.0,Eptesicus serotinus,0.286,0.603,-1,Echolocation,/mnt/ubna_data_02_mir/recover-20220828/UBNA_012/20220826_070000.WAV,Carp Pond,recover-20220828,012,1795
7.6465,7.6601,25468.0,30875.0,Nyctalus leisleri,0.262,0.58,-1,Echolocation,/mnt/ubna_data_02_mir/recover-20220828/UBNA_012/20220826_070000.WAV,Carp Pond,recover-20220828,012,1795
7.9135,7.9281,25468.0,32641.0,Nyctalus leisleri,0.275,0.555,-1,Echolocation,/mnt/ubna_data_02_mir/recover-20220828/UBNA_012/20220826_070000.WAV,Carp Pond,recover-20220828,012,1795
7.9205,7.93,49531.0,54009.0,Pipistrellus pipistrellus,0.249,0.356,-1,Echolocation,/mnt/ubna_data_02_mir/recover-20220828/UBNA_012/20220826_070000.WAV,Carp Pond,recover-20220828,012,1795
8.3205,8.3344,25468.0,30754.0,Nyctalus leisleri,0.279,0.555,-1,Echolocation,/mnt/ubna_data_02_mir/recover-20220828/UBNA_012/20220826_070000.WAV,Carp Pond,recover-20220828,012,1795
8.4725,8.4869,25468.0,33206.0,Eptesicus serotinus,0.332,0.628,-1,Echolocation,/mnt/ubna_data_02_mir/recover-20220828/UBNA_012/20220826_070000.WAV,Carp Pond,recover-20220828,012,1795
8.4785,8.4869,52109.0,56222.0,Pipistrellus pipistrellus,0.206,0.352,-1,Echolocation,/mnt/ubna_data_02_mir/recover-20220828/UBNA_012/20220826_070000.WAV,Carp Pond,recover-20220828,012,1795
8.8775,8.8912,25468.0,32589.0,Eptesicus serotinus,0.298,0.653,-1,Echolocation,/mnt/ubna_data_02_mir/recover-20220828/UBNA_012/20220826_070000.WAV,Carp Pond,recover-20220828,012,1795
8.8825,8.8918,51250.0,54978.0,Pipistrellus pipistrellus,0.159,0.294,-1,Echolocation,/mnt/ubna_data_02_mir/recover-20220828/UBNA_012/20220826_070000.WAV,Carp Pond,recover-20220828,012,1795
9.0185,9.0307,26328.0,36068.0,Eptesicus serotinus,0.442,0.645,-1,Echolocation,/mnt/ubna_data_02_mir/recover-20220828/UBNA_012/20220826_070000.WAV,Carp Pond,recover-20220828,012,1795
9.1705,9.1817,25468.0,31757.0,Eptesicus serotinus,0.232,0.464,-1,Echolocation,/mnt/ubna_data_02_mir/recover-20220828/UBNA_012/20220826_070000.WAV,Carp Pond,recover-20220828,012,1795
9.4225,9.4355,25468.0,32216.0,Eptesicus serotinus,0.269,0.586,-1,Echolocation,/mnt/ubna_data_02_mir/recover-20220828/UBNA_012/20220826_070000.WAV,Carp Pond,recover-20220828,012,1795
9.6775,9.6906,25468.0,33454.0,Eptesicus serotinus,0.4,0.625,-1,Echolocation,/mnt/ubna_data_02_mir/recover-20220828/UBNA_012/20220826_070000.WAV,Carp Pond,recover-20220828,012,1795
9.9475,9.9604,25468.0,30171.0,Nyctalus leisleri,0.483,0.662,-1,Echolocation,/mnt/ubna_data_02_mir/recover-20220828/UBNA_012/20220826_070000.WAV,Carp Pond,recover-20220828,012,1795
10.2115,10.2247,25468.0,33315.0,Eptesicus serotinus,0.322,0.632,-1,Echolocation,/mnt/ubna_data_02_mir/recover-20220828/UBNA_012/20220826_070000.WAV,Carp Pond,recover-20220828,012,1795
10.2165,10.2262,52109.0,55963.0,Pipistrellus pipistrellus,0.196,0.298,-1,Echolocation,/mnt/ubna_data_02_mir/recover-20220828/UBNA_012/20220826_070000.WAV,Carp Pond,recover-20220828,012,1795
10.6155,10.6293,25468.0,32516.0,Eptesicus serotinus,0.287,0.603,-1,Echolocation,/mnt/ubna_data_02_mir/recover-20220828/UBNA_012/20220826_070000.WAV,Carp Pond,recover-20220828,012,1795
10.7525,10.763,27187.0,36763.0,Eptesicus serotinus,0.436,0.65,-1,Echolocation,/mnt/ubna_data_02_mir/recover-20220828/UBNA_012/20220826_070000.WAV,Carp Pond,recover-20220828,012,1795
10.9065,10.9185,25468.0,31038.0,Nyctalus leisleri,0.273,0.506,-1,Echolocation,/mnt/ubna_data_02_mir/recover-20220828/UBNA_012/20220826_070000.WAV,Carp Pond,recover-20220828,012,1795
11.1665,11.1806,26328.0,32812.0,Eptesicus serotinus,0.29,0.54,-1,Echolocation,/mnt/ubna_data_02_mir/recover-20220828/UBNA_012/20220826_070000.WAV,Carp Pond,recover-20220828,012,1795
11.5675,11.5807,25468.0,29189.0,Nyctalus leisleri,0.369,0.527,-1,Echolocation,/mnt/ubna_data_02_mir/recover-20220828/UBNA_012/20220826_070000.WAV,Carp Pond,recover-20220828,012,1795
11.8325,11.8462,25468.0,31747.0,Nyctalus leisleri,0.264,0.594,-1,Echolocation,/mnt/ubna_data_02_mir/recover-20220828/UBNA_012/20220826_070000.WAV,Carp Pond,recover-20220828,012,1795
12.1085,12.122,25468.0,29842.0,Nyctalus leisleri,0.452,0.611,-1,Echolocation,/mnt/ubna_data_02_mir/recover-20220828/UBNA_012/20220826_070000.WAV,Carp Pond,recover-20220828,012,1795
12.1095,12.1192,51250.0,54998.0,Pipistrellus pipistrellus,0.198,0.373,-1,Echolocation,/mnt/ubna_data_02_mir/recover-20220828/UBNA_012/20220826_070000.WAV,Carp Pond,recover-20220828,012,1795
12.2745,12.2897,26328.0,31464.0,Nyctalus leisleri,0.259,0.501,-1,Echolocation,/mnt/ubna_data_02_mir/recover-20220828/UBNA_012/20220826_070000.WAV,Carp Pond,recover-20220828,012,1795
12.4405,12.4549,25468.0,29445.0,Nyctalus leisleri,0.251,0.361,-1,Echolocation,/mnt/ubna_data_02_mir/recover-20220828/UBNA_012/20220826_070000.WAV,Carp Pond,recover-20220828,012,1795
12.5715,12.5841,26328.0,33494.0,Eptesicus serotinus,0.31,0.565,-1,Echolocation,/mnt/ubna_data_02_mir/recover-20220828/UBNA_012/20220826_070000.WAV,Carp Pond,recover-20220828,012,1795
12.7375,12.7516,26328.0,35238.0,Eptesicus serotinus,0.391,0.576,-1,Echolocation,/mnt/ubna_data_02_mir/recover-20220828/UBNA_012/20220826_070000.WAV,Carp Pond,recover-20220828,012,1795
12.8805,12.891,27187.0,37159.0,Eptesicus serotinus,0.363,0.668,-1,Echolocation,/mnt/ubna_data_02_mir/recover-20220828/UBNA_012/20220826_070000.WAV,Carp Pond,recover-20220828,012,1795
13.0135,13.0239,28046.0,36554.0,Eptesicus serotinus,0.296,0.581,-1,Echolocation,/mnt/ubna_data_02_mir/recover-20220828/UBNA_012/20220826_070000.WAV,Carp Pond,recover-20220828,012,1795
13.1275,13.1376,28906.0,35342.0,Eptesicus serotinus,0.228,0.353,-1,Echolocation,/mnt/ubna_data_02_mir/recover-20220828/UBNA_012/20220826_070000.WAV,Carp Pond,recover-20220828,012,1795
13.2155,13.2246,29765.0,37153.0,Eptesicus serotinus,0.271,0.509,-1,Echolocation,/mnt/ubna_data_02_mir/recover-20220828/UBNA_012/20220826_070000.WAV,Carp Pond,recover-20220828,012,1795
13.7675,13.7782,27187.0,34677.0,Eptesicus serotinus,0.284,0.637,-1,Echolocation,/mnt/ubna_data_02_mir/recover-20220828/UBNA_012/20220826_070000.WAV,Carp Pond,recover-20220828,012,1795
13.9075,13.9194,26328.0,35105.0,Eptesicus serotinus,0.339,0.667,-1,Echolocation,/mnt/ubna_data_02_mir/recover-20220828/UBNA_012/20220826_070000.WAV,Carp Pond,recover-20220828,012,1795
14.1685,14.1806,25468.0,30181.0,Nyctalus leisleri,0.402,0.602,-1,Echolocation,/mnt/ubna_data_02_mir/recover-20220828/UBNA_012/20220826_070000.WAV,Carp Pond,recover-20220828,012,1795
14.4335,14.4476,25468.0,32610.0,Eptesicus serotinus,0.308,0.597,-1,Echolocation,/mnt/ubna_data_02_mir/recover-20220828/UBNA_012/20220826_070000.WAV,Carp Pond,recover-20220828,012,1795
14.4385,14.4493,50390.0,55113.0,Pipistrellus pygmaeus,0.143,0.25,-1,Echolocation,/mnt/ubna_data_02_mir/recover-20220828/UBNA_012/20220826_070000.WAV,Carp Pond,recover-20220828,012,1795
14.8125,14.8258,25468.0,30621.0,Nyctalus leisleri,0.357,0.608,-1,Echolocation,/mnt/ubna_data_02_mir/recover-20220828/UBNA_012/20220826_070000.WAV,Carp Pond,recover-20220828,012,1795
15.2025,15.2154,25468.0,32752.0,Eptesicus serotinus,0.31,0.61,-1,Echolocation,/mnt/ubna_data_02_mir/recover-20220828/UBNA_012/20220826_070000.WAV,Carp Pond,recover-20220828,012,1795
15.4675,15.485,24609.0,30761.0,Eptesicus serotinus,0.238,0.532,-1,Echolocation,/mnt/ubna_data_02_mir/recover-20220828/UBNA_012/20220826_070000.WAV,Carp Pond,recover-20220828,012,1795
15.7385,15.7534,25468.0,31408.0,Eptesicus serotinus,0.243,0.499,-1,Echolocation,/mnt/ubna_data_02_mir/recover-20220828/UBNA_012/20220826_070000.WAV,Carp Pond,recover-20220828,012,1795
16.1395,16.1526,25468.0,31136.0,Nyctalus leisleri,0.29,0.62,-1,Echolocation,/mnt/ubna_data_02_mir/recover-20220828/UBNA_012/20220826_070000.WAV,Carp Pond,recover-20220828,012,1795
16.4285,16.4415,25468.0,31624.0,Nyctalus leisleri,0.449,0.678,-1,Echolocation,/mnt/ubna_data_02_mir/recover-20220828/UBNA_012/20220826_070000.WAV,Carp Pond,recover-20220828,012,1795
16.4305,16.4427,51250.0,55789.0,Pipistrellus pipistrellus,0.241,0.378,-1,Echolocation,/mnt/ubna_data_02_mir/recover-20220828/UBNA_012/20220826_070000.WAV,Carp Pond,recover-20220828,012,1795
16.5885,16.6018,26328.0,33441.0,Eptesicus serotinus,0.285,0.614,-1,Echolocation,/mnt/ubna_data_02_mir/recover-20220828/UBNA_012/20220826_070000.WAV,Carp Pond,recover-20220828,012,1795
16.8695,16.8831,25468.0,30587.0,Nyctalus leisleri,0.363,0.604,-1,Echolocation,/mnt/ubna_data_02_mir/recover-20220828/UBNA_012/20220826_070000.WAV,Carp Pond,recover-20220828,012,1795
17.1315,17.1448,25468.0,34629.0,Eptesicus serotinus,0.382,0.627,-1,Echolocation,/mnt/ubna_data_02_mir/recover-20220828/UBNA_012/20220826_070000.WAV,Carp Pond,recover-20220828,012,1795
17.4075,17.4214,25468.0,30929.0,Nyctalus leisleri,0.338,0.631,-1,Echolocation,/mnt/ubna_data_02_mir/recover-20220828/UBNA_012/20220826_070000.WAV,Carp Pond,recover-20220828,012,1795
17.5485,17.5594,27187.0,32886.0,Nyctalus leisleri,0.325,0.581,-1,Echolocation,/mnt/ubna_data_02_mir/recover-20220828/UBNA_012/20220826_070000.WAV,Carp Pond,recover-20220828,012,1795
17.8205,17.8339,25468.0,32441.0,Eptesicus serotinus,0.287,0.623,-1,Echolocation,/mnt/ubna_data_02_mir/recover-20220828/UBNA_012/20220826_070000.WAV,Carp Pond,recover-20220828,012,1795
18.0955,18.1094,25468.0,29896.0,Nyctalus leisleri,0.323,0.578,-1,Echolocation,/mnt/ubna_data_02_mir/recover-20220828/UBNA_012/20220826_070000.WAV,Carp Pond,recover-20220828,012,1795
18.3665,18.3805,25468.0,31155.0,Nyctalus leisleri,0.283,0.601,-1,Echolocation,/mnt/ubna_data_02_mir/recover-20220828/UBNA_012/20220826_070000.WAV,Carp Pond,recover-20220828,012,1795
18.3705,18.3798,51250.0,55772.0,Pipistrellus pipistrellus,0.215,0.322,-1,Echolocation,/mnt/ubna_data_02_mir/recover-20220828/UBNA_012/20220826_070000.WAV,Carp Pond,recover-20220828,012,1795
18.5305,18.5439,25468.0,31036.0,Nyctalus leisleri,0.249,0.511,-1,Echolocation,/mnt/ubna_data_02_mir/recover-20220828/UBNA_012/20220826_070000.WAV,Carp Pond,recover-20220828,012,1795
18.6705,18.6828,26328.0,34031.0,Eptesicus serotinus,0.404,0.63,-1,Echolocation,/mnt/ubna_data_02_mir/recover-20220828/UBNA_012/20220826_070000.WAV,Carp Pond,recover-20220828,012,1795
18.7645,18.7787,25468.0,29042.0,Nyctalus leisleri,0.19,0.293,-1,Echolocation,/mnt/ubna_data_02_mir/recover-20220828/UBNA_012/20220826_070000.WAV,Carp Pond,recover-20220828,012,1795
18.9335,18.9477,25468.0,30347.0,Nyctalus leisleri,0.222,0.494,-1,Echolocation,/mnt/ubna_data_02_mir/recover-20220828/UBNA_012/20220826_070000.WAV,Carp Pond,recover-20220828,012,1795
19.2045,19.2183,25468.0,33407.0,Eptesicus serotinus,0.395,0.636,-1,Echolocation,/mnt/ubna_data_02_mir/recover-20220828/UBNA_012/20220826_070000.WAV,Carp Pond,recover-20220828,012,1795
19.3135,19.3275,25468.0,29663.0,Nyctalus leisleri,0.237,0.341,-1,Echolocation,/mnt/ubna_data_02_mir/recover-20220828/UBNA_012/20220826_070000.WAV,Carp Pond,recover-20220828,012,1795
19.6075,19.6212,25468.0,30129.0,Nyctalus leisleri,0.298,0.548,-1,Echolocation,/mnt/ubna_data_02_mir/recover-20220828/UBNA_012/20220826_070000.WAV,Carp Pond,recover-20220828,012,1795
19.8745,19.8886,25468.0,31661.0,Eptesicus serotinus,0.262,0.593,-1,Echolocation,/mnt/ubna_data_02_mir/recover-20220828/UBNA_012/20220826_070000.WAV,Carp Pond,recover-20220828,012,1795
20.1635,20.1771,25468.0,30558.0,Nyctalus leisleri,0.343,0.614,-1,Echolocation,/mnt/ubna_data_02_mir/recover-20220828/UBNA_012/20220826_070000.WAV,Carp Pond,recover-20220828,012,1795
20.4365,20.4508,25468.0,31649.0,Nyctalus leisleri,0.296,0.588,-1,Echolocation,/mnt/ubna_data_02_mir/recover-20220828/UBNA_012/20220826_070000.WAV,Carp Pond,recover-20220828,012,1795
20.4415,20.4531,51250.0,55527.0,Pipistrellus pipistrellus,0.186,0.328,-1,Echolocation,/mnt/ubna_data_02_mir/recover-20220828/UBNA_012/20220826_070000.WAV,Carp Pond,recover-20220828,012,1795
20.5915,20.6059,25468.0,33324.0,Eptesicus serotinus,0.311,0.619,-1,Echolocation,/mnt/ubna_data_02_mir/recover-20220828/UBNA_012/20220826_070000.WAV,Carp Pond,recover-20220828,012,1795
20.8715,20.8839,25468.0,30075.0,Nyctalus leisleri,0.357,0.57,-1,Echolocation,/mnt/ubna_data_02_mir/recover-20220828/UBNA_012/20220826_070000.WAV,Carp Pond,recover-20220828,012,1795
21.0595,21.0807,25468.0,29589.0,Nyctalus leisleri,0.225,0.358,-1,Echolocation,/mnt/ubna_data_02_mir/recover-20220828/UBNA_012/20220826_070000.WAV,Carp Pond,recover-20220828,012,1795
21.1365,21.1511,25468.0,31586.0,Nyctalus leisleri,0.314,0.64,-1,Echolocation,/mnt/ubna_data_02_mir/recover-20220828/UBNA_012/20220826_070000.WAV,Carp Pond,recover-20220828,012,1795
21.2455,21.2633,25468.0,28741.0,Nyctalus leisleri,0.264,0.34,-1,Echolocation,/mnt/ubna_data_02_mir/recover-20220828/UBNA_012/20220826_070000.WAV,Carp Pond,recover-20220828,012,1795
21.4205,21.4334,25468.0,29970.0,Nyctalus leisleri,0.351,0.535,-1,Echolocation,/mnt/ubna_data_02_mir/recover-20220828/UBNA_012/20220826_070000.WAV,Carp Pond,recover-20220828,012,1795
21.5475,21.5629,26328.0,29699.0,Nyctalus leisleri,0.189,0.256,-1,Echolocation,/mnt/ubna_data_02_mir/recover-20220828/UBNA_012/20220826_070000.WAV,Carp Pond,recover-20220828,012,1795
21.6885,21.7024,25468.0,31257.0,Nyctalus leisleri,0.29,0.514,-1,Echolocation,/mnt/ubna_data_02_mir/recover-20220828/UBNA_012/20220826_070000.WAV,Carp Pond,recover-20220828,012,1795
21.9755,21.988,24609.0,29816.0,Nyctalus leisleri,0.317,0.513,-1,Echolocation,/mnt/ubna_data_02_mir/recover-20220828/UBNA_012/20220826_070000.WAV,Carp Pond,recover-20220828,012,1795
22.1005,22.1208,26328.0,29399.0,Nyctalus leisleri,0.153,0.223,-1,Echolocation,/mnt/ubna_data_02_mir/recover-20220828/UBNA_012/20220826_070000.WAV,Carp Pond,recover-20220828,012,1795
22.2425,22.2564,25468.0,31275.0,Nyctalus leisleri,0.347,0.64,-1,Echolocation,/mnt/ubna_data_02_mir/recover-20220828/UBNA_012/20220826_070000.WAV,Carp Pond,recover-20220828,012,1795
22.3655,22.3776,26328.0,30824.0,Nyctalus leisleri,0.291,0.465,-1,Echolocation,/mnt/ubna_data_02_mir/recover-20220828/UBNA_012/20220826_070000.WAV,Carp Pond,recover-20220828,012,1795
22.4095,22.4217,25468.0,29581.0,Nyctalus leisleri,0.32,0.498,-1,Echolocation,/mnt/ubna_data_02_mir/recover-20220828/UBNA_012/20220826_070000.WAV,Carp Pond,recover-20220828,012,1795
22.6695,22.6876,24609.0,30331.0,Eptesicus serotinus,0.199,0.484,-1,Echolocation,/mnt/ubna_data_02_mir/recover-20220828/UBNA_012/20220826_070000.WAV,Carp Pond,recover-20220828,012,1795
22.7925,22.8051,25468.0,29469.0,Nyctalus leisleri,0.32,0.432,-1,Echolocation,/mnt/ubna_data_02_mir/recover-20220828/UBNA_012/20220826_070000.WAV,Carp Pond,recover-20220828,012,1795
22.8245,22.8398,26328.0,31887.0,Nyctalus leisleri,0.254,0.563,-1,Echolocation,/mnt/ubna_data_02_mir/recover-20220828/UBNA_012/20220826_070000.WAV,Carp Pond,recover-20220828,012,1795
22.9785,22.992,25468.0,29580.0,Nyctalus leisleri,0.448,0.585,-1,Echolocation,/mnt/ubna_data_02_mir/recover-20220828/UBNA_012/20220826_070000.WAV,Carp Pond,recover-20220828,012,1795
23.0765,23.0933,25468.0,29238.0,Nyctalus leisleri,0.155,0.229,-1,Echolocation,/mnt/ubna_data_02_mir/recover-20220828/UBNA_012/20220826_070000.WAV,Carp Pond,recover-20220828,012,1795
23.5025,23.5204,25468.0,29197.0,Nyctalus leisleri,0.342,0.445,-1,Echolocation,/mnt/ubna_data_02_mir/recover-20220828/UBNA_012/20220826_070000.WAV,Carp Pond,recover-20220828,012,1795
24.5455,24.5572,26328.0,31586.0,Nyctalus leisleri,0.501,0.622,-1,Echolocation,/mnt/ubna_data_02_mir/recover-20220828/UBNA_012/20220826_070000.WAV,Carp Pond,recover-20220828,012,1795
24.7865,24.7978,25468.0,31033.0,Nyctalus leisleri,0.262,0.485,-1,Echolocation,/mnt/ubna_data_02_mir/recover-20220828/UBNA_012/20220826_070000.WAV,Carp Pond,recover-20220828,012,1795
24.9455,24.9573,26328.0,34905.0,Eptesicus serotinus,0.327,0.634,-1,Echolocation,/mnt/ubna_data_02_mir/recover-20220828/UBNA_012/20220826_070000.WAV,Carp Pond,recover-20220828,012,1795
25.2215,25.2342,25468.0,30485.0,Nyctalus leisleri,0.302,0.525,-1,Echolocation,/mnt/ubna_data_02_mir/recover-20220828/UBNA_012/20220826_070000.WAV,Carp Pond,recover-20220828,012,1795
25.4645,25.4788,25468.0,30439.0,Nyctalus leisleri,0.322,0.584,-1,Echolocation,/mnt/ubna_data_02_mir/recover-20220828/UBNA_012/20220826_070000.WAV,Carp Pond,recover-20220828,012,1795
25.7315,25.7458,24609.0,28485.0,Nyctalus leisleri,0.369,0.517,-1,Echolocation,/mnt/ubna_data_02_mir/recover-20220828/UBNA_012/20220826_070000.WAV,Carp Pond,recover-20220828,012,1795
26.0015,26.0128,25468.0,30969.0,Nyctalus leisleri,0.222,0.35,-1,Echolocation,/mnt/ubna_data_02_mir/recover-20220828/UBNA_012/20220826_070000.WAV,Carp Pond,recover-20220828,012,1795
26.2765,26.291,25468.0,29567.0,Nyctalus leisleri,0.201,0.327,-1,Echolocation,/mnt/ubna_data_02_mir/recover-20220828/UBNA_012/20220826_070000.WAV,Carp Pond,recover-20220828,012,1795
26.5355,26.5501,25468.0,31255.0,Nyctalus leisleri,0.327,0.569,-1,Echolocation,/mnt/ubna_data_02_mir/recover-20220828/UBNA_012/20220826_070000.WAV,Carp Pond,recover-20220828,012,1795
26.7165,26.7315,26328.0,30529.0,Nyctalus leisleri,0.277,0.392,-1,Echolocation,/mnt/ubna_data_02_mir/recover-20220828/UBNA_012/20220826_070000.WAV,Carp Pond,recover-20220828,012,1795
26.8035,26.8156,25468.0,29599.0,Nyctalus leisleri,0.319,0.486,-1,Echolocation,/mnt/ubna_data_02_mir/recover-20220828/UBNA_012/20220826_070000.WAV,Carp Pond,recover-20220828,012,1795
26.9015,26.9178,25468.0,30522.0,Nyctalus leisleri,0.322,0.557,-1,Echolocation,/mnt/ubna_data_02_mir/recover-20220828/UBNA_012/20220826_070000.WAV,Carp Pond,recover-20220828,012,1795
26.9525,26.967,25468.0,31791.0,Nyctalus leisleri,0.29,0.539,-1,Echolocation,/mnt/ubna_data_02_mir/recover-20220828/UBNA_012/20220826_070000.WAV,Carp Pond,recover-20220828,012,1795
27.2355,27.251,25468.0,29646.0,Nyctalus leisleri,0.344,0.47,-1,Echolocation,/mnt/ubna_data_02_mir/recover-20220828/UBNA_012/20220826_070000.WAV,Carp Pond,recover-20220828,012,1795
27.3315,27.3438,26328.0,30935.0,Nyctalus leisleri,0.205,0.358,-1,Echolocation,/mnt/ubna_data_02_mir/recover-20220828/UBNA_012/20220826_070000.WAV,Carp Pond,recover-20220828,012,1795
27.4935,27.5064,24609.0,31229.0,Eptesicus serotinus,0.293,0.601,-1,Echolocation,/mnt/ubna_data_02_mir/recover-20220828/UBNA_012/20220826_070000.WAV,Carp Pond,recover-20220828,012,1795
27.6165,27.6325,26328.0,30476.0,Nyctalus leisleri,0.179,0.272,-1,Echolocation,/mnt/ubna_data_02_mir/recover-20220828/UBNA_012/20220826_070000.WAV,Carp Pond,recover-20220828,012,1795
27.7655,27.7811,25468.0,29247.0,Nyctalus leisleri,0.267,0.391,-1,Echolocation,/mnt/ubna_data_02_mir/recover-20220828/UBNA_012/20220826_070000.WAV,Carp Pond,recover-20220828,012,1795
28.0365,28.0498,25468.0,30996.0,Nyctalus leisleri,0.286,0.6,-1,Echolocation,/mnt/ubna_data_02_mir/recover-20220828/UBNA_012/20220826_070000.WAV,Carp Pond,recover-20220828,012,1795
28.1775,28.1925,26328.0,31191.0,Nyctalus leisleri,0.329,0.489,-1,Echolocation,/mnt/ubna_data_02_mir/recover-20220828/UBNA_012/20220826_070000.WAV,Carp Pond,recover-20220828,012,1795
28.2975,28.3194,26328.0,30106.0,Nyctalus leisleri,0.161,0.249,-1,Echolocation,/mnt/ubna_data_02_mir/recover-20220828/UBNA_012/20220826_070000.WAV,Carp Pond,recover-20220828,012,1795
28.4125,28.4256,26328.0,31344.0,Nyctalus leisleri,0.286,0.56,-1,Echolocation,/mnt/ubna_data_02_mir/recover-20220828/UBNA_012/20220826_070000.WAV,Carp Pond,recover-20220828,012,1795
28.5265,28.5379,26328.0,31363.0,Nyctalus leisleri,0.133,0.28,-1,Echolocation,/mnt/ubna_data_02_mir/recover-20220828/UBNA_012/20220826_070000.WAV,Carp Pond,recover-20220828,012,1795
28.5825,28.5996,25468.0,30848.0,Nyctalus leisleri,0.27,0.54,-1,Echolocation,/mnt/ubna_data_02_mir/recover-20220828/UBNA_012/20220826_070000.WAV,Carp Pond,recover-20220828,012,1795
28.7145,28.729,26328.0,29951.0,Nyctalus leisleri,0.119,0.207,-1,Echolocation,/mnt/ubna_data_02_mir/recover-20220828/UBNA_012/20220826_070000.WAV,Carp Pond,recover-20220828,012,1795
28.8765,28.8916,25468.0,29612.0,Nyctalus leisleri,0.348,0.477,-1,Echolocation,/mnt/ubna_data_02_mir/recover-20220828/UBNA_012/20220826_070000.WAV,Carp Pond,recover-20220828,012,1795
29.1495,29.164,25468.0,30236.0,Nyctalus leisleri,0.291,0.438,-1,Echolocation,/mnt/ubna_data_02_mir/recover-20220828/UBNA_012/20220826_070000.WAV,Carp Pond,recover-20220828,012,1795
29.2875,29.3059,26328.0,29947.0,Nyctalus leisleri,0.32,0.48,-1,Echolocation,/mnt/ubna_data_02_mir/recover-20220828/UBNA_012/20220826_070000.WAV,Carp Pond,recover-20220828,012,1795
29.4595,29.4708,25468.0,31208.0,Nyctalus leisleri,0.263,0.439,-1,Echolocation,/mnt/ubna_data_02_mir/recover-20220828/UBNA_012/20220826_070000.WAV,Carp Pond,recover-20220828,012,1795
29.5485,29.5652,24609.0,28858.0,Nyctalus leisleri,0.309,0.403,-1,Echolocation,/mnt/ubna_data_02_mir/recover-20220828/UBNA_012/20220826_070000.WAV,Carp Pond,recover-20220828,012,1795
29.8085,29.8241,25468.0,29647.0,Nyctalus leisleri,0.413,0.51,-1,Echolocation,/mnt/ubna_data_02_mir/recover-20220828/UBNA_012/20220826_070000.WAV,Carp Pond,recover-20220828,012,1795
29.8845,29.9005,25468.0,29412.0,Nyctalus leisleri,0.342,0.47,-1,Echolocation,/mnt/ubna_data_02_mir/recover-20220828/UBNA_012/20220826_070000.WAV,Carp Pond,recover-20220828,012,1795
29.9495,29.9632,26328.0,31814.0,Nyctalus leisleri,0.278,0.543,-1,Echolocation,/mnt/ubna_data_02_mir/recover-20220828/UBNA_012/20220826_070000.WAV,Carp Pond,recover-20220828,012,1795
30.2355,30.2528,25468.0,30003.0,Nyctalus leisleri,0.207,0.309,-1,Echolocation,/mnt/ubna_data_02_mir/recover-20220828/UBNA_012/20220826_070000.WAV,Carp Pond,recover-20220828,012,1795
30.4815,30.5015,25468.0,30329.0,Nyctalus leisleri,0.254,0.414,-1,Echolocation,/mnt/ubna_data_02_mir/recover-20220828/UBNA_012/20220826_070000.WAV,Carp Pond,recover-20220828,012,1795
30.5005,30.5154,26328.0,30670.0,Nyctalus leisleri,0.233,0.383,-1,Echolocation,/mnt/ubna_data_02_mir/recover-20220828/UBNA_012/20220826_070000.WAV,Carp Pond,recover-20220828,012,1795
30.6715,30.6883,25468.0,30654.0,Nyctalus leisleri,0.331,0.533,-1,Echolocation,/mnt/ubna_data_02_mir/recover-20220828/UBNA_012/20220826_070000.WAV,Carp Pond,recover-20220828,012,1795
30.8405,30.8576,25468.0,30419.0,Nyctalus leisleri,0.268,0.494,-1,Echolocation,/mnt/ubna_data_02_mir/recover-20220828/UBNA_012/20220826_070000.WAV,Carp Pond,recover-20220828,012,1795
31.1035,31.1184,25468.0,30356.0,Nyctalus leisleri,0.318,0.533,-1,Echolocation,/mnt/ubna_data_02_mir/recover-20220828/UBNA_012/20220826_070000.WAV,Carp Pond,recover-20220828,012,1795
31.2695,31.2828,25468.0,30448.0,Nyctalus leisleri,0.384,0.622,-1,Echolocation,/mnt/ubna_data_02_mir/recover-20220828/UBNA_012/20220826_070000.WAV,Carp Pond,recover-20220828,012,1795
31.3635,31.378,25468.0,30940.0,Nyctalus leisleri,0.38,0.529,-1,Echolocation,/mnt/ubna_data_02_mir/recover-20220828/UBNA_012/20220826_070000.WAV,Carp Pond,recover-20220828,012,1795
31.5085,31.5214,26328.0,33119.0,Nyctalus leisleri,0.288,0.54,-1,Echolocation,/mnt/ubna_data_02_mir/recover-20220828/UBNA_012/20220826_070000.WAV,Carp Pond,recover-20220828,012,1795
31.7885,31.8041,25468.0,29432.0,Nyctalus leisleri,0.128,0.243,-1,Echolocation,/mnt/ubna_data_02_mir/recover-20220828/UBNA_012/20220826_070000.WAV,Carp Pond,recover-20220828,012,1795
31.9665,31.9811,24609.0,30274.0,Nyctalus leisleri,0.243,0.563,-1,Echolocation,/mnt/ubna_data_02_mir/recover-20220828/UBNA_012/20220826_070000.WAV,Carp Pond,recover-20220828,012,1795
32.1775,32.1955,25468.0,31143.0,Nyctalus leisleri,0.264,0.472,-1,Echolocation,/mnt/ubna_data_02_mir/recover-20220828/UBNA_012/20220826_070000.WAV,Carp Pond,recover-20220828,012,1795
32.2585,32.2733,24609.0,30077.0,Nyctalus leisleri,0.25,0.491,-1,Echolocation,/mnt/ubna_data_02_mir/recover-20220828/UBNA_012/20220826_070000.WAV,Carp Pond,recover-20220828,012,1795
32.4565,32.4717,24609.0,29710.0,Nyctalus leisleri,0.239,0.413,-1,Echolocation,/mnt/ubna_data_02_mir/recover-20220828/UBNA_012/20220826_070000.WAV,Carp Pond,recover-20220828,012,1795
32.5415,32.554,24609.0,29244.0,Nyctalus leisleri,0.283,0.469,-1,Echolocation,/mnt/ubna_data_02_mir/recover-20220828/UBNA_012/20220826_070000.WAV,Carp Pond,recover-20220828,012,1795
32.7125,32.7287,24609.0,29413.0,Nyctalus leisleri,0.16,0.304,-1,Echolocation,/mnt/ubna_data_02_mir/recover-20220828/UBNA_012/20220826_070000.WAV,Carp Pond,recover-20220828,012,1795
32.8215,32.8383,24609.0,29071.0,Nyctalus leisleri,0.347,0.519,-1,Echolocation,/mnt/ubna_data_02_mir/recover-20220828/UBNA_012/20220826_070000.WAV,Carp Pond,recover-20220828,012,1795
32.9575,32.9717,25468.0,30344.0,Nyctalus leisleri,0.244,0.443,-1,Echolocation,/mnt/ubna_data_02_mir/recover-20220828/UBNA_012/20220826_070000.WAV,Carp Pond,recover-20220828,012,1795
33.0655,33.0792,26328.0,32943.0,Nyctalus leisleri,0.213,0.462,-1,Echolocation,/mnt/ubna_data_02_mir/recover-20220828/UBNA_012/20220826_070000.WAV,Carp Pond,recover-20220828,012,1795
33.4135,33.4281,24609.0,29372.0,Nyctalus leisleri,0.35,0.519,-1,Echolocation,/mnt/ubna_data_02_mir/recover-20220828/UBNA_012/20220826_070000.WAV,Carp Pond,recover-20220828,012,1795
33.5395,33.5527,26328.0,32361.0,Nyctalus leisleri,0.249,0.536,-1,Echolocation,/mnt/ubna_data_02_mir/recover-20220828/UBNA_012/20220826_070000.WAV,Carp Pond,recover-20220828,012,1795
33.7905,33.804,25468.0,30174.0,Nyctalus leisleri,0.3,0.524,-1,Echolocation,/mnt/ubna_data_02_mir/recover-20220828/UBNA_012/20220826_070000.WAV,Carp Pond,recover-20220828,012,1795
33.8775,33.8941,25468.0,29953.0,Nyctalus leisleri,0.109,0.219,-1,Echolocation,/mnt/ubna_data_02_mir/recover-20220828/UBNA_012/20220826_070000.WAV,Carp Pond,recover-20220828,012,1795
33.9885,34.0027,25468.0,30526.0,Eptesicus serotinus,0.122,0.271,-1,Echolocation,/mnt/ubna_data_02_mir/recover-20220828/UBNA_012/20220826_070000.WAV,Carp Pond,recover-20220828,012,1795
34.0415,34.0562,25468.0,31925.0,Eptesicus serotinus,0.331,0.554,-1,Echolocation,/mnt/ubna_data_02_mir/recover-20220828/UBNA_012/20220826_070000.WAV,Carp Pond,recover-20220828,012,1795
34.1455,34.1652,25468.0,29438.0,Nyctalus leisleri,0.174,0.271,-1,Echolocation,/mnt/ubna_data_02_mir/recover-20220828/UBNA_012/20220826_070000.WAV,Carp Pond,recover-20220828,012,1795
34.1625,34.1758,28046.0,34843.0,Eptesicus serotinus,0.153,0.213,-1,Echolocation,/mnt/ubna_data_02_mir/recover-20220828/UBNA_012/20220826_070000.WAV,Carp Pond,recover-20220828,012,1795
34.3035,34.3157,26328.0,31849.0,Eptesicus serotinus,0.179,0.346,-1,Echolocation,/mnt/ubna_data_02_mir/recover-20220828/UBNA_012/20220826_070000.WAV,Carp Pond,recover-20220828,012,1795
34.4395,34.4515,27187.0,32680.0,Eptesicus serotinus,0.16,0.266,-1,Echolocation,/mnt/ubna_data_02_mir/recover-20220828/UBNA_012/20220826_070000.WAV,Carp Pond,recover-20220828,012,1795
34.588499999999996,34.602199999999996,25468.0,30822.0,Nyctalus leisleri,0.306,0.6,-1,Echolocation,/mnt/ubna_data_02_mir/recover-20220828/UBNA_012/20220826_070000.WAV,Carp Pond,recover-20220828,012,1795
34.9015,34.9188,24609.0,28714.0,Nyctalus leisleri,0.33,0.472,-1,Echolocation,/mnt/ubna_data_02_mir/recover-20220828/UBNA_012/20220826_070000.WAV,Carp Pond,recover-20220828,012,1795
35.0665,35.0805,25468.0,29124.0,Nyctalus leisleri,0.388,0.535,-1,Echolocation,/mnt/ubna_data_02_mir/recover-20220828/UBNA_012/20220826_070000.WAV,Carp Pond,recover-20220828,012,1795
35.2315,35.2442,25468.0,31107.0,Nyctalus leisleri,0.275,0.543,-1,Echolocation,/mnt/ubna_data_02_mir/recover-20220828/UBNA_012/20220826_070000.WAV,Carp Pond,recover-20220828,012,1795
35.3665,35.3786,26328.0,32169.0,Eptesicus serotinus,0.201,0.369,-1,Echolocation,/mnt/ubna_data_02_mir/recover-20220828/UBNA_012/20220826_070000.WAV,Carp Pond,recover-20220828,012,1795
35.6025,35.6162,25468.0,32366.0,Eptesicus serotinus,0.357,0.543,-1,Echolocation,/mnt/ubna_data_02_mir/recover-20220828/UBNA_012/20220826_070000.WAV,Carp Pond,recover-20220828,012,1795
35.6755,35.688900000000004,25468.0,31083.0,Nyctalus leisleri,0.245,0.526,-1,Echolocation,/mnt/ubna_data_02_mir/recover-20220828/UBNA_012/20220826_070000.WAV,Carp Pond,recover-20220828,012,1795
35.7625,35.7746,25468.0,31249.0,Nyctalus leisleri,0.257,0.551,-1,Echolocation,/mnt/ubna_data_02_mir/recover-20220828/UBNA_012/20220826_070000.WAV,Carp Pond,recover-20220828,012,1795
35.8175,35.8299,25468.0,29639.0,Nyctalus leisleri,0.324,0.545,-1,Echolocation,/mnt/ubna_data_02_mir/recover-20220828/UBNA_012/20220826_070000.WAV,Carp Pond,recover-20220828,012,1795
36.0375,36.0529,24609.0,33016.0,Eptesicus serotinus,0.349,0.561,-1,Echolocation,/mnt/ubna_data_02_mir/recover-20220828/UBNA_012/20220826_070000.WAV,Carp Pond,recover-20220828,012,1795
36.0935,36.105199999999996,25468.0,30030.0,Nyctalus leisleri,0.289,0.502,-1,Echolocation,/mnt/ubna_data_02_mir/recover-20220828/UBNA_012/20220826_070000.WAV,Carp Pond,recover-20220828,012,1795
36.2655,36.2809,25468.0,29991.0,Nyctalus leisleri,0.226,0.387,-1,Echolocation,/mnt/ubna_data_02_mir/recover-20220828/UBNA_012/20220826_070000.WAV,Carp Pond,recover-20220828,012,1795
36.2875,36.3027,25468.0,29434.0,Nyctalus leisleri,0.24,0.374,-1,Echolocation,/mnt/ubna_data_02_mir/recover-20220828/UBNA_012/20220826_070000.WAV,Carp Pond,recover-20220828,012,1795
36.3645,36.3768,25468.0,30205.0,Nyctalus leisleri,0.373,0.635,-1,Echolocation,/mnt/ubna_data_02_mir/recover-20220828/UBNA_012/20220826_070000.WAV,Carp Pond,recover-20220828,012,1795
36.4315,36.4443,26328.0,31672.0,Nyctalus leisleri,0.315,0.582,-1,Echolocation,/mnt/ubna_data_02_mir/recover-20220828/UBNA_012/20220826_070000.WAV,Carp Pond,recover-20220828,012,1795
36.5595,36.5713,25468.0,30723.0,Nyctalus leisleri,0.258,0.531,-1,Echolocation,/mnt/ubna_data_02_mir/recover-20220828/UBNA_012/20220826_070000.WAV,Carp Pond,recover-20220828,012,1795
36.6115,36.6307,26328.0,29854.0,Nyctalus leisleri,0.253,0.345,-1,Echolocation,/mnt/ubna_data_02_mir/recover-20220828/UBNA_012/20220826_070000.WAV,Carp Pond,recover-20220828,012,1795
36.6475,36.6611,25468.0,30117.0,Nyctalus leisleri,0.3,0.52,-1,Echolocation,/mnt/ubna_data_02_mir/recover-20220828/UBNA_012/20220826_070000.WAV,Carp Pond,recover-20220828,012,1795
36.7885,36.8054,25468.0,30008.0,Nyctalus leisleri,0.116,0.218,-1,Echolocation,/mnt/ubna_data_02_mir/recover-20220828/UBNA_012/20220826_070000.WAV,Carp Pond,recover-20220828,012,1795
36.8105,36.824799999999996,24609.0,29276.0,Nyctalus leisleri,0.2,0.369,-1,Echolocation,/mnt/ubna_data_02_mir/recover-20220828/UBNA_012/20220826_070000.WAV,Carp Pond,recover-20220828,012,1795
36.8575,36.8685,25468.0,31714.0,Nyctalus leisleri,0.313,0.575,-1,Echolocation,/mnt/ubna_data_02_mir/recover-20220828/UBNA_012/20220826_070000.WAV,Carp Pond,recover-20220828,012,1795
36.9165,36.9292,25468.0,30713.0,Nyctalus leisleri,0.264,0.528,-1,Echolocation,/mnt/ubna_data_02_mir/recover-20220828/UBNA_012/20220826_070000.WAV,Carp Pond,recover-20220828,012,1795
36.9465,36.96,27187.0,35057.0,Eptesicus serotinus,0.201,0.428,-1,Echolocation,/mnt/ubna_data_02_mir/recover-20220828/UBNA_012/20220826_070000.WAV,Carp Pond,recover-20220828,012,1795
37.0075,37.021,26328.0,31189.0,Nyctalus leisleri,0.253,0.436,-1,Echolocation,/mnt/ubna_data_02_mir/recover-20220828/UBNA_012/20220826_070000.WAV,Carp Pond,recover-20220828,012,1795
37.0605,37.0747,25468.0,30209.0,Nyctalus leisleri,0.286,0.431,-1,Echolocation,/mnt/ubna_data_02_mir/recover-20220828/UBNA_012/20220826_070000.WAV,Carp Pond,recover-20220828,012,1795
37.0965,37.1108,26328.0,32789.0,Eptesicus serotinus,0.217,0.474,-1,Echolocation,/mnt/ubna_data_02_mir/recover-20220828/UBNA_012/20220826_070000.WAV,Carp Pond,recover-20220828,012,1795
37.1975,37.2108,25468.0,31331.0,Nyctalus leisleri,0.405,0.639,-1,Echolocation,/mnt/ubna_data_02_mir/recover-20220828/UBNA_012/20220826_070000.WAV,Carp Pond,recover-20220828,012,1795
37.2655,37.2799,25468.0,30442.0,Nyctalus leisleri,0.174,0.303,-1,Echolocation,/mnt/ubna_data_02_mir/recover-20220828/UBNA_012/20220826_070000.WAV,Carp Pond,recover-20220828,012,1795
37.286500000000004,37.2976,26328.0,32137.0,Nyctalus leisleri,0.274,0.568,-1,Echolocation,/mnt/ubna_data_02_mir/recover-20220828/UBNA_012/20220826_070000.WAV,Carp Pond,recover-20220828,012,1795
37.3435,37.3543,25468.0,30456.0,Nyctalus leisleri,0.168,0.326,-1,Echolocation,/mnt/ubna_data_02_mir/recover-20220828/UBNA_012/20220826_070000.WAV,Carp Pond,recover-20220828,012,1795
37.5565,37.5667,25468.0,31172.0,Nyctalus leisleri,0.267,0.535,-1,Echolocation,/mnt/ubna_data_02_mir/recover-20220828/UBNA_012/20220826_070000.WAV,Carp Pond,recover-20220828,012,1795
37.6245,37.6388,25468.0,30279.0,Nyctalus leisleri,0.359,0.582,-1,Echolocation,/mnt/ubna_data_02_mir/recover-20220828/UBNA_012/20220826_070000.WAV,Carp Pond,recover-20220828,012,1795
37.8165,37.8312,26328.0,29875.0,Nyctalus leisleri,0.284,0.355,-1,Echolocation,/mnt/ubna_data_02_mir/recover-20220828/UBNA_012/20220826_070000.WAV,Carp Pond,recover-20220828,012,1795
37.9165,37.9274,25468.0,30816.0,Nyctalus leisleri,0.36,0.584,-1,Echolocation,/mnt/ubna_data_02_mir/recover-20220828/UBNA_012/20220826_070000.WAV,Carp Pond,recover-20220828,012,1795
38.0015,38.0135,25468.0,30641.0,Nyctalus leisleri,0.31,0.418,-1,Echolocation,/mnt/ubna_data_02_mir/recover-20220828/UBNA_012/20220826_070000.WAV,Carp Pond,recover-20220828,012,1795
38.079499999999996,38.0935,25468.0,30206.0,Nyctalus leisleri,0.31,0.608,-1,Echolocation,/mnt/ubna_data_02_mir/recover-20220828/UBNA_012/20220826_070000.WAV,Carp Pond,recover-20220828,012,1795
38.3715,38.3846,24609.0,29198.0,Nyctalus leisleri,0.398,0.612,-1,Echolocation,/mnt/ubna_data_02_mir/recover-20220828/UBNA_012/20220826_070000.WAV,Carp Pond,recover-20220828,012,1795
38.451499999999996,38.471000000000004,25468.0,29251.0,Nyctalus leisleri,0.332,0.433,-1,Echolocation,/mnt/ubna_data_02_mir/recover-20220828/UBNA_012/20220826_070000.WAV,Carp Pond,recover-20220828,012,1795
38.4975,38.5092,25468.0,29900.0,Nyctalus leisleri,0.139,0.265,-1,Echolocation,/mnt/ubna_data_02_mir/recover-20220828/UBNA_012/20220826_070000.WAV,Carp Pond,recover-20220828,012,1795
38.7885,38.8017,26328.0,33569.0,Eptesicus serotinus,0.241,0.536,-1,Echolocation,/mnt/ubna_data_02_mir/recover-20220828/UBNA_012/20220826_070000.WAV,Carp Pond,recover-20220828,012,1795
38.8125,38.8245,25468.0,30687.0,Nyctalus leisleri,0.228,0.497,-1,Echolocation,/mnt/ubna_data_02_mir/recover-20220828/UBNA_012/20220826_070000.WAV,Carp Pond,recover-20220828,012,1795
38.9275,38.9417,26328.0,33757.0,Eptesicus serotinus,0.279,0.539,-1,Echolocation,/mnt/ubna_data_02_mir/recover-20220828/UBNA_012/20220826_070000.WAV,Carp Pond,recover-20220828,012,1795
39.1105,39.1259,24609.0,29889.0,Nyctalus leisleri,0.215,0.556,-1,Echolocation,/mnt/ubna_data_02_mir/recover-20220828/UBNA_012/20220826_070000.WAV,Carp Pond,recover-20220828,012,1795
39.1865,39.1989,24609.0,29943.0,Nyctalus leisleri,0.271,0.487,-1,Echolocation,/mnt/ubna_data_02_mir/recover-20220828/UBNA_012/20220826_070000.WAV,Carp Pond,recover-20220828,012,1795
39.2675,39.2812,24609.0,28615.0,Nyctalus leisleri,0.491,0.641,-1,Echolocation,/mnt/ubna_data_02_mir/recover-20220828/UBNA_012/20220826_070000.WAV,Carp Pond,recover-20220828,012,1795
39.4225,39.4385,25468.0,31881.0,Eptesicus serotinus,0.255,0.586,-1,Echolocation,/mnt/ubna_data_02_mir/recover-20220828/UBNA_012/20220826_070000.WAV,Carp Pond,recover-20220828,012,1795
39.5715,39.5871,25468.0,31701.0,Eptesicus serotinus,0.23,0.581,-1,Echolocation,/mnt/ubna_data_02_mir/recover-20220828/UBNA_012/20220826_070000.WAV,Carp Pond,recover-20220828,012,1795
39.7315,39.7455,24609.0,29919.0,Nyctalus leisleri,0.353,0.584,-1,Echolocation,/mnt/ubna_data_02_mir/recover-20220828/UBNA_012/20220826_070000.WAV,Carp Pond,recover-20220828,012,1795
39.8655,39.8789,25468.0,28937.0,Nyctalus leisleri,0.462,0.614,-1,Echolocation,/mnt/ubna_data_02_mir/recover-20220828/UBNA_012/20220826_070000.WAV,Carp Pond,recover-20220828,012,1795
40.0105,40.0268,24609.0,30744.0,Eptesicus serotinus,0.217,0.562,-1,Echolocation,/mnt/ubna_data_02_mir/recover-20220828/UBNA_012/20220826_070000.WAV,Carp Pond,recover-20220828,012,1795
40.161500000000004,40.1772,25468.0,31357.0,Nyctalus leisleri,0.221,0.5,-1,Echolocation,/mnt/ubna_data_02_mir/recover-20220828/UBNA_012/20220826_070000.WAV,Carp Pond,recover-20220828,012,1795
40.3125,40.332,24609.0,28584.0,Nyctalus leisleri,0.236,0.347,-1,Echolocation,/mnt/ubna_data_02_mir/recover-20220828/UBNA_012/20220826_070000.WAV,Carp Pond,recover-20220828,012,1795
40.4335,40.4475,25468.0,30794.0,Nyctalus leisleri,0.331,0.583,-1,Echolocation,/mnt/ubna_data_02_mir/recover-20220828/UBNA_012/20220826_070000.WAV,Carp Pond,recover-20220828,012,1795
40.5405,40.5522,26328.0,33512.0,Nyctalus leisleri,0.265,0.651,-1,Echolocation,/mnt/ubna_data_02_mir/recover-20220828/UBNA_012/20220826_070000.WAV,Carp Pond,recover-20220828,012,1795
40.5945,40.6077,25468.0,30227.0,Nyctalus leisleri,0.329,0.526,-1,Echolocation,/mnt/ubna_data_02_mir/recover-20220828/UBNA_012/20220826_070000.WAV,Carp Pond,recover-20220828,012,1795
40.7265,40.746700000000004,24609.0,30170.0,Nyctalus leisleri,0.21,0.426,-1,Echolocation,/mnt/ubna_data_02_mir/recover-20220828/UBNA_012/20220826_070000.WAV,Carp Pond,recover-20220828,012,1795
40.8495,40.8596,25468.0,31869.0,Nyctalus leisleri,0.152,0.353,-1,Echolocation,/mnt/ubna_data_02_mir/recover-20220828/UBNA_012/20220826_070000.WAV,Carp Pond,recover-20220828,012,1795
40.9215,40.940799999999996,25468.0,28785.0,Nyctalus leisleri,0.278,0.366,-1,Echolocation,/mnt/ubna_data_02_mir/recover-20220828/UBNA_012/20220826_070000.WAV,Carp Pond,recover-20220828,012,1795
41.0195,41.0377,24609.0,29066.0,Nyctalus leisleri,0.196,0.367,-1,Echolocation,/mnt/ubna_data_02_mir/recover-20220828/UBNA_012/20220826_070000.WAV,Carp Pond,recover-20220828,012,1795
41.1565,41.1729,25468.0,31421.0,Eptesicus serotinus,0.19,0.509,-1,Echolocation,/mnt/ubna_data_02_mir/recover-20220828/UBNA_012/20220826_070000.WAV,Carp Pond,recover-20220828,012,1795
41.323499999999996,41.3423,25468.0,30112.0,Nyctalus leisleri,0.193,0.295,-1,Echolocation,/mnt/ubna_data_02_mir/recover-20220828/UBNA_012/20220826_070000.WAV,Carp Pond,recover-20220828,012,1795
41.4785,41.4902,25468.0,30202.0,Nyctalus leisleri,0.4,0.634,-1,Echolocation,/mnt/ubna_data_02_mir/recover-20220828/UBNA_012/20220826_070000.WAV,Carp Pond,recover-20220828,012,1795
41.5785,41.5933,25468.0,29815.0,Nyctalus leisleri,0.197,0.312,-1,Echolocation,/mnt/ubna_data_02_mir/recover-20220828/UBNA_012/20220826_070000.WAV,Carp Pond,recover-20220828,012,1795
41.6335,41.6465,25468.0,30006.0,Nyctalus leisleri,0.375,0.6,-1,Echolocation,/mnt/ubna_data_02_mir/recover-20220828/UBNA_012/20220826_070000.WAV,Carp Pond,recover-20220828,012,1795
41.8075,41.8194,25468.0,30283.0,Nyctalus leisleri,0.311,0.528,-1,Echolocation,/mnt/ubna_data_02_mir/recover-20220828/UBNA_012/20220826_070000.WAV,Carp Pond,recover-20220828,012,1795
41.8625,41.8767,24609.0,32553.0,Eptesicus serotinus,0.255,0.524,-1,Echolocation,/mnt/ubna_data_02_mir/recover-20220828/UBNA_012/20220826_070000.WAV,Carp Pond,recover-20220828,012,1795
41.9035,41.9161,25468.0,30329.0,Nyctalus leisleri,0.222,0.451,-1,Echolocation,/mnt/ubna_data_02_mir/recover-20220828/UBNA_012/20220826_070000.WAV,Carp Pond,recover-20220828,012,1795
42.1115,42.1242,25468.0,30799.0,Nyctalus leisleri,0.357,0.584,-1,Echolocation,/mnt/ubna_data_02_mir/recover-20220828/UBNA_012/20220826_070000.WAV,Carp Pond,recover-20220828,012,1795
42.2275,42.2397,25468.0,31093.0,Nyctalus leisleri,0.312,0.54,-1,Echolocation,/mnt/ubna_data_02_mir/recover-20220828/UBNA_012/20220826_070000.WAV,Carp Pond,recover-20220828,012,1795
42.3395,42.3515,25468.0,30812.0,Nyctalus leisleri,0.392,0.586,-1,Echolocation,/mnt/ubna_data_02_mir/recover-20220828/UBNA_012/20220826_070000.WAV,Carp Pond,recover-20220828,012,1795
42.411500000000004,42.4262,25468.0,30928.0,Nyctalus leisleri,0.224,0.424,-1,Echolocation,/mnt/ubna_data_02_mir/recover-20220828/UBNA_012/20220826_070000.WAV,Carp Pond,recover-20220828,012,1795
42.6875,42.6999,25468.0,30841.0,Eptesicus serotinus,0.138,0.288,-1,Echolocation,/mnt/ubna_data_02_mir/recover-20220828/UBNA_012/20220826_070000.WAV,Carp Pond,recover-20220828,012,1795
43.1685,43.183,26328.0,31519.0,Nyctalus leisleri,0.299,0.538,-1,Echolocation,/mnt/ubna_data_02_mir/recover-20220828/UBNA_012/20220826_070000.WAV,Carp Pond,recover-20220828,012,1795
43.4155,43.4352,25468.0,29035.0,Nyctalus leisleri,0.214,0.301,-1,Echolocation,/mnt/ubna_data_02_mir/recover-20220828/UBNA_012/20220826_070000.WAV,Carp Pond,recover-20220828,012,1795
43.7335,43.7466,24609.0,28847.0,Nyctalus leisleri,0.308,0.48,-1,Echolocation,/mnt/ubna_data_02_mir/recover-20220828/UBNA_012/20220826_070000.WAV,Carp Pond,recover-20220828,012,1795
44.0045,44.0196,24609.0,28007.0,Nyctalus leisleri,0.419,0.499,-1,Echolocation,/mnt/ubna_data_02_mir/recover-20220828/UBNA_012/20220826_070000.WAV,Carp Pond,recover-20220828,012,1795
44.2805,44.2978,25468.0,29007.0,Nyctalus leisleri,0.348,0.453,-1,Echolocation,/mnt/ubna_data_02_mir/recover-20220828/UBNA_012/20220826_070000.WAV,Carp Pond,recover-20220828,012,1795
44.5525,44.568,25468.0,29867.0,Nyctalus leisleri,0.343,0.642,-1,Echolocation,/mnt/ubna_data_02_mir/recover-20220828/UBNA_012/20220826_070000.WAV,Carp Pond,recover-20220828,012,1795
44.6945,44.708600000000004,26328.0,31256.0,Nyctalus leisleri,0.239,0.632,-1,Echolocation,/mnt/ubna_data_02_mir/recover-20220828/UBNA_012/20220826_070000.WAV,Carp Pond,recover-20220828,012,1795
44.966499999999996,44.9814,25468.0,30196.0,Nyctalus leisleri,0.305,0.455,-1,Echolocation,/mnt/ubna_data_02_mir/recover-20220828/UBNA_012/20220826_070000.WAV,Carp Pond,recover-20220828,012,1795
45.1035,45.1164,26328.0,29738.0,Nyctalus leisleri,0.234,0.334,-1,Echolocation,/mnt/ubna_data_02_mir/recover-20220828/UBNA_012/20220826_070000.WAV,Carp Pond,recover-20220828,012,1795
45.1775,45.1906,25468.0,31302.0,Nyctalus leisleri,0.251,0.422,-1,Echolocation,/mnt/ubna_data_02_mir/recover-20220828/UBNA_012/20220826_070000.WAV,Carp Pond,recover-20220828,012,1795
45.3105,45.3231,26328.0,33408.0,Eptesicus serotinus,0.197,0.388,-1,Echolocation,/mnt/ubna_data_02_mir/recover-20220828/UBNA_012/20220826_070000.WAV,Carp Pond,recover-20220828,012,1795
45.5065,45.5207,26328.0,31425.0,Nyctalus leisleri,0.285,0.608,-1,Echolocation,/mnt/ubna_data_02_mir/recover-20220828/UBNA_012/20220826_070000.WAV,Carp Pond,recover-20220828,012,1795
45.5665,45.5802,26328.0,31746.0,Nyctalus leisleri,0.252,0.432,-1,Echolocation,/mnt/ubna_data_02_mir/recover-20220828/UBNA_012/20220826_070000.WAV,Carp Pond,recover-20220828,012,1795
45.823499999999996,45.8445,25468.0,32460.0,Eptesicus serotinus,0.184,0.367,-1,Echolocation,/mnt/ubna_data_02_mir/recover-20220828/UBNA_012/20220826_070000.WAV,Carp Pond,recover-20220828,012,1795
46.058499999999995,46.073499999999996,25468.0,30099.0,Nyctalus leisleri,0.298,0.576,-1,Echolocation,/mnt/ubna_data_02_mir/recover-20220828/UBNA_012/20220826_070000.WAV,Carp Pond,recover-20220828,012,1795
46.085499999999996,46.1011,27187.0,31684.0,Nyctalus leisleri,0.167,0.304,-1,Echolocation,/mnt/ubna_data_02_mir/recover-20220828/UBNA_012/20220826_070000.WAV,Carp Pond,recover-20220828,012,1795
46.2455,46.266400000000004,25468.0,28679.0,Nyctalus leisleri,0.189,0.263,-1,Echolocation,/mnt/ubna_data_02_mir/recover-20220828/UBNA_012/20220826_070000.WAV,Carp Pond,recover-20220828,012,1795
46.3515,46.3694,25468.0,30975.0,Nyctalus leisleri,0.194,0.369,-1,Echolocation,/mnt/ubna_data_02_mir/recover-20220828/UBNA_012/20220826_070000.WAV,Carp Pond,recover-20220828,012,1795
46.6205,46.637,25468.0,31548.0,Nyctalus leisleri,0.212,0.466,-1,Echolocation,/mnt/ubna_data_02_mir/recover-20220828/UBNA_012/20220826_070000.WAV,Carp Pond,recover-20220828,012,1795
46.8885,46.9053,24609.0,30129.0,Nyctalus leisleri,0.256,0.495,-1,Echolocation,/mnt/ubna_data_02_mir/recover-20220828/UBNA_012/20220826_070000.WAV,Carp Pond,recover-20220828,012,1795
46.9065,46.9199,26328.0,30130.0,Nyctalus leisleri,0.119,0.208,-1,Echolocation,/mnt/ubna_data_02_mir/recover-20220828/UBNA_012/20220826_070000.WAV,Carp Pond,recover-20220828,012,1795
47.0465,47.060900000000004,25468.0,30499.0,Nyctalus leisleri,0.309,0.584,-1,Echolocation,/mnt/ubna_data_02_mir/recover-20220828/UBNA_012/20220826_070000.WAV,Carp Pond,recover-20220828,012,1795
47.1575,47.1706,26328.0,33179.0,Eptesicus serotinus,0.295,0.604,-1,Echolocation,/mnt/ubna_data_02_mir/recover-20220828/UBNA_012/20220826_070000.WAV,Carp Pond,recover-20220828,012,1795
47.4725,47.4871,25468.0,31154.0,Nyctalus leisleri,0.26,0.604,-1,Echolocation,/mnt/ubna_data_02_mir/recover-20220828/UBNA_012/20220826_070000.WAV,Carp Pond,recover-20220828,012,1795
47.560500000000005,47.5784,24609.0,29371.0,Nyctalus leisleri,0.237,0.46,-1,Echolocation,/mnt/ubna_data_02_mir/recover-20220828/UBNA_012/20220826_070000.WAV,Carp Pond,recover-20220828,012,1795
47.6995,47.714200000000005,25468.0,32971.0,Eptesicus serotinus,0.307,0.558,-1,Echolocation,/mnt/ubna_data_02_mir/recover-20220828/UBNA_012/20220826_070000.WAV,Carp Pond,recover-20220828,012,1795
47.822500000000005,47.8381,24609.0,29346.0,Nyctalus leisleri,0.206,0.353,-1,Echolocation,/mnt/ubna_data_02_mir/recover-20220828/UBNA_012/20220826_070000.WAV,Carp Pond,recover-20220828,012,1795
47.8985,47.912800000000004,25468.0,31717.0,Eptesicus serotinus,0.254,0.604,-1,Echolocation,/mnt/ubna_data_02_mir/recover-20220828/UBNA_012/20220826_070000.WAV,Carp Pond,recover-20220828,012,1795
47.9775,47.9938,25468.0,32519.0,Eptesicus serotinus,0.279,0.478,-1,Echolocation,/mnt/ubna_data_02_mir/recover-20220828/UBNA_012/20220826_070000.WAV,Carp Pond,recover-20220828,012,1795
48.1365,48.1572,24609.0,30008.0,Nyctalus leisleri,0.209,0.456,-1,Echolocation,/mnt/ubna_data_02_mir/recover-20220828/UBNA_012/20220826_070000.WAV,Carp Pond,recover-20220828,012,1795
48.2355,48.2482,23750.0,29374.0,Nyctalus leisleri,0.226,0.432,-1,Echolocation,/mnt/ubna_data_02_mir/recover-20220828/UBNA_012/20220826_070000.WAV,Carp Pond,recover-20220828,012,1795
48.2875,48.299099999999996,25468.0,30930.0,Nyctalus leisleri,0.261,0.46,-1,Echolocation,/mnt/ubna_data_02_mir/recover-20220828/UBNA_012/20220826_070000.WAV,Carp Pond,recover-20220828,012,1795
48.414500000000004,48.4272,27187.0,33376.0,Nyctalus leisleri,0.221,0.564,-1,Echolocation,/mnt/ubna_data_02_mir/recover-20220828/UBNA_012/20220826_070000.WAV,Carp Pond,recover-20220828,012,1795
48.4715,48.4884,24609.0,30179.0,Nyctalus leisleri,0.214,0.55,-1,Echolocation,/mnt/ubna_data_02_mir/recover-20220828/UBNA_012/20220826_070000.WAV,Carp Pond,recover-20220828,012,1795
48.6295,48.6432,25468.0,29199.0,Nyctalus leisleri,0.159,0.271,-1,Echolocation,/mnt/ubna_data_02_mir/recover-20220828/UBNA_012/20220826_070000.WAV,Carp Pond,recover-20220828,012,1795
48.701499999999996,48.716899999999995,24609.0,29088.0,Nyctalus leisleri,0.241,0.384,-1,Echolocation,/mnt/ubna_data_02_mir/recover-20220828/UBNA_012/20220826_070000.WAV,Carp Pond,recover-20220828,012,1795
48.9685,48.988600000000005,24609.0,32522.0,Eptesicus serotinus,0.249,0.461,-1,Echolocation,/mnt/ubna_data_02_mir/recover-20220828/UBNA_012/20220826_070000.WAV,Carp Pond,recover-20220828,012,1795
49.0775,49.094300000000004,25468.0,30744.0,Nyctalus leisleri,0.249,0.537,-1,Echolocation,/mnt/ubna_data_02_mir/recover-20220828/UBNA_012/20220826_070000.WAV,Carp Pond,recover-20220828,012,1795
49.2515,49.2654,24609.0,29040.0,Nyctalus leisleri,0.296,0.479,-1,Echolocation,/mnt/ubna_data_02_mir/recover-20220828/UBNA_012/20220826_070000.WAV,Carp Pond,recover-20220828,012,1795
49.5065,49.5253,25468.0,31575.0,Eptesicus serotinus,0.175,0.344,-1,Echolocation,/mnt/ubna_data_02_mir/recover-20220828/UBNA_012/20220826_070000.WAV,Carp Pond,recover-20220828,012,1795
49.5225,49.541799999999995,24609.0,28955.0,Nyctalus leisleri,0.191,0.329,-1,Echolocation,/mnt/ubna_data_02_mir/recover-20220828/UBNA_012/20220826_070000.WAV,Carp Pond,recover-20220828,012,1795
49.679500000000004,49.6922,25468.0,30218.0,Nyctalus leisleri,0.439,0.661,-1,Echolocation,/mnt/ubna_data_02_mir/recover-20220828/UBNA_012/20220826_070000.WAV,Carp Pond,recover-20220828,012,1795
49.7975,49.8121,25468.0,30077.0,Nyctalus leisleri,0.304,0.447,-1,Echolocation,/mnt/ubna_data_02_mir/recover-20220828/UBNA_012/20220826_070000.WAV,Carp Pond,recover-20220828,012,1795
49.9895,50.0021,25468.0,31062.0,Nyctalus leisleri,0.393,0.588,-1,Echolocation,/mnt/ubna_data_02_mir/recover-20220828/UBNA_012/20220826_070000.WAV,Carp Pond,recover-20220828,012,1795
50.073499999999996,50.0925,25468.0,29082.0,Nyctalus leisleri,0.282,0.392,-1,Echolocation,/mnt/ubna_data_02_mir/recover-20220828/UBNA_012/20220826_070000.WAV,Carp Pond,recover-20220828,012,1795
50.1525,50.1653,25468.0,29756.0,Nyctalus leisleri,0.095,0.217,-1,Echolocation,/mnt/ubna_data_02_mir/recover-20220828/UBNA_012/20220826_070000.WAV,Carp Pond,recover-20220828,012,1795
50.432500000000005,50.447500000000005,23750.0,27936.0,Nyctalus leisleri,0.416,0.537,-1,Echolocation,/mnt/ubna_data_02_mir/recover-20220828/UBNA_012/20220826_070000.WAV,Carp Pond,recover-20220828,012,1795
50.4615,50.4748,25468.0,28969.0,Nyctalus leisleri,0.322,0.502,-1,Echolocation,/mnt/ubna_data_02_mir/recover-20220828/UBNA_012/20220826_070000.WAV,Carp Pond,recover-20220828,012,1795
50.5025,50.5218,24609.0,28430.0,Nyctalus leisleri,0.158,0.259,-1,Echolocation,/mnt/ubna_data_02_mir/recover-20220828/UBNA_012/20220826_070000.WAV,Carp Pond,recover-20220828,012,1795
50.7705,50.787,25468.0,30171.0,Nyctalus leisleri,0.317,0.499,-1,Echolocation,/mnt/ubna_data_02_mir/recover-20220828/UBNA_012/20220826_070000.WAV,Carp Pond,recover-20220828,012,1795
50.7905,50.804500000000004,26328.0,30696.0,Nyctalus leisleri,0.126,0.249,-1,Echolocation,/mnt/ubna_data_02_mir/recover-20220828/UBNA_012/20220826_070000.WAV,Carp Pond,recover-20220828,012,1795
51.060500000000005,51.074200000000005,24609.0,29113.0,Nyctalus leisleri,0.225,0.374,-1,Echolocation,/mnt/ubna_data_02_mir/recover-20220828/UBNA_012/20220826_070000.WAV,Carp Pond,recover-20220828,012,1795
51.1255,51.1376,26328.0,31975.0,Nyctalus leisleri,0.237,0.546,-1,Echolocation,/mnt/ubna_data_02_mir/recover-20220828/UBNA_012/20220826_070000.WAV,Carp Pond,recover-20220828,012,1795
51.1965,51.210499999999996,24609.0,29025.0,Nyctalus leisleri,0.189,0.342,-1,Echolocation,/mnt/ubna_data_02_mir/recover-20220828/UBNA_012/20220826_070000.WAV,Carp Pond,recover-20220828,012,1795
51.3765,51.3896,25468.0,29184.0,Nyctalus leisleri,0.456,0.635,-1,Echolocation,/mnt/ubna_data_02_mir/recover-20220828/UBNA_012/20220826_070000.WAV,Carp Pond,recover-20220828,012,1795
51.4225,51.4358,25468.0,30732.0,Nyctalus leisleri,0.255,0.551,-1,Echolocation,/mnt/ubna_data_02_mir/recover-20220828/UBNA_012/20220826_070000.WAV,Carp Pond,recover-20220828,012,1795
51.576499999999996,51.5881,26328.0,32187.0,Eptesicus serotinus,0.253,0.573,-1,Echolocation,/mnt/ubna_data_02_mir/recover-20220828/UBNA_012/20220826_070000.WAV,Carp Pond,recover-20220828,012,1795
51.9795,51.995400000000004,25468.0,28784.0,Nyctalus leisleri,0.27,0.474,-1,Echolocation,/mnt/ubna_data_02_mir/recover-20220828/UBNA_012/20220826_070000.WAV,Carp Pond,recover-20220828,012,1795
52.0135,52.025999999999996,26328.0,31240.0,Nyctalus leisleri,0.365,0.579,-1,Echolocation,/mnt/ubna_data_02_mir/recover-20220828/UBNA_012/20220826_070000.WAV,Carp Pond,recover-20220828,012,1795
52.1305,52.146,25468.0,29373.0,Nyctalus leisleri,0.449,0.582,-1,Echolocation,/mnt/ubna_data_02_mir/recover-20220828/UBNA_012/20220826_070000.WAV,Carp Pond,recover-20220828,012,1795
52.283500000000004,52.2986,25468.0,29991.0,Nyctalus leisleri,0.232,0.355,-1,Echolocation,/mnt/ubna_data_02_mir/recover-20220828/UBNA_012/20220826_070000.WAV,Carp Pond,recover-20220828,012,1795
52.302499999999995,52.3146,27187.0,31023.0,Nyctalus leisleri,0.37,0.546,-1,Echolocation,/mnt/ubna_data_02_mir/recover-20220828/UBNA_012/20220826_070000.WAV,Carp Pond,recover-20220828,012,1795
52.4645,52.476299999999995,26328.0,32140.0,Nyctalus leisleri,0.352,0.605,-1,Echolocation,/mnt/ubna_data_02_mir/recover-20220828/UBNA_012/20220826_070000.WAV,Carp Pond,recover-20220828,012,1795
52.563500000000005,52.579,24609.0,29491.0,Nyctalus leisleri,0.396,0.554,-1,Echolocation,/mnt/ubna_data_02_mir/recover-20220828/UBNA_012/20220826_070000.WAV,Carp Pond,recover-20220828,012,1795
52.701499999999996,52.7208,24609.0,29036.0,Nyctalus leisleri,0.286,0.484,-1,Echolocation,/mnt/ubna_data_02_mir/recover-20220828/UBNA_012/20220826_070000.WAV,Carp Pond,recover-20220828,012,1795
52.7455,52.759100000000004,25468.0,31204.0,Nyctalus leisleri,0.323,0.654,-1,Echolocation,/mnt/ubna_data_02_mir/recover-20220828/UBNA_012/20220826_070000.WAV,Carp Pond,recover-20220828,012,1795
52.9035,52.9142,27187.0,32491.0,Nyctalus leisleri,0.259,0.442,-1,Echolocation,/mnt/ubna_data_02_mir/recover-20220828/UBNA_012/20220826_070000.WAV,Carp Pond,recover-20220828,012,1795
52.9745,52.9895,26328.0,30278.0,Nyctalus leisleri,0.196,0.262,-1,Echolocation,/mnt/ubna_data_02_mir/recover-20220828/UBNA_012/20220826_070000.WAV,Carp Pond,recover-20220828,012,1795
53.1225,53.1356,25468.0,29989.0,Nyctalus leisleri,0.31,0.439,-1,Echolocation,/mnt/ubna_data_02_mir/recover-20220828/UBNA_012/20220826_070000.WAV,Carp Pond,recover-20220828,012,1795
53.305499999999995,53.323,24609.0,28880.0,Nyctalus leisleri,0.359,0.53,-1,Echolocation,/mnt/ubna_data_02_mir/recover-20220828/UBNA_012/20220826_070000.WAV,Carp Pond,recover-20220828,012,1795
53.3545,53.373400000000004,26328.0,31719.0,Nyctalus leisleri,0.196,0.449,-1,Echolocation,/mnt/ubna_data_02_mir/recover-20220828/UBNA_012/20220826_070000.WAV,Carp Pond,recover-20220828,012,1795
53.4565,53.4764,24609.0,28856.0,Nyctalus leisleri,0.283,0.441,-1,Echolocation,/mnt/ubna_data_02_mir/recover-20220828/UBNA_012/20220826_070000.WAV,Carp Pond,recover-20220828,012,1795
53.5245,53.541399999999996,24609.0,29196.0,Nyctalus leisleri,0.182,0.4,-1,Echolocation,/mnt/ubna_data_02_mir/recover-20220828/UBNA_012/20220826_070000.WAV,Carp Pond,recover-20220828,012,1795
53.5985,53.6203,24609.0,29398.0,Nyctalus leisleri,0.185,0.455,-1,Echolocation,/mnt/ubna_data_02_mir/recover-20220828/UBNA_012/20220826_070000.WAV,Carp Pond,recover-20220828,012,1795
53.6525,53.6655,26328.0,29926.0,Nyctalus leisleri,0.33,0.448,-1,Echolocation,/mnt/ubna_data_02_mir/recover-20220828/UBNA_012/20220826_070000.WAV,Carp Pond,recover-20220828,012,1795
53.7855,53.8027,23750.0,28282.0,Nyctalus leisleri,0.264,0.387,-1,Echolocation,/mnt/ubna_data_02_mir/recover-20220828/UBNA_012/20220826_070000.WAV,Carp Pond,recover-20220828,012,1795
53.9695,53.982299999999995,26328.0,33434.0,Eptesicus serotinus,0.275,0.59,-1,Echolocation,/mnt/ubna_data_02_mir/recover-20220828/UBNA_012/20220826_070000.WAV,Carp Pond,recover-20220828,012,1795
54.1295,54.144400000000005,24609.0,28652.0,Nyctalus leisleri,0.356,0.482,-1,Echolocation,/mnt/ubna_data_02_mir/recover-20220828/UBNA_012/20220826_070000.WAV,Carp Pond,recover-20220828,012,1795
54.435500000000005,54.4484,25468.0,33477.0,Eptesicus serotinus,0.381,0.615,-1,Echolocation,/mnt/ubna_data_02_mir/recover-20220828/UBNA_012/20220826_070000.WAV,Carp Pond,recover-20220828,012,1795
54.7185,54.7334,24609.0,28024.0,Nyctalus leisleri,0.245,0.321,-1,Echolocation,/mnt/ubna_data_02_mir/recover-20220828/UBNA_012/20220826_070000.WAV,Carp Pond,recover-20220828,012,1795
54.7345,54.7475,25468.0,30137.0,Nyctalus leisleri,0.23,0.368,-1,Echolocation,/mnt/ubna_data_02_mir/recover-20220828/UBNA_012/20220826_070000.WAV,Carp Pond,recover-20220828,012,1795
54.820499999999996,54.8321,26328.0,30608.0,Nyctalus leisleri,0.161,0.329,-1,Echolocation,/mnt/ubna_data_02_mir/recover-20220828/UBNA_012/20220826_070000.WAV,Carp Pond,recover-20220828,012,1795
55.0505,55.061499999999995,27187.0,33278.0,Nyctalus leisleri,0.288,0.595,-1,Echolocation,/mnt/ubna_data_02_mir/recover-20220828/UBNA_012/20220826_070000.WAV,Carp Pond,recover-20220828,012,1795
55.3125,55.3277,24609.0,28791.0,Nyctalus leisleri,0.39,0.566,-1,Echolocation,/mnt/ubna_data_02_mir/recover-20220828/UBNA_012/20220826_070000.WAV,Carp Pond,recover-20220828,012,1795
55.3825,55.395700000000005,25468.0,29874.0,Nyctalus leisleri,0.319,0.519,-1,Echolocation,/mnt/ubna_data_02_mir/recover-20220828/UBNA_012/20220826_070000.WAV,Carp Pond,recover-20220828,012,1795
55.6965,55.708600000000004,26328.0,33649.0,Eptesicus serotinus,0.323,0.635,-1,Echolocation,/mnt/ubna_data_02_mir/recover-20220828/UBNA_012/20220826_070000.WAV,Carp Pond,recover-20220828,012,1795
56.1085,56.124300000000005,25468.0,30800.0,Nyctalus leisleri,0.182,0.349,-1,Echolocation,/mnt/ubna_data_02_mir/recover-20220828/UBNA_012/20220826_070000.WAV,Carp Pond,recover-20220828,012,1795
56.158500000000004,56.1744,24609.0,29278.0,Nyctalus leisleri,0.242,0.445,-1,Echolocation,/mnt/ubna_data_02_mir/recover-20220828/UBNA_012/20220826_070000.WAV,Carp Pond,recover-20220828,012,1795
56.2415,56.2549,27187.0,32967.0,Nyctalus leisleri,0.358,0.539,-1,Echolocation,/mnt/ubna_data_02_mir/recover-20220828/UBNA_012/20220826_070000.WAV,Carp Pond,recover-20220828,012,1795
56.2725,56.287400000000005,24609.0,27524.0,Nyctalus leisleri,0.309,0.385,-1,Echolocation,/mnt/ubna_data_02_mir/recover-20220828/UBNA_012/20220826_070000.WAV,Carp Pond,recover-20220828,012,1795
56.4055,56.4193,26328.0,32135.0,Nyctalus leisleri,0.284,0.526,-1,Echolocation,/mnt/ubna_data_02_mir/recover-20220828/UBNA_012/20220826_070000.WAV,Carp Pond,recover-20220828,012,1795
56.457499999999996,56.4713,26328.0,31983.0,Nyctalus leisleri,0.195,0.416,-1,Echolocation,/mnt/ubna_data_02_mir/recover-20220828/UBNA_012/20220826_070000.WAV,Carp Pond,recover-20220828,012,1795
56.664500000000004,56.6798,26328.0,31511.0,Nyctalus leisleri,0.281,0.461,-1,Echolocation,/mnt/ubna_data_02_mir/recover-20220828/UBNA_012/20220826_070000.WAV,Carp Pond,recover-20220828,012,1795
56.8975,56.9123,26328.0,33774.0,Eptesicus serotinus,0.325,0.56,-1,Echolocation,/mnt/ubna_data_02_mir/recover-20220828/UBNA_012/20220826_070000.WAV,Carp Pond,recover-20220828,012,1795
56.9495,56.963899999999995,24609.0,29252.0,Nyctalus leisleri,0.125,0.272,-1,Echolocation,/mnt/ubna_data_02_mir/recover-20220828/UBNA_012/20220826_070000.WAV,Carp Pond,recover-20220828,012,1795
57.195499999999996,57.207499999999996,24609.0,28942.0,Nyctalus leisleri,0.13,0.28,-1,Echolocation,/mnt/ubna_data_02_mir/recover-20220828/UBNA_012/20220826_070000.WAV,Carp Pond,recover-20220828,012,1795
57.3535,57.3665,27187.0,34662.0,Eptesicus serotinus,0.29,0.554,-1,Echolocation,/mnt/ubna_data_02_mir/recover-20220828/UBNA_012/20220826_070000.WAV,Carp Pond,recover-20220828,012,1795
57.6655,57.6776,26328.0,33970.0,Eptesicus serotinus,0.357,0.613,-1,Echolocation,/mnt/ubna_data_02_mir/recover-20220828/UBNA_012/20220826_070000.WAV,Carp Pond,recover-20220828,012,1795
57.9585,57.9711,24609.0,29505.0,Nyctalus leisleri,0.325,0.526,-1,Echolocation,/mnt/ubna_data_02_mir/recover-20220828/UBNA_012/20220826_070000.WAV,Carp Pond,recover-20220828,012,1795
58.033500000000004,58.0509,25468.0,29559.0,Nyctalus leisleri,0.235,0.401,-1,Echolocation,/mnt/ubna_data_02_mir/recover-20220828/UBNA_012/20220826_070000.WAV,Carp Pond,recover-20220828,012,1795
58.1485,58.163399999999996,25468.0,29659.0,Nyctalus leisleri,0.109,0.214,-1,Echolocation,/mnt/ubna_data_02_mir/recover-20220828/UBNA_012/20220826_070000.WAV,Carp Pond,recover-20220828,012,1795
58.2695,58.2812,25468.0,33223.0,Eptesicus serotinus,0.403,0.613,-1,Echolocation,/mnt/ubna_data_02_mir/recover-20220828/UBNA_012/20220826_070000.WAV,Carp Pond,recover-20220828,012,1795
58.423500000000004,58.4354,26328.0,34476.0,Eptesicus serotinus,0.386,0.57,-1,Echolocation,/mnt/ubna_data_02_mir/recover-20220828/UBNA_012/20220826_070000.WAV,Carp Pond,recover-20220828,012,1795
58.7385,58.7494,25468.0,31753.0,Nyctalus leisleri,0.264,0.565,-1,Echolocation,/mnt/ubna_data_02_mir/recover-20220828/UBNA_012/20220826_070000.WAV,Carp Pond,recover-20220828,012,1795
58.966499999999996,58.985299999999995,24609.0,28202.0,Nyctalus leisleri,0.145,0.246,-1,Echolocation,/mnt/ubna_data_02_mir/recover-20220828/UBNA_012/20220826_070000.WAV,Carp Pond,recover-20220828,012,1795
59.0505,59.061800000000005,26328.0,32853.0,Eptesicus serotinus,0.281,0.571,-1,Echolocation,/mnt/ubna_data_02_mir/recover-20220828/UBNA_012/20220826_070000.WAV,Carp Pond,recover-20220828,012,1795
59.5085,59.5226,24609.0,29661.0,Nyctalus leisleri,0.366,0.572,-1,Echolocation,/mnt/ubna_data_02_mir/recover-20220828/UBNA_012/20220826_070000.WAV,Carp Pond,recover-20220828,012,1795
59.805499999999995,59.8181,25468.0,32521.0,Eptesicus serotinus,0.383,0.58,-1,Echolocation,/mnt/ubna_data_02_mir/recover-20220828/UBNA_012/20220826_070000.WAV,Carp Pond,recover-20220828,012,1795
60.1085,60.1213,25468.0,30584.0,Nyctalus leisleri,0.311,0.576,-1,Echolocation,/mnt/ubna_data_02_mir/recover-20220828/UBNA_012/20220826_070000.WAV,Carp Pond,recover-20220828,012,1795
60.2585,60.2739,25468.0,30029.0,Nyctalus leisleri,0.271,0.454,-1,Echolocation,/mnt/ubna_data_02_mir/recover-20220828/UBNA_012/20220826_070000.WAV,Carp Pond,recover-20220828,012,1795
60.2765,60.2874,26328.0,32493.0,Eptesicus serotinus,0.285,0.557,-1,Echolocation,/mnt/ubna_data_02_mir/recover-20220828/UBNA_012/20220826_070000.WAV,Carp Pond,recover-20220828,012,1795
60.4195,60.435,24609.0,28636.0,Nyctalus leisleri,0.124,0.228,-1,Echolocation,/mnt/ubna_data_02_mir/recover-20220828/UBNA_012/20220826_070000.WAV,Carp Pond,recover-20220828,012,1795
60.5715,60.5849,24609.0,29725.0,Nyctalus leisleri,0.329,0.542,-1,Echolocation,/mnt/ubna_data_02_mir/recover-20220828/UBNA_012/20220826_070000.WAV,Carp Pond,recover-20220828,012,1795
60.6815,60.7003,25468.0,29594.0,Nyctalus leisleri,0.126,0.242,-1,Echolocation,/mnt/ubna_data_02_mir/recover-20220828/UBNA_012/20220826_070000.WAV,Carp Pond,recover-20220828,012,1795
60.8765,60.888,25468.0,33027.0,Eptesicus serotinus,0.375,0.592,-1,Echolocation,/mnt/ubna_data_02_mir/recover-20220828/UBNA_012/20220826_070000.WAV,Carp Pond,recover-20220828,012,1795
60.9555,60.9674,24609.0,29161.0,Nyctalus leisleri,0.413,0.598,-1,Echolocation,/mnt/ubna_data_02_mir/recover-20220828/UBNA_012/20220826_070000.WAV,Carp Pond,recover-20220828,012,1795
61.2675,61.284,24609.0,28336.0,Nyctalus leisleri,0.204,0.374,-1,Echolocation,/mnt/ubna_data_02_mir/recover-20220828/UBNA_012/20220826_070000.WAV,Carp Pond,recover-20220828,012,1795
61.3325,61.3454,24609.0,28615.0,Nyctalus leisleri,0.346,0.484,-1,Echolocation,/mnt/ubna_data_02_mir/recover-20220828/UBNA_012/20220826_070000.WAV,Carp Pond,recover-20220828,012,1795
61.5375,61.5574,23750.0,28331.0,Nyctalus leisleri,0.207,0.36,-1,Echolocation,/mnt/ubna_data_02_mir/recover-20220828/UBNA_012/20220826_070000.WAV,Carp Pond,recover-20220828,012,1795
61.6365,61.6481,26328.0,32717.0,Nyctalus leisleri,0.284,0.63,-1,Echolocation,/mnt/ubna_data_02_mir/recover-20220828/UBNA_012/20220826_070000.WAV,Carp Pond,recover-20220828,012,1795
61.9135,61.9363,25468.0,29247.0,Nyctalus leisleri,0.199,0.277,-1,Echolocation,/mnt/ubna_data_02_mir/recover-20220828/UBNA_012/20220826_070000.WAV,Carp Pond,recover-20220828,012,1795
62.0765,62.0955,23750.0,29843.0,Eptesicus serotinus,0.19,0.469,-1,Echolocation,/mnt/ubna_data_02_mir/recover-20220828/UBNA_012/20220826_070000.WAV,Carp Pond,recover-20220828,012,1795
62.1915,62.2032,26328.0,30961.0,Nyctalus leisleri,0.177,0.329,-1,Echolocation,/mnt/ubna_data_02_mir/recover-20220828/UBNA_012/20220826_070000.WAV,Carp Pond,recover-20220828,012,1795
62.3085,62.32,26328.0,30868.0,Nyctalus leisleri,0.217,0.379,-1,Echolocation,/mnt/ubna_data_02_mir/recover-20220828/UBNA_012/20220826_070000.WAV,Carp Pond,recover-20220828,012,1795
62.3555,62.3712,25468.0,29742.0,Nyctalus leisleri,0.27,0.389,-1,Echolocation,/mnt/ubna_data_02_mir/recover-20220828/UBNA_012/20220826_070000.WAV,Carp Pond,recover-20220828,012,1795
62.7735,62.7867,25468.0,30273.0,Nyctalus leisleri,0.332,0.54,-1,Echolocation,/mnt/ubna_data_02_mir/recover-20220828/UBNA_012/20220826_070000.WAV,Carp Pond,recover-20220828,012,1795
63.0445,63.0575,24609.0,29036.0,Nyctalus leisleri,0.364,0.528,-1,Echolocation,/mnt/ubna_data_02_mir/recover-20220828/UBNA_012/20220826_070000.WAV,Carp Pond,recover-20220828,012,1795
63.3115,63.3347,24609.0,29015.0,Nyctalus leisleri,0.216,0.366,-1,Echolocation,/mnt/ubna_data_02_mir/recover-20220828/UBNA_012/20220826_070000.WAV,Carp Pond,recover-20220828,012,1795
63.3835,63.3975,25468.0,30489.0,Nyctalus leisleri,0.275,0.526,-1,Echolocation,/mnt/ubna_data_02_mir/recover-20220828/UBNA_012/20220826_070000.WAV,Carp Pond,recover-20220828,012,1795
63.6055,63.6198,24609.0,28553.0,Nyctalus leisleri,0.367,0.532,-1,Echolocation,/mnt/ubna_data_02_mir/recover-20220828/UBNA_012/20220826_070000.WAV,Carp Pond,recover-20220828,012,1795
63.8705,63.8877,24609.0,29229.0,Nyctalus leisleri,0.226,0.464,-1,Echolocation,/mnt/ubna_data_02_mir/recover-20220828/UBNA_012/20220826_070000.WAV,Carp Pond,recover-20220828,012,1795
63.9795,63.9924,25468.0,30693.0,Nyctalus leisleri,0.314,0.528,-1,Echolocation,/mnt/ubna_data_02_mir/recover-20220828/UBNA_012/20220826_070000.WAV,Carp Pond,recover-20220828,012,1795
64.1305,64.1502,24609.0,31188.0,Eptesicus serotinus,0.208,0.478,-1,Echolocation,/mnt/ubna_data_02_mir/recover-20220828/UBNA_012/20220826_070000.WAV,Carp Pond,recover-20220828,012,1795
64.4155,64.432,23750.0,29031.0,Nyctalus leisleri,0.13,0.324,-1,Echolocation,/mnt/ubna_data_02_mir/recover-20220828/UBNA_012/20220826_070000.WAV,Carp Pond,recover-20220828,012,1795
64.4805,64.495,24609.0,29151.0,Nyctalus leisleri,0.223,0.413,-1,Echolocation,/mnt/ubna_data_02_mir/recover-20220828/UBNA_012/20220826_070000.WAV,Carp Pond,recover-20220828,012,1795
64.5555,64.5695,24609.0,29761.0,Nyctalus leisleri,0.248,0.507,-1,Echolocation,/mnt/ubna_data_02_mir/recover-20220828/UBNA_012/20220826_070000.WAV,Carp Pond,recover-20220828,012,1795
64.8325,64.847,24609.0,28503.0,Nyctalus leisleri,0.272,0.401,-1,Echolocation,/mnt/ubna_data_02_mir/recover-20220828/UBNA_012/20220826_070000.WAV,Carp Pond,recover-20220828,012,1795
64.9405,64.9533,25468.0,30251.0,Nyctalus leisleri,0.297,0.514,-1,Echolocation,/mnt/ubna_data_02_mir/recover-20220828/UBNA_012/20220826_070000.WAV,Carp Pond,recover-20220828,012,1795
65.1105,65.1238,24609.0,28333.0,Nyctalus leisleri,0.32,0.449,-1,Echolocation,/mnt/ubna_data_02_mir/recover-20220828/UBNA_012/20220826_070000.WAV,Carp Pond,recover-20220828,012,1795
65.3765,65.39920000000001,25468.0,31253.0,Nyctalus leisleri,0.126,0.303,-1,Echolocation,/mnt/ubna_data_02_mir/recover-20220828/UBNA_012/20220826_070000.WAV,Carp Pond,recover-20220828,012,1795
65.3865,65.4018,25468.0,29384.0,Nyctalus leisleri,0.168,0.297,-1,Echolocation,/mnt/ubna_data_02_mir/recover-20220828/UBNA_012/20220826_070000.WAV,Carp Pond,recover-20220828,012,1795
65.5335,65.5508,25468.0,31038.0,Nyctalus leisleri,0.187,0.379,-1,Echolocation,/mnt/ubna_data_02_mir/recover-20220828/UBNA_012/20220826_070000.WAV,Carp Pond,recover-20220828,012,1795
65.7305,65.7438,26328.0,31732.0,Nyctalus leisleri,0.238,0.378,-1,Echolocation,/mnt/ubna_data_02_mir/recover-20220828/UBNA_012/20220826_070000.WAV,Carp Pond,recover-20220828,012,1795
65.8025,65.8146,24609.0,29242.0,Nyctalus leisleri,0.291,0.429,-1,Echolocation,/mnt/ubna_data_02_mir/recover-20220828/UBNA_012/20220826_070000.WAV,Carp Pond,recover-20220828,012,1795
66.0555,66.0692,24609.0,29897.0,Nyctalus leisleri,0.299,0.527,-1,Echolocation,/mnt/ubna_data_02_mir/recover-20220828/UBNA_012/20220826_070000.WAV,Carp Pond,recover-20220828,012,1795
66.0965,66.11449999999999,25468.0,30355.0,Nyctalus leisleri,0.181,0.315,-1,Echolocation,/mnt/ubna_data_02_mir/recover-20220828/UBNA_012/20220826_070000.WAV,Carp Pond,recover-20220828,012,1795
66.3745,66.3884,24609.0,28988.0,Nyctalus leisleri,0.227,0.376,-1,Echolocation,/mnt/ubna_data_02_mir/recover-20220828/UBNA_012/20220826_070000.WAV,Carp Pond,recover-20220828,012,1795
66.5415,66.5548,25468.0,30338.0,Nyctalus leisleri,0.316,0.591,-1,Echolocation,/mnt/ubna_data_02_mir/recover-20220828/UBNA_012/20220826_070000.WAV,Carp Pond,recover-20220828,012,1795
66.6385,66.6613,25468.0,29157.0,Nyctalus leisleri,0.143,0.239,-1,Echolocation,/mnt/ubna_data_02_mir/recover-20220828/UBNA_012/20220826_070000.WAV,Carp Pond,recover-20220828,012,1795
66.8635,66.8759,26328.0,29976.0,Nyctalus leisleri,0.225,0.35,-1,Echolocation,/mnt/ubna_data_02_mir/recover-20220828/UBNA_012/20220826_070000.WAV,Carp Pond,recover-20220828,012,1795
66.9255,66.9379,24609.0,29080.0,Nyctalus leisleri,0.313,0.514,-1,Echolocation,/mnt/ubna_data_02_mir/recover-20220828/UBNA_012/20220826_070000.WAV,Carp Pond,recover-20220828,012,1795
67.7315,67.7483,26328.0,30150.0,Nyctalus leisleri,0.122,0.208,-1,Echolocation,/mnt/ubna_data_02_mir/recover-20220828/UBNA_012/20220826_070000.WAV,Carp Pond,recover-20220828,012,1795
67.8895,67.9017,24609.0,29897.0,Nyctalus leisleri,0.226,0.409,-1,Echolocation,/mnt/ubna_data_02_mir/recover-20220828/UBNA_012/20220826_070000.WAV,Carp Pond,recover-20220828,012,1795
68.1615,68.1825,25468.0,29983.0,Nyctalus leisleri,0.183,0.305,-1,Echolocation,/mnt/ubna_data_02_mir/recover-20220828/UBNA_012/20220826_070000.WAV,Carp Pond,recover-20220828,012,1795
68.3375,68.3567,23750.0,30420.0,Eptesicus serotinus,0.186,0.354,-1,Echolocation,/mnt/ubna_data_02_mir/recover-20220828/UBNA_012/20220826_070000.WAV,Carp Pond,recover-20220828,012,1795
68.3485,68.3583,48671.0,50612.0,Pipistrellus pipistrellus,0.209,0.258,-1,Echolocation,/mnt/ubna_data_02_mir/recover-20220828/UBNA_012/20220826_070000.WAV,Carp Pond,recover-20220828,012,1795
68.5345,68.5568,24609.0,28546.0,Nyctalus leisleri,0.215,0.292,-1,Echolocation,/mnt/ubna_data_02_mir/recover-20220828/UBNA_012/20220826_070000.WAV,Carp Pond,recover-20220828,012,1795
68.5445,68.5542,48671.0,52152.0,Pipistrellus pipistrellus,0.156,0.206,-1,Echolocation,/mnt/ubna_data_02_mir/recover-20220828/UBNA_012/20220826_070000.WAV,Carp Pond,recover-20220828,012,1795
68.7995,68.8133,24609.0,28786.0,Nyctalus leisleri,0.373,0.502,-1,Echolocation,/mnt/ubna_data_02_mir/recover-20220828/UBNA_012/20220826_070000.WAV,Carp Pond,recover-20220828,012,1795
69.0995,69.1169,25468.0,30018.0,Nyctalus leisleri,0.27,0.373,-1,Echolocation,/mnt/ubna_data_02_mir/recover-20220828/UBNA_012/20220826_070000.WAV,Carp Pond,recover-20220828,012,1795
69.3825,69.3976,24609.0,29312.0,Nyctalus leisleri,0.352,0.463,-1,Echolocation,/mnt/ubna_data_02_mir/recover-20220828/UBNA_012/20220826_070000.WAV,Carp Pond,recover-20220828,012,1795
69.7585,69.7751,23750.0,32412.0,Eptesicus serotinus,0.275,0.443,-1,Echolocation,/mnt/ubna_data_02_mir/recover-20220828/UBNA_012/20220826_070000.WAV,Carp Pond,recover-20220828,012,1795
69.9625,69.9799,24609.0,29633.0,Nyctalus leisleri,0.319,0.512,-1,Echolocation,/mnt/ubna_data_02_mir/recover-20220828/UBNA_012/20220826_070000.WAV,Carp Pond,recover-20220828,012,1795
70.2495,70.2696,24609.0,28769.0,Nyctalus leisleri,0.255,0.359,-1,Echolocation,/mnt/ubna_data_02_mir/recover-20220828/UBNA_012/20220826_070000.WAV,Carp Pond,recover-20220828,012,1795
70.5135,70.5304,25468.0,30183.0,Nyctalus leisleri,0.318,0.5,-1,Echolocation,/mnt/ubna_data_02_mir/recover-20220828/UBNA_012/20220826_070000.WAV,Carp Pond,recover-20220828,012,1795
70.8015,70.8242,24609.0,28201.0,Nyctalus leisleri,0.116,0.211,-1,Echolocation,/mnt/ubna_data_02_mir/recover-20220828/UBNA_012/20220826_070000.WAV,Carp Pond,recover-20220828,012,1795
71.2195,71.2365,25468.0,29970.0,Nyctalus leisleri,0.28,0.399,-1,Echolocation,/mnt/ubna_data_02_mir/recover-20220828/UBNA_012/20220826_070000.WAV,Carp Pond,recover-20220828,012,1795
71.5975,71.6114,26328.0,30735.0,Nyctalus leisleri,0.287,0.423,-1,Echolocation,/mnt/ubna_data_02_mir/recover-20220828/UBNA_012/20220826_070000.WAV,Carp Pond,recover-20220828,012,1795
71.85249999999999,71.8666,26328.0,31306.0,Nyctalus leisleri,0.283,0.434,-1,Echolocation,/mnt/ubna_data_02_mir/recover-20220828/UBNA_012/20220826_070000.WAV,Carp Pond,recover-20220828,012,1795
72.0295,72.0434,25468.0,30307.0,Nyctalus leisleri,0.212,0.396,-1,Echolocation,/mnt/ubna_data_02_mir/recover-20220828/UBNA_012/20220826_070000.WAV,Carp Pond,recover-20220828,012,1795
72.1185,72.1296,25468.0,31424.0,Eptesicus serotinus,0.145,0.274,-1,Echolocation,/mnt/ubna_data_02_mir/recover-20220828/UBNA_012/20220826_070000.WAV,Carp Pond,recover-20220828,012,1795
72.2205,72.237,26328.0,31761.0,Eptesicus serotinus,0.106,0.2,-1,Echolocation,/mnt/ubna_data_02_mir/recover-20220828/UBNA_012/20220826_070000.WAV,Carp Pond,recover-20220828,012,1795
72.39750000000001,72.4092,24609.0,30207.0,Nyctalus leisleri,0.373,0.631,-1,Echolocation,/mnt/ubna_data_02_mir/recover-20220828/UBNA_012/20220826_070000.WAV,Carp Pond,recover-20220828,012,1795
73.2325,73.246,24609.0,28795.0,Nyctalus leisleri,0.318,0.486,-1,Echolocation,/mnt/ubna_data_02_mir/recover-20220828/UBNA_012/20220826_070000.WAV,Carp Pond,recover-20220828,012,1795
73.4815,73.4917,27187.0,34282.0,Eptesicus serotinus,0.3,0.532,-1,Echolocation,/mnt/ubna_data_02_mir/recover-20220828/UBNA_012/20220826_070000.WAV,Carp Pond,recover-20220828,012,1795
73.5315,73.5459,24609.0,28040.0,Nyctalus leisleri,0.27,0.395,-1,Echolocation,/mnt/ubna_data_02_mir/recover-20220828/UBNA_012/20220826_070000.WAV,Carp Pond,recover-20220828,012,1795
73.6235,73.6374,25468.0,33898.0,Eptesicus serotinus,0.33,0.525,-1,Echolocation,/mnt/ubna_data_02_mir/recover-20220828/UBNA_012/20220826_070000.WAV,Carp Pond,recover-20220828,012,1795
73.8165,73.8299,24609.0,29276.0,Nyctalus leisleri,0.376,0.561,-1,Echolocation,/mnt/ubna_data_02_mir/recover-20220828/UBNA_012/20220826_070000.WAV,Carp Pond,recover-20220828,012,1795
73.8495,73.86410000000001,26328.0,32030.0,Eptesicus serotinus,0.237,0.512,-1,Echolocation,/mnt/ubna_data_02_mir/recover-20220828/UBNA_012/20220826_070000.WAV,Carp Pond,recover-20220828,012,1795
74.01650000000001,74.032,23750.0,28428.0,Nyctalus leisleri,0.28,0.415,-1,Echolocation,/mnt/ubna_data_02_mir/recover-20220828/UBNA_012/20220826_070000.WAV,Carp Pond,recover-20220828,012,1795
74.1005,74.115,25468.0,31882.0,Eptesicus serotinus,0.303,0.481,-1,Echolocation,/mnt/ubna_data_02_mir/recover-20220828/UBNA_012/20220826_070000.WAV,Carp Pond,recover-20220828,012,1795
74.2495,74.2678,25468.0,30991.0,Nyctalus leisleri,0.234,0.417,-1,Echolocation,/mnt/ubna_data_02_mir/recover-20220828/UBNA_012/20220826_070000.WAV,Carp Pond,recover-20220828,012,1795
74.3085,74.3225,23750.0,28121.0,Nyctalus leisleri,0.382,0.49,-1,Echolocation,/mnt/ubna_data_02_mir/recover-20220828/UBNA_012/20220826_070000.WAV,Carp Pond,recover-20220828,012,1795
74.3865,74.3999,26328.0,34961.0,Eptesicus serotinus,0.322,0.622,-1,Echolocation,/mnt/ubna_data_02_mir/recover-20220828/UBNA_012/20220826_070000.WAV,Carp Pond,recover-20220828,012,1795
74.5365,74.5484,25468.0,30560.0,Nyctalus leisleri,0.191,0.398,-1,Echolocation,/mnt/ubna_data_02_mir/recover-20220828/UBNA_012/20220826_070000.WAV,Carp Pond,recover-20220828,012,1795
74.5525,74.5632,24609.0,29310.0,Nyctalus leisleri,0.139,0.29,-1,Echolocation,/mnt/ubna_data_02_mir/recover-20220828/UBNA_012/20220826_070000.WAV,Carp Pond,recover-20220828,012,1795
74.7915,74.807,25468.0,33010.0,Eptesicus serotinus,0.293,0.589,-1,Echolocation,/mnt/ubna_data_02_mir/recover-20220828/UBNA_012/20220826_070000.WAV,Carp Pond,recover-20220828,012,1795
75.0015,75.0151,26328.0,30644.0,Nyctalus leisleri,0.28,0.51,-1,Echolocation,/mnt/ubna_data_02_mir/recover-20220828/UBNA_012/20220826_070000.WAV,Carp Pond,recover-20220828,012,1795
75.0575,75.0721,24609.0,29547.0,Nyctalus leisleri,0.358,0.534,-1,Echolocation,/mnt/ubna_data_02_mir/recover-20220828/UBNA_012/20220826_070000.WAV,Carp Pond,recover-20220828,012,1795
75.1985,75.2123,25468.0,33954.0,Eptesicus serotinus,0.385,0.607,-1,Echolocation,/mnt/ubna_data_02_mir/recover-20220828/UBNA_012/20220826_070000.WAV,Carp Pond,recover-20220828,012,1795
75.4585,75.4721,23750.0,29137.0,Nyctalus leisleri,0.139,0.312,-1,Echolocation,/mnt/ubna_data_02_mir/recover-20220828/UBNA_012/20220826_070000.WAV,Carp Pond,recover-20220828,012,1795
75.4725,75.4865,25468.0,29840.0,Nyctalus leisleri,0.213,0.347,-1,Echolocation,/mnt/ubna_data_02_mir/recover-20220828/UBNA_012/20220826_070000.WAV,Carp Pond,recover-20220828,012,1795
75.8675,75.8796,26328.0,31697.0,Nyctalus leisleri,0.337,0.609,-1,Echolocation,/mnt/ubna_data_02_mir/recover-20220828/UBNA_012/20220826_070000.WAV,Carp Pond,recover-20220828,012,1795
75.9625,75.9764,25468.0,32704.0,Eptesicus serotinus,0.337,0.581,-1,Echolocation,/mnt/ubna_data_02_mir/recover-20220828/UBNA_012/20220826_070000.WAV,Carp Pond,recover-20220828,012,1795
76.23349999999999,76.2481,25468.0,29315.0,Nyctalus leisleri,0.32,0.482,-1,Echolocation,/mnt/ubna_data_02_mir/recover-20220828/UBNA_012/20220826_070000.WAV,Carp Pond,recover-20220828,012,1795
76.2825,76.2949,25468.0,30923.0,Nyctalus leisleri,0.353,0.623,-1,Echolocation,/mnt/ubna_data_02_mir/recover-20220828/UBNA_012/20220826_070000.WAV,Carp Pond,recover-20220828,012,1795
76.5735,76.5859,25468.0,30253.0,Nyctalus leisleri,0.231,0.404,-1,Echolocation,/mnt/ubna_data_02_mir/recover-20220828/UBNA_012/20220826_070000.WAV,Carp Pond,recover-20220828,012,1795
76.6455,76.6605,25468.0,30531.0,Eptesicus serotinus,0.22,0.457,-1,Echolocation,/mnt/ubna_data_02_mir/recover-20220828/UBNA_012/20220826_070000.WAV,Carp Pond,recover-20220828,012,1795
76.8485,76.8599,26328.0,33207.0,Eptesicus serotinus,0.365,0.623,-1,Echolocation,/mnt/ubna_data_02_mir/recover-20220828/UBNA_012/20220826_070000.WAV,Carp Pond,recover-20220828,012,1795
76.9185,76.9345,25468.0,29441.0,Nyctalus leisleri,0.265,0.385,-1,Echolocation,/mnt/ubna_data_02_mir/recover-20220828/UBNA_012/20220826_070000.WAV,Carp Pond,recover-20220828,012,1795
77.1385,77.1497,27187.0,34066.0,Eptesicus serotinus,0.281,0.562,-1,Echolocation,/mnt/ubna_data_02_mir/recover-20220828/UBNA_012/20220826_070000.WAV,Carp Pond,recover-20220828,012,1795
77.1635,77.1745,25468.0,30234.0,Nyctalus leisleri,0.23,0.4,-1,Echolocation,/mnt/ubna_data_02_mir/recover-20220828/UBNA_012/20220826_070000.WAV,Carp Pond,recover-20220828,012,1795
77.4105,77.4229,25468.0,29866.0,Nyctalus leisleri,0.333,0.498,-1,Echolocation,/mnt/ubna_data_02_mir/recover-20220828/UBNA_012/20220826_070000.WAV,Carp Pond,recover-20220828,012,1795
77.60249999999999,77.61449999999999,26328.0,32018.0,Nyctalus leisleri,0.239,0.543,-1,Echolocation,/mnt/ubna_data_02_mir/recover-20220828/UBNA_012/20220826_070000.WAV,Carp Pond,recover-20220828,012,1795
77.6725,77.6861,26328.0,32693.0,Eptesicus serotinus,0.232,0.511,-1,Echolocation,/mnt/ubna_data_02_mir/recover-20220828/UBNA_012/20220826_070000.WAV,Carp Pond,recover-20220828,012,1795
77.8065,77.8181,27187.0,33522.0,Eptesicus serotinus,0.274,0.481,-1,Echolocation,/mnt/ubna_data_02_mir/recover-20220828/UBNA_012/20220826_070000.WAV,Carp Pond,recover-20220828,012,1795
77.8955,77.90780000000001,25468.0,31399.0,Nyctalus leisleri,0.279,0.595,-1,Echolocation,/mnt/ubna_data_02_mir/recover-20220828/UBNA_012/20220826_070000.WAV,Carp Pond,recover-20220828,012,1795
78.0765,78.09049999999999,25468.0,29472.0,Nyctalus leisleri,0.113,0.223,-1,Echolocation,/mnt/ubna_data_02_mir/recover-20220828/UBNA_012/20220826_070000.WAV,Carp Pond,recover-20220828,012,1795
78.1745,78.18469999999999,26328.0,32154.0,Nyctalus leisleri,0.26,0.564,-1,Echolocation,/mnt/ubna_data_02_mir/recover-20220828/UBNA_012/20220826_070000.WAV,Carp Pond,recover-20220828,012,1795
78.2115,78.22409999999999,26328.0,32481.0,Eptesicus serotinus,0.203,0.423,-1,Echolocation,/mnt/ubna_data_02_mir/recover-20220828/UBNA_012/20220826_070000.WAV,Carp Pond,recover-20220828,012,1795
78.4805,78.4965,25468.0,29416.0,Nyctalus leisleri,0.28,0.397,-1,Echolocation,/mnt/ubna_data_02_mir/recover-20220828/UBNA_012/20220826_070000.WAV,Carp Pond,recover-20220828,012,1795
78.6095,78.62440000000001,23750.0,28238.0,Nyctalus leisleri,0.299,0.453,-1,Echolocation,/mnt/ubna_data_02_mir/recover-20220828/UBNA_012/20220826_070000.WAV,Carp Pond,recover-20220828,012,1795
78.7615,78.777,25468.0,31831.0,Eptesicus serotinus,0.167,0.354,-1,Echolocation,/mnt/ubna_data_02_mir/recover-20220828/UBNA_012/20220826_070000.WAV,Carp Pond,recover-20220828,012,1795
78.7815,78.7937,25468.0,30953.0,Eptesicus serotinus,0.121,0.249,-1,Echolocation,/mnt/ubna_data_02_mir/recover-20220828/UBNA_012/20220826_070000.WAV,Carp Pond,recover-20220828,012,1795
79.2165,79.2305,23750.0,28817.0,Nyctalus leisleri,0.081,0.226,-1,Echolocation,/mnt/ubna_data_02_mir/recover-20220828/UBNA_012/20220826_070000.WAV,Carp Pond,recover-20220828,012,1795
79.3075,79.32509999999999,25468.0,30639.0,Nyctalus leisleri,0.296,0.419,-1,Echolocation,/mnt/ubna_data_02_mir/recover-20220828/UBNA_012/20220826_070000.WAV,Carp Pond,recover-20220828,012,1795
79.5055,79.5187,26328.0,31800.0,Nyctalus leisleri,0.321,0.595,-1,Echolocation,/mnt/ubna_data_02_mir/recover-20220828/UBNA_012/20220826_070000.WAV,Carp Pond,recover-20220828,012,1795
79.5865,79.6036,25468.0,29771.0,Nyctalus leisleri,0.15,0.246,-1,Echolocation,/mnt/ubna_data_02_mir/recover-20220828/UBNA_012/20220826_070000.WAV,Carp Pond,recover-20220828,012,1795
79.8155,79.8288,24609.0,30790.0,Nyctalus leisleri,0.228,0.479,-1,Echolocation,/mnt/ubna_data_02_mir/recover-20220828/UBNA_012/20220826_070000.WAV,Carp Pond,recover-20220828,012,1795
79.85849999999999,79.8776,24609.0,30241.0,Nyctalus leisleri,0.156,0.36,-1,Echolocation,/mnt/ubna_data_02_mir/recover-20220828/UBNA_012/20220826_070000.WAV,Carp Pond,recover-20220828,012,1795
79.98949999999999,80.0036,26328.0,31378.0,Nyctalus leisleri,0.135,0.292,-1,Echolocation,/mnt/ubna_data_02_mir/recover-20220828/UBNA_012/20220826_070000.WAV,Carp Pond,recover-20220828,012,1795
80.1235,80.13810000000001,26328.0,30590.0,Nyctalus leisleri,0.296,0.444,-1,Echolocation,/mnt/ubna_data_02_mir/recover-20220828/UBNA_012/20220826_070000.WAV,Carp Pond,recover-20220828,012,1795
80.2855,80.2981,27187.0,34061.0,Eptesicus serotinus,0.23,0.5,-1,Echolocation,/mnt/ubna_data_02_mir/recover-20220828/UBNA_012/20220826_070000.WAV,Carp Pond,recover-20220828,012,1795
80.4185,80.4338,28046.0,33156.0,Eptesicus serotinus,0.139,0.292,-1,Echolocation,/mnt/ubna_data_02_mir/recover-20220828/UBNA_012/20220826_070000.WAV,Carp Pond,recover-20220828,012,1795
80.5435,80.5579,27187.0,33719.0,Nyctalus leisleri,0.17,0.366,-1,Echolocation,/mnt/ubna_data_02_mir/recover-20220828/UBNA_012/20220826_070000.WAV,Carp Pond,recover-20220828,012,1795
80.6645,80.6757,27187.0,35459.0,Eptesicus serotinus,0.304,0.5,-1,Echolocation,/mnt/ubna_data_02_mir/recover-20220828/UBNA_012/20220826_070000.WAV,Carp Pond,recover-20220828,012,1795
80.7505,80.7602,28046.0,37796.0,Eptesicus serotinus,0.38,0.511,-1,Echolocation,/mnt/ubna_data_02_mir/recover-20220828/UBNA_012/20220826_070000.WAV,Carp Pond,recover-20220828,012,1795
81.40350000000001,81.4192,26328.0,32355.0,Nyctalus leisleri,0.176,0.348,-1,Echolocation,/mnt/ubna_data_02_mir/recover-20220828/UBNA_012/20220826_070000.WAV,Carp Pond,recover-20220828,012,1795
81.4435,81.4593,25468.0,30442.0,Nyctalus leisleri,0.247,0.448,-1,Echolocation,/mnt/ubna_data_02_mir/recover-20220828/UBNA_012/20220826_070000.WAV,Carp Pond,recover-20220828,012,1795
81.5295,81.5449,26328.0,32465.0,Nyctalus leisleri,0.257,0.509,-1,Echolocation,/mnt/ubna_data_02_mir/recover-20220828/UBNA_012/20220826_070000.WAV,Carp Pond,recover-20220828,012,1795
81.6615,81.67320000000001,27187.0,33231.0,Nyctalus leisleri,0.384,0.612,-1,Echolocation,/mnt/ubna_data_02_mir/recover-20220828/UBNA_012/20220826_070000.WAV,Carp Pond,recover-20220828,012,1795
81.7365,81.7478,24609.0,29378.0,Nyctalus leisleri,0.325,0.492,-1,Echolocation,/mnt/ubna_data_02_mir/recover-20220828/UBNA_012/20220826_070000.WAV,Carp Pond,recover-20220828,012,1795
81.8065,81.8209,26328.0,35490.0,Eptesicus serotinus,0.291,0.517,-1,Echolocation,/mnt/ubna_data_02_mir/recover-20220828/UBNA_012/20220826_070000.WAV,Carp Pond,recover-20220828,012,1795
81.9465,81.9599,27187.0,36117.0,Eptesicus serotinus,0.305,0.471,-1,Echolocation,/mnt/ubna_data_02_mir/recover-20220828/UBNA_012/20220826_070000.WAV,Carp Pond,recover-20220828,012,1795
82.1055,82.1178,25468.0,30204.0,Nyctalus leisleri,0.284,0.444,-1,Echolocation,/mnt/ubna_data_02_mir/recover-20220828/UBNA_012/20220826_070000.WAV,Carp Pond,recover-20220828,012,1795
82.1785,82.1914,24609.0,32144.0,Eptesicus serotinus,0.337,0.513,-1,Echolocation,/mnt/ubna_data_02_mir/recover-20220828/UBNA_012/20220826_070000.WAV,Carp Pond,recover-20220828,012,1795
82.26050000000001,82.2741,27187.0,34112.0,Nyctalus leisleri,0.25,0.572,-1,Echolocation,/mnt/ubna_data_02_mir/recover-20220828/UBNA_012/20220826_070000.WAV,Carp Pond,recover-20220828,012,1795
82.4765,82.48740000000001,27187.0,32595.0,Nyctalus leisleri,0.343,0.593,-1,Echolocation,/mnt/ubna_data_02_mir/recover-20220828/UBNA_012/20220826_070000.WAV,Carp Pond,recover-20220828,012,1795
82.54650000000001,82.56,25468.0,31334.0,Eptesicus serotinus,0.12,0.249,-1,Echolocation,/mnt/ubna_data_02_mir/recover-20220828/UBNA_012/20220826_070000.WAV,Carp Pond,recover-20220828,012,1795
82.7325,82.74549999999999,23750.0,28436.0,Nyctalus leisleri,0.276,0.441,-1,Echolocation,/mnt/ubna_data_02_mir/recover-20220828/UBNA_012/20220826_070000.WAV,Carp Pond,recover-20220828,012,1795
82.76650000000001,82.7793,25468.0,30555.0,Nyctalus leisleri,0.289,0.56,-1,Echolocation,/mnt/ubna_data_02_mir/recover-20220828/UBNA_012/20220826_070000.WAV,Carp Pond,recover-20220828,012,1795
82.8365,82.856,26328.0,31750.0,Nyctalus leisleri,0.116,0.267,-1,Echolocation,/mnt/ubna_data_02_mir/recover-20220828/UBNA_012/20220826_070000.WAV,Carp Pond,recover-20220828,012,1795
83.0645,83.0781,26328.0,31627.0,Eptesicus serotinus,0.267,0.537,-1,Echolocation,/mnt/ubna_data_02_mir/recover-20220828/UBNA_012/20220826_070000.WAV,Carp Pond,recover-20220828,012,1795
83.2165,83.22800000000001,26328.0,33792.0,Eptesicus serotinus,0.331,0.599,-1,Echolocation,/mnt/ubna_data_02_mir/recover-20220828/UBNA_012/20220826_070000.WAV,Carp Pond,recover-20220828,012,1795
83.3895,83.406,25468.0,30593.0,Nyctalus leisleri,0.228,0.44,-1,Echolocation,/mnt/ubna_data_02_mir/recover-20220828/UBNA_012/20220826_070000.WAV,Carp Pond,recover-20220828,012,1795
83.5115,83.5251,25468.0,29639.0,Nyctalus leisleri,0.331,0.509,-1,Echolocation,/mnt/ubna_data_02_mir/recover-20220828/UBNA_012/20220826_070000.WAV,Carp Pond,recover-20220828,012,1795
83.5535,83.5688,24609.0,28977.0,Nyctalus leisleri,0.139,0.254,-1,Echolocation,/mnt/ubna_data_02_mir/recover-20220828/UBNA_012/20220826_070000.WAV,Carp Pond,recover-20220828,012,1795
83.8175,83.8319,25468.0,29751.0,Nyctalus leisleri,0.292,0.429,-1,Echolocation,/mnt/ubna_data_02_mir/recover-20220828/UBNA_012/20220826_070000.WAV,Carp Pond,recover-20220828,012,1795
83.9495,83.9616,26328.0,33709.0,Eptesicus serotinus,0.388,0.61,-1,Echolocation,/mnt/ubna_data_02_mir/recover-20220828/UBNA_012/20220826_070000.WAV,Carp Pond,recover-20220828,012,1795
84.0865,84.1012,24609.0,29618.0,Nyctalus leisleri,0.138,0.281,-1,Echolocation,/mnt/ubna_data_02_mir/recover-20220828/UBNA_012/20220826_070000.WAV,Carp Pond,recover-20220828,012,1795
84.2535,84.2666,24609.0,31716.0,Eptesicus serotinus,0.31,0.574,-1,Echolocation,/mnt/ubna_data_02_mir/recover-20220828/UBNA_012/20220826_070000.WAV,Carp Pond,recover-20220828,012,1795
84.3535,84.3689,25468.0,29990.0,Nyctalus leisleri,0.212,0.372,-1,Echolocation,/mnt/ubna_data_02_mir/recover-20220828/UBNA_012/20220826_070000.WAV,Carp Pond,recover-20220828,012,1795
84.6735,84.6901,23750.0,28616.0,Nyctalus leisleri,0.27,0.402,-1,Echolocation,/mnt/ubna_data_02_mir/recover-20220828/UBNA_012/20220826_070000.WAV,Carp Pond,recover-20220828,012,1795
84.6955,84.7089,26328.0,33395.0,Eptesicus serotinus,0.323,0.579,-1,Echolocation,/mnt/ubna_data_02_mir/recover-20220828/UBNA_012/20220826_070000.WAV,Carp Pond,recover-20220828,012,1795
84.9005,84.9174,25468.0,29364.0,Nyctalus leisleri,0.393,0.521,-1,Echolocation,/mnt/ubna_data_02_mir/recover-20220828/UBNA_012/20220826_070000.WAV,Carp Pond,recover-20220828,012,1795
84.9915,85.0059,24609.0,31044.0,Eptesicus serotinus,0.303,0.579,-1,Echolocation,/mnt/ubna_data_02_mir/recover-20220828/UBNA_012/20220826_070000.WAV,Carp Pond,recover-20220828,012,1795
85.2875,85.3011,25468.0,33084.0,Eptesicus serotinus,0.364,0.589,-1,Echolocation,/mnt/ubna_data_02_mir/recover-20220828/UBNA_012/20220826_070000.WAV,Carp Pond,recover-20220828,012,1795
85.4505,85.46600000000001,24609.0,29859.0,Nyctalus leisleri,0.208,0.397,-1,Echolocation,/mnt/ubna_data_02_mir/recover-20220828/UBNA_012/20220826_070000.WAV,Carp Pond,recover-20220828,012,1795
85.5915,85.6055,26328.0,33308.0,Eptesicus serotinus,0.324,0.551,-1,Echolocation,/mnt/ubna_data_02_mir/recover-20220828/UBNA_012/20220826_070000.WAV,Carp Pond,recover-20220828,012,1795
85.89150000000001,85.9059,24609.0,29992.0,Eptesicus serotinus,0.236,0.564,-1,Echolocation,/mnt/ubna_data_02_mir/recover-20220828/UBNA_012/20220826_070000.WAV,Carp Pond,recover-20220828,012,1795
86.08449999999999,86.1031,25468.0,29085.0,Nyctalus leisleri,0.193,0.263,-1,Echolocation,/mnt/ubna_data_02_mir/recover-20220828/UBNA_012/20220826_070000.WAV,Carp Pond,recover-20220828,012,1795
86.2005,86.2157,25468.0,31755.0,Eptesicus serotinus,0.351,0.551,-1,Echolocation,/mnt/ubna_data_02_mir/recover-20220828/UBNA_012/20220826_070000.WAV,Carp Pond,recover-20220828,012,1795
86.3925,86.407,25468.0,29916.0,Nyctalus leisleri,0.285,0.418,-1,Echolocation,/mnt/ubna_data_02_mir/recover-20220828/UBNA_012/20220826_070000.WAV,Carp Pond,recover-20220828,012,1795
86.5155,86.5298,24609.0,30677.0,Eptesicus serotinus,0.288,0.599,-1,Echolocation,/mnt/ubna_data_02_mir/recover-20220828/UBNA_012/20220826_070000.WAV,Carp Pond,recover-20220828,012,1795
86.8325,86.8454,25468.0,32659.0,Eptesicus serotinus,0.419,0.591,-1,Echolocation,/mnt/ubna_data_02_mir/recover-20220828/UBNA_012/20220826_070000.WAV,Carp Pond,recover-20220828,012,1795
86.9125,86.93,25468.0,28923.0,Nyctalus leisleri,0.143,0.213,-1,Echolocation,/mnt/ubna_data_02_mir/recover-20220828/UBNA_012/20220826_070000.WAV,Carp Pond,recover-20220828,012,1795
86.9825,86.9921,27187.0,34421.0,Nyctalus leisleri,0.296,0.634,-1,Echolocation,/mnt/ubna_data_02_mir/recover-20220828/UBNA_012/20220826_070000.WAV,Carp Pond,recover-20220828,012,1795
87.2875,87.3015,25468.0,30412.0,Nyctalus leisleri,0.313,0.581,-1,Echolocation,/mnt/ubna_data_02_mir/recover-20220828/UBNA_012/20220826_070000.WAV,Carp Pond,recover-20220828,012,1795
87.5885,87.6007,26328.0,32628.0,Nyctalus leisleri,0.3,0.676,-1,Echolocation,/mnt/ubna_data_02_mir/recover-20220828/UBNA_012/20220826_070000.WAV,Carp Pond,recover-20220828,012,1795
88.03450000000001,88.0495,24609.0,29699.0,Nyctalus leisleri,0.324,0.566,-1,Echolocation,/mnt/ubna_data_02_mir/recover-20220828/UBNA_012/20220826_070000.WAV,Carp Pond,recover-20220828,012,1795
88.3435,88.35810000000001,26328.0,32128.0,Eptesicus serotinus,0.239,0.542,-1,Echolocation,/mnt/ubna_data_02_mir/recover-20220828/UBNA_012/20220826_070000.WAV,Carp Pond,recover-20220828,012,1795
88.9335,88.9457,24609.0,29854.0,Nyctalus leisleri,0.338,0.553,-1,Echolocation,/mnt/ubna_data_02_mir/recover-20220828/UBNA_012/20220826_070000.WAV,Carp Pond,recover-20220828,012,1795
89.0995,89.1121,26328.0,32939.0,Nyctalus leisleri,0.261,0.564,-1,Echolocation,/mnt/ubna_data_02_mir/recover-20220828/UBNA_012/20220826_070000.WAV,Carp Pond,recover-20220828,012,1795
89.22749999999999,89.2389,25468.0,33882.0,Eptesicus serotinus,0.452,0.636,-1,Echolocation,/mnt/ubna_data_02_mir/recover-20220828/UBNA_012/20220826_070000.WAV,Carp Pond,recover-20220828,012,1795
89.3335,89.348,25468.0,32426.0,Eptesicus serotinus,0.235,0.491,-1,Echolocation,/mnt/ubna_data_02_mir/recover-20220828/UBNA_012/20220826_070000.WAV,Carp Pond,recover-20220828,012,1795
89.3745,89.3851,28046.0,33698.0,Nyctalus leisleri,0.235,0.488,-1,Echolocation,/mnt/ubna_data_02_mir/recover-20220828/UBNA_012/20220826_070000.WAV,Carp Pond,recover-20220828,012,1795
89.45349999999999,89.4636,27187.0,35017.0,Eptesicus serotinus,0.306,0.639,-1,Echolocation,/mnt/ubna_data_02_mir/recover-20220828/UBNA_012/20220826_070000.WAV,Carp Pond,recover-20220828,012,1795
89.5895,89.601,28046.0,33091.0,Nyctalus leisleri,0.19,0.376,-1,Echolocation,/mnt/ubna_data_02_mir/recover-20220828/UBNA_012/20220826_070000.WAV,Carp Pond,recover-20220828,012,1795
89.6935,89.7077,24609.0,30328.0,Nyctalus leisleri,0.349,0.625,-1,Echolocation,/mnt/ubna_data_02_mir/recover-20220828/UBNA_012/20220826_070000.WAV,Carp Pond,recover-20220828,012,1795
89.7255,89.7388,26328.0,33872.0,Eptesicus serotinus,0.272,0.477,-1,Echolocation,/mnt/ubna_data_02_mir/recover-20220828/UBNA_012/20220826_070000.WAV,Carp Pond,recover-20220828,012,1795
89.87049999999999,89.88550000000001,26328.0,30417.0,Nyctalus leisleri,0.237,0.387,-1,Echolocation,/mnt/ubna_data_02_mir/recover-20220828/UBNA_012/20220826_070000.WAV,Carp Pond,recover-20220828,012,1795
89.9925,90.0026,28046.0,34761.0,Nyctalus leisleri,0.37,0.631,-1,Echolocation,/mnt/ubna_data_02_mir/recover-20220828/UBNA_012/20220826_070000.WAV,Carp Pond,recover-20220828,012,1795
90.0015,90.0108,25468.0,31989.0,Nyctalus leisleri,0.295,0.393,-1,Echolocation,/mnt/ubna_data_02_mir/recover-20220828/UBNA_012/20220826_070000.WAV,Carp Pond,recover-20220828,012,1795
90.1475,90.1581,27187.0,35793.0,Eptesicus serotinus,0.313,0.673,-1,Echolocation,/mnt/ubna_data_02_mir/recover-20220828/UBNA_012/20220826_070000.WAV,Carp Pond,recover-20220828,012,1795
90.3735,90.3859,25468.0,30017.0,Nyctalus leisleri,0.233,0.357,-1,Echolocation,/mnt/ubna_data_02_mir/recover-20220828/UBNA_012/20220826_070000.WAV,Carp Pond,recover-20220828,012,1795
90.4615,90.4711,27187.0,34356.0,Nyctalus leisleri,0.323,0.657,-1,Echolocation,/mnt/ubna_data_02_mir/recover-20220828/UBNA_012/20220826_070000.WAV,Carp Pond,recover-20220828,012,1795
90.7645,90.7771,26328.0,34504.0,Eptesicus serotinus,0.418,0.645,-1,Echolocation,/mnt/ubna_data_02_mir/recover-20220828/UBNA_012/20220826_070000.WAV,Carp Pond,recover-20220828,012,1795
91.0325,91.0465,25468.0,30708.0,Nyctalus leisleri,0.161,0.315,-1,Echolocation,/mnt/ubna_data_02_mir/recover-20220828/UBNA_012/20220826_070000.WAV,Carp Pond,recover-20220828,012,1795
91.0635,91.0756,25468.0,31100.0,Nyctalus leisleri,0.26,0.611,-1,Echolocation,/mnt/ubna_data_02_mir/recover-20220828/UBNA_012/20220826_070000.WAV,Carp Pond,recover-20220828,012,1795
91.3695,91.3812,26328.0,34546.0,Eptesicus serotinus,0.382,0.605,-1,Echolocation,/mnt/ubna_data_02_mir/recover-20220828/UBNA_012/20220826_070000.WAV,Carp Pond,recover-20220828,012,1795
91.5635,91.5774,25468.0,29935.0,Nyctalus leisleri,0.33,0.479,-1,Echolocation,/mnt/ubna_data_02_mir/recover-20220828/UBNA_012/20220826_070000.WAV,Carp Pond,recover-20220828,012,1795
91.8085,91.8214,24609.0,31506.0,Eptesicus serotinus,0.288,0.593,-1,Echolocation,/mnt/ubna_data_02_mir/recover-20220828/UBNA_012/20220826_070000.WAV,Carp Pond,recover-20220828,012,1795
92.1035,92.1168,25468.0,33951.0,Eptesicus serotinus,0.408,0.599,-1,Echolocation,/mnt/ubna_data_02_mir/recover-20220828/UBNA_012/20220826_070000.WAV,Carp Pond,recover-20220828,012,1795
92.5315,92.54429999999999,24609.0,30425.0,Eptesicus serotinus,0.283,0.537,-1,Echolocation,/mnt/ubna_data_02_mir/recover-20220828/UBNA_012/20220826_070000.WAV,Carp Pond,recover-20220828,012,1795
92.8225,92.8361,26328.0,35116.0,Eptesicus serotinus,0.424,0.656,-1,Echolocation,/mnt/ubna_data_02_mir/recover-20220828/UBNA_012/20220826_070000.WAV,Carp Pond,recover-20220828,012,1795
93.2685,93.2809,25468.0,30547.0,Nyctalus leisleri,0.369,0.596,-1,Echolocation,/mnt/ubna_data_02_mir/recover-20220828/UBNA_012/20220826_070000.WAV,Carp Pond,recover-20220828,012,1795
93.5575,93.5713,26328.0,34153.0,Eptesicus serotinus,0.346,0.628,-1,Echolocation,/mnt/ubna_data_02_mir/recover-20220828/UBNA_012/20220826_070000.WAV,Carp Pond,recover-20220828,012,1795
93.8685,93.8815,25468.0,29794.0,Nyctalus leisleri,0.349,0.518,-1,Echolocation,/mnt/ubna_data_02_mir/recover-20220828/UBNA_012/20220826_070000.WAV,Carp Pond,recover-20220828,012,1795
94.1675,94.1815,25468.0,34296.0,Eptesicus serotinus,0.428,0.593,-1,Echolocation,/mnt/ubna_data_02_mir/recover-20220828/UBNA_012/20220826_070000.WAV,Carp Pond,recover-20220828,012,1795
94.6165,94.6308,24609.0,29613.0,Nyctalus leisleri,0.25,0.44,-1,Echolocation,/mnt/ubna_data_02_mir/recover-20220828/UBNA_012/20220826_070000.WAV,Carp Pond,recover-20220828,012,1795
94.74549999999999,94.7599,26328.0,29842.0,Nyctalus leisleri,0.226,0.35,-1,Echolocation,/mnt/ubna_data_02_mir/recover-20220828/UBNA_012/20220826_070000.WAV,Carp Pond,recover-20220828,012,1795
94.8785,94.8897,26328.0,33763.0,Eptesicus serotinus,0.339,0.632,-1,Echolocation,/mnt/ubna_data_02_mir/recover-20220828/UBNA_012/20220826_070000.WAV,Carp Pond,recover-20220828,012,1795
95.1805,95.1952,26328.0,30289.0,Nyctalus leisleri,0.237,0.342,-1,Echolocation,/mnt/ubna_data_02_mir/recover-20220828/UBNA_012/20220826_070000.WAV,Carp Pond,recover-20220828,012,1795
95.2175,95.2303,23750.0,29055.0,Nyctalus leisleri,0.231,0.426,-1,Echolocation,/mnt/ubna_data_02_mir/recover-20220828/UBNA_012/20220826_070000.WAV,Carp Pond,recover-20220828,012,1795
95.3335,95.3458,25468.0,29531.0,Nyctalus leisleri,0.138,0.251,-1,Echolocation,/mnt/ubna_data_02_mir/recover-20220828/UBNA_012/20220826_070000.WAV,Carp Pond,recover-20220828,012,1795
95.3625,95.3811,23750.0,28362.0,Nyctalus leisleri,0.142,0.234,-1,Echolocation,/mnt/ubna_data_02_mir/recover-20220828/UBNA_012/20220826_070000.WAV,Carp Pond,recover-20220828,012,1795
95.5185,95.5347,25468.0,29952.0,Nyctalus leisleri,0.194,0.308,-1,Echolocation,/mnt/ubna_data_02_mir/recover-20220828/UBNA_012/20220826_070000.WAV,Carp Pond,recover-20220828,012,1795
95.6225,95.6373,25468.0,34353.0,Eptesicus serotinus,0.402,0.518,-1,Echolocation,/mnt/ubna_data_02_mir/recover-20220828/UBNA_012/20220826_070000.WAV,Carp Pond,recover-20220828,012,1795
95.9345,95.9494,23750.0,28626.0,Nyctalus leisleri,0.208,0.367,-1,Echolocation,/mnt/ubna_data_02_mir/recover-20220828/UBNA_012/20220826_070000.WAV,Carp Pond,recover-20220828,012,1795
96.4405,96.4612,24609.0,28508.0,Nyctalus leisleri,0.312,0.466,-1,Echolocation,/mnt/ubna_data_02_mir/recover-20220828/UBNA_012/20220826_070000.WAV,Carp Pond,recover-20220828,012,1795
96.6315,96.6491,23750.0,27496.0,Nyctalus leisleri,0.237,0.297,-1,Echolocation,/mnt/ubna_data_02_mir/recover-20220828/UBNA_012/20220826_070000.WAV,Carp Pond,recover-20220828,012,1795
96.6825,96.7034,24609.0,28153.0,Nyctalus leisleri,0.341,0.443,-1,Echolocation,/mnt/ubna_data_02_mir/recover-20220828/UBNA_012/20220826_070000.WAV,Carp Pond,recover-20220828,012,1795
96.7825,96.795,25468.0,30625.0,Nyctalus leisleri,0.258,0.54,-1,Echolocation,/mnt/ubna_data_02_mir/recover-20220828/UBNA_012/20220826_070000.WAV,Carp Pond,recover-20220828,012,1795
96.9145,96.9303,23750.0,28237.0,Nyctalus leisleri,0.398,0.515,-1,Echolocation,/mnt/ubna_data_02_mir/recover-20220828/UBNA_012/20220826_070000.WAV,Carp Pond,recover-20220828,012,1795
97.1985,97.2138,24609.0,28250.0,Nyctalus leisleri,0.375,0.503,-1,Echolocation,/mnt/ubna_data_02_mir/recover-20220828/UBNA_012/20220826_070000.WAV,Carp Pond,recover-20220828,012,1795
97.25450000000001,97.2663,25468.0,30122.0,Nyctalus leisleri,0.418,0.56,-1,Echolocation,/mnt/ubna_data_02_mir/recover-20220828/UBNA_012/20220826_070000.WAV,Carp Pond,recover-20220828,012,1795
97.3695,97.3836,23750.0,28989.0,Nyctalus leisleri,0.254,0.45,-1,Echolocation,/mnt/ubna_data_02_mir/recover-20220828/UBNA_012/20220826_070000.WAV,Carp Pond,recover-20220828,012,1795
98.0805,98.0938,23750.0,29063.0,Nyctalus leisleri,0.352,0.554,-1,Echolocation,/mnt/ubna_data_02_mir/recover-20220828/UBNA_012/20220826_070000.WAV,Carp Pond,recover-20220828,012,1795
98.3695,98.383,23750.0,27832.0,Nyctalus leisleri,0.273,0.413,-1,Echolocation,/mnt/ubna_data_02_mir/recover-20220828/UBNA_012/20220826_070000.WAV,Carp Pond,recover-20220828,012,1795
99.5995,99.6156,25468.0,30174.0,Nyctalus leisleri,0.189,0.307,-1,Echolocation,/mnt/ubna_data_02_mir/recover-20220828/UBNA_012/20220826_070000.WAV,Carp Pond,recover-20220828,012,1795
99.76650000000001,99.7865,23750.0,28723.0,Nyctalus leisleri,0.249,0.39,-1,Echolocation,/mnt/ubna_data_02_mir/recover-20220828/UBNA_012/20220826_070000.WAV,Carp Pond,recover-20220828,012,1795
100.1855,100.2034,25468.0,30671.0,Nyctalus leisleri,0.2,0.446,-1,Echolocation,/mnt/ubna_data_02_mir/recover-20220828/UBNA_012/20220826_070000.WAV,Carp Pond,recover-20220828,012,1795
100.9465,100.9663,24609.0,31279.0,Eptesicus serotinus,0.234,0.431,-1,Echolocation,/mnt/ubna_data_02_mir/recover-20220828/UBNA_012/20220826_070000.WAV,Carp Pond,recover-20220828,012,1795
101.2405,101.2558,23750.0,27615.0,Nyctalus leisleri,0.151,0.271,-1,Echolocation,/mnt/ubna_data_02_mir/recover-20220828/UBNA_012/20220826_070000.WAV,Carp Pond,recover-20220828,012,1795
101.2695,101.2871,25468.0,29149.0,Nyctalus leisleri,0.247,0.342,-1,Echolocation,/mnt/ubna_data_02_mir/recover-20220828/UBNA_012/20220826_070000.WAV,Carp Pond,recover-20220828,012,1795
101.7005,101.714,25468.0,33682.0,Eptesicus serotinus,0.389,0.576,-1,Echolocation,/mnt/ubna_data_02_mir/recover-20220828/UBNA_012/20220826_070000.WAV,Carp Pond,recover-20220828,012,1795
101.9905,102.0017,26328.0,32559.0,Nyctalus leisleri,0.297,0.564,-1,Echolocation,/mnt/ubna_data_02_mir/recover-20220828/UBNA_012/20220826_070000.WAV,Carp Pond,recover-20220828,012,1795
102.0015,102.012,24609.0,29650.0,Nyctalus leisleri,0.2,0.276,-1,Echolocation,/mnt/ubna_data_02_mir/recover-20220828/UBNA_012/20220826_070000.WAV,Carp Pond,recover-20220828,012,1795
102.2875,102.2999,24609.0,29438.0,Nyctalus leisleri,0.223,0.483,-1,Echolocation,/mnt/ubna_data_02_mir/recover-20220828/UBNA_012/20220826_070000.WAV,Carp Pond,recover-20220828,012,1795
102.7375,102.7517,25468.0,31418.0,Eptesicus serotinus,0.292,0.534,-1,Echolocation,/mnt/ubna_data_02_mir/recover-20220828/UBNA_012/20220826_070000.WAV,Carp Pond,recover-20220828,012,1795
102.8995,102.9089,26328.0,32979.0,Nyctalus leisleri,0.316,0.639,-1,Echolocation,/mnt/ubna_data_02_mir/recover-20220828/UBNA_012/20220826_070000.WAV,Carp Pond,recover-20220828,012,1795
103.0695,103.084,23750.0,27933.0,Nyctalus leisleri,0.419,0.523,-1,Echolocation,/mnt/ubna_data_02_mir/recover-20220828/UBNA_012/20220826_070000.WAV,Carp Pond,recover-20220828,012,1795
103.3275,103.3417,25468.0,33652.0,Eptesicus serotinus,0.36,0.564,-1,Echolocation,/mnt/ubna_data_02_mir/recover-20220828/UBNA_012/20220826_070000.WAV,Carp Pond,recover-20220828,012,1795
103.6165,103.6305,24609.0,30137.0,Nyctalus leisleri,0.298,0.617,-1,Echolocation,/mnt/ubna_data_02_mir/recover-20220828/UBNA_012/20220826_070000.WAV,Carp Pond,recover-20220828,012,1795
103.9115,103.925,25468.0,31664.0,Eptesicus serotinus,0.283,0.523,-1,Echolocation,/mnt/ubna_data_02_mir/recover-20220828/UBNA_012/20220826_070000.WAV,Carp Pond,recover-20220828,012,1795
104.3625,104.3753,24609.0,30471.0,Eptesicus serotinus,0.284,0.535,-1,Echolocation,/mnt/ubna_data_02_mir/recover-20220828/UBNA_012/20220826_070000.WAV,Carp Pond,recover-20220828,012,1795
104.6715,104.6861,25468.0,33532.0,Eptesicus serotinus,0.374,0.581,-1,Echolocation,/mnt/ubna_data_02_mir/recover-20220828/UBNA_012/20220826_070000.WAV,Carp Pond,recover-20220828,012,1795
105.1195,105.1372,24609.0,28951.0,Nyctalus leisleri,0.327,0.447,-1,Echolocation,/mnt/ubna_data_02_mir/recover-20220828/UBNA_012/20220826_070000.WAV,Carp Pond,recover-20220828,012,1795
105.4135,105.4271,26328.0,34342.0,Eptesicus serotinus,0.35,0.6,-1,Echolocation,/mnt/ubna_data_02_mir/recover-20220828/UBNA_012/20220826_070000.WAV,Carp Pond,recover-20220828,012,1795
105.85849999999999,105.87049999999999,24609.0,29247.0,Nyctalus leisleri,0.381,0.61,-1,Echolocation,/mnt/ubna_data_02_mir/recover-20220828/UBNA_012/20220826_070000.WAV,Carp Pond,recover-20220828,012,1795
105.9865,105.9971,28046.0,34415.0,Eptesicus serotinus,0.226,0.411,-1,Echolocation,/mnt/ubna_data_02_mir/recover-20220828/UBNA_012/20220826_070000.WAV,Carp Pond,recover-20220828,012,1795
106.2765,106.2891,26328.0,34109.0,Eptesicus serotinus,0.358,0.502,-1,Echolocation,/mnt/ubna_data_02_mir/recover-20220828/UBNA_012/20220826_070000.WAV,Carp Pond,recover-20220828,012,1795
106.5765,106.5889,24609.0,30093.0,Eptesicus serotinus,0.252,0.514,-1,Echolocation,/mnt/ubna_data_02_mir/recover-20220828/UBNA_012/20220826_070000.WAV,Carp Pond,recover-20220828,012,1795
106.8745,106.8874,24609.0,32917.0,Eptesicus serotinus,0.432,0.554,-1,Echolocation,/mnt/ubna_data_02_mir/recover-20220828/UBNA_012/20220826_070000.WAV,Carp Pond,recover-20220828,012,1795
107.1855,107.1995,25468.0,31026.0,Eptesicus serotinus,0.274,0.461,-1,Echolocation,/mnt/ubna_data_02_mir/recover-20220828/UBNA_012/20220826_070000.WAV,Carp Pond,recover-20220828,012,1795
107.64150000000001,107.6548,25468.0,31823.0,Eptesicus serotinus,0.313,0.541,-1,Echolocation,/mnt/ubna_data_02_mir/recover-20220828/UBNA_012/20220826_070000.WAV,Carp Pond,recover-20220828,012,1795
107.9505,107.963,24609.0,29368.0,Nyctalus leisleri,0.357,0.567,-1,Echolocation,/mnt/ubna_data_02_mir/recover-20220828/UBNA_012/20220826_070000.WAV,Carp Pond,recover-20220828,012,1795
108.26050000000001,108.2737,25468.0,33408.0,Eptesicus serotinus,0.374,0.542,-1,Echolocation,/mnt/ubna_data_02_mir/recover-20220828/UBNA_012/20220826_070000.WAV,Carp Pond,recover-20220828,012,1795
108.5685,108.5831,24609.0,30786.0,Eptesicus serotinus,0.26,0.573,-1,Echolocation,/mnt/ubna_data_02_mir/recover-20220828/UBNA_012/20220826_070000.WAV,Carp Pond,recover-20220828,012,1795
108.8695,108.8829,25468.0,32250.0,Eptesicus serotinus,0.322,0.602,-1,Echolocation,/mnt/ubna_data_02_mir/recover-20220828/UBNA_012/20220826_070000.WAV,Carp Pond,recover-20220828,012,1795
109.3115,109.3253,24609.0,30503.0,Nyctalus leisleri,0.298,0.624,-1,Echolocation,/mnt/ubna_data_02_mir/recover-20220828/UBNA_012/20220826_070000.WAV,Carp Pond,recover-20220828,012,1795
109.6155,109.6294,25468.0,32730.0,Eptesicus serotinus,0.358,0.589,-1,Echolocation,/mnt/ubna_data_02_mir/recover-20220828/UBNA_012/20220826_070000.WAV,Carp Pond,recover-20220828,012,1795
109.7245,109.7351,28906.0,34669.0,Eptesicus serotinus,0.19,0.308,-1,Echolocation,/mnt/ubna_data_02_mir/recover-20220828/UBNA_012/20220826_070000.WAV,Carp Pond,recover-20220828,012,1795
109.8935,109.9057,26328.0,31920.0,Nyctalus leisleri,0.329,0.627,-1,Echolocation,/mnt/ubna_data_02_mir/recover-20220828/UBNA_012/20220826_070000.WAV,Carp Pond,recover-20220828,012,1795
110.1775,110.1902,25468.0,33745.0,Eptesicus serotinus,0.439,0.619,-1,Echolocation,/mnt/ubna_data_02_mir/recover-20220828/UBNA_012/20220826_070000.WAV,Carp Pond,recover-20220828,012,1795
110.4635,110.477,24609.0,30027.0,Eptesicus serotinus,0.251,0.561,-1,Echolocation,/mnt/ubna_data_02_mir/recover-20220828/UBNA_012/20220826_070000.WAV,Carp Pond,recover-20220828,012,1795
110.7765,110.79050000000001,25468.0,32411.0,Eptesicus serotinus,0.36,0.515,-1,Echolocation,/mnt/ubna_data_02_mir/recover-20220828/UBNA_012/20220826_070000.WAV,Carp Pond,recover-20220828,012,1795
111.2355,111.2477,24609.0,28769.0,Nyctalus leisleri,0.287,0.442,-1,Echolocation,/mnt/ubna_data_02_mir/recover-20220828/UBNA_012/20220826_070000.WAV,Carp Pond,recover-20220828,012,1795
111.5375,111.5503,25468.0,33740.0,Eptesicus serotinus,0.432,0.576,-1,Echolocation,/mnt/ubna_data_02_mir/recover-20220828/UBNA_012/20220826_070000.WAV,Carp Pond,recover-20220828,012,1795
112.0015,112.0142,24609.0,29393.0,Nyctalus leisleri,0.246,0.38,-1,Echolocation,/mnt/ubna_data_02_mir/recover-20220828/UBNA_012/20220826_070000.WAV,Carp Pond,recover-20220828,012,1795
112.2535,112.2693,23750.0,27754.0,Nyctalus leisleri,0.453,0.539,-1,Echolocation,/mnt/ubna_data_02_mir/recover-20220828/UBNA_012/20220826_070000.WAV,Carp Pond,recover-20220828,012,1795
112.2975,112.3107,25468.0,31616.0,Eptesicus serotinus,0.335,0.561,-1,Echolocation,/mnt/ubna_data_02_mir/recover-20220828/UBNA_012/20220826_070000.WAV,Carp Pond,recover-20220828,012,1795
112.5255,112.5444,22890.0,27569.0,Nyctalus leisleri,0.319,0.427,-1,Echolocation,/mnt/ubna_data_02_mir/recover-20220828/UBNA_012/20220826_070000.WAV,Carp Pond,recover-20220828,012,1795
112.7465,112.76,25468.0,29949.0,Nyctalus leisleri,0.347,0.604,-1,Echolocation,/mnt/ubna_data_02_mir/recover-20220828/UBNA_012/20220826_070000.WAV,Carp Pond,recover-20220828,012,1795
112.7945,112.812,23750.0,28315.0,Nyctalus leisleri,0.37,0.478,-1,Echolocation,/mnt/ubna_data_02_mir/recover-20220828/UBNA_012/20220826_070000.WAV,Carp Pond,recover-20220828,012,1795
113.0575,113.0706,26328.0,32910.0,Eptesicus serotinus,0.293,0.557,-1,Echolocation,/mnt/ubna_data_02_mir/recover-20220828/UBNA_012/20220826_070000.WAV,Carp Pond,recover-20220828,012,1795
113.2185,113.2287,26328.0,32928.0,Eptesicus serotinus,0.266,0.575,-1,Echolocation,/mnt/ubna_data_02_mir/recover-20220828/UBNA_012/20220826_070000.WAV,Carp Pond,recover-20220828,012,1795
113.35849999999999,113.37440000000001,23750.0,28162.0,Nyctalus leisleri,0.467,0.593,-1,Echolocation,/mnt/ubna_data_02_mir/recover-20220828/UBNA_012/20220826_070000.WAV,Carp Pond,recover-20220828,012,1795
113.5205,113.5315,25468.0,30535.0,Nyctalus leisleri,0.261,0.449,-1,Echolocation,/mnt/ubna_data_02_mir/recover-20220828/UBNA_012/20220826_070000.WAV,Carp Pond,recover-20220828,012,1795
113.6365,113.6511,23750.0,27583.0,Nyctalus leisleri,0.5,0.598,-1,Echolocation,/mnt/ubna_data_02_mir/recover-20220828/UBNA_012/20220826_070000.WAV,Carp Pond,recover-20220828,012,1795
113.8095,113.8236,25468.0,33320.0,Eptesicus serotinus,0.315,0.457,-1,Echolocation,/mnt/ubna_data_02_mir/recover-20220828/UBNA_012/20220826_070000.WAV,Carp Pond,recover-20220828,012,1795
113.92150000000001,113.9373,23750.0,27878.0,Nyctalus leisleri,0.438,0.538,-1,Echolocation,/mnt/ubna_data_02_mir/recover-20220828/UBNA_012/20220826_070000.WAV,Carp Pond,recover-20220828,012,1795
114.2015,114.2153,23750.0,28045.0,Nyctalus leisleri,0.354,0.462,-1,Echolocation,/mnt/ubna_data_02_mir/recover-20220828/UBNA_012/20220826_070000.WAV,Carp Pond,recover-20220828,012,1795
114.47149999999999,114.4861,23750.0,28860.0,Nyctalus leisleri,0.476,0.612,-1,Echolocation,/mnt/ubna_data_02_mir/recover-20220828/UBNA_012/20220826_070000.WAV,Carp Pond,recover-20220828,012,1795
114.5645,114.5778,25468.0,30776.0,Eptesicus serotinus,0.195,0.42,-1,Echolocation,/mnt/ubna_data_02_mir/recover-20220828/UBNA_012/20220826_070000.WAV,Carp Pond,recover-20220828,012,1795
114.7425,114.7581,23750.0,28154.0,Nyctalus leisleri,0.162,0.247,-1,Echolocation,/mnt/ubna_data_02_mir/recover-20220828/UBNA_012/20220826_070000.WAV,Carp Pond,recover-20220828,012,1795
114.87049999999999,114.8815,24609.0,29525.0,Nyctalus leisleri,0.259,0.44,-1,Echolocation,/mnt/ubna_data_02_mir/recover-20220828/UBNA_012/20220826_070000.WAV,Carp Pond,recover-20220828,012,1795
115.0275,115.0457,23750.0,27729.0,Nyctalus leisleri,0.199,0.299,-1,Echolocation,/mnt/ubna_data_02_mir/recover-20220828/UBNA_012/20220826_070000.WAV,Carp Pond,recover-20220828,012,1795
115.1735,115.1853,25468.0,31228.0,Nyctalus leisleri,0.267,0.538,-1,Echolocation,/mnt/ubna_data_02_mir/recover-20220828/UBNA_012/20220826_070000.WAV,Carp Pond,recover-20220828,012,1795
115.3155,115.3302,23750.0,28120.0,Nyctalus leisleri,0.525,0.614,-1,Echolocation,/mnt/ubna_data_02_mir/recover-20220828/UBNA_012/20220826_070000.WAV,Carp Pond,recover-20220828,012,1795
115.6115,115.6231,25468.0,30566.0,Nyctalus leisleri,0.266,0.463,-1,Echolocation,/mnt/ubna_data_02_mir/recover-20220828/UBNA_012/20220826_070000.WAV,Carp Pond,recover-20220828,012,1795
115.76650000000001,115.7847,25468.0,29410.0,Nyctalus leisleri,0.139,0.216,-1,Echolocation,/mnt/ubna_data_02_mir/recover-20220828/UBNA_012/20220826_070000.WAV,Carp Pond,recover-20220828,012,1795
115.89750000000001,115.91,24609.0,29278.0,Nyctalus leisleri,0.225,0.411,-1,Echolocation,/mnt/ubna_data_02_mir/recover-20220828/UBNA_012/20220826_070000.WAV,Carp Pond,recover-20220828,012,1795
116.1845,116.1989,28046.0,33246.0,Eptesicus serotinus,0.117,0.251,-1,Echolocation,/mnt/ubna_data_02_mir/recover-20220828/UBNA_012/20220826_070000.WAV,Carp Pond,recover-20220828,012,1795
116.5915,116.6088,23750.0,28833.0,Nyctalus leisleri,0.173,0.294,-1,Echolocation,/mnt/ubna_data_02_mir/recover-20220828/UBNA_012/20220826_070000.WAV,Carp Pond,recover-20220828,012,1795
116.6315,116.642,24609.0,30148.0,Nyctalus leisleri,0.227,0.463,-1,Echolocation,/mnt/ubna_data_02_mir/recover-20220828/UBNA_012/20220826_070000.WAV,Carp Pond,recover-20220828,012,1795
116.9325,116.94579999999999,25468.0,30861.0,Eptesicus serotinus,0.161,0.32,-1,Echolocation,/mnt/ubna_data_02_mir/recover-20220828/UBNA_012/20220826_070000.WAV,Carp Pond,recover-20220828,012,1795
117.6775,117.6919,25468.0,30273.0,Nyctalus leisleri,0.14,0.3,-1,Echolocation,/mnt/ubna_data_02_mir/recover-20220828/UBNA_012/20220826_070000.WAV,Carp Pond,recover-20220828,012,1795
118.9905,119.009,25468.0,29692.0,Nyctalus leisleri,0.128,0.205,-1,Echolocation,/mnt/ubna_data_02_mir/recover-20220828/UBNA_012/20220826_070000.WAV,Carp Pond,recover-20220828,012,1795
119.6645,119.6839,24609.0,28109.0,Nyctalus leisleri,0.149,0.237,-1,Echolocation,/mnt/ubna_data_02_mir/recover-20220828/UBNA_012/20220826_070000.WAV,Carp Pond,recover-20220828,012,1795
119.7565,119.7735,25468.0,30194.0,Nyctalus leisleri,0.119,0.239,-1,Echolocation,/mnt/ubna_data_02_mir/recover-20220828/UBNA_012/20220826_070000.WAV,Carp Pond,recover-20220828,012,1795
120.1745,120.1953,26328.0,29818.0,Nyctalus leisleri,0.128,0.217,-1,Echolocation,/mnt/ubna_data_02_mir/recover-20220828/UBNA_012/20220826_070000.WAV,Carp Pond,recover-20220828,012,1795
120.2285,120.2457,26328.0,30073.0,Nyctalus leisleri,0.135,0.225,-1,Echolocation,/mnt/ubna_data_02_mir/recover-20220828/UBNA_012/20220826_070000.WAV,Carp Pond,recover-20220828,012,1795
120.3245,120.3365,25468.0,31387.0,Nyctalus leisleri,0.23,0.495,-1,Echolocation,/mnt/ubna_data_02_mir/recover-20220828/UBNA_012/20220826_070000.WAV,Carp Pond,recover-20220828,012,1795
120.9065,120.9218,25468.0,29767.0,Eptesicus serotinus,0.101,0.222,-1,Echolocation,/mnt/ubna_data_02_mir/recover-20220828/UBNA_012/20220826_070000.WAV,Carp Pond,recover-20220828,012,1795
121.3035,121.3229,26328.0,29439.0,Nyctalus leisleri,0.238,0.336,-1,Echolocation,/mnt/ubna_data_02_mir/recover-20220828/UBNA_012/20220826_070000.WAV,Carp Pond,recover-20220828,012,1795
122.6695,122.6906,25468.0,28824.0,Nyctalus leisleri,0.272,0.345,-1,Echolocation,/mnt/ubna_data_02_mir/recover-20220828/UBNA_012/20220826_070000.WAV,Carp Pond,recover-20220828,012,1795
123.3295,123.3527,24609.0,28827.0,Nyctalus leisleri,0.183,0.268,-1,Echolocation,/mnt/ubna_data_02_mir/recover-20220828/UBNA_012/20220826_070000.WAV,Carp Pond,recover-20220828,012,1795
124.1445,124.1644,25468.0,29400.0,Nyctalus leisleri,0.324,0.434,-1,Echolocation,/mnt/ubna_data_02_mir/recover-20220828/UBNA_012/20220826_070000.WAV,Carp Pond,recover-20220828,012,1795
124.2885,124.3014,25468.0,31139.0,Nyctalus leisleri,0.29,0.489,-1,Echolocation,/mnt/ubna_data_02_mir/recover-20220828/UBNA_012/20220826_070000.WAV,Carp Pond,recover-20220828,012,1795
124.6885,124.7114,25468.0,29403.0,Nyctalus leisleri,0.241,0.326,-1,Echolocation,/mnt/ubna_data_02_mir/recover-20220828/UBNA_012/20220826_070000.WAV,Carp Pond,recover-20220828,012,1795
124.9015,124.9237,25468.0,29543.0,Nyctalus leisleri,0.239,0.374,-1,Echolocation,/mnt/ubna_data_02_mir/recover-20220828/UBNA_012/20220826_070000.WAV,Carp Pond,recover-20220828,012,1795
125.1705,125.1885,25468.0,29029.0,Nyctalus leisleri,0.381,0.491,-1,Echolocation,/mnt/ubna_data_02_mir/recover-20220828/UBNA_012/20220826_070000.WAV,Carp Pond,recover-20220828,012,1795
125.8435,125.8623,25468.0,28553.0,Nyctalus leisleri,0.375,0.435,-1,Echolocation,/mnt/ubna_data_02_mir/recover-20220828/UBNA_012/20220826_070000.WAV,Carp Pond,recover-20220828,012,1795
126.2135,126.2253,26328.0,30983.0,Nyctalus leisleri,0.228,0.408,-1,Echolocation,/mnt/ubna_data_02_mir/recover-20220828/UBNA_012/20220826_070000.WAV,Carp Pond,recover-20220828,012,1795
128.1335,128.1481,27187.0,31140.0,Nyctalus leisleri,0.152,0.27,-1,Echolocation,/mnt/ubna_data_02_mir/recover-20220828/UBNA_012/20220826_070000.WAV,Carp Pond,recover-20220828,012,1795
128.7275,128.74099999999999,26328.0,32412.0,Eptesicus serotinus,0.265,0.523,-1,Echolocation,/mnt/ubna_data_02_mir/recover-20220828/UBNA_012/20220826_070000.WAV,Carp Pond,recover-20220828,012,1795
129.0245,129.0387,24609.0,30926.0,Eptesicus serotinus,0.178,0.375,-1,Echolocation,/mnt/ubna_data_02_mir/recover-20220828/UBNA_012/20220826_070000.WAV,Carp Pond,recover-20220828,012,1795
129.32150000000001,129.3327,25468.0,30687.0,Eptesicus serotinus,0.173,0.359,-1,Echolocation,/mnt/ubna_data_02_mir/recover-20220828/UBNA_012/20220826_070000.WAV,Carp Pond,recover-20220828,012,1795
129.6225,129.6354,25468.0,30149.0,Nyctalus leisleri,0.174,0.339,-1,Echolocation,/mnt/ubna_data_02_mir/recover-20220828/UBNA_012/20220826_070000.WAV,Carp Pond,recover-20220828,012,1795
129.9275,129.939,26328.0,32478.0,Eptesicus serotinus,0.263,0.576,-1,Echolocation,/mnt/ubna_data_02_mir/recover-20220828/UBNA_012/20220826_070000.WAV,Carp Pond,recover-20220828,012,1795
130.0755,130.0869,26328.0,31391.0,Nyctalus leisleri,0.285,0.538,-1,Echolocation,/mnt/ubna_data_02_mir/recover-20220828/UBNA_012/20220826_070000.WAV,Carp Pond,recover-20220828,012,1795
130.3665,130.3779,24609.0,30731.0,Eptesicus serotinus,0.233,0.496,-1,Echolocation,/mnt/ubna_data_02_mir/recover-20220828/UBNA_012/20220826_070000.WAV,Carp Pond,recover-20220828,012,1795
130.6645,130.6774,25468.0,30960.0,Nyctalus leisleri,0.387,0.597,-1,Echolocation,/mnt/ubna_data_02_mir/recover-20220828/UBNA_012/20220826_070000.WAV,Carp Pond,recover-20220828,012,1795
130.8495,130.8687,24609.0,28993.0,Nyctalus leisleri,0.161,0.265,-1,Echolocation,/mnt/ubna_data_02_mir/recover-20220828/UBNA_012/20220826_070000.WAV,Carp Pond,recover-20220828,012,1795
130.9715,130.9844,24609.0,30288.0,Nyctalus leisleri,0.247,0.539,-1,Echolocation,/mnt/ubna_data_02_mir/recover-20220828/UBNA_012/20220826_070000.WAV,Carp Pond,recover-20220828,012,1795
131.2685,131.2805,25468.0,31856.0,Nyctalus leisleri,0.224,0.484,-1,Echolocation,/mnt/ubna_data_02_mir/recover-20220828/UBNA_012/20220826_070000.WAV,Carp Pond,recover-20220828,012,1795
131.4015,131.4167,24609.0,29059.0,Nyctalus leisleri,0.205,0.353,-1,Echolocation,/mnt/ubna_data_02_mir/recover-20220828/UBNA_012/20220826_070000.WAV,Carp Pond,recover-20220828,012,1795
131.8885,131.9016,25468.0,30356.0,Nyctalus leisleri,0.278,0.533,-1,Echolocation,/mnt/ubna_data_02_mir/recover-20220828/UBNA_012/20220826_070000.WAV,Carp Pond,recover-20220828,012,1795
132.3685,132.3815,23750.0,28131.0,Nyctalus leisleri,0.308,0.455,-1,Echolocation,/mnt/ubna_data_02_mir/recover-20220828/UBNA_012/20220826_070000.WAV,Carp Pond,recover-20220828,012,1795
132.4925,132.5151,24609.0,28281.0,Nyctalus leisleri,0.184,0.273,-1,Echolocation,/mnt/ubna_data_02_mir/recover-20220828/UBNA_012/20220826_070000.WAV,Carp Pond,recover-20220828,012,1795
132.5365,132.5597,24609.0,28071.0,Nyctalus leisleri,0.165,0.235,-1,Echolocation,/mnt/ubna_data_02_mir/recover-20220828/UBNA_012/20220826_070000.WAV,Carp Pond,recover-20220828,012,1795
132.5765,132.591,22890.0,27085.0,Nyctalus leisleri,0.182,0.265,-1,Echolocation,/mnt/ubna_data_02_mir/recover-20220828/UBNA_012/20220826_070000.WAV,Carp Pond,recover-20220828,012,1795
132.6335,132.6481,25468.0,31066.0,Nyctalus leisleri,0.297,0.531,-1,Echolocation,/mnt/ubna_data_02_mir/recover-20220828/UBNA_012/20220826_070000.WAV,Carp Pond,recover-20220828,012,1795
132.6515,132.6651,23750.0,27391.0,Nyctalus leisleri,0.18,0.23,-1,Echolocation,/mnt/ubna_data_02_mir/recover-20220828/UBNA_012/20220826_070000.WAV,Carp Pond,recover-20220828,012,1795
133.0325,133.0499,24609.0,27624.0,Nyctalus leisleri,0.368,0.453,-1,Echolocation,/mnt/ubna_data_02_mir/recover-20220828/UBNA_012/20220826_070000.WAV,Carp Pond,recover-20220828,012,1795
133.0995,133.11860000000001,26328.0,29840.0,Nyctalus leisleri,0.219,0.317,-1,Echolocation,/mnt/ubna_data_02_mir/recover-20220828/UBNA_012/20220826_070000.WAV,Carp Pond,recover-20220828,012,1795
133.3465,133.3619,23750.0,28118.0,Nyctalus leisleri,0.406,0.577,-1,Echolocation,/mnt/ubna_data_02_mir/recover-20220828/UBNA_012/20220826_070000.WAV,Carp Pond,recover-20220828,012,1795
133.4415,133.4646,24609.0,28824.0,Nyctalus leisleri,0.178,0.272,-1,Echolocation,/mnt/ubna_data_02_mir/recover-20220828/UBNA_012/20220826_070000.WAV,Carp Pond,recover-20220828,012,1795
133.5075,133.5235,23750.0,28174.0,Nyctalus leisleri,0.241,0.357,-1,Echolocation,/mnt/ubna_data_02_mir/recover-20220828/UBNA_012/20220826_070000.WAV,Carp Pond,recover-20220828,012,1795
133.6655,133.6784,23750.0,29210.0,Nyctalus leisleri,0.4,0.616,-1,Echolocation,/mnt/ubna_data_02_mir/recover-20220828/UBNA_012/20220826_070000.WAV,Carp Pond,recover-20220828,012,1795
133.7035,133.716,24609.0,28550.0,Nyctalus leisleri,0.35,0.451,-1,Echolocation,/mnt/ubna_data_02_mir/recover-20220828/UBNA_012/20220826_070000.WAV,Carp Pond,recover-20220828,012,1795
133.9475,133.9661,23750.0,28104.0,Nyctalus leisleri,0.284,0.402,-1,Echolocation,/mnt/ubna_data_02_mir/recover-20220828/UBNA_012/20220826_070000.WAV,Carp Pond,recover-20220828,012,1795
133.9735,133.9918,25468.0,28949.0,Nyctalus leisleri,0.124,0.202,-1,Echolocation,/mnt/ubna_data_02_mir/recover-20220828/UBNA_012/20220826_070000.WAV,Carp Pond,recover-20220828,012,1795
134.0095,134.0227,25468.0,29968.0,Nyctalus leisleri,0.481,0.591,-1,Echolocation,/mnt/ubna_data_02_mir/recover-20220828/UBNA_012/20220826_070000.WAV,Carp Pond,recover-20220828,012,1795
134.2275,134.2437,23750.0,28643.0,Nyctalus leisleri,0.411,0.528,-1,Echolocation,/mnt/ubna_data_02_mir/recover-20220828/UBNA_012/20220826_070000.WAV,Carp Pond,recover-20220828,012,1795
134.3235,134.3376,24609.0,29272.0,Nyctalus leisleri,0.222,0.378,-1,Echolocation,/mnt/ubna_data_02_mir/recover-20220828/UBNA_012/20220826_070000.WAV,Carp Pond,recover-20220828,012,1795
134.4605,134.4745,23750.0,28787.0,Nyctalus leisleri,0.414,0.6,-1,Echolocation,/mnt/ubna_data_02_mir/recover-20220828/UBNA_012/20220826_070000.WAV,Carp Pond,recover-20220828,012,1795
134.5145,134.5283,23750.0,27192.0,Nyctalus leisleri,0.525,0.598,-1,Echolocation,/mnt/ubna_data_02_mir/recover-20220828/UBNA_012/20220826_070000.WAV,Carp Pond,recover-20220828,012,1795
134.6635,134.6806,23750.0,26915.0,Nyctalus leisleri,0.437,0.53,-1,Echolocation,/mnt/ubna_data_02_mir/recover-20220828/UBNA_012/20220826_070000.WAV,Carp Pond,recover-20220828,012,1795
134.7745,134.7871,24609.0,28094.0,Nyctalus leisleri,0.189,0.278,-1,Echolocation,/mnt/ubna_data_02_mir/recover-20220828/UBNA_012/20220826_070000.WAV,Carp Pond,recover-20220828,012,1795
134.8225,134.8387,23750.0,27239.0,Nyctalus leisleri,0.518,0.581,-1,Echolocation,/mnt/ubna_data_02_mir/recover-20220828/UBNA_012/20220826_070000.WAV,Carp Pond,recover-20220828,012,1795
135.0825,135.102,24609.0,28959.0,Nyctalus leisleri,0.121,0.244,-1,Echolocation,/mnt/ubna_data_02_mir/recover-20220828/UBNA_012/20220826_070000.WAV,Carp Pond,recover-20220828,012,1795
135.3815,135.3971,24609.0,28021.0,Nyctalus leisleri,0.48,0.579,-1,Echolocation,/mnt/ubna_data_02_mir/recover-20220828/UBNA_012/20220826_070000.WAV,Carp Pond,recover-20220828,012,1795
135.4265,135.444,24609.0,27321.0,Nyctalus leisleri,0.421,0.48,-1,Echolocation,/mnt/ubna_data_02_mir/recover-20220828/UBNA_012/20220826_070000.WAV,Carp Pond,recover-20220828,012,1795
135.6765,135.6914,23750.0,28545.0,Nyctalus leisleri,0.499,0.665,-1,Echolocation,/mnt/ubna_data_02_mir/recover-20220828/UBNA_012/20220826_070000.WAV,Carp Pond,recover-20220828,012,1795
135.83350000000002,135.8498,23750.0,28716.0,Nyctalus leisleri,0.381,0.548,-1,Echolocation,/mnt/ubna_data_02_mir/recover-20220828/UBNA_012/20220826_070000.WAV,Carp Pond,recover-20220828,012,1795
135.9895,136.0017,24609.0,29090.0,Nyctalus leisleri,0.26,0.423,-1,Echolocation,/mnt/ubna_data_02_mir/recover-20220828/UBNA_012/20220826_070000.WAV,Carp Pond,recover-20220828,012,1795
136.2645,136.2798,23750.0,29487.0,Nyctalus leisleri,0.336,0.61,-1,Echolocation,/mnt/ubna_data_02_mir/recover-20220828/UBNA_012/20220826_070000.WAV,Carp Pond,recover-20220828,012,1795
136.4875,136.5057,25468.0,28953.0,Nyctalus leisleri,0.355,0.464,-1,Echolocation,/mnt/ubna_data_02_mir/recover-20220828/UBNA_012/20220826_070000.WAV,Carp Pond,recover-20220828,012,1795
136.55349999999999,136.5678,23750.0,28685.0,Nyctalus leisleri,0.467,0.668,-1,Echolocation,/mnt/ubna_data_02_mir/recover-20220828/UBNA_012/20220826_070000.WAV,Carp Pond,recover-20220828,012,1795
136.72050000000002,136.7388,23750.0,26978.0,Nyctalus leisleri,0.464,0.538,-1,Echolocation,/mnt/ubna_data_02_mir/recover-20220828/UBNA_012/20220826_070000.WAV,Carp Pond,recover-20220828,012,1795
136.8915,136.9069,23750.0,27382.0,Nyctalus leisleri,0.509,0.597,-1,Echolocation,/mnt/ubna_data_02_mir/recover-20220828/UBNA_012/20220826_070000.WAV,Carp Pond,recover-20220828,012,1795
137.1555,137.1698,23750.0,30134.0,Nyctalus leisleri,0.272,0.607,-1,Echolocation,/mnt/ubna_data_02_mir/recover-20220828/UBNA_012/20220826_070000.WAV,Carp Pond,recover-20220828,012,1795
137.2845,137.3028,24609.0,28448.0,Nyctalus leisleri,0.13,0.222,-1,Echolocation,/mnt/ubna_data_02_mir/recover-20220828/UBNA_012/20220826_070000.WAV,Carp Pond,recover-20220828,012,1795
137.42849999999999,137.4428,23750.0,27747.0,Nyctalus leisleri,0.499,0.625,-1,Echolocation,/mnt/ubna_data_02_mir/recover-20220828/UBNA_012/20220826_070000.WAV,Carp Pond,recover-20220828,012,1795
137.7225,137.7371,23750.0,28505.0,Nyctalus leisleri,0.484,0.628,-1,Echolocation,/mnt/ubna_data_02_mir/recover-20220828/UBNA_012/20220826_070000.WAV,Carp Pond,recover-20220828,012,1795
137.8565,137.8683,24609.0,29389.0,Nyctalus leisleri,0.421,0.599,-1,Echolocation,/mnt/ubna_data_02_mir/recover-20220828/UBNA_012/20220826_070000.WAV,Carp Pond,recover-20220828,012,1795
138.0015,138.0159,23750.0,28983.0,Nyctalus leisleri,0.364,0.554,-1,Echolocation,/mnt/ubna_data_02_mir/recover-20220828/UBNA_012/20220826_070000.WAV,Carp Pond,recover-20220828,012,1795
138.2625,138.2743,23750.0,29169.0,Nyctalus leisleri,0.274,0.536,-1,Echolocation,/mnt/ubna_data_02_mir/recover-20220828/UBNA_012/20220826_070000.WAV,Carp Pond,recover-20220828,012,1795
138.2895,138.3037,23750.0,29377.0,Nyctalus leisleri,0.361,0.609,-1,Echolocation,/mnt/ubna_data_02_mir/recover-20220828/UBNA_012/20220826_070000.WAV,Carp Pond,recover-20220828,012,1795
138.54149999999998,138.555,23750.0,28335.0,Nyctalus leisleri,0.349,0.502,-1,Echolocation,/mnt/ubna_data_02_mir/recover-20220828/UBNA_012/20220826_070000.WAV,Carp Pond,recover-20220828,012,1795
138.5825,138.5976,22890.0,27673.0,Nyctalus leisleri,0.48,0.604,-1,Echolocation,/mnt/ubna_data_02_mir/recover-20220828/UBNA_012/20220826_070000.WAV,Carp Pond,recover-20220828,012,1795
138.8245,138.83780000000002,24609.0,29036.0,Nyctalus leisleri,0.345,0.491,-1,Echolocation,/mnt/ubna_data_02_mir/recover-20220828/UBNA_012/20220826_070000.WAV,Carp Pond,recover-20220828,012,1795
138.8745,138.887,23750.0,31018.0,Nyctalus leisleri,0.41,0.677,-1,Echolocation,/mnt/ubna_data_02_mir/recover-20220828/UBNA_012/20220826_070000.WAV,Carp Pond,recover-20220828,012,1795
139.1045,139.1171,23750.0,29388.0,Nyctalus leisleri,0.441,0.61,-1,Echolocation,/mnt/ubna_data_02_mir/recover-20220828/UBNA_012/20220826_070000.WAV,Carp Pond,recover-20220828,012,1795
139.1655,139.1812,23750.0,28149.0,Nyctalus leisleri,0.441,0.594,-1,Echolocation,/mnt/ubna_data_02_mir/recover-20220828/UBNA_012/20220826_070000.WAV,Carp Pond,recover-20220828,012,1795
139.4635,139.4788,23750.0,27482.0,Nyctalus leisleri,0.495,0.584,-1,Echolocation,/mnt/ubna_data_02_mir/recover-20220828/UBNA_012/20220826_070000.WAV,Carp Pond,recover-20220828,012,1795
139.6725,139.6879,24609.0,28584.0,Nyctalus leisleri,0.241,0.39,-1,Echolocation,/mnt/ubna_data_02_mir/recover-20220828/UBNA_012/20220826_070000.WAV,Carp Pond,recover-20220828,012,1795
139.7495,139.7647,23750.0,27301.0,Nyctalus leisleri,0.514,0.623,-1,Echolocation,/mnt/ubna_data_02_mir/recover-20220828/UBNA_012/20220826_070000.WAV,Carp Pond,recover-20220828,012,1795
140.0405,140.0552,23750.0,28465.0,Nyctalus leisleri,0.502,0.688,-1,Echolocation,/mnt/ubna_data_02_mir/recover-20220828/UBNA_012/20220826_070000.WAV,Carp Pond,recover-20220828,012,1795
140.0495,140.0583,47812.0,50867.0,Pipistrellus pipistrellus,0.231,0.331,-1,Echolocation,/mnt/ubna_data_02_mir/recover-20220828/UBNA_012/20220826_070000.WAV,Carp Pond,recover-20220828,012,1795
140.3315,140.3474,23750.0,27403.0,Nyctalus leisleri,0.541,0.633,-1,Echolocation,/mnt/ubna_data_02_mir/recover-20220828/UBNA_012/20220826_070000.WAV,Carp Pond,recover-20220828,012,1795
140.4955,140.5136,23750.0,29002.0,Nyctalus leisleri,0.233,0.433,-1,Echolocation,/mnt/ubna_data_02_mir/recover-20220828/UBNA_012/20220826_070000.WAV,Carp Pond,recover-20220828,012,1795
140.6265,140.6415,23750.0,28239.0,Nyctalus leisleri,0.455,0.666,-1,Echolocation,/mnt/ubna_data_02_mir/recover-20220828/UBNA_012/20220826_070000.WAV,Carp Pond,recover-20220828,012,1795
140.6345,140.6448,47812.0,50482.0,Pipistrellus pipistrellus,0.209,0.302,-1,Echolocation,/mnt/ubna_data_02_mir/recover-20220828/UBNA_012/20220826_070000.WAV,Carp Pond,recover-20220828,012,1795
140.9105,140.9255,23750.0,28246.0,Nyctalus leisleri,0.389,0.551,-1,Echolocation,/mnt/ubna_data_02_mir/recover-20220828/UBNA_012/20220826_070000.WAV,Carp Pond,recover-20220828,012,1795
141.0425,141.05689999999998,24609.0,28850.0,Nyctalus leisleri,0.151,0.261,-1,Echolocation,/mnt/ubna_data_02_mir/recover-20220828/UBNA_012/20220826_070000.WAV,Carp Pond,recover-20220828,012,1795
141.2025,141.216,23750.0,29396.0,Nyctalus leisleri,0.354,0.585,-1,Echolocation,/mnt/ubna_data_02_mir/recover-20220828/UBNA_012/20220826_070000.WAV,Carp Pond,recover-20220828,012,1795
141.3185,141.3329,24609.0,28409.0,Nyctalus leisleri,0.283,0.414,-1,Echolocation,/mnt/ubna_data_02_mir/recover-20220828/UBNA_012/20220826_070000.WAV,Carp Pond,recover-20220828,012,1795
141.4995,141.5137,23750.0,27423.0,Nyctalus leisleri,0.641,0.706,-1,Echolocation,/mnt/ubna_data_02_mir/recover-20220828/UBNA_012/20220826_070000.WAV,Carp Pond,recover-20220828,012,1795
141.6405,141.6533,23750.0,28901.0,Nyctalus leisleri,0.145,0.317,-1,Echolocation,/mnt/ubna_data_02_mir/recover-20220828/UBNA_012/20220826_070000.WAV,Carp Pond,recover-20220828,012,1795
141.9365,141.952,22890.0,28294.0,Nyctalus leisleri,0.38,0.565,-1,Echolocation,/mnt/ubna_data_02_mir/recover-20220828/UBNA_012/20220826_070000.WAV,Carp Pond,recover-20220828,012,1795
142.2255,142.2409,23750.0,27703.0,Nyctalus leisleri,0.514,0.63,-1,Echolocation,/mnt/ubna_data_02_mir/recover-20220828/UBNA_012/20220826_070000.WAV,Carp Pond,recover-20220828,012,1795
142.6625,142.67770000000002,23750.0,29997.0,Nyctalus leisleri,0.513,0.676,-1,Echolocation,/mnt/ubna_data_02_mir/recover-20220828/UBNA_012/20220826_070000.WAV,Carp Pond,recover-20220828,012,1795
142.9555,142.9755,22890.0,27197.0,Nyctalus leisleri,0.418,0.514,-1,Echolocation,/mnt/ubna_data_02_mir/recover-20220828/UBNA_012/20220826_070000.WAV,Carp Pond,recover-20220828,012,1795
143.0195,143.0386,24609.0,27916.0,Nyctalus leisleri,0.205,0.303,-1,Echolocation,/mnt/ubna_data_02_mir/recover-20220828/UBNA_012/20220826_070000.WAV,Carp Pond,recover-20220828,012,1795
143.2565,143.272,23750.0,28674.0,Nyctalus leisleri,0.611,0.723,-1,Echolocation,/mnt/ubna_data_02_mir/recover-20220828/UBNA_012/20220826_070000.WAV,Carp Pond,recover-20220828,012,1795
143.5395,143.5557,23750.0,27513.0,Nyctalus leisleri,0.527,0.629,-1,Echolocation,/mnt/ubna_data_02_mir/recover-20220828/UBNA_012/20220826_070000.WAV,Carp Pond,recover-20220828,012,1795
143.8425,143.8577,23750.0,27773.0,Nyctalus leisleri,0.545,0.649,-1,Echolocation,/mnt/ubna_data_02_mir/recover-20220828/UBNA_012/20220826_070000.WAV,Carp Pond,recover-20220828,012,1795
144.14249999999998,144.1576,23750.0,28430.0,Nyctalus leisleri,0.565,0.696,-1,Echolocation,/mnt/ubna_data_02_mir/recover-20220828/UBNA_012/20220826_070000.WAV,Carp Pond,recover-20220828,012,1795
144.4365,144.4523,23750.0,27869.0,Nyctalus leisleri,0.62,0.691,-1,Echolocation,/mnt/ubna_data_02_mir/recover-20220828/UBNA_012/20220826_070000.WAV,Carp Pond,recover-20220828,012,1795
144.72050000000002,144.7352,23750.0,28076.0,Nyctalus leisleri,0.453,0.559,-1,Echolocation,/mnt/ubna_data_02_mir/recover-20220828/UBNA_012/20220826_070000.WAV,Carp Pond,recover-20220828,012,1795
144.9885,145.0019,24609.0,29640.0,Nyctalus leisleri,0.346,0.535,-1,Echolocation,/mnt/ubna_data_02_mir/recover-20220828/UBNA_012/20220826_070000.WAV,Carp Pond,recover-20220828,012,1795
145.2905,145.3055,23750.0,28282.0,Nyctalus leisleri,0.389,0.54,-1,Echolocation,/mnt/ubna_data_02_mir/recover-20220828/UBNA_012/20220826_070000.WAV,Carp Pond,recover-20220828,012,1795
145.5875,145.6027,23750.0,29187.0,Nyctalus leisleri,0.397,0.623,-1,Echolocation,/mnt/ubna_data_02_mir/recover-20220828/UBNA_012/20220826_070000.WAV,Carp Pond,recover-20220828,012,1795
145.8825,145.8972,23750.0,28768.0,Nyctalus leisleri,0.324,0.502,-1,Echolocation,/mnt/ubna_data_02_mir/recover-20220828/UBNA_012/20220826_070000.WAV,Carp Pond,recover-20220828,012,1795
145.91649999999998,145.9329,27187.0,30334.0,Nyctalus leisleri,0.282,0.371,-1,Echolocation,/mnt/ubna_data_02_mir/recover-20220828/UBNA_012/20220826_070000.WAV,Carp Pond,recover-20220828,012,1795
146.1835,146.1983,23750.0,29518.0,Nyctalus leisleri,0.384,0.649,-1,Echolocation,/mnt/ubna_data_02_mir/recover-20220828/UBNA_012/20220826_070000.WAV,Carp Pond,recover-20220828,012,1795
146.39249999999998,146.4087,23750.0,27382.0,Nyctalus leisleri,0.476,0.555,-1,Echolocation,/mnt/ubna_data_02_mir/recover-20220828/UBNA_012/20220826_070000.WAV,Carp Pond,recover-20220828,012,1795
146.4955,146.51670000000001,25468.0,29083.0,Nyctalus leisleri,0.319,0.393,-1,Echolocation,/mnt/ubna_data_02_mir/recover-20220828/UBNA_012/20220826_070000.WAV,Carp Pond,recover-20220828,012,1795
146.6685,146.6845,22890.0,26791.0,Nyctalus leisleri,0.465,0.523,-1,Echolocation,/mnt/ubna_data_02_mir/recover-20220828/UBNA_012/20220826_070000.WAV,Carp Pond,recover-20220828,012,1795
146.8055,146.8235,23750.0,28460.0,Nyctalus leisleri,0.348,0.549,-1,Echolocation,/mnt/ubna_data_02_mir/recover-20220828/UBNA_012/20220826_070000.WAV,Carp Pond,recover-20220828,012,1795
146.9385,146.9546,23750.0,27276.0,Nyctalus leisleri,0.441,0.489,-1,Echolocation,/mnt/ubna_data_02_mir/recover-20220828/UBNA_012/20220826_070000.WAV,Carp Pond,recover-20220828,012,1795
147.1005,147.1144,23750.0,28151.0,Nyctalus leisleri,0.332,0.46,-1,Echolocation,/mnt/ubna_data_02_mir/recover-20220828/UBNA_012/20220826_070000.WAV,Carp Pond,recover-20220828,012,1795
147.1375,147.1621,24609.0,27950.0,Nyctalus leisleri,0.16,0.218,-1,Echolocation,/mnt/ubna_data_02_mir/recover-20220828/UBNA_012/20220826_070000.WAV,Carp Pond,recover-20220828,012,1795
147.2295,147.2448,24609.0,28701.0,Nyctalus leisleri,0.322,0.468,-1,Echolocation,/mnt/ubna_data_02_mir/recover-20220828/UBNA_012/20220826_070000.WAV,Carp Pond,recover-20220828,012,1795
147.41649999999998,147.4338,24609.0,27998.0,Nyctalus leisleri,0.426,0.526,-1,Echolocation,/mnt/ubna_data_02_mir/recover-20220828/UBNA_012/20220826_070000.WAV,Carp Pond,recover-20220828,012,1795
147.5195,147.5396,23750.0,28109.0,Nyctalus leisleri,0.122,0.224,-1,Echolocation,/mnt/ubna_data_02_mir/recover-20220828/UBNA_012/20220826_070000.WAV,Carp Pond,recover-20220828,012,1795
147.7155,147.7345,23750.0,27688.0,Nyctalus leisleri,0.39,0.469,-1,Echolocation,/mnt/ubna_data_02_mir/recover-20220828/UBNA_012/20220826_070000.WAV,Carp Pond,recover-20220828,012,1795
147.9225,147.9397,23750.0,27864.0,Nyctalus leisleri,0.46,0.556,-1,Echolocation,/mnt/ubna_data_02_mir/recover-20220828/UBNA_012/20220826_070000.WAV,Carp Pond,recover-20220828,012,1795
148.0335,148.0476,23750.0,27226.0,Nyctalus leisleri,0.489,0.565,-1,Echolocation,/mnt/ubna_data_02_mir/recover-20220828/UBNA_012/20220826_070000.WAV,Carp Pond,recover-20220828,012,1795
148.3225,148.3381,23750.0,28124.0,Nyctalus leisleri,0.549,0.662,-1,Echolocation,/mnt/ubna_data_02_mir/recover-20220828/UBNA_012/20220826_070000.WAV,Carp Pond,recover-20220828,012,1795
148.4655,148.4851,23750.0,27665.0,Nyctalus leisleri,0.253,0.33,-1,Echolocation,/mnt/ubna_data_02_mir/recover-20220828/UBNA_012/20220826_070000.WAV,Carp Pond,recover-20220828,012,1795
148.6005,148.6207,24609.0,28185.0,Nyctalus leisleri,0.282,0.36,-1,Echolocation,/mnt/ubna_data_02_mir/recover-20220828/UBNA_012/20220826_070000.WAV,Carp Pond,recover-20220828,012,1795
148.7335,148.7475,23750.0,29786.0,Nyctalus leisleri,0.351,0.651,-1,Echolocation,/mnt/ubna_data_02_mir/recover-20220828/UBNA_012/20220826_070000.WAV,Carp Pond,recover-20220828,012,1795
148.7885,148.8058,23750.0,28512.0,Nyctalus leisleri,0.267,0.394,-1,Echolocation,/mnt/ubna_data_02_mir/recover-20220828/UBNA_012/20220826_070000.WAV,Carp Pond,recover-20220828,012,1795
149.0235,149.0387,23750.0,28090.0,Nyctalus leisleri,0.393,0.492,-1,Echolocation,/mnt/ubna_data_02_mir/recover-20220828/UBNA_012/20220826_070000.WAV,Carp Pond,recover-20220828,012,1795
149.0845,149.0977,23750.0,28681.0,Nyctalus leisleri,0.465,0.584,-1,Echolocation,/mnt/ubna_data_02_mir/recover-20220828/UBNA_012/20220826_070000.WAV,Carp Pond,recover-20220828,012,1795
149.3845,149.3993,23750.0,26866.0,Nyctalus leisleri,0.506,0.62,-1,Echolocation,/mnt/ubna_data_02_mir/recover-20220828/UBNA_012/20220826_070000.WAV,Carp Pond,recover-20220828,012,1795
149.4135,149.4299,24609.0,27915.0,Nyctalus leisleri,0.453,0.564,-1,Echolocation,/mnt/ubna_data_02_mir/recover-20220828/UBNA_012/20220826_070000.WAV,Carp Pond,recover-20220828,012,1795
149.5455,149.5579,24609.0,29104.0,Nyctalus leisleri,0.241,0.392,-1,Echolocation,/mnt/ubna_data_02_mir/recover-20220828/UBNA_012/20220826_070000.WAV,Carp Pond,recover-20220828,012,1795
149.5825,149.5957,24609.0,29508.0,Nyctalus leisleri,0.353,0.628,-1,Echolocation,/mnt/ubna_data_02_mir/recover-20220828/UBNA_012/20220826_070000.WAV,Carp Pond,recover-20220828,012,1795
149.7065,149.7235,23750.0,27784.0,Nyctalus leisleri,0.109,0.236,-1,Echolocation,/mnt/ubna_data_02_mir/recover-20220828/UBNA_012/20220826_070000.WAV,Carp Pond,recover-20220828,012,1795
149.8595,149.8742,23750.0,28006.0,Nyctalus leisleri,0.545,0.628,-1,Echolocation,/mnt/ubna_data_02_mir/recover-20220828/UBNA_012/20220826_070000.WAV,Carp Pond,recover-20220828,012,1795
150.1275,150.1427,23750.0,29540.0,Nyctalus leisleri,0.397,0.632,-1,Echolocation,/mnt/ubna_data_02_mir/recover-20220828/UBNA_012/20220826_070000.WAV,Carp Pond,recover-20220828,012,1795
150.2495,150.2714,25468.0,29195.0,Nyctalus leisleri,0.145,0.209,-1,Echolocation,/mnt/ubna_data_02_mir/recover-20220828/UBNA_012/20220826_070000.WAV,Carp Pond,recover-20220828,012,1795
150.2765,150.2884,24609.0,30399.0,Nyctalus leisleri,0.439,0.654,-1,Echolocation,/mnt/ubna_data_02_mir/recover-20220828/UBNA_012/20220826_070000.WAV,Carp Pond,recover-20220828,012,1795
150.4325,150.4467,23750.0,27768.0,Nyctalus leisleri,0.492,0.614,-1,Echolocation,/mnt/ubna_data_02_mir/recover-20220828/UBNA_012/20220826_070000.WAV,Carp Pond,recover-20220828,012,1795
150.5525,150.5649,24609.0,30405.0,Nyctalus leisleri,0.416,0.667,-1,Echolocation,/mnt/ubna_data_02_mir/recover-20220828/UBNA_012/20220826_070000.WAV,Carp Pond,recover-20220828,012,1795
150.5885,150.6006,23750.0,28930.0,Nyctalus leisleri,0.327,0.537,-1,Echolocation,/mnt/ubna_data_02_mir/recover-20220828/UBNA_012/20220826_070000.WAV,Carp Pond,recover-20220828,012,1795
150.8155,150.8271,24609.0,30230.0,Nyctalus leisleri,0.387,0.616,-1,Echolocation,/mnt/ubna_data_02_mir/recover-20220828/UBNA_012/20220826_070000.WAV,Carp Pond,recover-20220828,012,1795
150.8815,150.8973,22890.0,26912.0,Nyctalus leisleri,0.324,0.439,-1,Echolocation,/mnt/ubna_data_02_mir/recover-20220828/UBNA_012/20220826_070000.WAV,Carp Pond,recover-20220828,012,1795
151.2025,151.2174,23750.0,27806.0,Nyctalus leisleri,0.566,0.646,-1,Echolocation,/mnt/ubna_data_02_mir/recover-20220828/UBNA_012/20220826_070000.WAV,Carp Pond,recover-20220828,012,1795
151.2155,151.2277,25468.0,28419.0,Nyctalus leisleri,0.196,0.249,-1,Echolocation,/mnt/ubna_data_02_mir/recover-20220828/UBNA_012/20220826_070000.WAV,Carp Pond,recover-20220828,012,1795
151.4845,151.5006,23750.0,27374.0,Nyctalus leisleri,0.38,0.47,-1,Echolocation,/mnt/ubna_data_02_mir/recover-20220828/UBNA_012/20220826_070000.WAV,Carp Pond,recover-20220828,012,1795
151.6105,151.6256,23750.0,28012.0,Nyctalus leisleri,0.502,0.61,-1,Echolocation,/mnt/ubna_data_02_mir/recover-20220828/UBNA_012/20220826_070000.WAV,Carp Pond,recover-20220828,012,1795
151.8035,151.8162,23750.0,28308.0,Nyctalus leisleri,0.217,0.378,-1,Echolocation,/mnt/ubna_data_02_mir/recover-20220828/UBNA_012/20220826_070000.WAV,Carp Pond,recover-20220828,012,1795
152.0235,152.0383,23750.0,28548.0,Nyctalus leisleri,0.607,0.697,-1,Echolocation,/mnt/ubna_data_02_mir/recover-20220828/UBNA_012/20220826_070000.WAV,Carp Pond,recover-20220828,012,1795
152.1805,152.1938,24609.0,29908.0,Nyctalus leisleri,0.502,0.672,-1,Echolocation,/mnt/ubna_data_02_mir/recover-20220828/UBNA_012/20220826_070000.WAV,Carp Pond,recover-20220828,012,1795
152.3975,152.4149,23750.0,27397.0,Nyctalus leisleri,0.502,0.591,-1,Echolocation,/mnt/ubna_data_02_mir/recover-20220828/UBNA_012/20220826_070000.WAV,Carp Pond,recover-20220828,012,1795
152.4545,152.4676,24609.0,30170.0,Nyctalus leisleri,0.392,0.653,-1,Echolocation,/mnt/ubna_data_02_mir/recover-20220828/UBNA_012/20220826_070000.WAV,Carp Pond,recover-20220828,012,1795
152.6965,152.7118,23750.0,27568.0,Nyctalus leisleri,0.522,0.594,-1,Echolocation,/mnt/ubna_data_02_mir/recover-20220828/UBNA_012/20220826_070000.WAV,Carp Pond,recover-20220828,012,1795
152.7255,152.7385,24609.0,29815.0,Nyctalus leisleri,0.5,0.651,-1,Echolocation,/mnt/ubna_data_02_mir/recover-20220828/UBNA_012/20220826_070000.WAV,Carp Pond,recover-20220828,012,1795
152.8435,152.8553,25468.0,29833.0,Nyctalus leisleri,0.566,0.705,-1,Echolocation,/mnt/ubna_data_02_mir/recover-20220828/UBNA_012/20220826_070000.WAV,Carp Pond,recover-20220828,012,1795
152.9625,152.9727,25468.0,32477.0,Nyctalus leisleri,0.521,0.697,-1,Echolocation,/mnt/ubna_data_02_mir/recover-20220828/UBNA_012/20220826_070000.WAV,Carp Pond,recover-20220828,012,1795
153.1515,153.164,23750.0,28769.0,Nyctalus leisleri,0.302,0.435,-1,Echolocation,/mnt/ubna_data_02_mir/recover-20220828/UBNA_012/20220826_070000.WAV,Carp Pond,recover-20220828,012,1795
153.2235,153.2357,24609.0,31051.0,Nyctalus leisleri,0.445,0.668,-1,Echolocation,/mnt/ubna_data_02_mir/recover-20220828/UBNA_012/20220826_070000.WAV,Carp Pond,recover-20220828,012,1795
153.5045,153.5188,23750.0,28568.0,Nyctalus leisleri,0.578,0.674,-1,Echolocation,/mnt/ubna_data_02_mir/recover-20220828/UBNA_012/20220826_070000.WAV,Carp Pond,recover-20220828,012,1795
153.8995,153.9136,24609.0,27372.0,Nyctalus leisleri,0.556,0.643,-1,Echolocation,/mnt/ubna_data_02_mir/recover-20220828/UBNA_012/20220826_070000.WAV,Carp Pond,recover-20220828,012,1795
154.3225,154.3378,23750.0,27894.0,Nyctalus leisleri,0.616,0.706,-1,Echolocation,/mnt/ubna_data_02_mir/recover-20220828/UBNA_012/20220826_070000.WAV,Carp Pond,recover-20220828,012,1795
154.6135,154.6276,23750.0,29204.0,Nyctalus leisleri,0.467,0.606,-1,Echolocation,/mnt/ubna_data_02_mir/recover-20220828/UBNA_012/20220826_070000.WAV,Carp Pond,recover-20220828,012,1795
155.0175,155.0355,23750.0,27296.0,Nyctalus leisleri,0.608,0.669,-1,Echolocation,/mnt/ubna_data_02_mir/recover-20220828/UBNA_012/20220826_070000.WAV,Carp Pond,recover-20220828,012,1795
155.2965,155.3132,23750.0,27377.0,Nyctalus leisleri,0.659,0.733,-1,Echolocation,/mnt/ubna_data_02_mir/recover-20220828/UBNA_012/20220826_070000.WAV,Carp Pond,recover-20220828,012,1795
155.6955,155.7145,23750.0,26778.0,Nyctalus leisleri,0.58,0.634,-1,Echolocation,/mnt/ubna_data_02_mir/recover-20220828/UBNA_012/20220826_070000.WAV,Carp Pond,recover-20220828,012,1795
155.7395,155.7575,24609.0,27998.0,Nyctalus leisleri,0.209,0.273,-1,Echolocation,/mnt/ubna_data_02_mir/recover-20220828/UBNA_012/20220826_070000.WAV,Carp Pond,recover-20220828,012,1795
155.9315,155.9453,23750.0,28911.0,Nyctalus leisleri,0.45,0.594,-1,Echolocation,/mnt/ubna_data_02_mir/recover-20220828/UBNA_012/20220826_070000.WAV,Carp Pond,recover-20220828,012,1795
155.9745,155.9908,23750.0,27343.0,Nyctalus leisleri,0.613,0.68,-1,Echolocation,/mnt/ubna_data_02_mir/recover-20220828/UBNA_012/20220826_070000.WAV,Carp Pond,recover-20220828,012,1795
156.2515,156.2653,23750.0,27827.0,Nyctalus leisleri,0.588,0.661,-1,Echolocation,/mnt/ubna_data_02_mir/recover-20220828/UBNA_012/20220826_070000.WAV,Carp Pond,recover-20220828,012,1795
156.3935,156.4096,23750.0,28110.0,Nyctalus leisleri,0.621,0.682,-1,Echolocation,/mnt/ubna_data_02_mir/recover-20220828/UBNA_012/20220826_070000.WAV,Carp Pond,recover-20220828,012,1795
156.5185,156.5327,24609.0,29608.0,Nyctalus leisleri,0.361,0.565,-1,Echolocation,/mnt/ubna_data_02_mir/recover-20220828/UBNA_012/20220826_070000.WAV,Carp Pond,recover-20220828,012,1795
156.6195,156.6301,25468.0,32363.0,Nyctalus leisleri,0.437,0.702,-1,Echolocation,/mnt/ubna_data_02_mir/recover-20220828/UBNA_012/20220826_070000.WAV,Carp Pond,recover-20220828,012,1795
156.7155,156.7254,25468.0,31495.0,Nyctalus leisleri,0.485,0.668,-1,Echolocation,/mnt/ubna_data_02_mir/recover-20220828/UBNA_012/20220826_070000.WAV,Carp Pond,recover-20220828,012,1795
156.82150000000001,156.8318,24609.0,30393.0,Nyctalus leisleri,0.444,0.645,-1,Echolocation,/mnt/ubna_data_02_mir/recover-20220828/UBNA_012/20220826_070000.WAV,Carp Pond,recover-20220828,012,1795
156.9375,156.9491,24609.0,30226.0,Nyctalus leisleri,0.52,0.659,-1,Echolocation,/mnt/ubna_data_02_mir/recover-20220828/UBNA_012/20220826_070000.WAV,Carp Pond,recover-20220828,012,1795
157.0705,157.0829,24609.0,30001.0,Nyctalus leisleri,0.255,0.5,-1,Echolocation,/mnt/ubna_data_02_mir/recover-20220828/UBNA_012/20220826_070000.WAV,Carp Pond,recover-20220828,012,1795
157.6355,157.6517,22890.0,27639.0,Nyctalus leisleri,0.183,0.335,-1,Echolocation,/mnt/ubna_data_02_mir/recover-20220828/UBNA_012/20220826_070000.WAV,Carp Pond,recover-20220828,012,1795
158.1135,158.1293,22890.0,27032.0,Nyctalus leisleri,0.559,0.627,-1,Echolocation,/mnt/ubna_data_02_mir/recover-20220828/UBNA_012/20220826_070000.WAV,Carp Pond,recover-20220828,012,1795
158.4035,158.4214,22890.0,27033.0,Nyctalus leisleri,0.446,0.529,-1,Echolocation,/mnt/ubna_data_02_mir/recover-20220828/UBNA_012/20220826_070000.WAV,Carp Pond,recover-20220828,012,1795
158.7455,158.7622,22890.0,26519.0,Nyctalus leisleri,0.23,0.31,-1,Echolocation,/mnt/ubna_data_02_mir/recover-20220828/UBNA_012/20220826_070000.WAV,Carp Pond,recover-20220828,012,1795
159.4845,159.4992,22890.0,27397.0,Nyctalus leisleri,0.562,0.649,-1,Echolocation,/mnt/ubna_data_02_mir/recover-20220828/UBNA_012/20220826_070000.WAV,Carp Pond,recover-20220828,012,1795
159.5635,159.5785,23750.0,27135.0,Nyctalus leisleri,0.183,0.234,-1,Echolocation,/mnt/ubna_data_02_mir/recover-20220828/UBNA_012/20220826_070000.WAV,Carp Pond,recover-20220828,012,1795
159.9885,160.0027,24609.0,30052.0,Nyctalus leisleri,0.144,0.323,-1,Echolocation,/mnt/ubna_data_02_mir/recover-20220828/UBNA_012/20220826_070000.WAV,Carp Pond,recover-20220828,012,1795
160.2535,160.2711,23750.0,27905.0,Nyctalus leisleri,0.498,0.56,-1,Echolocation,/mnt/ubna_data_02_mir/recover-20220828/UBNA_012/20220826_070000.WAV,Carp Pond,recover-20220828,012,1795
160.3245,160.3389,24609.0,28685.0,Nyctalus leisleri,0.22,0.33,-1,Echolocation,/mnt/ubna_data_02_mir/recover-20220828/UBNA_012/20220826_070000.WAV,Carp Pond,recover-20220828,012,1795
160.5705,160.5848,22890.0,27613.0,Nyctalus leisleri,0.454,0.577,-1,Echolocation,/mnt/ubna_data_02_mir/recover-20220828/UBNA_012/20220826_070000.WAV,Carp Pond,recover-20220828,012,1795
160.6215,160.6386,24609.0,27811.0,Nyctalus leisleri,0.195,0.288,-1,Echolocation,/mnt/ubna_data_02_mir/recover-20220828/UBNA_012/20220826_070000.WAV,Carp Pond,recover-20220828,012,1795
160.9145,160.9287,23750.0,28261.0,Nyctalus leisleri,0.431,0.568,-1,Echolocation,/mnt/ubna_data_02_mir/recover-20220828/UBNA_012/20220826_070000.WAV,Carp Pond,recover-20220828,012,1795
160.9955,161.0112,22890.0,27763.0,Nyctalus leisleri,0.387,0.505,-1,Echolocation,/mnt/ubna_data_02_mir/recover-20220828/UBNA_012/20220826_070000.WAV,Carp Pond,recover-20220828,012,1795
161.2215,161.2346,23750.0,27812.0,Nyctalus leisleri,0.534,0.62,-1,Echolocation,/mnt/ubna_data_02_mir/recover-20220828/UBNA_012/20220826_070000.WAV,Carp Pond,recover-20220828,012,1795
161.7975,161.8128,23750.0,27947.0,Nyctalus leisleri,0.472,0.584,-1,Echolocation,/mnt/ubna_data_02_mir/recover-20220828/UBNA_012/20220826_070000.WAV,Carp Pond,recover-20220828,012,1795
162.0935,162.1082,23750.0,27336.0,Nyctalus leisleri,0.489,0.602,-1,Echolocation,/mnt/ubna_data_02_mir/recover-20220828/UBNA_012/20220826_070000.WAV,Carp Pond,recover-20220828,012,1795
162.4085,162.4248,23750.0,27327.0,Nyctalus leisleri,0.412,0.512,-1,Echolocation,/mnt/ubna_data_02_mir/recover-20220828/UBNA_012/20220826_070000.WAV,Carp Pond,recover-20220828,012,1795
162.5725,162.5861,24609.0,28743.0,Nyctalus leisleri,0.268,0.421,-1,Echolocation,/mnt/ubna_data_02_mir/recover-20220828/UBNA_012/20220826_070000.WAV,Carp Pond,recover-20220828,012,1795
162.7705,162.7867,23750.0,28068.0,Nyctalus leisleri,0.51,0.59,-1,Echolocation,/mnt/ubna_data_02_mir/recover-20220828/UBNA_012/20220826_070000.WAV,Carp Pond,recover-20220828,012,1795
162.8545,162.8682,23750.0,28816.0,Nyctalus leisleri,0.385,0.595,-1,Echolocation,/mnt/ubna_data_02_mir/recover-20220828/UBNA_012/20220826_070000.WAV,Carp Pond,recover-20220828,012,1795
163.0195,163.0341,24609.0,29529.0,Nyctalus leisleri,0.244,0.499,-1,Echolocation,/mnt/ubna_data_02_mir/recover-20220828/UBNA_012/20220826_070000.WAV,Carp Pond,recover-20220828,012,1795
163.4685,163.4865,24609.0,28461.0,Nyctalus leisleri,0.291,0.408,-1,Echolocation,/mnt/ubna_data_02_mir/recover-20220828/UBNA_012/20220826_070000.WAV,Carp Pond,recover-20220828,012,1795
163.7645,163.7825,23750.0,28214.0,Nyctalus leisleri,0.109,0.205,-1,Echolocation,/mnt/ubna_data_02_mir/recover-20220828/UBNA_012/20220826_070000.WAV,Carp Pond,recover-20220828,012,1795
163.9245,163.9397,24609.0,29544.0,Nyctalus leisleri,0.272,0.41,-1,Echolocation,/mnt/ubna_data_02_mir/recover-20220828/UBNA_012/20220826_070000.WAV,Carp Pond,recover-20220828,012,1795
164.2065,164.2236,23750.0,27221.0,Nyctalus leisleri,0.534,0.589,-1,Echolocation,/mnt/ubna_data_02_mir/recover-20220828/UBNA_012/20220826_070000.WAV,Carp Pond,recover-20220828,012,1795
164.8945,164.9138,23750.0,28035.0,Nyctalus leisleri,0.388,0.499,-1,Echolocation,/mnt/ubna_data_02_mir/recover-20220828/UBNA_012/20220826_070000.WAV,Carp Pond,recover-20220828,012,1795
164.9895,165.0012,24609.0,30327.0,Nyctalus leisleri,0.317,0.584,-1,Echolocation,/mnt/ubna_data_02_mir/recover-20220828/UBNA_012/20220826_070000.WAV,Carp Pond,recover-20220828,012,1795
165.1455,165.1576,24609.0,29728.0,Nyctalus leisleri,0.433,0.621,-1,Echolocation,/mnt/ubna_data_02_mir/recover-20220828/UBNA_012/20220826_070000.WAV,Carp Pond,recover-20220828,012,1795
165.1765,165.1924,23750.0,28568.0,Nyctalus leisleri,0.391,0.52,-1,Echolocation,/mnt/ubna_data_02_mir/recover-20220828/UBNA_012/20220826_070000.WAV,Carp Pond,recover-20220828,012,1795
165.42849999999999,165.4435,23750.0,28877.0,Nyctalus leisleri,0.34,0.597,-1,Echolocation,/mnt/ubna_data_02_mir/recover-20220828/UBNA_012/20220826_070000.WAV,Carp Pond,recover-20220828,012,1795
165.6275,165.6442,23750.0,27708.0,Nyctalus leisleri,0.355,0.429,-1,Echolocation,/mnt/ubna_data_02_mir/recover-20220828/UBNA_012/20220826_070000.WAV,Carp Pond,recover-20220828,012,1795
165.8675,165.8819,23750.0,28749.0,Nyctalus leisleri,0.312,0.477,-1,Echolocation,/mnt/ubna_data_02_mir/recover-20220828/UBNA_012/20220826_070000.WAV,Carp Pond,recover-20220828,012,1795
165.9205,165.9372,23750.0,28872.0,Nyctalus leisleri,0.447,0.584,-1,Echolocation,/mnt/ubna_data_02_mir/recover-20220828/UBNA_012/20220826_070000.WAV,Carp Pond,recover-20220828,012,1795
166.1525,166.16989999999998,23750.0,28262.0,Nyctalus leisleri,0.194,0.307,-1,Echolocation,/mnt/ubna_data_02_mir/recover-20220828/UBNA_012/20220826_070000.WAV,Carp Pond,recover-20220828,012,1795
166.22050000000002,166.2349,23750.0,28025.0,Nyctalus leisleri,0.509,0.587,-1,Echolocation,/mnt/ubna_data_02_mir/recover-20220828/UBNA_012/20220826_070000.WAV,Carp Pond,recover-20220828,012,1795
166.5245,166.5405,23750.0,28713.0,Nyctalus leisleri,0.468,0.606,-1,Echolocation,/mnt/ubna_data_02_mir/recover-20220828/UBNA_012/20220826_070000.WAV,Carp Pond,recover-20220828,012,1795
166.8185,166.83429999999998,23750.0,27775.0,Nyctalus leisleri,0.488,0.582,-1,Echolocation,/mnt/ubna_data_02_mir/recover-20220828/UBNA_012/20220826_070000.WAV,Carp Pond,recover-20220828,012,1795
166.9745,166.9894,23750.0,29158.0,Nyctalus leisleri,0.466,0.677,-1,Echolocation,/mnt/ubna_data_02_mir/recover-20220828/UBNA_012/20220826_070000.WAV,Carp Pond,recover-20220828,012,1795
167.2755,167.2935,22890.0,27453.0,Nyctalus leisleri,0.373,0.532,-1,Echolocation,/mnt/ubna_data_02_mir/recover-20220828/UBNA_012/20220826_070000.WAV,Carp Pond,recover-20220828,012,1795
167.5685,167.5839,23750.0,27767.0,Nyctalus leisleri,0.413,0.57,-1,Echolocation,/mnt/ubna_data_02_mir/recover-20220828/UBNA_012/20220826_070000.WAV,Carp Pond,recover-20220828,012,1795
167.89249999999998,167.907,23750.0,28925.0,Nyctalus leisleri,0.496,0.682,-1,Echolocation,/mnt/ubna_data_02_mir/recover-20220828/UBNA_012/20220826_070000.WAV,Carp Pond,recover-20220828,012,1795
167.8995,167.9103,47812.0,50360.0,Pipistrellus pipistrellus,0.174,0.234,-1,Echolocation,/mnt/ubna_data_02_mir/recover-20220828/UBNA_012/20220826_070000.WAV,Carp Pond,recover-20220828,012,1795
168.19650000000001,168.212,23750.0,27940.0,Nyctalus leisleri,0.447,0.62,-1,Echolocation,/mnt/ubna_data_02_mir/recover-20220828/UBNA_012/20220826_070000.WAV,Carp Pond,recover-20220828,012,1795
168.5005,168.5155,23750.0,28979.0,Nyctalus leisleri,0.376,0.641,-1,Echolocation,/mnt/ubna_data_02_mir/recover-20220828/UBNA_012/20220826_070000.WAV,Carp Pond,recover-20220828,012,1795
168.8345,168.84890000000001,23750.0,27618.0,Nyctalus leisleri,0.589,0.69,-1,Echolocation,/mnt/ubna_data_02_mir/recover-20220828/UBNA_012/20220826_070000.WAV,Carp Pond,recover-20220828,012,1795
169.1355,169.1508,23750.0,28923.0,Nyctalus leisleri,0.421,0.658,-1,Echolocation,/mnt/ubna_data_02_mir/recover-20220828/UBNA_012/20220826_070000.WAV,Carp Pond,recover-20220828,012,1795
169.4425,169.4586,23750.0,28145.0,Nyctalus leisleri,0.383,0.627,-1,Echolocation,/mnt/ubna_data_02_mir/recover-20220828/UBNA_012/20220826_070000.WAV,Carp Pond,recover-20220828,012,1795
169.7485,169.7647,23750.0,27693.0,Nyctalus leisleri,0.488,0.655,-1,Echolocation,/mnt/ubna_data_02_mir/recover-20220828/UBNA_012/20220826_070000.WAV,Carp Pond,recover-20220828,012,1795
170.0605,170.0763,23750.0,27227.0,Nyctalus leisleri,0.528,0.65,-1,Echolocation,/mnt/ubna_data_02_mir/recover-20220828/UBNA_012/20220826_070000.WAV,Carp Pond,recover-20220828,012,1795
170.3735,170.3886,23750.0,28227.0,Nyctalus leisleri,0.554,0.674,-1,Echolocation,/mnt/ubna_data_02_mir/recover-20220828/UBNA_012/20220826_070000.WAV,Carp Pond,recover-20220828,012,1795
170.6755,170.6912,23750.0,27267.0,Nyctalus leisleri,0.497,0.62,-1,Echolocation,/mnt/ubna_data_02_mir/recover-20220828/UBNA_012/20220826_070000.WAV,Carp Pond,recover-20220828,012,1795
170.8595,170.8755,23750.0,27971.0,Nyctalus leisleri,0.128,0.226,-1,Echolocation,/mnt/ubna_data_02_mir/recover-20220828/UBNA_012/20220826_070000.WAV,Carp Pond,recover-20220828,012,1795
170.9685,170.9843,22890.0,27884.0,Nyctalus leisleri,0.517,0.631,-1,Echolocation,/mnt/ubna_data_02_mir/recover-20220828/UBNA_012/20220826_070000.WAV,Carp Pond,recover-20220828,012,1795
171.1255,171.1413,23750.0,29299.0,Nyctalus leisleri,0.47,0.666,-1,Echolocation,/mnt/ubna_data_02_mir/recover-20220828/UBNA_012/20220826_070000.WAV,Carp Pond,recover-20220828,012,1795
171.1335,171.1451,47812.0,51218.0,Pipistrellus pipistrellus,0.218,0.281,-1,Echolocation,/mnt/ubna_data_02_mir/recover-20220828/UBNA_012/20220826_070000.WAV,Carp Pond,recover-20220828,012,1795
171.2905,171.3052,23750.0,28470.0,Nyctalus leisleri,0.464,0.642,-1,Echolocation,/mnt/ubna_data_02_mir/recover-20220828/UBNA_012/20220826_070000.WAV,Carp Pond,recover-20220828,012,1795
171.5745,171.5902,23750.0,27079.0,Nyctalus leisleri,0.571,0.665,-1,Echolocation,/mnt/ubna_data_02_mir/recover-20220828/UBNA_012/20220826_070000.WAV,Carp Pond,recover-20220828,012,1795
171.7555,171.7706,23750.0,29015.0,Nyctalus leisleri,0.488,0.685,-1,Echolocation,/mnt/ubna_data_02_mir/recover-20220828/UBNA_012/20220826_070000.WAV,Carp Pond,recover-20220828,012,1795
172.0505,172.0694,23750.0,27599.0,Nyctalus leisleri,0.361,0.434,-1,Echolocation,/mnt/ubna_data_02_mir/recover-20220828/UBNA_012/20220826_070000.WAV,Carp Pond,recover-20220828,012,1795
172.3775,172.3923,23750.0,28877.0,Nyctalus leisleri,0.496,0.673,-1,Echolocation,/mnt/ubna_data_02_mir/recover-20220828/UBNA_012/20220826_070000.WAV,Carp Pond,recover-20220828,012,1795
172.6725,172.6883,23750.0,27991.0,Nyctalus leisleri,0.64,0.7,-1,Echolocation,/mnt/ubna_data_02_mir/recover-20220828/UBNA_012/20220826_070000.WAV,Carp Pond,recover-20220828,012,1795
172.6805,172.6899,47812.0,50368.0,Pipistrellus pipistrellus,0.217,0.306,-1,Echolocation,/mnt/ubna_data_02_mir/recover-20220828/UBNA_012/20220826_070000.WAV,Carp Pond,recover-20220828,012,1795
172.9505,172.9658,23750.0,27653.0,Nyctalus leisleri,0.543,0.675,-1,Echolocation,/mnt/ubna_data_02_mir/recover-20220828/UBNA_012/20220826_070000.WAV,Carp Pond,recover-20220828,012,1795
173.2565,173.2723,23750.0,28526.0,Nyctalus leisleri,0.604,0.691,-1,Echolocation,/mnt/ubna_data_02_mir/recover-20220828/UBNA_012/20220826_070000.WAV,Carp Pond,recover-20220828,012,1795
173.5595,173.5737,23750.0,29477.0,Nyctalus leisleri,0.6,0.723,-1,Echolocation,/mnt/ubna_data_02_mir/recover-20220828/UBNA_012/20220826_070000.WAV,Carp Pond,recover-20220828,012,1795
173.8535,173.8707,24609.0,28106.0,Nyctalus leisleri,0.449,0.531,-1,Echolocation,/mnt/ubna_data_02_mir/recover-20220828/UBNA_012/20220826_070000.WAV,Carp Pond,recover-20220828,012,1795
174.0095,174.0249,23750.0,27238.0,Nyctalus leisleri,0.312,0.371,-1,Echolocation,/mnt/ubna_data_02_mir/recover-20220828/UBNA_012/20220826_070000.WAV,Carp Pond,recover-20220828,012,1795
174.2905,174.3046,23750.0,29731.0,Nyctalus leisleri,0.496,0.661,-1,Echolocation,/mnt/ubna_data_02_mir/recover-20220828/UBNA_012/20220826_070000.WAV,Carp Pond,recover-20220828,012,1795
174.4545,174.4677,24609.0,30638.0,Nyctalus leisleri,0.442,0.662,-1,Echolocation,/mnt/ubna_data_02_mir/recover-20220828/UBNA_012/20220826_070000.WAV,Carp Pond,recover-20220828,012,1795
174.7365,174.7522,23750.0,28653.0,Nyctalus leisleri,0.471,0.623,-1,Echolocation,/mnt/ubna_data_02_mir/recover-20220828/UBNA_012/20220826_070000.WAV,Carp Pond,recover-20220828,012,1795
174.97050000000002,174.9895,23750.0,27791.0,Nyctalus leisleri,0.119,0.202,-1,Echolocation,/mnt/ubna_data_02_mir/recover-20220828/UBNA_012/20220826_070000.WAV,Carp Pond,recover-20220828,012,1795
175.0245,175.0393,22890.0,28371.0,Nyctalus leisleri,0.457,0.608,-1,Echolocation,/mnt/ubna_data_02_mir/recover-20220828/UBNA_012/20220826_070000.WAV,Carp Pond,recover-20220828,012,1795
175.0325,175.0439,46953.0,50053.0,Pipistrellus pipistrellus,0.208,0.273,-1,Echolocation,/mnt/ubna_data_02_mir/recover-20220828/UBNA_012/20220826_070000.WAV,Carp Pond,recover-20220828,012,1795
175.2565,175.275,24609.0,29218.0,Nyctalus leisleri,0.175,0.35,-1,Echolocation,/mnt/ubna_data_02_mir/recover-20220828/UBNA_012/20220826_070000.WAV,Carp Pond,recover-20220828,012,1795
175.3175,175.3323,23750.0,27681.0,Nyctalus leisleri,0.441,0.569,-1,Echolocation,/mnt/ubna_data_02_mir/recover-20220828/UBNA_012/20220826_070000.WAV,Carp Pond,recover-20220828,012,1795
175.7505,175.766,23750.0,28942.0,Nyctalus leisleri,0.419,0.627,-1,Echolocation,/mnt/ubna_data_02_mir/recover-20220828/UBNA_012/20220826_070000.WAV,Carp Pond,recover-20220828,012,1795
176.0465,176.06,23750.0,27918.0,Nyctalus leisleri,0.521,0.629,-1,Echolocation,/mnt/ubna_data_02_mir/recover-20220828/UBNA_012/20220826_070000.WAV,Carp Pond,recover-20220828,012,1795
176.3395,176.35399999999998,23750.0,29467.0,Nyctalus leisleri,0.487,0.654,-1,Echolocation,/mnt/ubna_data_02_mir/recover-20220828/UBNA_012/20220826_070000.WAV,Carp Pond,recover-20220828,012,1795
176.6345,176.6484,23750.0,27508.0,Nyctalus leisleri,0.457,0.556,-1,Echolocation,/mnt/ubna_data_02_mir/recover-20220828/UBNA_012/20220826_070000.WAV,Carp Pond,recover-20220828,012,1795
176.9345,176.9496,22890.0,27297.0,Nyctalus leisleri,0.532,0.622,-1,Echolocation,/mnt/ubna_data_02_mir/recover-20220828/UBNA_012/20220826_070000.WAV,Carp Pond,recover-20220828,012,1795
176.9675,176.987,26328.0,29210.0,Nyctalus leisleri,0.255,0.328,-1,Echolocation,/mnt/ubna_data_02_mir/recover-20220828/UBNA_012/20220826_070000.WAV,Carp Pond,recover-20220828,012,1795
177.5315,177.5472,23750.0,27715.0,Nyctalus leisleri,0.514,0.615,-1,Echolocation,/mnt/ubna_data_02_mir/recover-20220828/UBNA_012/20220826_070000.WAV,Carp Pond,recover-20220828,012,1795
177.6635,177.6824,25468.0,28473.0,Nyctalus leisleri,0.453,0.524,-1,Echolocation,/mnt/ubna_data_02_mir/recover-20220828/UBNA_012/20220826_070000.WAV,Carp Pond,recover-20220828,012,1795
178.1385,178.154,23750.0,27905.0,Nyctalus leisleri,0.532,0.617,-1,Echolocation,/mnt/ubna_data_02_mir/recover-20220828/UBNA_012/20220826_070000.WAV,Carp Pond,recover-20220828,012,1795
178.3445,178.362,26328.0,29316.0,Nyctalus leisleri,0.324,0.378,-1,Echolocation,/mnt/ubna_data_02_mir/recover-20220828/UBNA_012/20220826_070000.WAV,Carp Pond,recover-20220828,012,1795
178.6395,178.6575,25468.0,29535.0,Nyctalus leisleri,0.266,0.35,-1,Echolocation,/mnt/ubna_data_02_mir/recover-20220828/UBNA_012/20220826_070000.WAV,Carp Pond,recover-20220828,012,1795
178.9055,178.9271,23750.0,28145.0,Nyctalus leisleri,0.251,0.358,-1,Echolocation,/mnt/ubna_data_02_mir/recover-20220828/UBNA_012/20220826_070000.WAV,Carp Pond,recover-20220828,012,1795
179.0685,179.08429999999998,25468.0,28986.0,Nyctalus leisleri,0.457,0.602,-1,Echolocation,/mnt/ubna_data_02_mir/recover-20220828/UBNA_012/20220826_070000.WAV,Carp Pond,recover-20220828,012,1795
179.1855,179.2019,23750.0,27845.0,Nyctalus leisleri,0.513,0.605,-1,Echolocation,/mnt/ubna_data_02_mir/recover-20220828/UBNA_012/20220826_070000.WAV,Carp Pond,recover-20220828,012,1795
179.2905,179.3065,23750.0,27609.0,Nyctalus leisleri,0.539,0.617,-1,Echolocation,/mnt/ubna_data_02_mir/recover-20220828/UBNA_012/20220826_070000.WAV,Carp Pond,recover-20220828,012,1795
179.9625,179.9781,23750.0,28364.0,Nyctalus leisleri,0.362,0.523,-1,Echolocation,/mnt/ubna_data_02_mir/recover-20220828/UBNA_012/20220826_070000.WAV,Carp Pond,recover-20220828,012,1795
180.4695,180.4867,22890.0,27871.0,Nyctalus leisleri,0.113,0.236,-1,Echolocation,/mnt/ubna_data_02_mir/recover-20220828/UBNA_012/20220826_070000.WAV,Carp Pond,recover-20220828,012,1795
180.6445,180.6585,23750.0,28093.0,Nyctalus leisleri,0.212,0.357,-1,Echolocation,/mnt/ubna_data_02_mir/recover-20220828/UBNA_012/20220826_070000.WAV,Carp Pond,recover-20220828,012,1795
180.8855,180.9062,23750.0,27994.0,Nyctalus leisleri,0.259,0.37,-1,Echolocation,/mnt/ubna_data_02_mir/recover-20220828/UBNA_012/20220826_070000.WAV,Carp Pond,recover-20220828,012,1795
180.9165,180.9323,24609.0,28813.0,Nyctalus leisleri,0.142,0.254,-1,Echolocation,/mnt/ubna_data_02_mir/recover-20220828/UBNA_012/20220826_070000.WAV,Carp Pond,recover-20220828,012,1795
181.3105,181.3258,23750.0,28083.0,Nyctalus leisleri,0.353,0.443,-1,Echolocation,/mnt/ubna_data_02_mir/recover-20220828/UBNA_012/20220826_070000.WAV,Carp Pond,recover-20220828,012,1795
181.4955,181.5121,24609.0,28271.0,Nyctalus leisleri,0.282,0.351,-1,Echolocation,/mnt/ubna_data_02_mir/recover-20220828/UBNA_012/20220826_070000.WAV,Carp Pond,recover-20220828,012,1795
181.5605,181.5784,24609.0,28444.0,Nyctalus leisleri,0.134,0.203,-1,Echolocation,/mnt/ubna_data_02_mir/recover-20220828/UBNA_012/20220826_070000.WAV,Carp Pond,recover-20220828,012,1795
181.7515,181.7653,23750.0,27617.0,Nyctalus leisleri,0.495,0.592,-1,Echolocation,/mnt/ubna_data_02_mir/recover-20220828/UBNA_012/20220826_070000.WAV,Carp Pond,recover-20220828,012,1795
181.8225,181.8375,23750.0,27709.0,Nyctalus leisleri,0.29,0.39,-1,Echolocation,/mnt/ubna_data_02_mir/recover-20220828/UBNA_012/20220826_070000.WAV,Carp Pond,recover-20220828,012,1795
182.0325,182.0463,23750.0,27865.0,Nyctalus leisleri,0.266,0.383,-1,Echolocation,/mnt/ubna_data_02_mir/recover-20220828/UBNA_012/20220826_070000.WAV,Carp Pond,recover-20220828,012,1795
182.2215,182.2363,23750.0,28909.0,Nyctalus leisleri,0.383,0.575,-1,Echolocation,/mnt/ubna_data_02_mir/recover-20220828/UBNA_012/20220826_070000.WAV,Carp Pond,recover-20220828,012,1795
182.4535,182.4669,23750.0,28312.0,Nyctalus leisleri,0.194,0.319,-1,Echolocation,/mnt/ubna_data_02_mir/recover-20220828/UBNA_012/20220826_070000.WAV,Carp Pond,recover-20220828,012,1795
182.8745,182.8875,23750.0,29652.0,Nyctalus leisleri,0.391,0.629,-1,Echolocation,/mnt/ubna_data_02_mir/recover-20220828/UBNA_012/20220826_070000.WAV,Carp Pond,recover-20220828,012,1795
183.0125,183.0284,24609.0,28835.0,Nyctalus leisleri,0.208,0.31,-1,Echolocation,/mnt/ubna_data_02_mir/recover-20220828/UBNA_012/20220826_070000.WAV,Carp Pond,recover-20220828,012,1795
183.1465,183.1597,23750.0,29289.0,Nyctalus leisleri,0.394,0.584,-1,Echolocation,/mnt/ubna_data_02_mir/recover-20220828/UBNA_012/20220826_070000.WAV,Carp Pond,recover-20220828,012,1795
183.2645,183.287,24609.0,28564.0,Nyctalus leisleri,0.136,0.204,-1,Echolocation,/mnt/ubna_data_02_mir/recover-20220828/UBNA_012/20220826_070000.WAV,Carp Pond,recover-20220828,012,1795
183.5505,183.5658,23750.0,28658.0,Nyctalus leisleri,0.329,0.548,-1,Echolocation,/mnt/ubna_data_02_mir/recover-20220828/UBNA_012/20220826_070000.WAV,Carp Pond,recover-20220828,012,1795
183.9475,183.9621,23750.0,27672.0,Nyctalus leisleri,0.535,0.644,-1,Echolocation,/mnt/ubna_data_02_mir/recover-20220828/UBNA_012/20220826_070000.WAV,Carp Pond,recover-20220828,012,1795
184.2245,184.2396,23750.0,28697.0,Nyctalus leisleri,0.398,0.609,-1,Echolocation,/mnt/ubna_data_02_mir/recover-20220828/UBNA_012/20220826_070000.WAV,Carp Pond,recover-20220828,012,1795
184.5005,184.5142,23750.0,29463.0,Nyctalus leisleri,0.309,0.658,-1,Echolocation,/mnt/ubna_data_02_mir/recover-20220828/UBNA_012/20220826_070000.WAV,Carp Pond,recover-20220828,012,1795
184.7275,184.7438,24609.0,28765.0,Nyctalus leisleri,0.103,0.204,-1,Echolocation,/mnt/ubna_data_02_mir/recover-20220828/UBNA_012/20220826_070000.WAV,Carp Pond,recover-20220828,012,1795
184.7595,184.7759,23750.0,27605.0,Nyctalus leisleri,0.5,0.603,-1,Echolocation,/mnt/ubna_data_02_mir/recover-20220828/UBNA_012/20220826_070000.WAV,Carp Pond,recover-20220828,012,1795
184.9985,185.0136,24609.0,29297.0,Nyctalus leisleri,0.215,0.376,-1,Echolocation,/mnt/ubna_data_02_mir/recover-20220828/UBNA_012/20220826_070000.WAV,Carp Pond,recover-20220828,012,1795
185.1545,185.1694,23750.0,27758.0,Nyctalus leisleri,0.514,0.613,-1,Echolocation,/mnt/ubna_data_02_mir/recover-20220828/UBNA_012/20220826_070000.WAV,Carp Pond,recover-20220828,012,1795
185.2685,185.2853,25468.0,29456.0,Nyctalus leisleri,0.206,0.328,-1,Echolocation,/mnt/ubna_data_02_mir/recover-20220828/UBNA_012/20220826_070000.WAV,Carp Pond,recover-20220828,012,1795
185.3145,185.332,24609.0,28472.0,Nyctalus leisleri,0.347,0.448,-1,Echolocation,/mnt/ubna_data_02_mir/recover-20220828/UBNA_012/20220826_070000.WAV,Carp Pond,recover-20220828,012,1795
185.5465,185.5606,25468.0,29370.0,Nyctalus leisleri,0.224,0.326,-1,Echolocation,/mnt/ubna_data_02_mir/recover-20220828/UBNA_012/20220826_070000.WAV,Carp Pond,recover-20220828,012,1795
185.5885,185.6039,23750.0,27885.0,Nyctalus leisleri,0.537,0.613,-1,Echolocation,/mnt/ubna_data_02_mir/recover-20220828/UBNA_012/20220826_070000.WAV,Carp Pond,recover-20220828,012,1795
185.8635,185.879,23750.0,28733.0,Nyctalus leisleri,0.378,0.558,-1,Echolocation,/mnt/ubna_data_02_mir/recover-20220828/UBNA_012/20220826_070000.WAV,Carp Pond,recover-20220828,012,1795
185.9475,185.9635,24609.0,28627.0,Nyctalus leisleri,0.163,0.304,-1,Echolocation,/mnt/ubna_data_02_mir/recover-20220828/UBNA_012/20220826_070000.WAV,Carp Pond,recover-20220828,012,1795
186.0605,186.0745,25468.0,29838.0,Nyctalus leisleri,0.388,0.527,-1,Echolocation,/mnt/ubna_data_02_mir/recover-20220828/UBNA_012/20220826_070000.WAV,Carp Pond,recover-20220828,012,1795
186.2645,186.2776,23750.0,28270.0,Nyctalus leisleri,0.395,0.506,-1,Echolocation,/mnt/ubna_data_02_mir/recover-20220828/UBNA_012/20220826_070000.WAV,Carp Pond,recover-20220828,012,1795
186.3525,186.3704,25468.0,28292.0,Nyctalus leisleri,0.403,0.48,-1,Echolocation,/mnt/ubna_data_02_mir/recover-20220828/UBNA_012/20220826_070000.WAV,Carp Pond,recover-20220828,012,1795
186.5345,186.5517,23750.0,28785.0,Nyctalus leisleri,0.362,0.501,-1,Echolocation,/mnt/ubna_data_02_mir/recover-20220828/UBNA_012/20220826_070000.WAV,Carp Pond,recover-20220828,012,1795
186.6355,186.6504,24609.0,28977.0,Nyctalus leisleri,0.135,0.239,-1,Echolocation,/mnt/ubna_data_02_mir/recover-20220828/UBNA_012/20220826_070000.WAV,Carp Pond,recover-20220828,012,1795
186.7035,186.7169,23750.0,29216.0,Nyctalus leisleri,0.406,0.576,-1,Echolocation,/mnt/ubna_data_02_mir/recover-20220828/UBNA_012/20220826_070000.WAV,Carp Pond,recover-20220828,012,1795
186.9245,186.9383,25468.0,29023.0,Nyctalus leisleri,0.37,0.535,-1,Echolocation,/mnt/ubna_data_02_mir/recover-20220828/UBNA_012/20220826_070000.WAV,Carp Pond,recover-20220828,012,1795
186.9965,187.0097,24609.0,28122.0,Nyctalus leisleri,0.49,0.596,-1,Echolocation,/mnt/ubna_data_02_mir/recover-20220828/UBNA_012/20220826_070000.WAV,Carp Pond,recover-20220828,012,1795
187.1615,187.1798,23750.0,27678.0,Nyctalus leisleri,0.319,0.412,-1,Echolocation,/mnt/ubna_data_02_mir/recover-20220828/UBNA_012/20220826_070000.WAV,Carp Pond,recover-20220828,012,1795
187.2065,187.2183,24609.0,29141.0,Nyctalus leisleri,0.303,0.45,-1,Echolocation,/mnt/ubna_data_02_mir/recover-20220828/UBNA_012/20220826_070000.WAV,Carp Pond,recover-20220828,012,1795
187.4345,187.4511,23750.0,27983.0,Nyctalus leisleri,0.429,0.547,-1,Echolocation,/mnt/ubna_data_02_mir/recover-20220828/UBNA_012/20220826_070000.WAV,Carp Pond,recover-20220828,012,1795
187.4945,187.5096,25468.0,28988.0,Nyctalus leisleri,0.412,0.57,-1,Echolocation,/mnt/ubna_data_02_mir/recover-20220828/UBNA_012/20220826_070000.WAV,Carp Pond,recover-20220828,012,1795
187.7165,187.7353,23750.0,27913.0,Nyctalus leisleri,0.457,0.549,-1,Echolocation,/mnt/ubna_data_02_mir/recover-20220828/UBNA_012/20220826_070000.WAV,Carp Pond,recover-20220828,012,1795
187.7805,187.796,24609.0,29072.0,Nyctalus leisleri,0.292,0.476,-1,Echolocation,/mnt/ubna_data_02_mir/recover-20220828/UBNA_012/20220826_070000.WAV,Carp Pond,recover-20220828,012,1795
187.9875,188.0062,23750.0,28050.0,Nyctalus leisleri,0.287,0.393,-1,Echolocation,/mnt/ubna_data_02_mir/recover-20220828/UBNA_012/20220826_070000.WAV,Carp Pond,recover-20220828,012,1795
188.0215,188.0359,24609.0,28712.0,Nyctalus leisleri,0.252,0.37,-1,Echolocation,/mnt/ubna_data_02_mir/recover-20220828/UBNA_012/20220826_070000.WAV,Carp Pond,recover-20220828,012,1795
188.0725,188.0903,25468.0,30372.0,Nyctalus leisleri,0.322,0.537,-1,Echolocation,/mnt/ubna_data_02_mir/recover-20220828/UBNA_012/20220826_070000.WAV,Carp Pond,recover-20220828,012,1795
188.17849999999999,188.1962,23750.0,28665.0,Nyctalus leisleri,0.328,0.525,-1,Echolocation,/mnt/ubna_data_02_mir/recover-20220828/UBNA_012/20220826_070000.WAV,Carp Pond,recover-20220828,012,1795
188.2765,188.2925,23750.0,28073.0,Nyctalus leisleri,0.496,0.609,-1,Echolocation,/mnt/ubna_data_02_mir/recover-20220828/UBNA_012/20220826_070000.WAV,Carp Pond,recover-20220828,012,1795
188.3565,188.3704,25468.0,29189.0,Nyctalus leisleri,0.394,0.523,-1,Echolocation,/mnt/ubna_data_02_mir/recover-20220828/UBNA_012/20220826_070000.WAV,Carp Pond,recover-20220828,012,1795
188.4785,188.49,24609.0,29854.0,Nyctalus leisleri,0.542,0.649,-1,Echolocation,/mnt/ubna_data_02_mir/recover-20220828/UBNA_012/20220826_070000.WAV,Carp Pond,recover-20220828,012,1795
188.5725,188.5859,24609.0,29519.0,Nyctalus leisleri,0.286,0.532,-1,Echolocation,/mnt/ubna_data_02_mir/recover-20220828/UBNA_012/20220826_070000.WAV,Carp Pond,recover-20220828,012,1795
188.6275,188.6407,25468.0,30217.0,Nyctalus leisleri,0.382,0.583,-1,Echolocation,/mnt/ubna_data_02_mir/recover-20220828/UBNA_012/20220826_070000.WAV,Carp Pond,recover-20220828,012,1795
188.7455,188.7631,24609.0,29505.0,Nyctalus leisleri,0.252,0.418,-1,Echolocation,/mnt/ubna_data_02_mir/recover-20220828/UBNA_012/20220826_070000.WAV,Carp Pond,recover-20220828,012,1795
188.8545,188.8695,23750.0,29079.0,Nyctalus leisleri,0.473,0.639,-1,Echolocation,/mnt/ubna_data_02_mir/recover-20220828/UBNA_012/20220826_070000.WAV,Carp Pond,recover-20220828,012,1795
188.9225,188.9358,24609.0,28249.0,Nyctalus leisleri,0.44,0.591,-1,Echolocation,/mnt/ubna_data_02_mir/recover-20220828/UBNA_012/20220826_070000.WAV,Carp Pond,recover-20220828,012,1795
189.0245,189.0351,24609.0,30092.0,Nyctalus leisleri,0.356,0.506,-1,Echolocation,/mnt/ubna_data_02_mir/recover-20220828/UBNA_012/20220826_070000.WAV,Carp Pond,recover-20220828,012,1795
189.1285,189.1441,23750.0,28099.0,Nyctalus leisleri,0.425,0.613,-1,Echolocation,/mnt/ubna_data_02_mir/recover-20220828/UBNA_012/20220826_070000.WAV,Carp Pond,recover-20220828,012,1795
189.2035,189.2166,25468.0,29627.0,Nyctalus leisleri,0.509,0.666,-1,Echolocation,/mnt/ubna_data_02_mir/recover-20220828/UBNA_012/20220826_070000.WAV,Carp Pond,recover-20220828,012,1795
189.29149999999998,189.30610000000001,24609.0,27871.0,Nyctalus leisleri,0.548,0.639,-1,Echolocation,/mnt/ubna_data_02_mir/recover-20220828/UBNA_012/20220826_070000.WAV,Carp Pond,recover-20220828,012,1795
189.4175,189.4317,23750.0,29040.0,Nyctalus leisleri,0.359,0.625,-1,Echolocation,/mnt/ubna_data_02_mir/recover-20220828/UBNA_012/20220826_070000.WAV,Carp Pond,recover-20220828,012,1795
189.4845,189.4981,24609.0,28220.0,Nyctalus leisleri,0.515,0.614,-1,Echolocation,/mnt/ubna_data_02_mir/recover-20220828/UBNA_012/20220826_070000.WAV,Carp Pond,recover-20220828,012,1795
189.5625,189.579,24609.0,29846.0,Nyctalus leisleri,0.187,0.376,-1,Echolocation,/mnt/ubna_data_02_mir/recover-20220828/UBNA_012/20220826_070000.WAV,Carp Pond,recover-20220828,012,1795
189.7655,189.7799,25468.0,28856.0,Nyctalus leisleri,0.272,0.41,-1,Echolocation,/mnt/ubna_data_02_mir/recover-20220828/UBNA_012/20220826_070000.WAV,Carp Pond,recover-20220828,012,1795
189.8425,189.8596,23750.0,29893.0,Nyctalus leisleri,0.243,0.427,-1,Echolocation,/mnt/ubna_data_02_mir/recover-20220828/UBNA_012/20220826_070000.WAV,Carp Pond,recover-20220828,012,1795
189.92849999999999,189.9492,24609.0,28759.0,Nyctalus noctula,0.262,0.507,-1,Echolocation,/mnt/ubna_data_02_mir/recover-20220828/UBNA_012/20220826_070000.WAV,Carp Pond,recover-20220828,012,1795
190.0945,190.114,24609.0,31327.0,Eptesicus serotinus,0.254,0.442,-1,Echolocation,/mnt/ubna_data_02_mir/recover-20220828/UBNA_012/20220826_070000.WAV,Carp Pond,recover-20220828,012,1795
190.1285,190.1415,24609.0,29788.0,Nyctalus leisleri,0.299,0.513,-1,Echolocation,/mnt/ubna_data_02_mir/recover-20220828/UBNA_012/20220826_070000.WAV,Carp Pond,recover-20220828,012,1795
190.2815,190.2952,25468.0,31412.0,Nyctalus leisleri,0.287,0.499,-1,Echolocation,/mnt/ubna_data_02_mir/recover-20220828/UBNA_012/20220826_070000.WAV,Carp Pond,recover-20220828,012,1795
190.3645,190.3806,23750.0,27636.0,Nyctalus leisleri,0.464,0.585,-1,Echolocation,/mnt/ubna_data_02_mir/recover-20220828/UBNA_012/20220826_070000.WAV,Carp Pond,recover-20220828,012,1795
190.5495,190.5739,23750.0,28568.0,Nyctalus leisleri,0.157,0.281,-1,Echolocation,/mnt/ubna_data_02_mir/recover-20220828/UBNA_012/20220826_070000.WAV,Carp Pond,recover-20220828,012,1795
190.5545,190.5758,23750.0,28403.0,Nyctalus leisleri,0.179,0.286,-1,Echolocation,/mnt/ubna_data_02_mir/recover-20220828/UBNA_012/20220826_070000.WAV,Carp Pond,recover-20220828,012,1795
190.6225,190.6406,24609.0,27949.0,Nyctalus leisleri,0.373,0.44,-1,Echolocation,/mnt/ubna_data_02_mir/recover-20220828/UBNA_012/20220826_070000.WAV,Carp Pond,recover-20220828,012,1795
190.8055,190.8201,23750.0,30894.0,Eptesicus serotinus,0.238,0.58,-1,Echolocation,/mnt/ubna_data_02_mir/recover-20220828/UBNA_012/20220826_070000.WAV,Carp Pond,recover-20220828,012,1795
190.8365,190.8522,23750.0,30734.0,Eptesicus serotinus,0.273,0.603,-1,Echolocation,/mnt/ubna_data_02_mir/recover-20220828/UBNA_012/20220826_070000.WAV,Carp Pond,recover-20220828,012,1795
190.8785,190.8931,25468.0,28828.0,Nyctalus leisleri,0.38,0.554,-1,Echolocation,/mnt/ubna_data_02_mir/recover-20220828/UBNA_012/20220826_070000.WAV,Carp Pond,recover-20220828,012,1795
190.9245,190.939,23750.0,30905.0,Nyctalus leisleri,0.259,0.536,-1,Echolocation,/mnt/ubna_data_02_mir/recover-20220828/UBNA_012/20220826_070000.WAV,Carp Pond,recover-20220828,012,1795
191.1105,191.1271,23750.0,29112.0,Nyctalus leisleri,0.318,0.541,-1,Echolocation,/mnt/ubna_data_02_mir/recover-20220828/UBNA_012/20220826_070000.WAV,Carp Pond,recover-20220828,012,1795
191.3055,191.3193,24609.0,28752.0,Nyctalus leisleri,0.297,0.409,-1,Echolocation,/mnt/ubna_data_02_mir/recover-20220828/UBNA_012/20220826_070000.WAV,Carp Pond,recover-20220828,012,1795
191.3935,191.4105,24609.0,28182.0,Nyctalus leisleri,0.446,0.564,-1,Echolocation,/mnt/ubna_data_02_mir/recover-20220828/UBNA_012/20220826_070000.WAV,Carp Pond,recover-20220828,012,1795
191.4185,191.4323,23750.0,27521.0,Nyctalus leisleri,0.327,0.432,-1,Echolocation,/mnt/ubna_data_02_mir/recover-20220828/UBNA_012/20220826_070000.WAV,Carp Pond,recover-20220828,012,1795
191.6625,191.6839,23750.0,27800.0,Nyctalus leisleri,0.261,0.341,-1,Echolocation,/mnt/ubna_data_02_mir/recover-20220828/UBNA_012/20220826_070000.WAV,Carp Pond,recover-20220828,012,1795
192.0585,192.0721,24609.0,28146.0,Nyctalus leisleri,0.57,0.662,-1,Echolocation,/mnt/ubna_data_02_mir/recover-20220828/UBNA_012/20220826_070000.WAV,Carp Pond,recover-20220828,012,1795
192.1175,192.13139999999999,23750.0,28816.0,Nyctalus leisleri,0.445,0.638,-1,Echolocation,/mnt/ubna_data_02_mir/recover-20220828/UBNA_012/20220826_070000.WAV,Carp Pond,recover-20220828,012,1795
192.3225,192.3389,24609.0,27768.0,Nyctalus leisleri,0.443,0.602,-1,Echolocation,/mnt/ubna_data_02_mir/recover-20220828/UBNA_012/20220826_070000.WAV,Carp Pond,recover-20220828,012,1795
192.4355,192.4506,25468.0,30332.0,Nyctalus leisleri,0.136,0.253,-1,Echolocation,/mnt/ubna_data_02_mir/recover-20220828/UBNA_012/20220826_070000.WAV,Carp Pond,recover-20220828,012,1795
192.5805,192.5949,26328.0,30464.0,Nyctalus leisleri,0.208,0.32,-1,Echolocation,/mnt/ubna_data_02_mir/recover-20220828/UBNA_012/20220826_070000.WAV,Carp Pond,recover-20220828,012,1795
192.6015,192.6184,23750.0,28645.0,Nyctalus leisleri,0.241,0.354,-1,Echolocation,/mnt/ubna_data_02_mir/recover-20220828/UBNA_012/20220826_070000.WAV,Carp Pond,recover-20220828,012,1795
192.6945,192.7069,24609.0,29821.0,Nyctalus leisleri,0.423,0.58,-1,Echolocation,/mnt/ubna_data_02_mir/recover-20220828/UBNA_012/20220826_070000.WAV,Carp Pond,recover-20220828,012,1795
192.8325,192.843,24609.0,30723.0,Nyctalus leisleri,0.487,0.667,-1,Echolocation,/mnt/ubna_data_02_mir/recover-20220828/UBNA_012/20220826_070000.WAV,Carp Pond,recover-20220828,012,1795
192.8755,192.89,24609.0,28442.0,Nyctalus leisleri,0.551,0.669,-1,Echolocation,/mnt/ubna_data_02_mir/recover-20220828/UBNA_012/20220826_070000.WAV,Carp Pond,recover-20220828,012,1795
193.0515,193.0683,26328.0,29549.0,Nyctalus leisleri,0.212,0.28,-1,Echolocation,/mnt/ubna_data_02_mir/recover-20220828/UBNA_012/20220826_070000.WAV,Carp Pond,recover-20220828,012,1795
193.1025,193.1156,24609.0,29507.0,Nyctalus leisleri,0.45,0.616,-1,Echolocation,/mnt/ubna_data_02_mir/recover-20220828/UBNA_012/20220826_070000.WAV,Carp Pond,recover-20220828,012,1795
193.3815,193.3926,24609.0,31648.0,Nyctalus leisleri,0.307,0.653,-1,Echolocation,/mnt/ubna_data_02_mir/recover-20220828/UBNA_012/20220826_070000.WAV,Carp Pond,recover-20220828,012,1795
193.5175,193.5357,26328.0,29513.0,Nyctalus leisleri,0.324,0.401,-1,Echolocation,/mnt/ubna_data_02_mir/recover-20220828/UBNA_012/20220826_070000.WAV,Carp Pond,recover-20220828,012,1795
193.5705,193.5845,24609.0,29316.0,Nyctalus leisleri,0.414,0.625,-1,Echolocation,/mnt/ubna_data_02_mir/recover-20220828/UBNA_012/20220826_070000.WAV,Carp Pond,recover-20220828,012,1795
193.6695,193.68110000000001,24609.0,31661.0,Nyctalus leisleri,0.436,0.68,-1,Echolocation,/mnt/ubna_data_02_mir/recover-20220828/UBNA_012/20220826_070000.WAV,Carp Pond,recover-20220828,012,1795
193.7885,193.8038,26328.0,29734.0,Nyctalus leisleri,0.391,0.562,-1,Echolocation,/mnt/ubna_data_02_mir/recover-20220828/UBNA_012/20220826_070000.WAV,Carp Pond,recover-20220828,012,1795
193.9485,193.962,24609.0,28929.0,Nyctalus leisleri,0.487,0.644,-1,Echolocation,/mnt/ubna_data_02_mir/recover-20220828/UBNA_012/20220826_070000.WAV,Carp Pond,recover-20220828,012,1795
194.0585,194.0784,26328.0,28946.0,Nyctalus leisleri,0.301,0.349,-1,Echolocation,/mnt/ubna_data_02_mir/recover-20220828/UBNA_012/20220826_070000.WAV,Carp Pond,recover-20220828,012,1795
194.1335,194.1499,24609.0,27976.0,Nyctalus leisleri,0.343,0.426,-1,Echolocation,/mnt/ubna_data_02_mir/recover-20220828/UBNA_012/20220826_070000.WAV,Carp Pond,recover-20220828,012,1795
194.2445,194.257,24609.0,29664.0,Nyctalus leisleri,0.421,0.648,-1,Echolocation,/mnt/ubna_data_02_mir/recover-20220828/UBNA_012/20220826_070000.WAV,Carp Pond,recover-20220828,012,1795
194.4085,194.4231,24609.0,28960.0,Nyctalus leisleri,0.306,0.446,-1,Echolocation,/mnt/ubna_data_02_mir/recover-20220828/UBNA_012/20220826_070000.WAV,Carp Pond,recover-20220828,012,1795
194.5435,194.5556,24609.0,30092.0,Nyctalus leisleri,0.527,0.672,-1,Echolocation,/mnt/ubna_data_02_mir/recover-20220828/UBNA_012/20220826_070000.WAV,Carp Pond,recover-20220828,012,1795
194.6185,194.6349,25468.0,29046.0,Nyctalus leisleri,0.485,0.58,-1,Echolocation,/mnt/ubna_data_02_mir/recover-20220828/UBNA_012/20220826_070000.WAV,Carp Pond,recover-20220828,012,1795
194.6895,194.7041,25468.0,28935.0,Nyctalus leisleri,0.376,0.567,-1,Echolocation,/mnt/ubna_data_02_mir/recover-20220828/UBNA_012/20220826_070000.WAV,Carp Pond,recover-20220828,012,1795
194.92849999999999,194.9421,23750.0,31267.0,Nyctalus leisleri,0.472,0.686,-1,Echolocation,/mnt/ubna_data_02_mir/recover-20220828/UBNA_012/20220826_070000.WAV,Carp Pond,recover-20220828,012,1795
195.0285,195.0488,23750.0,27485.0,Nyctalus leisleri,0.243,0.31,-1,Echolocation,/mnt/ubna_data_02_mir/recover-20220828/UBNA_012/20220826_070000.WAV,Carp Pond,recover-20220828,012,1795
195.0765,195.0918,24609.0,29569.0,Nyctalus leisleri,0.446,0.646,-1,Echolocation,/mnt/ubna_data_02_mir/recover-20220828/UBNA_012/20220826_070000.WAV,Carp Pond,recover-20220828,012,1795
195.1235,195.1366,26328.0,30361.0,Nyctalus leisleri,0.169,0.288,-1,Echolocation,/mnt/ubna_data_02_mir/recover-20220828/UBNA_012/20220826_070000.WAV,Carp Pond,recover-20220828,012,1795
195.1885,195.2061,25468.0,29398.0,Nyctalus leisleri,0.436,0.571,-1,Echolocation,/mnt/ubna_data_02_mir/recover-20220828/UBNA_012/20220826_070000.WAV,Carp Pond,recover-20220828,012,1795
195.3325,195.3468,24609.0,29233.0,Nyctalus leisleri,0.554,0.653,-1,Echolocation,/mnt/ubna_data_02_mir/recover-20220828/UBNA_012/20220826_070000.WAV,Carp Pond,recover-20220828,012,1795
195.6025,195.617,24609.0,30272.0,Nyctalus leisleri,0.381,0.646,-1,Echolocation,/mnt/ubna_data_02_mir/recover-20220828/UBNA_012/20220826_070000.WAV,Carp Pond,recover-20220828,012,1795
195.69650000000001,195.7141,24609.0,28762.0,Nyctalus leisleri,0.316,0.416,-1,Echolocation,/mnt/ubna_data_02_mir/recover-20220828/UBNA_012/20220826_070000.WAV,Carp Pond,recover-20220828,012,1795
195.7335,195.7515,26328.0,29465.0,Nyctalus leisleri,0.37,0.491,-1,Echolocation,/mnt/ubna_data_02_mir/recover-20220828/UBNA_012/20220826_070000.WAV,Carp Pond,recover-20220828,012,1795
195.9955,196.0052,26328.0,32451.0,Nyctalus leisleri,0.385,0.492,-1,Echolocation,/mnt/ubna_data_02_mir/recover-20220828/UBNA_012/20220826_070000.WAV,Carp Pond,recover-20220828,012,1795
196.0015,196.0097,49531.0,53821.0,Pipistrellus pipistrellus,0.113,0.22,-1,Echolocation,/mnt/ubna_data_02_mir/recover-20220828/UBNA_012/20220826_070000.WAV,Carp Pond,recover-20220828,012,1795
196.0015,196.0132,23750.0,27829.0,Nyctalus leisleri,0.214,0.263,-1,Echolocation,/mnt/ubna_data_02_mir/recover-20220828/UBNA_012/20220826_070000.WAV,Carp Pond,recover-20220828,012,1795
196.1475,196.1586,25468.0,31997.0,Nyctalus leisleri,0.487,0.67,-1,Echolocation,/mnt/ubna_data_02_mir/recover-20220828/UBNA_012/20220826_070000.WAV,Carp Pond,recover-20220828,012,1795
196.2505,196.2674,24609.0,29588.0,Nyctalus leisleri,0.202,0.558,-1,Echolocation,/mnt/ubna_data_02_mir/recover-20220828/UBNA_012/20220826_070000.WAV,Carp Pond,recover-20220828,012,1795
196.2985,196.3149,25468.0,29264.0,Nyctalus leisleri,0.486,0.619,-1,Echolocation,/mnt/ubna_data_02_mir/recover-20220828/UBNA_012/20220826_070000.WAV,Carp Pond,recover-20220828,012,1795
196.5325,196.5444,24609.0,32699.0,Nyctalus leisleri,0.343,0.688,-1,Echolocation,/mnt/ubna_data_02_mir/recover-20220828/UBNA_012/20220826_070000.WAV,Carp Pond,recover-20220828,012,1795
196.5725,196.5914,25468.0,29247.0,Nyctalus leisleri,0.197,0.271,-1,Echolocation,/mnt/ubna_data_02_mir/recover-20220828/UBNA_012/20220826_070000.WAV,Carp Pond,recover-20220828,012,1795
196.8075,196.8218,23750.0,31301.0,Nyctalus leisleri,0.396,0.676,-1,Echolocation,/mnt/ubna_data_02_mir/recover-20220828/UBNA_012/20220826_070000.WAV,Carp Pond,recover-20220828,012,1795
196.8405,196.8551,26328.0,29019.0,Nyctalus leisleri,0.514,0.615,-1,Echolocation,/mnt/ubna_data_02_mir/recover-20220828/UBNA_012/20220826_070000.WAV,Carp Pond,recover-20220828,012,1795
197.0895,197.103,23750.0,30961.0,Nyctalus leisleri,0.38,0.612,-1,Echolocation,/mnt/ubna_data_02_mir/recover-20220828/UBNA_012/20220826_070000.WAV,Carp Pond,recover-20220828,012,1795
197.2405,197.2553,27187.0,31803.0,Nyctalus leisleri,0.252,0.551,-1,Echolocation,/mnt/ubna_data_02_mir/recover-20220828/UBNA_012/20220826_070000.WAV,Carp Pond,recover-20220828,012,1795
197.3585,197.3731,24609.0,28525.0,Nyctalus leisleri,0.388,0.477,-1,Echolocation,/mnt/ubna_data_02_mir/recover-20220828/UBNA_012/20220826_070000.WAV,Carp Pond,recover-20220828,012,1795
197.4115,197.435,24609.0,28749.0,Nyctalus leisleri,0.17,0.251,-1,Echolocation,/mnt/ubna_data_02_mir/recover-20220828/UBNA_012/20220826_070000.WAV,Carp Pond,recover-20220828,012,1795
197.4945,197.5095,23750.0,28746.0,Nyctalus leisleri,0.649,0.727,-1,Echolocation,/mnt/ubna_data_02_mir/recover-20220828/UBNA_012/20220826_070000.WAV,Carp Pond,recover-20220828,012,1795
197.6995,197.7145,25468.0,28657.0,Nyctalus leisleri,0.558,0.699,-1,Echolocation,/mnt/ubna_data_02_mir/recover-20220828/UBNA_012/20220826_070000.WAV,Carp Pond,recover-20220828,012,1795
197.7825,197.7955,24609.0,31042.0,Nyctalus leisleri,0.309,0.634,-1,Echolocation,/mnt/ubna_data_02_mir/recover-20220828/UBNA_012/20220826_070000.WAV,Carp Pond,recover-20220828,012,1795
197.9665,197.9846,25468.0,28939.0,Nyctalus leisleri,0.444,0.626,-1,Echolocation,/mnt/ubna_data_02_mir/recover-20220828/UBNA_012/20220826_070000.WAV,Carp Pond,recover-20220828,012,1795
198.0645,198.0794,23750.0,29206.0,Nyctalus leisleri,0.328,0.628,-1,Echolocation,/mnt/ubna_data_02_mir/recover-20220828/UBNA_012/20220826_070000.WAV,Carp Pond,recover-20220828,012,1795
198.1835,198.1975,23750.0,29199.0,Nyctalus leisleri,0.261,0.478,-1,Echolocation,/mnt/ubna_data_02_mir/recover-20220828/UBNA_012/20220826_070000.WAV,Carp Pond,recover-20220828,012,1795
198.2305,198.2506,26328.0,29396.0,Nyctalus leisleri,0.181,0.243,-1,Echolocation,/mnt/ubna_data_02_mir/recover-20220828/UBNA_012/20220826_070000.WAV,Carp Pond,recover-20220828,012,1795
198.3515,198.3655,23750.0,32679.0,Eptesicus serotinus,0.363,0.617,-1,Echolocation,/mnt/ubna_data_02_mir/recover-20220828/UBNA_012/20220826_070000.WAV,Carp Pond,recover-20220828,012,1795
198.4655,198.4769,24609.0,31948.0,Nyctalus leisleri,0.325,0.638,-1,Echolocation,/mnt/ubna_data_02_mir/recover-20220828/UBNA_012/20220826_070000.WAV,Carp Pond,recover-20220828,012,1795
198.5795,198.593,25468.0,29962.0,Nyctalus leisleri,0.283,0.559,-1,Echolocation,/mnt/ubna_data_02_mir/recover-20220828/UBNA_012/20220826_070000.WAV,Carp Pond,recover-20220828,012,1795
198.6365,198.6498,25468.0,30713.0,Nyctalus leisleri,0.295,0.569,-1,Echolocation,/mnt/ubna_data_02_mir/recover-20220828/UBNA_012/20220826_070000.WAV,Carp Pond,recover-20220828,012,1795
198.7445,198.7539,25468.0,32445.0,Nyctalus leisleri,0.357,0.603,-1,Echolocation,/mnt/ubna_data_02_mir/recover-20220828/UBNA_012/20220826_070000.WAV,Carp Pond,recover-20220828,012,1795
198.8585,198.8691,25468.0,34150.0,Eptesicus serotinus,0.312,0.623,-1,Echolocation,/mnt/ubna_data_02_mir/recover-20220828/UBNA_012/20220826_070000.WAV,Carp Pond,recover-20220828,012,1795
198.9675,198.9765,25468.0,33546.0,Eptesicus serotinus,0.271,0.65,-1,Echolocation,/mnt/ubna_data_02_mir/recover-20220828/UBNA_012/20220826_070000.WAV,Carp Pond,recover-20220828,012,1795
199.0635,199.0727,25468.0,32298.0,Eptesicus serotinus,0.263,0.516,-1,Echolocation,/mnt/ubna_data_02_mir/recover-20220828/UBNA_012/20220826_070000.WAV,Carp Pond,recover-20220828,012,1795
199.1335,199.1469,24609.0,29456.0,Nyctalus leisleri,0.31,0.504,-1,Echolocation,/mnt/ubna_data_02_mir/recover-20220828/UBNA_012/20220826_070000.WAV,Carp Pond,recover-20220828,012,1795
199.4795,199.4974,25468.0,28404.0,Nyctalus leisleri,0.455,0.653,-1,Echolocation,/mnt/ubna_data_02_mir/recover-20220828/UBNA_012/20220826_070000.WAV,Carp Pond,recover-20220828,012,1795
199.5485,199.5656,24609.0,28522.0,Nyctalus leisleri,0.225,0.353,-1,Echolocation,/mnt/ubna_data_02_mir/recover-20220828/UBNA_012/20220826_070000.WAV,Carp Pond,recover-20220828,012,1795
199.7615,199.7816,25468.0,28986.0,Nyctalus leisleri,0.266,0.379,-1,Echolocation,/mnt/ubna_data_02_mir/recover-20220828/UBNA_012/20220826_070000.WAV,Carp Pond,recover-20220828,012,1795
199.9565,199.9717,24609.0,29037.0,Nyctalus leisleri,0.268,0.553,-1,Echolocation,/mnt/ubna_data_02_mir/recover-20220828/UBNA_012/20220826_070000.WAV,Carp Pond,recover-20220828,012,1795
200.0905,200.1078,25468.0,29091.0,Nyctalus leisleri,0.109,0.209,-1,Echolocation,/mnt/ubna_data_02_mir/recover-20220828/UBNA_012/20220826_070000.WAV,Carp Pond,recover-20220828,012,1795
200.1205,200.135,23750.0,28741.0,Nyctalus leisleri,0.336,0.513,-1,Echolocation,/mnt/ubna_data_02_mir/recover-20220828/UBNA_012/20220826_070000.WAV,Carp Pond,recover-20220828,012,1795
200.1795,200.1966,25468.0,29242.0,Nyctalus leisleri,0.295,0.593,-1,Echolocation,/mnt/ubna_data_02_mir/recover-20220828/UBNA_012/20220826_070000.WAV,Carp Pond,recover-20220828,012,1795
200.2585,200.2769,24609.0,29630.0,Nyctalus leisleri,0.118,0.248,-1,Echolocation,/mnt/ubna_data_02_mir/recover-20220828/UBNA_012/20220826_070000.WAV,Carp Pond,recover-20220828,012,1795
200.2705,200.2888,23750.0,27579.0,Nyctalus leisleri,0.26,0.361,-1,Echolocation,/mnt/ubna_data_02_mir/recover-20220828/UBNA_012/20220826_070000.WAV,Carp Pond,recover-20220828,012,1795
200.3485,200.367,25468.0,28907.0,Nyctalus leisleri,0.275,0.506,-1,Echolocation,/mnt/ubna_data_02_mir/recover-20220828/UBNA_012/20220826_070000.WAV,Carp Pond,recover-20220828,012,1795
200.5445,200.5615,24609.0,29596.0,Nyctalus noctula,0.238,0.6,-1,Echolocation,/mnt/ubna_data_02_mir/recover-20220828/UBNA_012/20220826_070000.WAV,Carp Pond,recover-20220828,012,1795
200.6225,200.6458,24609.0,29123.0,Nyctalus noctula,0.12,0.27,-1,Echolocation,/mnt/ubna_data_02_mir/recover-20220828/UBNA_012/20220826_070000.WAV,Carp Pond,recover-20220828,012,1795
200.8255,200.8422,23750.0,28660.0,Nyctalus leisleri,0.301,0.482,-1,Echolocation,/mnt/ubna_data_02_mir/recover-20220828/UBNA_012/20220826_070000.WAV,Carp Pond,recover-20220828,012,1795
200.8895,200.9089,25468.0,30000.0,Nyctalus leisleri,0.282,0.395,-1,Echolocation,/mnt/ubna_data_02_mir/recover-20220828/UBNA_012/20220826_070000.WAV,Carp Pond,recover-20220828,012,1795
201.1155,201.1294,24609.0,29022.0,Nyctalus leisleri,0.45,0.631,-1,Echolocation,/mnt/ubna_data_02_mir/recover-20220828/UBNA_012/20220826_070000.WAV,Carp Pond,recover-20220828,012,1795
201.1765,201.1928,25468.0,28307.0,Nyctalus leisleri,0.373,0.634,-1,Echolocation,/mnt/ubna_data_02_mir/recover-20220828/UBNA_012/20220826_070000.WAV,Carp Pond,recover-20220828,012,1795
201.2855,201.2983,24609.0,27981.0,Nyctalus leisleri,0.398,0.499,-1,Echolocation,/mnt/ubna_data_02_mir/recover-20220828/UBNA_012/20220826_070000.WAV,Carp Pond,recover-20220828,012,1795
201.4015,201.4132,24609.0,29449.0,Nyctalus leisleri,0.251,0.429,-1,Echolocation,/mnt/ubna_data_02_mir/recover-20220828/UBNA_012/20220826_070000.WAV,Carp Pond,recover-20220828,012,1795
201.4695,201.4895,24609.0,28677.0,Nyctalus leisleri,0.262,0.515,-1,Echolocation,/mnt/ubna_data_02_mir/recover-20220828/UBNA_012/20220826_070000.WAV,Carp Pond,recover-20220828,012,1795
201.5515,201.5649,24609.0,30931.0,Nyctalus leisleri,0.295,0.518,-1,Echolocation,/mnt/ubna_data_02_mir/recover-20220828/UBNA_012/20220826_070000.WAV,Carp Pond,recover-20220828,012,1795
201.6945,201.7137,23750.0,28398.0,Nyctalus leisleri,0.247,0.528,-1,Echolocation,/mnt/ubna_data_02_mir/recover-20220828/UBNA_012/20220826_070000.WAV,Carp Pond,recover-20220828,012,1795
201.9765,201.9947,24609.0,28560.0,Nyctalus leisleri,0.204,0.323,-1,Echolocation,/mnt/ubna_data_02_mir/recover-20220828/UBNA_012/20220826_070000.WAV,Carp Pond,recover-20220828,012,1795
202.0375,202.0553,24609.0,27817.0,Nyctalus leisleri,0.544,0.649,-1,Echolocation,/mnt/ubna_data_02_mir/recover-20220828/UBNA_012/20220826_070000.WAV,Carp Pond,recover-20220828,012,1795
202.1135,202.1293,25468.0,28928.0,Nyctalus leisleri,0.328,0.377,-1,Echolocation,/mnt/ubna_data_02_mir/recover-20220828/UBNA_012/20220826_070000.WAV,Carp Pond,recover-20220828,012,1795
202.2455,202.2588,24609.0,30923.0,Nyctalus leisleri,0.298,0.567,-1,Echolocation,/mnt/ubna_data_02_mir/recover-20220828/UBNA_012/20220826_070000.WAV,Carp Pond,recover-20220828,012,1795
202.3255,202.3462,24609.0,27671.0,Nyctalus leisleri,0.222,0.314,-1,Echolocation,/mnt/ubna_data_02_mir/recover-20220828/UBNA_012/20220826_070000.WAV,Carp Pond,recover-20220828,012,1795
202.3345,202.3494,24609.0,27126.0,Nyctalus leisleri,0.263,0.295,-1,Echolocation,/mnt/ubna_data_02_mir/recover-20220828/UBNA_012/20220826_070000.WAV,Carp Pond,recover-20220828,012,1795
202.3945,202.4175,24609.0,28475.0,Nyctalus leisleri,0.187,0.244,-1,Echolocation,/mnt/ubna_data_02_mir/recover-20220828/UBNA_012/20220826_070000.WAV,Carp Pond,recover-20220828,012,1795
202.5305,202.5464,24609.0,28610.0,Nyctalus leisleri,0.4,0.518,-1,Echolocation,/mnt/ubna_data_02_mir/recover-20220828/UBNA_012/20220826_070000.WAV,Carp Pond,recover-20220828,012,1795
202.5975,202.6137,25468.0,28163.0,Nyctalus leisleri,0.66,0.726,-1,Echolocation,/mnt/ubna_data_02_mir/recover-20220828/UBNA_012/20220826_070000.WAV,Carp Pond,recover-20220828,012,1795
202.6685,202.6853,25468.0,30297.0,Nyctalus leisleri,0.325,0.44,-1,Echolocation,/mnt/ubna_data_02_mir/recover-20220828/UBNA_012/20220826_070000.WAV,Carp Pond,recover-20220828,012,1795
202.8895,202.909,24609.0,27510.0,Nyctalus leisleri,0.506,0.587,-1,Echolocation,/mnt/ubna_data_02_mir/recover-20220828/UBNA_012/20220826_070000.WAV,Carp Pond,recover-20220828,012,1795
202.9365,202.9541,23750.0,28867.0,Nyctalus leisleri,0.331,0.454,-1,Echolocation,/mnt/ubna_data_02_mir/recover-20220828/UBNA_012/20220826_070000.WAV,Carp Pond,recover-20220828,012,1795
203.1715,203.1889,24609.0,27793.0,Nyctalus leisleri,0.605,0.667,-1,Echolocation,/mnt/ubna_data_02_mir/recover-20220828/UBNA_012/20220826_070000.WAV,Carp Pond,recover-20220828,012,1795
203.2005,203.2163,23750.0,27808.0,Nyctalus leisleri,0.311,0.404,-1,Echolocation,/mnt/ubna_data_02_mir/recover-20220828/UBNA_012/20220826_070000.WAV,Carp Pond,recover-20220828,012,1795
203.2235,203.2363,26328.0,30830.0,Nyctalus leisleri,0.19,0.288,-1,Echolocation,/mnt/ubna_data_02_mir/recover-20220828/UBNA_012/20220826_070000.WAV,Carp Pond,recover-20220828,012,1795
203.5045,203.5172,25468.0,30219.0,Nyctalus leisleri,0.142,0.264,-1,Echolocation,/mnt/ubna_data_02_mir/recover-20220828/UBNA_012/20220826_070000.WAV,Carp Pond,recover-20220828,012,1795
203.59550000000002,203.6104,23750.0,28231.0,Nyctalus leisleri,0.31,0.436,-1,Echolocation,/mnt/ubna_data_02_mir/recover-20220828/UBNA_012/20220826_070000.WAV,Carp Pond,recover-20220828,012,1795
203.7755,203.7967,25468.0,29209.0,Nyctalus leisleri,0.313,0.423,-1,Echolocation,/mnt/ubna_data_02_mir/recover-20220828/UBNA_012/20220826_070000.WAV,Carp Pond,recover-20220828,012,1795
203.8665,203.8832,25468.0,27684.0,Nyctalus leisleri,0.561,0.64,-1,Echolocation,/mnt/ubna_data_02_mir/recover-20220828/UBNA_012/20220826_070000.WAV,Carp Pond,recover-20220828,012,1795
204.1805,204.1958,23750.0,28102.0,Nyctalus leisleri,0.57,0.655,-1,Echolocation,/mnt/ubna_data_02_mir/recover-20220828/UBNA_012/20220826_070000.WAV,Carp Pond,recover-20220828,012,1795
204.2935,204.3088,24609.0,28857.0,Nyctalus leisleri,0.347,0.52,-1,Echolocation,/mnt/ubna_data_02_mir/recover-20220828/UBNA_012/20220826_070000.WAV,Carp Pond,recover-20220828,012,1795
204.4525,204.4666,23750.0,29130.0,Nyctalus leisleri,0.424,0.589,-1,Echolocation,/mnt/ubna_data_02_mir/recover-20220828/UBNA_012/20220826_070000.WAV,Carp Pond,recover-20220828,012,1795
204.4725,204.4855,26328.0,29536.0,Nyctalus leisleri,0.146,0.273,-1,Echolocation,/mnt/ubna_data_02_mir/recover-20220828/UBNA_012/20220826_070000.WAV,Carp Pond,recover-20220828,012,1795
204.5525,204.5692,25468.0,28224.0,Nyctalus leisleri,0.54,0.648,-1,Echolocation,/mnt/ubna_data_02_mir/recover-20220828/UBNA_012/20220826_070000.WAV,Carp Pond,recover-20220828,012,1795
204.5975,204.608,25468.0,31006.0,Nyctalus leisleri,0.232,0.465,-1,Echolocation,/mnt/ubna_data_02_mir/recover-20220828/UBNA_012/20220826_070000.WAV,Carp Pond,recover-20220828,012,1795
204.77949999999998,204.7924,25468.0,29820.0,Nyctalus leisleri,0.24,0.381,-1,Echolocation,/mnt/ubna_data_02_mir/recover-20220828/UBNA_012/20220826_070000.WAV,Carp Pond,recover-20220828,012,1795
204.8655,204.8845,24609.0,29229.0,Nyctalus leisleri,0.239,0.429,-1,Echolocation,/mnt/ubna_data_02_mir/recover-20220828/UBNA_012/20220826_070000.WAV,Carp Pond,recover-20220828,012,1795
204.8735,204.882,49531.0,53665.0,Pipistrellus pipistrellus,0.169,0.224,-1,Echolocation,/mnt/ubna_data_02_mir/recover-20220828/UBNA_012/20220826_070000.WAV,Carp Pond,recover-20220828,012,1795
205.0435,205.0601,25468.0,29511.0,Nyctalus leisleri,0.341,0.532,-1,Echolocation,/mnt/ubna_data_02_mir/recover-20220828/UBNA_012/20220826_070000.WAV,Carp Pond,recover-20220828,012,1795
205.1405,205.1562,23750.0,30572.0,Nyctalus leisleri,0.269,0.561,-1,Echolocation,/mnt/ubna_data_02_mir/recover-20220828/UBNA_012/20220826_070000.WAV,Carp Pond,recover-20220828,012,1795
205.1755,205.187,27187.0,32882.0,Nyctalus leisleri,0.298,0.531,-1,Echolocation,/mnt/ubna_data_02_mir/recover-20220828/UBNA_012/20220826_070000.WAV,Carp Pond,recover-20220828,012,1795
205.2215,205.2431,24609.0,27508.0,Nyctalus leisleri,0.409,0.464,-1,Echolocation,/mnt/ubna_data_02_mir/recover-20220828/UBNA_012/20220826_070000.WAV,Carp Pond,recover-20220828,012,1795
205.3435,205.3562,25468.0,29622.0,Nyctalus leisleri,0.265,0.416,-1,Echolocation,/mnt/ubna_data_02_mir/recover-20220828/UBNA_012/20220826_070000.WAV,Carp Pond,recover-20220828,012,1795
205.4655,205.4842,23750.0,27971.0,Nyctalus leisleri,0.169,0.282,-1,Echolocation,/mnt/ubna_data_02_mir/recover-20220828/UBNA_012/20220826_070000.WAV,Carp Pond,recover-20220828,012,1795
205.5005,205.5164,24609.0,28424.0,Nyctalus leisleri,0.32,0.411,-1,Echolocation,/mnt/ubna_data_02_mir/recover-20220828/UBNA_012/20220826_070000.WAV,Carp Pond,recover-20220828,012,1795
205.5355,205.5502,23750.0,28776.0,Nyctalus leisleri,0.376,0.566,-1,Echolocation,/mnt/ubna_data_02_mir/recover-20220828/UBNA_012/20220826_070000.WAV,Carp Pond,recover-20220828,012,1795
205.6225,205.6359,25468.0,31153.0,Nyctalus leisleri,0.34,0.625,-1,Echolocation,/mnt/ubna_data_02_mir/recover-20220828/UBNA_012/20220826_070000.WAV,Carp Pond,recover-20220828,012,1795
205.7985,205.8114,23750.0,31091.0,Eptesicus serotinus,0.28,0.547,-1,Echolocation,/mnt/ubna_data_02_mir/recover-20220828/UBNA_012/20220826_070000.WAV,Carp Pond,recover-20220828,012,1795
205.90449999999998,205.9252,23750.0,28483.0,Nyctalus leisleri,0.116,0.25,-1,Echolocation,/mnt/ubna_data_02_mir/recover-20220828/UBNA_012/20220826_070000.WAV,Carp Pond,recover-20220828,012,1795
205.9335,205.9463,24609.0,33025.0,Eptesicus serotinus,0.277,0.596,-1,Echolocation,/mnt/ubna_data_02_mir/recover-20220828/UBNA_012/20220826_070000.WAV,Carp Pond,recover-20220828,012,1795
206.0475,206.0613,24609.0,29363.0,Nyctalus leisleri,0.132,0.244,-1,Echolocation,/mnt/ubna_data_02_mir/recover-20220828/UBNA_012/20220826_070000.WAV,Carp Pond,recover-20220828,012,1795
206.0805,206.0925,25468.0,32003.0,Nyctalus leisleri,0.371,0.639,-1,Echolocation,/mnt/ubna_data_02_mir/recover-20220828/UBNA_012/20220826_070000.WAV,Carp Pond,recover-20220828,012,1795
206.2315,206.24439999999998,25468.0,30394.0,Nyctalus leisleri,0.189,0.385,-1,Echolocation,/mnt/ubna_data_02_mir/recover-20220828/UBNA_012/20220826_070000.WAV,Carp Pond,recover-20220828,012,1795
206.3185,206.3347,25468.0,30468.0,Nyctalus leisleri,0.316,0.595,-1,Echolocation,/mnt/ubna_data_02_mir/recover-20220828/UBNA_012/20220826_070000.WAV,Carp Pond,recover-20220828,012,1795
206.3755,206.3873,25468.0,31179.0,Nyctalus leisleri,0.262,0.484,-1,Echolocation,/mnt/ubna_data_02_mir/recover-20220828/UBNA_012/20220826_070000.WAV,Carp Pond,recover-20220828,012,1795
206.5735,206.5949,25468.0,28951.0,Nyctalus leisleri,0.185,0.259,-1,Echolocation,/mnt/ubna_data_02_mir/recover-20220828/UBNA_012/20220826_070000.WAV,Carp Pond,recover-20220828,012,1795
206.5995,206.6167,25468.0,29278.0,Nyctalus leisleri,0.134,0.206,-1,Echolocation,/mnt/ubna_data_02_mir/recover-20220828/UBNA_012/20220826_070000.WAV,Carp Pond,recover-20220828,012,1795
206.6375,206.6497,24609.0,31116.0,Nyctalus leisleri,0.341,0.642,-1,Echolocation,/mnt/ubna_data_02_mir/recover-20220828/UBNA_012/20220826_070000.WAV,Carp Pond,recover-20220828,012,1795
206.8755,206.8943,24609.0,28775.0,Nyctalus leisleri,0.238,0.369,-1,Echolocation,/mnt/ubna_data_02_mir/recover-20220828/UBNA_012/20220826_070000.WAV,Carp Pond,recover-20220828,012,1795
207.1695,207.1838,23750.0,30833.0,Eptesicus serotinus,0.241,0.59,-1,Echolocation,/mnt/ubna_data_02_mir/recover-20220828/UBNA_012/20220826_070000.WAV,Carp Pond,recover-20220828,012,1795
207.2945,207.3068,24609.0,28711.0,Nyctalus leisleri,0.144,0.321,-1,Echolocation,/mnt/ubna_data_02_mir/recover-20220828/UBNA_012/20220826_070000.WAV,Carp Pond,recover-20220828,012,1795
207.3305,207.3446,23750.0,29013.0,Nyctalus leisleri,0.352,0.569,-1,Echolocation,/mnt/ubna_data_02_mir/recover-20220828/UBNA_012/20220826_070000.WAV,Carp Pond,recover-20220828,012,1795
207.4155,207.43959999999998,24609.0,28467.0,Nyctalus leisleri,0.181,0.272,-1,Echolocation,/mnt/ubna_data_02_mir/recover-20220828/UBNA_012/20220826_070000.WAV,Carp Pond,recover-20220828,012,1795
207.4675,207.4767,25468.0,32984.0,Eptesicus serotinus,0.261,0.563,-1,Echolocation,/mnt/ubna_data_02_mir/recover-20220828/UBNA_012/20220826_070000.WAV,Carp Pond,recover-20220828,012,1795
207.5195,207.5325,24609.0,28259.0,Nyctalus leisleri,0.413,0.544,-1,Echolocation,/mnt/ubna_data_02_mir/recover-20220828/UBNA_012/20220826_070000.WAV,Carp Pond,recover-20220828,012,1795
207.5695,207.58429999999998,25468.0,28698.0,Nyctalus leisleri,0.251,0.377,-1,Echolocation,/mnt/ubna_data_02_mir/recover-20220828/UBNA_012/20220826_070000.WAV,Carp Pond,recover-20220828,012,1795
207.7375,207.7508,23750.0,30288.0,Nyctalus leisleri,0.33,0.606,-1,Echolocation,/mnt/ubna_data_02_mir/recover-20220828/UBNA_012/20220826_070000.WAV,Carp Pond,recover-20220828,012,1795
207.80349999999999,207.8199,25468.0,28875.0,Nyctalus leisleri,0.426,0.559,-1,Echolocation,/mnt/ubna_data_02_mir/recover-20220828/UBNA_012/20220826_070000.WAV,Carp Pond,recover-20220828,012,1795
208.0045,208.0193,22890.0,28367.0,Nyctalus leisleri,0.348,0.472,-1,Echolocation,/mnt/ubna_data_02_mir/recover-20220828/UBNA_012/20220826_070000.WAV,Carp Pond,recover-20220828,012,1795
208.1125,208.1251,24609.0,29868.0,Nyctalus leisleri,0.161,0.357,-1,Echolocation,/mnt/ubna_data_02_mir/recover-20220828/UBNA_012/20220826_070000.WAV,Carp Pond,recover-20220828,012,1795
208.2705,208.2841,24609.0,29035.0,Nyctalus leisleri,0.333,0.497,-1,Echolocation,/mnt/ubna_data_02_mir/recover-20220828/UBNA_012/20220826_070000.WAV,Carp Pond,recover-20220828,012,1795
208.5625,208.5772,23750.0,28750.0,Nyctalus leisleri,0.419,0.564,-1,Echolocation,/mnt/ubna_data_02_mir/recover-20220828/UBNA_012/20220826_070000.WAV,Carp Pond,recover-20220828,012,1795
208.8355,208.8545,24609.0,28346.0,Nyctalus leisleri,0.393,0.512,-1,Echolocation,/mnt/ubna_data_02_mir/recover-20220828/UBNA_012/20220826_070000.WAV,Carp Pond,recover-20220828,012,1795
209.5605,209.5733,24609.0,29682.0,Eptesicus serotinus,0.093,0.229,-1,Echolocation,/mnt/ubna_data_02_mir/recover-20220828/UBNA_012/20220826_070000.WAV,Carp Pond,recover-20220828,012,1795
209.6515,209.6697,24609.0,28855.0,Nyctalus leisleri,0.167,0.296,-1,Echolocation,/mnt/ubna_data_02_mir/recover-20220828/UBNA_012/20220826_070000.WAV,Carp Pond,recover-20220828,012,1795
209.8325,209.8447,24609.0,29987.0,Nyctalus leisleri,0.252,0.445,-1,Echolocation,/mnt/ubna_data_02_mir/recover-20220828/UBNA_012/20220826_070000.WAV,Carp Pond,recover-20220828,012,1795
210.2355,210.2491,23750.0,29121.0,Nyctalus leisleri,0.475,0.675,-1,Echolocation,/mnt/ubna_data_02_mir/recover-20220828/UBNA_012/20220826_070000.WAV,Carp Pond,recover-20220828,012,1795
210.4995,210.5117,24609.0,29936.0,Nyctalus leisleri,0.386,0.619,-1,Echolocation,/mnt/ubna_data_02_mir/recover-20220828/UBNA_012/20220826_070000.WAV,Carp Pond,recover-20220828,012,1795
210.6955,210.7101,24609.0,28382.0,Nyctalus leisleri,0.127,0.226,-1,Echolocation,/mnt/ubna_data_02_mir/recover-20220828/UBNA_012/20220826_070000.WAV,Carp Pond,recover-20220828,012,1795
210.7705,210.7839,23750.0,29917.0,Nyctalus leisleri,0.319,0.583,-1,Echolocation,/mnt/ubna_data_02_mir/recover-20220828/UBNA_012/20220826_070000.WAV,Carp Pond,recover-20220828,012,1795
211.4115,211.4292,23750.0,27524.0,Nyctalus leisleri,0.142,0.209,-1,Echolocation,/mnt/ubna_data_02_mir/recover-20220828/UBNA_012/20220826_070000.WAV,Carp Pond,recover-20220828,012,1795
211.4435,211.4579,23750.0,30435.0,Nyctalus leisleri,0.371,0.687,-1,Echolocation,/mnt/ubna_data_02_mir/recover-20220828/UBNA_012/20220826_070000.WAV,Carp Pond,recover-20220828,012,1795
211.7095,211.7209,23750.0,28835.0,Nyctalus leisleri,0.296,0.512,-1,Echolocation,/mnt/ubna_data_02_mir/recover-20220828/UBNA_012/20220826_070000.WAV,Carp Pond,recover-20220828,012,1795
211.9835,211.9955,23750.0,31453.0,Nyctalus leisleri,0.385,0.687,-1,Echolocation,/mnt/ubna_data_02_mir/recover-20220828/UBNA_012/20220826_070000.WAV,Carp Pond,recover-20220828,012,1795
212.2515,212.2638,23750.0,29674.0,Nyctalus leisleri,0.27,0.558,-1,Echolocation,/mnt/ubna_data_02_mir/recover-20220828/UBNA_012/20220826_070000.WAV,Carp Pond,recover-20220828,012,1795
212.5215,212.5388,23750.0,29056.0,Nyctalus leisleri,0.224,0.393,-1,Echolocation,/mnt/ubna_data_02_mir/recover-20220828/UBNA_012/20220826_070000.WAV,Carp Pond,recover-20220828,012,1795
212.6815,212.6946,24609.0,30335.0,Nyctalus leisleri,0.308,0.558,-1,Echolocation,/mnt/ubna_data_02_mir/recover-20220828/UBNA_012/20220826_070000.WAV,Carp Pond,recover-20220828,012,1795
212.9415,212.9531,23750.0,29289.0,Nyctalus leisleri,0.23,0.45,-1,Echolocation,/mnt/ubna_data_02_mir/recover-20220828/UBNA_012/20220826_070000.WAV,Carp Pond,recover-20220828,012,1795
213.3555,213.3686,24609.0,32605.0,Eptesicus serotinus,0.314,0.595,-1,Echolocation,/mnt/ubna_data_02_mir/recover-20220828/UBNA_012/20220826_070000.WAV,Carp Pond,recover-20220828,012,1795
213.6195,213.6323,23750.0,30283.0,Eptesicus serotinus,0.273,0.596,-1,Echolocation,/mnt/ubna_data_02_mir/recover-20220828/UBNA_012/20220826_070000.WAV,Carp Pond,recover-20220828,012,1795
213.7435,213.7546,26328.0,32297.0,Eptesicus serotinus,0.181,0.348,-1,Echolocation,/mnt/ubna_data_02_mir/recover-20220828/UBNA_012/20220826_070000.WAV,Carp Pond,recover-20220828,012,1795
213.8925,213.9068,25468.0,30789.0,Eptesicus serotinus,0.124,0.248,-1,Echolocation,/mnt/ubna_data_02_mir/recover-20220828/UBNA_012/20220826_070000.WAV,Carp Pond,recover-20220828,012,1795
214.1595,214.1719,24609.0,29299.0,Nyctalus leisleri,0.147,0.321,-1,Echolocation,/mnt/ubna_data_02_mir/recover-20220828/UBNA_012/20220826_070000.WAV,Carp Pond,recover-20220828,012,1795
214.4205,214.4343,23750.0,31964.0,Eptesicus serotinus,0.347,0.65,-1,Echolocation,/mnt/ubna_data_02_mir/recover-20220828/UBNA_012/20220826_070000.WAV,Carp Pond,recover-20220828,012,1795
214.6855,214.6979,23750.0,30289.0,Nyctalus leisleri,0.294,0.641,-1,Echolocation,/mnt/ubna_data_02_mir/recover-20220828/UBNA_012/20220826_070000.WAV,Carp Pond,recover-20220828,012,1795
214.9515,214.9637,23750.0,29996.0,Nyctalus leisleri,0.341,0.643,-1,Echolocation,/mnt/ubna_data_02_mir/recover-20220828/UBNA_012/20220826_070000.WAV,Carp Pond,recover-20220828,012,1795
215.2195,215.2309,23750.0,29846.0,Nyctalus leisleri,0.314,0.59,-1,Echolocation,/mnt/ubna_data_02_mir/recover-20220828/UBNA_012/20220826_070000.WAV,Carp Pond,recover-20220828,012,1795
215.3625,215.375,23750.0,29554.0,Nyctalus leisleri,0.326,0.625,-1,Echolocation,/mnt/ubna_data_02_mir/recover-20220828/UBNA_012/20220826_070000.WAV,Carp Pond,recover-20220828,012,1795
215.5085,215.5216,23750.0,28828.0,Nyctalus leisleri,0.425,0.598,-1,Echolocation,/mnt/ubna_data_02_mir/recover-20220828/UBNA_012/20220826_070000.WAV,Carp Pond,recover-20220828,012,1795
215.6475,215.6598,23750.0,29215.0,Nyctalus leisleri,0.324,0.547,-1,Echolocation,/mnt/ubna_data_02_mir/recover-20220828/UBNA_012/20220826_070000.WAV,Carp Pond,recover-20220828,012,1795
215.9035,215.9157,23750.0,28823.0,Nyctalus leisleri,0.482,0.647,-1,Echolocation,/mnt/ubna_data_02_mir/recover-20220828/UBNA_012/20220826_070000.WAV,Carp Pond,recover-20220828,012,1795
216.0385,216.0514,23750.0,28506.0,Nyctalus leisleri,0.398,0.563,-1,Echolocation,/mnt/ubna_data_02_mir/recover-20220828/UBNA_012/20220826_070000.WAV,Carp Pond,recover-20220828,012,1795
216.1645,216.1784,23750.0,27924.0,Nyctalus leisleri,0.532,0.667,-1,Echolocation,/mnt/ubna_data_02_mir/recover-20220828/UBNA_012/20220826_070000.WAV,Carp Pond,recover-20220828,012,1795
216.2745,216.2891,23750.0,28465.0,Nyctalus leisleri,0.519,0.644,-1,Echolocation,/mnt/ubna_data_02_mir/recover-20220828/UBNA_012/20220826_070000.WAV,Carp Pond,recover-20220828,012,1795
216.5085,216.5217,23750.0,28537.0,Nyctalus leisleri,0.581,0.675,-1,Echolocation,/mnt/ubna_data_02_mir/recover-20220828/UBNA_012/20220826_070000.WAV,Carp Pond,recover-20220828,012,1795
216.6555,216.6678,23750.0,29254.0,Nyctalus leisleri,0.47,0.623,-1,Echolocation,/mnt/ubna_data_02_mir/recover-20220828/UBNA_012/20220826_070000.WAV,Carp Pond,recover-20220828,012,1795
217.05349999999999,217.0668,23750.0,28517.0,Nyctalus leisleri,0.509,0.633,-1,Echolocation,/mnt/ubna_data_02_mir/recover-20220828/UBNA_012/20220826_070000.WAV,Carp Pond,recover-20220828,012,1795
217.4375,217.4506,23750.0,29222.0,Nyctalus leisleri,0.281,0.49,-1,Echolocation,/mnt/ubna_data_02_mir/recover-20220828/UBNA_012/20220826_070000.WAV,Carp Pond,recover-20220828,012,1795
217.9695,217.9859,23750.0,27885.0,Nyctalus leisleri,0.213,0.319,-1,Echolocation,/mnt/ubna_data_02_mir/recover-20220828/UBNA_012/20220826_070000.WAV,Carp Pond,recover-20220828,012,1795
218.2335,218.2475,23750.0,28838.0,Nyctalus leisleri,0.326,0.512,-1,Echolocation,/mnt/ubna_data_02_mir/recover-20220828/UBNA_012/20220826_070000.WAV,Carp Pond,recover-20220828,012,1795
218.4995,218.5136,23750.0,29255.0,Nyctalus leisleri,0.452,0.664,-1,Echolocation,/mnt/ubna_data_02_mir/recover-20220828/UBNA_012/20220826_070000.WAV,Carp Pond,recover-20220828,012,1795
218.7535,218.7672,23750.0,28867.0,Nyctalus leisleri,0.183,0.39,-1,Echolocation,/mnt/ubna_data_02_mir/recover-20220828/UBNA_012/20220826_070000.WAV,Carp Pond,recover-20220828,012,1795
219.2735,219.2893,23750.0,29563.0,Nyctalus leisleri,0.251,0.49,-1,Echolocation,/mnt/ubna_data_02_mir/recover-20220828/UBNA_012/20220826_070000.WAV,Carp Pond,recover-20220828,012,1795
219.5405,219.5534,23750.0,31278.0,Nyctalus leisleri,0.263,0.592,-1,Echolocation,/mnt/ubna_data_02_mir/recover-20220828/UBNA_012/20220826_070000.WAV,Carp Pond,recover-20220828,012,1795
220.0825,220.0987,23750.0,28407.0,Nyctalus leisleri,0.142,0.265,-1,Echolocation,/mnt/ubna_data_02_mir/recover-20220828/UBNA_012/20220826_070000.WAV,Carp Pond,recover-20220828,012,1795
220.8805,220.8909,24609.0,29168.0,Nyctalus leisleri,0.202,0.432,-1,Echolocation,/mnt/ubna_data_02_mir/recover-20220828/UBNA_012/20220826_070000.WAV,Carp Pond,recover-20220828,012,1795
221.1475,221.1598,24609.0,29900.0,Nyctalus leisleri,0.316,0.567,-1,Echolocation,/mnt/ubna_data_02_mir/recover-20220828/UBNA_012/20220826_070000.WAV,Carp Pond,recover-20220828,012,1795
223.4155,223.4288,25468.0,30230.0,Nyctalus leisleri,0.439,0.638,-1,Echolocation,/mnt/ubna_data_02_mir/recover-20220828/UBNA_012/20220826_070000.WAV,Carp Pond,recover-20220828,012,1795
223.5565,223.57150000000001,23750.0,29119.0,Nyctalus leisleri,0.383,0.607,-1,Echolocation,/mnt/ubna_data_02_mir/recover-20220828/UBNA_012/20220826_070000.WAV,Carp Pond,recover-20220828,012,1795
224.4655,224.4799,23750.0,28328.0,Nyctalus leisleri,0.46,0.576,-1,Echolocation,/mnt/ubna_data_02_mir/recover-20220828/UBNA_012/20220826_070000.WAV,Carp Pond,recover-20220828,012,1795
224.6535,224.6674,24609.0,28737.0,Nyctalus leisleri,0.388,0.506,-1,Echolocation,/mnt/ubna_data_02_mir/recover-20220828/UBNA_012/20220826_070000.WAV,Carp Pond,recover-20220828,012,1795
224.7555,224.7688,23750.0,28630.0,Nyctalus leisleri,0.28,0.452,-1,Echolocation,/mnt/ubna_data_02_mir/recover-20220828/UBNA_012/20220826_070000.WAV,Carp Pond,recover-20220828,012,1795
225.2135,225.2268,23750.0,29210.0,Nyctalus leisleri,0.396,0.645,-1,Echolocation,/mnt/ubna_data_02_mir/recover-20220828/UBNA_012/20220826_070000.WAV,Carp Pond,recover-20220828,012,1795
225.5445,225.5604,23750.0,28306.0,Nyctalus leisleri,0.229,0.339,-1,Echolocation,/mnt/ubna_data_02_mir/recover-20220828/UBNA_012/20220826_070000.WAV,Carp Pond,recover-20220828,012,1795
225.8385,225.8494,24609.0,29869.0,Nyctalus leisleri,0.288,0.509,-1,Echolocation,/mnt/ubna_data_02_mir/recover-20220828/UBNA_012/20220826_070000.WAV,Carp Pond,recover-20220828,012,1795
226.1395,226.1531,23750.0,28994.0,Nyctalus leisleri,0.36,0.55,-1,Echolocation,/mnt/ubna_data_02_mir/recover-20220828/UBNA_012/20220826_070000.WAV,Carp Pond,recover-20220828,012,1795
226.4425,226.4584,24609.0,29016.0,Nyctalus leisleri,0.292,0.478,-1,Echolocation,/mnt/ubna_data_02_mir/recover-20220828/UBNA_012/20220826_070000.WAV,Carp Pond,recover-20220828,012,1795
226.7315,226.7465,23750.0,28917.0,Nyctalus leisleri,0.359,0.567,-1,Echolocation,/mnt/ubna_data_02_mir/recover-20220828/UBNA_012/20220826_070000.WAV,Carp Pond,recover-20220828,012,1795
226.8775,226.8895,24609.0,29232.0,Nyctalus leisleri,0.265,0.448,-1,Echolocation,/mnt/ubna_data_02_mir/recover-20220828/UBNA_012/20220826_070000.WAV,Carp Pond,recover-20220828,012,1795
227.0305,227.0426,24609.0,29325.0,Nyctalus leisleri,0.204,0.357,-1,Echolocation,/mnt/ubna_data_02_mir/recover-20220828/UBNA_012/20220826_070000.WAV,Carp Pond,recover-20220828,012,1795
227.6255,227.6399,23750.0,28112.0,Nyctalus leisleri,0.469,0.626,-1,Echolocation,/mnt/ubna_data_02_mir/recover-20220828/UBNA_012/20220826_070000.WAV,Carp Pond,recover-20220828,012,1795
227.7935,227.8097,24609.0,28381.0,Nyctalus leisleri,0.415,0.601,-1,Echolocation,/mnt/ubna_data_02_mir/recover-20220828/UBNA_012/20220826_070000.WAV,Carp Pond,recover-20220828,012,1795
227.9695,227.9852,23750.0,28691.0,Nyctalus leisleri,0.278,0.443,-1,Echolocation,/mnt/ubna_data_02_mir/recover-20220828/UBNA_012/20220826_070000.WAV,Carp Pond,recover-20220828,012,1795
228.3125,228.3264,23750.0,30082.0,Nyctalus leisleri,0.34,0.621,-1,Echolocation,/mnt/ubna_data_02_mir/recover-20220828/UBNA_012/20220826_070000.WAV,Carp Pond,recover-20220828,012,1795
228.6055,228.6197,23750.0,28913.0,Nyctalus leisleri,0.547,0.682,-1,Echolocation,/mnt/ubna_data_02_mir/recover-20220828/UBNA_012/20220826_070000.WAV,Carp Pond,recover-20220828,012,1795
228.7815,228.7972,23750.0,28021.0,Nyctalus leisleri,0.568,0.662,-1,Echolocation,/mnt/ubna_data_02_mir/recover-20220828/UBNA_012/20220826_070000.WAV,Carp Pond,recover-20220828,012,1795
229.0875,229.1001,23750.0,28141.0,Nyctalus leisleri,0.351,0.469,-1,Echolocation,/mnt/ubna_data_02_mir/recover-20220828/UBNA_012/20220826_070000.WAV,Carp Pond,recover-20220828,012,1795
229.3795,229.394,23750.0,27840.0,Nyctalus leisleri,0.472,0.567,-1,Echolocation,/mnt/ubna_data_02_mir/recover-20220828/UBNA_012/20220826_070000.WAV,Carp Pond,recover-20220828,012,1795
229.6755,229.6887,23750.0,28969.0,Nyctalus leisleri,0.434,0.637,-1,Echolocation,/mnt/ubna_data_02_mir/recover-20220828/UBNA_012/20220826_070000.WAV,Carp Pond,recover-20220828,012,1795
229.9635,229.9758,23750.0,27912.0,Nyctalus leisleri,0.555,0.648,-1,Echolocation,/mnt/ubna_data_02_mir/recover-20220828/UBNA_012/20220826_070000.WAV,Carp Pond,recover-20220828,012,1795
230.2705,230.284,23750.0,29114.0,Nyctalus leisleri,0.446,0.694,-1,Echolocation,/mnt/ubna_data_02_mir/recover-20220828/UBNA_012/20220826_070000.WAV,Carp Pond,recover-20220828,012,1795
230.57150000000001,230.5858,23750.0,28753.0,Nyctalus leisleri,0.495,0.64,-1,Echolocation,/mnt/ubna_data_02_mir/recover-20220828/UBNA_012/20220826_070000.WAV,Carp Pond,recover-20220828,012,1795
230.8745,230.8902,23750.0,27743.0,Nyctalus leisleri,0.596,0.689,-1,Echolocation,/mnt/ubna_data_02_mir/recover-20220828/UBNA_012/20220826_070000.WAV,Carp Pond,recover-20220828,012,1795
231.17849999999999,231.1922,23750.0,27907.0,Nyctalus leisleri,0.602,0.694,-1,Echolocation,/mnt/ubna_data_02_mir/recover-20220828/UBNA_012/20220826_070000.WAV,Carp Pond,recover-20220828,012,1795
231.3275,231.34,23750.0,30282.0,Nyctalus leisleri,0.375,0.636,-1,Echolocation,/mnt/ubna_data_02_mir/recover-20220828/UBNA_012/20220826_070000.WAV,Carp Pond,recover-20220828,012,1795
231.6205,231.6332,23750.0,27715.0,Nyctalus leisleri,0.576,0.654,-1,Echolocation,/mnt/ubna_data_02_mir/recover-20220828/UBNA_012/20220826_070000.WAV,Carp Pond,recover-20220828,012,1795
231.7525,231.7651,23750.0,29400.0,Nyctalus leisleri,0.279,0.521,-1,Echolocation,/mnt/ubna_data_02_mir/recover-20220828/UBNA_012/20220826_070000.WAV,Carp Pond,recover-20220828,012,1795
232.6445,232.6571,23750.0,29738.0,Nyctalus leisleri,0.437,0.643,-1,Echolocation,/mnt/ubna_data_02_mir/recover-20220828/UBNA_012/20220826_070000.WAV,Carp Pond,recover-20220828,012,1795
232.7835,232.7961,25468.0,31962.0,Eptesicus serotinus,0.171,0.294,-1,Echolocation,/mnt/ubna_data_02_mir/recover-20220828/UBNA_012/20220826_070000.WAV,Carp Pond,recover-20220828,012,1795
233.8795,233.8923,23750.0,30753.0,Nyctalus leisleri,0.347,0.679,-1,Echolocation,/mnt/ubna_data_02_mir/recover-20220828/UBNA_012/20220826_070000.WAV,Carp Pond,recover-20220828,012,1795
234.04149999999998,234.054,23750.0,29858.0,Nyctalus leisleri,0.409,0.655,-1,Echolocation,/mnt/ubna_data_02_mir/recover-20220828/UBNA_012/20220826_070000.WAV,Carp Pond,recover-20220828,012,1795
234.0475,234.0566,47812.0,51906.0,Pipistrellus pipistrellus,0.296,0.41,-1,Echolocation,/mnt/ubna_data_02_mir/recover-20220828/UBNA_012/20220826_070000.WAV,Carp Pond,recover-20220828,012,1795
234.3175,234.3359,23750.0,27947.0,Nyctalus leisleri,0.22,0.327,-1,Echolocation,/mnt/ubna_data_02_mir/recover-20220828/UBNA_012/20220826_070000.WAV,Carp Pond,recover-20220828,012,1795
234.4815,234.4939,23750.0,29857.0,Nyctalus leisleri,0.374,0.579,-1,Echolocation,/mnt/ubna_data_02_mir/recover-20220828/UBNA_012/20220826_070000.WAV,Carp Pond,recover-20220828,012,1795
234.6355,234.6463,25468.0,33295.0,Nyctalus leisleri,0.364,0.693,-1,Echolocation,/mnt/ubna_data_02_mir/recover-20220828/UBNA_012/20220826_070000.WAV,Carp Pond,recover-20220828,012,1795
234.7985,234.8102,23750.0,29012.0,Nyctalus leisleri,0.402,0.574,-1,Echolocation,/mnt/ubna_data_02_mir/recover-20220828/UBNA_012/20220826_070000.WAV,Carp Pond,recover-20220828,012,1795
235.0935,235.1069,24609.0,29312.0,Nyctalus leisleri,0.3,0.559,-1,Echolocation,/mnt/ubna_data_02_mir/recover-20220828/UBNA_012/20220826_070000.WAV,Carp Pond,recover-20220828,012,1795
235.3905,235.4034,23750.0,29381.0,Nyctalus leisleri,0.329,0.521,-1,Echolocation,/mnt/ubna_data_02_mir/recover-20220828/UBNA_012/20220826_070000.WAV,Carp Pond,recover-20220828,012,1795
235.5605,235.5736,23750.0,30342.0,Nyctalus leisleri,0.378,0.638,-1,Echolocation,/mnt/ubna_data_02_mir/recover-20220828/UBNA_012/20220826_070000.WAV,Carp Pond,recover-20220828,012,1795
235.8405,235.8548,23750.0,30275.0,Nyctalus leisleri,0.376,0.679,-1,Echolocation,/mnt/ubna_data_02_mir/recover-20220828/UBNA_012/20220826_070000.WAV,Carp Pond,recover-20220828,012,1795
235.9865,235.9973,25468.0,31885.0,Nyctalus leisleri,0.297,0.513,-1,Echolocation,/mnt/ubna_data_02_mir/recover-20220828/UBNA_012/20220826_070000.WAV,Carp Pond,recover-20220828,012,1795
236.2935,236.3053,24609.0,29760.0,Nyctalus leisleri,0.333,0.559,-1,Echolocation,/mnt/ubna_data_02_mir/recover-20220828/UBNA_012/20220826_070000.WAV,Carp Pond,recover-20220828,012,1795
236.5775,236.59199999999998,23750.0,29431.0,Nyctalus leisleri,0.383,0.61,-1,Echolocation,/mnt/ubna_data_02_mir/recover-20220828/UBNA_012/20220826_070000.WAV,Carp Pond,recover-20220828,012,1795
236.8775,236.8914,23750.0,28578.0,Nyctalus leisleri,0.396,0.591,-1,Echolocation,/mnt/ubna_data_02_mir/recover-20220828/UBNA_012/20220826_070000.WAV,Carp Pond,recover-20220828,012,1795
237.0365,237.0499,23750.0,28907.0,Nyctalus leisleri,0.537,0.655,-1,Echolocation,/mnt/ubna_data_02_mir/recover-20220828/UBNA_012/20220826_070000.WAV,Carp Pond,recover-20220828,012,1795
237.1855,237.1972,24609.0,30400.0,Nyctalus leisleri,0.375,0.617,-1,Echolocation,/mnt/ubna_data_02_mir/recover-20220828/UBNA_012/20220826_070000.WAV,Carp Pond,recover-20220828,012,1795
237.3485,237.3616,23750.0,30989.0,Nyctalus leisleri,0.289,0.651,-1,Echolocation,/mnt/ubna_data_02_mir/recover-20220828/UBNA_012/20220826_070000.WAV,Carp Pond,recover-20220828,012,1795
237.6375,237.6512,24609.0,28545.0,Nyctalus leisleri,0.38,0.543,-1,Echolocation,/mnt/ubna_data_02_mir/recover-20220828/UBNA_012/20220826_070000.WAV,Carp Pond,recover-20220828,012,1795
237.9325,237.9462,23750.0,29942.0,Nyctalus leisleri,0.313,0.654,-1,Echolocation,/mnt/ubna_data_02_mir/recover-20220828/UBNA_012/20220826_070000.WAV,Carp Pond,recover-20220828,012,1795
238.2335,238.2486,23750.0,29463.0,Nyctalus leisleri,0.413,0.629,-1,Echolocation,/mnt/ubna_data_02_mir/recover-20220828/UBNA_012/20220826_070000.WAV,Carp Pond,recover-20220828,012,1795
238.5375,238.5519,23750.0,29518.0,Nyctalus leisleri,0.423,0.668,-1,Echolocation,/mnt/ubna_data_02_mir/recover-20220828/UBNA_012/20220826_070000.WAV,Carp Pond,recover-20220828,012,1795
238.8395,238.8546,23750.0,28575.0,Nyctalus leisleri,0.504,0.659,-1,Echolocation,/mnt/ubna_data_02_mir/recover-20220828/UBNA_012/20220826_070000.WAV,Carp Pond,recover-20220828,012,1795
239.1485,239.1631,23750.0,29377.0,Nyctalus leisleri,0.416,0.642,-1,Echolocation,/mnt/ubna_data_02_mir/recover-20220828/UBNA_012/20220826_070000.WAV,Carp Pond,recover-20220828,012,1795
239.2885,239.2991,25468.0,32110.0,Nyctalus leisleri,0.357,0.65,-1,Echolocation,/mnt/ubna_data_02_mir/recover-20220828/UBNA_012/20220826_070000.WAV,Carp Pond,recover-20220828,012,1795
239.42849999999999,239.442,24609.0,31311.0,Eptesicus serotinus,0.277,0.624,-1,Echolocation,/mnt/ubna_data_02_mir/recover-20220828/UBNA_012/20220826_070000.WAV,Carp Pond,recover-20220828,012,1795
239.5855,239.5991,23750.0,29011.0,Nyctalus leisleri,0.461,0.659,-1,Echolocation,/mnt/ubna_data_02_mir/recover-20220828/UBNA_012/20220826_070000.WAV,Carp Pond,recover-20220828,012,1795
239.8815,239.8957,23750.0,29046.0,Nyctalus leisleri,0.561,0.696,-1,Echolocation,/mnt/ubna_data_02_mir/recover-20220828/UBNA_012/20220826_070000.WAV,Carp Pond,recover-20220828,012,1795
240.1705,240.1847,23750.0,28639.0,Nyctalus leisleri,0.521,0.697,-1,Echolocation,/mnt/ubna_data_02_mir/recover-20220828/UBNA_012/20220826_070000.WAV,Carp Pond,recover-20220828,012,1795
240.1775,240.1877,47812.0,50418.0,Pipistrellus pipistrellus,0.143,0.202,-1,Echolocation,/mnt/ubna_data_02_mir/recover-20220828/UBNA_012/20220826_070000.WAV,Carp Pond,recover-20220828,012,1795
240.3675,240.3802,25468.0,28845.0,Nyctalus leisleri,0.167,0.266,-1,Echolocation,/mnt/ubna_data_02_mir/recover-20220828/UBNA_012/20220826_070000.WAV,Carp Pond,recover-20220828,012,1795
240.4575,240.4727,23750.0,27588.0,Nyctalus leisleri,0.502,0.655,-1,Echolocation,/mnt/ubna_data_02_mir/recover-20220828/UBNA_012/20220826_070000.WAV,Carp Pond,recover-20220828,012,1795
240.6305,240.6469,23750.0,27199.0,Nyctalus leisleri,0.564,0.658,-1,Echolocation,/mnt/ubna_data_02_mir/recover-20220828/UBNA_012/20220826_070000.WAV,Carp Pond,recover-20220828,012,1795
240.9265,240.942,23750.0,29573.0,Nyctalus leisleri,0.384,0.658,-1,Echolocation,/mnt/ubna_data_02_mir/recover-20220828/UBNA_012/20220826_070000.WAV,Carp Pond,recover-20220828,012,1795
241.0835,241.0978,24609.0,29291.0,Nyctalus leisleri,0.412,0.648,-1,Echolocation,/mnt/ubna_data_02_mir/recover-20220828/UBNA_012/20220826_070000.WAV,Carp Pond,recover-20220828,012,1795
241.0945,241.1027,47812.0,50701.0,Pipistrellus pipistrellus,0.236,0.318,-1,Echolocation,/mnt/ubna_data_02_mir/recover-20220828/UBNA_012/20220826_070000.WAV,Carp Pond,recover-20220828,012,1795
241.2305,241.2438,24609.0,30651.0,Nyctalus leisleri,0.388,0.698,-1,Echolocation,/mnt/ubna_data_02_mir/recover-20220828/UBNA_012/20220826_070000.WAV,Carp Pond,recover-20220828,012,1795
241.3765,241.3891,25468.0,29556.0,Nyctalus leisleri,0.517,0.637,-1,Echolocation,/mnt/ubna_data_02_mir/recover-20220828/UBNA_012/20220826_070000.WAV,Carp Pond,recover-20220828,012,1795
241.5305,241.5442,24609.0,31231.0,Eptesicus serotinus,0.276,0.64,-1,Echolocation,/mnt/ubna_data_02_mir/recover-20220828/UBNA_012/20220826_070000.WAV,Carp Pond,recover-20220828,012,1795
241.6945,241.7092,23750.0,30611.0,Nyctalus leisleri,0.293,0.648,-1,Echolocation,/mnt/ubna_data_02_mir/recover-20220828/UBNA_012/20220826_070000.WAV,Carp Pond,recover-20220828,012,1795
241.8465,241.8614,23750.0,29103.0,Nyctalus leisleri,0.422,0.665,-1,Echolocation,/mnt/ubna_data_02_mir/recover-20220828/UBNA_012/20220826_070000.WAV,Carp Pond,recover-20220828,012,1795
241.9905,242.002,25468.0,32582.0,Nyctalus leisleri,0.431,0.658,-1,Echolocation,/mnt/ubna_data_02_mir/recover-20220828/UBNA_012/20220826_070000.WAV,Carp Pond,recover-20220828,012,1795
242.1215,242.1318,25468.0,31323.0,Nyctalus leisleri,0.286,0.563,-1,Echolocation,/mnt/ubna_data_02_mir/recover-20220828/UBNA_012/20220826_070000.WAV,Carp Pond,recover-20220828,012,1795
242.2335,242.2425,26328.0,32842.0,Eptesicus serotinus,0.26,0.548,-1,Echolocation,/mnt/ubna_data_02_mir/recover-20220828/UBNA_012/20220826_070000.WAV,Carp Pond,recover-20220828,012,1795
242.9495,242.9618,24609.0,30445.0,Nyctalus leisleri,0.387,0.66,-1,Echolocation,/mnt/ubna_data_02_mir/recover-20220828/UBNA_012/20220826_070000.WAV,Carp Pond,recover-20220828,012,1795
243.1055,243.1179,23750.0,29843.0,Nyctalus leisleri,0.297,0.601,-1,Echolocation,/mnt/ubna_data_02_mir/recover-20220828/UBNA_012/20220826_070000.WAV,Carp Pond,recover-20220828,012,1795
243.4355,243.4497,23750.0,28695.0,Nyctalus leisleri,0.379,0.556,-1,Echolocation,/mnt/ubna_data_02_mir/recover-20220828/UBNA_012/20220826_070000.WAV,Carp Pond,recover-20220828,012,1795
243.7155,243.7298,22890.0,28238.0,Nyctalus leisleri,0.448,0.622,-1,Echolocation,/mnt/ubna_data_02_mir/recover-20220828/UBNA_012/20220826_070000.WAV,Carp Pond,recover-20220828,012,1795
243.9915,244.0038,25468.0,30642.0,Nyctalus leisleri,0.235,0.39,-1,Echolocation,/mnt/ubna_data_02_mir/recover-20220828/UBNA_012/20220826_070000.WAV,Carp Pond,recover-20220828,012,1795
244.0015,244.0134,23750.0,28638.0,Nyctalus leisleri,0.276,0.339,-1,Echolocation,/mnt/ubna_data_02_mir/recover-20220828/UBNA_012/20220826_070000.WAV,Carp Pond,recover-20220828,012,1795
244.2875,244.3026,23750.0,28855.0,Nyctalus leisleri,0.46,0.643,-1,Echolocation,/mnt/ubna_data_02_mir/recover-20220828/UBNA_012/20220826_070000.WAV,Carp Pond,recover-20220828,012,1795
244.5655,244.5808,23750.0,28911.0,Nyctalus leisleri,0.362,0.566,-1,Echolocation,/mnt/ubna_data_02_mir/recover-20220828/UBNA_012/20220826_070000.WAV,Carp Pond,recover-20220828,012,1795
244.8695,244.8842,23750.0,30673.0,Nyctalus leisleri,0.351,0.627,-1,Echolocation,/mnt/ubna_data_02_mir/recover-20220828/UBNA_012/20220826_070000.WAV,Carp Pond,recover-20220828,012,1795
245.1605,245.1758,23750.0,29051.0,Nyctalus leisleri,0.46,0.681,-1,Echolocation,/mnt/ubna_data_02_mir/recover-20220828/UBNA_012/20220826_070000.WAV,Carp Pond,recover-20220828,012,1795
246.1535,246.167,25468.0,28958.0,Nyctalus leisleri,0.345,0.478,-1,Echolocation,/mnt/ubna_data_02_mir/recover-20220828/UBNA_012/20220826_070000.WAV,Carp Pond,recover-20220828,012,1795
246.6675,246.6794,23750.0,29307.0,Nyctalus leisleri,0.363,0.588,-1,Echolocation,/mnt/ubna_data_02_mir/recover-20220828/UBNA_012/20220826_070000.WAV,Carp Pond,recover-20220828,012,1795
246.8195,246.8305,24609.0,30650.0,Nyctalus leisleri,0.427,0.618,-1,Echolocation,/mnt/ubna_data_02_mir/recover-20220828/UBNA_012/20220826_070000.WAV,Carp Pond,recover-20220828,012,1795
247.0125,247.0258,24609.0,29123.0,Nyctalus leisleri,0.332,0.533,-1,Echolocation,/mnt/ubna_data_02_mir/recover-20220828/UBNA_012/20220826_070000.WAV,Carp Pond,recover-20220828,012,1795
247.0745,247.0895,23750.0,29514.0,Nyctalus leisleri,0.383,0.624,-1,Echolocation,/mnt/ubna_data_02_mir/recover-20220828/UBNA_012/20220826_070000.WAV,Carp Pond,recover-20220828,012,1795
247.2645,247.2772,23750.0,30055.0,Nyctalus leisleri,0.377,0.626,-1,Echolocation,/mnt/ubna_data_02_mir/recover-20220828/UBNA_012/20220826_070000.WAV,Carp Pond,recover-20220828,012,1795
247.5335,247.546,24609.0,31530.0,Eptesicus serotinus,0.272,0.631,-1,Echolocation,/mnt/ubna_data_02_mir/recover-20220828/UBNA_012/20220826_070000.WAV,Carp Pond,recover-20220828,012,1795
247.5905,247.6053,24609.0,28673.0,Nyctalus leisleri,0.188,0.285,-1,Echolocation,/mnt/ubna_data_02_mir/recover-20220828/UBNA_012/20220826_070000.WAV,Carp Pond,recover-20220828,012,1795
247.8235,247.8383,23750.0,29848.0,Nyctalus leisleri,0.332,0.612,-1,Echolocation,/mnt/ubna_data_02_mir/recover-20220828/UBNA_012/20220826_070000.WAV,Carp Pond,recover-20220828,012,1795
247.9945,248.0055,26328.0,30709.0,Nyctalus leisleri,0.26,0.316,-1,Echolocation,/mnt/ubna_data_02_mir/recover-20220828/UBNA_012/20220826_070000.WAV,Carp Pond,recover-20220828,012,1795
248.0015,248.0138,23750.0,29482.0,Nyctalus leisleri,0.298,0.419,-1,Echolocation,/mnt/ubna_data_02_mir/recover-20220828/UBNA_012/20220826_070000.WAV,Carp Pond,recover-20220828,012,1795
248.1565,248.1688,24609.0,30200.0,Nyctalus leisleri,0.37,0.605,-1,Echolocation,/mnt/ubna_data_02_mir/recover-20220828/UBNA_012/20220826_070000.WAV,Carp Pond,recover-20220828,012,1795
248.1805,248.1942,25468.0,28604.0,Nyctalus leisleri,0.388,0.544,-1,Echolocation,/mnt/ubna_data_02_mir/recover-20220828/UBNA_012/20220826_070000.WAV,Carp Pond,recover-20220828,012,1795
248.4235,248.4358,24609.0,31216.0,Nyctalus leisleri,0.298,0.627,-1,Echolocation,/mnt/ubna_data_02_mir/recover-20220828/UBNA_012/20220826_070000.WAV,Carp Pond,recover-20220828,012,1795
248.5875,248.5988,24609.0,31726.0,Nyctalus leisleri,0.31,0.645,-1,Echolocation,/mnt/ubna_data_02_mir/recover-20220828/UBNA_012/20220826_070000.WAV,Carp Pond,recover-20220828,012,1795
248.8765,248.89,23750.0,29866.0,Nyctalus leisleri,0.368,0.626,-1,Echolocation,/mnt/ubna_data_02_mir/recover-20220828/UBNA_012/20220826_070000.WAV,Carp Pond,recover-20220828,012,1795
248.9925,249.0077,25468.0,28628.0,Nyctalus leisleri,0.384,0.574,-1,Echolocation,/mnt/ubna_data_02_mir/recover-20220828/UBNA_012/20220826_070000.WAV,Carp Pond,recover-20220828,012,1795
249.1605,249.1745,23750.0,30576.0,Nyctalus leisleri,0.367,0.657,-1,Echolocation,/mnt/ubna_data_02_mir/recover-20220828/UBNA_012/20220826_070000.WAV,Carp Pond,recover-20220828,012,1795
249.4445,249.4597,23750.0,30864.0,Nyctalus leisleri,0.29,0.628,-1,Echolocation,/mnt/ubna_data_02_mir/recover-20220828/UBNA_012/20220826_070000.WAV,Carp Pond,recover-20220828,012,1795
249.58350000000002,249.6035,24609.0,28179.0,Nyctalus leisleri,0.161,0.239,-1,Echolocation,/mnt/ubna_data_02_mir/recover-20220828/UBNA_012/20220826_070000.WAV,Carp Pond,recover-20220828,012,1795
249.6085,249.6242,23750.0,29012.0,Nyctalus leisleri,0.319,0.566,-1,Echolocation,/mnt/ubna_data_02_mir/recover-20220828/UBNA_012/20220826_070000.WAV,Carp Pond,recover-20220828,012,1795
249.8815,249.8955,23750.0,30883.0,Nyctalus leisleri,0.302,0.677,-1,Echolocation,/mnt/ubna_data_02_mir/recover-20220828/UBNA_012/20220826_070000.WAV,Carp Pond,recover-20220828,012,1795
250.1745,250.1893,23750.0,30966.0,Nyctalus leisleri,0.341,0.67,-1,Echolocation,/mnt/ubna_data_02_mir/recover-20220828/UBNA_012/20220826_070000.WAV,Carp Pond,recover-20220828,012,1795
250.1805,250.1898,48671.0,51913.0,Pipistrellus pipistrellus,0.211,0.334,-1,Echolocation,/mnt/ubna_data_02_mir/recover-20220828/UBNA_012/20220826_070000.WAV,Carp Pond,recover-20220828,012,1795
250.4545,250.4694,23750.0,29497.0,Nyctalus leisleri,0.332,0.614,-1,Echolocation,/mnt/ubna_data_02_mir/recover-20220828/UBNA_012/20220826_070000.WAV,Carp Pond,recover-20220828,012,1795
250.7175,250.7293,25468.0,30334.0,Nyctalus leisleri,0.364,0.599,-1,Echolocation,/mnt/ubna_data_02_mir/recover-20220828/UBNA_012/20220826_070000.WAV,Carp Pond,recover-20220828,012,1795
250.8595,250.8743,23750.0,30242.0,Nyctalus leisleri,0.337,0.654,-1,Echolocation,/mnt/ubna_data_02_mir/recover-20220828/UBNA_012/20220826_070000.WAV,Carp Pond,recover-20220828,012,1795
251.1475,251.1604,23750.0,31152.0,Nyctalus leisleri,0.322,0.649,-1,Echolocation,/mnt/ubna_data_02_mir/recover-20220828/UBNA_012/20220826_070000.WAV,Carp Pond,recover-20220828,012,1795
251.41649999999998,251.4325,23750.0,30172.0,Eptesicus serotinus,0.246,0.558,-1,Echolocation,/mnt/ubna_data_02_mir/recover-20220828/UBNA_012/20220826_070000.WAV,Carp Pond,recover-20220828,012,1795
251.7005,251.7147,23750.0,31143.0,Nyctalus leisleri,0.296,0.63,-1,Echolocation,/mnt/ubna_data_02_mir/recover-20220828/UBNA_012/20220826_070000.WAV,Carp Pond,recover-20220828,012,1795
251.9915,252.0028,24609.0,31156.0,Nyctalus leisleri,0.385,0.594,-1,Echolocation,/mnt/ubna_data_02_mir/recover-20220828/UBNA_012/20220826_070000.WAV,Carp Pond,recover-20220828,012,1795
252.0015,252.0119,22890.0,27104.0,Nyctalus leisleri,0.174,0.227,-1,Echolocation,/mnt/ubna_data_02_mir/recover-20220828/UBNA_012/20220826_070000.WAV,Carp Pond,recover-20220828,012,1795
252.2715,252.2869,23750.0,28699.0,Nyctalus leisleri,0.417,0.575,-1,Echolocation,/mnt/ubna_data_02_mir/recover-20220828/UBNA_012/20220826_070000.WAV,Carp Pond,recover-20220828,012,1795
252.4245,252.4393,23750.0,29129.0,Nyctalus leisleri,0.338,0.572,-1,Echolocation,/mnt/ubna_data_02_mir/recover-20220828/UBNA_012/20220826_070000.WAV,Carp Pond,recover-20220828,012,1795
252.5845,252.5974,24609.0,30949.0,Eptesicus serotinus,0.268,0.617,-1,Echolocation,/mnt/ubna_data_02_mir/recover-20220828/UBNA_012/20220826_070000.WAV,Carp Pond,recover-20220828,012,1795
252.7195,252.7299,24609.0,31001.0,Nyctalus leisleri,0.276,0.584,-1,Echolocation,/mnt/ubna_data_02_mir/recover-20220828/UBNA_012/20220826_070000.WAV,Carp Pond,recover-20220828,012,1795
252.8595,252.8726,23750.0,32007.0,Eptesicus serotinus,0.313,0.671,-1,Echolocation,/mnt/ubna_data_02_mir/recover-20220828/UBNA_012/20220826_070000.WAV,Carp Pond,recover-20220828,012,1795
253.0265,253.0406,23750.0,29123.0,Nyctalus leisleri,0.388,0.619,-1,Echolocation,/mnt/ubna_data_02_mir/recover-20220828/UBNA_012/20220826_070000.WAV,Carp Pond,recover-20220828,012,1795
253.17849999999999,253.1909,24609.0,29783.0,Nyctalus leisleri,0.261,0.532,-1,Echolocation,/mnt/ubna_data_02_mir/recover-20220828/UBNA_012/20220826_070000.WAV,Carp Pond,recover-20220828,012,1795
253.3315,253.3453,23750.0,31242.0,Eptesicus serotinus,0.3,0.673,-1,Echolocation,/mnt/ubna_data_02_mir/recover-20220828/UBNA_012/20220826_070000.WAV,Carp Pond,recover-20220828,012,1795
253.3975,253.4153,24609.0,28169.0,Nyctalus leisleri,0.392,0.509,-1,Echolocation,/mnt/ubna_data_02_mir/recover-20220828/UBNA_012/20220826_070000.WAV,Carp Pond,recover-20220828,012,1795
253.6075,253.6231,23750.0,28985.0,Nyctalus leisleri,0.303,0.605,-1,Echolocation,/mnt/ubna_data_02_mir/recover-20220828/UBNA_012/20220826_070000.WAV,Carp Pond,recover-20220828,012,1795
253.7575,253.773,23750.0,28458.0,Nyctalus leisleri,0.415,0.619,-1,Echolocation,/mnt/ubna_data_02_mir/recover-20220828/UBNA_012/20220826_070000.WAV,Carp Pond,recover-20220828,012,1795
253.9075,253.92079999999999,24609.0,29932.0,Nyctalus leisleri,0.363,0.64,-1,Echolocation,/mnt/ubna_data_02_mir/recover-20220828/UBNA_012/20220826_070000.WAV,Carp Pond,recover-20220828,012,1795
254.1745,254.1917,23750.0,28591.0,Nyctalus leisleri,0.351,0.506,-1,Echolocation,/mnt/ubna_data_02_mir/recover-20220828/UBNA_012/20220826_070000.WAV,Carp Pond,recover-20220828,012,1795
254.4545,254.4696,23750.0,30006.0,Nyctalus leisleri,0.427,0.648,-1,Echolocation,/mnt/ubna_data_02_mir/recover-20220828/UBNA_012/20220826_070000.WAV,Carp Pond,recover-20220828,012,1795
254.7305,254.7459,23750.0,28293.0,Nyctalus leisleri,0.438,0.607,-1,Echolocation,/mnt/ubna_data_02_mir/recover-20220828/UBNA_012/20220826_070000.WAV,Carp Pond,recover-20220828,012,1795
254.8795,254.89,25468.0,31015.0,Nyctalus leisleri,0.368,0.603,-1,Echolocation,/mnt/ubna_data_02_mir/recover-20220828/UBNA_012/20220826_070000.WAV,Carp Pond,recover-20220828,012,1795
255.1615,255.1747,23750.0,31570.0,Nyctalus leisleri,0.369,0.681,-1,Echolocation,/mnt/ubna_data_02_mir/recover-20220828/UBNA_012/20220826_070000.WAV,Carp Pond,recover-20220828,012,1795
255.4375,255.4514,23750.0,29749.0,Nyctalus leisleri,0.336,0.629,-1,Echolocation,/mnt/ubna_data_02_mir/recover-20220828/UBNA_012/20220826_070000.WAV,Carp Pond,recover-20220828,012,1795
255.4615,255.4732,26328.0,31435.0,Eptesicus serotinus,0.1,0.205,-1,Echolocation,/mnt/ubna_data_02_mir/recover-20220828/UBNA_012/20220826_070000.WAV,Carp Pond,recover-20220828,012,1795
255.7345,255.7492,23750.0,29824.0,Nyctalus leisleri,0.316,0.596,-1,Echolocation,/mnt/ubna_data_02_mir/recover-20220828/UBNA_012/20220826_070000.WAV,Carp Pond,recover-20220828,012,1795
255.8085,255.8258,24609.0,27976.0,Nyctalus leisleri,0.435,0.516,-1,Echolocation,/mnt/ubna_data_02_mir/recover-20220828/UBNA_012/20220826_070000.WAV,Carp Pond,recover-20220828,012,1795
255.9685,255.9812,25468.0,30747.0,Nyctalus leisleri,0.353,0.488,-1,Echolocation,/mnt/ubna_data_02_mir/recover-20220828/UBNA_012/20220826_070000.WAV,Carp Pond,recover-20220828,012,1795
256.0175,256.0335,23750.0,27481.0,Nyctalus leisleri,0.591,0.667,-1,Echolocation,/mnt/ubna_data_02_mir/recover-20220828/UBNA_012/20220826_070000.WAV,Carp Pond,recover-20220828,012,1795
256.0235,256.0324,47812.0,50526.0,Pipistrellus pipistrellus,0.191,0.251,-1,Echolocation,/mnt/ubna_data_02_mir/recover-20220828/UBNA_012/20220826_070000.WAV,Carp Pond,recover-20220828,012,1795
256.1055,256.1191,26328.0,31102.0,Nyctalus leisleri,0.312,0.453,-1,Echolocation,/mnt/ubna_data_02_mir/recover-20220828/UBNA_012/20220826_070000.WAV,Carp Pond,recover-20220828,012,1795
256.3085,256.3226,24609.0,29829.0,Nyctalus leisleri,0.466,0.657,-1,Echolocation,/mnt/ubna_data_02_mir/recover-20220828/UBNA_012/20220826_070000.WAV,Carp Pond,recover-20220828,012,1795
256.6005,256.6161,23750.0,28723.0,Nyctalus leisleri,0.469,0.67,-1,Echolocation,/mnt/ubna_data_02_mir/recover-20220828/UBNA_012/20220826_070000.WAV,Carp Pond,recover-20220828,012,1795
256.8095,256.8267,24609.0,28005.0,Nyctalus leisleri,0.279,0.362,-1,Echolocation,/mnt/ubna_data_02_mir/recover-20220828/UBNA_012/20220826_070000.WAV,Carp Pond,recover-20220828,012,1795
256.8755,256.8886,25468.0,31290.0,Nyctalus leisleri,0.325,0.49,-1,Echolocation,/mnt/ubna_data_02_mir/recover-20220828/UBNA_012/20220826_070000.WAV,Carp Pond,recover-20220828,012,1795
257.0345,257.0487,24609.0,29754.0,Nyctalus leisleri,0.437,0.606,-1,Echolocation,/mnt/ubna_data_02_mir/recover-20220828/UBNA_012/20220826_070000.WAV,Carp Pond,recover-20220828,012,1795
257.1885,257.2035,23750.0,29996.0,Nyctalus leisleri,0.419,0.66,-1,Echolocation,/mnt/ubna_data_02_mir/recover-20220828/UBNA_012/20220826_070000.WAV,Carp Pond,recover-20220828,012,1795
257.2695,257.2861,26328.0,30353.0,Nyctalus leisleri,0.308,0.401,-1,Echolocation,/mnt/ubna_data_02_mir/recover-20220828/UBNA_012/20220826_070000.WAV,Carp Pond,recover-20220828,012,1795
257.3855,257.4022,24609.0,28029.0,Nyctalus leisleri,0.244,0.329,-1,Echolocation,/mnt/ubna_data_02_mir/recover-20220828/UBNA_012/20220826_070000.WAV,Carp Pond,recover-20220828,012,1795
257.4755,257.4894,23750.0,28747.0,Nyctalus leisleri,0.575,0.694,-1,Echolocation,/mnt/ubna_data_02_mir/recover-20220828/UBNA_012/20220826_070000.WAV,Carp Pond,recover-20220828,012,1795
257.7685,257.7828,23750.0,31200.0,Nyctalus leisleri,0.454,0.728,-1,Echolocation,/mnt/ubna_data_02_mir/recover-20220828/UBNA_012/20220826_070000.WAV,Carp Pond,recover-20220828,012,1795
257.9425,257.9578,24609.0,28602.0,Nyctalus leisleri,0.411,0.545,-1,Echolocation,/mnt/ubna_data_02_mir/recover-20220828/UBNA_012/20220826_070000.WAV,Carp Pond,recover-20220828,012,1795
258.0785,258.0928,23750.0,29266.0,Nyctalus leisleri,0.427,0.645,-1,Echolocation,/mnt/ubna_data_02_mir/recover-20220828/UBNA_012/20220826_070000.WAV,Carp Pond,recover-20220828,012,1795
258.2145,258.2252,26328.0,30848.0,Nyctalus leisleri,0.202,0.373,-1,Echolocation,/mnt/ubna_data_02_mir/recover-20220828/UBNA_012/20220826_070000.WAV,Carp Pond,recover-20220828,012,1795
258.3005,258.3152,25468.0,29506.0,Nyctalus leisleri,0.103,0.223,-1,Echolocation,/mnt/ubna_data_02_mir/recover-20220828/UBNA_012/20220826_070000.WAV,Carp Pond,recover-20220828,012,1795
258.3495,258.36,25468.0,31297.0,Nyctalus leisleri,0.459,0.62,-1,Echolocation,/mnt/ubna_data_02_mir/recover-20220828/UBNA_012/20220826_070000.WAV,Carp Pond,recover-20220828,012,1795
258.4405,258.4538,25468.0,31529.0,Nyctalus leisleri,0.256,0.491,-1,Echolocation,/mnt/ubna_data_02_mir/recover-20220828/UBNA_012/20220826_070000.WAV,Carp Pond,recover-20220828,012,1795
258.4905,258.5037,24609.0,32145.0,Eptesicus serotinus,0.313,0.664,-1,Echolocation,/mnt/ubna_data_02_mir/recover-20220828/UBNA_012/20220826_070000.WAV,Carp Pond,recover-20220828,012,1795
258.6395,258.6521,23750.0,31898.0,Nyctalus leisleri,0.338,0.678,-1,Echolocation,/mnt/ubna_data_02_mir/recover-20220828/UBNA_012/20220826_070000.WAV,Carp Pond,recover-20220828,012,1795
258.7815,258.79200000000003,25468.0,31537.0,Nyctalus leisleri,0.323,0.589,-1,Echolocation,/mnt/ubna_data_02_mir/recover-20220828/UBNA_012/20220826_070000.WAV,Carp Pond,recover-20220828,012,1795
258.9295,258.9417,24609.0,33023.0,Eptesicus serotinus,0.289,0.634,-1,Echolocation,/mnt/ubna_data_02_mir/recover-20220828/UBNA_012/20220826_070000.WAV,Carp Pond,recover-20220828,012,1795
259.0615,259.0765,24609.0,27925.0,Nyctalus leisleri,0.422,0.549,-1,Echolocation,/mnt/ubna_data_02_mir/recover-20220828/UBNA_012/20220826_070000.WAV,Carp Pond,recover-20220828,012,1795
259.0945,259.1103,24609.0,29842.0,Nyctalus leisleri,0.424,0.585,-1,Echolocation,/mnt/ubna_data_02_mir/recover-20220828/UBNA_012/20220826_070000.WAV,Carp Pond,recover-20220828,012,1795
259.3835,259.398,23750.0,30503.0,Nyctalus leisleri,0.387,0.662,-1,Echolocation,/mnt/ubna_data_02_mir/recover-20220828/UBNA_012/20220826_070000.WAV,Carp Pond,recover-20220828,012,1795
259.6355,259.6497,24609.0,27883.0,Nyctalus leisleri,0.389,0.505,-1,Echolocation,/mnt/ubna_data_02_mir/recover-20220828/UBNA_012/20220826_070000.WAV,Carp Pond,recover-20220828,012,1795
259.6755,259.6902,23750.0,29061.0,Nyctalus leisleri,0.434,0.591,-1,Echolocation,/mnt/ubna_data_02_mir/recover-20220828/UBNA_012/20220826_070000.WAV,Carp Pond,recover-20220828,012,1795
259.9565,259.969,24609.0,30374.0,Nyctalus leisleri,0.385,0.571,-1,Echolocation,/mnt/ubna_data_02_mir/recover-20220828/UBNA_012/20220826_070000.WAV,Carp Pond,recover-20220828,012,1795
260.1145,260.127,23750.0,29337.0,Nyctalus leisleri,0.463,0.658,-1,Echolocation,/mnt/ubna_data_02_mir/recover-20220828/UBNA_012/20220826_070000.WAV,Carp Pond,recover-20220828,012,1795
260.2475,260.2619,23750.0,29812.0,Nyctalus leisleri,0.309,0.59,-1,Echolocation,/mnt/ubna_data_02_mir/recover-20220828/UBNA_012/20220826_070000.WAV,Carp Pond,recover-20220828,012,1795
260.2965,260.3104,25468.0,29727.0,Nyctalus leisleri,0.144,0.252,-1,Echolocation,/mnt/ubna_data_02_mir/recover-20220828/UBNA_012/20220826_070000.WAV,Carp Pond,recover-20220828,012,1795
260.5545,260.5688,25468.0,30051.0,Nyctalus leisleri,0.142,0.248,-1,Echolocation,/mnt/ubna_data_02_mir/recover-20220828/UBNA_012/20220826_070000.WAV,Carp Pond,recover-20220828,012,1795
261.2225,261.2334,23750.0,29069.0,Nyctalus leisleri,0.477,0.617,-1,Echolocation,/mnt/ubna_data_02_mir/recover-20220828/UBNA_012/20220826_070000.WAV,Carp Pond,recover-20220828,012,1795
261.6505,261.6653,23750.0,29589.0,Nyctalus leisleri,0.33,0.609,-1,Echolocation,/mnt/ubna_data_02_mir/recover-20220828/UBNA_012/20220826_070000.WAV,Carp Pond,recover-20220828,012,1795
261.7655,261.7794,25468.0,30502.0,Nyctalus leisleri,0.361,0.508,-1,Echolocation,/mnt/ubna_data_02_mir/recover-20220828/UBNA_012/20220826_070000.WAV,Carp Pond,recover-20220828,012,1795
261.9485,261.9619,23750.0,28556.0,Nyctalus leisleri,0.464,0.644,-1,Echolocation,/mnt/ubna_data_02_mir/recover-20220828/UBNA_012/20220826_070000.WAV,Carp Pond,recover-20220828,012,1795
262.0955,262.11,23750.0,27895.0,Nyctalus leisleri,0.297,0.425,-1,Echolocation,/mnt/ubna_data_02_mir/recover-20220828/UBNA_012/20220826_070000.WAV,Carp Pond,recover-20220828,012,1795
262.2435,262.2576,23750.0,30075.0,Nyctalus leisleri,0.383,0.656,-1,Echolocation,/mnt/ubna_data_02_mir/recover-20220828/UBNA_012/20220826_070000.WAV,Carp Pond,recover-20220828,012,1795
262.52049999999997,262.5329,23750.0,27910.0,Nyctalus leisleri,0.463,0.615,-1,Echolocation,/mnt/ubna_data_02_mir/recover-20220828/UBNA_012/20220826_070000.WAV,Carp Pond,recover-20220828,012,1795
262.8025,262.8166,23750.0,29143.0,Nyctalus leisleri,0.506,0.661,-1,Echolocation,/mnt/ubna_data_02_mir/recover-20220828/UBNA_012/20220826_070000.WAV,Carp Pond,recover-20220828,012,1795
263.0955,263.1076,23750.0,27808.0,Nyctalus leisleri,0.58,0.643,-1,Echolocation,/mnt/ubna_data_02_mir/recover-20220828/UBNA_012/20220826_070000.WAV,Carp Pond,recover-20220828,012,1795
263.2875,263.3042,24609.0,28343.0,Nyctalus leisleri,0.333,0.431,-1,Echolocation,/mnt/ubna_data_02_mir/recover-20220828/UBNA_012/20220826_070000.WAV,Carp Pond,recover-20220828,012,1795
263.3875,263.403,22890.0,27085.0,Nyctalus leisleri,0.501,0.596,-1,Echolocation,/mnt/ubna_data_02_mir/recover-20220828/UBNA_012/20220826_070000.WAV,Carp Pond,recover-20220828,012,1795
263.3895,263.398,48671.0,51627.0,Pipistrellus pipistrellus,0.226,0.357,-1,Echolocation,/mnt/ubna_data_02_mir/recover-20220828/UBNA_012/20220826_070000.WAV,Carp Pond,recover-20220828,012,1795
263.6675,263.6818,23750.0,28281.0,Nyctalus leisleri,0.599,0.669,-1,Echolocation,/mnt/ubna_data_02_mir/recover-20220828/UBNA_012/20220826_070000.WAV,Carp Pond,recover-20220828,012,1795
263.8125,263.8261,23750.0,27397.0,Nyctalus leisleri,0.525,0.6,-1,Echolocation,/mnt/ubna_data_02_mir/recover-20220828/UBNA_012/20220826_070000.WAV,Carp Pond,recover-20220828,012,1795
264.0945,264.1087,23750.0,28064.0,Nyctalus leisleri,0.637,0.704,-1,Echolocation,/mnt/ubna_data_02_mir/recover-20220828/UBNA_012/20220826_070000.WAV,Carp Pond,recover-20220828,012,1795
264.35450000000003,264.3702,24609.0,28047.0,Nyctalus leisleri,0.12,0.223,-1,Echolocation,/mnt/ubna_data_02_mir/recover-20220828/UBNA_012/20220826_070000.WAV,Carp Pond,recover-20220828,012,1795
264.3845,264.3995,23750.0,27157.0,Nyctalus leisleri,0.502,0.587,-1,Echolocation,/mnt/ubna_data_02_mir/recover-20220828/UBNA_012/20220826_070000.WAV,Carp Pond,recover-20220828,012,1795
264.6685,264.684,23750.0,26868.0,Nyctalus leisleri,0.582,0.673,-1,Echolocation,/mnt/ubna_data_02_mir/recover-20220828/UBNA_012/20220826_070000.WAV,Carp Pond,recover-20220828,012,1795
264.9625,264.9774,23750.0,27559.0,Nyctalus leisleri,0.499,0.577,-1,Echolocation,/mnt/ubna_data_02_mir/recover-20220828/UBNA_012/20220826_070000.WAV,Carp Pond,recover-20220828,012,1795
265.0495,265.0647,24609.0,27476.0,Nyctalus leisleri,0.305,0.398,-1,Echolocation,/mnt/ubna_data_02_mir/recover-20220828/UBNA_012/20220826_070000.WAV,Carp Pond,recover-20220828,012,1795
265.2385,265.2528,23750.0,27573.0,Nyctalus leisleri,0.413,0.526,-1,Echolocation,/mnt/ubna_data_02_mir/recover-20220828/UBNA_012/20220826_070000.WAV,Carp Pond,recover-20220828,012,1795
265.5345,265.5501,23750.0,27686.0,Nyctalus leisleri,0.5,0.629,-1,Echolocation,/mnt/ubna_data_02_mir/recover-20220828/UBNA_012/20220826_070000.WAV,Carp Pond,recover-20220828,012,1795
265.8165,265.832,23750.0,28224.0,Nyctalus leisleri,0.624,0.703,-1,Echolocation,/mnt/ubna_data_02_mir/recover-20220828/UBNA_012/20220826_070000.WAV,Carp Pond,recover-20220828,012,1795
266.1015,266.1171,23750.0,27984.0,Nyctalus leisleri,0.547,0.672,-1,Echolocation,/mnt/ubna_data_02_mir/recover-20220828/UBNA_012/20220826_070000.WAV,Carp Pond,recover-20220828,012,1795
266.3785,266.3934,23750.0,27452.0,Nyctalus leisleri,0.497,0.603,-1,Echolocation,/mnt/ubna_data_02_mir/recover-20220828/UBNA_012/20220826_070000.WAV,Carp Pond,recover-20220828,012,1795
266.6905,266.7058,23750.0,27727.0,Nyctalus leisleri,0.636,0.69,-1,Echolocation,/mnt/ubna_data_02_mir/recover-20220828/UBNA_012/20220826_070000.WAV,Carp Pond,recover-20220828,012,1795
266.8445,266.8598,23750.0,28725.0,Nyctalus leisleri,0.332,0.559,-1,Echolocation,/mnt/ubna_data_02_mir/recover-20220828/UBNA_012/20220826_070000.WAV,Carp Pond,recover-20220828,012,1795
267.0215,267.0359,23750.0,28508.0,Nyctalus leisleri,0.421,0.545,-1,Echolocation,/mnt/ubna_data_02_mir/recover-20220828/UBNA_012/20220826_070000.WAV,Carp Pond,recover-20220828,012,1795
267.1475,267.1577,25468.0,31008.0,Nyctalus leisleri,0.407,0.58,-1,Echolocation,/mnt/ubna_data_02_mir/recover-20220828/UBNA_012/20220826_070000.WAV,Carp Pond,recover-20220828,012,1795
267.3065,267.32,23750.0,29522.0,Nyctalus leisleri,0.504,0.701,-1,Echolocation,/mnt/ubna_data_02_mir/recover-20220828/UBNA_012/20220826_070000.WAV,Carp Pond,recover-20220828,012,1795
267.58050000000003,267.5951,23750.0,28156.0,Nyctalus leisleri,0.179,0.295,-1,Echolocation,/mnt/ubna_data_02_mir/recover-20220828/UBNA_012/20220826_070000.WAV,Carp Pond,recover-20220828,012,1795
267.8705,267.88779999999997,23750.0,27507.0,Nyctalus leisleri,0.364,0.455,-1,Echolocation,/mnt/ubna_data_02_mir/recover-20220828/UBNA_012/20220826_070000.WAV,Carp Pond,recover-20220828,012,1795
268.0355,268.0513,23750.0,27858.0,Nyctalus leisleri,0.577,0.656,-1,Echolocation,/mnt/ubna_data_02_mir/recover-20220828/UBNA_012/20220826_070000.WAV,Carp Pond,recover-20220828,012,1795
268.6135,268.6267,23750.0,28716.0,Nyctalus leisleri,0.438,0.615,-1,Echolocation,/mnt/ubna_data_02_mir/recover-20220828/UBNA_012/20220826_070000.WAV,Carp Pond,recover-20220828,012,1795
269.1765,269.1907,24609.0,30245.0,Nyctalus leisleri,0.111,0.215,-1,Echolocation,/mnt/ubna_data_02_mir/recover-20220828/UBNA_012/20220826_070000.WAV,Carp Pond,recover-20220828,012,1795
269.7445,269.7632,23750.0,27846.0,Nyctalus leisleri,0.336,0.425,-1,Echolocation,/mnt/ubna_data_02_mir/recover-20220828/UBNA_012/20220826_070000.WAV,Carp Pond,recover-20220828,012,1795
270.3175,270.333,23750.0,27457.0,Nyctalus leisleri,0.499,0.577,-1,Echolocation,/mnt/ubna_data_02_mir/recover-20220828/UBNA_012/20220826_070000.WAV,Carp Pond,recover-20220828,012,1795
270.8945,270.913,24609.0,27920.0,Nyctalus leisleri,0.335,0.43,-1,Echolocation,/mnt/ubna_data_02_mir/recover-20220828/UBNA_012/20220826_070000.WAV,Carp Pond,recover-20220828,012,1795
271.4945,271.5112,23750.0,27703.0,Nyctalus leisleri,0.371,0.489,-1,Echolocation,/mnt/ubna_data_02_mir/recover-20220828/UBNA_012/20220826_070000.WAV,Carp Pond,recover-20220828,012,1795
271.6675,271.6834,24609.0,29412.0,Nyctalus leisleri,0.126,0.261,-1,Echolocation,/mnt/ubna_data_02_mir/recover-20220828/UBNA_012/20220826_070000.WAV,Carp Pond,recover-20220828,012,1795
271.7795,271.7971,23750.0,27205.0,Nyctalus leisleri,0.577,0.63,-1,Echolocation,/mnt/ubna_data_02_mir/recover-20220828/UBNA_012/20220826_070000.WAV,Carp Pond,recover-20220828,012,1795
272.8945,272.9137,22890.0,27016.0,Nyctalus leisleri,0.354,0.434,-1,Echolocation,/mnt/ubna_data_02_mir/recover-20220828/UBNA_012/20220826_070000.WAV,Carp Pond,recover-20220828,012,1795
273.0995,273.118,23750.0,27542.0,Nyctalus leisleri,0.354,0.434,-1,Echolocation,/mnt/ubna_data_02_mir/recover-20220828/UBNA_012/20220826_070000.WAV,Carp Pond,recover-20220828,012,1795
273.7145,273.7324,23750.0,28992.0,Nyctalus leisleri,0.279,0.528,-1,Echolocation,/mnt/ubna_data_02_mir/recover-20220828/UBNA_012/20220826_070000.WAV,Carp Pond,recover-20220828,012,1795
274.2915,274.3109,23750.0,27987.0,Nyctalus leisleri,0.361,0.453,-1,Echolocation,/mnt/ubna_data_02_mir/recover-20220828/UBNA_012/20220826_070000.WAV,Carp Pond,recover-20220828,012,1795
274.7225,274.736,23750.0,28528.0,Nyctalus leisleri,0.172,0.333,-1,Echolocation,/mnt/ubna_data_02_mir/recover-20220828/UBNA_012/20220826_070000.WAV,Carp Pond,recover-20220828,012,1795
274.8945,274.9094,23750.0,27710.0,Nyctalus leisleri,0.603,0.661,-1,Echolocation,/mnt/ubna_data_02_mir/recover-20220828/UBNA_012/20220826_070000.WAV,Carp Pond,recover-20220828,012,1795
275.1705,275.1866,24609.0,27851.0,Nyctalus leisleri,0.41,0.537,-1,Echolocation,/mnt/ubna_data_02_mir/recover-20220828/UBNA_012/20220826_070000.WAV,Carp Pond,recover-20220828,012,1795
275.7505,275.7641,23750.0,28672.0,Nyctalus leisleri,0.61,0.699,-1,Echolocation,/mnt/ubna_data_02_mir/recover-20220828/UBNA_012/20220826_070000.WAV,Carp Pond,recover-20220828,012,1795
276.0385,276.0548,23750.0,28295.0,Nyctalus leisleri,0.381,0.517,-1,Echolocation,/mnt/ubna_data_02_mir/recover-20220828/UBNA_012/20220826_070000.WAV,Carp Pond,recover-20220828,012,1795
276.6705,276.6898,23750.0,28095.0,Nyctalus leisleri,0.264,0.371,-1,Echolocation,/mnt/ubna_data_02_mir/recover-20220828/UBNA_012/20220826_070000.WAV,Carp Pond,recover-20220828,012,1795
276.9805,276.9979,22890.0,27085.0,Nyctalus leisleri,0.295,0.422,-1,Echolocation,/mnt/ubna_data_02_mir/recover-20220828/UBNA_012/20220826_070000.WAV,Carp Pond,recover-20220828,012,1795
277.2585,277.2754,23750.0,28269.0,Nyctalus leisleri,0.343,0.457,-1,Echolocation,/mnt/ubna_data_02_mir/recover-20220828/UBNA_012/20220826_070000.WAV,Carp Pond,recover-20220828,012,1795
277.2855,277.3004,22890.0,26661.0,Nyctalus leisleri,0.507,0.549,-1,Echolocation,/mnt/ubna_data_02_mir/recover-20220828/UBNA_012/20220826_070000.WAV,Carp Pond,recover-20220828,012,1795
277.5775,277.593,22890.0,27396.0,Nyctalus leisleri,0.506,0.595,-1,Echolocation,/mnt/ubna_data_02_mir/recover-20220828/UBNA_012/20220826_070000.WAV,Carp Pond,recover-20220828,012,1795
277.8645,277.8854,24609.0,28026.0,Nyctalus leisleri,0.201,0.26,-1,Echolocation,/mnt/ubna_data_02_mir/recover-20220828/UBNA_012/20220826_070000.WAV,Carp Pond,recover-20220828,012,1795
278.0015,278.0121,23750.0,29170.0,Nyctalus leisleri,0.161,0.249,-1,Echolocation,/mnt/ubna_data_02_mir/recover-20220828/UBNA_012/20220826_070000.WAV,Carp Pond,recover-20220828,012,1795
278.4275,278.4466,22890.0,26732.0,Nyctalus leisleri,0.452,0.508,-1,Echolocation,/mnt/ubna_data_02_mir/recover-20220828/UBNA_012/20220826_070000.WAV,Carp Pond,recover-20220828,012,1795
278.7225,278.738,22890.0,27118.0,Nyctalus leisleri,0.652,0.7,-1,Echolocation,/mnt/ubna_data_02_mir/recover-20220828/UBNA_012/20220826_070000.WAV,Carp Pond,recover-20220828,012,1795
279.1605,279.178,22890.0,27427.0,Nyctalus leisleri,0.312,0.486,-1,Echolocation,/mnt/ubna_data_02_mir/recover-20220828/UBNA_012/20220826_070000.WAV,Carp Pond,recover-20220828,012,1795
279.3165,279.3306,23750.0,28317.0,Nyctalus leisleri,0.527,0.618,-1,Echolocation,/mnt/ubna_data_02_mir/recover-20220828/UBNA_012/20220826_070000.WAV,Carp Pond,recover-20220828,012,1795
279.4095,279.4205,24609.0,29505.0,Eptesicus serotinus,0.115,0.263,-1,Echolocation,/mnt/ubna_data_02_mir/recover-20220828/UBNA_012/20220826_070000.WAV,Carp Pond,recover-20220828,012,1795
279.4755,279.4926,23750.0,28775.0,Nyctalus leisleri,0.252,0.404,-1,Echolocation,/mnt/ubna_data_02_mir/recover-20220828/UBNA_012/20220826_070000.WAV,Carp Pond,recover-20220828,012,1795
279.6315,279.6487,24609.0,28367.0,Nyctalus leisleri,0.359,0.473,-1,Echolocation,/mnt/ubna_data_02_mir/recover-20220828/UBNA_012/20220826_070000.WAV,Carp Pond,recover-20220828,012,1795
279.7215,279.73,41796.0,50857.0,Pipistrellus nathusii,0.102,0.251,-1,Echolocation,/mnt/ubna_data_02_mir/recover-20220828/UBNA_012/20220826_070000.WAV,Carp Pond,recover-20220828,012,1795
280.0925,280.0997,41796.0,54078.0,Pipistrellus nathusii,0.301,0.516,-1,Echolocation,/mnt/ubna_data_02_mir/recover-20220828/UBNA_012/20220826_070000.WAV,Carp Pond,recover-20220828,012,1795
280.1885,280.1974,41796.0,52086.0,Pipistrellus nathusii,0.4,0.483,-1,Echolocation,/mnt/ubna_data_02_mir/recover-20220828/UBNA_012/20220826_070000.WAV,Carp Pond,recover-20220828,012,1795
280.2095,280.2246,24609.0,28901.0,Nyctalus leisleri,0.338,0.581,-1,Echolocation,/mnt/ubna_data_02_mir/recover-20220828/UBNA_012/20220826_070000.WAV,Carp Pond,recover-20220828,012,1795
280.2715,280.2849,22890.0,29168.0,Nyctalus leisleri,0.364,0.627,-1,Echolocation,/mnt/ubna_data_02_mir/recover-20220828/UBNA_012/20220826_070000.WAV,Carp Pond,recover-20220828,012,1795
280.2855,280.2936,42656.0,55122.0,Pipistrellus nathusii,0.245,0.348,-1,Echolocation,/mnt/ubna_data_02_mir/recover-20220828/UBNA_012/20220826_070000.WAV,Carp Pond,recover-20220828,012,1795
280.3735,280.3919,23750.0,28022.0,Nyctalus leisleri,0.136,0.262,-1,Echolocation,/mnt/ubna_data_02_mir/recover-20220828/UBNA_012/20220826_070000.WAV,Carp Pond,recover-20220828,012,1795
280.3825,280.3897,42656.0,54429.0,Pipistrellus nathusii,0.23,0.413,-1,Echolocation,/mnt/ubna_data_02_mir/recover-20220828/UBNA_012/20220826_070000.WAV,Carp Pond,recover-20220828,012,1795
280.4275,280.4426,23750.0,27669.0,Nyctalus leisleri,0.476,0.597,-1,Echolocation,/mnt/ubna_data_02_mir/recover-20220828/UBNA_012/20220826_070000.WAV,Carp Pond,recover-20220828,012,1795
280.4665,280.47429999999997,41796.0,57710.0,Pipistrellus nathusii,0.27,0.415,-1,Echolocation,/mnt/ubna_data_02_mir/recover-20220828/UBNA_012/20220826_070000.WAV,Carp Pond,recover-20220828,012,1795
280.5165,280.5329,24609.0,29916.0,Nyctalus leisleri,0.28,0.496,-1,Echolocation,/mnt/ubna_data_02_mir/recover-20220828/UBNA_012/20220826_070000.WAV,Carp Pond,recover-20220828,012,1795
280.5425,280.5533,44375.0,53970.0,Pipistrellus nathusii,0.276,0.414,-1,Echolocation,/mnt/ubna_data_02_mir/recover-20220828/UBNA_012/20220826_070000.WAV,Carp Pond,recover-20220828,012,1795
280.5585,280.5701,24609.0,29030.0,Nyctalus leisleri,0.375,0.58,-1,Echolocation,/mnt/ubna_data_02_mir/recover-20220828/UBNA_012/20220826_070000.WAV,Carp Pond,recover-20220828,012,1795
280.6045,280.6129,42656.0,57066.0,Pipistrellus nathusii,0.147,0.341,-1,Echolocation,/mnt/ubna_data_02_mir/recover-20220828/UBNA_012/20220826_070000.WAV,Carp Pond,recover-20220828,012,1795
280.6705,280.6819,25468.0,30565.0,Nyctalus leisleri,0.318,0.461,-1,Echolocation,/mnt/ubna_data_02_mir/recover-20220828/UBNA_012/20220826_070000.WAV,Carp Pond,recover-20220828,012,1795
280.6765,280.684,42656.0,55855.0,Pipistrellus nathusii,0.222,0.371,-1,Echolocation,/mnt/ubna_data_02_mir/recover-20220828/UBNA_012/20220826_070000.WAV,Carp Pond,recover-20220828,012,1795
280.7015,280.7136,23750.0,29516.0,Nyctalus leisleri,0.38,0.568,-1,Echolocation,/mnt/ubna_data_02_mir/recover-20220828/UBNA_012/20220826_070000.WAV,Carp Pond,recover-20220828,012,1795
280.7665,280.777,42656.0,58842.0,Pipistrellus nathusii,0.222,0.366,-1,Echolocation,/mnt/ubna_data_02_mir/recover-20220828/UBNA_012/20220826_070000.WAV,Carp Pond,recover-20220828,012,1795
280.8625,280.877,24609.0,29645.0,Nyctalus leisleri,0.404,0.592,-1,Echolocation,/mnt/ubna_data_02_mir/recover-20220828/UBNA_012/20220826_070000.WAV,Carp Pond,recover-20220828,012,1795
280.8705,280.8786,42656.0,59306.0,Pipistrellus nathusii,0.321,0.453,-1,Echolocation,/mnt/ubna_data_02_mir/recover-20220828/UBNA_012/20220826_070000.WAV,Carp Pond,recover-20220828,012,1795
280.9705,280.9779,42656.0,62339.0,Pipistrellus nathusii,0.297,0.5,-1,Echolocation,/mnt/ubna_data_02_mir/recover-20220828/UBNA_012/20220826_070000.WAV,Carp Pond,recover-20220828,012,1795
280.9875,281.0017,24609.0,28819.0,Nyctalus leisleri,0.39,0.538,-1,Echolocation,/mnt/ubna_data_02_mir/recover-20220828/UBNA_012/20220826_070000.WAV,Carp Pond,recover-20220828,012,1795
281.0735,281.0813,41796.0,62171.0,Pipistrellus nathusii,0.302,0.499,-1,Echolocation,/mnt/ubna_data_02_mir/recover-20220828/UBNA_012/20220826_070000.WAV,Carp Pond,recover-20220828,012,1795
281.1455,281.1574,42656.0,65102.0,Pipistrellus nathusii,0.181,0.475,-1,Echolocation,/mnt/ubna_data_02_mir/recover-20220828/UBNA_012/20220826_070000.WAV,Carp Pond,recover-20220828,012,1795
281.2145,281.2325,24609.0,28763.0,Nyctalus leisleri,0.11,0.203,-1,Echolocation,/mnt/ubna_data_02_mir/recover-20220828/UBNA_012/20220826_070000.WAV,Carp Pond,recover-20220828,012,1795
281.2535,281.2627,42656.0,61927.0,Pipistrellus nathusii,0.182,0.451,-1,Echolocation,/mnt/ubna_data_02_mir/recover-20220828/UBNA_012/20220826_070000.WAV,Carp Pond,recover-20220828,012,1795
281.2545,281.2907,93359.0,111571.0,Rhinolophus hipposideros,0.253,0.253,-1,Echolocation,/mnt/ubna_data_02_mir/recover-20220828/UBNA_012/20220826_070000.WAV,Carp Pond,recover-20220828,012,1795
281.2885,281.3049,22890.0,28121.0,Nyctalus leisleri,0.242,0.457,-1,Echolocation,/mnt/ubna_data_02_mir/recover-20220828/UBNA_012/20220826_070000.WAV,Carp Pond,recover-20220828,012,1795
281.3355,281.3437,42656.0,59335.0,Pipistrellus nathusii,0.199,0.451,-1,Echolocation,/mnt/ubna_data_02_mir/recover-20220828/UBNA_012/20220826_070000.WAV,Carp Pond,recover-20220828,012,1795
281.4385,281.4531,24609.0,29033.0,Nyctalus leisleri,0.122,0.223,-1,Echolocation,/mnt/ubna_data_02_mir/recover-20220828/UBNA_012/20220826_070000.WAV,Carp Pond,recover-20220828,012,1795
281.4415,281.4515,41796.0,63009.0,Pipistrellus nathusii,0.272,0.423,-1,Echolocation,/mnt/ubna_data_02_mir/recover-20220828/UBNA_012/20220826_070000.WAV,Carp Pond,recover-20220828,012,1795
281.5365,281.5468,41796.0,61723.0,Pipistrellus nathusii,0.35,0.472,-1,Echolocation,/mnt/ubna_data_02_mir/recover-20220828/UBNA_012/20220826_070000.WAV,Carp Pond,recover-20220828,012,1795
281.6395,281.65070000000003,41796.0,64334.0,Pipistrellus nathusii,0.304,0.396,-1,Echolocation,/mnt/ubna_data_02_mir/recover-20220828/UBNA_012/20220826_070000.WAV,Carp Pond,recover-20220828,012,1795
281.6915,281.705,24609.0,28700.0,Nyctalus leisleri,0.183,0.348,-1,Echolocation,/mnt/ubna_data_02_mir/recover-20220828/UBNA_012/20220826_070000.WAV,Carp Pond,recover-20220828,012,1795
281.7315,281.7483,22890.0,27370.0,Nyctalus leisleri,0.445,0.543,-1,Echolocation,/mnt/ubna_data_02_mir/recover-20220828/UBNA_012/20220826_070000.WAV,Carp Pond,recover-20220828,012,1795
281.7415,281.7531,42656.0,56822.0,Pipistrellus nathusii,0.172,0.263,-1,Echolocation,/mnt/ubna_data_02_mir/recover-20220828/UBNA_012/20220826_070000.WAV,Carp Pond,recover-20220828,012,1795
281.8495,281.86,40937.0,63183.0,Pipistrellus nathusii,0.291,0.445,-1,Echolocation,/mnt/ubna_data_02_mir/recover-20220828/UBNA_012/20220826_070000.WAV,Carp Pond,recover-20220828,012,1795
281.9535,281.9635,41796.0,60327.0,Pipistrellus nathusii,0.237,0.405,-1,Echolocation,/mnt/ubna_data_02_mir/recover-20220828/UBNA_012/20220826_070000.WAV,Carp Pond,recover-20220828,012,1795
282.0315,282.0495,22890.0,27366.0,Nyctalus leisleri,0.504,0.574,-1,Echolocation,/mnt/ubna_data_02_mir/recover-20220828/UBNA_012/20220826_070000.WAV,Carp Pond,recover-20220828,012,1795
282.0535,282.0601,40937.0,62108.0,Pipistrellus nathusii,0.248,0.442,-1,Echolocation,/mnt/ubna_data_02_mir/recover-20220828/UBNA_012/20220826_070000.WAV,Carp Pond,recover-20220828,012,1795
282.1195,282.1269,42656.0,59544.0,Pipistrellus nathusii,0.273,0.473,-1,Echolocation,/mnt/ubna_data_02_mir/recover-20220828/UBNA_012/20220826_070000.WAV,Carp Pond,recover-20220828,012,1795
282.1955,282.2024,41796.0,64088.0,Pipistrellus nathusii,0.143,0.445,-1,Echolocation,/mnt/ubna_data_02_mir/recover-20220828/UBNA_012/20220826_070000.WAV,Carp Pond,recover-20220828,012,1795
282.2725,282.2782,40937.0,59165.0,Pipistrellus nathusii,0.159,0.432,-1,Echolocation,/mnt/ubna_data_02_mir/recover-20220828/UBNA_012/20220826_070000.WAV,Carp Pond,recover-20220828,012,1795
282.3605,282.3668,40937.0,60575.0,Pipistrellus nathusii,0.173,0.417,-1,Echolocation,/mnt/ubna_data_02_mir/recover-20220828/UBNA_012/20220826_070000.WAV,Carp Pond,recover-20220828,012,1795
282.4245,282.4309,42656.0,54158.0,Pipistrellus nathusii,0.17,0.305,-1,Echolocation,/mnt/ubna_data_02_mir/recover-20220828/UBNA_012/20220826_070000.WAV,Carp Pond,recover-20220828,012,1795
282.4725,282.4883,23750.0,28325.0,Nyctalus leisleri,0.48,0.569,-1,Echolocation,/mnt/ubna_data_02_mir/recover-20220828/UBNA_012/20220826_070000.WAV,Carp Pond,recover-20220828,012,1795
282.4965,282.5034,41796.0,53913.0,Pipistrellus nathusii,0.205,0.397,-1,Echolocation,/mnt/ubna_data_02_mir/recover-20220828/UBNA_012/20220826_070000.WAV,Carp Pond,recover-20220828,012,1795
282.5765,282.5835,40937.0,58754.0,Pipistrellus nathusii,0.224,0.488,-1,Echolocation,/mnt/ubna_data_02_mir/recover-20220828/UBNA_012/20220826_070000.WAV,Carp Pond,recover-20220828,012,1795
282.5795,282.6156,93359.0,111287.0,Rhinolophus hipposideros,0.217,0.217,-1,Echolocation,/mnt/ubna_data_02_mir/recover-20220828/UBNA_012/20220826_070000.WAV,Carp Pond,recover-20220828,012,1795
282.6775,282.6857,42656.0,54244.0,Pipistrellus nathusii,0.134,0.234,-1,Echolocation,/mnt/ubna_data_02_mir/recover-20220828/UBNA_012/20220826_070000.WAV,Carp Pond,recover-20220828,012,1795
282.7425,282.7507,41796.0,54480.0,Pipistrellus nathusii,0.13,0.315,-1,Echolocation,/mnt/ubna_data_02_mir/recover-20220828/UBNA_012/20220826_070000.WAV,Carp Pond,recover-20220828,012,1795
282.7625,282.783,22890.0,27804.0,Nyctalus leisleri,0.328,0.469,-1,Echolocation,/mnt/ubna_data_02_mir/recover-20220828/UBNA_012/20220826_070000.WAV,Carp Pond,recover-20220828,012,1795
282.8075,282.8134,41796.0,62647.0,Pipistrellus nathusii,0.225,0.526,-1,Echolocation,/mnt/ubna_data_02_mir/recover-20220828/UBNA_012/20220826_070000.WAV,Carp Pond,recover-20220828,012,1795
282.8855,282.9009,23750.0,28263.0,Nyctalus leisleri,0.325,0.509,-1,Echolocation,/mnt/ubna_data_02_mir/recover-20220828/UBNA_012/20220826_070000.WAV,Carp Pond,recover-20220828,012,1795
282.8915,282.8995,41796.0,56787.0,Pipistrellus nathusii,0.184,0.326,-1,Echolocation,/mnt/ubna_data_02_mir/recover-20220828/UBNA_012/20220826_070000.WAV,Carp Pond,recover-20220828,012,1795
282.9605,282.9752,24609.0,28444.0,Nyctalus leisleri,0.409,0.52,-1,Echolocation,/mnt/ubna_data_02_mir/recover-20220828/UBNA_012/20220826_070000.WAV,Carp Pond,recover-20220828,012,1795
282.9775,282.9839,40078.0,58702.0,Pipistrellus nathusii,0.195,0.428,-1,Echolocation,/mnt/ubna_data_02_mir/recover-20220828/UBNA_012/20220826_070000.WAV,Carp Pond,recover-20220828,012,1795
283.1065,283.1132,40937.0,61501.0,Myotis daubentonii,0.162,0.387,-1,Echolocation,/mnt/ubna_data_02_mir/recover-20220828/UBNA_012/20220826_070000.WAV,Carp Pond,recover-20220828,012,1795
283.1725,283.1792,40937.0,57857.0,Pipistrellus nathusii,0.158,0.419,-1,Echolocation,/mnt/ubna_data_02_mir/recover-20220828/UBNA_012/20220826_070000.WAV,Carp Pond,recover-20220828,012,1795
283.2415,283.2487,39218.0,62284.0,Myotis daubentonii,0.145,0.291,-1,Echolocation,/mnt/ubna_data_02_mir/recover-20220828/UBNA_012/20220826_070000.WAV,Carp Pond,recover-20220828,012,1795
283.3045,283.3127,41796.0,58057.0,Pipistrellus nathusii,0.205,0.385,-1,Echolocation,/mnt/ubna_data_02_mir/recover-20220828/UBNA_012/20220826_070000.WAV,Carp Pond,recover-20220828,012,1795
283.3605,283.3762,23750.0,28478.0,Nyctalus leisleri,0.401,0.562,-1,Echolocation,/mnt/ubna_data_02_mir/recover-20220828/UBNA_012/20220826_070000.WAV,Carp Pond,recover-20220828,012,1795
283.4685,283.4749,40937.0,58570.0,Myotis daubentonii,0.12,0.25,-1,Echolocation,/mnt/ubna_data_02_mir/recover-20220828/UBNA_012/20220826_070000.WAV,Carp Pond,recover-20220828,012,1795
283.6285,283.6474,23750.0,27418.0,Nyctalus leisleri,0.227,0.321,-1,Echolocation,/mnt/ubna_data_02_mir/recover-20220828/UBNA_012/20220826_070000.WAV,Carp Pond,recover-20220828,012,1795
283.8935,283.9082,23750.0,27486.0,Nyctalus leisleri,0.393,0.524,-1,Echolocation,/mnt/ubna_data_02_mir/recover-20220828/UBNA_012/20220826_070000.WAV,Carp Pond,recover-20220828,012,1795
283.9265,283.9398,23750.0,27739.0,Nyctalus leisleri,0.267,0.389,-1,Echolocation,/mnt/ubna_data_02_mir/recover-20220828/UBNA_012/20220826_070000.WAV,Carp Pond,recover-20220828,012,1795
284.1375,284.1538,23750.0,28159.0,Nyctalus leisleri,0.343,0.454,-1,Echolocation,/mnt/ubna_data_02_mir/recover-20220828/UBNA_012/20220826_070000.WAV,Carp Pond,recover-20220828,012,1795
284.4295,284.4461,22890.0,27729.0,Nyctalus leisleri,0.401,0.512,-1,Echolocation,/mnt/ubna_data_02_mir/recover-20220828/UBNA_012/20220826_070000.WAV,Carp Pond,recover-20220828,012,1795
284.5045,284.5229,23750.0,28617.0,Nyctalus leisleri,0.197,0.323,-1,Echolocation,/mnt/ubna_data_02_mir/recover-20220828/UBNA_012/20220826_070000.WAV,Carp Pond,recover-20220828,012,1795
284.6605,284.6731,23750.0,28892.0,Nyctalus leisleri,0.313,0.5,-1,Echolocation,/mnt/ubna_data_02_mir/recover-20220828/UBNA_012/20220826_070000.WAV,Carp Pond,recover-20220828,012,1795
284.7355,284.7536,22890.0,27033.0,Nyctalus leisleri,0.386,0.47,-1,Echolocation,/mnt/ubna_data_02_mir/recover-20220828/UBNA_012/20220826_070000.WAV,Carp Pond,recover-20220828,012,1795
285.1175,285.1343,23750.0,27567.0,Nyctalus leisleri,0.369,0.435,-1,Echolocation,/mnt/ubna_data_02_mir/recover-20220828/UBNA_012/20220826_070000.WAV,Carp Pond,recover-20220828,012,1795
285.1665,285.1876,22890.0,27924.0,Nyctalus leisleri,0.244,0.469,-1,Echolocation,/mnt/ubna_data_02_mir/recover-20220828/UBNA_012/20220826_070000.WAV,Carp Pond,recover-20220828,012,1795
285.4065,285.4255,23750.0,27564.0,Nyctalus leisleri,0.311,0.405,-1,Echolocation,/mnt/ubna_data_02_mir/recover-20220828/UBNA_012/20220826_070000.WAV,Carp Pond,recover-20220828,012,1795
285.4675,285.4891,22890.0,27632.0,Nyctalus leisleri,0.222,0.43,-1,Echolocation,/mnt/ubna_data_02_mir/recover-20220828/UBNA_012/20220826_070000.WAV,Carp Pond,recover-20220828,012,1795
285.7805,285.7993,23750.0,26754.0,Nyctalus leisleri,0.397,0.435,-1,Echolocation,/mnt/ubna_data_02_mir/recover-20220828/UBNA_012/20220826_070000.WAV,Carp Pond,recover-20220828,012,1795
286.08050000000003,286.1028,22890.0,28581.0,Nyctalus leisleri,0.175,0.387,-1,Echolocation,/mnt/ubna_data_02_mir/recover-20220828/UBNA_012/20220826_070000.WAV,Carp Pond,recover-20220828,012,1795
286.3605,286.3774,23750.0,27640.0,Nyctalus leisleri,0.491,0.571,-1,Echolocation,/mnt/ubna_data_02_mir/recover-20220828/UBNA_012/20220826_070000.WAV,Carp Pond,recover-20220828,012,1795
286.6675,286.6865,22890.0,26788.0,Nyctalus leisleri,0.577,0.62,-1,Echolocation,/mnt/ubna_data_02_mir/recover-20220828/UBNA_012/20220826_070000.WAV,Carp Pond,recover-20220828,012,1795
286.9705,286.9879,22890.0,27809.0,Nyctalus leisleri,0.46,0.524,-1,Echolocation,/mnt/ubna_data_02_mir/recover-20220828/UBNA_012/20220826_070000.WAV,Carp Pond,recover-20220828,012,1795
287.4125,287.4321,23750.0,28731.0,Nyctalus leisleri,0.248,0.426,-1,Echolocation,/mnt/ubna_data_02_mir/recover-20220828/UBNA_012/20220826_070000.WAV,Carp Pond,recover-20220828,012,1795
287.7125,287.7304,23750.0,27738.0,Nyctalus leisleri,0.496,0.567,-1,Echolocation,/mnt/ubna_data_02_mir/recover-20220828/UBNA_012/20220826_070000.WAV,Carp Pond,recover-20220828,012,1795
288.0645,288.0792,23750.0,28539.0,Nyctalus leisleri,0.141,0.29,-1,Echolocation,/mnt/ubna_data_02_mir/recover-20220828/UBNA_012/20220826_070000.WAV,Carp Pond,recover-20220828,012,1795
288.1465,288.1647,22890.0,30569.0,Eptesicus serotinus,0.215,0.541,-1,Echolocation,/mnt/ubna_data_02_mir/recover-20220828/UBNA_012/20220826_070000.WAV,Carp Pond,recover-20220828,012,1795
288.3145,288.3306,23750.0,31270.0,Nyctalus leisleri,0.269,0.591,-1,Echolocation,/mnt/ubna_data_02_mir/recover-20220828/UBNA_012/20220826_070000.WAV,Carp Pond,recover-20220828,012,1795
288.6015,288.6165,24609.0,32103.0,Nyctalus leisleri,0.238,0.53,-1,Echolocation,/mnt/ubna_data_02_mir/recover-20220828/UBNA_012/20220826_070000.WAV,Carp Pond,recover-20220828,012,1795
288.6065,288.6167,48671.0,54386.0,Pipistrellus pipistrellus,0.141,0.215,-1,Echolocation,/mnt/ubna_data_02_mir/recover-20220828/UBNA_012/20220826_070000.WAV,Carp Pond,recover-20220828,012,1795
288.9015,288.9177,22890.0,28802.0,Nyctalus leisleri,0.316,0.54,-1,Echolocation,/mnt/ubna_data_02_mir/recover-20220828/UBNA_012/20220826_070000.WAV,Carp Pond,recover-20220828,012,1795
289.2775,289.2976,23750.0,27655.0,Nyctalus leisleri,0.134,0.217,-1,Echolocation,/mnt/ubna_data_02_mir/recover-20220828/UBNA_012/20220826_070000.WAV,Carp Pond,recover-20220828,012,1795
289.3625,289.3767,22890.0,30371.0,Nyctalus leisleri,0.294,0.595,-1,Echolocation,/mnt/ubna_data_02_mir/recover-20220828/UBNA_012/20220826_070000.WAV,Carp Pond,recover-20220828,012,1795
289.5085,289.5221,24609.0,33860.0,Eptesicus serotinus,0.335,0.596,-1,Echolocation,/mnt/ubna_data_02_mir/recover-20220828/UBNA_012/20220826_070000.WAV,Carp Pond,recover-20220828,012,1795
289.5125,289.5247,48671.0,54159.0,Pipistrellus pipistrellus,0.17,0.246,-1,Echolocation,/mnt/ubna_data_02_mir/recover-20220828/UBNA_012/20220826_070000.WAV,Carp Pond,recover-20220828,012,1795
289.8005,289.8152,23750.0,33710.0,Eptesicus serotinus,0.425,0.61,-1,Echolocation,/mnt/ubna_data_02_mir/recover-20220828/UBNA_012/20220826_070000.WAV,Carp Pond,recover-20220828,012,1795
290.1065,290.1214,23750.0,34270.0,Eptesicus serotinus,0.416,0.632,-1,Echolocation,/mnt/ubna_data_02_mir/recover-20220828/UBNA_012/20220826_070000.WAV,Carp Pond,recover-20220828,012,1795
290.4075,290.4227,22890.0,29973.0,Nyctalus leisleri,0.354,0.619,-1,Echolocation,/mnt/ubna_data_02_mir/recover-20220828/UBNA_012/20220826_070000.WAV,Carp Pond,recover-20220828,012,1795
290.8465,290.8619,22890.0,31817.0,Eptesicus serotinus,0.318,0.633,-1,Echolocation,/mnt/ubna_data_02_mir/recover-20220828/UBNA_012/20220826_070000.WAV,Carp Pond,recover-20220828,012,1795
291.1555,291.1715,22890.0,28464.0,Nyctalus leisleri,0.337,0.599,-1,Echolocation,/mnt/ubna_data_02_mir/recover-20220828/UBNA_012/20220826_070000.WAV,Carp Pond,recover-20220828,012,1795
291.3105,291.326,23750.0,32017.0,Nyctalus leisleri,0.389,0.704,-1,Echolocation,/mnt/ubna_data_02_mir/recover-20220828/UBNA_012/20220826_070000.WAV,Carp Pond,recover-20220828,012,1795
291.4385,291.4523,24609.0,34630.0,Eptesicus serotinus,0.381,0.663,-1,Echolocation,/mnt/ubna_data_02_mir/recover-20220828/UBNA_012/20220826_070000.WAV,Carp Pond,recover-20220828,012,1795
291.5835,291.5978,24609.0,35706.0,Eptesicus serotinus,0.396,0.667,-1,Echolocation,/mnt/ubna_data_02_mir/recover-20220828/UBNA_012/20220826_070000.WAV,Carp Pond,recover-20220828,012,1795
291.7415,291.7547,24609.0,33696.0,Eptesicus serotinus,0.359,0.615,-1,Echolocation,/mnt/ubna_data_02_mir/recover-20220828/UBNA_012/20220826_070000.WAV,Carp Pond,recover-20220828,012,1795
292.0225,292.03679999999997,23750.0,32260.0,Eptesicus serotinus,0.332,0.622,-1,Echolocation,/mnt/ubna_data_02_mir/recover-20220828/UBNA_012/20220826_070000.WAV,Carp Pond,recover-20220828,012,1795
292.1685,292.1827,23750.0,33016.0,Eptesicus serotinus,0.378,0.645,-1,Echolocation,/mnt/ubna_data_02_mir/recover-20220828/UBNA_012/20220826_070000.WAV,Carp Pond,recover-20220828,012,1795
292.2915,292.3044,23750.0,34921.0,Eptesicus serotinus,0.474,0.699,-1,Echolocation,/mnt/ubna_data_02_mir/recover-20220828/UBNA_012/20220826_070000.WAV,Carp Pond,recover-20220828,012,1795
292.3885,292.3987,25468.0,34475.0,Nyctalus leisleri,0.296,0.683,-1,Echolocation,/mnt/ubna_data_02_mir/recover-20220828/UBNA_012/20220826_070000.WAV,Carp Pond,recover-20220828,012,1795
292.4845,292.494,25468.0,34018.0,Eptesicus serotinus,0.309,0.585,-1,Echolocation,/mnt/ubna_data_02_mir/recover-20220828/UBNA_012/20220826_070000.WAV,Carp Pond,recover-20220828,012,1795
292.5845,292.5932,26328.0,34178.0,Eptesicus serotinus,0.317,0.541,-1,Echolocation,/mnt/ubna_data_02_mir/recover-20220828/UBNA_012/20220826_070000.WAV,Carp Pond,recover-20220828,012,1795
292.6835,292.6914,25468.0,33907.0,Eptesicus serotinus,0.264,0.45,-1,Echolocation,/mnt/ubna_data_02_mir/recover-20220828/UBNA_012/20220826_070000.WAV,Carp Pond,recover-20220828,012,1795
293.6515,293.6636,23750.0,33033.0,Eptesicus serotinus,0.332,0.723,-1,Echolocation,/mnt/ubna_data_02_mir/recover-20220828/UBNA_012/20220826_070000.WAV,Carp Pond,recover-20220828,012,1795
293.6575,293.6691,47812.0,50797.0,Pipistrellus pipistrellus,0.216,0.294,-1,Echolocation,/mnt/ubna_data_02_mir/recover-20220828/UBNA_012/20220826_070000.WAV,Carp Pond,recover-20220828,012,1795
293.8925,293.9075,23750.0,31599.0,Nyctalus leisleri,0.364,0.678,-1,Echolocation,/mnt/ubna_data_02_mir/recover-20220828/UBNA_012/20220826_070000.WAV,Carp Pond,recover-20220828,012,1795
294.1145,294.1286,22890.0,33006.0,Eptesicus serotinus,0.381,0.682,-1,Echolocation,/mnt/ubna_data_02_mir/recover-20220828/UBNA_012/20220826_070000.WAV,Carp Pond,recover-20220828,012,1795
294.2995,294.3133,23750.0,33274.0,Eptesicus serotinus,0.347,0.698,-1,Echolocation,/mnt/ubna_data_02_mir/recover-20220828/UBNA_012/20220826_070000.WAV,Carp Pond,recover-20220828,012,1795
294.5735,294.5879,23750.0,33925.0,Eptesicus serotinus,0.405,0.63,-1,Echolocation,/mnt/ubna_data_02_mir/recover-20220828/UBNA_012/20220826_070000.WAV,Carp Pond,recover-20220828,012,1795
294.8585,294.8727,23750.0,32392.0,Eptesicus serotinus,0.31,0.646,-1,Echolocation,/mnt/ubna_data_02_mir/recover-20220828/UBNA_012/20220826_070000.WAV,Carp Pond,recover-20220828,012,1795
295.14549999999997,295.1637,22890.0,32058.0,Eptesicus serotinus,0.337,0.566,-1,Echolocation,/mnt/ubna_data_02_mir/recover-20220828/UBNA_012/20220826_070000.WAV,Carp Pond,recover-20220828,012,1795
295.4345,295.4492,23750.0,32225.0,Nyctalus leisleri,0.301,0.645,-1,Echolocation,/mnt/ubna_data_02_mir/recover-20220828/UBNA_012/20220826_070000.WAV,Carp Pond,recover-20220828,012,1795
295.7285,295.7429,22890.0,31180.0,Eptesicus serotinus,0.291,0.637,-1,Echolocation,/mnt/ubna_data_02_mir/recover-20220828/UBNA_012/20220826_070000.WAV,Carp Pond,recover-20220828,012,1795
295.8485,295.8631,24609.0,29427.0,Nyctalus leisleri,0.13,0.273,-1,Echolocation,/mnt/ubna_data_02_mir/recover-20220828/UBNA_012/20220826_070000.WAV,Carp Pond,recover-20220828,012,1795
295.8825,295.901,22890.0,33009.0,Eptesicus serotinus,0.397,0.57,-1,Echolocation,/mnt/ubna_data_02_mir/recover-20220828/UBNA_012/20220826_070000.WAV,Carp Pond,recover-20220828,012,1795
296.0155,296.0284,24609.0,31793.0,Eptesicus serotinus,0.261,0.566,-1,Echolocation,/mnt/ubna_data_02_mir/recover-20220828/UBNA_012/20220826_070000.WAV,Carp Pond,recover-20220828,012,1795
296.1355,296.1486,23750.0,33672.0,Eptesicus serotinus,0.395,0.703,-1,Echolocation,/mnt/ubna_data_02_mir/recover-20220828/UBNA_012/20220826_070000.WAV,Carp Pond,recover-20220828,012,1795
296.2715,296.2847,23750.0,33207.0,Eptesicus serotinus,0.417,0.656,-1,Echolocation,/mnt/ubna_data_02_mir/recover-20220828/UBNA_012/20220826_070000.WAV,Carp Pond,recover-20220828,012,1795
296.3915,296.4049,26328.0,31198.0,Nyctalus leisleri,0.276,0.5,-1,Echolocation,/mnt/ubna_data_02_mir/recover-20220828/UBNA_012/20220826_070000.WAV,Carp Pond,recover-20220828,012,1795
296.4235,296.4387,23750.0,33213.0,Eptesicus serotinus,0.402,0.618,-1,Echolocation,/mnt/ubna_data_02_mir/recover-20220828/UBNA_012/20220826_070000.WAV,Carp Pond,recover-20220828,012,1795
296.5735,296.5869,23750.0,33452.0,Eptesicus serotinus,0.445,0.644,-1,Echolocation,/mnt/ubna_data_02_mir/recover-20220828/UBNA_012/20220826_070000.WAV,Carp Pond,recover-20220828,012,1795
296.72950000000003,296.7425,24609.0,33540.0,Nyctalus leisleri,0.312,0.69,-1,Echolocation,/mnt/ubna_data_02_mir/recover-20220828/UBNA_012/20220826_070000.WAV,Carp Pond,recover-20220828,012,1795
296.8645,296.8739,25468.0,33790.0,Nyctalus leisleri,0.432,0.714,-1,Echolocation,/mnt/ubna_data_02_mir/recover-20220828/UBNA_012/20220826_070000.WAV,Carp Pond,recover-20220828,012,1795
296.9825,296.9907,25468.0,34600.0,Eptesicus serotinus,0.414,0.577,-1,Echolocation,/mnt/ubna_data_02_mir/recover-20220828/UBNA_012/20220826_070000.WAV,Carp Pond,recover-20220828,012,1795
297.0815,297.0898,25468.0,34865.0,Eptesicus serotinus,0.393,0.568,-1,Echolocation,/mnt/ubna_data_02_mir/recover-20220828/UBNA_012/20220826_070000.WAV,Carp Pond,recover-20220828,012,1795
297.1605,297.1686,25468.0,38041.0,Eptesicus serotinus,0.43,0.548,-1,Echolocation,/mnt/ubna_data_02_mir/recover-20220828/UBNA_012/20220826_070000.WAV,Carp Pond,recover-20220828,012,1795
297.22950000000003,297.2379,22890.0,32124.0,Eptesicus serotinus,0.086,0.249,-1,Echolocation,/mnt/ubna_data_02_mir/recover-20220828/UBNA_012/20220826_070000.WAV,Carp Pond,recover-20220828,012,1795
297.60450000000003,297.6183,25468.0,29923.0,Nyctalus leisleri,0.298,0.546,-1,Echolocation,/mnt/ubna_data_02_mir/recover-20220828/UBNA_012/20220826_070000.WAV,Carp Pond,recover-20220828,012,1795
297.8915,297.9045,22890.0,32458.0,Eptesicus serotinus,0.368,0.669,-1,Echolocation,/mnt/ubna_data_02_mir/recover-20220828/UBNA_012/20220826_070000.WAV,Carp Pond,recover-20220828,012,1795
298.0655,298.0791,22890.0,31693.0,Eptesicus serotinus,0.338,0.653,-1,Echolocation,/mnt/ubna_data_02_mir/recover-20220828/UBNA_012/20220826_070000.WAV,Carp Pond,recover-20220828,012,1795
298.1465,298.1611,25468.0,29449.0,Nyctalus leisleri,0.346,0.544,-1,Echolocation,/mnt/ubna_data_02_mir/recover-20220828/UBNA_012/20220826_070000.WAV,Carp Pond,recover-20220828,012,1795
298.3535,298.3701,22890.0,35967.0,Eptesicus serotinus,0.451,0.653,-1,Echolocation,/mnt/ubna_data_02_mir/recover-20220828/UBNA_012/20220826_070000.WAV,Carp Pond,recover-20220828,012,1795
298.6475,298.661,22890.0,31317.0,Eptesicus serotinus,0.333,0.631,-1,Echolocation,/mnt/ubna_data_02_mir/recover-20220828/UBNA_012/20220826_070000.WAV,Carp Pond,recover-20220828,012,1795
298.7815,298.7979,26328.0,30305.0,Nyctalus leisleri,0.312,0.494,-1,Echolocation,/mnt/ubna_data_02_mir/recover-20220828/UBNA_012/20220826_070000.WAV,Carp Pond,recover-20220828,012,1795
298.9565,298.9717,22890.0,33270.0,Eptesicus serotinus,0.406,0.653,-1,Echolocation,/mnt/ubna_data_02_mir/recover-20220828/UBNA_012/20220826_070000.WAV,Carp Pond,recover-20220828,012,1795
299.1355,299.1503,22890.0,31067.0,Eptesicus serotinus,0.284,0.643,-1,Echolocation,/mnt/ubna_data_02_mir/recover-20220828/UBNA_012/20220826_070000.WAV,Carp Pond,recover-20220828,012,1795
299.41949999999997,299.43240000000003,22890.0,31135.0,Eptesicus serotinus,0.304,0.665,-1,Echolocation,/mnt/ubna_data_02_mir/recover-20220828/UBNA_012/20220826_070000.WAV,Carp Pond,recover-20220828,012,1795
299.4265,299.4353,46953.0,50303.0,Pipistrellus pipistrellus,0.273,0.358,-1,Echolocation,/mnt/ubna_data_02_mir/recover-20220828/UBNA_012/20220826_070000.WAV,Carp Pond,recover-20220828,012,1795
299.4565,299.4733,25468.0,29508.0,Nyctalus leisleri,0.273,0.459,-1,Echolocation,/mnt/ubna_data_02_mir/recover-20220828/UBNA_012/20220826_070000.WAV,Carp Pond,recover-20220828,012,1795
299.7215,299.7367,22890.0,33759.0,Eptesicus serotinus,0.433,0.652,-1,Echolocation,/mnt/ubna_data_02_mir/recover-20220828/UBNA_012/20220826_070000.WAV,Carp Pond,recover-20220828,012,1795
299.8645,299.8796,25468.0,29405.0,Nyctalus leisleri,0.353,0.548,-1,Echolocation,/mnt/ubna_data_02_mir/recover-20220828/UBNA_012/20220826_070000.WAV,Carp Pond,recover-20220828,012,1795
300.0245,300.0359,23750.0,31460.0,Eptesicus serotinus,0.289,0.665,-1,Echolocation,/mnt/ubna_data_02_mir/recover-20220828/UBNA_012/20220826_070000.WAV,Carp Pond,recover-20220828,012,1795
300.0295,300.0379,47812.0,51548.0,Pipistrellus pipistrellus,0.247,0.335,-1,Echolocation,/mnt/ubna_data_02_mir/recover-20220828/UBNA_012/20220826_070000.WAV,Carp Pond,recover-20220828,012,1795
300.3245,300.3368,23750.0,33579.0,Eptesicus serotinus,0.375,0.703,-1,Echolocation,/mnt/ubna_data_02_mir/recover-20220828/UBNA_012/20220826_070000.WAV,Carp Pond,recover-20220828,012,1795
300.6285,300.6419,23750.0,29700.0,Nyctalus leisleri,0.425,0.643,-1,Echolocation,/mnt/ubna_data_02_mir/recover-20220828/UBNA_012/20220826_070000.WAV,Carp Pond,recover-20220828,012,1795
300.9155,300.9276,23750.0,32712.0,Eptesicus serotinus,0.338,0.684,-1,Echolocation,/mnt/ubna_data_02_mir/recover-20220828/UBNA_012/20220826_070000.WAV,Carp Pond,recover-20220828,012,1795
301.2045,301.2174,23750.0,30936.0,Nyctalus leisleri,0.275,0.634,-1,Echolocation,/mnt/ubna_data_02_mir/recover-20220828/UBNA_012/20220826_070000.WAV,Carp Pond,recover-20220828,012,1795
301.6385,301.6523,23750.0,31515.0,Nyctalus leisleri,0.337,0.665,-1,Echolocation,/mnt/ubna_data_02_mir/recover-20220828/UBNA_012/20220826_070000.WAV,Carp Pond,recover-20220828,012,1795
301.9245,301.9379,23750.0,31243.0,Nyctalus leisleri,0.288,0.643,-1,Echolocation,/mnt/ubna_data_02_mir/recover-20220828/UBNA_012/20220826_070000.WAV,Carp Pond,recover-20220828,012,1795
302.0885,302.1026,23750.0,32374.0,Eptesicus serotinus,0.324,0.616,-1,Echolocation,/mnt/ubna_data_02_mir/recover-20220828/UBNA_012/20220826_070000.WAV,Carp Pond,recover-20220828,012,1795
302.3865,302.3983,24609.0,32792.0,Nyctalus leisleri,0.321,0.662,-1,Echolocation,/mnt/ubna_data_02_mir/recover-20220828/UBNA_012/20220826_070000.WAV,Carp Pond,recover-20220828,012,1795
302.6825,302.6947,22890.0,29038.0,Nyctalus leisleri,0.28,0.587,-1,Echolocation,/mnt/ubna_data_02_mir/recover-20220828/UBNA_012/20220826_070000.WAV,Carp Pond,recover-20220828,012,1795
302.7685,302.7808,25468.0,30609.0,Nyctalus leisleri,0.119,0.229,-1,Echolocation,/mnt/ubna_data_02_mir/recover-20220828/UBNA_012/20220826_070000.WAV,Carp Pond,recover-20220828,012,1795
303.0065,303.0195,26328.0,32375.0,Nyctalus leisleri,0.285,0.65,-1,Echolocation,/mnt/ubna_data_02_mir/recover-20220828/UBNA_012/20220826_070000.WAV,Carp Pond,recover-20220828,012,1795
303.4165,303.4281,25468.0,31304.0,Nyctalus leisleri,0.332,0.609,-1,Echolocation,/mnt/ubna_data_02_mir/recover-20220828/UBNA_012/20220826_070000.WAV,Carp Pond,recover-20220828,012,1795
303.8195,303.8341,23750.0,28491.0,Nyctalus leisleri,0.152,0.298,-1,Echolocation,/mnt/ubna_data_02_mir/recover-20220828/UBNA_012/20220826_070000.WAV,Carp Pond,recover-20220828,012,1795
303.9545,303.9652,25468.0,31143.0,Nyctalus leisleri,0.273,0.413,-1,Echolocation,/mnt/ubna_data_02_mir/recover-20220828/UBNA_012/20220826_070000.WAV,Carp Pond,recover-20220828,012,1795
304.0015,304.017,23750.0,28214.0,Nyctalus leisleri,0.13,0.207,-1,Echolocation,/mnt/ubna_data_02_mir/recover-20220828/UBNA_012/20220826_070000.WAV,Carp Pond,recover-20220828,012,1795
304.1185,304.1323,25468.0,30291.0,Nyctalus leisleri,0.261,0.439,-1,Echolocation,/mnt/ubna_data_02_mir/recover-20220828/UBNA_012/20220826_070000.WAV,Carp Pond,recover-20220828,012,1795
304.2555,304.2701,22890.0,28801.0,Nyctalus leisleri,0.207,0.467,-1,Echolocation,/mnt/ubna_data_02_mir/recover-20220828/UBNA_012/20220826_070000.WAV,Carp Pond,recover-20220828,012,1795
304.3875,304.4017,25468.0,30992.0,Nyctalus leisleri,0.284,0.566,-1,Echolocation,/mnt/ubna_data_02_mir/recover-20220828/UBNA_012/20220826_070000.WAV,Carp Pond,recover-20220828,012,1795
304.8265,304.8447,25468.0,30244.0,Nyctalus leisleri,0.299,0.461,-1,Echolocation,/mnt/ubna_data_02_mir/recover-20220828/UBNA_012/20220826_070000.WAV,Carp Pond,recover-20220828,012,1795
305.3625,305.3746,23750.0,28364.0,Nyctalus leisleri,0.159,0.311,-1,Echolocation,/mnt/ubna_data_02_mir/recover-20220828/UBNA_012/20220826_070000.WAV,Carp Pond,recover-20220828,012,1795
305.3845,305.3963,25468.0,30996.0,Nyctalus leisleri,0.254,0.494,-1,Echolocation,/mnt/ubna_data_02_mir/recover-20220828/UBNA_012/20220826_070000.WAV,Carp Pond,recover-20220828,012,1795
306.2595,306.2716,22890.0,28869.0,Eptesicus serotinus,0.098,0.308,-1,Echolocation,/mnt/ubna_data_02_mir/recover-20220828/UBNA_012/20220826_070000.WAV,Carp Pond,recover-20220828,012,1795
307.3615,307.3719,26328.0,33145.0,Eptesicus serotinus,0.263,0.468,-1,Echolocation,/mnt/ubna_data_02_mir/recover-20220828/UBNA_012/20220826_070000.WAV,Carp Pond,recover-20220828,012,1795
307.5145,307.5242,25468.0,32229.0,Eptesicus serotinus,0.312,0.556,-1,Echolocation,/mnt/ubna_data_02_mir/recover-20220828/UBNA_012/20220826_070000.WAV,Carp Pond,recover-20220828,012,1795
307.6685,307.6799,26328.0,32890.0,Eptesicus serotinus,0.267,0.502,-1,Echolocation,/mnt/ubna_data_02_mir/recover-20220828/UBNA_012/20220826_070000.WAV,Carp Pond,recover-20220828,012,1795
307.9305,307.9437,25468.0,30651.0,Nyctalus leisleri,0.354,0.581,-1,Echolocation,/mnt/ubna_data_02_mir/recover-20220828/UBNA_012/20220826_070000.WAV,Carp Pond,recover-20220828,012,1795
308.2865,308.3001,24609.0,32956.0,Eptesicus serotinus,0.415,0.591,-1,Echolocation,/mnt/ubna_data_02_mir/recover-20220828/UBNA_012/20220826_070000.WAV,Carp Pond,recover-20220828,012,1795
308.2925,308.3024,50390.0,55219.0,Pipistrellus pipistrellus,0.201,0.314,-1,Echolocation,/mnt/ubna_data_02_mir/recover-20220828/UBNA_012/20220826_070000.WAV,Carp Pond,recover-20220828,012,1795
308.5545,308.5674,25468.0,30687.0,Nyctalus leisleri,0.357,0.613,-1,Echolocation,/mnt/ubna_data_02_mir/recover-20220828/UBNA_012/20220826_070000.WAV,Carp Pond,recover-20220828,012,1795
308.8165,308.8292,25468.0,30874.0,Nyctalus leisleri,0.281,0.529,-1,Echolocation,/mnt/ubna_data_02_mir/recover-20220828/UBNA_012/20220826_070000.WAV,Carp Pond,recover-20220828,012,1795
309.0845,309.0968,25468.0,29427.0,Nyctalus leisleri,0.48,0.622,-1,Echolocation,/mnt/ubna_data_02_mir/recover-20220828/UBNA_012/20220826_070000.WAV,Carp Pond,recover-20220828,012,1795
309.3585,309.3728,25468.0,31613.0,Nyctalus leisleri,0.304,0.567,-1,Echolocation,/mnt/ubna_data_02_mir/recover-20220828/UBNA_012/20220826_070000.WAV,Carp Pond,recover-20220828,012,1795
309.6425,309.6574,24609.0,29391.0,Nyctalus leisleri,0.251,0.462,-1,Echolocation,/mnt/ubna_data_02_mir/recover-20220828/UBNA_012/20220826_070000.WAV,Carp Pond,recover-20220828,012,1795
310.0305,310.0431,25468.0,30693.0,Nyctalus leisleri,0.319,0.508,-1,Echolocation,/mnt/ubna_data_02_mir/recover-20220828/UBNA_012/20220826_070000.WAV,Carp Pond,recover-20220828,012,1795
310.3005,310.3164,24609.0,29098.0,Nyctalus leisleri,0.224,0.391,-1,Echolocation,/mnt/ubna_data_02_mir/recover-20220828/UBNA_012/20220826_070000.WAV,Carp Pond,recover-20220828,012,1795
310.5655,310.5798,24609.0,30691.0,Eptesicus serotinus,0.283,0.526,-1,Echolocation,/mnt/ubna_data_02_mir/recover-20220828/UBNA_012/20220826_070000.WAV,Carp Pond,recover-20220828,012,1795
310.8325,310.8471,24609.0,29920.0,Nyctalus leisleri,0.309,0.534,-1,Echolocation,/mnt/ubna_data_02_mir/recover-20220828/UBNA_012/20220826_070000.WAV,Carp Pond,recover-20220828,012,1795
311.1045,311.1167,25468.0,30308.0,Nyctalus leisleri,0.406,0.554,-1,Echolocation,/mnt/ubna_data_02_mir/recover-20220828/UBNA_012/20220826_070000.WAV,Carp Pond,recover-20220828,012,1795
311.4975,311.5097,25468.0,29206.0,Nyctalus leisleri,0.387,0.546,-1,Echolocation,/mnt/ubna_data_02_mir/recover-20220828/UBNA_012/20220826_070000.WAV,Carp Pond,recover-20220828,012,1795
311.7645,311.7805,26328.0,29363.0,Nyctalus leisleri,0.326,0.457,-1,Echolocation,/mnt/ubna_data_02_mir/recover-20220828/UBNA_012/20220826_070000.WAV,Carp Pond,recover-20220828,012,1795
312.4125,312.4274,26328.0,30360.0,Nyctalus leisleri,0.204,0.439,-1,Echolocation,/mnt/ubna_data_02_mir/recover-20220828/UBNA_012/20220826_070000.WAV,Carp Pond,recover-20220828,012,1795
312.8035,312.8176,25468.0,29547.0,Nyctalus leisleri,0.306,0.43,-1,Echolocation,/mnt/ubna_data_02_mir/recover-20220828/UBNA_012/20220826_070000.WAV,Carp Pond,recover-20220828,012,1795
313.0655,313.0831,25468.0,30881.0,Nyctalus leisleri,0.192,0.468,-1,Echolocation,/mnt/ubna_data_02_mir/recover-20220828/UBNA_012/20220826_070000.WAV,Carp Pond,recover-20220828,012,1795
313.7185,313.7327,25468.0,30078.0,Nyctalus leisleri,0.321,0.518,-1,Echolocation,/mnt/ubna_data_02_mir/recover-20220828/UBNA_012/20220826_070000.WAV,Carp Pond,recover-20220828,012,1795
314.2575,314.2747,25468.0,29234.0,Nyctalus leisleri,0.126,0.242,-1,Echolocation,/mnt/ubna_data_02_mir/recover-20220828/UBNA_012/20220826_070000.WAV,Carp Pond,recover-20220828,012,1795
314.4175,314.4323,25468.0,31035.0,Eptesicus serotinus,0.179,0.353,-1,Echolocation,/mnt/ubna_data_02_mir/recover-20220828/UBNA_012/20220826_070000.WAV,Carp Pond,recover-20220828,012,1795
314.8215,314.8355,24609.0,28846.0,Eptesicus serotinus,0.092,0.213,-1,Echolocation,/mnt/ubna_data_02_mir/recover-20220828/UBNA_012/20220826_070000.WAV,Carp Pond,recover-20220828,012,1795
315.0735,315.0863,26328.0,31979.0,Eptesicus serotinus,0.195,0.393,-1,Echolocation,/mnt/ubna_data_02_mir/recover-20220828/UBNA_012/20220826_070000.WAV,Carp Pond,recover-20220828,012,1795
315.6115,315.6235,25468.0,29839.0,Nyctalus leisleri,0.163,0.369,-1,Echolocation,/mnt/ubna_data_02_mir/recover-20220828/UBNA_012/20220826_070000.WAV,Carp Pond,recover-20220828,012,1795
316.2535,316.2665,25468.0,30087.0,Nyctalus leisleri,0.284,0.492,-1,Echolocation,/mnt/ubna_data_02_mir/recover-20220828/UBNA_012/20220826_070000.WAV,Carp Pond,recover-20220828,012,1795
321.6865,321.7009,25468.0,30468.0,Eptesicus serotinus,0.125,0.227,-1,Echolocation,/mnt/ubna_data_02_mir/recover-20220828/UBNA_012/20220826_070000.WAV,Carp Pond,recover-20220828,012,1795
321.9385,321.9527,23750.0,28990.0,Nyctalus leisleri,0.277,0.483,-1,Echolocation,/mnt/ubna_data_02_mir/recover-20220828/UBNA_012/20220826_070000.WAV,Carp Pond,recover-20220828,012,1795
322.2215,322.2376,26328.0,30385.0,Nyctalus leisleri,0.187,0.315,-1,Echolocation,/mnt/ubna_data_02_mir/recover-20220828/UBNA_012/20220826_070000.WAV,Carp Pond,recover-20220828,012,1795
322.6935,322.7081,23750.0,28158.0,Nyctalus leisleri,0.132,0.265,-1,Echolocation,/mnt/ubna_data_02_mir/recover-20220828/UBNA_012/20220826_070000.WAV,Carp Pond,recover-20220828,012,1795
323.0005,323.0154,26328.0,31393.0,Nyctalus leisleri,0.239,0.428,-1,Echolocation,/mnt/ubna_data_02_mir/recover-20220828/UBNA_012/20220826_070000.WAV,Carp Pond,recover-20220828,012,1795
323.1575,323.1727,24609.0,28913.0,Nyctalus leisleri,0.18,0.323,-1,Echolocation,/mnt/ubna_data_02_mir/recover-20220828/UBNA_012/20220826_070000.WAV,Carp Pond,recover-20220828,012,1795
323.2645,323.2762,25468.0,32060.0,Nyctalus leisleri,0.272,0.521,-1,Echolocation,/mnt/ubna_data_02_mir/recover-20220828/UBNA_012/20220826_070000.WAV,Carp Pond,recover-20220828,012,1795
323.5245,323.5378,26328.0,30692.0,Nyctalus leisleri,0.368,0.533,-1,Echolocation,/mnt/ubna_data_02_mir/recover-20220828/UBNA_012/20220826_070000.WAV,Carp Pond,recover-20220828,012,1795
323.5635,323.5781,23750.0,28568.0,Nyctalus leisleri,0.14,0.302,-1,Echolocation,/mnt/ubna_data_02_mir/recover-20220828/UBNA_012/20220826_070000.WAV,Carp Pond,recover-20220828,012,1795
323.7755,323.7886,26328.0,32498.0,Eptesicus serotinus,0.264,0.534,-1,Echolocation,/mnt/ubna_data_02_mir/recover-20220828/UBNA_012/20220826_070000.WAV,Carp Pond,recover-20220828,012,1795
324.0415,324.0558,26328.0,31190.0,Nyctalus leisleri,0.276,0.467,-1,Echolocation,/mnt/ubna_data_02_mir/recover-20220828/UBNA_012/20220826_070000.WAV,Carp Pond,recover-20220828,012,1795
324.1305,324.1416,24609.0,29370.0,Nyctalus leisleri,0.323,0.487,-1,Echolocation,/mnt/ubna_data_02_mir/recover-20220828/UBNA_012/20220826_070000.WAV,Carp Pond,recover-20220828,012,1795
324.2755,324.2925,25468.0,28859.0,Nyctalus leisleri,0.139,0.231,-1,Echolocation,/mnt/ubna_data_02_mir/recover-20220828/UBNA_012/20220826_070000.WAV,Carp Pond,recover-20220828,012,1795
324.4105,324.4242,26328.0,32014.0,Nyctalus leisleri,0.245,0.534,-1,Echolocation,/mnt/ubna_data_02_mir/recover-20220828/UBNA_012/20220826_070000.WAV,Carp Pond,recover-20220828,012,1795
324.6785,324.6916,25468.0,31708.0,Nyctalus leisleri,0.232,0.513,-1,Echolocation,/mnt/ubna_data_02_mir/recover-20220828/UBNA_012/20220826_070000.WAV,Carp Pond,recover-20220828,012,1795
324.7315,324.7466,24609.0,29185.0,Nyctalus leisleri,0.295,0.453,-1,Echolocation,/mnt/ubna_data_02_mir/recover-20220828/UBNA_012/20220826_070000.WAV,Carp Pond,recover-20220828,012,1795
324.8245,324.8373,26328.0,34172.0,Eptesicus serotinus,0.363,0.604,-1,Echolocation,/mnt/ubna_data_02_mir/recover-20220828/UBNA_012/20220826_070000.WAV,Carp Pond,recover-20220828,012,1795
325.0435,325.06,25468.0,29131.0,Nyctalus leisleri,0.346,0.464,-1,Echolocation,/mnt/ubna_data_02_mir/recover-20220828/UBNA_012/20220826_070000.WAV,Carp Pond,recover-20220828,012,1795
325.0795,325.0931,25468.0,31963.0,Eptesicus serotinus,0.262,0.483,-1,Echolocation,/mnt/ubna_data_02_mir/recover-20220828/UBNA_012/20220826_070000.WAV,Carp Pond,recover-20220828,012,1795
325.3325,325.347,25468.0,33403.0,Eptesicus serotinus,0.283,0.547,-1,Echolocation,/mnt/ubna_data_02_mir/recover-20220828/UBNA_012/20220826_070000.WAV,Carp Pond,recover-20220828,012,1795
325.4845,325.498,26328.0,35724.0,Eptesicus serotinus,0.392,0.634,-1,Echolocation,/mnt/ubna_data_02_mir/recover-20220828/UBNA_012/20220826_070000.WAV,Carp Pond,recover-20220828,012,1795
325.7345,325.7506,27187.0,32639.0,Nyctalus leisleri,0.264,0.546,-1,Echolocation,/mnt/ubna_data_02_mir/recover-20220828/UBNA_012/20220826_070000.WAV,Carp Pond,recover-20220828,012,1795
325.7865,325.80740000000003,24609.0,28340.0,Nyctalus leisleri,0.203,0.297,-1,Echolocation,/mnt/ubna_data_02_mir/recover-20220828/UBNA_012/20220826_070000.WAV,Carp Pond,recover-20220828,012,1795
325.8825,325.899,27187.0,32904.0,Eptesicus serotinus,0.18,0.452,-1,Echolocation,/mnt/ubna_data_02_mir/recover-20220828/UBNA_012/20220826_070000.WAV,Carp Pond,recover-20220828,012,1795
326.2605,326.2747,26328.0,34266.0,Eptesicus serotinus,0.376,0.582,-1,Echolocation,/mnt/ubna_data_02_mir/recover-20220828/UBNA_012/20220826_070000.WAV,Carp Pond,recover-20220828,012,1795
326.3425,326.3581,24609.0,29323.0,Nyctalus leisleri,0.282,0.486,-1,Echolocation,/mnt/ubna_data_02_mir/recover-20220828/UBNA_012/20220826_070000.WAV,Carp Pond,recover-20220828,012,1795
326.4165,326.4312,25468.0,30756.0,Nyctalus leisleri,0.167,0.319,-1,Echolocation,/mnt/ubna_data_02_mir/recover-20220828/UBNA_012/20220826_070000.WAV,Carp Pond,recover-20220828,012,1795
326.5025,326.514,24609.0,30144.0,Nyctalus leisleri,0.447,0.636,-1,Echolocation,/mnt/ubna_data_02_mir/recover-20220828/UBNA_012/20220826_070000.WAV,Carp Pond,recover-20220828,012,1795
326.6665,326.6801,25468.0,33987.0,Eptesicus serotinus,0.311,0.621,-1,Echolocation,/mnt/ubna_data_02_mir/recover-20220828/UBNA_012/20220826_070000.WAV,Carp Pond,recover-20220828,012,1795
326.8255,326.8401,24609.0,29687.0,Nyctalus leisleri,0.115,0.228,-1,Echolocation,/mnt/ubna_data_02_mir/recover-20220828/UBNA_012/20220826_070000.WAV,Carp Pond,recover-20220828,012,1795
326.9325,326.9463,26328.0,33100.0,Nyctalus leisleri,0.267,0.543,-1,Echolocation,/mnt/ubna_data_02_mir/recover-20220828/UBNA_012/20220826_070000.WAV,Carp Pond,recover-20220828,012,1795
327.1955,327.2136,25468.0,30105.0,Nyctalus leisleri,0.191,0.34,-1,Echolocation,/mnt/ubna_data_02_mir/recover-20220828/UBNA_012/20220826_070000.WAV,Carp Pond,recover-20220828,012,1795
327.3375,327.3548,25468.0,29635.0,Nyctalus leisleri,0.132,0.211,-1,Echolocation,/mnt/ubna_data_02_mir/recover-20220828/UBNA_012/20220826_070000.WAV,Carp Pond,recover-20220828,012,1795
327.4565,327.4711,25468.0,33545.0,Eptesicus serotinus,0.271,0.546,-1,Echolocation,/mnt/ubna_data_02_mir/recover-20220828/UBNA_012/20220826_070000.WAV,Carp Pond,recover-20220828,012,1795
327.7315,327.7461,25468.0,32586.0,Eptesicus serotinus,0.234,0.524,-1,Echolocation,/mnt/ubna_data_02_mir/recover-20220828/UBNA_012/20220826_070000.WAV,Carp Pond,recover-20220828,012,1795
327.9905,328.00260000000003,26328.0,32770.0,Nyctalus leisleri,0.329,0.584,-1,Echolocation,/mnt/ubna_data_02_mir/recover-20220828/UBNA_012/20220826_070000.WAV,Carp Pond,recover-20220828,012,1795
328.0015,328.0119,24609.0,29119.0,Nyctalus leisleri,0.276,0.329,-1,Echolocation,/mnt/ubna_data_02_mir/recover-20220828/UBNA_012/20220826_070000.WAV,Carp Pond,recover-20220828,012,1795
328.2565,328.2703,25468.0,29024.0,Nyctalus leisleri,0.289,0.439,-1,Echolocation,/mnt/ubna_data_02_mir/recover-20220828/UBNA_012/20220826_070000.WAV,Carp Pond,recover-20220828,012,1795
328.2605,328.2686,50390.0,54308.0,Pipistrellus pygmaeus,0.13,0.214,-1,Echolocation,/mnt/ubna_data_02_mir/recover-20220828/UBNA_012/20220826_070000.WAV,Carp Pond,recover-20220828,012,1795
328.3985,328.4119,24609.0,29527.0,Nyctalus leisleri,0.487,0.631,-1,Echolocation,/mnt/ubna_data_02_mir/recover-20220828/UBNA_012/20220826_070000.WAV,Carp Pond,recover-20220828,012,1795
328.5405,328.5566,24609.0,29229.0,Nyctalus leisleri,0.239,0.505,-1,Echolocation,/mnt/ubna_data_02_mir/recover-20220828/UBNA_012/20220826_070000.WAV,Carp Pond,recover-20220828,012,1795
328.6945,328.7108,23750.0,29016.0,Nyctalus leisleri,0.397,0.584,-1,Echolocation,/mnt/ubna_data_02_mir/recover-20220828/UBNA_012/20220826_070000.WAV,Carp Pond,recover-20220828,012,1795
328.9315,328.9474,24609.0,29931.0,Nyctalus leisleri,0.29,0.523,-1,Echolocation,/mnt/ubna_data_02_mir/recover-20220828/UBNA_012/20220826_070000.WAV,Carp Pond,recover-20220828,012,1795
329.0895,329.10360000000003,25468.0,31969.0,Nyctalus leisleri,0.368,0.634,-1,Echolocation,/mnt/ubna_data_02_mir/recover-20220828/UBNA_012/20220826_070000.WAV,Carp Pond,recover-20220828,012,1795
329.1615,329.169,25468.0,41227.0,Plecotus austriacus,0.085,0.256,-1,Echolocation,/mnt/ubna_data_02_mir/recover-20220828/UBNA_012/20220826_070000.WAV,Carp Pond,recover-20220828,012,1795
329.3485,329.3623,25468.0,29606.0,Nyctalus leisleri,0.265,0.483,-1,Echolocation,/mnt/ubna_data_02_mir/recover-20220828/UBNA_012/20220826_070000.WAV,Carp Pond,recover-20220828,012,1795
329.6235,329.6385,25468.0,30235.0,Nyctalus leisleri,0.305,0.584,-1,Echolocation,/mnt/ubna_data_02_mir/recover-20220828/UBNA_012/20220826_070000.WAV,Carp Pond,recover-20220828,012,1795
329.6275,329.6396,50390.0,54620.0,Pipistrellus pygmaeus,0.188,0.253,-1,Echolocation,/mnt/ubna_data_02_mir/recover-20220828/UBNA_012/20220826_070000.WAV,Carp Pond,recover-20220828,012,1795
329.7855,329.7991,25468.0,32207.0,Nyctalus leisleri,0.313,0.625,-1,Echolocation,/mnt/ubna_data_02_mir/recover-20220828/UBNA_012/20220826_070000.WAV,Carp Pond,recover-20220828,012,1795
330.0095,330.0275,24609.0,27827.0,Nyctalus leisleri,0.272,0.381,-1,Echolocation,/mnt/ubna_data_02_mir/recover-20220828/UBNA_012/20220826_070000.WAV,Carp Pond,recover-20220828,012,1795
330.0505,330.064,24609.0,29610.0,Nyctalus leisleri,0.334,0.552,-1,Echolocation,/mnt/ubna_data_02_mir/recover-20220828/UBNA_012/20220826_070000.WAV,Carp Pond,recover-20220828,012,1795
330.1625,330.1793,24609.0,27980.0,Nyctalus leisleri,0.468,0.578,-1,Echolocation,/mnt/ubna_data_02_mir/recover-20220828/UBNA_012/20220826_070000.WAV,Carp Pond,recover-20220828,012,1795
330.3265,330.3413,24609.0,30455.0,Nyctalus leisleri,0.256,0.581,-1,Echolocation,/mnt/ubna_data_02_mir/recover-20220828/UBNA_012/20220826_070000.WAV,Carp Pond,recover-20220828,012,1795
330.4385,330.4534,24609.0,28590.0,Nyctalus leisleri,0.484,0.59,-1,Echolocation,/mnt/ubna_data_02_mir/recover-20220828/UBNA_012/20220826_070000.WAV,Carp Pond,recover-20220828,012,1795
330.6085,330.6226,24609.0,28563.0,Nyctalus leisleri,0.491,0.553,-1,Echolocation,/mnt/ubna_data_02_mir/recover-20220828/UBNA_012/20220826_070000.WAV,Carp Pond,recover-20220828,012,1795
330.8875,330.9019,24609.0,28590.0,Nyctalus leisleri,0.48,0.573,-1,Echolocation,/mnt/ubna_data_02_mir/recover-20220828/UBNA_012/20220826_070000.WAV,Carp Pond,recover-20220828,012,1795
331.1575,331.1754,24609.0,28305.0,Nyctalus leisleri,0.161,0.247,-1,Echolocation,/mnt/ubna_data_02_mir/recover-20220828/UBNA_012/20220826_070000.WAV,Carp Pond,recover-20220828,012,1795
331.3245,331.3445,23750.0,28429.0,Nyctalus leisleri,0.32,0.436,-1,Echolocation,/mnt/ubna_data_02_mir/recover-20220828/UBNA_012/20220826_070000.WAV,Carp Pond,recover-20220828,012,1795
331.5525,331.5694,25468.0,30249.0,Nyctalus leisleri,0.283,0.484,-1,Echolocation,/mnt/ubna_data_02_mir/recover-20220828/UBNA_012/20220826_070000.WAV,Carp Pond,recover-20220828,012,1795
332.0355,332.054,23750.0,27473.0,Nyctalus leisleri,0.421,0.525,-1,Echolocation,/mnt/ubna_data_02_mir/recover-20220828/UBNA_012/20220826_070000.WAV,Carp Pond,recover-20220828,012,1795
332.1925,332.2106,23750.0,28240.0,Nyctalus leisleri,0.305,0.437,-1,Echolocation,/mnt/ubna_data_02_mir/recover-20220828/UBNA_012/20220826_070000.WAV,Carp Pond,recover-20220828,012,1795
332.2355,332.252,24609.0,28849.0,Nyctalus leisleri,0.313,0.495,-1,Echolocation,/mnt/ubna_data_02_mir/recover-20220828/UBNA_012/20220826_070000.WAV,Carp Pond,recover-20220828,012,1795
332.3925,332.4116,25468.0,29483.0,Nyctalus leisleri,0.227,0.354,-1,Echolocation,/mnt/ubna_data_02_mir/recover-20220828/UBNA_012/20220826_070000.WAV,Carp Pond,recover-20220828,012,1795
332.5555,332.5758,24609.0,29433.0,Nyctalus leisleri,0.199,0.362,-1,Echolocation,/mnt/ubna_data_02_mir/recover-20220828/UBNA_012/20220826_070000.WAV,Carp Pond,recover-20220828,012,1795
332.6245,332.6459,24609.0,28611.0,Nyctalus leisleri,0.128,0.205,-1,Echolocation,/mnt/ubna_data_02_mir/recover-20220828/UBNA_012/20220826_070000.WAV,Carp Pond,recover-20220828,012,1795
332.8375,332.8522,24609.0,28691.0,Nyctalus leisleri,0.114,0.209,-1,Echolocation,/mnt/ubna_data_02_mir/recover-20220828/UBNA_012/20220826_070000.WAV,Carp Pond,recover-20220828,012,1795
332.9135,332.939,23750.0,27894.0,Nyctalus leisleri,0.107,0.2,-1,Echolocation,/mnt/ubna_data_02_mir/recover-20220828/UBNA_012/20220826_070000.WAV,Carp Pond,recover-20220828,012,1795
332.9935,333.0096,24609.0,28933.0,Nyctalus leisleri,0.365,0.498,-1,Echolocation,/mnt/ubna_data_02_mir/recover-20220828/UBNA_012/20220826_070000.WAV,Carp Pond,recover-20220828,012,1795
333.1365,333.1496,25468.0,29689.0,Nyctalus leisleri,0.308,0.468,-1,Echolocation,/mnt/ubna_data_02_mir/recover-20220828/UBNA_012/20220826_070000.WAV,Carp Pond,recover-20220828,012,1795
333.4815,333.503,23750.0,27783.0,Nyctalus leisleri,0.242,0.358,-1,Echolocation,/mnt/ubna_data_02_mir/recover-20220828/UBNA_012/20220826_070000.WAV,Carp Pond,recover-20220828,012,1795
333.7035,333.7217,24609.0,28097.0,Nyctalus leisleri,0.14,0.268,-1,Echolocation,/mnt/ubna_data_02_mir/recover-20220828/UBNA_012/20220826_070000.WAV,Carp Pond,recover-20220828,012,1795
334.2415,334.2568,23750.0,28891.0,Nyctalus leisleri,0.213,0.387,-1,Echolocation,/mnt/ubna_data_02_mir/recover-20220828/UBNA_012/20220826_070000.WAV,Carp Pond,recover-20220828,012,1795
334.2695,334.2871,25468.0,29190.0,Nyctalus leisleri,0.156,0.265,-1,Echolocation,/mnt/ubna_data_02_mir/recover-20220828/UBNA_012/20220826_070000.WAV,Carp Pond,recover-20220828,012,1795
334.5395,334.5557,24609.0,27600.0,Nyctalus leisleri,0.361,0.432,-1,Echolocation,/mnt/ubna_data_02_mir/recover-20220828/UBNA_012/20220826_070000.WAV,Carp Pond,recover-20220828,012,1795
335.5505,335.5661,23750.0,27401.0,Nyctalus leisleri,0.389,0.477,-1,Echolocation,/mnt/ubna_data_02_mir/recover-20220828/UBNA_012/20220826_070000.WAV,Carp Pond,recover-20220828,012,1795
336.1355,336.1567,23750.0,27591.0,Nyctalus leisleri,0.317,0.376,-1,Echolocation,/mnt/ubna_data_02_mir/recover-20220828/UBNA_012/20220826_070000.WAV,Carp Pond,recover-20220828,012,1795
336.8735,336.8894,23750.0,28604.0,Nyctalus leisleri,0.332,0.459,-1,Echolocation,/mnt/ubna_data_02_mir/recover-20220828/UBNA_012/20220826_070000.WAV,Carp Pond,recover-20220828,012,1795
342.0635,342.0818,23750.0,27179.0,Nyctalus leisleri,0.329,0.365,-1,Echolocation,/mnt/ubna_data_02_mir/recover-20220828/UBNA_012/20220826_070000.WAV,Carp Pond,recover-20220828,012,1795
344.2595,344.2759,23750.0,29063.0,Nyctalus leisleri,0.266,0.465,-1,Echolocation,/mnt/ubna_data_02_mir/recover-20220828/UBNA_012/20220826_070000.WAV,Carp Pond,recover-20220828,012,1795
344.4165,344.43,24609.0,28818.0,Nyctalus leisleri,0.33,0.494,-1,Echolocation,/mnt/ubna_data_02_mir/recover-20220828/UBNA_012/20220826_070000.WAV,Carp Pond,recover-20220828,012,1795
344.9885,345.0018,24609.0,29242.0,Nyctalus leisleri,0.327,0.505,-1,Echolocation,/mnt/ubna_data_02_mir/recover-20220828/UBNA_012/20220826_070000.WAV,Carp Pond,recover-20220828,012,1795
345.5625,345.5782,23750.0,28626.0,Nyctalus leisleri,0.349,0.523,-1,Echolocation,/mnt/ubna_data_02_mir/recover-20220828/UBNA_012/20220826_070000.WAV,Carp Pond,recover-20220828,012,1795
346.1445,346.1652,24609.0,27418.0,Nyctalus leisleri,0.326,0.379,-1,Echolocation,/mnt/ubna_data_02_mir/recover-20220828/UBNA_012/20220826_070000.WAV,Carp Pond,recover-20220828,012,1795
346.5815,346.5964,24609.0,28854.0,Nyctalus leisleri,0.375,0.54,-1,Echolocation,/mnt/ubna_data_02_mir/recover-20220828/UBNA_012/20220826_070000.WAV,Carp Pond,recover-20220828,012,1795
346.7015,346.7168,24609.0,28149.0,Nyctalus leisleri,0.409,0.553,-1,Echolocation,/mnt/ubna_data_02_mir/recover-20220828/UBNA_012/20220826_070000.WAV,Carp Pond,recover-20220828,012,1795
346.8565,346.8753,23750.0,28290.0,Nyctalus leisleri,0.148,0.259,-1,Echolocation,/mnt/ubna_data_02_mir/recover-20220828/UBNA_012/20220826_070000.WAV,Carp Pond,recover-20220828,012,1795
347.1295,347.1469,23750.0,28149.0,Nyctalus leisleri,0.315,0.413,-1,Echolocation,/mnt/ubna_data_02_mir/recover-20220828/UBNA_012/20220826_070000.WAV,Carp Pond,recover-20220828,012,1795
347.4165,347.4317,23750.0,29016.0,Nyctalus leisleri,0.45,0.609,-1,Echolocation,/mnt/ubna_data_02_mir/recover-20220828/UBNA_012/20220826_070000.WAV,Carp Pond,recover-20220828,012,1795
347.7075,347.7236,23750.0,28723.0,Nyctalus leisleri,0.157,0.327,-1,Echolocation,/mnt/ubna_data_02_mir/recover-20220828/UBNA_012/20220826_070000.WAV,Carp Pond,recover-20220828,012,1795
347.8335,347.8549,24609.0,27987.0,Nyctalus leisleri,0.238,0.303,-1,Echolocation,/mnt/ubna_data_02_mir/recover-20220828/UBNA_012/20220826_070000.WAV,Carp Pond,recover-20220828,012,1795
348.0015,348.017,24609.0,28967.0,Nyctalus leisleri,0.144,0.223,-1,Echolocation,/mnt/ubna_data_02_mir/recover-20220828/UBNA_012/20220826_070000.WAV,Carp Pond,recover-20220828,012,1795
348.1675,348.1809,23750.0,28751.0,Nyctalus leisleri,0.353,0.492,-1,Echolocation,/mnt/ubna_data_02_mir/recover-20220828/UBNA_012/20220826_070000.WAV,Carp Pond,recover-20220828,012,1795
348.3245,348.3401,25468.0,29577.0,Nyctalus leisleri,0.131,0.24,-1,Echolocation,/mnt/ubna_data_02_mir/recover-20220828/UBNA_012/20220826_070000.WAV,Carp Pond,recover-20220828,012,1795
348.3925,348.41700000000003,23750.0,28318.0,Nyctalus leisleri,0.118,0.219,-1,Echolocation,/mnt/ubna_data_02_mir/recover-20220828/UBNA_012/20220826_070000.WAV,Carp Pond,recover-20220828,012,1795
348.77049999999997,348.7829,23750.0,28118.0,Nyctalus leisleri,0.27,0.38,-1,Echolocation,/mnt/ubna_data_02_mir/recover-20220828/UBNA_012/20220826_070000.WAV,Carp Pond,recover-20220828,012,1795
349.3735,349.3871,23750.0,29105.0,Nyctalus leisleri,0.404,0.643,-1,Echolocation,/mnt/ubna_data_02_mir/recover-20220828/UBNA_012/20220826_070000.WAV,Carp Pond,recover-20220828,012,1795
349.5255,349.5389,24609.0,28560.0,Nyctalus leisleri,0.208,0.362,-1,Echolocation,/mnt/ubna_data_02_mir/recover-20220828/UBNA_012/20220826_070000.WAV,Carp Pond,recover-20220828,012,1795
350.0975,350.1108,24609.0,28860.0,Nyctalus leisleri,0.457,0.572,-1,Echolocation,/mnt/ubna_data_02_mir/recover-20220828/UBNA_012/20220826_070000.WAV,Carp Pond,recover-20220828,012,1795
350.2575,350.2721,23750.0,28714.0,Nyctalus leisleri,0.218,0.41,-1,Echolocation,/mnt/ubna_data_02_mir/recover-20220828/UBNA_012/20220826_070000.WAV,Carp Pond,recover-20220828,012,1795
350.8515,350.8649,26328.0,31168.0,Nyctalus leisleri,0.216,0.387,-1,Echolocation,/mnt/ubna_data_02_mir/recover-20220828/UBNA_012/20220826_070000.WAV,Carp Pond,recover-20220828,012,1795
351.1415,351.1545,24609.0,29813.0,Eptesicus serotinus,0.15,0.328,-1,Echolocation,/mnt/ubna_data_02_mir/recover-20220828/UBNA_012/20220826_070000.WAV,Carp Pond,recover-20220828,012,1795
351.4385,351.4519,26328.0,32223.0,Eptesicus serotinus,0.252,0.55,-1,Echolocation,/mnt/ubna_data_02_mir/recover-20220828/UBNA_012/20220826_070000.WAV,Carp Pond,recover-20220828,012,1795
352.6415,352.6567,26328.0,31008.0,Nyctalus leisleri,0.177,0.33,-1,Echolocation,/mnt/ubna_data_02_mir/recover-20220828/UBNA_012/20220826_070000.WAV,Carp Pond,recover-20220828,012,1795
353.2155,353.2267,27187.0,31262.0,Nyctalus leisleri,0.409,0.564,-1,Echolocation,/mnt/ubna_data_02_mir/recover-20220828/UBNA_012/20220826_070000.WAV,Carp Pond,recover-20220828,012,1795
353.3695,353.3843,25468.0,29801.0,Nyctalus leisleri,0.12,0.228,-1,Echolocation,/mnt/ubna_data_02_mir/recover-20220828/UBNA_012/20220826_070000.WAV,Carp Pond,recover-20220828,012,1795
354.2855,354.2991,26328.0,30893.0,Nyctalus leisleri,0.148,0.288,-1,Echolocation,/mnt/ubna_data_02_mir/recover-20220828/UBNA_012/20220826_070000.WAV,Carp Pond,recover-20220828,012,1795
354.7255,354.7406,25468.0,29897.0,Nyctalus leisleri,0.219,0.35,-1,Echolocation,/mnt/ubna_data_02_mir/recover-20220828/UBNA_012/20220826_070000.WAV,Carp Pond,recover-20220828,012,1795
355.0185,355.0302,26328.0,32059.0,Nyctalus leisleri,0.268,0.597,-1,Echolocation,/mnt/ubna_data_02_mir/recover-20220828/UBNA_012/20220826_070000.WAV,Carp Pond,recover-20220828,012,1795
355.3185,355.331,25468.0,29228.0,Nyctalus leisleri,0.302,0.436,-1,Echolocation,/mnt/ubna_data_02_mir/recover-20220828/UBNA_012/20220826_070000.WAV,Carp Pond,recover-20220828,012,1795
355.6135,355.626,24609.0,29803.0,Nyctalus leisleri,0.189,0.358,-1,Echolocation,/mnt/ubna_data_02_mir/recover-20220828/UBNA_012/20220826_070000.WAV,Carp Pond,recover-20220828,012,1795
355.8965,355.9097,25468.0,32037.0,Eptesicus serotinus,0.33,0.585,-1,Echolocation,/mnt/ubna_data_02_mir/recover-20220828/UBNA_012/20220826_070000.WAV,Carp Pond,recover-20220828,012,1795
356.2085,356.2212,25468.0,31249.0,Nyctalus leisleri,0.284,0.535,-1,Echolocation,/mnt/ubna_data_02_mir/recover-20220828/UBNA_012/20220826_070000.WAV,Carp Pond,recover-20220828,012,1795
356.4955,356.5082,26328.0,33040.0,Eptesicus serotinus,0.307,0.643,-1,Echolocation,/mnt/ubna_data_02_mir/recover-20220828/UBNA_012/20220826_070000.WAV,Carp Pond,recover-20220828,012,1795
356.7855,356.7985,24609.0,30005.0,Nyctalus leisleri,0.269,0.531,-1,Echolocation,/mnt/ubna_data_02_mir/recover-20220828/UBNA_012/20220826_070000.WAV,Carp Pond,recover-20220828,012,1795
357.0905,357.1022,26328.0,31708.0,Nyctalus leisleri,0.328,0.533,-1,Echolocation,/mnt/ubna_data_02_mir/recover-20220828/UBNA_012/20220826_070000.WAV,Carp Pond,recover-20220828,012,1795
357.5455,357.5584,26328.0,32470.0,Nyctalus leisleri,0.266,0.582,-1,Echolocation,/mnt/ubna_data_02_mir/recover-20220828/UBNA_012/20220826_070000.WAV,Carp Pond,recover-20220828,012,1795
357.8275,357.8388,25468.0,31871.0,Eptesicus serotinus,0.247,0.525,-1,Echolocation,/mnt/ubna_data_02_mir/recover-20220828/UBNA_012/20220826_070000.WAV,Carp Pond,recover-20220828,012,1795
358.1195,358.1326,25468.0,30346.0,Nyctalus leisleri,0.238,0.47,-1,Echolocation,/mnt/ubna_data_02_mir/recover-20220828/UBNA_012/20220826_070000.WAV,Carp Pond,recover-20220828,012,1795
358.4115,358.4223,27187.0,33921.0,Eptesicus serotinus,0.329,0.6,-1,Echolocation,/mnt/ubna_data_02_mir/recover-20220828/UBNA_012/20220826_070000.WAV,Carp Pond,recover-20220828,012,1795
358.7165,358.728,25468.0,31895.0,Eptesicus serotinus,0.301,0.592,-1,Echolocation,/mnt/ubna_data_02_mir/recover-20220828/UBNA_012/20220826_070000.WAV,Carp Pond,recover-20220828,012,1795
358.7715,358.7847,24609.0,29690.0,Nyctalus leisleri,0.18,0.352,-1,Echolocation,/mnt/ubna_data_02_mir/recover-20220828/UBNA_012/20220826_070000.WAV,Carp Pond,recover-20220828,012,1795
359.0125,359.024,26328.0,32550.0,Nyctalus leisleri,0.371,0.667,-1,Echolocation,/mnt/ubna_data_02_mir/recover-20220828/UBNA_012/20220826_070000.WAV,Carp Pond,recover-20220828,012,1795
359.4425,359.4557,25468.0,30779.0,Nyctalus leisleri,0.259,0.525,-1,Echolocation,/mnt/ubna_data_02_mir/recover-20220828/UBNA_012/20220826_070000.WAV,Carp Pond,recover-20220828,012,1795
359.47950000000003,359.4937,23750.0,27825.0,Nyctalus leisleri,0.141,0.202,-1,Echolocation,/mnt/ubna_data_02_mir/recover-20220828/UBNA_012/20220826_070000.WAV,Carp Pond,recover-20220828,012,1795
359.7315,359.743,26328.0,32560.0,Eptesicus serotinus,0.274,0.575,-1,Echolocation,/mnt/ubna_data_02_mir/recover-20220828/UBNA_012/20220826_070000.WAV,Carp Pond,recover-20220828,012,1795
359.89549999999997,359.9101,25468.0,31554.0,Nyctalus leisleri,0.219,0.457,-1,Echolocation,/mnt/ubna_data_02_mir/recover-20220828/UBNA_012/20220826_070000.WAV,Carp Pond,recover-20220828,012,1795
360.1735,360.1885,24609.0,29312.0,Nyctalus leisleri,0.4,0.528,-1,Echolocation,/mnt/ubna_data_02_mir/recover-20220828/UBNA_012/20220826_070000.WAV,Carp Pond,recover-20220828,012,1795
360.2075,360.2215,25468.0,29584.0,Nyctalus leisleri,0.237,0.336,-1,Echolocation,/mnt/ubna_data_02_mir/recover-20220828/UBNA_012/20220826_070000.WAV,Carp Pond,recover-20220828,012,1795
360.5105,360.5233,26328.0,33801.0,Eptesicus serotinus,0.328,0.597,-1,Echolocation,/mnt/ubna_data_02_mir/recover-20220828/UBNA_012/20220826_070000.WAV,Carp Pond,recover-20220828,012,1795
360.9195,360.9325,25468.0,29469.0,Nyctalus leisleri,0.508,0.633,-1,Echolocation,/mnt/ubna_data_02_mir/recover-20220828/UBNA_012/20220826_070000.WAV,Carp Pond,recover-20220828,012,1795
360.9715,360.9836,26328.0,33379.0,Eptesicus serotinus,0.371,0.625,-1,Echolocation,/mnt/ubna_data_02_mir/recover-20220828/UBNA_012/20220826_070000.WAV,Carp Pond,recover-20220828,012,1795
361.2615,361.2745,24609.0,31353.0,Eptesicus serotinus,0.293,0.574,-1,Echolocation,/mnt/ubna_data_02_mir/recover-20220828/UBNA_012/20220826_070000.WAV,Carp Pond,recover-20220828,012,1795
361.5715,361.5825,27187.0,33973.0,Eptesicus serotinus,0.301,0.602,-1,Echolocation,/mnt/ubna_data_02_mir/recover-20220828/UBNA_012/20220826_070000.WAV,Carp Pond,recover-20220828,012,1795
361.8845,361.8958,25468.0,31795.0,Eptesicus serotinus,0.279,0.593,-1,Echolocation,/mnt/ubna_data_02_mir/recover-20220828/UBNA_012/20220826_070000.WAV,Carp Pond,recover-20220828,012,1795
362.1865,362.1984,26328.0,34885.0,Eptesicus serotinus,0.401,0.644,-1,Echolocation,/mnt/ubna_data_02_mir/recover-20220828/UBNA_012/20220826_070000.WAV,Carp Pond,recover-20220828,012,1795
362.2685,362.2836,24609.0,28187.0,Nyctalus leisleri,0.319,0.425,-1,Echolocation,/mnt/ubna_data_02_mir/recover-20220828/UBNA_012/20220826_070000.WAV,Carp Pond,recover-20220828,012,1795
362.5545,362.5695,24609.0,28834.0,Nyctalus leisleri,0.131,0.235,-1,Echolocation,/mnt/ubna_data_02_mir/recover-20220828/UBNA_012/20220826_070000.WAV,Carp Pond,recover-20220828,012,1795
362.6165,362.6339,23750.0,27656.0,Nyctalus leisleri,0.252,0.359,-1,Echolocation,/mnt/ubna_data_02_mir/recover-20220828/UBNA_012/20220826_070000.WAV,Carp Pond,recover-20220828,012,1795
362.6345,362.6471,25468.0,30141.0,Nyctalus leisleri,0.303,0.55,-1,Echolocation,/mnt/ubna_data_02_mir/recover-20220828/UBNA_012/20220826_070000.WAV,Carp Pond,recover-20220828,012,1795
362.7605,362.774,25468.0,30867.0,Nyctalus leisleri,0.217,0.407,-1,Echolocation,/mnt/ubna_data_02_mir/recover-20220828/UBNA_012/20220826_070000.WAV,Carp Pond,recover-20220828,012,1795
362.8015,362.8113,27187.0,33572.0,Nyctalus leisleri,0.324,0.61,-1,Echolocation,/mnt/ubna_data_02_mir/recover-20220828/UBNA_012/20220826_070000.WAV,Carp Pond,recover-20220828,012,1795
363.2465,363.2591,26328.0,34576.0,Eptesicus serotinus,0.419,0.612,-1,Echolocation,/mnt/ubna_data_02_mir/recover-20220828/UBNA_012/20220826_070000.WAV,Carp Pond,recover-20220828,012,1795
363.3145,363.3315,24609.0,29017.0,Nyctalus leisleri,0.198,0.305,-1,Echolocation,/mnt/ubna_data_02_mir/recover-20220828/UBNA_012/20220826_070000.WAV,Carp Pond,recover-20220828,012,1795
363.5405,363.5534,25468.0,29972.0,Eptesicus serotinus,0.094,0.206,-1,Echolocation,/mnt/ubna_data_02_mir/recover-20220828/UBNA_012/20220826_070000.WAV,Carp Pond,recover-20220828,012,1795
363.6895,363.7062,24609.0,29384.0,Nyctalus leisleri,0.194,0.342,-1,Echolocation,/mnt/ubna_data_02_mir/recover-20220828/UBNA_012/20220826_070000.WAV,Carp Pond,recover-20220828,012,1795
363.8485,363.8594,26328.0,32252.0,Nyctalus leisleri,0.306,0.619,-1,Echolocation,/mnt/ubna_data_02_mir/recover-20220828/UBNA_012/20220826_070000.WAV,Carp Pond,recover-20220828,012,1795
363.9835,363.9994,24609.0,29136.0,Nyctalus leisleri,0.232,0.368,-1,Echolocation,/mnt/ubna_data_02_mir/recover-20220828/UBNA_012/20220826_070000.WAV,Carp Pond,recover-20220828,012,1795
364.3045,364.3158,25468.0,31590.0,Eptesicus serotinus,0.169,0.375,-1,Echolocation,/mnt/ubna_data_02_mir/recover-20220828/UBNA_012/20220826_070000.WAV,Carp Pond,recover-20220828,012,1795
364.4145,364.4251,27187.0,32344.0,Nyctalus leisleri,0.182,0.387,-1,Echolocation,/mnt/ubna_data_02_mir/recover-20220828/UBNA_012/20220826_070000.WAV,Carp Pond,recover-20220828,012,1795
364.6835,364.6987,24609.0,29439.0,Nyctalus leisleri,0.18,0.337,-1,Echolocation,/mnt/ubna_data_02_mir/recover-20220828/UBNA_012/20220826_070000.WAV,Carp Pond,recover-20220828,012,1795
364.9835,364.9947,25468.0,31291.0,Nyctalus leisleri,0.313,0.509,-1,Echolocation,/mnt/ubna_data_02_mir/recover-20220828/UBNA_012/20220826_070000.WAV,Carp Pond,recover-20220828,012,1795
365.1415,365.157,24609.0,28520.0,Nyctalus leisleri,0.124,0.217,-1,Echolocation,/mnt/ubna_data_02_mir/recover-20220828/UBNA_012/20220826_070000.WAV,Carp Pond,recover-20220828,012,1795
365.3695,365.3838,24609.0,29069.0,Nyctalus leisleri,0.269,0.47,-1,Echolocation,/mnt/ubna_data_02_mir/recover-20220828/UBNA_012/20220826_070000.WAV,Carp Pond,recover-20220828,012,1795
365.4145,365.4286,24609.0,30577.0,Nyctalus leisleri,0.348,0.591,-1,Echolocation,/mnt/ubna_data_02_mir/recover-20220828/UBNA_012/20220826_070000.WAV,Carp Pond,recover-20220828,012,1795
365.6515,365.6668,23750.0,27967.0,Nyctalus leisleri,0.257,0.339,-1,Echolocation,/mnt/ubna_data_02_mir/recover-20220828/UBNA_012/20220826_070000.WAV,Carp Pond,recover-20220828,012,1795
365.7095,365.7232,24609.0,29003.0,Nyctalus leisleri,0.31,0.446,-1,Echolocation,/mnt/ubna_data_02_mir/recover-20220828/UBNA_012/20220826_070000.WAV,Carp Pond,recover-20220828,012,1795
365.8185,365.8304,26328.0,31992.0,Nyctalus leisleri,0.276,0.586,-1,Echolocation,/mnt/ubna_data_02_mir/recover-20220828/UBNA_012/20220826_070000.WAV,Carp Pond,recover-20220828,012,1795
365.9365,365.9515,23750.0,28328.0,Nyctalus leisleri,0.186,0.293,-1,Echolocation,/mnt/ubna_data_02_mir/recover-20220828/UBNA_012/20220826_070000.WAV,Carp Pond,recover-20220828,012,1795
366.1015,366.1151,23750.0,29535.0,Nyctalus leisleri,0.294,0.542,-1,Echolocation,/mnt/ubna_data_02_mir/recover-20220828/UBNA_012/20220826_070000.WAV,Carp Pond,recover-20220828,012,1795
366.1315,366.1429,26328.0,30855.0,Nyctalus leisleri,0.195,0.329,-1,Echolocation,/mnt/ubna_data_02_mir/recover-20220828/UBNA_012/20220826_070000.WAV,Carp Pond,recover-20220828,012,1795
366.2725,366.2899,24609.0,29266.0,Nyctalus leisleri,0.276,0.454,-1,Echolocation,/mnt/ubna_data_02_mir/recover-20220828/UBNA_012/20220826_070000.WAV,Carp Pond,recover-20220828,012,1795
366.3785,366.3933,24609.0,28963.0,Nyctalus leisleri,0.298,0.487,-1,Echolocation,/mnt/ubna_data_02_mir/recover-20220828/UBNA_012/20220826_070000.WAV,Carp Pond,recover-20220828,012,1795
366.3915,366.4025,27187.0,31588.0,Nyctalus leisleri,0.213,0.386,-1,Echolocation,/mnt/ubna_data_02_mir/recover-20220828/UBNA_012/20220826_070000.WAV,Carp Pond,recover-20220828,012,1795
366.5565,366.5698,24609.0,29309.0,Nyctalus leisleri,0.422,0.583,-1,Echolocation,/mnt/ubna_data_02_mir/recover-20220828/UBNA_012/20220826_070000.WAV,Carp Pond,recover-20220828,012,1795
366.7735,366.7863,24609.0,29434.0,Nyctalus leisleri,0.266,0.48,-1,Echolocation,/mnt/ubna_data_02_mir/recover-20220828/UBNA_012/20220826_070000.WAV,Carp Pond,recover-20220828,012,1795
366.8505,366.8651,25468.0,29793.0,Nyctalus leisleri,0.36,0.508,-1,Echolocation,/mnt/ubna_data_02_mir/recover-20220828/UBNA_012/20220826_070000.WAV,Carp Pond,recover-20220828,012,1795
366.9705,366.9821,26328.0,31085.0,Nyctalus leisleri,0.41,0.593,-1,Echolocation,/mnt/ubna_data_02_mir/recover-20220828/UBNA_012/20220826_070000.WAV,Carp Pond,recover-20220828,012,1795
367.0335,367.0486,24609.0,28745.0,Nyctalus leisleri,0.334,0.524,-1,Echolocation,/mnt/ubna_data_02_mir/recover-20220828/UBNA_012/20220826_070000.WAV,Carp Pond,recover-20220828,012,1795
367.1465,367.1658,25468.0,29269.0,Nyctalus leisleri,0.236,0.322,-1,Echolocation,/mnt/ubna_data_02_mir/recover-20220828/UBNA_012/20220826_070000.WAV,Carp Pond,recover-20220828,012,1795
367.2945,367.3082,24609.0,30507.0,Nyctalus leisleri,0.322,0.624,-1,Echolocation,/mnt/ubna_data_02_mir/recover-20220828/UBNA_012/20220826_070000.WAV,Carp Pond,recover-20220828,012,1795
367.4085,367.4203,26328.0,31678.0,Nyctalus leisleri,0.331,0.559,-1,Echolocation,/mnt/ubna_data_02_mir/recover-20220828/UBNA_012/20220826_070000.WAV,Carp Pond,recover-20220828,012,1795
367.4335,367.4495,23750.0,27842.0,Nyctalus leisleri,0.123,0.201,-1,Echolocation,/mnt/ubna_data_02_mir/recover-20220828/UBNA_012/20220826_070000.WAV,Carp Pond,recover-20220828,012,1795
367.5595,367.5738,24609.0,29099.0,Nyctalus leisleri,0.122,0.244,-1,Echolocation,/mnt/ubna_data_02_mir/recover-20220828/UBNA_012/20220826_070000.WAV,Carp Pond,recover-20220828,012,1795
367.6995,367.7138,25468.0,29816.0,Nyctalus leisleri,0.117,0.236,-1,Echolocation,/mnt/ubna_data_02_mir/recover-20220828/UBNA_012/20220826_070000.WAV,Carp Pond,recover-20220828,012,1795
367.7285,367.7426,24609.0,28689.0,Nyctalus leisleri,0.416,0.578,-1,Echolocation,/mnt/ubna_data_02_mir/recover-20220828/UBNA_012/20220826_070000.WAV,Carp Pond,recover-20220828,012,1795
367.8205,367.8315,26328.0,31972.0,Nyctalus leisleri,0.314,0.596,-1,Echolocation,/mnt/ubna_data_02_mir/recover-20220828/UBNA_012/20220826_070000.WAV,Carp Pond,recover-20220828,012,1795
368.0205,368.0381,24609.0,28309.0,Nyctalus leisleri,0.308,0.395,-1,Echolocation,/mnt/ubna_data_02_mir/recover-20220828/UBNA_012/20220826_070000.WAV,Carp Pond,recover-20220828,012,1795
368.0865,368.0997,24609.0,30178.0,Nyctalus leisleri,0.3,0.573,-1,Echolocation,/mnt/ubna_data_02_mir/recover-20220828/UBNA_012/20220826_070000.WAV,Carp Pond,recover-20220828,012,1795
368.3125,368.3311,24609.0,28830.0,Nyctalus leisleri,0.354,0.479,-1,Echolocation,/mnt/ubna_data_02_mir/recover-20220828/UBNA_012/20220826_070000.WAV,Carp Pond,recover-20220828,012,1795
368.6225,368.6372,24609.0,29143.0,Nyctalus leisleri,0.367,0.599,-1,Echolocation,/mnt/ubna_data_02_mir/recover-20220828/UBNA_012/20220826_070000.WAV,Carp Pond,recover-20220828,012,1795
368.8825,368.9003,24609.0,28591.0,Nyctalus leisleri,0.21,0.308,-1,Echolocation,/mnt/ubna_data_02_mir/recover-20220828/UBNA_012/20220826_070000.WAV,Carp Pond,recover-20220828,012,1795
369.0035,369.0187,25468.0,29732.0,Nyctalus leisleri,0.323,0.477,-1,Echolocation,/mnt/ubna_data_02_mir/recover-20220828/UBNA_012/20220826_070000.WAV,Carp Pond,recover-20220828,012,1795
369.2745,369.2913,24609.0,28856.0,Nyctalus leisleri,0.161,0.261,-1,Echolocation,/mnt/ubna_data_02_mir/recover-20220828/UBNA_012/20220826_070000.WAV,Carp Pond,recover-20220828,012,1795
369.5235,369.5369,24609.0,29603.0,Nyctalus leisleri,0.337,0.573,-1,Echolocation,/mnt/ubna_data_02_mir/recover-20220828/UBNA_012/20220826_070000.WAV,Carp Pond,recover-20220828,012,1795
369.5615,369.579,24609.0,28906.0,Nyctalus leisleri,0.237,0.381,-1,Echolocation,/mnt/ubna_data_02_mir/recover-20220828/UBNA_012/20220826_070000.WAV,Carp Pond,recover-20220828,012,1795
369.8025,369.8203,24609.0,28645.0,Nyctalus leisleri,0.239,0.37,-1,Echolocation,/mnt/ubna_data_02_mir/recover-20220828/UBNA_012/20220826_070000.WAV,Carp Pond,recover-20220828,012,1795
369.8535,369.8676,24609.0,28104.0,Nyctalus leisleri,0.293,0.429,-1,Echolocation,/mnt/ubna_data_02_mir/recover-20220828/UBNA_012/20220826_070000.WAV,Carp Pond,recover-20220828,012,1795
370.1435,370.1556,24609.0,29381.0,Nyctalus leisleri,0.233,0.473,-1,Echolocation,/mnt/ubna_data_02_mir/recover-20220828/UBNA_012/20220826_070000.WAV,Carp Pond,recover-20220828,012,1795
370.4875,370.505,23750.0,29041.0,Nyctalus leisleri,0.177,0.363,-1,Echolocation,/mnt/ubna_data_02_mir/recover-20220828/UBNA_012/20220826_070000.WAV,Carp Pond,recover-20220828,012,1795
370.5845,370.5953,23750.0,29415.0,Nyctalus leisleri,0.224,0.476,-1,Echolocation,/mnt/ubna_data_02_mir/recover-20220828/UBNA_012/20220826_070000.WAV,Carp Pond,recover-20220828,012,1795
370.8815,370.8982,24609.0,28366.0,Nyctalus leisleri,0.42,0.576,-1,Echolocation,/mnt/ubna_data_02_mir/recover-20220828/UBNA_012/20220826_070000.WAV,Carp Pond,recover-20220828,012,1795
371.4645,371.4828,24609.0,28247.0,Nyctalus leisleri,0.206,0.294,-1,Echolocation,/mnt/ubna_data_02_mir/recover-20220828/UBNA_012/20220826_070000.WAV,Carp Pond,recover-20220828,012,1795
371.7455,371.7635,24609.0,29178.0,Nyctalus leisleri,0.345,0.559,-1,Echolocation,/mnt/ubna_data_02_mir/recover-20220828/UBNA_012/20220826_070000.WAV,Carp Pond,recover-20220828,012,1795
371.8975,371.9128,24609.0,28378.0,Nyctalus leisleri,0.463,0.573,-1,Echolocation,/mnt/ubna_data_02_mir/recover-20220828/UBNA_012/20220826_070000.WAV,Carp Pond,recover-20220828,012,1795
372.1835,372.2028,24609.0,28065.0,Nyctalus leisleri,0.165,0.215,-1,Echolocation,/mnt/ubna_data_02_mir/recover-20220828/UBNA_012/20220826_070000.WAV,Carp Pond,recover-20220828,012,1795
372.4755,372.4912,25468.0,29077.0,Nyctalus leisleri,0.458,0.616,-1,Echolocation,/mnt/ubna_data_02_mir/recover-20220828/UBNA_012/20220826_070000.WAV,Carp Pond,recover-20220828,012,1795
372.8885,372.9088,24609.0,28192.0,Nyctalus leisleri,0.319,0.425,-1,Echolocation,/mnt/ubna_data_02_mir/recover-20220828/UBNA_012/20220826_070000.WAV,Carp Pond,recover-20220828,012,1795
373.1735,373.1884,25468.0,28731.0,Nyctalus leisleri,0.532,0.649,-1,Echolocation,/mnt/ubna_data_02_mir/recover-20220828/UBNA_012/20220826_070000.WAV,Carp Pond,recover-20220828,012,1795
373.6185,373.637,24609.0,27985.0,Nyctalus leisleri,0.343,0.41,-1,Echolocation,/mnt/ubna_data_02_mir/recover-20220828/UBNA_012/20220826_070000.WAV,Carp Pond,recover-20220828,012,1795
373.9035,373.9208,24609.0,27823.0,Nyctalus leisleri,0.549,0.621,-1,Echolocation,/mnt/ubna_data_02_mir/recover-20220828/UBNA_012/20220826_070000.WAV,Carp Pond,recover-20220828,012,1795
374.0365,374.0496,25468.0,29728.0,Nyctalus leisleri,0.495,0.629,-1,Echolocation,/mnt/ubna_data_02_mir/recover-20220828/UBNA_012/20220826_070000.WAV,Carp Pond,recover-20220828,012,1795
374.3455,374.3657,24609.0,28150.0,Nyctalus leisleri,0.367,0.472,-1,Echolocation,/mnt/ubna_data_02_mir/recover-20220828/UBNA_012/20220826_070000.WAV,Carp Pond,recover-20220828,012,1795
374.6385,374.6531,24609.0,29190.0,Nyctalus leisleri,0.564,0.674,-1,Echolocation,/mnt/ubna_data_02_mir/recover-20220828/UBNA_012/20220826_070000.WAV,Carp Pond,recover-20220828,012,1795
374.7965,374.8097,25468.0,30319.0,Nyctalus leisleri,0.447,0.686,-1,Echolocation,/mnt/ubna_data_02_mir/recover-20220828/UBNA_012/20220826_070000.WAV,Carp Pond,recover-20220828,012,1795
375.0875,375.1046,24609.0,27642.0,Nyctalus leisleri,0.463,0.556,-1,Echolocation,/mnt/ubna_data_02_mir/recover-20220828/UBNA_012/20220826_070000.WAV,Carp Pond,recover-20220828,012,1795
375.3935,375.4094,24609.0,27593.0,Nyctalus leisleri,0.622,0.698,-1,Echolocation,/mnt/ubna_data_02_mir/recover-20220828/UBNA_012/20220826_070000.WAV,Carp Pond,recover-20220828,012,1795
375.3985,375.4086,49531.0,53461.0,Pipistrellus pipistrellus,0.221,0.346,-1,Echolocation,/mnt/ubna_data_02_mir/recover-20220828/UBNA_012/20220826_070000.WAV,Carp Pond,recover-20220828,012,1795
375.8265,375.8432,24609.0,27696.0,Nyctalus leisleri,0.449,0.531,-1,Echolocation,/mnt/ubna_data_02_mir/recover-20220828/UBNA_012/20220826_070000.WAV,Carp Pond,recover-20220828,012,1795
375.9655,375.9806,24609.0,27785.0,Nyctalus leisleri,0.41,0.581,-1,Echolocation,/mnt/ubna_data_02_mir/recover-20220828/UBNA_012/20220826_070000.WAV,Carp Pond,recover-20220828,012,1795
376.27049999999997,376.2874,24609.0,28112.0,Nyctalus leisleri,0.529,0.629,-1,Echolocation,/mnt/ubna_data_02_mir/recover-20220828/UBNA_012/20220826_070000.WAV,Carp Pond,recover-20220828,012,1795
376.72950000000003,376.75,23750.0,28090.0,Nyctalus leisleri,0.395,0.508,-1,Echolocation,/mnt/ubna_data_02_mir/recover-20220828/UBNA_012/20220826_070000.WAV,Carp Pond,recover-20220828,012,1795
377.0285,377.04449999999997,23750.0,27991.0,Nyctalus leisleri,0.592,0.686,-1,Echolocation,/mnt/ubna_data_02_mir/recover-20220828/UBNA_012/20220826_070000.WAV,Carp Pond,recover-20220828,012,1795
377.3285,377.3504,23750.0,28286.0,Nyctalus leisleri,0.349,0.461,-1,Echolocation,/mnt/ubna_data_02_mir/recover-20220828/UBNA_012/20220826_070000.WAV,Carp Pond,recover-20220828,012,1795
377.7745,377.7937,23750.0,26688.0,Nyctalus leisleri,0.603,0.655,-1,Echolocation,/mnt/ubna_data_02_mir/recover-20220828/UBNA_012/20220826_070000.WAV,Carp Pond,recover-20220828,012,1795
377.7825,377.7921,47812.0,51563.0,Pipistrellus pipistrellus,0.265,0.313,-1,Echolocation,/mnt/ubna_data_02_mir/recover-20220828/UBNA_012/20220826_070000.WAV,Carp Pond,recover-20220828,012,1795
378.1985,378.2163,23750.0,27496.0,Nyctalus leisleri,0.478,0.553,-1,Echolocation,/mnt/ubna_data_02_mir/recover-20220828/UBNA_012/20220826_070000.WAV,Carp Pond,recover-20220828,012,1795
378.4965,378.5117,23750.0,28367.0,Nyctalus leisleri,0.569,0.672,-1,Echolocation,/mnt/ubna_data_02_mir/recover-20220828/UBNA_012/20220826_070000.WAV,Carp Pond,recover-20220828,012,1795
378.6315,378.6473,24609.0,28349.0,Nyctalus leisleri,0.471,0.585,-1,Echolocation,/mnt/ubna_data_02_mir/recover-20220828/UBNA_012/20220826_070000.WAV,Carp Pond,recover-20220828,012,1795
379.0425,379.0593,24609.0,27734.0,Nyctalus leisleri,0.548,0.62,-1,Echolocation,/mnt/ubna_data_02_mir/recover-20220828/UBNA_012/20220826_070000.WAV,Carp Pond,recover-20220828,012,1795
379.3265,379.3434,23750.0,27726.0,Nyctalus leisleri,0.516,0.637,-1,Echolocation,/mnt/ubna_data_02_mir/recover-20220828/UBNA_012/20220826_070000.WAV,Carp Pond,recover-20220828,012,1795
379.7475,379.7656,23750.0,27654.0,Nyctalus leisleri,0.51,0.604,-1,Echolocation,/mnt/ubna_data_02_mir/recover-20220828/UBNA_012/20220826_070000.WAV,Carp Pond,recover-20220828,012,1795
380.1865,380.2027,23750.0,27497.0,Nyctalus leisleri,0.61,0.693,-1,Echolocation,/mnt/ubna_data_02_mir/recover-20220828/UBNA_012/20220826_070000.WAV,Carp Pond,recover-20220828,012,1795
380.1905,380.2019,49531.0,53328.0,Pipistrellus pipistrellus,0.122,0.205,-1,Echolocation,/mnt/ubna_data_02_mir/recover-20220828/UBNA_012/20220826_070000.WAV,Carp Pond,recover-20220828,012,1795
380.6075,380.625,23750.0,27755.0,Nyctalus leisleri,0.631,0.698,-1,Echolocation,/mnt/ubna_data_02_mir/recover-20220828/UBNA_012/20220826_070000.WAV,Carp Pond,recover-20220828,012,1795
381.0535,381.0715,24609.0,26461.0,Nyctalus leisleri,0.513,0.608,-1,Echolocation,/mnt/ubna_data_02_mir/recover-20220828/UBNA_012/20220826_070000.WAV,Carp Pond,recover-20220828,012,1795
381.4895,381.5132,23750.0,27869.0,Nyctalus leisleri,0.305,0.419,-1,Echolocation,/mnt/ubna_data_02_mir/recover-20220828/UBNA_012/20220826_070000.WAV,Carp Pond,recover-20220828,012,1795
381.6675,381.6813,24609.0,28453.0,Nyctalus leisleri,0.601,0.724,-1,Echolocation,/mnt/ubna_data_02_mir/recover-20220828/UBNA_012/20220826_070000.WAV,Carp Pond,recover-20220828,012,1795
382.1155,382.1314,23750.0,28484.0,Nyctalus leisleri,0.442,0.543,-1,Echolocation,/mnt/ubna_data_02_mir/recover-20220828/UBNA_012/20220826_070000.WAV,Carp Pond,recover-20220828,012,1795
382.2685,382.2804,25468.0,30614.0,Nyctalus leisleri,0.411,0.622,-1,Echolocation,/mnt/ubna_data_02_mir/recover-20220828/UBNA_012/20220826_070000.WAV,Carp Pond,recover-20220828,012,1795
382.4185,382.4323,24609.0,28924.0,Nyctalus leisleri,0.358,0.508,-1,Echolocation,/mnt/ubna_data_02_mir/recover-20220828/UBNA_012/20220826_070000.WAV,Carp Pond,recover-20220828,012,1795
382.7125,382.7297,23750.0,28140.0,Nyctalus leisleri,0.607,0.68,-1,Echolocation,/mnt/ubna_data_02_mir/recover-20220828/UBNA_012/20220826_070000.WAV,Carp Pond,recover-20220828,012,1795
382.8685,382.884,23750.0,28008.0,Nyctalus leisleri,0.494,0.642,-1,Echolocation,/mnt/ubna_data_02_mir/recover-20220828/UBNA_012/20220826_070000.WAV,Carp Pond,recover-20220828,012,1795
383.0145,383.0302,24609.0,31421.0,Nyctalus leisleri,0.268,0.611,-1,Echolocation,/mnt/ubna_data_02_mir/recover-20220828/UBNA_012/20220826_070000.WAV,Carp Pond,recover-20220828,012,1795
383.1585,383.1708,24609.0,32959.0,Eptesicus serotinus,0.324,0.693,-1,Echolocation,/mnt/ubna_data_02_mir/recover-20220828/UBNA_012/20220826_070000.WAV,Carp Pond,recover-20220828,012,1795
383.2765,383.2861,25468.0,32419.0,Nyctalus leisleri,0.446,0.669,-1,Echolocation,/mnt/ubna_data_02_mir/recover-20220828/UBNA_012/20220826_070000.WAV,Carp Pond,recover-20220828,012,1795
383.3745,383.3852,25468.0,31750.0,Nyctalus leisleri,0.299,0.569,-1,Echolocation,/mnt/ubna_data_02_mir/recover-20220828/UBNA_012/20220826_070000.WAV,Carp Pond,recover-20220828,012,1795
383.4775,383.4873,25468.0,33208.0,Nyctalus leisleri,0.317,0.647,-1,Echolocation,/mnt/ubna_data_02_mir/recover-20220828/UBNA_012/20220826_070000.WAV,Carp Pond,recover-20220828,012,1795
383.6525,383.66179999999997,25468.0,33087.0,Eptesicus serotinus,0.158,0.331,-1,Echolocation,/mnt/ubna_data_02_mir/recover-20220828/UBNA_012/20220826_070000.WAV,Carp Pond,recover-20220828,012,1795
383.7235,383.7327,25468.0,33584.0,Eptesicus serotinus,0.147,0.241,-1,Echolocation,/mnt/ubna_data_02_mir/recover-20220828/UBNA_012/20220826_070000.WAV,Carp Pond,recover-20220828,012,1795
384.3205,384.3343,24609.0,30119.0,Nyctalus leisleri,0.358,0.623,-1,Echolocation,/mnt/ubna_data_02_mir/recover-20220828/UBNA_012/20220826_070000.WAV,Carp Pond,recover-20220828,012,1795
384.4925,384.5081,23750.0,29367.0,Nyctalus leisleri,0.237,0.5,-1,Echolocation,/mnt/ubna_data_02_mir/recover-20220828/UBNA_012/20220826_070000.WAV,Carp Pond,recover-20220828,012,1795
384.7905,384.8057,23750.0,29179.0,Nyctalus leisleri,0.33,0.585,-1,Echolocation,/mnt/ubna_data_02_mir/recover-20220828/UBNA_012/20220826_070000.WAV,Carp Pond,recover-20220828,012,1795
385.1075,385.1255,24609.0,28359.0,Nyctalus leisleri,0.226,0.339,-1,Echolocation,/mnt/ubna_data_02_mir/recover-20220828/UBNA_012/20220826_070000.WAV,Carp Pond,recover-20220828,012,1795
385.4375,385.4533,24609.0,28962.0,Nyctalus leisleri,0.397,0.598,-1,Echolocation,/mnt/ubna_data_02_mir/recover-20220828/UBNA_012/20220826_070000.WAV,Carp Pond,recover-20220828,012,1795
385.9245,385.9385,26328.0,30296.0,Nyctalus leisleri,0.216,0.332,-1,Echolocation,/mnt/ubna_data_02_mir/recover-20220828/UBNA_012/20220826_070000.WAV,Carp Pond,recover-20220828,012,1795
386.3745,386.3894,25468.0,28993.0,Nyctalus leisleri,0.405,0.504,-1,Echolocation,/mnt/ubna_data_02_mir/recover-20220828/UBNA_012/20220826_070000.WAV,Carp Pond,recover-20220828,012,1795
386.9785,386.9951,24609.0,28827.0,Nyctalus leisleri,0.211,0.319,-1,Echolocation,/mnt/ubna_data_02_mir/recover-20220828/UBNA_012/20220826_070000.WAV,Carp Pond,recover-20220828,012,1795
387.5485,387.5635,24609.0,29245.0,Nyctalus leisleri,0.364,0.558,-1,Echolocation,/mnt/ubna_data_02_mir/recover-20220828/UBNA_012/20220826_070000.WAV,Carp Pond,recover-20220828,012,1795
387.8745,387.8873,25468.0,30497.0,Nyctalus leisleri,0.375,0.621,-1,Echolocation,/mnt/ubna_data_02_mir/recover-20220828/UBNA_012/20220826_070000.WAV,Carp Pond,recover-20220828,012,1795
388.1345,388.149,25468.0,29735.0,Nyctalus leisleri,0.175,0.302,-1,Echolocation,/mnt/ubna_data_02_mir/recover-20220828/UBNA_012/20220826_070000.WAV,Carp Pond,recover-20220828,012,1795
388.4135,388.4294,25468.0,28596.0,Nyctalus leisleri,0.532,0.604,-1,Echolocation,/mnt/ubna_data_02_mir/recover-20220828/UBNA_012/20220826_070000.WAV,Carp Pond,recover-20220828,012,1795
388.7075,388.7229,26328.0,30489.0,Nyctalus leisleri,0.3,0.403,-1,Echolocation,/mnt/ubna_data_02_mir/recover-20220828/UBNA_012/20220826_070000.WAV,Carp Pond,recover-20220828,012,1795
389.1225,389.1388,25468.0,28432.0,Nyctalus leisleri,0.422,0.537,-1,Echolocation,/mnt/ubna_data_02_mir/recover-20220828/UBNA_012/20220826_070000.WAV,Carp Pond,recover-20220828,012,1795
389.4375,389.4515,25468.0,30061.0,Nyctalus leisleri,0.48,0.666,-1,Echolocation,/mnt/ubna_data_02_mir/recover-20220828/UBNA_012/20220826_070000.WAV,Carp Pond,recover-20220828,012,1795
389.7565,389.7702,25468.0,29343.0,Nyctalus leisleri,0.597,0.67,-1,Echolocation,/mnt/ubna_data_02_mir/recover-20220828/UBNA_012/20220826_070000.WAV,Carp Pond,recover-20220828,012,1795
390.0335,390.0497,25468.0,29363.0,Nyctalus leisleri,0.119,0.209,-1,Echolocation,/mnt/ubna_data_02_mir/recover-20220828/UBNA_012/20220826_070000.WAV,Carp Pond,recover-20220828,012,1795
390.3355,390.3528,24609.0,28986.0,Nyctalus leisleri,0.363,0.611,-1,Echolocation,/mnt/ubna_data_02_mir/recover-20220828/UBNA_012/20220826_070000.WAV,Carp Pond,recover-20220828,012,1795
390.6415,390.6599,24609.0,28166.0,Nyctalus leisleri,0.37,0.474,-1,Echolocation,/mnt/ubna_data_02_mir/recover-20220828/UBNA_012/20220826_070000.WAV,Carp Pond,recover-20220828,012,1795
391.0715,391.0877,24609.0,29087.0,Nyctalus leisleri,0.439,0.637,-1,Echolocation,/mnt/ubna_data_02_mir/recover-20220828/UBNA_012/20220826_070000.WAV,Carp Pond,recover-20220828,012,1795
391.3865,391.4028,24609.0,28937.0,Nyctalus leisleri,0.419,0.541,-1,Echolocation,/mnt/ubna_data_02_mir/recover-20220828/UBNA_012/20220826_070000.WAV,Carp Pond,recover-20220828,012,1795
391.8225,391.84,24609.0,27987.0,Nyctalus leisleri,0.436,0.561,-1,Echolocation,/mnt/ubna_data_02_mir/recover-20220828/UBNA_012/20220826_070000.WAV,Carp Pond,recover-20220828,012,1795
392.2625,392.2786,24609.0,29124.0,Nyctalus leisleri,0.377,0.504,-1,Echolocation,/mnt/ubna_data_02_mir/recover-20220828/UBNA_012/20220826_070000.WAV,Carp Pond,recover-20220828,012,1795
392.7045,392.7206,24609.0,27765.0,Nyctalus leisleri,0.443,0.579,-1,Echolocation,/mnt/ubna_data_02_mir/recover-20220828/UBNA_012/20220826_070000.WAV,Carp Pond,recover-20220828,012,1795
393.1405,393.1577,24609.0,27728.0,Nyctalus leisleri,0.421,0.525,-1,Echolocation,/mnt/ubna_data_02_mir/recover-20220828/UBNA_012/20220826_070000.WAV,Carp Pond,recover-20220828,012,1795
393.5775,393.5935,24609.0,27706.0,Nyctalus leisleri,0.506,0.601,-1,Echolocation,/mnt/ubna_data_02_mir/recover-20220828/UBNA_012/20220826_070000.WAV,Carp Pond,recover-20220828,012,1795
393.8505,393.8645,24609.0,28977.0,Nyctalus leisleri,0.149,0.262,-1,Echolocation,/mnt/ubna_data_02_mir/recover-20220828/UBNA_012/20220826_070000.WAV,Carp Pond,recover-20220828,012,1795
394.2855,394.3021,24609.0,28680.0,Nyctalus leisleri,0.399,0.547,-1,Echolocation,/mnt/ubna_data_02_mir/recover-20220828/UBNA_012/20220826_070000.WAV,Carp Pond,recover-20220828,012,1795
394.5705,394.5875,24609.0,28504.0,Nyctalus leisleri,0.42,0.561,-1,Echolocation,/mnt/ubna_data_02_mir/recover-20220828/UBNA_012/20220826_070000.WAV,Carp Pond,recover-20220828,012,1795
395.3075,395.3249,24609.0,27721.0,Nyctalus leisleri,0.491,0.557,-1,Echolocation,/mnt/ubna_data_02_mir/recover-20220828/UBNA_012/20220826_070000.WAV,Carp Pond,recover-20220828,012,1795
405.4635,405.4785,24609.0,28163.0,Nyctalus leisleri,0.485,0.571,-1,Echolocation,/mnt/ubna_data_02_mir/recover-20220828/UBNA_012/20220826_070000.WAV,Carp Pond,recover-20220828,012,1795
409.4085,409.424,24609.0,29079.0,Nyctalus leisleri,0.179,0.285,-1,Echolocation,/mnt/ubna_data_02_mir/recover-20220828/UBNA_012/20220826_070000.WAV,Carp Pond,recover-20220828,012,1795
410.4655,410.484,24609.0,28257.0,Nyctalus leisleri,0.191,0.273,-1,Echolocation,/mnt/ubna_data_02_mir/recover-20220828/UBNA_012/20220826_070000.WAV,Carp Pond,recover-20220828,012,1795
411.0645,411.0834,24609.0,28509.0,Nyctalus leisleri,0.151,0.264,-1,Echolocation,/mnt/ubna_data_02_mir/recover-20220828/UBNA_012/20220826_070000.WAV,Carp Pond,recover-20220828,012,1795
411.6665,411.6837,25468.0,29162.0,Nyctalus leisleri,0.256,0.346,-1,Echolocation,/mnt/ubna_data_02_mir/recover-20220828/UBNA_012/20220826_070000.WAV,Carp Pond,recover-20220828,012,1795
411.9725,411.9894,24609.0,27851.0,Nyctalus leisleri,0.36,0.435,-1,Echolocation,/mnt/ubna_data_02_mir/recover-20220828/UBNA_012/20220826_070000.WAV,Carp Pond,recover-20220828,012,1795
412.4145,412.4312,24609.0,28398.0,Nyctalus leisleri,0.173,0.267,-1,Echolocation,/mnt/ubna_data_02_mir/recover-20220828/UBNA_012/20220826_070000.WAV,Carp Pond,recover-20220828,012,1795
412.8555,412.8772,23750.0,27722.0,Nyctalus leisleri,0.182,0.279,-1,Echolocation,/mnt/ubna_data_02_mir/recover-20220828/UBNA_012/20220826_070000.WAV,Carp Pond,recover-20220828,012,1795
413.1555,413.1726,24609.0,28239.0,Nyctalus leisleri,0.355,0.442,-1,Echolocation,/mnt/ubna_data_02_mir/recover-20220828/UBNA_012/20220826_070000.WAV,Carp Pond,recover-20220828,012,1795
413.6005,413.6141,24609.0,28066.0,Nyctalus leisleri,0.42,0.54,-1,Echolocation,/mnt/ubna_data_02_mir/recover-20220828/UBNA_012/20220826_070000.WAV,Carp Pond,recover-20220828,012,1795
414.1845,414.2067,24609.0,28806.0,Nyctalus leisleri,0.186,0.276,-1,Echolocation,/mnt/ubna_data_02_mir/recover-20220828/UBNA_012/20220826_070000.WAV,Carp Pond,recover-20220828,012,1795
414.9295,414.9484,24609.0,28348.0,Nyctalus leisleri,0.289,0.399,-1,Echolocation,/mnt/ubna_data_02_mir/recover-20220828/UBNA_012/20220826_070000.WAV,Carp Pond,recover-20220828,012,1795
415.6595,415.6809,24609.0,29605.0,Nyctalus leisleri,0.189,0.314,-1,Echolocation,/mnt/ubna_data_02_mir/recover-20220828/UBNA_012/20220826_070000.WAV,Carp Pond,recover-20220828,012,1795
415.9665,415.98720000000003,25468.0,28877.0,Nyctalus leisleri,0.256,0.341,-1,Echolocation,/mnt/ubna_data_02_mir/recover-20220828/UBNA_012/20220826_070000.WAV,Carp Pond,recover-20220828,012,1795
416.5915,416.6129,24609.0,27604.0,Nyctalus leisleri,0.334,0.398,-1,Echolocation,/mnt/ubna_data_02_mir/recover-20220828/UBNA_012/20220826_070000.WAV,Carp Pond,recover-20220828,012,1795
416.8835,416.9029,24609.0,28153.0,Nyctalus leisleri,0.396,0.473,-1,Echolocation,/mnt/ubna_data_02_mir/recover-20220828/UBNA_012/20220826_070000.WAV,Carp Pond,recover-20220828,012,1795
417.1955,417.2114,24609.0,28119.0,Nyctalus leisleri,0.374,0.484,-1,Echolocation,/mnt/ubna_data_02_mir/recover-20220828/UBNA_012/20220826_070000.WAV,Carp Pond,recover-20220828,012,1795
417.4895,417.5098,24609.0,28220.0,Nyctalus leisleri,0.245,0.324,-1,Echolocation,/mnt/ubna_data_02_mir/recover-20220828/UBNA_012/20220826_070000.WAV,Carp Pond,recover-20220828,012,1795
417.7845,417.8055,24609.0,28348.0,Nyctalus leisleri,0.244,0.369,-1,Echolocation,/mnt/ubna_data_02_mir/recover-20220828/UBNA_012/20220826_070000.WAV,Carp Pond,recover-20220828,012,1795
418.20550000000003,418.225,24609.0,28358.0,Nyctalus leisleri,0.145,0.212,-1,Echolocation,/mnt/ubna_data_02_mir/recover-20220828/UBNA_012/20220826_070000.WAV,Carp Pond,recover-20220828,012,1795
418.3465,418.3636,25468.0,30567.0,Nyctalus leisleri,0.15,0.29,-1,Echolocation,/mnt/ubna_data_02_mir/recover-20220828/UBNA_012/20220826_070000.WAV,Carp Pond,recover-20220828,012,1795
418.7805,418.7964,25468.0,28561.0,Nyctalus leisleri,0.355,0.494,-1,Echolocation,/mnt/ubna_data_02_mir/recover-20220828/UBNA_012/20220826_070000.WAV,Carp Pond,recover-20220828,012,1795
419.2205,419.2381,24609.0,28539.0,Nyctalus leisleri,0.196,0.277,-1,Echolocation,/mnt/ubna_data_02_mir/recover-20220828/UBNA_012/20220826_070000.WAV,Carp Pond,recover-20220828,012,1795
419.5155,419.5342,24609.0,27787.0,Nyctalus leisleri,0.474,0.57,-1,Echolocation,/mnt/ubna_data_02_mir/recover-20220828/UBNA_012/20220826_070000.WAV,Carp Pond,recover-20220828,012,1795
420.2425,420.2616,24609.0,28937.0,Nyctalus leisleri,0.32,0.493,-1,Echolocation,/mnt/ubna_data_02_mir/recover-20220828/UBNA_012/20220826_070000.WAV,Carp Pond,recover-20220828,012,1795
420.5365,420.5493,24609.0,28658.0,Nyctalus leisleri,0.21,0.318,-1,Echolocation,/mnt/ubna_data_02_mir/recover-20220828/UBNA_012/20220826_070000.WAV,Carp Pond,recover-20220828,012,1795
420.6955,420.7112,25468.0,28502.0,Nyctalus leisleri,0.419,0.501,-1,Echolocation,/mnt/ubna_data_02_mir/recover-20220828/UBNA_012/20220826_070000.WAV,Carp Pond,recover-20220828,012,1795
420.8665,420.8821,25468.0,29431.0,Nyctalus leisleri,0.317,0.409,-1,Echolocation,/mnt/ubna_data_02_mir/recover-20220828/UBNA_012/20220826_070000.WAV,Carp Pond,recover-20220828,012,1795
421.0395,421.057,24609.0,28590.0,Nyctalus leisleri,0.435,0.553,-1,Echolocation,/mnt/ubna_data_02_mir/recover-20220828/UBNA_012/20220826_070000.WAV,Carp Pond,recover-20220828,012,1795
421.1985,421.2163,26328.0,30807.0,Nyctalus leisleri,0.175,0.332,-1,Echolocation,/mnt/ubna_data_02_mir/recover-20220828/UBNA_012/20220826_070000.WAV,Carp Pond,recover-20220828,012,1795
421.4825,421.4987,24609.0,29578.0,Nyctalus leisleri,0.346,0.483,-1,Echolocation,/mnt/ubna_data_02_mir/recover-20220828/UBNA_012/20220826_070000.WAV,Carp Pond,recover-20220828,012,1795
422.0425,422.0577,25468.0,29447.0,Nyctalus leisleri,0.214,0.328,-1,Echolocation,/mnt/ubna_data_02_mir/recover-20220828/UBNA_012/20220826_070000.WAV,Carp Pond,recover-20220828,012,1795
422.3295,422.3434,25468.0,29123.0,Nyctalus leisleri,0.3,0.348,-1,Echolocation,/mnt/ubna_data_02_mir/recover-20220828/UBNA_012/20220826_070000.WAV,Carp Pond,recover-20220828,012,1795
422.9165,422.931,25468.0,29004.0,Nyctalus leisleri,0.28,0.366,-1,Echolocation,/mnt/ubna_data_02_mir/recover-20220828/UBNA_012/20220826_070000.WAV,Carp Pond,recover-20220828,012,1795
424.8025,424.8143,25468.0,30656.0,Nyctalus leisleri,0.272,0.43,-1,Echolocation,/mnt/ubna_data_02_mir/recover-20220828/UBNA_012/20220826_070000.WAV,Carp Pond,recover-20220828,012,1795
425.9285,425.9435,25468.0,30265.0,Nyctalus leisleri,0.188,0.325,-1,Echolocation,/mnt/ubna_data_02_mir/recover-20220828/UBNA_012/20220826_070000.WAV,Carp Pond,recover-20220828,012,1795
426.1155,426.1352,24609.0,28102.0,Nyctalus leisleri,0.316,0.387,-1,Echolocation,/mnt/ubna_data_02_mir/recover-20220828/UBNA_012/20220826_070000.WAV,Carp Pond,recover-20220828,012,1795
426.4245,426.4436,23750.0,27473.0,Nyctalus leisleri,0.491,0.57,-1,Echolocation,/mnt/ubna_data_02_mir/recover-20220828/UBNA_012/20220826_070000.WAV,Carp Pond,recover-20220828,012,1795
426.8065,426.8268,24609.0,27266.0,Nyctalus leisleri,0.316,0.375,-1,Echolocation,/mnt/ubna_data_02_mir/recover-20220828/UBNA_012/20220826_070000.WAV,Carp Pond,recover-20220828,012,1795
427.2285,427.2429,23750.0,28475.0,Nyctalus leisleri,0.493,0.574,-1,Echolocation,/mnt/ubna_data_02_mir/recover-20220828/UBNA_012/20220826_070000.WAV,Carp Pond,recover-20220828,012,1795
427.6465,427.6667,23750.0,27256.0,Nyctalus leisleri,0.137,0.218,-1,Echolocation,/mnt/ubna_data_02_mir/recover-20220828/UBNA_012/20220826_070000.WAV,Carp Pond,recover-20220828,012,1795
427.9425,427.958,24609.0,28335.0,Nyctalus leisleri,0.455,0.539,-1,Echolocation,/mnt/ubna_data_02_mir/recover-20220828/UBNA_012/20220826_070000.WAV,Carp Pond,recover-20220828,012,1795
428.1725,428.1875,26328.0,31791.0,Nyctalus leisleri,0.183,0.39,-1,Echolocation,/mnt/ubna_data_02_mir/recover-20220828/UBNA_012/20220826_070000.WAV,Carp Pond,recover-20220828,012,1795
428.7575,428.7737,24609.0,27465.0,Nyctalus leisleri,0.58,0.655,-1,Echolocation,/mnt/ubna_data_02_mir/recover-20220828/UBNA_012/20220826_070000.WAV,Carp Pond,recover-20220828,012,1795
428.9365,428.9534,25468.0,28937.0,Nyctalus leisleri,0.451,0.539,-1,Echolocation,/mnt/ubna_data_02_mir/recover-20220828/UBNA_012/20220826_070000.WAV,Carp Pond,recover-20220828,012,1795
429.5315,429.546,24609.0,27357.0,Nyctalus leisleri,0.65,0.743,-1,Echolocation,/mnt/ubna_data_02_mir/recover-20220828/UBNA_012/20220826_070000.WAV,Carp Pond,recover-20220828,012,1795
429.5345,429.5456,49531.0,53695.0,Pipistrellus pipistrellus,0.292,0.491,-1,Echolocation,/mnt/ubna_data_02_mir/recover-20220828/UBNA_012/20220826_070000.WAV,Carp Pond,recover-20220828,012,1795
429.8175,429.8321,24609.0,28470.0,Nyctalus leisleri,0.465,0.595,-1,Echolocation,/mnt/ubna_data_02_mir/recover-20220828/UBNA_012/20220826_070000.WAV,Carp Pond,recover-20220828,012,1795
430.2635,430.278,24609.0,27993.0,Nyctalus leisleri,0.54,0.626,-1,Echolocation,/mnt/ubna_data_02_mir/recover-20220828/UBNA_012/20220826_070000.WAV,Carp Pond,recover-20220828,012,1795
430.5595,430.5755,24609.0,27729.0,Nyctalus leisleri,0.592,0.663,-1,Echolocation,/mnt/ubna_data_02_mir/recover-20220828/UBNA_012/20220826_070000.WAV,Carp Pond,recover-20220828,012,1795
431.1315,431.1462,24609.0,28303.0,Nyctalus leisleri,0.512,0.613,-1,Echolocation,/mnt/ubna_data_02_mir/recover-20220828/UBNA_012/20220826_070000.WAV,Carp Pond,recover-20220828,012,1795
431.4415,431.4587,24609.0,27769.0,Nyctalus leisleri,0.506,0.584,-1,Echolocation,/mnt/ubna_data_02_mir/recover-20220828/UBNA_012/20220826_070000.WAV,Carp Pond,recover-20220828,012,1795
431.7265,431.7414,24609.0,27605.0,Nyctalus leisleri,0.493,0.596,-1,Echolocation,/mnt/ubna_data_02_mir/recover-20220828/UBNA_012/20220826_070000.WAV,Carp Pond,recover-20220828,012,1795
432.7105,432.7256,25468.0,29294.0,Nyctalus leisleri,0.244,0.389,-1,Echolocation,/mnt/ubna_data_02_mir/recover-20220828/UBNA_012/20220826_070000.WAV,Carp Pond,recover-20220828,012,1795
433.2275,433.2476,24609.0,27480.0,Nyctalus leisleri,0.337,0.431,-1,Echolocation,/mnt/ubna_data_02_mir/recover-20220828/UBNA_012/20220826_070000.WAV,Carp Pond,recover-20220828,012,1795
433.4955,433.5089,25468.0,29738.0,Nyctalus leisleri,0.343,0.477,-1,Echolocation,/mnt/ubna_data_02_mir/recover-20220828/UBNA_012/20220826_070000.WAV,Carp Pond,recover-20220828,012,1795
433.7605,433.7801,24609.0,27437.0,Nyctalus leisleri,0.225,0.299,-1,Echolocation,/mnt/ubna_data_02_mir/recover-20220828/UBNA_012/20220826_070000.WAV,Carp Pond,recover-20220828,012,1795
434.04449999999997,434.0613,24609.0,27489.0,Nyctalus leisleri,0.479,0.542,-1,Echolocation,/mnt/ubna_data_02_mir/recover-20220828/UBNA_012/20220826_070000.WAV,Carp Pond,recover-20220828,012,1795
434.3345,434.3526,24609.0,27883.0,Nyctalus leisleri,0.426,0.52,-1,Echolocation,/mnt/ubna_data_02_mir/recover-20220828/UBNA_012/20220826_070000.WAV,Carp Pond,recover-20220828,012,1795
434.6215,434.6383,24609.0,28344.0,Nyctalus leisleri,0.305,0.385,-1,Echolocation,/mnt/ubna_data_02_mir/recover-20220828/UBNA_012/20220826_070000.WAV,Carp Pond,recover-20220828,012,1795
434.9125,434.9288,24609.0,29358.0,Nyctalus leisleri,0.313,0.484,-1,Echolocation,/mnt/ubna_data_02_mir/recover-20220828/UBNA_012/20220826_070000.WAV,Carp Pond,recover-20220828,012,1795
435.5185,435.5363,24609.0,28436.0,Nyctalus leisleri,0.499,0.565,-1,Echolocation,/mnt/ubna_data_02_mir/recover-20220828/UBNA_012/20220826_070000.WAV,Carp Pond,recover-20220828,012,1795
436.2415,436.2594,24609.0,27807.0,Nyctalus leisleri,0.327,0.432,-1,Echolocation,/mnt/ubna_data_02_mir/recover-20220828/UBNA_012/20220826_070000.WAV,Carp Pond,recover-20220828,012,1795
436.4035,436.4199,25468.0,30038.0,Nyctalus leisleri,0.228,0.359,-1,Echolocation,/mnt/ubna_data_02_mir/recover-20220828/UBNA_012/20220826_070000.WAV,Carp Pond,recover-20220828,012,1795
437.0585,437.0723,24609.0,28064.0,Nyctalus leisleri,0.478,0.59,-1,Echolocation,/mnt/ubna_data_02_mir/recover-20220828/UBNA_012/20220826_070000.WAV,Carp Pond,recover-20220828,012,1795
437.3665,437.3857,24609.0,29222.0,Nyctalus leisleri,0.195,0.327,-1,Echolocation,/mnt/ubna_data_02_mir/recover-20220828/UBNA_012/20220826_070000.WAV,Carp Pond,recover-20220828,012,1795
437.5335,437.5471,24609.0,29385.0,Nyctalus leisleri,0.096,0.221,-1,Echolocation,/mnt/ubna_data_02_mir/recover-20220828/UBNA_012/20220826_070000.WAV,Carp Pond,recover-20220828,012,1795
438.1205,438.1379,24609.0,28635.0,Nyctalus leisleri,0.345,0.485,-1,Echolocation,/mnt/ubna_data_02_mir/recover-20220828/UBNA_012/20220826_070000.WAV,Carp Pond,recover-20220828,012,1795
438.8585,438.8798,23750.0,27502.0,Nyctalus leisleri,0.288,0.352,-1,Echolocation,/mnt/ubna_data_02_mir/recover-20220828/UBNA_012/20220826_070000.WAV,Carp Pond,recover-20220828,012,1795
439.4365,439.4514,24609.0,27738.0,Nyctalus leisleri,0.447,0.536,-1,Echolocation,/mnt/ubna_data_02_mir/recover-20220828/UBNA_012/20220826_070000.WAV,Carp Pond,recover-20220828,012,1795
441.6185,441.6325,24609.0,28767.0,Nyctalus leisleri,0.104,0.205,-1,Echolocation,/mnt/ubna_data_02_mir/recover-20220828/UBNA_012/20220826_070000.WAV,Carp Pond,recover-20220828,012,1795
442.3215,442.3348,23750.0,28572.0,Nyctalus leisleri,0.204,0.33,-1,Echolocation,/mnt/ubna_data_02_mir/recover-20220828/UBNA_012/20220826_070000.WAV,Carp Pond,recover-20220828,012,1795
442.8725,442.8879,24609.0,29296.0,Nyctalus leisleri,0.155,0.278,-1,Echolocation,/mnt/ubna_data_02_mir/recover-20220828/UBNA_012/20220826_070000.WAV,Carp Pond,recover-20220828,012,1795
443.1365,443.15319999999997,24609.0,28756.0,Nyctalus leisleri,0.154,0.257,-1,Echolocation,/mnt/ubna_data_02_mir/recover-20220828/UBNA_012/20220826_070000.WAV,Carp Pond,recover-20220828,012,1795
443.2415,443.2583,24609.0,28695.0,Nyctalus leisleri,0.3,0.42,-1,Echolocation,/mnt/ubna_data_02_mir/recover-20220828/UBNA_012/20220826_070000.WAV,Carp Pond,recover-20220828,012,1795
443.7145,443.7313,23750.0,28769.0,Nyctalus leisleri,0.385,0.557,-1,Echolocation,/mnt/ubna_data_02_mir/recover-20220828/UBNA_012/20220826_070000.WAV,Carp Pond,recover-20220828,012,1795
444.3645,444.3778,25468.0,29516.0,Eptesicus serotinus,0.096,0.219,-1,Echolocation,/mnt/ubna_data_02_mir/recover-20220828/UBNA_012/20220826_070000.WAV,Carp Pond,recover-20220828,012,1795
445.2315,445.2456,24609.0,29037.0,Nyctalus leisleri,0.159,0.253,-1,Echolocation,/mnt/ubna_data_02_mir/recover-20220828/UBNA_012/20220826_070000.WAV,Carp Pond,recover-20220828,012,1795
446.5935,446.6123,24609.0,29102.0,Nyctalus leisleri,0.212,0.332,-1,Echolocation,/mnt/ubna_data_02_mir/recover-20220828/UBNA_012/20220826_070000.WAV,Carp Pond,recover-20220828,012,1795
447.7845,447.7988,24609.0,27822.0,Nyctalus leisleri,0.446,0.532,-1,Echolocation,/mnt/ubna_data_02_mir/recover-20220828/UBNA_012/20220826_070000.WAV,Carp Pond,recover-20220828,012,1795
450.7985,450.8109,24609.0,29239.0,Nyctalus leisleri,0.361,0.561,-1,Echolocation,/mnt/ubna_data_02_mir/recover-20220828/UBNA_012/20220826_070000.WAV,Carp Pond,recover-20220828,012,1795
451.2205,451.2321,23750.0,29474.0,Eptesicus serotinus,0.082,0.208,-1,Echolocation,/mnt/ubna_data_02_mir/recover-20220828/UBNA_012/20220826_070000.WAV,Carp Pond,recover-20220828,012,1795
454.0785,454.0975,23750.0,27719.0,Nyctalus leisleri,0.124,0.21,-1,Echolocation,/mnt/ubna_data_02_mir/recover-20220828/UBNA_012/20220826_070000.WAV,Carp Pond,recover-20220828,012,1795
454.5205,454.5355,23750.0,27953.0,Nyctalus leisleri,0.146,0.257,-1,Echolocation,/mnt/ubna_data_02_mir/recover-20220828/UBNA_012/20220826_070000.WAV,Carp Pond,recover-20220828,012,1795
455.0695,455.0816,23750.0,29167.0,Nyctalus leisleri,0.089,0.208,-1,Echolocation,/mnt/ubna_data_02_mir/recover-20220828/UBNA_012/20220826_070000.WAV,Carp Pond,recover-20220828,012,1795
455.9075,455.9214,24609.0,29236.0,Nyctalus leisleri,0.407,0.587,-1,Echolocation,/mnt/ubna_data_02_mir/recover-20220828/UBNA_012/20220826_070000.WAV,Carp Pond,recover-20220828,012,1795
456.1745,456.1871,23750.0,28749.0,Nyctalus leisleri,0.272,0.419,-1,Echolocation,/mnt/ubna_data_02_mir/recover-20220828/UBNA_012/20220826_070000.WAV,Carp Pond,recover-20220828,012,1795
456.4435,456.4609,24609.0,28825.0,Nyctalus leisleri,0.289,0.426,-1,Echolocation,/mnt/ubna_data_02_mir/recover-20220828/UBNA_012/20220826_070000.WAV,Carp Pond,recover-20220828,012,1795
457.1275,457.1419,24609.0,29066.0,Nyctalus leisleri,0.32,0.46,-1,Echolocation,/mnt/ubna_data_02_mir/recover-20220828/UBNA_012/20220826_070000.WAV,Carp Pond,recover-20220828,012,1795
457.3845,457.3972,23750.0,30110.0,Eptesicus serotinus,0.194,0.382,-1,Echolocation,/mnt/ubna_data_02_mir/recover-20220828/UBNA_012/20220826_070000.WAV,Carp Pond,recover-20220828,012,1795
457.6695,457.6817,26328.0,31107.0,Eptesicus serotinus,0.156,0.33,-1,Echolocation,/mnt/ubna_data_02_mir/recover-20220828/UBNA_012/20220826_070000.WAV,Carp Pond,recover-20220828,012,1795
457.8835,457.8986,23750.0,30077.0,Nyctalus leisleri,0.259,0.597,-1,Echolocation,/mnt/ubna_data_02_mir/recover-20220828/UBNA_012/20220826_070000.WAV,Carp Pond,recover-20220828,012,1795
458.1805,458.1929,27187.0,32659.0,Nyctalus leisleri,0.187,0.37,-1,Echolocation,/mnt/ubna_data_02_mir/recover-20220828/UBNA_012/20220826_070000.WAV,Carp Pond,recover-20220828,012,1795
458.4175,458.4293,27187.0,32516.0,Nyctalus leisleri,0.238,0.454,-1,Echolocation,/mnt/ubna_data_02_mir/recover-20220828/UBNA_012/20220826_070000.WAV,Carp Pond,recover-20220828,012,1795
458.6345,458.6487,23750.0,28764.0,Nyctalus leisleri,0.271,0.467,-1,Echolocation,/mnt/ubna_data_02_mir/recover-20220828/UBNA_012/20220826_070000.WAV,Carp Pond,recover-20220828,012,1795
458.9205,458.9315,26328.0,32641.0,Eptesicus serotinus,0.302,0.482,-1,Echolocation,/mnt/ubna_data_02_mir/recover-20220828/UBNA_012/20220826_070000.WAV,Carp Pond,recover-20220828,012,1795
459.2655,459.2846,26328.0,31008.0,Nyctalus leisleri,0.147,0.243,-1,Echolocation,/mnt/ubna_data_02_mir/recover-20220828/UBNA_012/20220826_070000.WAV,Carp Pond,recover-20220828,012,1795
459.3885,459.4016,27187.0,32491.0,Nyctalus leisleri,0.171,0.371,-1,Echolocation,/mnt/ubna_data_02_mir/recover-20220828/UBNA_012/20220826_070000.WAV,Carp Pond,recover-20220828,012,1795
459.4375,459.4542,23750.0,27893.0,Nyctalus leisleri,0.255,0.368,-1,Echolocation,/mnt/ubna_data_02_mir/recover-20220828/UBNA_012/20220826_070000.WAV,Carp Pond,recover-20220828,012,1795
459.6185,459.6328,26328.0,32757.0,Eptesicus serotinus,0.241,0.411,-1,Echolocation,/mnt/ubna_data_02_mir/recover-20220828/UBNA_012/20220826_070000.WAV,Carp Pond,recover-20220828,012,1795
459.7235,459.7396,22890.0,27115.0,Nyctalus leisleri,0.147,0.266,-1,Echolocation,/mnt/ubna_data_02_mir/recover-20220828/UBNA_012/20220826_070000.WAV,Carp Pond,recover-20220828,012,1795
459.9915,460.0028,26328.0,33195.0,Eptesicus serotinus,0.214,0.403,-1,Echolocation,/mnt/ubna_data_02_mir/recover-20220828/UBNA_012/20220826_070000.WAV,Carp Pond,recover-20220828,012,1795
460.1165,460.1305,26328.0,31366.0,Nyctalus leisleri,0.161,0.262,-1,Echolocation,/mnt/ubna_data_02_mir/recover-20220828/UBNA_012/20220826_070000.WAV,Carp Pond,recover-20220828,012,1795
460.2445,460.2571,25468.0,30135.0,Nyctalus leisleri,0.196,0.362,-1,Echolocation,/mnt/ubna_data_02_mir/recover-20220828/UBNA_012/20220826_070000.WAV,Carp Pond,recover-20220828,012,1795
460.4805,460.4944,25468.0,32068.0,Nyctalus leisleri,0.367,0.596,-1,Echolocation,/mnt/ubna_data_02_mir/recover-20220828/UBNA_012/20220826_070000.WAV,Carp Pond,recover-20220828,012,1795
460.6205,460.6338,25468.0,31315.0,Nyctalus leisleri,0.239,0.46,-1,Echolocation,/mnt/ubna_data_02_mir/recover-20220828/UBNA_012/20220826_070000.WAV,Carp Pond,recover-20220828,012,1795
460.8665,460.8802,26328.0,33156.0,Eptesicus serotinus,0.279,0.513,-1,Echolocation,/mnt/ubna_data_02_mir/recover-20220828/UBNA_012/20220826_070000.WAV,Carp Pond,recover-20220828,012,1795
460.9965,461.0073,26328.0,32572.0,Eptesicus serotinus,0.17,0.338,-1,Echolocation,/mnt/ubna_data_02_mir/recover-20220828/UBNA_012/20220826_070000.WAV,Carp Pond,recover-20220828,012,1795
461.3785,461.3925,25468.0,32524.0,Eptesicus serotinus,0.278,0.541,-1,Echolocation,/mnt/ubna_data_02_mir/recover-20220828/UBNA_012/20220826_070000.WAV,Carp Pond,recover-20220828,012,1795
461.6365,461.6487,26328.0,32225.0,Nyctalus leisleri,0.25,0.522,-1,Echolocation,/mnt/ubna_data_02_mir/recover-20220828/UBNA_012/20220826_070000.WAV,Carp Pond,recover-20220828,012,1795
462.0215,462.0361,26328.0,31215.0,Nyctalus leisleri,0.269,0.507,-1,Echolocation,/mnt/ubna_data_02_mir/recover-20220828/UBNA_012/20220826_070000.WAV,Carp Pond,recover-20220828,012,1795
462.1265,462.14,27187.0,33170.0,Eptesicus serotinus,0.188,0.281,-1,Echolocation,/mnt/ubna_data_02_mir/recover-20220828/UBNA_012/20220826_070000.WAV,Carp Pond,recover-20220828,012,1795
462.2685,462.2798,25468.0,30205.0,Eptesicus serotinus,0.138,0.286,-1,Echolocation,/mnt/ubna_data_02_mir/recover-20220828/UBNA_012/20220826_070000.WAV,Carp Pond,recover-20220828,012,1795
462.5155,462.5275,25468.0,31913.0,Nyctalus leisleri,0.442,0.637,-1,Echolocation,/mnt/ubna_data_02_mir/recover-20220828/UBNA_012/20220826_070000.WAV,Carp Pond,recover-20220828,012,1795
463.0225,463.0367,25468.0,29882.0,Nyctalus leisleri,0.323,0.463,-1,Echolocation,/mnt/ubna_data_02_mir/recover-20220828/UBNA_012/20220826_070000.WAV,Carp Pond,recover-20220828,012,1795
463.5245,463.5386,25468.0,30770.0,Nyctalus leisleri,0.351,0.51,-1,Echolocation,/mnt/ubna_data_02_mir/recover-20220828/UBNA_012/20220826_070000.WAV,Carp Pond,recover-20220828,012,1795
463.6535,463.6684,25468.0,29834.0,Nyctalus leisleri,0.364,0.524,-1,Echolocation,/mnt/ubna_data_02_mir/recover-20220828/UBNA_012/20220826_070000.WAV,Carp Pond,recover-20220828,012,1795
463.7845,463.7968,25468.0,30293.0,Nyctalus leisleri,0.271,0.407,-1,Echolocation,/mnt/ubna_data_02_mir/recover-20220828/UBNA_012/20220826_070000.WAV,Carp Pond,recover-20220828,012,1795
463.9055,463.9194,25468.0,29418.0,Nyctalus leisleri,0.368,0.51,-1,Echolocation,/mnt/ubna_data_02_mir/recover-20220828/UBNA_012/20220826_070000.WAV,Carp Pond,recover-20220828,012,1795
464.0505,464.0615,25468.0,30439.0,Nyctalus leisleri,0.423,0.524,-1,Echolocation,/mnt/ubna_data_02_mir/recover-20220828/UBNA_012/20220826_070000.WAV,Carp Pond,recover-20220828,012,1795
465.6045,465.6168,26328.0,30756.0,Nyctalus leisleri,0.422,0.585,-1,Echolocation,/mnt/ubna_data_02_mir/recover-20220828/UBNA_012/20220826_070000.WAV,Carp Pond,recover-20220828,012,1795
465.9615,465.9829,24609.0,29976.0,Nyctalus leisleri,0.211,0.398,-1,Echolocation,/mnt/ubna_data_02_mir/recover-20220828/UBNA_012/20220826_070000.WAV,Carp Pond,recover-20220828,012,1795
466.4635,466.4771,25468.0,30550.0,Nyctalus leisleri,0.35,0.649,-1,Echolocation,/mnt/ubna_data_02_mir/recover-20220828/UBNA_012/20220826_070000.WAV,Carp Pond,recover-20220828,012,1795
467.0955,467.1175,25468.0,28812.0,Nyctalus leisleri,0.17,0.244,-1,Echolocation,/mnt/ubna_data_02_mir/recover-20220828/UBNA_012/20220826_070000.WAV,Carp Pond,recover-20220828,012,1795
467.3465,467.3608,25468.0,30648.0,Nyctalus leisleri,0.186,0.386,-1,Echolocation,/mnt/ubna_data_02_mir/recover-20220828/UBNA_012/20220826_070000.WAV,Carp Pond,recover-20220828,012,1795
468.2955,468.3089,24609.0,29173.0,Nyctalus leisleri,0.297,0.462,-1,Echolocation,/mnt/ubna_data_02_mir/recover-20220828/UBNA_012/20220826_070000.WAV,Carp Pond,recover-20220828,012,1795
468.4305,468.4428,26328.0,31307.0,Nyctalus leisleri,0.26,0.463,-1,Echolocation,/mnt/ubna_data_02_mir/recover-20220828/UBNA_012/20220826_070000.WAV,Carp Pond,recover-20220828,012,1795
468.8565,468.8682,24609.0,28867.0,Nyctalus leisleri,0.21,0.364,-1,Echolocation,/mnt/ubna_data_02_mir/recover-20220828/UBNA_012/20220826_070000.WAV,Carp Pond,recover-20220828,012,1795
469.3565,469.3698,25468.0,28890.0,Nyctalus leisleri,0.338,0.481,-1,Echolocation,/mnt/ubna_data_02_mir/recover-20220828/UBNA_012/20220826_070000.WAV,Carp Pond,recover-20220828,012,1795
469.3925,469.4037,27187.0,32927.0,Eptesicus serotinus,0.233,0.389,-1,Echolocation,/mnt/ubna_data_02_mir/recover-20220828/UBNA_012/20220826_070000.WAV,Carp Pond,recover-20220828,012,1795
469.8495,469.8628,25468.0,31684.0,Eptesicus serotinus,0.123,0.218,-1,Echolocation,/mnt/ubna_data_02_mir/recover-20220828/UBNA_012/20220826_070000.WAV,Carp Pond,recover-20220828,012,1795
470.0085,470.0211,25468.0,30459.0,Nyctalus leisleri,0.296,0.612,-1,Echolocation,/mnt/ubna_data_02_mir/recover-20220828/UBNA_012/20220826_070000.WAV,Carp Pond,recover-20220828,012,1795
470.1395,470.1526,25468.0,31198.0,Nyctalus leisleri,0.321,0.583,-1,Echolocation,/mnt/ubna_data_02_mir/recover-20220828/UBNA_012/20220826_070000.WAV,Carp Pond,recover-20220828,012,1795
470.4275,470.44010000000003,27187.0,32468.0,Eptesicus serotinus,0.205,0.402,-1,Echolocation,/mnt/ubna_data_02_mir/recover-20220828/UBNA_012/20220826_070000.WAV,Carp Pond,recover-20220828,012,1795
470.7105,470.7222,24609.0,32032.0,Eptesicus serotinus,0.343,0.625,-1,Echolocation,/mnt/ubna_data_02_mir/recover-20220828/UBNA_012/20220826_070000.WAV,Carp Pond,recover-20220828,012,1795
470.9805,470.994,27187.0,32423.0,Eptesicus serotinus,0.143,0.31,-1,Echolocation,/mnt/ubna_data_02_mir/recover-20220828/UBNA_012/20220826_070000.WAV,Carp Pond,recover-20220828,012,1795
471.2715,471.2822,24609.0,30045.0,Nyctalus leisleri,0.283,0.508,-1,Echolocation,/mnt/ubna_data_02_mir/recover-20220828/UBNA_012/20220826_070000.WAV,Carp Pond,recover-20220828,012,1795
471.58050000000003,471.5925,27187.0,33231.0,Eptesicus serotinus,0.245,0.523,-1,Echolocation,/mnt/ubna_data_02_mir/recover-20220828/UBNA_012/20220826_070000.WAV,Carp Pond,recover-20220828,012,1795
471.8555,471.8669,25468.0,30932.0,Nyctalus leisleri,0.203,0.455,-1,Echolocation,/mnt/ubna_data_02_mir/recover-20220828/UBNA_012/20220826_070000.WAV,Carp Pond,recover-20220828,012,1795
472.1245,472.13779999999997,25468.0,29032.0,Nyctalus leisleri,0.376,0.524,-1,Echolocation,/mnt/ubna_data_02_mir/recover-20220828/UBNA_012/20220826_070000.WAV,Carp Pond,recover-20220828,012,1795
472.4045,472.4169,26328.0,31931.0,Eptesicus serotinus,0.231,0.512,-1,Echolocation,/mnt/ubna_data_02_mir/recover-20220828/UBNA_012/20220826_070000.WAV,Carp Pond,recover-20220828,012,1795
472.6075,472.6211,24609.0,28956.0,Nyctalus leisleri,0.122,0.26,-1,Echolocation,/mnt/ubna_data_02_mir/recover-20220828/UBNA_012/20220826_070000.WAV,Carp Pond,recover-20220828,012,1795
472.6945,472.7062,24609.0,29623.0,Nyctalus leisleri,0.39,0.524,-1,Echolocation,/mnt/ubna_data_02_mir/recover-20220828/UBNA_012/20220826_070000.WAV,Carp Pond,recover-20220828,012,1795
472.9865,472.9984,26328.0,33126.0,Eptesicus serotinus,0.283,0.603,-1,Echolocation,/mnt/ubna_data_02_mir/recover-20220828/UBNA_012/20220826_070000.WAV,Carp Pond,recover-20220828,012,1795
473.4115,473.4262,24609.0,28511.0,Nyctalus leisleri,0.354,0.504,-1,Echolocation,/mnt/ubna_data_02_mir/recover-20220828/UBNA_012/20220826_070000.WAV,Carp Pond,recover-20220828,012,1795
473.7075,473.722,27187.0,32569.0,Nyctalus leisleri,0.213,0.43,-1,Echolocation,/mnt/ubna_data_02_mir/recover-20220828/UBNA_012/20220826_070000.WAV,Carp Pond,recover-20220828,012,1795
474.1345,474.147,24609.0,29160.0,Nyctalus leisleri,0.373,0.551,-1,Echolocation,/mnt/ubna_data_02_mir/recover-20220828/UBNA_012/20220826_070000.WAV,Carp Pond,recover-20220828,012,1795
474.2795,474.2895,26328.0,33423.0,Eptesicus serotinus,0.301,0.663,-1,Echolocation,/mnt/ubna_data_02_mir/recover-20220828/UBNA_012/20220826_070000.WAV,Carp Pond,recover-20220828,012,1795
474.5715,474.5835,24609.0,29406.0,Nyctalus leisleri,0.309,0.472,-1,Echolocation,/mnt/ubna_data_02_mir/recover-20220828/UBNA_012/20220826_070000.WAV,Carp Pond,recover-20220828,012,1795
474.8525,474.8648,26328.0,34267.0,Eptesicus serotinus,0.371,0.507,-1,Echolocation,/mnt/ubna_data_02_mir/recover-20220828/UBNA_012/20220826_070000.WAV,Carp Pond,recover-20220828,012,1795
475.1385,475.1512,25468.0,29911.0,Nyctalus leisleri,0.391,0.593,-1,Echolocation,/mnt/ubna_data_02_mir/recover-20220828/UBNA_012/20220826_070000.WAV,Carp Pond,recover-20220828,012,1795
475.4295,475.4431,26328.0,34494.0,Eptesicus serotinus,0.346,0.544,-1,Echolocation,/mnt/ubna_data_02_mir/recover-20220828/UBNA_012/20220826_070000.WAV,Carp Pond,recover-20220828,012,1795
478.3125,478.3254,26328.0,32440.0,Nyctalus leisleri,0.282,0.636,-1,Echolocation,/mnt/ubna_data_02_mir/recover-20220828/UBNA_012/20220826_070000.WAV,Carp Pond,recover-20220828,012,1795
478.5985,478.6125,24609.0,30525.0,Nyctalus leisleri,0.274,0.589,-1,Echolocation,/mnt/ubna_data_02_mir/recover-20220828/UBNA_012/20220826_070000.WAV,Carp Pond,recover-20220828,012,1795
479.0235,479.0381,25468.0,33358.0,Eptesicus serotinus,0.356,0.58,-1,Echolocation,/mnt/ubna_data_02_mir/recover-20220828/UBNA_012/20220826_070000.WAV,Carp Pond,recover-20220828,012,1795
479.3195,479.3319,24609.0,30810.0,Eptesicus serotinus,0.294,0.616,-1,Echolocation,/mnt/ubna_data_02_mir/recover-20220828/UBNA_012/20220826_070000.WAV,Carp Pond,recover-20220828,012,1795
479.6255,479.6391,24609.0,32857.0,Eptesicus serotinus,0.377,0.547,-1,Echolocation,/mnt/ubna_data_02_mir/recover-20220828/UBNA_012/20220826_070000.WAV,Carp Pond,recover-20220828,012,1795
479.9255,479.94,23750.0,29477.0,Nyctalus leisleri,0.259,0.567,-1,Echolocation,/mnt/ubna_data_02_mir/recover-20220828/UBNA_012/20220826_070000.WAV,Carp Pond,recover-20220828,012,1795
480.3585,480.3731,24609.0,32219.0,Eptesicus serotinus,0.356,0.585,-1,Echolocation,/mnt/ubna_data_02_mir/recover-20220828/UBNA_012/20220826_070000.WAV,Carp Pond,recover-20220828,012,1795
480.6655,480.678,24609.0,29284.0,Nyctalus leisleri,0.423,0.622,-1,Echolocation,/mnt/ubna_data_02_mir/recover-20220828/UBNA_012/20220826_070000.WAV,Carp Pond,recover-20220828,012,1795
480.9675,480.9798,24609.0,32481.0,Eptesicus serotinus,0.405,0.609,-1,Echolocation,/mnt/ubna_data_02_mir/recover-20220828/UBNA_012/20220826_070000.WAV,Carp Pond,recover-20220828,012,1795
481.9095,481.9194,27187.0,33283.0,Eptesicus serotinus,0.175,0.361,-1,Echolocation,/mnt/ubna_data_02_mir/recover-20220828/UBNA_012/20220826_070000.WAV,Carp Pond,recover-20220828,012,1795
483.2745,483.2886,24609.0,31021.0,Eptesicus serotinus,0.266,0.527,-1,Echolocation,/mnt/ubna_data_02_mir/recover-20220828/UBNA_012/20220826_070000.WAV,Carp Pond,recover-20220828,012,1795
483.4255,483.4399,24609.0,30205.0,Eptesicus serotinus,0.208,0.518,-1,Echolocation,/mnt/ubna_data_02_mir/recover-20220828/UBNA_012/20220826_070000.WAV,Carp Pond,recover-20220828,012,1795
483.6975,483.7141,24609.0,31108.0,Eptesicus serotinus,0.266,0.564,-1,Echolocation,/mnt/ubna_data_02_mir/recover-20220828/UBNA_012/20220826_070000.WAV,Carp Pond,recover-20220828,012,1795
483.9745,483.9872,25468.0,30861.0,Nyctalus leisleri,0.306,0.631,-1,Echolocation,/mnt/ubna_data_02_mir/recover-20220828/UBNA_012/20220826_070000.WAV,Carp Pond,recover-20220828,012,1795
484.2615,484.2784,24609.0,28538.0,Nyctalus leisleri,0.359,0.476,-1,Echolocation,/mnt/ubna_data_02_mir/recover-20220828/UBNA_012/20220826_070000.WAV,Carp Pond,recover-20220828,012,1795
484.6845,484.6982,25468.0,30803.0,Eptesicus serotinus,0.24,0.561,-1,Echolocation,/mnt/ubna_data_02_mir/recover-20220828/UBNA_012/20220826_070000.WAV,Carp Pond,recover-20220828,012,1795
484.9655,484.9801,24609.0,30614.0,Nyctalus leisleri,0.264,0.58,-1,Echolocation,/mnt/ubna_data_02_mir/recover-20220828/UBNA_012/20220826_070000.WAV,Carp Pond,recover-20220828,012,1795
485.5345,485.5482,25468.0,30121.0,Nyctalus leisleri,0.374,0.584,-1,Echolocation,/mnt/ubna_data_02_mir/recover-20220828/UBNA_012/20220826_070000.WAV,Carp Pond,recover-20220828,012,1795
485.8265,485.8445,24609.0,30486.0,Nyctalus leisleri,0.163,0.353,-1,Echolocation,/mnt/ubna_data_02_mir/recover-20220828/UBNA_012/20220826_070000.WAV,Carp Pond,recover-20220828,012,1795
486.2485,486.2623,26328.0,32566.0,Eptesicus serotinus,0.278,0.618,-1,Echolocation,/mnt/ubna_data_02_mir/recover-20220828/UBNA_012/20220826_070000.WAV,Carp Pond,recover-20220828,012,1795
486.5465,486.5613,24609.0,30786.0,Eptesicus serotinus,0.278,0.563,-1,Echolocation,/mnt/ubna_data_02_mir/recover-20220828/UBNA_012/20220826_070000.WAV,Carp Pond,recover-20220828,012,1795
486.9685,486.9833,25468.0,32260.0,Eptesicus serotinus,0.299,0.581,-1,Echolocation,/mnt/ubna_data_02_mir/recover-20220828/UBNA_012/20220826_070000.WAV,Carp Pond,recover-20220828,012,1795
487.3935,487.4092,24609.0,30383.0,Eptesicus serotinus,0.241,0.545,-1,Echolocation,/mnt/ubna_data_02_mir/recover-20220828/UBNA_012/20220826_070000.WAV,Carp Pond,recover-20220828,012,1795
487.8315,487.8473,24609.0,31439.0,Eptesicus serotinus,0.313,0.577,-1,Echolocation,/mnt/ubna_data_02_mir/recover-20220828/UBNA_012/20220826_070000.WAV,Carp Pond,recover-20220828,012,1795
488.1225,488.1357,23750.0,31454.0,Eptesicus serotinus,0.358,0.535,-1,Echolocation,/mnt/ubna_data_02_mir/recover-20220828/UBNA_012/20220826_070000.WAV,Carp Pond,recover-20220828,012,1795
488.5585,488.5731,24609.0,31354.0,Eptesicus serotinus,0.335,0.57,-1,Echolocation,/mnt/ubna_data_02_mir/recover-20220828/UBNA_012/20220826_070000.WAV,Carp Pond,recover-20220828,012,1795
488.8625,488.8779,23750.0,30487.0,Eptesicus serotinus,0.292,0.558,-1,Echolocation,/mnt/ubna_data_02_mir/recover-20220828/UBNA_012/20220826_070000.WAV,Carp Pond,recover-20220828,012,1795
488.8735,488.8822,48671.0,52033.0,Pipistrellus pipistrellus,0.261,0.395,-1,Echolocation,/mnt/ubna_data_02_mir/recover-20220828/UBNA_012/20220826_070000.WAV,Carp Pond,recover-20220828,012,1795
489.3215,489.3352,24609.0,32899.0,Eptesicus serotinus,0.374,0.544,-1,Echolocation,/mnt/ubna_data_02_mir/recover-20220828/UBNA_012/20220826_070000.WAV,Carp Pond,recover-20220828,012,1795
489.6225,489.6368,23750.0,30892.0,Eptesicus serotinus,0.296,0.576,-1,Echolocation,/mnt/ubna_data_02_mir/recover-20220828/UBNA_012/20220826_070000.WAV,Carp Pond,recover-20220828,012,1795
489.6335,489.6417,47812.0,51320.0,Pipistrellus pipistrellus,0.288,0.399,-1,Echolocation,/mnt/ubna_data_02_mir/recover-20220828/UBNA_012/20220826_070000.WAV,Carp Pond,recover-20220828,012,1795
490.0525,490.0665,24609.0,32862.0,Eptesicus serotinus,0.361,0.551,-1,Echolocation,/mnt/ubna_data_02_mir/recover-20220828/UBNA_012/20220826_070000.WAV,Carp Pond,recover-20220828,012,1795
490.3445,490.3587,24609.0,30126.0,Nyctalus leisleri,0.298,0.581,-1,Echolocation,/mnt/ubna_data_02_mir/recover-20220828/UBNA_012/20220826_070000.WAV,Carp Pond,recover-20220828,012,1795
490.7845,490.8015,24609.0,31352.0,Eptesicus serotinus,0.293,0.507,-1,Echolocation,/mnt/ubna_data_02_mir/recover-20220828/UBNA_012/20220826_070000.WAV,Carp Pond,recover-20220828,012,1795
491.0825,491.0965,23750.0,30696.0,Eptesicus serotinus,0.304,0.612,-1,Echolocation,/mnt/ubna_data_02_mir/recover-20220828/UBNA_012/20220826_070000.WAV,Carp Pond,recover-20220828,012,1795
491.5285,491.5444,23750.0,32069.0,Eptesicus serotinus,0.379,0.52,-1,Echolocation,/mnt/ubna_data_02_mir/recover-20220828/UBNA_012/20220826_070000.WAV,Carp Pond,recover-20220828,012,1795
491.8375,491.8507,24609.0,29754.0,Nyctalus leisleri,0.335,0.607,-1,Echolocation,/mnt/ubna_data_02_mir/recover-20220828/UBNA_012/20220826_070000.WAV,Carp Pond,recover-20220828,012,1795
492.1275,492.1416,24609.0,31602.0,Eptesicus serotinus,0.313,0.54,-1,Echolocation,/mnt/ubna_data_02_mir/recover-20220828/UBNA_012/20220826_070000.WAV,Carp Pond,recover-20220828,012,1795
492.1375,492.14639999999997,48671.0,52495.0,Pipistrellus pipistrellus,0.167,0.259,-1,Echolocation,/mnt/ubna_data_02_mir/recover-20220828/UBNA_012/20220826_070000.WAV,Carp Pond,recover-20220828,012,1795
492.4085,492.4235,24609.0,30362.0,Eptesicus serotinus,0.231,0.573,-1,Echolocation,/mnt/ubna_data_02_mir/recover-20220828/UBNA_012/20220826_070000.WAV,Carp Pond,recover-20220828,012,1795
492.7185,492.7317,24609.0,33631.0,Eptesicus serotinus,0.422,0.611,-1,Echolocation,/mnt/ubna_data_02_mir/recover-20220828/UBNA_012/20220826_070000.WAV,Carp Pond,recover-20220828,012,1795
493.1755,493.1885,24609.0,31023.0,Eptesicus serotinus,0.274,0.615,-1,Echolocation,/mnt/ubna_data_02_mir/recover-20220828/UBNA_012/20220826_070000.WAV,Carp Pond,recover-20220828,012,1795
493.4835,493.5009,25468.0,31889.0,Eptesicus serotinus,0.257,0.507,-1,Echolocation,/mnt/ubna_data_02_mir/recover-20220828/UBNA_012/20220826_070000.WAV,Carp Pond,recover-20220828,012,1795
493.9225,493.9387,23750.0,29860.0,Eptesicus serotinus,0.239,0.535,-1,Echolocation,/mnt/ubna_data_02_mir/recover-20220828/UBNA_012/20220826_070000.WAV,Carp Pond,recover-20220828,012,1795
494.2225,494.2368,24609.0,32196.0,Eptesicus serotinus,0.389,0.554,-1,Echolocation,/mnt/ubna_data_02_mir/recover-20220828/UBNA_012/20220826_070000.WAV,Carp Pond,recover-20220828,012,1795
494.5455,494.5593,24609.0,31751.0,Eptesicus serotinus,0.353,0.57,-1,Echolocation,/mnt/ubna_data_02_mir/recover-20220828/UBNA_012/20220826_070000.WAV,Carp Pond,recover-20220828,012,1795
494.8415,494.8576,23750.0,29969.0,Nyctalus leisleri,0.281,0.612,-1,Echolocation,/mnt/ubna_data_02_mir/recover-20220828/UBNA_012/20220826_070000.WAV,Carp Pond,recover-20220828,012,1795
495.1265,495.1409,24609.0,31178.0,Eptesicus serotinus,0.328,0.551,-1,Echolocation,/mnt/ubna_data_02_mir/recover-20220828/UBNA_012/20220826_070000.WAV,Carp Pond,recover-20220828,012,1795
495.4305,495.4456,24609.0,30196.0,Nyctalus leisleri,0.252,0.599,-1,Echolocation,/mnt/ubna_data_02_mir/recover-20220828/UBNA_012/20220826_070000.WAV,Carp Pond,recover-20220828,012,1795
495.8805,495.8951,24609.0,32120.0,Eptesicus serotinus,0.357,0.541,-1,Echolocation,/mnt/ubna_data_02_mir/recover-20220828/UBNA_012/20220826_070000.WAV,Carp Pond,recover-20220828,012,1795
496.0295,496.0434,24609.0,32859.0,Eptesicus serotinus,0.373,0.577,-1,Echolocation,/mnt/ubna_data_02_mir/recover-20220828/UBNA_012/20220826_070000.WAV,Carp Pond,recover-20220828,012,1795
496.3445,496.358,24609.0,31992.0,Eptesicus serotinus,0.294,0.622,-1,Echolocation,/mnt/ubna_data_02_mir/recover-20220828/UBNA_012/20220826_070000.WAV,Carp Pond,recover-20220828,012,1795
496.6555,496.66949999999997,24609.0,33898.0,Eptesicus serotinus,0.417,0.574,-1,Echolocation,/mnt/ubna_data_02_mir/recover-20220828/UBNA_012/20220826_070000.WAV,Carp Pond,recover-20220828,012,1795
496.6645,496.6735,50390.0,53769.0,Pipistrellus pipistrellus,0.213,0.276,-1,Echolocation,/mnt/ubna_data_02_mir/recover-20220828/UBNA_012/20220826_070000.WAV,Carp Pond,recover-20220828,012,1795
497.1205,497.1344,25468.0,31886.0,Eptesicus serotinus,0.35,0.606,-1,Echolocation,/mnt/ubna_data_02_mir/recover-20220828/UBNA_012/20220826_070000.WAV,Carp Pond,recover-20220828,012,1795
497.4115,497.426,24609.0,30297.0,Nyctalus leisleri,0.249,0.585,-1,Echolocation,/mnt/ubna_data_02_mir/recover-20220828/UBNA_012/20220826_070000.WAV,Carp Pond,recover-20220828,012,1795
497.8735,497.889,24609.0,31519.0,Eptesicus serotinus,0.297,0.553,-1,Echolocation,/mnt/ubna_data_02_mir/recover-20220828/UBNA_012/20220826_070000.WAV,Carp Pond,recover-20220828,012,1795
498.0415,498.0548,25468.0,33406.0,Eptesicus serotinus,0.362,0.608,-1,Echolocation,/mnt/ubna_data_02_mir/recover-20220828/UBNA_012/20220826_070000.WAV,Carp Pond,recover-20220828,012,1795
498.3375,498.3518,24609.0,30743.0,Nyctalus leisleri,0.248,0.591,-1,Echolocation,/mnt/ubna_data_02_mir/recover-20220828/UBNA_012/20220826_070000.WAV,Carp Pond,recover-20220828,012,1795
498.6425,498.6554,25468.0,33718.0,Eptesicus serotinus,0.382,0.617,-1,Echolocation,/mnt/ubna_data_02_mir/recover-20220828/UBNA_012/20220826_070000.WAV,Carp Pond,recover-20220828,012,1795
499.0945,499.1085,24609.0,30276.0,Nyctalus leisleri,0.231,0.598,-1,Echolocation,/mnt/ubna_data_02_mir/recover-20220828/UBNA_012/20220826_070000.WAV,Carp Pond,recover-20220828,012,1795
499.4015,499.4146,24609.0,33206.0,Eptesicus serotinus,0.39,0.556,-1,Echolocation,/mnt/ubna_data_02_mir/recover-20220828/UBNA_012/20220826_070000.WAV,Carp Pond,recover-20220828,012,1795
499.5645,499.5807,24609.0,31410.0,Eptesicus serotinus,0.288,0.524,-1,Echolocation,/mnt/ubna_data_02_mir/recover-20220828/UBNA_012/20220826_070000.WAV,Carp Pond,recover-20220828,012,1795
500.0145,500.0281,25468.0,33643.0,Eptesicus serotinus,0.432,0.581,-1,Echolocation,/mnt/ubna_data_02_mir/recover-20220828/UBNA_012/20220826_070000.WAV,Carp Pond,recover-20220828,012,1795
500.3165,500.331,24609.0,29209.0,Nyctalus leisleri,0.179,0.353,-1,Echolocation,/mnt/ubna_data_02_mir/recover-20220828/UBNA_012/20220826_070000.WAV,Carp Pond,recover-20220828,012,1795
500.77049999999997,500.78340000000003,24609.0,31968.0,Eptesicus serotinus,0.335,0.525,-1,Echolocation,/mnt/ubna_data_02_mir/recover-20220828/UBNA_012/20220826_070000.WAV,Carp Pond,recover-20220828,012,1795
501.2235,501.2366,23750.0,29716.0,Nyctalus leisleri,0.249,0.539,-1,Echolocation,/mnt/ubna_data_02_mir/recover-20220828/UBNA_012/20220826_070000.WAV,Carp Pond,recover-20220828,012,1795
501.6725,501.6859,25468.0,30653.0,Nyctalus leisleri,0.225,0.529,-1,Echolocation,/mnt/ubna_data_02_mir/recover-20220828/UBNA_012/20220826_070000.WAV,Carp Pond,recover-20220828,012,1795
502.1245,502.1376,24609.0,28891.0,Nyctalus leisleri,0.156,0.298,-1,Echolocation,/mnt/ubna_data_02_mir/recover-20220828/UBNA_012/20220826_070000.WAV,Carp Pond,recover-20220828,012,1795
502.4215,502.4343,24609.0,30774.0,Eptesicus serotinus,0.249,0.518,-1,Echolocation,/mnt/ubna_data_02_mir/recover-20220828/UBNA_012/20220826_070000.WAV,Carp Pond,recover-20220828,012,1795
502.7185,502.7333,24609.0,31341.0,Eptesicus serotinus,0.291,0.572,-1,Echolocation,/mnt/ubna_data_02_mir/recover-20220828/UBNA_012/20220826_070000.WAV,Carp Pond,recover-20220828,012,1795
503.0215,503.036,24609.0,32268.0,Eptesicus serotinus,0.361,0.568,-1,Echolocation,/mnt/ubna_data_02_mir/recover-20220828/UBNA_012/20220826_070000.WAV,Carp Pond,recover-20220828,012,1795
503.3235,503.3358,24609.0,29669.0,Nyctalus leisleri,0.202,0.459,-1,Echolocation,/mnt/ubna_data_02_mir/recover-20220828/UBNA_012/20220826_070000.WAV,Carp Pond,recover-20220828,012,1795
503.7905,503.8032,23750.0,31291.0,Eptesicus serotinus,0.384,0.566,-1,Echolocation,/mnt/ubna_data_02_mir/recover-20220828/UBNA_012/20220826_070000.WAV,Carp Pond,recover-20220828,012,1795
504.2525,504.2646,24609.0,29967.0,Nyctalus leisleri,0.321,0.603,-1,Echolocation,/mnt/ubna_data_02_mir/recover-20220828/UBNA_012/20220826_070000.WAV,Carp Pond,recover-20220828,012,1795
504.5775,504.5925,24609.0,31867.0,Eptesicus serotinus,0.312,0.514,-1,Echolocation,/mnt/ubna_data_02_mir/recover-20220828/UBNA_012/20220826_070000.WAV,Carp Pond,recover-20220828,012,1795
504.7565,504.7726,23750.0,32291.0,Eptesicus serotinus,0.386,0.516,-1,Echolocation,/mnt/ubna_data_02_mir/recover-20220828/UBNA_012/20220826_070000.WAV,Carp Pond,recover-20220828,012,1795
505.2545,505.2697,23750.0,31055.0,Eptesicus serotinus,0.355,0.546,-1,Echolocation,/mnt/ubna_data_02_mir/recover-20220828/UBNA_012/20220826_070000.WAV,Carp Pond,recover-20220828,012,1795
505.5565,505.5729,23750.0,30018.0,Eptesicus serotinus,0.24,0.537,-1,Echolocation,/mnt/ubna_data_02_mir/recover-20220828/UBNA_012/20220826_070000.WAV,Carp Pond,recover-20220828,012,1795
506.0355,506.0498,24609.0,30309.0,Eptesicus serotinus,0.256,0.516,-1,Echolocation,/mnt/ubna_data_02_mir/recover-20220828/UBNA_012/20220826_070000.WAV,Carp Pond,recover-20220828,012,1795
506.4945,506.5097,23750.0,28842.0,Nyctalus leisleri,0.438,0.618,-1,Echolocation,/mnt/ubna_data_02_mir/recover-20220828/UBNA_012/20220826_070000.WAV,Carp Pond,recover-20220828,012,1795
506.9515,506.9674,25468.0,30892.0,Eptesicus serotinus,0.245,0.526,-1,Echolocation,/mnt/ubna_data_02_mir/recover-20220828/UBNA_012/20220826_070000.WAV,Carp Pond,recover-20220828,012,1795
507.4005,507.4144,24609.0,32330.0,Eptesicus serotinus,0.353,0.547,-1,Echolocation,/mnt/ubna_data_02_mir/recover-20220828/UBNA_012/20220826_070000.WAV,Carp Pond,recover-20220828,012,1795
507.5705,507.5828,24609.0,30002.0,Nyctalus leisleri,0.384,0.625,-1,Echolocation,/mnt/ubna_data_02_mir/recover-20220828/UBNA_012/20220826_070000.WAV,Carp Pond,recover-20220828,012,1795
507.8205,507.8312,26328.0,32065.0,Nyctalus leisleri,0.263,0.56,-1,Echolocation,/mnt/ubna_data_02_mir/recover-20220828/UBNA_012/20220826_070000.WAV,Carp Pond,recover-20220828,012,1795
507.9725,507.983,26328.0,31729.0,Nyctalus leisleri,0.368,0.577,-1,Echolocation,/mnt/ubna_data_02_mir/recover-20220828/UBNA_012/20220826_070000.WAV,Carp Pond,recover-20220828,012,1795
508.1845,508.1946,25468.0,33026.0,Nyctalus leisleri,0.357,0.688,-1,Echolocation,/mnt/ubna_data_02_mir/recover-20220828/UBNA_012/20220826_070000.WAV,Carp Pond,recover-20220828,012,1795
508.3515,508.3619,25468.0,32907.0,Eptesicus serotinus,0.299,0.668,-1,Echolocation,/mnt/ubna_data_02_mir/recover-20220828/UBNA_012/20220826_070000.WAV,Carp Pond,recover-20220828,012,1795
508.5465,508.5569,25468.0,32330.0,Eptesicus serotinus,0.294,0.598,-1,Echolocation,/mnt/ubna_data_02_mir/recover-20220828/UBNA_012/20220826_070000.WAV,Carp Pond,recover-20220828,012,1795
510.1855,510.2017,24609.0,31453.0,Eptesicus serotinus,0.302,0.478,-1,Echolocation,/mnt/ubna_data_02_mir/recover-20220828/UBNA_012/20220826_070000.WAV,Carp Pond,recover-20220828,012,1795
510.5015,510.5177,23750.0,28715.0,Nyctalus leisleri,0.143,0.236,-1,Echolocation,/mnt/ubna_data_02_mir/recover-20220828/UBNA_012/20220826_070000.WAV,Carp Pond,recover-20220828,012,1795
510.9395,510.9576,24609.0,31127.0,Eptesicus serotinus,0.238,0.547,-1,Echolocation,/mnt/ubna_data_02_mir/recover-20220828/UBNA_012/20220826_070000.WAV,Carp Pond,recover-20220828,012,1795
511.3685,511.3855,24609.0,28291.0,Nyctalus leisleri,0.199,0.301,-1,Echolocation,/mnt/ubna_data_02_mir/recover-20220828/UBNA_012/20220826_070000.WAV,Carp Pond,recover-20220828,012,1795
511.6795,511.692,24609.0,29194.0,Nyctalus leisleri,0.154,0.341,-1,Echolocation,/mnt/ubna_data_02_mir/recover-20220828/UBNA_012/20220826_070000.WAV,Carp Pond,recover-20220828,012,1795
511.8145,511.8262,26328.0,33260.0,Eptesicus serotinus,0.307,0.578,-1,Echolocation,/mnt/ubna_data_02_mir/recover-20220828/UBNA_012/20220826_070000.WAV,Carp Pond,recover-20220828,012,1795
513.7285,513.7414,24609.0,28873.0,Nyctalus leisleri,0.206,0.41,-1,Echolocation,/mnt/ubna_data_02_mir/recover-20220828/UBNA_012/20220826_070000.WAV,Carp Pond,recover-20220828,012,1795
513.8835,513.9044,24609.0,28647.0,Nyctalus leisleri,0.263,0.355,-1,Echolocation,/mnt/ubna_data_02_mir/recover-20220828/UBNA_012/20220826_070000.WAV,Carp Pond,recover-20220828,012,1795
514.3045,514.3246,25468.0,30533.0,Nyctalus leisleri,0.145,0.428,-1,Echolocation,/mnt/ubna_data_02_mir/recover-20220828/UBNA_012/20220826_070000.WAV,Carp Pond,recover-20220828,012,1795
514.9275,514.9458,25468.0,30164.0,Nyctalus leisleri,0.227,0.522,-1,Echolocation,/mnt/ubna_data_02_mir/recover-20220828/UBNA_012/20220826_070000.WAV,Carp Pond,recover-20220828,012,1795
515.3945,515.4119,23750.0,28068.0,Nyctalus leisleri,0.236,0.356,-1,Echolocation,/mnt/ubna_data_02_mir/recover-20220828/UBNA_012/20220826_070000.WAV,Carp Pond,recover-20220828,012,1795
515.8345,515.8554,25468.0,30987.0,Nyctalus leisleri,0.149,0.368,-1,Echolocation,/mnt/ubna_data_02_mir/recover-20220828/UBNA_012/20220826_070000.WAV,Carp Pond,recover-20220828,012,1795
516.2895,516.3129,24609.0,28384.0,Nyctalus leisleri,0.153,0.227,-1,Echolocation,/mnt/ubna_data_02_mir/recover-20220828/UBNA_012/20220826_070000.WAV,Carp Pond,recover-20220828,012,1795
516.2965,516.3179,23750.0,27242.0,Nyctalus leisleri,0.175,0.219,-1,Echolocation,/mnt/ubna_data_02_mir/recover-20220828/UBNA_012/20220826_070000.WAV,Carp Pond,recover-20220828,012,1795
516.5985,516.6155,25468.0,31620.0,Eptesicus serotinus,0.221,0.545,-1,Echolocation,/mnt/ubna_data_02_mir/recover-20220828/UBNA_012/20220826_070000.WAV,Carp Pond,recover-20220828,012,1795
517.0485,517.0672,24609.0,28076.0,Nyctalus leisleri,0.318,0.42,-1,Echolocation,/mnt/ubna_data_02_mir/recover-20220828/UBNA_012/20220826_070000.WAV,Carp Pond,recover-20220828,012,1795
517.1975,517.2133,26328.0,30983.0,Nyctalus leisleri,0.28,0.42,-1,Echolocation,/mnt/ubna_data_02_mir/recover-20220828/UBNA_012/20220826_070000.WAV,Carp Pond,recover-20220828,012,1795
517.6715,517.6906,24609.0,28978.0,Nyctalus leisleri,0.218,0.339,-1,Echolocation,/mnt/ubna_data_02_mir/recover-20220828/UBNA_012/20220826_070000.WAV,Carp Pond,recover-20220828,012,1795
517.9725,517.9963,23750.0,28186.0,Nyctalus leisleri,0.147,0.244,-1,Echolocation,/mnt/ubna_data_02_mir/recover-20220828/UBNA_012/20220826_070000.WAV,Carp Pond,recover-20220828,012,1795
518.2755,518.2939,23750.0,27312.0,Nyctalus leisleri,0.175,0.235,-1,Echolocation,/mnt/ubna_data_02_mir/recover-20220828/UBNA_012/20220826_070000.WAV,Carp Pond,recover-20220828,012,1795
518.5845,518.5964,24609.0,30870.0,Eptesicus serotinus,0.259,0.497,-1,Echolocation,/mnt/ubna_data_02_mir/recover-20220828/UBNA_012/20220826_070000.WAV,Carp Pond,recover-20220828,012,1795
518.7495,518.763,24609.0,30409.0,Eptesicus serotinus,0.279,0.552,-1,Echolocation,/mnt/ubna_data_02_mir/recover-20220828/UBNA_012/20220826_070000.WAV,Carp Pond,recover-20220828,012,1795
518.9005,518.912,25468.0,31451.0,Nyctalus leisleri,0.294,0.61,-1,Echolocation,/mnt/ubna_data_02_mir/recover-20220828/UBNA_012/20220826_070000.WAV,Carp Pond,recover-20220828,012,1795
519.0575,519.0702,25468.0,30892.0,Nyctalus leisleri,0.261,0.523,-1,Echolocation,/mnt/ubna_data_02_mir/recover-20220828/UBNA_012/20220826_070000.WAV,Carp Pond,recover-20220828,012,1795
519.2295,519.2422,24609.0,32805.0,Eptesicus serotinus,0.399,0.588,-1,Echolocation,/mnt/ubna_data_02_mir/recover-20220828/UBNA_012/20220826_070000.WAV,Carp Pond,recover-20220828,012,1795
519.3875,519.3998,24609.0,31531.0,Eptesicus serotinus,0.337,0.601,-1,Echolocation,/mnt/ubna_data_02_mir/recover-20220828/UBNA_012/20220826_070000.WAV,Carp Pond,recover-20220828,012,1795
519.5295,519.5407,25468.0,32575.0,Nyctalus leisleri,0.364,0.656,-1,Echolocation,/mnt/ubna_data_02_mir/recover-20220828/UBNA_012/20220826_070000.WAV,Carp Pond,recover-20220828,012,1795
519.6615,519.673,26328.0,31312.0,Nyctalus leisleri,0.205,0.414,-1,Echolocation,/mnt/ubna_data_02_mir/recover-20220828/UBNA_012/20220826_070000.WAV,Carp Pond,recover-20220828,012,1795
519.7785,519.7904,26328.0,31013.0,Nyctalus leisleri,0.14,0.282,-1,Echolocation,/mnt/ubna_data_02_mir/recover-20220828/UBNA_012/20220826_070000.WAV,Carp Pond,recover-20220828,012,1795
520.0315,520.0423,26328.0,31352.0,Nyctalus leisleri,0.258,0.467,-1,Echolocation,/mnt/ubna_data_02_mir/recover-20220828/UBNA_012/20220826_070000.WAV,Carp Pond,recover-20220828,012,1795
521.1145,521.1266,25468.0,32594.0,Eptesicus serotinus,0.331,0.62,-1,Echolocation,/mnt/ubna_data_02_mir/recover-20220828/UBNA_012/20220826_070000.WAV,Carp Pond,recover-20220828,012,1795
521.2675,521.2841,24609.0,29019.0,Nyctalus leisleri,0.242,0.357,-1,Echolocation,/mnt/ubna_data_02_mir/recover-20220828/UBNA_012/20220826_070000.WAV,Carp Pond,recover-20220828,012,1795
521.5155,521.5326,24609.0,30009.0,Nyctalus leisleri,0.216,0.49,-1,Echolocation,/mnt/ubna_data_02_mir/recover-20220828/UBNA_012/20220826_070000.WAV,Carp Pond,recover-20220828,012,1795
521.9495,521.9637,25468.0,31640.0,Nyctalus leisleri,0.277,0.639,-1,Echolocation,/mnt/ubna_data_02_mir/recover-20220828/UBNA_012/20220826_070000.WAV,Carp Pond,recover-20220828,012,1795
522.3845,522.3989,25468.0,30874.0,Nyctalus leisleri,0.235,0.553,-1,Echolocation,/mnt/ubna_data_02_mir/recover-20220828/UBNA_012/20220826_070000.WAV,Carp Pond,recover-20220828,012,1795
522.8245,522.8425,25468.0,29897.0,Nyctalus leisleri,0.341,0.47,-1,Echolocation,/mnt/ubna_data_02_mir/recover-20220828/UBNA_012/20220826_070000.WAV,Carp Pond,recover-20220828,012,1795
523.2325,523.2481,25468.0,31065.0,Eptesicus serotinus,0.226,0.563,-1,Echolocation,/mnt/ubna_data_02_mir/recover-20220828/UBNA_012/20220826_070000.WAV,Carp Pond,recover-20220828,012,1795
523.6545,523.6674,25468.0,32289.0,Eptesicus serotinus,0.34,0.573,-1,Echolocation,/mnt/ubna_data_02_mir/recover-20220828/UBNA_012/20220826_070000.WAV,Carp Pond,recover-20220828,012,1795
523.9465,523.959,26328.0,31885.0,Nyctalus leisleri,0.271,0.624,-1,Echolocation,/mnt/ubna_data_02_mir/recover-20220828/UBNA_012/20220826_070000.WAV,Carp Pond,recover-20220828,012,1795
524.2215,524.2357,24609.0,30714.0,Nyctalus leisleri,0.331,0.638,-1,Echolocation,/mnt/ubna_data_02_mir/recover-20220828/UBNA_012/20220826_070000.WAV,Carp Pond,recover-20220828,012,1795
524.3735,524.3868,25468.0,30797.0,Nyctalus leisleri,0.262,0.544,-1,Echolocation,/mnt/ubna_data_02_mir/recover-20220828/UBNA_012/20220826_070000.WAV,Carp Pond,recover-20220828,012,1795
524.6545,524.6711,26328.0,31197.0,Nyctalus leisleri,0.228,0.55,-1,Echolocation,/mnt/ubna_data_02_mir/recover-20220828/UBNA_012/20220826_070000.WAV,Carp Pond,recover-20220828,012,1795
524.9375,524.9517,25468.0,30930.0,Nyctalus leisleri,0.252,0.577,-1,Echolocation,/mnt/ubna_data_02_mir/recover-20220828/UBNA_012/20220826_070000.WAV,Carp Pond,recover-20220828,012,1795
525.2315,525.2428,23750.0,29444.0,Eptesicus serotinus,0.214,0.446,-1,Echolocation,/mnt/ubna_data_02_mir/recover-20220828/UBNA_012/20220826_070000.WAV,Carp Pond,recover-20220828,012,1795
525.6405,525.6545,26328.0,31495.0,Nyctalus leisleri,0.272,0.594,-1,Echolocation,/mnt/ubna_data_02_mir/recover-20220828/UBNA_012/20220826_070000.WAV,Carp Pond,recover-20220828,012,1795
526.0675,526.0802,24609.0,29526.0,Nyctalus leisleri,0.231,0.432,-1,Echolocation,/mnt/ubna_data_02_mir/recover-20220828/UBNA_012/20220826_070000.WAV,Carp Pond,recover-20220828,012,1795
526.3635,526.375,26328.0,32238.0,Nyctalus leisleri,0.294,0.527,-1,Echolocation,/mnt/ubna_data_02_mir/recover-20220828/UBNA_012/20220826_070000.WAV,Carp Pond,recover-20220828,012,1795
526.7885,526.8027,24609.0,29650.0,Nyctalus leisleri,0.089,0.216,-1,Echolocation,/mnt/ubna_data_02_mir/recover-20220828/UBNA_012/20220826_070000.WAV,Carp Pond,recover-20220828,012,1795
527.1025,527.1145,24609.0,31010.0,Eptesicus serotinus,0.326,0.594,-1,Echolocation,/mnt/ubna_data_02_mir/recover-20220828/UBNA_012/20220826_070000.WAV,Carp Pond,recover-20220828,012,1795
527.2835,527.2964,25468.0,31463.0,Nyctalus leisleri,0.313,0.639,-1,Echolocation,/mnt/ubna_data_02_mir/recover-20220828/UBNA_012/20220826_070000.WAV,Carp Pond,recover-20220828,012,1795
527.5645,527.5772,26328.0,30875.0,Nyctalus leisleri,0.265,0.492,-1,Echolocation,/mnt/ubna_data_02_mir/recover-20220828/UBNA_012/20220826_070000.WAV,Carp Pond,recover-20220828,012,1795
528.4115,528.4227,25468.0,31017.0,Nyctalus leisleri,0.252,0.519,-1,Echolocation,/mnt/ubna_data_02_mir/recover-20220828/UBNA_012/20220826_070000.WAV,Carp Pond,recover-20220828,012,1795
534.9955,535.0039,23750.0,31967.0,Eptesicus serotinus,0.089,0.248,-1,Echolocation,/mnt/ubna_data_02_mir/recover-20220828/UBNA_012/20220826_070000.WAV,Carp Pond,recover-20220828,012,1795
557.4175,557.4207,37500.0,56042.0,Myotis nattereri,0.13,0.238,-1,Echolocation,/mnt/ubna_data_02_mir/recover-20220828/UBNA_012/20220826_070000.WAV,Carp Pond,recover-20220828,012,1795
557.9115,557.9144,33203.0,51147.0,Myotis nattereri,0.072,0.229,-1,Echolocation,/mnt/ubna_data_02_mir/recover-20220828/UBNA_012/20220826_070000.WAV,Carp Pond,recover-20220828,012,1795
569.5615,569.5791,24609.0,28741.0,Nyctalus leisleri,0.186,0.284,-1,Echolocation,/mnt/ubna_data_02_mir/recover-20220828/UBNA_012/20220826_070000.WAV,Carp Pond,recover-20220828,012,1795
570.3395,570.3546,25468.0,31365.0,Eptesicus serotinus,0.18,0.378,-1,Echolocation,/mnt/ubna_data_02_mir/recover-20220828/UBNA_012/20220826_070000.WAV,Carp Pond,recover-20220828,012,1795
570.7495,570.7642,25468.0,31228.0,Nyctalus leisleri,0.257,0.523,-1,Echolocation,/mnt/ubna_data_02_mir/recover-20220828/UBNA_012/20220826_070000.WAV,Carp Pond,recover-20220828,012,1795
570.9905,571.014,24609.0,28429.0,Nyctalus leisleri,0.135,0.225,-1,Echolocation,/mnt/ubna_data_02_mir/recover-20220828/UBNA_012/20220826_070000.WAV,Carp Pond,recover-20220828,012,1795
571.0415,571.055,24609.0,31157.0,Eptesicus serotinus,0.281,0.57,-1,Echolocation,/mnt/ubna_data_02_mir/recover-20220828/UBNA_012/20220826_070000.WAV,Carp Pond,recover-20220828,012,1795
571.3145,571.326,26328.0,33228.0,Eptesicus serotinus,0.302,0.608,-1,Echolocation,/mnt/ubna_data_02_mir/recover-20220828/UBNA_012/20220826_070000.WAV,Carp Pond,recover-20220828,012,1795
571.5945,571.6105,25468.0,32164.0,Eptesicus serotinus,0.282,0.531,-1,Echolocation,/mnt/ubna_data_02_mir/recover-20220828/UBNA_012/20220826_070000.WAV,Carp Pond,recover-20220828,012,1795
571.8695,571.8851,25468.0,30501.0,Nyctalus leisleri,0.309,0.569,-1,Echolocation,/mnt/ubna_data_02_mir/recover-20220828/UBNA_012/20220826_070000.WAV,Carp Pond,recover-20220828,012,1795
572.1395,572.1549,25468.0,30072.0,Nyctalus leisleri,0.108,0.213,-1,Echolocation,/mnt/ubna_data_02_mir/recover-20220828/UBNA_012/20220826_070000.WAV,Carp Pond,recover-20220828,012,1795
572.1605,572.174,25468.0,31676.0,Eptesicus serotinus,0.276,0.557,-1,Echolocation,/mnt/ubna_data_02_mir/recover-20220828/UBNA_012/20220826_070000.WAV,Carp Pond,recover-20220828,012,1795
572.4425,572.4551,26328.0,32930.0,Nyctalus leisleri,0.277,0.642,-1,Echolocation,/mnt/ubna_data_02_mir/recover-20220828/UBNA_012/20220826_070000.WAV,Carp Pond,recover-20220828,012,1795
572.7115,572.7287,24609.0,29470.0,Nyctalus leisleri,0.336,0.524,-1,Echolocation,/mnt/ubna_data_02_mir/recover-20220828/UBNA_012/20220826_070000.WAV,Carp Pond,recover-20220828,012,1795
572.9875,573.0004,26328.0,33935.0,Eptesicus serotinus,0.34,0.614,-1,Echolocation,/mnt/ubna_data_02_mir/recover-20220828/UBNA_012/20220826_070000.WAV,Carp Pond,recover-20220828,012,1795
573.2705,573.2825,25468.0,33004.0,Eptesicus serotinus,0.392,0.628,-1,Echolocation,/mnt/ubna_data_02_mir/recover-20220828/UBNA_012/20220826_070000.WAV,Carp Pond,recover-20220828,012,1795
573.3085,573.3245,23750.0,27713.0,Nyctalus leisleri,0.306,0.418,-1,Echolocation,/mnt/ubna_data_02_mir/recover-20220828/UBNA_012/20220826_070000.WAV,Carp Pond,recover-20220828,012,1795
573.5425,573.5559,26328.0,34354.0,Eptesicus serotinus,0.349,0.638,-1,Echolocation,/mnt/ubna_data_02_mir/recover-20220828/UBNA_012/20220826_070000.WAV,Carp Pond,recover-20220828,012,1795
573.5955,573.6128,24609.0,28415.0,Nyctalus leisleri,0.34,0.429,-1,Echolocation,/mnt/ubna_data_02_mir/recover-20220828/UBNA_012/20220826_070000.WAV,Carp Pond,recover-20220828,012,1795
573.8205,573.8327,25468.0,30214.0,Eptesicus serotinus,0.168,0.36,-1,Echolocation,/mnt/ubna_data_02_mir/recover-20220828/UBNA_012/20220826_070000.WAV,Carp Pond,recover-20220828,012,1795
574.0975,574.111,25468.0,34759.0,Eptesicus serotinus,0.478,0.627,-1,Echolocation,/mnt/ubna_data_02_mir/recover-20220828/UBNA_012/20220826_070000.WAV,Carp Pond,recover-20220828,012,1795
574.1545,574.1752,24609.0,27723.0,Nyctalus leisleri,0.397,0.473,-1,Echolocation,/mnt/ubna_data_02_mir/recover-20220828/UBNA_012/20220826_070000.WAV,Carp Pond,recover-20220828,012,1795
574.3785,574.3931,24609.0,31126.0,Nyctalus leisleri,0.253,0.582,-1,Echolocation,/mnt/ubna_data_02_mir/recover-20220828/UBNA_012/20220826_070000.WAV,Carp Pond,recover-20220828,012,1795
574.4345,574.4504,24609.0,28453.0,Nyctalus leisleri,0.408,0.523,-1,Echolocation,/mnt/ubna_data_02_mir/recover-20220828/UBNA_012/20220826_070000.WAV,Carp Pond,recover-20220828,012,1795
574.6595,574.6736,25468.0,33722.0,Eptesicus serotinus,0.356,0.561,-1,Echolocation,/mnt/ubna_data_02_mir/recover-20220828/UBNA_012/20220826_070000.WAV,Carp Pond,recover-20220828,012,1795
574.7225,574.7361,24609.0,29203.0,Nyctalus leisleri,0.33,0.585,-1,Echolocation,/mnt/ubna_data_02_mir/recover-20220828/UBNA_012/20220826_070000.WAV,Carp Pond,recover-20220828,012,1795
574.7285,574.7375,49531.0,53334.0,Pipistrellus pipistrellus,0.205,0.286,-1,Echolocation,/mnt/ubna_data_02_mir/recover-20220828/UBNA_012/20220826_070000.WAV,Carp Pond,recover-20220828,012,1795
574.9415,574.9554,24609.0,30449.0,Eptesicus serotinus,0.261,0.585,-1,Echolocation,/mnt/ubna_data_02_mir/recover-20220828/UBNA_012/20220826_070000.WAV,Carp Pond,recover-20220828,012,1795
575.0335,575.0474,24609.0,28481.0,Nyctalus leisleri,0.353,0.548,-1,Echolocation,/mnt/ubna_data_02_mir/recover-20220828/UBNA_012/20220826_070000.WAV,Carp Pond,recover-20220828,012,1795
575.3315,575.3463,24609.0,27638.0,Nyctalus leisleri,0.58,0.656,-1,Echolocation,/mnt/ubna_data_02_mir/recover-20220828/UBNA_012/20220826_070000.WAV,Carp Pond,recover-20220828,012,1795
575.3555,575.3693,26328.0,33086.0,Eptesicus serotinus,0.347,0.665,-1,Echolocation,/mnt/ubna_data_02_mir/recover-20220828/UBNA_012/20220826_070000.WAV,Carp Pond,recover-20220828,012,1795
575.6435,575.6572,24609.0,30940.0,Nyctalus leisleri,0.292,0.634,-1,Echolocation,/mnt/ubna_data_02_mir/recover-20220828/UBNA_012/20220826_070000.WAV,Carp Pond,recover-20220828,012,1795
575.7505,575.7647,24609.0,28836.0,Nyctalus leisleri,0.455,0.587,-1,Echolocation,/mnt/ubna_data_02_mir/recover-20220828/UBNA_012/20220826_070000.WAV,Carp Pond,recover-20220828,012,1795
575.9295,575.9433,25468.0,34611.0,Eptesicus serotinus,0.445,0.595,-1,Echolocation,/mnt/ubna_data_02_mir/recover-20220828/UBNA_012/20220826_070000.WAV,Carp Pond,recover-20220828,012,1795
576.0185,576.0279,28906.0,35817.0,Nyctalus leisleri,0.404,0.654,-1,Echolocation,/mnt/ubna_data_02_mir/recover-20220828/UBNA_012/20220826_070000.WAV,Carp Pond,recover-20220828,012,1795
576.0595,576.076,23750.0,27827.0,Nyctalus leisleri,0.461,0.553,-1,Echolocation,/mnt/ubna_data_02_mir/recover-20220828/UBNA_012/20220826_070000.WAV,Carp Pond,recover-20220828,012,1795
576.2155,576.2261,27187.0,36055.0,Eptesicus serotinus,0.354,0.697,-1,Echolocation,/mnt/ubna_data_02_mir/recover-20220828/UBNA_012/20220826_070000.WAV,Carp Pond,recover-20220828,012,1795
576.3335,576.3483,24609.0,29011.0,Nyctalus leisleri,0.38,0.597,-1,Echolocation,/mnt/ubna_data_02_mir/recover-20220828/UBNA_012/20220826_070000.WAV,Carp Pond,recover-20220828,012,1795
576.3645,576.3762,26328.0,34470.0,Eptesicus serotinus,0.442,0.585,-1,Echolocation,/mnt/ubna_data_02_mir/recover-20220828/UBNA_012/20220826_070000.WAV,Carp Pond,recover-20220828,012,1795
576.5195,576.5319,24609.0,32335.0,Eptesicus serotinus,0.352,0.631,-1,Echolocation,/mnt/ubna_data_02_mir/recover-20220828/UBNA_012/20220826_070000.WAV,Carp Pond,recover-20220828,012,1795
576.6215,576.6365,23750.0,27858.0,Nyctalus leisleri,0.36,0.455,-1,Echolocation,/mnt/ubna_data_02_mir/recover-20220828/UBNA_012/20220826_070000.WAV,Carp Pond,recover-20220828,012,1795
576.8655,576.8807,24609.0,28843.0,Nyctalus leisleri,0.111,0.214,-1,Echolocation,/mnt/ubna_data_02_mir/recover-20220828/UBNA_012/20220826_070000.WAV,Carp Pond,recover-20220828,012,1795
576.9515,576.9659,25468.0,34928.0,Eptesicus serotinus,0.454,0.582,-1,Echolocation,/mnt/ubna_data_02_mir/recover-20220828/UBNA_012/20220826_070000.WAV,Carp Pond,recover-20220828,012,1795
577.2435,577.2561,24609.0,30050.0,Nyctalus leisleri,0.245,0.518,-1,Echolocation,/mnt/ubna_data_02_mir/recover-20220828/UBNA_012/20220826_070000.WAV,Carp Pond,recover-20220828,012,1795
577.2875,577.3026,24609.0,29091.0,Nyctalus leisleri,0.437,0.614,-1,Echolocation,/mnt/ubna_data_02_mir/recover-20220828/UBNA_012/20220826_070000.WAV,Carp Pond,recover-20220828,012,1795
577.5285,577.5421,25468.0,33489.0,Eptesicus serotinus,0.287,0.575,-1,Echolocation,/mnt/ubna_data_02_mir/recover-20220828/UBNA_012/20220826_070000.WAV,Carp Pond,recover-20220828,012,1795
577.5865,577.6032,23750.0,27670.0,Nyctalus leisleri,0.163,0.264,-1,Echolocation,/mnt/ubna_data_02_mir/recover-20220828/UBNA_012/20220826_070000.WAV,Carp Pond,recover-20220828,012,1795
577.8165,577.8282,25468.0,30416.0,Nyctalus leisleri,0.288,0.506,-1,Echolocation,/mnt/ubna_data_02_mir/recover-20220828/UBNA_012/20220826_070000.WAV,Carp Pond,recover-20220828,012,1795
577.8835,577.8979,24609.0,29670.0,Nyctalus leisleri,0.327,0.581,-1,Echolocation,/mnt/ubna_data_02_mir/recover-20220828/UBNA_012/20220826_070000.WAV,Carp Pond,recover-20220828,012,1795
578.0175,578.0282,25468.0,31748.0,Nyctalus leisleri,0.337,0.593,-1,Echolocation,/mnt/ubna_data_02_mir/recover-20220828/UBNA_012/20220826_070000.WAV,Carp Pond,recover-20220828,012,1795
578.1085,578.1217,25468.0,34094.0,Eptesicus serotinus,0.401,0.522,-1,Echolocation,/mnt/ubna_data_02_mir/recover-20220828/UBNA_012/20220826_070000.WAV,Carp Pond,recover-20220828,012,1795
578.2345,578.2466,26328.0,35628.0,Eptesicus serotinus,0.41,0.644,-1,Echolocation,/mnt/ubna_data_02_mir/recover-20220828/UBNA_012/20220826_070000.WAV,Carp Pond,recover-20220828,012,1795
578.3645,578.3744,27187.0,36351.0,Eptesicus serotinus,0.357,0.671,-1,Echolocation,/mnt/ubna_data_02_mir/recover-20220828/UBNA_012/20220826_070000.WAV,Carp Pond,recover-20220828,012,1795
578.5005,578.5134,26328.0,35825.0,Eptesicus serotinus,0.424,0.609,-1,Echolocation,/mnt/ubna_data_02_mir/recover-20220828/UBNA_012/20220826_070000.WAV,Carp Pond,recover-20220828,012,1795
578.6435,578.6543,27187.0,36541.0,Eptesicus serotinus,0.389,0.668,-1,Echolocation,/mnt/ubna_data_02_mir/recover-20220828/UBNA_012/20220826_070000.WAV,Carp Pond,recover-20220828,012,1795
578.7855,578.7966,27187.0,32864.0,Nyctalus leisleri,0.386,0.638,-1,Echolocation,/mnt/ubna_data_02_mir/recover-20220828/UBNA_012/20220826_070000.WAV,Carp Pond,recover-20220828,012,1795
578.9215,578.9323,26328.0,34417.0,Eptesicus serotinus,0.332,0.627,-1,Echolocation,/mnt/ubna_data_02_mir/recover-20220828/UBNA_012/20220826_070000.WAV,Carp Pond,recover-20220828,012,1795
579.0375,579.0472,27187.0,34872.0,Eptesicus serotinus,0.306,0.562,-1,Echolocation,/mnt/ubna_data_02_mir/recover-20220828/UBNA_012/20220826_070000.WAV,Carp Pond,recover-20220828,012,1795
579.1485,579.1579,28046.0,34634.0,Nyctalus leisleri,0.301,0.611,-1,Echolocation,/mnt/ubna_data_02_mir/recover-20220828/UBNA_012/20220826_070000.WAV,Carp Pond,recover-20220828,012,1795
579.2475,579.2568,27187.0,35520.0,Nyctalus leisleri,0.364,0.658,-1,Echolocation,/mnt/ubna_data_02_mir/recover-20220828/UBNA_012/20220826_070000.WAV,Carp Pond,recover-20220828,012,1795
579.3355,579.3439,28906.0,35360.0,Nyctalus leisleri,0.315,0.561,-1,Echolocation,/mnt/ubna_data_02_mir/recover-20220828/UBNA_012/20220826_070000.WAV,Carp Pond,recover-20220828,012,1795
579.4775,579.4927,26328.0,29985.0,Nyctalus leisleri,0.321,0.429,-1,Echolocation,/mnt/ubna_data_02_mir/recover-20220828/UBNA_012/20220826_070000.WAV,Carp Pond,recover-20220828,012,1795
579.6385,579.6558,25468.0,30284.0,Nyctalus leisleri,0.252,0.556,-1,Echolocation,/mnt/ubna_data_02_mir/recover-20220828/UBNA_012/20220826_070000.WAV,Carp Pond,recover-20220828,012,1795
579.8595,579.8737,25468.0,29062.0,Nyctalus leisleri,0.18,0.274,-1,Echolocation,/mnt/ubna_data_02_mir/recover-20220828/UBNA_012/20220826_070000.WAV,Carp Pond,recover-20220828,012,1795
580.0505,580.066,25468.0,30652.0,Nyctalus leisleri,0.216,0.49,-1,Echolocation,/mnt/ubna_data_02_mir/recover-20220828/UBNA_012/20220826_070000.WAV,Carp Pond,recover-20220828,012,1795
580.2995,580.3139,25468.0,32730.0,Eptesicus serotinus,0.298,0.595,-1,Echolocation,/mnt/ubna_data_02_mir/recover-20220828/UBNA_012/20220826_070000.WAV,Carp Pond,recover-20220828,012,1795
580.3445,580.3573,23750.0,28042.0,Nyctalus leisleri,0.336,0.456,-1,Echolocation,/mnt/ubna_data_02_mir/recover-20220828/UBNA_012/20220826_070000.WAV,Carp Pond,recover-20220828,012,1795
580.4655,580.4795,24609.0,31442.0,Eptesicus serotinus,0.262,0.556,-1,Echolocation,/mnt/ubna_data_02_mir/recover-20220828/UBNA_012/20220826_070000.WAV,Carp Pond,recover-20220828,012,1795
580.6225,580.6358,24609.0,31662.0,Eptesicus serotinus,0.31,0.608,-1,Echolocation,/mnt/ubna_data_02_mir/recover-20220828/UBNA_012/20220826_070000.WAV,Carp Pond,recover-20220828,012,1795
580.6875,580.7033,24609.0,29883.0,Nyctalus leisleri,0.239,0.517,-1,Echolocation,/mnt/ubna_data_02_mir/recover-20220828/UBNA_012/20220826_070000.WAV,Carp Pond,recover-20220828,012,1795
580.8845,580.8998,25468.0,29565.0,Nyctalus leisleri,0.47,0.595,-1,Echolocation,/mnt/ubna_data_02_mir/recover-20220828/UBNA_012/20220826_070000.WAV,Carp Pond,recover-20220828,012,1795
580.9285,580.9429,24609.0,32135.0,Eptesicus serotinus,0.332,0.543,-1,Echolocation,/mnt/ubna_data_02_mir/recover-20220828/UBNA_012/20220826_070000.WAV,Carp Pond,recover-20220828,012,1795
581.1665,581.1825,24609.0,30719.0,Nyctalus leisleri,0.308,0.548,-1,Echolocation,/mnt/ubna_data_02_mir/recover-20220828/UBNA_012/20220826_070000.WAV,Carp Pond,recover-20220828,012,1795
581.1865,581.2,24609.0,30556.0,Eptesicus serotinus,0.203,0.432,-1,Echolocation,/mnt/ubna_data_02_mir/recover-20220828/UBNA_012/20220826_070000.WAV,Carp Pond,recover-20220828,012,1795
581.4455,581.4601,24609.0,29451.0,Nyctalus leisleri,0.278,0.454,-1,Echolocation,/mnt/ubna_data_02_mir/recover-20220828/UBNA_012/20220826_070000.WAV,Carp Pond,recover-20220828,012,1795
581.7535,581.7681,24609.0,30857.0,Nyctalus leisleri,0.272,0.552,-1,Echolocation,/mnt/ubna_data_02_mir/recover-20220828/UBNA_012/20220826_070000.WAV,Carp Pond,recover-20220828,012,1795
581.7825,581.7938,28046.0,32252.0,Nyctalus leisleri,0.144,0.273,-1,Echolocation,/mnt/ubna_data_02_mir/recover-20220828/UBNA_012/20220826_070000.WAV,Carp Pond,recover-20220828,012,1795
581.9205,581.9309,26328.0,33009.0,Eptesicus serotinus,0.244,0.541,-1,Echolocation,/mnt/ubna_data_02_mir/recover-20220828/UBNA_012/20220826_070000.WAV,Carp Pond,recover-20220828,012,1795
582.0495,582.0689,24609.0,28424.0,Nyctalus leisleri,0.393,0.571,-1,Echolocation,/mnt/ubna_data_02_mir/recover-20220828/UBNA_012/20220826_070000.WAV,Carp Pond,recover-20220828,012,1795
582.0705,582.0834,27187.0,33348.0,Nyctalus leisleri,0.222,0.513,-1,Echolocation,/mnt/ubna_data_02_mir/recover-20220828/UBNA_012/20220826_070000.WAV,Carp Pond,recover-20220828,012,1795
582.3435,582.3687,24609.0,29282.0,Nyctalus leisleri,0.139,0.295,-1,Echolocation,/mnt/ubna_data_02_mir/recover-20220828/UBNA_012/20220826_070000.WAV,Carp Pond,recover-20220828,012,1795
582.3515,582.3711,24609.0,27509.0,Nyctalus leisleri,0.147,0.242,-1,Echolocation,/mnt/ubna_data_02_mir/recover-20220828/UBNA_012/20220826_070000.WAV,Carp Pond,recover-20220828,012,1795
582.3565,582.3665,49531.0,53719.0,Pipistrellus pipistrellus,0.158,0.21,-1,Echolocation,/mnt/ubna_data_02_mir/recover-20220828/UBNA_012/20220826_070000.WAV,Carp Pond,recover-20220828,012,1795
582.5265,582.5416,24609.0,30219.0,Nyctalus leisleri,0.375,0.594,-1,Echolocation,/mnt/ubna_data_02_mir/recover-20220828/UBNA_012/20220826_070000.WAV,Carp Pond,recover-20220828,012,1795
582.6015,582.6175,25468.0,30832.0,Nyctalus leisleri,0.314,0.584,-1,Echolocation,/mnt/ubna_data_02_mir/recover-20220828/UBNA_012/20220826_070000.WAV,Carp Pond,recover-20220828,012,1795
582.8145,582.8287,24609.0,30839.0,Nyctalus leisleri,0.316,0.549,-1,Echolocation,/mnt/ubna_data_02_mir/recover-20220828/UBNA_012/20220826_070000.WAV,Carp Pond,recover-20220828,012,1795
582.8665,582.88,25468.0,33103.0,Eptesicus serotinus,0.364,0.598,-1,Echolocation,/mnt/ubna_data_02_mir/recover-20220828/UBNA_012/20220826_070000.WAV,Carp Pond,recover-20220828,012,1795
582.9695,582.9795,27187.0,34204.0,Nyctalus leisleri,0.286,0.581,-1,Echolocation,/mnt/ubna_data_02_mir/recover-20220828/UBNA_012/20220826_070000.WAV,Carp Pond,recover-20220828,012,1795
583.1465,583.1604,25468.0,30936.0,Nyctalus leisleri,0.319,0.601,-1,Echolocation,/mnt/ubna_data_02_mir/recover-20220828/UBNA_012/20220826_070000.WAV,Carp Pond,recover-20220828,012,1795
583.2335,583.2484,24609.0,28257.0,Nyctalus leisleri,0.405,0.576,-1,Echolocation,/mnt/ubna_data_02_mir/recover-20220828/UBNA_012/20220826_070000.WAV,Carp Pond,recover-20220828,012,1795
583.4015,583.4151,25468.0,31749.0,Nyctalus leisleri,0.288,0.532,-1,Echolocation,/mnt/ubna_data_02_mir/recover-20220828/UBNA_012/20220826_070000.WAV,Carp Pond,recover-20220828,012,1795
583.5635,583.5776,24609.0,33602.0,Eptesicus serotinus,0.426,0.611,-1,Echolocation,/mnt/ubna_data_02_mir/recover-20220828/UBNA_012/20220826_070000.WAV,Carp Pond,recover-20220828,012,1795
583.6875,583.7019,24609.0,30244.0,Nyctalus leisleri,0.436,0.596,-1,Echolocation,/mnt/ubna_data_02_mir/recover-20220828/UBNA_012/20220826_070000.WAV,Carp Pond,recover-20220828,012,1795
583.6955,583.7067,49531.0,53623.0,Pipistrellus pipistrellus,0.213,0.337,-1,Echolocation,/mnt/ubna_data_02_mir/recover-20220828/UBNA_012/20220826_070000.WAV,Carp Pond,recover-20220828,012,1795
583.8495,583.8629,24609.0,32029.0,Eptesicus serotinus,0.34,0.594,-1,Echolocation,/mnt/ubna_data_02_mir/recover-20220828/UBNA_012/20220826_070000.WAV,Carp Pond,recover-20220828,012,1795
584.0015,584.0137,23750.0,28864.0,Nyctalus leisleri,0.266,0.453,-1,Echolocation,/mnt/ubna_data_02_mir/recover-20220828/UBNA_012/20220826_070000.WAV,Carp Pond,recover-20220828,012,1795
584.1185,584.1332,24609.0,30046.0,Nyctalus leisleri,0.292,0.62,-1,Echolocation,/mnt/ubna_data_02_mir/recover-20220828/UBNA_012/20220826_070000.WAV,Carp Pond,recover-20220828,012,1795
584.2925,584.3102,24609.0,28261.0,Nyctalus leisleri,0.443,0.547,-1,Echolocation,/mnt/ubna_data_02_mir/recover-20220828/UBNA_012/20220826_070000.WAV,Carp Pond,recover-20220828,012,1795
584.4135,584.4294,24609.0,33165.0,Eptesicus serotinus,0.419,0.584,-1,Echolocation,/mnt/ubna_data_02_mir/recover-20220828/UBNA_012/20220826_070000.WAV,Carp Pond,recover-20220828,012,1795
584.5795,584.5955,24609.0,27707.0,Nyctalus leisleri,0.384,0.561,-1,Echolocation,/mnt/ubna_data_02_mir/recover-20220828/UBNA_012/20220826_070000.WAV,Carp Pond,recover-20220828,012,1795
584.8315,584.8449,24609.0,30802.0,Nyctalus leisleri,0.298,0.616,-1,Echolocation,/mnt/ubna_data_02_mir/recover-20220828/UBNA_012/20220826_070000.WAV,Carp Pond,recover-20220828,012,1795
584.8695,584.8865,24609.0,29103.0,Nyctalus leisleri,0.391,0.58,-1,Echolocation,/mnt/ubna_data_02_mir/recover-20220828/UBNA_012/20220826_070000.WAV,Carp Pond,recover-20220828,012,1795
584.8745,584.8871,50390.0,54027.0,Pipistrellus pygmaeus,0.107,0.21,-1,Echolocation,/mnt/ubna_data_02_mir/recover-20220828/UBNA_012/20220826_070000.WAV,Carp Pond,recover-20220828,012,1795
585.1725,585.1878,24609.0,29062.0,Nyctalus leisleri,0.441,0.617,-1,Echolocation,/mnt/ubna_data_02_mir/recover-20220828/UBNA_012/20220826_070000.WAV,Carp Pond,recover-20220828,012,1795
585.2555,585.2723,24609.0,33901.0,Eptesicus serotinus,0.407,0.556,-1,Echolocation,/mnt/ubna_data_02_mir/recover-20220828/UBNA_012/20220826_070000.WAV,Carp Pond,recover-20220828,012,1795
585.3915,585.4017,27187.0,33740.0,Nyctalus leisleri,0.274,0.602,-1,Echolocation,/mnt/ubna_data_02_mir/recover-20220828/UBNA_012/20220826_070000.WAV,Carp Pond,recover-20220828,012,1795
585.4595,585.4767,24609.0,28729.0,Nyctalus leisleri,0.399,0.566,-1,Echolocation,/mnt/ubna_data_02_mir/recover-20220828/UBNA_012/20220826_070000.WAV,Carp Pond,recover-20220828,012,1795
585.5325,585.5439,26328.0,32394.0,Nyctalus leisleri,0.315,0.579,-1,Echolocation,/mnt/ubna_data_02_mir/recover-20220828/UBNA_012/20220826_070000.WAV,Carp Pond,recover-20220828,012,1795
585.7555,585.7711,24609.0,29507.0,Nyctalus leisleri,0.412,0.586,-1,Echolocation,/mnt/ubna_data_02_mir/recover-20220828/UBNA_012/20220826_070000.WAV,Carp Pond,recover-20220828,012,1795
585.8135,585.829,24609.0,31582.0,Eptesicus serotinus,0.33,0.555,-1,Echolocation,/mnt/ubna_data_02_mir/recover-20220828/UBNA_012/20220826_070000.WAV,Carp Pond,recover-20220828,012,1795
586.0425,586.0634,24609.0,28648.0,Nyctalus leisleri,0.271,0.386,-1,Echolocation,/mnt/ubna_data_02_mir/recover-20220828/UBNA_012/20220826_070000.WAV,Carp Pond,recover-20220828,012,1795
586.1105,586.1258,25468.0,33723.0,Eptesicus serotinus,0.336,0.536,-1,Echolocation,/mnt/ubna_data_02_mir/recover-20220828/UBNA_012/20220826_070000.WAV,Carp Pond,recover-20220828,012,1795
586.3415,586.3566,24609.0,29309.0,Nyctalus leisleri,0.378,0.554,-1,Echolocation,/mnt/ubna_data_02_mir/recover-20220828/UBNA_012/20220826_070000.WAV,Carp Pond,recover-20220828,012,1795
586.5015,586.518,24609.0,29761.0,Nyctalus leisleri,0.268,0.582,-1,Echolocation,/mnt/ubna_data_02_mir/recover-20220828/UBNA_012/20220826_070000.WAV,Carp Pond,recover-20220828,012,1795
586.5035,586.5157,51250.0,55533.0,Pipistrellus pipistrellus,0.099,0.202,-1,Echolocation,/mnt/ubna_data_02_mir/recover-20220828/UBNA_012/20220826_070000.WAV,Carp Pond,recover-20220828,012,1795
586.5365,586.5508,24609.0,30314.0,Nyctalus leisleri,0.265,0.531,-1,Echolocation,/mnt/ubna_data_02_mir/recover-20220828/UBNA_012/20220826_070000.WAV,Carp Pond,recover-20220828,012,1795
586.6835,586.6976,25468.0,30779.0,Nyctalus leisleri,0.356,0.632,-1,Echolocation,/mnt/ubna_data_02_mir/recover-20220828/UBNA_012/20220826_070000.WAV,Carp Pond,recover-20220828,012,1795
586.8235,586.8389999999999,25468.0,35545.0,Eptesicus serotinus,0.434,0.625,-1,Echolocation,/mnt/ubna_data_02_mir/recover-20220828/UBNA_012/20220826_070000.WAV,Carp Pond,recover-20220828,012,1795
586.9585,586.9744,24609.0,29123.0,Nyctalus leisleri,0.338,0.567,-1,Echolocation,/mnt/ubna_data_02_mir/recover-20220828/UBNA_012/20220826_070000.WAV,Carp Pond,recover-20220828,012,1795
587.1235,587.1378,25468.0,31130.0,Nyctalus leisleri,0.272,0.566,-1,Echolocation,/mnt/ubna_data_02_mir/recover-20220828/UBNA_012/20220826_070000.WAV,Carp Pond,recover-20220828,012,1795
587.2525,587.2644,24609.0,30539.0,Nyctalus leisleri,0.288,0.574,-1,Echolocation,/mnt/ubna_data_02_mir/recover-20220828/UBNA_012/20220826_070000.WAV,Carp Pond,recover-20220828,012,1795
587.5435,587.5621,25468.0,34085.0,Eptesicus serotinus,0.353,0.56,-1,Echolocation,/mnt/ubna_data_02_mir/recover-20220828/UBNA_012/20220826_070000.WAV,Carp Pond,recover-20220828,012,1795
587.7105,587.7273,25468.0,35783.0,Eptesicus serotinus,0.427,0.573,-1,Echolocation,/mnt/ubna_data_02_mir/recover-20220828/UBNA_012/20220826_070000.WAV,Carp Pond,recover-20220828,012,1795
587.8535,587.87,24609.0,28807.0,Nyctalus leisleri,0.418,0.608,-1,Echolocation,/mnt/ubna_data_02_mir/recover-20220828/UBNA_012/20220826_070000.WAV,Carp Pond,recover-20220828,012,1795
587.8725,587.8838,28046.0,34785.0,Eptesicus serotinus,0.276,0.556,-1,Echolocation,/mnt/ubna_data_02_mir/recover-20220828/UBNA_012/20220826_070000.WAV,Carp Pond,recover-20220828,012,1795
588.1605,588.1738,24609.0,29613.0,Nyctalus leisleri,0.25,0.519,-1,Echolocation,/mnt/ubna_data_02_mir/recover-20220828/UBNA_012/20220826_070000.WAV,Carp Pond,recover-20220828,012,1795
588.2825,588.299,24609.0,27671.0,Nyctalus leisleri,0.524,0.633,-1,Echolocation,/mnt/ubna_data_02_mir/recover-20220828/UBNA_012/20220826_070000.WAV,Carp Pond,recover-20220828,012,1795
588.4335,588.4503,24609.0,28075.0,Nyctalus leisleri,0.41,0.514,-1,Echolocation,/mnt/ubna_data_02_mir/recover-20220828/UBNA_012/20220826_070000.WAV,Carp Pond,recover-20220828,012,1795
588.4515,588.4655,25468.0,33435.0,Eptesicus serotinus,0.394,0.583,-1,Echolocation,/mnt/ubna_data_02_mir/recover-20220828/UBNA_012/20220826_070000.WAV,Carp Pond,recover-20220828,012,1795
588.7255,588.7427,24609.0,27452.0,Nyctalus leisleri,0.548,0.623,-1,Echolocation,/mnt/ubna_data_02_mir/recover-20220828/UBNA_012/20220826_070000.WAV,Carp Pond,recover-20220828,012,1795
588.7265,588.7378,51250.0,54625.0,Pipistrellus pygmaeus,0.183,0.257,-1,Echolocation,/mnt/ubna_data_02_mir/recover-20220828/UBNA_012/20220826_070000.WAV,Carp Pond,recover-20220828,012,1795
588.7465,588.7591,27187.0,30859.0,Nyctalus leisleri,0.179,0.254,-1,Echolocation,/mnt/ubna_data_02_mir/recover-20220828/UBNA_012/20220826_070000.WAV,Carp Pond,recover-20220828,012,1795
589.0055,589.0223,24609.0,28092.0,Nyctalus leisleri,0.355,0.466,-1,Echolocation,/mnt/ubna_data_02_mir/recover-20220828/UBNA_012/20220826_070000.WAV,Carp Pond,recover-20220828,012,1795
589.0425,589.055,26328.0,33748.0,Eptesicus serotinus,0.333,0.62,-1,Echolocation,/mnt/ubna_data_02_mir/recover-20220828/UBNA_012/20220826_070000.WAV,Carp Pond,recover-20220828,012,1795
589.1575,589.1693,23750.0,29153.0,Nyctalus leisleri,0.288,0.466,-1,Echolocation,/mnt/ubna_data_02_mir/recover-20220828/UBNA_012/20220826_070000.WAV,Carp Pond,recover-20220828,012,1795
589.2885,589.3066,24609.0,28488.0,Nyctalus leisleri,0.422,0.581,-1,Echolocation,/mnt/ubna_data_02_mir/recover-20220828/UBNA_012/20220826_070000.WAV,Carp Pond,recover-20220828,012,1795
589.4665,589.4785,24609.0,29399.0,Nyctalus leisleri,0.465,0.585,-1,Echolocation,/mnt/ubna_data_02_mir/recover-20220828/UBNA_012/20220826_070000.WAV,Carp Pond,recover-20220828,012,1795
589.5745,589.5944,25468.0,29180.0,Nyctalus leisleri,0.304,0.394,-1,Echolocation,/mnt/ubna_data_02_mir/recover-20220828/UBNA_012/20220826_070000.WAV,Carp Pond,recover-20220828,012,1795
589.6125,589.624,27187.0,33526.0,Nyctalus leisleri,0.362,0.656,-1,Echolocation,/mnt/ubna_data_02_mir/recover-20220828/UBNA_012/20220826_070000.WAV,Carp Pond,recover-20220828,012,1795
589.8745,589.8891,24609.0,29131.0,Nyctalus leisleri,0.51,0.61,-1,Echolocation,/mnt/ubna_data_02_mir/recover-20220828/UBNA_012/20220826_070000.WAV,Carp Pond,recover-20220828,012,1795
590.0445,590.058,25468.0,34041.0,Eptesicus serotinus,0.431,0.591,-1,Echolocation,/mnt/ubna_data_02_mir/recover-20220828/UBNA_012/20220826_070000.WAV,Carp Pond,recover-20220828,012,1795
590.3015,590.3178,25468.0,29108.0,Nyctalus leisleri,0.474,0.536,-1,Echolocation,/mnt/ubna_data_02_mir/recover-20220828/UBNA_012/20220826_070000.WAV,Carp Pond,recover-20220828,012,1795
590.3435,590.3567,24609.0,30065.0,Nyctalus leisleri,0.491,0.612,-1,Echolocation,/mnt/ubna_data_02_mir/recover-20220828/UBNA_012/20220826_070000.WAV,Carp Pond,recover-20220828,012,1795
590.6485,590.6619,26328.0,33173.0,Eptesicus serotinus,0.276,0.62,-1,Echolocation,/mnt/ubna_data_02_mir/recover-20220828/UBNA_012/20220826_070000.WAV,Carp Pond,recover-20220828,012,1795
590.7435,590.7622,24609.0,27639.0,Nyctalus leisleri,0.499,0.552,-1,Echolocation,/mnt/ubna_data_02_mir/recover-20220828/UBNA_012/20220826_070000.WAV,Carp Pond,recover-20220828,012,1795
590.8775,590.8898,25468.0,31698.0,Nyctalus leisleri,0.422,0.584,-1,Echolocation,/mnt/ubna_data_02_mir/recover-20220828/UBNA_012/20220826_070000.WAV,Carp Pond,recover-20220828,012,1795
590.9425,590.9598,25468.0,31050.0,Eptesicus serotinus,0.21,0.535,-1,Echolocation,/mnt/ubna_data_02_mir/recover-20220828/UBNA_012/20220826_070000.WAV,Carp Pond,recover-20220828,012,1795
591.1585,591.1807,24609.0,27892.0,Nyctalus leisleri,0.181,0.249,-1,Echolocation,/mnt/ubna_data_02_mir/recover-20220828/UBNA_012/20220826_070000.WAV,Carp Pond,recover-20220828,012,1795
591.2365,591.2506,25468.0,29599.0,Nyctalus leisleri,0.427,0.609,-1,Echolocation,/mnt/ubna_data_02_mir/recover-20220828/UBNA_012/20220826_070000.WAV,Carp Pond,recover-20220828,012,1795
591.2605,591.2731,23750.0,27797.0,Nyctalus leisleri,0.332,0.421,-1,Echolocation,/mnt/ubna_data_02_mir/recover-20220828/UBNA_012/20220826_070000.WAV,Carp Pond,recover-20220828,012,1795
591.4615,591.4772,24609.0,28435.0,Nyctalus leisleri,0.416,0.598,-1,Echolocation,/mnt/ubna_data_02_mir/recover-20220828/UBNA_012/20220826_070000.WAV,Carp Pond,recover-20220828,012,1795
591.5345,591.5487,26328.0,33905.0,Eptesicus serotinus,0.244,0.511,-1,Echolocation,/mnt/ubna_data_02_mir/recover-20220828/UBNA_012/20220826_070000.WAV,Carp Pond,recover-20220828,012,1795
591.7595,591.7758,24609.0,27641.0,Nyctalus leisleri,0.437,0.547,-1,Echolocation,/mnt/ubna_data_02_mir/recover-20220828/UBNA_012/20220826_070000.WAV,Carp Pond,recover-20220828,012,1795
591.8475,591.8653,23750.0,27657.0,Nyctalus leisleri,0.269,0.372,-1,Echolocation,/mnt/ubna_data_02_mir/recover-20220828/UBNA_012/20220826_070000.WAV,Carp Pond,recover-20220828,012,1795
591.9215,591.9372,24609.0,28844.0,Nyctalus leisleri,0.441,0.533,-1,Echolocation,/mnt/ubna_data_02_mir/recover-20220828/UBNA_012/20220826_070000.WAV,Carp Pond,recover-20220828,012,1795
591.9805,591.9927,25468.0,30959.0,Nyctalus leisleri,0.414,0.654,-1,Echolocation,/mnt/ubna_data_02_mir/recover-20220828/UBNA_012/20220826_070000.WAV,Carp Pond,recover-20220828,012,1795
592.1514999999999,592.1633,24609.0,29125.0,Nyctalus leisleri,0.325,0.499,-1,Echolocation,/mnt/ubna_data_02_mir/recover-20220828/UBNA_012/20220826_070000.WAV,Carp Pond,recover-20220828,012,1795
592.2095,592.2245,24609.0,28914.0,Nyctalus leisleri,0.42,0.61,-1,Echolocation,/mnt/ubna_data_02_mir/recover-20220828/UBNA_012/20220826_070000.WAV,Carp Pond,recover-20220828,012,1795
592.2995,592.3189,24609.0,28375.0,Nyctalus leisleri,0.16,0.236,-1,Echolocation,/mnt/ubna_data_02_mir/recover-20220828/UBNA_012/20220826_070000.WAV,Carp Pond,recover-20220828,012,1795
592.4005,592.4134,25468.0,32976.0,Eptesicus serotinus,0.397,0.619,-1,Echolocation,/mnt/ubna_data_02_mir/recover-20220828/UBNA_012/20220826_070000.WAV,Carp Pond,recover-20220828,012,1795
592.5035,592.5234,24609.0,28587.0,Nyctalus leisleri,0.31,0.403,-1,Echolocation,/mnt/ubna_data_02_mir/recover-20220828/UBNA_012/20220826_070000.WAV,Carp Pond,recover-20220828,012,1795
592.5885,592.6026,23750.0,28910.0,Nyctalus leisleri,0.336,0.535,-1,Echolocation,/mnt/ubna_data_02_mir/recover-20220828/UBNA_012/20220826_070000.WAV,Carp Pond,recover-20220828,012,1795
592.8285,592.842,25468.0,29665.0,Nyctalus leisleri,0.333,0.495,-1,Echolocation,/mnt/ubna_data_02_mir/recover-20220828/UBNA_012/20220826_070000.WAV,Carp Pond,recover-20220828,012,1795
592.8905,592.9046,24609.0,29646.0,Nyctalus leisleri,0.389,0.563,-1,Echolocation,/mnt/ubna_data_02_mir/recover-20220828/UBNA_012/20220826_070000.WAV,Carp Pond,recover-20220828,012,1795
592.9265,592.9449,24609.0,28285.0,Nyctalus leisleri,0.389,0.501,-1,Echolocation,/mnt/ubna_data_02_mir/recover-20220828/UBNA_012/20220826_070000.WAV,Carp Pond,recover-20220828,012,1795
593.1215,593.1342,26328.0,33617.0,Eptesicus serotinus,0.325,0.613,-1,Echolocation,/mnt/ubna_data_02_mir/recover-20220828/UBNA_012/20220826_070000.WAV,Carp Pond,recover-20220828,012,1795
593.2265,593.2449,24609.0,28044.0,Nyctalus leisleri,0.191,0.299,-1,Echolocation,/mnt/ubna_data_02_mir/recover-20220828/UBNA_012/20220826_070000.WAV,Carp Pond,recover-20220828,012,1795
593.3465,593.362,24609.0,28454.0,Nyctalus leisleri,0.318,0.425,-1,Echolocation,/mnt/ubna_data_02_mir/recover-20220828/UBNA_012/20220826_070000.WAV,Carp Pond,recover-20220828,012,1795
593.5735,593.5864,25468.0,30854.0,Nyctalus leisleri,0.294,0.611,-1,Echolocation,/mnt/ubna_data_02_mir/recover-20220828/UBNA_012/20220826_070000.WAV,Carp Pond,recover-20220828,012,1795
593.6514999999999,593.6698,24609.0,27791.0,Nyctalus leisleri,0.351,0.434,-1,Echolocation,/mnt/ubna_data_02_mir/recover-20220828/UBNA_012/20220826_070000.WAV,Carp Pond,recover-20220828,012,1795
593.6725,593.6893,25468.0,28752.0,Nyctalus leisleri,0.242,0.345,-1,Echolocation,/mnt/ubna_data_02_mir/recover-20220828/UBNA_012/20220826_070000.WAV,Carp Pond,recover-20220828,012,1795
593.8705,593.8836,26328.0,34020.0,Eptesicus serotinus,0.365,0.583,-1,Echolocation,/mnt/ubna_data_02_mir/recover-20220828/UBNA_012/20220826_070000.WAV,Carp Pond,recover-20220828,012,1795
594.0845,594.098,24609.0,28506.0,Nyctalus leisleri,0.396,0.583,-1,Echolocation,/mnt/ubna_data_02_mir/recover-20220828/UBNA_012/20220826_070000.WAV,Carp Pond,recover-20220828,012,1795
594.2465,594.2608,24609.0,29117.0,Nyctalus leisleri,0.501,0.673,-1,Echolocation,/mnt/ubna_data_02_mir/recover-20220828/UBNA_012/20220826_070000.WAV,Carp Pond,recover-20220828,012,1795
594.2935,594.3069,25468.0,30622.0,Nyctalus leisleri,0.369,0.616,-1,Echolocation,/mnt/ubna_data_02_mir/recover-20220828/UBNA_012/20220826_070000.WAV,Carp Pond,recover-20220828,012,1795
594.5595,594.5742,23750.0,28072.0,Nyctalus leisleri,0.434,0.549,-1,Echolocation,/mnt/ubna_data_02_mir/recover-20220828/UBNA_012/20220826_070000.WAV,Carp Pond,recover-20220828,012,1795
594.5865,594.599,26328.0,31901.0,Eptesicus serotinus,0.247,0.548,-1,Echolocation,/mnt/ubna_data_02_mir/recover-20220828/UBNA_012/20220826_070000.WAV,Carp Pond,recover-20220828,012,1795
594.7085,594.7196,25468.0,31008.0,Nyctalus leisleri,0.443,0.64,-1,Echolocation,/mnt/ubna_data_02_mir/recover-20220828/UBNA_012/20220826_070000.WAV,Carp Pond,recover-20220828,012,1795
594.8885,594.9005,25468.0,29785.0,Nyctalus leisleri,0.344,0.557,-1,Echolocation,/mnt/ubna_data_02_mir/recover-20220828/UBNA_012/20220826_070000.WAV,Carp Pond,recover-20220828,012,1795
594.9985,595.0123,23750.0,29453.0,Nyctalus leisleri,0.477,0.652,-1,Echolocation,/mnt/ubna_data_02_mir/recover-20220828/UBNA_012/20220826_070000.WAV,Carp Pond,recover-20220828,012,1795
595.0275,595.0429,24609.0,29189.0,Nyctalus leisleri,0.383,0.53,-1,Echolocation,/mnt/ubna_data_02_mir/recover-20220828/UBNA_012/20220826_070000.WAV,Carp Pond,recover-20220828,012,1795
595.1575,595.1731,23750.0,29533.0,Nyctalus leisleri,0.367,0.623,-1,Echolocation,/mnt/ubna_data_02_mir/recover-20220828/UBNA_012/20220826_070000.WAV,Carp Pond,recover-20220828,012,1795
595.3205,595.3347,26328.0,32100.0,Eptesicus serotinus,0.265,0.478,-1,Echolocation,/mnt/ubna_data_02_mir/recover-20220828/UBNA_012/20220826_070000.WAV,Carp Pond,recover-20220828,012,1795
595.4325,595.4478,23750.0,28336.0,Nyctalus leisleri,0.459,0.628,-1,Echolocation,/mnt/ubna_data_02_mir/recover-20220828/UBNA_012/20220826_070000.WAV,Carp Pond,recover-20220828,012,1795
595.7355,595.7504,23750.0,28729.0,Nyctalus leisleri,0.487,0.652,-1,Echolocation,/mnt/ubna_data_02_mir/recover-20220828/UBNA_012/20220826_070000.WAV,Carp Pond,recover-20220828,012,1795
596.0445,596.0591,24609.0,28428.0,Nyctalus leisleri,0.348,0.542,-1,Echolocation,/mnt/ubna_data_02_mir/recover-20220828/UBNA_012/20220826_070000.WAV,Carp Pond,recover-20220828,012,1795
596.3205,596.3352,23750.0,28364.0,Nyctalus leisleri,0.513,0.663,-1,Echolocation,/mnt/ubna_data_02_mir/recover-20220828/UBNA_012/20220826_070000.WAV,Carp Pond,recover-20220828,012,1795
596.4455,596.4554,25468.0,31866.0,Nyctalus leisleri,0.479,0.653,-1,Echolocation,/mnt/ubna_data_02_mir/recover-20220828/UBNA_012/20220826_070000.WAV,Carp Pond,recover-20220828,012,1795
596.4785,596.491,24609.0,28885.0,Nyctalus leisleri,0.447,0.577,-1,Echolocation,/mnt/ubna_data_02_mir/recover-20220828/UBNA_012/20220826_070000.WAV,Carp Pond,recover-20220828,012,1795
596.5065,596.5224,24609.0,28920.0,Nyctalus leisleri,0.195,0.3,-1,Echolocation,/mnt/ubna_data_02_mir/recover-20220828/UBNA_012/20220826_070000.WAV,Carp Pond,recover-20220828,012,1795
596.6225,596.636,23750.0,30093.0,Nyctalus leisleri,0.449,0.67,-1,Echolocation,/mnt/ubna_data_02_mir/recover-20220828/UBNA_012/20220826_070000.WAV,Carp Pond,recover-20220828,012,1795
596.7615,596.7746,25468.0,29628.0,Nyctalus leisleri,0.222,0.346,-1,Echolocation,/mnt/ubna_data_02_mir/recover-20220828/UBNA_012/20220826_070000.WAV,Carp Pond,recover-20220828,012,1795
596.7995,596.8138,26328.0,33139.0,Eptesicus serotinus,0.308,0.53,-1,Echolocation,/mnt/ubna_data_02_mir/recover-20220828/UBNA_012/20220826_070000.WAV,Carp Pond,recover-20220828,012,1795
596.9175,596.9313,23750.0,28798.0,Nyctalus leisleri,0.405,0.656,-1,Echolocation,/mnt/ubna_data_02_mir/recover-20220828/UBNA_012/20220826_070000.WAV,Carp Pond,recover-20220828,012,1795
597.2235000000001,597.238,23750.0,30090.0,Nyctalus leisleri,0.428,0.667,-1,Echolocation,/mnt/ubna_data_02_mir/recover-20220828/UBNA_012/20220826_070000.WAV,Carp Pond,recover-20220828,012,1795
597.3325,597.3491,23750.0,28543.0,Nyctalus leisleri,0.225,0.405,-1,Echolocation,/mnt/ubna_data_02_mir/recover-20220828/UBNA_012/20220826_070000.WAV,Carp Pond,recover-20220828,012,1795
597.5195,597.5333,24609.0,30601.0,Nyctalus leisleri,0.375,0.651,-1,Echolocation,/mnt/ubna_data_02_mir/recover-20220828/UBNA_012/20220826_070000.WAV,Carp Pond,recover-20220828,012,1795
597.5295,597.5387,47812.0,51054.0,Pipistrellus pipistrellus,0.189,0.234,-1,Echolocation,/mnt/ubna_data_02_mir/recover-20220828/UBNA_012/20220826_070000.WAV,Carp Pond,recover-20220828,012,1795
597.6825,597.6979,23750.0,30366.0,Nyctalus leisleri,0.297,0.638,-1,Echolocation,/mnt/ubna_data_02_mir/recover-20220828/UBNA_012/20220826_070000.WAV,Carp Pond,recover-20220828,012,1795
597.9665,597.982,23750.0,29345.0,Nyctalus leisleri,0.344,0.63,-1,Echolocation,/mnt/ubna_data_02_mir/recover-20220828/UBNA_012/20220826_070000.WAV,Carp Pond,recover-20220828,012,1795
598.2745,598.2882,23750.0,29946.0,Nyctalus leisleri,0.488,0.688,-1,Echolocation,/mnt/ubna_data_02_mir/recover-20220828/UBNA_012/20220826_070000.WAV,Carp Pond,recover-20220828,012,1795
598.3965,598.4111,24609.0,30490.0,Nyctalus leisleri,0.344,0.57,-1,Echolocation,/mnt/ubna_data_02_mir/recover-20220828/UBNA_012/20220826_070000.WAV,Carp Pond,recover-20220828,012,1795
598.5895,598.6033,23750.0,29520.0,Nyctalus leisleri,0.484,0.665,-1,Echolocation,/mnt/ubna_data_02_mir/recover-20220828/UBNA_012/20220826_070000.WAV,Carp Pond,recover-20220828,012,1795
598.8935,598.9084,24609.0,29640.0,Nyctalus leisleri,0.302,0.61,-1,Echolocation,/mnt/ubna_data_02_mir/recover-20220828/UBNA_012/20220826_070000.WAV,Carp Pond,recover-20220828,012,1795
599.0335,599.0441,25468.0,32287.0,Nyctalus leisleri,0.483,0.664,-1,Echolocation,/mnt/ubna_data_02_mir/recover-20220828/UBNA_012/20220826_070000.WAV,Carp Pond,recover-20220828,012,1795
599.1935,599.2087,24609.0,28601.0,Nyctalus leisleri,0.402,0.524,-1,Echolocation,/mnt/ubna_data_02_mir/recover-20220828/UBNA_012/20220826_070000.WAV,Carp Pond,recover-20220828,012,1795
599.4945,599.5087,23750.0,29009.0,Nyctalus leisleri,0.513,0.643,-1,Echolocation,/mnt/ubna_data_02_mir/recover-20220828/UBNA_012/20220826_070000.WAV,Carp Pond,recover-20220828,012,1795
599.6685,599.6889,24609.0,30677.0,Nyctalus leisleri,0.178,0.428,-1,Echolocation,/mnt/ubna_data_02_mir/recover-20220828/UBNA_012/20220826_070000.WAV,Carp Pond,recover-20220828,012,1795
599.7795,599.7926,23750.0,28666.0,Nyctalus leisleri,0.487,0.63,-1,Echolocation,/mnt/ubna_data_02_mir/recover-20220828/UBNA_012/20220826_070000.WAV,Carp Pond,recover-20220828,012,1795
600.0785,600.0926,23750.0,31273.0,Nyctalus leisleri,0.306,0.618,-1,Echolocation,/mnt/ubna_data_02_mir/recover-20220828/UBNA_012/20220826_070000.WAV,Carp Pond,recover-20220828,012,1795
600.3795,600.3936,23750.0,27343.0,Nyctalus leisleri,0.646,0.726,-1,Echolocation,/mnt/ubna_data_02_mir/recover-20220828/UBNA_012/20220826_070000.WAV,Carp Pond,recover-20220828,012,1795
600.6635,600.6779,23750.0,29943.0,Nyctalus leisleri,0.425,0.639,-1,Echolocation,/mnt/ubna_data_02_mir/recover-20220828/UBNA_012/20220826_070000.WAV,Carp Pond,recover-20220828,012,1795
600.9655,600.9816,23750.0,27217.0,Nyctalus leisleri,0.286,0.359,-1,Echolocation,/mnt/ubna_data_02_mir/recover-20220828/UBNA_012/20220826_070000.WAV,Carp Pond,recover-20220828,012,1795
601.2665,601.2814,23750.0,28043.0,Nyctalus leisleri,0.554,0.654,-1,Echolocation,/mnt/ubna_data_02_mir/recover-20220828/UBNA_012/20220826_070000.WAV,Carp Pond,recover-20220828,012,1795
601.2705,601.2809,48671.0,51213.0,Pipistrellus pipistrellus,0.179,0.275,-1,Echolocation,/mnt/ubna_data_02_mir/recover-20220828/UBNA_012/20220826_070000.WAV,Carp Pond,recover-20220828,012,1795
601.4035,601.4228,24609.0,28032.0,Nyctalus leisleri,0.276,0.364,-1,Echolocation,/mnt/ubna_data_02_mir/recover-20220828/UBNA_012/20220826_070000.WAV,Carp Pond,recover-20220828,012,1795
601.5575,601.5718,23750.0,27655.0,Nyctalus leisleri,0.639,0.708,-1,Echolocation,/mnt/ubna_data_02_mir/recover-20220828/UBNA_012/20220826_070000.WAV,Carp Pond,recover-20220828,012,1795
601.6845,601.6962,24609.0,29746.0,Nyctalus leisleri,0.496,0.629,-1,Echolocation,/mnt/ubna_data_02_mir/recover-20220828/UBNA_012/20220826_070000.WAV,Carp Pond,recover-20220828,012,1795
601.8175,601.8294,24609.0,31468.0,Nyctalus leisleri,0.344,0.608,-1,Echolocation,/mnt/ubna_data_02_mir/recover-20220828/UBNA_012/20220826_070000.WAV,Carp Pond,recover-20220828,012,1795
602.1135,602.1263,23750.0,28506.0,Nyctalus leisleri,0.568,0.684,-1,Echolocation,/mnt/ubna_data_02_mir/recover-20220828/UBNA_012/20220826_070000.WAV,Carp Pond,recover-20220828,012,1795
602.3055,602.3222,25468.0,29360.0,Nyctalus leisleri,0.281,0.368,-1,Echolocation,/mnt/ubna_data_02_mir/recover-20220828/UBNA_012/20220826_070000.WAV,Carp Pond,recover-20220828,012,1795
602.4165,602.4304,23750.0,28716.0,Nyctalus leisleri,0.512,0.646,-1,Echolocation,/mnt/ubna_data_02_mir/recover-20220828/UBNA_012/20220826_070000.WAV,Carp Pond,recover-20220828,012,1795
602.7085,602.7222,24609.0,28321.0,Nyctalus leisleri,0.507,0.628,-1,Echolocation,/mnt/ubna_data_02_mir/recover-20220828/UBNA_012/20220826_070000.WAV,Carp Pond,recover-20220828,012,1795
602.9995,603.0136,23750.0,28958.0,Nyctalus leisleri,0.442,0.615,-1,Echolocation,/mnt/ubna_data_02_mir/recover-20220828/UBNA_012/20220826_070000.WAV,Carp Pond,recover-20220828,012,1795
603.0225,603.0397,26328.0,30081.0,Nyctalus leisleri,0.142,0.225,-1,Echolocation,/mnt/ubna_data_02_mir/recover-20220828/UBNA_012/20220826_070000.WAV,Carp Pond,recover-20220828,012,1795
603.2995,603.3142,23750.0,27735.0,Nyctalus leisleri,0.628,0.725,-1,Echolocation,/mnt/ubna_data_02_mir/recover-20220828/UBNA_012/20220826_070000.WAV,Carp Pond,recover-20220828,012,1795
603.3005,603.314,49531.0,53032.0,Pipistrellus pygmaeus,0.107,0.207,-1,Echolocation,/mnt/ubna_data_02_mir/recover-20220828/UBNA_012/20220826_070000.WAV,Carp Pond,recover-20220828,012,1795
603.4635,603.4761,24609.0,28827.0,Nyctalus leisleri,0.301,0.445,-1,Echolocation,/mnt/ubna_data_02_mir/recover-20220828/UBNA_012/20220826_070000.WAV,Carp Pond,recover-20220828,012,1795
603.5995,603.6148,23750.0,28900.0,Nyctalus leisleri,0.345,0.525,-1,Echolocation,/mnt/ubna_data_02_mir/recover-20220828/UBNA_012/20220826_070000.WAV,Carp Pond,recover-20220828,012,1795
603.7525,603.7682,25468.0,29073.0,Nyctalus leisleri,0.29,0.402,-1,Echolocation,/mnt/ubna_data_02_mir/recover-20220828/UBNA_012/20220826_070000.WAV,Carp Pond,recover-20220828,012,1795
603.8895,603.9048,23750.0,28494.0,Nyctalus leisleri,0.551,0.675,-1,Echolocation,/mnt/ubna_data_02_mir/recover-20220828/UBNA_012/20220826_070000.WAV,Carp Pond,recover-20220828,012,1795
604.1735,604.1877,23750.0,27866.0,Nyctalus leisleri,0.375,0.476,-1,Echolocation,/mnt/ubna_data_02_mir/recover-20220828/UBNA_012/20220826_070000.WAV,Carp Pond,recover-20220828,012,1795
604.1925,604.2056,23750.0,29095.0,Nyctalus leisleri,0.292,0.522,-1,Echolocation,/mnt/ubna_data_02_mir/recover-20220828/UBNA_012/20220826_070000.WAV,Carp Pond,recover-20220828,012,1795
604.3595,604.3708,24609.0,30371.0,Nyctalus leisleri,0.444,0.607,-1,Echolocation,/mnt/ubna_data_02_mir/recover-20220828/UBNA_012/20220826_070000.WAV,Carp Pond,recover-20220828,012,1795
604.4575,604.4764,25468.0,30936.0,Nyctalus leisleri,0.144,0.298,-1,Echolocation,/mnt/ubna_data_02_mir/recover-20220828/UBNA_012/20220826_070000.WAV,Carp Pond,recover-20220828,012,1795
604.7455,604.7586,24609.0,29689.0,Nyctalus leisleri,0.183,0.341,-1,Echolocation,/mnt/ubna_data_02_mir/recover-20220828/UBNA_012/20220826_070000.WAV,Carp Pond,recover-20220828,012,1795
604.8085,604.8223,24609.0,29519.0,Nyctalus leisleri,0.444,0.639,-1,Echolocation,/mnt/ubna_data_02_mir/recover-20220828/UBNA_012/20220826_070000.WAV,Carp Pond,recover-20220828,012,1795
605.0305,605.0507,23750.0,28512.0,Nyctalus leisleri,0.136,0.263,-1,Echolocation,/mnt/ubna_data_02_mir/recover-20220828/UBNA_012/20220826_070000.WAV,Carp Pond,recover-20220828,012,1795
605.1025,605.1188,23750.0,27787.0,Nyctalus leisleri,0.25,0.36,-1,Echolocation,/mnt/ubna_data_02_mir/recover-20220828/UBNA_012/20220826_070000.WAV,Carp Pond,recover-20220828,012,1795
605.3955,605.4081,24609.0,28676.0,Nyctalus leisleri,0.32,0.504,-1,Echolocation,/mnt/ubna_data_02_mir/recover-20220828/UBNA_012/20220826_070000.WAV,Carp Pond,recover-20220828,012,1795
605.4565,605.4758,25468.0,30830.0,Nyctalus leisleri,0.166,0.298,-1,Echolocation,/mnt/ubna_data_02_mir/recover-20220828/UBNA_012/20220826_070000.WAV,Carp Pond,recover-20220828,012,1795
605.8845,605.9034,23750.0,28404.0,Nyctalus leisleri,0.241,0.424,-1,Echolocation,/mnt/ubna_data_02_mir/recover-20220828/UBNA_012/20220826_070000.WAV,Carp Pond,recover-20220828,012,1795
605.9865,605.9988,24609.0,30517.0,Nyctalus leisleri,0.27,0.603,-1,Echolocation,/mnt/ubna_data_02_mir/recover-20220828/UBNA_012/20220826_070000.WAV,Carp Pond,recover-20220828,012,1795
606.1655,606.1795,25468.0,32067.0,Nyctalus leisleri,0.257,0.55,-1,Echolocation,/mnt/ubna_data_02_mir/recover-20220828/UBNA_012/20220826_070000.WAV,Carp Pond,recover-20220828,012,1795
606.2875,606.3013,23750.0,28674.0,Nyctalus leisleri,0.33,0.538,-1,Echolocation,/mnt/ubna_data_02_mir/recover-20220828/UBNA_012/20220826_070000.WAV,Carp Pond,recover-20220828,012,1795
606.4675,606.4828,25468.0,29774.0,Nyctalus leisleri,0.217,0.338,-1,Echolocation,/mnt/ubna_data_02_mir/recover-20220828/UBNA_012/20220826_070000.WAV,Carp Pond,recover-20220828,012,1795
606.5975,606.6124,23750.0,28590.0,Nyctalus leisleri,0.393,0.584,-1,Echolocation,/mnt/ubna_data_02_mir/recover-20220828/UBNA_012/20220826_070000.WAV,Carp Pond,recover-20220828,012,1795
606.7555,606.7732,24609.0,29108.0,Nyctalus leisleri,0.253,0.39,-1,Echolocation,/mnt/ubna_data_02_mir/recover-20220828/UBNA_012/20220826_070000.WAV,Carp Pond,recover-20220828,012,1795
607.1625,607.1775,27187.0,32878.0,Nyctalus leisleri,0.182,0.42,-1,Echolocation,/mnt/ubna_data_02_mir/recover-20220828/UBNA_012/20220826_070000.WAV,Carp Pond,recover-20220828,012,1795
607.2125,607.2306,24609.0,28028.0,Nyctalus leisleri,0.169,0.283,-1,Echolocation,/mnt/ubna_data_02_mir/recover-20220828/UBNA_012/20220826_070000.WAV,Carp Pond,recover-20220828,012,1795
607.4545,607.4721,26328.0,32142.0,Eptesicus serotinus,0.195,0.394,-1,Echolocation,/mnt/ubna_data_02_mir/recover-20220828/UBNA_012/20220826_070000.WAV,Carp Pond,recover-20220828,012,1795
607.7395,607.7582,24609.0,27868.0,Nyctalus leisleri,0.337,0.449,-1,Echolocation,/mnt/ubna_data_02_mir/recover-20220828/UBNA_012/20220826_070000.WAV,Carp Pond,recover-20220828,012,1795
608.0845,608.1001,24609.0,27617.0,Nyctalus leisleri,0.514,0.583,-1,Echolocation,/mnt/ubna_data_02_mir/recover-20220828/UBNA_012/20220826_070000.WAV,Carp Pond,recover-20220828,012,1795
608.1515,608.1673,25468.0,32644.0,Eptesicus serotinus,0.28,0.576,-1,Echolocation,/mnt/ubna_data_02_mir/recover-20220828/UBNA_012/20220826_070000.WAV,Carp Pond,recover-20220828,012,1795
608.4435,608.457,24609.0,28678.0,Nyctalus leisleri,0.535,0.647,-1,Echolocation,/mnt/ubna_data_02_mir/recover-20220828/UBNA_012/20220826_070000.WAV,Carp Pond,recover-20220828,012,1795
608.8055,608.8203,24609.0,28588.0,Nyctalus leisleri,0.417,0.562,-1,Echolocation,/mnt/ubna_data_02_mir/recover-20220828/UBNA_012/20220826_070000.WAV,Carp Pond,recover-20220828,012,1795
608.8685,608.8838,25468.0,33329.0,Eptesicus serotinus,0.378,0.479,-1,Echolocation,/mnt/ubna_data_02_mir/recover-20220828/UBNA_012/20220826_070000.WAV,Carp Pond,recover-20220828,012,1795
609.1655,609.1816,24609.0,29688.0,Nyctalus leisleri,0.188,0.415,-1,Echolocation,/mnt/ubna_data_02_mir/recover-20220828/UBNA_012/20220826_070000.WAV,Carp Pond,recover-20220828,012,1795
609.4555,609.4719,25468.0,35760.0,Eptesicus serotinus,0.419,0.566,-1,Echolocation,/mnt/ubna_data_02_mir/recover-20220828/UBNA_012/20220826_070000.WAV,Carp Pond,recover-20220828,012,1795
609.6675,609.6819,24609.0,28739.0,Nyctalus leisleri,0.444,0.563,-1,Echolocation,/mnt/ubna_data_02_mir/recover-20220828/UBNA_012/20220826_070000.WAV,Carp Pond,recover-20220828,012,1795
609.8795,609.8927,24609.0,31663.0,Eptesicus serotinus,0.316,0.564,-1,Echolocation,/mnt/ubna_data_02_mir/recover-20220828/UBNA_012/20220826_070000.WAV,Carp Pond,recover-20220828,012,1795
610.1555,610.1701,25468.0,32977.0,Eptesicus serotinus,0.387,0.581,-1,Echolocation,/mnt/ubna_data_02_mir/recover-20220828/UBNA_012/20220826_070000.WAV,Carp Pond,recover-20220828,012,1795
610.2495,610.2672,23750.0,28516.0,Nyctalus leisleri,0.4,0.568,-1,Echolocation,/mnt/ubna_data_02_mir/recover-20220828/UBNA_012/20220826_070000.WAV,Carp Pond,recover-20220828,012,1795
610.4375,610.451,24609.0,31248.0,Eptesicus serotinus,0.292,0.616,-1,Echolocation,/mnt/ubna_data_02_mir/recover-20220828/UBNA_012/20220826_070000.WAV,Carp Pond,recover-20220828,012,1795
610.7225,610.7375,25468.0,34883.0,Eptesicus serotinus,0.415,0.529,-1,Echolocation,/mnt/ubna_data_02_mir/recover-20220828/UBNA_012/20220826_070000.WAV,Carp Pond,recover-20220828,012,1795
611.1485,611.1612,24609.0,30474.0,Eptesicus serotinus,0.255,0.553,-1,Echolocation,/mnt/ubna_data_02_mir/recover-20220828/UBNA_012/20220826_070000.WAV,Carp Pond,recover-20220828,012,1795
611.2645,611.2738,29765.0,35664.0,Eptesicus serotinus,0.243,0.473,-1,Echolocation,/mnt/ubna_data_02_mir/recover-20220828/UBNA_012/20220826_070000.WAV,Carp Pond,recover-20220828,012,1795
611.4245,611.4394,23750.0,28144.0,Nyctalus leisleri,0.11,0.209,-1,Echolocation,/mnt/ubna_data_02_mir/recover-20220828/UBNA_012/20220826_070000.WAV,Carp Pond,recover-20220828,012,1795
611.6675,611.6812,25468.0,34333.0,Eptesicus serotinus,0.379,0.576,-1,Echolocation,/mnt/ubna_data_02_mir/recover-20220828/UBNA_012/20220826_070000.WAV,Carp Pond,recover-20220828,012,1795
611.9515,611.9639,24609.0,30157.0,Nyctalus leisleri,0.265,0.512,-1,Echolocation,/mnt/ubna_data_02_mir/recover-20220828/UBNA_012/20220826_070000.WAV,Carp Pond,recover-20220828,012,1795
612.2245,612.2393,25468.0,35011.0,Eptesicus serotinus,0.415,0.574,-1,Echolocation,/mnt/ubna_data_02_mir/recover-20220828/UBNA_012/20220826_070000.WAV,Carp Pond,recover-20220828,012,1795
612.5195,612.5322,26328.0,35067.0,Eptesicus serotinus,0.432,0.599,-1,Echolocation,/mnt/ubna_data_02_mir/recover-20220828/UBNA_012/20220826_070000.WAV,Carp Pond,recover-20220828,012,1795
612.7885,612.8033,23750.0,31398.0,Eptesicus serotinus,0.35,0.522,-1,Echolocation,/mnt/ubna_data_02_mir/recover-20220828/UBNA_012/20220826_070000.WAV,Carp Pond,recover-20220828,012,1795
613.0695,613.0823,25468.0,36089.0,Eptesicus serotinus,0.474,0.621,-1,Echolocation,/mnt/ubna_data_02_mir/recover-20220828/UBNA_012/20220826_070000.WAV,Carp Pond,recover-20220828,012,1795
613.0775,613.0865,50390.0,54832.0,Pipistrellus pipistrellus,0.175,0.264,-1,Echolocation,/mnt/ubna_data_02_mir/recover-20220828/UBNA_012/20220826_070000.WAV,Carp Pond,recover-20220828,012,1795
613.3605,613.3743,24609.0,30601.0,Nyctalus leisleri,0.332,0.66,-1,Echolocation,/mnt/ubna_data_02_mir/recover-20220828/UBNA_012/20220826_070000.WAV,Carp Pond,recover-20220828,012,1795
613.6415,613.6558,25468.0,34474.0,Eptesicus serotinus,0.431,0.568,-1,Echolocation,/mnt/ubna_data_02_mir/recover-20220828/UBNA_012/20220826_070000.WAV,Carp Pond,recover-20220828,012,1795
614.0635,614.0759,24609.0,30628.0,Nyctalus leisleri,0.342,0.649,-1,Echolocation,/mnt/ubna_data_02_mir/recover-20220828/UBNA_012/20220826_070000.WAV,Carp Pond,recover-20220828,012,1795
614.3465,614.3605,25468.0,32673.0,Eptesicus serotinus,0.309,0.635,-1,Echolocation,/mnt/ubna_data_02_mir/recover-20220828/UBNA_012/20220826_070000.WAV,Carp Pond,recover-20220828,012,1795
614.7705,614.7842,24609.0,31969.0,Eptesicus serotinus,0.373,0.59,-1,Echolocation,/mnt/ubna_data_02_mir/recover-20220828/UBNA_012/20220826_070000.WAV,Carp Pond,recover-20220828,012,1795
615.0475,615.0641,24609.0,28954.0,Nyctalus leisleri,0.225,0.492,-1,Echolocation,/mnt/ubna_data_02_mir/recover-20220828/UBNA_012/20220826_070000.WAV,Carp Pond,recover-20220828,012,1795
615.4695,615.4858,24609.0,31491.0,Eptesicus serotinus,0.251,0.515,-1,Echolocation,/mnt/ubna_data_02_mir/recover-20220828/UBNA_012/20220826_070000.WAV,Carp Pond,recover-20220828,012,1795
615.6195,615.6329,25468.0,31728.0,Eptesicus serotinus,0.286,0.548,-1,Echolocation,/mnt/ubna_data_02_mir/recover-20220828/UBNA_012/20220826_070000.WAV,Carp Pond,recover-20220828,012,1795
615.9145,615.9263,23750.0,28791.0,Eptesicus serotinus,0.139,0.321,-1,Echolocation,/mnt/ubna_data_02_mir/recover-20220828/UBNA_012/20220826_070000.WAV,Carp Pond,recover-20220828,012,1795
616.3205,616.3331000000001,25468.0,32167.0,Eptesicus serotinus,0.297,0.607,-1,Echolocation,/mnt/ubna_data_02_mir/recover-20220828/UBNA_012/20220826_070000.WAV,Carp Pond,recover-20220828,012,1795
616.6065,616.6187,23750.0,29560.0,Nyctalus leisleri,0.279,0.534,-1,Echolocation,/mnt/ubna_data_02_mir/recover-20220828/UBNA_012/20220826_070000.WAV,Carp Pond,recover-20220828,012,1795
616.7325,616.7438,27187.0,32178.0,Nyctalus leisleri,0.136,0.294,-1,Echolocation,/mnt/ubna_data_02_mir/recover-20220828/UBNA_012/20220826_070000.WAV,Carp Pond,recover-20220828,012,1795
616.8725,616.8841,25468.0,31335.0,Nyctalus leisleri,0.44,0.616,-1,Echolocation,/mnt/ubna_data_02_mir/recover-20220828/UBNA_012/20220826_070000.WAV,Carp Pond,recover-20220828,012,1795
617.2775,617.2897,25468.0,33782.0,Eptesicus serotinus,0.433,0.645,-1,Echolocation,/mnt/ubna_data_02_mir/recover-20220828/UBNA_012/20220826_070000.WAV,Carp Pond,recover-20220828,012,1795
617.5585,617.57,24609.0,29701.0,Nyctalus leisleri,0.254,0.497,-1,Echolocation,/mnt/ubna_data_02_mir/recover-20220828/UBNA_012/20220826_070000.WAV,Carp Pond,recover-20220828,012,1795
617.8325,617.8449,26328.0,33552.0,Eptesicus serotinus,0.303,0.623,-1,Echolocation,/mnt/ubna_data_02_mir/recover-20220828/UBNA_012/20220826_070000.WAV,Carp Pond,recover-20220828,012,1795
618.2485,618.2626,24609.0,29941.0,Nyctalus leisleri,0.224,0.485,-1,Echolocation,/mnt/ubna_data_02_mir/recover-20220828/UBNA_012/20220826_070000.WAV,Carp Pond,recover-20220828,012,1795
618.8045,618.8191,25468.0,30776.0,Nyctalus leisleri,0.216,0.418,-1,Echolocation,/mnt/ubna_data_02_mir/recover-20220828/UBNA_012/20220826_070000.WAV,Carp Pond,recover-20220828,012,1795
619.0955,619.1079,23750.0,28658.0,Nyctalus leisleri,0.14,0.326,-1,Echolocation,/mnt/ubna_data_02_mir/recover-20220828/UBNA_012/20220826_070000.WAV,Carp Pond,recover-20220828,012,1795
645.5075,645.5273,20312.0,24203.0,Nyctalus noctula,0.162,0.269,-1,Echolocation,/mnt/ubna_data_02_mir/recover-20220828/UBNA_012/20220826_070000.WAV,Carp Pond,recover-20220828,012,1795
649.3405,649.3542,23750.0,28213.0,Nyctalus leisleri,0.201,0.311,-1,Echolocation,/mnt/ubna_data_02_mir/recover-20220828/UBNA_012/20220826_070000.WAV,Carp Pond,recover-20220828,012,1795
649.8775,649.8914,25468.0,30020.0,Nyctalus leisleri,0.139,0.258,-1,Echolocation,/mnt/ubna_data_02_mir/recover-20220828/UBNA_012/20220826_070000.WAV,Carp Pond,recover-20220828,012,1795
650.4125,650.4254,25468.0,29957.0,Nyctalus leisleri,0.243,0.422,-1,Echolocation,/mnt/ubna_data_02_mir/recover-20220828/UBNA_012/20220826_070000.WAV,Carp Pond,recover-20220828,012,1795
650.6775,650.6883,24609.0,29982.0,Nyctalus leisleri,0.284,0.558,-1,Echolocation,/mnt/ubna_data_02_mir/recover-20220828/UBNA_012/20220826_070000.WAV,Carp Pond,recover-20220828,012,1795
650.8295,650.8432,25468.0,29906.0,Nyctalus leisleri,0.3,0.438,-1,Echolocation,/mnt/ubna_data_02_mir/recover-20220828/UBNA_012/20220826_070000.WAV,Carp Pond,recover-20220828,012,1795
651.2675,651.2815,25468.0,29225.0,Nyctalus leisleri,0.13,0.25,-1,Echolocation,/mnt/ubna_data_02_mir/recover-20220828/UBNA_012/20220826_070000.WAV,Carp Pond,recover-20220828,012,1795
651.5305,651.5444,25468.0,30812.0,Nyctalus leisleri,0.358,0.626,-1,Echolocation,/mnt/ubna_data_02_mir/recover-20220828/UBNA_012/20220826_070000.WAV,Carp Pond,recover-20220828,012,1795
651.8285,651.8445,25468.0,29535.0,Nyctalus leisleri,0.125,0.221,-1,Echolocation,/mnt/ubna_data_02_mir/recover-20220828/UBNA_012/20220826_070000.WAV,Carp Pond,recover-20220828,012,1795
652.0965,652.1109,24609.0,29413.0,Nyctalus leisleri,0.378,0.536,-1,Echolocation,/mnt/ubna_data_02_mir/recover-20220828/UBNA_012/20220826_070000.WAV,Carp Pond,recover-20220828,012,1795
652.5015,652.5152,24609.0,29564.0,Nyctalus leisleri,0.325,0.521,-1,Echolocation,/mnt/ubna_data_02_mir/recover-20220828/UBNA_012/20220826_070000.WAV,Carp Pond,recover-20220828,012,1795
652.7735,652.7868,25468.0,29800.0,Nyctalus leisleri,0.438,0.611,-1,Echolocation,/mnt/ubna_data_02_mir/recover-20220828/UBNA_012/20220826_070000.WAV,Carp Pond,recover-20220828,012,1795
653.4465,653.4596,24609.0,29446.0,Nyctalus leisleri,0.302,0.515,-1,Echolocation,/mnt/ubna_data_02_mir/recover-20220828/UBNA_012/20220826_070000.WAV,Carp Pond,recover-20220828,012,1795
653.7205,653.7352,24609.0,29184.0,Nyctalus leisleri,0.214,0.356,-1,Echolocation,/mnt/ubna_data_02_mir/recover-20220828/UBNA_012/20220826_070000.WAV,Carp Pond,recover-20220828,012,1795
654.0015,654.0129,25468.0,30808.0,Nyctalus leisleri,0.278,0.425,-1,Echolocation,/mnt/ubna_data_02_mir/recover-20220828/UBNA_012/20220826_070000.WAV,Carp Pond,recover-20220828,012,1795
654.4035,654.4168,24609.0,28969.0,Nyctalus leisleri,0.274,0.452,-1,Echolocation,/mnt/ubna_data_02_mir/recover-20220828/UBNA_012/20220826_070000.WAV,Carp Pond,recover-20220828,012,1795
654.6745,654.6887,24609.0,29949.0,Nyctalus leisleri,0.336,0.603,-1,Echolocation,/mnt/ubna_data_02_mir/recover-20220828/UBNA_012/20220826_070000.WAV,Carp Pond,recover-20220828,012,1795
655.0835,655.1002,24609.0,28724.0,Nyctalus leisleri,0.23,0.381,-1,Echolocation,/mnt/ubna_data_02_mir/recover-20220828/UBNA_012/20220826_070000.WAV,Carp Pond,recover-20220828,012,1795
655.3495,655.3661,24609.0,29199.0,Nyctalus leisleri,0.37,0.587,-1,Echolocation,/mnt/ubna_data_02_mir/recover-20220828/UBNA_012/20220826_070000.WAV,Carp Pond,recover-20220828,012,1795
655.7495,655.7661,24609.0,29494.0,Nyctalus leisleri,0.294,0.424,-1,Echolocation,/mnt/ubna_data_02_mir/recover-20220828/UBNA_012/20220826_070000.WAV,Carp Pond,recover-20220828,012,1795
656.0235,656.044,24609.0,29666.0,Nyctalus leisleri,0.169,0.37,-1,Echolocation,/mnt/ubna_data_02_mir/recover-20220828/UBNA_012/20220826_070000.WAV,Carp Pond,recover-20220828,012,1795
656.4155,656.4319,24609.0,29365.0,Nyctalus leisleri,0.373,0.555,-1,Echolocation,/mnt/ubna_data_02_mir/recover-20220828/UBNA_012/20220826_070000.WAV,Carp Pond,recover-20220828,012,1795
656.6945,656.7127,25468.0,29353.0,Nyctalus leisleri,0.267,0.36,-1,Echolocation,/mnt/ubna_data_02_mir/recover-20220828/UBNA_012/20220826_070000.WAV,Carp Pond,recover-20220828,012,1795
657.0985000000001,657.1173,24609.0,28721.0,Nyctalus leisleri,0.293,0.422,-1,Echolocation,/mnt/ubna_data_02_mir/recover-20220828/UBNA_012/20220826_070000.WAV,Carp Pond,recover-20220828,012,1795
657.3705,657.3888,24609.0,28296.0,Nyctalus leisleri,0.327,0.413,-1,Echolocation,/mnt/ubna_data_02_mir/recover-20220828/UBNA_012/20220826_070000.WAV,Carp Pond,recover-20220828,012,1795
657.7645,657.7798,24609.0,29698.0,Nyctalus leisleri,0.324,0.522,-1,Echolocation,/mnt/ubna_data_02_mir/recover-20220828/UBNA_012/20220826_070000.WAV,Carp Pond,recover-20220828,012,1795
657.7705,657.7826,49531.0,53452.0,Pipistrellus pipistrellus,0.212,0.296,-1,Echolocation,/mnt/ubna_data_02_mir/recover-20220828/UBNA_012/20220826_070000.WAV,Carp Pond,recover-20220828,012,1795
658.0305,658.0464,24609.0,29486.0,Nyctalus leisleri,0.316,0.512,-1,Echolocation,/mnt/ubna_data_02_mir/recover-20220828/UBNA_012/20220826_070000.WAV,Carp Pond,recover-20220828,012,1795
658.1775,658.1955,24609.0,28855.0,Nyctalus leisleri,0.222,0.357,-1,Echolocation,/mnt/ubna_data_02_mir/recover-20220828/UBNA_012/20220826_070000.WAV,Carp Pond,recover-20220828,012,1795
658.3235,658.3373,26328.0,33027.0,Nyctalus leisleri,0.27,0.498,-1,Echolocation,/mnt/ubna_data_02_mir/recover-20220828/UBNA_012/20220826_070000.WAV,Carp Pond,recover-20220828,012,1795
658.6975,658.7149,25468.0,31879.0,Nyctalus leisleri,0.29,0.519,-1,Echolocation,/mnt/ubna_data_02_mir/recover-20220828/UBNA_012/20220826_070000.WAV,Carp Pond,recover-20220828,012,1795
658.9635,658.983,24609.0,29854.0,Nyctalus leisleri,0.156,0.313,-1,Echolocation,/mnt/ubna_data_02_mir/recover-20220828/UBNA_012/20220826_070000.WAV,Carp Pond,recover-20220828,012,1795
659.2305,659.2458,24609.0,31911.0,Eptesicus serotinus,0.273,0.612,-1,Echolocation,/mnt/ubna_data_02_mir/recover-20220828/UBNA_012/20220826_070000.WAV,Carp Pond,recover-20220828,012,1795
659.6255,659.6414,25468.0,31183.0,Nyctalus leisleri,0.291,0.559,-1,Echolocation,/mnt/ubna_data_02_mir/recover-20220828/UBNA_012/20220826_070000.WAV,Carp Pond,recover-20220828,012,1795
659.9035,659.9183,24609.0,30831.0,Nyctalus leisleri,0.427,0.648,-1,Echolocation,/mnt/ubna_data_02_mir/recover-20220828/UBNA_012/20220826_070000.WAV,Carp Pond,recover-20220828,012,1795
659.9095,659.9225,49531.0,53938.0,Pipistrellus pipistrellus,0.198,0.307,-1,Echolocation,/mnt/ubna_data_02_mir/recover-20220828/UBNA_012/20220826_070000.WAV,Carp Pond,recover-20220828,012,1795
660.3065,660.32,24609.0,32434.0,Eptesicus serotinus,0.294,0.598,-1,Echolocation,/mnt/ubna_data_02_mir/recover-20220828/UBNA_012/20220826_070000.WAV,Carp Pond,recover-20220828,012,1795
660.5695,660.5883,24609.0,29706.0,Eptesicus serotinus,0.155,0.366,-1,Echolocation,/mnt/ubna_data_02_mir/recover-20220828/UBNA_012/20220826_070000.WAV,Carp Pond,recover-20220828,012,1795
660.9525,660.9669,24609.0,31685.0,Nyctalus leisleri,0.327,0.636,-1,Echolocation,/mnt/ubna_data_02_mir/recover-20220828/UBNA_012/20220826_070000.WAV,Carp Pond,recover-20220828,012,1795
660.9575,660.9697,49531.0,53847.0,Pipistrellus pipistrellus,0.158,0.262,-1,Echolocation,/mnt/ubna_data_02_mir/recover-20220828/UBNA_012/20220826_070000.WAV,Carp Pond,recover-20220828,012,1795
661.2325,661.2481,24609.0,30850.0,Nyctalus leisleri,0.262,0.569,-1,Echolocation,/mnt/ubna_data_02_mir/recover-20220828/UBNA_012/20220826_070000.WAV,Carp Pond,recover-20220828,012,1795
661.4995,661.5117,25468.0,31340.0,Nyctalus leisleri,0.62,0.735,-1,Echolocation,/mnt/ubna_data_02_mir/recover-20220828/UBNA_012/20220826_070000.WAV,Carp Pond,recover-20220828,012,1795
661.8895,661.908,24609.0,30692.0,Eptesicus serotinus,0.202,0.472,-1,Echolocation,/mnt/ubna_data_02_mir/recover-20220828/UBNA_012/20220826_070000.WAV,Carp Pond,recover-20220828,012,1795
662.1705,662.1847,24609.0,30808.0,Nyctalus leisleri,0.488,0.656,-1,Echolocation,/mnt/ubna_data_02_mir/recover-20220828/UBNA_012/20220826_070000.WAV,Carp Pond,recover-20220828,012,1795
662.1735,662.1834,50390.0,54782.0,Pipistrellus pipistrellus,0.129,0.257,-1,Echolocation,/mnt/ubna_data_02_mir/recover-20220828/UBNA_012/20220826_070000.WAV,Carp Pond,recover-20220828,012,1795
662.4345,662.4484,24609.0,31194.0,Nyctalus leisleri,0.349,0.625,-1,Echolocation,/mnt/ubna_data_02_mir/recover-20220828/UBNA_012/20220826_070000.WAV,Carp Pond,recover-20220828,012,1795
662.7045,662.7196,24609.0,29872.0,Nyctalus leisleri,0.347,0.576,-1,Echolocation,/mnt/ubna_data_02_mir/recover-20220828/UBNA_012/20220826_070000.WAV,Carp Pond,recover-20220828,012,1795
662.8295,662.8393,26328.0,34705.0,Eptesicus serotinus,0.316,0.571,-1,Echolocation,/mnt/ubna_data_02_mir/recover-20220828/UBNA_012/20220826_070000.WAV,Carp Pond,recover-20220828,012,1795
662.9655,662.9761,27187.0,37211.0,Eptesicus serotinus,0.413,0.674,-1,Echolocation,/mnt/ubna_data_02_mir/recover-20220828/UBNA_012/20220826_070000.WAV,Carp Pond,recover-20220828,012,1795
663.1215,663.1346,25468.0,32201.0,Eptesicus serotinus,0.285,0.576,-1,Echolocation,/mnt/ubna_data_02_mir/recover-20220828/UBNA_012/20220826_070000.WAV,Carp Pond,recover-20220828,012,1795
663.2895,663.304,25468.0,31890.0,Nyctalus leisleri,0.354,0.645,-1,Echolocation,/mnt/ubna_data_02_mir/recover-20220828/UBNA_012/20220826_070000.WAV,Carp Pond,recover-20220828,012,1795
663.6805,663.6952,25468.0,32292.0,Nyctalus leisleri,0.304,0.6,-1,Echolocation,/mnt/ubna_data_02_mir/recover-20220828/UBNA_012/20220826_070000.WAV,Carp Pond,recover-20220828,012,1795
663.9435,663.9578,25468.0,30583.0,Nyctalus leisleri,0.259,0.55,-1,Echolocation,/mnt/ubna_data_02_mir/recover-20220828/UBNA_012/20220826_070000.WAV,Carp Pond,recover-20220828,012,1795
664.2145,664.2285,25468.0,31205.0,Nyctalus leisleri,0.42,0.61,-1,Echolocation,/mnt/ubna_data_02_mir/recover-20220828/UBNA_012/20220826_070000.WAV,Carp Pond,recover-20220828,012,1795
664.4905,664.5041,24609.0,30358.0,Nyctalus leisleri,0.292,0.572,-1,Echolocation,/mnt/ubna_data_02_mir/recover-20220828/UBNA_012/20220826_070000.WAV,Carp Pond,recover-20220828,012,1795
664.7635,664.7769,24609.0,31304.0,Nyctalus leisleri,0.337,0.626,-1,Echolocation,/mnt/ubna_data_02_mir/recover-20220828/UBNA_012/20220826_070000.WAV,Carp Pond,recover-20220828,012,1795
664.8945,664.9076,26328.0,37687.0,Eptesicus serotinus,0.511,0.683,-1,Echolocation,/mnt/ubna_data_02_mir/recover-20220828/UBNA_012/20220826_070000.WAV,Carp Pond,recover-20220828,012,1795
665.0555,665.0688,26328.0,31335.0,Nyctalus leisleri,0.338,0.575,-1,Echolocation,/mnt/ubna_data_02_mir/recover-20220828/UBNA_012/20220826_070000.WAV,Carp Pond,recover-20220828,012,1795
665.1845,665.1946,27187.0,32854.0,Nyctalus leisleri,0.321,0.55,-1,Echolocation,/mnt/ubna_data_02_mir/recover-20220828/UBNA_012/20220826_070000.WAV,Carp Pond,recover-20220828,012,1795
665.3235,665.336,26328.0,34643.0,Eptesicus serotinus,0.371,0.69,-1,Echolocation,/mnt/ubna_data_02_mir/recover-20220828/UBNA_012/20220826_070000.WAV,Carp Pond,recover-20220828,012,1795
665.7195,665.7342,25468.0,31255.0,Nyctalus leisleri,0.338,0.636,-1,Echolocation,/mnt/ubna_data_02_mir/recover-20220828/UBNA_012/20220826_070000.WAV,Carp Pond,recover-20220828,012,1795
665.9885,666.0023,26328.0,31366.0,Nyctalus leisleri,0.291,0.453,-1,Echolocation,/mnt/ubna_data_02_mir/recover-20220828/UBNA_012/20220826_070000.WAV,Carp Pond,recover-20220828,012,1795
666.2555,666.2705,25468.0,31389.0,Nyctalus leisleri,0.351,0.653,-1,Echolocation,/mnt/ubna_data_02_mir/recover-20220828/UBNA_012/20220826_070000.WAV,Carp Pond,recover-20220828,012,1795
666.5325,666.5468,25468.0,30253.0,Nyctalus leisleri,0.257,0.592,-1,Echolocation,/mnt/ubna_data_02_mir/recover-20220828/UBNA_012/20220826_070000.WAV,Carp Pond,recover-20220828,012,1795
666.9295,666.9451,24609.0,30538.0,Nyctalus leisleri,0.37,0.603,-1,Echolocation,/mnt/ubna_data_02_mir/recover-20220828/UBNA_012/20220826_070000.WAV,Carp Pond,recover-20220828,012,1795
667.3305,667.345,25468.0,29746.0,Nyctalus leisleri,0.458,0.617,-1,Echolocation,/mnt/ubna_data_02_mir/recover-20220828/UBNA_012/20220826_070000.WAV,Carp Pond,recover-20220828,012,1795
667.6015,667.6179,24609.0,30814.0,Nyctalus leisleri,0.253,0.557,-1,Echolocation,/mnt/ubna_data_02_mir/recover-20220828/UBNA_012/20220826_070000.WAV,Carp Pond,recover-20220828,012,1795
668.7145,668.7344,25468.0,29248.0,Nyctalus leisleri,0.169,0.256,-1,Echolocation,/mnt/ubna_data_02_mir/recover-20220828/UBNA_012/20220826_070000.WAV,Carp Pond,recover-20220828,012,1795
669.0685,669.083,23750.0,28534.0,Nyctalus leisleri,0.323,0.451,-1,Echolocation,/mnt/ubna_data_02_mir/recover-20220828/UBNA_012/20220826_070000.WAV,Carp Pond,recover-20220828,012,1795
669.2595,669.273,25468.0,30458.0,Nyctalus leisleri,0.23,0.422,-1,Echolocation,/mnt/ubna_data_02_mir/recover-20220828/UBNA_012/20220826_070000.WAV,Carp Pond,recover-20220828,012,1795
669.7995,669.8127,24609.0,30184.0,Nyctalus leisleri,0.231,0.429,-1,Echolocation,/mnt/ubna_data_02_mir/recover-20220828/UBNA_012/20220826_070000.WAV,Carp Pond,recover-20220828,012,1795
686.4235,686.4363,25468.0,29674.0,Nyctalus leisleri,0.229,0.355,-1,Echolocation,/mnt/ubna_data_02_mir/recover-20220828/UBNA_012/20220826_070000.WAV,Carp Pond,recover-20220828,012,1795
688.9215,688.9365,25468.0,29393.0,Nyctalus leisleri,0.33,0.474,-1,Echolocation,/mnt/ubna_data_02_mir/recover-20220828/UBNA_012/20220826_070000.WAV,Carp Pond,recover-20220828,012,1795
689.3505,689.363,25468.0,29974.0,Eptesicus serotinus,0.096,0.217,-1,Echolocation,/mnt/ubna_data_02_mir/recover-20220828/UBNA_012/20220826_070000.WAV,Carp Pond,recover-20220828,012,1795
689.6625,689.6733,24609.0,30528.0,Nyctalus leisleri,0.27,0.508,-1,Echolocation,/mnt/ubna_data_02_mir/recover-20220828/UBNA_012/20220826_070000.WAV,Carp Pond,recover-20220828,012,1795
689.9585,689.9699,25468.0,30758.0,Nyctalus leisleri,0.199,0.444,-1,Echolocation,/mnt/ubna_data_02_mir/recover-20220828/UBNA_012/20220826_070000.WAV,Carp Pond,recover-20220828,012,1795
690.8625,690.8764,24609.0,28987.0,Nyctalus leisleri,0.407,0.564,-1,Echolocation,/mnt/ubna_data_02_mir/recover-20220828/UBNA_012/20220826_070000.WAV,Carp Pond,recover-20220828,012,1795
691.6375,691.6483,25468.0,30380.0,Nyctalus leisleri,0.188,0.39,-1,Echolocation,/mnt/ubna_data_02_mir/recover-20220828/UBNA_012/20220826_070000.WAV,Carp Pond,recover-20220828,012,1795
692.2355,692.2463,25468.0,31671.0,Eptesicus serotinus,0.183,0.394,-1,Echolocation,/mnt/ubna_data_02_mir/recover-20220828/UBNA_012/20220826_070000.WAV,Carp Pond,recover-20220828,012,1795
692.8385,692.8522,25468.0,30423.0,Nyctalus leisleri,0.236,0.468,-1,Echolocation,/mnt/ubna_data_02_mir/recover-20220828/UBNA_012/20220826_070000.WAV,Carp Pond,recover-20220828,012,1795
693.3265,693.3414,23750.0,27961.0,Nyctalus leisleri,0.127,0.226,-1,Echolocation,/mnt/ubna_data_02_mir/recover-20220828/UBNA_012/20220826_070000.WAV,Carp Pond,recover-20220828,012,1795
693.6215,693.6341,25468.0,29638.0,Nyctalus leisleri,0.362,0.56,-1,Echolocation,/mnt/ubna_data_02_mir/recover-20220828/UBNA_012/20220826_070000.WAV,Carp Pond,recover-20220828,012,1795
694.4445,694.4591,25468.0,29343.0,Nyctalus leisleri,0.233,0.355,-1,Echolocation,/mnt/ubna_data_02_mir/recover-20220828/UBNA_012/20220826_070000.WAV,Carp Pond,recover-20220828,012,1795
695.9375,695.9431,16875.0,31690.0,Plecotus auritus,0.119,0.21,-1,Echolocation,/mnt/ubna_data_02_mir/recover-20220828/UBNA_012/20220826_070000.WAV,Carp Pond,recover-20220828,012,1795
695.9915,696.0038,25468.0,29834.0,Nyctalus leisleri,0.339,0.483,-1,Echolocation,/mnt/ubna_data_02_mir/recover-20220828/UBNA_012/20220826_070000.WAV,Carp Pond,recover-20220828,012,1795
713.5905,713.605,25468.0,30197.0,Nyctalus leisleri,0.282,0.479,-1,Echolocation,/mnt/ubna_data_02_mir/recover-20220828/UBNA_012/20220826_070000.WAV,Carp Pond,recover-20220828,012,1795
714.0195,714.0297,23750.0,29245.0,Nyctalus leisleri,0.194,0.451,-1,Echolocation,/mnt/ubna_data_02_mir/recover-20220828/UBNA_012/20220826_070000.WAV,Carp Pond,recover-20220828,012,1795
714.2955,714.3122,24609.0,29194.0,Nyctalus leisleri,0.337,0.581,-1,Echolocation,/mnt/ubna_data_02_mir/recover-20220828/UBNA_012/20220826_070000.WAV,Carp Pond,recover-20220828,012,1795
714.7325,714.7472,23750.0,27782.0,Nyctalus leisleri,0.248,0.355,-1,Echolocation,/mnt/ubna_data_02_mir/recover-20220828/UBNA_012/20220826_070000.WAV,Carp Pond,recover-20220828,012,1795
715.0185,715.0356,24609.0,29082.0,Nyctalus leisleri,0.264,0.548,-1,Echolocation,/mnt/ubna_data_02_mir/recover-20220828/UBNA_012/20220826_070000.WAV,Carp Pond,recover-20220828,012,1795
715.4465,715.4604,23750.0,28206.0,Nyctalus leisleri,0.168,0.286,-1,Echolocation,/mnt/ubna_data_02_mir/recover-20220828/UBNA_012/20220826_070000.WAV,Carp Pond,recover-20220828,012,1795
715.6285,715.6429,24609.0,30034.0,Nyctalus leisleri,0.292,0.546,-1,Echolocation,/mnt/ubna_data_02_mir/recover-20220828/UBNA_012/20220826_070000.WAV,Carp Pond,recover-20220828,012,1795
715.7945,715.8152,23750.0,29268.0,Nyctalus leisleri,0.24,0.498,-1,Echolocation,/mnt/ubna_data_02_mir/recover-20220828/UBNA_012/20220826_070000.WAV,Carp Pond,recover-20220828,012,1795
716.1115,716.1318,23750.0,28527.0,Nyctalus leisleri,0.2,0.381,-1,Echolocation,/mnt/ubna_data_02_mir/recover-20220828/UBNA_012/20220826_070000.WAV,Carp Pond,recover-20220828,012,1795
716.3985,716.4168,23750.0,28626.0,Nyctalus leisleri,0.339,0.482,-1,Echolocation,/mnt/ubna_data_02_mir/recover-20220828/UBNA_012/20220826_070000.WAV,Carp Pond,recover-20220828,012,1795
716.8315,716.8459,24609.0,28586.0,Nyctalus leisleri,0.317,0.469,-1,Echolocation,/mnt/ubna_data_02_mir/recover-20220828/UBNA_012/20220826_070000.WAV,Carp Pond,recover-20220828,012,1795
717.0185,717.0328,23750.0,28939.0,Nyctalus leisleri,0.393,0.577,-1,Echolocation,/mnt/ubna_data_02_mir/recover-20220828/UBNA_012/20220826_070000.WAV,Carp Pond,recover-20220828,012,1795
717.1605,717.1759,23750.0,29112.0,Eptesicus serotinus,0.168,0.372,-1,Echolocation,/mnt/ubna_data_02_mir/recover-20220828/UBNA_012/20220826_070000.WAV,Carp Pond,recover-20220828,012,1795
717.3155,717.3311,24609.0,30645.0,Eptesicus serotinus,0.228,0.572,-1,Echolocation,/mnt/ubna_data_02_mir/recover-20220828/UBNA_012/20220826_070000.WAV,Carp Pond,recover-20220828,012,1795
717.5245,717.5418999999999,23750.0,30198.0,Eptesicus serotinus,0.236,0.558,-1,Echolocation,/mnt/ubna_data_02_mir/recover-20220828/UBNA_012/20220826_070000.WAV,Carp Pond,recover-20220828,012,1795
717.8405,717.8558,24609.0,28934.0,Nyctalus leisleri,0.283,0.477,-1,Echolocation,/mnt/ubna_data_02_mir/recover-20220828/UBNA_012/20220826_070000.WAV,Carp Pond,recover-20220828,012,1795
717.9845,718.0009,24609.0,30442.0,Eptesicus serotinus,0.236,0.487,-1,Echolocation,/mnt/ubna_data_02_mir/recover-20220828/UBNA_012/20220826_070000.WAV,Carp Pond,recover-20220828,012,1795
718.1295,718.1419,24609.0,33042.0,Eptesicus serotinus,0.331,0.583,-1,Echolocation,/mnt/ubna_data_02_mir/recover-20220828/UBNA_012/20220826_070000.WAV,Carp Pond,recover-20220828,012,1795
718.2885,718.3012,24609.0,31116.0,Nyctalus leisleri,0.327,0.6,-1,Echolocation,/mnt/ubna_data_02_mir/recover-20220828/UBNA_012/20220826_070000.WAV,Carp Pond,recover-20220828,012,1795
718.7185,718.7351,23750.0,29179.0,Nyctalus leisleri,0.316,0.557,-1,Echolocation,/mnt/ubna_data_02_mir/recover-20220828/UBNA_012/20220826_070000.WAV,Carp Pond,recover-20220828,012,1795
718.9975,719.0141,23750.0,29340.0,Nyctalus leisleri,0.324,0.569,-1,Echolocation,/mnt/ubna_data_02_mir/recover-20220828/UBNA_012/20220826_070000.WAV,Carp Pond,recover-20220828,012,1795
719.3005,719.3191,24609.0,29818.0,Nyctalus leisleri,0.233,0.551,-1,Echolocation,/mnt/ubna_data_02_mir/recover-20220828/UBNA_012/20220826_070000.WAV,Carp Pond,recover-20220828,012,1795
719.5665,719.5859,24609.0,28847.0,Nyctalus leisleri,0.287,0.461,-1,Echolocation,/mnt/ubna_data_02_mir/recover-20220828/UBNA_012/20220826_070000.WAV,Carp Pond,recover-20220828,012,1795
719.8555,719.8704,23750.0,29587.0,Nyctalus leisleri,0.37,0.601,-1,Echolocation,/mnt/ubna_data_02_mir/recover-20220828/UBNA_012/20220826_070000.WAV,Carp Pond,recover-20220828,012,1795
720.8825,720.8973,23750.0,30604.0,Nyctalus leisleri,0.307,0.632,-1,Echolocation,/mnt/ubna_data_02_mir/recover-20220828/UBNA_012/20220826_070000.WAV,Carp Pond,recover-20220828,012,1795
721.1855,721.2023,23750.0,28809.0,Nyctalus leisleri,0.206,0.38,-1,Echolocation,/mnt/ubna_data_02_mir/recover-20220828/UBNA_012/20220826_070000.WAV,Carp Pond,recover-20220828,012,1795
721.6015,721.6147,24609.0,29175.0,Nyctalus leisleri,0.287,0.456,-1,Echolocation,/mnt/ubna_data_02_mir/recover-20220828/UBNA_012/20220826_070000.WAV,Carp Pond,recover-20220828,012,1795
721.8795,721.8956,23750.0,28156.0,Nyctalus leisleri,0.327,0.46,-1,Echolocation,/mnt/ubna_data_02_mir/recover-20220828/UBNA_012/20220826_070000.WAV,Carp Pond,recover-20220828,012,1795
722.0355,722.0525,25468.0,29485.0,Nyctalus leisleri,0.226,0.332,-1,Echolocation,/mnt/ubna_data_02_mir/recover-20220828/UBNA_012/20220826_070000.WAV,Carp Pond,recover-20220828,012,1795
722.4805,722.4936,23750.0,28870.0,Nyctalus leisleri,0.292,0.484,-1,Echolocation,/mnt/ubna_data_02_mir/recover-20220828/UBNA_012/20220826_070000.WAV,Carp Pond,recover-20220828,012,1795
722.6305,722.6437,24609.0,31463.0,Nyctalus leisleri,0.244,0.552,-1,Echolocation,/mnt/ubna_data_02_mir/recover-20220828/UBNA_012/20220826_070000.WAV,Carp Pond,recover-20220828,012,1795
723.7235,723.7381,24609.0,29046.0,Nyctalus leisleri,0.168,0.329,-1,Echolocation,/mnt/ubna_data_02_mir/recover-20220828/UBNA_012/20220826_070000.WAV,Carp Pond,recover-20220828,012,1795
737.3175,737.3333,25468.0,29169.0,Nyctalus leisleri,0.179,0.299,-1,Echolocation,/mnt/ubna_data_02_mir/recover-20220828/UBNA_012/20220826_070000.WAV,Carp Pond,recover-20220828,012,1795
737.8915,737.9033,25468.0,30532.0,Nyctalus leisleri,0.089,0.205,-1,Echolocation,/mnt/ubna_data_02_mir/recover-20220828/UBNA_012/20220826_070000.WAV,Carp Pond,recover-20220828,012,1795
738.4575,738.4694,25468.0,29112.0,Nyctalus leisleri,0.123,0.25,-1,Echolocation,/mnt/ubna_data_02_mir/recover-20220828/UBNA_012/20220826_070000.WAV,Carp Pond,recover-20220828,012,1795
739.1335,739.1468,24609.0,28715.0,Nyctalus leisleri,0.164,0.296,-1,Echolocation,/mnt/ubna_data_02_mir/recover-20220828/UBNA_012/20220826_070000.WAV,Carp Pond,recover-20220828,012,1795
739.7225,739.7407,25468.0,29832.0,Nyctalus leisleri,0.155,0.276,-1,Echolocation,/mnt/ubna_data_02_mir/recover-20220828/UBNA_012/20220826_070000.WAV,Carp Pond,recover-20220828,012,1795
740.4025,740.4211,24609.0,28479.0,Nyctalus leisleri,0.185,0.267,-1,Echolocation,/mnt/ubna_data_02_mir/recover-20220828/UBNA_012/20220826_070000.WAV,Carp Pond,recover-20220828,012,1795
741.2215,741.242,25468.0,29718.0,Nyctalus leisleri,0.174,0.261,-1,Echolocation,/mnt/ubna_data_02_mir/recover-20220828/UBNA_012/20220826_070000.WAV,Carp Pond,recover-20220828,012,1795
741.5045,741.524,24609.0,28590.0,Nyctalus leisleri,0.129,0.205,-1,Echolocation,/mnt/ubna_data_02_mir/recover-20220828/UBNA_012/20220826_070000.WAV,Carp Pond,recover-20220828,012,1795
741.7675,741.7823,25468.0,31083.0,Eptesicus serotinus,0.218,0.478,-1,Echolocation,/mnt/ubna_data_02_mir/recover-20220828/UBNA_012/20220826_070000.WAV,Carp Pond,recover-20220828,012,1795
742.1665,742.1806,25468.0,29401.0,Nyctalus leisleri,0.416,0.542,-1,Echolocation,/mnt/ubna_data_02_mir/recover-20220828/UBNA_012/20220826_070000.WAV,Carp Pond,recover-20220828,012,1795
742.4395,742.4535,23750.0,28953.0,Nyctalus leisleri,0.177,0.367,-1,Echolocation,/mnt/ubna_data_02_mir/recover-20220828/UBNA_012/20220826_070000.WAV,Carp Pond,recover-20220828,012,1795
742.7235000000001,742.7367,24609.0,28811.0,Nyctalus leisleri,0.301,0.453,-1,Echolocation,/mnt/ubna_data_02_mir/recover-20220828/UBNA_012/20220826_070000.WAV,Carp Pond,recover-20220828,012,1795
743.0035,743.0191,25468.0,28967.0,Nyctalus leisleri,0.146,0.254,-1,Echolocation,/mnt/ubna_data_02_mir/recover-20220828/UBNA_012/20220826_070000.WAV,Carp Pond,recover-20220828,012,1795
743.5805,743.5952,24609.0,29443.0,Nyctalus leisleri,0.321,0.537,-1,Echolocation,/mnt/ubna_data_02_mir/recover-20220828/UBNA_012/20220826_070000.WAV,Carp Pond,recover-20220828,012,1795
743.7285,743.7405,25468.0,29972.0,Nyctalus leisleri,0.456,0.594,-1,Echolocation,/mnt/ubna_data_02_mir/recover-20220828/UBNA_012/20220826_070000.WAV,Carp Pond,recover-20220828,012,1795
743.8855,743.8968,25468.0,30598.0,Nyctalus leisleri,0.306,0.54,-1,Echolocation,/mnt/ubna_data_02_mir/recover-20220828/UBNA_012/20220826_070000.WAV,Carp Pond,recover-20220828,012,1795
745.7195,745.7337,24609.0,30143.0,Nyctalus leisleri,0.246,0.566,-1,Echolocation,/mnt/ubna_data_02_mir/recover-20220828/UBNA_012/20220826_070000.WAV,Carp Pond,recover-20220828,012,1795
746.2555,746.2685,25468.0,29480.0,Nyctalus leisleri,0.294,0.43,-1,Echolocation,/mnt/ubna_data_02_mir/recover-20220828/UBNA_012/20220826_070000.WAV,Carp Pond,recover-20220828,012,1795
746.5755,746.5892,24609.0,30895.0,Eptesicus serotinus,0.263,0.569,-1,Echolocation,/mnt/ubna_data_02_mir/recover-20220828/UBNA_012/20220826_070000.WAV,Carp Pond,recover-20220828,012,1795
747.0955,747.1093,24609.0,30715.0,Nyctalus leisleri,0.318,0.635,-1,Echolocation,/mnt/ubna_data_02_mir/recover-20220828/UBNA_012/20220826_070000.WAV,Carp Pond,recover-20220828,012,1795
747.3635,747.3786,24609.0,30423.0,Nyctalus leisleri,0.243,0.579,-1,Echolocation,/mnt/ubna_data_02_mir/recover-20220828/UBNA_012/20220826_070000.WAV,Carp Pond,recover-20220828,012,1795
747.5035,747.5137,26328.0,33545.0,Eptesicus serotinus,0.302,0.662,-1,Echolocation,/mnt/ubna_data_02_mir/recover-20220828/UBNA_012/20220826_070000.WAV,Carp Pond,recover-20220828,012,1795
748.0255,748.041,26328.0,29249.0,Nyctalus leisleri,0.32,0.398,-1,Echolocation,/mnt/ubna_data_02_mir/recover-20220828/UBNA_012/20220826_070000.WAV,Carp Pond,recover-20220828,012,1795
748.3355,748.3547,24609.0,30067.0,Nyctalus leisleri,0.191,0.459,-1,Echolocation,/mnt/ubna_data_02_mir/recover-20220828/UBNA_012/20220826_070000.WAV,Carp Pond,recover-20220828,012,1795
748.7365,748.7506,24609.0,29169.0,Nyctalus leisleri,0.39,0.602,-1,Echolocation,/mnt/ubna_data_02_mir/recover-20220828/UBNA_012/20220826_070000.WAV,Carp Pond,recover-20220828,012,1795
749.0105,749.0243,25468.0,29746.0,Nyctalus leisleri,0.416,0.604,-1,Echolocation,/mnt/ubna_data_02_mir/recover-20220828/UBNA_012/20220826_070000.WAV,Carp Pond,recover-20220828,012,1795
749.4105,749.4233,23750.0,28571.0,Nyctalus leisleri,0.25,0.418,-1,Echolocation,/mnt/ubna_data_02_mir/recover-20220828/UBNA_012/20220826_070000.WAV,Carp Pond,recover-20220828,012,1795
749.6835,749.6967,24609.0,29621.0,Nyctalus leisleri,0.294,0.576,-1,Echolocation,/mnt/ubna_data_02_mir/recover-20220828/UBNA_012/20220826_070000.WAV,Carp Pond,recover-20220828,012,1795
750.2745,750.2958,24609.0,28160.0,Nyctalus leisleri,0.159,0.251,-1,Echolocation,/mnt/ubna_data_02_mir/recover-20220828/UBNA_012/20220826_070000.WAV,Carp Pond,recover-20220828,012,1795
751.5235,751.5415,24609.0,29134.0,Nyctalus leisleri,0.138,0.253,-1,Echolocation,/mnt/ubna_data_02_mir/recover-20220828/UBNA_012/20220826_070000.WAV,Carp Pond,recover-20220828,012,1795
752.2085,752.2223,23750.0,27671.0,Nyctalus leisleri,0.292,0.419,-1,Echolocation,/mnt/ubna_data_02_mir/recover-20220828/UBNA_012/20220826_070000.WAV,Carp Pond,recover-20220828,012,1795
752.3765,752.393,23750.0,28081.0,Nyctalus leisleri,0.126,0.257,-1,Echolocation,/mnt/ubna_data_02_mir/recover-20220828/UBNA_012/20220826_070000.WAV,Carp Pond,recover-20220828,012,1795
783.0845,783.1037,25468.0,28949.0,Nyctalus leisleri,0.214,0.292,-1,Echolocation,/mnt/ubna_data_02_mir/recover-20220828/UBNA_012/20220826_070000.WAV,Carp Pond,recover-20220828,012,1795
783.7795,783.7935,25468.0,30187.0,Nyctalus leisleri,0.305,0.414,-1,Echolocation,/mnt/ubna_data_02_mir/recover-20220828/UBNA_012/20220826_070000.WAV,Carp Pond,recover-20220828,012,1795
784.2095,784.221,26328.0,31201.0,Nyctalus leisleri,0.268,0.418,-1,Echolocation,/mnt/ubna_data_02_mir/recover-20220828/UBNA_012/20220826_070000.WAV,Carp Pond,recover-20220828,012,1795
786.2395,786.2551,26328.0,30388.0,Nyctalus leisleri,0.11,0.201,-1,Echolocation,/mnt/ubna_data_02_mir/recover-20220828/UBNA_012/20220826_070000.WAV,Carp Pond,recover-20220828,012,1795
786.5025,786.5157,25468.0,29492.0,Nyctalus leisleri,0.355,0.488,-1,Echolocation,/mnt/ubna_data_02_mir/recover-20220828/UBNA_012/20220826_070000.WAV,Carp Pond,recover-20220828,012,1795
786.9005,786.9156,25468.0,29430.0,Nyctalus leisleri,0.444,0.616,-1,Echolocation,/mnt/ubna_data_02_mir/recover-20220828/UBNA_012/20220826_070000.WAV,Carp Pond,recover-20220828,012,1795
787.1715,787.1856,25468.0,29704.0,Nyctalus leisleri,0.407,0.569,-1,Echolocation,/mnt/ubna_data_02_mir/recover-20220828/UBNA_012/20220826_070000.WAV,Carp Pond,recover-20220828,012,1795
787.4445,787.4602,25468.0,30750.0,Nyctalus leisleri,0.281,0.634,-1,Echolocation,/mnt/ubna_data_02_mir/recover-20220828/UBNA_012/20220826_070000.WAV,Carp Pond,recover-20220828,012,1795
787.5965,787.6167,24609.0,30000.0,Nyctalus leisleri,0.204,0.492,-1,Echolocation,/mnt/ubna_data_02_mir/recover-20220828/UBNA_012/20220826_070000.WAV,Carp Pond,recover-20220828,012,1795
787.8825,787.8986,25468.0,29535.0,Nyctalus leisleri,0.407,0.569,-1,Echolocation,/mnt/ubna_data_02_mir/recover-20220828/UBNA_012/20220826_070000.WAV,Carp Pond,recover-20220828,012,1795
788.0455,788.0587,26328.0,30761.0,Nyctalus leisleri,0.196,0.471,-1,Echolocation,/mnt/ubna_data_02_mir/recover-20220828/UBNA_012/20220826_070000.WAV,Carp Pond,recover-20220828,012,1795
788.2045,788.2174,25468.0,32122.0,Eptesicus serotinus,0.294,0.624,-1,Echolocation,/mnt/ubna_data_02_mir/recover-20220828/UBNA_012/20220826_070000.WAV,Carp Pond,recover-20220828,012,1795
788.5915,788.6058,25468.0,31178.0,Nyctalus leisleri,0.367,0.68,-1,Echolocation,/mnt/ubna_data_02_mir/recover-20220828/UBNA_012/20220826_070000.WAV,Carp Pond,recover-20220828,012,1795
788.8455,788.8617,25468.0,29747.0,Nyctalus leisleri,0.355,0.517,-1,Echolocation,/mnt/ubna_data_02_mir/recover-20220828/UBNA_012/20220826_070000.WAV,Carp Pond,recover-20220828,012,1795
789.1165,789.1344,25468.0,30354.0,Nyctalus leisleri,0.243,0.508,-1,Echolocation,/mnt/ubna_data_02_mir/recover-20220828/UBNA_012/20220826_070000.WAV,Carp Pond,recover-20220828,012,1795
789.3805,789.3963,24609.0,29571.0,Nyctalus leisleri,0.322,0.495,-1,Echolocation,/mnt/ubna_data_02_mir/recover-20220828/UBNA_012/20220826_070000.WAV,Carp Pond,recover-20220828,012,1795
789.6615,789.6758,24609.0,30730.0,Nyctalus leisleri,0.309,0.618,-1,Echolocation,/mnt/ubna_data_02_mir/recover-20220828/UBNA_012/20220826_070000.WAV,Carp Pond,recover-20220828,012,1795
790.0725,790.0893,24609.0,28203.0,Nyctalus leisleri,0.371,0.501,-1,Echolocation,/mnt/ubna_data_02_mir/recover-20220828/UBNA_012/20220826_070000.WAV,Carp Pond,recover-20220828,012,1795
790.3305,790.3443,25468.0,30313.0,Nyctalus leisleri,0.324,0.59,-1,Echolocation,/mnt/ubna_data_02_mir/recover-20220828/UBNA_012/20220826_070000.WAV,Carp Pond,recover-20220828,012,1795
790.6225,790.6367,24609.0,29164.0,Nyctalus leisleri,0.472,0.589,-1,Echolocation,/mnt/ubna_data_02_mir/recover-20220828/UBNA_012/20220826_070000.WAV,Carp Pond,recover-20220828,012,1795
790.8955,790.9118,24609.0,30842.0,Eptesicus serotinus,0.237,0.594,-1,Echolocation,/mnt/ubna_data_02_mir/recover-20220828/UBNA_012/20220826_070000.WAV,Carp Pond,recover-20220828,012,1795
791.2955,791.3132,24609.0,29409.0,Nyctalus leisleri,0.303,0.559,-1,Echolocation,/mnt/ubna_data_02_mir/recover-20220828/UBNA_012/20220826_070000.WAV,Carp Pond,recover-20220828,012,1795
791.5625,791.5756,24609.0,30630.0,Nyctalus leisleri,0.403,0.628,-1,Echolocation,/mnt/ubna_data_02_mir/recover-20220828/UBNA_012/20220826_070000.WAV,Carp Pond,recover-20220828,012,1795
791.5715,791.5806,48671.0,51824.0,Pipistrellus pipistrellus,0.237,0.347,-1,Echolocation,/mnt/ubna_data_02_mir/recover-20220828/UBNA_012/20220826_070000.WAV,Carp Pond,recover-20220828,012,1795
791.9605,791.9774,24609.0,29498.0,Nyctalus leisleri,0.32,0.554,-1,Echolocation,/mnt/ubna_data_02_mir/recover-20220828/UBNA_012/20220826_070000.WAV,Carp Pond,recover-20220828,012,1795
792.2395,792.2539,24609.0,29773.0,Nyctalus leisleri,0.529,0.679,-1,Echolocation,/mnt/ubna_data_02_mir/recover-20220828/UBNA_012/20220826_070000.WAV,Carp Pond,recover-20220828,012,1795
792.2485,792.2577,48671.0,51940.0,Pipistrellus pipistrellus,0.236,0.344,-1,Echolocation,/mnt/ubna_data_02_mir/recover-20220828/UBNA_012/20220826_070000.WAV,Carp Pond,recover-20220828,012,1795
792.5225,792.5378,24609.0,29367.0,Nyctalus leisleri,0.371,0.571,-1,Echolocation,/mnt/ubna_data_02_mir/recover-20220828/UBNA_012/20220826_070000.WAV,Carp Pond,recover-20220828,012,1795
792.7985,792.8129,24609.0,30251.0,Nyctalus leisleri,0.416,0.647,-1,Echolocation,/mnt/ubna_data_02_mir/recover-20220828/UBNA_012/20220826_070000.WAV,Carp Pond,recover-20220828,012,1795
792.8055,792.8141,49531.0,53112.0,Pipistrellus pipistrellus,0.241,0.353,-1,Echolocation,/mnt/ubna_data_02_mir/recover-20220828/UBNA_012/20220826_070000.WAV,Carp Pond,recover-20220828,012,1795
792.9525,792.9701,24609.0,29643.0,Nyctalus leisleri,0.318,0.581,-1,Echolocation,/mnt/ubna_data_02_mir/recover-20220828/UBNA_012/20220826_070000.WAV,Carp Pond,recover-20220828,012,1795
793.2315,793.2462,24609.0,29918.0,Nyctalus leisleri,0.374,0.588,-1,Echolocation,/mnt/ubna_data_02_mir/recover-20220828/UBNA_012/20220826_070000.WAV,Carp Pond,recover-20220828,012,1795
793.5005,793.5143,24609.0,29880.0,Nyctalus leisleri,0.469,0.643,-1,Echolocation,/mnt/ubna_data_02_mir/recover-20220828/UBNA_012/20220826_070000.WAV,Carp Pond,recover-20220828,012,1795
793.9065,793.9223,23750.0,29637.0,Nyctalus leisleri,0.303,0.544,-1,Echolocation,/mnt/ubna_data_02_mir/recover-20220828/UBNA_012/20220826_070000.WAV,Carp Pond,recover-20220828,012,1795
793.9155,793.9243,47812.0,50733.0,Pipistrellus pipistrellus,0.156,0.202,-1,Echolocation,/mnt/ubna_data_02_mir/recover-20220828/UBNA_012/20220826_070000.WAV,Carp Pond,recover-20220828,012,1795
794.1765,794.1908,23750.0,29567.0,Nyctalus leisleri,0.519,0.684,-1,Echolocation,/mnt/ubna_data_02_mir/recover-20220828/UBNA_012/20220826_070000.WAV,Carp Pond,recover-20220828,012,1795
794.5775,794.5933,24609.0,29262.0,Nyctalus leisleri,0.384,0.615,-1,Echolocation,/mnt/ubna_data_02_mir/recover-20220828/UBNA_012/20220826_070000.WAV,Carp Pond,recover-20220828,012,1795
794.7335,794.7471,24609.0,31703.0,Eptesicus serotinus,0.28,0.631,-1,Echolocation,/mnt/ubna_data_02_mir/recover-20220828/UBNA_012/20220826_070000.WAV,Carp Pond,recover-20220828,012,1795
794.7395,794.7481,50390.0,54069.0,Pipistrellus pipistrellus,0.118,0.204,-1,Echolocation,/mnt/ubna_data_02_mir/recover-20220828/UBNA_012/20220826_070000.WAV,Carp Pond,recover-20220828,012,1795
795.0175,795.0316,24609.0,29935.0,Nyctalus leisleri,0.491,0.685,-1,Echolocation,/mnt/ubna_data_02_mir/recover-20220828/UBNA_012/20220826_070000.WAV,Carp Pond,recover-20220828,012,1795
795.1245,795.1378,27187.0,32546.0,Nyctalus leisleri,0.271,0.45,-1,Echolocation,/mnt/ubna_data_02_mir/recover-20220828/UBNA_012/20220826_070000.WAV,Carp Pond,recover-20220828,012,1795
795.2855,795.3065,23750.0,31634.0,Eptesicus serotinus,0.254,0.457,-1,Echolocation,/mnt/ubna_data_02_mir/recover-20220828/UBNA_012/20220826_070000.WAV,Carp Pond,recover-20220828,012,1795
795.4585,795.4782,24609.0,30790.0,Eptesicus serotinus,0.179,0.437,-1,Echolocation,/mnt/ubna_data_02_mir/recover-20220828/UBNA_012/20220826_070000.WAV,Carp Pond,recover-20220828,012,1795
795.6255,795.6461,24609.0,29861.0,Nyctalus noctula,0.155,0.442,-1,Echolocation,/mnt/ubna_data_02_mir/recover-20220828/UBNA_012/20220826_070000.WAV,Carp Pond,recover-20220828,012,1795
795.6375,795.647,48671.0,51535.0,Pipistrellus pipistrellus,0.174,0.244,-1,Echolocation,/mnt/ubna_data_02_mir/recover-20220828/UBNA_012/20220826_070000.WAV,Carp Pond,recover-20220828,012,1795
795.7975,795.8181,23750.0,29477.0,Eptesicus serotinus,0.135,0.355,-1,Echolocation,/mnt/ubna_data_02_mir/recover-20220828/UBNA_012/20220826_070000.WAV,Carp Pond,recover-20220828,012,1795
795.9575,795.9784,24609.0,31127.0,Eptesicus serotinus,0.175,0.435,-1,Echolocation,/mnt/ubna_data_02_mir/recover-20220828/UBNA_012/20220826_070000.WAV,Carp Pond,recover-20220828,012,1795
796.1195,796.1379,23750.0,30010.0,Eptesicus serotinus,0.159,0.402,-1,Echolocation,/mnt/ubna_data_02_mir/recover-20220828/UBNA_012/20220826_070000.WAV,Carp Pond,recover-20220828,012,1795
796.1325,796.1421,47812.0,50584.0,Pipistrellus pipistrellus,0.22,0.305,-1,Echolocation,/mnt/ubna_data_02_mir/recover-20220828/UBNA_012/20220826_070000.WAV,Carp Pond,recover-20220828,012,1795
796.2735,796.2894,24609.0,29937.0,Nyctalus leisleri,0.231,0.521,-1,Echolocation,/mnt/ubna_data_02_mir/recover-20220828/UBNA_012/20220826_070000.WAV,Carp Pond,recover-20220828,012,1795
796.4215,796.4409,23750.0,31097.0,Eptesicus serotinus,0.226,0.421,-1,Echolocation,/mnt/ubna_data_02_mir/recover-20220828/UBNA_012/20220826_070000.WAV,Carp Pond,recover-20220828,012,1795
796.6085,796.6236,23750.0,29454.0,Nyctalus leisleri,0.244,0.503,-1,Echolocation,/mnt/ubna_data_02_mir/recover-20220828/UBNA_012/20220826_070000.WAV,Carp Pond,recover-20220828,012,1795
796.7595,796.778,23750.0,30148.0,Eptesicus serotinus,0.21,0.524,-1,Echolocation,/mnt/ubna_data_02_mir/recover-20220828/UBNA_012/20220826_070000.WAV,Carp Pond,recover-20220828,012,1795
796.9705,796.9871,23750.0,27811.0,Nyctalus leisleri,0.391,0.536,-1,Echolocation,/mnt/ubna_data_02_mir/recover-20220828/UBNA_012/20220826_070000.WAV,Carp Pond,recover-20220828,012,1795
797.1395,797.1552,24609.0,28139.0,Nyctalus leisleri,0.381,0.519,-1,Echolocation,/mnt/ubna_data_02_mir/recover-20220828/UBNA_012/20220826_070000.WAV,Carp Pond,recover-20220828,012,1795
797.4415,797.4565,23750.0,31044.0,Eptesicus serotinus,0.305,0.567,-1,Echolocation,/mnt/ubna_data_02_mir/recover-20220828/UBNA_012/20220826_070000.WAV,Carp Pond,recover-20220828,012,1795
797.7115,797.7257,24609.0,28394.0,Nyctalus leisleri,0.312,0.465,-1,Echolocation,/mnt/ubna_data_02_mir/recover-20220828/UBNA_012/20220826_070000.WAV,Carp Pond,recover-20220828,012,1795
797.9835,797.9988,24609.0,30259.0,Nyctalus leisleri,0.307,0.61,-1,Echolocation,/mnt/ubna_data_02_mir/recover-20220828/UBNA_012/20220826_070000.WAV,Carp Pond,recover-20220828,012,1795
798.2835,798.2994,24609.0,29440.0,Nyctalus leisleri,0.278,0.577,-1,Echolocation,/mnt/ubna_data_02_mir/recover-20220828/UBNA_012/20220826_070000.WAV,Carp Pond,recover-20220828,012,1795
798.4525,798.4688,24609.0,28728.0,Nyctalus leisleri,0.288,0.563,-1,Echolocation,/mnt/ubna_data_02_mir/recover-20220828/UBNA_012/20220826_070000.WAV,Carp Pond,recover-20220828,012,1795
798.6835,798.7029,23750.0,29061.0,Nyctalus noctula,0.146,0.434,-1,Echolocation,/mnt/ubna_data_02_mir/recover-20220828/UBNA_012/20220826_070000.WAV,Carp Pond,recover-20220828,012,1795
798.9665,798.9808,23750.0,30328.0,Nyctalus leisleri,0.337,0.627,-1,Echolocation,/mnt/ubna_data_02_mir/recover-20220828/UBNA_012/20220826_070000.WAV,Carp Pond,recover-20220828,012,1795
799.3665,799.382,24609.0,28986.0,Nyctalus leisleri,0.34,0.542,-1,Echolocation,/mnt/ubna_data_02_mir/recover-20220828/UBNA_012/20220826_070000.WAV,Carp Pond,recover-20220828,012,1795
799.5085,799.5219,24609.0,31230.0,Eptesicus serotinus,0.286,0.615,-1,Echolocation,/mnt/ubna_data_02_mir/recover-20220828/UBNA_012/20220826_070000.WAV,Carp Pond,recover-20220828,012,1795
799.7755,799.7905,24609.0,30249.0,Nyctalus leisleri,0.34,0.62,-1,Echolocation,/mnt/ubna_data_02_mir/recover-20220828/UBNA_012/20220826_070000.WAV,Carp Pond,recover-20220828,012,1795
800.0425,800.0578,24609.0,30367.0,Nyctalus leisleri,0.289,0.587,-1,Echolocation,/mnt/ubna_data_02_mir/recover-20220828/UBNA_012/20220826_070000.WAV,Carp Pond,recover-20220828,012,1795
800.1775,800.1914,24609.0,30079.0,Nyctalus leisleri,0.256,0.543,-1,Echolocation,/mnt/ubna_data_02_mir/recover-20220828/UBNA_012/20220826_070000.WAV,Carp Pond,recover-20220828,012,1795
800.2915,800.3019,25468.0,33131.0,Nyctalus leisleri,0.303,0.649,-1,Echolocation,/mnt/ubna_data_02_mir/recover-20220828/UBNA_012/20220826_070000.WAV,Carp Pond,recover-20220828,012,1795
800.3895,800.3987,27187.0,34108.0,Eptesicus serotinus,0.297,0.606,-1,Echolocation,/mnt/ubna_data_02_mir/recover-20220828/UBNA_012/20220826_070000.WAV,Carp Pond,recover-20220828,012,1795
800.4885,800.497,27187.0,34087.0,Eptesicus serotinus,0.252,0.562,-1,Echolocation,/mnt/ubna_data_02_mir/recover-20220828/UBNA_012/20220826_070000.WAV,Carp Pond,recover-20220828,012,1795
800.5975,800.6064,27187.0,33372.0,Eptesicus serotinus,0.264,0.57,-1,Echolocation,/mnt/ubna_data_02_mir/recover-20220828/UBNA_012/20220826_070000.WAV,Carp Pond,recover-20220828,012,1795
800.7915,800.803,28046.0,33490.0,Eptesicus serotinus,0.142,0.221,-1,Echolocation,/mnt/ubna_data_02_mir/recover-20220828/UBNA_012/20220826_070000.WAV,Carp Pond,recover-20220828,012,1795
801.6915,801.7068,27187.0,30894.0,Nyctalus leisleri,0.117,0.216,-1,Echolocation,/mnt/ubna_data_02_mir/recover-20220828/UBNA_012/20220826_070000.WAV,Carp Pond,recover-20220828,012,1795
801.9455,801.9586,25468.0,31844.0,Eptesicus serotinus,0.31,0.615,-1,Echolocation,/mnt/ubna_data_02_mir/recover-20220828/UBNA_012/20220826_070000.WAV,Carp Pond,recover-20220828,012,1795
802.1085,802.1229,25468.0,30552.0,Nyctalus leisleri,0.334,0.513,-1,Echolocation,/mnt/ubna_data_02_mir/recover-20220828/UBNA_012/20220826_070000.WAV,Carp Pond,recover-20220828,012,1795
802.5015,802.516,24609.0,30611.0,Eptesicus serotinus,0.254,0.476,-1,Echolocation,/mnt/ubna_data_02_mir/recover-20220828/UBNA_012/20220826_070000.WAV,Carp Pond,recover-20220828,012,1795
802.7635,802.7793,23750.0,29938.0,Eptesicus serotinus,0.217,0.453,-1,Echolocation,/mnt/ubna_data_02_mir/recover-20220828/UBNA_012/20220826_070000.WAV,Carp Pond,recover-20220828,012,1795
802.8855,802.8972,25468.0,30505.0,Nyctalus leisleri,0.316,0.548,-1,Echolocation,/mnt/ubna_data_02_mir/recover-20220828/UBNA_012/20220826_070000.WAV,Carp Pond,recover-20220828,012,1795
804.1005,804.1098,26328.0,32998.0,Nyctalus leisleri,0.419,0.649,-1,Echolocation,/mnt/ubna_data_02_mir/recover-20220828/UBNA_012/20220826_070000.WAV,Carp Pond,recover-20220828,012,1795
804.2245,804.237,25468.0,33316.0,Eptesicus serotinus,0.296,0.62,-1,Echolocation,/mnt/ubna_data_02_mir/recover-20220828/UBNA_012/20220826_070000.WAV,Carp Pond,recover-20220828,012,1795
804.3865,804.3977,26328.0,31861.0,Nyctalus leisleri,0.522,0.703,-1,Echolocation,/mnt/ubna_data_02_mir/recover-20220828/UBNA_012/20220826_070000.WAV,Carp Pond,recover-20220828,012,1795
804.5365,804.5497,25468.0,32280.0,Eptesicus serotinus,0.275,0.628,-1,Echolocation,/mnt/ubna_data_02_mir/recover-20220828/UBNA_012/20220826_070000.WAV,Carp Pond,recover-20220828,012,1795
804.7165,804.7285,25468.0,31156.0,Nyctalus leisleri,0.474,0.651,-1,Echolocation,/mnt/ubna_data_02_mir/recover-20220828/UBNA_012/20220826_070000.WAV,Carp Pond,recover-20220828,012,1795
804.9815,804.9951,25468.0,32032.0,Eptesicus serotinus,0.296,0.607,-1,Echolocation,/mnt/ubna_data_02_mir/recover-20220828/UBNA_012/20220826_070000.WAV,Carp Pond,recover-20220828,012,1795
805.2625,805.278,24609.0,30212.0,Nyctalus leisleri,0.338,0.619,-1,Echolocation,/mnt/ubna_data_02_mir/recover-20220828/UBNA_012/20220826_070000.WAV,Carp Pond,recover-20220828,012,1795
805.5765,805.5923,25468.0,29247.0,Nyctalus leisleri,0.448,0.605,-1,Echolocation,/mnt/ubna_data_02_mir/recover-20220828/UBNA_012/20220826_070000.WAV,Carp Pond,recover-20220828,012,1795
805.8605,805.8734,24609.0,30022.0,Nyctalus leisleri,0.393,0.624,-1,Echolocation,/mnt/ubna_data_02_mir/recover-20220828/UBNA_012/20220826_070000.WAV,Carp Pond,recover-20220828,012,1795
806.0225,806.0357,25468.0,30945.0,Nyctalus leisleri,0.35,0.665,-1,Echolocation,/mnt/ubna_data_02_mir/recover-20220828/UBNA_012/20220826_070000.WAV,Carp Pond,recover-20220828,012,1795
806.1915,806.2069,24609.0,30922.0,Nyctalus leisleri,0.291,0.631,-1,Echolocation,/mnt/ubna_data_02_mir/recover-20220828/UBNA_012/20220826_070000.WAV,Carp Pond,recover-20220828,012,1795
806.4805,806.4963,25468.0,29941.0,Nyctalus leisleri,0.409,0.63,-1,Echolocation,/mnt/ubna_data_02_mir/recover-20220828/UBNA_012/20220826_070000.WAV,Carp Pond,recover-20220828,012,1795
806.6205,806.6352,24609.0,32395.0,Eptesicus serotinus,0.347,0.542,-1,Echolocation,/mnt/ubna_data_02_mir/recover-20220828/UBNA_012/20220826_070000.WAV,Carp Pond,recover-20220828,012,1795
806.7505,806.7644,25468.0,33673.0,Eptesicus serotinus,0.387,0.626,-1,Echolocation,/mnt/ubna_data_02_mir/recover-20220828/UBNA_012/20220826_070000.WAV,Carp Pond,recover-20220828,012,1795
807.0125,807.0287,24609.0,30892.0,Eptesicus serotinus,0.231,0.567,-1,Echolocation,/mnt/ubna_data_02_mir/recover-20220828/UBNA_012/20220826_070000.WAV,Carp Pond,recover-20220828,012,1795
807.2725,807.2878,25468.0,31283.0,Nyctalus leisleri,0.338,0.643,-1,Echolocation,/mnt/ubna_data_02_mir/recover-20220828/UBNA_012/20220826_070000.WAV,Carp Pond,recover-20220828,012,1795
807.4295,807.4436,26328.0,31466.0,Nyctalus leisleri,0.42,0.676,-1,Echolocation,/mnt/ubna_data_02_mir/recover-20220828/UBNA_012/20220826_070000.WAV,Carp Pond,recover-20220828,012,1795
807.6945,807.7103,25468.0,29404.0,Nyctalus leisleri,0.404,0.623,-1,Echolocation,/mnt/ubna_data_02_mir/recover-20220828/UBNA_012/20220826_070000.WAV,Carp Pond,recover-20220828,012,1795
807.8265,807.8365,27187.0,34411.0,Nyctalus leisleri,0.34,0.653,-1,Echolocation,/mnt/ubna_data_02_mir/recover-20220828/UBNA_012/20220826_070000.WAV,Carp Pond,recover-20220828,012,1795
807.9355,807.9457,27187.0,36028.0,Nyctalus leisleri,0.329,0.721,-1,Echolocation,/mnt/ubna_data_02_mir/recover-20220828/UBNA_012/20220826_070000.WAV,Carp Pond,recover-20220828,012,1795
808.0225,808.0312,27187.0,34619.0,Eptesicus serotinus,0.336,0.592,-1,Echolocation,/mnt/ubna_data_02_mir/recover-20220828/UBNA_012/20220826_070000.WAV,Carp Pond,recover-20220828,012,1795
809.2725,809.2857,25468.0,31837.0,Nyctalus leisleri,0.363,0.673,-1,Echolocation,/mnt/ubna_data_02_mir/recover-20220828/UBNA_012/20220826_070000.WAV,Carp Pond,recover-20220828,012,1795
809.4345,809.4488,25468.0,30156.0,Nyctalus leisleri,0.328,0.572,-1,Echolocation,/mnt/ubna_data_02_mir/recover-20220828/UBNA_012/20220826_070000.WAV,Carp Pond,recover-20220828,012,1795
809.8015,809.8163,25468.0,31331.0,Nyctalus leisleri,0.262,0.628,-1,Echolocation,/mnt/ubna_data_02_mir/recover-20220828/UBNA_012/20220826_070000.WAV,Carp Pond,recover-20220828,012,1795
810.0755,810.09,25468.0,29774.0,Nyctalus leisleri,0.361,0.61,-1,Echolocation,/mnt/ubna_data_02_mir/recover-20220828/UBNA_012/20220826_070000.WAV,Carp Pond,recover-20220828,012,1795
810.3655,810.3811,25468.0,31259.0,Nyctalus leisleri,0.297,0.648,-1,Echolocation,/mnt/ubna_data_02_mir/recover-20220828/UBNA_012/20220826_070000.WAV,Carp Pond,recover-20220828,012,1795
810.6185,810.633,25468.0,30714.0,Nyctalus leisleri,0.412,0.612,-1,Echolocation,/mnt/ubna_data_02_mir/recover-20220828/UBNA_012/20220826_070000.WAV,Carp Pond,recover-20220828,012,1795
810.8895,810.9043,25468.0,31044.0,Nyctalus leisleri,0.295,0.58,-1,Echolocation,/mnt/ubna_data_02_mir/recover-20220828/UBNA_012/20220826_070000.WAV,Carp Pond,recover-20220828,012,1795
811.1575,811.1715,24609.0,29643.0,Nyctalus leisleri,0.31,0.552,-1,Echolocation,/mnt/ubna_data_02_mir/recover-20220828/UBNA_012/20220826_070000.WAV,Carp Pond,recover-20220828,012,1795
811.2885,811.3012,26328.0,31465.0,Nyctalus leisleri,0.275,0.471,-1,Echolocation,/mnt/ubna_data_02_mir/recover-20220828/UBNA_012/20220826_070000.WAV,Carp Pond,recover-20220828,012,1795
811.4205,811.4333,26328.0,31799.0,Nyctalus leisleri,0.329,0.664,-1,Echolocation,/mnt/ubna_data_02_mir/recover-20220828/UBNA_012/20220826_070000.WAV,Carp Pond,recover-20220828,012,1795
811.8185,811.8321,24609.0,30343.0,Eptesicus serotinus,0.242,0.52,-1,Echolocation,/mnt/ubna_data_02_mir/recover-20220828/UBNA_012/20220826_070000.WAV,Carp Pond,recover-20220828,012,1795
812.0865,812.1016,24609.0,30593.0,Nyctalus leisleri,0.414,0.639,-1,Echolocation,/mnt/ubna_data_02_mir/recover-20220828/UBNA_012/20220826_070000.WAV,Carp Pond,recover-20220828,012,1795
812.2445,812.2588,24609.0,29902.0,Nyctalus leisleri,0.289,0.561,-1,Echolocation,/mnt/ubna_data_02_mir/recover-20220828/UBNA_012/20220826_070000.WAV,Carp Pond,recover-20220828,012,1795
812.5115,812.5264,24609.0,30367.0,Nyctalus leisleri,0.337,0.591,-1,Echolocation,/mnt/ubna_data_02_mir/recover-20220828/UBNA_012/20220826_070000.WAV,Carp Pond,recover-20220828,012,1795
812.5195,812.532,49531.0,53312.0,Pipistrellus pipistrellus,0.215,0.336,-1,Echolocation,/mnt/ubna_data_02_mir/recover-20220828/UBNA_012/20220826_070000.WAV,Carp Pond,recover-20220828,012,1795
812.7795,812.7946,24609.0,29726.0,Nyctalus leisleri,0.321,0.542,-1,Echolocation,/mnt/ubna_data_02_mir/recover-20220828/UBNA_012/20220826_070000.WAV,Carp Pond,recover-20220828,012,1795
813.0455,813.0598,25468.0,30118.0,Nyctalus leisleri,0.389,0.581,-1,Echolocation,/mnt/ubna_data_02_mir/recover-20220828/UBNA_012/20220826_070000.WAV,Carp Pond,recover-20220828,012,1795
813.3315,813.3483,25468.0,29595.0,Nyctalus leisleri,0.377,0.525,-1,Echolocation,/mnt/ubna_data_02_mir/recover-20220828/UBNA_012/20220826_070000.WAV,Carp Pond,recover-20220828,012,1795
813.5985,813.614,25468.0,30163.0,Nyctalus leisleri,0.343,0.596,-1,Echolocation,/mnt/ubna_data_02_mir/recover-20220828/UBNA_012/20220826_070000.WAV,Carp Pond,recover-20220828,012,1795
813.8835,813.8988,24609.0,29661.0,Nyctalus leisleri,0.439,0.602,-1,Echolocation,/mnt/ubna_data_02_mir/recover-20220828/UBNA_012/20220826_070000.WAV,Carp Pond,recover-20220828,012,1795
814.1545,814.1681,25468.0,31179.0,Nyctalus leisleri,0.364,0.666,-1,Echolocation,/mnt/ubna_data_02_mir/recover-20220828/UBNA_012/20220826_070000.WAV,Carp Pond,recover-20220828,012,1795
814.5585,814.5772,24609.0,29407.0,Nyctalus leisleri,0.338,0.557,-1,Echolocation,/mnt/ubna_data_02_mir/recover-20220828/UBNA_012/20220826_070000.WAV,Carp Pond,recover-20220828,012,1795
814.8325,814.848,25468.0,30145.0,Nyctalus leisleri,0.384,0.628,-1,Echolocation,/mnt/ubna_data_02_mir/recover-20220828/UBNA_012/20220826_070000.WAV,Carp Pond,recover-20220828,012,1795
815.2525,815.2694,24609.0,29482.0,Nyctalus leisleri,0.336,0.555,-1,Echolocation,/mnt/ubna_data_02_mir/recover-20220828/UBNA_012/20220826_070000.WAV,Carp Pond,recover-20220828,012,1795
815.5285,815.5432,24609.0,30522.0,Nyctalus leisleri,0.407,0.658,-1,Echolocation,/mnt/ubna_data_02_mir/recover-20220828/UBNA_012/20220826_070000.WAV,Carp Pond,recover-20220828,012,1795
815.8145,815.8302,24609.0,29965.0,Nyctalus leisleri,0.242,0.56,-1,Echolocation,/mnt/ubna_data_02_mir/recover-20220828/UBNA_012/20220826_070000.WAV,Carp Pond,recover-20220828,012,1795
816.0875,816.1028,24609.0,30094.0,Nyctalus leisleri,0.332,0.616,-1,Echolocation,/mnt/ubna_data_02_mir/recover-20220828/UBNA_012/20220826_070000.WAV,Carp Pond,recover-20220828,012,1795
816.4935,816.5106,24609.0,28912.0,Nyctalus leisleri,0.328,0.521,-1,Echolocation,/mnt/ubna_data_02_mir/recover-20220828/UBNA_012/20220826_070000.WAV,Carp Pond,recover-20220828,012,1795
816.6475,816.6654,25468.0,30686.0,Nyctalus leisleri,0.23,0.554,-1,Echolocation,/mnt/ubna_data_02_mir/recover-20220828/UBNA_012/20220826_070000.WAV,Carp Pond,recover-20220828,012,1795
816.7955,816.8133,24609.0,29601.0,Nyctalus leisleri,0.277,0.547,-1,Echolocation,/mnt/ubna_data_02_mir/recover-20220828/UBNA_012/20220826_070000.WAV,Carp Pond,recover-20220828,012,1795
817.0635,817.0785,24609.0,29701.0,Nyctalus leisleri,0.416,0.588,-1,Echolocation,/mnt/ubna_data_02_mir/recover-20220828/UBNA_012/20220826_070000.WAV,Carp Pond,recover-20220828,012,1795
817.3345,817.3515,24609.0,29506.0,Nyctalus leisleri,0.354,0.565,-1,Echolocation,/mnt/ubna_data_02_mir/recover-20220828/UBNA_012/20220826_070000.WAV,Carp Pond,recover-20220828,012,1795
817.4935,817.5082,25468.0,31621.0,Nyctalus leisleri,0.298,0.66,-1,Echolocation,/mnt/ubna_data_02_mir/recover-20220828/UBNA_012/20220826_070000.WAV,Carp Pond,recover-20220828,012,1795
817.7685,817.7833,24609.0,30211.0,Nyctalus leisleri,0.363,0.638,-1,Echolocation,/mnt/ubna_data_02_mir/recover-20220828/UBNA_012/20220826_070000.WAV,Carp Pond,recover-20220828,012,1795
818.0435,818.0587,24609.0,30044.0,Nyctalus leisleri,0.38,0.591,-1,Echolocation,/mnt/ubna_data_02_mir/recover-20220828/UBNA_012/20220826_070000.WAV,Carp Pond,recover-20220828,012,1795
818.1935,818.2081,24609.0,28861.0,Nyctalus leisleri,0.218,0.34,-1,Echolocation,/mnt/ubna_data_02_mir/recover-20220828/UBNA_012/20220826_070000.WAV,Carp Pond,recover-20220828,012,1795
818.4665,818.4823,24609.0,30313.0,Nyctalus leisleri,0.319,0.547,-1,Echolocation,/mnt/ubna_data_02_mir/recover-20220828/UBNA_012/20220826_070000.WAV,Carp Pond,recover-20220828,012,1795
818.7445,818.7602,24609.0,30030.0,Nyctalus leisleri,0.289,0.54,-1,Echolocation,/mnt/ubna_data_02_mir/recover-20220828/UBNA_012/20220826_070000.WAV,Carp Pond,recover-20220828,012,1795
819.0225,819.0367,24609.0,30750.0,Nyctalus leisleri,0.356,0.625,-1,Echolocation,/mnt/ubna_data_02_mir/recover-20220828/UBNA_012/20220826_070000.WAV,Carp Pond,recover-20220828,012,1795
819.0255,819.0377,52109.0,55750.0,Pipistrellus pipistrellus,0.148,0.215,-1,Echolocation,/mnt/ubna_data_02_mir/recover-20220828/UBNA_012/20220826_070000.WAV,Carp Pond,recover-20220828,012,1795
819.4205,819.438,24609.0,29542.0,Nyctalus leisleri,0.146,0.322,-1,Echolocation,/mnt/ubna_data_02_mir/recover-20220828/UBNA_012/20220826_070000.WAV,Carp Pond,recover-20220828,012,1795
819.6975,819.7111,24609.0,31199.0,Eptesicus serotinus,0.268,0.589,-1,Echolocation,/mnt/ubna_data_02_mir/recover-20220828/UBNA_012/20220826_070000.WAV,Carp Pond,recover-20220828,012,1795
819.8565,819.8714,25468.0,31959.0,Eptesicus serotinus,0.249,0.583,-1,Echolocation,/mnt/ubna_data_02_mir/recover-20220828/UBNA_012/20220826_070000.WAV,Carp Pond,recover-20220828,012,1795
820.0305,820.0458,26328.0,32434.0,Eptesicus serotinus,0.281,0.626,-1,Echolocation,/mnt/ubna_data_02_mir/recover-20220828/UBNA_012/20220826_070000.WAV,Carp Pond,recover-20220828,012,1795
820.1975,820.2113,25468.0,34350.0,Eptesicus serotinus,0.392,0.59,-1,Echolocation,/mnt/ubna_data_02_mir/recover-20220828/UBNA_012/20220826_070000.WAV,Carp Pond,recover-20220828,012,1795
820.4595,820.4759,25468.0,30926.0,Nyctalus leisleri,0.242,0.526,-1,Echolocation,/mnt/ubna_data_02_mir/recover-20220828/UBNA_012/20220826_070000.WAV,Carp Pond,recover-20220828,012,1795
820.7375,820.7507,24609.0,31857.0,Eptesicus serotinus,0.329,0.561,-1,Echolocation,/mnt/ubna_data_02_mir/recover-20220828/UBNA_012/20220826_070000.WAV,Carp Pond,recover-20220828,012,1795
820.7455,820.7548,50390.0,54211.0,Pipistrellus pipistrellus,0.212,0.313,-1,Echolocation,/mnt/ubna_data_02_mir/recover-20220828/UBNA_012/20220826_070000.WAV,Carp Pond,recover-20220828,012,1795
821.1385,821.1571,25468.0,30212.0,Nyctalus leisleri,0.174,0.315,-1,Echolocation,/mnt/ubna_data_02_mir/recover-20220828/UBNA_012/20220826_070000.WAV,Carp Pond,recover-20220828,012,1795
821.2835,821.2951,25468.0,30223.0,Eptesicus serotinus,0.115,0.247,-1,Echolocation,/mnt/ubna_data_02_mir/recover-20220828/UBNA_012/20220826_070000.WAV,Carp Pond,recover-20220828,012,1795
821.4125,821.4255,26328.0,31942.0,Nyctalus leisleri,0.272,0.546,-1,Echolocation,/mnt/ubna_data_02_mir/recover-20220828/UBNA_012/20220826_070000.WAV,Carp Pond,recover-20220828,012,1795
821.6785,821.6894,24609.0,29776.0,Nyctalus leisleri,0.384,0.537,-1,Echolocation,/mnt/ubna_data_02_mir/recover-20220828/UBNA_012/20220826_070000.WAV,Carp Pond,recover-20220828,012,1795
821.9285,821.943,25468.0,32053.0,Nyctalus leisleri,0.252,0.603,-1,Echolocation,/mnt/ubna_data_02_mir/recover-20220828/UBNA_012/20220826_070000.WAV,Carp Pond,recover-20220828,012,1795
822.2165,822.2294,25468.0,30257.0,Nyctalus leisleri,0.32,0.59,-1,Echolocation,/mnt/ubna_data_02_mir/recover-20220828/UBNA_012/20220826_070000.WAV,Carp Pond,recover-20220828,012,1795
822.4835,822.4976,24609.0,30694.0,Eptesicus serotinus,0.301,0.565,-1,Echolocation,/mnt/ubna_data_02_mir/recover-20220828/UBNA_012/20220826_070000.WAV,Carp Pond,recover-20220828,012,1795
822.7485,822.7628,25468.0,29168.0,Nyctalus leisleri,0.41,0.556,-1,Echolocation,/mnt/ubna_data_02_mir/recover-20220828/UBNA_012/20220826_070000.WAV,Carp Pond,recover-20220828,012,1795
822.9095,822.9231,24609.0,29796.0,Nyctalus leisleri,0.282,0.526,-1,Echolocation,/mnt/ubna_data_02_mir/recover-20220828/UBNA_012/20220826_070000.WAV,Carp Pond,recover-20220828,012,1795
823.0445,823.0586,25468.0,29459.0,Nyctalus leisleri,0.398,0.616,-1,Echolocation,/mnt/ubna_data_02_mir/recover-20220828/UBNA_012/20220826_070000.WAV,Carp Pond,recover-20220828,012,1795
823.2015,823.2137,25468.0,30949.0,Nyctalus leisleri,0.375,0.597,-1,Echolocation,/mnt/ubna_data_02_mir/recover-20220828/UBNA_012/20220826_070000.WAV,Carp Pond,recover-20220828,012,1795
823.3685,823.3813,25468.0,31284.0,Nyctalus leisleri,0.296,0.5,-1,Echolocation,/mnt/ubna_data_02_mir/recover-20220828/UBNA_012/20220826_070000.WAV,Carp Pond,recover-20220828,012,1795
823.5495,823.5626,25468.0,31518.0,Eptesicus serotinus,0.21,0.428,-1,Echolocation,/mnt/ubna_data_02_mir/recover-20220828/UBNA_012/20220826_070000.WAV,Carp Pond,recover-20220828,012,1795
825.0625,825.0749,26328.0,32145.0,Nyctalus leisleri,0.232,0.476,-1,Echolocation,/mnt/ubna_data_02_mir/recover-20220828/UBNA_012/20220826_070000.WAV,Carp Pond,recover-20220828,012,1795
825.2085,825.2224,26328.0,31566.0,Nyctalus leisleri,0.332,0.543,-1,Echolocation,/mnt/ubna_data_02_mir/recover-20220828/UBNA_012/20220826_070000.WAV,Carp Pond,recover-20220828,012,1795
825.4545,825.4668,25468.0,31619.0,Eptesicus serotinus,0.27,0.599,-1,Echolocation,/mnt/ubna_data_02_mir/recover-20220828/UBNA_012/20220826_070000.WAV,Carp Pond,recover-20220828,012,1795
825.7285,825.7423,24609.0,30786.0,Nyctalus leisleri,0.299,0.596,-1,Echolocation,/mnt/ubna_data_02_mir/recover-20220828/UBNA_012/20220826_070000.WAV,Carp Pond,recover-20220828,012,1795
825.9745,825.9875,24609.0,31917.0,Eptesicus serotinus,0.362,0.628,-1,Echolocation,/mnt/ubna_data_02_mir/recover-20220828/UBNA_012/20220826_070000.WAV,Carp Pond,recover-20220828,012,1795
826.2435,826.2581,24609.0,30581.0,Nyctalus leisleri,0.314,0.605,-1,Echolocation,/mnt/ubna_data_02_mir/recover-20220828/UBNA_012/20220826_070000.WAV,Carp Pond,recover-20220828,012,1795
826.6235,826.637,24609.0,31032.0,Nyctalus leisleri,0.423,0.645,-1,Echolocation,/mnt/ubna_data_02_mir/recover-20220828/UBNA_012/20220826_070000.WAV,Carp Pond,recover-20220828,012,1795
826.9035,826.9177,24609.0,30367.0,Nyctalus leisleri,0.301,0.566,-1,Echolocation,/mnt/ubna_data_02_mir/recover-20220828/UBNA_012/20220826_070000.WAV,Carp Pond,recover-20220828,012,1795
827.1775,827.1919,24609.0,32195.0,Eptesicus serotinus,0.285,0.62,-1,Echolocation,/mnt/ubna_data_02_mir/recover-20220828/UBNA_012/20220826_070000.WAV,Carp Pond,recover-20220828,012,1795
827.4525,827.4676,24609.0,29947.0,Nyctalus leisleri,0.291,0.531,-1,Echolocation,/mnt/ubna_data_02_mir/recover-20220828/UBNA_012/20220826_070000.WAV,Carp Pond,recover-20220828,012,1795
827.7195,827.7335,24609.0,30211.0,Nyctalus leisleri,0.363,0.605,-1,Echolocation,/mnt/ubna_data_02_mir/recover-20220828/UBNA_012/20220826_070000.WAV,Carp Pond,recover-20220828,012,1795
827.8935,827.9089,24609.0,30822.0,Nyctalus leisleri,0.355,0.615,-1,Echolocation,/mnt/ubna_data_02_mir/recover-20220828/UBNA_012/20220826_070000.WAV,Carp Pond,recover-20220828,012,1795
828.1675,828.1816,24609.0,29514.0,Nyctalus leisleri,0.205,0.452,-1,Echolocation,/mnt/ubna_data_02_mir/recover-20220828/UBNA_012/20220826_070000.WAV,Carp Pond,recover-20220828,012,1795
828.4325,828.4469,24609.0,32410.0,Eptesicus serotinus,0.325,0.581,-1,Echolocation,/mnt/ubna_data_02_mir/recover-20220828/UBNA_012/20220826_070000.WAV,Carp Pond,recover-20220828,012,1795
828.7055,828.7197,24609.0,31259.0,Eptesicus serotinus,0.27,0.548,-1,Echolocation,/mnt/ubna_data_02_mir/recover-20220828/UBNA_012/20220826_070000.WAV,Carp Pond,recover-20220828,012,1795
828.7135,828.7268,48671.0,52980.0,Pipistrellus pipistrellus,0.171,0.266,-1,Echolocation,/mnt/ubna_data_02_mir/recover-20220828/UBNA_012/20220826_070000.WAV,Carp Pond,recover-20220828,012,1795
828.9825,828.9958,24609.0,29995.0,Nyctalus leisleri,0.271,0.524,-1,Echolocation,/mnt/ubna_data_02_mir/recover-20220828/UBNA_012/20220826_070000.WAV,Carp Pond,recover-20220828,012,1795
829.1255,829.1377,25468.0,34956.0,Eptesicus serotinus,0.462,0.609,-1,Echolocation,/mnt/ubna_data_02_mir/recover-20220828/UBNA_012/20220826_070000.WAV,Carp Pond,recover-20220828,012,1795
829.4025,829.4153,25468.0,31462.0,Nyctalus leisleri,0.344,0.617,-1,Echolocation,/mnt/ubna_data_02_mir/recover-20220828/UBNA_012/20220826_070000.WAV,Carp Pond,recover-20220828,012,1795
829.6625,829.676,25468.0,32672.0,Nyctalus leisleri,0.321,0.647,-1,Echolocation,/mnt/ubna_data_02_mir/recover-20220828/UBNA_012/20220826_070000.WAV,Carp Pond,recover-20220828,012,1795
829.9605,829.9722,24609.0,30456.0,Nyctalus leisleri,0.352,0.604,-1,Echolocation,/mnt/ubna_data_02_mir/recover-20220828/UBNA_012/20220826_070000.WAV,Carp Pond,recover-20220828,012,1795
830.1075,830.1189,26328.0,34953.0,Eptesicus serotinus,0.367,0.624,-1,Echolocation,/mnt/ubna_data_02_mir/recover-20220828/UBNA_012/20220826_070000.WAV,Carp Pond,recover-20220828,012,1795
830.3845,830.3956000000001,24609.0,30558.0,Nyctalus leisleri,0.263,0.52,-1,Echolocation,/mnt/ubna_data_02_mir/recover-20220828/UBNA_012/20220826_070000.WAV,Carp Pond,recover-20220828,012,1795
830.6475,830.6593,25468.0,32190.0,Eptesicus serotinus,0.266,0.575,-1,Echolocation,/mnt/ubna_data_02_mir/recover-20220828/UBNA_012/20220826_070000.WAV,Carp Pond,recover-20220828,012,1795
830.8155,830.8291,24609.0,34278.0,Eptesicus serotinus,0.375,0.634,-1,Echolocation,/mnt/ubna_data_02_mir/recover-20220828/UBNA_012/20220826_070000.WAV,Carp Pond,recover-20220828,012,1795
830.8225,830.8306,50390.0,54984.0,Pipistrellus pygmaeus,0.182,0.334,-1,Echolocation,/mnt/ubna_data_02_mir/recover-20220828/UBNA_012/20220826_070000.WAV,Carp Pond,recover-20220828,012,1795
830.9855,830.9987,26328.0,33556.0,Eptesicus serotinus,0.291,0.606,-1,Echolocation,/mnt/ubna_data_02_mir/recover-20220828/UBNA_012/20220826_070000.WAV,Carp Pond,recover-20220828,012,1795
831.0835,831.0954,26328.0,31772.0,Eptesicus serotinus,0.194,0.369,-1,Echolocation,/mnt/ubna_data_02_mir/recover-20220828/UBNA_012/20220826_070000.WAV,Carp Pond,recover-20220828,012,1795
831.8725,831.8843,25468.0,30114.0,Nyctalus leisleri,0.165,0.343,-1,Echolocation,/mnt/ubna_data_02_mir/recover-20220828/UBNA_012/20220826_070000.WAV,Carp Pond,recover-20220828,012,1795
832.1755,832.1874,25468.0,31388.0,Eptesicus serotinus,0.292,0.561,-1,Echolocation,/mnt/ubna_data_02_mir/recover-20220828/UBNA_012/20220826_070000.WAV,Carp Pond,recover-20220828,012,1795
832.3195,832.3314,25468.0,30449.0,Nyctalus leisleri,0.295,0.549,-1,Echolocation,/mnt/ubna_data_02_mir/recover-20220828/UBNA_012/20220826_070000.WAV,Carp Pond,recover-20220828,012,1795
832.5865,832.6,24609.0,31992.0,Eptesicus serotinus,0.323,0.578,-1,Echolocation,/mnt/ubna_data_02_mir/recover-20220828/UBNA_012/20220826_070000.WAV,Carp Pond,recover-20220828,012,1795
832.5905,832.5987,50390.0,54895.0,Pipistrellus pygmaeus,0.147,0.287,-1,Echolocation,/mnt/ubna_data_02_mir/recover-20220828/UBNA_012/20220826_070000.WAV,Carp Pond,recover-20220828,012,1795
832.8555,832.8663,24609.0,30432.0,Eptesicus serotinus,0.27,0.562,-1,Echolocation,/mnt/ubna_data_02_mir/recover-20220828/UBNA_012/20220826_070000.WAV,Carp Pond,recover-20220828,012,1795
833.1195,833.133,24609.0,30426.0,Nyctalus leisleri,0.396,0.665,-1,Echolocation,/mnt/ubna_data_02_mir/recover-20220828/UBNA_012/20220826_070000.WAV,Carp Pond,recover-20220828,012,1795
833.3835,833.3947000000001,24609.0,29365.0,Nyctalus leisleri,0.301,0.5,-1,Echolocation,/mnt/ubna_data_02_mir/recover-20220828/UBNA_012/20220826_070000.WAV,Carp Pond,recover-20220828,012,1795
833.5285,833.541,25468.0,30498.0,Nyctalus leisleri,0.219,0.471,-1,Echolocation,/mnt/ubna_data_02_mir/recover-20220828/UBNA_012/20220826_070000.WAV,Carp Pond,recover-20220828,012,1795
833.7935,833.807,24609.0,31068.0,Nyctalus leisleri,0.27,0.566,-1,Echolocation,/mnt/ubna_data_02_mir/recover-20220828/UBNA_012/20220826_070000.WAV,Carp Pond,recover-20220828,012,1795
834.0755,834.0879,23750.0,28875.0,Nyctalus leisleri,0.269,0.44,-1,Echolocation,/mnt/ubna_data_02_mir/recover-20220828/UBNA_012/20220826_070000.WAV,Carp Pond,recover-20220828,012,1795
834.3715,834.3882,26328.0,31461.0,Nyctalus leisleri,0.191,0.461,-1,Echolocation,/mnt/ubna_data_02_mir/recover-20220828/UBNA_012/20220826_070000.WAV,Carp Pond,recover-20220828,012,1795
834.7965,834.8139,23750.0,28104.0,Nyctalus leisleri,0.099,0.237,-1,Echolocation,/mnt/ubna_data_02_mir/recover-20220828/UBNA_012/20220826_070000.WAV,Carp Pond,recover-20220828,012,1795
835.0605,835.0726,25468.0,31494.0,Nyctalus leisleri,0.395,0.608,-1,Echolocation,/mnt/ubna_data_02_mir/recover-20220828/UBNA_012/20220826_070000.WAV,Carp Pond,recover-20220828,012,1795
835.6035,835.617,25468.0,30311.0,Nyctalus leisleri,0.234,0.457,-1,Echolocation,/mnt/ubna_data_02_mir/recover-20220828/UBNA_012/20220826_070000.WAV,Carp Pond,recover-20220828,012,1795
836.0105,836.023,24609.0,28285.0,Nyctalus leisleri,0.119,0.236,-1,Echolocation,/mnt/ubna_data_02_mir/recover-20220828/UBNA_012/20220826_070000.WAV,Carp Pond,recover-20220828,012,1795
836.2935,836.3062,24609.0,30333.0,Nyctalus leisleri,0.461,0.662,-1,Echolocation,/mnt/ubna_data_02_mir/recover-20220828/UBNA_012/20220826_070000.WAV,Carp Pond,recover-20220828,012,1795
836.7075,836.721,23750.0,29068.0,Nyctalus leisleri,0.347,0.512,-1,Echolocation,/mnt/ubna_data_02_mir/recover-20220828/UBNA_012/20220826_070000.WAV,Carp Pond,recover-20220828,012,1795
836.8525,836.8659,25468.0,29636.0,Nyctalus leisleri,0.306,0.434,-1,Echolocation,/mnt/ubna_data_02_mir/recover-20220828/UBNA_012/20220826_070000.WAV,Carp Pond,recover-20220828,012,1795
837.1245,837.1358,25468.0,30614.0,Nyctalus leisleri,0.376,0.594,-1,Echolocation,/mnt/ubna_data_02_mir/recover-20220828/UBNA_012/20220826_070000.WAV,Carp Pond,recover-20220828,012,1795
837.4095,837.4246,24609.0,29018.0,Nyctalus leisleri,0.277,0.389,-1,Echolocation,/mnt/ubna_data_02_mir/recover-20220828/UBNA_012/20220826_070000.WAV,Carp Pond,recover-20220828,012,1795
837.6715,837.6858,24609.0,30923.0,Eptesicus serotinus,0.266,0.609,-1,Echolocation,/mnt/ubna_data_02_mir/recover-20220828/UBNA_012/20220826_070000.WAV,Carp Pond,recover-20220828,012,1795
838.0775,838.0926,23750.0,28258.0,Nyctalus leisleri,0.116,0.236,-1,Echolocation,/mnt/ubna_data_02_mir/recover-20220828/UBNA_012/20220826_070000.WAV,Carp Pond,recover-20220828,012,1795
838.3325,838.3464,24609.0,28871.0,Nyctalus leisleri,0.295,0.456,-1,Echolocation,/mnt/ubna_data_02_mir/recover-20220828/UBNA_012/20220826_070000.WAV,Carp Pond,recover-20220828,012,1795
838.7395,838.7528,24609.0,28067.0,Nyctalus leisleri,0.408,0.566,-1,Echolocation,/mnt/ubna_data_02_mir/recover-20220828/UBNA_012/20220826_070000.WAV,Carp Pond,recover-20220828,012,1795
839.0075,839.0214,23750.0,27593.0,Nyctalus leisleri,0.293,0.372,-1,Echolocation,/mnt/ubna_data_02_mir/recover-20220828/UBNA_012/20220826_070000.WAV,Carp Pond,recover-20220828,012,1795
839.2785,839.2938,24609.0,29838.0,Nyctalus leisleri,0.303,0.532,-1,Echolocation,/mnt/ubna_data_02_mir/recover-20220828/UBNA_012/20220826_070000.WAV,Carp Pond,recover-20220828,012,1795
839.6865,839.7034,24609.0,29051.0,Nyctalus leisleri,0.22,0.396,-1,Echolocation,/mnt/ubna_data_02_mir/recover-20220828/UBNA_012/20220826_070000.WAV,Carp Pond,recover-20220828,012,1795
840.0945,840.1085,24609.0,29444.0,Nyctalus leisleri,0.367,0.566,-1,Echolocation,/mnt/ubna_data_02_mir/recover-20220828/UBNA_012/20220826_070000.WAV,Carp Pond,recover-20220828,012,1795
840.6495,840.661,24609.0,29759.0,Nyctalus leisleri,0.334,0.577,-1,Echolocation,/mnt/ubna_data_02_mir/recover-20220828/UBNA_012/20220826_070000.WAV,Carp Pond,recover-20220828,012,1795
840.7665,840.7729,37500.0,47113.0,Myotis daubentonii,0.087,0.204,-1,Echolocation,/mnt/ubna_data_02_mir/recover-20220828/UBNA_012/20220826_070000.WAV,Carp Pond,recover-20220828,012,1795
841.2085,841.2212,24609.0,28917.0,Nyctalus leisleri,0.149,0.304,-1,Echolocation,/mnt/ubna_data_02_mir/recover-20220828/UBNA_012/20220826_070000.WAV,Carp Pond,recover-20220828,012,1795
841.7645,841.7776,24609.0,29854.0,Nyctalus leisleri,0.232,0.484,-1,Echolocation,/mnt/ubna_data_02_mir/recover-20220828/UBNA_012/20220826_070000.WAV,Carp Pond,recover-20220828,012,1795
842.0425,842.0537,23750.0,28919.0,Nyctalus leisleri,0.116,0.282,-1,Echolocation,/mnt/ubna_data_02_mir/recover-20220828/UBNA_012/20220826_070000.WAV,Carp Pond,recover-20220828,012,1795
842.1955,842.2086,24609.0,30155.0,Nyctalus leisleri,0.172,0.355,-1,Echolocation,/mnt/ubna_data_02_mir/recover-20220828/UBNA_012/20220826_070000.WAV,Carp Pond,recover-20220828,012,1795
842.6115,842.6235,24609.0,29434.0,Nyctalus leisleri,0.3,0.525,-1,Echolocation,/mnt/ubna_data_02_mir/recover-20220828/UBNA_012/20220826_070000.WAV,Carp Pond,recover-20220828,012,1795
843.1035,843.1173,24609.0,29824.0,Nyctalus leisleri,0.444,0.646,-1,Echolocation,/mnt/ubna_data_02_mir/recover-20220828/UBNA_012/20220826_070000.WAV,Carp Pond,recover-20220828,012,1795
844.2425,844.2554,23750.0,28122.0,Nyctalus leisleri,0.296,0.448,-1,Echolocation,/mnt/ubna_data_02_mir/recover-20220828/UBNA_012/20220826_070000.WAV,Carp Pond,recover-20220828,012,1795
844.5525,844.5671,23750.0,29598.0,Nyctalus leisleri,0.259,0.579,-1,Echolocation,/mnt/ubna_data_02_mir/recover-20220828/UBNA_012/20220826_070000.WAV,Carp Pond,recover-20220828,012,1795
845.7825,845.795,24609.0,29581.0,Nyctalus leisleri,0.25,0.485,-1,Echolocation,/mnt/ubna_data_02_mir/recover-20220828/UBNA_012/20220826_070000.WAV,Carp Pond,recover-20220828,012,1795
846.7775,846.7905,25468.0,30586.0,Nyctalus leisleri,0.36,0.614,-1,Echolocation,/mnt/ubna_data_02_mir/recover-20220828/UBNA_012/20220826_070000.WAV,Carp Pond,recover-20220828,012,1795
847.3685,847.3819,24609.0,30438.0,Nyctalus leisleri,0.266,0.548,-1,Echolocation,/mnt/ubna_data_02_mir/recover-20220828/UBNA_012/20220826_070000.WAV,Carp Pond,recover-20220828,012,1795
847.7085,847.7227,24609.0,30025.0,Nyctalus leisleri,0.242,0.485,-1,Echolocation,/mnt/ubna_data_02_mir/recover-20220828/UBNA_012/20220826_070000.WAV,Carp Pond,recover-20220828,012,1795
847.9525,847.9662,24609.0,29493.0,Nyctalus leisleri,0.246,0.429,-1,Echolocation,/mnt/ubna_data_02_mir/recover-20220828/UBNA_012/20220826_070000.WAV,Carp Pond,recover-20220828,012,1795
848.5465,848.5604,23750.0,28854.0,Nyctalus leisleri,0.243,0.511,-1,Echolocation,/mnt/ubna_data_02_mir/recover-20220828/UBNA_012/20220826_070000.WAV,Carp Pond,recover-20220828,012,1795
848.7435,848.7563,23750.0,28192.0,Nyctalus leisleri,0.281,0.444,-1,Echolocation,/mnt/ubna_data_02_mir/recover-20220828/UBNA_012/20220826_070000.WAV,Carp Pond,recover-20220828,012,1795
848.8965,848.9108,24609.0,30321.0,Nyctalus leisleri,0.259,0.595,-1,Echolocation,/mnt/ubna_data_02_mir/recover-20220828/UBNA_012/20220826_070000.WAV,Carp Pond,recover-20220828,012,1795
849.3195,849.3301,23750.0,29283.0,Nyctalus leisleri,0.136,0.328,-1,Echolocation,/mnt/ubna_data_02_mir/recover-20220828/UBNA_012/20220826_070000.WAV,Carp Pond,recover-20220828,012,1795
850.1675,850.1801,23750.0,28968.0,Nyctalus leisleri,0.404,0.596,-1,Echolocation,/mnt/ubna_data_02_mir/recover-20220828/UBNA_012/20220826_070000.WAV,Carp Pond,recover-20220828,012,1795
850.7935,850.8083,23750.0,28305.0,Nyctalus leisleri,0.244,0.366,-1,Echolocation,/mnt/ubna_data_02_mir/recover-20220828/UBNA_012/20220826_070000.WAV,Carp Pond,recover-20220828,012,1795
852.2155,852.2282,23750.0,28481.0,Nyctalus leisleri,0.238,0.392,-1,Echolocation,/mnt/ubna_data_02_mir/recover-20220828/UBNA_012/20220826_070000.WAV,Carp Pond,recover-20220828,012,1795
883.0025,883.0183,26328.0,30929.0,Nyctalus leisleri,0.128,0.24,-1,Echolocation,/mnt/ubna_data_02_mir/recover-20220828/UBNA_012/20220826_070000.WAV,Carp Pond,recover-20220828,012,1795
884.3515,884.366,27187.0,30644.0,Nyctalus leisleri,0.361,0.474,-1,Echolocation,/mnt/ubna_data_02_mir/recover-20220828/UBNA_012/20220826_070000.WAV,Carp Pond,recover-20220828,012,1795
884.6255,884.6436,26328.0,28763.0,Nyctalus leisleri,0.394,0.458,-1,Echolocation,/mnt/ubna_data_02_mir/recover-20220828/UBNA_012/20220826_070000.WAV,Carp Pond,recover-20220828,012,1795
885.1595,885.1757,26328.0,30216.0,Nyctalus leisleri,0.377,0.54,-1,Echolocation,/mnt/ubna_data_02_mir/recover-20220828/UBNA_012/20220826_070000.WAV,Carp Pond,recover-20220828,012,1795
885.8795,885.8928,26328.0,30411.0,Nyctalus leisleri,0.304,0.425,-1,Echolocation,/mnt/ubna_data_02_mir/recover-20220828/UBNA_012/20220826_070000.WAV,Carp Pond,recover-20220828,012,1795
886.4385,886.4505,26328.0,30234.0,Nyctalus leisleri,0.411,0.561,-1,Echolocation,/mnt/ubna_data_02_mir/recover-20220828/UBNA_012/20220826_070000.WAV,Carp Pond,recover-20220828,012,1795
887.4235,887.4379,26328.0,29465.0,Nyctalus leisleri,0.384,0.482,-1,Echolocation,/mnt/ubna_data_02_mir/recover-20220828/UBNA_012/20220826_070000.WAV,Carp Pond,recover-20220828,012,1795
888.4505,888.4684,26328.0,29887.0,Nyctalus leisleri,0.19,0.284,-1,Echolocation,/mnt/ubna_data_02_mir/recover-20220828/UBNA_012/20220826_070000.WAV,Carp Pond,recover-20220828,012,1795
888.7405,888.7586,25468.0,29784.0,Nyctalus leisleri,0.149,0.207,-1,Echolocation,/mnt/ubna_data_02_mir/recover-20220828/UBNA_012/20220826_070000.WAV,Carp Pond,recover-20220828,012,1795
931.8525,931.8649,24609.0,29466.0,Nyctalus leisleri,0.329,0.546,-1,Echolocation,/mnt/ubna_data_02_mir/recover-20220828/UBNA_012/20220826_070000.WAV,Carp Pond,recover-20220828,012,1795
933.6755,933.6898,23750.0,28761.0,Nyctalus leisleri,0.226,0.369,-1,Echolocation,/mnt/ubna_data_02_mir/recover-20220828/UBNA_012/20220826_070000.WAV,Carp Pond,recover-20220828,012,1795
933.9475,933.9623,24609.0,28687.0,Nyctalus leisleri,0.473,0.619,-1,Echolocation,/mnt/ubna_data_02_mir/recover-20220828/UBNA_012/20220826_070000.WAV,Carp Pond,recover-20220828,012,1795
934.3845,934.3979,24609.0,30310.0,Nyctalus leisleri,0.39,0.617,-1,Echolocation,/mnt/ubna_data_02_mir/recover-20220828/UBNA_012/20220826_070000.WAV,Carp Pond,recover-20220828,012,1795
935.5525,935.5667,23750.0,29023.0,Nyctalus leisleri,0.418,0.591,-1,Echolocation,/mnt/ubna_data_02_mir/recover-20220828/UBNA_012/20220826_070000.WAV,Carp Pond,recover-20220828,012,1795
935.8275,935.8437,23750.0,27574.0,Nyctalus leisleri,0.202,0.311,-1,Echolocation,/mnt/ubna_data_02_mir/recover-20220828/UBNA_012/20220826_070000.WAV,Carp Pond,recover-20220828,012,1795
936.5355,936.5497,24609.0,28645.0,Nyctalus leisleri,0.447,0.605,-1,Echolocation,/mnt/ubna_data_02_mir/recover-20220828/UBNA_012/20220826_070000.WAV,Carp Pond,recover-20220828,012,1795
938.8365,938.8499,23750.0,28667.0,Nyctalus leisleri,0.246,0.41,-1,Echolocation,/mnt/ubna_data_02_mir/recover-20220828/UBNA_012/20220826_070000.WAV,Carp Pond,recover-20220828,012,1795
939.3215,939.3374,25468.0,29883.0,Nyctalus leisleri,0.272,0.394,-1,Echolocation,/mnt/ubna_data_02_mir/recover-20220828/UBNA_012/20220826_070000.WAV,Carp Pond,recover-20220828,012,1795
940.0965,940.114,25468.0,29959.0,Nyctalus leisleri,0.169,0.294,-1,Echolocation,/mnt/ubna_data_02_mir/recover-20220828/UBNA_012/20220826_070000.WAV,Carp Pond,recover-20220828,012,1795
940.7885,940.803,24609.0,29031.0,Nyctalus leisleri,0.39,0.563,-1,Echolocation,/mnt/ubna_data_02_mir/recover-20220828/UBNA_012/20220826_070000.WAV,Carp Pond,recover-20220828,012,1795
941.2155,941.2319,24609.0,29208.0,Nyctalus leisleri,0.344,0.501,-1,Echolocation,/mnt/ubna_data_02_mir/recover-20220828/UBNA_012/20220826_070000.WAV,Carp Pond,recover-20220828,012,1795
941.4945,941.5081,24609.0,29141.0,Nyctalus leisleri,0.351,0.544,-1,Echolocation,/mnt/ubna_data_02_mir/recover-20220828/UBNA_012/20220826_070000.WAV,Carp Pond,recover-20220828,012,1795
941.7915,941.8057,24609.0,28756.0,Nyctalus leisleri,0.407,0.555,-1,Echolocation,/mnt/ubna_data_02_mir/recover-20220828/UBNA_012/20220826_070000.WAV,Carp Pond,recover-20220828,012,1795
942.0765,942.0933,24609.0,28353.0,Nyctalus leisleri,0.291,0.407,-1,Echolocation,/mnt/ubna_data_02_mir/recover-20220828/UBNA_012/20220826_070000.WAV,Carp Pond,recover-20220828,012,1795
942.3615,942.3767,24609.0,28414.0,Nyctalus leisleri,0.21,0.322,-1,Echolocation,/mnt/ubna_data_02_mir/recover-20220828/UBNA_012/20220826_070000.WAV,Carp Pond,recover-20220828,012,1795
942.6415,942.6561,24609.0,28482.0,Nyctalus leisleri,0.381,0.602,-1,Echolocation,/mnt/ubna_data_02_mir/recover-20220828/UBNA_012/20220826_070000.WAV,Carp Pond,recover-20220828,012,1795
943.2145,943.2274,24609.0,30318.0,Eptesicus serotinus,0.261,0.604,-1,Echolocation,/mnt/ubna_data_02_mir/recover-20220828/UBNA_012/20220826_070000.WAV,Carp Pond,recover-20220828,012,1795
943.9135,943.9281,24609.0,29333.0,Nyctalus leisleri,0.413,0.623,-1,Echolocation,/mnt/ubna_data_02_mir/recover-20220828/UBNA_012/20220826_070000.WAV,Carp Pond,recover-20220828,012,1795
944.3175,944.3316,23750.0,28298.0,Nyctalus leisleri,0.271,0.447,-1,Echolocation,/mnt/ubna_data_02_mir/recover-20220828/UBNA_012/20220826_070000.WAV,Carp Pond,recover-20220828,012,1795
944.6095,944.6225,24609.0,29352.0,Nyctalus leisleri,0.415,0.643,-1,Echolocation,/mnt/ubna_data_02_mir/recover-20220828/UBNA_012/20220826_070000.WAV,Carp Pond,recover-20220828,012,1795
944.9125,944.9302,23750.0,28103.0,Nyctalus leisleri,0.248,0.359,-1,Echolocation,/mnt/ubna_data_02_mir/recover-20220828/UBNA_012/20220826_070000.WAV,Carp Pond,recover-20220828,012,1795
945.0695,945.0862,23750.0,27631.0,Nyctalus leisleri,0.297,0.391,-1,Echolocation,/mnt/ubna_data_02_mir/recover-20220828/UBNA_012/20220826_070000.WAV,Carp Pond,recover-20220828,012,1795
945.2245,945.2374,26328.0,31816.0,Eptesicus serotinus,0.103,0.227,-1,Echolocation,/mnt/ubna_data_02_mir/recover-20220828/UBNA_012/20220826_070000.WAV,Carp Pond,recover-20220828,012,1795
945.3965,945.4135,25468.0,29432.0,Nyctalus leisleri,0.333,0.439,-1,Echolocation,/mnt/ubna_data_02_mir/recover-20220828/UBNA_012/20220826_070000.WAV,Carp Pond,recover-20220828,012,1795
945.9775,945.9907,23750.0,27938.0,Nyctalus leisleri,0.475,0.569,-1,Echolocation,/mnt/ubna_data_02_mir/recover-20220828/UBNA_012/20220826_070000.WAV,Carp Pond,recover-20220828,012,1795
946.6935,946.7065,23750.0,28374.0,Nyctalus leisleri,0.41,0.547,-1,Echolocation,/mnt/ubna_data_02_mir/recover-20220828/UBNA_012/20220826_070000.WAV,Carp Pond,recover-20220828,012,1795
947.3105,947.331,23750.0,27042.0,Nyctalus leisleri,0.17,0.218,-1,Echolocation,/mnt/ubna_data_02_mir/recover-20220828/UBNA_012/20220826_070000.WAV,Carp Pond,recover-20220828,012,1795
972.2825,972.2989,23750.0,28686.0,Nyctalus leisleri,0.166,0.32,-1,Echolocation,/mnt/ubna_data_02_mir/recover-20220828/UBNA_012/20220826_070000.WAV,Carp Pond,recover-20220828,012,1795
974.1645,974.1762,23750.0,29388.0,Nyctalus leisleri,0.283,0.496,-1,Echolocation,/mnt/ubna_data_02_mir/recover-20220828/UBNA_012/20220826_070000.WAV,Carp Pond,recover-20220828,012,1795
974.5455,974.5604,24609.0,28863.0,Nyctalus leisleri,0.16,0.259,-1,Echolocation,/mnt/ubna_data_02_mir/recover-20220828/UBNA_012/20220826_070000.WAV,Carp Pond,recover-20220828,012,1795
974.9495,974.9631,23750.0,28862.0,Nyctalus leisleri,0.137,0.319,-1,Echolocation,/mnt/ubna_data_02_mir/recover-20220828/UBNA_012/20220826_070000.WAV,Carp Pond,recover-20220828,012,1795
975.2235,975.2384,24609.0,28650.0,Nyctalus leisleri,0.218,0.349,-1,Echolocation,/mnt/ubna_data_02_mir/recover-20220828/UBNA_012/20220826_070000.WAV,Carp Pond,recover-20220828,012,1795
977.0945,977.1122,23750.0,28733.0,Nyctalus leisleri,0.225,0.361,-1,Echolocation,/mnt/ubna_data_02_mir/recover-20220828/UBNA_012/20220826_070000.WAV,Carp Pond,recover-20220828,012,1795
977.7525,977.7667,23750.0,28807.0,Nyctalus leisleri,0.378,0.557,-1,Echolocation,/mnt/ubna_data_02_mir/recover-20220828/UBNA_012/20220826_070000.WAV,Carp Pond,recover-20220828,012,1795
978.0245,978.0385,24609.0,29140.0,Nyctalus leisleri,0.29,0.429,-1,Echolocation,/mnt/ubna_data_02_mir/recover-20220828/UBNA_012/20220826_070000.WAV,Carp Pond,recover-20220828,012,1795
978.4215,978.4356,24609.0,29329.0,Nyctalus leisleri,0.294,0.504,-1,Echolocation,/mnt/ubna_data_02_mir/recover-20220828/UBNA_012/20220826_070000.WAV,Carp Pond,recover-20220828,012,1795
979.2215,979.2351,24609.0,28902.0,Nyctalus leisleri,0.457,0.586,-1,Echolocation,/mnt/ubna_data_02_mir/recover-20220828/UBNA_012/20220826_070000.WAV,Carp Pond,recover-20220828,012,1795
979.7505,979.7645,25468.0,29300.0,Nyctalus leisleri,0.25,0.38,-1,Echolocation,/mnt/ubna_data_02_mir/recover-20220828/UBNA_012/20220826_070000.WAV,Carp Pond,recover-20220828,012,1795
980.1645,980.1806,24609.0,28884.0,Nyctalus leisleri,0.182,0.284,-1,Echolocation,/mnt/ubna_data_02_mir/recover-20220828/UBNA_012/20220826_070000.WAV,Carp Pond,recover-20220828,012,1795
980.4445,980.4575,23750.0,28865.0,Nyctalus leisleri,0.27,0.46,-1,Echolocation,/mnt/ubna_data_02_mir/recover-20220828/UBNA_012/20220826_070000.WAV,Carp Pond,recover-20220828,012,1795
980.8425,980.8596,24609.0,28693.0,Nyctalus leisleri,0.215,0.38,-1,Echolocation,/mnt/ubna_data_02_mir/recover-20220828/UBNA_012/20220826_070000.WAV,Carp Pond,recover-20220828,012,1795
981.1045,981.1189,24609.0,28972.0,Nyctalus leisleri,0.39,0.588,-1,Echolocation,/mnt/ubna_data_02_mir/recover-20220828/UBNA_012/20220826_070000.WAV,Carp Pond,recover-20220828,012,1795
981.4875,981.5058,25468.0,29172.0,Nyctalus leisleri,0.173,0.25,-1,Echolocation,/mnt/ubna_data_02_mir/recover-20220828/UBNA_012/20220826_070000.WAV,Carp Pond,recover-20220828,012,1795
982.4345,982.4488,25468.0,29430.0,Nyctalus leisleri,0.351,0.537,-1,Echolocation,/mnt/ubna_data_02_mir/recover-20220828/UBNA_012/20220826_070000.WAV,Carp Pond,recover-20220828,012,1795
982.8335,982.8498,24609.0,28574.0,Nyctalus leisleri,0.376,0.575,-1,Echolocation,/mnt/ubna_data_02_mir/recover-20220828/UBNA_012/20220826_070000.WAV,Carp Pond,recover-20220828,012,1795
983.1095,983.1282,24609.0,27712.0,Nyctalus leisleri,0.161,0.223,-1,Echolocation,/mnt/ubna_data_02_mir/recover-20220828/UBNA_012/20220826_070000.WAV,Carp Pond,recover-20220828,012,1795
983.5035,983.5216,25468.0,29593.0,Nyctalus leisleri,0.169,0.263,-1,Echolocation,/mnt/ubna_data_02_mir/recover-20220828/UBNA_012/20220826_070000.WAV,Carp Pond,recover-20220828,012,1795
983.7695,983.7859,24609.0,29806.0,Nyctalus leisleri,0.248,0.42,-1,Echolocation,/mnt/ubna_data_02_mir/recover-20220828/UBNA_012/20220826_070000.WAV,Carp Pond,recover-20220828,012,1795
984.4325,984.452,24609.0,28697.0,Nyctalus leisleri,0.214,0.323,-1,Echolocation,/mnt/ubna_data_02_mir/recover-20220828/UBNA_012/20220826_070000.WAV,Carp Pond,recover-20220828,012,1795
995.9565,995.9703,24609.0,29014.0,Nyctalus leisleri,0.161,0.3,-1,Echolocation,/mnt/ubna_data_02_mir/recover-20220828/UBNA_012/20220826_070000.WAV,Carp Pond,recover-20220828,012,1795
996.6175,996.6332,23750.0,28218.0,Nyctalus leisleri,0.138,0.243,-1,Echolocation,/mnt/ubna_data_02_mir/recover-20220828/UBNA_012/20220826_070000.WAV,Carp Pond,recover-20220828,012,1795
996.8955,996.9115,24609.0,30074.0,Nyctalus leisleri,0.273,0.488,-1,Echolocation,/mnt/ubna_data_02_mir/recover-20220828/UBNA_012/20220826_070000.WAV,Carp Pond,recover-20220828,012,1795
997.2955,997.3105,24609.0,28632.0,Nyctalus leisleri,0.214,0.33,-1,Echolocation,/mnt/ubna_data_02_mir/recover-20220828/UBNA_012/20220826_070000.WAV,Carp Pond,recover-20220828,012,1795
997.5595,997.5747,23750.0,28250.0,Nyctalus leisleri,0.181,0.315,-1,Echolocation,/mnt/ubna_data_02_mir/recover-20220828/UBNA_012/20220826_070000.WAV,Carp Pond,recover-20220828,012,1795
997.8415,997.8541,24609.0,29764.0,Nyctalus leisleri,0.37,0.533,-1,Echolocation,/mnt/ubna_data_02_mir/recover-20220828/UBNA_012/20220826_070000.WAV,Carp Pond,recover-20220828,012,1795
998.2375,998.2501,24609.0,29594.0,Nyctalus leisleri,0.386,0.616,-1,Echolocation,/mnt/ubna_data_02_mir/recover-20220828/UBNA_012/20220826_070000.WAV,Carp Pond,recover-20220828,012,1795
998.4965,998.5115,24609.0,28837.0,Nyctalus leisleri,0.195,0.285,-1,Echolocation,/mnt/ubna_data_02_mir/recover-20220828/UBNA_012/20220826_070000.WAV,Carp Pond,recover-20220828,012,1795
998.7645,998.7822,24609.0,28208.0,Nyctalus leisleri,0.278,0.372,-1,Echolocation,/mnt/ubna_data_02_mir/recover-20220828/UBNA_012/20220826_070000.WAV,Carp Pond,recover-20220828,012,1795
999.1475,999.1611,24609.0,30534.0,Nyctalus leisleri,0.286,0.596,-1,Echolocation,/mnt/ubna_data_02_mir/recover-20220828/UBNA_012/20220826_070000.WAV,Carp Pond,recover-20220828,012,1795
999.4215,999.4385,25468.0,29807.0,Nyctalus leisleri,0.157,0.255,-1,Echolocation,/mnt/ubna_data_02_mir/recover-20220828/UBNA_012/20220826_070000.WAV,Carp Pond,recover-20220828,012,1795
999.6995,999.7141,23750.0,28576.0,Nyctalus leisleri,0.409,0.536,-1,Echolocation,/mnt/ubna_data_02_mir/recover-20220828/UBNA_012/20220826_070000.WAV,Carp Pond,recover-20220828,012,1795
999.9685,999.9816,24609.0,29336.0,Nyctalus leisleri,0.336,0.556,-1,Echolocation,/mnt/ubna_data_02_mir/recover-20220828/UBNA_012/20220826_070000.WAV,Carp Pond,recover-20220828,012,1795
1000.3715,1000.3868,24609.0,29668.0,Nyctalus leisleri,0.249,0.501,-1,Echolocation,/mnt/ubna_data_02_mir/recover-20220828/UBNA_012/20220826_070000.WAV,Carp Pond,recover-20220828,012,1795
1000.6385,1000.6526,24609.0,30117.0,Nyctalus leisleri,0.311,0.566,-1,Echolocation,/mnt/ubna_data_02_mir/recover-20220828/UBNA_012/20220826_070000.WAV,Carp Pond,recover-20220828,012,1795
1000.9235,1000.9362,24609.0,31167.0,Nyctalus leisleri,0.276,0.598,-1,Echolocation,/mnt/ubna_data_02_mir/recover-20220828/UBNA_012/20220826_070000.WAV,Carp Pond,recover-20220828,012,1795
1001.2105,1001.223,23750.0,28841.0,Nyctalus leisleri,0.262,0.431,-1,Echolocation,/mnt/ubna_data_02_mir/recover-20220828/UBNA_012/20220826_070000.WAV,Carp Pond,recover-20220828,012,1795
1001.4815,1001.4961,24609.0,29813.0,Nyctalus leisleri,0.331,0.546,-1,Echolocation,/mnt/ubna_data_02_mir/recover-20220828/UBNA_012/20220826_070000.WAV,Carp Pond,recover-20220828,012,1795
1001.8795,1001.8936,24609.0,29853.0,Nyctalus leisleri,0.324,0.621,-1,Echolocation,/mnt/ubna_data_02_mir/recover-20220828/UBNA_012/20220826_070000.WAV,Carp Pond,recover-20220828,012,1795
1002.1555,1002.1683,23750.0,28255.0,Nyctalus leisleri,0.329,0.449,-1,Echolocation,/mnt/ubna_data_02_mir/recover-20220828/UBNA_012/20220826_070000.WAV,Carp Pond,recover-20220828,012,1795
1002.4255,1002.446,24609.0,28104.0,Nyctalus leisleri,0.239,0.305,-1,Echolocation,/mnt/ubna_data_02_mir/recover-20220828/UBNA_012/20220826_070000.WAV,Carp Pond,recover-20220828,012,1795
1002.6875,1002.701,24609.0,28849.0,Nyctalus leisleri,0.153,0.283,-1,Echolocation,/mnt/ubna_data_02_mir/recover-20220828/UBNA_012/20220826_070000.WAV,Carp Pond,recover-20220828,012,1795
1002.8515,1002.8634,24609.0,29535.0,Nyctalus leisleri,0.151,0.328,-1,Echolocation,/mnt/ubna_data_02_mir/recover-20220828/UBNA_012/20220826_070000.WAV,Carp Pond,recover-20220828,012,1795
1003.2635,1003.2786,24609.0,29294.0,Nyctalus leisleri,0.231,0.364,-1,Echolocation,/mnt/ubna_data_02_mir/recover-20220828/UBNA_012/20220826_070000.WAV,Carp Pond,recover-20220828,012,1795
1003.5415,1003.5562,23750.0,28147.0,Nyctalus leisleri,0.342,0.47,-1,Echolocation,/mnt/ubna_data_02_mir/recover-20220828/UBNA_012/20220826_070000.WAV,Carp Pond,recover-20220828,012,1795
1003.8185,1003.8321,24609.0,28815.0,Nyctalus leisleri,0.459,0.636,-1,Echolocation,/mnt/ubna_data_02_mir/recover-20220828/UBNA_012/20220826_070000.WAV,Carp Pond,recover-20220828,012,1795
1004.2205,1004.2343,24609.0,28843.0,Nyctalus leisleri,0.396,0.576,-1,Echolocation,/mnt/ubna_data_02_mir/recover-20220828/UBNA_012/20220826_070000.WAV,Carp Pond,recover-20220828,012,1795
1004.5065,1004.5198,24609.0,29045.0,Nyctalus leisleri,0.278,0.427,-1,Echolocation,/mnt/ubna_data_02_mir/recover-20220828/UBNA_012/20220826_070000.WAV,Carp Pond,recover-20220828,012,1795
1004.7725,1004.7894,24609.0,28077.0,Nyctalus leisleri,0.264,0.382,-1,Echolocation,/mnt/ubna_data_02_mir/recover-20220828/UBNA_012/20220826_070000.WAV,Carp Pond,recover-20220828,012,1795
1005.1725,1005.1872,24609.0,28778.0,Nyctalus leisleri,0.346,0.52,-1,Echolocation,/mnt/ubna_data_02_mir/recover-20220828/UBNA_012/20220826_070000.WAV,Carp Pond,recover-20220828,012,1795
1005.4465,1005.4598,24609.0,29883.0,Nyctalus leisleri,0.439,0.606,-1,Echolocation,/mnt/ubna_data_02_mir/recover-20220828/UBNA_012/20220826_070000.WAV,Carp Pond,recover-20220828,012,1795
1005.9835,1005.9963,24609.0,29703.0,Nyctalus leisleri,0.268,0.576,-1,Echolocation,/mnt/ubna_data_02_mir/recover-20220828/UBNA_012/20220826_070000.WAV,Carp Pond,recover-20220828,012,1795
1006.4085,1006.4226,24609.0,28847.0,Nyctalus leisleri,0.406,0.539,-1,Echolocation,/mnt/ubna_data_02_mir/recover-20220828/UBNA_012/20220826_070000.WAV,Carp Pond,recover-20220828,012,1795
1006.6675,1006.6825,24609.0,28206.0,Nyctalus leisleri,0.371,0.482,-1,Echolocation,/mnt/ubna_data_02_mir/recover-20220828/UBNA_012/20220826_070000.WAV,Carp Pond,recover-20220828,012,1795
1006.9395,1006.9564,24609.0,28383.0,Nyctalus leisleri,0.403,0.523,-1,Echolocation,/mnt/ubna_data_02_mir/recover-20220828/UBNA_012/20220826_070000.WAV,Carp Pond,recover-20220828,012,1795
1007.4785,1007.4913,24609.0,29403.0,Nyctalus leisleri,0.296,0.508,-1,Echolocation,/mnt/ubna_data_02_mir/recover-20220828/UBNA_012/20220826_070000.WAV,Carp Pond,recover-20220828,012,1795
1008.0355,1008.0501,24609.0,28410.0,Nyctalus leisleri,0.418,0.55,-1,Echolocation,/mnt/ubna_data_02_mir/recover-20220828/UBNA_012/20220826_070000.WAV,Carp Pond,recover-20220828,012,1795
1008.3215,1008.3427,24609.0,28138.0,Nyctalus leisleri,0.346,0.431,-1,Echolocation,/mnt/ubna_data_02_mir/recover-20220828/UBNA_012/20220826_070000.WAV,Carp Pond,recover-20220828,012,1795
1008.9005,1008.9153,23750.0,28521.0,Nyctalus leisleri,0.361,0.521,-1,Echolocation,/mnt/ubna_data_02_mir/recover-20220828/UBNA_012/20220826_070000.WAV,Carp Pond,recover-20220828,012,1795
1009.5955,1009.6077,24609.0,28636.0,Nyctalus leisleri,0.23,0.354,-1,Echolocation,/mnt/ubna_data_02_mir/recover-20220828/UBNA_012/20220826_070000.WAV,Carp Pond,recover-20220828,012,1795
1010.0095,1010.0244,23750.0,29007.0,Nyctalus leisleri,0.182,0.404,-1,Echolocation,/mnt/ubna_data_02_mir/recover-20220828/UBNA_012/20220826_070000.WAV,Carp Pond,recover-20220828,012,1795
1010.5695,1010.5884,24609.0,28425.0,Nyctalus leisleri,0.404,0.476,-1,Echolocation,/mnt/ubna_data_02_mir/recover-20220828/UBNA_012/20220826_070000.WAV,Carp Pond,recover-20220828,012,1795
1013.6475,1013.6623,24609.0,28342.0,Nyctalus leisleri,0.12,0.206,-1,Echolocation,/mnt/ubna_data_02_mir/recover-20220828/UBNA_012/20220826_070000.WAV,Carp Pond,recover-20220828,012,1795
1014.7515,1014.7679,24609.0,28911.0,Nyctalus leisleri,0.244,0.346,-1,Echolocation,/mnt/ubna_data_02_mir/recover-20220828/UBNA_012/20220826_070000.WAV,Carp Pond,recover-20220828,012,1795
1017.1785,1017.1921,24609.0,29169.0,Nyctalus leisleri,0.126,0.235,-1,Echolocation,/mnt/ubna_data_02_mir/recover-20220828/UBNA_012/20220826_070000.WAV,Carp Pond,recover-20220828,012,1795
1017.7395,1017.7558,24609.0,28562.0,Nyctalus leisleri,0.319,0.436,-1,Echolocation,/mnt/ubna_data_02_mir/recover-20220828/UBNA_012/20220826_070000.WAV,Carp Pond,recover-20220828,012,1795
1018.6205,1018.6381,24609.0,28804.0,Nyctalus leisleri,0.12,0.203,-1,Echolocation,/mnt/ubna_data_02_mir/recover-20220828/UBNA_012/20220826_070000.WAV,Carp Pond,recover-20220828,012,1795
1026.9115,1026.9253,24609.0,28728.0,Nyctalus leisleri,0.16,0.282,-1,Echolocation,/mnt/ubna_data_02_mir/recover-20220828/UBNA_012/20220826_070000.WAV,Carp Pond,recover-20220828,012,1795
1028.5195,1028.5305,24609.0,30138.0,Eptesicus serotinus,0.184,0.403,-1,Echolocation,/mnt/ubna_data_02_mir/recover-20220828/UBNA_012/20220826_070000.WAV,Carp Pond,recover-20220828,012,1795
1029.1505,1029.1633,25468.0,31160.0,Nyctalus leisleri,0.317,0.525,-1,Echolocation,/mnt/ubna_data_02_mir/recover-20220828/UBNA_012/20220826_070000.WAV,Carp Pond,recover-20220828,012,1795
1030.2275,1030.2405,24609.0,29937.0,Eptesicus serotinus,0.204,0.371,-1,Echolocation,/mnt/ubna_data_02_mir/recover-20220828/UBNA_012/20220826_070000.WAV,Carp Pond,recover-20220828,012,1795
1031.4455,1031.4584,23750.0,28824.0,Nyctalus leisleri,0.204,0.381,-1,Echolocation,/mnt/ubna_data_02_mir/recover-20220828/UBNA_012/20220826_070000.WAV,Carp Pond,recover-20220828,012,1795
1032.9265,1032.9418,24609.0,28970.0,Nyctalus leisleri,0.188,0.305,-1,Echolocation,/mnt/ubna_data_02_mir/recover-20220828/UBNA_012/20220826_070000.WAV,Carp Pond,recover-20220828,012,1795
1043.3995,1043.4225,20312.0,24069.0,Nyctalus noctula,0.115,0.228,-1,Echolocation,/mnt/ubna_data_02_mir/recover-20220828/UBNA_012/20220826_070000.WAV,Carp Pond,recover-20220828,012,1795
1053.3485,1053.3644,23750.0,28694.0,Nyctalus leisleri,0.35,0.497,-1,Echolocation,/mnt/ubna_data_02_mir/recover-20220828/UBNA_012/20220826_070000.WAV,Carp Pond,recover-20220828,012,1795
1435.5865,1435.6088,21171.0,24518.0,Nyctalus leisleri,0.305,0.352,-1,Echolocation,/mnt/ubna_data_02_mir/recover-20220828/UBNA_012/20220826_070000.WAV,Carp Pond,recover-20220828,012,1795
1515.1185,1515.1241,20312.0,32338.0,Plecotus austriacus,0.116,0.235,-1,Echolocation,/mnt/ubna_data_02_mir/recover-20220828/UBNA_012/20220826_070000.WAV,Carp Pond,recover-20220828,012,1795
1562.0635,1562.0742,39218.0,44133.0,Pipistrellus nathusii,0.286,0.303,-1,Echolocation,/mnt/ubna_data_02_mir/recover-20220828/UBNA_012/20220826_070000.WAV,Carp Pond,recover-20220828,012,1795
1562.2395,1562.2476,39218.0,44013.0,Pipistrellus nathusii,0.198,0.226,-1,Echolocation,/mnt/ubna_data_02_mir/recover-20220828/UBNA_012/20220826_070000.WAV,Carp Pond,recover-20220828,012,1795
1562.3315,1562.34,40078.0,48230.0,Pipistrellus nathusii,0.505,0.551,-1,Echolocation,/mnt/ubna_data_02_mir/recover-20220828/UBNA_012/20220826_070000.WAV,Carp Pond,recover-20220828,012,1795
1562.5105,1562.5194,40078.0,45059.0,Pipistrellus nathusii,0.428,0.444,-1,Echolocation,/mnt/ubna_data_02_mir/recover-20220828/UBNA_012/20220826_070000.WAV,Carp Pond,recover-20220828,012,1795
1562.6915,1562.6991,40078.0,52149.0,Pipistrellus nathusii,0.583,0.632,-1,Echolocation,/mnt/ubna_data_02_mir/recover-20220828/UBNA_012/20220826_070000.WAV,Carp Pond,recover-20220828,012,1795
1562.8715,1562.8816,39218.0,50908.0,Pipistrellus nathusii,0.362,0.449,-1,Echolocation,/mnt/ubna_data_02_mir/recover-20220828/UBNA_012/20220826_070000.WAV,Carp Pond,recover-20220828,012,1795
1562.9665,1562.9753,39218.0,47154.0,Pipistrellus nathusii,0.519,0.548,-1,Echolocation,/mnt/ubna_data_02_mir/recover-20220828/UBNA_012/20220826_070000.WAV,Carp Pond,recover-20220828,012,1795
1563.1485,1563.1577,40078.0,48377.0,Pipistrellus nathusii,0.51,0.594,-1,Echolocation,/mnt/ubna_data_02_mir/recover-20220828/UBNA_012/20220826_070000.WAV,Carp Pond,recover-20220828,012,1795
1563.3345,1563.3451,39218.0,51093.0,Pipistrellus nathusii,0.544,0.646,-1,Echolocation,/mnt/ubna_data_02_mir/recover-20220828/UBNA_012/20220826_070000.WAV,Carp Pond,recover-20220828,012,1795
1563.5195,1563.5283,39218.0,49993.0,Pipistrellus nathusii,0.587,0.635,-1,Echolocation,/mnt/ubna_data_02_mir/recover-20220828/UBNA_012/20220826_070000.WAV,Carp Pond,recover-20220828,012,1795
1563.7115,1563.7207,39218.0,49779.0,Pipistrellus nathusii,0.578,0.631,-1,Echolocation,/mnt/ubna_data_02_mir/recover-20220828/UBNA_012/20220826_070000.WAV,Carp Pond,recover-20220828,012,1795
1563.9125,1563.9234,39218.0,48536.0,Pipistrellus nathusii,0.541,0.602,-1,Echolocation,/mnt/ubna_data_02_mir/recover-20220828/UBNA_012/20220826_070000.WAV,Carp Pond,recover-20220828,012,1795
1564.1065,1564.1164,38359.0,47525.0,Pipistrellus nathusii,0.66,0.689,-1,Echolocation,/mnt/ubna_data_02_mir/recover-20220828/UBNA_012/20220826_070000.WAV,Carp Pond,recover-20220828,012,1795
1564.2925,1564.302,40078.0,50251.0,Pipistrellus nathusii,0.631,0.672,-1,Echolocation,/mnt/ubna_data_02_mir/recover-20220828/UBNA_012/20220826_070000.WAV,Carp Pond,recover-20220828,012,1795
1564.3685,1564.3748,42656.0,49644.0,Pipistrellus nathusii,0.564,0.59,-1,Echolocation,/mnt/ubna_data_02_mir/recover-20220828/UBNA_012/20220826_070000.WAV,Carp Pond,recover-20220828,012,1795
1564.4305,1564.4395,40937.0,54417.0,Pipistrellus nathusii,0.597,0.689,-1,Echolocation,/mnt/ubna_data_02_mir/recover-20220828/UBNA_012/20220826_070000.WAV,Carp Pond,recover-20220828,012,1795
1564.6245,1564.6352,39218.0,50959.0,Pipistrellus nathusii,0.595,0.655,-1,Echolocation,/mnt/ubna_data_02_mir/recover-20220828/UBNA_012/20220826_070000.WAV,Carp Pond,recover-20220828,012,1795
1564.7315,1564.741,40078.0,52844.0,Pipistrellus nathusii,0.6,0.704,-1,Echolocation,/mnt/ubna_data_02_mir/recover-20220828/UBNA_012/20220826_070000.WAV,Carp Pond,recover-20220828,012,1795
1564.9375,1564.9485,39218.0,52313.0,Pipistrellus nathusii,0.603,0.669,-1,Echolocation,/mnt/ubna_data_02_mir/recover-20220828/UBNA_012/20220826_070000.WAV,Carp Pond,recover-20220828,012,1795
1565.1545,1565.1657,39218.0,46022.0,Pipistrellus nathusii,0.525,0.586,-1,Echolocation,/mnt/ubna_data_02_mir/recover-20220828/UBNA_012/20220826_070000.WAV,Carp Pond,recover-20220828,012,1795
1565.3465,1565.3581,38359.0,53795.0,Pipistrellus nathusii,0.591,0.641,-1,Echolocation,/mnt/ubna_data_02_mir/recover-20220828/UBNA_012/20220826_070000.WAV,Carp Pond,recover-20220828,012,1795
1565.5825,1565.5941,39218.0,50678.0,Pipistrellus nathusii,0.566,0.634,-1,Echolocation,/mnt/ubna_data_02_mir/recover-20220828/UBNA_012/20220826_070000.WAV,Carp Pond,recover-20220828,012,1795
1565.7675,1565.7791,39218.0,53680.0,Pipistrellus nathusii,0.546,0.62,-1,Echolocation,/mnt/ubna_data_02_mir/recover-20220828/UBNA_012/20220826_070000.WAV,Carp Pond,recover-20220828,012,1795
1565.8805,1565.891,39218.0,48793.0,Pipistrellus nathusii,0.565,0.623,-1,Echolocation,/mnt/ubna_data_02_mir/recover-20220828/UBNA_012/20220826_070000.WAV,Carp Pond,recover-20220828,012,1795
1566.1005,1566.1119,39218.0,52965.0,Pipistrellus nathusii,0.432,0.505,-1,Echolocation,/mnt/ubna_data_02_mir/recover-20220828/UBNA_012/20220826_070000.WAV,Carp Pond,recover-20220828,012,1795
1566.1765,1566.1855,40937.0,50326.0,Pipistrellus nathusii,0.453,0.562,-1,Echolocation,/mnt/ubna_data_02_mir/recover-20220828/UBNA_012/20220826_070000.WAV,Carp Pond,recover-20220828,012,1795
1566.2585,1566.2688,39218.0,47273.0,Pipistrellus nathusii,0.535,0.63,-1,Echolocation,/mnt/ubna_data_02_mir/recover-20220828/UBNA_012/20220826_070000.WAV,Carp Pond,recover-20220828,012,1795
1566.4855,1566.4966,38359.0,50493.0,Pipistrellus nathusii,0.469,0.564,-1,Echolocation,/mnt/ubna_data_02_mir/recover-20220828/UBNA_012/20220826_070000.WAV,Carp Pond,recover-20220828,012,1795
1566.6855,1566.6963,38359.0,43790.0,Pipistrellus nathusii,0.384,0.429,-1,Echolocation,/mnt/ubna_data_02_mir/recover-20220828/UBNA_012/20220826_070000.WAV,Carp Pond,recover-20220828,012,1795
1566.8785,1566.8877,37500.0,44613.0,Pipistrellus nathusii,0.454,0.541,-1,Echolocation,/mnt/ubna_data_02_mir/recover-20220828/UBNA_012/20220826_070000.WAV,Carp Pond,recover-20220828,012,1795
1567.2075,1567.2173,38359.0,45067.0,Pipistrellus nathusii,0.541,0.64,-1,Echolocation,/mnt/ubna_data_02_mir/recover-20220828/UBNA_012/20220826_070000.WAV,Carp Pond,recover-20220828,012,1795
1572.3415,1572.3494,39218.0,50245.0,Pipistrellus nathusii,0.357,0.527,-1,Echolocation,/mnt/ubna_data_02_mir/recover-20220828/UBNA_012/20220826_070000.WAV,Carp Pond,recover-20220828,012,1795
1572.4095,1572.4148,39218.0,52775.0,Pipistrellus nathusii,0.245,0.405,-1,Echolocation,/mnt/ubna_data_02_mir/recover-20220828/UBNA_012/20220826_070000.WAV,Carp Pond,recover-20220828,012,1795
1572.4615,1572.4675,41796.0,50359.0,Pipistrellus nathusii,0.259,0.391,-1,Echolocation,/mnt/ubna_data_02_mir/recover-20220828/UBNA_012/20220826_070000.WAV,Carp Pond,recover-20220828,012,1795
1572.5185,1572.5249,40937.0,52654.0,Pipistrellus nathusii,0.146,0.252,-1,Echolocation,/mnt/ubna_data_02_mir/recover-20220828/UBNA_012/20220826_070000.WAV,Carp Pond,recover-20220828,012,1795
1572.6075,1572.6143,41796.0,50523.0,Pipistrellus nathusii,0.384,0.452,-1,Echolocation,/mnt/ubna_data_02_mir/recover-20220828/UBNA_012/20220826_070000.WAV,Carp Pond,recover-20220828,012,1795
1572.6965,1572.7036,40078.0,52814.0,Pipistrellus nathusii,0.449,0.612,-1,Echolocation,/mnt/ubna_data_02_mir/recover-20220828/UBNA_012/20220826_070000.WAV,Carp Pond,recover-20220828,012,1795
1572.7605,1572.7658,40937.0,49915.0,Pipistrellus nathusii,0.232,0.34,-1,Echolocation,/mnt/ubna_data_02_mir/recover-20220828/UBNA_012/20220826_070000.WAV,Carp Pond,recover-20220828,012,1795
1572.9195,1572.9266,42656.0,47666.0,Pipistrellus nathusii,0.213,0.239,-1,Echolocation,/mnt/ubna_data_02_mir/recover-20220828/UBNA_012/20220826_070000.WAV,Carp Pond,recover-20220828,012,1795
1572.9925,1572.9993,40937.0,50611.0,Pipistrellus nathusii,0.363,0.475,-1,Echolocation,/mnt/ubna_data_02_mir/recover-20220828/UBNA_012/20220826_070000.WAV,Carp Pond,recover-20220828,012,1795
1573.0665,1573.0729,37500.0,53205.0,Pipistrellus nathusii,0.365,0.515,-1,Echolocation,/mnt/ubna_data_02_mir/recover-20220828/UBNA_012/20220826_070000.WAV,Carp Pond,recover-20220828,012,1795
1573.1655,1573.172,37500.0,45482.0,Pipistrellus nathusii,0.365,0.527,-1,Echolocation,/mnt/ubna_data_02_mir/recover-20220828/UBNA_012/20220826_070000.WAV,Carp Pond,recover-20220828,012,1795
1573.2285,1573.2376,40078.0,46233.0,Pipistrellus nathusii,0.249,0.292,-1,Echolocation,/mnt/ubna_data_02_mir/recover-20220828/UBNA_012/20220826_070000.WAV,Carp Pond,recover-20220828,012,1795
1573.2875,1573.2942,38359.0,50026.0,Pipistrellus nathusii,0.244,0.375,-1,Echolocation,/mnt/ubna_data_02_mir/recover-20220828/UBNA_012/20220826_070000.WAV,Carp Pond,recover-20220828,012,1795
1573.3575,1573.3641,36640.0,47719.0,Pipistrellus nathusii,0.148,0.362,-1,Echolocation,/mnt/ubna_data_02_mir/recover-20220828/UBNA_012/20220826_070000.WAV,Carp Pond,recover-20220828,012,1795
1573.4135,1573.4194,40078.0,48494.0,Barbastellus barbastellus,0.11,0.206,-1,Echolocation,/mnt/ubna_data_02_mir/recover-20220828/UBNA_012/20220826_070000.WAV,Carp Pond,recover-20220828,012,1795
1573.8765,1573.8836,37500.0,48467.0,Pipistrellus nathusii,0.455,0.582,-1,Echolocation,/mnt/ubna_data_02_mir/recover-20220828/UBNA_012/20220826_070000.WAV,Carp Pond,recover-20220828,012,1795
1573.9585,1573.9652,38359.0,46412.0,Pipistrellus nathusii,0.142,0.269,-1,Echolocation,/mnt/ubna_data_02_mir/recover-20220828/UBNA_012/20220826_070000.WAV,Carp Pond,recover-20220828,012,1795
1574.0365,1574.044,38359.0,44263.0,Pipistrellus nathusii,0.215,0.418,-1,Echolocation,/mnt/ubna_data_02_mir/recover-20220828/UBNA_012/20220826_070000.WAV,Carp Pond,recover-20220828,012,1795
1574.1315,1574.1391,39218.0,45504.0,Pipistrellus nathusii,0.438,0.535,-1,Echolocation,/mnt/ubna_data_02_mir/recover-20220828/UBNA_012/20220826_070000.WAV,Carp Pond,recover-20220828,012,1795
1574.2255,1574.2334,37500.0,44862.0,Pipistrellus nathusii,0.397,0.592,-1,Echolocation,/mnt/ubna_data_02_mir/recover-20220828/UBNA_012/20220826_070000.WAV,Carp Pond,recover-20220828,012,1795
1574.8255,1574.8345,37500.0,43545.0,Pipistrellus nathusii,0.217,0.39,-1,Echolocation,/mnt/ubna_data_02_mir/recover-20220828/UBNA_012/20220826_070000.WAV,Carp Pond,recover-20220828,012,1795
1643.2775,1643.2945,23750.0,28252.0,Nyctalus leisleri,0.18,0.263,-1,Echolocation,/mnt/ubna_data_02_mir/recover-20220828/UBNA_012/20220826_070000.WAV,Carp Pond,recover-20220828,012,1795
1643.9295,1643.9471,24609.0,29353.0,Nyctalus leisleri,0.14,0.239,-1,Echolocation,/mnt/ubna_data_02_mir/recover-20220828/UBNA_012/20220826_070000.WAV,Carp Pond,recover-20220828,012,1795
1646.6675,1646.6819,24609.0,28202.0,Nyctalus leisleri,0.495,0.583,-1,Echolocation,/mnt/ubna_data_02_mir/recover-20220828/UBNA_012/20220826_070000.WAV,Carp Pond,recover-20220828,012,1795
1646.9445,1646.9613,23750.0,28437.0,Nyctalus leisleri,0.42,0.569,-1,Echolocation,/mnt/ubna_data_02_mir/recover-20220828/UBNA_012/20220826_070000.WAV,Carp Pond,recover-20220828,012,1795
1647.2025,1647.2186,23750.0,28742.0,Nyctalus leisleri,0.346,0.553,-1,Echolocation,/mnt/ubna_data_02_mir/recover-20220828/UBNA_012/20220826_070000.WAV,Carp Pond,recover-20220828,012,1795
1647.4745,1647.4882,23750.0,29347.0,Nyctalus leisleri,0.457,0.628,-1,Echolocation,/mnt/ubna_data_02_mir/recover-20220828/UBNA_012/20220826_070000.WAV,Carp Pond,recover-20220828,012,1795
1647.8555,1647.8708,24609.0,28837.0,Nyctalus leisleri,0.425,0.581,-1,Echolocation,/mnt/ubna_data_02_mir/recover-20220828/UBNA_012/20220826_070000.WAV,Carp Pond,recover-20220828,012,1795
1648.1215,1648.1372,23750.0,28691.0,Nyctalus leisleri,0.433,0.571,-1,Echolocation,/mnt/ubna_data_02_mir/recover-20220828/UBNA_012/20220826_070000.WAV,Carp Pond,recover-20220828,012,1795
1648.5115,1648.5295,24609.0,28702.0,Nyctalus leisleri,0.304,0.415,-1,Echolocation,/mnt/ubna_data_02_mir/recover-20220828/UBNA_012/20220826_070000.WAV,Carp Pond,recover-20220828,012,1795
1648.8945,1648.9096,23750.0,28642.0,Nyctalus leisleri,0.592,0.687,-1,Echolocation,/mnt/ubna_data_02_mir/recover-20220828/UBNA_012/20220826_070000.WAV,Carp Pond,recover-20220828,012,1795
1648.9005,1648.9092,48671.0,51695.0,Pipistrellus pipistrellus,0.146,0.22,-1,Echolocation,/mnt/ubna_data_02_mir/recover-20220828/UBNA_012/20220826_070000.WAV,Carp Pond,recover-20220828,012,1795
1649.2755,1649.2914,23750.0,27922.0,Nyctalus leisleri,0.528,0.628,-1,Echolocation,/mnt/ubna_data_02_mir/recover-20220828/UBNA_012/20220826_070000.WAV,Carp Pond,recover-20220828,012,1795
1649.6595,1649.6739,23750.0,28641.0,Nyctalus leisleri,0.51,0.614,-1,Echolocation,/mnt/ubna_data_02_mir/recover-20220828/UBNA_012/20220826_070000.WAV,Carp Pond,recover-20220828,012,1795
1650.0415,1650.0624,23750.0,28080.0,Nyctalus leisleri,0.255,0.359,-1,Echolocation,/mnt/ubna_data_02_mir/recover-20220828/UBNA_012/20220826_070000.WAV,Carp Pond,recover-20220828,012,1795
1650.3115,1650.3262,23750.0,27449.0,Nyctalus leisleri,0.568,0.632,-1,Echolocation,/mnt/ubna_data_02_mir/recover-20220828/UBNA_012/20220826_070000.WAV,Carp Pond,recover-20220828,012,1795
1650.5935,1650.6098,23750.0,27912.0,Nyctalus leisleri,0.523,0.618,-1,Echolocation,/mnt/ubna_data_02_mir/recover-20220828/UBNA_012/20220826_070000.WAV,Carp Pond,recover-20220828,012,1795
1650.9845,1651.0002,23750.0,27924.0,Nyctalus leisleri,0.634,0.708,-1,Echolocation,/mnt/ubna_data_02_mir/recover-20220828/UBNA_012/20220826_070000.WAV,Carp Pond,recover-20220828,012,1795
1651.2505,1651.2708,23750.0,27677.0,Nyctalus leisleri,0.405,0.538,-1,Echolocation,/mnt/ubna_data_02_mir/recover-20220828/UBNA_012/20220826_070000.WAV,Carp Pond,recover-20220828,012,1795
1651.6545,1651.6715,23750.0,28328.0,Nyctalus leisleri,0.512,0.596,-1,Echolocation,/mnt/ubna_data_02_mir/recover-20220828/UBNA_012/20220826_070000.WAV,Carp Pond,recover-20220828,012,1795
1651.9265,1651.9432,23750.0,28081.0,Nyctalus leisleri,0.511,0.601,-1,Echolocation,/mnt/ubna_data_02_mir/recover-20220828/UBNA_012/20220826_070000.WAV,Carp Pond,recover-20220828,012,1795
1652.1945,1652.21,23750.0,28452.0,Nyctalus leisleri,0.559,0.656,-1,Echolocation,/mnt/ubna_data_02_mir/recover-20220828/UBNA_012/20220826_070000.WAV,Carp Pond,recover-20220828,012,1795
1652.4745,1652.493,23750.0,28183.0,Nyctalus leisleri,0.381,0.517,-1,Echolocation,/mnt/ubna_data_02_mir/recover-20220828/UBNA_012/20220826_070000.WAV,Carp Pond,recover-20220828,012,1795
1652.8565,1652.8726,24609.0,27684.0,Nyctalus leisleri,0.562,0.664,-1,Echolocation,/mnt/ubna_data_02_mir/recover-20220828/UBNA_012/20220826_070000.WAV,Carp Pond,recover-20220828,012,1795
1653.2325,1653.2488,24609.0,28179.0,Nyctalus leisleri,0.526,0.596,-1,Echolocation,/mnt/ubna_data_02_mir/recover-20220828/UBNA_012/20220826_070000.WAV,Carp Pond,recover-20220828,012,1795
1653.6125,1653.6293,24609.0,27777.0,Nyctalus leisleri,0.521,0.634,-1,Echolocation,/mnt/ubna_data_02_mir/recover-20220828/UBNA_012/20220826_070000.WAV,Carp Pond,recover-20220828,012,1795
1653.8695,1653.886,24609.0,27912.0,Nyctalus leisleri,0.558,0.643,-1,Echolocation,/mnt/ubna_data_02_mir/recover-20220828/UBNA_012/20220826_070000.WAV,Carp Pond,recover-20220828,012,1795
1654.3695,1654.385,24609.0,27884.0,Nyctalus leisleri,0.605,0.691,-1,Echolocation,/mnt/ubna_data_02_mir/recover-20220828/UBNA_012/20220826_070000.WAV,Carp Pond,recover-20220828,012,1795
1654.6225,1654.6373,24609.0,29890.0,Nyctalus leisleri,0.446,0.617,-1,Echolocation,/mnt/ubna_data_02_mir/recover-20220828/UBNA_012/20220826_070000.WAV,Carp Pond,recover-20220828,012,1795
1654.9855,1655.0006,23750.0,28528.0,Nyctalus leisleri,0.567,0.672,-1,Echolocation,/mnt/ubna_data_02_mir/recover-20220828/UBNA_012/20220826_070000.WAV,Carp Pond,recover-20220828,012,1795
1655.3565,1655.3721,24609.0,26946.0,Nyctalus leisleri,0.667,0.735,-1,Echolocation,/mnt/ubna_data_02_mir/recover-20220828/UBNA_012/20220826_070000.WAV,Carp Pond,recover-20220828,012,1795
1655.8555,1655.8728,23750.0,27920.0,Nyctalus leisleri,0.61,0.656,-1,Echolocation,/mnt/ubna_data_02_mir/recover-20220828/UBNA_012/20220826_070000.WAV,Carp Pond,recover-20220828,012,1795
1656.2375,1656.2543,24609.0,26698.0,Nyctalus leisleri,0.669,0.711,-1,Echolocation,/mnt/ubna_data_02_mir/recover-20220828/UBNA_012/20220826_070000.WAV,Carp Pond,recover-20220828,012,1795
1656.6315,1656.6475,23750.0,28310.0,Nyctalus leisleri,0.675,0.713,-1,Echolocation,/mnt/ubna_data_02_mir/recover-20220828/UBNA_012/20220826_070000.WAV,Carp Pond,recover-20220828,012,1795
1657.0145,1657.0305,24609.0,27383.0,Nyctalus leisleri,0.659,0.705,-1,Echolocation,/mnt/ubna_data_02_mir/recover-20220828/UBNA_012/20220826_070000.WAV,Carp Pond,recover-20220828,012,1795
1657.4015,1657.417,23750.0,28867.0,Nyctalus leisleri,0.44,0.574,-1,Echolocation,/mnt/ubna_data_02_mir/recover-20220828/UBNA_012/20220826_070000.WAV,Carp Pond,recover-20220828,012,1795
1657.6625,1657.677,24609.0,29049.0,Nyctalus leisleri,0.694,0.754,-1,Echolocation,/mnt/ubna_data_02_mir/recover-20220828/UBNA_012/20220826_070000.WAV,Carp Pond,recover-20220828,012,1795
1658.0615,1658.0765,24609.0,28287.0,Nyctalus leisleri,0.596,0.667,-1,Echolocation,/mnt/ubna_data_02_mir/recover-20220828/UBNA_012/20220826_070000.WAV,Carp Pond,recover-20220828,012,1795
1658.4555,1658.4722,23750.0,28280.0,Nyctalus leisleri,0.799,0.832,-1,Echolocation,/mnt/ubna_data_02_mir/recover-20220828/UBNA_012/20220826_070000.WAV,Carp Pond,recover-20220828,012,1795
1658.8495,1658.8635,23750.0,29000.0,Nyctalus leisleri,0.6,0.697,-1,Echolocation,/mnt/ubna_data_02_mir/recover-20220828/UBNA_012/20220826_070000.WAV,Carp Pond,recover-20220828,012,1795
1659.2465,1659.2617,23750.0,28853.0,Nyctalus leisleri,0.679,0.726,-1,Echolocation,/mnt/ubna_data_02_mir/recover-20220828/UBNA_012/20220826_070000.WAV,Carp Pond,recover-20220828,012,1795
1659.6395,1659.6541,23750.0,29018.0,Nyctalus leisleri,0.525,0.696,-1,Echolocation,/mnt/ubna_data_02_mir/recover-20220828/UBNA_012/20220826_070000.WAV,Carp Pond,recover-20220828,012,1795
1659.7575,1659.7678,25468.0,33202.0,Eptesicus serotinus,0.313,0.533,-1,Echolocation,/mnt/ubna_data_02_mir/recover-20220828/UBNA_012/20220826_070000.WAV,Carp Pond,recover-20220828,012,1795
1659.9305,1659.9405,26328.0,36332.0,Eptesicus serotinus,0.387,0.669,-1,Echolocation,/mnt/ubna_data_02_mir/recover-20220828/UBNA_012/20220826_070000.WAV,Carp Pond,recover-20220828,012,1795
1660.0255,1660.0361,25468.0,31993.0,Nyctalus leisleri,0.296,0.56,-1,Echolocation,/mnt/ubna_data_02_mir/recover-20220828/UBNA_012/20220826_070000.WAV,Carp Pond,recover-20220828,012,1795
1660.1325,1660.1437,26328.0,34932.0,Eptesicus serotinus,0.338,0.658,-1,Echolocation,/mnt/ubna_data_02_mir/recover-20220828/UBNA_012/20220826_070000.WAV,Carp Pond,recover-20220828,012,1795
1660.2895,1660.3032,25468.0,32586.0,Eptesicus serotinus,0.29,0.615,-1,Echolocation,/mnt/ubna_data_02_mir/recover-20220828/UBNA_012/20220826_070000.WAV,Carp Pond,recover-20220828,012,1795
1660.4555,1660.4702,24609.0,32542.0,Eptesicus serotinus,0.329,0.595,-1,Echolocation,/mnt/ubna_data_02_mir/recover-20220828/UBNA_012/20220826_070000.WAV,Carp Pond,recover-20220828,012,1795
1660.6295,1660.6431,23750.0,31922.0,Eptesicus serotinus,0.328,0.579,-1,Echolocation,/mnt/ubna_data_02_mir/recover-20220828/UBNA_012/20220826_070000.WAV,Carp Pond,recover-20220828,012,1795
1660.6405,1660.6489,48671.0,53410.0,Pipistrellus pipistrellus,0.153,0.212,-1,Echolocation,/mnt/ubna_data_02_mir/recover-20220828/UBNA_012/20220826_070000.WAV,Carp Pond,recover-20220828,012,1795
1660.8085,1660.8223,24609.0,33111.0,Eptesicus serotinus,0.334,0.576,-1,Echolocation,/mnt/ubna_data_02_mir/recover-20220828/UBNA_012/20220826_070000.WAV,Carp Pond,recover-20220828,012,1795
1660.9885,1661.0023,24609.0,31656.0,Eptesicus serotinus,0.294,0.612,-1,Echolocation,/mnt/ubna_data_02_mir/recover-20220828/UBNA_012/20220826_070000.WAV,Carp Pond,recover-20220828,012,1795
1661.1725,1661.1864,24609.0,32074.0,Eptesicus serotinus,0.304,0.619,-1,Echolocation,/mnt/ubna_data_02_mir/recover-20220828/UBNA_012/20220826_070000.WAV,Carp Pond,recover-20220828,012,1795
1661.3775,1661.394,24609.0,28486.0,Nyctalus leisleri,0.378,0.514,-1,Echolocation,/mnt/ubna_data_02_mir/recover-20220828/UBNA_012/20220826_070000.WAV,Carp Pond,recover-20220828,012,1795
1661.5015,1661.5183,24609.0,30265.0,Eptesicus serotinus,0.203,0.492,-1,Echolocation,/mnt/ubna_data_02_mir/recover-20220828/UBNA_012/20220826_070000.WAV,Carp Pond,recover-20220828,012,1795
1661.6435,1661.66,23750.0,30712.0,Eptesicus serotinus,0.225,0.551,-1,Echolocation,/mnt/ubna_data_02_mir/recover-20220828/UBNA_012/20220826_070000.WAV,Carp Pond,recover-20220828,012,1795
1661.7815,1661.7955,24609.0,32054.0,Eptesicus serotinus,0.32,0.537,-1,Echolocation,/mnt/ubna_data_02_mir/recover-20220828/UBNA_012/20220826_070000.WAV,Carp Pond,recover-20220828,012,1795
1661.9065,1661.9183,25468.0,31566.0,Nyctalus leisleri,0.322,0.586,-1,Echolocation,/mnt/ubna_data_02_mir/recover-20220828/UBNA_012/20220826_070000.WAV,Carp Pond,recover-20220828,012,1795
1662.1155,1662.1254,25468.0,32083.0,Eptesicus serotinus,0.25,0.556,-1,Echolocation,/mnt/ubna_data_02_mir/recover-20220828/UBNA_012/20220826_070000.WAV,Carp Pond,recover-20220828,012,1795
1662.2415,1662.2502,26328.0,32617.0,Nyctalus leisleri,0.266,0.528,-1,Echolocation,/mnt/ubna_data_02_mir/recover-20220828/UBNA_012/20220826_070000.WAV,Carp Pond,recover-20220828,012,1795
1663.3375,1663.3475,26328.0,32342.0,Nyctalus leisleri,0.35,0.595,-1,Echolocation,/mnt/ubna_data_02_mir/recover-20220828/UBNA_012/20220826_070000.WAV,Carp Pond,recover-20220828,012,1795
1663.4745,1663.4863,24609.0,31619.0,Eptesicus serotinus,0.265,0.564,-1,Echolocation,/mnt/ubna_data_02_mir/recover-20220828/UBNA_012/20220826_070000.WAV,Carp Pond,recover-20220828,012,1795
1663.6155,1663.6302,23750.0,30392.0,Eptesicus serotinus,0.251,0.56,-1,Echolocation,/mnt/ubna_data_02_mir/recover-20220828/UBNA_012/20220826_070000.WAV,Carp Pond,recover-20220828,012,1795
1663.7755,1663.79,23750.0,31712.0,Eptesicus serotinus,0.36,0.632,-1,Echolocation,/mnt/ubna_data_02_mir/recover-20220828/UBNA_012/20220826_070000.WAV,Carp Pond,recover-20220828,012,1795
1663.9095,1663.9192,26328.0,33762.0,Nyctalus leisleri,0.319,0.659,-1,Echolocation,/mnt/ubna_data_02_mir/recover-20220828/UBNA_012/20220826_070000.WAV,Carp Pond,recover-20220828,012,1795
1664.1665,1664.182,24609.0,31743.0,Eptesicus serotinus,0.263,0.576,-1,Echolocation,/mnt/ubna_data_02_mir/recover-20220828/UBNA_012/20220826_070000.WAV,Carp Pond,recover-20220828,012,1795
1664.4405,1664.4556,23750.0,28319.0,Nyctalus leisleri,0.398,0.542,-1,Echolocation,/mnt/ubna_data_02_mir/recover-20220828/UBNA_012/20220826_070000.WAV,Carp Pond,recover-20220828,012,1795
1664.6985,1664.7127,23750.0,30809.0,Nyctalus leisleri,0.291,0.637,-1,Echolocation,/mnt/ubna_data_02_mir/recover-20220828/UBNA_012/20220826_070000.WAV,Carp Pond,recover-20220828,012,1795
1665.1015,1665.1147,23750.0,28484.0,Nyctalus leisleri,0.391,0.532,-1,Echolocation,/mnt/ubna_data_02_mir/recover-20220828/UBNA_012/20220826_070000.WAV,Carp Pond,recover-20220828,012,1795
1665.4835,1665.4979,24609.0,29933.0,Nyctalus leisleri,0.265,0.542,-1,Echolocation,/mnt/ubna_data_02_mir/recover-20220828/UBNA_012/20220826_070000.WAV,Carp Pond,recover-20220828,012,1795
1665.9865,1666.0004,24609.0,29152.0,Nyctalus leisleri,0.364,0.607,-1,Echolocation,/mnt/ubna_data_02_mir/recover-20220828/UBNA_012/20220826_070000.WAV,Carp Pond,recover-20220828,012,1795
1666.3715,1666.3864,24609.0,28781.0,Nyctalus leisleri,0.475,0.621,-1,Echolocation,/mnt/ubna_data_02_mir/recover-20220828/UBNA_012/20220826_070000.WAV,Carp Pond,recover-20220828,012,1795
1666.7525,1666.7674,23750.0,28846.0,Nyctalus leisleri,0.451,0.611,-1,Echolocation,/mnt/ubna_data_02_mir/recover-20220828/UBNA_012/20220826_070000.WAV,Carp Pond,recover-20220828,012,1795
1667.0155,1667.0326,24609.0,28851.0,Nyctalus leisleri,0.47,0.603,-1,Echolocation,/mnt/ubna_data_02_mir/recover-20220828/UBNA_012/20220826_070000.WAV,Carp Pond,recover-20220828,012,1795
1667.3985,1667.414,23750.0,29733.0,Nyctalus leisleri,0.417,0.625,-1,Echolocation,/mnt/ubna_data_02_mir/recover-20220828/UBNA_012/20220826_070000.WAV,Carp Pond,recover-20220828,012,1795
1667.6695,1667.6862,24609.0,28729.0,Nyctalus leisleri,0.493,0.584,-1,Echolocation,/mnt/ubna_data_02_mir/recover-20220828/UBNA_012/20220826_070000.WAV,Carp Pond,recover-20220828,012,1795
1667.6825,1667.6929,48671.0,51841.0,Pipistrellus pipistrellus,0.231,0.268,-1,Echolocation,/mnt/ubna_data_02_mir/recover-20220828/UBNA_012/20220826_070000.WAV,Carp Pond,recover-20220828,012,1795
1667.9535,1667.9722,24609.0,29900.0,Nyctalus leisleri,0.274,0.447,-1,Echolocation,/mnt/ubna_data_02_mir/recover-20220828/UBNA_012/20220826_070000.WAV,Carp Pond,recover-20220828,012,1795
1668.3605,1668.3787,24609.0,29304.0,Nyctalus leisleri,0.257,0.437,-1,Echolocation,/mnt/ubna_data_02_mir/recover-20220828/UBNA_012/20220826_070000.WAV,Carp Pond,recover-20220828,012,1795
1668.6345,1668.6549,24609.0,30034.0,Nyctalus leisleri,0.203,0.405,-1,Echolocation,/mnt/ubna_data_02_mir/recover-20220828/UBNA_012/20220826_070000.WAV,Carp Pond,recover-20220828,012,1795
1668.6495,1668.6586,48671.0,52033.0,Pipistrellus pipistrellus,0.273,0.365,-1,Echolocation,/mnt/ubna_data_02_mir/recover-20220828/UBNA_012/20220826_070000.WAV,Carp Pond,recover-20220828,012,1795
1669.0135,1669.0289,24609.0,30640.0,Nyctalus leisleri,0.242,0.579,-1,Echolocation,/mnt/ubna_data_02_mir/recover-20220828/UBNA_012/20220826_070000.WAV,Carp Pond,recover-20220828,012,1795
1669.2855,1669.3013,24609.0,28791.0,Nyctalus leisleri,0.373,0.569,-1,Echolocation,/mnt/ubna_data_02_mir/recover-20220828/UBNA_012/20220826_070000.WAV,Carp Pond,recover-20220828,012,1795
1669.6715,1669.6872,23750.0,28912.0,Nyctalus leisleri,0.566,0.703,-1,Echolocation,/mnt/ubna_data_02_mir/recover-20220828/UBNA_012/20220826_070000.WAV,Carp Pond,recover-20220828,012,1795
1669.9305,1669.9463,24609.0,30746.0,Eptesicus serotinus,0.235,0.569,-1,Echolocation,/mnt/ubna_data_02_mir/recover-20220828/UBNA_012/20220826_070000.WAV,Carp Pond,recover-20220828,012,1795
1669.9445,1669.9544,47812.0,51466.0,Pipistrellus pipistrellus,0.251,0.276,-1,Echolocation,/mnt/ubna_data_02_mir/recover-20220828/UBNA_012/20220826_070000.WAV,Carp Pond,recover-20220828,012,1795
1670.1965,1670.2113,24609.0,29349.0,Nyctalus leisleri,0.454,0.621,-1,Echolocation,/mnt/ubna_data_02_mir/recover-20220828/UBNA_012/20220826_070000.WAV,Carp Pond,recover-20220828,012,1795
1670.5835,1670.5992,23750.0,29598.0,Nyctalus leisleri,0.363,0.603,-1,Echolocation,/mnt/ubna_data_02_mir/recover-20220828/UBNA_012/20220826_070000.WAV,Carp Pond,recover-20220828,012,1795
1670.9745,1670.9889,23750.0,30324.0,Nyctalus leisleri,0.566,0.693,-1,Echolocation,/mnt/ubna_data_02_mir/recover-20220828/UBNA_012/20220826_070000.WAV,Carp Pond,recover-20220828,012,1795
1671.2385,1671.2534,23750.0,30070.0,Nyctalus leisleri,0.493,0.673,-1,Echolocation,/mnt/ubna_data_02_mir/recover-20220828/UBNA_012/20220826_070000.WAV,Carp Pond,recover-20220828,012,1795
1671.6345,1671.6479,23750.0,29020.0,Nyctalus leisleri,0.602,0.698,-1,Echolocation,/mnt/ubna_data_02_mir/recover-20220828/UBNA_012/20220826_070000.WAV,Carp Pond,recover-20220828,012,1795
1671.9005,1671.9164,23750.0,29394.0,Nyctalus leisleri,0.324,0.559,-1,Echolocation,/mnt/ubna_data_02_mir/recover-20220828/UBNA_012/20220826_070000.WAV,Carp Pond,recover-20220828,012,1795
1672.1765,1672.1898,23750.0,30165.0,Nyctalus leisleri,0.541,0.686,-1,Echolocation,/mnt/ubna_data_02_mir/recover-20220828/UBNA_012/20220826_070000.WAV,Carp Pond,recover-20220828,012,1795
1672.4415,1672.4596,24609.0,28800.0,Nyctalus leisleri,0.219,0.45,-1,Echolocation,/mnt/ubna_data_02_mir/recover-20220828/UBNA_012/20220826_070000.WAV,Carp Pond,recover-20220828,012,1795
1672.7095,1672.7245,23750.0,29614.0,Nyctalus leisleri,0.471,0.656,-1,Echolocation,/mnt/ubna_data_02_mir/recover-20220828/UBNA_012/20220826_070000.WAV,Carp Pond,recover-20220828,012,1795
1672.7185,1672.727,47812.0,50680.0,Pipistrellus pipistrellus,0.2,0.305,-1,Echolocation,/mnt/ubna_data_02_mir/recover-20220828/UBNA_012/20220826_070000.WAV,Carp Pond,recover-20220828,012,1795
1673.1045,1673.1196,23750.0,29474.0,Nyctalus leisleri,0.407,0.595,-1,Echolocation,/mnt/ubna_data_02_mir/recover-20220828/UBNA_012/20220826_070000.WAV,Carp Pond,recover-20220828,012,1795
1673.3785,1673.3934,23750.0,29657.0,Nyctalus leisleri,0.439,0.678,-1,Echolocation,/mnt/ubna_data_02_mir/recover-20220828/UBNA_012/20220826_070000.WAV,Carp Pond,recover-20220828,012,1795
1673.6505,1673.6657,23750.0,30355.0,Nyctalus leisleri,0.274,0.544,-1,Echolocation,/mnt/ubna_data_02_mir/recover-20220828/UBNA_012/20220826_070000.WAV,Carp Pond,recover-20220828,012,1795
1673.6605,1673.669,47812.0,50927.0,Pipistrellus pipistrellus,0.212,0.249,-1,Echolocation,/mnt/ubna_data_02_mir/recover-20220828/UBNA_012/20220826_070000.WAV,Carp Pond,recover-20220828,012,1795
1673.9135,1673.9317,23750.0,29128.0,Nyctalus leisleri,0.278,0.432,-1,Echolocation,/mnt/ubna_data_02_mir/recover-20220828/UBNA_012/20220826_070000.WAV,Carp Pond,recover-20220828,012,1795
1674.1915,1674.2053,23750.0,28648.0,Nyctalus leisleri,0.347,0.467,-1,Echolocation,/mnt/ubna_data_02_mir/recover-20220828/UBNA_012/20220826_070000.WAV,Carp Pond,recover-20220828,012,1795
1674.8625,1674.8768,23750.0,27962.0,Nyctalus leisleri,0.244,0.363,-1,Echolocation,/mnt/ubna_data_02_mir/recover-20220828/UBNA_012/20220826_070000.WAV,Carp Pond,recover-20220828,012,1795
1675.1335,1675.1501,23750.0,28503.0,Nyctalus leisleri,0.398,0.53,-1,Echolocation,/mnt/ubna_data_02_mir/recover-20220828/UBNA_012/20220826_070000.WAV,Carp Pond,recover-20220828,012,1795
1783.2905,1783.3022,23750.0,29738.0,Eptesicus serotinus,0.125,0.335,-1,Echolocation,/mnt/ubna_data_02_mir/recover-20220828/UBNA_012/20220826_070000.WAV,Carp Pond,recover-20220828,012,1795
