start_time,end_time,low_freq,high_freq,class,class_prob,det_prob,individual,event,input_file,Site name,Recover Folder,SD Card,File Duration
2.8605,2.8723,23750.0,28521.0,Eptesicus serotinus,0.093,0.239,-1,Echolocation,/mnt/ubna_data_01_mir/recover-20220818/UBNA_006/20220818_110000.WAV,Central Pond,recover-20220818,006,1795
3.3905,3.4064,26328.0,30538.0,Nyctalus leisleri,0.245,0.368,-1,Echolocation,/mnt/ubna_data_01_mir/recover-20220818/UBNA_006/20220818_110000.WAV,Central Pond,recover-20220818,006,1795
3.9555,3.9711,25468.0,28676.0,Nyctalus leisleri,0.26,0.397,-1,Echolocation,/mnt/ubna_data_01_mir/recover-20220818/UBNA_006/20220818_110000.WAV,Central Pond,recover-20220818,006,1795
4.2395,4.2547,24609.0,30370.0,Nyctalus leisleri,0.18,0.363,-1,Echolocation,/mnt/ubna_data_01_mir/recover-20220818/UBNA_006/20220818_110000.WAV,Central Pond,recover-20220818,006,1795
4.5145,4.5336,25468.0,30095.0,Nyctalus leisleri,0.23,0.378,-1,Echolocation,/mnt/ubna_data_01_mir/recover-20220818/UBNA_006/20220818_110000.WAV,Central Pond,recover-20220818,006,1795
4.7865,4.8089,25468.0,28567.0,Nyctalus leisleri,0.159,0.234,-1,Echolocation,/mnt/ubna_data_01_mir/recover-20220818/UBNA_006/20220818_110000.WAV,Central Pond,recover-20220818,006,1795
5.1055,5.1236,25468.0,29830.0,Nyctalus leisleri,0.229,0.342,-1,Echolocation,/mnt/ubna_data_01_mir/recover-20220818/UBNA_006/20220818_110000.WAV,Central Pond,recover-20220818,006,1795
5.5165,5.5363,25468.0,29274.0,Nyctalus leisleri,0.326,0.408,-1,Echolocation,/mnt/ubna_data_01_mir/recover-20220818/UBNA_006/20220818_110000.WAV,Central Pond,recover-20220818,006,1795
5.8005,5.8164,25468.0,30331.0,Nyctalus leisleri,0.323,0.533,-1,Echolocation,/mnt/ubna_data_01_mir/recover-20220818/UBNA_006/20220818_110000.WAV,Central Pond,recover-20220818,006,1795
6.0755,6.0911,25468.0,29539.0,Nyctalus leisleri,0.346,0.513,-1,Echolocation,/mnt/ubna_data_01_mir/recover-20220818/UBNA_006/20220818_110000.WAV,Central Pond,recover-20220818,006,1795
6.3705,6.3877,25468.0,30401.0,Nyctalus leisleri,0.286,0.464,-1,Echolocation,/mnt/ubna_data_01_mir/recover-20220818/UBNA_006/20220818_110000.WAV,Central Pond,recover-20220818,006,1795
6.6515,6.6669,25468.0,30539.0,Nyctalus leisleri,0.276,0.413,-1,Echolocation,/mnt/ubna_data_01_mir/recover-20220818/UBNA_006/20220818_110000.WAV,Central Pond,recover-20220818,006,1795
6.9555,6.9734,24609.0,30336.0,Nyctalus leisleri,0.263,0.491,-1,Echolocation,/mnt/ubna_data_01_mir/recover-20220818/UBNA_006/20220818_110000.WAV,Central Pond,recover-20220818,006,1795
7.3655,7.3861,25468.0,29820.0,Nyctalus leisleri,0.28,0.426,-1,Echolocation,/mnt/ubna_data_01_mir/recover-20220818/UBNA_006/20220818_110000.WAV,Central Pond,recover-20220818,006,1795
7.6545,7.6756,24609.0,29867.0,Nyctalus leisleri,0.22,0.381,-1,Echolocation,/mnt/ubna_data_01_mir/recover-20220818/UBNA_006/20220818_110000.WAV,Central Pond,recover-20220818,006,1795
7.9315,7.9495,26328.0,30176.0,Nyctalus leisleri,0.249,0.348,-1,Echolocation,/mnt/ubna_data_01_mir/recover-20220818/UBNA_006/20220818_110000.WAV,Central Pond,recover-20220818,006,1795
9.1665,9.1838,26328.0,29677.0,Nyctalus leisleri,0.266,0.396,-1,Echolocation,/mnt/ubna_data_01_mir/recover-20220818/UBNA_006/20220818_110000.WAV,Central Pond,recover-20220818,006,1795
9.3905,9.4083,26328.0,29934.0,Nyctalus leisleri,0.302,0.499,-1,Echolocation,/mnt/ubna_data_01_mir/recover-20220818/UBNA_006/20220818_110000.WAV,Central Pond,recover-20220818,006,1795
9.6455,9.6649,25468.0,29267.0,Nyctalus leisleri,0.25,0.357,-1,Echolocation,/mnt/ubna_data_01_mir/recover-20220818/UBNA_006/20220818_110000.WAV,Central Pond,recover-20220818,006,1795
9.9085,9.9291,25468.0,29826.0,Nyctalus leisleri,0.349,0.524,-1,Echolocation,/mnt/ubna_data_01_mir/recover-20220818/UBNA_006/20220818_110000.WAV,Central Pond,recover-20220818,006,1795
10.3265,10.3454,25468.0,30177.0,Nyctalus leisleri,0.182,0.401,-1,Echolocation,/mnt/ubna_data_01_mir/recover-20220818/UBNA_006/20220818_110000.WAV,Central Pond,recover-20220818,006,1795
10.6035,10.6258,25468.0,29325.0,Nyctalus leisleri,0.258,0.385,-1,Echolocation,/mnt/ubna_data_01_mir/recover-20220818/UBNA_006/20220818_110000.WAV,Central Pond,recover-20220818,006,1795
10.6125,10.6279,51250.0,54745.0,Pipistrellus pygmaeus,0.197,0.413,-1,Echolocation,/mnt/ubna_data_01_mir/recover-20220818/UBNA_006/20220818_110000.WAV,Central Pond,recover-20220818,006,1795
10.8815,10.8997,25468.0,29153.0,Nyctalus leisleri,0.226,0.315,-1,Echolocation,/mnt/ubna_data_01_mir/recover-20220818/UBNA_006/20220818_110000.WAV,Central Pond,recover-20220818,006,1795
11.1475,11.1674,25468.0,28905.0,Nyctalus leisleri,0.233,0.311,-1,Echolocation,/mnt/ubna_data_01_mir/recover-20220818/UBNA_006/20220818_110000.WAV,Central Pond,recover-20220818,006,1795
11.5655,11.584,25468.0,28846.0,Nyctalus leisleri,0.46,0.557,-1,Echolocation,/mnt/ubna_data_01_mir/recover-20220818/UBNA_006/20220818_110000.WAV,Central Pond,recover-20220818,006,1795
11.8455,11.8644,25468.0,30048.0,Nyctalus leisleri,0.358,0.491,-1,Echolocation,/mnt/ubna_data_01_mir/recover-20220818/UBNA_006/20220818_110000.WAV,Central Pond,recover-20220818,006,1795
12.1245,12.1495,24609.0,29521.0,Nyctalus leisleri,0.168,0.319,-1,Echolocation,/mnt/ubna_data_01_mir/recover-20220818/UBNA_006/20220818_110000.WAV,Central Pond,recover-20220818,006,1795
12.5515,12.5733,25468.0,30434.0,Nyctalus leisleri,0.212,0.33,-1,Echolocation,/mnt/ubna_data_01_mir/recover-20220818/UBNA_006/20220818_110000.WAV,Central Pond,recover-20220818,006,1795
12.9605,12.9815,25468.0,28969.0,Nyctalus leisleri,0.208,0.33,-1,Echolocation,/mnt/ubna_data_01_mir/recover-20220818/UBNA_006/20220818_110000.WAV,Central Pond,recover-20220818,006,1795
13.3645,13.3848,24609.0,30342.0,Nyctalus leisleri,0.188,0.42,-1,Echolocation,/mnt/ubna_data_01_mir/recover-20220818/UBNA_006/20220818_110000.WAV,Central Pond,recover-20220818,006,1795
13.3685,13.3832,52109.0,56182.0,Pipistrellus pipistrellus,0.182,0.293,-1,Echolocation,/mnt/ubna_data_01_mir/recover-20220818/UBNA_006/20220818_110000.WAV,Central Pond,recover-20220818,006,1795
13.6545,13.6746,25468.0,28843.0,Nyctalus leisleri,0.276,0.429,-1,Echolocation,/mnt/ubna_data_01_mir/recover-20220818/UBNA_006/20220818_110000.WAV,Central Pond,recover-20220818,006,1795
13.6615,13.682,50390.0,54341.0,Pipistrellus pipistrellus,0.136,0.218,-1,Echolocation,/mnt/ubna_data_01_mir/recover-20220818/UBNA_006/20220818_110000.WAV,Central Pond,recover-20220818,006,1795
14.0695,14.0852,25468.0,29643.0,Nyctalus leisleri,0.433,0.639,-1,Echolocation,/mnt/ubna_data_01_mir/recover-20220818/UBNA_006/20220818_110000.WAV,Central Pond,recover-20220818,006,1795
14.3505,14.3663,25468.0,28435.0,Nyctalus leisleri,0.445,0.597,-1,Echolocation,/mnt/ubna_data_01_mir/recover-20220818/UBNA_006/20220818_110000.WAV,Central Pond,recover-20220818,006,1795
14.7635,14.7764,24609.0,30704.0,Nyctalus leisleri,0.441,0.634,-1,Echolocation,/mnt/ubna_data_01_mir/recover-20220818/UBNA_006/20220818_110000.WAV,Central Pond,recover-20220818,006,1795
14.9005,14.9155,25468.0,31683.0,Nyctalus leisleri,0.311,0.62,-1,Echolocation,/mnt/ubna_data_01_mir/recover-20220818/UBNA_006/20220818_110000.WAV,Central Pond,recover-20220818,006,1795
15.0315,15.0445,25468.0,32111.0,Nyctalus leisleri,0.329,0.531,-1,Echolocation,/mnt/ubna_data_01_mir/recover-20220818/UBNA_006/20220818_110000.WAV,Central Pond,recover-20220818,006,1795
15.1515,15.1629,26328.0,33192.0,Nyctalus leisleri,0.336,0.608,-1,Echolocation,/mnt/ubna_data_01_mir/recover-20220818/UBNA_006/20220818_110000.WAV,Central Pond,recover-20220818,006,1795
15.2625,15.2746,25468.0,30934.0,Nyctalus leisleri,0.22,0.39,-1,Echolocation,/mnt/ubna_data_01_mir/recover-20220818/UBNA_006/20220818_110000.WAV,Central Pond,recover-20220818,006,1795
16.0565,16.0684,27187.0,31966.0,Nyctalus leisleri,0.267,0.475,-1,Echolocation,/mnt/ubna_data_01_mir/recover-20220818/UBNA_006/20220818_110000.WAV,Central Pond,recover-20220818,006,1795
16.2775,16.2935,26328.0,31196.0,Nyctalus leisleri,0.261,0.435,-1,Echolocation,/mnt/ubna_data_01_mir/recover-20220818/UBNA_006/20220818_110000.WAV,Central Pond,recover-20220818,006,1795
16.5165,16.5367,25468.0,30255.0,Nyctalus leisleri,0.205,0.415,-1,Echolocation,/mnt/ubna_data_01_mir/recover-20220818/UBNA_006/20220818_110000.WAV,Central Pond,recover-20220818,006,1795
16.7735,16.7916,25468.0,32962.0,Eptesicus serotinus,0.224,0.435,-1,Echolocation,/mnt/ubna_data_01_mir/recover-20220818/UBNA_006/20220818_110000.WAV,Central Pond,recover-20220818,006,1795
17.0365,17.0534,25468.0,30956.0,Nyctalus leisleri,0.203,0.453,-1,Echolocation,/mnt/ubna_data_01_mir/recover-20220818/UBNA_006/20220818_110000.WAV,Central Pond,recover-20220818,006,1795
17.2995,17.3182,24609.0,31819.0,Eptesicus serotinus,0.187,0.427,-1,Echolocation,/mnt/ubna_data_01_mir/recover-20220818/UBNA_006/20220818_110000.WAV,Central Pond,recover-20220818,006,1795
17.5785,17.5984,25468.0,29645.0,Nyctalus leisleri,0.251,0.324,-1,Echolocation,/mnt/ubna_data_01_mir/recover-20220818/UBNA_006/20220818_110000.WAV,Central Pond,recover-20220818,006,1795
17.8635,17.8798,24609.0,30849.0,Nyctalus leisleri,0.272,0.454,-1,Echolocation,/mnt/ubna_data_01_mir/recover-20220818/UBNA_006/20220818_110000.WAV,Central Pond,recover-20220818,006,1795
18.2625,18.2794,25468.0,29130.0,Nyctalus leisleri,0.455,0.555,-1,Echolocation,/mnt/ubna_data_01_mir/recover-20220818/UBNA_006/20220818_110000.WAV,Central Pond,recover-20220818,006,1795
18.5395,18.557,23750.0,30806.0,Nyctalus leisleri,0.22,0.483,-1,Echolocation,/mnt/ubna_data_01_mir/recover-20220818/UBNA_006/20220818_110000.WAV,Central Pond,recover-20220818,006,1795
18.9545,18.974,24609.0,29574.0,Nyctalus leisleri,0.251,0.361,-1,Echolocation,/mnt/ubna_data_01_mir/recover-20220818/UBNA_006/20220818_110000.WAV,Central Pond,recover-20220818,006,1795
19.3775,19.3926,25468.0,30347.0,Nyctalus leisleri,0.331,0.487,-1,Echolocation,/mnt/ubna_data_01_mir/recover-20220818/UBNA_006/20220818_110000.WAV,Central Pond,recover-20220818,006,1795
19.6585,19.6758,24609.0,28321.0,Nyctalus leisleri,0.502,0.618,-1,Echolocation,/mnt/ubna_data_01_mir/recover-20220818/UBNA_006/20220818_110000.WAV,Central Pond,recover-20220818,006,1795
20.0555,20.0707,25468.0,30674.0,Nyctalus leisleri,0.336,0.565,-1,Echolocation,/mnt/ubna_data_01_mir/recover-20220818/UBNA_006/20220818_110000.WAV,Central Pond,recover-20220818,006,1795
20.3365,20.356,24609.0,28512.0,Nyctalus leisleri,0.281,0.384,-1,Echolocation,/mnt/ubna_data_01_mir/recover-20220818/UBNA_006/20220818_110000.WAV,Central Pond,recover-20220818,006,1795
20.7485,20.7639,24609.0,30184.0,Nyctalus leisleri,0.291,0.524,-1,Echolocation,/mnt/ubna_data_01_mir/recover-20220818/UBNA_006/20220818_110000.WAV,Central Pond,recover-20220818,006,1795
21.0305,21.0465,24609.0,27676.0,Nyctalus leisleri,0.297,0.441,-1,Echolocation,/mnt/ubna_data_01_mir/recover-20220818/UBNA_006/20220818_110000.WAV,Central Pond,recover-20220818,006,1795
21.4315,21.4465,24609.0,29677.0,Nyctalus leisleri,0.447,0.635,-1,Echolocation,/mnt/ubna_data_01_mir/recover-20220818/UBNA_006/20220818_110000.WAV,Central Pond,recover-20220818,006,1795
21.5975,21.6113,24609.0,31486.0,Eptesicus serotinus,0.268,0.615,-1,Echolocation,/mnt/ubna_data_01_mir/recover-20220818/UBNA_006/20220818_110000.WAV,Central Pond,recover-20220818,006,1795
21.7575,21.7725,24609.0,30945.0,Nyctalus leisleri,0.235,0.517,-1,Echolocation,/mnt/ubna_data_01_mir/recover-20220818/UBNA_006/20220818_110000.WAV,Central Pond,recover-20220818,006,1795
21.9245,21.9371,26328.0,32624.0,Nyctalus leisleri,0.278,0.604,-1,Echolocation,/mnt/ubna_data_01_mir/recover-20220818/UBNA_006/20220818_110000.WAV,Central Pond,recover-20220818,006,1795
22.0925,22.1047,26328.0,31681.0,Nyctalus leisleri,0.363,0.529,-1,Echolocation,/mnt/ubna_data_01_mir/recover-20220818/UBNA_006/20220818_110000.WAV,Central Pond,recover-20220818,006,1795
22.2925,22.3054,26328.0,31455.0,Nyctalus leisleri,0.509,0.64,-1,Echolocation,/mnt/ubna_data_01_mir/recover-20220818/UBNA_006/20220818_110000.WAV,Central Pond,recover-20220818,006,1795
22.5395,22.5537,25468.0,31731.0,Nyctalus leisleri,0.338,0.622,-1,Echolocation,/mnt/ubna_data_01_mir/recover-20220818/UBNA_006/20220818_110000.WAV,Central Pond,recover-20220818,006,1795
22.6965,22.7099,25468.0,32072.0,Nyctalus leisleri,0.38,0.567,-1,Echolocation,/mnt/ubna_data_01_mir/recover-20220818/UBNA_006/20220818_110000.WAV,Central Pond,recover-20220818,006,1795
22.9465,22.9611,25468.0,30307.0,Nyctalus leisleri,0.312,0.464,-1,Echolocation,/mnt/ubna_data_01_mir/recover-20220818/UBNA_006/20220818_110000.WAV,Central Pond,recover-20220818,006,1795
23.1985,23.2125,25468.0,32001.0,Nyctalus leisleri,0.312,0.639,-1,Echolocation,/mnt/ubna_data_01_mir/recover-20220818/UBNA_006/20220818_110000.WAV,Central Pond,recover-20220818,006,1795
23.4655,23.4784,25468.0,32527.0,Nyctalus leisleri,0.434,0.68,-1,Echolocation,/mnt/ubna_data_01_mir/recover-20220818/UBNA_006/20220818_110000.WAV,Central Pond,recover-20220818,006,1795
23.7295,23.7428,26328.0,31957.0,Nyctalus leisleri,0.292,0.612,-1,Echolocation,/mnt/ubna_data_01_mir/recover-20220818/UBNA_006/20220818_110000.WAV,Central Pond,recover-20220818,006,1795
24.2645,24.2766,25468.0,33246.0,Nyctalus leisleri,0.3,0.637,-1,Echolocation,/mnt/ubna_data_01_mir/recover-20220818/UBNA_006/20220818_110000.WAV,Central Pond,recover-20220818,006,1795
24.4145,24.4258,25468.0,32412.0,Nyctalus leisleri,0.399,0.648,-1,Echolocation,/mnt/ubna_data_01_mir/recover-20220818/UBNA_006/20220818_110000.WAV,Central Pond,recover-20220818,006,1795
24.5585,24.5697,26328.0,33263.0,Nyctalus leisleri,0.288,0.578,-1,Echolocation,/mnt/ubna_data_01_mir/recover-20220818/UBNA_006/20220818_110000.WAV,Central Pond,recover-20220818,006,1795
24.8125,24.8245,25468.0,30234.0,Nyctalus leisleri,0.512,0.642,-1,Echolocation,/mnt/ubna_data_01_mir/recover-20220818/UBNA_006/20220818_110000.WAV,Central Pond,recover-20220818,006,1795
24.9475,24.9585,26328.0,32459.0,Nyctalus leisleri,0.242,0.472,-1,Echolocation,/mnt/ubna_data_01_mir/recover-20220818/UBNA_006/20220818_110000.WAV,Central Pond,recover-20220818,006,1795
25.2155,25.2272,26328.0,31455.0,Nyctalus leisleri,0.381,0.542,-1,Echolocation,/mnt/ubna_data_01_mir/recover-20220818/UBNA_006/20220818_110000.WAV,Central Pond,recover-20220818,006,1795
25.4795,25.4918,25468.0,30897.0,Nyctalus leisleri,0.36,0.549,-1,Echolocation,/mnt/ubna_data_01_mir/recover-20220818/UBNA_006/20220818_110000.WAV,Central Pond,recover-20220818,006,1795
25.7705,25.7821,25468.0,30737.0,Nyctalus leisleri,0.324,0.518,-1,Echolocation,/mnt/ubna_data_01_mir/recover-20220818/UBNA_006/20220818_110000.WAV,Central Pond,recover-20220818,006,1795
26.0405,26.0538,25468.0,28979.0,Nyctalus leisleri,0.493,0.615,-1,Echolocation,/mnt/ubna_data_01_mir/recover-20220818/UBNA_006/20220818_110000.WAV,Central Pond,recover-20220818,006,1795
26.5875,26.6054,25468.0,28918.0,Nyctalus leisleri,0.183,0.285,-1,Echolocation,/mnt/ubna_data_01_mir/recover-20220818/UBNA_006/20220818_110000.WAV,Central Pond,recover-20220818,006,1795
34.8335,34.8478,25468.0,29939.0,Nyctalus leisleri,0.119,0.225,-1,Echolocation,/mnt/ubna_data_01_mir/recover-20220818/UBNA_006/20220818_110000.WAV,Central Pond,recover-20220818,006,1795
58.3465,58.3514,17734.0,36222.0,Plecotus austriacus,0.162,0.232,-1,Echolocation,/mnt/ubna_data_01_mir/recover-20220818/UBNA_006/20220818_110000.WAV,Central Pond,recover-20220818,006,1795
117.1885,117.2041,24609.0,29009.0,Nyctalus leisleri,0.08,0.201,-1,Echolocation,/mnt/ubna_data_01_mir/recover-20220818/UBNA_006/20220818_110000.WAV,Central Pond,recover-20220818,006,1795
201.3375,201.3414,14296.0,37862.0,Plecotus auritus,0.296,0.361,-1,Echolocation,/mnt/ubna_data_01_mir/recover-20220818/UBNA_006/20220818_110000.WAV,Central Pond,recover-20220818,006,1795
241.3365,241.3543,23750.0,27637.0,Nyctalus leisleri,0.226,0.329,-1,Echolocation,/mnt/ubna_data_01_mir/recover-20220818/UBNA_006/20220818_110000.WAV,Central Pond,recover-20220818,006,1795
241.8375,241.8548,24609.0,29290.0,Nyctalus leisleri,0.195,0.294,-1,Echolocation,/mnt/ubna_data_01_mir/recover-20220818/UBNA_006/20220818_110000.WAV,Central Pond,recover-20220818,006,1795
242.8855,242.9038,24609.0,28578.0,Nyctalus leisleri,0.095,0.206,-1,Echolocation,/mnt/ubna_data_01_mir/recover-20220818/UBNA_006/20220818_110000.WAV,Central Pond,recover-20220818,006,1795
243.5125,243.5329,23750.0,29579.0,Nyctalus leisleri,0.133,0.321,-1,Echolocation,/mnt/ubna_data_01_mir/recover-20220818/UBNA_006/20220818_110000.WAV,Central Pond,recover-20220818,006,1795
243.7725,243.7949,23750.0,29040.0,Nyctalus leisleri,0.086,0.209,-1,Echolocation,/mnt/ubna_data_01_mir/recover-20220818/UBNA_006/20220818_110000.WAV,Central Pond,recover-20220818,006,1795
244.4055,244.4236,25468.0,30125.0,Nyctalus leisleri,0.145,0.281,-1,Echolocation,/mnt/ubna_data_01_mir/recover-20220818/UBNA_006/20220818_110000.WAV,Central Pond,recover-20220818,006,1795
297.1815,297.2059,22031.0,26717.0,Nyctalus leisleri,0.177,0.324,-1,Echolocation,/mnt/ubna_data_01_mir/recover-20220818/UBNA_006/20220818_110000.WAV,Central Pond,recover-20220818,006,1795
297.5975,297.6093,22890.0,28507.0,Nyctalus leisleri,0.119,0.309,-1,Echolocation,/mnt/ubna_data_01_mir/recover-20220818/UBNA_006/20220818_110000.WAV,Central Pond,recover-20220818,006,1795
297.9045,297.9205,22890.0,26465.0,Nyctalus leisleri,0.366,0.47,-1,Echolocation,/mnt/ubna_data_01_mir/recover-20220818/UBNA_006/20220818_110000.WAV,Central Pond,recover-20220818,006,1795
298.3225,298.3437,22890.0,26297.0,Nyctalus leisleri,0.183,0.259,-1,Echolocation,/mnt/ubna_data_01_mir/recover-20220818/UBNA_006/20220818_110000.WAV,Central Pond,recover-20220818,006,1795
298.6205,298.6403,22890.0,25640.0,Nyctalus leisleri,0.192,0.264,-1,Echolocation,/mnt/ubna_data_01_mir/recover-20220818/UBNA_006/20220818_110000.WAV,Central Pond,recover-20220818,006,1795
299.1745,299.1948,22890.0,26574.0,Nyctalus leisleri,0.232,0.346,-1,Echolocation,/mnt/ubna_data_01_mir/recover-20220818/UBNA_006/20220818_110000.WAV,Central Pond,recover-20220818,006,1795
299.5935,299.6176,23750.0,27402.0,Nyctalus leisleri,0.164,0.238,-1,Echolocation,/mnt/ubna_data_01_mir/recover-20220818/UBNA_006/20220818_110000.WAV,Central Pond,recover-20220818,006,1795
300.0345,300.0548,22890.0,27315.0,Nyctalus leisleri,0.324,0.418,-1,Echolocation,/mnt/ubna_data_01_mir/recover-20220818/UBNA_006/20220818_110000.WAV,Central Pond,recover-20220818,006,1795
300.4555,300.4783,22890.0,26644.0,Nyctalus leisleri,0.273,0.357,-1,Echolocation,/mnt/ubna_data_01_mir/recover-20220818/UBNA_006/20220818_110000.WAV,Central Pond,recover-20220818,006,1795
301.1925,301.2122,23750.0,27357.0,Nyctalus leisleri,0.27,0.35,-1,Echolocation,/mnt/ubna_data_01_mir/recover-20220818/UBNA_006/20220818_110000.WAV,Central Pond,recover-20220818,006,1795
301.9135,301.9325,22890.0,27660.0,Nyctalus leisleri,0.421,0.536,-1,Echolocation,/mnt/ubna_data_01_mir/recover-20220818/UBNA_006/20220818_110000.WAV,Central Pond,recover-20220818,006,1795
302.3415,302.3616,22031.0,25881.0,Nyctalus leisleri,0.235,0.355,-1,Echolocation,/mnt/ubna_data_01_mir/recover-20220818/UBNA_006/20220818_110000.WAV,Central Pond,recover-20220818,006,1795
302.6355,302.6552,22890.0,27586.0,Nyctalus leisleri,0.233,0.344,-1,Echolocation,/mnt/ubna_data_01_mir/recover-20220818/UBNA_006/20220818_110000.WAV,Central Pond,recover-20220818,006,1795
303.1075,303.1369,22890.0,27145.0,Nyctalus noctula,0.124,0.217,-1,Echolocation,/mnt/ubna_data_01_mir/recover-20220818/UBNA_006/20220818_110000.WAV,Central Pond,recover-20220818,006,1795
303.4145,303.4357,23750.0,27753.0,Nyctalus leisleri,0.26,0.416,-1,Echolocation,/mnt/ubna_data_01_mir/recover-20220818/UBNA_006/20220818_110000.WAV,Central Pond,recover-20220818,006,1795
303.6935,303.7156,23750.0,27535.0,Nyctalus leisleri,0.23,0.373,-1,Echolocation,/mnt/ubna_data_01_mir/recover-20220818/UBNA_006/20220818_110000.WAV,Central Pond,recover-20220818,006,1795
304.1135,304.1339,22890.0,26908.0,Nyctalus leisleri,0.324,0.417,-1,Echolocation,/mnt/ubna_data_01_mir/recover-20220818/UBNA_006/20220818_110000.WAV,Central Pond,recover-20220818,006,1795
304.4045,304.4269,22890.0,26276.0,Nyctalus leisleri,0.258,0.314,-1,Echolocation,/mnt/ubna_data_01_mir/recover-20220818/UBNA_006/20220818_110000.WAV,Central Pond,recover-20220818,006,1795
305.1235,305.1455,22890.0,27503.0,Nyctalus leisleri,0.146,0.267,-1,Echolocation,/mnt/ubna_data_01_mir/recover-20220818/UBNA_006/20220818_110000.WAV,Central Pond,recover-20220818,006,1795
305.8915,305.9149,23750.0,27462.0,Nyctalus leisleri,0.212,0.289,-1,Echolocation,/mnt/ubna_data_01_mir/recover-20220818/UBNA_006/20220818_110000.WAV,Central Pond,recover-20220818,006,1795
308.4115,308.4333,23750.0,27896.0,Nyctalus leisleri,0.152,0.252,-1,Echolocation,/mnt/ubna_data_01_mir/recover-20220818/UBNA_006/20220818_110000.WAV,Central Pond,recover-20220818,006,1795
348.6375,348.6501,35781.0,41157.0,Pipistrellus nathusii,0.311,0.377,-1,Echolocation,/mnt/ubna_data_01_mir/recover-20220818/UBNA_006/20220818_110000.WAV,Central Pond,recover-20220818,006,1795
348.9495,348.9614,36640.0,43029.0,Pipistrellus nathusii,0.397,0.467,-1,Echolocation,/mnt/ubna_data_01_mir/recover-20220818/UBNA_006/20220818_110000.WAV,Central Pond,recover-20220818,006,1795
349.6635,349.675,36640.0,41609.0,Pipistrellus nathusii,0.242,0.285,-1,Echolocation,/mnt/ubna_data_01_mir/recover-20220818/UBNA_006/20220818_110000.WAV,Central Pond,recover-20220818,006,1795
415.8045,415.8191,23750.0,27576.0,Nyctalus leisleri,0.16,0.276,-1,Echolocation,/mnt/ubna_data_01_mir/recover-20220818/UBNA_006/20220818_110000.WAV,Central Pond,recover-20220818,006,1795
505.0215,505.0335,26328.0,30836.0,Nyctalus leisleri,0.405,0.588,-1,Echolocation,/mnt/ubna_data_01_mir/recover-20220818/UBNA_006/20220818_110000.WAV,Central Pond,recover-20220818,006,1795
505.7005,505.7134,26328.0,30367.0,Nyctalus leisleri,0.382,0.533,-1,Echolocation,/mnt/ubna_data_01_mir/recover-20220818/UBNA_006/20220818_110000.WAV,Central Pond,recover-20220818,006,1795
506.2445,506.2575,26328.0,30653.0,Nyctalus leisleri,0.398,0.549,-1,Echolocation,/mnt/ubna_data_01_mir/recover-20220818/UBNA_006/20220818_110000.WAV,Central Pond,recover-20220818,006,1795
506.5075,506.5275,26328.0,30110.0,Nyctalus leisleri,0.211,0.295,-1,Echolocation,/mnt/ubna_data_01_mir/recover-20220818/UBNA_006/20220818_110000.WAV,Central Pond,recover-20220818,006,1795
507.0135,507.0276,26328.0,29694.0,Nyctalus leisleri,0.328,0.438,-1,Echolocation,/mnt/ubna_data_01_mir/recover-20220818/UBNA_006/20220818_110000.WAV,Central Pond,recover-20220818,006,1795
507.2775,507.2966,26328.0,29505.0,Nyctalus leisleri,0.311,0.415,-1,Echolocation,/mnt/ubna_data_01_mir/recover-20220818/UBNA_006/20220818_110000.WAV,Central Pond,recover-20220818,006,1795
507.9605,507.975,25468.0,30266.0,Nyctalus leisleri,0.458,0.577,-1,Echolocation,/mnt/ubna_data_01_mir/recover-20220818/UBNA_006/20220818_110000.WAV,Central Pond,recover-20220818,006,1795
508.3815,508.3976,26328.0,29199.0,Nyctalus leisleri,0.408,0.525,-1,Echolocation,/mnt/ubna_data_01_mir/recover-20220818/UBNA_006/20220818_110000.WAV,Central Pond,recover-20220818,006,1795
509.0505,509.0672,26328.0,29622.0,Nyctalus leisleri,0.235,0.345,-1,Echolocation,/mnt/ubna_data_01_mir/recover-20220818/UBNA_006/20220818_110000.WAV,Central Pond,recover-20220818,006,1795
509.45550000000003,509.4757,25468.0,28235.0,Nyctalus leisleri,0.299,0.368,-1,Echolocation,/mnt/ubna_data_01_mir/recover-20220818/UBNA_006/20220818_110000.WAV,Central Pond,recover-20220818,006,1795
510.8825,510.898,25468.0,30112.0,Nyctalus leisleri,0.282,0.413,-1,Echolocation,/mnt/ubna_data_01_mir/recover-20220818/UBNA_006/20220818_110000.WAV,Central Pond,recover-20220818,006,1795
511.5825,511.5985,25468.0,30288.0,Nyctalus leisleri,0.127,0.22,-1,Echolocation,/mnt/ubna_data_01_mir/recover-20220818/UBNA_006/20220818_110000.WAV,Central Pond,recover-20220818,006,1795
513.3295,513.3422,25468.0,29560.0,Nyctalus leisleri,0.194,0.351,-1,Echolocation,/mnt/ubna_data_01_mir/recover-20220818/UBNA_006/20220818_110000.WAV,Central Pond,recover-20220818,006,1795
514.6945,514.7086,25468.0,29715.0,Nyctalus leisleri,0.23,0.376,-1,Echolocation,/mnt/ubna_data_01_mir/recover-20220818/UBNA_006/20220818_110000.WAV,Central Pond,recover-20220818,006,1795
516.3055,516.3233,25468.0,29441.0,Nyctalus leisleri,0.118,0.204,-1,Echolocation,/mnt/ubna_data_01_mir/recover-20220818/UBNA_006/20220818_110000.WAV,Central Pond,recover-20220818,006,1795
519.0225,519.0387,26328.0,30451.0,Nyctalus leisleri,0.159,0.269,-1,Echolocation,/mnt/ubna_data_01_mir/recover-20220818/UBNA_006/20220818_110000.WAV,Central Pond,recover-20220818,006,1795
521.4945,521.5119,25468.0,30202.0,Nyctalus leisleri,0.119,0.225,-1,Echolocation,/mnt/ubna_data_01_mir/recover-20220818/UBNA_006/20220818_110000.WAV,Central Pond,recover-20220818,006,1795
553.8235,553.8354,23750.0,28724.0,Nyctalus leisleri,0.101,0.244,-1,Echolocation,/mnt/ubna_data_01_mir/recover-20220818/UBNA_006/20220818_110000.WAV,Central Pond,recover-20220818,006,1795
675.6485,675.6686,21171.0,24371.0,Nyctalus noctula,0.097,0.209,-1,Echolocation,/mnt/ubna_data_01_mir/recover-20220818/UBNA_006/20220818_110000.WAV,Central Pond,recover-20220818,006,1795
677.5595,677.5778,21171.0,25504.0,Nyctalus noctula,0.209,0.306,-1,Echolocation,/mnt/ubna_data_01_mir/recover-20220818/UBNA_006/20220818_110000.WAV,Central Pond,recover-20220818,006,1795
677.8395,677.8649,21171.0,25085.0,Nyctalus noctula,0.135,0.219,-1,Echolocation,/mnt/ubna_data_01_mir/recover-20220818/UBNA_006/20220818_110000.WAV,Central Pond,recover-20220818,006,1795
678.2225,678.2443,21171.0,25035.0,Nyctalus noctula,0.22,0.321,-1,Echolocation,/mnt/ubna_data_01_mir/recover-20220818/UBNA_006/20220818_110000.WAV,Central Pond,recover-20220818,006,1795
678.6575,678.6782,22890.0,26827.0,Nyctalus leisleri,0.219,0.317,-1,Echolocation,/mnt/ubna_data_01_mir/recover-20220818/UBNA_006/20220818_110000.WAV,Central Pond,recover-20220818,006,1795
679.3965,679.4158,22031.0,25663.0,Nyctalus leisleri,0.189,0.279,-1,Echolocation,/mnt/ubna_data_01_mir/recover-20220818/UBNA_006/20220818_110000.WAV,Central Pond,recover-20220818,006,1795
679.8255,679.8463,20312.0,24384.0,Nyctalus noctula,0.126,0.201,-1,Echolocation,/mnt/ubna_data_01_mir/recover-20220818/UBNA_006/20220818_110000.WAV,Central Pond,recover-20220818,006,1795
680.4095,680.4276,22031.0,26180.0,Nyctalus leisleri,0.271,0.417,-1,Echolocation,/mnt/ubna_data_01_mir/recover-20220818/UBNA_006/20220818_110000.WAV,Central Pond,recover-20220818,006,1795
680.8505,680.8732,21171.0,26462.0,Nyctalus noctula,0.205,0.421,-1,Echolocation,/mnt/ubna_data_01_mir/recover-20220818/UBNA_006/20220818_110000.WAV,Central Pond,recover-20220818,006,1795
681.1425,681.1675,22031.0,26440.0,Nyctalus leisleri,0.152,0.327,-1,Echolocation,/mnt/ubna_data_01_mir/recover-20220818/UBNA_006/20220818_110000.WAV,Central Pond,recover-20220818,006,1795
681.8195,681.8403,22031.0,26893.0,Nyctalus leisleri,0.222,0.347,-1,Echolocation,/mnt/ubna_data_01_mir/recover-20220818/UBNA_006/20220818_110000.WAV,Central Pond,recover-20220818,006,1795
682.5485,682.5696,22031.0,26161.0,Nyctalus leisleri,0.167,0.306,-1,Echolocation,/mnt/ubna_data_01_mir/recover-20220818/UBNA_006/20220818_110000.WAV,Central Pond,recover-20220818,006,1795
682.8325,682.8534,21171.0,24627.0,Nyctalus leisleri,0.175,0.315,-1,Echolocation,/mnt/ubna_data_01_mir/recover-20220818/UBNA_006/20220818_110000.WAV,Central Pond,recover-20220818,006,1795
683.2295,683.252,22031.0,27156.0,Nyctalus leisleri,0.178,0.355,-1,Echolocation,/mnt/ubna_data_01_mir/recover-20220818/UBNA_006/20220818_110000.WAV,Central Pond,recover-20220818,006,1795
685.1555,685.1696,23750.0,28337.0,Nyctalus leisleri,0.154,0.318,-1,Echolocation,/mnt/ubna_data_01_mir/recover-20220818/UBNA_006/20220818_110000.WAV,Central Pond,recover-20220818,006,1795
685.7345,685.7573,22031.0,26977.0,Nyctalus noctula,0.17,0.305,-1,Echolocation,/mnt/ubna_data_01_mir/recover-20220818/UBNA_006/20220818_110000.WAV,Central Pond,recover-20220818,006,1795
720.1565,720.1648,37500.0,42320.0,Pipistrellus nathusii,0.179,0.223,-1,Echolocation,/mnt/ubna_data_01_mir/recover-20220818/UBNA_006/20220818_110000.WAV,Central Pond,recover-20220818,006,1795
720.7115,720.7213,37500.0,44603.0,Pipistrellus nathusii,0.298,0.366,-1,Echolocation,/mnt/ubna_data_01_mir/recover-20220818/UBNA_006/20220818_110000.WAV,Central Pond,recover-20220818,006,1795
725.4255,725.4341,37500.0,48961.0,Pipistrellus nathusii,0.135,0.263,-1,Echolocation,/mnt/ubna_data_01_mir/recover-20220818/UBNA_006/20220818_110000.WAV,Central Pond,recover-20220818,006,1795
735.3435,735.3516,37500.0,47272.0,Pipistrellus nathusii,0.282,0.361,-1,Echolocation,/mnt/ubna_data_01_mir/recover-20220818/UBNA_006/20220818_110000.WAV,Central Pond,recover-20220818,006,1795
735.6215,735.6304,37500.0,46143.0,Pipistrellus nathusii,0.325,0.548,-1,Echolocation,/mnt/ubna_data_01_mir/recover-20220818/UBNA_006/20220818_110000.WAV,Central Pond,recover-20220818,006,1795
735.9175,735.927,37500.0,45242.0,Pipistrellus nathusii,0.459,0.527,-1,Echolocation,/mnt/ubna_data_01_mir/recover-20220818/UBNA_006/20220818_110000.WAV,Central Pond,recover-20220818,006,1795
746.0435,746.0532,39218.0,44728.0,Pipistrellus nathusii,0.243,0.269,-1,Echolocation,/mnt/ubna_data_01_mir/recover-20220818/UBNA_006/20220818_110000.WAV,Central Pond,recover-20220818,006,1795
746.6235,746.6371,41796.0,45245.0,Pipistrellus nathusii,0.238,0.249,-1,Echolocation,/mnt/ubna_data_01_mir/recover-20220818/UBNA_006/20220818_110000.WAV,Central Pond,recover-20220818,006,1795
746.7715,746.7812,38359.0,47331.0,Pipistrellus nathusii,0.463,0.56,-1,Echolocation,/mnt/ubna_data_01_mir/recover-20220818/UBNA_006/20220818_110000.WAV,Central Pond,recover-20220818,006,1795
746.8665,746.8729,40078.0,47676.0,Pipistrellus nathusii,0.35,0.383,-1,Echolocation,/mnt/ubna_data_01_mir/recover-20220818/UBNA_006/20220818_110000.WAV,Central Pond,recover-20220818,006,1795
746.9685,746.9761,38359.0,49265.0,Pipistrellus nathusii,0.484,0.54,-1,Echolocation,/mnt/ubna_data_01_mir/recover-20220818/UBNA_006/20220818_110000.WAV,Central Pond,recover-20220818,006,1795
747.1375,747.1454,39218.0,44498.0,Pipistrellus nathusii,0.319,0.347,-1,Echolocation,/mnt/ubna_data_01_mir/recover-20220818/UBNA_006/20220818_110000.WAV,Central Pond,recover-20220818,006,1795
747.2415,747.2494,38359.0,46165.0,Pipistrellus nathusii,0.589,0.628,-1,Echolocation,/mnt/ubna_data_01_mir/recover-20220818/UBNA_006/20220818_110000.WAV,Central Pond,recover-20220818,006,1795
747.3425,747.349,39218.0,46793.0,Pipistrellus nathusii,0.369,0.46,-1,Echolocation,/mnt/ubna_data_01_mir/recover-20220818/UBNA_006/20220818_110000.WAV,Central Pond,recover-20220818,006,1795
747.4435,747.4516,39218.0,48386.0,Pipistrellus nathusii,0.536,0.609,-1,Echolocation,/mnt/ubna_data_01_mir/recover-20220818/UBNA_006/20220818_110000.WAV,Central Pond,recover-20220818,006,1795
747.5365,747.5449,40078.0,48531.0,Pipistrellus nathusii,0.559,0.65,-1,Echolocation,/mnt/ubna_data_01_mir/recover-20220818/UBNA_006/20220818_110000.WAV,Central Pond,recover-20220818,006,1795
747.6395,747.647,38359.0,48343.0,Pipistrellus nathusii,0.484,0.546,-1,Echolocation,/mnt/ubna_data_01_mir/recover-20220818/UBNA_006/20220818_110000.WAV,Central Pond,recover-20220818,006,1795
747.7415,747.7498,38359.0,47445.0,Pipistrellus nathusii,0.592,0.638,-1,Echolocation,/mnt/ubna_data_01_mir/recover-20220818/UBNA_006/20220818_110000.WAV,Central Pond,recover-20220818,006,1795
747.8435,747.8524,38359.0,50867.0,Pipistrellus nathusii,0.6,0.662,-1,Echolocation,/mnt/ubna_data_01_mir/recover-20220818/UBNA_006/20220818_110000.WAV,Central Pond,recover-20220818,006,1795
747.9455,747.9543,39218.0,49857.0,Pipistrellus nathusii,0.587,0.634,-1,Echolocation,/mnt/ubna_data_01_mir/recover-20220818/UBNA_006/20220818_110000.WAV,Central Pond,recover-20220818,006,1795
748.0475,748.0552,39218.0,52992.0,Pipistrellus nathusii,0.535,0.607,-1,Echolocation,/mnt/ubna_data_01_mir/recover-20220818/UBNA_006/20220818_110000.WAV,Central Pond,recover-20220818,006,1795
748.1465,748.1544,40078.0,49642.0,Pipistrellus nathusii,0.526,0.56,-1,Echolocation,/mnt/ubna_data_01_mir/recover-20220818/UBNA_006/20220818_110000.WAV,Central Pond,recover-20220818,006,1795
748.2505,748.2586,39218.0,51863.0,Pipistrellus nathusii,0.532,0.58,-1,Echolocation,/mnt/ubna_data_01_mir/recover-20220818/UBNA_006/20220818_110000.WAV,Central Pond,recover-20220818,006,1795
748.3525,748.3618,39218.0,54190.0,Pipistrellus nathusii,0.616,0.69,-1,Echolocation,/mnt/ubna_data_01_mir/recover-20220818/UBNA_006/20220818_110000.WAV,Central Pond,recover-20220818,006,1795
748.4555,748.4633,39218.0,55073.0,Pipistrellus nathusii,0.59,0.638,-1,Echolocation,/mnt/ubna_data_01_mir/recover-20220818/UBNA_006/20220818_110000.WAV,Central Pond,recover-20220818,006,1795
748.5465,748.5536,39218.0,52668.0,Pipistrellus nathusii,0.494,0.551,-1,Echolocation,/mnt/ubna_data_01_mir/recover-20220818/UBNA_006/20220818_110000.WAV,Central Pond,recover-20220818,006,1795
748.6575,748.6667,39218.0,53387.0,Pipistrellus nathusii,0.609,0.669,-1,Echolocation,/mnt/ubna_data_01_mir/recover-20220818/UBNA_006/20220818_110000.WAV,Central Pond,recover-20220818,006,1795
748.7605,748.7681,40078.0,53814.0,Pipistrellus nathusii,0.586,0.624,-1,Echolocation,/mnt/ubna_data_01_mir/recover-20220818/UBNA_006/20220818_110000.WAV,Central Pond,recover-20220818,006,1795
748.8615,748.87,40078.0,58701.0,Pipistrellus nathusii,0.689,0.715,-1,Echolocation,/mnt/ubna_data_01_mir/recover-20220818/UBNA_006/20220818_110000.WAV,Central Pond,recover-20220818,006,1795
748.9625,748.9728,38359.0,54571.0,Pipistrellus nathusii,0.587,0.627,-1,Echolocation,/mnt/ubna_data_01_mir/recover-20220818/UBNA_006/20220818_110000.WAV,Central Pond,recover-20220818,006,1795
749.0455,749.054,39218.0,54775.0,Pipistrellus nathusii,0.433,0.534,-1,Echolocation,/mnt/ubna_data_01_mir/recover-20220818/UBNA_006/20220818_110000.WAV,Central Pond,recover-20220818,006,1795
749.1455,749.1546,39218.0,54579.0,Pipistrellus nathusii,0.526,0.599,-1,Echolocation,/mnt/ubna_data_01_mir/recover-20220818/UBNA_006/20220818_110000.WAV,Central Pond,recover-20220818,006,1795
749.2565,749.2667,39218.0,52697.0,Pipistrellus nathusii,0.605,0.67,-1,Echolocation,/mnt/ubna_data_01_mir/recover-20220818/UBNA_006/20220818_110000.WAV,Central Pond,recover-20220818,006,1795
749.3635,749.3727,35781.0,53476.0,Pipistrellus nathusii,0.479,0.527,-1,Echolocation,/mnt/ubna_data_01_mir/recover-20220818/UBNA_006/20220818_110000.WAV,Central Pond,recover-20220818,006,1795
749.4665,749.4765,37500.0,54615.0,Pipistrellus nathusii,0.565,0.617,-1,Echolocation,/mnt/ubna_data_01_mir/recover-20220818/UBNA_006/20220818_110000.WAV,Central Pond,recover-20220818,006,1795
749.5715,749.5799,38359.0,58003.0,Pipistrellus nathusii,0.615,0.636,-1,Echolocation,/mnt/ubna_data_01_mir/recover-20220818/UBNA_006/20220818_110000.WAV,Central Pond,recover-20220818,006,1795
749.6785,749.687,38359.0,56838.0,Pipistrellus nathusii,0.609,0.685,-1,Echolocation,/mnt/ubna_data_01_mir/recover-20220818/UBNA_006/20220818_110000.WAV,Central Pond,recover-20220818,006,1795
749.7795,749.789,38359.0,58653.0,Pipistrellus nathusii,0.6,0.648,-1,Echolocation,/mnt/ubna_data_01_mir/recover-20220818/UBNA_006/20220818_110000.WAV,Central Pond,recover-20220818,006,1795
749.8835,749.8941,38359.0,54168.0,Pipistrellus nathusii,0.638,0.673,-1,Echolocation,/mnt/ubna_data_01_mir/recover-20220818/UBNA_006/20220818_110000.WAV,Central Pond,recover-20220818,006,1795
749.9795,749.989,37500.0,56552.0,Pipistrellus nathusii,0.572,0.619,-1,Echolocation,/mnt/ubna_data_01_mir/recover-20220818/UBNA_006/20220818_110000.WAV,Central Pond,recover-20220818,006,1795
750.0755,750.0849,38359.0,55109.0,Pipistrellus nathusii,0.464,0.515,-1,Echolocation,/mnt/ubna_data_01_mir/recover-20220818/UBNA_006/20220818_110000.WAV,Central Pond,recover-20220818,006,1795
750.1815,750.1893,38359.0,51506.0,Pipistrellus nathusii,0.673,0.688,-1,Echolocation,/mnt/ubna_data_01_mir/recover-20220818/UBNA_006/20220818_110000.WAV,Central Pond,recover-20220818,006,1795
750.2805,750.2893,37500.0,59715.0,Pipistrellus nathusii,0.57,0.619,-1,Echolocation,/mnt/ubna_data_01_mir/recover-20220818/UBNA_006/20220818_110000.WAV,Central Pond,recover-20220818,006,1795
750.3865,750.3953,37500.0,55865.0,Pipistrellus nathusii,0.586,0.647,-1,Echolocation,/mnt/ubna_data_01_mir/recover-20220818/UBNA_006/20220818_110000.WAV,Central Pond,recover-20220818,006,1795
750.4905,750.4987,37500.0,58775.0,Pipistrellus nathusii,0.57,0.596,-1,Echolocation,/mnt/ubna_data_01_mir/recover-20220818/UBNA_006/20220818_110000.WAV,Central Pond,recover-20220818,006,1795
750.5905,750.5993,38359.0,61109.0,Pipistrellus nathusii,0.649,0.697,-1,Echolocation,/mnt/ubna_data_01_mir/recover-20220818/UBNA_006/20220818_110000.WAV,Central Pond,recover-20220818,006,1795
750.6985,750.7076,37500.0,49720.0,Pipistrellus nathusii,0.477,0.515,-1,Echolocation,/mnt/ubna_data_01_mir/recover-20220818/UBNA_006/20220818_110000.WAV,Central Pond,recover-20220818,006,1795
750.7985,750.8079,37500.0,63014.0,Pipistrellus nathusii,0.488,0.566,-1,Echolocation,/mnt/ubna_data_01_mir/recover-20220818/UBNA_006/20220818_110000.WAV,Central Pond,recover-20220818,006,1795
750.8885,750.8973,37500.0,60841.0,Pipistrellus nathusii,0.488,0.552,-1,Echolocation,/mnt/ubna_data_01_mir/recover-20220818/UBNA_006/20220818_110000.WAV,Central Pond,recover-20220818,006,1795
750.9775,750.9851,38359.0,50769.0,Pipistrellus nathusii,0.609,0.638,-1,Echolocation,/mnt/ubna_data_01_mir/recover-20220818/UBNA_006/20220818_110000.WAV,Central Pond,recover-20220818,006,1795
751.0665,751.0775,37500.0,59681.0,Pipistrellus nathusii,0.468,0.551,-1,Echolocation,/mnt/ubna_data_01_mir/recover-20220818/UBNA_006/20220818_110000.WAV,Central Pond,recover-20220818,006,1795
751.1615,751.1713,38359.0,57606.0,Pipistrellus nathusii,0.453,0.574,-1,Echolocation,/mnt/ubna_data_01_mir/recover-20220818/UBNA_006/20220818_110000.WAV,Central Pond,recover-20220818,006,1795
751.2545,751.265,39218.0,57375.0,Pipistrellus nathusii,0.525,0.618,-1,Echolocation,/mnt/ubna_data_01_mir/recover-20220818/UBNA_006/20220818_110000.WAV,Central Pond,recover-20220818,006,1795
751.3545,751.3649,39218.0,60920.0,Pipistrellus nathusii,0.544,0.593,-1,Echolocation,/mnt/ubna_data_01_mir/recover-20220818/UBNA_006/20220818_110000.WAV,Central Pond,recover-20220818,006,1795
751.4565,751.4663,38359.0,56413.0,Pipistrellus nathusii,0.624,0.654,-1,Echolocation,/mnt/ubna_data_01_mir/recover-20220818/UBNA_006/20220818_110000.WAV,Central Pond,recover-20220818,006,1795
751.5605,751.5687,39218.0,50304.0,Pipistrellus nathusii,0.576,0.589,-1,Echolocation,/mnt/ubna_data_01_mir/recover-20220818/UBNA_006/20220818_110000.WAV,Central Pond,recover-20220818,006,1795
751.6585,751.6683,37500.0,52523.0,Pipistrellus nathusii,0.49,0.522,-1,Echolocation,/mnt/ubna_data_01_mir/recover-20220818/UBNA_006/20220818_110000.WAV,Central Pond,recover-20220818,006,1795
751.7645,751.7729,44375.0,47664.0,Pipistrellus pipistrellus,0.214,0.318,-1,Echolocation,/mnt/ubna_data_01_mir/recover-20220818/UBNA_006/20220818_110000.WAV,Central Pond,recover-20220818,006,1795
751.8495,751.8616,38359.0,50157.0,Pipistrellus nathusii,0.368,0.434,-1,Echolocation,/mnt/ubna_data_01_mir/recover-20220818/UBNA_006/20220818_110000.WAV,Central Pond,recover-20220818,006,1795
751.8575,751.866,40078.0,46757.0,Pipistrellus nathusii,0.231,0.253,-1,Echolocation,/mnt/ubna_data_01_mir/recover-20220818/UBNA_006/20220818_110000.WAV,Central Pond,recover-20220818,006,1795
751.9205,751.9264,45234.0,51705.0,Pipistrellus pipistrellus,0.142,0.282,-1,Echolocation,/mnt/ubna_data_01_mir/recover-20220818/UBNA_006/20220818_110000.WAV,Central Pond,recover-20220818,006,1795
751.9495,751.9581,39218.0,52156.0,Pipistrellus nathusii,0.612,0.667,-1,Echolocation,/mnt/ubna_data_01_mir/recover-20220818/UBNA_006/20220818_110000.WAV,Central Pond,recover-20220818,006,1795
752.0015,752.0104,43515.0,48157.0,Pipistrellus nathusii,0.188,0.213,-1,Echolocation,/mnt/ubna_data_01_mir/recover-20220818/UBNA_006/20220818_110000.WAV,Central Pond,recover-20220818,006,1795
752.0545,752.0636,37500.0,46584.0,Pipistrellus nathusii,0.33,0.428,-1,Echolocation,/mnt/ubna_data_01_mir/recover-20220818/UBNA_006/20220818_110000.WAV,Central Pond,recover-20220818,006,1795
752.1595,752.1696,37500.0,47254.0,Pipistrellus nathusii,0.385,0.438,-1,Echolocation,/mnt/ubna_data_01_mir/recover-20220818/UBNA_006/20220818_110000.WAV,Central Pond,recover-20220818,006,1795
752.2565,752.267,38359.0,48652.0,Pipistrellus nathusii,0.532,0.561,-1,Echolocation,/mnt/ubna_data_01_mir/recover-20220818/UBNA_006/20220818_110000.WAV,Central Pond,recover-20220818,006,1795
752.4415,752.4528,38359.0,45131.0,Pipistrellus nathusii,0.303,0.321,-1,Echolocation,/mnt/ubna_data_01_mir/recover-20220818/UBNA_006/20220818_110000.WAV,Central Pond,recover-20220818,006,1795
752.5425,752.5528,38359.0,48179.0,Pipistrellus nathusii,0.306,0.34,-1,Echolocation,/mnt/ubna_data_01_mir/recover-20220818/UBNA_006/20220818_110000.WAV,Central Pond,recover-20220818,006,1795
752.7295,752.7402,38359.0,50243.0,Pipistrellus nathusii,0.515,0.539,-1,Echolocation,/mnt/ubna_data_01_mir/recover-20220818/UBNA_006/20220818_110000.WAV,Central Pond,recover-20220818,006,1795
752.9285,752.9385,38359.0,43805.0,Pipistrellus nathusii,0.4,0.418,-1,Echolocation,/mnt/ubna_data_01_mir/recover-20220818/UBNA_006/20220818_110000.WAV,Central Pond,recover-20220818,006,1795
753.1305,753.14,38359.0,45050.0,Pipistrellus nathusii,0.462,0.485,-1,Echolocation,/mnt/ubna_data_01_mir/recover-20220818/UBNA_006/20220818_110000.WAV,Central Pond,recover-20220818,006,1795
755.0005,755.009,44375.0,50024.0,Pipistrellus pipistrellus,0.233,0.249,-1,Echolocation,/mnt/ubna_data_01_mir/recover-20220818/UBNA_006/20220818_110000.WAV,Central Pond,recover-20220818,006,1795
755.0775,755.0875,44375.0,52336.0,Pipistrellus pipistrellus,0.376,0.522,-1,Echolocation,/mnt/ubna_data_01_mir/recover-20220818/UBNA_006/20220818_110000.WAV,Central Pond,recover-20220818,006,1795
755.1515,755.1588,44375.0,50953.0,Pipistrellus pipistrellus,0.325,0.359,-1,Echolocation,/mnt/ubna_data_01_mir/recover-20220818/UBNA_006/20220818_110000.WAV,Central Pond,recover-20220818,006,1795
755.2395,755.2476,43515.0,51203.0,Pipistrellus pipistrellus,0.303,0.409,-1,Echolocation,/mnt/ubna_data_01_mir/recover-20220818/UBNA_006/20220818_110000.WAV,Central Pond,recover-20220818,006,1795
755.4165,755.4269,43515.0,54605.0,Pipistrellus pipistrellus,0.315,0.486,-1,Echolocation,/mnt/ubna_data_01_mir/recover-20220818/UBNA_006/20220818_110000.WAV,Central Pond,recover-20220818,006,1795
755.7755,755.7839,43515.0,48329.0,Pipistrellus pipistrellus,0.286,0.389,-1,Echolocation,/mnt/ubna_data_01_mir/recover-20220818/UBNA_006/20220818_110000.WAV,Central Pond,recover-20220818,006,1795
755.9425,755.9542,43515.0,56890.0,Pipistrellus pipistrellus,0.185,0.474,-1,Echolocation,/mnt/ubna_data_01_mir/recover-20220818/UBNA_006/20220818_110000.WAV,Central Pond,recover-20220818,006,1795
756.0395,756.0503,44375.0,54318.0,Pipistrellus pipistrellus,0.338,0.458,-1,Echolocation,/mnt/ubna_data_01_mir/recover-20220818/UBNA_006/20220818_110000.WAV,Central Pond,recover-20220818,006,1795
756.2155,756.224,44375.0,57885.0,Pipistrellus pipistrellus,0.47,0.572,-1,Echolocation,/mnt/ubna_data_01_mir/recover-20220818/UBNA_006/20220818_110000.WAV,Central Pond,recover-20220818,006,1795
756.4935,756.5031,41796.0,56355.0,Pipistrellus pipistrellus,0.242,0.307,-1,Echolocation,/mnt/ubna_data_01_mir/recover-20220818/UBNA_006/20220818_110000.WAV,Central Pond,recover-20220818,006,1795
756.4995,756.5104,44375.0,57785.0,Pipistrellus pipistrellus,0.315,0.432,-1,Echolocation,/mnt/ubna_data_01_mir/recover-20220818/UBNA_006/20220818_110000.WAV,Central Pond,recover-20220818,006,1795
756.5975,756.6077,43515.0,48657.0,Pipistrellus pipistrellus,0.422,0.582,-1,Echolocation,/mnt/ubna_data_01_mir/recover-20220818/UBNA_006/20220818_110000.WAV,Central Pond,recover-20220818,006,1795
756.7725,756.7829,44375.0,57125.0,Pipistrellus pipistrellus,0.456,0.639,-1,Echolocation,/mnt/ubna_data_01_mir/recover-20220818/UBNA_006/20220818_110000.WAV,Central Pond,recover-20220818,006,1795
756.8775,756.8895,43515.0,53834.0,Pipistrellus pipistrellus,0.385,0.497,-1,Echolocation,/mnt/ubna_data_01_mir/recover-20220818/UBNA_006/20220818_110000.WAV,Central Pond,recover-20220818,006,1795
756.9685,756.9815,43515.0,58592.0,Pipistrellus pipistrellus,0.398,0.55,-1,Echolocation,/mnt/ubna_data_01_mir/recover-20220818/UBNA_006/20220818_110000.WAV,Central Pond,recover-20220818,006,1795
757.0695,757.0862,43515.0,48323.0,Pipistrellus pipistrellus,0.167,0.212,-1,Echolocation,/mnt/ubna_data_01_mir/recover-20220818/UBNA_006/20220818_110000.WAV,Central Pond,recover-20220818,006,1795
757.1385,757.1484,44375.0,53707.0,Pipistrellus pipistrellus,0.426,0.479,-1,Echolocation,/mnt/ubna_data_01_mir/recover-20220818/UBNA_006/20220818_110000.WAV,Central Pond,recover-20220818,006,1795
757.2145,757.2259,44375.0,49900.0,Pipistrellus pipistrellus,0.405,0.447,-1,Echolocation,/mnt/ubna_data_01_mir/recover-20220818/UBNA_006/20220818_110000.WAV,Central Pond,recover-20220818,006,1795
757.2955,757.3062,43515.0,58717.0,Pipistrellus pipistrellus,0.462,0.565,-1,Echolocation,/mnt/ubna_data_01_mir/recover-20220818/UBNA_006/20220818_110000.WAV,Central Pond,recover-20220818,006,1795
757.4875,757.4974,43515.0,49176.0,Pipistrellus pipistrellus,0.526,0.664,-1,Echolocation,/mnt/ubna_data_01_mir/recover-20220818/UBNA_006/20220818_110000.WAV,Central Pond,recover-20220818,006,1795
757.5725,757.5828,42656.0,60981.0,Pipistrellus pipistrellus,0.472,0.587,-1,Echolocation,/mnt/ubna_data_01_mir/recover-20220818/UBNA_006/20220818_110000.WAV,Central Pond,recover-20220818,006,1795
757.6725,757.6843,43515.0,52137.0,Pipistrellus pipistrellus,0.327,0.423,-1,Echolocation,/mnt/ubna_data_01_mir/recover-20220818/UBNA_006/20220818_110000.WAV,Central Pond,recover-20220818,006,1795
757.8525,757.8757,43515.0,46920.0,Pipistrellus pipistrellus,0.202,0.227,-1,Echolocation,/mnt/ubna_data_01_mir/recover-20220818/UBNA_006/20220818_110000.WAV,Central Pond,recover-20220818,006,1795
757.9305,757.943,43515.0,56400.0,Pipistrellus pipistrellus,0.295,0.448,-1,Echolocation,/mnt/ubna_data_01_mir/recover-20220818/UBNA_006/20220818_110000.WAV,Central Pond,recover-20220818,006,1795
758.2035,758.2171,44375.0,57401.0,Pipistrellus pipistrellus,0.222,0.394,-1,Echolocation,/mnt/ubna_data_01_mir/recover-20220818/UBNA_006/20220818_110000.WAV,Central Pond,recover-20220818,006,1795
758.3835,758.399,44375.0,50234.0,Pipistrellus pipistrellus,0.178,0.223,-1,Echolocation,/mnt/ubna_data_01_mir/recover-20220818/UBNA_006/20220818_110000.WAV,Central Pond,recover-20220818,006,1795
758.4675,758.4792,44375.0,60812.0,Pipistrellus pipistrellus,0.198,0.446,-1,Echolocation,/mnt/ubna_data_01_mir/recover-20220818/UBNA_006/20220818_110000.WAV,Central Pond,recover-20220818,006,1795
758.6475,758.6569,43515.0,56424.0,Pipistrellus pipistrellus,0.278,0.498,-1,Echolocation,/mnt/ubna_data_01_mir/recover-20220818/UBNA_006/20220818_110000.WAV,Central Pond,recover-20220818,006,1795
758.8265,758.8378,43515.0,52534.0,Pipistrellus pipistrellus,0.28,0.442,-1,Echolocation,/mnt/ubna_data_01_mir/recover-20220818/UBNA_006/20220818_110000.WAV,Central Pond,recover-20220818,006,1795
770.0955,770.1142,24609.0,29276.0,Nyctalus leisleri,0.127,0.259,-1,Echolocation,/mnt/ubna_data_01_mir/recover-20220818/UBNA_006/20220818_110000.WAV,Central Pond,recover-20220818,006,1795
770.1045,770.1233,22890.0,26771.0,Nyctalus leisleri,0.133,0.231,-1,Echolocation,/mnt/ubna_data_01_mir/recover-20220818/UBNA_006/20220818_110000.WAV,Central Pond,recover-20220818,006,1795
771.2155,771.2332,23750.0,28968.0,Nyctalus leisleri,0.227,0.421,-1,Echolocation,/mnt/ubna_data_01_mir/recover-20220818/UBNA_006/20220818_110000.WAV,Central Pond,recover-20220818,006,1795
772.3075,772.3292,22890.0,26666.0,Nyctalus leisleri,0.217,0.305,-1,Echolocation,/mnt/ubna_data_01_mir/recover-20220818/UBNA_006/20220818_110000.WAV,Central Pond,recover-20220818,006,1795
772.5755,772.6007,23750.0,27821.0,Nyctalus leisleri,0.281,0.363,-1,Echolocation,/mnt/ubna_data_01_mir/recover-20220818/UBNA_006/20220818_110000.WAV,Central Pond,recover-20220818,006,1795
772.9955,773.018,23750.0,27287.0,Nyctalus leisleri,0.221,0.281,-1,Echolocation,/mnt/ubna_data_01_mir/recover-20220818/UBNA_006/20220818_110000.WAV,Central Pond,recover-20220818,006,1795
773.2855,773.3027,24609.0,27827.0,Nyctalus leisleri,0.34,0.468,-1,Echolocation,/mnt/ubna_data_01_mir/recover-20220818/UBNA_006/20220818_110000.WAV,Central Pond,recover-20220818,006,1795
773.5825,773.6017,22890.0,26496.0,Nyctalus leisleri,0.25,0.368,-1,Echolocation,/mnt/ubna_data_01_mir/recover-20220818/UBNA_006/20220818_110000.WAV,Central Pond,recover-20220818,006,1795
773.8585,773.8844,23750.0,27548.0,Nyctalus leisleri,0.27,0.38,-1,Echolocation,/mnt/ubna_data_01_mir/recover-20220818/UBNA_006/20220818_110000.WAV,Central Pond,recover-20220818,006,1795
774.1415,774.1624,24609.0,27433.0,Nyctalus leisleri,0.335,0.39,-1,Echolocation,/mnt/ubna_data_01_mir/recover-20220818/UBNA_006/20220818_110000.WAV,Central Pond,recover-20220818,006,1795
774.5815,774.6007,22890.0,25169.0,Nyctalus leisleri,0.392,0.418,-1,Echolocation,/mnt/ubna_data_01_mir/recover-20220818/UBNA_006/20220818_110000.WAV,Central Pond,recover-20220818,006,1795
774.8565,774.8828,23750.0,27242.0,Nyctalus leisleri,0.32,0.376,-1,Echolocation,/mnt/ubna_data_01_mir/recover-20220818/UBNA_006/20220818_110000.WAV,Central Pond,recover-20220818,006,1795
775.2755,775.2947,22890.0,26606.0,Nyctalus leisleri,0.339,0.438,-1,Echolocation,/mnt/ubna_data_01_mir/recover-20220818/UBNA_006/20220818_110000.WAV,Central Pond,recover-20220818,006,1795
775.6895,775.7109,23750.0,26445.0,Nyctalus leisleri,0.415,0.465,-1,Echolocation,/mnt/ubna_data_01_mir/recover-20220818/UBNA_006/20220818_110000.WAV,Central Pond,recover-20220818,006,1795
776.1255,776.1497,23750.0,26497.0,Nyctalus leisleri,0.314,0.35,-1,Echolocation,/mnt/ubna_data_01_mir/recover-20220818/UBNA_006/20220818_110000.WAV,Central Pond,recover-20220818,006,1795
776.5415,776.5671,23750.0,27236.0,Nyctalus leisleri,0.135,0.223,-1,Echolocation,/mnt/ubna_data_01_mir/recover-20220818/UBNA_006/20220818_110000.WAV,Central Pond,recover-20220818,006,1795
776.5585,776.5748,22890.0,24557.0,Nyctalus leisleri,0.248,0.26,-1,Echolocation,/mnt/ubna_data_01_mir/recover-20220818/UBNA_006/20220818_110000.WAV,Central Pond,recover-20220818,006,1795
776.9705,776.996,22890.0,26694.0,Nyctalus leisleri,0.249,0.331,-1,Echolocation,/mnt/ubna_data_01_mir/recover-20220818/UBNA_006/20220818_110000.WAV,Central Pond,recover-20220818,006,1795
777.3965,777.426,22890.0,26667.0,Nyctalus leisleri,0.154,0.265,-1,Echolocation,/mnt/ubna_data_01_mir/recover-20220818/UBNA_006/20220818_110000.WAV,Central Pond,recover-20220818,006,1795
777.7075,777.7316,22890.0,27197.0,Nyctalus leisleri,0.197,0.311,-1,Echolocation,/mnt/ubna_data_01_mir/recover-20220818/UBNA_006/20220818_110000.WAV,Central Pond,recover-20220818,006,1795
778.0055,778.0262,22031.0,25692.0,Nyctalus leisleri,0.362,0.393,-1,Echolocation,/mnt/ubna_data_01_mir/recover-20220818/UBNA_006/20220818_110000.WAV,Central Pond,recover-20220818,006,1795
778.4575,778.4788,22890.0,26333.0,Nyctalus leisleri,0.402,0.467,-1,Echolocation,/mnt/ubna_data_01_mir/recover-20220818/UBNA_006/20220818_110000.WAV,Central Pond,recover-20220818,006,1795
778.7385,778.7643,22890.0,27327.0,Nyctalus leisleri,0.185,0.269,-1,Echolocation,/mnt/ubna_data_01_mir/recover-20220818/UBNA_006/20220818_110000.WAV,Central Pond,recover-20220818,006,1795
779.0235,779.0467,23750.0,26421.0,Nyctalus leisleri,0.296,0.341,-1,Echolocation,/mnt/ubna_data_01_mir/recover-20220818/UBNA_006/20220818_110000.WAV,Central Pond,recover-20220818,006,1795
779.4455,779.4726,22890.0,27149.0,Nyctalus leisleri,0.157,0.253,-1,Echolocation,/mnt/ubna_data_01_mir/recover-20220818/UBNA_006/20220818_110000.WAV,Central Pond,recover-20220818,006,1795
780.0165,780.0376,22890.0,26627.0,Nyctalus leisleri,0.357,0.412,-1,Echolocation,/mnt/ubna_data_01_mir/recover-20220818/UBNA_006/20220818_110000.WAV,Central Pond,recover-20220818,006,1795
780.7325,780.7546,22890.0,26403.0,Nyctalus leisleri,0.42,0.458,-1,Echolocation,/mnt/ubna_data_01_mir/recover-20220818/UBNA_006/20220818_110000.WAV,Central Pond,recover-20220818,006,1795
781.4845,781.508,22890.0,26628.0,Nyctalus leisleri,0.338,0.381,-1,Echolocation,/mnt/ubna_data_01_mir/recover-20220818/UBNA_006/20220818_110000.WAV,Central Pond,recover-20220818,006,1795
785.5975,785.6206,22890.0,26950.0,Nyctalus leisleri,0.213,0.334,-1,Echolocation,/mnt/ubna_data_01_mir/recover-20220818/UBNA_006/20220818_110000.WAV,Central Pond,recover-20220818,006,1795
786.7875,786.8119,22890.0,26396.0,Nyctalus leisleri,0.293,0.354,-1,Echolocation,/mnt/ubna_data_01_mir/recover-20220818/UBNA_006/20220818_110000.WAV,Central Pond,recover-20220818,006,1795
788.8415,788.862,22890.0,26857.0,Nyctalus leisleri,0.157,0.277,-1,Echolocation,/mnt/ubna_data_01_mir/recover-20220818/UBNA_006/20220818_110000.WAV,Central Pond,recover-20220818,006,1795
813.3925,813.4162,23750.0,27984.0,Nyctalus leisleri,0.219,0.309,-1,Echolocation,/mnt/ubna_data_01_mir/recover-20220818/UBNA_006/20220818_110000.WAV,Central Pond,recover-20220818,006,1795
813.9305,813.9569,22890.0,27555.0,Nyctalus leisleri,0.19,0.312,-1,Echolocation,/mnt/ubna_data_01_mir/recover-20220818/UBNA_006/20220818_110000.WAV,Central Pond,recover-20220818,006,1795
814.4755,814.4989,23750.0,28055.0,Nyctalus leisleri,0.314,0.433,-1,Echolocation,/mnt/ubna_data_01_mir/recover-20220818/UBNA_006/20220818_110000.WAV,Central Pond,recover-20220818,006,1795
814.8905,814.9152,24609.0,27895.0,Nyctalus leisleri,0.191,0.297,-1,Echolocation,/mnt/ubna_data_01_mir/recover-20220818/UBNA_006/20220818_110000.WAV,Central Pond,recover-20220818,006,1795
815.3065,815.3342,23750.0,27118.0,Nyctalus leisleri,0.245,0.311,-1,Echolocation,/mnt/ubna_data_01_mir/recover-20220818/UBNA_006/20220818_110000.WAV,Central Pond,recover-20220818,006,1795
816.0015,816.0183,22031.0,27222.0,Nyctalus noctula,0.141,0.348,-1,Echolocation,/mnt/ubna_data_01_mir/recover-20220818/UBNA_006/20220818_110000.WAV,Central Pond,recover-20220818,006,1795
816.2795,816.3067,23750.0,27498.0,Nyctalus leisleri,0.308,0.393,-1,Echolocation,/mnt/ubna_data_01_mir/recover-20220818/UBNA_006/20220818_110000.WAV,Central Pond,recover-20220818,006,1795
816.9665,816.9926,22890.0,26031.0,Nyctalus leisleri,0.286,0.331,-1,Echolocation,/mnt/ubna_data_01_mir/recover-20220818/UBNA_006/20220818_110000.WAV,Central Pond,recover-20220818,006,1795
817.3865,817.4092,22031.0,25928.0,Nyctalus noctula,0.169,0.26,-1,Echolocation,/mnt/ubna_data_01_mir/recover-20220818/UBNA_006/20220818_110000.WAV,Central Pond,recover-20220818,006,1795
818.0315,818.0542,24609.0,28346.0,Nyctalus leisleri,0.144,0.213,-1,Echolocation,/mnt/ubna_data_01_mir/recover-20220818/UBNA_006/20220818_110000.WAV,Central Pond,recover-20220818,006,1795
818.2175,818.2385,23750.0,28631.0,Nyctalus leisleri,0.264,0.371,-1,Echolocation,/mnt/ubna_data_01_mir/recover-20220818/UBNA_006/20220818_110000.WAV,Central Pond,recover-20220818,006,1795
818.7585,818.7819,24609.0,27648.0,Nyctalus leisleri,0.279,0.341,-1,Echolocation,/mnt/ubna_data_01_mir/recover-20220818/UBNA_006/20220818_110000.WAV,Central Pond,recover-20220818,006,1795
819.3095,819.335,23750.0,27432.0,Nyctalus leisleri,0.196,0.282,-1,Echolocation,/mnt/ubna_data_01_mir/recover-20220818/UBNA_006/20220818_110000.WAV,Central Pond,recover-20220818,006,1795
820.0125,820.0332,22890.0,25732.0,Nyctalus leisleri,0.25,0.32,-1,Echolocation,/mnt/ubna_data_01_mir/recover-20220818/UBNA_006/20220818_110000.WAV,Central Pond,recover-20220818,006,1795
820.4185,820.441,22890.0,26576.0,Nyctalus leisleri,0.185,0.267,-1,Echolocation,/mnt/ubna_data_01_mir/recover-20220818/UBNA_006/20220818_110000.WAV,Central Pond,recover-20220818,006,1795
820.8355,820.8596,23750.0,27257.0,Nyctalus leisleri,0.312,0.38,-1,Echolocation,/mnt/ubna_data_01_mir/recover-20220818/UBNA_006/20220818_110000.WAV,Central Pond,recover-20220818,006,1795
821.0665,821.0867,24609.0,31527.0,Eptesicus serotinus,0.206,0.45,-1,Echolocation,/mnt/ubna_data_01_mir/recover-20220818/UBNA_006/20220818_110000.WAV,Central Pond,recover-20220818,006,1795
821.6545,821.6701,23750.0,27107.0,Nyctalus leisleri,0.404,0.507,-1,Echolocation,/mnt/ubna_data_01_mir/recover-20220818/UBNA_006/20220818_110000.WAV,Central Pond,recover-20220818,006,1795
822.4705,822.4901,24609.0,28097.0,Nyctalus leisleri,0.42,0.491,-1,Echolocation,/mnt/ubna_data_01_mir/recover-20220818/UBNA_006/20220818_110000.WAV,Central Pond,recover-20220818,006,1795
823.0135,823.0367,23750.0,27383.0,Nyctalus leisleri,0.285,0.402,-1,Echolocation,/mnt/ubna_data_01_mir/recover-20220818/UBNA_006/20220818_110000.WAV,Central Pond,recover-20220818,006,1795
823.7295,823.7508,22890.0,27381.0,Nyctalus leisleri,0.197,0.3,-1,Echolocation,/mnt/ubna_data_01_mir/recover-20220818/UBNA_006/20220818_110000.WAV,Central Pond,recover-20220818,006,1795
824.1555,824.1782,23750.0,27529.0,Nyctalus leisleri,0.147,0.218,-1,Echolocation,/mnt/ubna_data_01_mir/recover-20220818/UBNA_006/20220818_110000.WAV,Central Pond,recover-20220818,006,1795
824.6935,824.7098,22031.0,26453.0,Nyctalus leisleri,0.296,0.445,-1,Echolocation,/mnt/ubna_data_01_mir/recover-20220818/UBNA_006/20220818_110000.WAV,Central Pond,recover-20220818,006,1795
825.1465,825.1652,23750.0,28333.0,Nyctalus leisleri,0.137,0.239,-1,Echolocation,/mnt/ubna_data_01_mir/recover-20220818/UBNA_006/20220818_110000.WAV,Central Pond,recover-20220818,006,1795
825.8395,825.8599,23750.0,28248.0,Nyctalus leisleri,0.37,0.497,-1,Echolocation,/mnt/ubna_data_01_mir/recover-20220818/UBNA_006/20220818_110000.WAV,Central Pond,recover-20220818,006,1795
826.2764999999999,826.3004,23750.0,28096.0,Nyctalus leisleri,0.264,0.372,-1,Echolocation,/mnt/ubna_data_01_mir/recover-20220818/UBNA_006/20220818_110000.WAV,Central Pond,recover-20220818,006,1795
826.6935,826.7176,23750.0,28456.0,Nyctalus leisleri,0.236,0.366,-1,Echolocation,/mnt/ubna_data_01_mir/recover-20220818/UBNA_006/20220818_110000.WAV,Central Pond,recover-20220818,006,1795
827.6945,827.7195,23750.0,28062.0,Nyctalus leisleri,0.181,0.301,-1,Echolocation,/mnt/ubna_data_01_mir/recover-20220818/UBNA_006/20220818_110000.WAV,Central Pond,recover-20220818,006,1795
828.8185,828.8374,22890.0,27735.0,Nyctalus leisleri,0.188,0.374,-1,Echolocation,/mnt/ubna_data_01_mir/recover-20220818/UBNA_006/20220818_110000.WAV,Central Pond,recover-20220818,006,1795
838.5335,838.5418,39218.0,45849.0,Pipistrellus nathusii,0.365,0.457,-1,Echolocation,/mnt/ubna_data_01_mir/recover-20220818/UBNA_006/20220818_110000.WAV,Central Pond,recover-20220818,006,1795
838.8405,838.8493,38359.0,46606.0,Pipistrellus nathusii,0.481,0.578,-1,Echolocation,/mnt/ubna_data_01_mir/recover-20220818/UBNA_006/20220818_110000.WAV,Central Pond,recover-20220818,006,1795
839.0445,839.0533,38359.0,48556.0,Pipistrellus nathusii,0.467,0.562,-1,Echolocation,/mnt/ubna_data_01_mir/recover-20220818/UBNA_006/20220818_110000.WAV,Central Pond,recover-20220818,006,1795
839.1675,839.175,40078.0,48199.0,Pipistrellus nathusii,0.408,0.467,-1,Echolocation,/mnt/ubna_data_01_mir/recover-20220818/UBNA_006/20220818_110000.WAV,Central Pond,recover-20220818,006,1795
839.2635,839.2717,39218.0,46349.0,Pipistrellus nathusii,0.494,0.541,-1,Echolocation,/mnt/ubna_data_01_mir/recover-20220818/UBNA_006/20220818_110000.WAV,Central Pond,recover-20220818,006,1795
839.4185,839.4277,38359.0,44319.0,Pipistrellus nathusii,0.292,0.328,-1,Echolocation,/mnt/ubna_data_01_mir/recover-20220818/UBNA_006/20220818_110000.WAV,Central Pond,recover-20220818,006,1795
839.6815,839.6905,39218.0,45419.0,Pipistrellus nathusii,0.181,0.224,-1,Echolocation,/mnt/ubna_data_01_mir/recover-20220818/UBNA_006/20220818_110000.WAV,Central Pond,recover-20220818,006,1795
887.6785,887.6867,39218.0,50694.0,Pipistrellus nathusii,0.386,0.536,-1,Echolocation,/mnt/ubna_data_01_mir/recover-20220818/UBNA_006/20220818_110000.WAV,Central Pond,recover-20220818,006,1795
887.8405,887.8481,39218.0,45965.0,Pipistrellus nathusii,0.188,0.355,-1,Echolocation,/mnt/ubna_data_01_mir/recover-20220818/UBNA_006/20220818_110000.WAV,Central Pond,recover-20220818,006,1795
887.9335,887.9415,38359.0,47690.0,Pipistrellus nathusii,0.457,0.578,-1,Echolocation,/mnt/ubna_data_01_mir/recover-20220818/UBNA_006/20220818_110000.WAV,Central Pond,recover-20220818,006,1795
888.1025,888.1113,39218.0,50161.0,Pipistrellus nathusii,0.482,0.568,-1,Echolocation,/mnt/ubna_data_01_mir/recover-20220818/UBNA_006/20220818_110000.WAV,Central Pond,recover-20220818,006,1795
888.1935,888.2015,40078.0,53881.0,Pipistrellus nathusii,0.464,0.608,-1,Echolocation,/mnt/ubna_data_01_mir/recover-20220818/UBNA_006/20220818_110000.WAV,Central Pond,recover-20220818,006,1795
888.2825,888.2911,40078.0,51926.0,Pipistrellus nathusii,0.447,0.53,-1,Echolocation,/mnt/ubna_data_01_mir/recover-20220818/UBNA_006/20220818_110000.WAV,Central Pond,recover-20220818,006,1795
888.3795,888.3884,39218.0,50848.0,Pipistrellus nathusii,0.589,0.623,-1,Echolocation,/mnt/ubna_data_01_mir/recover-20220818/UBNA_006/20220818_110000.WAV,Central Pond,recover-20220818,006,1795
888.5535,888.5612,40078.0,49382.0,Pipistrellus nathusii,0.608,0.641,-1,Echolocation,/mnt/ubna_data_01_mir/recover-20220818/UBNA_006/20220818_110000.WAV,Central Pond,recover-20220818,006,1795
888.6405,888.6521,40078.0,52567.0,Pipistrellus nathusii,0.407,0.481,-1,Echolocation,/mnt/ubna_data_01_mir/recover-20220818/UBNA_006/20220818_110000.WAV,Central Pond,recover-20220818,006,1795
888.8115,888.8191,40078.0,53502.0,Pipistrellus nathusii,0.574,0.609,-1,Echolocation,/mnt/ubna_data_01_mir/recover-20220818/UBNA_006/20220818_110000.WAV,Central Pond,recover-20220818,006,1795
888.8965,888.9068,40078.0,52135.0,Pipistrellus nathusii,0.469,0.546,-1,Echolocation,/mnt/ubna_data_01_mir/recover-20220818/UBNA_006/20220818_110000.WAV,Central Pond,recover-20220818,006,1795
889.0745,889.0843,39218.0,59129.0,Pipistrellus nathusii,0.542,0.593,-1,Echolocation,/mnt/ubna_data_01_mir/recover-20220818/UBNA_006/20220818_110000.WAV,Central Pond,recover-20220818,006,1795
889.1675,889.1767,39218.0,53813.0,Pipistrellus nathusii,0.523,0.575,-1,Echolocation,/mnt/ubna_data_01_mir/recover-20220818/UBNA_006/20220818_110000.WAV,Central Pond,recover-20220818,006,1795
889.3445,889.3543,38359.0,59048.0,Pipistrellus nathusii,0.442,0.491,-1,Echolocation,/mnt/ubna_data_01_mir/recover-20220818/UBNA_006/20220818_110000.WAV,Central Pond,recover-20220818,006,1795
889.4355,889.4437,38359.0,57688.0,Pipistrellus nathusii,0.514,0.589,-1,Echolocation,/mnt/ubna_data_01_mir/recover-20220818/UBNA_006/20220818_110000.WAV,Central Pond,recover-20220818,006,1795
889.5235,889.5318,39218.0,60200.0,Pipistrellus nathusii,0.449,0.493,-1,Echolocation,/mnt/ubna_data_01_mir/recover-20220818/UBNA_006/20220818_110000.WAV,Central Pond,recover-20220818,006,1795
889.6125,889.6221,38359.0,54678.0,Pipistrellus nathusii,0.509,0.591,-1,Echolocation,/mnt/ubna_data_01_mir/recover-20220818/UBNA_006/20220818_110000.WAV,Central Pond,recover-20220818,006,1795
889.7745,889.7847,38359.0,61447.0,Pipistrellus nathusii,0.449,0.5,-1,Echolocation,/mnt/ubna_data_01_mir/recover-20220818/UBNA_006/20220818_110000.WAV,Central Pond,recover-20220818,006,1795
889.8625,889.8718,39218.0,60872.0,Pipistrellus nathusii,0.476,0.558,-1,Echolocation,/mnt/ubna_data_01_mir/recover-20220818/UBNA_006/20220818_110000.WAV,Central Pond,recover-20220818,006,1795
889.9515,889.9623,38359.0,54904.0,Pipistrellus nathusii,0.513,0.558,-1,Echolocation,/mnt/ubna_data_01_mir/recover-20220818/UBNA_006/20220818_110000.WAV,Central Pond,recover-20220818,006,1795
890.0395,890.0473,38359.0,58589.0,Pipistrellus nathusii,0.391,0.448,-1,Echolocation,/mnt/ubna_data_01_mir/recover-20220818/UBNA_006/20220818_110000.WAV,Central Pond,recover-20220818,006,1795
890.1125,890.1205,40078.0,57671.0,Pipistrellus nathusii,0.242,0.33,-1,Echolocation,/mnt/ubna_data_01_mir/recover-20220818/UBNA_006/20220818_110000.WAV,Central Pond,recover-20220818,006,1795
890.2185,890.2276,38359.0,59860.0,Pipistrellus nathusii,0.475,0.552,-1,Echolocation,/mnt/ubna_data_01_mir/recover-20220818/UBNA_006/20220818_110000.WAV,Central Pond,recover-20220818,006,1795
890.3145,890.3227,40078.0,59944.0,Pipistrellus nathusii,0.537,0.566,-1,Echolocation,/mnt/ubna_data_01_mir/recover-20220818/UBNA_006/20220818_110000.WAV,Central Pond,recover-20220818,006,1795
890.4005,890.41,38359.0,49973.0,Pipistrellus nathusii,0.474,0.525,-1,Echolocation,/mnt/ubna_data_01_mir/recover-20220818/UBNA_006/20220818_110000.WAV,Central Pond,recover-20220818,006,1795
890.4935,890.5014,38359.0,61955.0,Pipistrellus nathusii,0.647,0.679,-1,Echolocation,/mnt/ubna_data_01_mir/recover-20220818/UBNA_006/20220818_110000.WAV,Central Pond,recover-20220818,006,1795
890.5815,890.5908,38359.0,50507.0,Pipistrellus nathusii,0.307,0.374,-1,Echolocation,/mnt/ubna_data_01_mir/recover-20220818/UBNA_006/20220818_110000.WAV,Central Pond,recover-20220818,006,1795
890.6705,890.6779,38359.0,66524.0,Pipistrellus nathusii,0.482,0.57,-1,Echolocation,/mnt/ubna_data_01_mir/recover-20220818/UBNA_006/20220818_110000.WAV,Central Pond,recover-20220818,006,1795
890.7595,890.7684,39218.0,58185.0,Pipistrellus nathusii,0.521,0.558,-1,Echolocation,/mnt/ubna_data_01_mir/recover-20220818/UBNA_006/20220818_110000.WAV,Central Pond,recover-20220818,006,1795
890.8535,890.8608,38359.0,63333.0,Pipistrellus nathusii,0.512,0.553,-1,Echolocation,/mnt/ubna_data_01_mir/recover-20220818/UBNA_006/20220818_110000.WAV,Central Pond,recover-20220818,006,1795
890.8625,890.8695,39218.0,61219.0,Pipistrellus nathusii,0.222,0.284,-1,Echolocation,/mnt/ubna_data_01_mir/recover-20220818/UBNA_006/20220818_110000.WAV,Central Pond,recover-20220818,006,1795
890.9465,890.9548,38359.0,54628.0,Pipistrellus nathusii,0.441,0.462,-1,Echolocation,/mnt/ubna_data_01_mir/recover-20220818/UBNA_006/20220818_110000.WAV,Central Pond,recover-20220818,006,1795
891.1105,891.1173,38359.0,62225.0,Pipistrellus nathusii,0.733,0.751,-1,Echolocation,/mnt/ubna_data_01_mir/recover-20220818/UBNA_006/20220818_110000.WAV,Central Pond,recover-20220818,006,1795
891.2025,891.2097,37500.0,61474.0,Pipistrellus nathusii,0.604,0.639,-1,Echolocation,/mnt/ubna_data_01_mir/recover-20220818/UBNA_006/20220818_110000.WAV,Central Pond,recover-20220818,006,1795
891.2955,891.303,38359.0,51929.0,Pipistrellus nathusii,0.628,0.664,-1,Echolocation,/mnt/ubna_data_01_mir/recover-20220818/UBNA_006/20220818_110000.WAV,Central Pond,recover-20220818,006,1795
891.3855,891.3925,38359.0,60327.0,Pipistrellus nathusii,0.576,0.604,-1,Echolocation,/mnt/ubna_data_01_mir/recover-20220818/UBNA_006/20220818_110000.WAV,Central Pond,recover-20220818,006,1795
891.3945,891.4008,38359.0,61992.0,Pipistrellus nathusii,0.138,0.206,-1,Echolocation,/mnt/ubna_data_01_mir/recover-20220818/UBNA_006/20220818_110000.WAV,Central Pond,recover-20220818,006,1795
891.4835,891.4913,39218.0,57482.0,Pipistrellus nathusii,0.676,0.693,-1,Echolocation,/mnt/ubna_data_01_mir/recover-20220818/UBNA_006/20220818_110000.WAV,Central Pond,recover-20220818,006,1795
891.6595,891.6688,39218.0,59484.0,Pipistrellus nathusii,0.677,0.696,-1,Echolocation,/mnt/ubna_data_01_mir/recover-20220818/UBNA_006/20220818_110000.WAV,Central Pond,recover-20220818,006,1795
891.7555,891.7646,38359.0,56999.0,Pipistrellus nathusii,0.639,0.688,-1,Echolocation,/mnt/ubna_data_01_mir/recover-20220818/UBNA_006/20220818_110000.WAV,Central Pond,recover-20220818,006,1795
891.9315,891.9399,39218.0,57213.0,Pipistrellus nathusii,0.634,0.662,-1,Echolocation,/mnt/ubna_data_01_mir/recover-20220818/UBNA_006/20220818_110000.WAV,Central Pond,recover-20220818,006,1795
892.0275,892.0369,39218.0,47171.0,Pipistrellus nathusii,0.402,0.426,-1,Echolocation,/mnt/ubna_data_01_mir/recover-20220818/UBNA_006/20220818_110000.WAV,Central Pond,recover-20220818,006,1795
892.1245,892.1338,40078.0,55354.0,Pipistrellus nathusii,0.627,0.639,-1,Echolocation,/mnt/ubna_data_01_mir/recover-20220818/UBNA_006/20220818_110000.WAV,Central Pond,recover-20220818,006,1795
892.2195,892.2307,37500.0,43562.0,Pipistrellus nathusii,0.293,0.316,-1,Echolocation,/mnt/ubna_data_01_mir/recover-20220818/UBNA_006/20220818_110000.WAV,Central Pond,recover-20220818,006,1795
892.3105,892.3193,39218.0,53619.0,Pipistrellus nathusii,0.362,0.458,-1,Echolocation,/mnt/ubna_data_01_mir/recover-20220818/UBNA_006/20220818_110000.WAV,Central Pond,recover-20220818,006,1795
892.4125,892.422,38359.0,44396.0,Pipistrellus nathusii,0.254,0.296,-1,Echolocation,/mnt/ubna_data_01_mir/recover-20220818/UBNA_006/20220818_110000.WAV,Central Pond,recover-20220818,006,1795
892.5115,892.5194,39218.0,49595.0,Pipistrellus nathusii,0.472,0.528,-1,Echolocation,/mnt/ubna_data_01_mir/recover-20220818/UBNA_006/20220818_110000.WAV,Central Pond,recover-20220818,006,1795
892.5935,892.6032,39218.0,52823.0,Pipistrellus nathusii,0.514,0.59,-1,Echolocation,/mnt/ubna_data_01_mir/recover-20220818/UBNA_006/20220818_110000.WAV,Central Pond,recover-20220818,006,1795
892.6705,892.6809,38359.0,54275.0,Pipistrellus nathusii,0.423,0.456,-1,Echolocation,/mnt/ubna_data_01_mir/recover-20220818/UBNA_006/20220818_110000.WAV,Central Pond,recover-20220818,006,1795
892.7575,892.7683,38359.0,53556.0,Pipistrellus nathusii,0.441,0.491,-1,Echolocation,/mnt/ubna_data_01_mir/recover-20220818/UBNA_006/20220818_110000.WAV,Central Pond,recover-20220818,006,1795
892.8505,892.8619,38359.0,43364.0,Pipistrellus nathusii,0.189,0.201,-1,Echolocation,/mnt/ubna_data_01_mir/recover-20220818/UBNA_006/20220818_110000.WAV,Central Pond,recover-20220818,006,1795
892.9405,892.9512,39218.0,51893.0,Pipistrellus nathusii,0.493,0.53,-1,Echolocation,/mnt/ubna_data_01_mir/recover-20220818/UBNA_006/20220818_110000.WAV,Central Pond,recover-20220818,006,1795
913.3035,913.3117,38359.0,44237.0,Pipistrellus nathusii,0.397,0.433,-1,Echolocation,/mnt/ubna_data_01_mir/recover-20220818/UBNA_006/20220818_110000.WAV,Central Pond,recover-20220818,006,1795
962.3335,962.3384,17734.0,33373.0,Plecotus auritus,0.194,0.286,-1,Echolocation,/mnt/ubna_data_01_mir/recover-20220818/UBNA_006/20220818_110000.WAV,Central Pond,recover-20220818,006,1795
1033.1875,1033.1983,34921.0,40093.0,Pipistrellus nathusii,0.089,0.235,-1,Echolocation,/mnt/ubna_data_01_mir/recover-20220818/UBNA_006/20220818_110000.WAV,Central Pond,recover-20220818,006,1795
1033.6625,1033.6712,38359.0,44164.0,Pipistrellus nathusii,0.25,0.349,-1,Echolocation,/mnt/ubna_data_01_mir/recover-20220818/UBNA_006/20220818_110000.WAV,Central Pond,recover-20220818,006,1795
1033.9705,1033.9791,38359.0,45861.0,Pipistrellus nathusii,0.421,0.512,-1,Echolocation,/mnt/ubna_data_01_mir/recover-20220818/UBNA_006/20220818_110000.WAV,Central Pond,recover-20220818,006,1795
1034.0735,1034.0826,38359.0,47564.0,Pipistrellus nathusii,0.259,0.308,-1,Echolocation,/mnt/ubna_data_01_mir/recover-20220818/UBNA_006/20220818_110000.WAV,Central Pond,recover-20220818,006,1795
1034.2765,1034.2865,39218.0,49517.0,Pipistrellus nathusii,0.441,0.534,-1,Echolocation,/mnt/ubna_data_01_mir/recover-20220818/UBNA_006/20220818_110000.WAV,Central Pond,recover-20220818,006,1795
1034.4645,1034.4741,40078.0,49140.0,Pipistrellus nathusii,0.292,0.325,-1,Echolocation,/mnt/ubna_data_01_mir/recover-20220818/UBNA_006/20220818_110000.WAV,Central Pond,recover-20220818,006,1795
1034.5725,1034.5806,39218.0,48315.0,Pipistrellus nathusii,0.458,0.538,-1,Echolocation,/mnt/ubna_data_01_mir/recover-20220818/UBNA_006/20220818_110000.WAV,Central Pond,recover-20220818,006,1795
1034.7705,1034.7804,37500.0,50566.0,Pipistrellus nathusii,0.471,0.574,-1,Echolocation,/mnt/ubna_data_01_mir/recover-20220818/UBNA_006/20220818_110000.WAV,Central Pond,recover-20220818,006,1795
1034.8835,1034.8931,38359.0,50785.0,Pipistrellus nathusii,0.476,0.579,-1,Echolocation,/mnt/ubna_data_01_mir/recover-20220818/UBNA_006/20220818_110000.WAV,Central Pond,recover-20220818,006,1795
1035.0785,1035.0882,38359.0,49698.0,Pipistrellus nathusii,0.526,0.592,-1,Echolocation,/mnt/ubna_data_01_mir/recover-20220818/UBNA_006/20220818_110000.WAV,Central Pond,recover-20220818,006,1795
1035.1835,1035.1938,36640.0,51011.0,Pipistrellus nathusii,0.46,0.529,-1,Echolocation,/mnt/ubna_data_01_mir/recover-20220818/UBNA_006/20220818_110000.WAV,Central Pond,recover-20220818,006,1795
1035.2805,1035.2904,37500.0,47242.0,Pipistrellus nathusii,0.52,0.563,-1,Echolocation,/mnt/ubna_data_01_mir/recover-20220818/UBNA_006/20220818_110000.WAV,Central Pond,recover-20220818,006,1795
1035.3885,1035.3987,38359.0,51837.0,Pipistrellus nathusii,0.511,0.558,-1,Echolocation,/mnt/ubna_data_01_mir/recover-20220818/UBNA_006/20220818_110000.WAV,Central Pond,recover-20220818,006,1795
1035.4605,1035.4698,39218.0,53262.0,Pipistrellus nathusii,0.536,0.559,-1,Echolocation,/mnt/ubna_data_01_mir/recover-20220818/UBNA_006/20220818_110000.WAV,Central Pond,recover-20220818,006,1795
1035.5325,1035.5397,40937.0,56498.0,Pipistrellus nathusii,0.341,0.402,-1,Echolocation,/mnt/ubna_data_01_mir/recover-20220818/UBNA_006/20220818_110000.WAV,Central Pond,recover-20220818,006,1795
1035.6065,1035.6134,40078.0,46644.0,Pipistrellus nathusii,0.29,0.354,-1,Echolocation,/mnt/ubna_data_01_mir/recover-20220818/UBNA_006/20220818_110000.WAV,Central Pond,recover-20220818,006,1795
1035.6755,1035.6839,40078.0,49838.0,Pipistrellus nathusii,0.37,0.466,-1,Echolocation,/mnt/ubna_data_01_mir/recover-20220818/UBNA_006/20220818_110000.WAV,Central Pond,recover-20220818,006,1795
1035.7515,1035.7571,41796.0,48710.0,Pipistrellus nathusii,0.374,0.413,-1,Echolocation,/mnt/ubna_data_01_mir/recover-20220818/UBNA_006/20220818_110000.WAV,Central Pond,recover-20220818,006,1795
1035.8185,1035.825,40937.0,55524.0,Pipistrellus nathusii,0.369,0.452,-1,Echolocation,/mnt/ubna_data_01_mir/recover-20220818/UBNA_006/20220818_110000.WAV,Central Pond,recover-20220818,006,1795
1035.8755,1035.8842,42656.0,48332.0,Pipistrellus nathusii,0.354,0.399,-1,Echolocation,/mnt/ubna_data_01_mir/recover-20220818/UBNA_006/20220818_110000.WAV,Central Pond,recover-20220818,006,1795
1036.3225,1036.3283,36640.0,53486.0,Pipistrellus nathusii,0.144,0.331,-1,Echolocation,/mnt/ubna_data_01_mir/recover-20220818/UBNA_006/20220818_110000.WAV,Central Pond,recover-20220818,006,1795
1036.3905,1036.3987,39218.0,57062.0,Pipistrellus nathusii,0.557,0.621,-1,Echolocation,/mnt/ubna_data_01_mir/recover-20220818/UBNA_006/20220818_110000.WAV,Central Pond,recover-20220818,006,1795
1036.4765,1036.485,37500.0,54088.0,Pipistrellus nathusii,0.454,0.517,-1,Echolocation,/mnt/ubna_data_01_mir/recover-20220818/UBNA_006/20220818_110000.WAV,Central Pond,recover-20220818,006,1795
1036.5635,1036.5715,36640.0,52823.0,Pipistrellus nathusii,0.413,0.542,-1,Echolocation,/mnt/ubna_data_01_mir/recover-20220818/UBNA_006/20220818_110000.WAV,Central Pond,recover-20220818,006,1795
1036.6615,1036.6715,36640.0,54612.0,Pipistrellus nathusii,0.479,0.558,-1,Echolocation,/mnt/ubna_data_01_mir/recover-20220818/UBNA_006/20220818_110000.WAV,Central Pond,recover-20220818,006,1795
1036.7775,1036.7857,36640.0,51874.0,Pipistrellus nathusii,0.591,0.631,-1,Echolocation,/mnt/ubna_data_01_mir/recover-20220818/UBNA_006/20220818_110000.WAV,Central Pond,recover-20220818,006,1795
1036.8935,1036.9011,36640.0,54581.0,Pipistrellus nathusii,0.551,0.59,-1,Echolocation,/mnt/ubna_data_01_mir/recover-20220818/UBNA_006/20220818_110000.WAV,Central Pond,recover-20220818,006,1795
1037.0025,1037.0103,36640.0,50819.0,Pipistrellus nathusii,0.496,0.586,-1,Echolocation,/mnt/ubna_data_01_mir/recover-20220818/UBNA_006/20220818_110000.WAV,Central Pond,recover-20220818,006,1795
1037.1105,1037.1184,36640.0,52816.0,Pipistrellus nathusii,0.423,0.518,-1,Echolocation,/mnt/ubna_data_01_mir/recover-20220818/UBNA_006/20220818_110000.WAV,Central Pond,recover-20220818,006,1795
1037.2205,1037.2289,36640.0,46137.0,Pipistrellus nathusii,0.26,0.33,-1,Echolocation,/mnt/ubna_data_01_mir/recover-20220818/UBNA_006/20220818_110000.WAV,Central Pond,recover-20220818,006,1795
1037.3245,1037.3344,34921.0,51323.0,Pipistrellus nathusii,0.393,0.473,-1,Echolocation,/mnt/ubna_data_01_mir/recover-20220818/UBNA_006/20220818_110000.WAV,Central Pond,recover-20220818,006,1795
1037.4295,1037.4376,35781.0,51938.0,Pipistrellus nathusii,0.579,0.633,-1,Echolocation,/mnt/ubna_data_01_mir/recover-20220818/UBNA_006/20220818_110000.WAV,Central Pond,recover-20220818,006,1795
1037.5605,1037.5685,37500.0,48628.0,Pipistrellus nathusii,0.339,0.5,-1,Echolocation,/mnt/ubna_data_01_mir/recover-20220818/UBNA_006/20220818_110000.WAV,Central Pond,recover-20220818,006,1795
1037.6615,1037.6705,37500.0,51467.0,Pipistrellus nathusii,0.498,0.537,-1,Echolocation,/mnt/ubna_data_01_mir/recover-20220818/UBNA_006/20220818_110000.WAV,Central Pond,recover-20220818,006,1795
1037.7655,1037.773,36640.0,54793.0,Pipistrellus nathusii,0.562,0.622,-1,Echolocation,/mnt/ubna_data_01_mir/recover-20220818/UBNA_006/20220818_110000.WAV,Central Pond,recover-20220818,006,1795
1037.8775,1037.887,36640.0,44672.0,Pipistrellus nathusii,0.413,0.463,-1,Echolocation,/mnt/ubna_data_01_mir/recover-20220818/UBNA_006/20220818_110000.WAV,Central Pond,recover-20220818,006,1795
1037.9825,1037.9923,36640.0,51463.0,Pipistrellus nathusii,0.388,0.456,-1,Echolocation,/mnt/ubna_data_01_mir/recover-20220818/UBNA_006/20220818_110000.WAV,Central Pond,recover-20220818,006,1795
1038.1955,1038.2071,34921.0,47748.0,Pipistrellus nathusii,0.333,0.43,-1,Echolocation,/mnt/ubna_data_01_mir/recover-20220818/UBNA_006/20220818_110000.WAV,Central Pond,recover-20220818,006,1795
1038.4345,1038.4427,35781.0,47859.0,Pipistrellus nathusii,0.375,0.474,-1,Echolocation,/mnt/ubna_data_01_mir/recover-20220818/UBNA_006/20220818_110000.WAV,Central Pond,recover-20220818,006,1795
1038.6585,1038.667,36640.0,48334.0,Pipistrellus nathusii,0.454,0.582,-1,Echolocation,/mnt/ubna_data_01_mir/recover-20220818/UBNA_006/20220818_110000.WAV,Central Pond,recover-20220818,006,1795
1038.9095,1038.9179,37500.0,46491.0,Pipistrellus nathusii,0.528,0.63,-1,Echolocation,/mnt/ubna_data_01_mir/recover-20220818/UBNA_006/20220818_110000.WAV,Central Pond,recover-20220818,006,1795
1051.1375,1051.1414,17734.0,38092.0,Plecotus austriacus,0.136,0.202,-1,Echolocation,/mnt/ubna_data_01_mir/recover-20220818/UBNA_006/20220818_110000.WAV,Central Pond,recover-20220818,006,1795
1053.4475,1053.4558,35781.0,43874.0,Barbastellus barbastellus,0.102,0.213,-1,Echolocation,/mnt/ubna_data_01_mir/recover-20220818/UBNA_006/20220818_110000.WAV,Central Pond,recover-20220818,006,1795
1053.6555,1053.6634,36640.0,45424.0,Pipistrellus nathusii,0.24,0.355,-1,Echolocation,/mnt/ubna_data_01_mir/recover-20220818/UBNA_006/20220818_110000.WAV,Central Pond,recover-20220818,006,1795
1053.7645,1053.7728,37500.0,44599.0,Pipistrellus nathusii,0.33,0.457,-1,Echolocation,/mnt/ubna_data_01_mir/recover-20220818/UBNA_006/20220818_110000.WAV,Central Pond,recover-20220818,006,1795
1053.8675,1053.8769,38359.0,45555.0,Pipistrellus nathusii,0.252,0.287,-1,Echolocation,/mnt/ubna_data_01_mir/recover-20220818/UBNA_006/20220818_110000.WAV,Central Pond,recover-20220818,006,1795
1053.9795,1053.9893,38359.0,45492.0,Pipistrellus nathusii,0.387,0.444,-1,Echolocation,/mnt/ubna_data_01_mir/recover-20220818/UBNA_006/20220818_110000.WAV,Central Pond,recover-20220818,006,1795
1054.0945,1054.1029,38359.0,46297.0,Pipistrellus nathusii,0.526,0.545,-1,Echolocation,/mnt/ubna_data_01_mir/recover-20220818/UBNA_006/20220818_110000.WAV,Central Pond,recover-20220818,006,1795
1054.2085,1054.2181,38359.0,48042.0,Pipistrellus nathusii,0.458,0.492,-1,Echolocation,/mnt/ubna_data_01_mir/recover-20220818/UBNA_006/20220818_110000.WAV,Central Pond,recover-20220818,006,1795
1054.4085,1054.4183,38359.0,48170.0,Pipistrellus nathusii,0.553,0.565,-1,Echolocation,/mnt/ubna_data_01_mir/recover-20220818/UBNA_006/20220818_110000.WAV,Central Pond,recover-20220818,006,1795
1054.5225,1054.5312,37500.0,47920.0,Pipistrellus nathusii,0.555,0.589,-1,Echolocation,/mnt/ubna_data_01_mir/recover-20220818/UBNA_006/20220818_110000.WAV,Central Pond,recover-20220818,006,1795
1054.6185,1054.627,38359.0,47860.0,Pipistrellus nathusii,0.427,0.465,-1,Echolocation,/mnt/ubna_data_01_mir/recover-20220818/UBNA_006/20220818_110000.WAV,Central Pond,recover-20220818,006,1795
1054.7215,1054.7305,38359.0,44333.0,Pipistrellus nathusii,0.413,0.432,-1,Echolocation,/mnt/ubna_data_01_mir/recover-20220818/UBNA_006/20220818_110000.WAV,Central Pond,recover-20220818,006,1795
1054.8305,1054.838,38359.0,50990.0,Pipistrellus nathusii,0.603,0.683,-1,Echolocation,/mnt/ubna_data_01_mir/recover-20220818/UBNA_006/20220818_110000.WAV,Central Pond,recover-20220818,006,1795
1054.9375,1054.946,38359.0,48854.0,Pipistrellus nathusii,0.56,0.577,-1,Echolocation,/mnt/ubna_data_01_mir/recover-20220818/UBNA_006/20220818_110000.WAV,Central Pond,recover-20220818,006,1795
1055.0485,1055.0572,38359.0,51524.0,Pipistrellus nathusii,0.515,0.542,-1,Echolocation,/mnt/ubna_data_01_mir/recover-20220818/UBNA_006/20220818_110000.WAV,Central Pond,recover-20220818,006,1795
1055.1555,1055.1648,37500.0,47635.0,Pipistrellus nathusii,0.527,0.57,-1,Echolocation,/mnt/ubna_data_01_mir/recover-20220818/UBNA_006/20220818_110000.WAV,Central Pond,recover-20220818,006,1795
1055.2715,1055.2809,38359.0,51924.0,Pipistrellus nathusii,0.531,0.568,-1,Echolocation,/mnt/ubna_data_01_mir/recover-20220818/UBNA_006/20220818_110000.WAV,Central Pond,recover-20220818,006,1795
1055.3865,1055.3937,38359.0,49093.0,Pipistrellus nathusii,0.612,0.629,-1,Echolocation,/mnt/ubna_data_01_mir/recover-20220818/UBNA_006/20220818_110000.WAV,Central Pond,recover-20220818,006,1795
1055.4885,1055.4984,38359.0,53038.0,Pipistrellus nathusii,0.543,0.576,-1,Echolocation,/mnt/ubna_data_01_mir/recover-20220818/UBNA_006/20220818_110000.WAV,Central Pond,recover-20220818,006,1795
1055.5955,1055.6057,38359.0,55045.0,Pipistrellus nathusii,0.62,0.68,-1,Echolocation,/mnt/ubna_data_01_mir/recover-20220818/UBNA_006/20220818_110000.WAV,Central Pond,recover-20220818,006,1795
1055.6975,1055.7064,38359.0,53276.0,Pipistrellus nathusii,0.467,0.53,-1,Echolocation,/mnt/ubna_data_01_mir/recover-20220818/UBNA_006/20220818_110000.WAV,Central Pond,recover-20220818,006,1795
1055.8035,1055.8153,38359.0,52857.0,Pipistrellus nathusii,0.547,0.575,-1,Echolocation,/mnt/ubna_data_01_mir/recover-20220818/UBNA_006/20220818_110000.WAV,Central Pond,recover-20220818,006,1795
1055.8875,1055.8967,39218.0,55307.0,Pipistrellus nathusii,0.472,0.553,-1,Echolocation,/mnt/ubna_data_01_mir/recover-20220818/UBNA_006/20220818_110000.WAV,Central Pond,recover-20220818,006,1795
1055.9725,1055.9828,38359.0,50331.0,Pipistrellus nathusii,0.495,0.538,-1,Echolocation,/mnt/ubna_data_01_mir/recover-20220818/UBNA_006/20220818_110000.WAV,Central Pond,recover-20220818,006,1795
1056.0585,1056.0662,38359.0,54664.0,Pipistrellus nathusii,0.675,0.71,-1,Echolocation,/mnt/ubna_data_01_mir/recover-20220818/UBNA_006/20220818_110000.WAV,Central Pond,recover-20220818,006,1795
1056.1575,1056.1664,38359.0,57983.0,Pipistrellus nathusii,0.63,0.649,-1,Echolocation,/mnt/ubna_data_01_mir/recover-20220818/UBNA_006/20220818_110000.WAV,Central Pond,recover-20220818,006,1795
1056.2615,1056.2701,38359.0,54388.0,Pipistrellus nathusii,0.492,0.51,-1,Echolocation,/mnt/ubna_data_01_mir/recover-20220818/UBNA_006/20220818_110000.WAV,Central Pond,recover-20220818,006,1795
1056.3615,1056.3705,38359.0,54770.0,Pipistrellus nathusii,0.662,0.674,-1,Echolocation,/mnt/ubna_data_01_mir/recover-20220818/UBNA_006/20220818_110000.WAV,Central Pond,recover-20220818,006,1795
1056.4615,1056.4704,37500.0,51000.0,Pipistrellus nathusii,0.493,0.547,-1,Echolocation,/mnt/ubna_data_01_mir/recover-20220818/UBNA_006/20220818_110000.WAV,Central Pond,recover-20220818,006,1795
1056.5625,1056.5703,37500.0,58897.0,Pipistrellus nathusii,0.651,0.663,-1,Echolocation,/mnt/ubna_data_01_mir/recover-20220818/UBNA_006/20220818_110000.WAV,Central Pond,recover-20220818,006,1795
1056.6755,1056.6838,37500.0,53272.0,Pipistrellus nathusii,0.604,0.617,-1,Echolocation,/mnt/ubna_data_01_mir/recover-20220818/UBNA_006/20220818_110000.WAV,Central Pond,recover-20220818,006,1795
1056.7815,1056.7911,37500.0,56910.0,Pipistrellus nathusii,0.591,0.648,-1,Echolocation,/mnt/ubna_data_01_mir/recover-20220818/UBNA_006/20220818_110000.WAV,Central Pond,recover-20220818,006,1795
1056.8875,1056.8966,37500.0,48157.0,Pipistrellus nathusii,0.58,0.614,-1,Echolocation,/mnt/ubna_data_01_mir/recover-20220818/UBNA_006/20220818_110000.WAV,Central Pond,recover-20220818,006,1795
1056.9885,1056.9976,37500.0,57845.0,Pipistrellus nathusii,0.559,0.597,-1,Echolocation,/mnt/ubna_data_01_mir/recover-20220818/UBNA_006/20220818_110000.WAV,Central Pond,recover-20220818,006,1795
1057.0895,1057.0977,37500.0,61737.0,Pipistrellus nathusii,0.583,0.602,-1,Echolocation,/mnt/ubna_data_01_mir/recover-20220818/UBNA_006/20220818_110000.WAV,Central Pond,recover-20220818,006,1795
1057.1815,1057.1912,38359.0,60637.0,Pipistrellus nathusii,0.572,0.602,-1,Echolocation,/mnt/ubna_data_01_mir/recover-20220818/UBNA_006/20220818_110000.WAV,Central Pond,recover-20220818,006,1795
1057.2765,1057.2855,37500.0,59332.0,Pipistrellus nathusii,0.552,0.598,-1,Echolocation,/mnt/ubna_data_01_mir/recover-20220818/UBNA_006/20220818_110000.WAV,Central Pond,recover-20220818,006,1795
1057.3885,1057.3961,37500.0,58745.0,Pipistrellus nathusii,0.438,0.56,-1,Echolocation,/mnt/ubna_data_01_mir/recover-20220818/UBNA_006/20220818_110000.WAV,Central Pond,recover-20220818,006,1795
1057.4935,1057.5022,39218.0,55907.0,Pipistrellus nathusii,0.556,0.597,-1,Echolocation,/mnt/ubna_data_01_mir/recover-20220818/UBNA_006/20220818_110000.WAV,Central Pond,recover-20220818,006,1795
1057.5745,1057.5821,38359.0,56562.0,Pipistrellus nathusii,0.46,0.507,-1,Echolocation,/mnt/ubna_data_01_mir/recover-20220818/UBNA_006/20220818_110000.WAV,Central Pond,recover-20220818,006,1795
1057.6515,1057.6576,38359.0,54327.0,Pipistrellus nathusii,0.355,0.441,-1,Echolocation,/mnt/ubna_data_01_mir/recover-20220818/UBNA_006/20220818_110000.WAV,Central Pond,recover-20220818,006,1795
1057.7255,1057.7312,39218.0,58403.0,Pipistrellus nathusii,0.259,0.435,-1,Echolocation,/mnt/ubna_data_01_mir/recover-20220818/UBNA_006/20220818_110000.WAV,Central Pond,recover-20220818,006,1795
1057.7845,1057.7902,38359.0,53086.0,Pipistrellus nathusii,0.158,0.335,-1,Echolocation,/mnt/ubna_data_01_mir/recover-20220818/UBNA_006/20220818_110000.WAV,Central Pond,recover-20220818,006,1795
1057.8295,1057.8354,40078.0,54645.0,Pipistrellus nathusii,0.155,0.32,-1,Echolocation,/mnt/ubna_data_01_mir/recover-20220818/UBNA_006/20220818_110000.WAV,Central Pond,recover-20220818,006,1795
1058.1045,1058.1127,39218.0,59927.0,Pipistrellus nathusii,0.554,0.606,-1,Echolocation,/mnt/ubna_data_01_mir/recover-20220818/UBNA_006/20220818_110000.WAV,Central Pond,recover-20220818,006,1795
1058.1765,1058.1842,38359.0,50360.0,Pipistrellus nathusii,0.554,0.611,-1,Echolocation,/mnt/ubna_data_01_mir/recover-20220818/UBNA_006/20220818_110000.WAV,Central Pond,recover-20220818,006,1795
1058.2655,1058.2714,38359.0,59012.0,Pipistrellus nathusii,0.646,0.694,-1,Echolocation,/mnt/ubna_data_01_mir/recover-20220818/UBNA_006/20220818_110000.WAV,Central Pond,recover-20220818,006,1795
1058.3545,1058.3616,38359.0,46419.0,Pipistrellus nathusii,0.404,0.512,-1,Echolocation,/mnt/ubna_data_01_mir/recover-20220818/UBNA_006/20220818_110000.WAV,Central Pond,recover-20220818,006,1795
1058.4435,1058.4504,37500.0,58958.0,Pipistrellus nathusii,0.354,0.585,-1,Echolocation,/mnt/ubna_data_01_mir/recover-20220818/UBNA_006/20220818_110000.WAV,Central Pond,recover-20220818,006,1795
1058.5435,1058.552,38359.0,47076.0,Pipistrellus nathusii,0.521,0.599,-1,Echolocation,/mnt/ubna_data_01_mir/recover-20220818/UBNA_006/20220818_110000.WAV,Central Pond,recover-20220818,006,1795
1058.6385,1058.6462,38359.0,55121.0,Pipistrellus nathusii,0.457,0.584,-1,Echolocation,/mnt/ubna_data_01_mir/recover-20220818/UBNA_006/20220818_110000.WAV,Central Pond,recover-20220818,006,1795
1058.7405,1058.7481,39218.0,47606.0,Pipistrellus nathusii,0.562,0.581,-1,Echolocation,/mnt/ubna_data_01_mir/recover-20220818/UBNA_006/20220818_110000.WAV,Central Pond,recover-20220818,006,1795
1058.8435,1058.8516,37500.0,51633.0,Pipistrellus nathusii,0.585,0.612,-1,Echolocation,/mnt/ubna_data_01_mir/recover-20220818/UBNA_006/20220818_110000.WAV,Central Pond,recover-20220818,006,1795
1059.0505,1059.0579,38359.0,51747.0,Pipistrellus nathusii,0.575,0.609,-1,Echolocation,/mnt/ubna_data_01_mir/recover-20220818/UBNA_006/20220818_110000.WAV,Central Pond,recover-20220818,006,1795
1059.1575,1059.1666,39218.0,45066.0,Pipistrellus nathusii,0.208,0.228,-1,Echolocation,/mnt/ubna_data_01_mir/recover-20220818/UBNA_006/20220818_110000.WAV,Central Pond,recover-20220818,006,1795
1059.2895,1059.2975,39218.0,50419.0,Pipistrellus nathusii,0.506,0.571,-1,Echolocation,/mnt/ubna_data_01_mir/recover-20220818/UBNA_006/20220818_110000.WAV,Central Pond,recover-20220818,006,1795
1059.6505,1059.6574,40078.0,52327.0,Pipistrellus nathusii,0.409,0.448,-1,Echolocation,/mnt/ubna_data_01_mir/recover-20220818/UBNA_006/20220818_110000.WAV,Central Pond,recover-20220818,006,1795
1059.8635,1059.8742,38359.0,50066.0,Pipistrellus nathusii,0.376,0.423,-1,Echolocation,/mnt/ubna_data_01_mir/recover-20220818/UBNA_006/20220818_110000.WAV,Central Pond,recover-20220818,006,1795
1060.0895,1060.0989,37500.0,50358.0,Pipistrellus nathusii,0.316,0.463,-1,Echolocation,/mnt/ubna_data_01_mir/recover-20220818/UBNA_006/20220818_110000.WAV,Central Pond,recover-20220818,006,1795
1060.3155,1060.3238,37500.0,46569.0,Pipistrellus nathusii,0.407,0.557,-1,Echolocation,/mnt/ubna_data_01_mir/recover-20220818/UBNA_006/20220818_110000.WAV,Central Pond,recover-20220818,006,1795
1060.5375,1060.5472,37500.0,48225.0,Pipistrellus nathusii,0.34,0.431,-1,Echolocation,/mnt/ubna_data_01_mir/recover-20220818/UBNA_006/20220818_110000.WAV,Central Pond,recover-20220818,006,1795
1060.7565,1060.7663,36640.0,48054.0,Pipistrellus nathusii,0.317,0.376,-1,Echolocation,/mnt/ubna_data_01_mir/recover-20220818/UBNA_006/20220818_110000.WAV,Central Pond,recover-20220818,006,1795
1070.0965,1070.1058,39218.0,45201.0,Pipistrellus nathusii,0.183,0.216,-1,Echolocation,/mnt/ubna_data_01_mir/recover-20220818/UBNA_006/20220818_110000.WAV,Central Pond,recover-20220818,006,1795
1070.4045,1070.415,37500.0,46417.0,Pipistrellus nathusii,0.376,0.406,-1,Echolocation,/mnt/ubna_data_01_mir/recover-20220818/UBNA_006/20220818_110000.WAV,Central Pond,recover-20220818,006,1795
1070.5085,1070.5183,37500.0,44243.0,Pipistrellus nathusii,0.369,0.4,-1,Echolocation,/mnt/ubna_data_01_mir/recover-20220818/UBNA_006/20220818_110000.WAV,Central Pond,recover-20220818,006,1795
1070.7235,1070.7346,39218.0,46829.0,Pipistrellus nathusii,0.297,0.334,-1,Echolocation,/mnt/ubna_data_01_mir/recover-20220818/UBNA_006/20220818_110000.WAV,Central Pond,recover-20220818,006,1795
1070.8345,1070.8436,37500.0,45407.0,Pipistrellus nathusii,0.295,0.338,-1,Echolocation,/mnt/ubna_data_01_mir/recover-20220818/UBNA_006/20220818_110000.WAV,Central Pond,recover-20220818,006,1795
1070.9375,1070.9472,38359.0,45748.0,Pipistrellus nathusii,0.435,0.467,-1,Echolocation,/mnt/ubna_data_01_mir/recover-20220818/UBNA_006/20220818_110000.WAV,Central Pond,recover-20220818,006,1795
1071.0485,1071.0583,37500.0,48035.0,Pipistrellus nathusii,0.485,0.531,-1,Echolocation,/mnt/ubna_data_01_mir/recover-20220818/UBNA_006/20220818_110000.WAV,Central Pond,recover-20220818,006,1795
1071.1625,1071.1725,37500.0,48209.0,Pipistrellus nathusii,0.492,0.56,-1,Echolocation,/mnt/ubna_data_01_mir/recover-20220818/UBNA_006/20220818_110000.WAV,Central Pond,recover-20220818,006,1795
1071.2345,1071.2432,39218.0,49100.0,Pipistrellus nathusii,0.56,0.589,-1,Echolocation,/mnt/ubna_data_01_mir/recover-20220818/UBNA_006/20220818_110000.WAV,Central Pond,recover-20220818,006,1795
1071.3435,1071.3512,39218.0,48390.0,Pipistrellus nathusii,0.463,0.541,-1,Echolocation,/mnt/ubna_data_01_mir/recover-20220818/UBNA_006/20220818_110000.WAV,Central Pond,recover-20220818,006,1795
1071.4505,1071.4615,36640.0,47719.0,Pipistrellus nathusii,0.455,0.534,-1,Echolocation,/mnt/ubna_data_01_mir/recover-20220818/UBNA_006/20220818_110000.WAV,Central Pond,recover-20220818,006,1795
1071.5595,1071.5696,38359.0,51456.0,Pipistrellus nathusii,0.461,0.51,-1,Echolocation,/mnt/ubna_data_01_mir/recover-20220818/UBNA_006/20220818_110000.WAV,Central Pond,recover-20220818,006,1795
1071.6735,1071.6809,36640.0,45318.0,Pipistrellus nathusii,0.092,0.201,-1,Echolocation,/mnt/ubna_data_01_mir/recover-20220818/UBNA_006/20220818_110000.WAV,Central Pond,recover-20220818,006,1795
1071.7835,1071.7934,37500.0,49561.0,Pipistrellus nathusii,0.499,0.575,-1,Echolocation,/mnt/ubna_data_01_mir/recover-20220818/UBNA_006/20220818_110000.WAV,Central Pond,recover-20220818,006,1795
1071.9015,1071.9123,37500.0,46417.0,Pipistrellus nathusii,0.465,0.506,-1,Echolocation,/mnt/ubna_data_01_mir/recover-20220818/UBNA_006/20220818_110000.WAV,Central Pond,recover-20220818,006,1795
1072.1055,1072.114,37500.0,49968.0,Pipistrellus nathusii,0.497,0.55,-1,Echolocation,/mnt/ubna_data_01_mir/recover-20220818/UBNA_006/20220818_110000.WAV,Central Pond,recover-20220818,006,1795
1072.2175,1072.2271,36640.0,43850.0,Pipistrellus nathusii,0.33,0.467,-1,Echolocation,/mnt/ubna_data_01_mir/recover-20220818/UBNA_006/20220818_110000.WAV,Central Pond,recover-20220818,006,1795
1072.4295,1072.4377,37500.0,44737.0,Pipistrellus nathusii,0.563,0.594,-1,Echolocation,/mnt/ubna_data_01_mir/recover-20220818/UBNA_006/20220818_110000.WAV,Central Pond,recover-20220818,006,1795
1072.6535,1072.6621,37500.0,44048.0,Pipistrellus nathusii,0.483,0.581,-1,Echolocation,/mnt/ubna_data_01_mir/recover-20220818/UBNA_006/20220818_110000.WAV,Central Pond,recover-20220818,006,1795
1072.8695,1072.8775,37500.0,44418.0,Pipistrellus nathusii,0.329,0.387,-1,Echolocation,/mnt/ubna_data_01_mir/recover-20220818/UBNA_006/20220818_110000.WAV,Central Pond,recover-20220818,006,1795
1073.2075,1073.2167,37500.0,45654.0,Pipistrellus nathusii,0.465,0.549,-1,Echolocation,/mnt/ubna_data_01_mir/recover-20220818/UBNA_006/20220818_110000.WAV,Central Pond,recover-20220818,006,1795
1178.3435,1178.349,16875.0,32784.0,Plecotus austriacus,0.106,0.219,-1,Echolocation,/mnt/ubna_data_01_mir/recover-20220818/UBNA_006/20220818_110000.WAV,Central Pond,recover-20220818,006,1795
1259.2935,1259.2986,16875.0,34908.0,Plecotus austriacus,0.178,0.254,-1,Echolocation,/mnt/ubna_data_01_mir/recover-20220818/UBNA_006/20220818_110000.WAV,Central Pond,recover-20220818,006,1795
1272.6825,1272.6871,16015.0,35955.0,Plecotus auritus,0.12,0.22,-1,Echolocation,/mnt/ubna_data_01_mir/recover-20220818/UBNA_006/20220818_110000.WAV,Central Pond,recover-20220818,006,1795
1380.6835,1380.6882,16015.0,33703.0,Plecotus auritus,0.138,0.226,-1,Echolocation,/mnt/ubna_data_01_mir/recover-20220818/UBNA_006/20220818_110000.WAV,Central Pond,recover-20220818,006,1795
1423.9335,1423.9382,16875.0,34876.0,Plecotus austriacus,0.159,0.226,-1,Echolocation,/mnt/ubna_data_01_mir/recover-20220818/UBNA_006/20220818_110000.WAV,Central Pond,recover-20220818,006,1795
1478.1815,1478.1976,22890.0,25797.0,Nyctalus leisleri,0.178,0.257,-1,Echolocation,/mnt/ubna_data_01_mir/recover-20220818/UBNA_006/20220818_110000.WAV,Central Pond,recover-20220818,006,1795
1478.7885,1478.8088,22890.0,26967.0,Nyctalus leisleri,0.215,0.301,-1,Echolocation,/mnt/ubna_data_01_mir/recover-20220818/UBNA_006/20220818_110000.WAV,Central Pond,recover-20220818,006,1795
1479.0765,1479.0948,23750.0,27823.0,Nyctalus leisleri,0.116,0.213,-1,Echolocation,/mnt/ubna_data_01_mir/recover-20220818/UBNA_006/20220818_110000.WAV,Central Pond,recover-20220818,006,1795
1479.4835,1479.4997,22890.0,27806.0,Nyctalus leisleri,0.133,0.327,-1,Echolocation,/mnt/ubna_data_01_mir/recover-20220818/UBNA_006/20220818_110000.WAV,Central Pond,recover-20220818,006,1795
1480.1915,1480.2077,24609.0,28544.0,Nyctalus leisleri,0.249,0.416,-1,Echolocation,/mnt/ubna_data_01_mir/recover-20220818/UBNA_006/20220818_110000.WAV,Central Pond,recover-20220818,006,1795
1481.1975,1481.2196,22890.0,27235.0,Nyctalus leisleri,0.291,0.389,-1,Echolocation,/mnt/ubna_data_01_mir/recover-20220818/UBNA_006/20220818_110000.WAV,Central Pond,recover-20220818,006,1795
1481.6115,1481.631,23750.0,26937.0,Nyctalus leisleri,0.326,0.392,-1,Echolocation,/mnt/ubna_data_01_mir/recover-20220818/UBNA_006/20220818_110000.WAV,Central Pond,recover-20220818,006,1795
1481.8835,1481.9057,22890.0,26844.0,Nyctalus leisleri,0.125,0.231,-1,Echolocation,/mnt/ubna_data_01_mir/recover-20220818/UBNA_006/20220818_110000.WAV,Central Pond,recover-20220818,006,1795
1482.7185,1482.7402,22890.0,27001.0,Nyctalus leisleri,0.116,0.238,-1,Echolocation,/mnt/ubna_data_01_mir/recover-20220818/UBNA_006/20220818_110000.WAV,Central Pond,recover-20220818,006,1795
1483.0015,1483.0185,23750.0,27326.0,Nyctalus leisleri,0.252,0.376,-1,Echolocation,/mnt/ubna_data_01_mir/recover-20220818/UBNA_006/20220818_110000.WAV,Central Pond,recover-20220818,006,1795
1483.8535,1483.8798,23750.0,28298.0,Nyctalus leisleri,0.114,0.237,-1,Echolocation,/mnt/ubna_data_01_mir/recover-20220818/UBNA_006/20220818_110000.WAV,Central Pond,recover-20220818,006,1795
1484.9765,1484.9948,23750.0,28003.0,Nyctalus leisleri,0.145,0.245,-1,Echolocation,/mnt/ubna_data_01_mir/recover-20220818/UBNA_006/20220818_110000.WAV,Central Pond,recover-20220818,006,1795
1493.6925,1493.7018,18593.0,27065.0,Plecotus austriacus,0.085,0.211,-1,Echolocation,/mnt/ubna_data_01_mir/recover-20220818/UBNA_006/20220818_110000.WAV,Central Pond,recover-20220818,006,1795
1527.6385,1527.6484,40078.0,46905.0,Pipistrellus nathusii,0.212,0.279,-1,Echolocation,/mnt/ubna_data_01_mir/recover-20220818/UBNA_006/20220818_110000.WAV,Central Pond,recover-20220818,006,1795
1527.9435,1527.9567,40937.0,48920.0,Pipistrellus nathusii,0.208,0.24,-1,Echolocation,/mnt/ubna_data_01_mir/recover-20220818/UBNA_006/20220818_110000.WAV,Central Pond,recover-20220818,006,1795
1528.5485,1528.5579,39218.0,48188.0,Pipistrellus nathusii,0.406,0.456,-1,Echolocation,/mnt/ubna_data_01_mir/recover-20220818/UBNA_006/20220818_110000.WAV,Central Pond,recover-20220818,006,1795
1528.7745,1528.7833,40078.0,50067.0,Pipistrellus nathusii,0.395,0.468,-1,Echolocation,/mnt/ubna_data_01_mir/recover-20220818/UBNA_006/20220818_110000.WAV,Central Pond,recover-20220818,006,1795
1528.9945,1529.0063,38359.0,49575.0,Pipistrellus nathusii,0.413,0.452,-1,Echolocation,/mnt/ubna_data_01_mir/recover-20220818/UBNA_006/20220818_110000.WAV,Central Pond,recover-20220818,006,1795
1529.2235,1529.2345,39218.0,47801.0,Pipistrellus nathusii,0.352,0.414,-1,Echolocation,/mnt/ubna_data_01_mir/recover-20220818/UBNA_006/20220818_110000.WAV,Central Pond,recover-20220818,006,1795
1529.5175,1529.5279,40937.0,46706.0,Pipistrellus nathusii,0.392,0.421,-1,Echolocation,/mnt/ubna_data_01_mir/recover-20220818/UBNA_006/20220818_110000.WAV,Central Pond,recover-20220818,006,1795
1529.8265,1529.8351,38359.0,48416.0,Pipistrellus nathusii,0.516,0.599,-1,Echolocation,/mnt/ubna_data_01_mir/recover-20220818/UBNA_006/20220818_110000.WAV,Central Pond,recover-20220818,006,1795
1529.9255,1529.9361,37500.0,47970.0,Pipistrellus nathusii,0.468,0.536,-1,Echolocation,/mnt/ubna_data_01_mir/recover-20220818/UBNA_006/20220818_110000.WAV,Central Pond,recover-20220818,006,1795
1530.1575,1530.1666,38359.0,47022.0,Pipistrellus nathusii,0.229,0.258,-1,Echolocation,/mnt/ubna_data_01_mir/recover-20220818/UBNA_006/20220818_110000.WAV,Central Pond,recover-20220818,006,1795
1530.3875,1530.3956,38359.0,48252.0,Pipistrellus nathusii,0.564,0.622,-1,Echolocation,/mnt/ubna_data_01_mir/recover-20220818/UBNA_006/20220818_110000.WAV,Central Pond,recover-20220818,006,1795
1530.4915,1530.5004,37500.0,43692.0,Pipistrellus nathusii,0.187,0.266,-1,Echolocation,/mnt/ubna_data_01_mir/recover-20220818/UBNA_006/20220818_110000.WAV,Central Pond,recover-20220818,006,1795
1530.6915,1530.7008,39218.0,49059.0,Pipistrellus nathusii,0.552,0.586,-1,Echolocation,/mnt/ubna_data_01_mir/recover-20220818/UBNA_006/20220818_110000.WAV,Central Pond,recover-20220818,006,1795
1530.9895,1530.9989,37500.0,47080.0,Pipistrellus nathusii,0.493,0.56,-1,Echolocation,/mnt/ubna_data_01_mir/recover-20220818/UBNA_006/20220818_110000.WAV,Central Pond,recover-20220818,006,1795
1531.1015,1531.1104,40078.0,45118.0,Pipistrellus nathusii,0.217,0.244,-1,Echolocation,/mnt/ubna_data_01_mir/recover-20220818/UBNA_006/20220818_110000.WAV,Central Pond,recover-20220818,006,1795
1531.3005,1531.3078,39218.0,50771.0,Pipistrellus nathusii,0.436,0.483,-1,Echolocation,/mnt/ubna_data_01_mir/recover-20220818/UBNA_006/20220818_110000.WAV,Central Pond,recover-20220818,006,1795
1531.4185,1531.4258,38359.0,44841.0,Pipistrellus nathusii,0.257,0.346,-1,Echolocation,/mnt/ubna_data_01_mir/recover-20220818/UBNA_006/20220818_110000.WAV,Central Pond,recover-20220818,006,1795
1531.5255,1531.5339,39218.0,54734.0,Pipistrellus nathusii,0.576,0.645,-1,Echolocation,/mnt/ubna_data_01_mir/recover-20220818/UBNA_006/20220818_110000.WAV,Central Pond,recover-20220818,006,1795
1531.8155,1531.8235,40078.0,54271.0,Pipistrellus nathusii,0.624,0.699,-1,Echolocation,/mnt/ubna_data_01_mir/recover-20220818/UBNA_006/20220818_110000.WAV,Central Pond,recover-20220818,006,1795
1531.9355,1531.9453,38359.0,49111.0,Pipistrellus nathusii,0.459,0.556,-1,Echolocation,/mnt/ubna_data_01_mir/recover-20220818/UBNA_006/20220818_110000.WAV,Central Pond,recover-20220818,006,1795
1532.0495,1532.0574,37500.0,47867.0,Pipistrellus nathusii,0.426,0.492,-1,Echolocation,/mnt/ubna_data_01_mir/recover-20220818/UBNA_006/20220818_110000.WAV,Central Pond,recover-20220818,006,1795
1532.2525,1532.262,38359.0,48495.0,Pipistrellus nathusii,0.507,0.592,-1,Echolocation,/mnt/ubna_data_01_mir/recover-20220818/UBNA_006/20220818_110000.WAV,Central Pond,recover-20220818,006,1795
1532.3635,1532.375,38359.0,44669.0,Pipistrellus nathusii,0.459,0.477,-1,Echolocation,/mnt/ubna_data_01_mir/recover-20220818/UBNA_006/20220818_110000.WAV,Central Pond,recover-20220818,006,1795
1532.4745,1532.4845,37500.0,50030.0,Pipistrellus nathusii,0.5,0.566,-1,Echolocation,/mnt/ubna_data_01_mir/recover-20220818/UBNA_006/20220818_110000.WAV,Central Pond,recover-20220818,006,1795
1532.5885,1532.5994,38359.0,44686.0,Pipistrellus nathusii,0.466,0.5,-1,Echolocation,/mnt/ubna_data_01_mir/recover-20220818/UBNA_006/20220818_110000.WAV,Central Pond,recover-20220818,006,1795
1532.6965,1532.7057,37500.0,43602.0,Pipistrellus nathusii,0.337,0.387,-1,Echolocation,/mnt/ubna_data_01_mir/recover-20220818/UBNA_006/20220818_110000.WAV,Central Pond,recover-20220818,006,1795
1532.9105,1532.9187,37500.0,47605.0,Pipistrellus nathusii,0.308,0.37,-1,Echolocation,/mnt/ubna_data_01_mir/recover-20220818/UBNA_006/20220818_110000.WAV,Central Pond,recover-20220818,006,1795
1533.2155,1533.2238,40937.0,48945.0,Pipistrellus nathusii,0.268,0.305,-1,Echolocation,/mnt/ubna_data_01_mir/recover-20220818/UBNA_006/20220818_110000.WAV,Central Pond,recover-20220818,006,1795
1533.5285,1533.536,40078.0,46136.0,Pipistrellus nathusii,0.507,0.523,-1,Echolocation,/mnt/ubna_data_01_mir/recover-20220818/UBNA_006/20220818_110000.WAV,Central Pond,recover-20220818,006,1795
1533.8355,1533.8427,41796.0,50163.0,Pipistrellus nathusii,0.406,0.465,-1,Echolocation,/mnt/ubna_data_01_mir/recover-20220818/UBNA_006/20220818_110000.WAV,Central Pond,recover-20220818,006,1795
1536.5425,1536.5512,38359.0,45413.0,Pipistrellus nathusii,0.142,0.249,-1,Echolocation,/mnt/ubna_data_01_mir/recover-20220818/UBNA_006/20220818_110000.WAV,Central Pond,recover-20220818,006,1795
1577.5345,1577.5395,16875.0,36591.0,Plecotus austriacus,0.167,0.235,-1,Echolocation,/mnt/ubna_data_01_mir/recover-20220818/UBNA_006/20220818_110000.WAV,Central Pond,recover-20220818,006,1795
1619.5845,1619.5985,22031.0,26414.0,Nyctalus leisleri,0.218,0.445,-1,Echolocation,/mnt/ubna_data_01_mir/recover-20220818/UBNA_006/20220818_110000.WAV,Central Pond,recover-20220818,006,1795
1620.9425,1620.9559,23750.0,28047.0,Nyctalus leisleri,0.258,0.419,-1,Echolocation,/mnt/ubna_data_01_mir/recover-20220818/UBNA_006/20220818_110000.WAV,Central Pond,recover-20220818,006,1795
1622.0895,1622.1048,22890.0,26374.0,Nyctalus leisleri,0.428,0.542,-1,Echolocation,/mnt/ubna_data_01_mir/recover-20220818/UBNA_006/20220818_110000.WAV,Central Pond,recover-20220818,006,1795
1704.2855,1704.2901,17734.0,34680.0,Plecotus austriacus,0.157,0.201,-1,Echolocation,/mnt/ubna_data_01_mir/recover-20220818/UBNA_006/20220818_110000.WAV,Central Pond,recover-20220818,006,1795
1723.1685,1723.1778,23750.0,31049.0,Eptesicus serotinus,0.102,0.226,-1,Echolocation,/mnt/ubna_data_01_mir/recover-20220818/UBNA_006/20220818_110000.WAV,Central Pond,recover-20220818,006,1795
