start_time,end_time,low_freq,high_freq,class,class_prob,det_prob,individual,event,input_file,Site name,Recover Folder,SD Card,File Duration
0.8475,0.8643,25468.0,29988.0,Nyctalus leisleri,0.178,0.287,-1,Echolocation,/mnt/ubna_data_01_mir/recover-20220801/UBNA_005/20220729_060000.WAV,Central Pond,recover-20220801,005,1795
1.1665,1.1837,26328.0,29226.0,Nyctalus leisleri,0.356,0.411,-1,Echolocation,/mnt/ubna_data_01_mir/recover-20220801/UBNA_005/20220729_060000.WAV,Central Pond,recover-20220801,005,1795
1.9655,1.9831,26328.0,30480.0,Nyctalus leisleri,0.202,0.372,-1,Echolocation,/mnt/ubna_data_01_mir/recover-20220801/UBNA_005/20220729_060000.WAV,Central Pond,recover-20220801,005,1795
2.7875,2.8018,25468.0,29150.0,Nyctalus leisleri,0.392,0.437,-1,Echolocation,/mnt/ubna_data_01_mir/recover-20220801/UBNA_005/20220729_060000.WAV,Central Pond,recover-20220801,005,1795
3.0205,3.0411,25468.0,28984.0,Nyctalus leisleri,0.178,0.261,-1,Echolocation,/mnt/ubna_data_01_mir/recover-20220801/UBNA_005/20220729_060000.WAV,Central Pond,recover-20220801,005,1795
3.4755,3.4962,25468.0,28559.0,Nyctalus leisleri,0.259,0.334,-1,Echolocation,/mnt/ubna_data_01_mir/recover-20220801/UBNA_005/20220729_060000.WAV,Central Pond,recover-20220801,005,1795
4.0445,4.0685,25468.0,29393.0,Nyctalus leisleri,0.196,0.307,-1,Echolocation,/mnt/ubna_data_01_mir/recover-20220801/UBNA_005/20220729_060000.WAV,Central Pond,recover-20220801,005,1795
4.9485,4.968,25468.0,28529.0,Nyctalus leisleri,0.27,0.349,-1,Echolocation,/mnt/ubna_data_01_mir/recover-20220801/UBNA_005/20220729_060000.WAV,Central Pond,recover-20220801,005,1795
5.7695,5.7874,26328.0,29936.0,Nyctalus leisleri,0.155,0.262,-1,Echolocation,/mnt/ubna_data_01_mir/recover-20220801/UBNA_005/20220729_060000.WAV,Central Pond,recover-20220801,005,1795
6.5045,6.5276,25468.0,28737.0,Nyctalus leisleri,0.286,0.36,-1,Echolocation,/mnt/ubna_data_01_mir/recover-20220801/UBNA_005/20220729_060000.WAV,Central Pond,recover-20220801,005,1795
7.1775,7.1963,26328.0,29745.0,Nyctalus leisleri,0.271,0.361,-1,Echolocation,/mnt/ubna_data_01_mir/recover-20220801/UBNA_005/20220729_060000.WAV,Central Pond,recover-20220801,005,1795
7.7825,7.8031,26328.0,29496.0,Nyctalus leisleri,0.136,0.206,-1,Echolocation,/mnt/ubna_data_01_mir/recover-20220801/UBNA_005/20220729_060000.WAV,Central Pond,recover-20220801,005,1795
9.2705,9.2864,25468.0,28716.0,Nyctalus leisleri,0.373,0.462,-1,Echolocation,/mnt/ubna_data_01_mir/recover-20220801/UBNA_005/20220729_060000.WAV,Central Pond,recover-20220801,005,1795
10.0775,10.0966,25468.0,29307.0,Nyctalus leisleri,0.315,0.384,-1,Echolocation,/mnt/ubna_data_01_mir/recover-20220801/UBNA_005/20220729_060000.WAV,Central Pond,recover-20220801,005,1795
10.9005,10.9248,25468.0,28964.0,Nyctalus leisleri,0.172,0.237,-1,Echolocation,/mnt/ubna_data_01_mir/recover-20220801/UBNA_005/20220729_060000.WAV,Central Pond,recover-20220801,005,1795
11.4835,11.502,25468.0,28400.0,Nyctalus leisleri,0.375,0.478,-1,Echolocation,/mnt/ubna_data_01_mir/recover-20220801/UBNA_005/20220729_060000.WAV,Central Pond,recover-20220801,005,1795
11.6165,11.6358,26328.0,30271.0,Nyctalus leisleri,0.203,0.332,-1,Echolocation,/mnt/ubna_data_01_mir/recover-20220801/UBNA_005/20220729_060000.WAV,Central Pond,recover-20220801,005,1795
11.8595,11.8766,26328.0,30582.0,Nyctalus leisleri,0.34,0.513,-1,Echolocation,/mnt/ubna_data_01_mir/recover-20220801/UBNA_005/20220729_060000.WAV,Central Pond,recover-20220801,005,1795
12.0205,12.0385,26328.0,30627.0,Nyctalus leisleri,0.239,0.416,-1,Echolocation,/mnt/ubna_data_01_mir/recover-20220801/UBNA_005/20220729_060000.WAV,Central Pond,recover-20220801,005,1795
12.1615,12.1786,26328.0,30950.0,Eptesicus serotinus,0.153,0.344,-1,Echolocation,/mnt/ubna_data_01_mir/recover-20220801/UBNA_005/20220729_060000.WAV,Central Pond,recover-20220801,005,1795
12.2895,12.3078,27187.0,32055.0,Nyctalus leisleri,0.1,0.226,-1,Echolocation,/mnt/ubna_data_01_mir/recover-20220801/UBNA_005/20220729_060000.WAV,Central Pond,recover-20220801,005,1795
13.0725,13.0906,25468.0,29135.0,Nyctalus leisleri,0.214,0.298,-1,Echolocation,/mnt/ubna_data_01_mir/recover-20220801/UBNA_005/20220729_060000.WAV,Central Pond,recover-20220801,005,1795
13.4355,13.4536,25468.0,29430.0,Nyctalus leisleri,0.125,0.215,-1,Echolocation,/mnt/ubna_data_01_mir/recover-20220801/UBNA_005/20220729_060000.WAV,Central Pond,recover-20220801,005,1795
13.7885,13.8054,26328.0,29342.0,Nyctalus leisleri,0.322,0.421,-1,Echolocation,/mnt/ubna_data_01_mir/recover-20220801/UBNA_005/20220729_060000.WAV,Central Pond,recover-20220801,005,1795
17.0555,17.0718,25468.0,29193.0,Nyctalus leisleri,0.117,0.201,-1,Echolocation,/mnt/ubna_data_01_mir/recover-20220801/UBNA_005/20220729_060000.WAV,Central Pond,recover-20220801,005,1795
18.0455,18.0588,25468.0,29993.0,Nyctalus leisleri,0.201,0.39,-1,Echolocation,/mnt/ubna_data_01_mir/recover-20220801/UBNA_005/20220729_060000.WAV,Central Pond,recover-20220801,005,1795
18.7995,18.818,24609.0,28438.0,Nyctalus leisleri,0.14,0.235,-1,Echolocation,/mnt/ubna_data_01_mir/recover-20220801/UBNA_005/20220729_060000.WAV,Central Pond,recover-20220801,005,1795
21.0415,21.0506,23750.0,30748.0,Eptesicus serotinus,0.071,0.204,-1,Echolocation,/mnt/ubna_data_01_mir/recover-20220801/UBNA_005/20220729_060000.WAV,Central Pond,recover-20220801,005,1795
27.1555,27.174,26328.0,28852.0,Nyctalus leisleri,0.232,0.321,-1,Echolocation,/mnt/ubna_data_01_mir/recover-20220801/UBNA_005/20220729_060000.WAV,Central Pond,recover-20220801,005,1795
28.2355,28.2515,25468.0,28983.0,Nyctalus leisleri,0.221,0.323,-1,Echolocation,/mnt/ubna_data_01_mir/recover-20220801/UBNA_005/20220729_060000.WAV,Central Pond,recover-20220801,005,1795
28.9805,29.0003,26328.0,29351.0,Nyctalus leisleri,0.157,0.225,-1,Echolocation,/mnt/ubna_data_01_mir/recover-20220801/UBNA_005/20220729_060000.WAV,Central Pond,recover-20220801,005,1795
31.2745,31.2923,26328.0,29587.0,Nyctalus leisleri,0.229,0.33,-1,Echolocation,/mnt/ubna_data_01_mir/recover-20220801/UBNA_005/20220729_060000.WAV,Central Pond,recover-20220801,005,1795
32.4915,32.5078,26328.0,28581.0,Nyctalus leisleri,0.384,0.469,-1,Echolocation,/mnt/ubna_data_01_mir/recover-20220801/UBNA_005/20220729_060000.WAV,Central Pond,recover-20220801,005,1795
37.1485,37.1673,26328.0,29362.0,Nyctalus leisleri,0.271,0.361,-1,Echolocation,/mnt/ubna_data_01_mir/recover-20220801/UBNA_005/20220729_060000.WAV,Central Pond,recover-20220801,005,1795
37.8455,37.8697,25468.0,28727.0,Nyctalus leisleri,0.141,0.22,-1,Echolocation,/mnt/ubna_data_01_mir/recover-20220801/UBNA_005/20220729_060000.WAV,Central Pond,recover-20220801,005,1795
40.9935,41.0095,25468.0,29145.0,Nyctalus leisleri,0.184,0.287,-1,Echolocation,/mnt/ubna_data_01_mir/recover-20220801/UBNA_005/20220729_060000.WAV,Central Pond,recover-20220801,005,1795
48.0015,48.007400000000004,16015.0,29455.0,Plecotus auritus,0.114,0.201,-1,Echolocation,/mnt/ubna_data_01_mir/recover-20220801/UBNA_005/20220729_060000.WAV,Central Pond,recover-20220801,005,1795
49.442499999999995,49.4591,26328.0,29222.0,Nyctalus leisleri,0.415,0.495,-1,Echolocation,/mnt/ubna_data_01_mir/recover-20220801/UBNA_005/20220729_060000.WAV,Central Pond,recover-20220801,005,1795
50.427499999999995,50.4463,25468.0,28993.0,Nyctalus leisleri,0.234,0.332,-1,Echolocation,/mnt/ubna_data_01_mir/recover-20220801/UBNA_005/20220729_060000.WAV,Central Pond,recover-20220801,005,1795
50.585499999999996,50.6078,26328.0,29493.0,Nyctalus leisleri,0.147,0.251,-1,Echolocation,/mnt/ubna_data_01_mir/recover-20220801/UBNA_005/20220729_060000.WAV,Central Pond,recover-20220801,005,1795
51.825500000000005,51.847899999999996,25468.0,29412.0,Nyctalus leisleri,0.163,0.247,-1,Echolocation,/mnt/ubna_data_01_mir/recover-20220801/UBNA_005/20220729_060000.WAV,Central Pond,recover-20220801,005,1795
52.5145,52.534099999999995,26328.0,29767.0,Nyctalus leisleri,0.167,0.253,-1,Echolocation,/mnt/ubna_data_01_mir/recover-20220801/UBNA_005/20220729_060000.WAV,Central Pond,recover-20220801,005,1795
54.072500000000005,54.0923,25468.0,28554.0,Nyctalus leisleri,0.219,0.312,-1,Echolocation,/mnt/ubna_data_01_mir/recover-20220801/UBNA_005/20220729_060000.WAV,Central Pond,recover-20220801,005,1795
54.3335,54.3441,35781.0,40268.0,Pipistrellus nathusii,0.196,0.316,-1,Echolocation,/mnt/ubna_data_01_mir/recover-20220801/UBNA_005/20220729_060000.WAV,Central Pond,recover-20220801,005,1795
54.8985,54.9157,26328.0,29280.0,Nyctalus leisleri,0.27,0.344,-1,Echolocation,/mnt/ubna_data_01_mir/recover-20220801/UBNA_005/20220729_060000.WAV,Central Pond,recover-20220801,005,1795
55.808499999999995,55.819199999999995,38359.0,43594.0,Pipistrellus nathusii,0.195,0.245,-1,Echolocation,/mnt/ubna_data_01_mir/recover-20220801/UBNA_005/20220729_060000.WAV,Central Pond,recover-20220801,005,1795
55.9075,55.917,38359.0,46092.0,Pipistrellus nathusii,0.431,0.557,-1,Echolocation,/mnt/ubna_data_01_mir/recover-20220801/UBNA_005/20220729_060000.WAV,Central Pond,recover-20220801,005,1795
56.0085,56.0176,38359.0,43145.0,Pipistrellus nathusii,0.202,0.219,-1,Echolocation,/mnt/ubna_data_01_mir/recover-20220801/UBNA_005/20220729_060000.WAV,Central Pond,recover-20220801,005,1795
56.2155,56.2367,26328.0,29503.0,Nyctalus leisleri,0.147,0.232,-1,Echolocation,/mnt/ubna_data_01_mir/recover-20220801/UBNA_005/20220729_060000.WAV,Central Pond,recover-20220801,005,1795
56.692499999999995,56.702600000000004,38359.0,44824.0,Pipistrellus nathusii,0.467,0.549,-1,Echolocation,/mnt/ubna_data_01_mir/recover-20220801/UBNA_005/20220729_060000.WAV,Central Pond,recover-20220801,005,1795
56.8905,56.9019,38359.0,43999.0,Pipistrellus nathusii,0.394,0.45,-1,Echolocation,/mnt/ubna_data_01_mir/recover-20220801/UBNA_005/20220729_060000.WAV,Central Pond,recover-20220801,005,1795
57.3705,57.390299999999996,25468.0,28593.0,Nyctalus leisleri,0.217,0.305,-1,Echolocation,/mnt/ubna_data_01_mir/recover-20220801/UBNA_005/20220729_060000.WAV,Central Pond,recover-20220801,005,1795
57.579499999999996,57.5934,38359.0,44693.0,Pipistrellus nathusii,0.325,0.396,-1,Echolocation,/mnt/ubna_data_01_mir/recover-20220801/UBNA_005/20220729_060000.WAV,Central Pond,recover-20220801,005,1795
57.9655,57.9865,25468.0,29036.0,Nyctalus leisleri,0.275,0.357,-1,Echolocation,/mnt/ubna_data_01_mir/recover-20220801/UBNA_005/20220729_060000.WAV,Central Pond,recover-20220801,005,1795
57.9835,57.9929,38359.0,42734.0,Pipistrellus nathusii,0.244,0.267,-1,Echolocation,/mnt/ubna_data_01_mir/recover-20220801/UBNA_005/20220729_060000.WAV,Central Pond,recover-20220801,005,1795
61.6505,61.6631,27187.0,31879.0,Nyctalus leisleri,0.229,0.395,-1,Echolocation,/mnt/ubna_data_01_mir/recover-20220801/UBNA_005/20220729_060000.WAV,Central Pond,recover-20220801,005,1795
61.7515,61.7632,28046.0,32243.0,Eptesicus serotinus,0.133,0.29,-1,Echolocation,/mnt/ubna_data_01_mir/recover-20220801/UBNA_005/20220729_060000.WAV,Central Pond,recover-20220801,005,1795
62.5015,62.5164,25468.0,29189.0,Nyctalus leisleri,0.409,0.557,-1,Echolocation,/mnt/ubna_data_01_mir/recover-20220801/UBNA_005/20220729_060000.WAV,Central Pond,recover-20220801,005,1795
63.1905,63.2085,25468.0,28704.0,Nyctalus leisleri,0.285,0.352,-1,Echolocation,/mnt/ubna_data_01_mir/recover-20220801/UBNA_005/20220729_060000.WAV,Central Pond,recover-20220801,005,1795
63.9305,63.9468,25468.0,29016.0,Nyctalus leisleri,0.464,0.556,-1,Echolocation,/mnt/ubna_data_01_mir/recover-20220801/UBNA_005/20220729_060000.WAV,Central Pond,recover-20220801,005,1795
65.4805,65.5047,24609.0,28761.0,Nyctalus leisleri,0.164,0.277,-1,Echolocation,/mnt/ubna_data_01_mir/recover-20220801/UBNA_005/20220729_060000.WAV,Central Pond,recover-20220801,005,1795
65.6515,65.6698,26328.0,30335.0,Nyctalus leisleri,0.129,0.225,-1,Echolocation,/mnt/ubna_data_01_mir/recover-20220801/UBNA_005/20220729_060000.WAV,Central Pond,recover-20220801,005,1795
66.5515,66.5723,23750.0,27675.0,Nyctalus leisleri,0.272,0.37,-1,Echolocation,/mnt/ubna_data_01_mir/recover-20220801/UBNA_005/20220729_060000.WAV,Central Pond,recover-20220801,005,1795
67.2835,67.3099,23750.0,28661.0,Nyctalus leisleri,0.107,0.224,-1,Echolocation,/mnt/ubna_data_01_mir/recover-20220801/UBNA_005/20220729_060000.WAV,Central Pond,recover-20220801,005,1795
67.6795,67.6982,23750.0,28395.0,Nyctalus leisleri,0.246,0.351,-1,Echolocation,/mnt/ubna_data_01_mir/recover-20220801/UBNA_005/20220729_060000.WAV,Central Pond,recover-20220801,005,1795
67.9115,67.9316,25468.0,28835.0,Nyctalus leisleri,0.224,0.33,-1,Echolocation,/mnt/ubna_data_01_mir/recover-20220801/UBNA_005/20220729_060000.WAV,Central Pond,recover-20220801,005,1795
67.9335,67.95439999999999,23750.0,27778.0,Nyctalus leisleri,0.123,0.224,-1,Echolocation,/mnt/ubna_data_01_mir/recover-20220801/UBNA_005/20220729_060000.WAV,Central Pond,recover-20220801,005,1795
68.3515,68.37219999999999,27187.0,31107.0,Nyctalus leisleri,0.138,0.233,-1,Echolocation,/mnt/ubna_data_01_mir/recover-20220801/UBNA_005/20220729_060000.WAV,Central Pond,recover-20220801,005,1795
68.6405,68.65559999999999,27187.0,31485.0,Nyctalus leisleri,0.108,0.217,-1,Echolocation,/mnt/ubna_data_01_mir/recover-20220801/UBNA_005/20220729_060000.WAV,Central Pond,recover-20220801,005,1795
69.4425,69.4667,24609.0,27169.0,Nyctalus leisleri,0.378,0.437,-1,Echolocation,/mnt/ubna_data_01_mir/recover-20220801/UBNA_005/20220729_060000.WAV,Central Pond,recover-20220801,005,1795
69.8235,69.8449,25468.0,28732.0,Nyctalus leisleri,0.25,0.319,-1,Echolocation,/mnt/ubna_data_01_mir/recover-20220801/UBNA_005/20220729_060000.WAV,Central Pond,recover-20220801,005,1795
70.0585,70.0797,22890.0,27083.0,Nyctalus leisleri,0.102,0.213,-1,Echolocation,/mnt/ubna_data_01_mir/recover-20220801/UBNA_005/20220729_060000.WAV,Central Pond,recover-20220801,005,1795
70.3185,70.3399,25468.0,29074.0,Nyctalus leisleri,0.194,0.305,-1,Echolocation,/mnt/ubna_data_01_mir/recover-20220801/UBNA_005/20220729_060000.WAV,Central Pond,recover-20220801,005,1795
70.7785,70.7987,25468.0,29000.0,Nyctalus leisleri,0.14,0.229,-1,Echolocation,/mnt/ubna_data_01_mir/recover-20220801/UBNA_005/20220729_060000.WAV,Central Pond,recover-20220801,005,1795
71.1165,71.1377,25468.0,29026.0,Nyctalus leisleri,0.216,0.294,-1,Echolocation,/mnt/ubna_data_01_mir/recover-20220801/UBNA_005/20220729_060000.WAV,Central Pond,recover-20220801,005,1795
71.9465,71.9657,25468.0,29093.0,Nyctalus leisleri,0.183,0.276,-1,Echolocation,/mnt/ubna_data_01_mir/recover-20220801/UBNA_005/20220729_060000.WAV,Central Pond,recover-20220801,005,1795
72.3165,72.342,24609.0,28397.0,Nyctalus leisleri,0.108,0.215,-1,Echolocation,/mnt/ubna_data_01_mir/recover-20220801/UBNA_005/20220729_060000.WAV,Central Pond,recover-20220801,005,1795
73.8935,73.9168,25468.0,28958.0,Nyctalus leisleri,0.179,0.251,-1,Echolocation,/mnt/ubna_data_01_mir/recover-20220801/UBNA_005/20220729_060000.WAV,Central Pond,recover-20220801,005,1795
86.4085,86.43,25468.0,29216.0,Nyctalus leisleri,0.152,0.223,-1,Echolocation,/mnt/ubna_data_01_mir/recover-20220801/UBNA_005/20220729_060000.WAV,Central Pond,recover-20220801,005,1795
88.7995,88.8183,25468.0,28725.0,Nyctalus leisleri,0.138,0.208,-1,Echolocation,/mnt/ubna_data_01_mir/recover-20220801/UBNA_005/20220729_060000.WAV,Central Pond,recover-20220801,005,1795
88.9345,88.9565,26328.0,29663.0,Nyctalus leisleri,0.16,0.264,-1,Echolocation,/mnt/ubna_data_01_mir/recover-20220801/UBNA_005/20220729_060000.WAV,Central Pond,recover-20220801,005,1795
89.0855,89.1055,26328.0,29624.0,Nyctalus leisleri,0.171,0.237,-1,Echolocation,/mnt/ubna_data_01_mir/recover-20220801/UBNA_005/20220729_060000.WAV,Central Pond,recover-20220801,005,1795
89.60249999999999,89.6251,26328.0,30139.0,Nyctalus leisleri,0.158,0.233,-1,Echolocation,/mnt/ubna_data_01_mir/recover-20220801/UBNA_005/20220729_060000.WAV,Central Pond,recover-20220801,005,1795
89.7765,89.7945,27187.0,30617.0,Nyctalus leisleri,0.115,0.21,-1,Echolocation,/mnt/ubna_data_01_mir/recover-20220801/UBNA_005/20220729_060000.WAV,Central Pond,recover-20220801,005,1795
89.95349999999999,89.9684,40078.0,44198.0,Pipistrellus nathusii,0.189,0.212,-1,Echolocation,/mnt/ubna_data_01_mir/recover-20220801/UBNA_005/20220729_060000.WAV,Central Pond,recover-20220801,005,1795
89.95349999999999,89.97,23750.0,26999.0,Nyctalus leisleri,0.263,0.374,-1,Echolocation,/mnt/ubna_data_01_mir/recover-20220801/UBNA_005/20220729_060000.WAV,Central Pond,recover-20220801,005,1795
90.8245,90.8463,25468.0,28612.0,Nyctalus leisleri,0.346,0.431,-1,Echolocation,/mnt/ubna_data_01_mir/recover-20220801/UBNA_005/20220729_060000.WAV,Central Pond,recover-20220801,005,1795
91.5095,91.5309,25468.0,28892.0,Nyctalus leisleri,0.216,0.305,-1,Echolocation,/mnt/ubna_data_01_mir/recover-20220801/UBNA_005/20220729_060000.WAV,Central Pond,recover-20220801,005,1795
91.8805,91.9017,25468.0,29530.0,Nyctalus leisleri,0.158,0.231,-1,Echolocation,/mnt/ubna_data_01_mir/recover-20220801/UBNA_005/20220729_060000.WAV,Central Pond,recover-20220801,005,1795
92.3685,92.3913,25468.0,29160.0,Nyctalus leisleri,0.251,0.352,-1,Echolocation,/mnt/ubna_data_01_mir/recover-20220801/UBNA_005/20220729_060000.WAV,Central Pond,recover-20220801,005,1795
92.9695,92.9874,26328.0,28981.0,Nyctalus leisleri,0.34,0.454,-1,Echolocation,/mnt/ubna_data_01_mir/recover-20220801/UBNA_005/20220729_060000.WAV,Central Pond,recover-20220801,005,1795
93.5725,93.5953,26328.0,30205.0,Nyctalus leisleri,0.167,0.279,-1,Echolocation,/mnt/ubna_data_01_mir/recover-20220801/UBNA_005/20220729_060000.WAV,Central Pond,recover-20220801,005,1795
93.9495,93.965,26328.0,30206.0,Nyctalus leisleri,0.31,0.447,-1,Echolocation,/mnt/ubna_data_01_mir/recover-20220801/UBNA_005/20220729_060000.WAV,Central Pond,recover-20220801,005,1795
94.6905,94.7099,26328.0,29478.0,Nyctalus leisleri,0.162,0.243,-1,Echolocation,/mnt/ubna_data_01_mir/recover-20220801/UBNA_005/20220729_060000.WAV,Central Pond,recover-20220801,005,1795
94.88550000000001,94.9032,27187.0,30958.0,Nyctalus leisleri,0.224,0.329,-1,Echolocation,/mnt/ubna_data_01_mir/recover-20220801/UBNA_005/20220729_060000.WAV,Central Pond,recover-20220801,005,1795
95.9065,95.9317,24609.0,28834.0,Nyctalus leisleri,0.147,0.265,-1,Echolocation,/mnt/ubna_data_01_mir/recover-20220801/UBNA_005/20220729_060000.WAV,Central Pond,recover-20220801,005,1795
100.0995,100.1178,25468.0,29686.0,Nyctalus leisleri,0.121,0.201,-1,Echolocation,/mnt/ubna_data_01_mir/recover-20220801/UBNA_005/20220729_060000.WAV,Central Pond,recover-20220801,005,1795
101.1975,101.2055,20312.0,28257.0,Plecotus austriacus,0.11,0.228,-1,Echolocation,/mnt/ubna_data_01_mir/recover-20220801/UBNA_005/20220729_060000.WAV,Central Pond,recover-20220801,005,1795
101.3285,101.3505,25468.0,29071.0,Nyctalus leisleri,0.189,0.252,-1,Echolocation,/mnt/ubna_data_01_mir/recover-20220801/UBNA_005/20220729_060000.WAV,Central Pond,recover-20220801,005,1795
102.5515,102.5692,25468.0,29027.0,Nyctalus leisleri,0.271,0.367,-1,Echolocation,/mnt/ubna_data_01_mir/recover-20220801/UBNA_005/20220729_060000.WAV,Central Pond,recover-20220801,005,1795
103.3775,103.3959,25468.0,29430.0,Nyctalus leisleri,0.41,0.504,-1,Echolocation,/mnt/ubna_data_01_mir/recover-20220801/UBNA_005/20220729_060000.WAV,Central Pond,recover-20220801,005,1795
104.2575,104.2772,26328.0,29894.0,Nyctalus leisleri,0.138,0.224,-1,Echolocation,/mnt/ubna_data_01_mir/recover-20220801/UBNA_005/20220729_060000.WAV,Central Pond,recover-20220801,005,1795
104.37049999999999,104.3874,26328.0,29641.0,Nyctalus leisleri,0.276,0.398,-1,Echolocation,/mnt/ubna_data_01_mir/recover-20220801/UBNA_005/20220729_060000.WAV,Central Pond,recover-20220801,005,1795
104.7845,104.8034,25468.0,28489.0,Nyctalus leisleri,0.168,0.244,-1,Echolocation,/mnt/ubna_data_01_mir/recover-20220801/UBNA_005/20220729_060000.WAV,Central Pond,recover-20220801,005,1795
105.2575,105.2718,25468.0,29814.0,Nyctalus leisleri,0.192,0.337,-1,Echolocation,/mnt/ubna_data_01_mir/recover-20220801/UBNA_005/20220729_060000.WAV,Central Pond,recover-20220801,005,1795
105.4495,105.46979999999999,26328.0,30076.0,Nyctalus leisleri,0.308,0.442,-1,Echolocation,/mnt/ubna_data_01_mir/recover-20220801/UBNA_005/20220729_060000.WAV,Central Pond,recover-20220801,005,1795
105.6635,105.6799,27187.0,30306.0,Nyctalus leisleri,0.238,0.341,-1,Echolocation,/mnt/ubna_data_01_mir/recover-20220801/UBNA_005/20220729_060000.WAV,Central Pond,recover-20220801,005,1795
105.9435,105.9637,27187.0,31433.0,Nyctalus leisleri,0.205,0.353,-1,Echolocation,/mnt/ubna_data_01_mir/recover-20220801/UBNA_005/20220729_060000.WAV,Central Pond,recover-20220801,005,1795
106.0805,106.098,27187.0,30867.0,Nyctalus leisleri,0.208,0.301,-1,Echolocation,/mnt/ubna_data_01_mir/recover-20220801/UBNA_005/20220729_060000.WAV,Central Pond,recover-20220801,005,1795
107.0795,107.1003,25468.0,29124.0,Nyctalus leisleri,0.213,0.356,-1,Echolocation,/mnt/ubna_data_01_mir/recover-20220801/UBNA_005/20220729_060000.WAV,Central Pond,recover-20220801,005,1795
107.4375,107.4589,25468.0,29604.0,Nyctalus leisleri,0.147,0.231,-1,Echolocation,/mnt/ubna_data_01_mir/recover-20220801/UBNA_005/20220729_060000.WAV,Central Pond,recover-20220801,005,1795
107.9285,107.9476,25468.0,28925.0,Nyctalus leisleri,0.299,0.38,-1,Echolocation,/mnt/ubna_data_01_mir/recover-20220801/UBNA_005/20220729_060000.WAV,Central Pond,recover-20220801,005,1795
108.0485,108.0667,27187.0,30628.0,Nyctalus leisleri,0.238,0.331,-1,Echolocation,/mnt/ubna_data_01_mir/recover-20220801/UBNA_005/20220729_060000.WAV,Central Pond,recover-20220801,005,1795
108.1365,108.1498,27187.0,31592.0,Nyctalus leisleri,0.352,0.497,-1,Echolocation,/mnt/ubna_data_01_mir/recover-20220801/UBNA_005/20220729_060000.WAV,Central Pond,recover-20220801,005,1795
108.4025,108.4222,26328.0,29346.0,Nyctalus leisleri,0.28,0.375,-1,Echolocation,/mnt/ubna_data_01_mir/recover-20220801/UBNA_005/20220729_060000.WAV,Central Pond,recover-20220801,005,1795
108.8685,108.886,25468.0,28887.0,Nyctalus leisleri,0.336,0.407,-1,Echolocation,/mnt/ubna_data_01_mir/recover-20220801/UBNA_005/20220729_060000.WAV,Central Pond,recover-20220801,005,1795
109.5705,109.5889,25468.0,28614.0,Nyctalus leisleri,0.266,0.301,-1,Echolocation,/mnt/ubna_data_01_mir/recover-20220801/UBNA_005/20220729_060000.WAV,Central Pond,recover-20220801,005,1795
109.9245,109.9461,25468.0,29270.0,Nyctalus leisleri,0.168,0.252,-1,Echolocation,/mnt/ubna_data_01_mir/recover-20220801/UBNA_005/20220729_060000.WAV,Central Pond,recover-20220801,005,1795
110.0365,110.0529,27187.0,31362.0,Nyctalus leisleri,0.341,0.521,-1,Echolocation,/mnt/ubna_data_01_mir/recover-20220801/UBNA_005/20220729_060000.WAV,Central Pond,recover-20220801,005,1795
110.3755,110.3948,26328.0,29421.0,Nyctalus leisleri,0.354,0.421,-1,Echolocation,/mnt/ubna_data_01_mir/recover-20220801/UBNA_005/20220729_060000.WAV,Central Pond,recover-20220801,005,1795
110.9725,110.9948,26328.0,29242.0,Nyctalus leisleri,0.146,0.211,-1,Echolocation,/mnt/ubna_data_01_mir/recover-20220801/UBNA_005/20220729_060000.WAV,Central Pond,recover-20220801,005,1795
111.0675,111.08670000000001,27187.0,32003.0,Nyctalus leisleri,0.186,0.352,-1,Echolocation,/mnt/ubna_data_01_mir/recover-20220801/UBNA_005/20220729_060000.WAV,Central Pond,recover-20220801,005,1795
111.3325,111.3511,25468.0,29071.0,Nyctalus leisleri,0.29,0.387,-1,Echolocation,/mnt/ubna_data_01_mir/recover-20220801/UBNA_005/20220729_060000.WAV,Central Pond,recover-20220801,005,1795
111.6825,111.7056,25468.0,28930.0,Nyctalus leisleri,0.247,0.318,-1,Echolocation,/mnt/ubna_data_01_mir/recover-20220801/UBNA_005/20220729_060000.WAV,Central Pond,recover-20220801,005,1795
111.91550000000001,111.9411,26328.0,29525.0,Nyctalus leisleri,0.131,0.204,-1,Echolocation,/mnt/ubna_data_01_mir/recover-20220801/UBNA_005/20220729_060000.WAV,Central Pond,recover-20220801,005,1795
112.1305,112.1525,26328.0,30090.0,Nyctalus leisleri,0.171,0.318,-1,Echolocation,/mnt/ubna_data_01_mir/recover-20220801/UBNA_005/20220729_060000.WAV,Central Pond,recover-20220801,005,1795
112.6095,112.6347,25468.0,29047.0,Nyctalus leisleri,0.175,0.253,-1,Echolocation,/mnt/ubna_data_01_mir/recover-20220801/UBNA_005/20220729_060000.WAV,Central Pond,recover-20220801,005,1795
114.0585,114.0798,25468.0,29111.0,Nyctalus leisleri,0.218,0.311,-1,Echolocation,/mnt/ubna_data_01_mir/recover-20220801/UBNA_005/20220729_060000.WAV,Central Pond,recover-20220801,005,1795
118.4115,118.434,24609.0,27990.0,Nyctalus leisleri,0.262,0.33,-1,Echolocation,/mnt/ubna_data_01_mir/recover-20220801/UBNA_005/20220729_060000.WAV,Central Pond,recover-20220801,005,1795
120.4485,120.465,23750.0,27747.0,Nyctalus leisleri,0.106,0.253,-1,Echolocation,/mnt/ubna_data_01_mir/recover-20220801/UBNA_005/20220729_060000.WAV,Central Pond,recover-20220801,005,1795
121.5405,121.5662,22890.0,27663.0,Nyctalus noctula,0.128,0.244,-1,Echolocation,/mnt/ubna_data_01_mir/recover-20220801/UBNA_005/20220729_060000.WAV,Central Pond,recover-20220801,005,1795
122.3695,122.3843,24609.0,28639.0,Nyctalus leisleri,0.261,0.386,-1,Echolocation,/mnt/ubna_data_01_mir/recover-20220801/UBNA_005/20220729_060000.WAV,Central Pond,recover-20220801,005,1795
123.2935,123.3132,23750.0,27541.0,Nyctalus leisleri,0.154,0.224,-1,Echolocation,/mnt/ubna_data_01_mir/recover-20220801/UBNA_005/20220729_060000.WAV,Central Pond,recover-20220801,005,1795
124.1135,124.133,23750.0,29061.0,Nyctalus leisleri,0.091,0.213,-1,Echolocation,/mnt/ubna_data_01_mir/recover-20220801/UBNA_005/20220729_060000.WAV,Central Pond,recover-20220801,005,1795
124.7375,124.7539,23750.0,27886.0,Nyctalus leisleri,0.152,0.279,-1,Echolocation,/mnt/ubna_data_01_mir/recover-20220801/UBNA_005/20220729_060000.WAV,Central Pond,recover-20220801,005,1795
125.2305,125.2506,24609.0,28902.0,Nyctalus leisleri,0.211,0.337,-1,Echolocation,/mnt/ubna_data_01_mir/recover-20220801/UBNA_005/20220729_060000.WAV,Central Pond,recover-20220801,005,1795
125.7695,125.7918,23750.0,28112.0,Nyctalus leisleri,0.214,0.308,-1,Echolocation,/mnt/ubna_data_01_mir/recover-20220801/UBNA_005/20220729_060000.WAV,Central Pond,recover-20220801,005,1795
136.1775,136.196,25468.0,29241.0,Nyctalus leisleri,0.206,0.302,-1,Echolocation,/mnt/ubna_data_01_mir/recover-20220801/UBNA_005/20220729_060000.WAV,Central Pond,recover-20220801,005,1795
137.2635,137.2817,25468.0,28823.0,Nyctalus leisleri,0.267,0.344,-1,Echolocation,/mnt/ubna_data_01_mir/recover-20220801/UBNA_005/20220729_060000.WAV,Central Pond,recover-20220801,005,1795
138.7135,138.73329999999999,25468.0,28686.0,Nyctalus leisleri,0.205,0.273,-1,Echolocation,/mnt/ubna_data_01_mir/recover-20220801/UBNA_005/20220729_060000.WAV,Central Pond,recover-20220801,005,1795
139.2975,139.3143,25468.0,30187.0,Nyctalus leisleri,0.203,0.322,-1,Echolocation,/mnt/ubna_data_01_mir/recover-20220801/UBNA_005/20220729_060000.WAV,Central Pond,recover-20220801,005,1795
160.5235,160.5428,25468.0,29323.0,Nyctalus leisleri,0.255,0.37,-1,Echolocation,/mnt/ubna_data_01_mir/recover-20220801/UBNA_005/20220729_060000.WAV,Central Pond,recover-20220801,005,1795
160.9255,160.9406,26328.0,29651.0,Nyctalus leisleri,0.398,0.524,-1,Echolocation,/mnt/ubna_data_01_mir/recover-20220801/UBNA_005/20220729_060000.WAV,Central Pond,recover-20220801,005,1795
161.0845,161.0999,27187.0,31541.0,Nyctalus leisleri,0.325,0.52,-1,Echolocation,/mnt/ubna_data_01_mir/recover-20220801/UBNA_005/20220729_060000.WAV,Central Pond,recover-20220801,005,1795
161.3365,161.3565,26328.0,29328.0,Nyctalus leisleri,0.295,0.372,-1,Echolocation,/mnt/ubna_data_01_mir/recover-20220801/UBNA_005/20220729_060000.WAV,Central Pond,recover-20220801,005,1795
161.8125,161.8302,26328.0,30082.0,Nyctalus leisleri,0.285,0.414,-1,Echolocation,/mnt/ubna_data_01_mir/recover-20220801/UBNA_005/20220729_060000.WAV,Central Pond,recover-20220801,005,1795
162.7075,162.7261,26328.0,29402.0,Nyctalus leisleri,0.171,0.256,-1,Echolocation,/mnt/ubna_data_01_mir/recover-20220801/UBNA_005/20220729_060000.WAV,Central Pond,recover-20220801,005,1795
162.8385,162.8565,27187.0,30648.0,Nyctalus leisleri,0.356,0.448,-1,Echolocation,/mnt/ubna_data_01_mir/recover-20220801/UBNA_005/20220729_060000.WAV,Central Pond,recover-20220801,005,1795
163.0785,163.097,26328.0,29408.0,Nyctalus leisleri,0.331,0.474,-1,Echolocation,/mnt/ubna_data_01_mir/recover-20220801/UBNA_005/20220729_060000.WAV,Central Pond,recover-20220801,005,1795
163.5685,163.5829,27187.0,30786.0,Nyctalus leisleri,0.299,0.42,-1,Echolocation,/mnt/ubna_data_01_mir/recover-20220801/UBNA_005/20220729_060000.WAV,Central Pond,recover-20220801,005,1795
163.8885,163.9047,25468.0,29053.0,Nyctalus leisleri,0.43,0.557,-1,Echolocation,/mnt/ubna_data_01_mir/recover-20220801/UBNA_005/20220729_060000.WAV,Central Pond,recover-20220801,005,1795
164.2255,164.248,25468.0,28727.0,Nyctalus leisleri,0.298,0.383,-1,Echolocation,/mnt/ubna_data_01_mir/recover-20220801/UBNA_005/20220729_060000.WAV,Central Pond,recover-20220801,005,1795
164.7925,164.8151,25468.0,29334.0,Nyctalus leisleri,0.209,0.333,-1,Echolocation,/mnt/ubna_data_01_mir/recover-20220801/UBNA_005/20220729_060000.WAV,Central Pond,recover-20220801,005,1795
176.3505,176.3693,26328.0,29695.0,Nyctalus leisleri,0.217,0.299,-1,Echolocation,/mnt/ubna_data_01_mir/recover-20220801/UBNA_005/20220729_060000.WAV,Central Pond,recover-20220801,005,1795
176.5785,176.5974,26328.0,29046.0,Nyctalus leisleri,0.27,0.371,-1,Echolocation,/mnt/ubna_data_01_mir/recover-20220801/UBNA_005/20220729_060000.WAV,Central Pond,recover-20220801,005,1795
177.5375,177.5563,26328.0,29732.0,Nyctalus leisleri,0.322,0.424,-1,Echolocation,/mnt/ubna_data_01_mir/recover-20220801/UBNA_005/20220729_060000.WAV,Central Pond,recover-20220801,005,1795
210.5425,210.5518,20312.0,27833.0,Plecotus austriacus,0.092,0.267,-1,Echolocation,/mnt/ubna_data_01_mir/recover-20220801/UBNA_005/20220729_060000.WAV,Central Pond,recover-20220801,005,1795
221.2465,221.2633,22890.0,26247.0,Nyctalus leisleri,0.128,0.24,-1,Echolocation,/mnt/ubna_data_01_mir/recover-20220801/UBNA_005/20220729_060000.WAV,Central Pond,recover-20220801,005,1795
236.0625,236.0738,41796.0,45946.0,Pipistrellus nathusii,0.202,0.211,-1,Echolocation,/mnt/ubna_data_01_mir/recover-20220801/UBNA_005/20220729_060000.WAV,Central Pond,recover-20220801,005,1795
236.3175,236.327,40078.0,46247.0,Pipistrellus nathusii,0.204,0.217,-1,Echolocation,/mnt/ubna_data_01_mir/recover-20220801/UBNA_005/20220729_060000.WAV,Central Pond,recover-20220801,005,1795
236.6765,236.68619999999999,40078.0,50019.0,Pipistrellus nathusii,0.304,0.326,-1,Echolocation,/mnt/ubna_data_01_mir/recover-20220801/UBNA_005/20220729_060000.WAV,Central Pond,recover-20220801,005,1795
236.9625,236.9715,40078.0,49193.0,Pipistrellus nathusii,0.548,0.581,-1,Echolocation,/mnt/ubna_data_01_mir/recover-20220801/UBNA_005/20220729_060000.WAV,Central Pond,recover-20220801,005,1795
237.0495,237.0581,41796.0,49944.0,Pipistrellus nathusii,0.57,0.639,-1,Echolocation,/mnt/ubna_data_01_mir/recover-20220801/UBNA_005/20220729_060000.WAV,Central Pond,recover-20220801,005,1795
237.1695,237.1774,41796.0,48991.0,Pipistrellus nathusii,0.27,0.304,-1,Echolocation,/mnt/ubna_data_01_mir/recover-20220801/UBNA_005/20220729_060000.WAV,Central Pond,recover-20220801,005,1795
237.47050000000002,237.4812,40937.0,46571.0,Pipistrellus nathusii,0.343,0.357,-1,Echolocation,/mnt/ubna_data_01_mir/recover-20220801/UBNA_005/20220729_060000.WAV,Central Pond,recover-20220801,005,1795
237.6755,237.68540000000002,39218.0,51051.0,Pipistrellus nathusii,0.471,0.579,-1,Echolocation,/mnt/ubna_data_01_mir/recover-20220801/UBNA_005/20220729_060000.WAV,Central Pond,recover-20220801,005,1795
237.7885,237.79840000000002,37500.0,43092.0,Pipistrellus nathusii,0.173,0.226,-1,Echolocation,/mnt/ubna_data_01_mir/recover-20220801/UBNA_005/20220729_060000.WAV,Central Pond,recover-20220801,005,1795
237.9865,237.9958,39218.0,49794.0,Pipistrellus nathusii,0.515,0.578,-1,Echolocation,/mnt/ubna_data_01_mir/recover-20220801/UBNA_005/20220729_060000.WAV,Central Pond,recover-20220801,005,1795
238.0515,238.0591,40078.0,45962.0,Pipistrellus nathusii,0.319,0.356,-1,Echolocation,/mnt/ubna_data_01_mir/recover-20220801/UBNA_005/20220729_060000.WAV,Central Pond,recover-20220801,005,1795
238.1155,238.1234,40937.0,49361.0,Pipistrellus nathusii,0.327,0.368,-1,Echolocation,/mnt/ubna_data_01_mir/recover-20220801/UBNA_005/20220729_060000.WAV,Central Pond,recover-20220801,005,1795
238.2945,238.3047,38359.0,43751.0,Pipistrellus nathusii,0.333,0.355,-1,Echolocation,/mnt/ubna_data_01_mir/recover-20220801/UBNA_005/20220729_060000.WAV,Central Pond,recover-20220801,005,1795
238.5025,238.5117,38359.0,47120.0,Pipistrellus nathusii,0.483,0.524,-1,Echolocation,/mnt/ubna_data_01_mir/recover-20220801/UBNA_005/20220729_060000.WAV,Central Pond,recover-20220801,005,1795
238.9735,238.9831,39218.0,46050.0,Pipistrellus nathusii,0.523,0.546,-1,Echolocation,/mnt/ubna_data_01_mir/recover-20220801/UBNA_005/20220729_060000.WAV,Central Pond,recover-20220801,005,1795
239.1435,239.1519,37500.0,43980.0,Pipistrellus nathusii,0.344,0.374,-1,Echolocation,/mnt/ubna_data_01_mir/recover-20220801/UBNA_005/20220729_060000.WAV,Central Pond,recover-20220801,005,1795
239.2895,239.298,37500.0,45982.0,Pipistrellus nathusii,0.176,0.228,-1,Echolocation,/mnt/ubna_data_01_mir/recover-20220801/UBNA_005/20220729_060000.WAV,Central Pond,recover-20220801,005,1795
239.5315,239.5409,38359.0,43860.0,Pipistrellus nathusii,0.258,0.296,-1,Echolocation,/mnt/ubna_data_01_mir/recover-20220801/UBNA_005/20220729_060000.WAV,Central Pond,recover-20220801,005,1795
239.6995,239.7087,38359.0,44325.0,Pipistrellus nathusii,0.253,0.282,-1,Echolocation,/mnt/ubna_data_01_mir/recover-20220801/UBNA_005/20220729_060000.WAV,Central Pond,recover-20220801,005,1795
239.8405,239.8491,38359.0,44629.0,Pipistrellus nathusii,0.417,0.463,-1,Echolocation,/mnt/ubna_data_01_mir/recover-20220801/UBNA_005/20220729_060000.WAV,Central Pond,recover-20220801,005,1795
239.9745,239.9826,38359.0,43890.0,Pipistrellus nathusii,0.19,0.244,-1,Echolocation,/mnt/ubna_data_01_mir/recover-20220801/UBNA_005/20220729_060000.WAV,Central Pond,recover-20220801,005,1795
241.8465,241.8548,40078.0,45865.0,Pipistrellus nathusii,0.349,0.406,-1,Echolocation,/mnt/ubna_data_01_mir/recover-20220801/UBNA_005/20220729_060000.WAV,Central Pond,recover-20220801,005,1795
309.4005,309.4169,26328.0,30300.0,Nyctalus leisleri,0.147,0.263,-1,Echolocation,/mnt/ubna_data_01_mir/recover-20220801/UBNA_005/20220729_060000.WAV,Central Pond,recover-20220801,005,1795
319.3285,319.3438,23750.0,28110.0,Nyctalus leisleri,0.227,0.389,-1,Echolocation,/mnt/ubna_data_01_mir/recover-20220801/UBNA_005/20220729_060000.WAV,Central Pond,recover-20220801,005,1795
319.3295,319.34159999999997,40937.0,44775.0,Pipistrellus nathusii,0.257,0.285,-1,Echolocation,/mnt/ubna_data_01_mir/recover-20220801/UBNA_005/20220729_060000.WAV,Central Pond,recover-20220801,005,1795
359.8365,359.8574,26328.0,30422.0,Nyctalus leisleri,0.09,0.209,-1,Echolocation,/mnt/ubna_data_01_mir/recover-20220801/UBNA_005/20220729_060000.WAV,Central Pond,recover-20220801,005,1795
362.3415,362.3586,25468.0,28668.0,Nyctalus leisleri,0.199,0.277,-1,Echolocation,/mnt/ubna_data_01_mir/recover-20220801/UBNA_005/20220729_060000.WAV,Central Pond,recover-20220801,005,1795
363.0265,363.0433,25468.0,28772.0,Nyctalus leisleri,0.229,0.312,-1,Echolocation,/mnt/ubna_data_01_mir/recover-20220801/UBNA_005/20220729_060000.WAV,Central Pond,recover-20220801,005,1795
363.7115,363.7202,39218.0,43244.0,Pipistrellus nathusii,0.239,0.269,-1,Echolocation,/mnt/ubna_data_01_mir/recover-20220801/UBNA_005/20220729_060000.WAV,Central Pond,recover-20220801,005,1795
364.2665,364.276,39218.0,44430.0,Pipistrellus nathusii,0.395,0.423,-1,Echolocation,/mnt/ubna_data_01_mir/recover-20220801/UBNA_005/20220729_060000.WAV,Central Pond,recover-20220801,005,1795
364.5155,364.5251,39218.0,44980.0,Pipistrellus nathusii,0.42,0.449,-1,Echolocation,/mnt/ubna_data_01_mir/recover-20220801/UBNA_005/20220729_060000.WAV,Central Pond,recover-20220801,005,1795
364.7705,364.7797,39218.0,47914.0,Pipistrellus nathusii,0.456,0.503,-1,Echolocation,/mnt/ubna_data_01_mir/recover-20220801/UBNA_005/20220729_060000.WAV,Central Pond,recover-20220801,005,1795
365.1855,365.1959,40078.0,46138.0,Pipistrellus nathusii,0.453,0.476,-1,Echolocation,/mnt/ubna_data_01_mir/recover-20220801/UBNA_005/20220729_060000.WAV,Central Pond,recover-20220801,005,1795
365.2965,365.3067,38359.0,47814.0,Pipistrellus nathusii,0.527,0.598,-1,Echolocation,/mnt/ubna_data_01_mir/recover-20220801/UBNA_005/20220729_060000.WAV,Central Pond,recover-20220801,005,1795
365.4145,365.4247,38359.0,44473.0,Pipistrellus nathusii,0.467,0.483,-1,Echolocation,/mnt/ubna_data_01_mir/recover-20220801/UBNA_005/20220729_060000.WAV,Central Pond,recover-20220801,005,1795
365.5395,365.5498,39218.0,46108.0,Pipistrellus nathusii,0.435,0.513,-1,Echolocation,/mnt/ubna_data_01_mir/recover-20220801/UBNA_005/20220729_060000.WAV,Central Pond,recover-20220801,005,1795
365.7495,365.7585,39218.0,46216.0,Pipistrellus nathusii,0.531,0.565,-1,Echolocation,/mnt/ubna_data_01_mir/recover-20220801/UBNA_005/20220729_060000.WAV,Central Pond,recover-20220801,005,1795
365.8515,365.8616,40078.0,51705.0,Pipistrellus nathusii,0.568,0.638,-1,Echolocation,/mnt/ubna_data_01_mir/recover-20220801/UBNA_005/20220729_060000.WAV,Central Pond,recover-20220801,005,1795
365.9625,365.9721,40078.0,49689.0,Pipistrellus nathusii,0.469,0.568,-1,Echolocation,/mnt/ubna_data_01_mir/recover-20220801/UBNA_005/20220729_060000.WAV,Central Pond,recover-20220801,005,1795
366.0785,366.0874,40078.0,47492.0,Pipistrellus nathusii,0.502,0.598,-1,Echolocation,/mnt/ubna_data_01_mir/recover-20220801/UBNA_005/20220729_060000.WAV,Central Pond,recover-20220801,005,1795
366.2675,366.2765,39218.0,52531.0,Pipistrellus nathusii,0.491,0.603,-1,Echolocation,/mnt/ubna_data_01_mir/recover-20220801/UBNA_005/20220729_060000.WAV,Central Pond,recover-20220801,005,1795
366.3755,366.3846,39218.0,49859.0,Pipistrellus nathusii,0.505,0.596,-1,Echolocation,/mnt/ubna_data_01_mir/recover-20220801/UBNA_005/20220729_060000.WAV,Central Pond,recover-20220801,005,1795
366.4755,366.485,39218.0,48107.0,Pipistrellus nathusii,0.422,0.505,-1,Echolocation,/mnt/ubna_data_01_mir/recover-20220801/UBNA_005/20220729_060000.WAV,Central Pond,recover-20220801,005,1795
366.5875,366.5973,39218.0,48319.0,Pipistrellus nathusii,0.58,0.631,-1,Echolocation,/mnt/ubna_data_01_mir/recover-20220801/UBNA_005/20220729_060000.WAV,Central Pond,recover-20220801,005,1795
366.6885,366.6975,40078.0,46499.0,Pipistrellus nathusii,0.447,0.576,-1,Echolocation,/mnt/ubna_data_01_mir/recover-20220801/UBNA_005/20220729_060000.WAV,Central Pond,recover-20220801,005,1795
366.9565,366.9663,38359.0,45489.0,Pipistrellus nathusii,0.392,0.446,-1,Echolocation,/mnt/ubna_data_01_mir/recover-20220801/UBNA_005/20220729_060000.WAV,Central Pond,recover-20220801,005,1795
367.2725,367.2814,38359.0,45455.0,Pipistrellus nathusii,0.414,0.483,-1,Echolocation,/mnt/ubna_data_01_mir/recover-20220801/UBNA_005/20220729_060000.WAV,Central Pond,recover-20220801,005,1795
379.6975,379.7172,24609.0,28264.0,Nyctalus leisleri,0.113,0.2,-1,Echolocation,/mnt/ubna_data_01_mir/recover-20220801/UBNA_005/20220729_060000.WAV,Central Pond,recover-20220801,005,1795
380.0545,380.0733,26328.0,30211.0,Nyctalus leisleri,0.142,0.233,-1,Echolocation,/mnt/ubna_data_01_mir/recover-20220801/UBNA_005/20220729_060000.WAV,Central Pond,recover-20220801,005,1795
380.6295,380.6471,26328.0,30163.0,Nyctalus leisleri,0.24,0.352,-1,Echolocation,/mnt/ubna_data_01_mir/recover-20220801/UBNA_005/20220729_060000.WAV,Central Pond,recover-20220801,005,1795
381.7085,381.727,26328.0,29424.0,Nyctalus leisleri,0.175,0.248,-1,Echolocation,/mnt/ubna_data_01_mir/recover-20220801/UBNA_005/20220729_060000.WAV,Central Pond,recover-20220801,005,1795
382.5385,382.555,25468.0,29439.0,Nyctalus leisleri,0.203,0.304,-1,Echolocation,/mnt/ubna_data_01_mir/recover-20220801/UBNA_005/20220729_060000.WAV,Central Pond,recover-20220801,005,1795
382.8975,382.9178,26328.0,29726.0,Nyctalus leisleri,0.242,0.325,-1,Echolocation,/mnt/ubna_data_01_mir/recover-20220801/UBNA_005/20220729_060000.WAV,Central Pond,recover-20220801,005,1795
383.4705,383.4912,26328.0,29612.0,Nyctalus leisleri,0.167,0.247,-1,Echolocation,/mnt/ubna_data_01_mir/recover-20220801/UBNA_005/20220729_060000.WAV,Central Pond,recover-20220801,005,1795
383.7045,383.7211,25468.0,29047.0,Nyctalus leisleri,0.305,0.419,-1,Echolocation,/mnt/ubna_data_01_mir/recover-20220801/UBNA_005/20220729_060000.WAV,Central Pond,recover-20220801,005,1795
384.5335,384.5554,25468.0,29301.0,Nyctalus leisleri,0.269,0.343,-1,Echolocation,/mnt/ubna_data_01_mir/recover-20220801/UBNA_005/20220729_060000.WAV,Central Pond,recover-20220801,005,1795
386.0495,386.0674,26328.0,29014.0,Nyctalus leisleri,0.312,0.432,-1,Echolocation,/mnt/ubna_data_01_mir/recover-20220801/UBNA_005/20220729_060000.WAV,Central Pond,recover-20220801,005,1795
386.2695,386.2851,26328.0,28307.0,Nyctalus leisleri,0.309,0.357,-1,Echolocation,/mnt/ubna_data_01_mir/recover-20220801/UBNA_005/20220729_060000.WAV,Central Pond,recover-20220801,005,1795
417.5155,417.5333,25468.0,28850.0,Nyctalus leisleri,0.151,0.203,-1,Echolocation,/mnt/ubna_data_01_mir/recover-20220801/UBNA_005/20220729_060000.WAV,Central Pond,recover-20220801,005,1795
422.0105,422.0193,39218.0,45034.0,Pipistrellus nathusii,0.241,0.277,-1,Echolocation,/mnt/ubna_data_01_mir/recover-20220801/UBNA_005/20220729_060000.WAV,Central Pond,recover-20220801,005,1795
422.2225,422.2341,38359.0,43911.0,Pipistrellus nathusii,0.373,0.395,-1,Echolocation,/mnt/ubna_data_01_mir/recover-20220801/UBNA_005/20220729_060000.WAV,Central Pond,recover-20220801,005,1795
422.3215,422.3328,37500.0,43955.0,Pipistrellus nathusii,0.45,0.501,-1,Echolocation,/mnt/ubna_data_01_mir/recover-20220801/UBNA_005/20220729_060000.WAV,Central Pond,recover-20220801,005,1795
422.4175,422.4291,38359.0,43042.0,Pipistrellus nathusii,0.188,0.202,-1,Echolocation,/mnt/ubna_data_01_mir/recover-20220801/UBNA_005/20220729_060000.WAV,Central Pond,recover-20220801,005,1795
422.4975,422.5054,40078.0,45738.0,Pipistrellus nathusii,0.475,0.497,-1,Echolocation,/mnt/ubna_data_01_mir/recover-20220801/UBNA_005/20220729_060000.WAV,Central Pond,recover-20220801,005,1795
423.0565,423.0674,38359.0,44664.0,Pipistrellus nathusii,0.31,0.411,-1,Echolocation,/mnt/ubna_data_01_mir/recover-20220801/UBNA_005/20220729_060000.WAV,Central Pond,recover-20220801,005,1795
423.3355,423.3464,38359.0,43211.0,Pipistrellus nathusii,0.22,0.266,-1,Echolocation,/mnt/ubna_data_01_mir/recover-20220801/UBNA_005/20220729_060000.WAV,Central Pond,recover-20220801,005,1795
423.4325,423.4421,38359.0,44351.0,Pipistrellus nathusii,0.33,0.366,-1,Echolocation,/mnt/ubna_data_01_mir/recover-20220801/UBNA_005/20220729_060000.WAV,Central Pond,recover-20220801,005,1795
424.2035,424.2142,38359.0,44436.0,Pipistrellus nathusii,0.447,0.499,-1,Echolocation,/mnt/ubna_data_01_mir/recover-20220801/UBNA_005/20220729_060000.WAV,Central Pond,recover-20220801,005,1795
424.4995,424.5104,38359.0,43551.0,Pipistrellus nathusii,0.308,0.326,-1,Echolocation,/mnt/ubna_data_01_mir/recover-20220801/UBNA_005/20220729_060000.WAV,Central Pond,recover-20220801,005,1795
424.5935,424.6032,39218.0,47068.0,Pipistrellus nathusii,0.457,0.487,-1,Echolocation,/mnt/ubna_data_01_mir/recover-20220801/UBNA_005/20220729_060000.WAV,Central Pond,recover-20220801,005,1795
424.9645,424.9756,39218.0,46769.0,Pipistrellus nathusii,0.354,0.396,-1,Echolocation,/mnt/ubna_data_01_mir/recover-20220801/UBNA_005/20220729_060000.WAV,Central Pond,recover-20220801,005,1795
425.1645,425.1761,36640.0,42276.0,Pipistrellus nathusii,0.264,0.301,-1,Echolocation,/mnt/ubna_data_01_mir/recover-20220801/UBNA_005/20220729_060000.WAV,Central Pond,recover-20220801,005,1795
425.3485,425.3598,39218.0,45227.0,Pipistrellus nathusii,0.414,0.439,-1,Echolocation,/mnt/ubna_data_01_mir/recover-20220801/UBNA_005/20220729_060000.WAV,Central Pond,recover-20220801,005,1795
425.5485,425.5594,38359.0,42919.0,Pipistrellus nathusii,0.202,0.221,-1,Echolocation,/mnt/ubna_data_01_mir/recover-20220801/UBNA_005/20220729_060000.WAV,Central Pond,recover-20220801,005,1795
425.7325,425.7442,38359.0,43769.0,Pipistrellus nathusii,0.255,0.292,-1,Echolocation,/mnt/ubna_data_01_mir/recover-20220801/UBNA_005/20220729_060000.WAV,Central Pond,recover-20220801,005,1795
425.8345,425.8488,37500.0,42501.0,Pipistrellus nathusii,0.225,0.243,-1,Echolocation,/mnt/ubna_data_01_mir/recover-20220801/UBNA_005/20220729_060000.WAV,Central Pond,recover-20220801,005,1795
426.1215,426.1309,38359.0,44901.0,Pipistrellus nathusii,0.556,0.629,-1,Echolocation,/mnt/ubna_data_01_mir/recover-20220801/UBNA_005/20220729_060000.WAV,Central Pond,recover-20220801,005,1795
426.5075,426.5182,38359.0,45022.0,Pipistrellus nathusii,0.437,0.452,-1,Echolocation,/mnt/ubna_data_01_mir/recover-20220801/UBNA_005/20220729_060000.WAV,Central Pond,recover-20220801,005,1795
426.9005,426.9158,38359.0,42333.0,Pipistrellus nathusii,0.264,0.275,-1,Echolocation,/mnt/ubna_data_01_mir/recover-20220801/UBNA_005/20220729_060000.WAV,Central Pond,recover-20220801,005,1795
427.2895,427.3014,39218.0,44127.0,Pipistrellus nathusii,0.247,0.273,-1,Echolocation,/mnt/ubna_data_01_mir/recover-20220801/UBNA_005/20220729_060000.WAV,Central Pond,recover-20220801,005,1795
427.3895,427.4009,38359.0,44032.0,Pipistrellus nathusii,0.492,0.525,-1,Echolocation,/mnt/ubna_data_01_mir/recover-20220801/UBNA_005/20220729_060000.WAV,Central Pond,recover-20220801,005,1795
442.9935,443.0114,26328.0,29863.0,Nyctalus leisleri,0.194,0.303,-1,Echolocation,/mnt/ubna_data_01_mir/recover-20220801/UBNA_005/20220729_060000.WAV,Central Pond,recover-20220801,005,1795
443.8585,443.8749,26328.0,29222.0,Nyctalus leisleri,0.167,0.202,-1,Echolocation,/mnt/ubna_data_01_mir/recover-20220801/UBNA_005/20220729_060000.WAV,Central Pond,recover-20220801,005,1795
445.1835,445.2005,26328.0,29570.0,Nyctalus leisleri,0.248,0.339,-1,Echolocation,/mnt/ubna_data_01_mir/recover-20220801/UBNA_005/20220729_060000.WAV,Central Pond,recover-20220801,005,1795
445.7845,445.8032,26328.0,29328.0,Nyctalus leisleri,0.161,0.215,-1,Echolocation,/mnt/ubna_data_01_mir/recover-20220801/UBNA_005/20220729_060000.WAV,Central Pond,recover-20220801,005,1795
446.0215,446.0424,26328.0,30369.0,Nyctalus leisleri,0.118,0.229,-1,Echolocation,/mnt/ubna_data_01_mir/recover-20220801/UBNA_005/20220729_060000.WAV,Central Pond,recover-20220801,005,1795
446.7445,446.7632,25468.0,29575.0,Nyctalus leisleri,0.229,0.337,-1,Echolocation,/mnt/ubna_data_01_mir/recover-20220801/UBNA_005/20220729_060000.WAV,Central Pond,recover-20220801,005,1795
482.4935,482.512,25468.0,28802.0,Nyctalus leisleri,0.17,0.251,-1,Echolocation,/mnt/ubna_data_01_mir/recover-20220801/UBNA_005/20220729_060000.WAV,Central Pond,recover-20220801,005,1795
484.5545,484.5743,26328.0,29848.0,Nyctalus leisleri,0.235,0.318,-1,Echolocation,/mnt/ubna_data_01_mir/recover-20220801/UBNA_005/20220729_060000.WAV,Central Pond,recover-20220801,005,1795
485.1245,485.1455,26328.0,29057.0,Nyctalus leisleri,0.253,0.323,-1,Echolocation,/mnt/ubna_data_01_mir/recover-20220801/UBNA_005/20220729_060000.WAV,Central Pond,recover-20220801,005,1795
485.5865,485.6005,26328.0,29995.0,Nyctalus leisleri,0.16,0.252,-1,Echolocation,/mnt/ubna_data_01_mir/recover-20220801/UBNA_005/20220729_060000.WAV,Central Pond,recover-20220801,005,1795
486.0425,486.0678,25468.0,28795.0,Nyctalus leisleri,0.18,0.227,-1,Echolocation,/mnt/ubna_data_01_mir/recover-20220801/UBNA_005/20220729_060000.WAV,Central Pond,recover-20220801,005,1795
486.9675,486.9874,25468.0,29054.0,Nyctalus leisleri,0.292,0.396,-1,Echolocation,/mnt/ubna_data_01_mir/recover-20220801/UBNA_005/20220729_060000.WAV,Central Pond,recover-20220801,005,1795
487.6725,487.69,25468.0,28702.0,Nyctalus leisleri,0.422,0.538,-1,Echolocation,/mnt/ubna_data_01_mir/recover-20220801/UBNA_005/20220729_060000.WAV,Central Pond,recover-20220801,005,1795
488.1425,488.1563,25468.0,29210.0,Nyctalus leisleri,0.215,0.324,-1,Echolocation,/mnt/ubna_data_01_mir/recover-20220801/UBNA_005/20220729_060000.WAV,Central Pond,recover-20220801,005,1795
488.3495,488.3717,25468.0,28841.0,Nyctalus leisleri,0.269,0.334,-1,Echolocation,/mnt/ubna_data_01_mir/recover-20220801/UBNA_005/20220729_060000.WAV,Central Pond,recover-20220801,005,1795
488.5715,488.5867,25468.0,29294.0,Nyctalus leisleri,0.469,0.532,-1,Echolocation,/mnt/ubna_data_01_mir/recover-20220801/UBNA_005/20220729_060000.WAV,Central Pond,recover-20220801,005,1795
489.6045,489.6234,25468.0,28376.0,Nyctalus leisleri,0.553,0.595,-1,Echolocation,/mnt/ubna_data_01_mir/recover-20220801/UBNA_005/20220729_060000.WAV,Central Pond,recover-20220801,005,1795
490.2845,490.3017,26328.0,28280.0,Nyctalus leisleri,0.32,0.385,-1,Echolocation,/mnt/ubna_data_01_mir/recover-20220801/UBNA_005/20220729_060000.WAV,Central Pond,recover-20220801,005,1795
490.7515,490.774,25468.0,28956.0,Nyctalus leisleri,0.264,0.333,-1,Echolocation,/mnt/ubna_data_01_mir/recover-20220801/UBNA_005/20220729_060000.WAV,Central Pond,recover-20220801,005,1795
490.9815,490.9999,25468.0,29211.0,Nyctalus leisleri,0.422,0.5,-1,Echolocation,/mnt/ubna_data_01_mir/recover-20220801/UBNA_005/20220729_060000.WAV,Central Pond,recover-20220801,005,1795
491.3345,491.3552,26328.0,29950.0,Nyctalus leisleri,0.15,0.235,-1,Echolocation,/mnt/ubna_data_01_mir/recover-20220801/UBNA_005/20220729_060000.WAV,Central Pond,recover-20220801,005,1795
492.3575,492.3797,24609.0,27765.0,Nyctalus leisleri,0.392,0.485,-1,Echolocation,/mnt/ubna_data_01_mir/recover-20220801/UBNA_005/20220729_060000.WAV,Central Pond,recover-20220801,005,1795
492.3595,492.3757,51250.0,53142.0,Pipistrellus pygmaeus,0.238,0.314,-1,Echolocation,/mnt/ubna_data_01_mir/recover-20220801/UBNA_005/20220729_060000.WAV,Central Pond,recover-20220801,005,1795
492.7705,492.7924,24609.0,27990.0,Nyctalus leisleri,0.252,0.331,-1,Echolocation,/mnt/ubna_data_01_mir/recover-20220801/UBNA_005/20220729_060000.WAV,Central Pond,recover-20220801,005,1795
493.2255,493.244,25468.0,29061.0,Nyctalus leisleri,0.411,0.49,-1,Echolocation,/mnt/ubna_data_01_mir/recover-20220801/UBNA_005/20220729_060000.WAV,Central Pond,recover-20220801,005,1795
493.5775,493.5965,25468.0,28819.0,Nyctalus leisleri,0.29,0.385,-1,Echolocation,/mnt/ubna_data_01_mir/recover-20220801/UBNA_005/20220729_060000.WAV,Central Pond,recover-20220801,005,1795
493.7015,493.7172,26328.0,31223.0,Nyctalus leisleri,0.353,0.555,-1,Echolocation,/mnt/ubna_data_01_mir/recover-20220801/UBNA_005/20220729_060000.WAV,Central Pond,recover-20220801,005,1795
494.2795,494.2972,25468.0,28792.0,Nyctalus leisleri,0.402,0.482,-1,Echolocation,/mnt/ubna_data_01_mir/recover-20220801/UBNA_005/20220729_060000.WAV,Central Pond,recover-20220801,005,1795
494.5055,494.5274,26328.0,29501.0,Nyctalus leisleri,0.181,0.271,-1,Echolocation,/mnt/ubna_data_01_mir/recover-20220801/UBNA_005/20220729_060000.WAV,Central Pond,recover-20220801,005,1795
494.7395,494.7581,25468.0,29152.0,Nyctalus leisleri,0.205,0.294,-1,Echolocation,/mnt/ubna_data_01_mir/recover-20220801/UBNA_005/20220729_060000.WAV,Central Pond,recover-20220801,005,1795
495.2095,495.2311,25468.0,29388.0,Nyctalus leisleri,0.271,0.368,-1,Echolocation,/mnt/ubna_data_01_mir/recover-20220801/UBNA_005/20220729_060000.WAV,Central Pond,recover-20220801,005,1795
495.9125,495.932,24609.0,28516.0,Nyctalus leisleri,0.199,0.374,-1,Echolocation,/mnt/ubna_data_01_mir/recover-20220801/UBNA_005/20220729_060000.WAV,Central Pond,recover-20220801,005,1795
496.2575,496.2762,24609.0,28522.0,Nyctalus leisleri,0.231,0.343,-1,Echolocation,/mnt/ubna_data_01_mir/recover-20220801/UBNA_005/20220729_060000.WAV,Central Pond,recover-20220801,005,1795
497.4155,497.43489999999997,25468.0,29444.0,Nyctalus leisleri,0.161,0.256,-1,Echolocation,/mnt/ubna_data_01_mir/recover-20220801/UBNA_005/20220729_060000.WAV,Central Pond,recover-20220801,005,1795
499.3835,499.4031,26328.0,29254.0,Nyctalus leisleri,0.237,0.329,-1,Echolocation,/mnt/ubna_data_01_mir/recover-20220801/UBNA_005/20220729_060000.WAV,Central Pond,recover-20220801,005,1795
499.5305,499.5493,27187.0,31059.0,Nyctalus leisleri,0.208,0.312,-1,Echolocation,/mnt/ubna_data_01_mir/recover-20220801/UBNA_005/20220729_060000.WAV,Central Pond,recover-20220801,005,1795
500.6075,500.626,25468.0,29505.0,Nyctalus leisleri,0.173,0.252,-1,Echolocation,/mnt/ubna_data_01_mir/recover-20220801/UBNA_005/20220729_060000.WAV,Central Pond,recover-20220801,005,1795
500.9275,500.9495,26328.0,29228.0,Nyctalus leisleri,0.203,0.276,-1,Echolocation,/mnt/ubna_data_01_mir/recover-20220801/UBNA_005/20220729_060000.WAV,Central Pond,recover-20220801,005,1795
501.2375,501.2594,22031.0,25359.0,Nyctalus noctula,0.101,0.202,-1,Echolocation,/mnt/ubna_data_01_mir/recover-20220801/UBNA_005/20220729_060000.WAV,Central Pond,recover-20220801,005,1795
501.5045,501.5258,25468.0,28542.0,Nyctalus leisleri,0.303,0.393,-1,Echolocation,/mnt/ubna_data_01_mir/recover-20220801/UBNA_005/20220729_060000.WAV,Central Pond,recover-20220801,005,1795
502.2425,502.2646,26328.0,29104.0,Nyctalus leisleri,0.154,0.214,-1,Echolocation,/mnt/ubna_data_01_mir/recover-20220801/UBNA_005/20220729_060000.WAV,Central Pond,recover-20220801,005,1795
503.6905,503.7073,26328.0,29171.0,Nyctalus leisleri,0.337,0.449,-1,Echolocation,/mnt/ubna_data_01_mir/recover-20220801/UBNA_005/20220729_060000.WAV,Central Pond,recover-20220801,005,1795
504.3985,504.4166,25468.0,29077.0,Nyctalus leisleri,0.206,0.296,-1,Echolocation,/mnt/ubna_data_01_mir/recover-20220801/UBNA_005/20220729_060000.WAV,Central Pond,recover-20220801,005,1795
505.08050000000003,505.0947,25468.0,30126.0,Nyctalus leisleri,0.214,0.324,-1,Echolocation,/mnt/ubna_data_01_mir/recover-20220801/UBNA_005/20220729_060000.WAV,Central Pond,recover-20220801,005,1795
509.1185,509.1403,25468.0,30088.0,Nyctalus leisleri,0.207,0.344,-1,Echolocation,/mnt/ubna_data_01_mir/recover-20220801/UBNA_005/20220729_060000.WAV,Central Pond,recover-20220801,005,1795
509.8635,509.8805,25468.0,29678.0,Nyctalus leisleri,0.222,0.304,-1,Echolocation,/mnt/ubna_data_01_mir/recover-20220801/UBNA_005/20220729_060000.WAV,Central Pond,recover-20220801,005,1795
510.2095,510.2196,40078.0,44575.0,Pipistrellus nathusii,0.338,0.351,-1,Echolocation,/mnt/ubna_data_01_mir/recover-20220801/UBNA_005/20220729_060000.WAV,Central Pond,recover-20220801,005,1795
510.3625,510.3717,39218.0,46281.0,Pipistrellus nathusii,0.329,0.443,-1,Echolocation,/mnt/ubna_data_01_mir/recover-20220801/UBNA_005/20220729_060000.WAV,Central Pond,recover-20220801,005,1795
510.4485,510.4579,38359.0,46106.0,Pipistrellus nathusii,0.362,0.522,-1,Echolocation,/mnt/ubna_data_01_mir/recover-20220801/UBNA_005/20220729_060000.WAV,Central Pond,recover-20220801,005,1795
510.6355,510.6457,38359.0,43992.0,Pipistrellus nathusii,0.366,0.395,-1,Echolocation,/mnt/ubna_data_01_mir/recover-20220801/UBNA_005/20220729_060000.WAV,Central Pond,recover-20220801,005,1795
510.7105,510.7251,25468.0,29256.0,Nyctalus leisleri,0.176,0.299,-1,Echolocation,/mnt/ubna_data_01_mir/recover-20220801/UBNA_005/20220729_060000.WAV,Central Pond,recover-20220801,005,1795
511.6165,511.6311,25468.0,29617.0,Nyctalus leisleri,0.122,0.229,-1,Echolocation,/mnt/ubna_data_01_mir/recover-20220801/UBNA_005/20220729_060000.WAV,Central Pond,recover-20220801,005,1795
512.2485,512.2571,38359.0,43434.0,Pipistrellus nathusii,0.154,0.223,-1,Echolocation,/mnt/ubna_data_01_mir/recover-20220801/UBNA_005/20220729_060000.WAV,Central Pond,recover-20220801,005,1795
513.2605,513.2748,25468.0,29624.0,Nyctalus leisleri,0.315,0.422,-1,Echolocation,/mnt/ubna_data_01_mir/recover-20220801/UBNA_005/20220729_060000.WAV,Central Pond,recover-20220801,005,1795
513.5465,513.5654,23750.0,27488.0,Nyctalus leisleri,0.195,0.284,-1,Echolocation,/mnt/ubna_data_01_mir/recover-20220801/UBNA_005/20220729_060000.WAV,Central Pond,recover-20220801,005,1795
514.7925,514.8126,26328.0,29270.0,Nyctalus leisleri,0.146,0.231,-1,Echolocation,/mnt/ubna_data_01_mir/recover-20220801/UBNA_005/20220729_060000.WAV,Central Pond,recover-20220801,005,1795
515.3005,515.3104,38359.0,43023.0,Pipistrellus nathusii,0.231,0.264,-1,Echolocation,/mnt/ubna_data_01_mir/recover-20220801/UBNA_005/20220729_060000.WAV,Central Pond,recover-20220801,005,1795
515.5985,515.6174,25468.0,28589.0,Nyctalus leisleri,0.24,0.312,-1,Echolocation,/mnt/ubna_data_01_mir/recover-20220801/UBNA_005/20220729_060000.WAV,Central Pond,recover-20220801,005,1795
515.7385,515.757,26328.0,29983.0,Nyctalus leisleri,0.396,0.538,-1,Echolocation,/mnt/ubna_data_01_mir/recover-20220801/UBNA_005/20220729_060000.WAV,Central Pond,recover-20220801,005,1795
516.1885,516.2094,26328.0,30805.0,Nyctalus leisleri,0.11,0.206,-1,Echolocation,/mnt/ubna_data_01_mir/recover-20220801/UBNA_005/20220729_060000.WAV,Central Pond,recover-20220801,005,1795
516.5515,516.5715,26328.0,30693.0,Nyctalus leisleri,0.181,0.321,-1,Echolocation,/mnt/ubna_data_01_mir/recover-20220801/UBNA_005/20220729_060000.WAV,Central Pond,recover-20220801,005,1795
516.7465,516.7626,27187.0,31153.0,Nyctalus leisleri,0.108,0.202,-1,Echolocation,/mnt/ubna_data_01_mir/recover-20220801/UBNA_005/20220729_060000.WAV,Central Pond,recover-20220801,005,1795
516.9245,516.9416,27187.0,31214.0,Nyctalus leisleri,0.265,0.4,-1,Echolocation,/mnt/ubna_data_01_mir/recover-20220801/UBNA_005/20220729_060000.WAV,Central Pond,recover-20220801,005,1795
517.0955,517.1117,27187.0,30681.0,Nyctalus leisleri,0.195,0.302,-1,Echolocation,/mnt/ubna_data_01_mir/recover-20220801/UBNA_005/20220729_060000.WAV,Central Pond,recover-20220801,005,1795
518.0375,518.059,25468.0,28939.0,Nyctalus leisleri,0.267,0.346,-1,Echolocation,/mnt/ubna_data_01_mir/recover-20220801/UBNA_005/20220729_060000.WAV,Central Pond,recover-20220801,005,1795
518.1685,518.1879,26328.0,30305.0,Nyctalus leisleri,0.27,0.428,-1,Echolocation,/mnt/ubna_data_01_mir/recover-20220801/UBNA_005/20220729_060000.WAV,Central Pond,recover-20220801,005,1795
519.0045,519.0238,24609.0,27559.0,Nyctalus leisleri,0.414,0.475,-1,Echolocation,/mnt/ubna_data_01_mir/recover-20220801/UBNA_005/20220729_060000.WAV,Central Pond,recover-20220801,005,1795
521.8575,521.8787,25468.0,29681.0,Nyctalus leisleri,0.149,0.227,-1,Echolocation,/mnt/ubna_data_01_mir/recover-20220801/UBNA_005/20220729_060000.WAV,Central Pond,recover-20220801,005,1795
523.2895,523.3087,21171.0,25130.0,Nyctalus noctula,0.169,0.288,-1,Echolocation,/mnt/ubna_data_01_mir/recover-20220801/UBNA_005/20220729_060000.WAV,Central Pond,recover-20220801,005,1795
535.7175,535.739,23750.0,27146.0,Nyctalus leisleri,0.157,0.218,-1,Echolocation,/mnt/ubna_data_01_mir/recover-20220801/UBNA_005/20220729_060000.WAV,Central Pond,recover-20220801,005,1795
538.0405,538.0607,25468.0,28848.0,Nyctalus leisleri,0.149,0.216,-1,Echolocation,/mnt/ubna_data_01_mir/recover-20220801/UBNA_005/20220729_060000.WAV,Central Pond,recover-20220801,005,1795
546.4865,546.5059,26328.0,29078.0,Nyctalus leisleri,0.162,0.22,-1,Echolocation,/mnt/ubna_data_01_mir/recover-20220801/UBNA_005/20220729_060000.WAV,Central Pond,recover-20220801,005,1795
546.9455,546.9631,27187.0,30469.0,Nyctalus leisleri,0.216,0.303,-1,Echolocation,/mnt/ubna_data_01_mir/recover-20220801/UBNA_005/20220729_060000.WAV,Central Pond,recover-20220801,005,1795
548.2135,548.2326,25468.0,28693.0,Nyctalus leisleri,0.226,0.355,-1,Echolocation,/mnt/ubna_data_01_mir/recover-20220801/UBNA_005/20220729_060000.WAV,Central Pond,recover-20220801,005,1795
548.7045,548.7171,23750.0,28456.0,Nyctalus leisleri,0.152,0.351,-1,Echolocation,/mnt/ubna_data_01_mir/recover-20220801/UBNA_005/20220729_060000.WAV,Central Pond,recover-20220801,005,1795
548.7055,548.7182,40078.0,43827.0,Pipistrellus nathusii,0.325,0.342,-1,Echolocation,/mnt/ubna_data_01_mir/recover-20220801/UBNA_005/20220729_060000.WAV,Central Pond,recover-20220801,005,1795
549.8505,549.8679,26328.0,29730.0,Nyctalus leisleri,0.242,0.338,-1,Echolocation,/mnt/ubna_data_01_mir/recover-20220801/UBNA_005/20220729_060000.WAV,Central Pond,recover-20220801,005,1795
550.5255,550.5411,25468.0,28645.0,Nyctalus leisleri,0.186,0.263,-1,Echolocation,/mnt/ubna_data_01_mir/recover-20220801/UBNA_005/20220729_060000.WAV,Central Pond,recover-20220801,005,1795
557.6465,557.6659,25468.0,29004.0,Nyctalus leisleri,0.291,0.373,-1,Echolocation,/mnt/ubna_data_01_mir/recover-20220801/UBNA_005/20220729_060000.WAV,Central Pond,recover-20220801,005,1795
558.8165,558.8364,26328.0,29512.0,Nyctalus leisleri,0.204,0.265,-1,Echolocation,/mnt/ubna_data_01_mir/recover-20220801/UBNA_005/20220729_060000.WAV,Central Pond,recover-20220801,005,1795
559.3845,559.4027,26328.0,30179.0,Nyctalus leisleri,0.138,0.217,-1,Echolocation,/mnt/ubna_data_01_mir/recover-20220801/UBNA_005/20220729_060000.WAV,Central Pond,recover-20220801,005,1795
562.0335,562.0503,25468.0,29524.0,Nyctalus leisleri,0.158,0.258,-1,Echolocation,/mnt/ubna_data_01_mir/recover-20220801/UBNA_005/20220729_060000.WAV,Central Pond,recover-20220801,005,1795
563.9175,563.9329,25468.0,29532.0,Nyctalus leisleri,0.288,0.401,-1,Echolocation,/mnt/ubna_data_01_mir/recover-20220801/UBNA_005/20220729_060000.WAV,Central Pond,recover-20220801,005,1795
564.1514999999999,564.1704,25468.0,29379.0,Nyctalus leisleri,0.188,0.274,-1,Echolocation,/mnt/ubna_data_01_mir/recover-20220801/UBNA_005/20220729_060000.WAV,Central Pond,recover-20220801,005,1795
564.7215,564.7315,22031.0,29126.0,Eptesicus serotinus,0.072,0.221,-1,Echolocation,/mnt/ubna_data_01_mir/recover-20220801/UBNA_005/20220729_060000.WAV,Central Pond,recover-20220801,005,1795
571.8215,571.8401,26328.0,29539.0,Nyctalus leisleri,0.21,0.297,-1,Echolocation,/mnt/ubna_data_01_mir/recover-20220801/UBNA_005/20220729_060000.WAV,Central Pond,recover-20220801,005,1795
572.1995,572.2201,26328.0,29208.0,Nyctalus leisleri,0.176,0.233,-1,Echolocation,/mnt/ubna_data_01_mir/recover-20220801/UBNA_005/20220729_060000.WAV,Central Pond,recover-20220801,005,1795
572.5565,572.5765,26328.0,29880.0,Nyctalus leisleri,0.153,0.255,-1,Echolocation,/mnt/ubna_data_01_mir/recover-20220801/UBNA_005/20220729_060000.WAV,Central Pond,recover-20220801,005,1795
573.1695,573.189,25468.0,28994.0,Nyctalus leisleri,0.246,0.326,-1,Echolocation,/mnt/ubna_data_01_mir/recover-20220801/UBNA_005/20220729_060000.WAV,Central Pond,recover-20220801,005,1795
573.2805,573.3018,26328.0,29985.0,Nyctalus leisleri,0.188,0.29,-1,Echolocation,/mnt/ubna_data_01_mir/recover-20220801/UBNA_005/20220729_060000.WAV,Central Pond,recover-20220801,005,1795
573.4355,573.4548,27187.0,31274.0,Nyctalus leisleri,0.122,0.224,-1,Echolocation,/mnt/ubna_data_01_mir/recover-20220801/UBNA_005/20220729_060000.WAV,Central Pond,recover-20220801,005,1795
574.2725,574.2895,26328.0,30378.0,Nyctalus leisleri,0.19,0.302,-1,Echolocation,/mnt/ubna_data_01_mir/recover-20220801/UBNA_005/20220729_060000.WAV,Central Pond,recover-20220801,005,1795
574.5375,574.5539,25468.0,29706.0,Nyctalus leisleri,0.111,0.204,-1,Echolocation,/mnt/ubna_data_01_mir/recover-20220801/UBNA_005/20220729_060000.WAV,Central Pond,recover-20220801,005,1795
576.7415,576.7468,17734.0,34740.0,Plecotus austriacus,0.148,0.228,-1,Echolocation,/mnt/ubna_data_01_mir/recover-20220801/UBNA_005/20220729_060000.WAV,Central Pond,recover-20220801,005,1795
577.9525,577.9745,25468.0,29362.0,Nyctalus leisleri,0.168,0.239,-1,Echolocation,/mnt/ubna_data_01_mir/recover-20220801/UBNA_005/20220729_060000.WAV,Central Pond,recover-20220801,005,1795
578.2835,578.303,25468.0,28525.0,Nyctalus leisleri,0.296,0.37,-1,Echolocation,/mnt/ubna_data_01_mir/recover-20220801/UBNA_005/20220729_060000.WAV,Central Pond,recover-20220801,005,1795
579.0365,579.0596,24609.0,27759.0,Nyctalus leisleri,0.176,0.258,-1,Echolocation,/mnt/ubna_data_01_mir/recover-20220801/UBNA_005/20220729_060000.WAV,Central Pond,recover-20220801,005,1795
582.1135,582.1195,15156.0,28706.0,Plecotus auritus,0.184,0.229,-1,Echolocation,/mnt/ubna_data_01_mir/recover-20220801/UBNA_005/20220729_060000.WAV,Central Pond,recover-20220801,005,1795
591.5075,591.5256,22890.0,26598.0,Nyctalus leisleri,0.183,0.226,-1,Echolocation,/mnt/ubna_data_01_mir/recover-20220801/UBNA_005/20220729_060000.WAV,Central Pond,recover-20220801,005,1795
591.5405,591.56,25468.0,29075.0,Nyctalus leisleri,0.236,0.329,-1,Echolocation,/mnt/ubna_data_01_mir/recover-20220801/UBNA_005/20220729_060000.WAV,Central Pond,recover-20220801,005,1795
591.7225,591.7443,26328.0,29142.0,Nyctalus leisleri,0.351,0.406,-1,Echolocation,/mnt/ubna_data_01_mir/recover-20220801/UBNA_005/20220729_060000.WAV,Central Pond,recover-20220801,005,1795
592.6025,592.6137,25468.0,30402.0,Nyctalus leisleri,0.174,0.355,-1,Echolocation,/mnt/ubna_data_01_mir/recover-20220801/UBNA_005/20220729_060000.WAV,Central Pond,recover-20220801,005,1795
593.5385,593.5551,25468.0,28170.0,Nyctalus leisleri,0.379,0.433,-1,Echolocation,/mnt/ubna_data_01_mir/recover-20220801/UBNA_005/20220729_060000.WAV,Central Pond,recover-20220801,005,1795
593.7655,593.7888,26328.0,29254.0,Nyctalus leisleri,0.222,0.302,-1,Echolocation,/mnt/ubna_data_01_mir/recover-20220801/UBNA_005/20220729_060000.WAV,Central Pond,recover-20220801,005,1795
594.9245,594.9392,25468.0,29421.0,Nyctalus leisleri,0.251,0.373,-1,Echolocation,/mnt/ubna_data_01_mir/recover-20220801/UBNA_005/20220729_060000.WAV,Central Pond,recover-20220801,005,1795
596.5335,596.5512,27187.0,31122.0,Nyctalus leisleri,0.267,0.4,-1,Echolocation,/mnt/ubna_data_01_mir/recover-20220801/UBNA_005/20220729_060000.WAV,Central Pond,recover-20220801,005,1795
597.8185,597.8397,25468.0,28666.0,Nyctalus leisleri,0.183,0.262,-1,Echolocation,/mnt/ubna_data_01_mir/recover-20220801/UBNA_005/20220729_060000.WAV,Central Pond,recover-20220801,005,1795
598.7805,598.7973,25468.0,29119.0,Nyctalus leisleri,0.25,0.333,-1,Echolocation,/mnt/ubna_data_01_mir/recover-20220801/UBNA_005/20220729_060000.WAV,Central Pond,recover-20220801,005,1795
599.3475,599.3652,27187.0,29857.0,Nyctalus leisleri,0.25,0.324,-1,Echolocation,/mnt/ubna_data_01_mir/recover-20220801/UBNA_005/20220729_060000.WAV,Central Pond,recover-20220801,005,1795
599.7025,599.7202,25468.0,29327.0,Nyctalus leisleri,0.238,0.333,-1,Echolocation,/mnt/ubna_data_01_mir/recover-20220801/UBNA_005/20220729_060000.WAV,Central Pond,recover-20220801,005,1795
600.2645,600.2846,26328.0,29259.0,Nyctalus leisleri,0.288,0.359,-1,Echolocation,/mnt/ubna_data_01_mir/recover-20220801/UBNA_005/20220729_060000.WAV,Central Pond,recover-20220801,005,1795
600.6235,600.6392,26328.0,29573.0,Nyctalus leisleri,0.232,0.315,-1,Echolocation,/mnt/ubna_data_01_mir/recover-20220801/UBNA_005/20220729_060000.WAV,Central Pond,recover-20220801,005,1795
601.0875,601.1079,25468.0,29022.0,Nyctalus leisleri,0.238,0.314,-1,Echolocation,/mnt/ubna_data_01_mir/recover-20220801/UBNA_005/20220729_060000.WAV,Central Pond,recover-20220801,005,1795
601.4405,601.462,25468.0,29394.0,Nyctalus leisleri,0.297,0.384,-1,Echolocation,/mnt/ubna_data_01_mir/recover-20220801/UBNA_005/20220729_060000.WAV,Central Pond,recover-20220801,005,1795
601.6845,601.7038,25468.0,29204.0,Nyctalus leisleri,0.33,0.397,-1,Echolocation,/mnt/ubna_data_01_mir/recover-20220801/UBNA_005/20220729_060000.WAV,Central Pond,recover-20220801,005,1795
601.9235,601.9413,26328.0,29074.0,Nyctalus leisleri,0.277,0.37,-1,Echolocation,/mnt/ubna_data_01_mir/recover-20220801/UBNA_005/20220729_060000.WAV,Central Pond,recover-20220801,005,1795
602.4005,602.4231,26328.0,29094.0,Nyctalus leisleri,0.243,0.333,-1,Echolocation,/mnt/ubna_data_01_mir/recover-20220801/UBNA_005/20220729_060000.WAV,Central Pond,recover-20220801,005,1795
603.2495,603.2675,25468.0,28648.0,Nyctalus leisleri,0.277,0.344,-1,Echolocation,/mnt/ubna_data_01_mir/recover-20220801/UBNA_005/20220729_060000.WAV,Central Pond,recover-20220801,005,1795
604.2035,604.2241,25468.0,28600.0,Nyctalus leisleri,0.342,0.441,-1,Echolocation,/mnt/ubna_data_01_mir/recover-20220801/UBNA_005/20220729_060000.WAV,Central Pond,recover-20220801,005,1795
604.4595,604.4816,25468.0,28830.0,Nyctalus leisleri,0.306,0.388,-1,Echolocation,/mnt/ubna_data_01_mir/recover-20220801/UBNA_005/20220729_060000.WAV,Central Pond,recover-20220801,005,1795
604.9125,604.9334,26328.0,29846.0,Nyctalus leisleri,0.166,0.242,-1,Echolocation,/mnt/ubna_data_01_mir/recover-20220801/UBNA_005/20220729_060000.WAV,Central Pond,recover-20220801,005,1795
605.3105,605.3267,26328.0,30060.0,Nyctalus leisleri,0.138,0.231,-1,Echolocation,/mnt/ubna_data_01_mir/recover-20220801/UBNA_005/20220729_060000.WAV,Central Pond,recover-20220801,005,1795
607.5115,607.5297,25468.0,28861.0,Nyctalus leisleri,0.202,0.287,-1,Echolocation,/mnt/ubna_data_01_mir/recover-20220801/UBNA_005/20220729_060000.WAV,Central Pond,recover-20220801,005,1795
620.5245,620.5476,25468.0,28988.0,Nyctalus leisleri,0.135,0.204,-1,Echolocation,/mnt/ubna_data_01_mir/recover-20220801/UBNA_005/20220729_060000.WAV,Central Pond,recover-20220801,005,1795
621.8685,621.8918,25468.0,28821.0,Nyctalus leisleri,0.217,0.285,-1,Echolocation,/mnt/ubna_data_01_mir/recover-20220801/UBNA_005/20220729_060000.WAV,Central Pond,recover-20220801,005,1795
642.5205,642.5265,16875.0,32000.0,Plecotus auritus,0.152,0.209,-1,Echolocation,/mnt/ubna_data_01_mir/recover-20220801/UBNA_005/20220729_060000.WAV,Central Pond,recover-20220801,005,1795
655.1915,655.1989,23750.0,33385.0,Plecotus auritus,0.08,0.206,-1,Echolocation,/mnt/ubna_data_01_mir/recover-20220801/UBNA_005/20220729_060000.WAV,Central Pond,recover-20220801,005,1795
656.1405,656.1474,24609.0,33299.0,Plecotus austriacus,0.071,0.232,-1,Echolocation,/mnt/ubna_data_01_mir/recover-20220801/UBNA_005/20220729_060000.WAV,Central Pond,recover-20220801,005,1795
658.5215,658.5384,24609.0,28179.0,Nyctalus leisleri,0.3,0.42,-1,Echolocation,/mnt/ubna_data_01_mir/recover-20220801/UBNA_005/20220729_060000.WAV,Central Pond,recover-20220801,005,1795
658.7965,658.8122,24609.0,28577.0,Nyctalus leisleri,0.302,0.435,-1,Echolocation,/mnt/ubna_data_01_mir/recover-20220801/UBNA_005/20220729_060000.WAV,Central Pond,recover-20220801,005,1795
659.1895,659.2067,24609.0,28875.0,Nyctalus leisleri,0.168,0.307,-1,Echolocation,/mnt/ubna_data_01_mir/recover-20220801/UBNA_005/20220729_060000.WAV,Central Pond,recover-20220801,005,1795
660.7665,660.7839,24609.0,29827.0,Nyctalus leisleri,0.163,0.283,-1,Echolocation,/mnt/ubna_data_01_mir/recover-20220801/UBNA_005/20220729_060000.WAV,Central Pond,recover-20220801,005,1795
661.7875,661.8078,24609.0,28374.0,Nyctalus leisleri,0.277,0.371,-1,Echolocation,/mnt/ubna_data_01_mir/recover-20220801/UBNA_005/20220729_060000.WAV,Central Pond,recover-20220801,005,1795
662.4735,662.4898,23750.0,28665.0,Nyctalus leisleri,0.191,0.372,-1,Echolocation,/mnt/ubna_data_01_mir/recover-20220801/UBNA_005/20220729_060000.WAV,Central Pond,recover-20220801,005,1795
662.7515,662.7689,24609.0,28670.0,Nyctalus leisleri,0.273,0.387,-1,Echolocation,/mnt/ubna_data_01_mir/recover-20220801/UBNA_005/20220729_060000.WAV,Central Pond,recover-20220801,005,1795
663.2945,663.319,23750.0,28339.0,Nyctalus leisleri,0.096,0.235,-1,Echolocation,/mnt/ubna_data_01_mir/recover-20220801/UBNA_005/20220729_060000.WAV,Central Pond,recover-20220801,005,1795
665.9135,665.9374,24609.0,28666.0,Nyctalus leisleri,0.116,0.223,-1,Echolocation,/mnt/ubna_data_01_mir/recover-20220801/UBNA_005/20220729_060000.WAV,Central Pond,recover-20220801,005,1795
666.5515,666.5706,24609.0,29236.0,Nyctalus leisleri,0.266,0.42,-1,Echolocation,/mnt/ubna_data_01_mir/recover-20220801/UBNA_005/20220729_060000.WAV,Central Pond,recover-20220801,005,1795
667.3505,667.3745,23750.0,28236.0,Nyctalus leisleri,0.155,0.279,-1,Echolocation,/mnt/ubna_data_01_mir/recover-20220801/UBNA_005/20220729_060000.WAV,Central Pond,recover-20220801,005,1795
669.6485,669.6686,24609.0,29716.0,Nyctalus leisleri,0.202,0.369,-1,Echolocation,/mnt/ubna_data_01_mir/recover-20220801/UBNA_005/20220729_060000.WAV,Central Pond,recover-20220801,005,1795
670.4655,670.491,24609.0,28943.0,Nyctalus leisleri,0.131,0.256,-1,Echolocation,/mnt/ubna_data_01_mir/recover-20220801/UBNA_005/20220729_060000.WAV,Central Pond,recover-20220801,005,1795
676.9995,677.0215,23750.0,28399.0,Nyctalus leisleri,0.091,0.204,-1,Echolocation,/mnt/ubna_data_01_mir/recover-20220801/UBNA_005/20220729_060000.WAV,Central Pond,recover-20220801,005,1795
677.5955,677.617,23750.0,28719.0,Nyctalus leisleri,0.22,0.367,-1,Echolocation,/mnt/ubna_data_01_mir/recover-20220801/UBNA_005/20220729_060000.WAV,Central Pond,recover-20220801,005,1795
678.1615,678.1856,24609.0,28677.0,Nyctalus leisleri,0.179,0.289,-1,Echolocation,/mnt/ubna_data_01_mir/recover-20220801/UBNA_005/20220729_060000.WAV,Central Pond,recover-20220801,005,1795
678.8345,678.859,23750.0,28402.0,Nyctalus leisleri,0.197,0.312,-1,Echolocation,/mnt/ubna_data_01_mir/recover-20220801/UBNA_005/20220729_060000.WAV,Central Pond,recover-20220801,005,1795
680.2355,680.2567,24609.0,28745.0,Nyctalus leisleri,0.17,0.264,-1,Echolocation,/mnt/ubna_data_01_mir/recover-20220801/UBNA_005/20220729_060000.WAV,Central Pond,recover-20220801,005,1795
686.2635,686.2807,22890.0,27684.0,Nyctalus leisleri,0.183,0.35,-1,Echolocation,/mnt/ubna_data_01_mir/recover-20220801/UBNA_005/20220729_060000.WAV,Central Pond,recover-20220801,005,1795
686.7795,686.793,22890.0,29019.0,Nyctalus leisleri,0.198,0.523,-1,Echolocation,/mnt/ubna_data_01_mir/recover-20220801/UBNA_005/20220729_060000.WAV,Central Pond,recover-20220801,005,1795
687.5745,687.5887,23750.0,28050.0,Nyctalus leisleri,0.265,0.451,-1,Echolocation,/mnt/ubna_data_01_mir/recover-20220801/UBNA_005/20220729_060000.WAV,Central Pond,recover-20220801,005,1795
688.0825,688.1023,23750.0,28932.0,Nyctalus leisleri,0.157,0.337,-1,Echolocation,/mnt/ubna_data_01_mir/recover-20220801/UBNA_005/20220729_060000.WAV,Central Pond,recover-20220801,005,1795
688.3475,688.3634,22890.0,28262.0,Nyctalus leisleri,0.379,0.603,-1,Echolocation,/mnt/ubna_data_01_mir/recover-20220801/UBNA_005/20220729_060000.WAV,Central Pond,recover-20220801,005,1795
688.7545,688.7723,22890.0,28542.0,Nyctalus leisleri,0.254,0.409,-1,Echolocation,/mnt/ubna_data_01_mir/recover-20220801/UBNA_005/20220729_060000.WAV,Central Pond,recover-20220801,005,1795
688.9055,688.92,23750.0,30941.0,Eptesicus serotinus,0.259,0.6,-1,Echolocation,/mnt/ubna_data_01_mir/recover-20220801/UBNA_005/20220729_060000.WAV,Central Pond,recover-20220801,005,1795
689.0355,689.0467,25468.0,31288.0,Nyctalus leisleri,0.209,0.43,-1,Echolocation,/mnt/ubna_data_01_mir/recover-20220801/UBNA_005/20220729_060000.WAV,Central Pond,recover-20220801,005,1795
689.2495,689.2605,27187.0,33134.0,Nyctalus leisleri,0.216,0.46,-1,Echolocation,/mnt/ubna_data_01_mir/recover-20220801/UBNA_005/20220729_060000.WAV,Central Pond,recover-20220801,005,1795
689.3745,689.3858,25468.0,30516.0,Nyctalus leisleri,0.143,0.312,-1,Echolocation,/mnt/ubna_data_01_mir/recover-20220801/UBNA_005/20220729_060000.WAV,Central Pond,recover-20220801,005,1795
690.5225,690.5347,25468.0,30234.0,Nyctalus leisleri,0.348,0.516,-1,Echolocation,/mnt/ubna_data_01_mir/recover-20220801/UBNA_005/20220729_060000.WAV,Central Pond,recover-20220801,005,1795
690.6555,690.6698,22890.0,30527.0,Eptesicus serotinus,0.237,0.607,-1,Echolocation,/mnt/ubna_data_01_mir/recover-20220801/UBNA_005/20220729_060000.WAV,Central Pond,recover-20220801,005,1795
690.9105,690.9257,23750.0,30241.0,Nyctalus leisleri,0.244,0.574,-1,Echolocation,/mnt/ubna_data_01_mir/recover-20220801/UBNA_005/20220729_060000.WAV,Central Pond,recover-20220801,005,1795
691.1745,691.1903,22890.0,30442.0,Nyctalus leisleri,0.26,0.62,-1,Echolocation,/mnt/ubna_data_01_mir/recover-20220801/UBNA_005/20220729_060000.WAV,Central Pond,recover-20220801,005,1795
691.5315,691.5464,22890.0,29801.0,Eptesicus serotinus,0.253,0.577,-1,Echolocation,/mnt/ubna_data_01_mir/recover-20220801/UBNA_005/20220729_060000.WAV,Central Pond,recover-20220801,005,1795
691.7045,691.7234,22890.0,31729.0,Eptesicus serotinus,0.248,0.539,-1,Echolocation,/mnt/ubna_data_01_mir/recover-20220801/UBNA_005/20220729_060000.WAV,Central Pond,recover-20220801,005,1795
691.9485,691.9688,22031.0,29726.0,Nyctalus noctula,0.234,0.541,-1,Echolocation,/mnt/ubna_data_01_mir/recover-20220801/UBNA_005/20220729_060000.WAV,Central Pond,recover-20220801,005,1795
692.3045,692.3189,22031.0,31487.0,Eptesicus serotinus,0.38,0.656,-1,Echolocation,/mnt/ubna_data_01_mir/recover-20220801/UBNA_005/20220729_060000.WAV,Central Pond,recover-20220801,005,1795
692.5665,692.5859,22031.0,30678.0,Eptesicus serotinus,0.244,0.58,-1,Echolocation,/mnt/ubna_data_01_mir/recover-20220801/UBNA_005/20220729_060000.WAV,Central Pond,recover-20220801,005,1795
692.9505,692.9694,22890.0,29888.0,Eptesicus serotinus,0.197,0.489,-1,Echolocation,/mnt/ubna_data_01_mir/recover-20220801/UBNA_005/20220729_060000.WAV,Central Pond,recover-20220801,005,1795
693.2075,693.2256,22890.0,29268.0,Nyctalus leisleri,0.321,0.545,-1,Echolocation,/mnt/ubna_data_01_mir/recover-20220801/UBNA_005/20220729_060000.WAV,Central Pond,recover-20220801,005,1795
693.4665,693.4869,22031.0,29857.0,Nyctalus noctula,0.256,0.541,-1,Echolocation,/mnt/ubna_data_01_mir/recover-20220801/UBNA_005/20220729_060000.WAV,Central Pond,recover-20220801,005,1795
693.7275,693.7486,22031.0,29477.0,Eptesicus serotinus,0.189,0.488,-1,Echolocation,/mnt/ubna_data_01_mir/recover-20220801/UBNA_005/20220729_060000.WAV,Central Pond,recover-20220801,005,1795
693.8265,693.8372,26328.0,34586.0,Eptesicus serotinus,0.298,0.494,-1,Echolocation,/mnt/ubna_data_01_mir/recover-20220801/UBNA_005/20220729_060000.WAV,Central Pond,recover-20220801,005,1795
693.9085,693.9181,27187.0,33219.0,Nyctalus leisleri,0.386,0.619,-1,Echolocation,/mnt/ubna_data_01_mir/recover-20220801/UBNA_005/20220729_060000.WAV,Central Pond,recover-20220801,005,1795
693.9865,693.9986,25468.0,32869.0,Nyctalus leisleri,0.303,0.535,-1,Echolocation,/mnt/ubna_data_01_mir/recover-20220801/UBNA_005/20220729_060000.WAV,Central Pond,recover-20220801,005,1795
694.1145,694.1266,25468.0,32831.0,Nyctalus leisleri,0.302,0.588,-1,Echolocation,/mnt/ubna_data_01_mir/recover-20220801/UBNA_005/20220729_060000.WAV,Central Pond,recover-20220801,005,1795
694.2735,694.2852,25468.0,31805.0,Nyctalus leisleri,0.384,0.604,-1,Echolocation,/mnt/ubna_data_01_mir/recover-20220801/UBNA_005/20220729_060000.WAV,Central Pond,recover-20220801,005,1795
694.6485,694.6676,22031.0,31637.0,Eptesicus serotinus,0.315,0.583,-1,Echolocation,/mnt/ubna_data_01_mir/recover-20220801/UBNA_005/20220729_060000.WAV,Central Pond,recover-20220801,005,1795
695.4555,695.4731,22890.0,30273.0,Eptesicus serotinus,0.234,0.522,-1,Echolocation,/mnt/ubna_data_01_mir/recover-20220801/UBNA_005/20220729_060000.WAV,Central Pond,recover-20220801,005,1795
695.5965,695.615,22890.0,30858.0,Eptesicus serotinus,0.229,0.488,-1,Echolocation,/mnt/ubna_data_01_mir/recover-20220801/UBNA_005/20220729_060000.WAV,Central Pond,recover-20220801,005,1795
695.8415,695.865,22031.0,29875.0,Eptesicus serotinus,0.208,0.464,-1,Echolocation,/mnt/ubna_data_01_mir/recover-20220801/UBNA_005/20220729_060000.WAV,Central Pond,recover-20220801,005,1795
696.1755,696.1935,22890.0,29082.0,Nyctalus noctula,0.193,0.486,-1,Echolocation,/mnt/ubna_data_01_mir/recover-20220801/UBNA_005/20220729_060000.WAV,Central Pond,recover-20220801,005,1795
696.1805,696.1932,46093.0,55115.0,Pipistrellus pipistrellus,0.147,0.215,-1,Echolocation,/mnt/ubna_data_01_mir/recover-20220801/UBNA_005/20220729_060000.WAV,Central Pond,recover-20220801,005,1795
696.5155,696.5316,22890.0,26844.0,Nyctalus leisleri,0.258,0.505,-1,Echolocation,/mnt/ubna_data_01_mir/recover-20220801/UBNA_005/20220729_060000.WAV,Central Pond,recover-20220801,005,1795
696.6705,696.6839,24609.0,28992.0,Nyctalus leisleri,0.11,0.232,-1,Echolocation,/mnt/ubna_data_01_mir/recover-20220801/UBNA_005/20220729_060000.WAV,Central Pond,recover-20220801,005,1795
696.7885,696.8093,22031.0,28292.0,Nyctalus noctula,0.243,0.519,-1,Echolocation,/mnt/ubna_data_01_mir/recover-20220801/UBNA_005/20220729_060000.WAV,Central Pond,recover-20220801,005,1795
697.0265,697.0427999999999,22890.0,29994.0,Eptesicus serotinus,0.238,0.549,-1,Echolocation,/mnt/ubna_data_01_mir/recover-20220801/UBNA_005/20220729_060000.WAV,Central Pond,recover-20220801,005,1795
697.1625,697.1803,22890.0,32976.0,Eptesicus serotinus,0.357,0.569,-1,Echolocation,/mnt/ubna_data_01_mir/recover-20220801/UBNA_005/20220729_060000.WAV,Central Pond,recover-20220801,005,1795
697.3985,697.4186,22031.0,30364.0,Eptesicus serotinus,0.25,0.539,-1,Echolocation,/mnt/ubna_data_01_mir/recover-20220801/UBNA_005/20220729_060000.WAV,Central Pond,recover-20220801,005,1795
697.6735,697.6936,22031.0,30709.0,Nyctalus noctula,0.296,0.573,-1,Echolocation,/mnt/ubna_data_01_mir/recover-20220801/UBNA_005/20220729_060000.WAV,Central Pond,recover-20220801,005,1795
697.9195,697.9366,22890.0,31748.0,Eptesicus serotinus,0.184,0.493,-1,Echolocation,/mnt/ubna_data_01_mir/recover-20220801/UBNA_005/20220729_060000.WAV,Central Pond,recover-20220801,005,1795
698.1615,698.1838,21171.0,29071.0,Nyctalus noctula,0.364,0.481,-1,Echolocation,/mnt/ubna_data_01_mir/recover-20220801/UBNA_005/20220729_060000.WAV,Central Pond,recover-20220801,005,1795
698.4085,698.431,22031.0,30042.0,Nyctalus noctula,0.395,0.561,-1,Echolocation,/mnt/ubna_data_01_mir/recover-20220801/UBNA_005/20220729_060000.WAV,Central Pond,recover-20220801,005,1795
698.6625,698.6807,22890.0,32854.0,Nyctalus noctula,0.261,0.537,-1,Echolocation,/mnt/ubna_data_01_mir/recover-20220801/UBNA_005/20220729_060000.WAV,Central Pond,recover-20220801,005,1795
698.9135,698.9331,22890.0,31184.0,Eptesicus serotinus,0.226,0.557,-1,Echolocation,/mnt/ubna_data_01_mir/recover-20220801/UBNA_005/20220729_060000.WAV,Central Pond,recover-20220801,005,1795
699.0595,699.0772,23750.0,31036.0,Nyctalus leisleri,0.191,0.467,-1,Echolocation,/mnt/ubna_data_01_mir/recover-20220801/UBNA_005/20220729_060000.WAV,Central Pond,recover-20220801,005,1795
699.2975,699.3235,22031.0,30376.0,Nyctalus noctula,0.31,0.467,-1,Echolocation,/mnt/ubna_data_01_mir/recover-20220801/UBNA_005/20220729_060000.WAV,Central Pond,recover-20220801,005,1795
699.5495,699.5681,22890.0,29349.0,Nyctalus noctula,0.229,0.483,-1,Echolocation,/mnt/ubna_data_01_mir/recover-20220801/UBNA_005/20220729_060000.WAV,Central Pond,recover-20220801,005,1795
699.8155,699.8378,22031.0,30801.0,Eptesicus serotinus,0.261,0.536,-1,Echolocation,/mnt/ubna_data_01_mir/recover-20220801/UBNA_005/20220729_060000.WAV,Central Pond,recover-20220801,005,1795
700.0675,700.0899,22890.0,30295.0,Nyctalus noctula,0.259,0.477,-1,Echolocation,/mnt/ubna_data_01_mir/recover-20220801/UBNA_005/20220729_060000.WAV,Central Pond,recover-20220801,005,1795
700.2035,700.2189,24609.0,32173.0,Eptesicus serotinus,0.233,0.551,-1,Echolocation,/mnt/ubna_data_01_mir/recover-20220801/UBNA_005/20220729_060000.WAV,Central Pond,recover-20220801,005,1795
700.4485,700.4726,22031.0,30694.0,Nyctalus noctula,0.291,0.551,-1,Echolocation,/mnt/ubna_data_01_mir/recover-20220801/UBNA_005/20220729_060000.WAV,Central Pond,recover-20220801,005,1795
700.7105,700.7345,22031.0,29033.0,Nyctalus noctula,0.173,0.43,-1,Echolocation,/mnt/ubna_data_01_mir/recover-20220801/UBNA_005/20220729_060000.WAV,Central Pond,recover-20220801,005,1795
700.8685,700.8911,22890.0,31416.0,Nyctalus noctula,0.309,0.485,-1,Echolocation,/mnt/ubna_data_01_mir/recover-20220801/UBNA_005/20220729_060000.WAV,Central Pond,recover-20220801,005,1795
701.0155,701.0262,26328.0,41128.0,Eptesicus serotinus,0.404,0.646,-1,Echolocation,/mnt/ubna_data_01_mir/recover-20220801/UBNA_005/20220729_060000.WAV,Central Pond,recover-20220801,005,1795
701.2565,701.2741,22890.0,29849.0,Nyctalus leisleri,0.148,0.416,-1,Echolocation,/mnt/ubna_data_01_mir/recover-20220801/UBNA_005/20220729_060000.WAV,Central Pond,recover-20220801,005,1795
701.5195,701.5361,23750.0,29486.0,Nyctalus leisleri,0.322,0.414,-1,Echolocation,/mnt/ubna_data_01_mir/recover-20220801/UBNA_005/20220729_060000.WAV,Central Pond,recover-20220801,005,1795
701.9015,701.9208,22890.0,30479.0,Nyctalus noctula,0.178,0.438,-1,Echolocation,/mnt/ubna_data_01_mir/recover-20220801/UBNA_005/20220729_060000.WAV,Central Pond,recover-20220801,005,1795
702.1645,702.1848,22031.0,28552.0,Nyctalus leisleri,0.193,0.38,-1,Echolocation,/mnt/ubna_data_01_mir/recover-20220801/UBNA_005/20220729_060000.WAV,Central Pond,recover-20220801,005,1795
702.4195,702.4428,22031.0,31695.0,Nyctalus noctula,0.344,0.59,-1,Echolocation,/mnt/ubna_data_01_mir/recover-20220801/UBNA_005/20220729_060000.WAV,Central Pond,recover-20220801,005,1795
702.5495,702.5723,22890.0,32749.0,Nyctalus noctula,0.242,0.52,-1,Echolocation,/mnt/ubna_data_01_mir/recover-20220801/UBNA_005/20220729_060000.WAV,Central Pond,recover-20220801,005,1795
702.6745,702.6961,22890.0,30215.0,Nyctalus noctula,0.203,0.439,-1,Echolocation,/mnt/ubna_data_01_mir/recover-20220801/UBNA_005/20220729_060000.WAV,Central Pond,recover-20220801,005,1795
702.7785,702.7936,24609.0,31799.0,Nyctalus leisleri,0.301,0.54,-1,Echolocation,/mnt/ubna_data_01_mir/recover-20220801/UBNA_005/20220729_060000.WAV,Central Pond,recover-20220801,005,1795
702.9615,702.9763,23750.0,32276.0,Eptesicus serotinus,0.313,0.591,-1,Echolocation,/mnt/ubna_data_01_mir/recover-20220801/UBNA_005/20220729_060000.WAV,Central Pond,recover-20220801,005,1795
703.2645,703.2814,24609.0,29521.0,Nyctalus leisleri,0.358,0.489,-1,Echolocation,/mnt/ubna_data_01_mir/recover-20220801/UBNA_005/20220729_060000.WAV,Central Pond,recover-20220801,005,1795
703.4635,703.4832,23750.0,30339.0,Nyctalus leisleri,0.126,0.314,-1,Echolocation,/mnt/ubna_data_01_mir/recover-20220801/UBNA_005/20220729_060000.WAV,Central Pond,recover-20220801,005,1795
703.6475,703.6687,22890.0,30781.0,Eptesicus serotinus,0.168,0.428,-1,Echolocation,/mnt/ubna_data_01_mir/recover-20220801/UBNA_005/20220729_060000.WAV,Central Pond,recover-20220801,005,1795
703.8125,703.8311,23750.0,29836.0,Nyctalus leisleri,0.212,0.391,-1,Echolocation,/mnt/ubna_data_01_mir/recover-20220801/UBNA_005/20220729_060000.WAV,Central Pond,recover-20220801,005,1795
704.0015,704.0199,22890.0,28706.0,Nyctalus leisleri,0.193,0.394,-1,Echolocation,/mnt/ubna_data_01_mir/recover-20220801/UBNA_005/20220729_060000.WAV,Central Pond,recover-20220801,005,1795
704.1735,704.1893,23750.0,30833.0,Nyctalus leisleri,0.235,0.568,-1,Echolocation,/mnt/ubna_data_01_mir/recover-20220801/UBNA_005/20220729_060000.WAV,Central Pond,recover-20220801,005,1795
704.3555,704.3719,23750.0,30915.0,Nyctalus leisleri,0.23,0.464,-1,Echolocation,/mnt/ubna_data_01_mir/recover-20220801/UBNA_005/20220729_060000.WAV,Central Pond,recover-20220801,005,1795
704.5395,704.5556,24609.0,30567.0,Nyctalus leisleri,0.338,0.477,-1,Echolocation,/mnt/ubna_data_01_mir/recover-20220801/UBNA_005/20220729_060000.WAV,Central Pond,recover-20220801,005,1795
704.6485,704.6622,24609.0,32608.0,Eptesicus serotinus,0.26,0.574,-1,Echolocation,/mnt/ubna_data_01_mir/recover-20220801/UBNA_005/20220729_060000.WAV,Central Pond,recover-20220801,005,1795
704.8375,704.8528,23750.0,30195.0,Nyctalus leisleri,0.377,0.571,-1,Echolocation,/mnt/ubna_data_01_mir/recover-20220801/UBNA_005/20220729_060000.WAV,Central Pond,recover-20220801,005,1795
705.0365,705.0524,23750.0,31092.0,Eptesicus serotinus,0.22,0.487,-1,Echolocation,/mnt/ubna_data_01_mir/recover-20220801/UBNA_005/20220729_060000.WAV,Central Pond,recover-20220801,005,1795
705.2355,705.2517,23750.0,31383.0,Eptesicus serotinus,0.202,0.492,-1,Echolocation,/mnt/ubna_data_01_mir/recover-20220801/UBNA_005/20220729_060000.WAV,Central Pond,recover-20220801,005,1795
705.3465,705.3607,24609.0,34091.0,Eptesicus serotinus,0.298,0.581,-1,Echolocation,/mnt/ubna_data_01_mir/recover-20220801/UBNA_005/20220729_060000.WAV,Central Pond,recover-20220801,005,1795
705.5445,705.5591,24609.0,31368.0,Nyctalus leisleri,0.338,0.514,-1,Echolocation,/mnt/ubna_data_01_mir/recover-20220801/UBNA_005/20220729_060000.WAV,Central Pond,recover-20220801,005,1795
705.7465,705.7632,23750.0,30434.0,Nyctalus leisleri,0.29,0.494,-1,Echolocation,/mnt/ubna_data_01_mir/recover-20220801/UBNA_005/20220729_060000.WAV,Central Pond,recover-20220801,005,1795
705.8545,705.8681,26328.0,32949.0,Eptesicus serotinus,0.171,0.353,-1,Echolocation,/mnt/ubna_data_01_mir/recover-20220801/UBNA_005/20220729_060000.WAV,Central Pond,recover-20220801,005,1795
706.0495,706.0657,23750.0,34348.0,Eptesicus serotinus,0.365,0.584,-1,Echolocation,/mnt/ubna_data_01_mir/recover-20220801/UBNA_005/20220729_060000.WAV,Central Pond,recover-20220801,005,1795
706.1535,706.1658,27187.0,32673.0,Eptesicus serotinus,0.127,0.24,-1,Echolocation,/mnt/ubna_data_01_mir/recover-20220801/UBNA_005/20220729_060000.WAV,Central Pond,recover-20220801,005,1795
707.0035,707.0213,23750.0,31358.0,Nyctalus leisleri,0.233,0.428,-1,Echolocation,/mnt/ubna_data_01_mir/recover-20220801/UBNA_005/20220729_060000.WAV,Central Pond,recover-20220801,005,1795
707.1445,707.1641,22890.0,31629.0,Eptesicus serotinus,0.213,0.436,-1,Echolocation,/mnt/ubna_data_01_mir/recover-20220801/UBNA_005/20220729_060000.WAV,Central Pond,recover-20220801,005,1795
707.4035,707.4242,22890.0,29267.0,Nyctalus leisleri,0.157,0.369,-1,Echolocation,/mnt/ubna_data_01_mir/recover-20220801/UBNA_005/20220729_060000.WAV,Central Pond,recover-20220801,005,1795
707.7615,707.7818,22031.0,30574.0,Eptesicus serotinus,0.235,0.505,-1,Echolocation,/mnt/ubna_data_01_mir/recover-20220801/UBNA_005/20220729_060000.WAV,Central Pond,recover-20220801,005,1795
707.8835,707.8982,24609.0,31360.0,Nyctalus leisleri,0.345,0.537,-1,Echolocation,/mnt/ubna_data_01_mir/recover-20220801/UBNA_005/20220729_060000.WAV,Central Pond,recover-20220801,005,1795
708.0325,708.0545,22890.0,33544.0,Nyctalus noctula,0.363,0.614,-1,Echolocation,/mnt/ubna_data_01_mir/recover-20220801/UBNA_005/20220729_060000.WAV,Central Pond,recover-20220801,005,1795
708.3035,708.3282,22890.0,31522.0,Nyctalus noctula,0.186,0.414,-1,Echolocation,/mnt/ubna_data_01_mir/recover-20220801/UBNA_005/20220729_060000.WAV,Central Pond,recover-20220801,005,1795
708.5565,708.5829,22031.0,28947.0,Nyctalus noctula,0.302,0.409,-1,Echolocation,/mnt/ubna_data_01_mir/recover-20220801/UBNA_005/20220729_060000.WAV,Central Pond,recover-20220801,005,1795
708.8405,708.8592,22890.0,27118.0,Nyctalus leisleri,0.165,0.325,-1,Echolocation,/mnt/ubna_data_01_mir/recover-20220801/UBNA_005/20220729_060000.WAV,Central Pond,recover-20220801,005,1795
709.2435,709.2673,22031.0,28372.0,Nyctalus noctula,0.325,0.48,-1,Echolocation,/mnt/ubna_data_01_mir/recover-20220801/UBNA_005/20220729_060000.WAV,Central Pond,recover-20220801,005,1795
709.5175,709.5375,22890.0,28297.0,Nyctalus noctula,0.243,0.421,-1,Echolocation,/mnt/ubna_data_01_mir/recover-20220801/UBNA_005/20220729_060000.WAV,Central Pond,recover-20220801,005,1795
709.6655,709.69,22031.0,28193.0,Nyctalus noctula,0.22,0.41,-1,Echolocation,/mnt/ubna_data_01_mir/recover-20220801/UBNA_005/20220729_060000.WAV,Central Pond,recover-20220801,005,1795
709.8705,709.8927,22031.0,28144.0,Nyctalus noctula,0.29,0.475,-1,Echolocation,/mnt/ubna_data_01_mir/recover-20220801/UBNA_005/20220729_060000.WAV,Central Pond,recover-20220801,005,1795
710.1975,710.213,22890.0,27418.0,Nyctalus leisleri,0.393,0.499,-1,Echolocation,/mnt/ubna_data_01_mir/recover-20220801/UBNA_005/20220729_060000.WAV,Central Pond,recover-20220801,005,1795
710.3195,710.3375,22890.0,26680.0,Nyctalus leisleri,0.359,0.432,-1,Echolocation,/mnt/ubna_data_01_mir/recover-20220801/UBNA_005/20220729_060000.WAV,Central Pond,recover-20220801,005,1795
710.4265,710.4433,22890.0,27077.0,Nyctalus leisleri,0.121,0.243,-1,Echolocation,/mnt/ubna_data_01_mir/recover-20220801/UBNA_005/20220729_060000.WAV,Central Pond,recover-20220801,005,1795
710.7295,710.746,23750.0,27477.0,Nyctalus leisleri,0.26,0.377,-1,Echolocation,/mnt/ubna_data_01_mir/recover-20220801/UBNA_005/20220729_060000.WAV,Central Pond,recover-20220801,005,1795
711.0335,711.047,23750.0,29072.0,Nyctalus leisleri,0.21,0.434,-1,Echolocation,/mnt/ubna_data_01_mir/recover-20220801/UBNA_005/20220729_060000.WAV,Central Pond,recover-20220801,005,1795
711.2185,711.2409,22890.0,29494.0,Nyctalus noctula,0.113,0.331,-1,Echolocation,/mnt/ubna_data_01_mir/recover-20220801/UBNA_005/20220729_060000.WAV,Central Pond,recover-20220801,005,1795
711.5165,711.5308,23750.0,28224.0,Nyctalus leisleri,0.118,0.277,-1,Echolocation,/mnt/ubna_data_01_mir/recover-20220801/UBNA_005/20220729_060000.WAV,Central Pond,recover-20220801,005,1795
711.7985,711.8161,23750.0,30066.0,Nyctalus leisleri,0.272,0.541,-1,Echolocation,/mnt/ubna_data_01_mir/recover-20220801/UBNA_005/20220729_060000.WAV,Central Pond,recover-20220801,005,1795
712.0875,712.1049,23750.0,30053.0,Nyctalus leisleri,0.188,0.446,-1,Echolocation,/mnt/ubna_data_01_mir/recover-20220801/UBNA_005/20220729_060000.WAV,Central Pond,recover-20220801,005,1795
712.1875,712.1999,25468.0,29459.0,Nyctalus leisleri,0.138,0.29,-1,Echolocation,/mnt/ubna_data_01_mir/recover-20220801/UBNA_005/20220729_060000.WAV,Central Pond,recover-20220801,005,1795
712.3705,712.3854,24609.0,30685.0,Nyctalus leisleri,0.248,0.484,-1,Echolocation,/mnt/ubna_data_01_mir/recover-20220801/UBNA_005/20220729_060000.WAV,Central Pond,recover-20220801,005,1795
712.5565,712.5743,23750.0,30250.0,Nyctalus leisleri,0.306,0.489,-1,Echolocation,/mnt/ubna_data_01_mir/recover-20220801/UBNA_005/20220729_060000.WAV,Central Pond,recover-20220801,005,1795
712.7435,712.762,24609.0,30116.0,Nyctalus leisleri,0.229,0.386,-1,Echolocation,/mnt/ubna_data_01_mir/recover-20220801/UBNA_005/20220729_060000.WAV,Central Pond,recover-20220801,005,1795
712.9085,712.9253,24609.0,30498.0,Nyctalus leisleri,0.314,0.55,-1,Echolocation,/mnt/ubna_data_01_mir/recover-20220801/UBNA_005/20220729_060000.WAV,Central Pond,recover-20220801,005,1795
713.0805,713.0986,24609.0,31694.0,Eptesicus serotinus,0.207,0.428,-1,Echolocation,/mnt/ubna_data_01_mir/recover-20220801/UBNA_005/20220729_060000.WAV,Central Pond,recover-20220801,005,1795
713.2535,713.2679,24609.0,31510.0,Nyctalus leisleri,0.371,0.658,-1,Echolocation,/mnt/ubna_data_01_mir/recover-20220801/UBNA_005/20220729_060000.WAV,Central Pond,recover-20220801,005,1795
713.4255,713.4427,24609.0,31063.0,Nyctalus leisleri,0.251,0.452,-1,Echolocation,/mnt/ubna_data_01_mir/recover-20220801/UBNA_005/20220729_060000.WAV,Central Pond,recover-20220801,005,1795
713.5965,713.6138,23750.0,31038.0,Eptesicus serotinus,0.223,0.525,-1,Echolocation,/mnt/ubna_data_01_mir/recover-20220801/UBNA_005/20220729_060000.WAV,Central Pond,recover-20220801,005,1795
713.7865,713.803,23750.0,28056.0,Nyctalus leisleri,0.329,0.484,-1,Echolocation,/mnt/ubna_data_01_mir/recover-20220801/UBNA_005/20220729_060000.WAV,Central Pond,recover-20220801,005,1795
713.9785,713.9926,23750.0,27834.0,Nyctalus leisleri,0.476,0.601,-1,Echolocation,/mnt/ubna_data_01_mir/recover-20220801/UBNA_005/20220729_060000.WAV,Central Pond,recover-20220801,005,1795
714.1545,714.1782,22890.0,30203.0,Nyctalus noctula,0.187,0.388,-1,Echolocation,/mnt/ubna_data_01_mir/recover-20220801/UBNA_005/20220729_060000.WAV,Central Pond,recover-20220801,005,1795
714.2585,714.2751,23750.0,28792.0,Nyctalus leisleri,0.208,0.399,-1,Echolocation,/mnt/ubna_data_01_mir/recover-20220801/UBNA_005/20220729_060000.WAV,Central Pond,recover-20220801,005,1795
714.4615,714.4751,23750.0,28736.0,Nyctalus leisleri,0.14,0.309,-1,Echolocation,/mnt/ubna_data_01_mir/recover-20220801/UBNA_005/20220729_060000.WAV,Central Pond,recover-20220801,005,1795
714.6655,714.6827,23750.0,28543.0,Nyctalus leisleri,0.212,0.396,-1,Echolocation,/mnt/ubna_data_01_mir/recover-20220801/UBNA_005/20220729_060000.WAV,Central Pond,recover-20220801,005,1795
714.7675,714.7842,24609.0,30117.0,Nyctalus leisleri,0.138,0.293,-1,Echolocation,/mnt/ubna_data_01_mir/recover-20220801/UBNA_005/20220729_060000.WAV,Central Pond,recover-20220801,005,1795
715.3805,715.3932,23750.0,28794.0,Nyctalus leisleri,0.147,0.331,-1,Echolocation,/mnt/ubna_data_01_mir/recover-20220801/UBNA_005/20220729_060000.WAV,Central Pond,recover-20220801,005,1795
716.4845,716.5001,23750.0,28662.0,Nyctalus leisleri,0.104,0.265,-1,Echolocation,/mnt/ubna_data_01_mir/recover-20220801/UBNA_005/20220729_060000.WAV,Central Pond,recover-20220801,005,1795
716.6355,716.6558,22890.0,28251.0,Nyctalus leisleri,0.164,0.341,-1,Echolocation,/mnt/ubna_data_01_mir/recover-20220801/UBNA_005/20220729_060000.WAV,Central Pond,recover-20220801,005,1795
716.7675,716.7868,24609.0,30200.0,Nyctalus leisleri,0.127,0.302,-1,Echolocation,/mnt/ubna_data_01_mir/recover-20220801/UBNA_005/20220729_060000.WAV,Central Pond,recover-20220801,005,1795
717.0485,717.0732,22890.0,27847.0,Nyctalus noctula,0.148,0.359,-1,Echolocation,/mnt/ubna_data_01_mir/recover-20220801/UBNA_005/20220729_060000.WAV,Central Pond,recover-20220801,005,1795
717.3045,717.3297,22031.0,29784.0,Nyctalus noctula,0.267,0.452,-1,Echolocation,/mnt/ubna_data_01_mir/recover-20220801/UBNA_005/20220729_060000.WAV,Central Pond,recover-20220801,005,1795
717.5775,717.5993,22031.0,26414.0,Nyctalus noctula,0.208,0.375,-1,Echolocation,/mnt/ubna_data_01_mir/recover-20220801/UBNA_005/20220729_060000.WAV,Central Pond,recover-20220801,005,1795
717.9695,717.9967,22031.0,27683.0,Nyctalus noctula,0.251,0.373,-1,Echolocation,/mnt/ubna_data_01_mir/recover-20220801/UBNA_005/20220729_060000.WAV,Central Pond,recover-20220801,005,1795
718.5205,718.5421,22031.0,25701.0,Nyctalus leisleri,0.149,0.236,-1,Echolocation,/mnt/ubna_data_01_mir/recover-20220801/UBNA_005/20220729_060000.WAV,Central Pond,recover-20220801,005,1795
718.7895,718.8104,22890.0,27724.0,Nyctalus leisleri,0.213,0.408,-1,Echolocation,/mnt/ubna_data_01_mir/recover-20220801/UBNA_005/20220729_060000.WAV,Central Pond,recover-20220801,005,1795
718.9465,718.9684,22890.0,27863.0,Nyctalus leisleri,0.186,0.327,-1,Echolocation,/mnt/ubna_data_01_mir/recover-20220801/UBNA_005/20220729_060000.WAV,Central Pond,recover-20220801,005,1795
719.2095,719.2315,22031.0,25645.0,Nyctalus leisleri,0.229,0.303,-1,Echolocation,/mnt/ubna_data_01_mir/recover-20220801/UBNA_005/20220729_060000.WAV,Central Pond,recover-20220801,005,1795
719.4945,719.5108,22890.0,27321.0,Nyctalus leisleri,0.316,0.508,-1,Echolocation,/mnt/ubna_data_01_mir/recover-20220801/UBNA_005/20220729_060000.WAV,Central Pond,recover-20220801,005,1795
719.7805,719.7978,22890.0,27910.0,Nyctalus leisleri,0.227,0.404,-1,Echolocation,/mnt/ubna_data_01_mir/recover-20220801/UBNA_005/20220729_060000.WAV,Central Pond,recover-20220801,005,1795
720.1815,720.2047,22031.0,28421.0,Nyctalus noctula,0.192,0.389,-1,Echolocation,/mnt/ubna_data_01_mir/recover-20220801/UBNA_005/20220729_060000.WAV,Central Pond,recover-20220801,005,1795
720.4725,720.4911,22031.0,26483.0,Nyctalus noctula,0.212,0.359,-1,Echolocation,/mnt/ubna_data_01_mir/recover-20220801/UBNA_005/20220729_060000.WAV,Central Pond,recover-20220801,005,1795
721.1505,721.171,22031.0,26232.0,Nyctalus leisleri,0.207,0.335,-1,Echolocation,/mnt/ubna_data_01_mir/recover-20220801/UBNA_005/20220729_060000.WAV,Central Pond,recover-20220801,005,1795
721.2795,721.296,23750.0,27645.0,Nyctalus leisleri,0.212,0.333,-1,Echolocation,/mnt/ubna_data_01_mir/recover-20220801/UBNA_005/20220729_060000.WAV,Central Pond,recover-20220801,005,1795
721.8195,721.8315,23750.0,28594.0,Nyctalus leisleri,0.125,0.315,-1,Echolocation,/mnt/ubna_data_01_mir/recover-20220801/UBNA_005/20220729_060000.WAV,Central Pond,recover-20220801,005,1795
722.0865,722.1061,22890.0,28943.0,Eptesicus serotinus,0.147,0.399,-1,Echolocation,/mnt/ubna_data_01_mir/recover-20220801/UBNA_005/20220729_060000.WAV,Central Pond,recover-20220801,005,1795
723.1995,723.2196,22890.0,26860.0,Nyctalus leisleri,0.087,0.208,-1,Echolocation,/mnt/ubna_data_01_mir/recover-20220801/UBNA_005/20220729_060000.WAV,Central Pond,recover-20220801,005,1795
723.8815,723.8985,22890.0,27883.0,Nyctalus leisleri,0.178,0.449,-1,Echolocation,/mnt/ubna_data_01_mir/recover-20220801/UBNA_005/20220729_060000.WAV,Central Pond,recover-20220801,005,1795
725.4835,725.5022,24609.0,28902.0,Nyctalus leisleri,0.274,0.391,-1,Echolocation,/mnt/ubna_data_01_mir/recover-20220801/UBNA_005/20220729_060000.WAV,Central Pond,recover-20220801,005,1795
725.8985,725.9164,23750.0,27336.0,Nyctalus leisleri,0.332,0.403,-1,Echolocation,/mnt/ubna_data_01_mir/recover-20220801/UBNA_005/20220729_060000.WAV,Central Pond,recover-20220801,005,1795
726.1685,726.1888,22890.0,28855.0,Nyctalus leisleri,0.157,0.458,-1,Echolocation,/mnt/ubna_data_01_mir/recover-20220801/UBNA_005/20220729_060000.WAV,Central Pond,recover-20220801,005,1795
726.3325,726.3437,25468.0,30816.0,Eptesicus serotinus,0.181,0.373,-1,Echolocation,/mnt/ubna_data_01_mir/recover-20220801/UBNA_005/20220729_060000.WAV,Central Pond,recover-20220801,005,1795
727.3055,727.3201,22890.0,28719.0,Eptesicus serotinus,0.105,0.287,-1,Echolocation,/mnt/ubna_data_01_mir/recover-20220801/UBNA_005/20220729_060000.WAV,Central Pond,recover-20220801,005,1795
727.4365,727.45,23750.0,29506.0,Nyctalus leisleri,0.218,0.481,-1,Echolocation,/mnt/ubna_data_01_mir/recover-20220801/UBNA_005/20220729_060000.WAV,Central Pond,recover-20220801,005,1795
727.6045,727.6153,24609.0,30832.0,Eptesicus serotinus,0.175,0.352,-1,Echolocation,/mnt/ubna_data_01_mir/recover-20220801/UBNA_005/20220729_060000.WAV,Central Pond,recover-20220801,005,1795
727.8605,727.8735,22890.0,28446.0,Nyctalus leisleri,0.241,0.605,-1,Echolocation,/mnt/ubna_data_01_mir/recover-20220801/UBNA_005/20220729_060000.WAV,Central Pond,recover-20220801,005,1795
728.1985,728.2206,22890.0,29544.0,Eptesicus serotinus,0.164,0.39,-1,Echolocation,/mnt/ubna_data_01_mir/recover-20220801/UBNA_005/20220729_060000.WAV,Central Pond,recover-20220801,005,1795
728.2975,728.31,25468.0,30964.0,Nyctalus leisleri,0.232,0.402,-1,Echolocation,/mnt/ubna_data_01_mir/recover-20220801/UBNA_005/20220729_060000.WAV,Central Pond,recover-20220801,005,1795
728.4365,728.4494,24609.0,30465.0,Nyctalus leisleri,0.204,0.443,-1,Echolocation,/mnt/ubna_data_01_mir/recover-20220801/UBNA_005/20220729_060000.WAV,Central Pond,recover-20220801,005,1795
728.7015,728.7165,23750.0,29859.0,Nyctalus leisleri,0.244,0.522,-1,Echolocation,/mnt/ubna_data_01_mir/recover-20220801/UBNA_005/20220729_060000.WAV,Central Pond,recover-20220801,005,1795
729.1055,729.1251,22031.0,29093.0,Nyctalus noctula,0.262,0.466,-1,Echolocation,/mnt/ubna_data_01_mir/recover-20220801/UBNA_005/20220729_060000.WAV,Central Pond,recover-20220801,005,1795
729.3675,729.3826,24609.0,29705.0,Nyctalus leisleri,0.269,0.43,-1,Echolocation,/mnt/ubna_data_01_mir/recover-20220801/UBNA_005/20220729_060000.WAV,Central Pond,recover-20220801,005,1795
732.0895,732.1091,22890.0,26929.0,Nyctalus leisleri,0.208,0.344,-1,Echolocation,/mnt/ubna_data_01_mir/recover-20220801/UBNA_005/20220729_060000.WAV,Central Pond,recover-20220801,005,1795
732.2345,732.2521,24609.0,29423.0,Nyctalus leisleri,0.159,0.356,-1,Echolocation,/mnt/ubna_data_01_mir/recover-20220801/UBNA_005/20220729_060000.WAV,Central Pond,recover-20220801,005,1795
732.3555,732.3742,23750.0,30586.0,Eptesicus serotinus,0.161,0.321,-1,Echolocation,/mnt/ubna_data_01_mir/recover-20220801/UBNA_005/20220729_060000.WAV,Central Pond,recover-20220801,005,1795
732.5295,732.5446,23750.0,30068.0,Nyctalus leisleri,0.181,0.36,-1,Echolocation,/mnt/ubna_data_01_mir/recover-20220801/UBNA_005/20220729_060000.WAV,Central Pond,recover-20220801,005,1795
732.7685,732.7868,22890.0,29994.0,Eptesicus serotinus,0.152,0.395,-1,Echolocation,/mnt/ubna_data_01_mir/recover-20220801/UBNA_005/20220729_060000.WAV,Central Pond,recover-20220801,005,1795
732.8825,732.8956,25468.0,31351.0,Nyctalus leisleri,0.341,0.519,-1,Echolocation,/mnt/ubna_data_01_mir/recover-20220801/UBNA_005/20220729_060000.WAV,Central Pond,recover-20220801,005,1795
733.0155,733.0311,25468.0,30531.0,Nyctalus leisleri,0.124,0.25,-1,Echolocation,/mnt/ubna_data_01_mir/recover-20220801/UBNA_005/20220729_060000.WAV,Central Pond,recover-20220801,005,1795
733.1575,733.1697,25468.0,32102.0,Nyctalus leisleri,0.308,0.515,-1,Echolocation,/mnt/ubna_data_01_mir/recover-20220801/UBNA_005/20220729_060000.WAV,Central Pond,recover-20220801,005,1795
733.4095,733.4263,23750.0,31236.0,Nyctalus leisleri,0.168,0.394,-1,Echolocation,/mnt/ubna_data_01_mir/recover-20220801/UBNA_005/20220729_060000.WAV,Central Pond,recover-20220801,005,1795
733.6655,733.686,23750.0,28162.0,Nyctalus leisleri,0.223,0.331,-1,Echolocation,/mnt/ubna_data_01_mir/recover-20220801/UBNA_005/20220729_060000.WAV,Central Pond,recover-20220801,005,1795
733.8035,733.8205,24609.0,29354.0,Nyctalus leisleri,0.246,0.401,-1,Echolocation,/mnt/ubna_data_01_mir/recover-20220801/UBNA_005/20220729_060000.WAV,Central Pond,recover-20220801,005,1795
733.9405,733.9546,23750.0,28947.0,Nyctalus leisleri,0.207,0.451,-1,Echolocation,/mnt/ubna_data_01_mir/recover-20220801/UBNA_005/20220729_060000.WAV,Central Pond,recover-20220801,005,1795
734.0695,734.0837,25468.0,31707.0,Eptesicus serotinus,0.168,0.324,-1,Echolocation,/mnt/ubna_data_01_mir/recover-20220801/UBNA_005/20220729_060000.WAV,Central Pond,recover-20220801,005,1795
734.3445,734.363,25468.0,29294.0,Nyctalus leisleri,0.107,0.21,-1,Echolocation,/mnt/ubna_data_01_mir/recover-20220801/UBNA_005/20220729_060000.WAV,Central Pond,recover-20220801,005,1795
734.4755,734.49,25468.0,31760.0,Nyctalus leisleri,0.194,0.379,-1,Echolocation,/mnt/ubna_data_01_mir/recover-20220801/UBNA_005/20220729_060000.WAV,Central Pond,recover-20220801,005,1795
734.6165,734.6375,22890.0,27600.0,Nyctalus noctula,0.201,0.338,-1,Echolocation,/mnt/ubna_data_01_mir/recover-20220801/UBNA_005/20220729_060000.WAV,Central Pond,recover-20220801,005,1795
734.8835,734.9038,23750.0,31023.0,Eptesicus serotinus,0.153,0.367,-1,Echolocation,/mnt/ubna_data_01_mir/recover-20220801/UBNA_005/20220729_060000.WAV,Central Pond,recover-20220801,005,1795
735.1595,735.1766,23750.0,28419.0,Nyctalus leisleri,0.105,0.244,-1,Echolocation,/mnt/ubna_data_01_mir/recover-20220801/UBNA_005/20220729_060000.WAV,Central Pond,recover-20220801,005,1795
735.4215,735.4448,23750.0,28264.0,Nyctalus leisleri,0.166,0.265,-1,Echolocation,/mnt/ubna_data_01_mir/recover-20220801/UBNA_005/20220729_060000.WAV,Central Pond,recover-20220801,005,1795
738.5415,738.5665,22031.0,25282.0,Nyctalus noctula,0.112,0.201,-1,Echolocation,/mnt/ubna_data_01_mir/recover-20220801/UBNA_005/20220729_060000.WAV,Central Pond,recover-20220801,005,1795
742.2485,742.2683,26328.0,29656.0,Nyctalus leisleri,0.16,0.232,-1,Echolocation,/mnt/ubna_data_01_mir/recover-20220801/UBNA_005/20220729_060000.WAV,Central Pond,recover-20220801,005,1795
742.8425,742.8636,26328.0,29246.0,Nyctalus leisleri,0.139,0.209,-1,Echolocation,/mnt/ubna_data_01_mir/recover-20220801/UBNA_005/20220729_060000.WAV,Central Pond,recover-20220801,005,1795
744.4685,744.488,25468.0,28727.0,Nyctalus leisleri,0.142,0.209,-1,Echolocation,/mnt/ubna_data_01_mir/recover-20220801/UBNA_005/20220729_060000.WAV,Central Pond,recover-20220801,005,1795
745.0725,745.0891,23750.0,28212.0,Nyctalus leisleri,0.298,0.439,-1,Echolocation,/mnt/ubna_data_01_mir/recover-20220801/UBNA_005/20220729_060000.WAV,Central Pond,recover-20220801,005,1795
745.0735,745.0835,40937.0,46684.0,Pipistrellus nathusii,0.273,0.35,-1,Echolocation,/mnt/ubna_data_01_mir/recover-20220801/UBNA_005/20220729_060000.WAV,Central Pond,recover-20220801,005,1795
746.0705,746.0911,25468.0,28972.0,Nyctalus leisleri,0.182,0.255,-1,Echolocation,/mnt/ubna_data_01_mir/recover-20220801/UBNA_005/20220729_060000.WAV,Central Pond,recover-20220801,005,1795
763.9025,763.9254,22890.0,26448.0,Nyctalus leisleri,0.113,0.201,-1,Echolocation,/mnt/ubna_data_01_mir/recover-20220801/UBNA_005/20220729_060000.WAV,Central Pond,recover-20220801,005,1795
764.5485,764.5666,22890.0,27444.0,Nyctalus noctula,0.155,0.302,-1,Echolocation,/mnt/ubna_data_01_mir/recover-20220801/UBNA_005/20220729_060000.WAV,Central Pond,recover-20220801,005,1795
766.5455,766.5705,23750.0,27906.0,Nyctalus leisleri,0.121,0.217,-1,Echolocation,/mnt/ubna_data_01_mir/recover-20220801/UBNA_005/20220729_060000.WAV,Central Pond,recover-20220801,005,1795
766.6885,766.7107,22890.0,28191.0,Nyctalus leisleri,0.162,0.319,-1,Echolocation,/mnt/ubna_data_01_mir/recover-20220801/UBNA_005/20220729_060000.WAV,Central Pond,recover-20220801,005,1795
767.0085,767.0316,22890.0,28300.0,Nyctalus leisleri,0.11,0.273,-1,Echolocation,/mnt/ubna_data_01_mir/recover-20220801/UBNA_005/20220729_060000.WAV,Central Pond,recover-20220801,005,1795
768.0315,768.057,23750.0,28956.0,Nyctalus leisleri,0.083,0.225,-1,Echolocation,/mnt/ubna_data_01_mir/recover-20220801/UBNA_005/20220729_060000.WAV,Central Pond,recover-20220801,005,1795
768.2935,768.3165,23750.0,28540.0,Nyctalus noctula,0.08,0.209,-1,Echolocation,/mnt/ubna_data_01_mir/recover-20220801/UBNA_005/20220729_060000.WAV,Central Pond,recover-20220801,005,1795
768.5565,768.577,22890.0,27194.0,Nyctalus leisleri,0.13,0.243,-1,Echolocation,/mnt/ubna_data_01_mir/recover-20220801/UBNA_005/20220729_060000.WAV,Central Pond,recover-20220801,005,1795
768.8235,768.8497,22031.0,28345.0,Nyctalus noctula,0.276,0.384,-1,Echolocation,/mnt/ubna_data_01_mir/recover-20220801/UBNA_005/20220729_060000.WAV,Central Pond,recover-20220801,005,1795
769.0855,769.1109,23750.0,28290.0,Nyctalus leisleri,0.119,0.24,-1,Echolocation,/mnt/ubna_data_01_mir/recover-20220801/UBNA_005/20220729_060000.WAV,Central Pond,recover-20220801,005,1795
769.3485000000001,769.3701,23750.0,28361.0,Nyctalus leisleri,0.158,0.272,-1,Echolocation,/mnt/ubna_data_01_mir/recover-20220801/UBNA_005/20220729_060000.WAV,Central Pond,recover-20220801,005,1795
770.2585,770.2828,22890.0,27131.0,Nyctalus leisleri,0.113,0.222,-1,Echolocation,/mnt/ubna_data_01_mir/recover-20220801/UBNA_005/20220729_060000.WAV,Central Pond,recover-20220801,005,1795
770.7795,770.8019,22890.0,27804.0,Nyctalus leisleri,0.147,0.358,-1,Echolocation,/mnt/ubna_data_01_mir/recover-20220801/UBNA_005/20220729_060000.WAV,Central Pond,recover-20220801,005,1795
781.1865,781.2032,25468.0,29569.0,Nyctalus leisleri,0.156,0.254,-1,Echolocation,/mnt/ubna_data_01_mir/recover-20220801/UBNA_005/20220729_060000.WAV,Central Pond,recover-20220801,005,1795
783.0065,783.0276,25468.0,29032.0,Nyctalus leisleri,0.174,0.255,-1,Echolocation,/mnt/ubna_data_01_mir/recover-20220801/UBNA_005/20220729_060000.WAV,Central Pond,recover-20220801,005,1795
784.4515,784.4716,25468.0,28922.0,Nyctalus leisleri,0.129,0.207,-1,Echolocation,/mnt/ubna_data_01_mir/recover-20220801/UBNA_005/20220729_060000.WAV,Central Pond,recover-20220801,005,1795
786.5735,786.5954,25468.0,29555.0,Nyctalus leisleri,0.26,0.345,-1,Echolocation,/mnt/ubna_data_01_mir/recover-20220801/UBNA_005/20220729_060000.WAV,Central Pond,recover-20220801,005,1795
787.4495,787.4702,25468.0,28791.0,Nyctalus leisleri,0.238,0.299,-1,Echolocation,/mnt/ubna_data_01_mir/recover-20220801/UBNA_005/20220729_060000.WAV,Central Pond,recover-20220801,005,1795
788.4215,788.4432,25468.0,28729.0,Nyctalus leisleri,0.261,0.316,-1,Echolocation,/mnt/ubna_data_01_mir/recover-20220801/UBNA_005/20220729_060000.WAV,Central Pond,recover-20220801,005,1795
789.1675,789.189,25468.0,28843.0,Nyctalus leisleri,0.278,0.364,-1,Echolocation,/mnt/ubna_data_01_mir/recover-20220801/UBNA_005/20220729_060000.WAV,Central Pond,recover-20220801,005,1795
789.8285,789.8519,26328.0,29751.0,Nyctalus leisleri,0.173,0.258,-1,Echolocation,/mnt/ubna_data_01_mir/recover-20220801/UBNA_005/20220729_060000.WAV,Central Pond,recover-20220801,005,1795
789.9505,789.9733,26328.0,30146.0,Nyctalus leisleri,0.251,0.334,-1,Echolocation,/mnt/ubna_data_01_mir/recover-20220801/UBNA_005/20220729_060000.WAV,Central Pond,recover-20220801,005,1795
790.0755,790.0916,27187.0,31248.0,Nyctalus leisleri,0.241,0.363,-1,Echolocation,/mnt/ubna_data_01_mir/recover-20220801/UBNA_005/20220729_060000.WAV,Central Pond,recover-20220801,005,1795
790.1865,790.2072000000001,26328.0,30942.0,Nyctalus leisleri,0.136,0.269,-1,Echolocation,/mnt/ubna_data_01_mir/recover-20220801/UBNA_005/20220729_060000.WAV,Central Pond,recover-20220801,005,1795
790.6525,790.6719,27187.0,30332.0,Nyctalus leisleri,0.143,0.204,-1,Echolocation,/mnt/ubna_data_01_mir/recover-20220801/UBNA_005/20220729_060000.WAV,Central Pond,recover-20220801,005,1795
790.9805,790.9967,26328.0,31043.0,Nyctalus leisleri,0.123,0.28,-1,Echolocation,/mnt/ubna_data_01_mir/recover-20220801/UBNA_005/20220729_060000.WAV,Central Pond,recover-20220801,005,1795
791.6435,791.6626,27187.0,30096.0,Nyctalus leisleri,0.154,0.22,-1,Echolocation,/mnt/ubna_data_01_mir/recover-20220801/UBNA_005/20220729_060000.WAV,Central Pond,recover-20220801,005,1795
793.5295,793.5499,26328.0,29405.0,Nyctalus leisleri,0.196,0.276,-1,Echolocation,/mnt/ubna_data_01_mir/recover-20220801/UBNA_005/20220729_060000.WAV,Central Pond,recover-20220801,005,1795
793.8865,793.9091,26328.0,29157.0,Nyctalus leisleri,0.168,0.251,-1,Echolocation,/mnt/ubna_data_01_mir/recover-20220801/UBNA_005/20220729_060000.WAV,Central Pond,recover-20220801,005,1795
794.4245,794.4457,25468.0,28980.0,Nyctalus leisleri,0.155,0.228,-1,Echolocation,/mnt/ubna_data_01_mir/recover-20220801/UBNA_005/20220729_060000.WAV,Central Pond,recover-20220801,005,1795
796.6665,796.6876,25468.0,29372.0,Nyctalus leisleri,0.124,0.201,-1,Echolocation,/mnt/ubna_data_01_mir/recover-20220801/UBNA_005/20220729_060000.WAV,Central Pond,recover-20220801,005,1795
801.2145,801.2306,25468.0,29985.0,Nyctalus leisleri,0.112,0.203,-1,Echolocation,/mnt/ubna_data_01_mir/recover-20220801/UBNA_005/20220729_060000.WAV,Central Pond,recover-20220801,005,1795
801.5135,801.5366,25468.0,29521.0,Nyctalus leisleri,0.149,0.239,-1,Echolocation,/mnt/ubna_data_01_mir/recover-20220801/UBNA_005/20220729_060000.WAV,Central Pond,recover-20220801,005,1795
802.0705,802.0895,25468.0,29370.0,Nyctalus leisleri,0.14,0.233,-1,Echolocation,/mnt/ubna_data_01_mir/recover-20220801/UBNA_005/20220729_060000.WAV,Central Pond,recover-20220801,005,1795
803.0195,803.0359,26328.0,30553.0,Nyctalus leisleri,0.207,0.315,-1,Echolocation,/mnt/ubna_data_01_mir/recover-20220801/UBNA_005/20220729_060000.WAV,Central Pond,recover-20220801,005,1795
804.3995,804.4211,26328.0,29266.0,Nyctalus leisleri,0.226,0.31,-1,Echolocation,/mnt/ubna_data_01_mir/recover-20220801/UBNA_005/20220729_060000.WAV,Central Pond,recover-20220801,005,1795
805.3235,805.34,25468.0,29206.0,Nyctalus leisleri,0.453,0.518,-1,Echolocation,/mnt/ubna_data_01_mir/recover-20220801/UBNA_005/20220729_060000.WAV,Central Pond,recover-20220801,005,1795
806.4955,806.5156,25468.0,28879.0,Nyctalus leisleri,0.297,0.376,-1,Echolocation,/mnt/ubna_data_01_mir/recover-20220801/UBNA_005/20220729_060000.WAV,Central Pond,recover-20220801,005,1795
807.5875,807.608,25468.0,28374.0,Nyctalus leisleri,0.216,0.307,-1,Echolocation,/mnt/ubna_data_01_mir/recover-20220801/UBNA_005/20220729_060000.WAV,Central Pond,recover-20220801,005,1795
808.5515,808.5751,25468.0,29402.0,Nyctalus leisleri,0.153,0.231,-1,Echolocation,/mnt/ubna_data_01_mir/recover-20220801/UBNA_005/20220729_060000.WAV,Central Pond,recover-20220801,005,1795
814.6265,814.6395,23750.0,27725.0,Eptesicus serotinus,0.079,0.208,-1,Echolocation,/mnt/ubna_data_01_mir/recover-20220801/UBNA_005/20220729_060000.WAV,Central Pond,recover-20220801,005,1795
814.7815,814.802,25468.0,28852.0,Nyctalus leisleri,0.192,0.263,-1,Echolocation,/mnt/ubna_data_01_mir/recover-20220801/UBNA_005/20220729_060000.WAV,Central Pond,recover-20220801,005,1795
821.8325,821.8499,22890.0,28795.0,Nyctalus leisleri,0.215,0.457,-1,Echolocation,/mnt/ubna_data_01_mir/recover-20220801/UBNA_005/20220729_060000.WAV,Central Pond,recover-20220801,005,1795
823.1285,823.1433,23750.0,29124.0,Eptesicus serotinus,0.129,0.276,-1,Echolocation,/mnt/ubna_data_01_mir/recover-20220801/UBNA_005/20220729_060000.WAV,Central Pond,recover-20220801,005,1795
823.5145,823.5362,23750.0,28877.0,Nyctalus leisleri,0.114,0.291,-1,Echolocation,/mnt/ubna_data_01_mir/recover-20220801/UBNA_005/20220729_060000.WAV,Central Pond,recover-20220801,005,1795
823.7635,823.7808,23750.0,29991.0,Nyctalus leisleri,0.257,0.473,-1,Echolocation,/mnt/ubna_data_01_mir/recover-20220801/UBNA_005/20220729_060000.WAV,Central Pond,recover-20220801,005,1795
824.0125,824.0309,23750.0,29287.0,Nyctalus leisleri,0.193,0.411,-1,Echolocation,/mnt/ubna_data_01_mir/recover-20220801/UBNA_005/20220729_060000.WAV,Central Pond,recover-20220801,005,1795
824.2755,824.2944,23750.0,29545.0,Nyctalus leisleri,0.207,0.414,-1,Echolocation,/mnt/ubna_data_01_mir/recover-20220801/UBNA_005/20220729_060000.WAV,Central Pond,recover-20220801,005,1795
824.5275,824.5479,23750.0,30954.0,Eptesicus serotinus,0.135,0.373,-1,Echolocation,/mnt/ubna_data_01_mir/recover-20220801/UBNA_005/20220729_060000.WAV,Central Pond,recover-20220801,005,1795
824.7865,824.8069,23750.0,30492.0,Nyctalus leisleri,0.169,0.401,-1,Echolocation,/mnt/ubna_data_01_mir/recover-20220801/UBNA_005/20220729_060000.WAV,Central Pond,recover-20220801,005,1795
825.0495,825.0667,23750.0,30208.0,Nyctalus leisleri,0.289,0.462,-1,Echolocation,/mnt/ubna_data_01_mir/recover-20220801/UBNA_005/20220729_060000.WAV,Central Pond,recover-20220801,005,1795
825.3055,825.323,23750.0,30322.0,Nyctalus leisleri,0.233,0.485,-1,Echolocation,/mnt/ubna_data_01_mir/recover-20220801/UBNA_005/20220729_060000.WAV,Central Pond,recover-20220801,005,1795
825.4515,825.467,23750.0,30615.0,Nyctalus leisleri,0.199,0.458,-1,Echolocation,/mnt/ubna_data_01_mir/recover-20220801/UBNA_005/20220729_060000.WAV,Central Pond,recover-20220801,005,1795
825.9665,825.9844,23750.0,29341.0,Nyctalus leisleri,0.273,0.409,-1,Echolocation,/mnt/ubna_data_01_mir/recover-20220801/UBNA_005/20220729_060000.WAV,Central Pond,recover-20220801,005,1795
826.0565,826.0687,27187.0,33668.0,Nyctalus leisleri,0.21,0.478,-1,Echolocation,/mnt/ubna_data_01_mir/recover-20220801/UBNA_005/20220729_060000.WAV,Central Pond,recover-20220801,005,1795
826.2075,826.2215,24609.0,31902.0,Nyctalus leisleri,0.254,0.542,-1,Echolocation,/mnt/ubna_data_01_mir/recover-20220801/UBNA_005/20220729_060000.WAV,Central Pond,recover-20220801,005,1795
826.4635,826.4845,22890.0,28247.0,Nyctalus leisleri,0.16,0.36,-1,Echolocation,/mnt/ubna_data_01_mir/recover-20220801/UBNA_005/20220729_060000.WAV,Central Pond,recover-20220801,005,1795
826.7265,826.7396,22890.0,28384.0,Nyctalus leisleri,0.18,0.357,-1,Echolocation,/mnt/ubna_data_01_mir/recover-20220801/UBNA_005/20220729_060000.WAV,Central Pond,recover-20220801,005,1795
826.9915,827.009,22890.0,29098.0,Eptesicus serotinus,0.11,0.322,-1,Echolocation,/mnt/ubna_data_01_mir/recover-20220801/UBNA_005/20220729_060000.WAV,Central Pond,recover-20220801,005,1795
827.2605,827.2847,22890.0,28776.0,Nyctalus noctula,0.132,0.324,-1,Echolocation,/mnt/ubna_data_01_mir/recover-20220801/UBNA_005/20220729_060000.WAV,Central Pond,recover-20220801,005,1795
827.3755,827.3952,23750.0,28950.0,Nyctalus leisleri,0.156,0.316,-1,Echolocation,/mnt/ubna_data_01_mir/recover-20220801/UBNA_005/20220729_060000.WAV,Central Pond,recover-20220801,005,1795
827.4995,827.5182,23750.0,29797.0,Nyctalus leisleri,0.214,0.422,-1,Echolocation,/mnt/ubna_data_01_mir/recover-20220801/UBNA_005/20220729_060000.WAV,Central Pond,recover-20220801,005,1795
827.6535,827.6677999999999,25468.0,30933.0,Eptesicus serotinus,0.117,0.246,-1,Echolocation,/mnt/ubna_data_01_mir/recover-20220801/UBNA_005/20220729_060000.WAV,Central Pond,recover-20220801,005,1795
827.6615,827.6781,24609.0,29318.0,Nyctalus leisleri,0.109,0.241,-1,Echolocation,/mnt/ubna_data_01_mir/recover-20220801/UBNA_005/20220729_060000.WAV,Central Pond,recover-20220801,005,1795
827.7685,827.7821,24609.0,31920.0,Eptesicus serotinus,0.229,0.506,-1,Echolocation,/mnt/ubna_data_01_mir/recover-20220801/UBNA_005/20220729_060000.WAV,Central Pond,recover-20220801,005,1795
827.8815,827.8935,25468.0,31051.0,Eptesicus serotinus,0.187,0.368,-1,Echolocation,/mnt/ubna_data_01_mir/recover-20220801/UBNA_005/20220729_060000.WAV,Central Pond,recover-20220801,005,1795
828.8515,828.8654,24609.0,28620.0,Nyctalus leisleri,0.187,0.313,-1,Echolocation,/mnt/ubna_data_01_mir/recover-20220801/UBNA_005/20220729_060000.WAV,Central Pond,recover-20220801,005,1795
828.9865,829.0022,22890.0,29255.0,Nyctalus leisleri,0.288,0.459,-1,Echolocation,/mnt/ubna_data_01_mir/recover-20220801/UBNA_005/20220729_060000.WAV,Central Pond,recover-20220801,005,1795
829.1275,829.1495,23750.0,29825.0,Nyctalus leisleri,0.133,0.36,-1,Echolocation,/mnt/ubna_data_01_mir/recover-20220801/UBNA_005/20220729_060000.WAV,Central Pond,recover-20220801,005,1795
829.4085,829.4299,22890.0,29311.0,Nyctalus noctula,0.193,0.413,-1,Echolocation,/mnt/ubna_data_01_mir/recover-20220801/UBNA_005/20220729_060000.WAV,Central Pond,recover-20220801,005,1795
829.7315,829.7554,23750.0,29451.0,Nyctalus noctula,0.146,0.331,-1,Echolocation,/mnt/ubna_data_01_mir/recover-20220801/UBNA_005/20220729_060000.WAV,Central Pond,recover-20220801,005,1795
830.2545,830.2752,22031.0,28340.0,Nyctalus noctula,0.326,0.466,-1,Echolocation,/mnt/ubna_data_01_mir/recover-20220801/UBNA_005/20220729_060000.WAV,Central Pond,recover-20220801,005,1795
830.6375,830.6574,22890.0,27511.0,Nyctalus leisleri,0.251,0.408,-1,Echolocation,/mnt/ubna_data_01_mir/recover-20220801/UBNA_005/20220729_060000.WAV,Central Pond,recover-20220801,005,1795
830.8015,830.8218,22890.0,27529.0,Nyctalus leisleri,0.205,0.381,-1,Echolocation,/mnt/ubna_data_01_mir/recover-20220801/UBNA_005/20220729_060000.WAV,Central Pond,recover-20220801,005,1795
831.3065,831.3237,22031.0,28215.0,Nyctalus noctula,0.268,0.523,-1,Echolocation,/mnt/ubna_data_01_mir/recover-20220801/UBNA_005/20220729_060000.WAV,Central Pond,recover-20220801,005,1795
831.5745,831.604,22031.0,27492.0,Nyctalus noctula,0.178,0.262,-1,Echolocation,/mnt/ubna_data_01_mir/recover-20220801/UBNA_005/20220729_060000.WAV,Central Pond,recover-20220801,005,1795
831.5815,831.6049,22031.0,26388.0,Nyctalus leisleri,0.159,0.242,-1,Echolocation,/mnt/ubna_data_01_mir/recover-20220801/UBNA_005/20220729_060000.WAV,Central Pond,recover-20220801,005,1795
831.8645,831.8864,22031.0,27158.0,Nyctalus leisleri,0.15,0.349,-1,Echolocation,/mnt/ubna_data_01_mir/recover-20220801/UBNA_005/20220729_060000.WAV,Central Pond,recover-20220801,005,1795
832.1425,832.1581,22890.0,29417.0,Nyctalus leisleri,0.331,0.567,-1,Echolocation,/mnt/ubna_data_01_mir/recover-20220801/UBNA_005/20220729_060000.WAV,Central Pond,recover-20220801,005,1795
832.4025,832.4239,22890.0,28641.0,Nyctalus leisleri,0.152,0.417,-1,Echolocation,/mnt/ubna_data_01_mir/recover-20220801/UBNA_005/20220729_060000.WAV,Central Pond,recover-20220801,005,1795
832.6865,832.7063,22031.0,26434.0,Nyctalus leisleri,0.255,0.375,-1,Echolocation,/mnt/ubna_data_01_mir/recover-20220801/UBNA_005/20220729_060000.WAV,Central Pond,recover-20220801,005,1795
832.9555,832.978,22890.0,27740.0,Nyctalus leisleri,0.15,0.315,-1,Echolocation,/mnt/ubna_data_01_mir/recover-20220801/UBNA_005/20220729_060000.WAV,Central Pond,recover-20220801,005,1795
833.6635,833.6833,22890.0,27134.0,Nyctalus leisleri,0.25,0.389,-1,Echolocation,/mnt/ubna_data_01_mir/recover-20220801/UBNA_005/20220729_060000.WAV,Central Pond,recover-20220801,005,1795
856.4775,856.4993,17734.0,20248.0,Nyctalus noctula,0.246,0.354,-1,Echolocation,/mnt/ubna_data_01_mir/recover-20220801/UBNA_005/20220729_060000.WAV,Central Pond,recover-20220801,005,1795
875.1375,875.1556,23750.0,28240.0,Nyctalus leisleri,0.145,0.279,-1,Echolocation,/mnt/ubna_data_01_mir/recover-20220801/UBNA_005/20220729_060000.WAV,Central Pond,recover-20220801,005,1795
884.6135,884.6239,38359.0,43247.0,Pipistrellus nathusii,0.461,0.48,-1,Echolocation,/mnt/ubna_data_01_mir/recover-20220801/UBNA_005/20220729_060000.WAV,Central Pond,recover-20220801,005,1795
884.7125,884.7211,38359.0,46424.0,Pipistrellus nathusii,0.558,0.595,-1,Echolocation,/mnt/ubna_data_01_mir/recover-20220801/UBNA_005/20220729_060000.WAV,Central Pond,recover-20220801,005,1795
884.9055,884.9144,38359.0,46393.0,Pipistrellus nathusii,0.496,0.536,-1,Echolocation,/mnt/ubna_data_01_mir/recover-20220801/UBNA_005/20220729_060000.WAV,Central Pond,recover-20220801,005,1795
885.0045,885.0137,38359.0,46796.0,Pipistrellus nathusii,0.571,0.629,-1,Echolocation,/mnt/ubna_data_01_mir/recover-20220801/UBNA_005/20220729_060000.WAV,Central Pond,recover-20220801,005,1795
885.1095,885.1175,38359.0,45303.0,Pipistrellus nathusii,0.487,0.542,-1,Echolocation,/mnt/ubna_data_01_mir/recover-20220801/UBNA_005/20220729_060000.WAV,Central Pond,recover-20220801,005,1795
885.2065,885.215,38359.0,47064.0,Pipistrellus nathusii,0.572,0.627,-1,Echolocation,/mnt/ubna_data_01_mir/recover-20220801/UBNA_005/20220729_060000.WAV,Central Pond,recover-20220801,005,1795
885.3085,885.3171,38359.0,45991.0,Pipistrellus nathusii,0.369,0.504,-1,Echolocation,/mnt/ubna_data_01_mir/recover-20220801/UBNA_005/20220729_060000.WAV,Central Pond,recover-20220801,005,1795
885.4125,885.4211,38359.0,45738.0,Pipistrellus nathusii,0.478,0.545,-1,Echolocation,/mnt/ubna_data_01_mir/recover-20220801/UBNA_005/20220729_060000.WAV,Central Pond,recover-20220801,005,1795
885.5175,885.5259,38359.0,48182.0,Pipistrellus nathusii,0.43,0.51,-1,Echolocation,/mnt/ubna_data_01_mir/recover-20220801/UBNA_005/20220729_060000.WAV,Central Pond,recover-20220801,005,1795
885.6195,885.6273,37500.0,44929.0,Pipistrellus nathusii,0.555,0.59,-1,Echolocation,/mnt/ubna_data_01_mir/recover-20220801/UBNA_005/20220729_060000.WAV,Central Pond,recover-20220801,005,1795
885.6545,885.6615,23750.0,34497.0,Plecotus austriacus,0.063,0.207,-1,Echolocation,/mnt/ubna_data_01_mir/recover-20220801/UBNA_005/20220729_060000.WAV,Central Pond,recover-20220801,005,1795
885.7225,885.7315,38359.0,46806.0,Pipistrellus nathusii,0.459,0.583,-1,Echolocation,/mnt/ubna_data_01_mir/recover-20220801/UBNA_005/20220729_060000.WAV,Central Pond,recover-20220801,005,1795
885.7915,885.8022,24609.0,30233.0,Eptesicus serotinus,0.108,0.214,-1,Echolocation,/mnt/ubna_data_01_mir/recover-20220801/UBNA_005/20220729_060000.WAV,Central Pond,recover-20220801,005,1795
885.8355,885.8456,37500.0,44834.0,Pipistrellus nathusii,0.45,0.503,-1,Echolocation,/mnt/ubna_data_01_mir/recover-20220801/UBNA_005/20220729_060000.WAV,Central Pond,recover-20220801,005,1795
885.9565,885.9664,38359.0,49764.0,Pipistrellus nathusii,0.448,0.555,-1,Echolocation,/mnt/ubna_data_01_mir/recover-20220801/UBNA_005/20220729_060000.WAV,Central Pond,recover-20220801,005,1795
886.0725,886.0804,37500.0,45983.0,Pipistrellus nathusii,0.515,0.538,-1,Echolocation,/mnt/ubna_data_01_mir/recover-20220801/UBNA_005/20220729_060000.WAV,Central Pond,recover-20220801,005,1795
886.1855,886.1959,37500.0,51796.0,Pipistrellus nathusii,0.482,0.539,-1,Echolocation,/mnt/ubna_data_01_mir/recover-20220801/UBNA_005/20220729_060000.WAV,Central Pond,recover-20220801,005,1795
886.3445,886.3546,37500.0,49285.0,Pipistrellus nathusii,0.499,0.551,-1,Echolocation,/mnt/ubna_data_01_mir/recover-20220801/UBNA_005/20220729_060000.WAV,Central Pond,recover-20220801,005,1795
886.4495,886.4609,38359.0,53332.0,Pipistrellus nathusii,0.415,0.478,-1,Echolocation,/mnt/ubna_data_01_mir/recover-20220801/UBNA_005/20220729_060000.WAV,Central Pond,recover-20220801,005,1795
886.6685,886.679,37500.0,50097.0,Pipistrellus nathusii,0.476,0.515,-1,Echolocation,/mnt/ubna_data_01_mir/recover-20220801/UBNA_005/20220729_060000.WAV,Central Pond,recover-20220801,005,1795
886.7615,886.7701,37500.0,55727.0,Pipistrellus nathusii,0.478,0.565,-1,Echolocation,/mnt/ubna_data_01_mir/recover-20220801/UBNA_005/20220729_060000.WAV,Central Pond,recover-20220801,005,1795
886.8685,886.8756,37500.0,52176.0,Pipistrellus nathusii,0.609,0.646,-1,Echolocation,/mnt/ubna_data_01_mir/recover-20220801/UBNA_005/20220729_060000.WAV,Central Pond,recover-20220801,005,1795
886.9655,886.9742,37500.0,51395.0,Pipistrellus nathusii,0.577,0.63,-1,Echolocation,/mnt/ubna_data_01_mir/recover-20220801/UBNA_005/20220729_060000.WAV,Central Pond,recover-20220801,005,1795
887.0645,887.073,37500.0,55332.0,Pipistrellus nathusii,0.618,0.646,-1,Echolocation,/mnt/ubna_data_01_mir/recover-20220801/UBNA_005/20220729_060000.WAV,Central Pond,recover-20220801,005,1795
887.1535,887.1614,39218.0,55930.0,Pipistrellus nathusii,0.575,0.609,-1,Echolocation,/mnt/ubna_data_01_mir/recover-20220801/UBNA_005/20220729_060000.WAV,Central Pond,recover-20220801,005,1795
887.2585,887.2663,36640.0,53273.0,Pipistrellus nathusii,0.495,0.571,-1,Echolocation,/mnt/ubna_data_01_mir/recover-20220801/UBNA_005/20220729_060000.WAV,Central Pond,recover-20220801,005,1795
887.3615,887.3724,38359.0,54583.0,Pipistrellus nathusii,0.423,0.554,-1,Echolocation,/mnt/ubna_data_01_mir/recover-20220801/UBNA_005/20220729_060000.WAV,Central Pond,recover-20220801,005,1795
887.4865,887.4966,38359.0,49787.0,Pipistrellus nathusii,0.449,0.527,-1,Echolocation,/mnt/ubna_data_01_mir/recover-20220801/UBNA_005/20220729_060000.WAV,Central Pond,recover-20220801,005,1795
887.5915,887.6018,37500.0,55963.0,Pipistrellus nathusii,0.523,0.638,-1,Echolocation,/mnt/ubna_data_01_mir/recover-20220801/UBNA_005/20220729_060000.WAV,Central Pond,recover-20220801,005,1795
887.7065,887.7157,38359.0,45597.0,Pipistrellus nathusii,0.534,0.563,-1,Echolocation,/mnt/ubna_data_01_mir/recover-20220801/UBNA_005/20220729_060000.WAV,Central Pond,recover-20220801,005,1795
887.8225,887.8303,37500.0,49894.0,Pipistrellus nathusii,0.352,0.428,-1,Echolocation,/mnt/ubna_data_01_mir/recover-20220801/UBNA_005/20220729_060000.WAV,Central Pond,recover-20220801,005,1795
887.9345,887.9414,36640.0,46933.0,Pipistrellus nathusii,0.462,0.53,-1,Echolocation,/mnt/ubna_data_01_mir/recover-20220801/UBNA_005/20220729_060000.WAV,Central Pond,recover-20220801,005,1795
888.0375,888.0465,38359.0,52559.0,Pipistrellus nathusii,0.554,0.607,-1,Echolocation,/mnt/ubna_data_01_mir/recover-20220801/UBNA_005/20220729_060000.WAV,Central Pond,recover-20220801,005,1795
888.1514999999999,888.1622,38359.0,44611.0,Pipistrellus nathusii,0.367,0.411,-1,Echolocation,/mnt/ubna_data_01_mir/recover-20220801/UBNA_005/20220729_060000.WAV,Central Pond,recover-20220801,005,1795
888.2695,888.2804,36640.0,49099.0,Pipistrellus nathusii,0.451,0.495,-1,Echolocation,/mnt/ubna_data_01_mir/recover-20220801/UBNA_005/20220729_060000.WAV,Central Pond,recover-20220801,005,1795
888.5835,888.5958,37500.0,50472.0,Pipistrellus nathusii,0.335,0.383,-1,Echolocation,/mnt/ubna_data_01_mir/recover-20220801/UBNA_005/20220729_060000.WAV,Central Pond,recover-20220801,005,1795
888.7085,888.7155,37500.0,44961.0,Pipistrellus nathusii,0.448,0.489,-1,Echolocation,/mnt/ubna_data_01_mir/recover-20220801/UBNA_005/20220729_060000.WAV,Central Pond,recover-20220801,005,1795
888.9385,888.9468,37500.0,48434.0,Pipistrellus nathusii,0.527,0.59,-1,Echolocation,/mnt/ubna_data_01_mir/recover-20220801/UBNA_005/20220729_060000.WAV,Central Pond,recover-20220801,005,1795
889.1755,889.1853,38359.0,49246.0,Pipistrellus nathusii,0.46,0.548,-1,Echolocation,/mnt/ubna_data_01_mir/recover-20220801/UBNA_005/20220729_060000.WAV,Central Pond,recover-20220801,005,1795
889.4855,889.4945,37500.0,44649.0,Pipistrellus nathusii,0.548,0.593,-1,Echolocation,/mnt/ubna_data_01_mir/recover-20220801/UBNA_005/20220729_060000.WAV,Central Pond,recover-20220801,005,1795
889.5285,889.5387,40078.0,48181.0,Pipistrellus nathusii,0.455,0.477,-1,Echolocation,/mnt/ubna_data_01_mir/recover-20220801/UBNA_005/20220729_060000.WAV,Central Pond,recover-20220801,005,1795
889.8105,889.8204,38359.0,47037.0,Pipistrellus nathusii,0.561,0.6,-1,Echolocation,/mnt/ubna_data_01_mir/recover-20220801/UBNA_005/20220729_060000.WAV,Central Pond,recover-20220801,005,1795
890.7445,890.7561,40937.0,46594.0,Pipistrellus nathusii,0.286,0.301,-1,Echolocation,/mnt/ubna_data_01_mir/recover-20220801/UBNA_005/20220729_060000.WAV,Central Pond,recover-20220801,005,1795
891.0455,891.0537,40078.0,45632.0,Pipistrellus nathusii,0.475,0.484,-1,Echolocation,/mnt/ubna_data_01_mir/recover-20220801/UBNA_005/20220729_060000.WAV,Central Pond,recover-20220801,005,1795
891.2764999999999,891.2862,40078.0,46764.0,Pipistrellus nathusii,0.487,0.51,-1,Echolocation,/mnt/ubna_data_01_mir/recover-20220801/UBNA_005/20220729_060000.WAV,Central Pond,recover-20220801,005,1795
891.6025,891.6115,39218.0,51231.0,Pipistrellus nathusii,0.597,0.649,-1,Echolocation,/mnt/ubna_data_01_mir/recover-20220801/UBNA_005/20220729_060000.WAV,Central Pond,recover-20220801,005,1795
892.2505,892.2609,40078.0,47307.0,Pipistrellus nathusii,0.339,0.369,-1,Echolocation,/mnt/ubna_data_01_mir/recover-20220801/UBNA_005/20220729_060000.WAV,Central Pond,recover-20220801,005,1795
892.4685,892.4763,40078.0,46221.0,Pipistrellus nathusii,0.561,0.579,-1,Echolocation,/mnt/ubna_data_01_mir/recover-20220801/UBNA_005/20220729_060000.WAV,Central Pond,recover-20220801,005,1795
892.6585,892.6674,39218.0,49953.0,Pipistrellus nathusii,0.673,0.697,-1,Echolocation,/mnt/ubna_data_01_mir/recover-20220801/UBNA_005/20220729_060000.WAV,Central Pond,recover-20220801,005,1795
893.1355,893.1441,40937.0,46885.0,Pipistrellus nathusii,0.289,0.32,-1,Echolocation,/mnt/ubna_data_01_mir/recover-20220801/UBNA_005/20220729_060000.WAV,Central Pond,recover-20220801,005,1795
895.8545,895.8636,40937.0,51326.0,Pipistrellus nathusii,0.442,0.526,-1,Echolocation,/mnt/ubna_data_01_mir/recover-20220801/UBNA_005/20220729_060000.WAV,Central Pond,recover-20220801,005,1795
896.0715,896.0796,42656.0,49406.0,Pipistrellus nathusii,0.543,0.561,-1,Echolocation,/mnt/ubna_data_01_mir/recover-20220801/UBNA_005/20220729_060000.WAV,Central Pond,recover-20220801,005,1795
896.1825,896.1921,41796.0,46848.0,Pipistrellus nathusii,0.36,0.373,-1,Echolocation,/mnt/ubna_data_01_mir/recover-20220801/UBNA_005/20220729_060000.WAV,Central Pond,recover-20220801,005,1795
896.2885,896.2968,41796.0,48048.0,Pipistrellus nathusii,0.304,0.319,-1,Echolocation,/mnt/ubna_data_01_mir/recover-20220801/UBNA_005/20220729_060000.WAV,Central Pond,recover-20220801,005,1795
896.3915,896.3991,41796.0,51429.0,Pipistrellus nathusii,0.552,0.583,-1,Echolocation,/mnt/ubna_data_01_mir/recover-20220801/UBNA_005/20220729_060000.WAV,Central Pond,recover-20220801,005,1795
896.4855,896.492,42656.0,48664.0,Pipistrellus nathusii,0.542,0.573,-1,Echolocation,/mnt/ubna_data_01_mir/recover-20220801/UBNA_005/20220729_060000.WAV,Central Pond,recover-20220801,005,1795
896.5845,896.5922,42656.0,49040.0,Pipistrellus nathusii,0.484,0.496,-1,Echolocation,/mnt/ubna_data_01_mir/recover-20220801/UBNA_005/20220729_060000.WAV,Central Pond,recover-20220801,005,1795
896.6875,896.6956,41796.0,51909.0,Pipistrellus nathusii,0.545,0.593,-1,Echolocation,/mnt/ubna_data_01_mir/recover-20220801/UBNA_005/20220729_060000.WAV,Central Pond,recover-20220801,005,1795
896.7955,896.805,40937.0,47752.0,Pipistrellus nathusii,0.499,0.52,-1,Echolocation,/mnt/ubna_data_01_mir/recover-20220801/UBNA_005/20220729_060000.WAV,Central Pond,recover-20220801,005,1795
896.9025,896.9114,40937.0,51366.0,Pipistrellus nathusii,0.519,0.589,-1,Echolocation,/mnt/ubna_data_01_mir/recover-20220801/UBNA_005/20220729_060000.WAV,Central Pond,recover-20220801,005,1795
896.9675,896.9754,39218.0,44665.0,Pipistrellus nathusii,0.362,0.379,-1,Echolocation,/mnt/ubna_data_01_mir/recover-20220801/UBNA_005/20220729_060000.WAV,Central Pond,recover-20220801,005,1795
897.0445,897.054,40937.0,47243.0,Pipistrellus nathusii,0.479,0.493,-1,Echolocation,/mnt/ubna_data_01_mir/recover-20220801/UBNA_005/20220729_060000.WAV,Central Pond,recover-20220801,005,1795
897.0995,897.1077,40078.0,45481.0,Pipistrellus nathusii,0.244,0.285,-1,Echolocation,/mnt/ubna_data_01_mir/recover-20220801/UBNA_005/20220729_060000.WAV,Central Pond,recover-20220801,005,1795
897.1475,897.1559,40937.0,51084.0,Pipistrellus nathusii,0.58,0.622,-1,Echolocation,/mnt/ubna_data_01_mir/recover-20220801/UBNA_005/20220729_060000.WAV,Central Pond,recover-20220801,005,1795
897.3615,897.3708,40937.0,47754.0,Pipistrellus nathusii,0.604,0.628,-1,Echolocation,/mnt/ubna_data_01_mir/recover-20220801/UBNA_005/20220729_060000.WAV,Central Pond,recover-20220801,005,1795
897.4625,897.471,40937.0,53954.0,Pipistrellus nathusii,0.585,0.677,-1,Echolocation,/mnt/ubna_data_01_mir/recover-20220801/UBNA_005/20220729_060000.WAV,Central Pond,recover-20220801,005,1795
897.5625,897.5697,40937.0,51313.0,Pipistrellus nathusii,0.593,0.628,-1,Echolocation,/mnt/ubna_data_01_mir/recover-20220801/UBNA_005/20220729_060000.WAV,Central Pond,recover-20220801,005,1795
897.6115,897.6206,39218.0,45406.0,Pipistrellus nathusii,0.322,0.363,-1,Echolocation,/mnt/ubna_data_01_mir/recover-20220801/UBNA_005/20220729_060000.WAV,Central Pond,recover-20220801,005,1795
897.6735,897.6811,40937.0,50276.0,Pipistrellus nathusii,0.642,0.663,-1,Echolocation,/mnt/ubna_data_01_mir/recover-20220801/UBNA_005/20220729_060000.WAV,Central Pond,recover-20220801,005,1795
897.7835,897.7907,40937.0,50287.0,Pipistrellus nathusii,0.584,0.612,-1,Echolocation,/mnt/ubna_data_01_mir/recover-20220801/UBNA_005/20220729_060000.WAV,Central Pond,recover-20220801,005,1795
897.8165,897.8243,42656.0,48192.0,Pipistrellus nathusii,0.214,0.227,-1,Echolocation,/mnt/ubna_data_01_mir/recover-20220801/UBNA_005/20220729_060000.WAV,Central Pond,recover-20220801,005,1795
897.8815,897.889,39218.0,50427.0,Pipistrellus nathusii,0.348,0.511,-1,Echolocation,/mnt/ubna_data_01_mir/recover-20220801/UBNA_005/20220729_060000.WAV,Central Pond,recover-20220801,005,1795
897.9105,897.9191,43515.0,50150.0,Pipistrellus nathusii,0.418,0.454,-1,Echolocation,/mnt/ubna_data_01_mir/recover-20220801/UBNA_005/20220729_060000.WAV,Central Pond,recover-20220801,005,1795
897.9415,897.9462,13437.0,33549.0,Plecotus auritus,0.207,0.227,-1,Echolocation,/mnt/ubna_data_01_mir/recover-20220801/UBNA_005/20220729_060000.WAV,Central Pond,recover-20220801,005,1795
898.0175,898.0251,40078.0,52850.0,Pipistrellus nathusii,0.461,0.55,-1,Echolocation,/mnt/ubna_data_01_mir/recover-20220801/UBNA_005/20220729_060000.WAV,Central Pond,recover-20220801,005,1795
898.0845,898.093,40078.0,51398.0,Pipistrellus nathusii,0.346,0.438,-1,Echolocation,/mnt/ubna_data_01_mir/recover-20220801/UBNA_005/20220729_060000.WAV,Central Pond,recover-20220801,005,1795
898.1675,898.1751,40078.0,54027.0,Pipistrellus nathusii,0.335,0.458,-1,Echolocation,/mnt/ubna_data_01_mir/recover-20220801/UBNA_005/20220729_060000.WAV,Central Pond,recover-20220801,005,1795
898.2755,898.2838,39218.0,54722.0,Pipistrellus nathusii,0.501,0.608,-1,Echolocation,/mnt/ubna_data_01_mir/recover-20220801/UBNA_005/20220729_060000.WAV,Central Pond,recover-20220801,005,1795
898.3885,898.3954,40937.0,55134.0,Pipistrellus nathusii,0.521,0.584,-1,Echolocation,/mnt/ubna_data_01_mir/recover-20220801/UBNA_005/20220729_060000.WAV,Central Pond,recover-20220801,005,1795
898.4745,898.4839,40937.0,55527.0,Pipistrellus nathusii,0.457,0.546,-1,Echolocation,/mnt/ubna_data_01_mir/recover-20220801/UBNA_005/20220729_060000.WAV,Central Pond,recover-20220801,005,1795
898.5565,898.5633,40937.0,53417.0,Pipistrellus nathusii,0.38,0.505,-1,Echolocation,/mnt/ubna_data_01_mir/recover-20220801/UBNA_005/20220729_060000.WAV,Central Pond,recover-20220801,005,1795
898.6395,898.6467,39218.0,52966.0,Pipistrellus nathusii,0.476,0.583,-1,Echolocation,/mnt/ubna_data_01_mir/recover-20220801/UBNA_005/20220729_060000.WAV,Central Pond,recover-20220801,005,1795
898.7365,898.7443,40937.0,50129.0,Pipistrellus nathusii,0.253,0.33,-1,Echolocation,/mnt/ubna_data_01_mir/recover-20220801/UBNA_005/20220729_060000.WAV,Central Pond,recover-20220801,005,1795
898.8465,898.8566,40078.0,48208.0,Pipistrellus nathusii,0.441,0.474,-1,Echolocation,/mnt/ubna_data_01_mir/recover-20220801/UBNA_005/20220729_060000.WAV,Central Pond,recover-20220801,005,1795
898.9315,898.9417,40937.0,48508.0,Pipistrellus nathusii,0.212,0.227,-1,Echolocation,/mnt/ubna_data_01_mir/recover-20220801/UBNA_005/20220729_060000.WAV,Central Pond,recover-20220801,005,1795
899.0285,899.0366,41796.0,52173.0,Pipistrellus nathusii,0.462,0.512,-1,Echolocation,/mnt/ubna_data_01_mir/recover-20220801/UBNA_005/20220729_060000.WAV,Central Pond,recover-20220801,005,1795
899.1775,899.184,39218.0,53806.0,Pipistrellus nathusii,0.222,0.367,-1,Echolocation,/mnt/ubna_data_01_mir/recover-20220801/UBNA_005/20220729_060000.WAV,Central Pond,recover-20220801,005,1795
899.5575,899.564,40078.0,49134.0,Pipistrellus nathusii,0.517,0.571,-1,Echolocation,/mnt/ubna_data_01_mir/recover-20220801/UBNA_005/20220729_060000.WAV,Central Pond,recover-20220801,005,1795
899.7685,899.775,40937.0,52762.0,Pipistrellus nathusii,0.451,0.536,-1,Echolocation,/mnt/ubna_data_01_mir/recover-20220801/UBNA_005/20220729_060000.WAV,Central Pond,recover-20220801,005,1795
899.7945,899.8036,25468.0,31176.0,Eptesicus serotinus,0.07,0.207,-1,Echolocation,/mnt/ubna_data_01_mir/recover-20220801/UBNA_005/20220729_060000.WAV,Central Pond,recover-20220801,005,1795
899.9465,899.9546,40937.0,49124.0,Pipistrellus nathusii,0.422,0.513,-1,Echolocation,/mnt/ubna_data_01_mir/recover-20220801/UBNA_005/20220729_060000.WAV,Central Pond,recover-20220801,005,1795
900.2085,900.218,40937.0,48010.0,Pipistrellus nathusii,0.374,0.415,-1,Echolocation,/mnt/ubna_data_01_mir/recover-20220801/UBNA_005/20220729_060000.WAV,Central Pond,recover-20220801,005,1795
907.6605,907.6699,24609.0,31186.0,Eptesicus serotinus,0.155,0.323,-1,Echolocation,/mnt/ubna_data_01_mir/recover-20220801/UBNA_005/20220729_060000.WAV,Central Pond,recover-20220801,005,1795
916.4675,916.4771,38359.0,43032.0,Pipistrellus nathusii,0.192,0.243,-1,Echolocation,/mnt/ubna_data_01_mir/recover-20220801/UBNA_005/20220729_060000.WAV,Central Pond,recover-20220801,005,1795
924.8485000000001,924.8609,38359.0,42610.0,Pipistrellus nathusii,0.223,0.24,-1,Echolocation,/mnt/ubna_data_01_mir/recover-20220801/UBNA_005/20220729_060000.WAV,Central Pond,recover-20220801,005,1795
937.2015,937.2067,22890.0,37038.0,Plecotus austriacus,0.153,0.211,-1,Echolocation,/mnt/ubna_data_01_mir/recover-20220801/UBNA_005/20220729_060000.WAV,Central Pond,recover-20220801,005,1795
974.4485,974.467,23750.0,27457.0,Nyctalus leisleri,0.184,0.295,-1,Echolocation,/mnt/ubna_data_01_mir/recover-20220801/UBNA_005/20220729_060000.WAV,Central Pond,recover-20220801,005,1795
974.4485,974.4603,40078.0,44137.0,Pipistrellus nathusii,0.252,0.275,-1,Echolocation,/mnt/ubna_data_01_mir/recover-20220801/UBNA_005/20220729_060000.WAV,Central Pond,recover-20220801,005,1795
1002.5415,1002.5487,14296.0,27155.0,Plecotus auritus,0.182,0.239,-1,Echolocation,/mnt/ubna_data_01_mir/recover-20220801/UBNA_005/20220729_060000.WAV,Central Pond,recover-20220801,005,1795
1015.2325,1015.242,24609.0,31267.0,Eptesicus serotinus,0.105,0.214,-1,Echolocation,/mnt/ubna_data_01_mir/recover-20220801/UBNA_005/20220729_060000.WAV,Central Pond,recover-20220801,005,1795
1028.1505,1028.1583,21171.0,28972.0,Plecotus austriacus,0.123,0.264,-1,Echolocation,/mnt/ubna_data_01_mir/recover-20220801/UBNA_005/20220729_060000.WAV,Central Pond,recover-20220801,005,1795
1068.2505,1068.257,19453.0,29648.0,Plecotus austriacus,0.151,0.217,-1,Echolocation,/mnt/ubna_data_01_mir/recover-20220801/UBNA_005/20220729_060000.WAV,Central Pond,recover-20220801,005,1795
1128.9445,1128.9564,41796.0,53924.0,Pipistrellus nathusii,0.209,0.278,-1,Echolocation,/mnt/ubna_data_01_mir/recover-20220801/UBNA_005/20220729_060000.WAV,Central Pond,recover-20220801,005,1795
1129.1945,1129.2117,43515.0,48111.0,Pipistrellus pipistrellus,0.17,0.281,-1,Echolocation,/mnt/ubna_data_01_mir/recover-20220801/UBNA_005/20220729_060000.WAV,Central Pond,recover-20220801,005,1795
1129.5085,1129.5241,44375.0,51575.0,Pipistrellus pipistrellus,0.162,0.314,-1,Echolocation,/mnt/ubna_data_01_mir/recover-20220801/UBNA_005/20220729_060000.WAV,Central Pond,recover-20220801,005,1795
1130.3575,1130.3723,42656.0,52838.0,Pipistrellus nathusii,0.155,0.325,-1,Echolocation,/mnt/ubna_data_01_mir/recover-20220801/UBNA_005/20220729_060000.WAV,Central Pond,recover-20220801,005,1795
1130.6695,1130.6798,42656.0,55243.0,Pipistrellus pipistrellus,0.148,0.273,-1,Echolocation,/mnt/ubna_data_01_mir/recover-20220801/UBNA_005/20220729_060000.WAV,Central Pond,recover-20220801,005,1795
1130.8925,1130.9043,41796.0,49433.0,Pipistrellus nathusii,0.249,0.449,-1,Echolocation,/mnt/ubna_data_01_mir/recover-20220801/UBNA_005/20220729_060000.WAV,Central Pond,recover-20220801,005,1795
1131.0925,1131.1032,41796.0,47076.0,Pipistrellus nathusii,0.182,0.277,-1,Echolocation,/mnt/ubna_data_01_mir/recover-20220801/UBNA_005/20220729_060000.WAV,Central Pond,recover-20220801,005,1795
1131.4775,1131.4876,42656.0,50428.0,Pipistrellus nathusii,0.23,0.45,-1,Echolocation,/mnt/ubna_data_01_mir/recover-20220801/UBNA_005/20220729_060000.WAV,Central Pond,recover-20220801,005,1795
1131.6965,1131.7059,42656.0,47941.0,Pipistrellus pipistrellus,0.224,0.463,-1,Echolocation,/mnt/ubna_data_01_mir/recover-20220801/UBNA_005/20220729_060000.WAV,Central Pond,recover-20220801,005,1795
1132.3415,1132.3527,41796.0,49122.0,Pipistrellus nathusii,0.34,0.404,-1,Echolocation,/mnt/ubna_data_01_mir/recover-20220801/UBNA_005/20220729_060000.WAV,Central Pond,recover-20220801,005,1795
1132.6525,1132.6607,42656.0,50657.0,Pipistrellus nathusii,0.358,0.537,-1,Echolocation,/mnt/ubna_data_01_mir/recover-20220801/UBNA_005/20220729_060000.WAV,Central Pond,recover-20220801,005,1795
1132.9745,1132.9814,42656.0,50479.0,Pipistrellus nathusii,0.327,0.423,-1,Echolocation,/mnt/ubna_data_01_mir/recover-20220801/UBNA_005/20220729_060000.WAV,Central Pond,recover-20220801,005,1795
1133.2975,1133.3065,42656.0,51297.0,Pipistrellus nathusii,0.452,0.637,-1,Echolocation,/mnt/ubna_data_01_mir/recover-20220801/UBNA_005/20220729_060000.WAV,Central Pond,recover-20220801,005,1795
1133.6235,1133.6338,43515.0,47002.0,Pipistrellus pipistrellus,0.14,0.302,-1,Echolocation,/mnt/ubna_data_01_mir/recover-20220801/UBNA_005/20220729_060000.WAV,Central Pond,recover-20220801,005,1795
1133.9475,1133.9579,42656.0,49380.0,Pipistrellus nathusii,0.316,0.391,-1,Echolocation,/mnt/ubna_data_01_mir/recover-20220801/UBNA_005/20220729_060000.WAV,Central Pond,recover-20220801,005,1795
1134.3735,1134.3817,42656.0,51071.0,Pipistrellus nathusii,0.327,0.507,-1,Echolocation,/mnt/ubna_data_01_mir/recover-20220801/UBNA_005/20220729_060000.WAV,Central Pond,recover-20220801,005,1795
1140.1655,1140.1752,40078.0,44185.0,Pipistrellus nathusii,0.218,0.235,-1,Echolocation,/mnt/ubna_data_01_mir/recover-20220801/UBNA_005/20220729_060000.WAV,Central Pond,recover-20220801,005,1795
1140.2745,1140.2829,39218.0,44790.0,Pipistrellus nathusii,0.389,0.48,-1,Echolocation,/mnt/ubna_data_01_mir/recover-20220801/UBNA_005/20220729_060000.WAV,Central Pond,recover-20220801,005,1795
1140.4695,1140.4781,39218.0,45219.0,Pipistrellus nathusii,0.525,0.556,-1,Echolocation,/mnt/ubna_data_01_mir/recover-20220801/UBNA_005/20220729_060000.WAV,Central Pond,recover-20220801,005,1795
1140.5755,1140.585,39218.0,44535.0,Pipistrellus nathusii,0.422,0.446,-1,Echolocation,/mnt/ubna_data_01_mir/recover-20220801/UBNA_005/20220729_060000.WAV,Central Pond,recover-20220801,005,1795
1140.7785,1140.7887,39218.0,43561.0,Pipistrellus nathusii,0.21,0.229,-1,Echolocation,/mnt/ubna_data_01_mir/recover-20220801/UBNA_005/20220729_060000.WAV,Central Pond,recover-20220801,005,1795
1141.1865,1141.1948,39218.0,44770.0,Pipistrellus nathusii,0.36,0.392,-1,Echolocation,/mnt/ubna_data_01_mir/recover-20220801/UBNA_005/20220729_060000.WAV,Central Pond,recover-20220801,005,1795
1141.8155,1141.8242,41796.0,49630.0,Pipistrellus nathusii,0.521,0.554,-1,Echolocation,/mnt/ubna_data_01_mir/recover-20220801/UBNA_005/20220729_060000.WAV,Central Pond,recover-20220801,005,1795
1142.4695,1142.4792,40078.0,45102.0,Pipistrellus nathusii,0.286,0.316,-1,Echolocation,/mnt/ubna_data_01_mir/recover-20220801/UBNA_005/20220729_060000.WAV,Central Pond,recover-20220801,005,1795
1142.5625,1142.5727,40937.0,47163.0,Pipistrellus nathusii,0.313,0.331,-1,Echolocation,/mnt/ubna_data_01_mir/recover-20220801/UBNA_005/20220729_060000.WAV,Central Pond,recover-20220801,005,1795
1142.6625,1142.6749,40078.0,45198.0,Pipistrellus nathusii,0.259,0.274,-1,Echolocation,/mnt/ubna_data_01_mir/recover-20220801/UBNA_005/20220729_060000.WAV,Central Pond,recover-20220801,005,1795
1142.8215,1142.8308,40937.0,46759.0,Pipistrellus nathusii,0.49,0.503,-1,Echolocation,/mnt/ubna_data_01_mir/recover-20220801/UBNA_005/20220729_060000.WAV,Central Pond,recover-20220801,005,1795
1142.9095,1142.9184,40937.0,47017.0,Pipistrellus nathusii,0.475,0.498,-1,Echolocation,/mnt/ubna_data_01_mir/recover-20220801/UBNA_005/20220729_060000.WAV,Central Pond,recover-20220801,005,1795
1143.0135,1143.0219,40078.0,45652.0,Pipistrellus nathusii,0.433,0.468,-1,Echolocation,/mnt/ubna_data_01_mir/recover-20220801/UBNA_005/20220729_060000.WAV,Central Pond,recover-20220801,005,1795
1143.2185,1143.2285,40937.0,49667.0,Pipistrellus nathusii,0.555,0.59,-1,Echolocation,/mnt/ubna_data_01_mir/recover-20220801/UBNA_005/20220729_060000.WAV,Central Pond,recover-20220801,005,1795
1143.3205,1143.3311,39218.0,50162.0,Pipistrellus nathusii,0.43,0.506,-1,Echolocation,/mnt/ubna_data_01_mir/recover-20220801/UBNA_005/20220729_060000.WAV,Central Pond,recover-20220801,005,1795
1143.4065,1143.4163,56406.0,61393.0,Pipistrellus pygmaeus,0.242,0.245,-1,Echolocation,/mnt/ubna_data_01_mir/recover-20220801/UBNA_005/20220729_060000.WAV,Central Pond,recover-20220801,005,1795
1143.4295,1143.4389,39218.0,46369.0,Pipistrellus nathusii,0.459,0.502,-1,Echolocation,/mnt/ubna_data_01_mir/recover-20220801/UBNA_005/20220729_060000.WAV,Central Pond,recover-20220801,005,1795
1143.5275,1143.5361,40937.0,50610.0,Pipistrellus nathusii,0.493,0.542,-1,Echolocation,/mnt/ubna_data_01_mir/recover-20220801/UBNA_005/20220729_060000.WAV,Central Pond,recover-20220801,005,1795
1143.6265,1143.6364,40937.0,53123.0,Pipistrellus nathusii,0.542,0.584,-1,Echolocation,/mnt/ubna_data_01_mir/recover-20220801/UBNA_005/20220729_060000.WAV,Central Pond,recover-20220801,005,1795
1143.7315,1143.7441,40078.0,51535.0,Pipistrellus nathusii,0.351,0.399,-1,Echolocation,/mnt/ubna_data_01_mir/recover-20220801/UBNA_005/20220729_060000.WAV,Central Pond,recover-20220801,005,1795
1143.9515,1143.9626,40078.0,50919.0,Pipistrellus nathusii,0.579,0.626,-1,Echolocation,/mnt/ubna_data_01_mir/recover-20220801/UBNA_005/20220729_060000.WAV,Central Pond,recover-20220801,005,1795
1144.0595,1144.0687,40937.0,55657.0,Pipistrellus nathusii,0.442,0.515,-1,Echolocation,/mnt/ubna_data_01_mir/recover-20220801/UBNA_005/20220729_060000.WAV,Central Pond,recover-20220801,005,1795
1144.1255,1144.148,25468.0,29216.0,Nyctalus leisleri,0.161,0.248,-1,Echolocation,/mnt/ubna_data_01_mir/recover-20220801/UBNA_005/20220729_060000.WAV,Central Pond,recover-20220801,005,1795
1144.1645,1144.1749,39218.0,50390.0,Pipistrellus nathusii,0.463,0.497,-1,Echolocation,/mnt/ubna_data_01_mir/recover-20220801/UBNA_005/20220729_060000.WAV,Central Pond,recover-20220801,005,1795
1144.2705,1144.2806,40078.0,52071.0,Pipistrellus nathusii,0.63,0.701,-1,Echolocation,/mnt/ubna_data_01_mir/recover-20220801/UBNA_005/20220729_060000.WAV,Central Pond,recover-20220801,005,1795
1144.3855,1144.3977,39218.0,48974.0,Pipistrellus nathusii,0.487,0.526,-1,Echolocation,/mnt/ubna_data_01_mir/recover-20220801/UBNA_005/20220729_060000.WAV,Central Pond,recover-20220801,005,1795
1144.4935,1144.5033,40078.0,56991.0,Pipistrellus nathusii,0.562,0.623,-1,Echolocation,/mnt/ubna_data_01_mir/recover-20220801/UBNA_005/20220729_060000.WAV,Central Pond,recover-20220801,005,1795
1144.6735,1144.6832,40078.0,57325.0,Pipistrellus nathusii,0.656,0.7,-1,Echolocation,/mnt/ubna_data_01_mir/recover-20220801/UBNA_005/20220729_060000.WAV,Central Pond,recover-20220801,005,1795
1144.8045,1144.8154,38359.0,45615.0,Pipistrellus nathusii,0.519,0.547,-1,Echolocation,/mnt/ubna_data_01_mir/recover-20220801/UBNA_005/20220729_060000.WAV,Central Pond,recover-20220801,005,1795
1144.9805,1144.9928,39218.0,55528.0,Pipistrellus nathusii,0.483,0.562,-1,Echolocation,/mnt/ubna_data_01_mir/recover-20220801/UBNA_005/20220729_060000.WAV,Central Pond,recover-20220801,005,1795
1145.0105,1145.0294,26328.0,29350.0,Nyctalus leisleri,0.282,0.374,-1,Echolocation,/mnt/ubna_data_01_mir/recover-20220801/UBNA_005/20220729_060000.WAV,Central Pond,recover-20220801,005,1795
1145.1335,1145.1437,39218.0,50274.0,Pipistrellus nathusii,0.54,0.602,-1,Echolocation,/mnt/ubna_data_01_mir/recover-20220801/UBNA_005/20220729_060000.WAV,Central Pond,recover-20220801,005,1795
1145.2375,1145.2474,39218.0,47299.0,Pipistrellus nathusii,0.575,0.592,-1,Echolocation,/mnt/ubna_data_01_mir/recover-20220801/UBNA_005/20220729_060000.WAV,Central Pond,recover-20220801,005,1795
1145.3055,1145.3134,41796.0,49203.0,Pipistrellus nathusii,0.582,0.599,-1,Echolocation,/mnt/ubna_data_01_mir/recover-20220801/UBNA_005/20220729_060000.WAV,Central Pond,recover-20220801,005,1795
1145.4045,1145.4153,40078.0,61525.0,Pipistrellus nathusii,0.487,0.608,-1,Echolocation,/mnt/ubna_data_01_mir/recover-20220801/UBNA_005/20220729_060000.WAV,Central Pond,recover-20220801,005,1795
1145.5045,1145.5158,40078.0,49622.0,Pipistrellus nathusii,0.574,0.601,-1,Echolocation,/mnt/ubna_data_01_mir/recover-20220801/UBNA_005/20220729_060000.WAV,Central Pond,recover-20220801,005,1795
1145.6155,1145.627,39218.0,50469.0,Pipistrellus nathusii,0.357,0.383,-1,Echolocation,/mnt/ubna_data_01_mir/recover-20220801/UBNA_005/20220729_060000.WAV,Central Pond,recover-20220801,005,1795
1145.7925,1145.8056,40078.0,56824.0,Pipistrellus nathusii,0.52,0.578,-1,Echolocation,/mnt/ubna_data_01_mir/recover-20220801/UBNA_005/20220729_060000.WAV,Central Pond,recover-20220801,005,1795
1145.9035,1145.9155,38359.0,51554.0,Pipistrellus nathusii,0.491,0.562,-1,Echolocation,/mnt/ubna_data_01_mir/recover-20220801/UBNA_005/20220729_060000.WAV,Central Pond,recover-20220801,005,1795
1146.0285,1146.0516,25468.0,28901.0,Nyctalus leisleri,0.222,0.299,-1,Echolocation,/mnt/ubna_data_01_mir/recover-20220801/UBNA_005/20220729_060000.WAV,Central Pond,recover-20220801,005,1795
1146.0975,1146.1092,39218.0,53819.0,Pipistrellus nathusii,0.469,0.54,-1,Echolocation,/mnt/ubna_data_01_mir/recover-20220801/UBNA_005/20220729_060000.WAV,Central Pond,recover-20220801,005,1795
1146.2015,1146.2141,39218.0,50079.0,Pipistrellus nathusii,0.444,0.515,-1,Echolocation,/mnt/ubna_data_01_mir/recover-20220801/UBNA_005/20220729_060000.WAV,Central Pond,recover-20220801,005,1795
1146.3105,1146.3243,38359.0,46767.0,Pipistrellus nathusii,0.278,0.306,-1,Echolocation,/mnt/ubna_data_01_mir/recover-20220801/UBNA_005/20220729_060000.WAV,Central Pond,recover-20220801,005,1795
1146.4125,1146.4298,25468.0,28409.0,Nyctalus leisleri,0.444,0.508,-1,Echolocation,/mnt/ubna_data_01_mir/recover-20220801/UBNA_005/20220729_060000.WAV,Central Pond,recover-20220801,005,1795
1146.4235,1146.4349,40078.0,54726.0,Pipistrellus nathusii,0.499,0.594,-1,Echolocation,/mnt/ubna_data_01_mir/recover-20220801/UBNA_005/20220729_060000.WAV,Central Pond,recover-20220801,005,1795
1146.6475,1146.6574,38359.0,45155.0,Pipistrellus nathusii,0.511,0.536,-1,Echolocation,/mnt/ubna_data_01_mir/recover-20220801/UBNA_005/20220729_060000.WAV,Central Pond,recover-20220801,005,1795
1146.6715,1146.6915,25468.0,28993.0,Nyctalus leisleri,0.226,0.311,-1,Echolocation,/mnt/ubna_data_01_mir/recover-20220801/UBNA_005/20220729_060000.WAV,Central Pond,recover-20220801,005,1795
1146.7565,1146.7682,39218.0,54214.0,Pipistrellus nathusii,0.545,0.611,-1,Echolocation,/mnt/ubna_data_01_mir/recover-20220801/UBNA_005/20220729_060000.WAV,Central Pond,recover-20220801,005,1795
1146.9175,1146.9366,25468.0,29460.0,Nyctalus leisleri,0.218,0.32,-1,Echolocation,/mnt/ubna_data_01_mir/recover-20220801/UBNA_005/20220729_060000.WAV,Central Pond,recover-20220801,005,1795
1146.9635,1146.9726,39218.0,47632.0,Pipistrellus nathusii,0.563,0.578,-1,Echolocation,/mnt/ubna_data_01_mir/recover-20220801/UBNA_005/20220729_060000.WAV,Central Pond,recover-20220801,005,1795
1147.1425,1147.1527,40078.0,54944.0,Pipistrellus nathusii,0.555,0.647,-1,Echolocation,/mnt/ubna_data_01_mir/recover-20220801/UBNA_005/20220729_060000.WAV,Central Pond,recover-20220801,005,1795
1147.1955,1147.2031,40078.0,50775.0,Pipistrellus nathusii,0.555,0.591,-1,Echolocation,/mnt/ubna_data_01_mir/recover-20220801/UBNA_005/20220729_060000.WAV,Central Pond,recover-20220801,005,1795
1147.3145,1147.3346,25468.0,27962.0,Nyctalus leisleri,0.28,0.331,-1,Echolocation,/mnt/ubna_data_01_mir/recover-20220801/UBNA_005/20220729_060000.WAV,Central Pond,recover-20220801,005,1795
1147.3315,1147.341,40078.0,55948.0,Pipistrellus nathusii,0.591,0.657,-1,Echolocation,/mnt/ubna_data_01_mir/recover-20220801/UBNA_005/20220729_060000.WAV,Central Pond,recover-20220801,005,1795
1147.4325,1147.4424,38359.0,47108.0,Pipistrellus nathusii,0.478,0.517,-1,Echolocation,/mnt/ubna_data_01_mir/recover-20220801/UBNA_005/20220729_060000.WAV,Central Pond,recover-20220801,005,1795
1147.6155,1147.626,39218.0,53562.0,Pipistrellus nathusii,0.528,0.609,-1,Echolocation,/mnt/ubna_data_01_mir/recover-20220801/UBNA_005/20220729_060000.WAV,Central Pond,recover-20220801,005,1795
1147.7135,1147.722,38359.0,45410.0,Pipistrellus nathusii,0.421,0.464,-1,Echolocation,/mnt/ubna_data_01_mir/recover-20220801/UBNA_005/20220729_060000.WAV,Central Pond,recover-20220801,005,1795
1147.8905,1147.8996,38359.0,47320.0,Pipistrellus nathusii,0.543,0.573,-1,Echolocation,/mnt/ubna_data_01_mir/recover-20220801/UBNA_005/20220729_060000.WAV,Central Pond,recover-20220801,005,1795
1147.9795,1147.9881,39218.0,51686.0,Pipistrellus nathusii,0.614,0.68,-1,Echolocation,/mnt/ubna_data_01_mir/recover-20220801/UBNA_005/20220729_060000.WAV,Central Pond,recover-20220801,005,1795
1148.2425,1148.2677,24609.0,27990.0,Nyctalus leisleri,0.22,0.305,-1,Echolocation,/mnt/ubna_data_01_mir/recover-20220801/UBNA_005/20220729_060000.WAV,Central Pond,recover-20220801,005,1795
1148.2545,1148.2623,38359.0,46125.0,Pipistrellus nathusii,0.429,0.452,-1,Echolocation,/mnt/ubna_data_01_mir/recover-20220801/UBNA_005/20220729_060000.WAV,Central Pond,recover-20220801,005,1795
1148.3405,1148.3501,38359.0,49157.0,Pipistrellus nathusii,0.5,0.61,-1,Echolocation,/mnt/ubna_data_01_mir/recover-20220801/UBNA_005/20220729_060000.WAV,Central Pond,recover-20220801,005,1795
1148.6215,1148.6324,38359.0,46090.0,Pipistrellus nathusii,0.481,0.548,-1,Echolocation,/mnt/ubna_data_01_mir/recover-20220801/UBNA_005/20220729_060000.WAV,Central Pond,recover-20220801,005,1795
1148.7015,1148.7108,45234.0,54495.0,Pipistrellus pipistrellus,0.151,0.326,-1,Echolocation,/mnt/ubna_data_01_mir/recover-20220801/UBNA_005/20220729_060000.WAV,Central Pond,recover-20220801,005,1795
1148.8235,1148.8331,38359.0,44650.0,Pipistrellus nathusii,0.44,0.481,-1,Echolocation,/mnt/ubna_data_01_mir/recover-20220801/UBNA_005/20220729_060000.WAV,Central Pond,recover-20220801,005,1795
1149.1165,1149.127,38359.0,43703.0,Pipistrellus nathusii,0.379,0.411,-1,Echolocation,/mnt/ubna_data_01_mir/recover-20220801/UBNA_005/20220729_060000.WAV,Central Pond,recover-20220801,005,1795
1149.1435,1149.1697,24609.0,27806.0,Nyctalus leisleri,0.316,0.367,-1,Echolocation,/mnt/ubna_data_01_mir/recover-20220801/UBNA_005/20220729_060000.WAV,Central Pond,recover-20220801,005,1795
1149.4115,1149.4216,38359.0,43631.0,Pipistrellus nathusii,0.25,0.286,-1,Echolocation,/mnt/ubna_data_01_mir/recover-20220801/UBNA_005/20220729_060000.WAV,Central Pond,recover-20220801,005,1795
1149.6335,1149.6431,37500.0,41902.0,Pipistrellus nathusii,0.287,0.324,-1,Echolocation,/mnt/ubna_data_01_mir/recover-20220801/UBNA_005/20220729_060000.WAV,Central Pond,recover-20220801,005,1795
1149.8365,1149.8491,37500.0,43565.0,Pipistrellus nathusii,0.292,0.345,-1,Echolocation,/mnt/ubna_data_01_mir/recover-20220801/UBNA_005/20220729_060000.WAV,Central Pond,recover-20220801,005,1795
1150.0405,1150.0519,38359.0,45505.0,Pipistrellus nathusii,0.314,0.461,-1,Echolocation,/mnt/ubna_data_01_mir/recover-20220801/UBNA_005/20220729_060000.WAV,Central Pond,recover-20220801,005,1795
1150.1845,1150.2098,24609.0,28171.0,Nyctalus leisleri,0.296,0.36,-1,Echolocation,/mnt/ubna_data_01_mir/recover-20220801/UBNA_005/20220729_060000.WAV,Central Pond,recover-20220801,005,1795
1150.3405,1150.3512,38359.0,44655.0,Pipistrellus nathusii,0.473,0.544,-1,Echolocation,/mnt/ubna_data_01_mir/recover-20220801/UBNA_005/20220729_060000.WAV,Central Pond,recover-20220801,005,1795
1150.5665,1150.5774,37500.0,43387.0,Pipistrellus nathusii,0.381,0.449,-1,Echolocation,/mnt/ubna_data_01_mir/recover-20220801/UBNA_005/20220729_060000.WAV,Central Pond,recover-20220801,005,1795
1150.7375,1150.7636,24609.0,28421.0,Nyctalus leisleri,0.143,0.258,-1,Echolocation,/mnt/ubna_data_01_mir/recover-20220801/UBNA_005/20220729_060000.WAV,Central Pond,recover-20220801,005,1795
1150.7435,1150.7629,25468.0,28965.0,Nyctalus leisleri,0.203,0.246,-1,Echolocation,/mnt/ubna_data_01_mir/recover-20220801/UBNA_005/20220729_060000.WAV,Central Pond,recover-20220801,005,1795
1150.8515,1150.8609,41796.0,47959.0,Pipistrellus nathusii,0.305,0.331,-1,Echolocation,/mnt/ubna_data_01_mir/recover-20220801/UBNA_005/20220729_060000.WAV,Central Pond,recover-20220801,005,1795
1150.9315,1150.9512,25468.0,28487.0,Nyctalus leisleri,0.479,0.549,-1,Echolocation,/mnt/ubna_data_01_mir/recover-20220801/UBNA_005/20220729_060000.WAV,Central Pond,recover-20220801,005,1795
1151.0285,1151.0376,38359.0,42950.0,Pipistrellus nathusii,0.315,0.338,-1,Echolocation,/mnt/ubna_data_01_mir/recover-20220801/UBNA_005/20220729_060000.WAV,Central Pond,recover-20220801,005,1795
1151.1365,1151.1587,25468.0,29326.0,Nyctalus leisleri,0.315,0.43,-1,Echolocation,/mnt/ubna_data_01_mir/recover-20220801/UBNA_005/20220729_060000.WAV,Central Pond,recover-20220801,005,1795
1151.3385,1151.3547,26328.0,31215.0,Nyctalus leisleri,0.264,0.556,-1,Echolocation,/mnt/ubna_data_01_mir/recover-20220801/UBNA_005/20220729_060000.WAV,Central Pond,recover-20220801,005,1795
1151.5335,1151.549,26328.0,31296.0,Nyctalus leisleri,0.266,0.618,-1,Echolocation,/mnt/ubna_data_01_mir/recover-20220801/UBNA_005/20220729_060000.WAV,Central Pond,recover-20220801,005,1795
1151.7135,1151.7256,26328.0,31447.0,Nyctalus leisleri,0.49,0.69,-1,Echolocation,/mnt/ubna_data_01_mir/recover-20220801/UBNA_005/20220729_060000.WAV,Central Pond,recover-20220801,005,1795
1151.9375,1151.9582,25468.0,29109.0,Nyctalus leisleri,0.288,0.364,-1,Echolocation,/mnt/ubna_data_01_mir/recover-20220801/UBNA_005/20220729_060000.WAV,Central Pond,recover-20220801,005,1795
1152.3835,1152.407,24609.0,27776.0,Nyctalus leisleri,0.201,0.268,-1,Echolocation,/mnt/ubna_data_01_mir/recover-20220801/UBNA_005/20220729_060000.WAV,Central Pond,recover-20220801,005,1795
1152.9895,1153.0079,24609.0,27584.0,Nyctalus leisleri,0.299,0.389,-1,Echolocation,/mnt/ubna_data_01_mir/recover-20220801/UBNA_005/20220729_060000.WAV,Central Pond,recover-20220801,005,1795
1153.4295,1153.4522,25468.0,28534.0,Nyctalus leisleri,0.213,0.264,-1,Echolocation,/mnt/ubna_data_01_mir/recover-20220801/UBNA_005/20220729_060000.WAV,Central Pond,recover-20220801,005,1795
1154.2035,1154.2272,24609.0,27821.0,Nyctalus leisleri,0.347,0.423,-1,Echolocation,/mnt/ubna_data_01_mir/recover-20220801/UBNA_005/20220729_060000.WAV,Central Pond,recover-20220801,005,1795
1155.2055,1155.2309,24609.0,27341.0,Nyctalus leisleri,0.198,0.281,-1,Echolocation,/mnt/ubna_data_01_mir/recover-20220801/UBNA_005/20220729_060000.WAV,Central Pond,recover-20220801,005,1795
1156.1135,1156.1337,24609.0,27265.0,Nyctalus leisleri,0.159,0.232,-1,Echolocation,/mnt/ubna_data_01_mir/recover-20220801/UBNA_005/20220729_060000.WAV,Central Pond,recover-20220801,005,1795
1177.8705,1177.8832,24609.0,28887.0,Nyctalus leisleri,0.189,0.319,-1,Echolocation,/mnt/ubna_data_01_mir/recover-20220801/UBNA_005/20220729_060000.WAV,Central Pond,recover-20220801,005,1795
1178.0865,1178.0997,24609.0,29485.0,Nyctalus leisleri,0.193,0.399,-1,Echolocation,/mnt/ubna_data_01_mir/recover-20220801/UBNA_005/20220729_060000.WAV,Central Pond,recover-20220801,005,1795
1178.4175,1178.4291,24609.0,28931.0,Nyctalus leisleri,0.14,0.306,-1,Echolocation,/mnt/ubna_data_01_mir/recover-20220801/UBNA_005/20220729_060000.WAV,Central Pond,recover-20220801,005,1795
1178.6745,1178.6869,23750.0,28999.0,Eptesicus serotinus,0.117,0.263,-1,Echolocation,/mnt/ubna_data_01_mir/recover-20220801/UBNA_005/20220729_060000.WAV,Central Pond,recover-20220801,005,1795
1178.9635,1178.9758,24609.0,31024.0,Eptesicus serotinus,0.247,0.502,-1,Echolocation,/mnt/ubna_data_01_mir/recover-20220801/UBNA_005/20220729_060000.WAV,Central Pond,recover-20220801,005,1795
1179.2075,1179.2206,23750.0,30087.0,Nyctalus leisleri,0.307,0.611,-1,Echolocation,/mnt/ubna_data_01_mir/recover-20220801/UBNA_005/20220729_060000.WAV,Central Pond,recover-20220801,005,1795
1179.7885,1179.8028,23750.0,27668.0,Nyctalus leisleri,0.346,0.446,-1,Echolocation,/mnt/ubna_data_01_mir/recover-20220801/UBNA_005/20220729_060000.WAV,Central Pond,recover-20220801,005,1795
1180.2825,1180.2936,23750.0,28054.0,Eptesicus serotinus,0.096,0.243,-1,Echolocation,/mnt/ubna_data_01_mir/recover-20220801/UBNA_005/20220729_060000.WAV,Central Pond,recover-20220801,005,1795
1183.0965,1183.1088,26328.0,30361.0,Nyctalus leisleri,0.128,0.209,-1,Echolocation,/mnt/ubna_data_01_mir/recover-20220801/UBNA_005/20220729_060000.WAV,Central Pond,recover-20220801,005,1795
1191.6105,1191.6207,27187.0,33156.0,Eptesicus serotinus,0.172,0.337,-1,Echolocation,/mnt/ubna_data_01_mir/recover-20220801/UBNA_005/20220729_060000.WAV,Central Pond,recover-20220801,005,1795
1192.6325,1192.6406,27187.0,34581.0,Eptesicus serotinus,0.299,0.545,-1,Echolocation,/mnt/ubna_data_01_mir/recover-20220801/UBNA_005/20220729_060000.WAV,Central Pond,recover-20220801,005,1795
1192.7485,1192.7578,26328.0,34051.0,Eptesicus serotinus,0.319,0.528,-1,Echolocation,/mnt/ubna_data_01_mir/recover-20220801/UBNA_005/20220729_060000.WAV,Central Pond,recover-20220801,005,1795
1192.8625,1192.8711,27187.0,34644.0,Eptesicus serotinus,0.321,0.562,-1,Echolocation,/mnt/ubna_data_01_mir/recover-20220801/UBNA_005/20220729_060000.WAV,Central Pond,recover-20220801,005,1795
1192.9765,1192.9868,26328.0,32591.0,Eptesicus serotinus,0.164,0.313,-1,Echolocation,/mnt/ubna_data_01_mir/recover-20220801/UBNA_005/20220729_060000.WAV,Central Pond,recover-20220801,005,1795
1193.0855,1193.0949,27187.0,33356.0,Nyctalus leisleri,0.229,0.534,-1,Echolocation,/mnt/ubna_data_01_mir/recover-20220801/UBNA_005/20220729_060000.WAV,Central Pond,recover-20220801,005,1795
1193.8875,1193.8994,25468.0,31724.0,Eptesicus serotinus,0.14,0.27,-1,Echolocation,/mnt/ubna_data_01_mir/recover-20220801/UBNA_005/20220729_060000.WAV,Central Pond,recover-20220801,005,1795
1203.7135,1203.7214,44375.0,52319.0,Pipistrellus pipistrellus,0.341,0.368,-1,Echolocation,/mnt/ubna_data_01_mir/recover-20220801/UBNA_005/20220729_060000.WAV,Central Pond,recover-20220801,005,1795
1203.8255,1203.841,23750.0,28073.0,Nyctalus leisleri,0.414,0.507,-1,Echolocation,/mnt/ubna_data_01_mir/recover-20220801/UBNA_005/20220729_060000.WAV,Central Pond,recover-20220801,005,1795
1203.8255,1203.8373,40937.0,43636.0,Pipistrellus nathusii,0.234,0.282,-1,Echolocation,/mnt/ubna_data_01_mir/recover-20220801/UBNA_005/20220729_060000.WAV,Central Pond,recover-20220801,005,1795
1203.9185,1203.9304,42656.0,46605.0,Pipistrellus nathusii,0.183,0.275,-1,Echolocation,/mnt/ubna_data_01_mir/recover-20220801/UBNA_005/20220729_060000.WAV,Central Pond,recover-20220801,005,1795
1206.5305,1206.541,42656.0,49585.0,Pipistrellus nathusii,0.176,0.291,-1,Echolocation,/mnt/ubna_data_01_mir/recover-20220801/UBNA_005/20220729_060000.WAV,Central Pond,recover-20220801,005,1795
1207.0325,1207.0407,42656.0,49626.0,Pipistrellus nathusii,0.241,0.419,-1,Echolocation,/mnt/ubna_data_01_mir/recover-20220801/UBNA_005/20220729_060000.WAV,Central Pond,recover-20220801,005,1795
1207.2245,1207.2322,42656.0,49446.0,Pipistrellus nathusii,0.295,0.516,-1,Echolocation,/mnt/ubna_data_01_mir/recover-20220801/UBNA_005/20220729_060000.WAV,Central Pond,recover-20220801,005,1795
1207.4325,1207.4401,41796.0,49688.0,Pipistrellus nathusii,0.5,0.583,-1,Echolocation,/mnt/ubna_data_01_mir/recover-20220801/UBNA_005/20220729_060000.WAV,Central Pond,recover-20220801,005,1795
1207.6265,1207.636,41796.0,50316.0,Pipistrellus nathusii,0.436,0.499,-1,Echolocation,/mnt/ubna_data_01_mir/recover-20220801/UBNA_005/20220729_060000.WAV,Central Pond,recover-20220801,005,1795
1207.7285,1207.7362,41796.0,51060.0,Pipistrellus nathusii,0.35,0.535,-1,Echolocation,/mnt/ubna_data_01_mir/recover-20220801/UBNA_005/20220729_060000.WAV,Central Pond,recover-20220801,005,1795
1216.9295,1216.9423,24609.0,30146.0,Eptesicus serotinus,0.093,0.206,-1,Echolocation,/mnt/ubna_data_01_mir/recover-20220801/UBNA_005/20220729_060000.WAV,Central Pond,recover-20220801,005,1795
1217.2785,1217.2901,26328.0,31499.0,Eptesicus serotinus,0.187,0.367,-1,Echolocation,/mnt/ubna_data_01_mir/recover-20220801/UBNA_005/20220729_060000.WAV,Central Pond,recover-20220801,005,1795
1217.6185,1217.6295,26328.0,31282.0,Nyctalus leisleri,0.268,0.47,-1,Echolocation,/mnt/ubna_data_01_mir/recover-20220801/UBNA_005/20220729_060000.WAV,Central Pond,recover-20220801,005,1795
1218.1195,1218.1311,27187.0,32381.0,Eptesicus serotinus,0.166,0.308,-1,Echolocation,/mnt/ubna_data_01_mir/recover-20220801/UBNA_005/20220729_060000.WAV,Central Pond,recover-20220801,005,1795
1218.2995,1218.3114,26328.0,31567.0,Eptesicus serotinus,0.174,0.344,-1,Echolocation,/mnt/ubna_data_01_mir/recover-20220801/UBNA_005/20220729_060000.WAV,Central Pond,recover-20220801,005,1795
1218.7635,1218.7744,26328.0,32399.0,Eptesicus serotinus,0.222,0.398,-1,Echolocation,/mnt/ubna_data_01_mir/recover-20220801/UBNA_005/20220729_060000.WAV,Central Pond,recover-20220801,005,1795
1219.0645,1219.0774,24609.0,31357.0,Eptesicus serotinus,0.178,0.36,-1,Echolocation,/mnt/ubna_data_01_mir/recover-20220801/UBNA_005/20220729_060000.WAV,Central Pond,recover-20220801,005,1795
1219.1275,1219.1387,26328.0,33073.0,Eptesicus serotinus,0.28,0.51,-1,Echolocation,/mnt/ubna_data_01_mir/recover-20220801/UBNA_005/20220729_060000.WAV,Central Pond,recover-20220801,005,1795
1219.1955,1219.2158,20312.0,23294.0,Nyctalus noctula,0.145,0.23,-1,Echolocation,/mnt/ubna_data_01_mir/recover-20220801/UBNA_005/20220729_060000.WAV,Central Pond,recover-20220801,005,1795
1219.2225,1219.2349,15156.0,21256.0,Eptesicus serotinus,0.104,0.229,-1,Echolocation,/mnt/ubna_data_01_mir/recover-20220801/UBNA_005/20220729_060000.WAV,Central Pond,recover-20220801,005,1795
1219.3595,1219.3744,23750.0,32521.0,Eptesicus serotinus,0.277,0.598,-1,Echolocation,/mnt/ubna_data_01_mir/recover-20220801/UBNA_005/20220729_060000.WAV,Central Pond,recover-20220801,005,1795
1219.5475,1219.5652,14296.0,17989.0,Nyctalus leisleri,0.101,0.204,-1,Echolocation,/mnt/ubna_data_01_mir/recover-20220801/UBNA_005/20220729_060000.WAV,Central Pond,recover-20220801,005,1795
1219.5775,1219.5929,13437.0,18313.0,Nyctalus noctula,0.145,0.268,-1,Echolocation,/mnt/ubna_data_01_mir/recover-20220801/UBNA_005/20220729_060000.WAV,Central Pond,recover-20220801,005,1795
1219.7125,1219.7259,23750.0,32095.0,Nyctalus leisleri,0.342,0.673,-1,Echolocation,/mnt/ubna_data_01_mir/recover-20220801/UBNA_005/20220729_060000.WAV,Central Pond,recover-20220801,005,1795
1219.8045,1219.8196,15156.0,21219.0,Nyctalus noctula,0.317,0.534,-1,Echolocation,/mnt/ubna_data_01_mir/recover-20220801/UBNA_005/20220729_060000.WAV,Central Pond,recover-20220801,005,1795
1219.8205,1219.8307,25468.0,32354.0,Eptesicus serotinus,0.185,0.326,-1,Echolocation,/mnt/ubna_data_01_mir/recover-20220801/UBNA_005/20220729_060000.WAV,Central Pond,recover-20220801,005,1795
1219.8815,1219.8984,16875.0,21722.0,Nyctalus noctula,0.463,0.569,-1,Echolocation,/mnt/ubna_data_01_mir/recover-20220801/UBNA_005/20220729_060000.WAV,Central Pond,recover-20220801,005,1795
1219.9415,1219.9557,22890.0,31944.0,Eptesicus serotinus,0.311,0.599,-1,Echolocation,/mnt/ubna_data_01_mir/recover-20220801/UBNA_005/20220729_060000.WAV,Central Pond,recover-20220801,005,1795
1220.0625,1220.0731,25468.0,33078.0,Nyctalus leisleri,0.3,0.513,-1,Echolocation,/mnt/ubna_data_01_mir/recover-20220801/UBNA_005/20220729_060000.WAV,Central Pond,recover-20220801,005,1795
1220.0835,1220.0944,27187.0,32968.0,Eptesicus serotinus,0.161,0.352,-1,Echolocation,/mnt/ubna_data_01_mir/recover-20220801/UBNA_005/20220729_060000.WAV,Central Pond,recover-20220801,005,1795
1220.2155,1220.2339,20312.0,23098.0,Nyctalus leisleri,0.282,0.322,-1,Echolocation,/mnt/ubna_data_01_mir/recover-20220801/UBNA_005/20220729_060000.WAV,Central Pond,recover-20220801,005,1795
1220.3095,1220.3231,24609.0,32071.0,Nyctalus leisleri,0.282,0.563,-1,Echolocation,/mnt/ubna_data_01_mir/recover-20220801/UBNA_005/20220729_060000.WAV,Central Pond,recover-20220801,005,1795
1220.4375,1220.4478,26328.0,33400.0,Nyctalus leisleri,0.272,0.552,-1,Echolocation,/mnt/ubna_data_01_mir/recover-20220801/UBNA_005/20220729_060000.WAV,Central Pond,recover-20220801,005,1795
1220.5475,1220.5634,23750.0,30506.0,Nyctalus leisleri,0.362,0.546,-1,Echolocation,/mnt/ubna_data_01_mir/recover-20220801/UBNA_005/20220729_060000.WAV,Central Pond,recover-20220801,005,1795
1220.7925,1220.8082,23750.0,30042.0,Nyctalus leisleri,0.425,0.543,-1,Echolocation,/mnt/ubna_data_01_mir/recover-20220801/UBNA_005/20220729_060000.WAV,Central Pond,recover-20220801,005,1795
1220.8115,1220.8215,27187.0,33218.0,Nyctalus leisleri,0.148,0.355,-1,Echolocation,/mnt/ubna_data_01_mir/recover-20220801/UBNA_005/20220729_060000.WAV,Central Pond,recover-20220801,005,1795
1221.0425,1221.0559,23750.0,30433.0,Nyctalus leisleri,0.533,0.628,-1,Echolocation,/mnt/ubna_data_01_mir/recover-20220801/UBNA_005/20220729_060000.WAV,Central Pond,recover-20220801,005,1795
1221.2805,1221.297,23750.0,31835.0,Nyctalus leisleri,0.296,0.544,-1,Echolocation,/mnt/ubna_data_01_mir/recover-20220801/UBNA_005/20220729_060000.WAV,Central Pond,recover-20220801,005,1795
1221.3195,1221.3312,25468.0,32826.0,Nyctalus leisleri,0.24,0.546,-1,Echolocation,/mnt/ubna_data_01_mir/recover-20220801/UBNA_005/20220729_060000.WAV,Central Pond,recover-20220801,005,1795
1221.4065,1221.4214,24609.0,37607.0,Nyctalus leisleri,0.191,0.485,-1,Echolocation,/mnt/ubna_data_01_mir/recover-20220801/UBNA_005/20220729_060000.WAV,Central Pond,recover-20220801,005,1795
1221.6405,1221.6573,23750.0,32425.0,Nyctalus leisleri,0.26,0.52,-1,Echolocation,/mnt/ubna_data_01_mir/recover-20220801/UBNA_005/20220729_060000.WAV,Central Pond,recover-20220801,005,1795
1221.8865,1221.9025,23750.0,29429.0,Nyctalus leisleri,0.211,0.437,-1,Echolocation,/mnt/ubna_data_01_mir/recover-20220801/UBNA_005/20220729_060000.WAV,Central Pond,recover-20220801,005,1795
1221.9615,1221.9743,25468.0,32125.0,Nyctalus leisleri,0.339,0.545,-1,Echolocation,/mnt/ubna_data_01_mir/recover-20220801/UBNA_005/20220729_060000.WAV,Central Pond,recover-20220801,005,1795
1222.0125,1222.0292,11718.0,17265.0,Nyctalus leisleri,0.267,0.371,-1,Echolocation,/mnt/ubna_data_01_mir/recover-20220801/UBNA_005/20220729_060000.WAV,Central Pond,recover-20220801,005,1795
1222.2595,1222.2756,22890.0,28509.0,Nyctalus leisleri,0.269,0.437,-1,Echolocation,/mnt/ubna_data_01_mir/recover-20220801/UBNA_005/20220729_060000.WAV,Central Pond,recover-20220801,005,1795
1222.4725,1222.4883,23750.0,31470.0,Eptesicus serotinus,0.258,0.537,-1,Echolocation,/mnt/ubna_data_01_mir/recover-20220801/UBNA_005/20220729_060000.WAV,Central Pond,recover-20220801,005,1795
1222.5025,1222.5212,22890.0,29182.0,Nyctalus noctula,0.235,0.418,-1,Echolocation,/mnt/ubna_data_01_mir/recover-20220801/UBNA_005/20220729_060000.WAV,Central Pond,recover-20220801,005,1795
1222.7365,1222.7526,23750.0,29002.0,Nyctalus leisleri,0.436,0.546,-1,Echolocation,/mnt/ubna_data_01_mir/recover-20220801/UBNA_005/20220729_060000.WAV,Central Pond,recover-20220801,005,1795
1222.9705,1222.9874,22890.0,30127.0,Nyctalus leisleri,0.345,0.47,-1,Echolocation,/mnt/ubna_data_01_mir/recover-20220801/UBNA_005/20220729_060000.WAV,Central Pond,recover-20220801,005,1795
1223.1205,1223.1341,23750.0,28982.0,Nyctalus leisleri,0.35,0.522,-1,Echolocation,/mnt/ubna_data_01_mir/recover-20220801/UBNA_005/20220729_060000.WAV,Central Pond,recover-20220801,005,1795
1223.2065,1223.2236,23750.0,28269.0,Nyctalus leisleri,0.479,0.569,-1,Echolocation,/mnt/ubna_data_01_mir/recover-20220801/UBNA_005/20220729_060000.WAV,Central Pond,recover-20220801,005,1795
1223.3835,1223.3953,25468.0,30292.0,Nyctalus leisleri,0.197,0.389,-1,Echolocation,/mnt/ubna_data_01_mir/recover-20220801/UBNA_005/20220729_060000.WAV,Central Pond,recover-20220801,005,1795
1223.5535,1223.5703,22890.0,29438.0,Nyctalus leisleri,0.204,0.545,-1,Echolocation,/mnt/ubna_data_01_mir/recover-20220801/UBNA_005/20220729_060000.WAV,Central Pond,recover-20220801,005,1795
1223.8935,1223.9092,24609.0,29578.0,Nyctalus leisleri,0.126,0.308,-1,Echolocation,/mnt/ubna_data_01_mir/recover-20220801/UBNA_005/20220729_060000.WAV,Central Pond,recover-20220801,005,1795
1223.9245,1223.9445,22890.0,28168.0,Nyctalus noctula,0.226,0.46,-1,Echolocation,/mnt/ubna_data_01_mir/recover-20220801/UBNA_005/20220729_060000.WAV,Central Pond,recover-20220801,005,1795
1224.1355,1224.1484,24609.0,33594.0,Eptesicus serotinus,0.329,0.483,-1,Echolocation,/mnt/ubna_data_01_mir/recover-20220801/UBNA_005/20220729_060000.WAV,Central Pond,recover-20220801,005,1795
1224.1695,1224.1864,23750.0,29719.0,Nyctalus leisleri,0.325,0.475,-1,Echolocation,/mnt/ubna_data_01_mir/recover-20220801/UBNA_005/20220729_060000.WAV,Central Pond,recover-20220801,005,1795
1224.4185,1224.4333,23750.0,31418.0,Nyctalus leisleri,0.458,0.535,-1,Echolocation,/mnt/ubna_data_01_mir/recover-20220801/UBNA_005/20220729_060000.WAV,Central Pond,recover-20220801,005,1795
1224.6645,1224.6796,23750.0,31085.0,Nyctalus leisleri,0.245,0.486,-1,Echolocation,/mnt/ubna_data_01_mir/recover-20220801/UBNA_005/20220729_060000.WAV,Central Pond,recover-20220801,005,1795
1224.8825,1224.8939,26328.0,32491.0,Eptesicus serotinus,0.177,0.369,-1,Echolocation,/mnt/ubna_data_01_mir/recover-20220801/UBNA_005/20220729_060000.WAV,Central Pond,recover-20220801,005,1795
1224.9905,1225.0018,27187.0,34633.0,Nyctalus leisleri,0.439,0.611,-1,Echolocation,/mnt/ubna_data_01_mir/recover-20220801/UBNA_005/20220729_060000.WAV,Central Pond,recover-20220801,005,1795
1225.1395,1225.1554,24609.0,31144.0,Nyctalus leisleri,0.284,0.505,-1,Echolocation,/mnt/ubna_data_01_mir/recover-20220801/UBNA_005/20220729_060000.WAV,Central Pond,recover-20220801,005,1795
1225.3835,1225.4035,22890.0,30125.0,Nyctalus noctula,0.18,0.452,-1,Echolocation,/mnt/ubna_data_01_mir/recover-20220801/UBNA_005/20220729_060000.WAV,Central Pond,recover-20220801,005,1795
1225.6355,1225.6569,22890.0,29348.0,Nyctalus leisleri,0.174,0.469,-1,Echolocation,/mnt/ubna_data_01_mir/recover-20220801/UBNA_005/20220729_060000.WAV,Central Pond,recover-20220801,005,1795
1225.8615,1225.8745,25468.0,30895.0,Nyctalus leisleri,0.214,0.366,-1,Echolocation,/mnt/ubna_data_01_mir/recover-20220801/UBNA_005/20220729_060000.WAV,Central Pond,recover-20220801,005,1795
1225.8775,1225.8933,24609.0,31075.0,Nyctalus leisleri,0.302,0.427,-1,Echolocation,/mnt/ubna_data_01_mir/recover-20220801/UBNA_005/20220729_060000.WAV,Central Pond,recover-20220801,005,1795
1226.1315,1226.1508,24609.0,29875.0,Nyctalus leisleri,0.229,0.393,-1,Echolocation,/mnt/ubna_data_01_mir/recover-20220801/UBNA_005/20220729_060000.WAV,Central Pond,recover-20220801,005,1795
1226.3775,1226.3945,23750.0,28884.0,Nyctalus leisleri,0.325,0.444,-1,Echolocation,/mnt/ubna_data_01_mir/recover-20220801/UBNA_005/20220729_060000.WAV,Central Pond,recover-20220801,005,1795
1226.6295,1226.6507,23750.0,28051.0,Nyctalus leisleri,0.243,0.367,-1,Echolocation,/mnt/ubna_data_01_mir/recover-20220801/UBNA_005/20220729_060000.WAV,Central Pond,recover-20220801,005,1795
1226.8815,1226.9005,22890.0,28077.0,Nyctalus leisleri,0.202,0.407,-1,Echolocation,/mnt/ubna_data_01_mir/recover-20220801/UBNA_005/20220729_060000.WAV,Central Pond,recover-20220801,005,1795
1227.1305,1227.1512,22890.0,28212.0,Nyctalus noctula,0.142,0.358,-1,Echolocation,/mnt/ubna_data_01_mir/recover-20220801/UBNA_005/20220729_060000.WAV,Central Pond,recover-20220801,005,1795
1227.2505,1227.2633,24609.0,30285.0,Nyctalus leisleri,0.235,0.445,-1,Echolocation,/mnt/ubna_data_01_mir/recover-20220801/UBNA_005/20220729_060000.WAV,Central Pond,recover-20220801,005,1795
1227.5195,1227.5402,24609.0,30739.0,Nyctalus leisleri,0.114,0.269,-1,Echolocation,/mnt/ubna_data_01_mir/recover-20220801/UBNA_005/20220729_060000.WAV,Central Pond,recover-20220801,005,1795
1227.6455,1227.6627,24609.0,30077.0,Eptesicus serotinus,0.095,0.22,-1,Echolocation,/mnt/ubna_data_01_mir/recover-20220801/UBNA_005/20220729_060000.WAV,Central Pond,recover-20220801,005,1795
1228.5025,1228.5266,22890.0,28764.0,Nyctalus noctula,0.18,0.382,-1,Echolocation,/mnt/ubna_data_01_mir/recover-20220801/UBNA_005/20220729_060000.WAV,Central Pond,recover-20220801,005,1795
1229.0125,1229.0355,22890.0,28236.0,Nyctalus leisleri,0.166,0.33,-1,Echolocation,/mnt/ubna_data_01_mir/recover-20220801/UBNA_005/20220729_060000.WAV,Central Pond,recover-20220801,005,1795
1229.5105,1229.5343,23750.0,27712.0,Nyctalus leisleri,0.229,0.305,-1,Echolocation,/mnt/ubna_data_01_mir/recover-20220801/UBNA_005/20220729_060000.WAV,Central Pond,recover-20220801,005,1795
1234.3035,1234.3144,22031.0,28966.0,Eptesicus serotinus,0.076,0.211,-1,Echolocation,/mnt/ubna_data_01_mir/recover-20220801/UBNA_005/20220729_060000.WAV,Central Pond,recover-20220801,005,1795
1235.8475,1235.8566,43515.0,50800.0,Pipistrellus pipistrellus,0.213,0.455,-1,Echolocation,/mnt/ubna_data_01_mir/recover-20220801/UBNA_005/20220729_060000.WAV,Central Pond,recover-20220801,005,1795
1237.2335,1237.2416,40937.0,50577.0,Pipistrellus nathusii,0.078,0.21,-1,Echolocation,/mnt/ubna_data_01_mir/recover-20220801/UBNA_005/20220729_060000.WAV,Central Pond,recover-20220801,005,1795
1237.7915,1237.8015,40937.0,45447.0,Pipistrellus nathusii,0.183,0.207,-1,Echolocation,/mnt/ubna_data_01_mir/recover-20220801/UBNA_005/20220729_060000.WAV,Central Pond,recover-20220801,005,1795
1287.9575,1287.9767,22890.0,27335.0,Nyctalus noctula,0.079,0.206,-1,Echolocation,/mnt/ubna_data_01_mir/recover-20220801/UBNA_005/20220729_060000.WAV,Central Pond,recover-20220801,005,1795
1288.2125,1288.2327,22890.0,27292.0,Nyctalus leisleri,0.141,0.269,-1,Echolocation,/mnt/ubna_data_01_mir/recover-20220801/UBNA_005/20220729_060000.WAV,Central Pond,recover-20220801,005,1795
1288.8555,1288.8722,22890.0,27641.0,Nyctalus leisleri,0.229,0.388,-1,Echolocation,/mnt/ubna_data_01_mir/recover-20220801/UBNA_005/20220729_060000.WAV,Central Pond,recover-20220801,005,1795
1295.1225,1295.13,23750.0,33736.0,Plecotus austriacus,0.094,0.256,-1,Echolocation,/mnt/ubna_data_01_mir/recover-20220801/UBNA_005/20220729_060000.WAV,Central Pond,recover-20220801,005,1795
1346.9805,1346.9955,22890.0,27862.0,Eptesicus serotinus,0.087,0.206,-1,Echolocation,/mnt/ubna_data_01_mir/recover-20220801/UBNA_005/20220729_060000.WAV,Central Pond,recover-20220801,005,1795
1439.4015,1439.4191,22890.0,27413.0,Nyctalus noctula,0.111,0.269,-1,Echolocation,/mnt/ubna_data_01_mir/recover-20220801/UBNA_005/20220729_060000.WAV,Central Pond,recover-20220801,005,1795
1441.0555,1441.0751,22031.0,26999.0,Nyctalus leisleri,0.191,0.362,-1,Echolocation,/mnt/ubna_data_01_mir/recover-20220801/UBNA_005/20220729_060000.WAV,Central Pond,recover-20220801,005,1795
1472.9025,1472.9068,16875.0,35691.0,Plecotus austriacus,0.151,0.246,-1,Echolocation,/mnt/ubna_data_01_mir/recover-20220801/UBNA_005/20220729_060000.WAV,Central Pond,recover-20220801,005,1795
1495.3085,1495.3221,23750.0,28406.0,Nyctalus leisleri,0.285,0.45,-1,Echolocation,/mnt/ubna_data_01_mir/recover-20220801/UBNA_005/20220729_060000.WAV,Central Pond,recover-20220801,005,1795
1495.3095,1495.3207,40937.0,44443.0,Pipistrellus nathusii,0.213,0.236,-1,Echolocation,/mnt/ubna_data_01_mir/recover-20220801/UBNA_005/20220729_060000.WAV,Central Pond,recover-20220801,005,1795
1582.0015,1582.0097,23750.0,32343.0,Eptesicus serotinus,0.1,0.273,-1,Echolocation,/mnt/ubna_data_01_mir/recover-20220801/UBNA_005/20220729_060000.WAV,Central Pond,recover-20220801,005,1795
1589.1125,1589.1258,22890.0,26486.0,Nyctalus leisleri,0.383,0.477,-1,Echolocation,/mnt/ubna_data_01_mir/recover-20220801/UBNA_005/20220729_060000.WAV,Central Pond,recover-20220801,005,1795
1591.1145,1591.1284,22031.0,25330.0,Nyctalus leisleri,0.267,0.431,-1,Echolocation,/mnt/ubna_data_01_mir/recover-20220801/UBNA_005/20220729_060000.WAV,Central Pond,recover-20220801,005,1795
1591.7595,1591.7728,22890.0,28224.0,Nyctalus leisleri,0.235,0.434,-1,Echolocation,/mnt/ubna_data_01_mir/recover-20220801/UBNA_005/20220729_060000.WAV,Central Pond,recover-20220801,005,1795
1613.7205,1613.7303,25468.0,31152.0,Eptesicus serotinus,0.121,0.248,-1,Echolocation,/mnt/ubna_data_01_mir/recover-20220801/UBNA_005/20220729_060000.WAV,Central Pond,recover-20220801,005,1795
1645.7695,1645.7803,25468.0,30225.0,Eptesicus serotinus,0.112,0.277,-1,Echolocation,/mnt/ubna_data_01_mir/recover-20220801/UBNA_005/20220729_060000.WAV,Central Pond,recover-20220801,005,1795
1702.4335,1702.4407,23750.0,32289.0,Plecotus austriacus,0.076,0.207,-1,Echolocation,/mnt/ubna_data_01_mir/recover-20220801/UBNA_005/20220729_060000.WAV,Central Pond,recover-20220801,005,1795
1724.6845,1724.7022,23750.0,27864.0,Nyctalus leisleri,0.281,0.388,-1,Echolocation,/mnt/ubna_data_01_mir/recover-20220801/UBNA_005/20220729_060000.WAV,Central Pond,recover-20220801,005,1795
1724.6845,1724.6986,40078.0,43339.0,Pipistrellus nathusii,0.233,0.244,-1,Echolocation,/mnt/ubna_data_01_mir/recover-20220801/UBNA_005/20220729_060000.WAV,Central Pond,recover-20220801,005,1795
1744.9595,1744.9682,23750.0,31632.0,Eptesicus serotinus,0.127,0.265,-1,Echolocation,/mnt/ubna_data_01_mir/recover-20220801/UBNA_005/20220729_060000.WAV,Central Pond,recover-20220801,005,1795
1765.8775,1765.8912,25468.0,30756.0,Nyctalus leisleri,0.187,0.357,-1,Echolocation,/mnt/ubna_data_01_mir/recover-20220801/UBNA_005/20220729_060000.WAV,Central Pond,recover-20220801,005,1795
1766.5345,1766.5509,25468.0,29516.0,Nyctalus leisleri,0.271,0.421,-1,Echolocation,/mnt/ubna_data_01_mir/recover-20220801/UBNA_005/20220729_060000.WAV,Central Pond,recover-20220801,005,1795
1767.4975,1767.5125,25468.0,29763.0,Nyctalus leisleri,0.219,0.33,-1,Echolocation,/mnt/ubna_data_01_mir/recover-20220801/UBNA_005/20220729_060000.WAV,Central Pond,recover-20220801,005,1795
1768.1465,1768.1601,25468.0,30171.0,Nyctalus leisleri,0.473,0.58,-1,Echolocation,/mnt/ubna_data_01_mir/recover-20220801/UBNA_005/20220729_060000.WAV,Central Pond,recover-20220801,005,1795
1768.7965,1768.81,26328.0,30219.0,Nyctalus leisleri,0.475,0.61,-1,Echolocation,/mnt/ubna_data_01_mir/recover-20220801/UBNA_005/20220729_060000.WAV,Central Pond,recover-20220801,005,1795
1769.5855,1769.5992,26328.0,31007.0,Nyctalus leisleri,0.32,0.573,-1,Echolocation,/mnt/ubna_data_01_mir/recover-20220801/UBNA_005/20220729_060000.WAV,Central Pond,recover-20220801,005,1795
1769.8635,1769.88,25468.0,28685.0,Nyctalus leisleri,0.331,0.432,-1,Echolocation,/mnt/ubna_data_01_mir/recover-20220801/UBNA_005/20220729_060000.WAV,Central Pond,recover-20220801,005,1795
1770.1435,1770.1591,26328.0,30011.0,Nyctalus leisleri,0.288,0.422,-1,Echolocation,/mnt/ubna_data_01_mir/recover-20220801/UBNA_005/20220729_060000.WAV,Central Pond,recover-20220801,005,1795
1770.5405,1770.555,25468.0,29375.0,Nyctalus leisleri,0.578,0.682,-1,Echolocation,/mnt/ubna_data_01_mir/recover-20220801/UBNA_005/20220729_060000.WAV,Central Pond,recover-20220801,005,1795
1771.2005,1771.2148,26328.0,31947.0,Nyctalus leisleri,0.292,0.525,-1,Echolocation,/mnt/ubna_data_01_mir/recover-20220801/UBNA_005/20220729_060000.WAV,Central Pond,recover-20220801,005,1795
1771.6315,1771.6462,25468.0,29593.0,Nyctalus leisleri,0.548,0.696,-1,Echolocation,/mnt/ubna_data_01_mir/recover-20220801/UBNA_005/20220729_060000.WAV,Central Pond,recover-20220801,005,1795
1772.0145,1772.0273,26328.0,31694.0,Nyctalus leisleri,0.252,0.425,-1,Echolocation,/mnt/ubna_data_01_mir/recover-20220801/UBNA_005/20220729_060000.WAV,Central Pond,recover-20220801,005,1795
1772.3805,1772.3957,25468.0,30982.0,Nyctalus leisleri,0.394,0.623,-1,Echolocation,/mnt/ubna_data_01_mir/recover-20220801/UBNA_005/20220729_060000.WAV,Central Pond,recover-20220801,005,1795
1772.9055,1772.9242,25468.0,29371.0,Nyctalus leisleri,0.116,0.204,-1,Echolocation,/mnt/ubna_data_01_mir/recover-20220801/UBNA_005/20220729_060000.WAV,Central Pond,recover-20220801,005,1795
1773.1795,1773.1936,25468.0,31068.0,Nyctalus leisleri,0.459,0.629,-1,Echolocation,/mnt/ubna_data_01_mir/recover-20220801/UBNA_005/20220729_060000.WAV,Central Pond,recover-20220801,005,1795
1774.0045,1774.022,25468.0,26941.0,Nyctalus leisleri,0.484,0.517,-1,Echolocation,/mnt/ubna_data_01_mir/recover-20220801/UBNA_005/20220729_060000.WAV,Central Pond,recover-20220801,005,1795
1774.4045,1774.4196,25468.0,29753.0,Nyctalus leisleri,0.424,0.551,-1,Echolocation,/mnt/ubna_data_01_mir/recover-20220801/UBNA_005/20220729_060000.WAV,Central Pond,recover-20220801,005,1795
1774.6685,1774.6867,25468.0,27996.0,Nyctalus leisleri,0.511,0.547,-1,Echolocation,/mnt/ubna_data_01_mir/recover-20220801/UBNA_005/20220729_060000.WAV,Central Pond,recover-20220801,005,1795
1774.9485,1774.9671,26328.0,28696.0,Nyctalus leisleri,0.286,0.373,-1,Echolocation,/mnt/ubna_data_01_mir/recover-20220801/UBNA_005/20220729_060000.WAV,Central Pond,recover-20220801,005,1795
1775.4645,1775.4785,25468.0,29340.0,Nyctalus leisleri,0.181,0.294,-1,Echolocation,/mnt/ubna_data_01_mir/recover-20220801/UBNA_005/20220729_060000.WAV,Central Pond,recover-20220801,005,1795
1775.8365,1775.8535,25468.0,28268.0,Nyctalus leisleri,0.429,0.529,-1,Echolocation,/mnt/ubna_data_01_mir/recover-20220801/UBNA_005/20220729_060000.WAV,Central Pond,recover-20220801,005,1795
1776.2375,1776.2541,25468.0,29798.0,Nyctalus leisleri,0.388,0.535,-1,Echolocation,/mnt/ubna_data_01_mir/recover-20220801/UBNA_005/20220729_060000.WAV,Central Pond,recover-20220801,005,1795
1776.6155,1776.6317,24609.0,27645.0,Nyctalus leisleri,0.186,0.297,-1,Echolocation,/mnt/ubna_data_01_mir/recover-20220801/UBNA_005/20220729_060000.WAV,Central Pond,recover-20220801,005,1795
1776.8885,1776.9069,25468.0,28805.0,Nyctalus leisleri,0.331,0.42,-1,Echolocation,/mnt/ubna_data_01_mir/recover-20220801/UBNA_005/20220729_060000.WAV,Central Pond,recover-20220801,005,1795
1777.3265,1777.3418,25468.0,28965.0,Nyctalus leisleri,0.173,0.286,-1,Echolocation,/mnt/ubna_data_01_mir/recover-20220801/UBNA_005/20220729_060000.WAV,Central Pond,recover-20220801,005,1795
1777.6035,1777.6222,25468.0,28680.0,Nyctalus leisleri,0.154,0.228,-1,Echolocation,/mnt/ubna_data_01_mir/recover-20220801/UBNA_005/20220729_060000.WAV,Central Pond,recover-20220801,005,1795
1777.8795,1777.903,24609.0,28595.0,Nyctalus leisleri,0.114,0.225,-1,Echolocation,/mnt/ubna_data_01_mir/recover-20220801/UBNA_005/20220729_060000.WAV,Central Pond,recover-20220801,005,1795
1778.5905,1778.6082,24609.0,27805.0,Nyctalus leisleri,0.327,0.442,-1,Echolocation,/mnt/ubna_data_01_mir/recover-20220801/UBNA_005/20220729_060000.WAV,Central Pond,recover-20220801,005,1795
