start_time,end_time,low_freq,high_freq,class,class_prob,det_prob,individual,event,input_file,Site name,Recover Folder,SD Card,File Duration
3.5295,3.5395,40078.0,44473.0,Pipistrellus nathusii,0.245,0.284,-1,Echolocation,/mnt/ubna_data_01_mir/recover-20220822/UBNA_014/20220822_060000.WAV,Central Pond,recover-20220822,014,1795
3.6305,3.6404,38359.0,42754.0,Pipistrellus nathusii,0.207,0.24,-1,Echolocation,/mnt/ubna_data_01_mir/recover-20220822/UBNA_014/20220822_060000.WAV,Central Pond,recover-20220822,014,1795
3.7285,3.7377,39218.0,45533.0,Pipistrellus nathusii,0.434,0.492,-1,Echolocation,/mnt/ubna_data_01_mir/recover-20220822/UBNA_014/20220822_060000.WAV,Central Pond,recover-20220822,014,1795
3.9215,3.9316,37500.0,46155.0,Pipistrellus nathusii,0.419,0.497,-1,Echolocation,/mnt/ubna_data_01_mir/recover-20220822/UBNA_014/20220822_060000.WAV,Central Pond,recover-20220822,014,1795
4.0225,4.0313,38359.0,45992.0,Pipistrellus nathusii,0.305,0.327,-1,Echolocation,/mnt/ubna_data_01_mir/recover-20220822/UBNA_014/20220822_060000.WAV,Central Pond,recover-20220822,014,1795
4.1275,4.1362,38359.0,47185.0,Pipistrellus nathusii,0.543,0.566,-1,Echolocation,/mnt/ubna_data_01_mir/recover-20220822/UBNA_014/20220822_060000.WAV,Central Pond,recover-20220822,014,1795
4.2225,4.2316,40078.0,46899.0,Pipistrellus nathusii,0.513,0.541,-1,Echolocation,/mnt/ubna_data_01_mir/recover-20220822/UBNA_014/20220822_060000.WAV,Central Pond,recover-20220822,014,1795
4.3195,4.3271,39218.0,50333.0,Pipistrellus nathusii,0.514,0.553,-1,Echolocation,/mnt/ubna_data_01_mir/recover-20220822/UBNA_014/20220822_060000.WAV,Central Pond,recover-20220822,014,1795
4.4185,4.4261,39218.0,48855.0,Pipistrellus nathusii,0.429,0.456,-1,Echolocation,/mnt/ubna_data_01_mir/recover-20220822/UBNA_014/20220822_060000.WAV,Central Pond,recover-20220822,014,1795
4.5095,4.5191,39218.0,49453.0,Pipistrellus nathusii,0.381,0.426,-1,Echolocation,/mnt/ubna_data_01_mir/recover-20220822/UBNA_014/20220822_060000.WAV,Central Pond,recover-20220822,014,1795
4.6075,4.6164,39218.0,49199.0,Pipistrellus nathusii,0.588,0.623,-1,Echolocation,/mnt/ubna_data_01_mir/recover-20220822/UBNA_014/20220822_060000.WAV,Central Pond,recover-20220822,014,1795
4.7005,4.7086,40078.0,52140.0,Pipistrellus nathusii,0.421,0.505,-1,Echolocation,/mnt/ubna_data_01_mir/recover-20220822/UBNA_014/20220822_060000.WAV,Central Pond,recover-20220822,014,1795
4.7985,4.8076,36640.0,51192.0,Pipistrellus nathusii,0.44,0.543,-1,Echolocation,/mnt/ubna_data_01_mir/recover-20220822/UBNA_014/20220822_060000.WAV,Central Pond,recover-20220822,014,1795
4.8975,4.9048,36640.0,50044.0,Pipistrellus nathusii,0.254,0.403,-1,Echolocation,/mnt/ubna_data_01_mir/recover-20220822/UBNA_014/20220822_060000.WAV,Central Pond,recover-20220822,014,1795
4.9945,5.0019,37500.0,49158.0,Pipistrellus nathusii,0.212,0.3,-1,Echolocation,/mnt/ubna_data_01_mir/recover-20220822/UBNA_014/20220822_060000.WAV,Central Pond,recover-20220822,014,1795
5.0875,5.0964,38359.0,51893.0,Pipistrellus nathusii,0.421,0.529,-1,Echolocation,/mnt/ubna_data_01_mir/recover-20220822/UBNA_014/20220822_060000.WAV,Central Pond,recover-20220822,014,1795
5.1865,5.1971,38359.0,53016.0,Pipistrellus nathusii,0.554,0.621,-1,Echolocation,/mnt/ubna_data_01_mir/recover-20220822/UBNA_014/20220822_060000.WAV,Central Pond,recover-20220822,014,1795
5.2875,5.2969,38359.0,52772.0,Pipistrellus nathusii,0.454,0.534,-1,Echolocation,/mnt/ubna_data_01_mir/recover-20220822/UBNA_014/20220822_060000.WAV,Central Pond,recover-20220822,014,1795
5.3835,5.3926,38359.0,51000.0,Pipistrellus nathusii,0.544,0.595,-1,Echolocation,/mnt/ubna_data_01_mir/recover-20220822/UBNA_014/20220822_060000.WAV,Central Pond,recover-20220822,014,1795
5.4825,5.4912,36640.0,45688.0,Pipistrellus nathusii,0.424,0.511,-1,Echolocation,/mnt/ubna_data_01_mir/recover-20220822/UBNA_014/20220822_060000.WAV,Central Pond,recover-20220822,014,1795
5.5755,5.5842,38359.0,49079.0,Pipistrellus nathusii,0.535,0.58,-1,Echolocation,/mnt/ubna_data_01_mir/recover-20220822/UBNA_014/20220822_060000.WAV,Central Pond,recover-20220822,014,1795
5.6735,5.6835,38359.0,47336.0,Pipistrellus nathusii,0.381,0.398,-1,Echolocation,/mnt/ubna_data_01_mir/recover-20220822/UBNA_014/20220822_060000.WAV,Central Pond,recover-20220822,014,1795
5.8635,5.8729,36640.0,46599.0,Pipistrellus nathusii,0.456,0.526,-1,Echolocation,/mnt/ubna_data_01_mir/recover-20220822/UBNA_014/20220822_060000.WAV,Central Pond,recover-20220822,014,1795
6.1485,6.1584,37500.0,45924.0,Pipistrellus nathusii,0.406,0.455,-1,Echolocation,/mnt/ubna_data_01_mir/recover-20220822/UBNA_014/20220822_060000.WAV,Central Pond,recover-20220822,014,1795
6.4355,6.4441,37500.0,43442.0,Pipistrellus nathusii,0.415,0.466,-1,Echolocation,/mnt/ubna_data_01_mir/recover-20220822/UBNA_014/20220822_060000.WAV,Central Pond,recover-20220822,014,1795
6.7525,6.7603,38359.0,43942.0,Pipistrellus nathusii,0.417,0.462,-1,Echolocation,/mnt/ubna_data_01_mir/recover-20220822/UBNA_014/20220822_060000.WAV,Central Pond,recover-20220822,014,1795
16.8115,16.8164,17734.0,31457.0,Plecotus austriacus,0.113,0.219,-1,Echolocation,/mnt/ubna_data_01_mir/recover-20220822/UBNA_014/20220822_060000.WAV,Central Pond,recover-20220822,014,1795
28.2925,28.3016,38359.0,48808.0,Pipistrellus nathusii,0.412,0.428,-1,Echolocation,/mnt/ubna_data_01_mir/recover-20220822/UBNA_014/20220822_060000.WAV,Central Pond,recover-20220822,014,1795
28.3875,28.3975,39218.0,45020.0,Pipistrellus nathusii,0.333,0.354,-1,Echolocation,/mnt/ubna_data_01_mir/recover-20220822/UBNA_014/20220822_060000.WAV,Central Pond,recover-20220822,014,1795
28.5965,28.6062,39218.0,44702.0,Pipistrellus nathusii,0.207,0.221,-1,Echolocation,/mnt/ubna_data_01_mir/recover-20220822/UBNA_014/20220822_060000.WAV,Central Pond,recover-20220822,014,1795
28.8095,28.8181,39218.0,47597.0,Pipistrellus nathusii,0.403,0.438,-1,Echolocation,/mnt/ubna_data_01_mir/recover-20220822/UBNA_014/20220822_060000.WAV,Central Pond,recover-20220822,014,1795
29.0265,29.0353,40078.0,45294.0,Pipistrellus nathusii,0.431,0.438,-1,Echolocation,/mnt/ubna_data_01_mir/recover-20220822/UBNA_014/20220822_060000.WAV,Central Pond,recover-20220822,014,1795
29.1345,29.1427,40078.0,49259.0,Pipistrellus nathusii,0.503,0.534,-1,Echolocation,/mnt/ubna_data_01_mir/recover-20220822/UBNA_014/20220822_060000.WAV,Central Pond,recover-20220822,014,1795
29.2405,29.2501,39218.0,46439.0,Pipistrellus nathusii,0.466,0.578,-1,Echolocation,/mnt/ubna_data_01_mir/recover-20220822/UBNA_014/20220822_060000.WAV,Central Pond,recover-20220822,014,1795
29.3505,29.3601,38359.0,49070.0,Pipistrellus nathusii,0.426,0.485,-1,Echolocation,/mnt/ubna_data_01_mir/recover-20220822/UBNA_014/20220822_060000.WAV,Central Pond,recover-20220822,014,1795
29.4405,29.4477,40937.0,50319.0,Pipistrellus nathusii,0.51,0.553,-1,Echolocation,/mnt/ubna_data_01_mir/recover-20220822/UBNA_014/20220822_060000.WAV,Central Pond,recover-20220822,014,1795
29.6815,29.6902,40078.0,48874.0,Pipistrellus nathusii,0.538,0.603,-1,Echolocation,/mnt/ubna_data_01_mir/recover-20220822/UBNA_014/20220822_060000.WAV,Central Pond,recover-20220822,014,1795
29.7855,29.7934,39218.0,54074.0,Pipistrellus nathusii,0.561,0.582,-1,Echolocation,/mnt/ubna_data_01_mir/recover-20220822/UBNA_014/20220822_060000.WAV,Central Pond,recover-20220822,014,1795
29.8935,29.902,38359.0,47031.0,Pipistrellus nathusii,0.494,0.535,-1,Echolocation,/mnt/ubna_data_01_mir/recover-20220822/UBNA_014/20220822_060000.WAV,Central Pond,recover-20220822,014,1795
30.0015,30.0096,39218.0,46127.0,Pipistrellus nathusii,0.438,0.443,-1,Echolocation,/mnt/ubna_data_01_mir/recover-20220822/UBNA_014/20220822_060000.WAV,Central Pond,recover-20220822,014,1795
30.0955,30.1061,38359.0,51234.0,Pipistrellus nathusii,0.572,0.598,-1,Echolocation,/mnt/ubna_data_01_mir/recover-20220822/UBNA_014/20220822_060000.WAV,Central Pond,recover-20220822,014,1795
30.2025,30.2121,39218.0,51257.0,Pipistrellus nathusii,0.637,0.655,-1,Echolocation,/mnt/ubna_data_01_mir/recover-20220822/UBNA_014/20220822_060000.WAV,Central Pond,recover-20220822,014,1795
30.3075,30.3163,38359.0,51108.0,Pipistrellus nathusii,0.677,0.697,-1,Echolocation,/mnt/ubna_data_01_mir/recover-20220822/UBNA_014/20220822_060000.WAV,Central Pond,recover-20220822,014,1795
30.4115,30.4209,38359.0,49056.0,Pipistrellus nathusii,0.549,0.586,-1,Echolocation,/mnt/ubna_data_01_mir/recover-20220822/UBNA_014/20220822_060000.WAV,Central Pond,recover-20220822,014,1795
30.5115,30.5206,37500.0,55725.0,Pipistrellus nathusii,0.549,0.578,-1,Echolocation,/mnt/ubna_data_01_mir/recover-20220822/UBNA_014/20220822_060000.WAV,Central Pond,recover-20220822,014,1795
30.6125,30.6242,38359.0,50002.0,Pipistrellus nathusii,0.472,0.505,-1,Echolocation,/mnt/ubna_data_01_mir/recover-20220822/UBNA_014/20220822_060000.WAV,Central Pond,recover-20220822,014,1795
30.7945,30.8048,36640.0,56162.0,Pipistrellus nathusii,0.527,0.562,-1,Echolocation,/mnt/ubna_data_01_mir/recover-20220822/UBNA_014/20220822_060000.WAV,Central Pond,recover-20220822,014,1795
30.8945,30.9024,36640.0,46300.0,Pipistrellus nathusii,0.342,0.409,-1,Echolocation,/mnt/ubna_data_01_mir/recover-20220822/UBNA_014/20220822_060000.WAV,Central Pond,recover-20220822,014,1795
30.9915,31.0007,37500.0,45858.0,Pipistrellus nathusii,0.523,0.57,-1,Echolocation,/mnt/ubna_data_01_mir/recover-20220822/UBNA_014/20220822_060000.WAV,Central Pond,recover-20220822,014,1795
31.174500000000002,31.1837,36640.0,53115.0,Pipistrellus nathusii,0.559,0.604,-1,Echolocation,/mnt/ubna_data_01_mir/recover-20220822/UBNA_014/20220822_060000.WAV,Central Pond,recover-20220822,014,1795
31.2815,31.2906,37500.0,46278.0,Pipistrellus nathusii,0.605,0.628,-1,Echolocation,/mnt/ubna_data_01_mir/recover-20220822/UBNA_014/20220822_060000.WAV,Central Pond,recover-20220822,014,1795
31.4815,31.4924,37500.0,48679.0,Pipistrellus nathusii,0.479,0.556,-1,Echolocation,/mnt/ubna_data_01_mir/recover-20220822/UBNA_014/20220822_060000.WAV,Central Pond,recover-20220822,014,1795
31.5855,31.5943,36640.0,46297.0,Pipistrellus nathusii,0.493,0.532,-1,Echolocation,/mnt/ubna_data_01_mir/recover-20220822/UBNA_014/20220822_060000.WAV,Central Pond,recover-20220822,014,1795
31.6625,31.6708,37500.0,47617.0,Pipistrellus nathusii,0.499,0.569,-1,Echolocation,/mnt/ubna_data_01_mir/recover-20220822/UBNA_014/20220822_060000.WAV,Central Pond,recover-20220822,014,1795
31.7495,31.7578,38359.0,44944.0,Pipistrellus nathusii,0.467,0.489,-1,Echolocation,/mnt/ubna_data_01_mir/recover-20220822/UBNA_014/20220822_060000.WAV,Central Pond,recover-20220822,014,1795
31.8185,31.8263,39218.0,46867.0,Pipistrellus nathusii,0.41,0.449,-1,Echolocation,/mnt/ubna_data_01_mir/recover-20220822/UBNA_014/20220822_060000.WAV,Central Pond,recover-20220822,014,1795
31.8725,31.8801,40937.0,49532.0,Pipistrellus nathusii,0.204,0.29,-1,Echolocation,/mnt/ubna_data_01_mir/recover-20220822/UBNA_014/20220822_060000.WAV,Central Pond,recover-20220822,014,1795
31.9285,31.9358,38359.0,49406.0,Pipistrellus nathusii,0.127,0.237,-1,Echolocation,/mnt/ubna_data_01_mir/recover-20220822/UBNA_014/20220822_060000.WAV,Central Pond,recover-20220822,014,1795
32.3225,32.3299,39218.0,52059.0,Pipistrellus nathusii,0.549,0.588,-1,Echolocation,/mnt/ubna_data_01_mir/recover-20220822/UBNA_014/20220822_060000.WAV,Central Pond,recover-20220822,014,1795
32.3965,32.4052,35781.0,51517.0,Pipistrellus nathusii,0.386,0.511,-1,Echolocation,/mnt/ubna_data_01_mir/recover-20220822/UBNA_014/20220822_060000.WAV,Central Pond,recover-20220822,014,1795
32.4875,32.4958,37500.0,49829.0,Pipistrellus nathusii,0.482,0.524,-1,Echolocation,/mnt/ubna_data_01_mir/recover-20220822/UBNA_014/20220822_060000.WAV,Central Pond,recover-20220822,014,1795
32.5785,32.5861,36640.0,52925.0,Pipistrellus nathusii,0.447,0.564,-1,Echolocation,/mnt/ubna_data_01_mir/recover-20220822/UBNA_014/20220822_060000.WAV,Central Pond,recover-20220822,014,1795
32.6795,32.687,34921.0,52716.0,Pipistrellus nathusii,0.308,0.428,-1,Echolocation,/mnt/ubna_data_01_mir/recover-20220822/UBNA_014/20220822_060000.WAV,Central Pond,recover-20220822,014,1795
32.7785,32.7856,36640.0,51883.0,Pipistrellus nathusii,0.561,0.611,-1,Echolocation,/mnt/ubna_data_01_mir/recover-20220822/UBNA_014/20220822_060000.WAV,Central Pond,recover-20220822,014,1795
32.8785,32.8878,36640.0,51861.0,Pipistrellus nathusii,0.416,0.483,-1,Echolocation,/mnt/ubna_data_01_mir/recover-20220822/UBNA_014/20220822_060000.WAV,Central Pond,recover-20220822,014,1795
32.9765,32.9853,36640.0,52023.0,Pipistrellus nathusii,0.467,0.532,-1,Echolocation,/mnt/ubna_data_01_mir/recover-20220822/UBNA_014/20220822_060000.WAV,Central Pond,recover-20220822,014,1795
33.0725,33.0809,36640.0,52902.0,Pipistrellus nathusii,0.499,0.612,-1,Echolocation,/mnt/ubna_data_01_mir/recover-20220822/UBNA_014/20220822_060000.WAV,Central Pond,recover-20220822,014,1795
33.1625,33.1707,37500.0,54224.0,Pipistrellus nathusii,0.496,0.61,-1,Echolocation,/mnt/ubna_data_01_mir/recover-20220822/UBNA_014/20220822_060000.WAV,Central Pond,recover-20220822,014,1795
33.2655,33.2739,36640.0,53088.0,Pipistrellus nathusii,0.415,0.538,-1,Echolocation,/mnt/ubna_data_01_mir/recover-20220822/UBNA_014/20220822_060000.WAV,Central Pond,recover-20220822,014,1795
33.3705,33.3792,36640.0,56287.0,Pipistrellus nathusii,0.54,0.569,-1,Echolocation,/mnt/ubna_data_01_mir/recover-20220822/UBNA_014/20220822_060000.WAV,Central Pond,recover-20220822,014,1795
33.4785,33.4866,36640.0,51739.0,Pipistrellus nathusii,0.454,0.509,-1,Echolocation,/mnt/ubna_data_01_mir/recover-20220822/UBNA_014/20220822_060000.WAV,Central Pond,recover-20220822,014,1795
33.6605,33.6684,37500.0,53902.0,Pipistrellus nathusii,0.497,0.525,-1,Echolocation,/mnt/ubna_data_01_mir/recover-20220822/UBNA_014/20220822_060000.WAV,Central Pond,recover-20220822,014,1795
33.7655,33.7733,35781.0,49249.0,Pipistrellus nathusii,0.517,0.562,-1,Echolocation,/mnt/ubna_data_01_mir/recover-20220822/UBNA_014/20220822_060000.WAV,Central Pond,recover-20220822,014,1795
33.8685,33.8761,35781.0,54241.0,Pipistrellus nathusii,0.48,0.588,-1,Echolocation,/mnt/ubna_data_01_mir/recover-20220822/UBNA_014/20220822_060000.WAV,Central Pond,recover-20220822,014,1795
33.9745,33.981700000000004,35781.0,51943.0,Pipistrellus nathusii,0.573,0.649,-1,Echolocation,/mnt/ubna_data_01_mir/recover-20220822/UBNA_014/20220822_060000.WAV,Central Pond,recover-20220822,014,1795
34.082499999999996,34.0918,35781.0,54983.0,Pipistrellus nathusii,0.445,0.53,-1,Echolocation,/mnt/ubna_data_01_mir/recover-20220822/UBNA_014/20220822_060000.WAV,Central Pond,recover-20220822,014,1795
34.1825,34.1903,35781.0,48374.0,Pipistrellus nathusii,0.595,0.639,-1,Echolocation,/mnt/ubna_data_01_mir/recover-20220822/UBNA_014/20220822_060000.WAV,Central Pond,recover-20220822,014,1795
34.286500000000004,34.296,36640.0,54640.0,Pipistrellus nathusii,0.478,0.556,-1,Echolocation,/mnt/ubna_data_01_mir/recover-20220822/UBNA_014/20220822_060000.WAV,Central Pond,recover-20220822,014,1795
34.3965,34.4048,36640.0,46496.0,Pipistrellus nathusii,0.489,0.561,-1,Echolocation,/mnt/ubna_data_01_mir/recover-20220822/UBNA_014/20220822_060000.WAV,Central Pond,recover-20220822,014,1795
34.5015,34.5099,36640.0,52515.0,Pipistrellus nathusii,0.489,0.554,-1,Echolocation,/mnt/ubna_data_01_mir/recover-20220822/UBNA_014/20220822_060000.WAV,Central Pond,recover-20220822,014,1795
34.6065,34.6147,36640.0,45027.0,Pipistrellus nathusii,0.551,0.606,-1,Echolocation,/mnt/ubna_data_01_mir/recover-20220822/UBNA_014/20220822_060000.WAV,Central Pond,recover-20220822,014,1795
34.7085,34.7177,36640.0,45723.0,Pipistrellus nathusii,0.419,0.542,-1,Echolocation,/mnt/ubna_data_01_mir/recover-20220822/UBNA_014/20220822_060000.WAV,Central Pond,recover-20220822,014,1795
34.8115,34.8208,36640.0,52285.0,Pipistrellus nathusii,0.519,0.575,-1,Echolocation,/mnt/ubna_data_01_mir/recover-20220822/UBNA_014/20220822_060000.WAV,Central Pond,recover-20220822,014,1795
34.9215,34.9301,35781.0,46759.0,Pipistrellus nathusii,0.466,0.579,-1,Echolocation,/mnt/ubna_data_01_mir/recover-20220822/UBNA_014/20220822_060000.WAV,Central Pond,recover-20220822,014,1795
35.0115,35.021,36640.0,51381.0,Pipistrellus nathusii,0.478,0.578,-1,Echolocation,/mnt/ubna_data_01_mir/recover-20220822/UBNA_014/20220822_060000.WAV,Central Pond,recover-20220822,014,1795
35.1065,35.1184,35781.0,50368.0,Pipistrellus nathusii,0.323,0.458,-1,Echolocation,/mnt/ubna_data_01_mir/recover-20220822/UBNA_014/20220822_060000.WAV,Central Pond,recover-20220822,014,1795
35.2085,35.2179,36640.0,50768.0,Pipistrellus nathusii,0.467,0.595,-1,Echolocation,/mnt/ubna_data_01_mir/recover-20220822/UBNA_014/20220822_060000.WAV,Central Pond,recover-20220822,014,1795
35.3115,35.3206,38359.0,43395.0,Pipistrellus nathusii,0.342,0.361,-1,Echolocation,/mnt/ubna_data_01_mir/recover-20220822/UBNA_014/20220822_060000.WAV,Central Pond,recover-20220822,014,1795
35.4105,35.4188,38359.0,47607.0,Pipistrellus nathusii,0.459,0.555,-1,Echolocation,/mnt/ubna_data_01_mir/recover-20220822/UBNA_014/20220822_060000.WAV,Central Pond,recover-20220822,014,1795
35.7115,35.7208,36640.0,46531.0,Pipistrellus nathusii,0.562,0.624,-1,Echolocation,/mnt/ubna_data_01_mir/recover-20220822/UBNA_014/20220822_060000.WAV,Central Pond,recover-20220822,014,1795
36.0095,36.0177,37500.0,43668.0,Pipistrellus nathusii,0.443,0.475,-1,Echolocation,/mnt/ubna_data_01_mir/recover-20220822/UBNA_014/20220822_060000.WAV,Central Pond,recover-20220822,014,1795
36.1105,36.1188,37500.0,46815.0,Pipistrellus nathusii,0.492,0.636,-1,Echolocation,/mnt/ubna_data_01_mir/recover-20220822/UBNA_014/20220822_060000.WAV,Central Pond,recover-20220822,014,1795
36.3095,36.3187,37500.0,43812.0,Pipistrellus nathusii,0.544,0.58,-1,Echolocation,/mnt/ubna_data_01_mir/recover-20220822/UBNA_014/20220822_060000.WAV,Central Pond,recover-20220822,014,1795
36.5125,36.522999999999996,36640.0,43994.0,Pipistrellus nathusii,0.444,0.515,-1,Echolocation,/mnt/ubna_data_01_mir/recover-20220822/UBNA_014/20220822_060000.WAV,Central Pond,recover-20220822,014,1795
36.6185,36.626599999999996,37500.0,43903.0,Pipistrellus nathusii,0.524,0.607,-1,Echolocation,/mnt/ubna_data_01_mir/recover-20220822/UBNA_014/20220822_060000.WAV,Central Pond,recover-20220822,014,1795
36.7235,36.7324,37500.0,45123.0,Pipistrellus nathusii,0.552,0.62,-1,Echolocation,/mnt/ubna_data_01_mir/recover-20220822/UBNA_014/20220822_060000.WAV,Central Pond,recover-20220822,014,1795
36.8315,36.8406,37500.0,43677.0,Pipistrellus nathusii,0.521,0.548,-1,Echolocation,/mnt/ubna_data_01_mir/recover-20220822/UBNA_014/20220822_060000.WAV,Central Pond,recover-20220822,014,1795
37.0325,37.0415,37500.0,43042.0,Pipistrellus nathusii,0.268,0.423,-1,Echolocation,/mnt/ubna_data_01_mir/recover-20220822/UBNA_014/20220822_060000.WAV,Central Pond,recover-20220822,014,1795
37.1385,37.1468,37500.0,44735.0,Pipistrellus nathusii,0.514,0.566,-1,Echolocation,/mnt/ubna_data_01_mir/recover-20220822/UBNA_014/20220822_060000.WAV,Central Pond,recover-20220822,014,1795
37.2475,37.2563,37500.0,46317.0,Pipistrellus nathusii,0.488,0.503,-1,Echolocation,/mnt/ubna_data_01_mir/recover-20220822/UBNA_014/20220822_060000.WAV,Central Pond,recover-20220822,014,1795
37.3525,37.3616,37500.0,43426.0,Pipistrellus nathusii,0.39,0.441,-1,Echolocation,/mnt/ubna_data_01_mir/recover-20220822/UBNA_014/20220822_060000.WAV,Central Pond,recover-20220822,014,1795
37.466499999999996,37.4759,37500.0,44810.0,Pipistrellus nathusii,0.324,0.368,-1,Echolocation,/mnt/ubna_data_01_mir/recover-20220822/UBNA_014/20220822_060000.WAV,Central Pond,recover-20220822,014,1795
37.5705,37.5801,38359.0,48566.0,Pipistrellus nathusii,0.567,0.598,-1,Echolocation,/mnt/ubna_data_01_mir/recover-20220822/UBNA_014/20220822_060000.WAV,Central Pond,recover-20220822,014,1795
37.7535,37.7639,39218.0,45465.0,Pipistrellus nathusii,0.626,0.656,-1,Echolocation,/mnt/ubna_data_01_mir/recover-20220822/UBNA_014/20220822_060000.WAV,Central Pond,recover-20220822,014,1795
37.8575,37.8667,38359.0,47161.0,Pipistrellus nathusii,0.522,0.632,-1,Echolocation,/mnt/ubna_data_01_mir/recover-20220822/UBNA_014/20220822_060000.WAV,Central Pond,recover-20220822,014,1795
37.9625,37.972,37500.0,51342.0,Pipistrellus nathusii,0.576,0.61,-1,Echolocation,/mnt/ubna_data_01_mir/recover-20220822/UBNA_014/20220822_060000.WAV,Central Pond,recover-20220822,014,1795
38.0645,38.073499999999996,39218.0,50706.0,Pipistrellus nathusii,0.577,0.657,-1,Echolocation,/mnt/ubna_data_01_mir/recover-20220822/UBNA_014/20220822_060000.WAV,Central Pond,recover-20220822,014,1795
38.1665,38.1753,38359.0,48996.0,Pipistrellus nathusii,0.587,0.634,-1,Echolocation,/mnt/ubna_data_01_mir/recover-20220822/UBNA_014/20220822_060000.WAV,Central Pond,recover-20220822,014,1795
38.2665,38.2772,38359.0,49917.0,Pipistrellus nathusii,0.482,0.503,-1,Echolocation,/mnt/ubna_data_01_mir/recover-20220822/UBNA_014/20220822_060000.WAV,Central Pond,recover-20220822,014,1795
38.4525,38.4619,38359.0,49901.0,Pipistrellus nathusii,0.588,0.649,-1,Echolocation,/mnt/ubna_data_01_mir/recover-20220822/UBNA_014/20220822_060000.WAV,Central Pond,recover-20220822,014,1795
38.548500000000004,38.5589,38359.0,47804.0,Pipistrellus nathusii,0.454,0.477,-1,Echolocation,/mnt/ubna_data_01_mir/recover-20220822/UBNA_014/20220822_060000.WAV,Central Pond,recover-20220822,014,1795
38.6525,38.662800000000004,38359.0,45367.0,Pipistrellus nathusii,0.619,0.645,-1,Echolocation,/mnt/ubna_data_01_mir/recover-20220822/UBNA_014/20220822_060000.WAV,Central Pond,recover-20220822,014,1795
38.7415,38.7499,40078.0,53950.0,Pipistrellus nathusii,0.485,0.545,-1,Echolocation,/mnt/ubna_data_01_mir/recover-20220822/UBNA_014/20220822_060000.WAV,Central Pond,recover-20220822,014,1795
38.838499999999996,38.8487,38359.0,49209.0,Pipistrellus nathusii,0.524,0.544,-1,Echolocation,/mnt/ubna_data_01_mir/recover-20220822/UBNA_014/20220822_060000.WAV,Central Pond,recover-20220822,014,1795
38.9375,38.9469,39218.0,45325.0,Pipistrellus nathusii,0.472,0.498,-1,Echolocation,/mnt/ubna_data_01_mir/recover-20220822/UBNA_014/20220822_060000.WAV,Central Pond,recover-20220822,014,1795
39.0315,39.0393,39218.0,47575.0,Pipistrellus nathusii,0.538,0.555,-1,Echolocation,/mnt/ubna_data_01_mir/recover-20220822/UBNA_014/20220822_060000.WAV,Central Pond,recover-20220822,014,1795
39.1325,39.141999999999996,38359.0,44968.0,Pipistrellus nathusii,0.349,0.383,-1,Echolocation,/mnt/ubna_data_01_mir/recover-20220822/UBNA_014/20220822_060000.WAV,Central Pond,recover-20220822,014,1795
39.2305,39.2394,39218.0,47856.0,Pipistrellus nathusii,0.609,0.639,-1,Echolocation,/mnt/ubna_data_01_mir/recover-20220822/UBNA_014/20220822_060000.WAV,Central Pond,recover-20220822,014,1795
39.323499999999996,39.3316,37500.0,50433.0,Pipistrellus nathusii,0.659,0.683,-1,Echolocation,/mnt/ubna_data_01_mir/recover-20220822/UBNA_014/20220822_060000.WAV,Central Pond,recover-20220822,014,1795
39.4215,39.4302,38359.0,48103.0,Pipistrellus nathusii,0.388,0.463,-1,Echolocation,/mnt/ubna_data_01_mir/recover-20220822/UBNA_014/20220822_060000.WAV,Central Pond,recover-20220822,014,1795
39.5195,39.5293,38359.0,46053.0,Pipistrellus nathusii,0.553,0.568,-1,Echolocation,/mnt/ubna_data_01_mir/recover-20220822/UBNA_014/20220822_060000.WAV,Central Pond,recover-20220822,014,1795
39.8175,39.8266,38359.0,50935.0,Pipistrellus nathusii,0.612,0.651,-1,Echolocation,/mnt/ubna_data_01_mir/recover-20220822/UBNA_014/20220822_060000.WAV,Central Pond,recover-20220822,014,1795
39.9195,39.9285,38359.0,44337.0,Pipistrellus nathusii,0.287,0.303,-1,Echolocation,/mnt/ubna_data_01_mir/recover-20220822/UBNA_014/20220822_060000.WAV,Central Pond,recover-20220822,014,1795
40.0245,40.0366,37500.0,42981.0,Pipistrellus nathusii,0.127,0.217,-1,Echolocation,/mnt/ubna_data_01_mir/recover-20220822/UBNA_014/20220822_060000.WAV,Central Pond,recover-20220822,014,1795
40.2395,40.2485,37500.0,47962.0,Pipistrellus nathusii,0.322,0.352,-1,Echolocation,/mnt/ubna_data_01_mir/recover-20220822/UBNA_014/20220822_060000.WAV,Central Pond,recover-20220822,014,1795
40.4625,40.4726,37500.0,42864.0,Pipistrellus nathusii,0.365,0.417,-1,Echolocation,/mnt/ubna_data_01_mir/recover-20220822/UBNA_014/20220822_060000.WAV,Central Pond,recover-20220822,014,1795
60.4885,60.4956,36640.0,43771.0,Pipistrellus nathusii,0.105,0.218,-1,Echolocation,/mnt/ubna_data_01_mir/recover-20220822/UBNA_014/20220822_060000.WAV,Central Pond,recover-20220822,014,1795
60.8995,60.9103,37500.0,45506.0,Pipistrellus nathusii,0.53,0.595,-1,Echolocation,/mnt/ubna_data_01_mir/recover-20220822/UBNA_014/20220822_060000.WAV,Central Pond,recover-20220822,014,1795
61.5575,61.565,38359.0,45139.0,Pipistrellus nathusii,0.225,0.296,-1,Echolocation,/mnt/ubna_data_01_mir/recover-20220822/UBNA_014/20220822_060000.WAV,Central Pond,recover-20220822,014,1795
61.7655,61.7741,38359.0,44206.0,Pipistrellus nathusii,0.336,0.418,-1,Echolocation,/mnt/ubna_data_01_mir/recover-20220822/UBNA_014/20220822_060000.WAV,Central Pond,recover-20220822,014,1795
61.8715,61.8806,37500.0,43254.0,Pipistrellus nathusii,0.395,0.444,-1,Echolocation,/mnt/ubna_data_01_mir/recover-20220822/UBNA_014/20220822_060000.WAV,Central Pond,recover-20220822,014,1795
61.9805,61.9899,38359.0,43948.0,Pipistrellus nathusii,0.231,0.282,-1,Echolocation,/mnt/ubna_data_01_mir/recover-20220822/UBNA_014/20220822_060000.WAV,Central Pond,recover-20220822,014,1795
62.0895,62.102199999999996,38359.0,42654.0,Pipistrellus nathusii,0.181,0.2,-1,Echolocation,/mnt/ubna_data_01_mir/recover-20220822/UBNA_014/20220822_060000.WAV,Central Pond,recover-20220822,014,1795
62.1995,62.21,38359.0,45481.0,Pipistrellus nathusii,0.486,0.54,-1,Echolocation,/mnt/ubna_data_01_mir/recover-20220822/UBNA_014/20220822_060000.WAV,Central Pond,recover-20220822,014,1795
62.7235,62.7327,38359.0,46147.0,Pipistrellus nathusii,0.427,0.466,-1,Echolocation,/mnt/ubna_data_01_mir/recover-20220822/UBNA_014/20220822_060000.WAV,Central Pond,recover-20220822,014,1795
62.9515,62.9621,38359.0,43621.0,Pipistrellus nathusii,0.272,0.284,-1,Echolocation,/mnt/ubna_data_01_mir/recover-20220822/UBNA_014/20220822_060000.WAV,Central Pond,recover-20220822,014,1795
63.0635,63.0742,38359.0,43630.0,Pipistrellus nathusii,0.243,0.278,-1,Echolocation,/mnt/ubna_data_01_mir/recover-20220822/UBNA_014/20220822_060000.WAV,Central Pond,recover-20220822,014,1795
63.1705,63.1813,37500.0,47459.0,Pipistrellus nathusii,0.438,0.49,-1,Echolocation,/mnt/ubna_data_01_mir/recover-20220822/UBNA_014/20220822_060000.WAV,Central Pond,recover-20220822,014,1795
63.2785,63.2864,37500.0,43915.0,Pipistrellus nathusii,0.399,0.414,-1,Echolocation,/mnt/ubna_data_01_mir/recover-20220822/UBNA_014/20220822_060000.WAV,Central Pond,recover-20220822,014,1795
63.4045,63.4145,38359.0,47057.0,Pipistrellus nathusii,0.456,0.507,-1,Echolocation,/mnt/ubna_data_01_mir/recover-20220822/UBNA_014/20220822_060000.WAV,Central Pond,recover-20220822,014,1795
63.5085,63.517,38359.0,46644.0,Pipistrellus nathusii,0.243,0.294,-1,Echolocation,/mnt/ubna_data_01_mir/recover-20220822/UBNA_014/20220822_060000.WAV,Central Pond,recover-20220822,014,1795
63.6125,63.6208,39218.0,45752.0,Pipistrellus nathusii,0.498,0.516,-1,Echolocation,/mnt/ubna_data_01_mir/recover-20220822/UBNA_014/20220822_060000.WAV,Central Pond,recover-20220822,014,1795
63.7215,63.731700000000004,39218.0,51511.0,Pipistrellus nathusii,0.431,0.51,-1,Echolocation,/mnt/ubna_data_01_mir/recover-20220822/UBNA_014/20220822_060000.WAV,Central Pond,recover-20220822,014,1795
63.8325,63.8418,39218.0,47120.0,Pipistrellus nathusii,0.517,0.56,-1,Echolocation,/mnt/ubna_data_01_mir/recover-20220822/UBNA_014/20220822_060000.WAV,Central Pond,recover-20220822,014,1795
63.9385,63.9483,38359.0,49892.0,Pipistrellus nathusii,0.471,0.559,-1,Echolocation,/mnt/ubna_data_01_mir/recover-20220822/UBNA_014/20220822_060000.WAV,Central Pond,recover-20220822,014,1795
64.0425,64.0511,38359.0,49214.0,Pipistrellus nathusii,0.461,0.528,-1,Echolocation,/mnt/ubna_data_01_mir/recover-20220822/UBNA_014/20220822_060000.WAV,Central Pond,recover-20220822,014,1795
64.1515,64.1605,39218.0,55824.0,Pipistrellus nathusii,0.57,0.622,-1,Echolocation,/mnt/ubna_data_01_mir/recover-20220822/UBNA_014/20220822_060000.WAV,Central Pond,recover-20220822,014,1795
64.26050000000001,64.2699,39218.0,55407.0,Pipistrellus nathusii,0.608,0.671,-1,Echolocation,/mnt/ubna_data_01_mir/recover-20220822/UBNA_014/20220822_060000.WAV,Central Pond,recover-20220822,014,1795
64.3685,64.3769,38359.0,55394.0,Pipistrellus nathusii,0.634,0.679,-1,Echolocation,/mnt/ubna_data_01_mir/recover-20220822/UBNA_014/20220822_060000.WAV,Central Pond,recover-20220822,014,1795
64.4675,64.4757,39218.0,56771.0,Pipistrellus nathusii,0.568,0.634,-1,Echolocation,/mnt/ubna_data_01_mir/recover-20220822/UBNA_014/20220822_060000.WAV,Central Pond,recover-20220822,014,1795
64.5665,64.5749,38359.0,50168.0,Pipistrellus nathusii,0.579,0.625,-1,Echolocation,/mnt/ubna_data_01_mir/recover-20220822/UBNA_014/20220822_060000.WAV,Central Pond,recover-20220822,014,1795
64.6705,64.6798,38359.0,53058.0,Pipistrellus nathusii,0.632,0.655,-1,Echolocation,/mnt/ubna_data_01_mir/recover-20220822/UBNA_014/20220822_060000.WAV,Central Pond,recover-20220822,014,1795
64.7675,64.777,39218.0,55388.0,Pipistrellus nathusii,0.602,0.64,-1,Echolocation,/mnt/ubna_data_01_mir/recover-20220822/UBNA_014/20220822_060000.WAV,Central Pond,recover-20220822,014,1795
64.8815,64.89,39218.0,52776.0,Pipistrellus nathusii,0.488,0.525,-1,Echolocation,/mnt/ubna_data_01_mir/recover-20220822/UBNA_014/20220822_060000.WAV,Central Pond,recover-20220822,014,1795
64.9885,64.9977,38359.0,58688.0,Pipistrellus nathusii,0.667,0.682,-1,Echolocation,/mnt/ubna_data_01_mir/recover-20220822/UBNA_014/20220822_060000.WAV,Central Pond,recover-20220822,014,1795
65.0905,65.1015,39218.0,54833.0,Pipistrellus nathusii,0.524,0.579,-1,Echolocation,/mnt/ubna_data_01_mir/recover-20220822/UBNA_014/20220822_060000.WAV,Central Pond,recover-20220822,014,1795
65.2685,65.2788,38359.0,58079.0,Pipistrellus nathusii,0.511,0.583,-1,Echolocation,/mnt/ubna_data_01_mir/recover-20220822/UBNA_014/20220822_060000.WAV,Central Pond,recover-20220822,014,1795
65.3405,65.3482,39218.0,59750.0,Pipistrellus nathusii,0.489,0.553,-1,Echolocation,/mnt/ubna_data_01_mir/recover-20220822/UBNA_014/20220822_060000.WAV,Central Pond,recover-20220822,014,1795
65.4095,65.4178,39218.0,63641.0,Pipistrellus nathusii,0.552,0.614,-1,Echolocation,/mnt/ubna_data_01_mir/recover-20220822/UBNA_014/20220822_060000.WAV,Central Pond,recover-20220822,014,1795
65.4975,65.5041,39218.0,61363.0,Pipistrellus nathusii,0.578,0.616,-1,Echolocation,/mnt/ubna_data_01_mir/recover-20220822/UBNA_014/20220822_060000.WAV,Central Pond,recover-20220822,014,1795
65.5945,65.6042,39218.0,59491.0,Pipistrellus nathusii,0.531,0.575,-1,Echolocation,/mnt/ubna_data_01_mir/recover-20220822/UBNA_014/20220822_060000.WAV,Central Pond,recover-20220822,014,1795
65.7055,65.713,38359.0,60981.0,Pipistrellus nathusii,0.597,0.63,-1,Echolocation,/mnt/ubna_data_01_mir/recover-20220822/UBNA_014/20220822_060000.WAV,Central Pond,recover-20220822,014,1795
65.7955,65.8028,38359.0,58259.0,Pipistrellus nathusii,0.526,0.563,-1,Echolocation,/mnt/ubna_data_01_mir/recover-20220822/UBNA_014/20220822_060000.WAV,Central Pond,recover-20220822,014,1795
65.8735,65.879,35781.0,53717.0,Pipistrellus nathusii,0.155,0.346,-1,Echolocation,/mnt/ubna_data_01_mir/recover-20220822/UBNA_014/20220822_060000.WAV,Central Pond,recover-20220822,014,1795
65.9395,65.94669999999999,40078.0,54999.0,Pipistrellus nathusii,0.154,0.246,-1,Echolocation,/mnt/ubna_data_01_mir/recover-20220822/UBNA_014/20220822_060000.WAV,Central Pond,recover-20220822,014,1795
66.0065,66.0111,34921.0,53594.0,Myotis daubentonii,0.134,0.346,-1,Echolocation,/mnt/ubna_data_01_mir/recover-20220822/UBNA_014/20220822_060000.WAV,Central Pond,recover-20220822,014,1795
66.4385,66.4439,37500.0,57627.0,Myotis brandtii,0.112,0.301,-1,Echolocation,/mnt/ubna_data_01_mir/recover-20220822/UBNA_014/20220822_060000.WAV,Central Pond,recover-20220822,014,1795
66.5115,66.518,40078.0,49591.0,Pipistrellus nathusii,0.279,0.31,-1,Echolocation,/mnt/ubna_data_01_mir/recover-20220822/UBNA_014/20220822_060000.WAV,Central Pond,recover-20220822,014,1795
66.5865,66.5925,38359.0,54084.0,Pipistrellus nathusii,0.122,0.335,-1,Echolocation,/mnt/ubna_data_01_mir/recover-20220822/UBNA_014/20220822_060000.WAV,Central Pond,recover-20220822,014,1795
66.8015,66.8089,38359.0,49321.0,Pipistrellus nathusii,0.139,0.269,-1,Echolocation,/mnt/ubna_data_01_mir/recover-20220822/UBNA_014/20220822_060000.WAV,Central Pond,recover-20220822,014,1795
66.9915,67.0008,39218.0,45985.0,Pipistrellus nathusii,0.319,0.358,-1,Echolocation,/mnt/ubna_data_01_mir/recover-20220822/UBNA_014/20220822_060000.WAV,Central Pond,recover-20220822,014,1795
67.2725,67.2789,39218.0,48622.0,Pipistrellus nathusii,0.213,0.279,-1,Echolocation,/mnt/ubna_data_01_mir/recover-20220822/UBNA_014/20220822_060000.WAV,Central Pond,recover-20220822,014,1795
67.3615,67.3691,38359.0,45919.0,Pipistrellus nathusii,0.402,0.483,-1,Echolocation,/mnt/ubna_data_01_mir/recover-20220822/UBNA_014/20220822_060000.WAV,Central Pond,recover-20220822,014,1795
67.5425,67.5506,38359.0,45623.0,Pipistrellus nathusii,0.563,0.589,-1,Echolocation,/mnt/ubna_data_01_mir/recover-20220822/UBNA_014/20220822_060000.WAV,Central Pond,recover-20220822,014,1795
67.9025,67.9108,39218.0,46009.0,Pipistrellus nathusii,0.471,0.51,-1,Echolocation,/mnt/ubna_data_01_mir/recover-20220822/UBNA_014/20220822_060000.WAV,Central Pond,recover-20220822,014,1795
68.1615,68.1716,37500.0,41894.0,Pipistrellus nathusii,0.231,0.258,-1,Echolocation,/mnt/ubna_data_01_mir/recover-20220822/UBNA_014/20220822_060000.WAV,Central Pond,recover-20220822,014,1795
68.2555,68.2639,39218.0,45366.0,Pipistrellus nathusii,0.278,0.327,-1,Echolocation,/mnt/ubna_data_01_mir/recover-20220822/UBNA_014/20220822_060000.WAV,Central Pond,recover-20220822,014,1795
68.4285,68.4372,38359.0,44457.0,Pipistrellus nathusii,0.323,0.382,-1,Echolocation,/mnt/ubna_data_01_mir/recover-20220822/UBNA_014/20220822_060000.WAV,Central Pond,recover-20220822,014,1795
68.7995,68.807,38359.0,45688.0,Pipistrellus nathusii,0.493,0.523,-1,Echolocation,/mnt/ubna_data_01_mir/recover-20220822/UBNA_014/20220822_060000.WAV,Central Pond,recover-20220822,014,1795
69.0845,69.0938,38359.0,42894.0,Pipistrellus nathusii,0.191,0.235,-1,Echolocation,/mnt/ubna_data_01_mir/recover-20220822/UBNA_014/20220822_060000.WAV,Central Pond,recover-20220822,014,1795
69.2835,69.293,40078.0,48283.0,Pipistrellus nathusii,0.435,0.495,-1,Echolocation,/mnt/ubna_data_01_mir/recover-20220822/UBNA_014/20220822_060000.WAV,Central Pond,recover-20220822,014,1795
69.47749999999999,69.4855,40078.0,46457.0,Pipistrellus nathusii,0.373,0.423,-1,Echolocation,/mnt/ubna_data_01_mir/recover-20220822/UBNA_014/20220822_060000.WAV,Central Pond,recover-20220822,014,1795
69.5805,69.5877,40937.0,48575.0,Pipistrellus nathusii,0.519,0.556,-1,Echolocation,/mnt/ubna_data_01_mir/recover-20220822/UBNA_014/20220822_060000.WAV,Central Pond,recover-20220822,014,1795
69.7675,69.7757,39218.0,45774.0,Pipistrellus nathusii,0.369,0.428,-1,Echolocation,/mnt/ubna_data_01_mir/recover-20220822/UBNA_014/20220822_060000.WAV,Central Pond,recover-20220822,014,1795
69.8635,69.8691,41796.0,50129.0,Pipistrellus nathusii,0.248,0.289,-1,Echolocation,/mnt/ubna_data_01_mir/recover-20220822/UBNA_014/20220822_060000.WAV,Central Pond,recover-20220822,014,1795
70.0375,70.0449,40937.0,47766.0,Pipistrellus nathusii,0.581,0.593,-1,Echolocation,/mnt/ubna_data_01_mir/recover-20220822/UBNA_014/20220822_060000.WAV,Central Pond,recover-20220822,014,1795
70.1315,70.1386,40078.0,47812.0,Pipistrellus nathusii,0.528,0.539,-1,Echolocation,/mnt/ubna_data_01_mir/recover-20220822/UBNA_014/20220822_060000.WAV,Central Pond,recover-20220822,014,1795
70.2215,70.2266,41796.0,51223.0,Pipistrellus nathusii,0.465,0.481,-1,Echolocation,/mnt/ubna_data_01_mir/recover-20220822/UBNA_014/20220822_060000.WAV,Central Pond,recover-20220822,014,1795
70.3175,70.3243,40937.0,47741.0,Pipistrellus nathusii,0.472,0.49,-1,Echolocation,/mnt/ubna_data_01_mir/recover-20220822/UBNA_014/20220822_060000.WAV,Central Pond,recover-20220822,014,1795
70.4075,70.4137,40937.0,50673.0,Pipistrellus nathusii,0.385,0.452,-1,Echolocation,/mnt/ubna_data_01_mir/recover-20220822/UBNA_014/20220822_060000.WAV,Central Pond,recover-20220822,014,1795
70.5705,70.5772,41796.0,51127.0,Pipistrellus nathusii,0.429,0.464,-1,Echolocation,/mnt/ubna_data_01_mir/recover-20220822/UBNA_014/20220822_060000.WAV,Central Pond,recover-20220822,014,1795
70.6525,70.6589,40937.0,52168.0,Pipistrellus nathusii,0.543,0.574,-1,Echolocation,/mnt/ubna_data_01_mir/recover-20220822/UBNA_014/20220822_060000.WAV,Central Pond,recover-20220822,014,1795
70.7565,70.7642,40078.0,58749.0,Pipistrellus nathusii,0.505,0.576,-1,Echolocation,/mnt/ubna_data_01_mir/recover-20220822/UBNA_014/20220822_060000.WAV,Central Pond,recover-20220822,014,1795
70.8615,70.867,40937.0,54676.0,Pipistrellus nathusii,0.594,0.614,-1,Echolocation,/mnt/ubna_data_01_mir/recover-20220822/UBNA_014/20220822_060000.WAV,Central Pond,recover-20220822,014,1795
70.9315,70.9367,40937.0,52176.0,Pipistrellus nathusii,0.325,0.354,-1,Echolocation,/mnt/ubna_data_01_mir/recover-20220822/UBNA_014/20220822_060000.WAV,Central Pond,recover-20220822,014,1795
71.00450000000001,71.0112,40937.0,52084.0,Pipistrellus nathusii,0.646,0.663,-1,Echolocation,/mnt/ubna_data_01_mir/recover-20220822/UBNA_014/20220822_060000.WAV,Central Pond,recover-20220822,014,1795
71.0935,71.1,40078.0,55412.0,Pipistrellus nathusii,0.662,0.677,-1,Echolocation,/mnt/ubna_data_01_mir/recover-20220822/UBNA_014/20220822_060000.WAV,Central Pond,recover-20220822,014,1795
71.1715,71.1779,40937.0,58178.0,Pipistrellus nathusii,0.646,0.67,-1,Echolocation,/mnt/ubna_data_01_mir/recover-20220822/UBNA_014/20220822_060000.WAV,Central Pond,recover-20220822,014,1795
71.2755,71.2834,40078.0,50296.0,Pipistrellus nathusii,0.515,0.565,-1,Echolocation,/mnt/ubna_data_01_mir/recover-20220822/UBNA_014/20220822_060000.WAV,Central Pond,recover-20220822,014,1795
71.37950000000001,71.3882,40078.0,54449.0,Pipistrellus nathusii,0.573,0.668,-1,Echolocation,/mnt/ubna_data_01_mir/recover-20220822/UBNA_014/20220822_060000.WAV,Central Pond,recover-20220822,014,1795
71.4755,71.4813,40937.0,58647.0,Pipistrellus nathusii,0.552,0.569,-1,Echolocation,/mnt/ubna_data_01_mir/recover-20220822/UBNA_014/20220822_060000.WAV,Central Pond,recover-20220822,014,1795
71.5855,71.59270000000001,40078.0,51478.0,Pipistrellus nathusii,0.515,0.532,-1,Echolocation,/mnt/ubna_data_01_mir/recover-20220822/UBNA_014/20220822_060000.WAV,Central Pond,recover-20220822,014,1795
71.6835,71.6926,40078.0,55325.0,Pipistrellus nathusii,0.699,0.723,-1,Echolocation,/mnt/ubna_data_01_mir/recover-20220822/UBNA_014/20220822_060000.WAV,Central Pond,recover-20220822,014,1795
71.7855,71.7951,37500.0,49992.0,Pipistrellus nathusii,0.517,0.556,-1,Echolocation,/mnt/ubna_data_01_mir/recover-20220822/UBNA_014/20220822_060000.WAV,Central Pond,recover-20220822,014,1795
71.8895,71.8991,38359.0,58123.0,Pipistrellus nathusii,0.645,0.679,-1,Echolocation,/mnt/ubna_data_01_mir/recover-20220822/UBNA_014/20220822_060000.WAV,Central Pond,recover-20220822,014,1795
71.9885,71.9976,39218.0,59481.0,Pipistrellus nathusii,0.595,0.639,-1,Echolocation,/mnt/ubna_data_01_mir/recover-20220822/UBNA_014/20220822_060000.WAV,Central Pond,recover-20220822,014,1795
72.0955,72.1065,38359.0,54557.0,Pipistrellus nathusii,0.504,0.548,-1,Echolocation,/mnt/ubna_data_01_mir/recover-20220822/UBNA_014/20220822_060000.WAV,Central Pond,recover-20220822,014,1795
72.2895,72.2992,37500.0,56363.0,Pipistrellus nathusii,0.496,0.545,-1,Echolocation,/mnt/ubna_data_01_mir/recover-20220822/UBNA_014/20220822_060000.WAV,Central Pond,recover-20220822,014,1795
72.39750000000001,72.405,37500.0,56648.0,Pipistrellus nathusii,0.283,0.303,-1,Echolocation,/mnt/ubna_data_01_mir/recover-20220822/UBNA_014/20220822_060000.WAV,Central Pond,recover-20220822,014,1795
72.5025,72.51089999999999,36640.0,57221.0,Pipistrellus nathusii,0.56,0.598,-1,Echolocation,/mnt/ubna_data_01_mir/recover-20220822/UBNA_014/20220822_060000.WAV,Central Pond,recover-20220822,014,1795
72.6115,72.6208,37500.0,56300.0,Pipistrellus nathusii,0.446,0.476,-1,Echolocation,/mnt/ubna_data_01_mir/recover-20220822/UBNA_014/20220822_060000.WAV,Central Pond,recover-20220822,014,1795
72.7165,72.725,38359.0,57461.0,Pipistrellus nathusii,0.565,0.582,-1,Echolocation,/mnt/ubna_data_01_mir/recover-20220822/UBNA_014/20220822_060000.WAV,Central Pond,recover-20220822,014,1795
72.8235,72.8299,32343.0,57720.0,Pipistrellus nathusii,0.222,0.419,-1,Echolocation,/mnt/ubna_data_01_mir/recover-20220822/UBNA_014/20220822_060000.WAV,Central Pond,recover-20220822,014,1795
72.9625,72.9704,38359.0,58280.0,Pipistrellus nathusii,0.573,0.605,-1,Echolocation,/mnt/ubna_data_01_mir/recover-20220822/UBNA_014/20220822_060000.WAV,Central Pond,recover-20220822,014,1795
73.0545,73.0614,32343.0,61754.0,Pipistrellus nathusii,0.214,0.393,-1,Echolocation,/mnt/ubna_data_01_mir/recover-20220822/UBNA_014/20220822_060000.WAV,Central Pond,recover-20220822,014,1795
73.1505,73.1593,38359.0,54361.0,Pipistrellus nathusii,0.437,0.449,-1,Echolocation,/mnt/ubna_data_01_mir/recover-20220822/UBNA_014/20220822_060000.WAV,Central Pond,recover-20220822,014,1795
73.2045,73.2095,41796.0,52931.0,Pipistrellus nathusii,0.498,0.521,-1,Echolocation,/mnt/ubna_data_01_mir/recover-20220822/UBNA_014/20220822_060000.WAV,Central Pond,recover-20220822,014,1795
73.2535,73.2641,38359.0,52882.0,Pipistrellus nathusii,0.287,0.309,-1,Echolocation,/mnt/ubna_data_01_mir/recover-20220822/UBNA_014/20220822_060000.WAV,Central Pond,recover-20220822,014,1795
73.3105,73.3173,41796.0,48574.0,Pipistrellus nathusii,0.562,0.573,-1,Echolocation,/mnt/ubna_data_01_mir/recover-20220822/UBNA_014/20220822_060000.WAV,Central Pond,recover-20220822,014,1795
73.3515,73.3596,38359.0,58983.0,Pipistrellus nathusii,0.583,0.61,-1,Echolocation,/mnt/ubna_data_01_mir/recover-20220822/UBNA_014/20220822_060000.WAV,Central Pond,recover-20220822,014,1795
73.4185,73.425,41796.0,52162.0,Pipistrellus nathusii,0.42,0.455,-1,Echolocation,/mnt/ubna_data_01_mir/recover-20220822/UBNA_014/20220822_060000.WAV,Central Pond,recover-20220822,014,1795
73.4585,73.465,36640.0,53374.0,Pipistrellus nathusii,0.304,0.364,-1,Echolocation,/mnt/ubna_data_01_mir/recover-20220822/UBNA_014/20220822_060000.WAV,Central Pond,recover-20220822,014,1795
73.6525,73.6596,37500.0,62619.0,Pipistrellus nathusii,0.584,0.594,-1,Echolocation,/mnt/ubna_data_01_mir/recover-20220822/UBNA_014/20220822_060000.WAV,Central Pond,recover-20220822,014,1795
73.7175,73.7242,39218.0,63653.0,Pipistrellus nathusii,0.436,0.469,-1,Echolocation,/mnt/ubna_data_01_mir/recover-20220822/UBNA_014/20220822_060000.WAV,Central Pond,recover-20220822,014,1795
73.7915,73.7981,37500.0,64380.0,Pipistrellus nathusii,0.566,0.591,-1,Echolocation,/mnt/ubna_data_01_mir/recover-20220822/UBNA_014/20220822_060000.WAV,Central Pond,recover-20220822,014,1795
73.8815,73.8903,37500.0,51802.0,Pipistrellus nathusii,0.484,0.517,-1,Echolocation,/mnt/ubna_data_01_mir/recover-20220822/UBNA_014/20220822_060000.WAV,Central Pond,recover-20220822,014,1795
73.9805,73.9867,38359.0,61422.0,Pipistrellus nathusii,0.485,0.508,-1,Echolocation,/mnt/ubna_data_01_mir/recover-20220822/UBNA_014/20220822_060000.WAV,Central Pond,recover-20220822,014,1795
74.0805,74.0902,38359.0,51594.0,Pipistrellus nathusii,0.557,0.603,-1,Echolocation,/mnt/ubna_data_01_mir/recover-20220822/UBNA_014/20220822_060000.WAV,Central Pond,recover-20220822,014,1795
74.1825,74.1915,37500.0,60345.0,Pipistrellus nathusii,0.532,0.634,-1,Echolocation,/mnt/ubna_data_01_mir/recover-20220822/UBNA_014/20220822_060000.WAV,Central Pond,recover-20220822,014,1795
74.2915,74.3003,37500.0,51264.0,Pipistrellus nathusii,0.584,0.617,-1,Echolocation,/mnt/ubna_data_01_mir/recover-20220822/UBNA_014/20220822_060000.WAV,Central Pond,recover-20220822,014,1795
74.4125,74.4216,37500.0,53615.0,Pipistrellus nathusii,0.606,0.622,-1,Echolocation,/mnt/ubna_data_01_mir/recover-20220822/UBNA_014/20220822_060000.WAV,Central Pond,recover-20220822,014,1795
74.5205,74.5305,38359.0,51860.0,Pipistrellus nathusii,0.428,0.518,-1,Echolocation,/mnt/ubna_data_01_mir/recover-20220822/UBNA_014/20220822_060000.WAV,Central Pond,recover-20220822,014,1795
74.6225,74.6308,38359.0,49075.0,Pipistrellus nathusii,0.519,0.603,-1,Echolocation,/mnt/ubna_data_01_mir/recover-20220822/UBNA_014/20220822_060000.WAV,Central Pond,recover-20220822,014,1795
74.7265,74.7353,37500.0,54424.0,Pipistrellus nathusii,0.557,0.592,-1,Echolocation,/mnt/ubna_data_01_mir/recover-20220822/UBNA_014/20220822_060000.WAV,Central Pond,recover-20220822,014,1795
74.8365,74.8457,37500.0,47477.0,Pipistrellus nathusii,0.446,0.551,-1,Echolocation,/mnt/ubna_data_01_mir/recover-20220822/UBNA_014/20220822_060000.WAV,Central Pond,recover-20220822,014,1795
74.9345,74.9432,38359.0,54795.0,Pipistrellus nathusii,0.628,0.67,-1,Echolocation,/mnt/ubna_data_01_mir/recover-20220822/UBNA_014/20220822_060000.WAV,Central Pond,recover-20220822,014,1795
75.0355,75.04429999999999,38359.0,52991.0,Pipistrellus nathusii,0.617,0.641,-1,Echolocation,/mnt/ubna_data_01_mir/recover-20220822/UBNA_014/20220822_060000.WAV,Central Pond,recover-20220822,014,1795
75.14150000000001,75.149,35781.0,47195.0,Pipistrellus nathusii,0.32,0.41,-1,Echolocation,/mnt/ubna_data_01_mir/recover-20220822/UBNA_014/20220822_060000.WAV,Central Pond,recover-20220822,014,1795
75.2495,75.2582,34921.0,54782.0,Pipistrellus nathusii,0.42,0.514,-1,Echolocation,/mnt/ubna_data_01_mir/recover-20220822/UBNA_014/20220822_060000.WAV,Central Pond,recover-20220822,014,1795
75.3605,75.37,37500.0,47401.0,Pipistrellus nathusii,0.46,0.527,-1,Echolocation,/mnt/ubna_data_01_mir/recover-20220822/UBNA_014/20220822_060000.WAV,Central Pond,recover-20220822,014,1795
75.4755,75.4853,39218.0,48593.0,Pipistrellus nathusii,0.477,0.537,-1,Echolocation,/mnt/ubna_data_01_mir/recover-20220822/UBNA_014/20220822_060000.WAV,Central Pond,recover-20220822,014,1795
75.5775,75.5872,37500.0,52798.0,Pipistrellus nathusii,0.447,0.526,-1,Echolocation,/mnt/ubna_data_01_mir/recover-20220822/UBNA_014/20220822_060000.WAV,Central Pond,recover-20220822,014,1795
75.6865,75.6953,38359.0,49565.0,Pipistrellus nathusii,0.52,0.575,-1,Echolocation,/mnt/ubna_data_01_mir/recover-20220822/UBNA_014/20220822_060000.WAV,Central Pond,recover-20220822,014,1795
75.7835,75.7928,36640.0,51653.0,Pipistrellus nathusii,0.435,0.551,-1,Echolocation,/mnt/ubna_data_01_mir/recover-20220822/UBNA_014/20220822_060000.WAV,Central Pond,recover-20220822,014,1795
75.8825,75.8912,38359.0,49471.0,Pipistrellus nathusii,0.467,0.56,-1,Echolocation,/mnt/ubna_data_01_mir/recover-20220822/UBNA_014/20220822_060000.WAV,Central Pond,recover-20220822,014,1795
75.9875,75.9957,37500.0,44414.0,Pipistrellus nathusii,0.37,0.408,-1,Echolocation,/mnt/ubna_data_01_mir/recover-20220822/UBNA_014/20220822_060000.WAV,Central Pond,recover-20220822,014,1795
76.08449999999999,76.09440000000001,38359.0,50316.0,Pipistrellus nathusii,0.518,0.608,-1,Echolocation,/mnt/ubna_data_01_mir/recover-20220822/UBNA_014/20220822_060000.WAV,Central Pond,recover-20220822,014,1795
76.1745,76.1831,40078.0,48902.0,Pipistrellus nathusii,0.536,0.575,-1,Echolocation,/mnt/ubna_data_01_mir/recover-20220822/UBNA_014/20220822_060000.WAV,Central Pond,recover-20220822,014,1795
76.2765,76.2867,39218.0,45403.0,Pipistrellus nathusii,0.414,0.428,-1,Echolocation,/mnt/ubna_data_01_mir/recover-20220822/UBNA_014/20220822_060000.WAV,Central Pond,recover-20220822,014,1795
76.3665,76.3748,38359.0,46262.0,Pipistrellus nathusii,0.333,0.427,-1,Echolocation,/mnt/ubna_data_01_mir/recover-20220822/UBNA_014/20220822_060000.WAV,Central Pond,recover-20220822,014,1795
76.4725,76.481,37500.0,43365.0,Pipistrellus nathusii,0.253,0.313,-1,Echolocation,/mnt/ubna_data_01_mir/recover-20220822/UBNA_014/20220822_060000.WAV,Central Pond,recover-20220822,014,1795
76.5725,76.5819,38359.0,46064.0,Pipistrellus nathusii,0.517,0.583,-1,Echolocation,/mnt/ubna_data_01_mir/recover-20220822/UBNA_014/20220822_060000.WAV,Central Pond,recover-20220822,014,1795
76.7655,76.7753,38359.0,44642.0,Pipistrellus nathusii,0.447,0.497,-1,Echolocation,/mnt/ubna_data_01_mir/recover-20220822/UBNA_014/20220822_060000.WAV,Central Pond,recover-20220822,014,1795
77.03450000000001,77.0471,38359.0,42645.0,Pipistrellus nathusii,0.243,0.278,-1,Echolocation,/mnt/ubna_data_01_mir/recover-20220822/UBNA_014/20220822_060000.WAV,Central Pond,recover-20220822,014,1795
77.1315,77.1425,37500.0,42635.0,Pipistrellus nathusii,0.3,0.331,-1,Echolocation,/mnt/ubna_data_01_mir/recover-20220822/UBNA_014/20220822_060000.WAV,Central Pond,recover-20220822,014,1795
77.22149999999999,77.23140000000001,38359.0,48342.0,Pipistrellus nathusii,0.452,0.531,-1,Echolocation,/mnt/ubna_data_01_mir/recover-20220822/UBNA_014/20220822_060000.WAV,Central Pond,recover-20220822,014,1795
77.3125,77.3215,38359.0,46186.0,Pipistrellus nathusii,0.573,0.605,-1,Echolocation,/mnt/ubna_data_01_mir/recover-20220822/UBNA_014/20220822_060000.WAV,Central Pond,recover-20220822,014,1795
77.4115,77.42150000000001,37500.0,42735.0,Pipistrellus nathusii,0.225,0.277,-1,Echolocation,/mnt/ubna_data_01_mir/recover-20220822/UBNA_014/20220822_060000.WAV,Central Pond,recover-20220822,014,1795
77.5245,77.5332,38359.0,43884.0,Pipistrellus nathusii,0.286,0.306,-1,Echolocation,/mnt/ubna_data_01_mir/recover-20220822/UBNA_014/20220822_060000.WAV,Central Pond,recover-20220822,014,1795
77.6075,77.61580000000001,37500.0,43813.0,Pipistrellus nathusii,0.471,0.549,-1,Echolocation,/mnt/ubna_data_01_mir/recover-20220822/UBNA_014/20220822_060000.WAV,Central Pond,recover-20220822,014,1795
77.7005,77.712,37500.0,42392.0,Pipistrellus nathusii,0.286,0.318,-1,Echolocation,/mnt/ubna_data_01_mir/recover-20220822/UBNA_014/20220822_060000.WAV,Central Pond,recover-20220822,014,1795
77.9005,77.9087,37500.0,44599.0,Pipistrellus nathusii,0.399,0.438,-1,Echolocation,/mnt/ubna_data_01_mir/recover-20220822/UBNA_014/20220822_060000.WAV,Central Pond,recover-20220822,014,1795
78.0075,78.0138,36640.0,45532.0,Pipistrellus nathusii,0.527,0.586,-1,Echolocation,/mnt/ubna_data_01_mir/recover-20220822/UBNA_014/20220822_060000.WAV,Central Pond,recover-20220822,014,1795
78.1105,78.1187,38359.0,43693.0,Pipistrellus nathusii,0.399,0.416,-1,Echolocation,/mnt/ubna_data_01_mir/recover-20220822/UBNA_014/20220822_060000.WAV,Central Pond,recover-20220822,014,1795
78.2125,78.2223,37500.0,44386.0,Pipistrellus nathusii,0.341,0.428,-1,Echolocation,/mnt/ubna_data_01_mir/recover-20220822/UBNA_014/20220822_060000.WAV,Central Pond,recover-20220822,014,1795
78.3145,78.3231,38359.0,46549.0,Pipistrellus nathusii,0.646,0.669,-1,Echolocation,/mnt/ubna_data_01_mir/recover-20220822/UBNA_014/20220822_060000.WAV,Central Pond,recover-20220822,014,1795
78.4085,78.418,37500.0,50394.0,Pipistrellus nathusii,0.474,0.541,-1,Echolocation,/mnt/ubna_data_01_mir/recover-20220822/UBNA_014/20220822_060000.WAV,Central Pond,recover-20220822,014,1795
78.5095,78.5181,38359.0,46250.0,Pipistrellus nathusii,0.595,0.623,-1,Echolocation,/mnt/ubna_data_01_mir/recover-20220822/UBNA_014/20220822_060000.WAV,Central Pond,recover-20220822,014,1795
78.6075,78.6169,38359.0,46027.0,Pipistrellus nathusii,0.361,0.448,-1,Echolocation,/mnt/ubna_data_01_mir/recover-20220822/UBNA_014/20220822_060000.WAV,Central Pond,recover-20220822,014,1795
78.7225,78.7302,38359.0,45068.0,Pipistrellus nathusii,0.518,0.549,-1,Echolocation,/mnt/ubna_data_01_mir/recover-20220822/UBNA_014/20220822_060000.WAV,Central Pond,recover-20220822,014,1795
78.8255,78.8351,38359.0,45311.0,Pipistrellus nathusii,0.395,0.513,-1,Echolocation,/mnt/ubna_data_01_mir/recover-20220822/UBNA_014/20220822_060000.WAV,Central Pond,recover-20220822,014,1795
79.0315,79.0425,38359.0,46474.0,Pipistrellus nathusii,0.46,0.533,-1,Echolocation,/mnt/ubna_data_01_mir/recover-20220822/UBNA_014/20220822_060000.WAV,Central Pond,recover-20220822,014,1795
79.12950000000001,79.14099999999999,38359.0,51942.0,Pipistrellus nathusii,0.382,0.468,-1,Echolocation,/mnt/ubna_data_01_mir/recover-20220822/UBNA_014/20220822_060000.WAV,Central Pond,recover-20220822,014,1795
79.2325,79.2418,38359.0,47956.0,Pipistrellus nathusii,0.593,0.634,-1,Echolocation,/mnt/ubna_data_01_mir/recover-20220822/UBNA_014/20220822_060000.WAV,Central Pond,recover-20220822,014,1795
79.3415,79.3518,38359.0,50391.0,Pipistrellus nathusii,0.601,0.66,-1,Echolocation,/mnt/ubna_data_01_mir/recover-20220822/UBNA_014/20220822_060000.WAV,Central Pond,recover-20220822,014,1795
79.4565,79.4659,38359.0,49962.0,Pipistrellus nathusii,0.606,0.638,-1,Echolocation,/mnt/ubna_data_01_mir/recover-20220822/UBNA_014/20220822_060000.WAV,Central Pond,recover-20220822,014,1795
79.5665,79.5769,38359.0,46363.0,Pipistrellus nathusii,0.516,0.592,-1,Echolocation,/mnt/ubna_data_01_mir/recover-20220822/UBNA_014/20220822_060000.WAV,Central Pond,recover-20220822,014,1795
79.6735,79.6841,38359.0,50675.0,Pipistrellus nathusii,0.548,0.621,-1,Echolocation,/mnt/ubna_data_01_mir/recover-20220822/UBNA_014/20220822_060000.WAV,Central Pond,recover-20220822,014,1795
79.7795,79.7895,38359.0,45774.0,Pipistrellus nathusii,0.474,0.573,-1,Echolocation,/mnt/ubna_data_01_mir/recover-20220822/UBNA_014/20220822_060000.WAV,Central Pond,recover-20220822,014,1795
79.8865,79.9006,38359.0,46680.0,Pipistrellus nathusii,0.249,0.292,-1,Echolocation,/mnt/ubna_data_01_mir/recover-20220822/UBNA_014/20220822_060000.WAV,Central Pond,recover-20220822,014,1795
80.0235,80.0318,38359.0,46026.0,Pipistrellus nathusii,0.531,0.551,-1,Echolocation,/mnt/ubna_data_01_mir/recover-20220822/UBNA_014/20220822_060000.WAV,Central Pond,recover-20220822,014,1795
80.2175,80.22710000000001,38359.0,47826.0,Pipistrellus nathusii,0.574,0.592,-1,Echolocation,/mnt/ubna_data_01_mir/recover-20220822/UBNA_014/20220822_060000.WAV,Central Pond,recover-20220822,014,1795
80.3205,80.3296,38359.0,47015.0,Pipistrellus nathusii,0.541,0.578,-1,Echolocation,/mnt/ubna_data_01_mir/recover-20220822/UBNA_014/20220822_060000.WAV,Central Pond,recover-20220822,014,1795
80.42150000000001,80.4307,39218.0,49761.0,Pipistrellus nathusii,0.584,0.593,-1,Echolocation,/mnt/ubna_data_01_mir/recover-20220822/UBNA_014/20220822_060000.WAV,Central Pond,recover-20220822,014,1795
80.5305,80.5402,38359.0,44560.0,Pipistrellus nathusii,0.554,0.567,-1,Echolocation,/mnt/ubna_data_01_mir/recover-20220822/UBNA_014/20220822_060000.WAV,Central Pond,recover-20220822,014,1795
80.6255,80.6354,37500.0,43685.0,Pipistrellus nathusii,0.487,0.525,-1,Echolocation,/mnt/ubna_data_01_mir/recover-20220822/UBNA_014/20220822_060000.WAV,Central Pond,recover-20220822,014,1795
80.7295,80.741,38359.0,47887.0,Pipistrellus nathusii,0.466,0.483,-1,Echolocation,/mnt/ubna_data_01_mir/recover-20220822/UBNA_014/20220822_060000.WAV,Central Pond,recover-20220822,014,1795
80.8295,80.8372,38359.0,50657.0,Pipistrellus nathusii,0.542,0.627,-1,Echolocation,/mnt/ubna_data_01_mir/recover-20220822/UBNA_014/20220822_060000.WAV,Central Pond,recover-20220822,014,1795
80.9375,80.9451,38359.0,45104.0,Pipistrellus nathusii,0.644,0.66,-1,Echolocation,/mnt/ubna_data_01_mir/recover-20220822/UBNA_014/20220822_060000.WAV,Central Pond,recover-20220822,014,1795
81.0495,81.0589,38359.0,47031.0,Pipistrellus nathusii,0.609,0.651,-1,Echolocation,/mnt/ubna_data_01_mir/recover-20220822/UBNA_014/20220822_060000.WAV,Central Pond,recover-20220822,014,1795
81.1565,81.1668,37500.0,50004.0,Pipistrellus nathusii,0.55,0.573,-1,Echolocation,/mnt/ubna_data_01_mir/recover-20220822/UBNA_014/20220822_060000.WAV,Central Pond,recover-20220822,014,1795
81.2735,81.2847,38359.0,46905.0,Pipistrellus nathusii,0.437,0.456,-1,Echolocation,/mnt/ubna_data_01_mir/recover-20220822/UBNA_014/20220822_060000.WAV,Central Pond,recover-20220822,014,1795
81.4675,81.4785,37500.0,54793.0,Pipistrellus nathusii,0.6,0.668,-1,Echolocation,/mnt/ubna_data_01_mir/recover-20220822/UBNA_014/20220822_060000.WAV,Central Pond,recover-20220822,014,1795
81.5755,81.586,38359.0,46884.0,Pipistrellus nathusii,0.554,0.568,-1,Echolocation,/mnt/ubna_data_01_mir/recover-20220822/UBNA_014/20220822_060000.WAV,Central Pond,recover-20220822,014,1795
81.6875,81.70009999999999,38359.0,52838.0,Pipistrellus nathusii,0.467,0.544,-1,Echolocation,/mnt/ubna_data_01_mir/recover-20220822/UBNA_014/20220822_060000.WAV,Central Pond,recover-20220822,014,1795
81.8035,81.8127,37500.0,47007.0,Pipistrellus nathusii,0.607,0.623,-1,Echolocation,/mnt/ubna_data_01_mir/recover-20220822/UBNA_014/20220822_060000.WAV,Central Pond,recover-20220822,014,1795
82.1015,82.1111,37500.0,45344.0,Pipistrellus nathusii,0.54,0.58,-1,Echolocation,/mnt/ubna_data_01_mir/recover-20220822/UBNA_014/20220822_060000.WAV,Central Pond,recover-20220822,014,1795
82.3135,82.3214,39218.0,49932.0,Pipistrellus nathusii,0.582,0.624,-1,Echolocation,/mnt/ubna_data_01_mir/recover-20220822/UBNA_014/20220822_060000.WAV,Central Pond,recover-20220822,014,1795
82.4205,82.4295,39218.0,44792.0,Pipistrellus nathusii,0.206,0.232,-1,Echolocation,/mnt/ubna_data_01_mir/recover-20220822/UBNA_014/20220822_060000.WAV,Central Pond,recover-20220822,014,1795
82.5085,82.5178,39218.0,46331.0,Pipistrellus nathusii,0.368,0.458,-1,Echolocation,/mnt/ubna_data_01_mir/recover-20220822/UBNA_014/20220822_060000.WAV,Central Pond,recover-20220822,014,1795
82.5895,82.5986,38359.0,44629.0,Pipistrellus nathusii,0.267,0.312,-1,Echolocation,/mnt/ubna_data_01_mir/recover-20220822/UBNA_014/20220822_060000.WAV,Central Pond,recover-20220822,014,1795
82.7055,82.7124,39218.0,49233.0,Pipistrellus nathusii,0.36,0.4,-1,Echolocation,/mnt/ubna_data_01_mir/recover-20220822/UBNA_014/20220822_060000.WAV,Central Pond,recover-20220822,014,1795
82.8245,82.8332,39218.0,51162.0,Pipistrellus nathusii,0.546,0.597,-1,Echolocation,/mnt/ubna_data_01_mir/recover-20220822/UBNA_014/20220822_060000.WAV,Central Pond,recover-20220822,014,1795
82.9325,82.94030000000001,40078.0,51199.0,Pipistrellus nathusii,0.555,0.652,-1,Echolocation,/mnt/ubna_data_01_mir/recover-20220822/UBNA_014/20220822_060000.WAV,Central Pond,recover-20220822,014,1795
83.0435,83.0526,40078.0,55098.0,Pipistrellus nathusii,0.577,0.603,-1,Echolocation,/mnt/ubna_data_01_mir/recover-20220822/UBNA_014/20220822_060000.WAV,Central Pond,recover-20220822,014,1795
83.1305,83.138,40078.0,53632.0,Pipistrellus nathusii,0.424,0.49,-1,Echolocation,/mnt/ubna_data_01_mir/recover-20220822/UBNA_014/20220822_060000.WAV,Central Pond,recover-20220822,014,1795
83.2145,83.2219,40078.0,50040.0,Pipistrellus nathusii,0.319,0.496,-1,Echolocation,/mnt/ubna_data_01_mir/recover-20220822/UBNA_014/20220822_060000.WAV,Central Pond,recover-20220822,014,1795
83.2855,83.2924,40937.0,51192.0,Pipistrellus nathusii,0.286,0.452,-1,Echolocation,/mnt/ubna_data_01_mir/recover-20220822/UBNA_014/20220822_060000.WAV,Central Pond,recover-20220822,014,1795
83.3505,83.35589999999999,40937.0,53658.0,Pipistrellus nathusii,0.254,0.357,-1,Echolocation,/mnt/ubna_data_01_mir/recover-20220822/UBNA_014/20220822_060000.WAV,Central Pond,recover-20220822,014,1795
84.54650000000001,84.5534,40078.0,49601.0,Pipistrellus nathusii,0.523,0.558,-1,Echolocation,/mnt/ubna_data_01_mir/recover-20220822/UBNA_014/20220822_060000.WAV,Central Pond,recover-20220822,014,1795
84.6365,84.6444,39218.0,47132.0,Pipistrellus nathusii,0.502,0.62,-1,Echolocation,/mnt/ubna_data_01_mir/recover-20220822/UBNA_014/20220822_060000.WAV,Central Pond,recover-20220822,014,1795
84.7245,84.7325,40078.0,45990.0,Pipistrellus nathusii,0.282,0.435,-1,Echolocation,/mnt/ubna_data_01_mir/recover-20220822/UBNA_014/20220822_060000.WAV,Central Pond,recover-20220822,014,1795
84.9205,84.9272,38359.0,47683.0,Pipistrellus nathusii,0.376,0.484,-1,Echolocation,/mnt/ubna_data_01_mir/recover-20220822/UBNA_014/20220822_060000.WAV,Central Pond,recover-20220822,014,1795
85.1225,85.1305,36640.0,48747.0,Pipistrellus nathusii,0.195,0.292,-1,Echolocation,/mnt/ubna_data_01_mir/recover-20220822/UBNA_014/20220822_060000.WAV,Central Pond,recover-20220822,014,1795
85.7295,85.7371,37500.0,44395.0,Pipistrellus nathusii,0.349,0.432,-1,Echolocation,/mnt/ubna_data_01_mir/recover-20220822/UBNA_014/20220822_060000.WAV,Central Pond,recover-20220822,014,1795
89.7445,89.7527,40937.0,45591.0,Pipistrellus nathusii,0.177,0.207,-1,Echolocation,/mnt/ubna_data_01_mir/recover-20220822/UBNA_014/20220822_060000.WAV,Central Pond,recover-20220822,014,1795
96.0375,96.0467,40078.0,45159.0,Pipistrellus nathusii,0.266,0.286,-1,Echolocation,/mnt/ubna_data_01_mir/recover-20220822/UBNA_014/20220822_060000.WAV,Central Pond,recover-20220822,014,1795
96.2295,96.2384,40078.0,46218.0,Pipistrellus nathusii,0.294,0.326,-1,Echolocation,/mnt/ubna_data_01_mir/recover-20220822/UBNA_014/20220822_060000.WAV,Central Pond,recover-20220822,014,1795
96.4375,96.4468,39218.0,45254.0,Pipistrellus nathusii,0.437,0.468,-1,Echolocation,/mnt/ubna_data_01_mir/recover-20220822/UBNA_014/20220822_060000.WAV,Central Pond,recover-20220822,014,1795
96.6245,96.6345,39218.0,46104.0,Pipistrellus nathusii,0.469,0.489,-1,Echolocation,/mnt/ubna_data_01_mir/recover-20220822/UBNA_014/20220822_060000.WAV,Central Pond,recover-20220822,014,1795
96.8165,96.8272,39218.0,44177.0,Pipistrellus nathusii,0.24,0.261,-1,Echolocation,/mnt/ubna_data_01_mir/recover-20220822/UBNA_014/20220822_060000.WAV,Central Pond,recover-20220822,014,1795
97.0185,97.0267,40078.0,47016.0,Pipistrellus nathusii,0.478,0.555,-1,Echolocation,/mnt/ubna_data_01_mir/recover-20220822/UBNA_014/20220822_060000.WAV,Central Pond,recover-20220822,014,1795
97.1285,97.1374,39218.0,47882.0,Pipistrellus nathusii,0.274,0.303,-1,Echolocation,/mnt/ubna_data_01_mir/recover-20220822/UBNA_014/20220822_060000.WAV,Central Pond,recover-20220822,014,1795
97.2225,97.2298,40078.0,48317.0,Pipistrellus nathusii,0.408,0.496,-1,Echolocation,/mnt/ubna_data_01_mir/recover-20220822/UBNA_014/20220822_060000.WAV,Central Pond,recover-20220822,014,1795
97.3605,97.369,39218.0,48304.0,Pipistrellus nathusii,0.363,0.42,-1,Echolocation,/mnt/ubna_data_01_mir/recover-20220822/UBNA_014/20220822_060000.WAV,Central Pond,recover-20220822,014,1795
97.4455,97.4543,39218.0,47986.0,Pipistrellus nathusii,0.571,0.614,-1,Echolocation,/mnt/ubna_data_01_mir/recover-20220822/UBNA_014/20220822_060000.WAV,Central Pond,recover-20220822,014,1795
97.5395,97.5486,39218.0,45679.0,Pipistrellus nathusii,0.451,0.485,-1,Echolocation,/mnt/ubna_data_01_mir/recover-20220822/UBNA_014/20220822_060000.WAV,Central Pond,recover-20220822,014,1795
97.6395,97.6482,39218.0,46536.0,Pipistrellus nathusii,0.307,0.364,-1,Echolocation,/mnt/ubna_data_01_mir/recover-20220822/UBNA_014/20220822_060000.WAV,Central Pond,recover-20220822,014,1795
97.8445,97.8538,40078.0,46309.0,Pipistrellus nathusii,0.373,0.4,-1,Echolocation,/mnt/ubna_data_01_mir/recover-20220822/UBNA_014/20220822_060000.WAV,Central Pond,recover-20220822,014,1795
97.9495,97.9588,39218.0,50286.0,Pipistrellus nathusii,0.504,0.578,-1,Echolocation,/mnt/ubna_data_01_mir/recover-20220822/UBNA_014/20220822_060000.WAV,Central Pond,recover-20220822,014,1795
98.0565,98.064,39218.0,48252.0,Pipistrellus nathusii,0.564,0.589,-1,Echolocation,/mnt/ubna_data_01_mir/recover-20220822/UBNA_014/20220822_060000.WAV,Central Pond,recover-20220822,014,1795
98.2705,98.2778,38359.0,46313.0,Pipistrellus nathusii,0.461,0.476,-1,Echolocation,/mnt/ubna_data_01_mir/recover-20220822/UBNA_014/20220822_060000.WAV,Central Pond,recover-20220822,014,1795
98.3765,98.3848,39218.0,47444.0,Pipistrellus nathusii,0.364,0.386,-1,Echolocation,/mnt/ubna_data_01_mir/recover-20220822/UBNA_014/20220822_060000.WAV,Central Pond,recover-20220822,014,1795
98.4745,98.48310000000001,41796.0,48332.0,Pipistrellus nathusii,0.195,0.234,-1,Echolocation,/mnt/ubna_data_01_mir/recover-20220822/UBNA_014/20220822_060000.WAV,Central Pond,recover-20220822,014,1795
98.5805,98.5891,40937.0,45784.0,Pipistrellus nathusii,0.213,0.23,-1,Echolocation,/mnt/ubna_data_01_mir/recover-20220822/UBNA_014/20220822_060000.WAV,Central Pond,recover-20220822,014,1795
98.6845,98.6929,40937.0,49322.0,Pipistrellus nathusii,0.496,0.576,-1,Echolocation,/mnt/ubna_data_01_mir/recover-20220822/UBNA_014/20220822_060000.WAV,Central Pond,recover-20220822,014,1795
98.7855,98.7921,40078.0,49611.0,Pipistrellus nathusii,0.492,0.526,-1,Echolocation,/mnt/ubna_data_01_mir/recover-20220822/UBNA_014/20220822_060000.WAV,Central Pond,recover-20220822,014,1795
98.8895,98.8976,40078.0,48266.0,Pipistrellus nathusii,0.487,0.519,-1,Echolocation,/mnt/ubna_data_01_mir/recover-20220822/UBNA_014/20220822_060000.WAV,Central Pond,recover-20220822,014,1795
98.98949999999999,98.9978,38359.0,44852.0,Pipistrellus nathusii,0.195,0.228,-1,Echolocation,/mnt/ubna_data_01_mir/recover-20220822/UBNA_014/20220822_060000.WAV,Central Pond,recover-20220822,014,1795
99.0825,99.0903,40078.0,49456.0,Pipistrellus nathusii,0.602,0.626,-1,Echolocation,/mnt/ubna_data_01_mir/recover-20220822/UBNA_014/20220822_060000.WAV,Central Pond,recover-20220822,014,1795
99.1745,99.1828,40078.0,53855.0,Pipistrellus nathusii,0.616,0.695,-1,Echolocation,/mnt/ubna_data_01_mir/recover-20220822/UBNA_014/20220822_060000.WAV,Central Pond,recover-20220822,014,1795
99.2595,99.2676,40078.0,50521.0,Pipistrellus nathusii,0.597,0.644,-1,Echolocation,/mnt/ubna_data_01_mir/recover-20220822/UBNA_014/20220822_060000.WAV,Central Pond,recover-20220822,014,1795
99.3515,99.35810000000001,40078.0,58344.0,Pipistrellus nathusii,0.698,0.729,-1,Echolocation,/mnt/ubna_data_01_mir/recover-20220822/UBNA_014/20220822_060000.WAV,Central Pond,recover-20220822,014,1795
99.4485,99.45570000000001,40078.0,51612.0,Pipistrellus nathusii,0.649,0.683,-1,Echolocation,/mnt/ubna_data_01_mir/recover-20220822/UBNA_014/20220822_060000.WAV,Central Pond,recover-20220822,014,1795
99.5465,99.5539,40078.0,54757.0,Pipistrellus nathusii,0.612,0.65,-1,Echolocation,/mnt/ubna_data_01_mir/recover-20220822/UBNA_014/20220822_060000.WAV,Central Pond,recover-20220822,014,1795
99.6425,99.64920000000001,40078.0,54397.0,Pipistrellus nathusii,0.598,0.616,-1,Echolocation,/mnt/ubna_data_01_mir/recover-20220822/UBNA_014/20220822_060000.WAV,Central Pond,recover-20220822,014,1795
99.7355,99.7432,40078.0,52849.0,Pipistrellus nathusii,0.624,0.668,-1,Echolocation,/mnt/ubna_data_01_mir/recover-20220822/UBNA_014/20220822_060000.WAV,Central Pond,recover-20220822,014,1795
99.8365,99.8447,39218.0,52042.0,Pipistrellus nathusii,0.551,0.575,-1,Echolocation,/mnt/ubna_data_01_mir/recover-20220822/UBNA_014/20220822_060000.WAV,Central Pond,recover-20220822,014,1795
99.9315,99.9381,40078.0,52280.0,Pipistrellus nathusii,0.665,0.68,-1,Echolocation,/mnt/ubna_data_01_mir/recover-20220822/UBNA_014/20220822_060000.WAV,Central Pond,recover-20220822,014,1795
100.0295,100.0367,40078.0,57906.0,Pipistrellus nathusii,0.583,0.634,-1,Echolocation,/mnt/ubna_data_01_mir/recover-20220822/UBNA_014/20220822_060000.WAV,Central Pond,recover-20220822,014,1795
100.1285,100.1374,39218.0,54794.0,Pipistrellus nathusii,0.605,0.67,-1,Echolocation,/mnt/ubna_data_01_mir/recover-20220822/UBNA_014/20220822_060000.WAV,Central Pond,recover-20220822,014,1795
100.2325,100.2409,38359.0,55363.0,Pipistrellus nathusii,0.382,0.422,-1,Echolocation,/mnt/ubna_data_01_mir/recover-20220822/UBNA_014/20220822_060000.WAV,Central Pond,recover-20220822,014,1795
100.3185,100.3263,38359.0,46108.0,Pipistrellus nathusii,0.558,0.572,-1,Echolocation,/mnt/ubna_data_01_mir/recover-20220822/UBNA_014/20220822_060000.WAV,Central Pond,recover-20220822,014,1795
100.3955,100.4042,40078.0,51850.0,Pipistrellus nathusii,0.504,0.534,-1,Echolocation,/mnt/ubna_data_01_mir/recover-20220822/UBNA_014/20220822_060000.WAV,Central Pond,recover-20220822,014,1795
100.4735,100.4815,38359.0,57367.0,Pipistrellus nathusii,0.545,0.58,-1,Echolocation,/mnt/ubna_data_01_mir/recover-20220822/UBNA_014/20220822_060000.WAV,Central Pond,recover-20220822,014,1795
100.5615,100.5705,38359.0,58548.0,Pipistrellus nathusii,0.461,0.495,-1,Echolocation,/mnt/ubna_data_01_mir/recover-20220822/UBNA_014/20220822_060000.WAV,Central Pond,recover-20220822,014,1795
100.6685,100.6794,39218.0,55697.0,Pipistrellus nathusii,0.556,0.589,-1,Echolocation,/mnt/ubna_data_01_mir/recover-20220822/UBNA_014/20220822_060000.WAV,Central Pond,recover-20220822,014,1795
100.7735,100.7829,39218.0,54893.0,Pipistrellus nathusii,0.618,0.64,-1,Echolocation,/mnt/ubna_data_01_mir/recover-20220822/UBNA_014/20220822_060000.WAV,Central Pond,recover-20220822,014,1795
100.8735,100.883,38359.0,55063.0,Pipistrellus nathusii,0.49,0.578,-1,Echolocation,/mnt/ubna_data_01_mir/recover-20220822/UBNA_014/20220822_060000.WAV,Central Pond,recover-20220822,014,1795
100.9755,100.9858,38359.0,58339.0,Pipistrellus nathusii,0.509,0.552,-1,Echolocation,/mnt/ubna_data_01_mir/recover-20220822/UBNA_014/20220822_060000.WAV,Central Pond,recover-20220822,014,1795
101.0805,101.0905,38359.0,56196.0,Pipistrellus nathusii,0.588,0.611,-1,Echolocation,/mnt/ubna_data_01_mir/recover-20220822/UBNA_014/20220822_060000.WAV,Central Pond,recover-20220822,014,1795
101.1825,101.191,38359.0,55899.0,Pipistrellus nathusii,0.311,0.337,-1,Echolocation,/mnt/ubna_data_01_mir/recover-20220822/UBNA_014/20220822_060000.WAV,Central Pond,recover-20220822,014,1795
101.2925,101.3013,38359.0,60577.0,Pipistrellus nathusii,0.387,0.416,-1,Echolocation,/mnt/ubna_data_01_mir/recover-20220822/UBNA_014/20220822_060000.WAV,Central Pond,recover-20220822,014,1795
101.4015,101.41159999999999,35781.0,57949.0,Pipistrellus nathusii,0.53,0.564,-1,Echolocation,/mnt/ubna_data_01_mir/recover-20220822/UBNA_014/20220822_060000.WAV,Central Pond,recover-20220822,014,1795
101.5095,101.5174,38359.0,55283.0,Pipistrellus nathusii,0.52,0.538,-1,Echolocation,/mnt/ubna_data_01_mir/recover-20220822/UBNA_014/20220822_060000.WAV,Central Pond,recover-20220822,014,1795
101.5955,101.6032,37500.0,58687.0,Pipistrellus nathusii,0.519,0.571,-1,Echolocation,/mnt/ubna_data_01_mir/recover-20220822/UBNA_014/20220822_060000.WAV,Central Pond,recover-20220822,014,1795
101.6755,101.6835,38359.0,60912.0,Pipistrellus nathusii,0.47,0.522,-1,Echolocation,/mnt/ubna_data_01_mir/recover-20220822/UBNA_014/20220822_060000.WAV,Central Pond,recover-20220822,014,1795
101.7795,101.788,36640.0,52840.0,Pipistrellus nathusii,0.493,0.556,-1,Echolocation,/mnt/ubna_data_01_mir/recover-20220822/UBNA_014/20220822_060000.WAV,Central Pond,recover-20220822,014,1795
101.8765,101.8856,38359.0,60184.0,Pipistrellus nathusii,0.652,0.678,-1,Echolocation,/mnt/ubna_data_01_mir/recover-20220822/UBNA_014/20220822_060000.WAV,Central Pond,recover-20220822,014,1795
101.9785,101.9865,34062.0,58898.0,Pipistrellus nathusii,0.348,0.457,-1,Echolocation,/mnt/ubna_data_01_mir/recover-20220822/UBNA_014/20220822_060000.WAV,Central Pond,recover-20220822,014,1795
102.1625,102.1694,38359.0,57066.0,Pipistrellus nathusii,0.572,0.591,-1,Echolocation,/mnt/ubna_data_01_mir/recover-20220822/UBNA_014/20220822_060000.WAV,Central Pond,recover-20220822,014,1795
102.26050000000001,102.2695,36640.0,51170.0,Pipistrellus nathusii,0.502,0.547,-1,Echolocation,/mnt/ubna_data_01_mir/recover-20220822/UBNA_014/20220822_060000.WAV,Central Pond,recover-20220822,014,1795
102.4445,102.4533,37500.0,59158.0,Pipistrellus nathusii,0.625,0.649,-1,Echolocation,/mnt/ubna_data_01_mir/recover-20220822/UBNA_014/20220822_060000.WAV,Central Pond,recover-20220822,014,1795
102.5525,102.5607,37500.0,52601.0,Pipistrellus nathusii,0.363,0.423,-1,Echolocation,/mnt/ubna_data_01_mir/recover-20220822/UBNA_014/20220822_060000.WAV,Central Pond,recover-20220822,014,1795
102.7415,102.7495,37500.0,58382.0,Pipistrellus nathusii,0.62,0.644,-1,Echolocation,/mnt/ubna_data_01_mir/recover-20220822/UBNA_014/20220822_060000.WAV,Central Pond,recover-20220822,014,1795
102.8465,102.8552,37500.0,52545.0,Pipistrellus nathusii,0.619,0.661,-1,Echolocation,/mnt/ubna_data_01_mir/recover-20220822/UBNA_014/20220822_060000.WAV,Central Pond,recover-20220822,014,1795
102.9445,102.9553,37500.0,51241.0,Pipistrellus nathusii,0.415,0.458,-1,Echolocation,/mnt/ubna_data_01_mir/recover-20220822/UBNA_014/20220822_060000.WAV,Central Pond,recover-20220822,014,1795
103.0375,103.0451,37500.0,56497.0,Pipistrellus nathusii,0.648,0.659,-1,Echolocation,/mnt/ubna_data_01_mir/recover-20220822/UBNA_014/20220822_060000.WAV,Central Pond,recover-20220822,014,1795
103.14150000000001,103.151,36640.0,53664.0,Pipistrellus nathusii,0.462,0.561,-1,Echolocation,/mnt/ubna_data_01_mir/recover-20220822/UBNA_014/20220822_060000.WAV,Central Pond,recover-20220822,014,1795
103.25450000000001,103.2638,37500.0,54452.0,Pipistrellus nathusii,0.601,0.629,-1,Echolocation,/mnt/ubna_data_01_mir/recover-20220822/UBNA_014/20220822_060000.WAV,Central Pond,recover-20220822,014,1795
103.37049999999999,103.3784,37500.0,50456.0,Pipistrellus nathusii,0.553,0.595,-1,Echolocation,/mnt/ubna_data_01_mir/recover-20220822/UBNA_014/20220822_060000.WAV,Central Pond,recover-20220822,014,1795
103.4725,103.4816,36640.0,54143.0,Pipistrellus nathusii,0.409,0.446,-1,Echolocation,/mnt/ubna_data_01_mir/recover-20220822/UBNA_014/20220822_060000.WAV,Central Pond,recover-20220822,014,1795
103.5775,103.5861,37500.0,51667.0,Pipistrellus nathusii,0.58,0.604,-1,Echolocation,/mnt/ubna_data_01_mir/recover-20220822/UBNA_014/20220822_060000.WAV,Central Pond,recover-20220822,014,1795
103.6845,103.6934,33203.0,57548.0,Pipistrellus nathusii,0.24,0.364,-1,Echolocation,/mnt/ubna_data_01_mir/recover-20220822/UBNA_014/20220822_060000.WAV,Central Pond,recover-20220822,014,1795
103.7965,103.8069,38359.0,46331.0,Pipistrellus nathusii,0.571,0.608,-1,Echolocation,/mnt/ubna_data_01_mir/recover-20220822/UBNA_014/20220822_060000.WAV,Central Pond,recover-20220822,014,1795
103.8955,103.90520000000001,35781.0,54749.0,Pipistrellus nathusii,0.41,0.483,-1,Echolocation,/mnt/ubna_data_01_mir/recover-20220822/UBNA_014/20220822_060000.WAV,Central Pond,recover-20220822,014,1795
104.0015,104.0059,38359.0,47455.0,Pipistrellus nathusii,0.245,0.278,-1,Echolocation,/mnt/ubna_data_01_mir/recover-20220822/UBNA_014/20220822_060000.WAV,Central Pond,recover-20220822,014,1795
104.0985,104.1076,39218.0,50021.0,Pipistrellus nathusii,0.543,0.594,-1,Echolocation,/mnt/ubna_data_01_mir/recover-20220822/UBNA_014/20220822_060000.WAV,Central Pond,recover-20220822,014,1795
104.1955,104.2037,35781.0,56798.0,Pipistrellus nathusii,0.358,0.413,-1,Echolocation,/mnt/ubna_data_01_mir/recover-20220822/UBNA_014/20220822_060000.WAV,Central Pond,recover-20220822,014,1795
104.2955,104.3044,38359.0,47160.0,Pipistrellus nathusii,0.535,0.621,-1,Echolocation,/mnt/ubna_data_01_mir/recover-20220822/UBNA_014/20220822_060000.WAV,Central Pond,recover-20220822,014,1795
104.4005,104.4097,34921.0,52020.0,Pipistrellus nathusii,0.22,0.325,-1,Echolocation,/mnt/ubna_data_01_mir/recover-20220822/UBNA_014/20220822_060000.WAV,Central Pond,recover-20220822,014,1795
104.5015,104.5111,35781.0,52930.0,Pipistrellus nathusii,0.37,0.477,-1,Echolocation,/mnt/ubna_data_01_mir/recover-20220822/UBNA_014/20220822_060000.WAV,Central Pond,recover-20220822,014,1795
104.6055,104.6146,36640.0,50645.0,Pipistrellus nathusii,0.559,0.631,-1,Echolocation,/mnt/ubna_data_01_mir/recover-20220822/UBNA_014/20220822_060000.WAV,Central Pond,recover-20220822,014,1795
104.7125,104.7209,38359.0,48025.0,Pipistrellus nathusii,0.471,0.549,-1,Echolocation,/mnt/ubna_data_01_mir/recover-20220822/UBNA_014/20220822_060000.WAV,Central Pond,recover-20220822,014,1795
104.8065,104.816,35781.0,52555.0,Pipistrellus nathusii,0.331,0.462,-1,Echolocation,/mnt/ubna_data_01_mir/recover-20220822/UBNA_014/20220822_060000.WAV,Central Pond,recover-20220822,014,1795
104.9195,104.9289,36640.0,45821.0,Pipistrellus nathusii,0.409,0.513,-1,Echolocation,/mnt/ubna_data_01_mir/recover-20220822/UBNA_014/20220822_060000.WAV,Central Pond,recover-20220822,014,1795
105.0325,105.0417,38359.0,48718.0,Pipistrellus nathusii,0.464,0.556,-1,Echolocation,/mnt/ubna_data_01_mir/recover-20220822/UBNA_014/20220822_060000.WAV,Central Pond,recover-20220822,014,1795
105.1155,105.126,38359.0,48420.0,Pipistrellus nathusii,0.499,0.582,-1,Echolocation,/mnt/ubna_data_01_mir/recover-20220822/UBNA_014/20220822_060000.WAV,Central Pond,recover-20220822,014,1795
108.0395,108.0581,23750.0,27421.0,Nyctalus leisleri,0.118,0.201,-1,Echolocation,/mnt/ubna_data_01_mir/recover-20220822/UBNA_014/20220822_060000.WAV,Central Pond,recover-20220822,014,1795
108.4275,108.4515,23750.0,27621.0,Nyctalus leisleri,0.159,0.232,-1,Echolocation,/mnt/ubna_data_01_mir/recover-20220822/UBNA_014/20220822_060000.WAV,Central Pond,recover-20220822,014,1795
108.9645,108.9884,22890.0,27409.0,Nyctalus leisleri,0.117,0.259,-1,Echolocation,/mnt/ubna_data_01_mir/recover-20220822/UBNA_014/20220822_060000.WAV,Central Pond,recover-20220822,014,1795
112.6575,112.6778,23750.0,27664.0,Nyctalus leisleri,0.194,0.285,-1,Echolocation,/mnt/ubna_data_01_mir/recover-20220822/UBNA_014/20220822_060000.WAV,Central Pond,recover-20220822,014,1795
113.3135,113.3385,22890.0,27780.0,Nyctalus leisleri,0.142,0.275,-1,Echolocation,/mnt/ubna_data_01_mir/recover-20220822/UBNA_014/20220822_060000.WAV,Central Pond,recover-20220822,014,1795
113.8755,113.8974,23750.0,26643.0,Nyctalus leisleri,0.22,0.275,-1,Echolocation,/mnt/ubna_data_01_mir/recover-20220822/UBNA_014/20220822_060000.WAV,Central Pond,recover-20220822,014,1795
114.1485,114.1685,23750.0,26827.0,Nyctalus leisleri,0.287,0.354,-1,Echolocation,/mnt/ubna_data_01_mir/recover-20220822/UBNA_014/20220822_060000.WAV,Central Pond,recover-20220822,014,1795
114.4205,114.4391,23750.0,26414.0,Nyctalus leisleri,0.434,0.469,-1,Echolocation,/mnt/ubna_data_01_mir/recover-20220822/UBNA_014/20220822_060000.WAV,Central Pond,recover-20220822,014,1795
114.6965,114.7128,23750.0,27560.0,Nyctalus leisleri,0.29,0.349,-1,Echolocation,/mnt/ubna_data_01_mir/recover-20220822/UBNA_014/20220822_060000.WAV,Central Pond,recover-20220822,014,1795
115.1075,115.1266,23750.0,27009.0,Nyctalus leisleri,0.371,0.412,-1,Echolocation,/mnt/ubna_data_01_mir/recover-20220822/UBNA_014/20220822_060000.WAV,Central Pond,recover-20220822,014,1795
115.3875,115.4089,22890.0,26008.0,Nyctalus leisleri,0.364,0.395,-1,Echolocation,/mnt/ubna_data_01_mir/recover-20220822/UBNA_014/20220822_060000.WAV,Central Pond,recover-20220822,014,1795
115.7985,115.8188,22890.0,27073.0,Nyctalus leisleri,0.303,0.367,-1,Echolocation,/mnt/ubna_data_01_mir/recover-20220822/UBNA_014/20220822_060000.WAV,Central Pond,recover-20220822,014,1795
116.2145,116.2388,22890.0,26597.0,Nyctalus leisleri,0.153,0.248,-1,Echolocation,/mnt/ubna_data_01_mir/recover-20220822/UBNA_014/20220822_060000.WAV,Central Pond,recover-20220822,014,1795
116.48349999999999,116.5065,22890.0,27118.0,Nyctalus leisleri,0.278,0.364,-1,Echolocation,/mnt/ubna_data_01_mir/recover-20220822/UBNA_014/20220822_060000.WAV,Central Pond,recover-20220822,014,1795
116.7765,116.8015,22890.0,27592.0,Nyctalus leisleri,0.127,0.246,-1,Echolocation,/mnt/ubna_data_01_mir/recover-20220822/UBNA_014/20220822_060000.WAV,Central Pond,recover-20220822,014,1795
117.0565,117.0817,22890.0,26397.0,Nyctalus leisleri,0.142,0.219,-1,Echolocation,/mnt/ubna_data_01_mir/recover-20220822/UBNA_014/20220822_060000.WAV,Central Pond,recover-20220822,014,1795
117.32849999999999,117.3562,22890.0,27856.0,Nyctalus noctula,0.11,0.236,-1,Echolocation,/mnt/ubna_data_01_mir/recover-20220822/UBNA_014/20220822_060000.WAV,Central Pond,recover-20220822,014,1795
117.5925,117.6199,22890.0,28127.0,Nyctalus noctula,0.107,0.239,-1,Echolocation,/mnt/ubna_data_01_mir/recover-20220822/UBNA_014/20220822_060000.WAV,Central Pond,recover-20220822,014,1795
117.8835,117.9031,23750.0,27960.0,Nyctalus leisleri,0.289,0.4,-1,Echolocation,/mnt/ubna_data_01_mir/recover-20220822/UBNA_014/20220822_060000.WAV,Central Pond,recover-20220822,014,1795
118.2715,118.2969,22890.0,27815.0,Nyctalus noctula,0.124,0.25,-1,Echolocation,/mnt/ubna_data_01_mir/recover-20220822/UBNA_014/20220822_060000.WAV,Central Pond,recover-20220822,014,1795
118.7085,118.72800000000001,22890.0,26530.0,Nyctalus leisleri,0.222,0.29,-1,Echolocation,/mnt/ubna_data_01_mir/recover-20220822/UBNA_014/20220822_060000.WAV,Central Pond,recover-20220822,014,1795
118.8685,118.8954,22890.0,28363.0,Nyctalus leisleri,0.127,0.283,-1,Echolocation,/mnt/ubna_data_01_mir/recover-20220822/UBNA_014/20220822_060000.WAV,Central Pond,recover-20220822,014,1795
119.1445,119.16839999999999,22890.0,28097.0,Nyctalus noctula,0.125,0.297,-1,Echolocation,/mnt/ubna_data_01_mir/recover-20220822/UBNA_014/20220822_060000.WAV,Central Pond,recover-20220822,014,1795
119.5585,119.5802,22890.0,27449.0,Nyctalus noctula,0.178,0.333,-1,Echolocation,/mnt/ubna_data_01_mir/recover-20220822/UBNA_014/20220822_060000.WAV,Central Pond,recover-20220822,014,1795
119.8225,119.8407,23750.0,28229.0,Nyctalus leisleri,0.388,0.485,-1,Echolocation,/mnt/ubna_data_01_mir/recover-20220822/UBNA_014/20220822_060000.WAV,Central Pond,recover-20220822,014,1795
120.0945,120.1132,23750.0,26948.0,Nyctalus leisleri,0.295,0.349,-1,Echolocation,/mnt/ubna_data_01_mir/recover-20220822/UBNA_014/20220822_060000.WAV,Central Pond,recover-20220822,014,1795
120.4975,120.5189,22890.0,28354.0,Nyctalus leisleri,0.174,0.389,-1,Echolocation,/mnt/ubna_data_01_mir/recover-20220822/UBNA_014/20220822_060000.WAV,Central Pond,recover-20220822,014,1795
120.9025,120.9251,22890.0,27496.0,Nyctalus leisleri,0.233,0.334,-1,Echolocation,/mnt/ubna_data_01_mir/recover-20220822/UBNA_014/20220822_060000.WAV,Central Pond,recover-20220822,014,1795
121.3215,121.3395,22890.0,26410.0,Nyctalus leisleri,0.582,0.621,-1,Echolocation,/mnt/ubna_data_01_mir/recover-20220822/UBNA_014/20220822_060000.WAV,Central Pond,recover-20220822,014,1795
121.7385,121.7569,22890.0,26746.0,Nyctalus leisleri,0.57,0.612,-1,Echolocation,/mnt/ubna_data_01_mir/recover-20220822/UBNA_014/20220822_060000.WAV,Central Pond,recover-20220822,014,1795
122.0135,122.0368,22890.0,27158.0,Nyctalus leisleri,0.172,0.341,-1,Echolocation,/mnt/ubna_data_01_mir/recover-20220822/UBNA_014/20220822_060000.WAV,Central Pond,recover-20220822,014,1795
122.4395,122.4635,22031.0,27465.0,Nyctalus leisleri,0.176,0.39,-1,Echolocation,/mnt/ubna_data_01_mir/recover-20220822/UBNA_014/20220822_060000.WAV,Central Pond,recover-20220822,014,1795
122.4455,122.4603,46093.0,50995.0,Pipistrellus pipistrellus,0.193,0.214,-1,Echolocation,/mnt/ubna_data_01_mir/recover-20220822/UBNA_014/20220822_060000.WAV,Central Pond,recover-20220822,014,1795
122.8645,122.884,22890.0,26299.0,Nyctalus leisleri,0.44,0.476,-1,Echolocation,/mnt/ubna_data_01_mir/recover-20220822/UBNA_014/20220822_060000.WAV,Central Pond,recover-20220822,014,1795
123.2955,123.3138,22890.0,26213.0,Nyctalus leisleri,0.382,0.439,-1,Echolocation,/mnt/ubna_data_01_mir/recover-20220822/UBNA_014/20220822_060000.WAV,Central Pond,recover-20220822,014,1795
123.7235,123.7421,22890.0,26838.0,Nyctalus leisleri,0.166,0.259,-1,Echolocation,/mnt/ubna_data_01_mir/recover-20220822/UBNA_014/20220822_060000.WAV,Central Pond,recover-20220822,014,1795
124.1545,124.1781,22890.0,27446.0,Nyctalus leisleri,0.198,0.36,-1,Echolocation,/mnt/ubna_data_01_mir/recover-20220822/UBNA_014/20220822_060000.WAV,Central Pond,recover-20220822,014,1795
124.5765,124.5919,22890.0,26785.0,Nyctalus leisleri,0.533,0.613,-1,Echolocation,/mnt/ubna_data_01_mir/recover-20220822/UBNA_014/20220822_060000.WAV,Central Pond,recover-20220822,014,1795
125.0025,125.0207,22890.0,26852.0,Nyctalus leisleri,0.371,0.449,-1,Echolocation,/mnt/ubna_data_01_mir/recover-20220822/UBNA_014/20220822_060000.WAV,Central Pond,recover-20220822,014,1795
125.4245,125.4408,22890.0,26793.0,Nyctalus leisleri,0.566,0.638,-1,Echolocation,/mnt/ubna_data_01_mir/recover-20220822/UBNA_014/20220822_060000.WAV,Central Pond,recover-20220822,014,1795
125.7205,125.7384,22031.0,27225.0,Nyctalus leisleri,0.365,0.498,-1,Echolocation,/mnt/ubna_data_01_mir/recover-20220822/UBNA_014/20220822_060000.WAV,Central Pond,recover-20220822,014,1795
126.1435,126.1583,22890.0,26716.0,Nyctalus leisleri,0.6,0.661,-1,Echolocation,/mnt/ubna_data_01_mir/recover-20220822/UBNA_014/20220822_060000.WAV,Central Pond,recover-20220822,014,1795
126.5715,126.5881,22890.0,27020.0,Nyctalus leisleri,0.409,0.51,-1,Echolocation,/mnt/ubna_data_01_mir/recover-20220822/UBNA_014/20220822_060000.WAV,Central Pond,recover-20220822,014,1795
126.9915,127.0094,22890.0,26396.0,Nyctalus leisleri,0.598,0.639,-1,Echolocation,/mnt/ubna_data_01_mir/recover-20220822/UBNA_014/20220822_060000.WAV,Central Pond,recover-20220822,014,1795
127.2705,127.2868,22890.0,27659.0,Nyctalus leisleri,0.553,0.644,-1,Echolocation,/mnt/ubna_data_01_mir/recover-20220822/UBNA_014/20220822_060000.WAV,Central Pond,recover-20220822,014,1795
127.5495,127.5664,22890.0,26042.0,Nyctalus leisleri,0.388,0.446,-1,Echolocation,/mnt/ubna_data_01_mir/recover-20220822/UBNA_014/20220822_060000.WAV,Central Pond,recover-20220822,014,1795
127.8455,127.8624,22890.0,26618.0,Nyctalus leisleri,0.461,0.524,-1,Echolocation,/mnt/ubna_data_01_mir/recover-20220822/UBNA_014/20220822_060000.WAV,Central Pond,recover-20220822,014,1795
128.2825,128.3012,22890.0,26504.0,Nyctalus leisleri,0.195,0.296,-1,Echolocation,/mnt/ubna_data_01_mir/recover-20220822/UBNA_014/20220822_060000.WAV,Central Pond,recover-20220822,014,1795
128.57150000000001,128.5874,22890.0,27138.0,Nyctalus leisleri,0.596,0.677,-1,Echolocation,/mnt/ubna_data_01_mir/recover-20220822/UBNA_014/20220822_060000.WAV,Central Pond,recover-20220822,014,1795
128.9845,128.9988,22890.0,27361.0,Nyctalus leisleri,0.66,0.735,-1,Echolocation,/mnt/ubna_data_01_mir/recover-20220822/UBNA_014/20220822_060000.WAV,Central Pond,recover-20220822,014,1795
129.2595,129.275,22890.0,27873.0,Nyctalus leisleri,0.489,0.623,-1,Echolocation,/mnt/ubna_data_01_mir/recover-20220822/UBNA_014/20220822_060000.WAV,Central Pond,recover-20220822,014,1795
129.9605,129.9765,22031.0,26996.0,Nyctalus leisleri,0.606,0.671,-1,Echolocation,/mnt/ubna_data_01_mir/recover-20220822/UBNA_014/20220822_060000.WAV,Central Pond,recover-20220822,014,1795
130.3925,130.4094,23750.0,27576.0,Nyctalus leisleri,0.32,0.418,-1,Echolocation,/mnt/ubna_data_01_mir/recover-20220822/UBNA_014/20220822_060000.WAV,Central Pond,recover-20220822,014,1795
130.6925,130.7082,22890.0,26939.0,Nyctalus leisleri,0.553,0.655,-1,Echolocation,/mnt/ubna_data_01_mir/recover-20220822/UBNA_014/20220822_060000.WAV,Central Pond,recover-20220822,014,1795
131.1135,131.1291,22890.0,27045.0,Nyctalus leisleri,0.565,0.658,-1,Echolocation,/mnt/ubna_data_01_mir/recover-20220822/UBNA_014/20220822_060000.WAV,Central Pond,recover-20220822,014,1795
131.3205,131.3356,23750.0,27147.0,Nyctalus leisleri,0.351,0.459,-1,Echolocation,/mnt/ubna_data_01_mir/recover-20220822/UBNA_014/20220822_060000.WAV,Central Pond,recover-20220822,014,1795
131.5865,131.6047,23750.0,27470.0,Nyctalus leisleri,0.237,0.338,-1,Echolocation,/mnt/ubna_data_01_mir/recover-20220822/UBNA_014/20220822_060000.WAV,Central Pond,recover-20220822,014,1795
132.2665,132.2828,22890.0,26713.0,Nyctalus leisleri,0.507,0.581,-1,Echolocation,/mnt/ubna_data_01_mir/recover-20220822/UBNA_014/20220822_060000.WAV,Central Pond,recover-20220822,014,1795
132.9665,132.9832,22890.0,26927.0,Nyctalus leisleri,0.445,0.528,-1,Echolocation,/mnt/ubna_data_01_mir/recover-20220822/UBNA_014/20220822_060000.WAV,Central Pond,recover-20220822,014,1795
133.9455,133.961,23750.0,27717.0,Nyctalus leisleri,0.344,0.461,-1,Echolocation,/mnt/ubna_data_01_mir/recover-20220822/UBNA_014/20220822_060000.WAV,Central Pond,recover-20220822,014,1795
134.1015,134.1098,41796.0,46600.0,Pipistrellus nathusii,0.275,0.303,-1,Echolocation,/mnt/ubna_data_01_mir/recover-20220822/UBNA_014/20220822_060000.WAV,Central Pond,recover-20220822,014,1795
134.5455,134.5539,40937.0,47342.0,Pipistrellus nathusii,0.353,0.471,-1,Echolocation,/mnt/ubna_data_01_mir/recover-20220822/UBNA_014/20220822_060000.WAV,Central Pond,recover-20220822,014,1795
134.6555,134.671,23750.0,27878.0,Nyctalus leisleri,0.318,0.43,-1,Echolocation,/mnt/ubna_data_01_mir/recover-20220822/UBNA_014/20220822_060000.WAV,Central Pond,recover-20220822,014,1795
134.7475,134.75639999999999,41796.0,50067.0,Pipistrellus nathusii,0.48,0.539,-1,Echolocation,/mnt/ubna_data_01_mir/recover-20220822/UBNA_014/20220822_060000.WAV,Central Pond,recover-20220822,014,1795
134.8455,134.856,41796.0,46039.0,Pipistrellus nathusii,0.372,0.404,-1,Echolocation,/mnt/ubna_data_01_mir/recover-20220822/UBNA_014/20220822_060000.WAV,Central Pond,recover-20220822,014,1795
134.9345,134.9498,23750.0,26851.0,Nyctalus leisleri,0.411,0.488,-1,Echolocation,/mnt/ubna_data_01_mir/recover-20220822/UBNA_014/20220822_060000.WAV,Central Pond,recover-20220822,014,1795
134.9445,134.953,41796.0,50735.0,Pipistrellus nathusii,0.495,0.549,-1,Echolocation,/mnt/ubna_data_01_mir/recover-20220822/UBNA_014/20220822_060000.WAV,Central Pond,recover-20220822,014,1795
135.0495,135.0574,40937.0,47310.0,Pipistrellus nathusii,0.543,0.588,-1,Echolocation,/mnt/ubna_data_01_mir/recover-20220822/UBNA_014/20220822_060000.WAV,Central Pond,recover-20220822,014,1795
135.1465,135.1556,40937.0,49926.0,Pipistrellus nathusii,0.513,0.599,-1,Echolocation,/mnt/ubna_data_01_mir/recover-20220822/UBNA_014/20220822_060000.WAV,Central Pond,recover-20220822,014,1795
135.2795,135.2879,42656.0,49638.0,Pipistrellus nathusii,0.455,0.487,-1,Echolocation,/mnt/ubna_data_01_mir/recover-20220822/UBNA_014/20220822_060000.WAV,Central Pond,recover-20220822,014,1795
135.3635,135.3721,41796.0,52067.0,Pipistrellus nathusii,0.469,0.633,-1,Echolocation,/mnt/ubna_data_01_mir/recover-20220822/UBNA_014/20220822_060000.WAV,Central Pond,recover-20220822,014,1795
135.4705,135.4777,40937.0,50401.0,Pipistrellus nathusii,0.516,0.555,-1,Echolocation,/mnt/ubna_data_01_mir/recover-20220822/UBNA_014/20220822_060000.WAV,Central Pond,recover-20220822,014,1795
135.5665,135.5745,40937.0,51233.0,Pipistrellus nathusii,0.583,0.644,-1,Echolocation,/mnt/ubna_data_01_mir/recover-20220822/UBNA_014/20220822_060000.WAV,Central Pond,recover-20220822,014,1795
135.6735,135.6822,40937.0,52699.0,Pipistrellus nathusii,0.478,0.587,-1,Echolocation,/mnt/ubna_data_01_mir/recover-20220822/UBNA_014/20220822_060000.WAV,Central Pond,recover-20220822,014,1795
135.7735,135.7818,40937.0,51874.0,Pipistrellus nathusii,0.558,0.629,-1,Echolocation,/mnt/ubna_data_01_mir/recover-20220822/UBNA_014/20220822_060000.WAV,Central Pond,recover-20220822,014,1795
135.9185,135.9389,22890.0,26652.0,Nyctalus leisleri,0.248,0.325,-1,Echolocation,/mnt/ubna_data_01_mir/recover-20220822/UBNA_014/20220822_060000.WAV,Central Pond,recover-20220822,014,1795
135.9545,135.964,39218.0,48350.0,Pipistrellus nathusii,0.367,0.463,-1,Echolocation,/mnt/ubna_data_01_mir/recover-20220822/UBNA_014/20220822_060000.WAV,Central Pond,recover-20220822,014,1795
136.0505,136.0595,40078.0,47645.0,Pipistrellus nathusii,0.464,0.575,-1,Echolocation,/mnt/ubna_data_01_mir/recover-20220822/UBNA_014/20220822_060000.WAV,Central Pond,recover-20220822,014,1795
136.1445,136.1536,40937.0,54072.0,Pipistrellus nathusii,0.498,0.565,-1,Echolocation,/mnt/ubna_data_01_mir/recover-20220822/UBNA_014/20220822_060000.WAV,Central Pond,recover-20220822,014,1795
136.2455,136.2531,40937.0,50266.0,Pipistrellus nathusii,0.561,0.615,-1,Echolocation,/mnt/ubna_data_01_mir/recover-20220822/UBNA_014/20220822_060000.WAV,Central Pond,recover-20220822,014,1795
136.4385,136.4472,40937.0,49469.0,Pipistrellus nathusii,0.434,0.485,-1,Echolocation,/mnt/ubna_data_01_mir/recover-20220822/UBNA_014/20220822_060000.WAV,Central Pond,recover-20220822,014,1795
136.6315,136.6418,39218.0,44514.0,Pipistrellus nathusii,0.28,0.315,-1,Echolocation,/mnt/ubna_data_01_mir/recover-20220822/UBNA_014/20220822_060000.WAV,Central Pond,recover-20220822,014,1795
136.7355,136.744,38359.0,47234.0,Pipistrellus nathusii,0.45,0.49,-1,Echolocation,/mnt/ubna_data_01_mir/recover-20220822/UBNA_014/20220822_060000.WAV,Central Pond,recover-20220822,014,1795
136.9475,136.9569,40078.0,46700.0,Pipistrellus nathusii,0.309,0.341,-1,Echolocation,/mnt/ubna_data_01_mir/recover-20220822/UBNA_014/20220822_060000.WAV,Central Pond,recover-20220822,014,1795
137.0595,137.0764,22890.0,26899.0,Nyctalus leisleri,0.214,0.327,-1,Echolocation,/mnt/ubna_data_01_mir/recover-20220822/UBNA_014/20220822_060000.WAV,Central Pond,recover-20220822,014,1795
137.2385,137.2464,40078.0,48184.0,Pipistrellus nathusii,0.508,0.573,-1,Echolocation,/mnt/ubna_data_01_mir/recover-20220822/UBNA_014/20220822_060000.WAV,Central Pond,recover-20220822,014,1795
137.4595,137.4683,38359.0,46262.0,Pipistrellus nathusii,0.482,0.511,-1,Echolocation,/mnt/ubna_data_01_mir/recover-20220822/UBNA_014/20220822_060000.WAV,Central Pond,recover-20220822,014,1795
137.8975,137.915,22890.0,26453.0,Nyctalus leisleri,0.168,0.252,-1,Echolocation,/mnt/ubna_data_01_mir/recover-20220822/UBNA_014/20220822_060000.WAV,Central Pond,recover-20220822,014,1795
137.9555,137.9632,39218.0,44712.0,Pipistrellus nathusii,0.421,0.435,-1,Echolocation,/mnt/ubna_data_01_mir/recover-20220822/UBNA_014/20220822_060000.WAV,Central Pond,recover-20220822,014,1795
144.3025,144.311,41796.0,47078.0,Pipistrellus nathusii,0.209,0.256,-1,Echolocation,/mnt/ubna_data_01_mir/recover-20220822/UBNA_014/20220822_060000.WAV,Central Pond,recover-20220822,014,1795
145.1225,145.1308,42656.0,48504.0,Pipistrellus nathusii,0.408,0.505,-1,Echolocation,/mnt/ubna_data_01_mir/recover-20220822/UBNA_014/20220822_060000.WAV,Central Pond,recover-20220822,014,1795
145.5185,145.5278,40078.0,47876.0,Pipistrellus nathusii,0.392,0.465,-1,Echolocation,/mnt/ubna_data_01_mir/recover-20220822/UBNA_014/20220822_060000.WAV,Central Pond,recover-20220822,014,1795
145.7225,145.7314,40937.0,48413.0,Pipistrellus nathusii,0.484,0.562,-1,Echolocation,/mnt/ubna_data_01_mir/recover-20220822/UBNA_014/20220822_060000.WAV,Central Pond,recover-20220822,014,1795
145.8365,145.8442,40937.0,48898.0,Pipistrellus nathusii,0.509,0.549,-1,Echolocation,/mnt/ubna_data_01_mir/recover-20220822/UBNA_014/20220822_060000.WAV,Central Pond,recover-20220822,014,1795
145.9355,145.9457,40078.0,45437.0,Pipistrellus nathusii,0.418,0.468,-1,Echolocation,/mnt/ubna_data_01_mir/recover-20220822/UBNA_014/20220822_060000.WAV,Central Pond,recover-20220822,014,1795
146.0365,146.0456,40937.0,50500.0,Pipistrellus nathusii,0.458,0.593,-1,Echolocation,/mnt/ubna_data_01_mir/recover-20220822/UBNA_014/20220822_060000.WAV,Central Pond,recover-20220822,014,1795
146.14249999999998,146.1527,40937.0,47802.0,Pipistrellus nathusii,0.3,0.329,-1,Echolocation,/mnt/ubna_data_01_mir/recover-20220822/UBNA_014/20220822_060000.WAV,Central Pond,recover-20220822,014,1795
146.2405,146.2471,42656.0,51405.0,Pipistrellus nathusii,0.431,0.529,-1,Echolocation,/mnt/ubna_data_01_mir/recover-20220822/UBNA_014/20220822_060000.WAV,Central Pond,recover-20220822,014,1795
146.3435,146.3515,42656.0,50344.0,Pipistrellus nathusii,0.401,0.456,-1,Echolocation,/mnt/ubna_data_01_mir/recover-20220822/UBNA_014/20220822_060000.WAV,Central Pond,recover-20220822,014,1795
146.4395,146.4475,41796.0,49507.0,Pipistrellus nathusii,0.48,0.533,-1,Echolocation,/mnt/ubna_data_01_mir/recover-20220822/UBNA_014/20220822_060000.WAV,Central Pond,recover-20220822,014,1795
146.5385,146.5456,41796.0,52515.0,Pipistrellus nathusii,0.51,0.563,-1,Echolocation,/mnt/ubna_data_01_mir/recover-20220822/UBNA_014/20220822_060000.WAV,Central Pond,recover-20220822,014,1795
146.6355,146.643,41796.0,50236.0,Pipistrellus nathusii,0.447,0.492,-1,Echolocation,/mnt/ubna_data_01_mir/recover-20220822/UBNA_014/20220822_060000.WAV,Central Pond,recover-20220822,014,1795
146.7305,146.7404,40078.0,51587.0,Pipistrellus nathusii,0.463,0.574,-1,Echolocation,/mnt/ubna_data_01_mir/recover-20220822/UBNA_014/20220822_060000.WAV,Central Pond,recover-20220822,014,1795
146.8055,146.8128,41796.0,49000.0,Pipistrellus nathusii,0.404,0.474,-1,Echolocation,/mnt/ubna_data_01_mir/recover-20220822/UBNA_014/20220822_060000.WAV,Central Pond,recover-20220822,014,1795
146.8745,146.8823,40937.0,52224.0,Pipistrellus nathusii,0.524,0.594,-1,Echolocation,/mnt/ubna_data_01_mir/recover-20220822/UBNA_014/20220822_060000.WAV,Central Pond,recover-20220822,014,1795
146.9635,146.9717,42656.0,51840.0,Pipistrellus nathusii,0.482,0.605,-1,Echolocation,/mnt/ubna_data_01_mir/recover-20220822/UBNA_014/20220822_060000.WAV,Central Pond,recover-20220822,014,1795
147.0515,147.0597,41796.0,55144.0,Pipistrellus nathusii,0.469,0.606,-1,Echolocation,/mnt/ubna_data_01_mir/recover-20220822/UBNA_014/20220822_060000.WAV,Central Pond,recover-20220822,014,1795
147.1515,147.1603,40937.0,54250.0,Pipistrellus nathusii,0.441,0.544,-1,Echolocation,/mnt/ubna_data_01_mir/recover-20220822/UBNA_014/20220822_060000.WAV,Central Pond,recover-20220822,014,1795
147.2465,147.2557,40078.0,52062.0,Pipistrellus nathusii,0.462,0.55,-1,Echolocation,/mnt/ubna_data_01_mir/recover-20220822/UBNA_014/20220822_060000.WAV,Central Pond,recover-20220822,014,1795
147.3485,147.356,40937.0,54393.0,Pipistrellus nathusii,0.383,0.505,-1,Echolocation,/mnt/ubna_data_01_mir/recover-20220822/UBNA_014/20220822_060000.WAV,Central Pond,recover-20220822,014,1795
147.4505,147.4613,40078.0,59078.0,Pipistrellus nathusii,0.373,0.491,-1,Echolocation,/mnt/ubna_data_01_mir/recover-20220822/UBNA_014/20220822_060000.WAV,Central Pond,recover-20220822,014,1795
147.5595,147.56810000000002,40937.0,58127.0,Pipistrellus nathusii,0.334,0.498,-1,Echolocation,/mnt/ubna_data_01_mir/recover-20220822/UBNA_014/20220822_060000.WAV,Central Pond,recover-20220822,014,1795
147.6595,147.6687,38359.0,51806.0,Pipistrellus nathusii,0.331,0.418,-1,Echolocation,/mnt/ubna_data_01_mir/recover-20220822/UBNA_014/20220822_060000.WAV,Central Pond,recover-20220822,014,1795
147.7075,147.7163,40937.0,44635.0,Pipistrellus nathusii,0.191,0.207,-1,Echolocation,/mnt/ubna_data_01_mir/recover-20220822/UBNA_014/20220822_060000.WAV,Central Pond,recover-20220822,014,1795
147.7565,147.7638,40937.0,51798.0,Pipistrellus nathusii,0.398,0.514,-1,Echolocation,/mnt/ubna_data_01_mir/recover-20220822/UBNA_014/20220822_060000.WAV,Central Pond,recover-20220822,014,1795
147.8255,147.8327,40937.0,53239.0,Pipistrellus nathusii,0.215,0.307,-1,Echolocation,/mnt/ubna_data_01_mir/recover-20220822/UBNA_014/20220822_060000.WAV,Central Pond,recover-20220822,014,1795
147.9905,147.9984,40937.0,48228.0,Pipistrellus nathusii,0.422,0.454,-1,Echolocation,/mnt/ubna_data_01_mir/recover-20220822/UBNA_014/20220822_060000.WAV,Central Pond,recover-20220822,014,1795
148.17849999999999,148.189,38359.0,44201.0,Pipistrellus nathusii,0.435,0.453,-1,Echolocation,/mnt/ubna_data_01_mir/recover-20220822/UBNA_014/20220822_060000.WAV,Central Pond,recover-20220822,014,1795
148.3765,148.3855,40937.0,50595.0,Pipistrellus nathusii,0.515,0.579,-1,Echolocation,/mnt/ubna_data_01_mir/recover-20220822/UBNA_014/20220822_060000.WAV,Central Pond,recover-20220822,014,1795
148.4655,148.4745,40078.0,48487.0,Pipistrellus nathusii,0.482,0.52,-1,Echolocation,/mnt/ubna_data_01_mir/recover-20220822/UBNA_014/20220822_060000.WAV,Central Pond,recover-20220822,014,1795
148.5735,148.5823,39218.0,48956.0,Pipistrellus nathusii,0.585,0.632,-1,Echolocation,/mnt/ubna_data_01_mir/recover-20220822/UBNA_014/20220822_060000.WAV,Central Pond,recover-20220822,014,1795
148.6695,148.67849999999999,40078.0,49482.0,Pipistrellus nathusii,0.584,0.674,-1,Echolocation,/mnt/ubna_data_01_mir/recover-20220822/UBNA_014/20220822_060000.WAV,Central Pond,recover-20220822,014,1795
148.7625,148.7729,39218.0,50378.0,Pipistrellus nathusii,0.599,0.653,-1,Echolocation,/mnt/ubna_data_01_mir/recover-20220822/UBNA_014/20220822_060000.WAV,Central Pond,recover-20220822,014,1795
148.8235,148.8298,42656.0,52634.0,Pipistrellus nathusii,0.647,0.674,-1,Echolocation,/mnt/ubna_data_01_mir/recover-20220822/UBNA_014/20220822_060000.WAV,Central Pond,recover-20220822,014,1795
148.8615,148.8699,39218.0,48070.0,Pipistrellus nathusii,0.617,0.656,-1,Echolocation,/mnt/ubna_data_01_mir/recover-20220822/UBNA_014/20220822_060000.WAV,Central Pond,recover-20220822,014,1795
148.9065,148.9117,42656.0,46917.0,Pipistrellus nathusii,0.307,0.325,-1,Echolocation,/mnt/ubna_data_01_mir/recover-20220822/UBNA_014/20220822_060000.WAV,Central Pond,recover-20220822,014,1795
148.95850000000002,148.9661,38359.0,47236.0,Pipistrellus nathusii,0.54,0.604,-1,Echolocation,/mnt/ubna_data_01_mir/recover-20220822/UBNA_014/20220822_060000.WAV,Central Pond,recover-20220822,014,1795
148.9935,149.0,42656.0,47891.0,Pipistrellus nathusii,0.351,0.371,-1,Echolocation,/mnt/ubna_data_01_mir/recover-20220822/UBNA_014/20220822_060000.WAV,Central Pond,recover-20220822,014,1795
149.0585,149.0658,40078.0,49105.0,Pipistrellus nathusii,0.608,0.635,-1,Echolocation,/mnt/ubna_data_01_mir/recover-20220822/UBNA_014/20220822_060000.WAV,Central Pond,recover-20220822,014,1795
149.0755,149.0845,41796.0,46841.0,Pipistrellus nathusii,0.244,0.259,-1,Echolocation,/mnt/ubna_data_01_mir/recover-20220822/UBNA_014/20220822_060000.WAV,Central Pond,recover-20220822,014,1795
149.1575,149.1664,38359.0,46880.0,Pipistrellus nathusii,0.482,0.524,-1,Echolocation,/mnt/ubna_data_01_mir/recover-20220822/UBNA_014/20220822_060000.WAV,Central Pond,recover-20220822,014,1795
149.2535,149.2616,38359.0,46326.0,Pipistrellus nathusii,0.67,0.685,-1,Echolocation,/mnt/ubna_data_01_mir/recover-20220822/UBNA_014/20220822_060000.WAV,Central Pond,recover-20220822,014,1795
149.3515,149.3587,39218.0,51699.0,Pipistrellus nathusii,0.584,0.619,-1,Echolocation,/mnt/ubna_data_01_mir/recover-20220822/UBNA_014/20220822_060000.WAV,Central Pond,recover-20220822,014,1795
149.4425,149.4512,38359.0,49302.0,Pipistrellus nathusii,0.603,0.639,-1,Echolocation,/mnt/ubna_data_01_mir/recover-20220822/UBNA_014/20220822_060000.WAV,Central Pond,recover-20220822,014,1795
149.5375,149.5452,39218.0,52223.0,Pipistrellus nathusii,0.557,0.62,-1,Echolocation,/mnt/ubna_data_01_mir/recover-20220822/UBNA_014/20220822_060000.WAV,Central Pond,recover-20220822,014,1795
149.7095,149.718,38359.0,47336.0,Pipistrellus nathusii,0.5,0.527,-1,Echolocation,/mnt/ubna_data_01_mir/recover-20220822/UBNA_014/20220822_060000.WAV,Central Pond,recover-20220822,014,1795
149.7965,149.8038,39218.0,51568.0,Pipistrellus nathusii,0.549,0.583,-1,Echolocation,/mnt/ubna_data_01_mir/recover-20220822/UBNA_014/20220822_060000.WAV,Central Pond,recover-20220822,014,1795
149.8815,149.88830000000002,40078.0,48838.0,Pipistrellus nathusii,0.559,0.579,-1,Echolocation,/mnt/ubna_data_01_mir/recover-20220822/UBNA_014/20220822_060000.WAV,Central Pond,recover-20220822,014,1795
149.9775,149.9851,39218.0,53874.0,Pipistrellus nathusii,0.613,0.646,-1,Echolocation,/mnt/ubna_data_01_mir/recover-20220822/UBNA_014/20220822_060000.WAV,Central Pond,recover-20220822,014,1795
150.1455,150.1535,38359.0,51942.0,Pipistrellus nathusii,0.348,0.448,-1,Echolocation,/mnt/ubna_data_01_mir/recover-20220822/UBNA_014/20220822_060000.WAV,Central Pond,recover-20220822,014,1795
150.2235,150.2316,41796.0,47166.0,Pipistrellus nathusii,0.447,0.466,-1,Echolocation,/mnt/ubna_data_01_mir/recover-20220822/UBNA_014/20220822_060000.WAV,Central Pond,recover-20220822,014,1795
150.2405,150.2492,38359.0,54599.0,Pipistrellus nathusii,0.624,0.695,-1,Echolocation,/mnt/ubna_data_01_mir/recover-20220822/UBNA_014/20220822_060000.WAV,Central Pond,recover-20220822,014,1795
150.3355,150.3438,38359.0,58059.0,Pipistrellus nathusii,0.733,0.747,-1,Echolocation,/mnt/ubna_data_01_mir/recover-20220822/UBNA_014/20220822_060000.WAV,Central Pond,recover-20220822,014,1795
150.4295,150.4373,38359.0,50413.0,Pipistrellus nathusii,0.555,0.607,-1,Echolocation,/mnt/ubna_data_01_mir/recover-20220822/UBNA_014/20220822_060000.WAV,Central Pond,recover-20220822,014,1795
150.5175,150.525,37500.0,46476.0,Pipistrellus nathusii,0.502,0.53,-1,Echolocation,/mnt/ubna_data_01_mir/recover-20220822/UBNA_014/20220822_060000.WAV,Central Pond,recover-20220822,014,1795
150.5935,150.6006,39218.0,48193.0,Pipistrellus nathusii,0.52,0.572,-1,Echolocation,/mnt/ubna_data_01_mir/recover-20220822/UBNA_014/20220822_060000.WAV,Central Pond,recover-20220822,014,1795
150.6715,150.679,39218.0,46605.0,Pipistrellus nathusii,0.453,0.509,-1,Echolocation,/mnt/ubna_data_01_mir/recover-20220822/UBNA_014/20220822_060000.WAV,Central Pond,recover-20220822,014,1795
150.7475,150.7556,40078.0,50730.0,Pipistrellus nathusii,0.498,0.565,-1,Echolocation,/mnt/ubna_data_01_mir/recover-20220822/UBNA_014/20220822_060000.WAV,Central Pond,recover-20220822,014,1795
150.8215,150.8297,38359.0,47338.0,Pipistrellus nathusii,0.346,0.435,-1,Echolocation,/mnt/ubna_data_01_mir/recover-20220822/UBNA_014/20220822_060000.WAV,Central Pond,recover-20220822,014,1795
150.9175,150.9234,38359.0,47653.0,Pipistrellus nathusii,0.273,0.431,-1,Echolocation,/mnt/ubna_data_01_mir/recover-20220822/UBNA_014/20220822_060000.WAV,Central Pond,recover-20220822,014,1795
150.9965,151.0048,39218.0,48198.0,Pipistrellus nathusii,0.41,0.459,-1,Echolocation,/mnt/ubna_data_01_mir/recover-20220822/UBNA_014/20220822_060000.WAV,Central Pond,recover-20220822,014,1795
151.0645,151.0712,40078.0,47800.0,Pipistrellus nathusii,0.286,0.367,-1,Echolocation,/mnt/ubna_data_01_mir/recover-20220822/UBNA_014/20220822_060000.WAV,Central Pond,recover-20220822,014,1795
151.9825,151.9892,41796.0,51837.0,Pipistrellus nathusii,0.421,0.474,-1,Echolocation,/mnt/ubna_data_01_mir/recover-20220822/UBNA_014/20220822_060000.WAV,Central Pond,recover-20220822,014,1795
152.0625,152.0685,40937.0,51969.0,Pipistrellus nathusii,0.309,0.398,-1,Echolocation,/mnt/ubna_data_01_mir/recover-20220822/UBNA_014/20220822_060000.WAV,Central Pond,recover-20220822,014,1795
152.1215,152.128,40937.0,51357.0,Pipistrellus nathusii,0.19,0.318,-1,Echolocation,/mnt/ubna_data_01_mir/recover-20220822/UBNA_014/20220822_060000.WAV,Central Pond,recover-20220822,014,1795
152.1755,152.1806,40078.0,54854.0,Pipistrellus nathusii,0.173,0.361,-1,Echolocation,/mnt/ubna_data_01_mir/recover-20220822/UBNA_014/20220822_060000.WAV,Central Pond,recover-20220822,014,1795
152.2655,152.2709,38359.0,53689.0,Pipistrellus nathusii,0.131,0.319,-1,Echolocation,/mnt/ubna_data_01_mir/recover-20220822/UBNA_014/20220822_060000.WAV,Central Pond,recover-20220822,014,1795
152.3555,152.3608,40078.0,51817.0,Pipistrellus nathusii,0.309,0.383,-1,Echolocation,/mnt/ubna_data_01_mir/recover-20220822/UBNA_014/20220822_060000.WAV,Central Pond,recover-20220822,014,1795
152.4455,152.4512,38359.0,50259.0,Pipistrellus nathusii,0.148,0.302,-1,Echolocation,/mnt/ubna_data_01_mir/recover-20220822/UBNA_014/20220822_060000.WAV,Central Pond,recover-20220822,014,1795
152.5465,152.5529,40078.0,50242.0,Pipistrellus nathusii,0.475,0.562,-1,Echolocation,/mnt/ubna_data_01_mir/recover-20220822/UBNA_014/20220822_060000.WAV,Central Pond,recover-20220822,014,1795
152.6355,152.6433,39218.0,50208.0,Pipistrellus nathusii,0.274,0.357,-1,Echolocation,/mnt/ubna_data_01_mir/recover-20220822/UBNA_014/20220822_060000.WAV,Central Pond,recover-20220822,014,1795
152.7405,152.7471,37500.0,53063.0,Pipistrellus nathusii,0.279,0.435,-1,Echolocation,/mnt/ubna_data_01_mir/recover-20220822/UBNA_014/20220822_060000.WAV,Central Pond,recover-20220822,014,1795
152.8935,152.9005,36640.0,48244.0,Pipistrellus nathusii,0.158,0.282,-1,Echolocation,/mnt/ubna_data_01_mir/recover-20220822/UBNA_014/20220822_060000.WAV,Central Pond,recover-20220822,014,1795
152.9925,153.0004,36640.0,50092.0,Pipistrellus nathusii,0.259,0.483,-1,Echolocation,/mnt/ubna_data_01_mir/recover-20220822/UBNA_014/20220822_060000.WAV,Central Pond,recover-20220822,014,1795
153.0965,153.1047,38359.0,48793.0,Pipistrellus nathusii,0.583,0.627,-1,Echolocation,/mnt/ubna_data_01_mir/recover-20220822/UBNA_014/20220822_060000.WAV,Central Pond,recover-20220822,014,1795
153.2055,153.2141,36640.0,45554.0,Pipistrellus nathusii,0.484,0.571,-1,Echolocation,/mnt/ubna_data_01_mir/recover-20220822/UBNA_014/20220822_060000.WAV,Central Pond,recover-20220822,014,1795
153.3005,153.3073,36640.0,49285.0,Pipistrellus nathusii,0.457,0.519,-1,Echolocation,/mnt/ubna_data_01_mir/recover-20220822/UBNA_014/20220822_060000.WAV,Central Pond,recover-20220822,014,1795
153.4145,153.42079999999999,37500.0,45599.0,Pipistrellus nathusii,0.486,0.535,-1,Echolocation,/mnt/ubna_data_01_mir/recover-20220822/UBNA_014/20220822_060000.WAV,Central Pond,recover-20220822,014,1795
153.5265,153.5342,37500.0,46931.0,Pipistrellus nathusii,0.479,0.509,-1,Echolocation,/mnt/ubna_data_01_mir/recover-20220822/UBNA_014/20220822_060000.WAV,Central Pond,recover-20220822,014,1795
153.6405,153.6488,37500.0,47413.0,Pipistrellus nathusii,0.518,0.558,-1,Echolocation,/mnt/ubna_data_01_mir/recover-20220822/UBNA_014/20220822_060000.WAV,Central Pond,recover-20220822,014,1795
153.7495,153.7573,38359.0,47991.0,Pipistrellus nathusii,0.516,0.545,-1,Echolocation,/mnt/ubna_data_01_mir/recover-20220822/UBNA_014/20220822_060000.WAV,Central Pond,recover-20220822,014,1795
153.8545,153.8618,38359.0,48201.0,Pipistrellus nathusii,0.532,0.592,-1,Echolocation,/mnt/ubna_data_01_mir/recover-20220822/UBNA_014/20220822_060000.WAV,Central Pond,recover-20220822,014,1795
153.9545,153.962,38359.0,48200.0,Pipistrellus nathusii,0.484,0.546,-1,Echolocation,/mnt/ubna_data_01_mir/recover-20220822/UBNA_014/20220822_060000.WAV,Central Pond,recover-20220822,014,1795
154.0605,154.0686,38359.0,45915.0,Pipistrellus nathusii,0.508,0.555,-1,Echolocation,/mnt/ubna_data_01_mir/recover-20220822/UBNA_014/20220822_060000.WAV,Central Pond,recover-20220822,014,1795
154.1635,154.1719,37500.0,48439.0,Pipistrellus nathusii,0.494,0.526,-1,Echolocation,/mnt/ubna_data_01_mir/recover-20220822/UBNA_014/20220822_060000.WAV,Central Pond,recover-20220822,014,1795
154.2765,154.2832,38359.0,45323.0,Pipistrellus nathusii,0.504,0.547,-1,Echolocation,/mnt/ubna_data_01_mir/recover-20220822/UBNA_014/20220822_060000.WAV,Central Pond,recover-20220822,014,1795
154.4705,154.4785,38359.0,46791.0,Pipistrellus nathusii,0.61,0.635,-1,Echolocation,/mnt/ubna_data_01_mir/recover-20220822/UBNA_014/20220822_060000.WAV,Central Pond,recover-20220822,014,1795
154.57150000000001,154.5832,37500.0,52602.0,Pipistrellus nathusii,0.381,0.542,-1,Echolocation,/mnt/ubna_data_01_mir/recover-20220822/UBNA_014/20220822_060000.WAV,Central Pond,recover-20220822,014,1795
154.6835,154.6922,38359.0,46179.0,Pipistrellus nathusii,0.514,0.568,-1,Echolocation,/mnt/ubna_data_01_mir/recover-20220822/UBNA_014/20220822_060000.WAV,Central Pond,recover-20220822,014,1795
154.7845,154.79579999999999,38359.0,45567.0,Pipistrellus nathusii,0.533,0.567,-1,Echolocation,/mnt/ubna_data_01_mir/recover-20220822/UBNA_014/20220822_060000.WAV,Central Pond,recover-20220822,014,1795
154.8925,154.9017,38359.0,44141.0,Pipistrellus nathusii,0.594,0.611,-1,Echolocation,/mnt/ubna_data_01_mir/recover-20220822/UBNA_014/20220822_060000.WAV,Central Pond,recover-20220822,014,1795
155.0965,155.1059,37500.0,49152.0,Pipistrellus nathusii,0.605,0.648,-1,Echolocation,/mnt/ubna_data_01_mir/recover-20220822/UBNA_014/20220822_060000.WAV,Central Pond,recover-20220822,014,1795
155.2065,155.218,37500.0,43384.0,Pipistrellus nathusii,0.418,0.485,-1,Echolocation,/mnt/ubna_data_01_mir/recover-20220822/UBNA_014/20220822_060000.WAV,Central Pond,recover-20220822,014,1795
155.4235,155.4342,38359.0,49282.0,Pipistrellus nathusii,0.516,0.565,-1,Echolocation,/mnt/ubna_data_01_mir/recover-20220822/UBNA_014/20220822_060000.WAV,Central Pond,recover-20220822,014,1795
155.5255,155.5341,38359.0,47420.0,Pipistrellus nathusii,0.381,0.442,-1,Echolocation,/mnt/ubna_data_01_mir/recover-20220822/UBNA_014/20220822_060000.WAV,Central Pond,recover-20220822,014,1795
155.6195,155.6272,39218.0,47612.0,Pipistrellus nathusii,0.519,0.541,-1,Echolocation,/mnt/ubna_data_01_mir/recover-20220822/UBNA_014/20220822_060000.WAV,Central Pond,recover-20220822,014,1795
155.7335,155.7412,37500.0,47354.0,Pipistrellus nathusii,0.661,0.674,-1,Echolocation,/mnt/ubna_data_01_mir/recover-20220822/UBNA_014/20220822_060000.WAV,Central Pond,recover-20220822,014,1795
155.8415,155.8497,37500.0,44250.0,Pipistrellus nathusii,0.464,0.554,-1,Echolocation,/mnt/ubna_data_01_mir/recover-20220822/UBNA_014/20220822_060000.WAV,Central Pond,recover-20220822,014,1795
156.0355,156.0457,38359.0,48158.0,Pipistrellus nathusii,0.604,0.619,-1,Echolocation,/mnt/ubna_data_01_mir/recover-20220822/UBNA_014/20220822_060000.WAV,Central Pond,recover-20220822,014,1795
156.1485,156.1575,38359.0,45157.0,Pipistrellus nathusii,0.578,0.623,-1,Echolocation,/mnt/ubna_data_01_mir/recover-20220822/UBNA_014/20220822_060000.WAV,Central Pond,recover-20220822,014,1795
156.2635,156.2714,20312.0,28735.0,Plecotus austriacus,0.061,0.2,-1,Echolocation,/mnt/ubna_data_01_mir/recover-20220822/UBNA_014/20220822_060000.WAV,Central Pond,recover-20220822,014,1795
156.3475,156.3556,38359.0,46952.0,Pipistrellus nathusii,0.652,0.668,-1,Echolocation,/mnt/ubna_data_01_mir/recover-20220822/UBNA_014/20220822_060000.WAV,Central Pond,recover-20220822,014,1795
156.4665,156.4785,38359.0,42678.0,Pipistrellus nathusii,0.274,0.301,-1,Echolocation,/mnt/ubna_data_01_mir/recover-20220822/UBNA_014/20220822_060000.WAV,Central Pond,recover-20220822,014,1795
156.6815,156.6909,38359.0,47637.0,Pipistrellus nathusii,0.555,0.573,-1,Echolocation,/mnt/ubna_data_01_mir/recover-20220822/UBNA_014/20220822_060000.WAV,Central Pond,recover-20220822,014,1795
156.9965,157.0063,37500.0,46432.0,Pipistrellus nathusii,0.559,0.632,-1,Echolocation,/mnt/ubna_data_01_mir/recover-20220822/UBNA_014/20220822_060000.WAV,Central Pond,recover-20220822,014,1795
157.3115,157.3223,38359.0,46448.0,Pipistrellus nathusii,0.491,0.553,-1,Echolocation,/mnt/ubna_data_01_mir/recover-20220822/UBNA_014/20220822_060000.WAV,Central Pond,recover-20220822,014,1795
157.4205,157.43,37500.0,42248.0,Pipistrellus nathusii,0.372,0.431,-1,Echolocation,/mnt/ubna_data_01_mir/recover-20220822/UBNA_014/20220822_060000.WAV,Central Pond,recover-20220822,014,1795
157.6215,157.6318,36640.0,45308.0,Pipistrellus nathusii,0.383,0.437,-1,Echolocation,/mnt/ubna_data_01_mir/recover-20220822/UBNA_014/20220822_060000.WAV,Central Pond,recover-20220822,014,1795
159.4725,159.4836,37500.0,42820.0,Pipistrellus nathusii,0.222,0.341,-1,Echolocation,/mnt/ubna_data_01_mir/recover-20220822/UBNA_014/20220822_060000.WAV,Central Pond,recover-20220822,014,1795
170.5785,170.5918,25468.0,29428.0,Nyctalus leisleri,0.236,0.398,-1,Echolocation,/mnt/ubna_data_01_mir/recover-20220822/UBNA_014/20220822_060000.WAV,Central Pond,recover-20220822,014,1795
171.8025,171.8186,26328.0,30154.0,Nyctalus leisleri,0.181,0.302,-1,Echolocation,/mnt/ubna_data_01_mir/recover-20220822/UBNA_014/20220822_060000.WAV,Central Pond,recover-20220822,014,1795
172.0515,172.0656,25468.0,28747.0,Nyctalus leisleri,0.405,0.578,-1,Echolocation,/mnt/ubna_data_01_mir/recover-20220822/UBNA_014/20220822_060000.WAV,Central Pond,recover-20220822,014,1795
172.2285,172.24360000000001,23750.0,28665.0,Nyctalus leisleri,0.094,0.235,-1,Echolocation,/mnt/ubna_data_01_mir/recover-20220822/UBNA_014/20220822_060000.WAV,Central Pond,recover-20220822,014,1795
172.3085,172.324,24609.0,29318.0,Nyctalus leisleri,0.298,0.479,-1,Echolocation,/mnt/ubna_data_01_mir/recover-20220822/UBNA_014/20220822_060000.WAV,Central Pond,recover-20220822,014,1795
172.5745,172.59,25468.0,29221.0,Nyctalus leisleri,0.135,0.217,-1,Echolocation,/mnt/ubna_data_01_mir/recover-20220822/UBNA_014/20220822_060000.WAV,Central Pond,recover-20220822,014,1795
172.85750000000002,172.8743,25468.0,28930.0,Nyctalus leisleri,0.338,0.478,-1,Echolocation,/mnt/ubna_data_01_mir/recover-20220822/UBNA_014/20220822_060000.WAV,Central Pond,recover-20220822,014,1795
173.1325,173.1483,25468.0,28601.0,Nyctalus leisleri,0.407,0.52,-1,Echolocation,/mnt/ubna_data_01_mir/recover-20220822/UBNA_014/20220822_060000.WAV,Central Pond,recover-20220822,014,1795
173.3985,173.4168,24609.0,29186.0,Nyctalus leisleri,0.239,0.419,-1,Echolocation,/mnt/ubna_data_01_mir/recover-20220822/UBNA_014/20220822_060000.WAV,Central Pond,recover-20220822,014,1795
173.6735,173.6937,24609.0,28625.0,Nyctalus leisleri,0.271,0.387,-1,Echolocation,/mnt/ubna_data_01_mir/recover-20220822/UBNA_014/20220822_060000.WAV,Central Pond,recover-20220822,014,1795
173.9445,173.9627,23750.0,28669.0,Nyctalus leisleri,0.322,0.553,-1,Echolocation,/mnt/ubna_data_01_mir/recover-20220822/UBNA_014/20220822_060000.WAV,Central Pond,recover-20220822,014,1795
174.2225,174.2385,24609.0,28894.0,Nyctalus leisleri,0.314,0.58,-1,Echolocation,/mnt/ubna_data_01_mir/recover-20220822/UBNA_014/20220822_060000.WAV,Central Pond,recover-20220822,014,1795
174.4955,174.51409999999998,23750.0,28442.0,Nyctalus leisleri,0.276,0.508,-1,Echolocation,/mnt/ubna_data_01_mir/recover-20220822/UBNA_014/20220822_060000.WAV,Central Pond,recover-20220822,014,1795
174.7745,174.7921,24609.0,29212.0,Nyctalus leisleri,0.338,0.503,-1,Echolocation,/mnt/ubna_data_01_mir/recover-20220822/UBNA_014/20220822_060000.WAV,Central Pond,recover-20220822,014,1795
175.0395,175.0543,26328.0,29541.0,Nyctalus leisleri,0.263,0.397,-1,Echolocation,/mnt/ubna_data_01_mir/recover-20220822/UBNA_014/20220822_060000.WAV,Central Pond,recover-20220822,014,1795
175.3205,175.3404,24609.0,28576.0,Nyctalus noctula,0.169,0.337,-1,Echolocation,/mnt/ubna_data_01_mir/recover-20220822/UBNA_014/20220822_060000.WAV,Central Pond,recover-20220822,014,1795
175.6135,175.6354,23750.0,27998.0,Nyctalus leisleri,0.275,0.42,-1,Echolocation,/mnt/ubna_data_01_mir/recover-20220822/UBNA_014/20220822_060000.WAV,Central Pond,recover-20220822,014,1795
175.8795,175.8984,24609.0,28070.0,Nyctalus leisleri,0.327,0.512,-1,Echolocation,/mnt/ubna_data_01_mir/recover-20220822/UBNA_014/20220822_060000.WAV,Central Pond,recover-20220822,014,1795
175.8895,175.903,48671.0,52265.0,Pipistrellus pipistrellus,0.18,0.264,-1,Echolocation,/mnt/ubna_data_01_mir/recover-20220822/UBNA_014/20220822_060000.WAV,Central Pond,recover-20220822,014,1795
176.1595,176.1828,24609.0,28414.0,Nyctalus leisleri,0.256,0.397,-1,Echolocation,/mnt/ubna_data_01_mir/recover-20220822/UBNA_014/20220822_060000.WAV,Central Pond,recover-20220822,014,1795
176.4395,176.4577,24609.0,28334.0,Nyctalus leisleri,0.371,0.514,-1,Echolocation,/mnt/ubna_data_01_mir/recover-20220822/UBNA_014/20220822_060000.WAV,Central Pond,recover-20220822,014,1795
176.8425,176.8672,23750.0,28264.0,Nyctalus leisleri,0.216,0.364,-1,Echolocation,/mnt/ubna_data_01_mir/recover-20220822/UBNA_014/20220822_060000.WAV,Central Pond,recover-20220822,014,1795
177.1115,177.1301,24609.0,29777.0,Nyctalus leisleri,0.246,0.472,-1,Echolocation,/mnt/ubna_data_01_mir/recover-20220822/UBNA_014/20220822_060000.WAV,Central Pond,recover-20220822,014,1795
177.39249999999998,177.4138,23750.0,28493.0,Nyctalus leisleri,0.225,0.469,-1,Echolocation,/mnt/ubna_data_01_mir/recover-20220822/UBNA_014/20220822_060000.WAV,Central Pond,recover-20220822,014,1795
177.6535,177.67079999999999,23750.0,29912.0,Nyctalus leisleri,0.269,0.46,-1,Echolocation,/mnt/ubna_data_01_mir/recover-20220822/UBNA_014/20220822_060000.WAV,Central Pond,recover-20220822,014,1795
177.9255,177.9457,24609.0,28596.0,Nyctalus leisleri,0.33,0.476,-1,Echolocation,/mnt/ubna_data_01_mir/recover-20220822/UBNA_014/20220822_060000.WAV,Central Pond,recover-20220822,014,1795
177.9385,177.9498,49531.0,52283.0,Pipistrellus pipistrellus,0.293,0.387,-1,Echolocation,/mnt/ubna_data_01_mir/recover-20220822/UBNA_014/20220822_060000.WAV,Central Pond,recover-20220822,014,1795
178.2105,178.2253,25468.0,31719.0,Nyctalus leisleri,0.3,0.604,-1,Echolocation,/mnt/ubna_data_01_mir/recover-20220822/UBNA_014/20220822_060000.WAV,Central Pond,recover-20220822,014,1795
178.4885,178.5042,25468.0,32057.0,Nyctalus leisleri,0.248,0.557,-1,Echolocation,/mnt/ubna_data_01_mir/recover-20220822/UBNA_014/20220822_060000.WAV,Central Pond,recover-20220822,014,1795
178.7565,178.7727,25468.0,30175.0,Nyctalus leisleri,0.157,0.385,-1,Echolocation,/mnt/ubna_data_01_mir/recover-20220822/UBNA_014/20220822_060000.WAV,Central Pond,recover-20220822,014,1795
179.1515,179.168,24609.0,30974.0,Nyctalus leisleri,0.27,0.514,-1,Echolocation,/mnt/ubna_data_01_mir/recover-20220822/UBNA_014/20220822_060000.WAV,Central Pond,recover-20220822,014,1795
179.4215,179.437,24609.0,31330.0,Nyctalus leisleri,0.278,0.627,-1,Echolocation,/mnt/ubna_data_01_mir/recover-20220822/UBNA_014/20220822_060000.WAV,Central Pond,recover-20220822,014,1795
179.69650000000001,179.7132,24609.0,31918.0,Nyctalus leisleri,0.247,0.552,-1,Echolocation,/mnt/ubna_data_01_mir/recover-20220822/UBNA_014/20220822_060000.WAV,Central Pond,recover-20220822,014,1795
180.2555,180.2734,24609.0,29662.0,Nyctalus leisleri,0.239,0.44,-1,Echolocation,/mnt/ubna_data_01_mir/recover-20220822/UBNA_014/20220822_060000.WAV,Central Pond,recover-20220822,014,1795
180.5565,180.5798,24609.0,28534.0,Nyctalus leisleri,0.222,0.349,-1,Echolocation,/mnt/ubna_data_01_mir/recover-20220822/UBNA_014/20220822_060000.WAV,Central Pond,recover-20220822,014,1795
180.8385,180.8554,25468.0,31398.0,Nyctalus leisleri,0.361,0.587,-1,Echolocation,/mnt/ubna_data_01_mir/recover-20220822/UBNA_014/20220822_060000.WAV,Central Pond,recover-20220822,014,1795
181.1215,181.137,24609.0,29376.0,Nyctalus leisleri,0.332,0.497,-1,Echolocation,/mnt/ubna_data_01_mir/recover-20220822/UBNA_014/20220822_060000.WAV,Central Pond,recover-20220822,014,1795
181.3835,181.3989,24609.0,31607.0,Nyctalus leisleri,0.267,0.636,-1,Echolocation,/mnt/ubna_data_01_mir/recover-20220822/UBNA_014/20220822_060000.WAV,Central Pond,recover-20220822,014,1795
181.6635,181.6781,24609.0,30020.0,Nyctalus leisleri,0.313,0.646,-1,Echolocation,/mnt/ubna_data_01_mir/recover-20220822/UBNA_014/20220822_060000.WAV,Central Pond,recover-20220822,014,1795
181.9365,181.9521,24609.0,28735.0,Nyctalus leisleri,0.372,0.506,-1,Echolocation,/mnt/ubna_data_01_mir/recover-20220822/UBNA_014/20220822_060000.WAV,Central Pond,recover-20220822,014,1795
182.2025,182.2179,24609.0,31281.0,Nyctalus leisleri,0.313,0.575,-1,Echolocation,/mnt/ubna_data_01_mir/recover-20220822/UBNA_014/20220822_060000.WAV,Central Pond,recover-20220822,014,1795
182.7625,182.779,24609.0,30629.0,Nyctalus leisleri,0.277,0.477,-1,Echolocation,/mnt/ubna_data_01_mir/recover-20220822/UBNA_014/20220822_060000.WAV,Central Pond,recover-20220822,014,1795
183.1855,183.1992,23750.0,28205.0,Nyctalus leisleri,0.339,0.453,-1,Echolocation,/mnt/ubna_data_01_mir/recover-20220822/UBNA_014/20220822_060000.WAV,Central Pond,recover-20220822,014,1795
183.4665,183.4805,24609.0,29865.0,Nyctalus leisleri,0.339,0.512,-1,Echolocation,/mnt/ubna_data_01_mir/recover-20220822/UBNA_014/20220822_060000.WAV,Central Pond,recover-20220822,014,1795
183.7475,183.7625,24609.0,28156.0,Nyctalus leisleri,0.371,0.522,-1,Echolocation,/mnt/ubna_data_01_mir/recover-20220822/UBNA_014/20220822_060000.WAV,Central Pond,recover-20220822,014,1795
184.3165,184.3316,24609.0,29652.0,Nyctalus leisleri,0.423,0.618,-1,Echolocation,/mnt/ubna_data_01_mir/recover-20220822/UBNA_014/20220822_060000.WAV,Central Pond,recover-20220822,014,1795
184.6075,184.6246,24609.0,28623.0,Nyctalus leisleri,0.371,0.53,-1,Echolocation,/mnt/ubna_data_01_mir/recover-20220822/UBNA_014/20220822_060000.WAV,Central Pond,recover-20220822,014,1795
184.8855,184.9018,24609.0,28698.0,Nyctalus leisleri,0.388,0.557,-1,Echolocation,/mnt/ubna_data_01_mir/recover-20220822/UBNA_014/20220822_060000.WAV,Central Pond,recover-20220822,014,1795
185.7445,185.7613,23750.0,28521.0,Nyctalus leisleri,0.376,0.534,-1,Echolocation,/mnt/ubna_data_01_mir/recover-20220822/UBNA_014/20220822_060000.WAV,Central Pond,recover-20220822,014,1795
186.0645,186.0854,23750.0,28177.0,Nyctalus leisleri,0.277,0.409,-1,Echolocation,/mnt/ubna_data_01_mir/recover-20220822/UBNA_014/20220822_060000.WAV,Central Pond,recover-20220822,014,1795
186.3605,186.3765,23750.0,28131.0,Nyctalus leisleri,0.471,0.56,-1,Echolocation,/mnt/ubna_data_01_mir/recover-20220822/UBNA_014/20220822_060000.WAV,Central Pond,recover-20220822,014,1795
186.6445,186.6623,23750.0,28297.0,Nyctalus leisleri,0.381,0.548,-1,Echolocation,/mnt/ubna_data_01_mir/recover-20220822/UBNA_014/20220822_060000.WAV,Central Pond,recover-20220822,014,1795
187.3665,187.3875,23750.0,27556.0,Nyctalus leisleri,0.334,0.42,-1,Echolocation,/mnt/ubna_data_01_mir/recover-20220822/UBNA_014/20220822_060000.WAV,Central Pond,recover-20220822,014,1795
188.2465,188.2652,23750.0,27828.0,Nyctalus leisleri,0.175,0.276,-1,Echolocation,/mnt/ubna_data_01_mir/recover-20220822/UBNA_014/20220822_060000.WAV,Central Pond,recover-20220822,014,1795
191.2355,191.2441,40937.0,46054.0,Pipistrellus nathusii,0.264,0.292,-1,Echolocation,/mnt/ubna_data_01_mir/recover-20220822/UBNA_014/20220822_060000.WAV,Central Pond,recover-20220822,014,1795
191.5425,191.5497,40937.0,47372.0,Pipistrellus nathusii,0.475,0.535,-1,Echolocation,/mnt/ubna_data_01_mir/recover-20220822/UBNA_014/20220822_060000.WAV,Central Pond,recover-20220822,014,1795
192.0015,192.0103,41796.0,48223.0,Pipistrellus nathusii,0.291,0.316,-1,Echolocation,/mnt/ubna_data_01_mir/recover-20220822/UBNA_014/20220822_060000.WAV,Central Pond,recover-20220822,014,1795
192.0645,192.0731,40937.0,46382.0,Pipistrellus nathusii,0.311,0.384,-1,Echolocation,/mnt/ubna_data_01_mir/recover-20220822/UBNA_014/20220822_060000.WAV,Central Pond,recover-20220822,014,1795
192.1535,192.1622,41796.0,46140.0,Pipistrellus nathusii,0.226,0.26,-1,Echolocation,/mnt/ubna_data_01_mir/recover-20220822/UBNA_014/20220822_060000.WAV,Central Pond,recover-20220822,014,1795
192.2205,192.2277,40937.0,47023.0,Pipistrellus nathusii,0.461,0.485,-1,Echolocation,/mnt/ubna_data_01_mir/recover-20220822/UBNA_014/20220822_060000.WAV,Central Pond,recover-20220822,014,1795
192.3095,192.3196,42656.0,47042.0,Pipistrellus nathusii,0.181,0.213,-1,Echolocation,/mnt/ubna_data_01_mir/recover-20220822/UBNA_014/20220822_060000.WAV,Central Pond,recover-20220822,014,1795
192.45850000000002,192.4659,41796.0,47671.0,Pipistrellus nathusii,0.395,0.48,-1,Echolocation,/mnt/ubna_data_01_mir/recover-20220822/UBNA_014/20220822_060000.WAV,Central Pond,recover-20220822,014,1795
192.5365,192.5457,41796.0,47933.0,Pipistrellus nathusii,0.316,0.327,-1,Echolocation,/mnt/ubna_data_01_mir/recover-20220822/UBNA_014/20220822_060000.WAV,Central Pond,recover-20220822,014,1795
192.6335,192.6407,40937.0,47782.0,Pipistrellus nathusii,0.57,0.631,-1,Echolocation,/mnt/ubna_data_01_mir/recover-20220822/UBNA_014/20220822_060000.WAV,Central Pond,recover-20220822,014,1795
192.80349999999999,192.8119,40937.0,46475.0,Pipistrellus nathusii,0.325,0.386,-1,Echolocation,/mnt/ubna_data_01_mir/recover-20220822/UBNA_014/20220822_060000.WAV,Central Pond,recover-20220822,014,1795
192.9295,192.9365,41796.0,50973.0,Pipistrellus nathusii,0.262,0.336,-1,Echolocation,/mnt/ubna_data_01_mir/recover-20220822/UBNA_014/20220822_060000.WAV,Central Pond,recover-20220822,014,1795
193.2565,193.2657,39218.0,45343.0,Pipistrellus nathusii,0.174,0.264,-1,Echolocation,/mnt/ubna_data_01_mir/recover-20220822/UBNA_014/20220822_060000.WAV,Central Pond,recover-20220822,014,1795
218.1855,218.1913,14296.0,34399.0,Plecotus auritus,0.21,0.235,-1,Echolocation,/mnt/ubna_data_01_mir/recover-20220822/UBNA_014/20220822_060000.WAV,Central Pond,recover-20220822,014,1795
248.2355,248.2587,21171.0,23518.0,Nyctalus leisleri,0.612,0.625,-1,Echolocation,/mnt/ubna_data_01_mir/recover-20220822/UBNA_014/20220822_060000.WAV,Central Pond,recover-20220822,014,1795
262.5595,262.5663,20312.0,29689.0,Plecotus austriacus,0.08,0.202,-1,Echolocation,/mnt/ubna_data_01_mir/recover-20220822/UBNA_014/20220822_060000.WAV,Central Pond,recover-20220822,014,1795
315.7095,315.7135,18593.0,34811.0,Plecotus austriacus,0.243,0.304,-1,Echolocation,/mnt/ubna_data_01_mir/recover-20220822/UBNA_014/20220822_060000.WAV,Central Pond,recover-20220822,014,1795
366.3515,366.3559,18593.0,33213.0,Plecotus austriacus,0.173,0.244,-1,Echolocation,/mnt/ubna_data_01_mir/recover-20220822/UBNA_014/20220822_060000.WAV,Central Pond,recover-20220822,014,1795
413.4855,413.4909,16015.0,30483.0,Plecotus auritus,0.139,0.202,-1,Echolocation,/mnt/ubna_data_01_mir/recover-20220822/UBNA_014/20220822_060000.WAV,Central Pond,recover-20220822,014,1795
475.6405,475.6456,16875.0,32867.0,Plecotus austriacus,0.154,0.223,-1,Echolocation,/mnt/ubna_data_01_mir/recover-20220822/UBNA_014/20220822_060000.WAV,Central Pond,recover-20220822,014,1795
578.3035,578.314,40078.0,48239.0,Pipistrellus nathusii,0.322,0.339,-1,Echolocation,/mnt/ubna_data_01_mir/recover-20220822/UBNA_014/20220822_060000.WAV,Central Pond,recover-20220822,014,1795
578.5155,578.5268,40078.0,49750.0,Pipistrellus nathusii,0.396,0.427,-1,Echolocation,/mnt/ubna_data_01_mir/recover-20220822/UBNA_014/20220822_060000.WAV,Central Pond,recover-20220822,014,1795
578.6245,578.6361,40078.0,45409.0,Pipistrellus nathusii,0.403,0.419,-1,Echolocation,/mnt/ubna_data_01_mir/recover-20220822/UBNA_014/20220822_060000.WAV,Central Pond,recover-20220822,014,1795
578.7325,578.7425,39218.0,54474.0,Pipistrellus nathusii,0.519,0.558,-1,Echolocation,/mnt/ubna_data_01_mir/recover-20220822/UBNA_014/20220822_060000.WAV,Central Pond,recover-20220822,014,1795
578.9385,578.9504,39218.0,44116.0,Pipistrellus nathusii,0.251,0.268,-1,Echolocation,/mnt/ubna_data_01_mir/recover-20220822/UBNA_014/20220822_060000.WAV,Central Pond,recover-20220822,014,1795
579.0435,579.0558,39218.0,49361.0,Pipistrellus nathusii,0.429,0.459,-1,Echolocation,/mnt/ubna_data_01_mir/recover-20220822/UBNA_014/20220822_060000.WAV,Central Pond,recover-20220822,014,1795
579.1535,579.1648,39218.0,53866.0,Pipistrellus nathusii,0.5,0.538,-1,Echolocation,/mnt/ubna_data_01_mir/recover-20220822/UBNA_014/20220822_060000.WAV,Central Pond,recover-20220822,014,1795
579.2605,579.2722,39218.0,55353.0,Pipistrellus nathusii,0.439,0.495,-1,Echolocation,/mnt/ubna_data_01_mir/recover-20220822/UBNA_014/20220822_060000.WAV,Central Pond,recover-20220822,014,1795
579.3745,579.3826,39218.0,53456.0,Pipistrellus nathusii,0.533,0.567,-1,Echolocation,/mnt/ubna_data_01_mir/recover-20220822/UBNA_014/20220822_060000.WAV,Central Pond,recover-20220822,014,1795
579.4745,579.4845,38359.0,57135.0,Pipistrellus nathusii,0.524,0.582,-1,Echolocation,/mnt/ubna_data_01_mir/recover-20220822/UBNA_014/20220822_060000.WAV,Central Pond,recover-20220822,014,1795
579.5805,579.5898,38359.0,58493.0,Pipistrellus nathusii,0.505,0.57,-1,Echolocation,/mnt/ubna_data_01_mir/recover-20220822/UBNA_014/20220822_060000.WAV,Central Pond,recover-20220822,014,1795
579.6775,579.6861,39218.0,55298.0,Pipistrellus nathusii,0.593,0.624,-1,Echolocation,/mnt/ubna_data_01_mir/recover-20220822/UBNA_014/20220822_060000.WAV,Central Pond,recover-20220822,014,1795
579.7825,579.7933,38359.0,55979.0,Pipistrellus nathusii,0.579,0.608,-1,Echolocation,/mnt/ubna_data_01_mir/recover-20220822/UBNA_014/20220822_060000.WAV,Central Pond,recover-20220822,014,1795
579.8945,579.9026,38359.0,58879.0,Pipistrellus nathusii,0.573,0.625,-1,Echolocation,/mnt/ubna_data_01_mir/recover-20220822/UBNA_014/20220822_060000.WAV,Central Pond,recover-20220822,014,1795
580.0055,580.014,39218.0,56711.0,Pipistrellus nathusii,0.529,0.565,-1,Echolocation,/mnt/ubna_data_01_mir/recover-20220822/UBNA_014/20220822_060000.WAV,Central Pond,recover-20220822,014,1795
580.1115,580.1209,40078.0,59344.0,Pipistrellus nathusii,0.512,0.547,-1,Echolocation,/mnt/ubna_data_01_mir/recover-20220822/UBNA_014/20220822_060000.WAV,Central Pond,recover-20220822,014,1795
580.1985,580.2068,38359.0,55713.0,Pipistrellus nathusii,0.611,0.647,-1,Echolocation,/mnt/ubna_data_01_mir/recover-20220822/UBNA_014/20220822_060000.WAV,Central Pond,recover-20220822,014,1795
580.3015,580.3113,38359.0,56340.0,Pipistrellus nathusii,0.52,0.567,-1,Echolocation,/mnt/ubna_data_01_mir/recover-20220822/UBNA_014/20220822_060000.WAV,Central Pond,recover-20220822,014,1795
580.4085,580.417,38359.0,59152.0,Pipistrellus nathusii,0.64,0.655,-1,Echolocation,/mnt/ubna_data_01_mir/recover-20220822/UBNA_014/20220822_060000.WAV,Central Pond,recover-20220822,014,1795
580.5105,580.5206,37500.0,52790.0,Pipistrellus nathusii,0.466,0.494,-1,Echolocation,/mnt/ubna_data_01_mir/recover-20220822/UBNA_014/20220822_060000.WAV,Central Pond,recover-20220822,014,1795
580.6235,580.631,37500.0,60225.0,Pipistrellus nathusii,0.447,0.486,-1,Echolocation,/mnt/ubna_data_01_mir/recover-20220822/UBNA_014/20220822_060000.WAV,Central Pond,recover-20220822,014,1795
580.7255,580.7343,37500.0,59589.0,Pipistrellus nathusii,0.433,0.482,-1,Echolocation,/mnt/ubna_data_01_mir/recover-20220822/UBNA_014/20220822_060000.WAV,Central Pond,recover-20220822,014,1795
580.8275,580.8349,35781.0,56600.0,Pipistrellus nathusii,0.508,0.59,-1,Echolocation,/mnt/ubna_data_01_mir/recover-20220822/UBNA_014/20220822_060000.WAV,Central Pond,recover-20220822,014,1795
580.9285,580.9345,38359.0,62999.0,Pipistrellus nathusii,0.437,0.55,-1,Echolocation,/mnt/ubna_data_01_mir/recover-20220822/UBNA_014/20220822_060000.WAV,Central Pond,recover-20220822,014,1795
581.0335,581.0415,37500.0,66117.0,Pipistrellus nathusii,0.443,0.556,-1,Echolocation,/mnt/ubna_data_01_mir/recover-20220822/UBNA_014/20220822_060000.WAV,Central Pond,recover-20220822,014,1795
581.1405,581.148,38359.0,60739.0,Pipistrellus nathusii,0.434,0.462,-1,Echolocation,/mnt/ubna_data_01_mir/recover-20220822/UBNA_014/20220822_060000.WAV,Central Pond,recover-20220822,014,1795
581.2445,581.2513,35781.0,61103.0,Pipistrellus nathusii,0.503,0.554,-1,Echolocation,/mnt/ubna_data_01_mir/recover-20220822/UBNA_014/20220822_060000.WAV,Central Pond,recover-20220822,014,1795
581.3475,581.355,36640.0,58316.0,Pipistrellus nathusii,0.449,0.539,-1,Echolocation,/mnt/ubna_data_01_mir/recover-20220822/UBNA_014/20220822_060000.WAV,Central Pond,recover-20220822,014,1795
581.4085,581.4141,35781.0,59957.0,Myotis brandtii,0.176,0.438,-1,Echolocation,/mnt/ubna_data_01_mir/recover-20220822/UBNA_014/20220822_060000.WAV,Central Pond,recover-20220822,014,1795
581.4645,581.4697,34921.0,56967.0,Myotis brandtii,0.119,0.387,-1,Echolocation,/mnt/ubna_data_01_mir/recover-20220822/UBNA_014/20220822_060000.WAV,Central Pond,recover-20220822,014,1795
581.5265,581.5321,34062.0,59456.0,Myotis brandtii,0.168,0.366,-1,Echolocation,/mnt/ubna_data_01_mir/recover-20220822/UBNA_014/20220822_060000.WAV,Central Pond,recover-20220822,014,1795
581.6085,581.6148,37500.0,58131.0,Pipistrellus nathusii,0.16,0.367,-1,Echolocation,/mnt/ubna_data_01_mir/recover-20220822/UBNA_014/20220822_060000.WAV,Central Pond,recover-20220822,014,1795
581.6905,581.696,34921.0,59839.0,Myotis brandtii,0.173,0.34,-1,Echolocation,/mnt/ubna_data_01_mir/recover-20220822/UBNA_014/20220822_060000.WAV,Central Pond,recover-20220822,014,1795
581.7645,581.7697000000001,38359.0,57752.0,Myotis brandtii,0.147,0.346,-1,Echolocation,/mnt/ubna_data_01_mir/recover-20220822/UBNA_014/20220822_060000.WAV,Central Pond,recover-20220822,014,1795
581.8905,581.8966,34921.0,64917.0,Pipistrellus nathusii,0.143,0.317,-1,Echolocation,/mnt/ubna_data_01_mir/recover-20220822/UBNA_014/20220822_060000.WAV,Central Pond,recover-20220822,014,1795
581.8925,581.8978,27187.0,79454.0,Myotis bechsteinii,0.142,0.2,-1,Echolocation,/mnt/ubna_data_01_mir/recover-20220822/UBNA_014/20220822_060000.WAV,Central Pond,recover-20220822,014,1795
582.1075,582.1128,37500.0,59748.0,Myotis brandtii,0.147,0.358,-1,Echolocation,/mnt/ubna_data_01_mir/recover-20220822/UBNA_014/20220822_060000.WAV,Central Pond,recover-20220822,014,1795
582.2345,582.2395,40937.0,58069.0,Myotis daubentonii,0.138,0.391,-1,Echolocation,/mnt/ubna_data_01_mir/recover-20220822/UBNA_014/20220822_060000.WAV,Central Pond,recover-20220822,014,1795
582.2965,582.3015,35781.0,63936.0,Myotis brandtii,0.169,0.387,-1,Echolocation,/mnt/ubna_data_01_mir/recover-20220822/UBNA_014/20220822_060000.WAV,Central Pond,recover-20220822,014,1795
582.3775,582.3825,37500.0,58342.0,Myotis daubentonii,0.156,0.374,-1,Echolocation,/mnt/ubna_data_01_mir/recover-20220822/UBNA_014/20220822_060000.WAV,Central Pond,recover-20220822,014,1795
582.4315,582.4357,35781.0,58683.0,Myotis daubentonii,0.128,0.298,-1,Echolocation,/mnt/ubna_data_01_mir/recover-20220822/UBNA_014/20220822_060000.WAV,Central Pond,recover-20220822,014,1795
582.4775,582.4821,33203.0,61695.0,Myotis brandtii,0.106,0.271,-1,Echolocation,/mnt/ubna_data_01_mir/recover-20220822/UBNA_014/20220822_060000.WAV,Central Pond,recover-20220822,014,1795
582.5295,582.5334,34062.0,61265.0,Myotis daubentonii,0.121,0.247,-1,Echolocation,/mnt/ubna_data_01_mir/recover-20220822/UBNA_014/20220822_060000.WAV,Central Pond,recover-20220822,014,1795
582.8845,582.8908,40937.0,58433.0,Pipistrellus nathusii,0.152,0.368,-1,Echolocation,/mnt/ubna_data_01_mir/recover-20220822/UBNA_014/20220822_060000.WAV,Central Pond,recover-20220822,014,1795
582.9435,582.9484,37500.0,60485.0,Myotis brandtii,0.14,0.335,-1,Echolocation,/mnt/ubna_data_01_mir/recover-20220822/UBNA_014/20220822_060000.WAV,Central Pond,recover-20220822,014,1795
583.0265,583.0314,37500.0,55968.0,Myotis daubentonii,0.203,0.407,-1,Echolocation,/mnt/ubna_data_01_mir/recover-20220822/UBNA_014/20220822_060000.WAV,Central Pond,recover-20220822,014,1795
583.2725,583.2781,35781.0,59068.0,Myotis brandtii,0.123,0.365,-1,Echolocation,/mnt/ubna_data_01_mir/recover-20220822/UBNA_014/20220822_060000.WAV,Central Pond,recover-20220822,014,1795
583.3575,583.3648,36640.0,53401.0,Pipistrellus nathusii,0.214,0.43,-1,Echolocation,/mnt/ubna_data_01_mir/recover-20220822/UBNA_014/20220822_060000.WAV,Central Pond,recover-20220822,014,1795
583.4545,583.46,35781.0,61084.0,Myotis brandtii,0.137,0.323,-1,Echolocation,/mnt/ubna_data_01_mir/recover-20220822/UBNA_014/20220822_060000.WAV,Central Pond,recover-20220822,014,1795
583.5535,583.5589,36640.0,52881.0,Pipistrellus nathusii,0.176,0.395,-1,Echolocation,/mnt/ubna_data_01_mir/recover-20220822/UBNA_014/20220822_060000.WAV,Central Pond,recover-20220822,014,1795
583.6565,583.6633,39218.0,58858.0,Pipistrellus nathusii,0.393,0.501,-1,Echolocation,/mnt/ubna_data_01_mir/recover-20220822/UBNA_014/20220822_060000.WAV,Central Pond,recover-20220822,014,1795
583.7625,583.7679,34921.0,51003.0,Myotis daubentonii,0.117,0.334,-1,Echolocation,/mnt/ubna_data_01_mir/recover-20220822/UBNA_014/20220822_060000.WAV,Central Pond,recover-20220822,014,1795
583.8695,583.8763,38359.0,56686.0,Pipistrellus nathusii,0.31,0.489,-1,Echolocation,/mnt/ubna_data_01_mir/recover-20220822/UBNA_014/20220822_060000.WAV,Central Pond,recover-20220822,014,1795
584.0905,584.0994,38359.0,55989.0,Pipistrellus nathusii,0.508,0.602,-1,Echolocation,/mnt/ubna_data_01_mir/recover-20220822/UBNA_014/20220822_060000.WAV,Central Pond,recover-20220822,014,1795
584.1925,584.2009,36640.0,47153.0,Pipistrellus nathusii,0.251,0.384,-1,Echolocation,/mnt/ubna_data_01_mir/recover-20220822/UBNA_014/20220822_060000.WAV,Central Pond,recover-20220822,014,1795
584.3005,584.3088,39218.0,52985.0,Pipistrellus nathusii,0.496,0.555,-1,Echolocation,/mnt/ubna_data_01_mir/recover-20220822/UBNA_014/20220822_060000.WAV,Central Pond,recover-20220822,014,1795
584.4065,584.4143,38359.0,47766.0,Pipistrellus nathusii,0.539,0.588,-1,Echolocation,/mnt/ubna_data_01_mir/recover-20220822/UBNA_014/20220822_060000.WAV,Central Pond,recover-20220822,014,1795
584.5145,584.5231,37500.0,50402.0,Pipistrellus nathusii,0.448,0.509,-1,Echolocation,/mnt/ubna_data_01_mir/recover-20220822/UBNA_014/20220822_060000.WAV,Central Pond,recover-20220822,014,1795
584.6245,584.633,38359.0,44578.0,Pipistrellus nathusii,0.325,0.365,-1,Echolocation,/mnt/ubna_data_01_mir/recover-20220822/UBNA_014/20220822_060000.WAV,Central Pond,recover-20220822,014,1795
584.7325,584.7414,39218.0,53583.0,Pipistrellus nathusii,0.558,0.656,-1,Echolocation,/mnt/ubna_data_01_mir/recover-20220822/UBNA_014/20220822_060000.WAV,Central Pond,recover-20220822,014,1795
584.8305,584.8378,39218.0,46602.0,Pipistrellus nathusii,0.288,0.351,-1,Echolocation,/mnt/ubna_data_01_mir/recover-20220822/UBNA_014/20220822_060000.WAV,Central Pond,recover-20220822,014,1795
584.9405,584.948,38359.0,49181.0,Pipistrellus nathusii,0.476,0.54,-1,Echolocation,/mnt/ubna_data_01_mir/recover-20220822/UBNA_014/20220822_060000.WAV,Central Pond,recover-20220822,014,1795
585.1565,585.1626,40078.0,50174.0,Pipistrellus nathusii,0.256,0.379,-1,Echolocation,/mnt/ubna_data_01_mir/recover-20220822/UBNA_014/20220822_060000.WAV,Central Pond,recover-20220822,014,1795
585.2485,585.2552,40078.0,48075.0,Pipistrellus nathusii,0.346,0.435,-1,Echolocation,/mnt/ubna_data_01_mir/recover-20220822/UBNA_014/20220822_060000.WAV,Central Pond,recover-20220822,014,1795
585.3695,585.3758,38359.0,47051.0,Pipistrellus nathusii,0.207,0.307,-1,Echolocation,/mnt/ubna_data_01_mir/recover-20220822/UBNA_014/20220822_060000.WAV,Central Pond,recover-20220822,014,1795
585.9175,585.9239,38359.0,48460.0,Pipistrellus nathusii,0.228,0.367,-1,Echolocation,/mnt/ubna_data_01_mir/recover-20220822/UBNA_014/20220822_060000.WAV,Central Pond,recover-20220822,014,1795
648.6335,648.6387,15156.0,39129.0,Plecotus auritus,0.206,0.272,-1,Echolocation,/mnt/ubna_data_01_mir/recover-20220822/UBNA_014/20220822_060000.WAV,Central Pond,recover-20220822,014,1795
666.0925,666.0977,16875.0,34302.0,Plecotus austriacus,0.134,0.205,-1,Echolocation,/mnt/ubna_data_01_mir/recover-20220822/UBNA_014/20220822_060000.WAV,Central Pond,recover-20220822,014,1795
666.3425,666.3474,17734.0,30331.0,Plecotus austriacus,0.13,0.206,-1,Echolocation,/mnt/ubna_data_01_mir/recover-20220822/UBNA_014/20220822_060000.WAV,Central Pond,recover-20220822,014,1795
673.3075,673.3232,26328.0,29907.0,Nyctalus leisleri,0.313,0.421,-1,Echolocation,/mnt/ubna_data_01_mir/recover-20220822/UBNA_014/20220822_060000.WAV,Central Pond,recover-20220822,014,1795
673.8115,673.8301,27187.0,31064.0,Nyctalus leisleri,0.244,0.349,-1,Echolocation,/mnt/ubna_data_01_mir/recover-20220822/UBNA_014/20220822_060000.WAV,Central Pond,recover-20220822,014,1795
674.5665,674.5879,26328.0,29047.0,Nyctalus leisleri,0.159,0.219,-1,Echolocation,/mnt/ubna_data_01_mir/recover-20220822/UBNA_014/20220822_060000.WAV,Central Pond,recover-20220822,014,1795
674.8165,674.8373,27187.0,30302.0,Nyctalus leisleri,0.193,0.272,-1,Echolocation,/mnt/ubna_data_01_mir/recover-20220822/UBNA_014/20220822_060000.WAV,Central Pond,recover-20220822,014,1795
675.0595,675.0802,26328.0,29113.0,Nyctalus leisleri,0.171,0.242,-1,Echolocation,/mnt/ubna_data_01_mir/recover-20220822/UBNA_014/20220822_060000.WAV,Central Pond,recover-20220822,014,1795
675.2985,675.3198,26328.0,29398.0,Nyctalus leisleri,0.222,0.289,-1,Echolocation,/mnt/ubna_data_01_mir/recover-20220822/UBNA_014/20220822_060000.WAV,Central Pond,recover-20220822,014,1795
675.6615,675.6846,26328.0,28966.0,Nyctalus leisleri,0.362,0.414,-1,Echolocation,/mnt/ubna_data_01_mir/recover-20220822/UBNA_014/20220822_060000.WAV,Central Pond,recover-20220822,014,1795
676.0375,676.0581999999999,26328.0,29485.0,Nyctalus leisleri,0.331,0.394,-1,Echolocation,/mnt/ubna_data_01_mir/recover-20220822/UBNA_014/20220822_060000.WAV,Central Pond,recover-20220822,014,1795
676.2835,676.3074,26328.0,28883.0,Nyctalus leisleri,0.34,0.378,-1,Echolocation,/mnt/ubna_data_01_mir/recover-20220822/UBNA_014/20220822_060000.WAV,Central Pond,recover-20220822,014,1795
676.4345,676.4542,27187.0,30652.0,Nyctalus leisleri,0.173,0.275,-1,Echolocation,/mnt/ubna_data_01_mir/recover-20220822/UBNA_014/20220822_060000.WAV,Central Pond,recover-20220822,014,1795
676.8075,676.8269,26328.0,29490.0,Nyctalus leisleri,0.314,0.37,-1,Echolocation,/mnt/ubna_data_01_mir/recover-20220822/UBNA_014/20220822_060000.WAV,Central Pond,recover-20220822,014,1795
677.1715,677.1945,26328.0,29799.0,Nyctalus leisleri,0.26,0.34,-1,Echolocation,/mnt/ubna_data_01_mir/recover-20220822/UBNA_014/20220822_060000.WAV,Central Pond,recover-20220822,014,1795
677.4215,677.4479,26328.0,29174.0,Nyctalus leisleri,0.192,0.257,-1,Echolocation,/mnt/ubna_data_01_mir/recover-20220822/UBNA_014/20220822_060000.WAV,Central Pond,recover-20220822,014,1795
677.7955,677.8142,26328.0,29783.0,Nyctalus leisleri,0.501,0.563,-1,Echolocation,/mnt/ubna_data_01_mir/recover-20220822/UBNA_014/20220822_060000.WAV,Central Pond,recover-20220822,014,1795
678.0445,678.0659,26328.0,28872.0,Nyctalus leisleri,0.592,0.627,-1,Echolocation,/mnt/ubna_data_01_mir/recover-20220822/UBNA_014/20220822_060000.WAV,Central Pond,recover-20220822,014,1795
678.2915,678.3003,40937.0,44826.0,Pipistrellus nathusii,0.238,0.255,-1,Echolocation,/mnt/ubna_data_01_mir/recover-20220822/UBNA_014/20220822_060000.WAV,Central Pond,recover-20220822,014,1795
678.3085,678.3261,26328.0,29907.0,Nyctalus leisleri,0.441,0.513,-1,Echolocation,/mnt/ubna_data_01_mir/recover-20220822/UBNA_014/20220822_060000.WAV,Central Pond,recover-20220822,014,1795
678.4065,678.4153,38359.0,44391.0,Pipistrellus nathusii,0.32,0.399,-1,Echolocation,/mnt/ubna_data_01_mir/recover-20220822/UBNA_014/20220822_060000.WAV,Central Pond,recover-20220822,014,1795
678.5445,678.5641,26328.0,28275.0,Nyctalus leisleri,0.545,0.586,-1,Echolocation,/mnt/ubna_data_01_mir/recover-20220822/UBNA_014/20220822_060000.WAV,Central Pond,recover-20220822,014,1795
678.9165,678.9338,26328.0,28474.0,Nyctalus leisleri,0.47,0.496,-1,Echolocation,/mnt/ubna_data_01_mir/recover-20220822/UBNA_014/20220822_060000.WAV,Central Pond,recover-20220822,014,1795
678.9165,678.9356,52109.0,56539.0,Pipistrellus pygmaeus,0.146,0.2,-1,Echolocation,/mnt/ubna_data_01_mir/recover-20220822/UBNA_014/20220822_060000.WAV,Central Pond,recover-20220822,014,1795
679.1735,679.1923,26328.0,28891.0,Nyctalus leisleri,0.369,0.438,-1,Echolocation,/mnt/ubna_data_01_mir/recover-20220822/UBNA_014/20220822_060000.WAV,Central Pond,recover-20220822,014,1795
679.3045,679.3206,26328.0,29509.0,Nyctalus leisleri,0.638,0.683,-1,Echolocation,/mnt/ubna_data_01_mir/recover-20220822/UBNA_014/20220822_060000.WAV,Central Pond,recover-20220822,014,1795
679.5395,679.5548,26328.0,29277.0,Nyctalus leisleri,0.535,0.594,-1,Echolocation,/mnt/ubna_data_01_mir/recover-20220822/UBNA_014/20220822_060000.WAV,Central Pond,recover-20220822,014,1795
679.7655,679.7833,26328.0,29029.0,Nyctalus leisleri,0.415,0.466,-1,Echolocation,/mnt/ubna_data_01_mir/recover-20220822/UBNA_014/20220822_060000.WAV,Central Pond,recover-20220822,014,1795
679.9165,679.9324,26328.0,30410.0,Nyctalus leisleri,0.465,0.624,-1,Echolocation,/mnt/ubna_data_01_mir/recover-20220822/UBNA_014/20220822_060000.WAV,Central Pond,recover-20220822,014,1795
679.9595,679.9682,40078.0,47233.0,Pipistrellus nathusii,0.493,0.555,-1,Echolocation,/mnt/ubna_data_01_mir/recover-20220822/UBNA_014/20220822_060000.WAV,Central Pond,recover-20220822,014,1795
680.0565,680.0643,40078.0,47110.0,Pipistrellus nathusii,0.539,0.566,-1,Echolocation,/mnt/ubna_data_01_mir/recover-20220822/UBNA_014/20220822_060000.WAV,Central Pond,recover-20220822,014,1795
680.1365,680.1557,26328.0,30074.0,Nyctalus leisleri,0.531,0.578,-1,Echolocation,/mnt/ubna_data_01_mir/recover-20220822/UBNA_014/20220822_060000.WAV,Central Pond,recover-20220822,014,1795
680.2365,680.2447,39218.0,47021.0,Pipistrellus nathusii,0.553,0.611,-1,Echolocation,/mnt/ubna_data_01_mir/recover-20220822/UBNA_014/20220822_060000.WAV,Central Pond,recover-20220822,014,1795
680.2755,680.288,28046.0,33824.0,Nyctalus leisleri,0.393,0.548,-1,Echolocation,/mnt/ubna_data_01_mir/recover-20220822/UBNA_014/20220822_060000.WAV,Central Pond,recover-20220822,014,1795
680.3985,680.41,27187.0,32926.0,Nyctalus leisleri,0.531,0.637,-1,Echolocation,/mnt/ubna_data_01_mir/recover-20220822/UBNA_014/20220822_060000.WAV,Central Pond,recover-20220822,014,1795
680.4405,680.4471,40078.0,45563.0,Pipistrellus nathusii,0.539,0.555,-1,Echolocation,/mnt/ubna_data_01_mir/recover-20220822/UBNA_014/20220822_060000.WAV,Central Pond,recover-20220822,014,1795
680.5285,680.5414,27187.0,32569.0,Nyctalus leisleri,0.466,0.568,-1,Echolocation,/mnt/ubna_data_01_mir/recover-20220822/UBNA_014/20220822_060000.WAV,Central Pond,recover-20220822,014,1795
680.6305,680.6375,40078.0,49154.0,Pipistrellus nathusii,0.58,0.622,-1,Echolocation,/mnt/ubna_data_01_mir/recover-20220822/UBNA_014/20220822_060000.WAV,Central Pond,recover-20220822,014,1795
680.7225,680.7367,26328.0,30691.0,Nyctalus leisleri,0.595,0.698,-1,Echolocation,/mnt/ubna_data_01_mir/recover-20220822/UBNA_014/20220822_060000.WAV,Central Pond,recover-20220822,014,1795
680.8375,680.8462,39218.0,45396.0,Pipistrellus nathusii,0.529,0.558,-1,Echolocation,/mnt/ubna_data_01_mir/recover-20220822/UBNA_014/20220822_060000.WAV,Central Pond,recover-20220822,014,1795
680.9155,680.9299,27187.0,33623.0,Nyctalus leisleri,0.307,0.533,-1,Echolocation,/mnt/ubna_data_01_mir/recover-20220822/UBNA_014/20220822_060000.WAV,Central Pond,recover-20220822,014,1795
681.0525,681.0608,40078.0,48709.0,Pipistrellus nathusii,0.549,0.6,-1,Echolocation,/mnt/ubna_data_01_mir/recover-20220822/UBNA_014/20220822_060000.WAV,Central Pond,recover-20220822,014,1795
681.1045,681.1174,27187.0,34437.0,Nyctalus leisleri,0.422,0.683,-1,Echolocation,/mnt/ubna_data_01_mir/recover-20220822/UBNA_014/20220822_060000.WAV,Central Pond,recover-20220822,014,1795
681.1545,681.1624,38359.0,43730.0,Pipistrellus nathusii,0.42,0.454,-1,Echolocation,/mnt/ubna_data_01_mir/recover-20220822/UBNA_014/20220822_060000.WAV,Central Pond,recover-20220822,014,1795
681.2525,681.2610999999999,39218.0,48859.0,Pipistrellus nathusii,0.615,0.669,-1,Echolocation,/mnt/ubna_data_01_mir/recover-20220822/UBNA_014/20220822_060000.WAV,Central Pond,recover-20220822,014,1795
681.2905,681.3053,26328.0,31283.0,Nyctalus leisleri,0.546,0.643,-1,Echolocation,/mnt/ubna_data_01_mir/recover-20220822/UBNA_014/20220822_060000.WAV,Central Pond,recover-20220822,014,1795
681.4605,681.466,35781.0,42523.0,Barbastellus barbastellus,0.251,0.272,-1,Echolocation,/mnt/ubna_data_01_mir/recover-20220822/UBNA_014/20220822_060000.WAV,Central Pond,recover-20220822,014,1795
681.4925,681.5081,26328.0,31048.0,Nyctalus leisleri,0.509,0.593,-1,Echolocation,/mnt/ubna_data_01_mir/recover-20220822/UBNA_014/20220822_060000.WAV,Central Pond,recover-20220822,014,1795
681.5495,681.5584,40078.0,48900.0,Pipistrellus nathusii,0.536,0.605,-1,Echolocation,/mnt/ubna_data_01_mir/recover-20220822/UBNA_014/20220822_060000.WAV,Central Pond,recover-20220822,014,1795
681.6995,681.7141,27187.0,34616.0,Nyctalus leisleri,0.338,0.611,-1,Echolocation,/mnt/ubna_data_01_mir/recover-20220822/UBNA_014/20220822_060000.WAV,Central Pond,recover-20220822,014,1795
681.7565,681.7635,40078.0,47688.0,Pipistrellus nathusii,0.501,0.533,-1,Echolocation,/mnt/ubna_data_01_mir/recover-20220822/UBNA_014/20220822_060000.WAV,Central Pond,recover-20220822,014,1795
681.8615,681.8701,39218.0,47925.0,Pipistrellus nathusii,0.402,0.464,-1,Echolocation,/mnt/ubna_data_01_mir/recover-20220822/UBNA_014/20220822_060000.WAV,Central Pond,recover-20220822,014,1795
681.9225,681.9375,26328.0,29573.0,Nyctalus leisleri,0.665,0.715,-1,Echolocation,/mnt/ubna_data_01_mir/recover-20220822/UBNA_014/20220822_060000.WAV,Central Pond,recover-20220822,014,1795
682.0615,682.0705,40078.0,46791.0,Pipistrellus nathusii,0.547,0.624,-1,Echolocation,/mnt/ubna_data_01_mir/recover-20220822/UBNA_014/20220822_060000.WAV,Central Pond,recover-20220822,014,1795
682.1525,682.1698,26328.0,29536.0,Nyctalus leisleri,0.612,0.664,-1,Echolocation,/mnt/ubna_data_01_mir/recover-20220822/UBNA_014/20220822_060000.WAV,Central Pond,recover-20220822,014,1795
682.2815,682.2913,39218.0,45308.0,Pipistrellus nathusii,0.524,0.554,-1,Echolocation,/mnt/ubna_data_01_mir/recover-20220822/UBNA_014/20220822_060000.WAV,Central Pond,recover-20220822,014,1795
682.4035,682.4197,26328.0,29040.0,Nyctalus leisleri,0.683,0.731,-1,Echolocation,/mnt/ubna_data_01_mir/recover-20220822/UBNA_014/20220822_060000.WAV,Central Pond,recover-20220822,014,1795
682.4035,682.4199,52968.0,56595.0,Pipistrellus pygmaeus,0.361,0.403,-1,Echolocation,/mnt/ubna_data_01_mir/recover-20220822/UBNA_014/20220822_060000.WAV,Central Pond,recover-20220822,014,1795
682.4875,682.4956999999999,38359.0,44284.0,Pipistrellus nathusii,0.495,0.534,-1,Echolocation,/mnt/ubna_data_01_mir/recover-20220822/UBNA_014/20220822_060000.WAV,Central Pond,recover-20220822,014,1795
682.6645,682.6825,26328.0,29802.0,Nyctalus leisleri,0.538,0.597,-1,Echolocation,/mnt/ubna_data_01_mir/recover-20220822/UBNA_014/20220822_060000.WAV,Central Pond,recover-20220822,014,1795
682.8895,682.9017,39218.0,43083.0,Pipistrellus nathusii,0.179,0.205,-1,Echolocation,/mnt/ubna_data_01_mir/recover-20220822/UBNA_014/20220822_060000.WAV,Central Pond,recover-20220822,014,1795
682.9165,682.9698,68437.0,84032.0,Rhinolophus ferrumequinum,0.206,0.206,-1,Echolocation,/mnt/ubna_data_01_mir/recover-20220822/UBNA_014/20220822_060000.WAV,Central Pond,recover-20220822,014,1795
682.9175,682.9424,26328.0,27978.0,Nyctalus leisleri,0.43,0.474,-1,Echolocation,/mnt/ubna_data_01_mir/recover-20220822/UBNA_014/20220822_060000.WAV,Central Pond,recover-20220822,014,1795
683.0945,683.1086,27187.0,32148.0,Nyctalus leisleri,0.519,0.679,-1,Echolocation,/mnt/ubna_data_01_mir/recover-20220822/UBNA_014/20220822_060000.WAV,Central Pond,recover-20220822,014,1795
683.2535,683.268,27187.0,35558.0,Eptesicus serotinus,0.298,0.57,-1,Echolocation,/mnt/ubna_data_01_mir/recover-20220822/UBNA_014/20220822_060000.WAV,Central Pond,recover-20220822,014,1795
683.2975,683.3075,40078.0,43944.0,Pipistrellus nathusii,0.28,0.298,-1,Echolocation,/mnt/ubna_data_01_mir/recover-20220822/UBNA_014/20220822_060000.WAV,Central Pond,recover-20220822,014,1795
683.3795,683.3897,40937.0,43497.0,Pipistrellus nathusii,0.261,0.277,-1,Echolocation,/mnt/ubna_data_01_mir/recover-20220822/UBNA_014/20220822_060000.WAV,Central Pond,recover-20220822,014,1795
683.4175,683.4297,28046.0,33927.0,Nyctalus leisleri,0.468,0.65,-1,Echolocation,/mnt/ubna_data_01_mir/recover-20220822/UBNA_014/20220822_060000.WAV,Central Pond,recover-20220822,014,1795
683.5685,683.5807,28046.0,34499.0,Nyctalus leisleri,0.387,0.651,-1,Echolocation,/mnt/ubna_data_01_mir/recover-20220822/UBNA_014/20220822_060000.WAV,Central Pond,recover-20220822,014,1795
683.7995,683.8164,26328.0,29065.0,Nyctalus leisleri,0.693,0.752,-1,Echolocation,/mnt/ubna_data_01_mir/recover-20220822/UBNA_014/20220822_060000.WAV,Central Pond,recover-20220822,014,1795
683.7995,683.8087,54687.0,60350.0,Pipistrellus pygmaeus,0.33,0.367,-1,Echolocation,/mnt/ubna_data_01_mir/recover-20220822/UBNA_014/20220822_060000.WAV,Central Pond,recover-20220822,014,1795
684.0655,684.0789,27187.0,31852.0,Nyctalus leisleri,0.596,0.685,-1,Echolocation,/mnt/ubna_data_01_mir/recover-20220822/UBNA_014/20220822_060000.WAV,Central Pond,recover-20220822,014,1795
684.3265,684.3436,26328.0,29072.0,Nyctalus leisleri,0.703,0.739,-1,Echolocation,/mnt/ubna_data_01_mir/recover-20220822/UBNA_014/20220822_060000.WAV,Central Pond,recover-20220822,014,1795
684.3265,684.3381,54687.0,59390.0,Pipistrellus pygmaeus,0.283,0.292,-1,Echolocation,/mnt/ubna_data_01_mir/recover-20220822/UBNA_014/20220822_060000.WAV,Central Pond,recover-20220822,014,1795
684.5825,684.5969,27187.0,33561.0,Nyctalus leisleri,0.296,0.458,-1,Echolocation,/mnt/ubna_data_01_mir/recover-20220822/UBNA_014/20220822_060000.WAV,Central Pond,recover-20220822,014,1795
684.8385,684.8555,26328.0,30152.0,Nyctalus leisleri,0.445,0.503,-1,Echolocation,/mnt/ubna_data_01_mir/recover-20220822/UBNA_014/20220822_060000.WAV,Central Pond,recover-20220822,014,1795
685.0005,685.0157,26328.0,29878.0,Nyctalus leisleri,0.49,0.525,-1,Echolocation,/mnt/ubna_data_01_mir/recover-20220822/UBNA_014/20220822_060000.WAV,Central Pond,recover-20220822,014,1795
685.0025,685.061,68437.0,84095.0,Rhinolophus ferrumequinum,0.214,0.214,-1,Echolocation,/mnt/ubna_data_01_mir/recover-20220822/UBNA_014/20220822_060000.WAV,Central Pond,recover-20220822,014,1795
685.1625,685.176,26328.0,30918.0,Nyctalus leisleri,0.445,0.53,-1,Echolocation,/mnt/ubna_data_01_mir/recover-20220822/UBNA_014/20220822_060000.WAV,Central Pond,recover-20220822,014,1795
685.3345,685.3466,27187.0,33345.0,Nyctalus leisleri,0.629,0.7,-1,Echolocation,/mnt/ubna_data_01_mir/recover-20220822/UBNA_014/20220822_060000.WAV,Central Pond,recover-20220822,014,1795
685.5835,685.5982,26328.0,29795.0,Nyctalus leisleri,0.506,0.58,-1,Echolocation,/mnt/ubna_data_01_mir/recover-20220822/UBNA_014/20220822_060000.WAV,Central Pond,recover-20220822,014,1795
685.7345,685.7458,27187.0,35663.0,Nyctalus leisleri,0.611,0.705,-1,Echolocation,/mnt/ubna_data_01_mir/recover-20220822/UBNA_014/20220822_060000.WAV,Central Pond,recover-20220822,014,1795
685.9775,685.9919,25468.0,30246.0,Nyctalus leisleri,0.545,0.581,-1,Echolocation,/mnt/ubna_data_01_mir/recover-20220822/UBNA_014/20220822_060000.WAV,Central Pond,recover-20220822,014,1795
686.1395,686.1547,26328.0,31361.0,Nyctalus leisleri,0.362,0.543,-1,Echolocation,/mnt/ubna_data_01_mir/recover-20220822/UBNA_014/20220822_060000.WAV,Central Pond,recover-20220822,014,1795
686.3705,686.3834,25468.0,31084.0,Nyctalus leisleri,0.682,0.728,-1,Echolocation,/mnt/ubna_data_01_mir/recover-20220822/UBNA_014/20220822_060000.WAV,Central Pond,recover-20220822,014,1795
686.6555,686.6716,25468.0,28623.0,Nyctalus leisleri,0.576,0.628,-1,Echolocation,/mnt/ubna_data_01_mir/recover-20220822/UBNA_014/20220822_060000.WAV,Central Pond,recover-20220822,014,1795
686.9225,686.9401,25468.0,28130.0,Nyctalus leisleri,0.488,0.559,-1,Echolocation,/mnt/ubna_data_01_mir/recover-20220822/UBNA_014/20220822_060000.WAV,Central Pond,recover-20220822,014,1795
687.1855,687.2027,25468.0,28526.0,Nyctalus leisleri,0.541,0.604,-1,Echolocation,/mnt/ubna_data_01_mir/recover-20220822/UBNA_014/20220822_060000.WAV,Central Pond,recover-20220822,014,1795
687.4585,687.4753,25468.0,28635.0,Nyctalus leisleri,0.402,0.464,-1,Echolocation,/mnt/ubna_data_01_mir/recover-20220822/UBNA_014/20220822_060000.WAV,Central Pond,recover-20220822,014,1795
687.7305,687.7469,25468.0,29142.0,Nyctalus leisleri,0.475,0.565,-1,Echolocation,/mnt/ubna_data_01_mir/recover-20220822/UBNA_014/20220822_060000.WAV,Central Pond,recover-20220822,014,1795
688.2695,688.2871,25468.0,28146.0,Nyctalus leisleri,0.45,0.552,-1,Echolocation,/mnt/ubna_data_01_mir/recover-20220822/UBNA_014/20220822_060000.WAV,Central Pond,recover-20220822,014,1795
688.5355,688.5518,25468.0,28403.0,Nyctalus leisleri,0.522,0.576,-1,Echolocation,/mnt/ubna_data_01_mir/recover-20220822/UBNA_014/20220822_060000.WAV,Central Pond,recover-20220822,014,1795
688.9285,688.9459,25468.0,28865.0,Nyctalus leisleri,0.464,0.558,-1,Echolocation,/mnt/ubna_data_01_mir/recover-20220822/UBNA_014/20220822_060000.WAV,Central Pond,recover-20220822,014,1795
689.0975,689.1134,25468.0,29538.0,Nyctalus leisleri,0.504,0.6,-1,Echolocation,/mnt/ubna_data_01_mir/recover-20220822/UBNA_014/20220822_060000.WAV,Central Pond,recover-20220822,014,1795
689.3795,689.3967,25468.0,28636.0,Nyctalus leisleri,0.495,0.573,-1,Echolocation,/mnt/ubna_data_01_mir/recover-20220822/UBNA_014/20220822_060000.WAV,Central Pond,recover-20220822,014,1795
689.6415,689.6594,25468.0,28771.0,Nyctalus leisleri,0.408,0.514,-1,Echolocation,/mnt/ubna_data_01_mir/recover-20220822/UBNA_014/20220822_060000.WAV,Central Pond,recover-20220822,014,1795
689.9075,689.9251,24609.0,29152.0,Nyctalus leisleri,0.374,0.527,-1,Echolocation,/mnt/ubna_data_01_mir/recover-20220822/UBNA_014/20220822_060000.WAV,Central Pond,recover-20220822,014,1795
690.3155,690.3313,25468.0,28587.0,Nyctalus leisleri,0.368,0.479,-1,Echolocation,/mnt/ubna_data_01_mir/recover-20220822/UBNA_014/20220822_060000.WAV,Central Pond,recover-20220822,014,1795
690.6025,690.6179,25468.0,28940.0,Nyctalus leisleri,0.523,0.603,-1,Echolocation,/mnt/ubna_data_01_mir/recover-20220822/UBNA_014/20220822_060000.WAV,Central Pond,recover-20220822,014,1795
690.8805,690.8976,25468.0,29160.0,Nyctalus leisleri,0.349,0.451,-1,Echolocation,/mnt/ubna_data_01_mir/recover-20220822/UBNA_014/20220822_060000.WAV,Central Pond,recover-20220822,014,1795
691.1405,691.1598,25468.0,28934.0,Nyctalus leisleri,0.465,0.55,-1,Echolocation,/mnt/ubna_data_01_mir/recover-20220822/UBNA_014/20220822_060000.WAV,Central Pond,recover-20220822,014,1795
691.4025,691.4206,25468.0,29102.0,Nyctalus leisleri,0.332,0.424,-1,Echolocation,/mnt/ubna_data_01_mir/recover-20220822/UBNA_014/20220822_060000.WAV,Central Pond,recover-20220822,014,1795
691.6805,691.6939,26328.0,30902.0,Nyctalus leisleri,0.413,0.607,-1,Echolocation,/mnt/ubna_data_01_mir/recover-20220822/UBNA_014/20220822_060000.WAV,Central Pond,recover-20220822,014,1795
692.2885,692.301,25468.0,30005.0,Nyctalus leisleri,0.287,0.421,-1,Echolocation,/mnt/ubna_data_01_mir/recover-20220822/UBNA_014/20220822_060000.WAV,Central Pond,recover-20220822,014,1795
692.5445,692.565,25468.0,29175.0,Nyctalus leisleri,0.215,0.334,-1,Echolocation,/mnt/ubna_data_01_mir/recover-20220822/UBNA_014/20220822_060000.WAV,Central Pond,recover-20220822,014,1795
693.0695,693.0893,24609.0,27742.0,Nyctalus leisleri,0.152,0.234,-1,Echolocation,/mnt/ubna_data_01_mir/recover-20220822/UBNA_014/20220822_060000.WAV,Central Pond,recover-20220822,014,1795
693.7215,693.7296,29765.0,36215.0,Eptesicus serotinus,0.084,0.21,-1,Echolocation,/mnt/ubna_data_01_mir/recover-20220822/UBNA_014/20220822_060000.WAV,Central Pond,recover-20220822,014,1795
892.2805,892.29,37500.0,43654.0,Pipistrellus nathusii,0.222,0.404,-1,Echolocation,/mnt/ubna_data_01_mir/recover-20220822/UBNA_014/20220822_060000.WAV,Central Pond,recover-20220822,014,1795
892.5005,892.5126,37500.0,43230.0,Pipistrellus nathusii,0.37,0.425,-1,Echolocation,/mnt/ubna_data_01_mir/recover-20220822/UBNA_014/20220822_060000.WAV,Central Pond,recover-20220822,014,1795
892.6075,892.6161,37500.0,45156.0,Pipistrellus nathusii,0.391,0.484,-1,Echolocation,/mnt/ubna_data_01_mir/recover-20220822/UBNA_014/20220822_060000.WAV,Central Pond,recover-20220822,014,1795
892.7165,892.7243,38359.0,44611.0,Pipistrellus nathusii,0.489,0.533,-1,Echolocation,/mnt/ubna_data_01_mir/recover-20220822/UBNA_014/20220822_060000.WAV,Central Pond,recover-20220822,014,1795
892.8405,892.8495,38359.0,48194.0,Pipistrellus nathusii,0.39,0.461,-1,Echolocation,/mnt/ubna_data_01_mir/recover-20220822/UBNA_014/20220822_060000.WAV,Central Pond,recover-20220822,014,1795
892.9655,892.974,38359.0,48893.0,Pipistrellus nathusii,0.443,0.511,-1,Echolocation,/mnt/ubna_data_01_mir/recover-20220822/UBNA_014/20220822_060000.WAV,Central Pond,recover-20220822,014,1795
893.1555,893.1638,37500.0,46726.0,Pipistrellus nathusii,0.516,0.59,-1,Echolocation,/mnt/ubna_data_01_mir/recover-20220822/UBNA_014/20220822_060000.WAV,Central Pond,recover-20220822,014,1795
893.2815,893.2888,35781.0,48428.0,Pipistrellus nathusii,0.236,0.487,-1,Echolocation,/mnt/ubna_data_01_mir/recover-20220822/UBNA_014/20220822_060000.WAV,Central Pond,recover-20220822,014,1795
894.0995,894.1115,38359.0,43796.0,Pipistrellus nathusii,0.307,0.332,-1,Echolocation,/mnt/ubna_data_01_mir/recover-20220822/UBNA_014/20220822_060000.WAV,Central Pond,recover-20220822,014,1795
894.2585,894.27,37500.0,43281.0,Pipistrellus nathusii,0.212,0.261,-1,Echolocation,/mnt/ubna_data_01_mir/recover-20220822/UBNA_014/20220822_060000.WAV,Central Pond,recover-20220822,014,1795
894.3545,894.362,36640.0,44629.0,Pipistrellus nathusii,0.308,0.439,-1,Echolocation,/mnt/ubna_data_01_mir/recover-20220822/UBNA_014/20220822_060000.WAV,Central Pond,recover-20220822,014,1795
894.6285,894.639,39218.0,45560.0,Pipistrellus nathusii,0.241,0.279,-1,Echolocation,/mnt/ubna_data_01_mir/recover-20220822/UBNA_014/20220822_060000.WAV,Central Pond,recover-20220822,014,1795
895.0525,895.0594,37500.0,49667.0,Pipistrellus nathusii,0.075,0.224,-1,Echolocation,/mnt/ubna_data_01_mir/recover-20220822/UBNA_014/20220822_060000.WAV,Central Pond,recover-20220822,014,1795
895.1605,895.1722,39218.0,44174.0,Pipistrellus nathusii,0.305,0.326,-1,Echolocation,/mnt/ubna_data_01_mir/recover-20220822/UBNA_014/20220822_060000.WAV,Central Pond,recover-20220822,014,1795
895.3835,895.3958,38359.0,46097.0,Pipistrellus nathusii,0.283,0.309,-1,Echolocation,/mnt/ubna_data_01_mir/recover-20220822/UBNA_014/20220822_060000.WAV,Central Pond,recover-20220822,014,1795
895.4945,895.505,37500.0,44926.0,Pipistrellus nathusii,0.355,0.433,-1,Echolocation,/mnt/ubna_data_01_mir/recover-20220822/UBNA_014/20220822_060000.WAV,Central Pond,recover-20220822,014,1795
895.6065,895.6159,38359.0,47169.0,Pipistrellus nathusii,0.378,0.435,-1,Echolocation,/mnt/ubna_data_01_mir/recover-20220822/UBNA_014/20220822_060000.WAV,Central Pond,recover-20220822,014,1795
895.7185,895.7283,39218.0,45693.0,Pipistrellus nathusii,0.431,0.461,-1,Echolocation,/mnt/ubna_data_01_mir/recover-20220822/UBNA_014/20220822_060000.WAV,Central Pond,recover-20220822,014,1795
895.8215,895.8326,38359.0,47994.0,Pipistrellus nathusii,0.22,0.274,-1,Echolocation,/mnt/ubna_data_01_mir/recover-20220822/UBNA_014/20220822_060000.WAV,Central Pond,recover-20220822,014,1795
895.9305,895.9429,40078.0,52275.0,Pipistrellus nathusii,0.428,0.505,-1,Echolocation,/mnt/ubna_data_01_mir/recover-20220822/UBNA_014/20220822_060000.WAV,Central Pond,recover-20220822,014,1795
896.2565,896.2714,38359.0,42481.0,Pipistrellus nathusii,0.286,0.311,-1,Echolocation,/mnt/ubna_data_01_mir/recover-20220822/UBNA_014/20220822_060000.WAV,Central Pond,recover-20220822,014,1795
896.3695,896.3821,37500.0,41290.0,Pipistrellus nathusii,0.197,0.226,-1,Echolocation,/mnt/ubna_data_01_mir/recover-20220822/UBNA_014/20220822_060000.WAV,Central Pond,recover-20220822,014,1795
896.5985000000001,896.6097,38359.0,46218.0,Pipistrellus nathusii,0.221,0.264,-1,Echolocation,/mnt/ubna_data_01_mir/recover-20220822/UBNA_014/20220822_060000.WAV,Central Pond,recover-20220822,014,1795
918.1195,918.1242,17734.0,33816.0,Plecotus austriacus,0.165,0.224,-1,Echolocation,/mnt/ubna_data_01_mir/recover-20220822/UBNA_014/20220822_060000.WAV,Central Pond,recover-20220822,014,1795
973.8815,973.8866,16875.0,33593.0,Plecotus austriacus,0.132,0.201,-1,Echolocation,/mnt/ubna_data_01_mir/recover-20220822/UBNA_014/20220822_060000.WAV,Central Pond,recover-20220822,014,1795
976.7335,976.7409,21171.0,31166.0,Plecotus austriacus,0.066,0.226,-1,Echolocation,/mnt/ubna_data_01_mir/recover-20220822/UBNA_014/20220822_060000.WAV,Central Pond,recover-20220822,014,1795
1020.7095,1020.7244,23750.0,28213.0,Nyctalus leisleri,0.129,0.273,-1,Echolocation,/mnt/ubna_data_01_mir/recover-20220822/UBNA_014/20220822_060000.WAV,Central Pond,recover-20220822,014,1795
1021.2485,1021.2572,40078.0,45623.0,Pipistrellus nathusii,0.201,0.25,-1,Echolocation,/mnt/ubna_data_01_mir/recover-20220822/UBNA_014/20220822_060000.WAV,Central Pond,recover-20220822,014,1795
1021.8605,1021.8709,40078.0,45664.0,Pipistrellus nathusii,0.332,0.399,-1,Echolocation,/mnt/ubna_data_01_mir/recover-20220822/UBNA_014/20220822_060000.WAV,Central Pond,recover-20220822,014,1795
1022.0795,1022.0883,39218.0,48813.0,Pipistrellus nathusii,0.523,0.569,-1,Echolocation,/mnt/ubna_data_01_mir/recover-20220822/UBNA_014/20220822_060000.WAV,Central Pond,recover-20220822,014,1795
1022.1755,1022.1854,38359.0,47486.0,Pipistrellus nathusii,0.5,0.562,-1,Echolocation,/mnt/ubna_data_01_mir/recover-20220822/UBNA_014/20220822_060000.WAV,Central Pond,recover-20220822,014,1795
1022.2745,1022.2821,38359.0,47982.0,Pipistrellus nathusii,0.393,0.447,-1,Echolocation,/mnt/ubna_data_01_mir/recover-20220822/UBNA_014/20220822_060000.WAV,Central Pond,recover-20220822,014,1795
1022.3765,1022.3865,39218.0,45043.0,Pipistrellus nathusii,0.313,0.344,-1,Echolocation,/mnt/ubna_data_01_mir/recover-20220822/UBNA_014/20220822_060000.WAV,Central Pond,recover-20220822,014,1795
1022.4745,1022.4839,39218.0,51336.0,Pipistrellus nathusii,0.525,0.623,-1,Echolocation,/mnt/ubna_data_01_mir/recover-20220822/UBNA_014/20220822_060000.WAV,Central Pond,recover-20220822,014,1795
1022.5795,1022.5877,39218.0,48757.0,Pipistrellus nathusii,0.319,0.332,-1,Echolocation,/mnt/ubna_data_01_mir/recover-20220822/UBNA_014/20220822_060000.WAV,Central Pond,recover-20220822,014,1795
1022.6885,1022.6969,34921.0,46645.0,Pipistrellus nathusii,0.332,0.411,-1,Echolocation,/mnt/ubna_data_01_mir/recover-20220822/UBNA_014/20220822_060000.WAV,Central Pond,recover-20220822,014,1795
1022.7825,1022.7898,40078.0,49727.0,Pipistrellus nathusii,0.484,0.54,-1,Echolocation,/mnt/ubna_data_01_mir/recover-20220822/UBNA_014/20220822_060000.WAV,Central Pond,recover-20220822,014,1795
1022.8765,1022.8853,39218.0,49303.0,Pipistrellus nathusii,0.468,0.557,-1,Echolocation,/mnt/ubna_data_01_mir/recover-20220822/UBNA_014/20220822_060000.WAV,Central Pond,recover-20220822,014,1795
1022.9705,1022.9796,40078.0,51235.0,Pipistrellus nathusii,0.501,0.596,-1,Echolocation,/mnt/ubna_data_01_mir/recover-20220822/UBNA_014/20220822_060000.WAV,Central Pond,recover-20220822,014,1795
1023.0735,1023.0822,36640.0,51568.0,Pipistrellus nathusii,0.396,0.45,-1,Echolocation,/mnt/ubna_data_01_mir/recover-20220822/UBNA_014/20220822_060000.WAV,Central Pond,recover-20220822,014,1795
1023.1745,1023.183,39218.0,49544.0,Pipistrellus nathusii,0.348,0.406,-1,Echolocation,/mnt/ubna_data_01_mir/recover-20220822/UBNA_014/20220822_060000.WAV,Central Pond,recover-20220822,014,1795
1023.2755,1023.2855,38359.0,49979.0,Pipistrellus nathusii,0.526,0.607,-1,Echolocation,/mnt/ubna_data_01_mir/recover-20220822/UBNA_014/20220822_060000.WAV,Central Pond,recover-20220822,014,1795
1023.3765,1023.3855,40078.0,48822.0,Pipistrellus nathusii,0.369,0.48,-1,Echolocation,/mnt/ubna_data_01_mir/recover-20220822/UBNA_014/20220822_060000.WAV,Central Pond,recover-20220822,014,1795
1023.4805,1023.4898,34921.0,50067.0,Pipistrellus nathusii,0.309,0.362,-1,Echolocation,/mnt/ubna_data_01_mir/recover-20220822/UBNA_014/20220822_060000.WAV,Central Pond,recover-20220822,014,1795
1023.5795,1023.5891,39218.0,49155.0,Pipistrellus nathusii,0.426,0.493,-1,Echolocation,/mnt/ubna_data_01_mir/recover-20220822/UBNA_014/20220822_060000.WAV,Central Pond,recover-20220822,014,1795
1023.6845,1023.6936,38359.0,50756.0,Pipistrellus nathusii,0.47,0.541,-1,Echolocation,/mnt/ubna_data_01_mir/recover-20220822/UBNA_014/20220822_060000.WAV,Central Pond,recover-20220822,014,1795
1023.7875,1023.7976,38359.0,56648.0,Pipistrellus nathusii,0.494,0.567,-1,Echolocation,/mnt/ubna_data_01_mir/recover-20220822/UBNA_014/20220822_060000.WAV,Central Pond,recover-20220822,014,1795
1023.8905,1023.8991,40078.0,52941.0,Pipistrellus nathusii,0.501,0.577,-1,Echolocation,/mnt/ubna_data_01_mir/recover-20220822/UBNA_014/20220822_060000.WAV,Central Pond,recover-20220822,014,1795
1023.9815,1023.9908,39218.0,54477.0,Pipistrellus nathusii,0.549,0.64,-1,Echolocation,/mnt/ubna_data_01_mir/recover-20220822/UBNA_014/20220822_060000.WAV,Central Pond,recover-20220822,014,1795
1024.0805,1024.0877,34062.0,54862.0,Pipistrellus nathusii,0.118,0.298,-1,Echolocation,/mnt/ubna_data_01_mir/recover-20220822/UBNA_014/20220822_060000.WAV,Central Pond,recover-20220822,014,1795
1024.1725,1024.1816,36640.0,54134.0,Pipistrellus nathusii,0.313,0.446,-1,Echolocation,/mnt/ubna_data_01_mir/recover-20220822/UBNA_014/20220822_060000.WAV,Central Pond,recover-20220822,014,1795
1024.2695,1024.2757,31484.0,53524.0,Barbastellus barbastellus,0.145,0.347,-1,Echolocation,/mnt/ubna_data_01_mir/recover-20220822/UBNA_014/20220822_060000.WAV,Central Pond,recover-20220822,014,1795
1024.3635,1024.3693,32343.0,52453.0,Barbastellus barbastellus,0.209,0.358,-1,Echolocation,/mnt/ubna_data_01_mir/recover-20220822/UBNA_014/20220822_060000.WAV,Central Pond,recover-20220822,014,1795
1024.4635,1024.4708,40078.0,57663.0,Pipistrellus nathusii,0.269,0.337,-1,Echolocation,/mnt/ubna_data_01_mir/recover-20220822/UBNA_014/20220822_060000.WAV,Central Pond,recover-20220822,014,1795
1024.4665,1024.472,30625.0,59228.0,Myotis daubentonii,0.14,0.324,-1,Echolocation,/mnt/ubna_data_01_mir/recover-20220822/UBNA_014/20220822_060000.WAV,Central Pond,recover-20220822,014,1795
1024.5715,1024.5808,36640.0,58212.0,Pipistrellus nathusii,0.271,0.365,-1,Echolocation,/mnt/ubna_data_01_mir/recover-20220822/UBNA_014/20220822_060000.WAV,Central Pond,recover-20220822,014,1795
1024.6645,1024.6716,31484.0,54081.0,Myotis daubentonii,0.13,0.458,-1,Echolocation,/mnt/ubna_data_01_mir/recover-20220822/UBNA_014/20220822_060000.WAV,Central Pond,recover-20220822,014,1795
1024.7535,1024.7625,35781.0,54576.0,Pipistrellus nathusii,0.252,0.359,-1,Echolocation,/mnt/ubna_data_01_mir/recover-20220822/UBNA_014/20220822_060000.WAV,Central Pond,recover-20220822,014,1795
1024.8485,1024.8538,29765.0,56407.0,Barbastellus barbastellus,0.184,0.372,-1,Echolocation,/mnt/ubna_data_01_mir/recover-20220822/UBNA_014/20220822_060000.WAV,Central Pond,recover-20220822,014,1795
1024.9475,1024.9535,32343.0,59018.0,Myotis brandtii,0.102,0.375,-1,Echolocation,/mnt/ubna_data_01_mir/recover-20220822/UBNA_014/20220822_060000.WAV,Central Pond,recover-20220822,014,1795
1025.0455,1025.0516,30625.0,60790.0,Myotis daubentonii,0.158,0.381,-1,Echolocation,/mnt/ubna_data_01_mir/recover-20220822/UBNA_014/20220822_060000.WAV,Central Pond,recover-20220822,014,1795
1025.1485,1025.1544,29765.0,62729.0,Myotis brandtii,0.162,0.395,-1,Echolocation,/mnt/ubna_data_01_mir/recover-20220822/UBNA_014/20220822_060000.WAV,Central Pond,recover-20220822,014,1795
1025.2455,1025.2536,32343.0,57208.0,Pipistrellus nathusii,0.176,0.332,-1,Echolocation,/mnt/ubna_data_01_mir/recover-20220822/UBNA_014/20220822_060000.WAV,Central Pond,recover-20220822,014,1795
1025.4155,1025.4235,40078.0,60760.0,Pipistrellus nathusii,0.294,0.337,-1,Echolocation,/mnt/ubna_data_01_mir/recover-20220822/UBNA_014/20220822_060000.WAV,Central Pond,recover-20220822,014,1795
1025.4175,1025.4237,33203.0,59370.0,Myotis brandtii,0.105,0.293,-1,Echolocation,/mnt/ubna_data_01_mir/recover-20220822/UBNA_014/20220822_060000.WAV,Central Pond,recover-20220822,014,1795
1025.5215,1025.5289,34062.0,56089.0,Pipistrellus nathusii,0.144,0.334,-1,Echolocation,/mnt/ubna_data_01_mir/recover-20220822/UBNA_014/20220822_060000.WAV,Central Pond,recover-20220822,014,1795
1025.6985,1025.706,34062.0,60394.0,Pipistrellus nathusii,0.192,0.344,-1,Echolocation,/mnt/ubna_data_01_mir/recover-20220822/UBNA_014/20220822_060000.WAV,Central Pond,recover-20220822,014,1795
1025.7935,1025.8008,31484.0,53678.0,Myotis daubentonii,0.121,0.44,-1,Echolocation,/mnt/ubna_data_01_mir/recover-20220822/UBNA_014/20220822_060000.WAV,Central Pond,recover-20220822,014,1795
1025.8905,1025.8968,33203.0,59450.0,Myotis brandtii,0.127,0.385,-1,Echolocation,/mnt/ubna_data_01_mir/recover-20220822/UBNA_014/20220822_060000.WAV,Central Pond,recover-20220822,014,1795
1025.9845,1025.9914,34921.0,51240.0,Pipistrellus nathusii,0.159,0.36,-1,Echolocation,/mnt/ubna_data_01_mir/recover-20220822/UBNA_014/20220822_060000.WAV,Central Pond,recover-20220822,014,1795
1026.0695,1026.075,34062.0,53422.0,Myotis brandtii,0.139,0.392,-1,Echolocation,/mnt/ubna_data_01_mir/recover-20220822/UBNA_014/20220822_060000.WAV,Central Pond,recover-20220822,014,1795
1026.1645,1026.1731,35781.0,50983.0,Pipistrellus nathusii,0.246,0.468,-1,Echolocation,/mnt/ubna_data_01_mir/recover-20220822/UBNA_014/20220822_060000.WAV,Central Pond,recover-20220822,014,1795
1026.2585,1026.2643,31484.0,56352.0,Myotis daubentonii,0.195,0.562,-1,Echolocation,/mnt/ubna_data_01_mir/recover-20220822/UBNA_014/20220822_060000.WAV,Central Pond,recover-20220822,014,1795
1026.3565,1026.3644,36640.0,51071.0,Pipistrellus nathusii,0.28,0.402,-1,Echolocation,/mnt/ubna_data_01_mir/recover-20220822/UBNA_014/20220822_060000.WAV,Central Pond,recover-20220822,014,1795
1026.5315,1026.5361,33203.0,50321.0,Barbastellus barbastellus,0.256,0.401,-1,Echolocation,/mnt/ubna_data_01_mir/recover-20220822/UBNA_014/20220822_060000.WAV,Central Pond,recover-20220822,014,1795
1026.6255,1026.6313,34062.0,43080.0,Barbastellus barbastellus,0.401,0.441,-1,Echolocation,/mnt/ubna_data_01_mir/recover-20220822/UBNA_014/20220822_060000.WAV,Central Pond,recover-20220822,014,1795
1026.7995,1026.805,33203.0,51706.0,Pipistrellus nathusii,0.192,0.461,-1,Echolocation,/mnt/ubna_data_01_mir/recover-20220822/UBNA_014/20220822_060000.WAV,Central Pond,recover-20220822,014,1795
1026.8905,1026.8967,36640.0,46130.0,Pipistrellus nathusii,0.326,0.519,-1,Echolocation,/mnt/ubna_data_01_mir/recover-20220822/UBNA_014/20220822_060000.WAV,Central Pond,recover-20220822,014,1795
1027.0705,1027.0755,34921.0,48102.0,Barbastellus barbastellus,0.371,0.519,-1,Echolocation,/mnt/ubna_data_01_mir/recover-20220822/UBNA_014/20220822_060000.WAV,Central Pond,recover-20220822,014,1795
1027.1715,1027.1763,35781.0,44601.0,Barbastellus barbastellus,0.383,0.462,-1,Echolocation,/mnt/ubna_data_01_mir/recover-20220822/UBNA_014/20220822_060000.WAV,Central Pond,recover-20220822,014,1795
1027.2805,1027.2872,37500.0,52473.0,Pipistrellus nathusii,0.33,0.544,-1,Echolocation,/mnt/ubna_data_01_mir/recover-20220822/UBNA_014/20220822_060000.WAV,Central Pond,recover-20220822,014,1795
1027.3745,1027.3805,36640.0,46503.0,Pipistrellus nathusii,0.25,0.476,-1,Echolocation,/mnt/ubna_data_01_mir/recover-20220822/UBNA_014/20220822_060000.WAV,Central Pond,recover-20220822,014,1795
1027.5545,1027.5612,34921.0,50531.0,Pipistrellus nathusii,0.341,0.499,-1,Echolocation,/mnt/ubna_data_01_mir/recover-20220822/UBNA_014/20220822_060000.WAV,Central Pond,recover-20220822,014,1795
1027.6525,1027.6595,37500.0,45344.0,Pipistrellus nathusii,0.357,0.483,-1,Echolocation,/mnt/ubna_data_01_mir/recover-20220822/UBNA_014/20220822_060000.WAV,Central Pond,recover-20220822,014,1795
1027.7445,1027.7529,37500.0,47338.0,Pipistrellus nathusii,0.302,0.512,-1,Echolocation,/mnt/ubna_data_01_mir/recover-20220822/UBNA_014/20220822_060000.WAV,Central Pond,recover-20220822,014,1795
1027.8295,1027.8362,36640.0,51644.0,Pipistrellus nathusii,0.403,0.576,-1,Echolocation,/mnt/ubna_data_01_mir/recover-20220822/UBNA_014/20220822_060000.WAV,Central Pond,recover-20220822,014,1795
1027.9015,1027.9071,37500.0,50557.0,Pipistrellus nathusii,0.21,0.471,-1,Echolocation,/mnt/ubna_data_01_mir/recover-20220822/UBNA_014/20220822_060000.WAV,Central Pond,recover-20220822,014,1795
1027.9795,1027.9865,38359.0,53410.0,Pipistrellus nathusii,0.216,0.396,-1,Echolocation,/mnt/ubna_data_01_mir/recover-20220822/UBNA_014/20220822_060000.WAV,Central Pond,recover-20220822,014,1795
1028.0475,1028.0525,36640.0,53823.0,Myotis brandtii,0.119,0.382,-1,Echolocation,/mnt/ubna_data_01_mir/recover-20220822/UBNA_014/20220822_060000.WAV,Central Pond,recover-20220822,014,1795
1028.1215,1028.1271,38359.0,53260.0,Pipistrellus nathusii,0.124,0.336,-1,Echolocation,/mnt/ubna_data_01_mir/recover-20220822/UBNA_014/20220822_060000.WAV,Central Pond,recover-20220822,014,1795
1028.1805,1028.1864,34921.0,51388.0,Myotis brandtii,0.1,0.267,-1,Echolocation,/mnt/ubna_data_01_mir/recover-20220822/UBNA_014/20220822_060000.WAV,Central Pond,recover-20220822,014,1795
1028.2345,1028.2395,38359.0,53354.0,Myotis brandtii,0.137,0.344,-1,Echolocation,/mnt/ubna_data_01_mir/recover-20220822/UBNA_014/20220822_060000.WAV,Central Pond,recover-20220822,014,1795
1028.2775,1028.2826,34921.0,53365.0,Myotis brandtii,0.157,0.343,-1,Echolocation,/mnt/ubna_data_01_mir/recover-20220822/UBNA_014/20220822_060000.WAV,Central Pond,recover-20220822,014,1795
1028.3185,1028.3237,35781.0,53454.0,Myotis brandtii,0.121,0.307,-1,Echolocation,/mnt/ubna_data_01_mir/recover-20220822/UBNA_014/20220822_060000.WAV,Central Pond,recover-20220822,014,1795
1028.3435,1028.3479,36640.0,51557.0,Myotis daubentonii,0.109,0.298,-1,Echolocation,/mnt/ubna_data_01_mir/recover-20220822/UBNA_014/20220822_060000.WAV,Central Pond,recover-20220822,014,1795
1028.3975,1028.4029,40078.0,50461.0,Pipistrellus nathusii,0.12,0.254,-1,Echolocation,/mnt/ubna_data_01_mir/recover-20220822/UBNA_014/20220822_060000.WAV,Central Pond,recover-20220822,014,1795
1028.7245,1028.7312,39218.0,60216.0,Pipistrellus nathusii,0.539,0.62,-1,Echolocation,/mnt/ubna_data_01_mir/recover-20220822/UBNA_014/20220822_060000.WAV,Central Pond,recover-20220822,014,1795
1028.8105,1028.8173,34921.0,56752.0,Pipistrellus nathusii,0.185,0.373,-1,Echolocation,/mnt/ubna_data_01_mir/recover-20220822/UBNA_014/20220822_060000.WAV,Central Pond,recover-20220822,014,1795
1028.8985,1028.9062,34921.0,60213.0,Pipistrellus nathusii,0.418,0.515,-1,Echolocation,/mnt/ubna_data_01_mir/recover-20220822/UBNA_014/20220822_060000.WAV,Central Pond,recover-20220822,014,1795
1028.9965,1029.0026,31484.0,54611.0,Myotis brandtii,0.165,0.48,-1,Echolocation,/mnt/ubna_data_01_mir/recover-20220822/UBNA_014/20220822_060000.WAV,Central Pond,recover-20220822,014,1795
1029.0965,1029.1019000000001,33203.0,48304.0,Barbastellus barbastellus,0.386,0.488,-1,Echolocation,/mnt/ubna_data_01_mir/recover-20220822/UBNA_014/20220822_060000.WAV,Central Pond,recover-20220822,014,1795
1029.2045,1029.2104,31484.0,56019.0,Myotis brandtii,0.166,0.463,-1,Echolocation,/mnt/ubna_data_01_mir/recover-20220822/UBNA_014/20220822_060000.WAV,Central Pond,recover-20220822,014,1795
1029.2975,1029.3023,31484.0,49773.0,Barbastellus barbastellus,0.203,0.478,-1,Echolocation,/mnt/ubna_data_01_mir/recover-20220822/UBNA_014/20220822_060000.WAV,Central Pond,recover-20220822,014,1795
1029.3995,1029.4045,33203.0,48870.0,Barbastellus barbastellus,0.408,0.505,-1,Echolocation,/mnt/ubna_data_01_mir/recover-20220822/UBNA_014/20220822_060000.WAV,Central Pond,recover-20220822,014,1795
1029.4965,1029.502,34062.0,45031.0,Barbastellus barbastellus,0.276,0.386,-1,Echolocation,/mnt/ubna_data_01_mir/recover-20220822/UBNA_014/20220822_060000.WAV,Central Pond,recover-20220822,014,1795
1029.5975,1029.6031,34062.0,49733.0,Barbastellus barbastellus,0.231,0.435,-1,Echolocation,/mnt/ubna_data_01_mir/recover-20220822/UBNA_014/20220822_060000.WAV,Central Pond,recover-20220822,014,1795
1029.6815,1029.6873,35781.0,48603.0,Myotis daubentonii,0.129,0.457,-1,Echolocation,/mnt/ubna_data_01_mir/recover-20220822/UBNA_014/20220822_060000.WAV,Central Pond,recover-20220822,014,1795
1029.7715,1029.7758,34062.0,52857.0,Myotis daubentonii,0.09,0.207,-1,Echolocation,/mnt/ubna_data_01_mir/recover-20220822/UBNA_014/20220822_060000.WAV,Central Pond,recover-20220822,014,1795
1029.8685,1029.8735,34921.0,45618.0,Barbastellus barbastellus,0.217,0.335,-1,Echolocation,/mnt/ubna_data_01_mir/recover-20220822/UBNA_014/20220822_060000.WAV,Central Pond,recover-20220822,014,1795
1030.3745,1030.3808,38359.0,45953.0,Barbastellus barbastellus,0.168,0.346,-1,Echolocation,/mnt/ubna_data_01_mir/recover-20220822/UBNA_014/20220822_060000.WAV,Central Pond,recover-20220822,014,1795
1031.9695,1031.9754,34921.0,44758.0,Barbastellus barbastellus,0.092,0.227,-1,Echolocation,/mnt/ubna_data_01_mir/recover-20220822/UBNA_014/20220822_060000.WAV,Central Pond,recover-20220822,014,1795
1039.4305,1039.4502,23750.0,27706.0,Nyctalus leisleri,0.167,0.246,-1,Echolocation,/mnt/ubna_data_01_mir/recover-20220822/UBNA_014/20220822_060000.WAV,Central Pond,recover-20220822,014,1795
1040.9215,1040.9378,24609.0,28278.0,Nyctalus leisleri,0.379,0.516,-1,Echolocation,/mnt/ubna_data_01_mir/recover-20220822/UBNA_014/20220822_060000.WAV,Central Pond,recover-20220822,014,1795
1041.0775,1041.0859,42656.0,47302.0,Pipistrellus pipistrellus,0.132,0.323,-1,Echolocation,/mnt/ubna_data_01_mir/recover-20220822/UBNA_014/20220822_060000.WAV,Central Pond,recover-20220822,014,1795
1041.7095,1041.7237,24609.0,28847.0,Nyctalus leisleri,0.375,0.524,-1,Echolocation,/mnt/ubna_data_01_mir/recover-20220822/UBNA_014/20220822_060000.WAV,Central Pond,recover-20220822,014,1795
1042.3905,1042.4096,24609.0,27897.0,Nyctalus leisleri,0.315,0.41,-1,Echolocation,/mnt/ubna_data_01_mir/recover-20220822/UBNA_014/20220822_060000.WAV,Central Pond,recover-20220822,014,1795
1042.6585,1042.6736,24609.0,27768.0,Nyctalus leisleri,0.342,0.465,-1,Echolocation,/mnt/ubna_data_01_mir/recover-20220822/UBNA_014/20220822_060000.WAV,Central Pond,recover-20220822,014,1795
1043.2045,1043.2202,23750.0,28856.0,Nyctalus leisleri,0.385,0.595,-1,Echolocation,/mnt/ubna_data_01_mir/recover-20220822/UBNA_014/20220822_060000.WAV,Central Pond,recover-20220822,014,1795
1043.4745,1043.4928,23750.0,28267.0,Nyctalus leisleri,0.177,0.338,-1,Echolocation,/mnt/ubna_data_01_mir/recover-20220822/UBNA_014/20220822_060000.WAV,Central Pond,recover-20220822,014,1795
1043.7585,1043.7768,24609.0,28524.0,Nyctalus leisleri,0.213,0.319,-1,Echolocation,/mnt/ubna_data_01_mir/recover-20220822/UBNA_014/20220822_060000.WAV,Central Pond,recover-20220822,014,1795
1044.3145,1044.3355999999999,24609.0,28883.0,Nyctalus leisleri,0.275,0.384,-1,Echolocation,/mnt/ubna_data_01_mir/recover-20220822/UBNA_014/20220822_060000.WAV,Central Pond,recover-20220822,014,1795
1044.5775,1044.6005,23750.0,27801.0,Nyctalus leisleri,0.115,0.201,-1,Echolocation,/mnt/ubna_data_01_mir/recover-20220822/UBNA_014/20220822_060000.WAV,Central Pond,recover-20220822,014,1795
1044.9755,1044.9923,23750.0,27378.0,Nyctalus leisleri,0.497,0.565,-1,Echolocation,/mnt/ubna_data_01_mir/recover-20220822/UBNA_014/20220822_060000.WAV,Central Pond,recover-20220822,014,1795
1045.2355,1045.2549,23750.0,28331.0,Nyctalus leisleri,0.093,0.217,-1,Echolocation,/mnt/ubna_data_01_mir/recover-20220822/UBNA_014/20220822_060000.WAV,Central Pond,recover-20220822,014,1795
1045.6345,1045.6532,23750.0,27876.0,Nyctalus leisleri,0.409,0.525,-1,Echolocation,/mnt/ubna_data_01_mir/recover-20220822/UBNA_014/20220822_060000.WAV,Central Pond,recover-20220822,014,1795
1046.0495,1046.0636,24609.0,30559.0,Nyctalus leisleri,0.269,0.417,-1,Echolocation,/mnt/ubna_data_01_mir/recover-20220822/UBNA_014/20220822_060000.WAV,Central Pond,recover-20220822,014,1795
1046.4555,1046.4717,23750.0,28894.0,Nyctalus leisleri,0.382,0.577,-1,Echolocation,/mnt/ubna_data_01_mir/recover-20220822/UBNA_014/20220822_060000.WAV,Central Pond,recover-20220822,014,1795
1046.8765,1046.8953,23750.0,27388.0,Nyctalus leisleri,0.465,0.544,-1,Echolocation,/mnt/ubna_data_01_mir/recover-20220822/UBNA_014/20220822_060000.WAV,Central Pond,recover-20220822,014,1795
1047.1775,1047.1942,23750.0,27768.0,Nyctalus leisleri,0.436,0.561,-1,Echolocation,/mnt/ubna_data_01_mir/recover-20220822/UBNA_014/20220822_060000.WAV,Central Pond,recover-20220822,014,1795
1047.5845,1047.6059,23750.0,28042.0,Nyctalus leisleri,0.195,0.3,-1,Echolocation,/mnt/ubna_data_01_mir/recover-20220822/UBNA_014/20220822_060000.WAV,Central Pond,recover-20220822,014,1795
1048.0015,1048.0162,23750.0,28162.0,Nyctalus leisleri,0.359,0.433,-1,Echolocation,/mnt/ubna_data_01_mir/recover-20220822/UBNA_014/20220822_060000.WAV,Central Pond,recover-20220822,014,1795
1048.3855,1048.4076,23750.0,27438.0,Nyctalus leisleri,0.197,0.251,-1,Echolocation,/mnt/ubna_data_01_mir/recover-20220822/UBNA_014/20220822_060000.WAV,Central Pond,recover-20220822,014,1795
1048.6625,1048.679,24609.0,27777.0,Nyctalus leisleri,0.633,0.682,-1,Echolocation,/mnt/ubna_data_01_mir/recover-20220822/UBNA_014/20220822_060000.WAV,Central Pond,recover-20220822,014,1795
1049.0755,1049.0947,23750.0,27444.0,Nyctalus leisleri,0.466,0.565,-1,Echolocation,/mnt/ubna_data_01_mir/recover-20220822/UBNA_014/20220822_060000.WAV,Central Pond,recover-20220822,014,1795
1049.4955,1049.5137,24609.0,28115.0,Nyctalus leisleri,0.356,0.534,-1,Echolocation,/mnt/ubna_data_01_mir/recover-20220822/UBNA_014/20220822_060000.WAV,Central Pond,recover-20220822,014,1795
1049.9015,1049.9187,23750.0,27598.0,Nyctalus leisleri,0.475,0.547,-1,Echolocation,/mnt/ubna_data_01_mir/recover-20220822/UBNA_014/20220822_060000.WAV,Central Pond,recover-20220822,014,1795
1050.0445,1050.0564,26328.0,30291.0,Nyctalus leisleri,0.157,0.307,-1,Echolocation,/mnt/ubna_data_01_mir/recover-20220822/UBNA_014/20220822_060000.WAV,Central Pond,recover-20220822,014,1795
1050.4425,1050.4663,23750.0,29530.0,Nyctalus noctula,0.122,0.353,-1,Echolocation,/mnt/ubna_data_01_mir/recover-20220822/UBNA_014/20220822_060000.WAV,Central Pond,recover-20220822,014,1795
1051.1195,1051.1335,24609.0,28647.0,Nyctalus leisleri,0.322,0.489,-1,Echolocation,/mnt/ubna_data_01_mir/recover-20220822/UBNA_014/20220822_060000.WAV,Central Pond,recover-20220822,014,1795
1051.6805,1051.7012,23750.0,27948.0,Nyctalus leisleri,0.166,0.289,-1,Echolocation,/mnt/ubna_data_01_mir/recover-20220822/UBNA_014/20220822_060000.WAV,Central Pond,recover-20220822,014,1795
1051.9575,1051.9729,23750.0,28480.0,Nyctalus leisleri,0.421,0.632,-1,Echolocation,/mnt/ubna_data_01_mir/recover-20220822/UBNA_014/20220822_060000.WAV,Central Pond,recover-20220822,014,1795
1052.9455,1052.9674,23750.0,27578.0,Nyctalus leisleri,0.272,0.374,-1,Echolocation,/mnt/ubna_data_01_mir/recover-20220822/UBNA_014/20220822_060000.WAV,Central Pond,recover-20220822,014,1795
1053.3685,1053.3881,22890.0,28499.0,Nyctalus leisleri,0.188,0.424,-1,Echolocation,/mnt/ubna_data_01_mir/recover-20220822/UBNA_014/20220822_060000.WAV,Central Pond,recover-20220822,014,1795
1053.7675,1053.7829,22890.0,27246.0,Nyctalus leisleri,0.571,0.633,-1,Echolocation,/mnt/ubna_data_01_mir/recover-20220822/UBNA_014/20220822_060000.WAV,Central Pond,recover-20220822,014,1795
1054.4895,1054.5073,23750.0,26886.0,Nyctalus leisleri,0.421,0.482,-1,Echolocation,/mnt/ubna_data_01_mir/recover-20220822/UBNA_014/20220822_060000.WAV,Central Pond,recover-20220822,014,1795
1056.0735,1056.0909,23750.0,27279.0,Nyctalus leisleri,0.112,0.214,-1,Echolocation,/mnt/ubna_data_01_mir/recover-20220822/UBNA_014/20220822_060000.WAV,Central Pond,recover-20220822,014,1795
1057.9345,1057.9521,23750.0,28076.0,Nyctalus leisleri,0.293,0.429,-1,Echolocation,/mnt/ubna_data_01_mir/recover-20220822/UBNA_014/20220822_060000.WAV,Central Pond,recover-20220822,014,1795
1058.2405,1058.2581,24609.0,28062.0,Nyctalus leisleri,0.377,0.474,-1,Echolocation,/mnt/ubna_data_01_mir/recover-20220822/UBNA_014/20220822_060000.WAV,Central Pond,recover-20220822,014,1795
1058.9555,1058.973,22890.0,27412.0,Nyctalus leisleri,0.31,0.414,-1,Echolocation,/mnt/ubna_data_01_mir/recover-20220822/UBNA_014/20220822_060000.WAV,Central Pond,recover-20220822,014,1795
1059.7015,1059.717,23750.0,27181.0,Nyctalus leisleri,0.305,0.421,-1,Echolocation,/mnt/ubna_data_01_mir/recover-20220822/UBNA_014/20220822_060000.WAV,Central Pond,recover-20220822,014,1795
1059.9245,1059.9397,23750.0,29100.0,Nyctalus leisleri,0.317,0.608,-1,Echolocation,/mnt/ubna_data_01_mir/recover-20220822/UBNA_014/20220822_060000.WAV,Central Pond,recover-20220822,014,1795
1137.2285,1137.2441,22890.0,27303.0,Nyctalus leisleri,0.099,0.244,-1,Echolocation,/mnt/ubna_data_01_mir/recover-20220822/UBNA_014/20220822_060000.WAV,Central Pond,recover-20220822,014,1795
1173.7515,1173.7567,18593.0,32683.0,Plecotus austriacus,0.127,0.2,-1,Echolocation,/mnt/ubna_data_01_mir/recover-20220822/UBNA_014/20220822_060000.WAV,Central Pond,recover-20220822,014,1795
1211.1785,1211.1866,40078.0,46749.0,Pipistrellus nathusii,0.366,0.402,-1,Echolocation,/mnt/ubna_data_01_mir/recover-20220822/UBNA_014/20220822_060000.WAV,Central Pond,recover-20220822,014,1795
1211.3895,1211.4002,38359.0,46794.0,Pipistrellus nathusii,0.391,0.477,-1,Echolocation,/mnt/ubna_data_01_mir/recover-20220822/UBNA_014/20220822_060000.WAV,Central Pond,recover-20220822,014,1795
1211.4915,1211.5015,37500.0,43323.0,Pipistrellus nathusii,0.173,0.227,-1,Echolocation,/mnt/ubna_data_01_mir/recover-20220822/UBNA_014/20220822_060000.WAV,Central Pond,recover-20220822,014,1795
1211.5945,1211.604,38359.0,47081.0,Pipistrellus nathusii,0.388,0.468,-1,Echolocation,/mnt/ubna_data_01_mir/recover-20220822/UBNA_014/20220822_060000.WAV,Central Pond,recover-20220822,014,1795
1211.7955,1211.8035,37500.0,49558.0,Pipistrellus nathusii,0.436,0.501,-1,Echolocation,/mnt/ubna_data_01_mir/recover-20220822/UBNA_014/20220822_060000.WAV,Central Pond,recover-20220822,014,1795
1211.8985,1211.9081,38359.0,48996.0,Pipistrellus nathusii,0.363,0.447,-1,Echolocation,/mnt/ubna_data_01_mir/recover-20220822/UBNA_014/20220822_060000.WAV,Central Pond,recover-20220822,014,1795
1211.9875,1211.9953,38359.0,47569.0,Pipistrellus nathusii,0.327,0.391,-1,Echolocation,/mnt/ubna_data_01_mir/recover-20220822/UBNA_014/20220822_060000.WAV,Central Pond,recover-20220822,014,1795
1212.0835,1212.093,36640.0,49526.0,Pipistrellus nathusii,0.436,0.497,-1,Echolocation,/mnt/ubna_data_01_mir/recover-20220822/UBNA_014/20220822_060000.WAV,Central Pond,recover-20220822,014,1795
1212.2645,1212.2721,37500.0,51132.0,Pipistrellus nathusii,0.287,0.356,-1,Echolocation,/mnt/ubna_data_01_mir/recover-20220822/UBNA_014/20220822_060000.WAV,Central Pond,recover-20220822,014,1795
1212.3605,1212.3677,34921.0,49976.0,Pipistrellus nathusii,0.226,0.346,-1,Echolocation,/mnt/ubna_data_01_mir/recover-20220822/UBNA_014/20220822_060000.WAV,Central Pond,recover-20220822,014,1795
1212.4515,1212.4598,37500.0,50585.0,Pipistrellus nathusii,0.128,0.229,-1,Echolocation,/mnt/ubna_data_01_mir/recover-20220822/UBNA_014/20220822_060000.WAV,Central Pond,recover-20220822,014,1795
1212.5445,1212.5531,38359.0,48835.0,Pipistrellus nathusii,0.353,0.416,-1,Echolocation,/mnt/ubna_data_01_mir/recover-20220822/UBNA_014/20220822_060000.WAV,Central Pond,recover-20220822,014,1795
1212.6455,1212.651,31484.0,47928.0,Barbastellus barbastellus,0.303,0.368,-1,Echolocation,/mnt/ubna_data_01_mir/recover-20220822/UBNA_014/20220822_060000.WAV,Central Pond,recover-20220822,014,1795
1212.7375,1212.7473,39218.0,51610.0,Pipistrellus nathusii,0.398,0.452,-1,Echolocation,/mnt/ubna_data_01_mir/recover-20220822/UBNA_014/20220822_060000.WAV,Central Pond,recover-20220822,014,1795
1212.8425,1212.8498,34062.0,51609.0,Barbastellus barbastellus,0.14,0.305,-1,Echolocation,/mnt/ubna_data_01_mir/recover-20220822/UBNA_014/20220822_060000.WAV,Central Pond,recover-20220822,014,1795
1212.9395,1212.9477,39218.0,50710.0,Pipistrellus nathusii,0.208,0.305,-1,Echolocation,/mnt/ubna_data_01_mir/recover-20220822/UBNA_014/20220822_060000.WAV,Central Pond,recover-20220822,014,1795
1213.0435,1213.0531,37500.0,51999.0,Pipistrellus nathusii,0.422,0.461,-1,Echolocation,/mnt/ubna_data_01_mir/recover-20220822/UBNA_014/20220822_060000.WAV,Central Pond,recover-20220822,014,1795
1213.2285,1213.2383,37500.0,51969.0,Pipistrellus nathusii,0.488,0.559,-1,Echolocation,/mnt/ubna_data_01_mir/recover-20220822/UBNA_014/20220822_060000.WAV,Central Pond,recover-20220822,014,1795
1213.3335,1213.3426,35781.0,53969.0,Pipistrellus nathusii,0.311,0.394,-1,Echolocation,/mnt/ubna_data_01_mir/recover-20220822/UBNA_014/20220822_060000.WAV,Central Pond,recover-20220822,014,1795
1213.4345,1213.444,37500.0,53450.0,Pipistrellus nathusii,0.409,0.486,-1,Echolocation,/mnt/ubna_data_01_mir/recover-20220822/UBNA_014/20220822_060000.WAV,Central Pond,recover-20220822,014,1795
1213.5405,1213.5495,35781.0,54801.0,Pipistrellus nathusii,0.304,0.371,-1,Echolocation,/mnt/ubna_data_01_mir/recover-20220822/UBNA_014/20220822_060000.WAV,Central Pond,recover-20220822,014,1795
1213.6495,1213.6582,38359.0,51820.0,Pipistrellus nathusii,0.493,0.521,-1,Echolocation,/mnt/ubna_data_01_mir/recover-20220822/UBNA_014/20220822_060000.WAV,Central Pond,recover-20220822,014,1795
1213.7515,1213.7594,33203.0,56748.0,Pipistrellus nathusii,0.211,0.292,-1,Echolocation,/mnt/ubna_data_01_mir/recover-20220822/UBNA_014/20220822_060000.WAV,Central Pond,recover-20220822,014,1795
1213.8585,1213.8652,30625.0,52325.0,Barbastellus barbastellus,0.202,0.245,-1,Echolocation,/mnt/ubna_data_01_mir/recover-20220822/UBNA_014/20220822_060000.WAV,Central Pond,recover-20220822,014,1795
1213.9565,1213.9656,35781.0,54499.0,Pipistrellus nathusii,0.212,0.25,-1,Echolocation,/mnt/ubna_data_01_mir/recover-20220822/UBNA_014/20220822_060000.WAV,Central Pond,recover-20220822,014,1795
1214.0535,1214.0595,32343.0,57004.0,Myotis daubentonii,0.141,0.378,-1,Echolocation,/mnt/ubna_data_01_mir/recover-20220822/UBNA_014/20220822_060000.WAV,Central Pond,recover-20220822,014,1795
1214.1515,1214.1571,33203.0,57708.0,Myotis brandtii,0.115,0.266,-1,Echolocation,/mnt/ubna_data_01_mir/recover-20220822/UBNA_014/20220822_060000.WAV,Central Pond,recover-20220822,014,1795
1214.2505,1214.2575,32343.0,57036.0,Myotis brandtii,0.119,0.329,-1,Echolocation,/mnt/ubna_data_01_mir/recover-20220822/UBNA_014/20220822_060000.WAV,Central Pond,recover-20220822,014,1795
1214.3495,1214.3557,30625.0,60672.0,Myotis daubentonii,0.267,0.463,-1,Echolocation,/mnt/ubna_data_01_mir/recover-20220822/UBNA_014/20220822_060000.WAV,Central Pond,recover-20220822,014,1795
1214.4475,1214.4537,30625.0,59818.0,Myotis daubentonii,0.188,0.483,-1,Echolocation,/mnt/ubna_data_01_mir/recover-20220822/UBNA_014/20220822_060000.WAV,Central Pond,recover-20220822,014,1795
1214.5475,1214.5537,31484.0,57498.0,Myotis daubentonii,0.162,0.42,-1,Echolocation,/mnt/ubna_data_01_mir/recover-20220822/UBNA_014/20220822_060000.WAV,Central Pond,recover-20220822,014,1795
1214.6415,1214.6479,30625.0,61375.0,Myotis daubentonii,0.174,0.366,-1,Echolocation,/mnt/ubna_data_01_mir/recover-20220822/UBNA_014/20220822_060000.WAV,Central Pond,recover-20220822,014,1795
1214.7405,1214.7469,29765.0,64509.0,Myotis daubentonii,0.195,0.347,-1,Echolocation,/mnt/ubna_data_01_mir/recover-20220822/UBNA_014/20220822_060000.WAV,Central Pond,recover-20220822,014,1795
1214.8385,1214.8448,32343.0,60235.0,Myotis brandtii,0.165,0.446,-1,Echolocation,/mnt/ubna_data_01_mir/recover-20220822/UBNA_014/20220822_060000.WAV,Central Pond,recover-20220822,014,1795
1214.9395,1214.9459,30625.0,59530.0,Myotis daubentonii,0.162,0.422,-1,Echolocation,/mnt/ubna_data_01_mir/recover-20220822/UBNA_014/20220822_060000.WAV,Central Pond,recover-20220822,014,1795
1215.0425,1215.0494,31484.0,59344.0,Myotis daubentonii,0.153,0.419,-1,Echolocation,/mnt/ubna_data_01_mir/recover-20220822/UBNA_014/20220822_060000.WAV,Central Pond,recover-20220822,014,1795
1215.1435,1215.1497,29765.0,62702.0,Myotis brandtii,0.181,0.408,-1,Echolocation,/mnt/ubna_data_01_mir/recover-20220822/UBNA_014/20220822_060000.WAV,Central Pond,recover-20220822,014,1795
1215.2455,1215.2516,28906.0,59498.0,Myotis daubentonii,0.171,0.309,-1,Echolocation,/mnt/ubna_data_01_mir/recover-20220822/UBNA_014/20220822_060000.WAV,Central Pond,recover-20220822,014,1795
1215.3485,1215.3558,30625.0,58598.0,Myotis daubentonii,0.126,0.366,-1,Echolocation,/mnt/ubna_data_01_mir/recover-20220822/UBNA_014/20220822_060000.WAV,Central Pond,recover-20220822,014,1795
1215.4495,1215.4557,28046.0,62402.0,Myotis daubentonii,0.175,0.346,-1,Echolocation,/mnt/ubna_data_01_mir/recover-20220822/UBNA_014/20220822_060000.WAV,Central Pond,recover-20220822,014,1795
1215.5485,1215.5551,30625.0,57751.0,Myotis daubentonii,0.172,0.369,-1,Echolocation,/mnt/ubna_data_01_mir/recover-20220822/UBNA_014/20220822_060000.WAV,Central Pond,recover-20220822,014,1795
1215.6485,1215.6548,29765.0,63218.0,Myotis daubentonii,0.185,0.334,-1,Echolocation,/mnt/ubna_data_01_mir/recover-20220822/UBNA_014/20220822_060000.WAV,Central Pond,recover-20220822,014,1795
1215.7485,1215.755,32343.0,54657.0,Myotis daubentonii,0.175,0.329,-1,Echolocation,/mnt/ubna_data_01_mir/recover-20220822/UBNA_014/20220822_060000.WAV,Central Pond,recover-20220822,014,1795
1215.7495,1215.755,46093.0,54291.0,Pipistrellus nathusii,0.144,0.205,-1,Echolocation,/mnt/ubna_data_01_mir/recover-20220822/UBNA_014/20220822_060000.WAV,Central Pond,recover-20220822,014,1795
1215.8485,1215.8548,32343.0,62417.0,Myotis daubentonii,0.164,0.471,-1,Echolocation,/mnt/ubna_data_01_mir/recover-20220822/UBNA_014/20220822_060000.WAV,Central Pond,recover-20220822,014,1795
1215.9455,1215.9514,29765.0,55151.0,Myotis daubentonii,0.234,0.544,-1,Echolocation,/mnt/ubna_data_01_mir/recover-20220822/UBNA_014/20220822_060000.WAV,Central Pond,recover-20220822,014,1795
1216.0445,1216.0521,33203.0,61658.0,Pipistrellus nathusii,0.388,0.472,-1,Echolocation,/mnt/ubna_data_01_mir/recover-20220822/UBNA_014/20220822_060000.WAV,Central Pond,recover-20220822,014,1795
1216.1515,1216.1579,30625.0,55984.0,Barbastellus barbastellus,0.19,0.478,-1,Echolocation,/mnt/ubna_data_01_mir/recover-20220822/UBNA_014/20220822_060000.WAV,Central Pond,recover-20220822,014,1795
1216.2505,1216.2578,34062.0,59839.0,Pipistrellus nathusii,0.301,0.409,-1,Echolocation,/mnt/ubna_data_01_mir/recover-20220822/UBNA_014/20220822_060000.WAV,Central Pond,recover-20220822,014,1795
1216.3585,1216.3654,35781.0,53890.0,Pipistrellus nathusii,0.175,0.398,-1,Echolocation,/mnt/ubna_data_01_mir/recover-20220822/UBNA_014/20220822_060000.WAV,Central Pond,recover-20220822,014,1795
1216.5465,1216.553,33203.0,58757.0,Pipistrellus nathusii,0.145,0.354,-1,Echolocation,/mnt/ubna_data_01_mir/recover-20220822/UBNA_014/20220822_060000.WAV,Central Pond,recover-20220822,014,1795
1216.5495,1216.5549,41796.0,52549.0,Pipistrellus nathusii,0.155,0.23,-1,Echolocation,/mnt/ubna_data_01_mir/recover-20220822/UBNA_014/20220822_060000.WAV,Central Pond,recover-20220822,014,1795
1216.6535,1216.6611,35781.0,50434.0,Pipistrellus nathusii,0.172,0.396,-1,Echolocation,/mnt/ubna_data_01_mir/recover-20220822/UBNA_014/20220822_060000.WAV,Central Pond,recover-20220822,014,1795
1216.7605,1216.7667,31484.0,57922.0,Pipistrellus nathusii,0.215,0.496,-1,Echolocation,/mnt/ubna_data_01_mir/recover-20220822/UBNA_014/20220822_060000.WAV,Central Pond,recover-20220822,014,1795
1216.8685,1216.8753,34062.0,49606.0,Barbastellus barbastellus,0.243,0.444,-1,Echolocation,/mnt/ubna_data_01_mir/recover-20220822/UBNA_014/20220822_060000.WAV,Central Pond,recover-20220822,014,1795
1216.9705,1216.9769000000001,32343.0,60226.0,Pipistrellus nathusii,0.182,0.424,-1,Echolocation,/mnt/ubna_data_01_mir/recover-20220822/UBNA_014/20220822_060000.WAV,Central Pond,recover-20220822,014,1795
1217.0685,1217.0751,31484.0,56966.0,Pipistrellus nathusii,0.235,0.47,-1,Echolocation,/mnt/ubna_data_01_mir/recover-20220822/UBNA_014/20220822_060000.WAV,Central Pond,recover-20220822,014,1795
1217.1715,1217.1781,30625.0,54222.0,Barbastellus barbastellus,0.223,0.477,-1,Echolocation,/mnt/ubna_data_01_mir/recover-20220822/UBNA_014/20220822_060000.WAV,Central Pond,recover-20220822,014,1795
1217.2745,1217.2805,33203.0,56200.0,Pipistrellus nathusii,0.184,0.386,-1,Echolocation,/mnt/ubna_data_01_mir/recover-20220822/UBNA_014/20220822_060000.WAV,Central Pond,recover-20220822,014,1795
1217.3835,1217.3886,34062.0,45652.0,Barbastellus barbastellus,0.257,0.316,-1,Echolocation,/mnt/ubna_data_01_mir/recover-20220822/UBNA_014/20220822_060000.WAV,Central Pond,recover-20220822,014,1795
1217.5625,1217.5696,35781.0,50439.0,Pipistrellus nathusii,0.249,0.365,-1,Echolocation,/mnt/ubna_data_01_mir/recover-20220822/UBNA_014/20220822_060000.WAV,Central Pond,recover-20220822,014,1795
1217.6685,1217.6742,33203.0,47807.0,Barbastellus barbastellus,0.195,0.432,-1,Echolocation,/mnt/ubna_data_01_mir/recover-20220822/UBNA_014/20220822_060000.WAV,Central Pond,recover-20220822,014,1795
1217.7715,1217.7794,37500.0,46284.0,Pipistrellus nathusii,0.249,0.344,-1,Echolocation,/mnt/ubna_data_01_mir/recover-20220822/UBNA_014/20220822_060000.WAV,Central Pond,recover-20220822,014,1795
1217.8755,1217.8824,36640.0,50028.0,Pipistrellus nathusii,0.329,0.454,-1,Echolocation,/mnt/ubna_data_01_mir/recover-20220822/UBNA_014/20220822_060000.WAV,Central Pond,recover-20220822,014,1795
1217.9715,1217.9796,36640.0,49011.0,Pipistrellus nathusii,0.434,0.534,-1,Echolocation,/mnt/ubna_data_01_mir/recover-20220822/UBNA_014/20220822_060000.WAV,Central Pond,recover-20220822,014,1795
1218.0705,1218.0784,38359.0,50655.0,Pipistrellus nathusii,0.613,0.668,-1,Echolocation,/mnt/ubna_data_01_mir/recover-20220822/UBNA_014/20220822_060000.WAV,Central Pond,recover-20220822,014,1795
1218.2825,1218.29,37500.0,53520.0,Pipistrellus nathusii,0.518,0.591,-1,Echolocation,/mnt/ubna_data_01_mir/recover-20220822/UBNA_014/20220822_060000.WAV,Central Pond,recover-20220822,014,1795
1218.5725,1218.5826,37500.0,46976.0,Pipistrellus nathusii,0.376,0.448,-1,Echolocation,/mnt/ubna_data_01_mir/recover-20220822/UBNA_014/20220822_060000.WAV,Central Pond,recover-20220822,014,1795
1218.6665,1218.6764,37500.0,46967.0,Pipistrellus nathusii,0.473,0.502,-1,Echolocation,/mnt/ubna_data_01_mir/recover-20220822/UBNA_014/20220822_060000.WAV,Central Pond,recover-20220822,014,1795
1218.7615,1218.7702,38359.0,50337.0,Pipistrellus nathusii,0.491,0.539,-1,Echolocation,/mnt/ubna_data_01_mir/recover-20220822/UBNA_014/20220822_060000.WAV,Central Pond,recover-20220822,014,1795
1219.0505,1219.0586,39218.0,49830.0,Pipistrellus nathusii,0.418,0.486,-1,Echolocation,/mnt/ubna_data_01_mir/recover-20220822/UBNA_014/20220822_060000.WAV,Central Pond,recover-20220822,014,1795
1219.3305,1219.3398,38359.0,49782.0,Pipistrellus nathusii,0.37,0.458,-1,Echolocation,/mnt/ubna_data_01_mir/recover-20220822/UBNA_014/20220822_060000.WAV,Central Pond,recover-20220822,014,1795
1219.6165,1219.6247,38359.0,46480.0,Pipistrellus nathusii,0.416,0.465,-1,Echolocation,/mnt/ubna_data_01_mir/recover-20220822/UBNA_014/20220822_060000.WAV,Central Pond,recover-20220822,014,1795
1219.7185,1219.7267,36640.0,49478.0,Pipistrellus nathusii,0.514,0.584,-1,Echolocation,/mnt/ubna_data_01_mir/recover-20220822/UBNA_014/20220822_060000.WAV,Central Pond,recover-20220822,014,1795
1219.8175,1219.8276,38359.0,43546.0,Pipistrellus nathusii,0.231,0.287,-1,Echolocation,/mnt/ubna_data_01_mir/recover-20220822/UBNA_014/20220822_060000.WAV,Central Pond,recover-20220822,014,1795
1219.9165,1219.9257,38359.0,47893.0,Pipistrellus nathusii,0.566,0.607,-1,Echolocation,/mnt/ubna_data_01_mir/recover-20220822/UBNA_014/20220822_060000.WAV,Central Pond,recover-20220822,014,1795
1220.0255,1220.0341,38359.0,47860.0,Pipistrellus nathusii,0.572,0.593,-1,Echolocation,/mnt/ubna_data_01_mir/recover-20220822/UBNA_014/20220822_060000.WAV,Central Pond,recover-20220822,014,1795
1220.1325,1220.1418,38359.0,44736.0,Pipistrellus nathusii,0.416,0.453,-1,Echolocation,/mnt/ubna_data_01_mir/recover-20220822/UBNA_014/20220822_060000.WAV,Central Pond,recover-20220822,014,1795
1220.4235,1220.4349,37500.0,45496.0,Pipistrellus nathusii,0.469,0.525,-1,Echolocation,/mnt/ubna_data_01_mir/recover-20220822/UBNA_014/20220822_060000.WAV,Central Pond,recover-20220822,014,1795
1238.0235,1238.0302,20312.0,29261.0,Plecotus austriacus,0.122,0.206,-1,Echolocation,/mnt/ubna_data_01_mir/recover-20220822/UBNA_014/20220822_060000.WAV,Central Pond,recover-20220822,014,1795
1330.1465,1330.1556,37500.0,46977.0,Pipistrellus nathusii,0.209,0.263,-1,Echolocation,/mnt/ubna_data_01_mir/recover-20220822/UBNA_014/20220822_060000.WAV,Central Pond,recover-20220822,014,1795
1330.2395,1330.2493,39218.0,47730.0,Pipistrellus nathusii,0.28,0.298,-1,Echolocation,/mnt/ubna_data_01_mir/recover-20220822/UBNA_014/20220822_060000.WAV,Central Pond,recover-20220822,014,1795
1330.3355,1330.3444,38359.0,48995.0,Pipistrellus nathusii,0.512,0.546,-1,Echolocation,/mnt/ubna_data_01_mir/recover-20220822/UBNA_014/20220822_060000.WAV,Central Pond,recover-20220822,014,1795
1330.4345,1330.4424,36640.0,48176.0,Pipistrellus nathusii,0.383,0.472,-1,Echolocation,/mnt/ubna_data_01_mir/recover-20220822/UBNA_014/20220822_060000.WAV,Central Pond,recover-20220822,014,1795
1330.5385,1330.5459,37500.0,51714.0,Pipistrellus nathusii,0.391,0.432,-1,Echolocation,/mnt/ubna_data_01_mir/recover-20220822/UBNA_014/20220822_060000.WAV,Central Pond,recover-20220822,014,1795
1330.6435,1330.6536,39218.0,49944.0,Pipistrellus nathusii,0.473,0.543,-1,Echolocation,/mnt/ubna_data_01_mir/recover-20220822/UBNA_014/20220822_060000.WAV,Central Pond,recover-20220822,014,1795
1330.7435,1330.7527,39218.0,47967.0,Pipistrellus nathusii,0.527,0.553,-1,Echolocation,/mnt/ubna_data_01_mir/recover-20220822/UBNA_014/20220822_060000.WAV,Central Pond,recover-20220822,014,1795
1330.9265,1330.935,39218.0,51102.0,Pipistrellus nathusii,0.483,0.531,-1,Echolocation,/mnt/ubna_data_01_mir/recover-20220822/UBNA_014/20220822_060000.WAV,Central Pond,recover-20220822,014,1795
1331.0305,1331.0394000000001,38359.0,53336.0,Pipistrellus nathusii,0.36,0.438,-1,Echolocation,/mnt/ubna_data_01_mir/recover-20220822/UBNA_014/20220822_060000.WAV,Central Pond,recover-20220822,014,1795
1331.1335,1331.1402,34921.0,48281.0,Pipistrellus nathusii,0.148,0.345,-1,Echolocation,/mnt/ubna_data_01_mir/recover-20220822/UBNA_014/20220822_060000.WAV,Central Pond,recover-20220822,014,1795
1331.2345,1331.2421,38359.0,47754.0,Pipistrellus nathusii,0.357,0.418,-1,Echolocation,/mnt/ubna_data_01_mir/recover-20220822/UBNA_014/20220822_060000.WAV,Central Pond,recover-20220822,014,1795
1331.3285,1331.3366,37500.0,51274.0,Pipistrellus nathusii,0.238,0.334,-1,Echolocation,/mnt/ubna_data_01_mir/recover-20220822/UBNA_014/20220822_060000.WAV,Central Pond,recover-20220822,014,1795
1331.4225,1331.432,37500.0,57249.0,Pipistrellus nathusii,0.344,0.42,-1,Echolocation,/mnt/ubna_data_01_mir/recover-20220822/UBNA_014/20220822_060000.WAV,Central Pond,recover-20220822,014,1795
1331.5225,1331.5316,37500.0,49422.0,Pipistrellus nathusii,0.502,0.539,-1,Echolocation,/mnt/ubna_data_01_mir/recover-20220822/UBNA_014/20220822_060000.WAV,Central Pond,recover-20220822,014,1795
1331.6155,1331.6245,39218.0,51526.0,Pipistrellus nathusii,0.508,0.579,-1,Echolocation,/mnt/ubna_data_01_mir/recover-20220822/UBNA_014/20220822_060000.WAV,Central Pond,recover-20220822,014,1795
1331.7125,1331.7227,40078.0,45446.0,Pipistrellus nathusii,0.276,0.289,-1,Echolocation,/mnt/ubna_data_01_mir/recover-20220822/UBNA_014/20220822_060000.WAV,Central Pond,recover-20220822,014,1795
1331.8855,1331.8953,37500.0,49950.0,Pipistrellus nathusii,0.521,0.577,-1,Echolocation,/mnt/ubna_data_01_mir/recover-20220822/UBNA_014/20220822_060000.WAV,Central Pond,recover-20220822,014,1795
1332.7035,1332.7132,37500.0,42250.0,Pipistrellus nathusii,0.261,0.358,-1,Echolocation,/mnt/ubna_data_01_mir/recover-20220822/UBNA_014/20220822_060000.WAV,Central Pond,recover-20220822,014,1795
1382.5325,1382.5404,40078.0,45543.0,Pipistrellus nathusii,0.48,0.499,-1,Echolocation,/mnt/ubna_data_01_mir/recover-20220822/UBNA_014/20220822_060000.WAV,Central Pond,recover-20220822,014,1795
1382.8635,1382.8728,39218.0,45054.0,Pipistrellus nathusii,0.416,0.443,-1,Echolocation,/mnt/ubna_data_01_mir/recover-20220822/UBNA_014/20220822_060000.WAV,Central Pond,recover-20220822,014,1795
1383.1395,1383.1501,39218.0,43843.0,Pipistrellus nathusii,0.3,0.321,-1,Echolocation,/mnt/ubna_data_01_mir/recover-20220822/UBNA_014/20220822_060000.WAV,Central Pond,recover-20220822,014,1795
1383.2675,1383.2782,39218.0,44561.0,Pipistrellus nathusii,0.309,0.333,-1,Echolocation,/mnt/ubna_data_01_mir/recover-20220822/UBNA_014/20220822_060000.WAV,Central Pond,recover-20220822,014,1795
1383.4735,1383.4836,40078.0,50510.0,Pipistrellus nathusii,0.351,0.423,-1,Echolocation,/mnt/ubna_data_01_mir/recover-20220822/UBNA_014/20220822_060000.WAV,Central Pond,recover-20220822,014,1795
1383.5915,1383.6023,38359.0,43294.0,Pipistrellus nathusii,0.213,0.277,-1,Echolocation,/mnt/ubna_data_01_mir/recover-20220822/UBNA_014/20220822_060000.WAV,Central Pond,recover-20220822,014,1795
1383.8195,1383.8278,38359.0,47113.0,Pipistrellus nathusii,0.31,0.366,-1,Echolocation,/mnt/ubna_data_01_mir/recover-20220822/UBNA_014/20220822_060000.WAV,Central Pond,recover-20220822,014,1795
1384.1545,1384.1642,39218.0,44555.0,Pipistrellus nathusii,0.455,0.488,-1,Echolocation,/mnt/ubna_data_01_mir/recover-20220822/UBNA_014/20220822_060000.WAV,Central Pond,recover-20220822,014,1795
1384.5025,1384.5106,40078.0,45877.0,Pipistrellus nathusii,0.475,0.524,-1,Echolocation,/mnt/ubna_data_01_mir/recover-20220822/UBNA_014/20220822_060000.WAV,Central Pond,recover-20220822,014,1795
1384.8295,1384.8407,39218.0,42992.0,Pipistrellus nathusii,0.18,0.211,-1,Echolocation,/mnt/ubna_data_01_mir/recover-20220822/UBNA_014/20220822_060000.WAV,Central Pond,recover-20220822,014,1795
1442.5005,1442.5109,39218.0,43770.0,Pipistrellus nathusii,0.248,0.262,-1,Echolocation,/mnt/ubna_data_01_mir/recover-20220822/UBNA_014/20220822_060000.WAV,Central Pond,recover-20220822,014,1795
1442.7075,1442.7154,40078.0,50274.0,Pipistrellus nathusii,0.486,0.525,-1,Echolocation,/mnt/ubna_data_01_mir/recover-20220822/UBNA_014/20220822_060000.WAV,Central Pond,recover-20220822,014,1795
1442.8285,1442.8389,40078.0,43968.0,Pipistrellus nathusii,0.334,0.348,-1,Echolocation,/mnt/ubna_data_01_mir/recover-20220822/UBNA_014/20220822_060000.WAV,Central Pond,recover-20220822,014,1795
1442.9425,1442.953,40078.0,44191.0,Pipistrellus nathusii,0.276,0.287,-1,Echolocation,/mnt/ubna_data_01_mir/recover-20220822/UBNA_014/20220822_060000.WAV,Central Pond,recover-20220822,014,1795
1443.1365,1443.145,40078.0,47221.0,Pipistrellus nathusii,0.444,0.464,-1,Echolocation,/mnt/ubna_data_01_mir/recover-20220822/UBNA_014/20220822_060000.WAV,Central Pond,recover-20220822,014,1795
1443.2405,1443.2492,40937.0,48084.0,Pipistrellus nathusii,0.449,0.504,-1,Echolocation,/mnt/ubna_data_01_mir/recover-20220822/UBNA_014/20220822_060000.WAV,Central Pond,recover-20220822,014,1795
1443.3595,1443.3688,39218.0,44846.0,Pipistrellus nathusii,0.446,0.488,-1,Echolocation,/mnt/ubna_data_01_mir/recover-20220822/UBNA_014/20220822_060000.WAV,Central Pond,recover-20220822,014,1795
1443.5625,1443.5725,40937.0,46964.0,Pipistrellus nathusii,0.345,0.365,-1,Echolocation,/mnt/ubna_data_01_mir/recover-20220822/UBNA_014/20220822_060000.WAV,Central Pond,recover-20220822,014,1795
1443.6665,1443.6761,40078.0,49384.0,Pipistrellus nathusii,0.553,0.646,-1,Echolocation,/mnt/ubna_data_01_mir/recover-20220822/UBNA_014/20220822_060000.WAV,Central Pond,recover-20220822,014,1795
1443.7785,1443.7886,40078.0,50465.0,Pipistrellus nathusii,0.503,0.595,-1,Echolocation,/mnt/ubna_data_01_mir/recover-20220822/UBNA_014/20220822_060000.WAV,Central Pond,recover-20220822,014,1795
1443.8885,1443.8967,40078.0,48491.0,Pipistrellus nathusii,0.476,0.499,-1,Echolocation,/mnt/ubna_data_01_mir/recover-20220822/UBNA_014/20220822_060000.WAV,Central Pond,recover-20220822,014,1795
1444.1925,1444.2025,40078.0,49976.0,Pipistrellus nathusii,0.421,0.528,-1,Echolocation,/mnt/ubna_data_01_mir/recover-20220822/UBNA_014/20220822_060000.WAV,Central Pond,recover-20220822,014,1795
1444.3205,1444.3298,40937.0,52412.0,Pipistrellus nathusii,0.453,0.581,-1,Echolocation,/mnt/ubna_data_01_mir/recover-20220822/UBNA_014/20220822_060000.WAV,Central Pond,recover-20220822,014,1795
1444.3905,1444.3994,40937.0,56647.0,Pipistrellus nathusii,0.437,0.538,-1,Echolocation,/mnt/ubna_data_01_mir/recover-20220822/UBNA_014/20220822_060000.WAV,Central Pond,recover-20220822,014,1795
1444.4515,1444.4579,40078.0,50760.0,Pipistrellus nathusii,0.195,0.259,-1,Echolocation,/mnt/ubna_data_01_mir/recover-20220822/UBNA_014/20220822_060000.WAV,Central Pond,recover-20220822,014,1795
1445.7035,1445.7122,40078.0,47428.0,Pipistrellus nathusii,0.438,0.49,-1,Echolocation,/mnt/ubna_data_01_mir/recover-20220822/UBNA_014/20220822_060000.WAV,Central Pond,recover-20220822,014,1795
1446.0985,1446.1076,40078.0,45270.0,Pipistrellus nathusii,0.325,0.355,-1,Echolocation,/mnt/ubna_data_01_mir/recover-20220822/UBNA_014/20220822_060000.WAV,Central Pond,recover-20220822,014,1795
1446.2995,1446.3088,40937.0,48647.0,Pipistrellus nathusii,0.445,0.501,-1,Echolocation,/mnt/ubna_data_01_mir/recover-20220822/UBNA_014/20220822_060000.WAV,Central Pond,recover-20220822,014,1795
1446.5035,1446.5124,40078.0,46599.0,Pipistrellus nathusii,0.364,0.404,-1,Echolocation,/mnt/ubna_data_01_mir/recover-20220822/UBNA_014/20220822_060000.WAV,Central Pond,recover-20220822,014,1795
1449.4525,1449.4616,39218.0,44202.0,Pipistrellus nathusii,0.326,0.38,-1,Echolocation,/mnt/ubna_data_01_mir/recover-20220822/UBNA_014/20220822_060000.WAV,Central Pond,recover-20220822,014,1795
1455.0915,1455.1019000000001,38359.0,43876.0,Pipistrellus nathusii,0.246,0.31,-1,Echolocation,/mnt/ubna_data_01_mir/recover-20220822/UBNA_014/20220822_060000.WAV,Central Pond,recover-20220822,014,1795
1471.4615,1471.4656,17734.0,34664.0,Plecotus auritus,0.181,0.325,-1,Echolocation,/mnt/ubna_data_01_mir/recover-20220822/UBNA_014/20220822_060000.WAV,Central Pond,recover-20220822,014,1795
1497.6435,1497.649,20312.0,31671.0,Plecotus auritus,0.147,0.282,-1,Echolocation,/mnt/ubna_data_01_mir/recover-20220822/UBNA_014/20220822_060000.WAV,Central Pond,recover-20220822,014,1795
1499.0125,1499.0185,18593.0,29191.0,Plecotus austriacus,0.129,0.206,-1,Echolocation,/mnt/ubna_data_01_mir/recover-20220822/UBNA_014/20220822_060000.WAV,Central Pond,recover-20220822,014,1795
1532.8265,1532.8317,16875.0,31883.0,Plecotus austriacus,0.131,0.202,-1,Echolocation,/mnt/ubna_data_01_mir/recover-20220822/UBNA_014/20220822_060000.WAV,Central Pond,recover-20220822,014,1795
1534.3265,1534.3311,17734.0,36236.0,Plecotus austriacus,0.18,0.249,-1,Echolocation,/mnt/ubna_data_01_mir/recover-20220822/UBNA_014/20220822_060000.WAV,Central Pond,recover-20220822,014,1795
1551.5735,1551.5811,21171.0,29689.0,Plecotus austriacus,0.109,0.267,-1,Echolocation,/mnt/ubna_data_01_mir/recover-20220822/UBNA_014/20220822_060000.WAV,Central Pond,recover-20220822,014,1795
1648.7035,1648.7152,23750.0,30802.0,Nyctalus leisleri,0.131,0.368,-1,Echolocation,/mnt/ubna_data_01_mir/recover-20220822/UBNA_014/20220822_060000.WAV,Central Pond,recover-20220822,014,1795
1721.9755,1721.9873,34921.0,40411.0,Pipistrellus nathusii,0.136,0.239,-1,Echolocation,/mnt/ubna_data_01_mir/recover-20220822/UBNA_014/20220822_060000.WAV,Central Pond,recover-20220822,014,1795
1759.3945,1759.4006,16875.0,28791.0,Plecotus austriacus,0.138,0.22,-1,Echolocation,/mnt/ubna_data_01_mir/recover-20220822/UBNA_014/20220822_060000.WAV,Central Pond,recover-20220822,014,1795
1769.5415,1769.5505,39218.0,44538.0,Pipistrellus nathusii,0.244,0.28,-1,Echolocation,/mnt/ubna_data_01_mir/recover-20220822/UBNA_014/20220822_060000.WAV,Central Pond,recover-20220822,014,1795
1770.0865,1770.0954,37500.0,47117.0,Pipistrellus nathusii,0.39,0.498,-1,Echolocation,/mnt/ubna_data_01_mir/recover-20220822/UBNA_014/20220822_060000.WAV,Central Pond,recover-20220822,014,1795
1770.3705,1770.3782,40078.0,48313.0,Pipistrellus nathusii,0.517,0.558,-1,Echolocation,/mnt/ubna_data_01_mir/recover-20220822/UBNA_014/20220822_060000.WAV,Central Pond,recover-20220822,014,1795
1770.5615,1770.569,39218.0,47862.0,Pipistrellus nathusii,0.458,0.517,-1,Echolocation,/mnt/ubna_data_01_mir/recover-20220822/UBNA_014/20220822_060000.WAV,Central Pond,recover-20220822,014,1795
1770.6575,1770.6659,38359.0,49391.0,Pipistrellus nathusii,0.293,0.423,-1,Echolocation,/mnt/ubna_data_01_mir/recover-20220822/UBNA_014/20220822_060000.WAV,Central Pond,recover-20220822,014,1795
1770.7535,1770.7617,39218.0,49346.0,Pipistrellus nathusii,0.404,0.472,-1,Echolocation,/mnt/ubna_data_01_mir/recover-20220822/UBNA_014/20220822_060000.WAV,Central Pond,recover-20220822,014,1795
1770.8495,1770.8575,38359.0,48143.0,Pipistrellus nathusii,0.39,0.455,-1,Echolocation,/mnt/ubna_data_01_mir/recover-20220822/UBNA_014/20220822_060000.WAV,Central Pond,recover-20220822,014,1795
1770.9435,1770.9482,17734.0,29567.0,Plecotus auritus,0.163,0.22,-1,Echolocation,/mnt/ubna_data_01_mir/recover-20220822/UBNA_014/20220822_060000.WAV,Central Pond,recover-20220822,014,1795
1770.9495,1770.9576,38359.0,48295.0,Pipistrellus nathusii,0.253,0.292,-1,Echolocation,/mnt/ubna_data_01_mir/recover-20220822/UBNA_014/20220822_060000.WAV,Central Pond,recover-20220822,014,1795
1771.0515,1771.058,37500.0,49046.0,Pipistrellus nathusii,0.232,0.395,-1,Echolocation,/mnt/ubna_data_01_mir/recover-20220822/UBNA_014/20220822_060000.WAV,Central Pond,recover-20220822,014,1795
1771.1565,1771.1643,34062.0,51314.0,Pipistrellus nathusii,0.281,0.496,-1,Echolocation,/mnt/ubna_data_01_mir/recover-20220822/UBNA_014/20220822_060000.WAV,Central Pond,recover-20220822,014,1795
1771.2605,1771.2682,34921.0,49667.0,Pipistrellus nathusii,0.187,0.351,-1,Echolocation,/mnt/ubna_data_01_mir/recover-20220822/UBNA_014/20220822_060000.WAV,Central Pond,recover-20220822,014,1795
1771.3655,1771.3732,35781.0,48917.0,Pipistrellus nathusii,0.202,0.432,-1,Echolocation,/mnt/ubna_data_01_mir/recover-20220822/UBNA_014/20220822_060000.WAV,Central Pond,recover-20220822,014,1795
1771.4705,1771.4795,34062.0,51412.0,Pipistrellus nathusii,0.412,0.511,-1,Echolocation,/mnt/ubna_data_01_mir/recover-20220822/UBNA_014/20220822_060000.WAV,Central Pond,recover-20220822,014,1795
1771.5745,1771.5833,35781.0,48162.0,Pipistrellus nathusii,0.191,0.315,-1,Echolocation,/mnt/ubna_data_01_mir/recover-20220822/UBNA_014/20220822_060000.WAV,Central Pond,recover-20220822,014,1795
1771.6825,1771.6909,38359.0,49853.0,Pipistrellus nathusii,0.472,0.543,-1,Echolocation,/mnt/ubna_data_01_mir/recover-20220822/UBNA_014/20220822_060000.WAV,Central Pond,recover-20220822,014,1795
1771.9195,1771.9277,37500.0,49401.0,Pipistrellus nathusii,0.503,0.554,-1,Echolocation,/mnt/ubna_data_01_mir/recover-20220822/UBNA_014/20220822_060000.WAV,Central Pond,recover-20220822,014,1795
1772.0015,1772.0062,37500.0,45803.0,Pipistrellus nathusii,0.194,0.212,-1,Echolocation,/mnt/ubna_data_01_mir/recover-20220822/UBNA_014/20220822_060000.WAV,Central Pond,recover-20220822,014,1795
1772.0795,1772.0878,36640.0,50671.0,Pipistrellus nathusii,0.328,0.513,-1,Echolocation,/mnt/ubna_data_01_mir/recover-20220822/UBNA_014/20220822_060000.WAV,Central Pond,recover-20220822,014,1795
1772.1645,1772.1716,34062.0,51501.0,Pipistrellus nathusii,0.269,0.507,-1,Echolocation,/mnt/ubna_data_01_mir/recover-20220822/UBNA_014/20220822_060000.WAV,Central Pond,recover-20220822,014,1795
1772.2435,1772.2502,34921.0,54774.0,Pipistrellus nathusii,0.201,0.426,-1,Echolocation,/mnt/ubna_data_01_mir/recover-20220822/UBNA_014/20220822_060000.WAV,Central Pond,recover-20220822,014,1795
1772.3175,1772.324,35781.0,52044.0,Pipistrellus nathusii,0.278,0.478,-1,Echolocation,/mnt/ubna_data_01_mir/recover-20220822/UBNA_014/20220822_060000.WAV,Central Pond,recover-20220822,014,1795
1772.4145,1772.4201,35781.0,52447.0,Pipistrellus nathusii,0.148,0.406,-1,Echolocation,/mnt/ubna_data_01_mir/recover-20220822/UBNA_014/20220822_060000.WAV,Central Pond,recover-20220822,014,1795
1772.4835,1772.4891,34062.0,55619.0,Myotis brandtii,0.145,0.414,-1,Echolocation,/mnt/ubna_data_01_mir/recover-20220822/UBNA_014/20220822_060000.WAV,Central Pond,recover-20220822,014,1795
1772.5485,1772.5538,35781.0,53963.0,Myotis brandtii,0.154,0.426,-1,Echolocation,/mnt/ubna_data_01_mir/recover-20220822/UBNA_014/20220822_060000.WAV,Central Pond,recover-20220822,014,1795
1772.6175,1772.6228,34062.0,54353.0,Myotis brandtii,0.135,0.277,-1,Echolocation,/mnt/ubna_data_01_mir/recover-20220822/UBNA_014/20220822_060000.WAV,Central Pond,recover-20220822,014,1795
1772.6805,1772.6847,35781.0,52329.0,Myotis brandtii,0.112,0.252,-1,Echolocation,/mnt/ubna_data_01_mir/recover-20220822/UBNA_014/20220822_060000.WAV,Central Pond,recover-20220822,014,1795
1773.0205,1773.0284,40078.0,50442.0,Pipistrellus nathusii,0.485,0.581,-1,Echolocation,/mnt/ubna_data_01_mir/recover-20220822/UBNA_014/20220822_060000.WAV,Central Pond,recover-20220822,014,1795
1773.1065,1773.1148,38359.0,49067.0,Pipistrellus nathusii,0.477,0.562,-1,Echolocation,/mnt/ubna_data_01_mir/recover-20220822/UBNA_014/20220822_060000.WAV,Central Pond,recover-20220822,014,1795
1773.1955,1773.2053,38359.0,53606.0,Pipistrellus nathusii,0.409,0.506,-1,Echolocation,/mnt/ubna_data_01_mir/recover-20220822/UBNA_014/20220822_060000.WAV,Central Pond,recover-20220822,014,1795
1773.2905,1773.2987,35781.0,52790.0,Pipistrellus nathusii,0.284,0.44,-1,Echolocation,/mnt/ubna_data_01_mir/recover-20220822/UBNA_014/20220822_060000.WAV,Central Pond,recover-20220822,014,1795
1773.3855,1773.3941,35781.0,46976.0,Pipistrellus nathusii,0.199,0.358,-1,Echolocation,/mnt/ubna_data_01_mir/recover-20220822/UBNA_014/20220822_060000.WAV,Central Pond,recover-20220822,014,1795
1773.5335,1773.5403,32343.0,50153.0,Barbastellus barbastellus,0.23,0.414,-1,Echolocation,/mnt/ubna_data_01_mir/recover-20220822/UBNA_014/20220822_060000.WAV,Central Pond,recover-20220822,014,1795
1773.6325,1773.6378,34921.0,44118.0,Barbastellus barbastellus,0.321,0.447,-1,Echolocation,/mnt/ubna_data_01_mir/recover-20220822/UBNA_014/20220822_060000.WAV,Central Pond,recover-20220822,014,1795
1773.7485,1773.755,34921.0,48148.0,Pipistrellus nathusii,0.195,0.387,-1,Echolocation,/mnt/ubna_data_01_mir/recover-20220822/UBNA_014/20220822_060000.WAV,Central Pond,recover-20220822,014,1795
1774.0985,1774.1033,34921.0,46226.0,Barbastellus barbastellus,0.466,0.583,-1,Echolocation,/mnt/ubna_data_01_mir/recover-20220822/UBNA_014/20220822_060000.WAV,Central Pond,recover-20220822,014,1795
1774.2895,1774.2976,39218.0,49234.0,Pipistrellus nathusii,0.198,0.28,-1,Echolocation,/mnt/ubna_data_01_mir/recover-20220822/UBNA_014/20220822_060000.WAV,Central Pond,recover-20220822,014,1795
1774.4965,1774.5009,35781.0,46028.0,Barbastellus barbastellus,0.376,0.418,-1,Echolocation,/mnt/ubna_data_01_mir/recover-20220822/UBNA_014/20220822_060000.WAV,Central Pond,recover-20220822,014,1795
1788.7115,1788.7187,40078.0,47504.0,Pipistrellus nathusii,0.235,0.3,-1,Echolocation,/mnt/ubna_data_01_mir/recover-20220822/UBNA_014/20220822_060000.WAV,Central Pond,recover-20220822,014,1795
1788.8925,1788.8998,40078.0,46995.0,Pipistrellus nathusii,0.342,0.452,-1,Echolocation,/mnt/ubna_data_01_mir/recover-20220822/UBNA_014/20220822_060000.WAV,Central Pond,recover-20220822,014,1795
1789.0705,1789.0781,39218.0,48619.0,Pipistrellus nathusii,0.286,0.398,-1,Echolocation,/mnt/ubna_data_01_mir/recover-20220822/UBNA_014/20220822_060000.WAV,Central Pond,recover-20220822,014,1795
1789.2475,1789.2532,39218.0,51660.0,Pipistrellus nathusii,0.186,0.306,-1,Echolocation,/mnt/ubna_data_01_mir/recover-20220822/UBNA_014/20220822_060000.WAV,Central Pond,recover-20220822,014,1795
1789.3375,1789.3456,40078.0,48469.0,Pipistrellus nathusii,0.336,0.457,-1,Echolocation,/mnt/ubna_data_01_mir/recover-20220822/UBNA_014/20220822_060000.WAV,Central Pond,recover-20220822,014,1795
1789.4265,1789.4333,34921.0,51367.0,Pipistrellus nathusii,0.139,0.336,-1,Echolocation,/mnt/ubna_data_01_mir/recover-20220822/UBNA_014/20220822_060000.WAV,Central Pond,recover-20220822,014,1795
1789.5145,1789.5215,39218.0,50375.0,Pipistrellus nathusii,0.384,0.484,-1,Echolocation,/mnt/ubna_data_01_mir/recover-20220822/UBNA_014/20220822_060000.WAV,Central Pond,recover-20220822,014,1795
1789.6045,1789.6128,35781.0,48948.0,Pipistrellus nathusii,0.223,0.354,-1,Echolocation,/mnt/ubna_data_01_mir/recover-20220822/UBNA_014/20220822_060000.WAV,Central Pond,recover-20220822,014,1795
1789.6975,1789.7057,34062.0,48561.0,Barbastellus barbastellus,0.161,0.361,-1,Echolocation,/mnt/ubna_data_01_mir/recover-20220822/UBNA_014/20220822_060000.WAV,Central Pond,recover-20220822,014,1795
1789.7915,1789.7978,35781.0,51240.0,Pipistrellus nathusii,0.194,0.397,-1,Echolocation,/mnt/ubna_data_01_mir/recover-20220822/UBNA_014/20220822_060000.WAV,Central Pond,recover-20220822,014,1795
1789.8875,1789.8967,33203.0,49041.0,Pipistrellus nathusii,0.236,0.374,-1,Echolocation,/mnt/ubna_data_01_mir/recover-20220822/UBNA_014/20220822_060000.WAV,Central Pond,recover-20220822,014,1795
1789.9845,1789.993,39218.0,48574.0,Pipistrellus nathusii,0.432,0.502,-1,Echolocation,/mnt/ubna_data_01_mir/recover-20220822/UBNA_014/20220822_060000.WAV,Central Pond,recover-20220822,014,1795
1790.0805,1790.0889,38359.0,50362.0,Pipistrellus nathusii,0.338,0.433,-1,Echolocation,/mnt/ubna_data_01_mir/recover-20220822/UBNA_014/20220822_060000.WAV,Central Pond,recover-20220822,014,1795
1790.1725,1790.1816,39218.0,48057.0,Pipistrellus nathusii,0.305,0.365,-1,Echolocation,/mnt/ubna_data_01_mir/recover-20220822/UBNA_014/20220822_060000.WAV,Central Pond,recover-20220822,014,1795
1790.2645,1790.2728,38359.0,48716.0,Pipistrellus nathusii,0.31,0.407,-1,Echolocation,/mnt/ubna_data_01_mir/recover-20220822/UBNA_014/20220822_060000.WAV,Central Pond,recover-20220822,014,1795
1790.3555,1790.3655,34921.0,48197.0,Pipistrellus nathusii,0.311,0.403,-1,Echolocation,/mnt/ubna_data_01_mir/recover-20220822/UBNA_014/20220822_060000.WAV,Central Pond,recover-20220822,014,1795
1790.4485,1790.4569,37500.0,52550.0,Pipistrellus nathusii,0.543,0.594,-1,Echolocation,/mnt/ubna_data_01_mir/recover-20220822/UBNA_014/20220822_060000.WAV,Central Pond,recover-20220822,014,1795
1790.5785,1790.5879,38359.0,53214.0,Pipistrellus nathusii,0.337,0.425,-1,Echolocation,/mnt/ubna_data_01_mir/recover-20220822/UBNA_014/20220822_060000.WAV,Central Pond,recover-20220822,014,1795
1790.7185,1790.7278,39218.0,50962.0,Pipistrellus nathusii,0.398,0.507,-1,Echolocation,/mnt/ubna_data_01_mir/recover-20220822/UBNA_014/20220822_060000.WAV,Central Pond,recover-20220822,014,1795
1790.8165,1790.8249,36640.0,54848.0,Pipistrellus nathusii,0.414,0.552,-1,Echolocation,/mnt/ubna_data_01_mir/recover-20220822/UBNA_014/20220822_060000.WAV,Central Pond,recover-20220822,014,1795
1790.9125,1790.9202,36640.0,49624.0,Pipistrellus nathusii,0.602,0.645,-1,Echolocation,/mnt/ubna_data_01_mir/recover-20220822/UBNA_014/20220822_060000.WAV,Central Pond,recover-20220822,014,1795
1791.0115,1791.0202,35781.0,42733.0,Pipistrellus nathusii,0.3,0.406,-1,Echolocation,/mnt/ubna_data_01_mir/recover-20220822/UBNA_014/20220822_060000.WAV,Central Pond,recover-20220822,014,1795
1791.1075,1791.1163,37500.0,49054.0,Pipistrellus nathusii,0.385,0.491,-1,Echolocation,/mnt/ubna_data_01_mir/recover-20220822/UBNA_014/20220822_060000.WAV,Central Pond,recover-20220822,014,1795
1791.2075,1791.2172,34921.0,43243.0,Pipistrellus nathusii,0.332,0.376,-1,Echolocation,/mnt/ubna_data_01_mir/recover-20220822/UBNA_014/20220822_060000.WAV,Central Pond,recover-20220822,014,1795
1791.3845,1791.3936,36640.0,45989.0,Pipistrellus nathusii,0.453,0.546,-1,Echolocation,/mnt/ubna_data_01_mir/recover-20220822/UBNA_014/20220822_060000.WAV,Central Pond,recover-20220822,014,1795
1791.4855,1791.4941,36640.0,42086.0,Pipistrellus nathusii,0.3,0.386,-1,Echolocation,/mnt/ubna_data_01_mir/recover-20220822/UBNA_014/20220822_060000.WAV,Central Pond,recover-20220822,014,1795
1791.6585,1791.6671,36640.0,42793.0,Pipistrellus nathusii,0.373,0.483,-1,Echolocation,/mnt/ubna_data_01_mir/recover-20220822/UBNA_014/20220822_060000.WAV,Central Pond,recover-20220822,014,1795
1791.7615,1791.7708,37500.0,43728.0,Pipistrellus nathusii,0.314,0.374,-1,Echolocation,/mnt/ubna_data_01_mir/recover-20220822/UBNA_014/20220822_060000.WAV,Central Pond,recover-20220822,014,1795
1791.8625,1791.8697,37500.0,48719.0,Pipistrellus nathusii,0.224,0.309,-1,Echolocation,/mnt/ubna_data_01_mir/recover-20220822/UBNA_014/20220822_060000.WAV,Central Pond,recover-20220822,014,1795
1792.1455,1792.1557,36640.0,42100.0,Pipistrellus nathusii,0.181,0.28,-1,Echolocation,/mnt/ubna_data_01_mir/recover-20220822/UBNA_014/20220822_060000.WAV,Central Pond,recover-20220822,014,1795
1792.3475,1792.3595,37500.0,41774.0,Pipistrellus nathusii,0.248,0.275,-1,Echolocation,/mnt/ubna_data_01_mir/recover-20220822/UBNA_014/20220822_060000.WAV,Central Pond,recover-20220822,014,1795
