start_time,end_time,low_freq,high_freq,class,class_prob,det_prob,individual,event,input_file,Site name,Recover Folder,SD Card,File Duration
1.7305,1.7465,22031.0,27040.0,Nyctalus noctula,0.105,0.223,-1,Echolocation,/mnt/ubna_data_01_mir/recover-20220822/UBNA_014/20220820_060000.WAV,Central Pond,recover-20220822,014,1795
81.8925,81.9097,22031.0,25672.0,Nyctalus leisleri,0.303,0.427,-1,Echolocation,/mnt/ubna_data_01_mir/recover-20220822/UBNA_014/20220820_060000.WAV,Central Pond,recover-20220822,014,1795
83.40350000000001,83.4236,22031.0,25918.0,Nyctalus leisleri,0.332,0.405,-1,Echolocation,/mnt/ubna_data_01_mir/recover-20220822/UBNA_014/20220820_060000.WAV,Central Pond,recover-20220822,014,1795
83.6945,83.7129,22031.0,25779.0,Nyctalus leisleri,0.305,0.432,-1,Echolocation,/mnt/ubna_data_01_mir/recover-20220822/UBNA_014/20220820_060000.WAV,Central Pond,recover-20220822,014,1795
84.0985,84.1185,22890.0,25609.0,Nyctalus leisleri,0.383,0.438,-1,Echolocation,/mnt/ubna_data_01_mir/recover-20220822/UBNA_014/20220820_060000.WAV,Central Pond,recover-20220822,014,1795
84.3905,84.4106,21171.0,25933.0,Nyctalus noctula,0.133,0.204,-1,Echolocation,/mnt/ubna_data_01_mir/recover-20220822/UBNA_014/20220820_060000.WAV,Central Pond,recover-20220822,014,1795
84.6805,84.7027,22031.0,25807.0,Nyctalus leisleri,0.286,0.387,-1,Echolocation,/mnt/ubna_data_01_mir/recover-20220822/UBNA_014/20220820_060000.WAV,Central Pond,recover-20220822,014,1795
85.10849999999999,85.1298,21171.0,25577.0,Nyctalus noctula,0.218,0.348,-1,Echolocation,/mnt/ubna_data_01_mir/recover-20220822/UBNA_014/20220820_060000.WAV,Central Pond,recover-20220822,014,1795
85.4075,85.4279,22031.0,26156.0,Nyctalus leisleri,0.38,0.45,-1,Echolocation,/mnt/ubna_data_01_mir/recover-20220822/UBNA_014/20220820_060000.WAV,Central Pond,recover-20220822,014,1795
86.8255,86.8464,22890.0,26339.0,Nyctalus leisleri,0.195,0.285,-1,Echolocation,/mnt/ubna_data_01_mir/recover-20220822/UBNA_014/20220820_060000.WAV,Central Pond,recover-20220822,014,1795
87.1245,87.1439,22031.0,25853.0,Nyctalus leisleri,0.285,0.352,-1,Echolocation,/mnt/ubna_data_01_mir/recover-20220822/UBNA_014/20220820_060000.WAV,Central Pond,recover-20220822,014,1795
87.4275,87.4482,22031.0,25572.0,Nyctalus leisleri,0.143,0.257,-1,Echolocation,/mnt/ubna_data_01_mir/recover-20220822/UBNA_014/20220820_060000.WAV,Central Pond,recover-20220822,014,1795
87.6155,87.6399,22890.0,27139.0,Nyctalus leisleri,0.195,0.312,-1,Echolocation,/mnt/ubna_data_01_mir/recover-20220822/UBNA_014/20220820_060000.WAV,Central Pond,recover-20220822,014,1795
87.9555,87.9772,22031.0,25333.0,Nyctalus leisleri,0.15,0.281,-1,Echolocation,/mnt/ubna_data_01_mir/recover-20220822/UBNA_014/20220820_060000.WAV,Central Pond,recover-20220822,014,1795
88.2535,88.2709,22031.0,26288.0,Nyctalus leisleri,0.488,0.582,-1,Echolocation,/mnt/ubna_data_01_mir/recover-20220822/UBNA_014/20220820_060000.WAV,Central Pond,recover-20220822,014,1795
88.9665,88.9844,22890.0,25888.0,Nyctalus leisleri,0.412,0.478,-1,Echolocation,/mnt/ubna_data_01_mir/recover-20220822/UBNA_014/20220820_060000.WAV,Central Pond,recover-20220822,014,1795
89.3895,89.4098,22031.0,26115.0,Nyctalus noctula,0.188,0.353,-1,Echolocation,/mnt/ubna_data_01_mir/recover-20220822/UBNA_014/20220820_060000.WAV,Central Pond,recover-20220822,014,1795
89.6895,89.7168,22890.0,26064.0,Nyctalus leisleri,0.176,0.248,-1,Echolocation,/mnt/ubna_data_01_mir/recover-20220822/UBNA_014/20220820_060000.WAV,Central Pond,recover-20220822,014,1795
90.0955,90.1135,22031.0,26046.0,Nyctalus leisleri,0.322,0.423,-1,Echolocation,/mnt/ubna_data_01_mir/recover-20220822/UBNA_014/20220820_060000.WAV,Central Pond,recover-20220822,014,1795
90.4955,90.5178,22031.0,26196.0,Nyctalus leisleri,0.324,0.374,-1,Echolocation,/mnt/ubna_data_01_mir/recover-20220822/UBNA_014/20220820_060000.WAV,Central Pond,recover-20220822,014,1795
90.8405,90.8573,22031.0,25621.0,Nyctalus leisleri,0.522,0.592,-1,Echolocation,/mnt/ubna_data_01_mir/recover-20220822/UBNA_014/20220820_060000.WAV,Central Pond,recover-20220822,014,1795
91.2655,91.2874,22031.0,25923.0,Nyctalus noctula,0.136,0.291,-1,Echolocation,/mnt/ubna_data_01_mir/recover-20220822/UBNA_014/20220820_060000.WAV,Central Pond,recover-20220822,014,1795
91.4425,91.4594,22890.0,26411.0,Nyctalus leisleri,0.274,0.363,-1,Echolocation,/mnt/ubna_data_01_mir/recover-20220822/UBNA_014/20220820_060000.WAV,Central Pond,recover-20220822,014,1795
91.7665,91.7877,22031.0,24769.0,Nyctalus leisleri,0.295,0.318,-1,Echolocation,/mnt/ubna_data_01_mir/recover-20220822/UBNA_014/20220820_060000.WAV,Central Pond,recover-20220822,014,1795
92.0795,92.0994,22031.0,25322.0,Nyctalus leisleri,0.428,0.457,-1,Echolocation,/mnt/ubna_data_01_mir/recover-20220822/UBNA_014/20220820_060000.WAV,Central Pond,recover-20220822,014,1795
92.4655,92.4848,22031.0,25465.0,Nyctalus leisleri,0.309,0.409,-1,Echolocation,/mnt/ubna_data_01_mir/recover-20220822/UBNA_014/20220820_060000.WAV,Central Pond,recover-20220822,014,1795
92.7785,92.8038,22031.0,26918.0,Nyctalus noctula,0.133,0.318,-1,Echolocation,/mnt/ubna_data_01_mir/recover-20220822/UBNA_014/20220820_060000.WAV,Central Pond,recover-20220822,014,1795
93.2075,93.22710000000001,22031.0,25399.0,Nyctalus leisleri,0.333,0.429,-1,Echolocation,/mnt/ubna_data_01_mir/recover-20220822/UBNA_014/20220820_060000.WAV,Central Pond,recover-20220822,014,1795
93.5285,93.5477,22890.0,24979.0,Nyctalus leisleri,0.479,0.504,-1,Echolocation,/mnt/ubna_data_01_mir/recover-20220822/UBNA_014/20220820_060000.WAV,Central Pond,recover-20220822,014,1795
93.9515,93.9737,22031.0,24960.0,Nyctalus leisleri,0.281,0.324,-1,Echolocation,/mnt/ubna_data_01_mir/recover-20220822/UBNA_014/20220820_060000.WAV,Central Pond,recover-20220822,014,1795
94.2375,94.2584,22890.0,25818.0,Nyctalus leisleri,0.417,0.457,-1,Echolocation,/mnt/ubna_data_01_mir/recover-20220822/UBNA_014/20220820_060000.WAV,Central Pond,recover-20220822,014,1795
94.4175,94.4339,22031.0,26595.0,Nyctalus leisleri,0.335,0.5,-1,Echolocation,/mnt/ubna_data_01_mir/recover-20220822/UBNA_014/20220820_060000.WAV,Central Pond,recover-20220822,014,1795
94.6155,94.6331,22031.0,26307.0,Nyctalus leisleri,0.565,0.639,-1,Echolocation,/mnt/ubna_data_01_mir/recover-20220822/UBNA_014/20220820_060000.WAV,Central Pond,recover-20220822,014,1795
94.9765,94.9949,22031.0,24872.0,Nyctalus leisleri,0.218,0.249,-1,Echolocation,/mnt/ubna_data_01_mir/recover-20220822/UBNA_014/20220820_060000.WAV,Central Pond,recover-20220822,014,1795
95.2655,95.2862,22031.0,25720.0,Nyctalus leisleri,0.428,0.478,-1,Echolocation,/mnt/ubna_data_01_mir/recover-20220822/UBNA_014/20220820_060000.WAV,Central Pond,recover-20220822,014,1795
95.5585,95.577,22031.0,25196.0,Nyctalus leisleri,0.408,0.488,-1,Echolocation,/mnt/ubna_data_01_mir/recover-20220822/UBNA_014/20220820_060000.WAV,Central Pond,recover-20220822,014,1795
95.9845,95.9999,22031.0,25829.0,Nyctalus leisleri,0.492,0.596,-1,Echolocation,/mnt/ubna_data_01_mir/recover-20220822/UBNA_014/20220820_060000.WAV,Central Pond,recover-20220822,014,1795
96.3095,96.3298,21171.0,24804.0,Nyctalus leisleri,0.262,0.367,-1,Echolocation,/mnt/ubna_data_01_mir/recover-20220822/UBNA_014/20220820_060000.WAV,Central Pond,recover-20220822,014,1795
97.0495,97.0685,21171.0,25738.0,Nyctalus leisleri,0.32,0.5,-1,Echolocation,/mnt/ubna_data_01_mir/recover-20220822/UBNA_014/20220820_060000.WAV,Central Pond,recover-20220822,014,1795
97.2265,97.2473,21171.0,25399.0,Nyctalus leisleri,0.242,0.364,-1,Echolocation,/mnt/ubna_data_01_mir/recover-20220822/UBNA_014/20220820_060000.WAV,Central Pond,recover-20220822,014,1795
98.0625,98.0784,22031.0,25250.0,Nyctalus leisleri,0.339,0.435,-1,Echolocation,/mnt/ubna_data_01_mir/recover-20220822/UBNA_014/20220820_060000.WAV,Central Pond,recover-20220822,014,1795
98.3605,98.3783,22031.0,25502.0,Nyctalus leisleri,0.328,0.432,-1,Echolocation,/mnt/ubna_data_01_mir/recover-20220822/UBNA_014/20220820_060000.WAV,Central Pond,recover-20220822,014,1795
98.6715,98.6914,22031.0,25254.0,Nyctalus leisleri,0.156,0.292,-1,Echolocation,/mnt/ubna_data_01_mir/recover-20220822/UBNA_014/20220820_060000.WAV,Central Pond,recover-20220822,014,1795
98.97749999999999,98.9926,21171.0,25763.0,Nyctalus leisleri,0.298,0.578,-1,Echolocation,/mnt/ubna_data_01_mir/recover-20220822/UBNA_014/20220820_060000.WAV,Central Pond,recover-20220822,014,1795
99.5745,99.5928,22031.0,26614.0,Nyctalus leisleri,0.224,0.426,-1,Echolocation,/mnt/ubna_data_01_mir/recover-20220822/UBNA_014/20220820_060000.WAV,Central Pond,recover-20220822,014,1795
100.5575,100.5746,21171.0,25049.0,Nyctalus leisleri,0.458,0.574,-1,Echolocation,/mnt/ubna_data_01_mir/recover-20220822/UBNA_014/20220820_060000.WAV,Central Pond,recover-20220822,014,1795
100.8385,100.8569,22031.0,26747.0,Nyctalus leisleri,0.236,0.398,-1,Echolocation,/mnt/ubna_data_01_mir/recover-20220822/UBNA_014/20220820_060000.WAV,Central Pond,recover-20220822,014,1795
101.5335,101.554,21171.0,24337.0,Nyctalus noctula,0.137,0.271,-1,Echolocation,/mnt/ubna_data_01_mir/recover-20220822/UBNA_014/20220820_060000.WAV,Central Pond,recover-20220822,014,1795
102.5135,102.5336,24609.0,28900.0,Nyctalus leisleri,0.132,0.233,-1,Echolocation,/mnt/ubna_data_01_mir/recover-20220822/UBNA_014/20220820_060000.WAV,Central Pond,recover-20220822,014,1795
103.3965,103.4199,23750.0,27462.0,Nyctalus leisleri,0.167,0.253,-1,Echolocation,/mnt/ubna_data_01_mir/recover-20220822/UBNA_014/20220820_060000.WAV,Central Pond,recover-20220822,014,1795
104.3065,104.3256,22031.0,25853.0,Nyctalus leisleri,0.271,0.348,-1,Echolocation,/mnt/ubna_data_01_mir/recover-20220822/UBNA_014/20220820_060000.WAV,Central Pond,recover-20220822,014,1795
108.3095,108.3284,22031.0,26392.0,Nyctalus noctula,0.197,0.346,-1,Echolocation,/mnt/ubna_data_01_mir/recover-20220822/UBNA_014/20220820_060000.WAV,Central Pond,recover-20220822,014,1795
108.8455,108.8614,23750.0,26898.0,Nyctalus leisleri,0.108,0.209,-1,Echolocation,/mnt/ubna_data_01_mir/recover-20220822/UBNA_014/20220820_060000.WAV,Central Pond,recover-20220822,014,1795
109.1395,109.1614,22031.0,25749.0,Nyctalus leisleri,0.171,0.255,-1,Echolocation,/mnt/ubna_data_01_mir/recover-20220822/UBNA_014/20220820_060000.WAV,Central Pond,recover-20220822,014,1795
110.5635,110.5827,21171.0,24835.0,Nyctalus leisleri,0.339,0.407,-1,Echolocation,/mnt/ubna_data_01_mir/recover-20220822/UBNA_014/20220820_060000.WAV,Central Pond,recover-20220822,014,1795
110.7075,110.723,22031.0,25902.0,Nyctalus leisleri,0.457,0.56,-1,Echolocation,/mnt/ubna_data_01_mir/recover-20220822/UBNA_014/20220820_060000.WAV,Central Pond,recover-20220822,014,1795
111.4965,111.5146,22031.0,25017.0,Nyctalus leisleri,0.444,0.499,-1,Echolocation,/mnt/ubna_data_01_mir/recover-20220822/UBNA_014/20220820_060000.WAV,Central Pond,recover-20220822,014,1795
111.9135,111.9306,22031.0,24256.0,Nyctalus leisleri,0.545,0.583,-1,Echolocation,/mnt/ubna_data_01_mir/recover-20220822/UBNA_014/20220820_060000.WAV,Central Pond,recover-20220822,014,1795
112.0575,112.07900000000001,21171.0,24706.0,Nyctalus noctula,0.179,0.299,-1,Echolocation,/mnt/ubna_data_01_mir/recover-20220822/UBNA_014/20220820_060000.WAV,Central Pond,recover-20220822,014,1795
112.2995,112.31739999999999,22031.0,25490.0,Nyctalus leisleri,0.287,0.402,-1,Echolocation,/mnt/ubna_data_01_mir/recover-20220822/UBNA_014/20220820_060000.WAV,Central Pond,recover-20220822,014,1795
112.4485,112.4678,22031.0,25287.0,Nyctalus leisleri,0.391,0.459,-1,Echolocation,/mnt/ubna_data_01_mir/recover-20220822/UBNA_014/20220820_060000.WAV,Central Pond,recover-20220822,014,1795
112.5645,112.5795,21171.0,25745.0,Nyctalus leisleri,0.446,0.583,-1,Echolocation,/mnt/ubna_data_01_mir/recover-20220822/UBNA_014/20220820_060000.WAV,Central Pond,recover-20220822,014,1795
112.7055,112.7274,21171.0,24464.0,Nyctalus noctula,0.115,0.204,-1,Echolocation,/mnt/ubna_data_01_mir/recover-20220822/UBNA_014/20220820_060000.WAV,Central Pond,recover-20220822,014,1795
114.9385,114.9593,21171.0,25287.0,Nyctalus leisleri,0.229,0.377,-1,Echolocation,/mnt/ubna_data_01_mir/recover-20220822/UBNA_014/20220820_060000.WAV,Central Pond,recover-20220822,014,1795
115.8885,115.9091,21171.0,25615.0,Nyctalus leisleri,0.299,0.398,-1,Echolocation,/mnt/ubna_data_01_mir/recover-20220822/UBNA_014/20220820_060000.WAV,Central Pond,recover-20220822,014,1795
116.1495,116.1688,22031.0,26089.0,Nyctalus leisleri,0.431,0.505,-1,Echolocation,/mnt/ubna_data_01_mir/recover-20220822/UBNA_014/20220820_060000.WAV,Central Pond,recover-20220822,014,1795
116.6105,116.6343,21171.0,26800.0,Nyctalus noctula,0.2,0.391,-1,Echolocation,/mnt/ubna_data_01_mir/recover-20220822/UBNA_014/20220820_060000.WAV,Central Pond,recover-20220822,014,1795
116.8805,116.9043,21171.0,24625.0,Nyctalus noctula,0.121,0.223,-1,Echolocation,/mnt/ubna_data_01_mir/recover-20220822/UBNA_014/20220820_060000.WAV,Central Pond,recover-20220822,014,1795
117.2675,117.2872,22031.0,24965.0,Nyctalus leisleri,0.455,0.485,-1,Echolocation,/mnt/ubna_data_01_mir/recover-20220822/UBNA_014/20220820_060000.WAV,Central Pond,recover-20220822,014,1795
117.42150000000001,117.4268,16015.0,30137.0,Plecotus auritus,0.123,0.204,-1,Echolocation,/mnt/ubna_data_01_mir/recover-20220822/UBNA_014/20220820_060000.WAV,Central Pond,recover-20220822,014,1795
117.6645,117.6846,21171.0,24921.0,Nyctalus leisleri,0.493,0.556,-1,Echolocation,/mnt/ubna_data_01_mir/recover-20220822/UBNA_014/20220820_060000.WAV,Central Pond,recover-20220822,014,1795
117.9455,117.9652,22031.0,24497.0,Nyctalus leisleri,0.372,0.444,-1,Echolocation,/mnt/ubna_data_01_mir/recover-20220822/UBNA_014/20220820_060000.WAV,Central Pond,recover-20220822,014,1795
118.3575,118.3757,22890.0,25515.0,Nyctalus leisleri,0.385,0.42,-1,Echolocation,/mnt/ubna_data_01_mir/recover-20220822/UBNA_014/20220820_060000.WAV,Central Pond,recover-20220822,014,1795
118.6635,118.6818,22031.0,24622.0,Nyctalus leisleri,0.402,0.458,-1,Echolocation,/mnt/ubna_data_01_mir/recover-20220822/UBNA_014/20220820_060000.WAV,Central Pond,recover-20220822,014,1795
119.03450000000001,119.0588,22031.0,25399.0,Nyctalus leisleri,0.196,0.296,-1,Echolocation,/mnt/ubna_data_01_mir/recover-20220822/UBNA_014/20220820_060000.WAV,Central Pond,recover-20220822,014,1795
119.45349999999999,119.469,22031.0,25685.0,Nyctalus leisleri,0.358,0.505,-1,Echolocation,/mnt/ubna_data_01_mir/recover-20220822/UBNA_014/20220820_060000.WAV,Central Pond,recover-20220822,014,1795
119.87049999999999,119.8937,22031.0,24904.0,Nyctalus leisleri,0.367,0.4,-1,Echolocation,/mnt/ubna_data_01_mir/recover-20220822/UBNA_014/20220820_060000.WAV,Central Pond,recover-20220822,014,1795
120.2835,120.3013,22031.0,24936.0,Nyctalus leisleri,0.548,0.589,-1,Echolocation,/mnt/ubna_data_01_mir/recover-20220822/UBNA_014/20220820_060000.WAV,Central Pond,recover-20220822,014,1795
120.5595,120.5786,22031.0,25431.0,Nyctalus leisleri,0.51,0.558,-1,Echolocation,/mnt/ubna_data_01_mir/recover-20220822/UBNA_014/20220820_060000.WAV,Central Pond,recover-20220822,014,1795
120.9735,120.9913,22031.0,24169.0,Nyctalus leisleri,0.505,0.526,-1,Echolocation,/mnt/ubna_data_01_mir/recover-20220822/UBNA_014/20220820_060000.WAV,Central Pond,recover-20220822,014,1795
121.2315,121.2533,22031.0,25469.0,Nyctalus leisleri,0.221,0.311,-1,Echolocation,/mnt/ubna_data_01_mir/recover-20220822/UBNA_014/20220820_060000.WAV,Central Pond,recover-20220822,014,1795
121.6365,121.6551,22031.0,24683.0,Nyctalus leisleri,0.484,0.54,-1,Echolocation,/mnt/ubna_data_01_mir/recover-20220822/UBNA_014/20220820_060000.WAV,Central Pond,recover-20220822,014,1795
122.0365,122.0567,22031.0,26259.0,Nyctalus leisleri,0.323,0.496,-1,Echolocation,/mnt/ubna_data_01_mir/recover-20220822/UBNA_014/20220820_060000.WAV,Central Pond,recover-20220822,014,1795
122.4325,122.4555,21171.0,26462.0,Nyctalus noctula,0.238,0.459,-1,Echolocation,/mnt/ubna_data_01_mir/recover-20220822/UBNA_014/20220820_060000.WAV,Central Pond,recover-20220822,014,1795
122.8355,122.8553,21171.0,26175.0,Nyctalus leisleri,0.275,0.515,-1,Echolocation,/mnt/ubna_data_01_mir/recover-20220822/UBNA_014/20220820_060000.WAV,Central Pond,recover-20220822,014,1795
123.2305,123.2544,21171.0,25571.0,Nyctalus leisleri,0.213,0.309,-1,Echolocation,/mnt/ubna_data_01_mir/recover-20220822/UBNA_014/20220820_060000.WAV,Central Pond,recover-20220822,014,1795
123.5105,123.5291,22031.0,25941.0,Nyctalus leisleri,0.491,0.553,-1,Echolocation,/mnt/ubna_data_01_mir/recover-20220822/UBNA_014/20220820_060000.WAV,Central Pond,recover-20220822,014,1795
123.7815,123.8001,22031.0,25205.0,Nyctalus leisleri,0.374,0.517,-1,Echolocation,/mnt/ubna_data_01_mir/recover-20220822/UBNA_014/20220820_060000.WAV,Central Pond,recover-20220822,014,1795
124.1745,124.1964,21171.0,25364.0,Nyctalus leisleri,0.336,0.44,-1,Echolocation,/mnt/ubna_data_01_mir/recover-20220822/UBNA_014/20220820_060000.WAV,Central Pond,recover-20220822,014,1795
124.5695,124.5871,22031.0,24685.0,Nyctalus leisleri,0.574,0.617,-1,Echolocation,/mnt/ubna_data_01_mir/recover-20220822/UBNA_014/20220820_060000.WAV,Central Pond,recover-20220822,014,1795
124.8515,124.8717,21171.0,24824.0,Nyctalus leisleri,0.318,0.387,-1,Echolocation,/mnt/ubna_data_01_mir/recover-20220822/UBNA_014/20220820_060000.WAV,Central Pond,recover-20220822,014,1795
125.2485,125.2658,22031.0,24895.0,Nyctalus leisleri,0.655,0.698,-1,Echolocation,/mnt/ubna_data_01_mir/recover-20220822/UBNA_014/20220820_060000.WAV,Central Pond,recover-20220822,014,1795
125.6485,125.6672,22031.0,25925.0,Nyctalus leisleri,0.448,0.514,-1,Echolocation,/mnt/ubna_data_01_mir/recover-20220822/UBNA_014/20220820_060000.WAV,Central Pond,recover-20220822,014,1795
126.0465,126.0662,21171.0,25360.0,Nyctalus leisleri,0.417,0.492,-1,Echolocation,/mnt/ubna_data_01_mir/recover-20220822/UBNA_014/20220820_060000.WAV,Central Pond,recover-20220822,014,1795
126.3135,126.3303,22031.0,25652.0,Nyctalus leisleri,0.654,0.706,-1,Echolocation,/mnt/ubna_data_01_mir/recover-20220822/UBNA_014/20220820_060000.WAV,Central Pond,recover-20220822,014,1795
126.5935,126.6167,22031.0,26009.0,Nyctalus leisleri,0.316,0.361,-1,Echolocation,/mnt/ubna_data_01_mir/recover-20220822/UBNA_014/20220820_060000.WAV,Central Pond,recover-20220822,014,1795
127.2615,127.2837,22031.0,25993.0,Nyctalus leisleri,0.42,0.479,-1,Echolocation,/mnt/ubna_data_01_mir/recover-20220822/UBNA_014/20220820_060000.WAV,Central Pond,recover-20220822,014,1795
127.6595,127.6798,21171.0,24563.0,Nyctalus leisleri,0.238,0.438,-1,Echolocation,/mnt/ubna_data_01_mir/recover-20220822/UBNA_014/20220820_060000.WAV,Central Pond,recover-20220822,014,1795
128.0685,128.0932,21171.0,25089.0,Nyctalus noctula,0.158,0.296,-1,Echolocation,/mnt/ubna_data_01_mir/recover-20220822/UBNA_014/20220820_060000.WAV,Central Pond,recover-20220822,014,1795
128.7395,128.7615,22031.0,26075.0,Nyctalus leisleri,0.158,0.295,-1,Echolocation,/mnt/ubna_data_01_mir/recover-20220822/UBNA_014/20220820_060000.WAV,Central Pond,recover-20220822,014,1795
129.5365,129.5626,21171.0,25631.0,Nyctalus noctula,0.167,0.26,-1,Echolocation,/mnt/ubna_data_01_mir/recover-20220822/UBNA_014/20220820_060000.WAV,Central Pond,recover-20220822,014,1795
129.54149999999998,129.5624,22031.0,25475.0,Nyctalus leisleri,0.168,0.263,-1,Echolocation,/mnt/ubna_data_01_mir/recover-20220822/UBNA_014/20220820_060000.WAV,Central Pond,recover-20220822,014,1795
129.80349999999999,129.8222,22031.0,25959.0,Nyctalus leisleri,0.318,0.465,-1,Echolocation,/mnt/ubna_data_01_mir/recover-20220822/UBNA_014/20220820_060000.WAV,Central Pond,recover-20220822,014,1795
130.4575,130.4761,22031.0,25102.0,Nyctalus leisleri,0.337,0.383,-1,Echolocation,/mnt/ubna_data_01_mir/recover-20220822/UBNA_014/20220820_060000.WAV,Central Pond,recover-20220822,014,1795
131.6645,131.687,22031.0,25406.0,Nyctalus noctula,0.117,0.209,-1,Echolocation,/mnt/ubna_data_01_mir/recover-20220822/UBNA_014/20220820_060000.WAV,Central Pond,recover-20220822,014,1795
180.2105,180.2305,21171.0,25748.0,Nyctalus leisleri,0.212,0.402,-1,Echolocation,/mnt/ubna_data_01_mir/recover-20220822/UBNA_014/20220820_060000.WAV,Central Pond,recover-20220822,014,1795
181.2745,181.2911,22031.0,26861.0,Nyctalus leisleri,0.347,0.551,-1,Echolocation,/mnt/ubna_data_01_mir/recover-20220822/UBNA_014/20220820_060000.WAV,Central Pond,recover-20220822,014,1795
182.8645,182.8814,22031.0,25394.0,Nyctalus leisleri,0.406,0.513,-1,Echolocation,/mnt/ubna_data_01_mir/recover-20220822/UBNA_014/20220820_060000.WAV,Central Pond,recover-20220822,014,1795
183.1275,183.1488,22031.0,25516.0,Nyctalus noctula,0.123,0.271,-1,Echolocation,/mnt/ubna_data_01_mir/recover-20220822/UBNA_014/20220820_060000.WAV,Central Pond,recover-20220822,014,1795
184.9915,185.0142,21171.0,24916.0,Nyctalus noctula,0.173,0.332,-1,Echolocation,/mnt/ubna_data_01_mir/recover-20220822/UBNA_014/20220820_060000.WAV,Central Pond,recover-20220822,014,1795
189.79149999999998,189.8121,22890.0,26327.0,Nyctalus leisleri,0.179,0.252,-1,Echolocation,/mnt/ubna_data_01_mir/recover-20220822/UBNA_014/20220820_060000.WAV,Central Pond,recover-20220822,014,1795
190.5885,190.6088,22890.0,25923.0,Nyctalus leisleri,0.228,0.33,-1,Echolocation,/mnt/ubna_data_01_mir/recover-20220822/UBNA_014/20220820_060000.WAV,Central Pond,recover-20220822,014,1795
192.3815,192.3998,22031.0,25492.0,Nyctalus leisleri,0.467,0.521,-1,Echolocation,/mnt/ubna_data_01_mir/recover-20220822/UBNA_014/20220820_060000.WAV,Central Pond,recover-20220822,014,1795
192.6625,192.6795,23750.0,27687.0,Nyctalus leisleri,0.292,0.387,-1,Echolocation,/mnt/ubna_data_01_mir/recover-20220822/UBNA_014/20220820_060000.WAV,Central Pond,recover-20220822,014,1795
192.9225,192.9442,22031.0,26525.0,Nyctalus leisleri,0.333,0.413,-1,Echolocation,/mnt/ubna_data_01_mir/recover-20220822/UBNA_014/20220820_060000.WAV,Central Pond,recover-20220822,014,1795
193.3025,193.3242,22890.0,26476.0,Nyctalus leisleri,0.323,0.381,-1,Echolocation,/mnt/ubna_data_01_mir/recover-20220822/UBNA_014/20220820_060000.WAV,Central Pond,recover-20220822,014,1795
193.6815,193.7006,22031.0,26724.0,Nyctalus leisleri,0.428,0.524,-1,Echolocation,/mnt/ubna_data_01_mir/recover-20220822/UBNA_014/20220820_060000.WAV,Central Pond,recover-20220822,014,1795
193.9645,193.9857,21171.0,25136.0,Nyctalus noctula,0.125,0.271,-1,Echolocation,/mnt/ubna_data_01_mir/recover-20220822/UBNA_014/20220820_060000.WAV,Central Pond,recover-20220822,014,1795
194.2205,194.2402,22031.0,27195.0,Nyctalus leisleri,0.225,0.424,-1,Echolocation,/mnt/ubna_data_01_mir/recover-20220822/UBNA_014/20220820_060000.WAV,Central Pond,recover-20220822,014,1795
194.6045,194.62369999999999,22031.0,25609.0,Nyctalus leisleri,0.336,0.436,-1,Echolocation,/mnt/ubna_data_01_mir/recover-20220822/UBNA_014/20220820_060000.WAV,Central Pond,recover-20220822,014,1795
194.8525,194.8717,22031.0,26964.0,Nyctalus leisleri,0.293,0.509,-1,Echolocation,/mnt/ubna_data_01_mir/recover-20220822/UBNA_014/20220820_060000.WAV,Central Pond,recover-20220822,014,1795
195.1065,195.1234,23750.0,27435.0,Nyctalus leisleri,0.134,0.269,-1,Echolocation,/mnt/ubna_data_01_mir/recover-20220822/UBNA_014/20220820_060000.WAV,Central Pond,recover-20220822,014,1795
195.3645,195.3892,22031.0,26850.0,Nyctalus leisleri,0.239,0.387,-1,Echolocation,/mnt/ubna_data_01_mir/recover-20220822/UBNA_014/20220820_060000.WAV,Central Pond,recover-20220822,014,1795
195.6325,195.653,22031.0,26497.0,Nyctalus leisleri,0.363,0.476,-1,Echolocation,/mnt/ubna_data_01_mir/recover-20220822/UBNA_014/20220820_060000.WAV,Central Pond,recover-20220822,014,1795
195.7455,195.7515,16875.0,35404.0,Plecotus austriacus,0.155,0.288,-1,Echolocation,/mnt/ubna_data_01_mir/recover-20220822/UBNA_014/20220820_060000.WAV,Central Pond,recover-20220822,014,1795
195.9005,195.9199,22890.0,26970.0,Nyctalus leisleri,0.211,0.45,-1,Echolocation,/mnt/ubna_data_01_mir/recover-20220822/UBNA_014/20220820_060000.WAV,Central Pond,recover-20220822,014,1795
196.2785,196.3009,22031.0,26320.0,Nyctalus leisleri,0.248,0.363,-1,Echolocation,/mnt/ubna_data_01_mir/recover-20220822/UBNA_014/20220820_060000.WAV,Central Pond,recover-20220822,014,1795
196.6645,196.6876,22031.0,25218.0,Nyctalus leisleri,0.314,0.355,-1,Echolocation,/mnt/ubna_data_01_mir/recover-20220822/UBNA_014/20220820_060000.WAV,Central Pond,recover-20220822,014,1795
196.9305,196.9507,22031.0,26437.0,Nyctalus leisleri,0.203,0.407,-1,Echolocation,/mnt/ubna_data_01_mir/recover-20220822/UBNA_014/20220820_060000.WAV,Central Pond,recover-20220822,014,1795
197.3175,197.3377,22031.0,26711.0,Nyctalus leisleri,0.356,0.441,-1,Echolocation,/mnt/ubna_data_01_mir/recover-20220822/UBNA_014/20220820_060000.WAV,Central Pond,recover-20220822,014,1795
197.5905,197.6115,22031.0,25138.0,Nyctalus leisleri,0.286,0.351,-1,Echolocation,/mnt/ubna_data_01_mir/recover-20220822/UBNA_014/20220820_060000.WAV,Central Pond,recover-20220822,014,1795
197.9745,197.9969,22031.0,25542.0,Nyctalus leisleri,0.395,0.441,-1,Echolocation,/mnt/ubna_data_01_mir/recover-20220822/UBNA_014/20220820_060000.WAV,Central Pond,recover-20220822,014,1795
198.3665,198.3852,22031.0,24909.0,Nyctalus leisleri,0.463,0.517,-1,Echolocation,/mnt/ubna_data_01_mir/recover-20220822/UBNA_014/20220820_060000.WAV,Central Pond,recover-20220822,014,1795
198.7525,198.7729,22031.0,26575.0,Nyctalus leisleri,0.232,0.428,-1,Echolocation,/mnt/ubna_data_01_mir/recover-20220822/UBNA_014/20220820_060000.WAV,Central Pond,recover-20220822,014,1795
199.0225,199.042,22031.0,25914.0,Nyctalus leisleri,0.314,0.428,-1,Echolocation,/mnt/ubna_data_01_mir/recover-20220822/UBNA_014/20220820_060000.WAV,Central Pond,recover-20220822,014,1795
199.4145,199.4338,22031.0,25682.0,Nyctalus leisleri,0.261,0.383,-1,Echolocation,/mnt/ubna_data_01_mir/recover-20220822/UBNA_014/20220820_060000.WAV,Central Pond,recover-20220822,014,1795
199.8075,199.83089999999999,22031.0,25167.0,Nyctalus leisleri,0.193,0.254,-1,Echolocation,/mnt/ubna_data_01_mir/recover-20220822/UBNA_014/20220820_060000.WAV,Central Pond,recover-20220822,014,1795
200.0625,200.0838,21171.0,25230.0,Nyctalus noctula,0.224,0.401,-1,Echolocation,/mnt/ubna_data_01_mir/recover-20220822/UBNA_014/20220820_060000.WAV,Central Pond,recover-20220822,014,1795
200.4855,200.5075,22031.0,25814.0,Nyctalus noctula,0.104,0.201,-1,Echolocation,/mnt/ubna_data_01_mir/recover-20220822/UBNA_014/20220820_060000.WAV,Central Pond,recover-20220822,014,1795
200.6335,200.6568,22031.0,26652.0,Nyctalus noctula,0.119,0.261,-1,Echolocation,/mnt/ubna_data_01_mir/recover-20220822/UBNA_014/20220820_060000.WAV,Central Pond,recover-20220822,014,1795
201.7975,201.82150000000001,22031.0,27261.0,Nyctalus leisleri,0.144,0.324,-1,Echolocation,/mnt/ubna_data_01_mir/recover-20220822/UBNA_014/20220820_060000.WAV,Central Pond,recover-20220822,014,1795
202.0995,202.1223,22031.0,25766.0,Nyctalus leisleri,0.131,0.271,-1,Echolocation,/mnt/ubna_data_01_mir/recover-20220822/UBNA_014/20220820_060000.WAV,Central Pond,recover-20220822,014,1795
202.4855,202.5088,22031.0,25802.0,Nyctalus leisleri,0.234,0.327,-1,Echolocation,/mnt/ubna_data_01_mir/recover-20220822/UBNA_014/20220820_060000.WAV,Central Pond,recover-20220822,014,1795
202.8705,202.8906,22031.0,25600.0,Nyctalus leisleri,0.228,0.301,-1,Echolocation,/mnt/ubna_data_01_mir/recover-20220822/UBNA_014/20220820_060000.WAV,Central Pond,recover-20220822,014,1795
203.2535,203.2699,22031.0,26367.0,Nyctalus noctula,0.29,0.556,-1,Echolocation,/mnt/ubna_data_01_mir/recover-20220822/UBNA_014/20220820_060000.WAV,Central Pond,recover-20220822,014,1795
203.4485,203.4708,22890.0,26708.0,Nyctalus leisleri,0.158,0.261,-1,Echolocation,/mnt/ubna_data_01_mir/recover-20220822/UBNA_014/20220820_060000.WAV,Central Pond,recover-20220822,014,1795
203.7235,203.7449,22031.0,26412.0,Nyctalus leisleri,0.188,0.373,-1,Echolocation,/mnt/ubna_data_01_mir/recover-20220822/UBNA_014/20220820_060000.WAV,Central Pond,recover-20220822,014,1795
204.1145,204.1305,22031.0,26235.0,Nyctalus leisleri,0.298,0.458,-1,Echolocation,/mnt/ubna_data_01_mir/recover-20220822/UBNA_014/20220820_060000.WAV,Central Pond,recover-20220822,014,1795
204.4965,204.5214,22031.0,26357.0,Nyctalus noctula,0.198,0.321,-1,Echolocation,/mnt/ubna_data_01_mir/recover-20220822/UBNA_014/20220820_060000.WAV,Central Pond,recover-20220822,014,1795
204.89249999999998,204.91910000000001,21171.0,26023.0,Nyctalus noctula,0.188,0.284,-1,Echolocation,/mnt/ubna_data_01_mir/recover-20220822/UBNA_014/20220820_060000.WAV,Central Pond,recover-20220822,014,1795
205.0485,205.0688,22031.0,27396.0,Nyctalus noctula,0.204,0.447,-1,Echolocation,/mnt/ubna_data_01_mir/recover-20220822/UBNA_014/20220820_060000.WAV,Central Pond,recover-20220822,014,1795
206.2045,206.2261,22031.0,25746.0,Nyctalus leisleri,0.117,0.228,-1,Echolocation,/mnt/ubna_data_01_mir/recover-20220822/UBNA_014/20220820_060000.WAV,Central Pond,recover-20220822,014,1795
206.4785,206.5005,22031.0,26665.0,Nyctalus noctula,0.191,0.293,-1,Echolocation,/mnt/ubna_data_01_mir/recover-20220822/UBNA_014/20220820_060000.WAV,Central Pond,recover-20220822,014,1795
206.6445,206.6663,22890.0,27322.0,Nyctalus leisleri,0.101,0.226,-1,Echolocation,/mnt/ubna_data_01_mir/recover-20220822/UBNA_014/20220820_060000.WAV,Central Pond,recover-20220822,014,1795
206.9365,206.9417,16875.0,32275.0,Plecotus austriacus,0.148,0.207,-1,Echolocation,/mnt/ubna_data_01_mir/recover-20220822/UBNA_014/20220820_060000.WAV,Central Pond,recover-20220822,014,1795
208.3095,208.3319,22031.0,26458.0,Nyctalus noctula,0.09,0.209,-1,Echolocation,/mnt/ubna_data_01_mir/recover-20220822/UBNA_014/20220820_060000.WAV,Central Pond,recover-20220822,014,1795
210.1465,210.1663,21171.0,24908.0,Nyctalus noctula,0.177,0.281,-1,Echolocation,/mnt/ubna_data_01_mir/recover-20220822/UBNA_014/20220820_060000.WAV,Central Pond,recover-20220822,014,1795
228.16649999999998,228.1719,19453.0,30089.0,Plecotus austriacus,0.143,0.205,-1,Echolocation,/mnt/ubna_data_01_mir/recover-20220822/UBNA_014/20220820_060000.WAV,Central Pond,recover-20220822,014,1795
309.0845,309.0906,17734.0,29370.0,Plecotus austriacus,0.17,0.214,-1,Echolocation,/mnt/ubna_data_01_mir/recover-20220822/UBNA_014/20220820_060000.WAV,Central Pond,recover-20220822,014,1795
340.4945,340.504,27187.0,34657.0,Eptesicus serotinus,0.199,0.419,-1,Echolocation,/mnt/ubna_data_01_mir/recover-20220822/UBNA_014/20220820_060000.WAV,Central Pond,recover-20220822,014,1795
341.0025,341.0124,26328.0,32990.0,Nyctalus leisleri,0.253,0.561,-1,Echolocation,/mnt/ubna_data_01_mir/recover-20220822/UBNA_014/20220820_060000.WAV,Central Pond,recover-20220822,014,1795
341.3235,341.3367,24609.0,31519.0,Eptesicus serotinus,0.232,0.437,-1,Echolocation,/mnt/ubna_data_01_mir/recover-20220822/UBNA_014/20220820_060000.WAV,Central Pond,recover-20220822,014,1795
341.5825,341.5928,25468.0,33580.0,Nyctalus leisleri,0.408,0.701,-1,Echolocation,/mnt/ubna_data_01_mir/recover-20220822/UBNA_014/20220820_060000.WAV,Central Pond,recover-20220822,014,1795
341.8445,341.8555,24609.0,33136.0,Eptesicus serotinus,0.33,0.53,-1,Echolocation,/mnt/ubna_data_01_mir/recover-20220822/UBNA_014/20220820_060000.WAV,Central Pond,recover-20220822,014,1795
342.1135,342.1247,25468.0,35281.0,Eptesicus serotinus,0.333,0.67,-1,Echolocation,/mnt/ubna_data_01_mir/recover-20220822/UBNA_014/20220820_060000.WAV,Central Pond,recover-20220822,014,1795
342.3485,342.3605,25468.0,37619.0,Eptesicus serotinus,0.464,0.727,-1,Echolocation,/mnt/ubna_data_01_mir/recover-20220822/UBNA_014/20220820_060000.WAV,Central Pond,recover-20220822,014,1795
342.5885,342.5996,25468.0,36217.0,Eptesicus serotinus,0.375,0.736,-1,Echolocation,/mnt/ubna_data_01_mir/recover-20220822/UBNA_014/20220820_060000.WAV,Central Pond,recover-20220822,014,1795
342.8215,342.8311,26328.0,37371.0,Eptesicus serotinus,0.337,0.713,-1,Echolocation,/mnt/ubna_data_01_mir/recover-20220822/UBNA_014/20220820_060000.WAV,Central Pond,recover-20220822,014,1795
343.0745,343.0849,25468.0,38250.0,Eptesicus serotinus,0.453,0.694,-1,Echolocation,/mnt/ubna_data_01_mir/recover-20220822/UBNA_014/20220820_060000.WAV,Central Pond,recover-20220822,014,1795
343.3195,343.3291,25468.0,41388.0,Nyctalus leisleri,0.36,0.608,-1,Echolocation,/mnt/ubna_data_01_mir/recover-20220822/UBNA_014/20220820_060000.WAV,Central Pond,recover-20220822,014,1795
343.4585,343.4685,26328.0,42343.0,Eptesicus serotinus,0.384,0.668,-1,Echolocation,/mnt/ubna_data_01_mir/recover-20220822/UBNA_014/20220820_060000.WAV,Central Pond,recover-20220822,014,1795
343.6045,343.614,26328.0,39946.0,Eptesicus serotinus,0.507,0.642,-1,Echolocation,/mnt/ubna_data_01_mir/recover-20220822/UBNA_014/20220820_060000.WAV,Central Pond,recover-20220822,014,1795
343.8405,343.8515,25468.0,40644.0,Eptesicus serotinus,0.347,0.645,-1,Echolocation,/mnt/ubna_data_01_mir/recover-20220822/UBNA_014/20220820_060000.WAV,Central Pond,recover-20220822,014,1795
344.0785,344.0889,25468.0,44171.0,Nyctalus leisleri,0.351,0.638,-1,Echolocation,/mnt/ubna_data_01_mir/recover-20220822/UBNA_014/20220820_060000.WAV,Central Pond,recover-20220822,014,1795
344.2145,344.2232,26328.0,41061.0,Eptesicus serotinus,0.44,0.615,-1,Echolocation,/mnt/ubna_data_01_mir/recover-20220822/UBNA_014/20220820_060000.WAV,Central Pond,recover-20220822,014,1795
344.4525,344.4634,24609.0,40503.0,Eptesicus serotinus,0.418,0.692,-1,Echolocation,/mnt/ubna_data_01_mir/recover-20220822/UBNA_014/20220820_060000.WAV,Central Pond,recover-20220822,014,1795
344.4535,344.4608,54687.0,66183.0,Pipistrellus pygmaeus,0.251,0.259,-1,Echolocation,/mnt/ubna_data_01_mir/recover-20220822/UBNA_014/20220820_060000.WAV,Central Pond,recover-20220822,014,1795
344.5885,344.5991,26328.0,39732.0,Eptesicus serotinus,0.449,0.649,-1,Echolocation,/mnt/ubna_data_01_mir/recover-20220822/UBNA_014/20220820_060000.WAV,Central Pond,recover-20220822,014,1795
344.5885,344.5967,57265.0,69409.0,Pipistrellus pygmaeus,0.22,0.224,-1,Echolocation,/mnt/ubna_data_01_mir/recover-20220822/UBNA_014/20220820_060000.WAV,Central Pond,recover-20220822,014,1795
344.8365,344.8464,25468.0,42562.0,Eptesicus serotinus,0.56,0.708,-1,Echolocation,/mnt/ubna_data_01_mir/recover-20220822/UBNA_014/20220820_060000.WAV,Central Pond,recover-20220822,014,1795
344.8395,344.8461,54687.0,65027.0,Pipistrellus pygmaeus,0.282,0.285,-1,Echolocation,/mnt/ubna_data_01_mir/recover-20220822/UBNA_014/20220820_060000.WAV,Central Pond,recover-20220822,014,1795
344.9915,345.0005,26328.0,43294.0,Eptesicus serotinus,0.476,0.685,-1,Echolocation,/mnt/ubna_data_01_mir/recover-20220822/UBNA_014/20220820_060000.WAV,Central Pond,recover-20220822,014,1795
344.9915,344.9988,55546.0,70281.0,Pipistrellus pygmaeus,0.384,0.392,-1,Echolocation,/mnt/ubna_data_01_mir/recover-20220822/UBNA_014/20220820_060000.WAV,Central Pond,recover-20220822,014,1795
345.1275,345.136,26328.0,42433.0,Eptesicus serotinus,0.58,0.709,-1,Echolocation,/mnt/ubna_data_01_mir/recover-20220822/UBNA_014/20220820_060000.WAV,Central Pond,recover-20220822,014,1795
345.1315,345.1382,54687.0,63458.0,Pipistrellus pygmaeus,0.375,0.378,-1,Echolocation,/mnt/ubna_data_01_mir/recover-20220822/UBNA_014/20220820_060000.WAV,Central Pond,recover-20220822,014,1795
345.3735,345.3845,26328.0,44921.0,Eptesicus serotinus,0.485,0.729,-1,Echolocation,/mnt/ubna_data_01_mir/recover-20220822/UBNA_014/20220820_060000.WAV,Central Pond,recover-20220822,014,1795
345.5075,345.5176,27187.0,42605.0,Eptesicus serotinus,0.502,0.678,-1,Echolocation,/mnt/ubna_data_01_mir/recover-20220822/UBNA_014/20220820_060000.WAV,Central Pond,recover-20220822,014,1795
345.7445,345.7543,26328.0,50277.0,Eptesicus serotinus,0.517,0.756,-1,Echolocation,/mnt/ubna_data_01_mir/recover-20220822/UBNA_014/20220820_060000.WAV,Central Pond,recover-20220822,014,1795
345.8975,345.9101,26328.0,45649.0,Eptesicus serotinus,0.423,0.655,-1,Echolocation,/mnt/ubna_data_01_mir/recover-20220822/UBNA_014/20220820_060000.WAV,Central Pond,recover-20220822,014,1795
346.1335,346.1471,24609.0,43017.0,Eptesicus serotinus,0.29,0.531,-1,Echolocation,/mnt/ubna_data_01_mir/recover-20220822/UBNA_014/20220820_060000.WAV,Central Pond,recover-20220822,014,1795
346.3925,346.4071,24609.0,38186.0,Eptesicus serotinus,0.324,0.545,-1,Echolocation,/mnt/ubna_data_01_mir/recover-20220822/UBNA_014/20220820_060000.WAV,Central Pond,recover-20220822,014,1795
346.6665,346.6829,22890.0,43739.0,Eptesicus serotinus,0.383,0.67,-1,Echolocation,/mnt/ubna_data_01_mir/recover-20220822/UBNA_014/20220820_060000.WAV,Central Pond,recover-20220822,014,1795
346.9455,346.9594,22890.0,32537.0,Eptesicus serotinus,0.375,0.607,-1,Echolocation,/mnt/ubna_data_01_mir/recover-20220822/UBNA_014/20220820_060000.WAV,Central Pond,recover-20220822,014,1795
347.2285,347.2446,22890.0,37957.0,Eptesicus serotinus,0.342,0.622,-1,Echolocation,/mnt/ubna_data_01_mir/recover-20220822/UBNA_014/20220820_060000.WAV,Central Pond,recover-20220822,014,1795
347.6325,347.6515,22031.0,30165.0,Nyctalus noctula,0.26,0.507,-1,Echolocation,/mnt/ubna_data_01_mir/recover-20220822/UBNA_014/20220820_060000.WAV,Central Pond,recover-20220822,014,1795
347.9545,347.9711,23750.0,34092.0,Nyctalus leisleri,0.189,0.43,-1,Echolocation,/mnt/ubna_data_01_mir/recover-20220822/UBNA_014/20220820_060000.WAV,Central Pond,recover-20220822,014,1795
348.3825,348.4009,22890.0,36869.0,Nyctalus noctula,0.277,0.537,-1,Echolocation,/mnt/ubna_data_01_mir/recover-20220822/UBNA_014/20220820_060000.WAV,Central Pond,recover-20220822,014,1795
348.6495,348.6663,23750.0,33173.0,Eptesicus serotinus,0.193,0.432,-1,Echolocation,/mnt/ubna_data_01_mir/recover-20220822/UBNA_014/20220820_060000.WAV,Central Pond,recover-20220822,014,1795
348.9035,348.92,23750.0,36478.0,Nyctalus leisleri,0.24,0.522,-1,Echolocation,/mnt/ubna_data_01_mir/recover-20220822/UBNA_014/20220820_060000.WAV,Central Pond,recover-20220822,014,1795
349.2825,349.2996,22890.0,35831.0,Nyctalus noctula,0.249,0.538,-1,Echolocation,/mnt/ubna_data_01_mir/recover-20220822/UBNA_014/20220820_060000.WAV,Central Pond,recover-20220822,014,1795
349.5465,349.5605,22890.0,34770.0,Eptesicus serotinus,0.429,0.661,-1,Echolocation,/mnt/ubna_data_01_mir/recover-20220822/UBNA_014/20220820_060000.WAV,Central Pond,recover-20220822,014,1795
349.8095,349.8252,22890.0,35104.0,Eptesicus serotinus,0.256,0.547,-1,Echolocation,/mnt/ubna_data_01_mir/recover-20220822/UBNA_014/20220820_060000.WAV,Central Pond,recover-20220822,014,1795
350.08050000000003,350.0963,23750.0,30310.0,Nyctalus leisleri,0.333,0.567,-1,Echolocation,/mnt/ubna_data_01_mir/recover-20220822/UBNA_014/20220820_060000.WAV,Central Pond,recover-20220822,014,1795
350.3505,350.3648,23750.0,34371.0,Eptesicus serotinus,0.288,0.584,-1,Echolocation,/mnt/ubna_data_01_mir/recover-20220822/UBNA_014/20220820_060000.WAV,Central Pond,recover-20220822,014,1795
350.6165,350.6308,23750.0,33662.0,Eptesicus serotinus,0.274,0.528,-1,Echolocation,/mnt/ubna_data_01_mir/recover-20220822/UBNA_014/20220820_060000.WAV,Central Pond,recover-20220822,014,1795
350.8785,350.8934,23750.0,36429.0,Eptesicus serotinus,0.365,0.592,-1,Echolocation,/mnt/ubna_data_01_mir/recover-20220822/UBNA_014/20220820_060000.WAV,Central Pond,recover-20220822,014,1795
351.2645,351.2788,23750.0,37199.0,Eptesicus serotinus,0.358,0.638,-1,Echolocation,/mnt/ubna_data_01_mir/recover-20220822/UBNA_014/20220820_060000.WAV,Central Pond,recover-20220822,014,1795
351.54449999999997,351.5565,24609.0,31589.0,Nyctalus leisleri,0.282,0.578,-1,Echolocation,/mnt/ubna_data_01_mir/recover-20220822/UBNA_014/20220820_060000.WAV,Central Pond,recover-20220822,014,1795
351.8055,351.8183,23750.0,37553.0,Eptesicus serotinus,0.421,0.644,-1,Echolocation,/mnt/ubna_data_01_mir/recover-20220822/UBNA_014/20220820_060000.WAV,Central Pond,recover-20220822,014,1795
352.0705,352.0821,25468.0,32780.0,Eptesicus serotinus,0.277,0.546,-1,Echolocation,/mnt/ubna_data_01_mir/recover-20220822/UBNA_014/20220820_060000.WAV,Central Pond,recover-20220822,014,1795
352.3195,352.3351,22890.0,35514.0,Eptesicus serotinus,0.296,0.545,-1,Echolocation,/mnt/ubna_data_01_mir/recover-20220822/UBNA_014/20220820_060000.WAV,Central Pond,recover-20220822,014,1795
352.5785,352.5894,25468.0,31235.0,Nyctalus leisleri,0.386,0.567,-1,Echolocation,/mnt/ubna_data_01_mir/recover-20220822/UBNA_014/20220820_060000.WAV,Central Pond,recover-20220822,014,1795
352.8355,352.8456,24609.0,33843.0,Eptesicus serotinus,0.299,0.631,-1,Echolocation,/mnt/ubna_data_01_mir/recover-20220822/UBNA_014/20220820_060000.WAV,Central Pond,recover-20220822,014,1795
353.29449999999997,353.3044,25468.0,32512.0,Nyctalus leisleri,0.473,0.659,-1,Echolocation,/mnt/ubna_data_01_mir/recover-20220822/UBNA_014/20220820_060000.WAV,Central Pond,recover-20220822,014,1795
353.6195,353.6296,25468.0,35438.0,Eptesicus serotinus,0.357,0.62,-1,Echolocation,/mnt/ubna_data_01_mir/recover-20220822/UBNA_014/20220820_060000.WAV,Central Pond,recover-20220822,014,1795
353.9075,353.9187,25468.0,35043.0,Eptesicus serotinus,0.337,0.573,-1,Echolocation,/mnt/ubna_data_01_mir/recover-20220822/UBNA_014/20220820_060000.WAV,Central Pond,recover-20220822,014,1795
354.0565,354.0673,24609.0,31401.0,Nyctalus leisleri,0.212,0.498,-1,Echolocation,/mnt/ubna_data_01_mir/recover-20220822/UBNA_014/20220820_060000.WAV,Central Pond,recover-20220822,014,1795
354.3245,354.3359,25468.0,33676.0,Nyctalus leisleri,0.259,0.587,-1,Echolocation,/mnt/ubna_data_01_mir/recover-20220822/UBNA_014/20220820_060000.WAV,Central Pond,recover-20220822,014,1795
354.4785,354.4893,25468.0,31635.0,Nyctalus leisleri,0.181,0.41,-1,Echolocation,/mnt/ubna_data_01_mir/recover-20220822/UBNA_014/20220820_060000.WAV,Central Pond,recover-20220822,014,1795
354.8875,354.8983,26328.0,33265.0,Eptesicus serotinus,0.293,0.519,-1,Echolocation,/mnt/ubna_data_01_mir/recover-20220822/UBNA_014/20220820_060000.WAV,Central Pond,recover-20220822,014,1795
355.1575,355.1678,25468.0,32459.0,Eptesicus serotinus,0.174,0.356,-1,Echolocation,/mnt/ubna_data_01_mir/recover-20220822/UBNA_014/20220820_060000.WAV,Central Pond,recover-20220822,014,1795
355.4365,355.4461,27187.0,33313.0,Eptesicus serotinus,0.22,0.403,-1,Echolocation,/mnt/ubna_data_01_mir/recover-20220822/UBNA_014/20220820_060000.WAV,Central Pond,recover-20220822,014,1795
356.0985,356.1086,26328.0,33326.0,Eptesicus serotinus,0.115,0.289,-1,Echolocation,/mnt/ubna_data_01_mir/recover-20220822/UBNA_014/20220820_060000.WAV,Central Pond,recover-20220822,014,1795
371.7265,371.7314,19453.0,32499.0,Plecotus austriacus,0.137,0.204,-1,Echolocation,/mnt/ubna_data_01_mir/recover-20220822/UBNA_014/20220820_060000.WAV,Central Pond,recover-20220822,014,1795
373.5285,373.5455,23750.0,27402.0,Nyctalus leisleri,0.101,0.215,-1,Echolocation,/mnt/ubna_data_01_mir/recover-20220822/UBNA_014/20220820_060000.WAV,Central Pond,recover-20220822,014,1795
627.5625,627.5732,39218.0,50728.0,Pipistrellus nathusii,0.311,0.349,-1,Echolocation,/mnt/ubna_data_01_mir/recover-20220822/UBNA_014/20220820_060000.WAV,Central Pond,recover-20220822,014,1795
627.6645,627.6744,39218.0,46088.0,Pipistrellus nathusii,0.39,0.41,-1,Echolocation,/mnt/ubna_data_01_mir/recover-20220822/UBNA_014/20220820_060000.WAV,Central Pond,recover-20220822,014,1795
627.7575,627.7668,40937.0,47081.0,Pipistrellus nathusii,0.486,0.516,-1,Echolocation,/mnt/ubna_data_01_mir/recover-20220822/UBNA_014/20220820_060000.WAV,Central Pond,recover-20220822,014,1795
627.8505,627.8642,39218.0,47854.0,Pipistrellus nathusii,0.493,0.536,-1,Echolocation,/mnt/ubna_data_01_mir/recover-20220822/UBNA_014/20220820_060000.WAV,Central Pond,recover-20220822,014,1795
627.9555,627.965,39218.0,47529.0,Pipistrellus nathusii,0.565,0.626,-1,Echolocation,/mnt/ubna_data_01_mir/recover-20220822/UBNA_014/20220820_060000.WAV,Central Pond,recover-20220822,014,1795
628.0515,628.0623,40078.0,51608.0,Pipistrellus nathusii,0.429,0.448,-1,Echolocation,/mnt/ubna_data_01_mir/recover-20220822/UBNA_014/20220820_060000.WAV,Central Pond,recover-20220822,014,1795
628.1555,628.1661,40078.0,48776.0,Pipistrellus nathusii,0.525,0.536,-1,Echolocation,/mnt/ubna_data_01_mir/recover-20220822/UBNA_014/20220820_060000.WAV,Central Pond,recover-20220822,014,1795
628.2485,628.2595,39218.0,51505.0,Pipistrellus nathusii,0.52,0.533,-1,Echolocation,/mnt/ubna_data_01_mir/recover-20220822/UBNA_014/20220820_060000.WAV,Central Pond,recover-20220822,014,1795
628.3395,628.3501,40078.0,56273.0,Pipistrellus nathusii,0.594,0.628,-1,Echolocation,/mnt/ubna_data_01_mir/recover-20220822/UBNA_014/20220820_060000.WAV,Central Pond,recover-20220822,014,1795
628.4425,628.4548,39218.0,54719.0,Pipistrellus nathusii,0.531,0.595,-1,Echolocation,/mnt/ubna_data_01_mir/recover-20220822/UBNA_014/20220820_060000.WAV,Central Pond,recover-20220822,014,1795
628.5515,628.5621,40078.0,53217.0,Pipistrellus nathusii,0.513,0.553,-1,Echolocation,/mnt/ubna_data_01_mir/recover-20220822/UBNA_014/20220820_060000.WAV,Central Pond,recover-20220822,014,1795
628.6405,628.6483,40078.0,57420.0,Pipistrellus nathusii,0.622,0.637,-1,Echolocation,/mnt/ubna_data_01_mir/recover-20220822/UBNA_014/20220820_060000.WAV,Central Pond,recover-20220822,014,1795
628.7505,628.7626,39218.0,55764.0,Pipistrellus nathusii,0.487,0.543,-1,Echolocation,/mnt/ubna_data_01_mir/recover-20220822/UBNA_014/20220820_060000.WAV,Central Pond,recover-20220822,014,1795
628.8545,628.865,39218.0,57295.0,Pipistrellus nathusii,0.572,0.631,-1,Echolocation,/mnt/ubna_data_01_mir/recover-20220822/UBNA_014/20220820_060000.WAV,Central Pond,recover-20220822,014,1795
628.9675,628.9781,39218.0,56022.0,Pipistrellus nathusii,0.625,0.67,-1,Echolocation,/mnt/ubna_data_01_mir/recover-20220822/UBNA_014/20220820_060000.WAV,Central Pond,recover-20220822,014,1795
629.0755,629.0848,39218.0,54535.0,Pipistrellus nathusii,0.588,0.633,-1,Echolocation,/mnt/ubna_data_01_mir/recover-20220822/UBNA_014/20220820_060000.WAV,Central Pond,recover-20220822,014,1795
629.1815,629.1915,39218.0,54139.0,Pipistrellus nathusii,0.535,0.543,-1,Echolocation,/mnt/ubna_data_01_mir/recover-20220822/UBNA_014/20220820_060000.WAV,Central Pond,recover-20220822,014,1795
629.2945,629.3042,39218.0,55425.0,Pipistrellus nathusii,0.582,0.598,-1,Echolocation,/mnt/ubna_data_01_mir/recover-20220822/UBNA_014/20220820_060000.WAV,Central Pond,recover-20220822,014,1795
629.3975,629.4089,39218.0,56680.0,Pipistrellus nathusii,0.591,0.629,-1,Echolocation,/mnt/ubna_data_01_mir/recover-20220822/UBNA_014/20220820_060000.WAV,Central Pond,recover-20220822,014,1795
629.5045,629.5155,39218.0,52063.0,Pipistrellus nathusii,0.398,0.419,-1,Echolocation,/mnt/ubna_data_01_mir/recover-20220822/UBNA_014/20220820_060000.WAV,Central Pond,recover-20220822,014,1795
629.6075,629.6187,38359.0,56413.0,Pipistrellus nathusii,0.526,0.568,-1,Echolocation,/mnt/ubna_data_01_mir/recover-20220822/UBNA_014/20220820_060000.WAV,Central Pond,recover-20220822,014,1795
629.7135,629.723,38359.0,52695.0,Pipistrellus nathusii,0.559,0.607,-1,Echolocation,/mnt/ubna_data_01_mir/recover-20220822/UBNA_014/20220820_060000.WAV,Central Pond,recover-20220822,014,1795
629.8185,629.8292,38359.0,58163.0,Pipistrellus nathusii,0.652,0.664,-1,Echolocation,/mnt/ubna_data_01_mir/recover-20220822/UBNA_014/20220820_060000.WAV,Central Pond,recover-20220822,014,1795
629.9175,629.927,39218.0,55573.0,Pipistrellus nathusii,0.583,0.595,-1,Echolocation,/mnt/ubna_data_01_mir/recover-20220822/UBNA_014/20220820_060000.WAV,Central Pond,recover-20220822,014,1795
630.0205,630.03,38359.0,59781.0,Pipistrellus nathusii,0.584,0.612,-1,Echolocation,/mnt/ubna_data_01_mir/recover-20220822/UBNA_014/20220820_060000.WAV,Central Pond,recover-20220822,014,1795
630.1245,630.1338,39218.0,59976.0,Pipistrellus nathusii,0.536,0.598,-1,Echolocation,/mnt/ubna_data_01_mir/recover-20220822/UBNA_014/20220820_060000.WAV,Central Pond,recover-20220822,014,1795
630.2265,630.2363,37500.0,62566.0,Pipistrellus nathusii,0.577,0.594,-1,Echolocation,/mnt/ubna_data_01_mir/recover-20220822/UBNA_014/20220820_060000.WAV,Central Pond,recover-20220822,014,1795
630.3075,630.3179,37500.0,62350.0,Pipistrellus nathusii,0.47,0.527,-1,Echolocation,/mnt/ubna_data_01_mir/recover-20220822/UBNA_014/20220820_060000.WAV,Central Pond,recover-20220822,014,1795
630.4105,630.4175,40937.0,65933.0,Pipistrellus nathusii,0.243,0.27,-1,Echolocation,/mnt/ubna_data_01_mir/recover-20220822/UBNA_014/20220820_060000.WAV,Central Pond,recover-20220822,014,1795
630.4115,630.4185,34921.0,68695.0,Pipistrellus nathusii,0.205,0.294,-1,Echolocation,/mnt/ubna_data_01_mir/recover-20220822/UBNA_014/20220820_060000.WAV,Central Pond,recover-20220822,014,1795
630.4945,630.5034,38359.0,63262.0,Pipistrellus nathusii,0.614,0.663,-1,Echolocation,/mnt/ubna_data_01_mir/recover-20220822/UBNA_014/20220820_060000.WAV,Central Pond,recover-20220822,014,1795
630.5915,630.5991,36640.0,66292.0,Pipistrellus nathusii,0.583,0.615,-1,Echolocation,/mnt/ubna_data_01_mir/recover-20220822/UBNA_014/20220820_060000.WAV,Central Pond,recover-20220822,014,1795
630.6645,630.6723,37500.0,70812.0,Pipistrellus nathusii,0.584,0.631,-1,Echolocation,/mnt/ubna_data_01_mir/recover-20220822/UBNA_014/20220820_060000.WAV,Central Pond,recover-20220822,014,1795
630.7385,630.7473,37500.0,65257.0,Pipistrellus nathusii,0.594,0.603,-1,Echolocation,/mnt/ubna_data_01_mir/recover-20220822/UBNA_014/20220820_060000.WAV,Central Pond,recover-20220822,014,1795
630.8205,630.8296,38359.0,60087.0,Pipistrellus nathusii,0.52,0.554,-1,Echolocation,/mnt/ubna_data_01_mir/recover-20220822/UBNA_014/20220820_060000.WAV,Central Pond,recover-20220822,014,1795
630.9165,630.9245,37500.0,65746.0,Pipistrellus nathusii,0.617,0.629,-1,Echolocation,/mnt/ubna_data_01_mir/recover-20220822/UBNA_014/20220820_060000.WAV,Central Pond,recover-20220822,014,1795
631.0195,631.0278,38359.0,53526.0,Pipistrellus nathusii,0.493,0.515,-1,Echolocation,/mnt/ubna_data_01_mir/recover-20220822/UBNA_014/20220820_060000.WAV,Central Pond,recover-20220822,014,1795
631.1125,631.1208,36640.0,68667.0,Pipistrellus nathusii,0.584,0.639,-1,Echolocation,/mnt/ubna_data_01_mir/recover-20220822/UBNA_014/20220820_060000.WAV,Central Pond,recover-20220822,014,1795
631.2115,631.2209,37500.0,54728.0,Pipistrellus nathusii,0.457,0.514,-1,Echolocation,/mnt/ubna_data_01_mir/recover-20220822/UBNA_014/20220820_060000.WAV,Central Pond,recover-20220822,014,1795
631.3115,631.3194,36640.0,69810.0,Pipistrellus nathusii,0.626,0.673,-1,Echolocation,/mnt/ubna_data_01_mir/recover-20220822/UBNA_014/20220820_060000.WAV,Central Pond,recover-20220822,014,1795
631.4445,631.4546,38359.0,58344.0,Pipistrellus nathusii,0.594,0.61,-1,Echolocation,/mnt/ubna_data_01_mir/recover-20220822/UBNA_014/20220820_060000.WAV,Central Pond,recover-20220822,014,1795
631.5355,631.5445,37500.0,63741.0,Pipistrellus nathusii,0.51,0.593,-1,Echolocation,/mnt/ubna_data_01_mir/recover-20220822/UBNA_014/20220820_060000.WAV,Central Pond,recover-20220822,014,1795
631.6455,631.655,38359.0,53837.0,Pipistrellus nathusii,0.527,0.55,-1,Echolocation,/mnt/ubna_data_01_mir/recover-20220822/UBNA_014/20220820_060000.WAV,Central Pond,recover-20220822,014,1795
631.7525,631.762,38359.0,58678.0,Pipistrellus nathusii,0.626,0.651,-1,Echolocation,/mnt/ubna_data_01_mir/recover-20220822/UBNA_014/20220820_060000.WAV,Central Pond,recover-20220822,014,1795
631.8545,631.8644,38359.0,53719.0,Pipistrellus nathusii,0.512,0.564,-1,Echolocation,/mnt/ubna_data_01_mir/recover-20220822/UBNA_014/20220820_060000.WAV,Central Pond,recover-20220822,014,1795
631.9665,631.9769,38359.0,56107.0,Pipistrellus nathusii,0.579,0.628,-1,Echolocation,/mnt/ubna_data_01_mir/recover-20220822/UBNA_014/20220820_060000.WAV,Central Pond,recover-20220822,014,1795
632.0715,632.079,37500.0,61109.0,Pipistrellus nathusii,0.602,0.641,-1,Echolocation,/mnt/ubna_data_01_mir/recover-20220822/UBNA_014/20220820_060000.WAV,Central Pond,recover-20220822,014,1795
632.1975,632.2057,38359.0,55727.0,Pipistrellus nathusii,0.634,0.684,-1,Echolocation,/mnt/ubna_data_01_mir/recover-20220822/UBNA_014/20220820_060000.WAV,Central Pond,recover-20220822,014,1795
632.3045,632.3113,37500.0,61365.0,Pipistrellus nathusii,0.484,0.579,-1,Echolocation,/mnt/ubna_data_01_mir/recover-20220822/UBNA_014/20220820_060000.WAV,Central Pond,recover-20220822,014,1795
632.4085,632.4173,38359.0,56696.0,Pipistrellus nathusii,0.536,0.629,-1,Echolocation,/mnt/ubna_data_01_mir/recover-20220822/UBNA_014/20220820_060000.WAV,Central Pond,recover-20220822,014,1795
632.5115,632.5202,38359.0,60614.0,Pipistrellus nathusii,0.523,0.546,-1,Echolocation,/mnt/ubna_data_01_mir/recover-20220822/UBNA_014/20220820_060000.WAV,Central Pond,recover-20220822,014,1795
632.6025,632.6097,38359.0,59544.0,Pipistrellus nathusii,0.615,0.668,-1,Echolocation,/mnt/ubna_data_01_mir/recover-20220822/UBNA_014/20220820_060000.WAV,Central Pond,recover-20220822,014,1795
632.7085,632.7176,38359.0,58807.0,Pipistrellus nathusii,0.638,0.679,-1,Echolocation,/mnt/ubna_data_01_mir/recover-20220822/UBNA_014/20220820_060000.WAV,Central Pond,recover-20220822,014,1795
632.8015,632.8088,38359.0,51410.0,Pipistrellus nathusii,0.474,0.523,-1,Echolocation,/mnt/ubna_data_01_mir/recover-20220822/UBNA_014/20220820_060000.WAV,Central Pond,recover-20220822,014,1795
632.8665,632.8727,38359.0,53942.0,Pipistrellus nathusii,0.376,0.486,-1,Echolocation,/mnt/ubna_data_01_mir/recover-20220822/UBNA_014/20220820_060000.WAV,Central Pond,recover-20220822,014,1795
632.9395,632.9464,37500.0,56157.0,Pipistrellus nathusii,0.317,0.399,-1,Echolocation,/mnt/ubna_data_01_mir/recover-20220822/UBNA_014/20220820_060000.WAV,Central Pond,recover-20220822,014,1795
633.0115,633.0169,35781.0,54346.0,Myotis brandtii,0.146,0.377,-1,Echolocation,/mnt/ubna_data_01_mir/recover-20220822/UBNA_014/20220820_060000.WAV,Central Pond,recover-20220822,014,1795
633.0785,633.0841,36640.0,52485.0,Pipistrellus nathusii,0.096,0.277,-1,Echolocation,/mnt/ubna_data_01_mir/recover-20220822/UBNA_014/20220820_060000.WAV,Central Pond,recover-20220822,014,1795
633.1335,633.1385,32343.0,55990.0,Myotis brandtii,0.152,0.336,-1,Echolocation,/mnt/ubna_data_01_mir/recover-20220822/UBNA_014/20220820_060000.WAV,Central Pond,recover-20220822,014,1795
633.4035,633.4095,40078.0,52122.0,Pipistrellus nathusii,0.349,0.434,-1,Echolocation,/mnt/ubna_data_01_mir/recover-20220822/UBNA_014/20220820_060000.WAV,Central Pond,recover-20220822,014,1795
633.4575,633.4628,40078.0,47728.0,Pipistrellus nathusii,0.152,0.231,-1,Echolocation,/mnt/ubna_data_01_mir/recover-20220822/UBNA_014/20220820_060000.WAV,Central Pond,recover-20220822,014,1795
633.5295,633.536,39218.0,58425.0,Pipistrellus nathusii,0.156,0.278,-1,Echolocation,/mnt/ubna_data_01_mir/recover-20220822/UBNA_014/20220820_060000.WAV,Central Pond,recover-20220822,014,1795
633.6655,633.671,37500.0,50372.0,Myotis brandtii,0.056,0.209,-1,Echolocation,/mnt/ubna_data_01_mir/recover-20220822/UBNA_014/20220820_060000.WAV,Central Pond,recover-20220822,014,1795
634.1955,634.2041,37500.0,43881.0,Pipistrellus nathusii,0.094,0.252,-1,Echolocation,/mnt/ubna_data_01_mir/recover-20220822/UBNA_014/20220820_060000.WAV,Central Pond,recover-20220822,014,1795
634.6585,634.6642,39218.0,50802.0,Pipistrellus nathusii,0.202,0.412,-1,Echolocation,/mnt/ubna_data_01_mir/recover-20220822/UBNA_014/20220820_060000.WAV,Central Pond,recover-20220822,014,1795
634.7085,634.7159,40078.0,46268.0,Pipistrellus nathusii,0.179,0.279,-1,Echolocation,/mnt/ubna_data_01_mir/recover-20220822/UBNA_014/20220820_060000.WAV,Central Pond,recover-20220822,014,1795
634.8675,634.8744,37500.0,45827.0,Pipistrellus nathusii,0.181,0.34,-1,Echolocation,/mnt/ubna_data_01_mir/recover-20220822/UBNA_014/20220820_060000.WAV,Central Pond,recover-20220822,014,1795
635.1705,635.1757,35781.0,46767.0,Barbastellus barbastellus,0.236,0.45,-1,Echolocation,/mnt/ubna_data_01_mir/recover-20220822/UBNA_014/20220820_060000.WAV,Central Pond,recover-20220822,014,1795
636.3545,636.3593,38359.0,48458.0,Pipistrellus nathusii,0.338,0.471,-1,Echolocation,/mnt/ubna_data_01_mir/recover-20220822/UBNA_014/20220820_060000.WAV,Central Pond,recover-20220822,014,1795
636.3965,636.402,37500.0,51284.0,Pipistrellus nathusii,0.119,0.258,-1,Echolocation,/mnt/ubna_data_01_mir/recover-20220822/UBNA_014/20220820_060000.WAV,Central Pond,recover-20220822,014,1795
636.4405,636.4463,40078.0,53284.0,Pipistrellus nathusii,0.074,0.214,-1,Echolocation,/mnt/ubna_data_01_mir/recover-20220822/UBNA_014/20220820_060000.WAV,Central Pond,recover-20220822,014,1795
636.5225,636.5292,40937.0,51818.0,Pipistrellus nathusii,0.189,0.322,-1,Echolocation,/mnt/ubna_data_01_mir/recover-20220822/UBNA_014/20220820_060000.WAV,Central Pond,recover-20220822,014,1795
636.5725,636.5794,39218.0,45943.0,Pipistrellus nathusii,0.214,0.339,-1,Echolocation,/mnt/ubna_data_01_mir/recover-20220822/UBNA_014/20220820_060000.WAV,Central Pond,recover-20220822,014,1795
636.6335,636.6401,38359.0,46140.0,Pipistrellus nathusii,0.388,0.486,-1,Echolocation,/mnt/ubna_data_01_mir/recover-20220822/UBNA_014/20220820_060000.WAV,Central Pond,recover-20220822,014,1795
636.6805,636.6861,37500.0,47383.0,Barbastellus barbastellus,0.084,0.258,-1,Echolocation,/mnt/ubna_data_01_mir/recover-20220822/UBNA_014/20220820_060000.WAV,Central Pond,recover-20220822,014,1795
636.7425,636.7491,40078.0,51691.0,Pipistrellus nathusii,0.199,0.371,-1,Echolocation,/mnt/ubna_data_01_mir/recover-20220822/UBNA_014/20220820_060000.WAV,Central Pond,recover-20220822,014,1795
636.7975,636.8041,40937.0,52006.0,Pipistrellus nathusii,0.259,0.38,-1,Echolocation,/mnt/ubna_data_01_mir/recover-20220822/UBNA_014/20220820_060000.WAV,Central Pond,recover-20220822,014,1795
636.8605,636.866,39218.0,54167.0,Pipistrellus nathusii,0.349,0.439,-1,Echolocation,/mnt/ubna_data_01_mir/recover-20220822/UBNA_014/20220820_060000.WAV,Central Pond,recover-20220822,014,1795
636.9345,636.9401,37500.0,53421.0,Pipistrellus nathusii,0.249,0.462,-1,Echolocation,/mnt/ubna_data_01_mir/recover-20220822/UBNA_014/20220820_060000.WAV,Central Pond,recover-20220822,014,1795
637.0165,637.0222,38359.0,53308.0,Pipistrellus nathusii,0.275,0.514,-1,Echolocation,/mnt/ubna_data_01_mir/recover-20220822/UBNA_014/20220820_060000.WAV,Central Pond,recover-20220822,014,1795
637.1105,637.1163,37500.0,54324.0,Pipistrellus nathusii,0.243,0.567,-1,Echolocation,/mnt/ubna_data_01_mir/recover-20220822/UBNA_014/20220820_060000.WAV,Central Pond,recover-20220822,014,1795
637.1655,637.1718,40078.0,53292.0,Pipistrellus nathusii,0.324,0.504,-1,Echolocation,/mnt/ubna_data_01_mir/recover-20220822/UBNA_014/20220820_060000.WAV,Central Pond,recover-20220822,014,1795
637.2245,637.2301,40937.0,51732.0,Pipistrellus nathusii,0.435,0.495,-1,Echolocation,/mnt/ubna_data_01_mir/recover-20220822/UBNA_014/20220820_060000.WAV,Central Pond,recover-20220822,014,1795
637.2805,637.2864,38359.0,52398.0,Pipistrellus nathusii,0.129,0.329,-1,Echolocation,/mnt/ubna_data_01_mir/recover-20220822/UBNA_014/20220820_060000.WAV,Central Pond,recover-20220822,014,1795
637.3265,637.3327,39218.0,51059.0,Pipistrellus nathusii,0.232,0.355,-1,Echolocation,/mnt/ubna_data_01_mir/recover-20220822/UBNA_014/20220820_060000.WAV,Central Pond,recover-20220822,014,1795
637.3975,637.4025,35781.0,52313.0,Myotis brandtii,0.144,0.387,-1,Echolocation,/mnt/ubna_data_01_mir/recover-20220822/UBNA_014/20220820_060000.WAV,Central Pond,recover-20220822,014,1795
637.4745,637.4801,39218.0,50183.0,Pipistrellus nathusii,0.28,0.42,-1,Echolocation,/mnt/ubna_data_01_mir/recover-20220822/UBNA_014/20220820_060000.WAV,Central Pond,recover-20220822,014,1795
637.5375,637.5431,38359.0,53774.0,Pipistrellus nathusii,0.28,0.479,-1,Echolocation,/mnt/ubna_data_01_mir/recover-20220822/UBNA_014/20220820_060000.WAV,Central Pond,recover-20220822,014,1795
637.5885,637.5941,36640.0,53315.0,Pipistrellus nathusii,0.224,0.43,-1,Echolocation,/mnt/ubna_data_01_mir/recover-20220822/UBNA_014/20220820_060000.WAV,Central Pond,recover-20220822,014,1795
637.6665,637.6726,34921.0,58927.0,Pipistrellus nathusii,0.171,0.39,-1,Echolocation,/mnt/ubna_data_01_mir/recover-20220822/UBNA_014/20220820_060000.WAV,Central Pond,recover-20220822,014,1795
637.7475,637.7545,39218.0,47869.0,Pipistrellus nathusii,0.334,0.445,-1,Echolocation,/mnt/ubna_data_01_mir/recover-20220822/UBNA_014/20220820_060000.WAV,Central Pond,recover-20220822,014,1795
637.8425,637.8475,36640.0,55275.0,Pipistrellus nathusii,0.279,0.449,-1,Echolocation,/mnt/ubna_data_01_mir/recover-20220822/UBNA_014/20220820_060000.WAV,Central Pond,recover-20220822,014,1795
637.9305,637.9359,34062.0,51196.0,Pipistrellus nathusii,0.125,0.308,-1,Echolocation,/mnt/ubna_data_01_mir/recover-20220822/UBNA_014/20220820_060000.WAV,Central Pond,recover-20220822,014,1795
638.6915,638.6988,39218.0,46461.0,Pipistrellus nathusii,0.154,0.222,-1,Echolocation,/mnt/ubna_data_01_mir/recover-20220822/UBNA_014/20220820_060000.WAV,Central Pond,recover-20220822,014,1795
638.7505,638.7566,20312.0,31356.0,Plecotus auritus,0.122,0.25,-1,Echolocation,/mnt/ubna_data_01_mir/recover-20220822/UBNA_014/20220820_060000.WAV,Central Pond,recover-20220822,014,1795
638.8845,638.8905,35781.0,49672.0,Pipistrellus nathusii,0.192,0.461,-1,Echolocation,/mnt/ubna_data_01_mir/recover-20220822/UBNA_014/20220820_060000.WAV,Central Pond,recover-20220822,014,1795
638.9535,638.959,34062.0,52592.0,Myotis daubentonii,0.169,0.429,-1,Echolocation,/mnt/ubna_data_01_mir/recover-20220822/UBNA_014/20220820_060000.WAV,Central Pond,recover-20220822,014,1795
639.0355,639.0406,36640.0,52726.0,Myotis daubentonii,0.182,0.483,-1,Echolocation,/mnt/ubna_data_01_mir/recover-20220822/UBNA_014/20220820_060000.WAV,Central Pond,recover-20220822,014,1795
639.1115,639.1176,38359.0,51913.0,Pipistrellus nathusii,0.208,0.493,-1,Echolocation,/mnt/ubna_data_01_mir/recover-20220822/UBNA_014/20220820_060000.WAV,Central Pond,recover-20220822,014,1795
639.1695,639.1745,36640.0,53455.0,Myotis daubentonii,0.186,0.46,-1,Echolocation,/mnt/ubna_data_01_mir/recover-20220822/UBNA_014/20220820_060000.WAV,Central Pond,recover-20220822,014,1795
639.2295,639.2347,36640.0,52336.0,Myotis brandtii,0.166,0.418,-1,Echolocation,/mnt/ubna_data_01_mir/recover-20220822/UBNA_014/20220820_060000.WAV,Central Pond,recover-20220822,014,1795
639.2875,639.2924,34921.0,53060.0,Myotis daubentonii,0.24,0.483,-1,Echolocation,/mnt/ubna_data_01_mir/recover-20220822/UBNA_014/20220820_060000.WAV,Central Pond,recover-20220822,014,1795
639.3545,639.3592,35781.0,51375.0,Myotis daubentonii,0.227,0.463,-1,Echolocation,/mnt/ubna_data_01_mir/recover-20220822/UBNA_014/20220820_060000.WAV,Central Pond,recover-20220822,014,1795
639.4335,639.4383,34921.0,53509.0,Myotis daubentonii,0.205,0.47,-1,Echolocation,/mnt/ubna_data_01_mir/recover-20220822/UBNA_014/20220820_060000.WAV,Central Pond,recover-20220822,014,1795
639.5095,639.5139,34921.0,50681.0,Myotis daubentonii,0.177,0.375,-1,Echolocation,/mnt/ubna_data_01_mir/recover-20220822/UBNA_014/20220820_060000.WAV,Central Pond,recover-20220822,014,1795
639.5565,639.5612,34062.0,50304.0,Myotis daubentonii,0.223,0.372,-1,Echolocation,/mnt/ubna_data_01_mir/recover-20220822/UBNA_014/20220820_060000.WAV,Central Pond,recover-20220822,014,1795
639.7865,639.7917,39218.0,55031.0,Myotis daubentonii,0.145,0.387,-1,Echolocation,/mnt/ubna_data_01_mir/recover-20220822/UBNA_014/20220820_060000.WAV,Central Pond,recover-20220822,014,1795
670.8055,670.8152,39218.0,45324.0,Pipistrellus nathusii,0.438,0.488,-1,Echolocation,/mnt/ubna_data_01_mir/recover-20220822/UBNA_014/20220820_060000.WAV,Central Pond,recover-20220822,014,1795
671.1305,671.1397,39218.0,44437.0,Pipistrellus nathusii,0.256,0.308,-1,Echolocation,/mnt/ubna_data_01_mir/recover-20220822/UBNA_014/20220820_060000.WAV,Central Pond,recover-20220822,014,1795
681.5745,681.5823,41796.0,51199.0,Pipistrellus nathusii,0.545,0.611,-1,Echolocation,/mnt/ubna_data_01_mir/recover-20220822/UBNA_014/20220820_060000.WAV,Central Pond,recover-20220822,014,1795
681.6615,681.6698,41796.0,45773.0,Pipistrellus nathusii,0.236,0.281,-1,Echolocation,/mnt/ubna_data_01_mir/recover-20220822/UBNA_014/20220820_060000.WAV,Central Pond,recover-20220822,014,1795
681.7475,681.7572,40937.0,45438.0,Pipistrellus nathusii,0.181,0.219,-1,Echolocation,/mnt/ubna_data_01_mir/recover-20220822/UBNA_014/20220820_060000.WAV,Central Pond,recover-20220822,014,1795
681.8515,681.8594,41796.0,47863.0,Pipistrellus nathusii,0.518,0.561,-1,Echolocation,/mnt/ubna_data_01_mir/recover-20220822/UBNA_014/20220820_060000.WAV,Central Pond,recover-20220822,014,1795
682.0355,682.0436,41796.0,50166.0,Pipistrellus nathusii,0.52,0.606,-1,Echolocation,/mnt/ubna_data_01_mir/recover-20220822/UBNA_014/20220820_060000.WAV,Central Pond,recover-20220822,014,1795
682.1245,682.1333,40937.0,47581.0,Pipistrellus nathusii,0.376,0.452,-1,Echolocation,/mnt/ubna_data_01_mir/recover-20220822/UBNA_014/20220820_060000.WAV,Central Pond,recover-20220822,014,1795
682.2175,682.2248,40937.0,47515.0,Pipistrellus nathusii,0.526,0.579,-1,Echolocation,/mnt/ubna_data_01_mir/recover-20220822/UBNA_014/20220820_060000.WAV,Central Pond,recover-20220822,014,1795
682.3115,682.3198,41796.0,48138.0,Pipistrellus nathusii,0.433,0.498,-1,Echolocation,/mnt/ubna_data_01_mir/recover-20220822/UBNA_014/20220820_060000.WAV,Central Pond,recover-20220822,014,1795
682.4014999999999,682.4106,40937.0,49473.0,Pipistrellus nathusii,0.515,0.595,-1,Echolocation,/mnt/ubna_data_01_mir/recover-20220822/UBNA_014/20220820_060000.WAV,Central Pond,recover-20220822,014,1795
682.5885,682.5984,40078.0,44322.0,Pipistrellus nathusii,0.258,0.284,-1,Echolocation,/mnt/ubna_data_01_mir/recover-20220822/UBNA_014/20220820_060000.WAV,Central Pond,recover-20220822,014,1795
682.7535,682.7631,40937.0,51352.0,Pipistrellus nathusii,0.375,0.501,-1,Echolocation,/mnt/ubna_data_01_mir/recover-20220822/UBNA_014/20220820_060000.WAV,Central Pond,recover-20220822,014,1795
737.8905,737.9048,22890.0,27760.0,Nyctalus leisleri,0.141,0.263,-1,Echolocation,/mnt/ubna_data_01_mir/recover-20220822/UBNA_014/20220820_060000.WAV,Central Pond,recover-20220822,014,1795
813.9085,813.9345,20312.0,23287.0,Nyctalus leisleri,0.212,0.306,-1,Echolocation,/mnt/ubna_data_01_mir/recover-20220822/UBNA_014/20220820_060000.WAV,Central Pond,recover-20220822,014,1795
813.9395,813.9556,22890.0,27770.0,Nyctalus noctula,0.09,0.2,-1,Echolocation,/mnt/ubna_data_01_mir/recover-20220822/UBNA_014/20220820_060000.WAV,Central Pond,recover-20220822,014,1795
823.4295,823.4357,18593.0,30636.0,Plecotus austriacus,0.123,0.212,-1,Echolocation,/mnt/ubna_data_01_mir/recover-20220822/UBNA_014/20220820_060000.WAV,Central Pond,recover-20220822,014,1795
840.1325,840.1377,16875.0,33764.0,Plecotus austriacus,0.148,0.207,-1,Echolocation,/mnt/ubna_data_01_mir/recover-20220822/UBNA_014/20220820_060000.WAV,Central Pond,recover-20220822,014,1795
886.5955,886.6007,20312.0,33206.0,Plecotus austriacus,0.213,0.258,-1,Echolocation,/mnt/ubna_data_01_mir/recover-20220822/UBNA_014/20220820_060000.WAV,Central Pond,recover-20220822,014,1795
1119.3355,1119.3523,21171.0,23541.0,Nyctalus leisleri,0.23,0.266,-1,Echolocation,/mnt/ubna_data_01_mir/recover-20220822/UBNA_014/20220820_060000.WAV,Central Pond,recover-20220822,014,1795
1201.3135,1201.3234,36640.0,42013.0,Pipistrellus nathusii,0.159,0.209,-1,Echolocation,/mnt/ubna_data_01_mir/recover-20220822/UBNA_014/20220820_060000.WAV,Central Pond,recover-20220822,014,1795
1202.0985,1202.1086,39218.0,45038.0,Pipistrellus nathusii,0.266,0.281,-1,Echolocation,/mnt/ubna_data_01_mir/recover-20220822/UBNA_014/20220820_060000.WAV,Central Pond,recover-20220822,014,1795
1202.2015,1202.2109,38359.0,45316.0,Pipistrellus nathusii,0.512,0.566,-1,Echolocation,/mnt/ubna_data_01_mir/recover-20220822/UBNA_014/20220820_060000.WAV,Central Pond,recover-20220822,014,1795
1202.3965,1202.408,38359.0,43068.0,Pipistrellus nathusii,0.234,0.256,-1,Echolocation,/mnt/ubna_data_01_mir/recover-20220822/UBNA_014/20220820_060000.WAV,Central Pond,recover-20220822,014,1795
1202.4985,1202.5081,37500.0,48493.0,Pipistrellus nathusii,0.465,0.564,-1,Echolocation,/mnt/ubna_data_01_mir/recover-20220822/UBNA_014/20220820_060000.WAV,Central Pond,recover-20220822,014,1795
1202.6815,1202.6924,37500.0,47667.0,Pipistrellus nathusii,0.511,0.582,-1,Echolocation,/mnt/ubna_data_01_mir/recover-20220822/UBNA_014/20220820_060000.WAV,Central Pond,recover-20220822,014,1795
1202.7735,1202.7821,39218.0,45846.0,Pipistrellus nathusii,0.537,0.588,-1,Echolocation,/mnt/ubna_data_01_mir/recover-20220822/UBNA_014/20220820_060000.WAV,Central Pond,recover-20220822,014,1795
1202.9665,1202.9753,36640.0,49411.0,Pipistrellus nathusii,0.429,0.509,-1,Echolocation,/mnt/ubna_data_01_mir/recover-20220822/UBNA_014/20220820_060000.WAV,Central Pond,recover-20220822,014,1795
1203.1395,1203.1494,38359.0,46602.0,Pipistrellus nathusii,0.504,0.561,-1,Echolocation,/mnt/ubna_data_01_mir/recover-20220822/UBNA_014/20220820_060000.WAV,Central Pond,recover-20220822,014,1795
1203.2455,1203.2547,37500.0,46757.0,Pipistrellus nathusii,0.598,0.629,-1,Echolocation,/mnt/ubna_data_01_mir/recover-20220822/UBNA_014/20220820_060000.WAV,Central Pond,recover-20220822,014,1795
1203.4365,1203.4478,37500.0,47574.0,Pipistrellus nathusii,0.41,0.443,-1,Echolocation,/mnt/ubna_data_01_mir/recover-20220822/UBNA_014/20220820_060000.WAV,Central Pond,recover-20220822,014,1795
1203.5415,1203.5533,36640.0,50784.0,Pipistrellus nathusii,0.467,0.554,-1,Echolocation,/mnt/ubna_data_01_mir/recover-20220822/UBNA_014/20220820_060000.WAV,Central Pond,recover-20220822,014,1795
1203.7315,1203.7431,37500.0,46339.0,Pipistrellus nathusii,0.514,0.567,-1,Echolocation,/mnt/ubna_data_01_mir/recover-20220822/UBNA_014/20220820_060000.WAV,Central Pond,recover-20220822,014,1795
1203.8415,1203.8523,36640.0,48135.0,Pipistrellus nathusii,0.452,0.493,-1,Echolocation,/mnt/ubna_data_01_mir/recover-20220822/UBNA_014/20220820_060000.WAV,Central Pond,recover-20220822,014,1795
1204.0125,1204.0216,37500.0,47486.0,Pipistrellus nathusii,0.377,0.46,-1,Echolocation,/mnt/ubna_data_01_mir/recover-20220822/UBNA_014/20220820_060000.WAV,Central Pond,recover-20220822,014,1795
1204.1225,1204.1318,38359.0,49792.0,Pipistrellus nathusii,0.523,0.61,-1,Echolocation,/mnt/ubna_data_01_mir/recover-20220822/UBNA_014/20220820_060000.WAV,Central Pond,recover-20220822,014,1795
1204.2355,1204.2458,38359.0,46415.0,Pipistrellus nathusii,0.442,0.529,-1,Echolocation,/mnt/ubna_data_01_mir/recover-20220822/UBNA_014/20220820_060000.WAV,Central Pond,recover-20220822,014,1795
1204.4095,1204.423,38359.0,42337.0,Pipistrellus nathusii,0.272,0.315,-1,Echolocation,/mnt/ubna_data_01_mir/recover-20220822/UBNA_014/20220820_060000.WAV,Central Pond,recover-20220822,014,1795
1204.5195,1204.5307,37500.0,44913.0,Pipistrellus nathusii,0.318,0.39,-1,Echolocation,/mnt/ubna_data_01_mir/recover-20220822/UBNA_014/20220820_060000.WAV,Central Pond,recover-20220822,014,1795
1204.6315,1204.6387,37500.0,44324.0,Pipistrellus nathusii,0.226,0.259,-1,Echolocation,/mnt/ubna_data_01_mir/recover-20220822/UBNA_014/20220820_060000.WAV,Central Pond,recover-20220822,014,1795
1204.8135,1204.8252,38359.0,43949.0,Pipistrellus nathusii,0.42,0.454,-1,Echolocation,/mnt/ubna_data_01_mir/recover-20220822/UBNA_014/20220820_060000.WAV,Central Pond,recover-20220822,014,1795
1204.9175,1204.928,37500.0,43542.0,Pipistrellus nathusii,0.296,0.369,-1,Echolocation,/mnt/ubna_data_01_mir/recover-20220822/UBNA_014/20220820_060000.WAV,Central Pond,recover-20220822,014,1795
1205.0235,1205.0348,37500.0,47442.0,Pipistrellus nathusii,0.496,0.57,-1,Echolocation,/mnt/ubna_data_01_mir/recover-20220822/UBNA_014/20220820_060000.WAV,Central Pond,recover-20220822,014,1795
1205.1285,1205.1405,37500.0,42768.0,Pipistrellus nathusii,0.244,0.264,-1,Echolocation,/mnt/ubna_data_01_mir/recover-20220822/UBNA_014/20220820_060000.WAV,Central Pond,recover-20220822,014,1795
1205.2345,1205.2471,37500.0,45177.0,Pipistrellus nathusii,0.435,0.482,-1,Echolocation,/mnt/ubna_data_01_mir/recover-20220822/UBNA_014/20220820_060000.WAV,Central Pond,recover-20220822,014,1795
1249.4495,1249.4548,17734.0,31569.0,Plecotus austriacus,0.187,0.239,-1,Echolocation,/mnt/ubna_data_01_mir/recover-20220822/UBNA_014/20220820_060000.WAV,Central Pond,recover-20220822,014,1795
1314.6545,1314.6589,16015.0,33995.0,Plecotus auritus,0.17,0.233,-1,Echolocation,/mnt/ubna_data_01_mir/recover-20220822/UBNA_014/20220820_060000.WAV,Central Pond,recover-20220822,014,1795
1347.0395,1347.063,22890.0,26666.0,Nyctalus noctula,0.098,0.208,-1,Echolocation,/mnt/ubna_data_01_mir/recover-20220822/UBNA_014/20220820_060000.WAV,Central Pond,recover-20220822,014,1795
1352.4825,1352.4955,28906.0,32711.0,Eptesicus serotinus,0.099,0.213,-1,Echolocation,/mnt/ubna_data_01_mir/recover-20220822/UBNA_014/20220820_060000.WAV,Central Pond,recover-20220822,014,1795
1374.7795,1374.7999,23750.0,28074.0,Nyctalus leisleri,0.113,0.207,-1,Echolocation,/mnt/ubna_data_01_mir/recover-20220822/UBNA_014/20220820_060000.WAV,Central Pond,recover-20220822,014,1795
1417.0325,1417.054,22890.0,27170.0,Nyctalus leisleri,0.097,0.232,-1,Echolocation,/mnt/ubna_data_01_mir/recover-20220822/UBNA_014/20220820_060000.WAV,Central Pond,recover-20220822,014,1795
1417.6485,1417.67,22890.0,28032.0,Nyctalus leisleri,0.202,0.379,-1,Echolocation,/mnt/ubna_data_01_mir/recover-20220822/UBNA_014/20220820_060000.WAV,Central Pond,recover-20220822,014,1795
1419.7095,1419.7308,22890.0,26273.0,Nyctalus leisleri,0.149,0.218,-1,Echolocation,/mnt/ubna_data_01_mir/recover-20220822/UBNA_014/20220820_060000.WAV,Central Pond,recover-20220822,014,1795
1420.1405,1420.1582,22890.0,26891.0,Nyctalus leisleri,0.146,0.29,-1,Echolocation,/mnt/ubna_data_01_mir/recover-20220822/UBNA_014/20220820_060000.WAV,Central Pond,recover-20220822,014,1795
1420.6705,1420.6896,22890.0,26420.0,Nyctalus leisleri,0.147,0.228,-1,Echolocation,/mnt/ubna_data_01_mir/recover-20220822/UBNA_014/20220820_060000.WAV,Central Pond,recover-20220822,014,1795
1421.5765,1421.6019000000001,23750.0,27606.0,Nyctalus leisleri,0.106,0.201,-1,Echolocation,/mnt/ubna_data_01_mir/recover-20220822/UBNA_014/20220820_060000.WAV,Central Pond,recover-20220822,014,1795
1422.2505,1422.2699,22890.0,28124.0,Nyctalus noctula,0.092,0.235,-1,Echolocation,/mnt/ubna_data_01_mir/recover-20220822/UBNA_014/20220820_060000.WAV,Central Pond,recover-20220822,014,1795
1424.7255,1424.7458,22890.0,26494.0,Nyctalus leisleri,0.146,0.212,-1,Echolocation,/mnt/ubna_data_01_mir/recover-20220822/UBNA_014/20220820_060000.WAV,Central Pond,recover-20220822,014,1795
1428.7575,1428.7781,23750.0,28340.0,Nyctalus leisleri,0.196,0.334,-1,Echolocation,/mnt/ubna_data_01_mir/recover-20220822/UBNA_014/20220820_060000.WAV,Central Pond,recover-20220822,014,1795
1429.4025,1429.4237,23750.0,27425.0,Nyctalus leisleri,0.174,0.284,-1,Echolocation,/mnt/ubna_data_01_mir/recover-20220822/UBNA_014/20220820_060000.WAV,Central Pond,recover-20220822,014,1795
1430.5895,1430.6102,22890.0,26083.0,Nyctalus leisleri,0.265,0.337,-1,Echolocation,/mnt/ubna_data_01_mir/recover-20220822/UBNA_014/20220820_060000.WAV,Central Pond,recover-20220822,014,1795
1431.2245,1431.2493,22890.0,27158.0,Nyctalus leisleri,0.118,0.236,-1,Echolocation,/mnt/ubna_data_01_mir/recover-20220822/UBNA_014/20220820_060000.WAV,Central Pond,recover-20220822,014,1795
1440.2375,1440.2614,22890.0,26990.0,Nyctalus leisleri,0.184,0.292,-1,Echolocation,/mnt/ubna_data_01_mir/recover-20220822/UBNA_014/20220820_060000.WAV,Central Pond,recover-20220822,014,1795
1442.2165,1442.2398,22890.0,26771.0,Nyctalus leisleri,0.227,0.284,-1,Echolocation,/mnt/ubna_data_01_mir/recover-20220822/UBNA_014/20220820_060000.WAV,Central Pond,recover-20220822,014,1795
1442.9255,1442.9451,22890.0,26163.0,Nyctalus leisleri,0.109,0.214,-1,Echolocation,/mnt/ubna_data_01_mir/recover-20220822/UBNA_014/20220820_060000.WAV,Central Pond,recover-20220822,014,1795
1447.6465,1447.6675,23750.0,27776.0,Nyctalus leisleri,0.139,0.25,-1,Echolocation,/mnt/ubna_data_01_mir/recover-20220822/UBNA_014/20220820_060000.WAV,Central Pond,recover-20220822,014,1795
1448.2925,1448.3121,22890.0,27305.0,Nyctalus leisleri,0.235,0.38,-1,Echolocation,/mnt/ubna_data_01_mir/recover-20220822/UBNA_014/20220820_060000.WAV,Central Pond,recover-20220822,014,1795
1448.4895,1448.5137,22890.0,27219.0,Nyctalus noctula,0.13,0.237,-1,Echolocation,/mnt/ubna_data_01_mir/recover-20220822/UBNA_014/20220820_060000.WAV,Central Pond,recover-20220822,014,1795
1528.9055,1528.9231,22890.0,27312.0,Nyctalus leisleri,0.213,0.329,-1,Echolocation,/mnt/ubna_data_01_mir/recover-20220822/UBNA_014/20220820_060000.WAV,Central Pond,recover-20220822,014,1795
1529.4805,1529.4997,23750.0,28591.0,Nyctalus leisleri,0.16,0.313,-1,Echolocation,/mnt/ubna_data_01_mir/recover-20220822/UBNA_014/20220820_060000.WAV,Central Pond,recover-20220822,014,1795
1530.1835,1530.2029,23750.0,28096.0,Nyctalus leisleri,0.227,0.322,-1,Echolocation,/mnt/ubna_data_01_mir/recover-20220822/UBNA_014/20220820_060000.WAV,Central Pond,recover-20220822,014,1795
1530.6315,1530.6536,22890.0,27024.0,Nyctalus leisleri,0.096,0.203,-1,Echolocation,/mnt/ubna_data_01_mir/recover-20220822/UBNA_014/20220820_060000.WAV,Central Pond,recover-20220822,014,1795
1530.9225,1530.9423,23750.0,28456.0,Nyctalus leisleri,0.25,0.404,-1,Echolocation,/mnt/ubna_data_01_mir/recover-20220822/UBNA_014/20220820_060000.WAV,Central Pond,recover-20220822,014,1795
1531.6805,1531.7029,23750.0,28456.0,Nyctalus leisleri,0.219,0.319,-1,Echolocation,/mnt/ubna_data_01_mir/recover-20220822/UBNA_014/20220820_060000.WAV,Central Pond,recover-20220822,014,1795
1532.5375,1532.5581,23750.0,27797.0,Nyctalus leisleri,0.253,0.348,-1,Echolocation,/mnt/ubna_data_01_mir/recover-20220822/UBNA_014/20220820_060000.WAV,Central Pond,recover-20220822,014,1795
1532.8135,1532.8318,22890.0,27457.0,Nyctalus leisleri,0.336,0.452,-1,Echolocation,/mnt/ubna_data_01_mir/recover-20220822/UBNA_014/20220820_060000.WAV,Central Pond,recover-20220822,014,1795
1533.5035,1533.5242,22890.0,27695.0,Nyctalus leisleri,0.17,0.366,-1,Echolocation,/mnt/ubna_data_01_mir/recover-20220822/UBNA_014/20220820_060000.WAV,Central Pond,recover-20220822,014,1795
1534.0875,1534.1079,23750.0,28147.0,Nyctalus leisleri,0.273,0.396,-1,Echolocation,/mnt/ubna_data_01_mir/recover-20220822/UBNA_014/20220820_060000.WAV,Central Pond,recover-20220822,014,1795
1534.3865,1534.4053,23750.0,28290.0,Nyctalus leisleri,0.118,0.244,-1,Echolocation,/mnt/ubna_data_01_mir/recover-20220822/UBNA_014/20220820_060000.WAV,Central Pond,recover-20220822,014,1795
1534.8115,1534.8322,23750.0,27653.0,Nyctalus leisleri,0.21,0.306,-1,Echolocation,/mnt/ubna_data_01_mir/recover-20220822/UBNA_014/20220820_060000.WAV,Central Pond,recover-20220822,014,1795
1535.5415,1535.5655,22890.0,27928.0,Nyctalus leisleri,0.163,0.336,-1,Echolocation,/mnt/ubna_data_01_mir/recover-20220822/UBNA_014/20220820_060000.WAV,Central Pond,recover-20220822,014,1795
1536.2485,1536.2705,22890.0,27470.0,Nyctalus leisleri,0.163,0.316,-1,Echolocation,/mnt/ubna_data_01_mir/recover-20220822/UBNA_014/20220820_060000.WAV,Central Pond,recover-20220822,014,1795
1536.8505,1536.8754,22031.0,27377.0,Nyctalus noctula,0.098,0.202,-1,Echolocation,/mnt/ubna_data_01_mir/recover-20220822/UBNA_014/20220820_060000.WAV,Central Pond,recover-20220822,014,1795
1537.4635,1537.4899,22890.0,26941.0,Nyctalus noctula,0.086,0.206,-1,Echolocation,/mnt/ubna_data_01_mir/recover-20220822/UBNA_014/20220820_060000.WAV,Central Pond,recover-20220822,014,1795
1538.3645,1538.3873,22890.0,26300.0,Nyctalus leisleri,0.145,0.232,-1,Echolocation,/mnt/ubna_data_01_mir/recover-20220822/UBNA_014/20220820_060000.WAV,Central Pond,recover-20220822,014,1795
1540.7785,1540.8025,22890.0,25919.0,Nyctalus leisleri,0.185,0.244,-1,Echolocation,/mnt/ubna_data_01_mir/recover-20220822/UBNA_014/20220820_060000.WAV,Central Pond,recover-20220822,014,1795
1549.0575,1549.0631,13437.0,36822.0,Plecotus auritus,0.175,0.201,-1,Echolocation,/mnt/ubna_data_01_mir/recover-20220822/UBNA_014/20220820_060000.WAV,Central Pond,recover-20220822,014,1795
1563.8105,1563.8277,23750.0,28542.0,Nyctalus leisleri,0.106,0.22,-1,Echolocation,/mnt/ubna_data_01_mir/recover-20220822/UBNA_014/20220820_060000.WAV,Central Pond,recover-20220822,014,1795
1572.6645,1572.6785,23750.0,30518.0,Nyctalus leisleri,0.198,0.511,-1,Echolocation,/mnt/ubna_data_01_mir/recover-20220822/UBNA_014/20220820_060000.WAV,Central Pond,recover-20220822,014,1795
1574.4395,1574.4533,23750.0,27341.0,Nyctalus leisleri,0.306,0.437,-1,Echolocation,/mnt/ubna_data_01_mir/recover-20220822/UBNA_014/20220820_060000.WAV,Central Pond,recover-20220822,014,1795
1580.7875,1580.8004,23750.0,28474.0,Nyctalus leisleri,0.114,0.286,-1,Echolocation,/mnt/ubna_data_01_mir/recover-20220822/UBNA_014/20220820_060000.WAV,Central Pond,recover-20220822,014,1795
1584.2165,1584.2415,23750.0,28373.0,Nyctalus leisleri,0.186,0.322,-1,Echolocation,/mnt/ubna_data_01_mir/recover-20220822/UBNA_014/20220820_060000.WAV,Central Pond,recover-20220822,014,1795
1586.7895,1586.8102,23750.0,27862.0,Nyctalus leisleri,0.253,0.341,-1,Echolocation,/mnt/ubna_data_01_mir/recover-20220822/UBNA_014/20220820_060000.WAV,Central Pond,recover-20220822,014,1795
1587.2625,1587.2831,22890.0,27896.0,Nyctalus leisleri,0.161,0.371,-1,Echolocation,/mnt/ubna_data_01_mir/recover-20220822/UBNA_014/20220820_060000.WAV,Central Pond,recover-20220822,014,1795
1587.8905,1587.9148,22890.0,26832.0,Nyctalus leisleri,0.219,0.297,-1,Echolocation,/mnt/ubna_data_01_mir/recover-20220822/UBNA_014/20220820_060000.WAV,Central Pond,recover-20220822,014,1795
1588.2335,1588.2557,22890.0,26268.0,Nyctalus leisleri,0.27,0.331,-1,Echolocation,/mnt/ubna_data_01_mir/recover-20220822/UBNA_014/20220820_060000.WAV,Central Pond,recover-20220822,014,1795
1588.5085,1588.5363,22890.0,26539.0,Nyctalus leisleri,0.138,0.228,-1,Echolocation,/mnt/ubna_data_01_mir/recover-20220822/UBNA_014/20220820_060000.WAV,Central Pond,recover-20220822,014,1795
1588.6815,1588.6987,22890.0,30155.0,Eptesicus serotinus,0.207,0.388,-1,Echolocation,/mnt/ubna_data_01_mir/recover-20220822/UBNA_014/20220820_060000.WAV,Central Pond,recover-20220822,014,1795
1588.8315,1588.8524,23750.0,28908.0,Nyctalus leisleri,0.126,0.259,-1,Echolocation,/mnt/ubna_data_01_mir/recover-20220822/UBNA_014/20220820_060000.WAV,Central Pond,recover-20220822,014,1795
1590.1675,1590.1833,22890.0,26499.0,Nyctalus leisleri,0.322,0.439,-1,Echolocation,/mnt/ubna_data_01_mir/recover-20220822/UBNA_014/20220820_060000.WAV,Central Pond,recover-20220822,014,1795
1590.6915,1590.7119,22890.0,27341.0,Nyctalus leisleri,0.203,0.386,-1,Echolocation,/mnt/ubna_data_01_mir/recover-20220822/UBNA_014/20220820_060000.WAV,Central Pond,recover-20220822,014,1795
1591.4585,1591.4807,22890.0,27737.0,Nyctalus leisleri,0.259,0.405,-1,Echolocation,/mnt/ubna_data_01_mir/recover-20220822/UBNA_014/20220820_060000.WAV,Central Pond,recover-20220822,014,1795
1591.6375,1591.6576,23750.0,29512.0,Eptesicus serotinus,0.095,0.262,-1,Echolocation,/mnt/ubna_data_01_mir/recover-20220822/UBNA_014/20220820_060000.WAV,Central Pond,recover-20220822,014,1795
1592.2255,1592.2437,22890.0,27663.0,Nyctalus leisleri,0.213,0.38,-1,Echolocation,/mnt/ubna_data_01_mir/recover-20220822/UBNA_014/20220820_060000.WAV,Central Pond,recover-20220822,014,1795
1592.6685,1592.6905,22031.0,25961.0,Nyctalus leisleri,0.109,0.223,-1,Echolocation,/mnt/ubna_data_01_mir/recover-20220822/UBNA_014/20220820_060000.WAV,Central Pond,recover-20220822,014,1795
1592.9875,1593.0146,22890.0,27310.0,Nyctalus leisleri,0.13,0.226,-1,Echolocation,/mnt/ubna_data_01_mir/recover-20220822/UBNA_014/20220820_060000.WAV,Central Pond,recover-20220822,014,1795
1593.6025,1593.628,23750.0,27566.0,Nyctalus leisleri,0.185,0.258,-1,Echolocation,/mnt/ubna_data_01_mir/recover-20220822/UBNA_014/20220820_060000.WAV,Central Pond,recover-20220822,014,1795
1593.7725,1593.8013,22890.0,28753.0,Nyctalus noctula,0.124,0.249,-1,Echolocation,/mnt/ubna_data_01_mir/recover-20220822/UBNA_014/20220820_060000.WAV,Central Pond,recover-20220822,014,1795
1593.9775,1593.9967,23750.0,28979.0,Nyctalus leisleri,0.239,0.405,-1,Echolocation,/mnt/ubna_data_01_mir/recover-20220822/UBNA_014/20220820_060000.WAV,Central Pond,recover-20220822,014,1795
1594.5565,1594.5787,23750.0,28507.0,Nyctalus leisleri,0.142,0.292,-1,Echolocation,/mnt/ubna_data_01_mir/recover-20220822/UBNA_014/20220820_060000.WAV,Central Pond,recover-20220822,014,1795
1595.2105,1595.2288,23750.0,27508.0,Nyctalus leisleri,0.292,0.383,-1,Echolocation,/mnt/ubna_data_01_mir/recover-20220822/UBNA_014/20220820_060000.WAV,Central Pond,recover-20220822,014,1795
1597.1855,1597.2083,23750.0,28261.0,Nyctalus leisleri,0.145,0.26,-1,Echolocation,/mnt/ubna_data_01_mir/recover-20220822/UBNA_014/20220820_060000.WAV,Central Pond,recover-20220822,014,1795
1597.6405,1597.6656,22890.0,28927.0,Nyctalus noctula,0.12,0.327,-1,Echolocation,/mnt/ubna_data_01_mir/recover-20220822/UBNA_014/20220820_060000.WAV,Central Pond,recover-20220822,014,1795
1598.2325,1598.2507,23750.0,26963.0,Nyctalus leisleri,0.333,0.404,-1,Echolocation,/mnt/ubna_data_01_mir/recover-20220822/UBNA_014/20220820_060000.WAV,Central Pond,recover-20220822,014,1795
1598.5165,1598.5405,22890.0,26564.0,Nyctalus leisleri,0.108,0.215,-1,Echolocation,/mnt/ubna_data_01_mir/recover-20220822/UBNA_014/20220820_060000.WAV,Central Pond,recover-20220822,014,1795
1598.8175,1598.8414,22890.0,28795.0,Nyctalus leisleri,0.144,0.356,-1,Echolocation,/mnt/ubna_data_01_mir/recover-20220822/UBNA_014/20220820_060000.WAV,Central Pond,recover-20220822,014,1795
1599.1665,1599.1884,22890.0,26986.0,Nyctalus leisleri,0.118,0.218,-1,Echolocation,/mnt/ubna_data_01_mir/recover-20220822/UBNA_014/20220820_060000.WAV,Central Pond,recover-20220822,014,1795
1599.4835,1599.5057,23750.0,28011.0,Nyctalus leisleri,0.19,0.296,-1,Echolocation,/mnt/ubna_data_01_mir/recover-20220822/UBNA_014/20220820_060000.WAV,Central Pond,recover-20220822,014,1795
1601.5705,1601.5942,22031.0,27476.0,Nyctalus noctula,0.197,0.319,-1,Echolocation,/mnt/ubna_data_01_mir/recover-20220822/UBNA_014/20220820_060000.WAV,Central Pond,recover-20220822,014,1795
1602.0305,1602.0508,22890.0,26903.0,Nyctalus leisleri,0.139,0.281,-1,Echolocation,/mnt/ubna_data_01_mir/recover-20220822/UBNA_014/20220820_060000.WAV,Central Pond,recover-20220822,014,1795
1604.2345,1604.2598,22031.0,27979.0,Nyctalus noctula,0.172,0.35,-1,Echolocation,/mnt/ubna_data_01_mir/recover-20220822/UBNA_014/20220820_060000.WAV,Central Pond,recover-20220822,014,1795
1604.5105,1604.529,22890.0,26036.0,Nyctalus leisleri,0.389,0.475,-1,Echolocation,/mnt/ubna_data_01_mir/recover-20220822/UBNA_014/20220820_060000.WAV,Central Pond,recover-20220822,014,1795
1604.7825,1604.8071,22890.0,28646.0,Nyctalus noctula,0.115,0.293,-1,Echolocation,/mnt/ubna_data_01_mir/recover-20220822/UBNA_014/20220820_060000.WAV,Central Pond,recover-20220822,014,1795
1605.0945,1605.1157,22890.0,27057.0,Nyctalus leisleri,0.364,0.426,-1,Echolocation,/mnt/ubna_data_01_mir/recover-20220822/UBNA_014/20220820_060000.WAV,Central Pond,recover-20220822,014,1795
1605.2385,1605.2584,22890.0,27978.0,Nyctalus leisleri,0.247,0.377,-1,Echolocation,/mnt/ubna_data_01_mir/recover-20220822/UBNA_014/20220820_060000.WAV,Central Pond,recover-20220822,014,1795
1605.3895,1605.4107,23750.0,28618.0,Nyctalus leisleri,0.233,0.364,-1,Echolocation,/mnt/ubna_data_01_mir/recover-20220822/UBNA_014/20220820_060000.WAV,Central Pond,recover-20220822,014,1795
1605.5455,1605.5708,23750.0,29895.0,Nyctalus noctula,0.078,0.22,-1,Echolocation,/mnt/ubna_data_01_mir/recover-20220822/UBNA_014/20220820_060000.WAV,Central Pond,recover-20220822,014,1795
1605.5535,1605.5759,23750.0,28715.0,Nyctalus leisleri,0.151,0.257,-1,Echolocation,/mnt/ubna_data_01_mir/recover-20220822/UBNA_014/20220820_060000.WAV,Central Pond,recover-20220822,014,1795
1605.7135,1605.7352,23750.0,28542.0,Nyctalus leisleri,0.169,0.288,-1,Echolocation,/mnt/ubna_data_01_mir/recover-20220822/UBNA_014/20220820_060000.WAV,Central Pond,recover-20220822,014,1795
1606.1235,1606.1484,22031.0,27800.0,Nyctalus noctula,0.259,0.431,-1,Echolocation,/mnt/ubna_data_01_mir/recover-20220822/UBNA_014/20220820_060000.WAV,Central Pond,recover-20220822,014,1795
1606.4115,1606.4313,22890.0,25680.0,Nyctalus leisleri,0.374,0.429,-1,Echolocation,/mnt/ubna_data_01_mir/recover-20220822/UBNA_014/20220820_060000.WAV,Central Pond,recover-20220822,014,1795
1606.7145,1606.7343,22890.0,27248.0,Nyctalus leisleri,0.421,0.521,-1,Echolocation,/mnt/ubna_data_01_mir/recover-20220822/UBNA_014/20220820_060000.WAV,Central Pond,recover-20220822,014,1795
1606.7195,1606.7313,46953.0,50418.0,Pipistrellus pipistrellus,0.179,0.223,-1,Echolocation,/mnt/ubna_data_01_mir/recover-20220822/UBNA_014/20220820_060000.WAV,Central Pond,recover-20220822,014,1795
1606.8855,1606.9034,23750.0,29466.0,Nyctalus leisleri,0.24,0.455,-1,Echolocation,/mnt/ubna_data_01_mir/recover-20220822/UBNA_014/20220820_060000.WAV,Central Pond,recover-20220822,014,1795
1607.0435,1607.0645,23750.0,29696.0,Nyctalus leisleri,0.141,0.369,-1,Echolocation,/mnt/ubna_data_01_mir/recover-20220822/UBNA_014/20220820_060000.WAV,Central Pond,recover-20220822,014,1795
1607.1985,1607.2157,23750.0,29044.0,Nyctalus leisleri,0.316,0.491,-1,Echolocation,/mnt/ubna_data_01_mir/recover-20220822/UBNA_014/20220820_060000.WAV,Central Pond,recover-20220822,014,1795
1607.3505,1607.371,23750.0,29337.0,Nyctalus leisleri,0.184,0.323,-1,Echolocation,/mnt/ubna_data_01_mir/recover-20220822/UBNA_014/20220820_060000.WAV,Central Pond,recover-20220822,014,1795
1607.4835,1607.5013,24609.0,29854.0,Nyctalus leisleri,0.286,0.426,-1,Echolocation,/mnt/ubna_data_01_mir/recover-20220822/UBNA_014/20220820_060000.WAV,Central Pond,recover-20220822,014,1795
1607.6055,1607.6226,24609.0,28717.0,Nyctalus leisleri,0.338,0.423,-1,Echolocation,/mnt/ubna_data_01_mir/recover-20220822/UBNA_014/20220820_060000.WAV,Central Pond,recover-20220822,014,1795
1607.7055,1607.7184,25468.0,29289.0,Nyctalus leisleri,0.11,0.228,-1,Echolocation,/mnt/ubna_data_01_mir/recover-20220822/UBNA_014/20220820_060000.WAV,Central Pond,recover-20220822,014,1795
1608.6075,1608.6235,22890.0,27499.0,Nyctalus leisleri,0.351,0.542,-1,Echolocation,/mnt/ubna_data_01_mir/recover-20220822/UBNA_014/20220820_060000.WAV,Central Pond,recover-20220822,014,1795
1608.7765,1608.7995,23750.0,28040.0,Nyctalus leisleri,0.167,0.277,-1,Echolocation,/mnt/ubna_data_01_mir/recover-20220822/UBNA_014/20220820_060000.WAV,Central Pond,recover-20220822,014,1795
1609.0735,1609.0907,22890.0,28705.0,Nyctalus leisleri,0.224,0.434,-1,Echolocation,/mnt/ubna_data_01_mir/recover-20220822/UBNA_014/20220820_060000.WAV,Central Pond,recover-20220822,014,1795
1609.2495,1609.267,22890.0,30962.0,Eptesicus serotinus,0.186,0.454,-1,Echolocation,/mnt/ubna_data_01_mir/recover-20220822/UBNA_014/20220820_060000.WAV,Central Pond,recover-20220822,014,1795
1609.5375,1609.5612,22890.0,26077.0,Nyctalus leisleri,0.144,0.224,-1,Echolocation,/mnt/ubna_data_01_mir/recover-20220822/UBNA_014/20220820_060000.WAV,Central Pond,recover-20220822,014,1795
1609.7155,1609.7383,22890.0,26967.0,Nyctalus leisleri,0.154,0.314,-1,Echolocation,/mnt/ubna_data_01_mir/recover-20220822/UBNA_014/20220820_060000.WAV,Central Pond,recover-20220822,014,1795
1610.2675,1610.2842,22890.0,27152.0,Nyctalus leisleri,0.381,0.508,-1,Echolocation,/mnt/ubna_data_01_mir/recover-20220822/UBNA_014/20220820_060000.WAV,Central Pond,recover-20220822,014,1795
1610.5925,1610.611,22890.0,28103.0,Nyctalus leisleri,0.288,0.489,-1,Echolocation,/mnt/ubna_data_01_mir/recover-20220822/UBNA_014/20220820_060000.WAV,Central Pond,recover-20220822,014,1795
1610.9205,1610.941,22890.0,26289.0,Nyctalus leisleri,0.287,0.353,-1,Echolocation,/mnt/ubna_data_01_mir/recover-20220822/UBNA_014/20220820_060000.WAV,Central Pond,recover-20220822,014,1795
1611.2185,1611.2362,23750.0,28150.0,Nyctalus leisleri,0.293,0.525,-1,Echolocation,/mnt/ubna_data_01_mir/recover-20220822/UBNA_014/20220820_060000.WAV,Central Pond,recover-20220822,014,1795
1611.2255,1611.2352,46953.0,51233.0,Pipistrellus pipistrellus,0.243,0.318,-1,Echolocation,/mnt/ubna_data_01_mir/recover-20220822/UBNA_014/20220820_060000.WAV,Central Pond,recover-20220822,014,1795
1611.5445,1611.5669,22890.0,27486.0,Nyctalus leisleri,0.15,0.282,-1,Echolocation,/mnt/ubna_data_01_mir/recover-20220822/UBNA_014/20220820_060000.WAV,Central Pond,recover-20220822,014,1795
1611.8385,1611.8575,23750.0,29087.0,Nyctalus leisleri,0.236,0.37,-1,Echolocation,/mnt/ubna_data_01_mir/recover-20220822/UBNA_014/20220820_060000.WAV,Central Pond,recover-20220822,014,1795
1612.1445,1612.1658,23750.0,29088.0,Nyctalus leisleri,0.192,0.374,-1,Echolocation,/mnt/ubna_data_01_mir/recover-20220822/UBNA_014/20220820_060000.WAV,Central Pond,recover-20220822,014,1795
1612.4535,1612.4759,22890.0,27178.0,Nyctalus leisleri,0.283,0.37,-1,Echolocation,/mnt/ubna_data_01_mir/recover-20220822/UBNA_014/20220820_060000.WAV,Central Pond,recover-20220822,014,1795
1612.7545,1612.778,22890.0,28954.0,Nyctalus noctula,0.135,0.31,-1,Echolocation,/mnt/ubna_data_01_mir/recover-20220822/UBNA_014/20220820_060000.WAV,Central Pond,recover-20220822,014,1795
1613.1825,1613.2054,23750.0,27596.0,Nyctalus leisleri,0.233,0.314,-1,Echolocation,/mnt/ubna_data_01_mir/recover-20220822/UBNA_014/20220820_060000.WAV,Central Pond,recover-20220822,014,1795
1613.4965,1613.5148,23750.0,28405.0,Nyctalus leisleri,0.286,0.469,-1,Echolocation,/mnt/ubna_data_01_mir/recover-20220822/UBNA_014/20220820_060000.WAV,Central Pond,recover-20220822,014,1795
1613.9455,1613.9663,22890.0,27706.0,Nyctalus noctula,0.104,0.261,-1,Echolocation,/mnt/ubna_data_01_mir/recover-20220822/UBNA_014/20220820_060000.WAV,Central Pond,recover-20220822,014,1795
1614.2545,1614.2741,22890.0,27116.0,Nyctalus leisleri,0.336,0.421,-1,Echolocation,/mnt/ubna_data_01_mir/recover-20220822/UBNA_014/20220820_060000.WAV,Central Pond,recover-20220822,014,1795
1614.9985,1615.0201,22890.0,28493.0,Nyctalus leisleri,0.152,0.397,-1,Echolocation,/mnt/ubna_data_01_mir/recover-20220822/UBNA_014/20220820_060000.WAV,Central Pond,recover-20220822,014,1795
1615.8045,1615.825,22890.0,27220.0,Nyctalus leisleri,0.178,0.303,-1,Echolocation,/mnt/ubna_data_01_mir/recover-20220822/UBNA_014/20220820_060000.WAV,Central Pond,recover-20220822,014,1795
1616.4065,1616.4266,22890.0,27279.0,Nyctalus leisleri,0.218,0.338,-1,Echolocation,/mnt/ubna_data_01_mir/recover-20220822/UBNA_014/20220820_060000.WAV,Central Pond,recover-20220822,014,1795
1618.6265,1618.6472,23750.0,27205.0,Nyctalus leisleri,0.152,0.247,-1,Echolocation,/mnt/ubna_data_01_mir/recover-20220822/UBNA_014/20220820_060000.WAV,Central Pond,recover-20220822,014,1795
1619.3385,1619.3607,23750.0,29265.0,Nyctalus leisleri,0.114,0.285,-1,Echolocation,/mnt/ubna_data_01_mir/recover-20220822/UBNA_014/20220820_060000.WAV,Central Pond,recover-20220822,014,1795
1619.9415,1619.966,23750.0,27769.0,Nyctalus noctula,0.114,0.222,-1,Echolocation,/mnt/ubna_data_01_mir/recover-20220822/UBNA_014/20220820_060000.WAV,Central Pond,recover-20220822,014,1795
1624.1375,1624.16,22890.0,27863.0,Nyctalus noctula,0.126,0.294,-1,Echolocation,/mnt/ubna_data_01_mir/recover-20220822/UBNA_014/20220820_060000.WAV,Central Pond,recover-20220822,014,1795
1625.2545,1625.2737,22890.0,28327.0,Nyctalus leisleri,0.101,0.272,-1,Echolocation,/mnt/ubna_data_01_mir/recover-20220822/UBNA_014/20220820_060000.WAV,Central Pond,recover-20220822,014,1795
1625.7785,1625.7989,22031.0,26867.0,Nyctalus noctula,0.167,0.323,-1,Echolocation,/mnt/ubna_data_01_mir/recover-20220822/UBNA_014/20220820_060000.WAV,Central Pond,recover-20220822,014,1795
1628.2625,1628.284,22890.0,26875.0,Nyctalus noctula,0.096,0.204,-1,Echolocation,/mnt/ubna_data_01_mir/recover-20220822/UBNA_014/20220820_060000.WAV,Central Pond,recover-20220822,014,1795
1675.6285,1675.6338,16875.0,31347.0,Plecotus austriacus,0.123,0.222,-1,Echolocation,/mnt/ubna_data_01_mir/recover-20220822/UBNA_014/20220820_060000.WAV,Central Pond,recover-20220822,014,1795
1677.8995,1677.919,23750.0,27733.0,Nyctalus leisleri,0.187,0.3,-1,Echolocation,/mnt/ubna_data_01_mir/recover-20220822/UBNA_014/20220820_060000.WAV,Central Pond,recover-20220822,014,1795
1680.8675,1680.8883,22890.0,26604.0,Nyctalus leisleri,0.281,0.352,-1,Echolocation,/mnt/ubna_data_01_mir/recover-20220822/UBNA_014/20220820_060000.WAV,Central Pond,recover-20220822,014,1795
1682.5365,1682.5553,23750.0,27482.0,Nyctalus leisleri,0.113,0.213,-1,Echolocation,/mnt/ubna_data_01_mir/recover-20220822/UBNA_014/20220820_060000.WAV,Central Pond,recover-20220822,014,1795
1682.9515,1682.9722,22890.0,27067.0,Nyctalus leisleri,0.254,0.375,-1,Echolocation,/mnt/ubna_data_01_mir/recover-20220822/UBNA_014/20220820_060000.WAV,Central Pond,recover-20220822,014,1795
1683.5225,1683.5422,23750.0,26731.0,Nyctalus leisleri,0.288,0.355,-1,Echolocation,/mnt/ubna_data_01_mir/recover-20220822/UBNA_014/20220820_060000.WAV,Central Pond,recover-20220822,014,1795
1684.9185,1684.9404,23750.0,26980.0,Nyctalus leisleri,0.17,0.239,-1,Echolocation,/mnt/ubna_data_01_mir/recover-20220822/UBNA_014/20220820_060000.WAV,Central Pond,recover-20220822,014,1795
1701.7205,1701.7255,16015.0,35228.0,Plecotus austriacus,0.133,0.223,-1,Echolocation,/mnt/ubna_data_01_mir/recover-20220822/UBNA_014/20220820_060000.WAV,Central Pond,recover-20220822,014,1795
1715.0995,1715.1206,22890.0,26185.0,Nyctalus leisleri,0.133,0.206,-1,Echolocation,/mnt/ubna_data_01_mir/recover-20220822/UBNA_014/20220820_060000.WAV,Central Pond,recover-20220822,014,1795
1716.9685,1716.9866,23750.0,29280.0,Nyctalus leisleri,0.126,0.272,-1,Echolocation,/mnt/ubna_data_01_mir/recover-20220822/UBNA_014/20220820_060000.WAV,Central Pond,recover-20220822,014,1795
1717.6565,1717.6784,23750.0,28568.0,Nyctalus noctula,0.105,0.206,-1,Echolocation,/mnt/ubna_data_01_mir/recover-20220822/UBNA_014/20220820_060000.WAV,Central Pond,recover-20220822,014,1795
1720.7235,1720.7451,23750.0,28974.0,Nyctalus leisleri,0.138,0.27,-1,Echolocation,/mnt/ubna_data_01_mir/recover-20220822/UBNA_014/20220820_060000.WAV,Central Pond,recover-20220822,014,1795
1721.2445,1721.2656,22890.0,26637.0,Nyctalus leisleri,0.19,0.258,-1,Echolocation,/mnt/ubna_data_01_mir/recover-20220822/UBNA_014/20220820_060000.WAV,Central Pond,recover-20220822,014,1795
1721.6885,1721.7103,24609.0,28554.0,Nyctalus leisleri,0.132,0.213,-1,Echolocation,/mnt/ubna_data_01_mir/recover-20220822/UBNA_014/20220820_060000.WAV,Central Pond,recover-20220822,014,1795
1721.9025,1721.9273,23750.0,28880.0,Nyctalus leisleri,0.183,0.304,-1,Echolocation,/mnt/ubna_data_01_mir/recover-20220822/UBNA_014/20220820_060000.WAV,Central Pond,recover-20220822,014,1795
1724.3375,1724.3627,23750.0,28594.0,Nyctalus leisleri,0.125,0.252,-1,Echolocation,/mnt/ubna_data_01_mir/recover-20220822/UBNA_014/20220820_060000.WAV,Central Pond,recover-20220822,014,1795
1724.5935,1724.6132,24609.0,28822.0,Nyctalus leisleri,0.28,0.391,-1,Echolocation,/mnt/ubna_data_01_mir/recover-20220822/UBNA_014/20220820_060000.WAV,Central Pond,recover-20220822,014,1795
1724.8825,1724.9014,24609.0,31367.0,Eptesicus serotinus,0.176,0.341,-1,Echolocation,/mnt/ubna_data_01_mir/recover-20220822/UBNA_014/20220820_060000.WAV,Central Pond,recover-20220822,014,1795
1725.1745,1725.2012,22890.0,28089.0,Nyctalus noctula,0.168,0.31,-1,Echolocation,/mnt/ubna_data_01_mir/recover-20220822/UBNA_014/20220820_060000.WAV,Central Pond,recover-20220822,014,1795
1725.3185,1725.3411,23750.0,27182.0,Nyctalus leisleri,0.128,0.213,-1,Echolocation,/mnt/ubna_data_01_mir/recover-20220822/UBNA_014/20220820_060000.WAV,Central Pond,recover-20220822,014,1795
1725.5855,1725.6043,23750.0,28109.0,Nyctalus leisleri,0.232,0.38,-1,Echolocation,/mnt/ubna_data_01_mir/recover-20220822/UBNA_014/20220820_060000.WAV,Central Pond,recover-20220822,014,1795
1725.7535,1725.7715,23750.0,28437.0,Nyctalus leisleri,0.083,0.207,-1,Echolocation,/mnt/ubna_data_01_mir/recover-20220822/UBNA_014/20220820_060000.WAV,Central Pond,recover-20220822,014,1795
1725.8625,1725.888,23750.0,27628.0,Nyctalus leisleri,0.094,0.205,-1,Echolocation,/mnt/ubna_data_01_mir/recover-20220822/UBNA_014/20220820_060000.WAV,Central Pond,recover-20220822,014,1795
1726.2645,1726.2847,23750.0,27218.0,Nyctalus leisleri,0.283,0.364,-1,Echolocation,/mnt/ubna_data_01_mir/recover-20220822/UBNA_014/20220820_060000.WAV,Central Pond,recover-20220822,014,1795
1726.5575,1726.5774,22890.0,25890.0,Nyctalus leisleri,0.312,0.373,-1,Echolocation,/mnt/ubna_data_01_mir/recover-20220822/UBNA_014/20220820_060000.WAV,Central Pond,recover-20220822,014,1795
1727.1085,1727.1299,22890.0,27928.0,Nyctalus leisleri,0.233,0.389,-1,Echolocation,/mnt/ubna_data_01_mir/recover-20220822/UBNA_014/20220820_060000.WAV,Central Pond,recover-20220822,014,1795
1727.3495,1727.3634,23750.0,28236.0,Nyctalus leisleri,0.195,0.348,-1,Echolocation,/mnt/ubna_data_01_mir/recover-20220822/UBNA_014/20220820_060000.WAV,Central Pond,recover-20220822,014,1795
1727.6135,1727.6322,23750.0,28229.0,Nyctalus leisleri,0.35,0.451,-1,Echolocation,/mnt/ubna_data_01_mir/recover-20220822/UBNA_014/20220820_060000.WAV,Central Pond,recover-20220822,014,1795
1727.6615,1727.6881,23750.0,27788.0,Nyctalus leisleri,0.188,0.273,-1,Echolocation,/mnt/ubna_data_01_mir/recover-20220822/UBNA_014/20220820_060000.WAV,Central Pond,recover-20220822,014,1795
1727.7795,1727.7925,24609.0,29351.0,Nyctalus leisleri,0.156,0.322,-1,Echolocation,/mnt/ubna_data_01_mir/recover-20220822/UBNA_014/20220820_060000.WAV,Central Pond,recover-20220822,014,1795
1728.0875,1728.1068,23750.0,27719.0,Nyctalus leisleri,0.272,0.349,-1,Echolocation,/mnt/ubna_data_01_mir/recover-20220822/UBNA_014/20220820_060000.WAV,Central Pond,recover-20220822,014,1795
1728.2345,1728.2535,23750.0,27548.0,Nyctalus leisleri,0.432,0.517,-1,Echolocation,/mnt/ubna_data_01_mir/recover-20220822/UBNA_014/20220820_060000.WAV,Central Pond,recover-20220822,014,1795
1728.3795,1728.3976,23750.0,27531.0,Nyctalus leisleri,0.22,0.323,-1,Echolocation,/mnt/ubna_data_01_mir/recover-20220822/UBNA_014/20220820_060000.WAV,Central Pond,recover-20220822,014,1795
1728.6585,1728.683,22890.0,26994.0,Nyctalus leisleri,0.147,0.255,-1,Echolocation,/mnt/ubna_data_01_mir/recover-20220822/UBNA_014/20220820_060000.WAV,Central Pond,recover-20220822,014,1795
1728.8195,1728.8435,22890.0,27538.0,Nyctalus noctula,0.12,0.274,-1,Echolocation,/mnt/ubna_data_01_mir/recover-20220822/UBNA_014/20220820_060000.WAV,Central Pond,recover-20220822,014,1795
1729.1285,1729.1564,22890.0,27087.0,Nyctalus leisleri,0.136,0.279,-1,Echolocation,/mnt/ubna_data_01_mir/recover-20220822/UBNA_014/20220820_060000.WAV,Central Pond,recover-20220822,014,1795
1729.4145,1729.4344,23750.0,27935.0,Nyctalus leisleri,0.233,0.372,-1,Echolocation,/mnt/ubna_data_01_mir/recover-20220822/UBNA_014/20220820_060000.WAV,Central Pond,recover-20220822,014,1795
1729.6785,1729.703,23750.0,27093.0,Nyctalus leisleri,0.171,0.245,-1,Echolocation,/mnt/ubna_data_01_mir/recover-20220822/UBNA_014/20220820_060000.WAV,Central Pond,recover-20220822,014,1795
1729.7205,1729.739,22890.0,28808.0,Nyctalus leisleri,0.145,0.363,-1,Echolocation,/mnt/ubna_data_01_mir/recover-20220822/UBNA_014/20220820_060000.WAV,Central Pond,recover-20220822,014,1795
1730.0135,1730.0306,22890.0,26573.0,Nyctalus leisleri,0.351,0.423,-1,Echolocation,/mnt/ubna_data_01_mir/recover-20220822/UBNA_014/20220820_060000.WAV,Central Pond,recover-20220822,014,1795
1730.2535,1730.2775,23750.0,26919.0,Nyctalus leisleri,0.144,0.206,-1,Echolocation,/mnt/ubna_data_01_mir/recover-20220822/UBNA_014/20220820_060000.WAV,Central Pond,recover-20220822,014,1795
1730.3225,1730.3367,23750.0,29522.0,Nyctalus leisleri,0.413,0.555,-1,Echolocation,/mnt/ubna_data_01_mir/recover-20220822/UBNA_014/20220820_060000.WAV,Central Pond,recover-20220822,014,1795
1730.9485,1730.9654,23750.0,27530.0,Nyctalus leisleri,0.117,0.266,-1,Echolocation,/mnt/ubna_data_01_mir/recover-20220822/UBNA_014/20220820_060000.WAV,Central Pond,recover-20220822,014,1795
1731.2605,1731.2799,22890.0,27385.0,Nyctalus leisleri,0.292,0.414,-1,Echolocation,/mnt/ubna_data_01_mir/recover-20220822/UBNA_014/20220820_060000.WAV,Central Pond,recover-20220822,014,1795
1731.5535,1731.5754,23750.0,27902.0,Nyctalus leisleri,0.258,0.375,-1,Echolocation,/mnt/ubna_data_01_mir/recover-20220822/UBNA_014/20220820_060000.WAV,Central Pond,recover-20220822,014,1795
1731.8475,1731.8696,22031.0,25827.0,Nyctalus leisleri,0.157,0.261,-1,Echolocation,/mnt/ubna_data_01_mir/recover-20220822/UBNA_014/20220820_060000.WAV,Central Pond,recover-20220822,014,1795
1732.1515,1732.1709,23750.0,26998.0,Nyctalus leisleri,0.349,0.409,-1,Echolocation,/mnt/ubna_data_01_mir/recover-20220822/UBNA_014/20220820_060000.WAV,Central Pond,recover-20220822,014,1795
1732.6035,1732.6239,23750.0,28028.0,Nyctalus leisleri,0.268,0.36,-1,Echolocation,/mnt/ubna_data_01_mir/recover-20220822/UBNA_014/20220820_060000.WAV,Central Pond,recover-20220822,014,1795
1732.7475,1732.7701,23750.0,27678.0,Nyctalus leisleri,0.298,0.356,-1,Echolocation,/mnt/ubna_data_01_mir/recover-20220822/UBNA_014/20220820_060000.WAV,Central Pond,recover-20220822,014,1795
1734.0015,1734.0151,22890.0,28069.0,Nyctalus leisleri,0.173,0.286,-1,Echolocation,/mnt/ubna_data_01_mir/recover-20220822/UBNA_014/20220820_060000.WAV,Central Pond,recover-20220822,014,1795
1735.2635,1735.2729,37500.0,42564.0,Pipistrellus nathusii,0.194,0.236,-1,Echolocation,/mnt/ubna_data_01_mir/recover-20220822/UBNA_014/20220820_060000.WAV,Central Pond,recover-20220822,014,1795
1737.0885,1737.1091,22890.0,26643.0,Nyctalus leisleri,0.148,0.236,-1,Echolocation,/mnt/ubna_data_01_mir/recover-20220822/UBNA_014/20220820_060000.WAV,Central Pond,recover-20220822,014,1795
1737.3695,1737.3912,23750.0,28220.0,Nyctalus leisleri,0.203,0.306,-1,Echolocation,/mnt/ubna_data_01_mir/recover-20220822/UBNA_014/20220820_060000.WAV,Central Pond,recover-20220822,014,1795
1738.0905,1738.1071,22890.0,27381.0,Nyctalus leisleri,0.371,0.547,-1,Echolocation,/mnt/ubna_data_01_mir/recover-20220822/UBNA_014/20220820_060000.WAV,Central Pond,recover-20220822,014,1795
1738.2225,1738.2369,24609.0,29399.0,Nyctalus leisleri,0.317,0.474,-1,Echolocation,/mnt/ubna_data_01_mir/recover-20220822/UBNA_014/20220820_060000.WAV,Central Pond,recover-20220822,014,1795
1738.5175,1738.5374,22890.0,26127.0,Nyctalus leisleri,0.119,0.235,-1,Echolocation,/mnt/ubna_data_01_mir/recover-20220822/UBNA_014/20220820_060000.WAV,Central Pond,recover-20220822,014,1795
1738.8105,1738.8317,23750.0,28194.0,Nyctalus leisleri,0.236,0.375,-1,Echolocation,/mnt/ubna_data_01_mir/recover-20220822/UBNA_014/20220820_060000.WAV,Central Pond,recover-20220822,014,1795
1739.1095,1739.1306,22031.0,26750.0,Nyctalus noctula,0.146,0.27,-1,Echolocation,/mnt/ubna_data_01_mir/recover-20220822/UBNA_014/20220820_060000.WAV,Central Pond,recover-20220822,014,1795
1739.6765,1739.6997,22890.0,28149.0,Nyctalus noctula,0.141,0.332,-1,Echolocation,/mnt/ubna_data_01_mir/recover-20220822/UBNA_014/20220820_060000.WAV,Central Pond,recover-20220822,014,1795
1739.8675,1739.8872,22890.0,26597.0,Nyctalus leisleri,0.152,0.248,-1,Echolocation,/mnt/ubna_data_01_mir/recover-20220822/UBNA_014/20220820_060000.WAV,Central Pond,recover-20220822,014,1795
1740.1865,1740.2111,22890.0,27883.0,Nyctalus leisleri,0.106,0.272,-1,Echolocation,/mnt/ubna_data_01_mir/recover-20220822/UBNA_014/20220820_060000.WAV,Central Pond,recover-20220822,014,1795
1740.4905,1740.5106,23750.0,27532.0,Nyctalus leisleri,0.143,0.233,-1,Echolocation,/mnt/ubna_data_01_mir/recover-20220822/UBNA_014/20220820_060000.WAV,Central Pond,recover-20220822,014,1795
1741.4365,1741.4512,23750.0,28342.0,Nyctalus leisleri,0.459,0.605,-1,Echolocation,/mnt/ubna_data_01_mir/recover-20220822/UBNA_014/20220820_060000.WAV,Central Pond,recover-20220822,014,1795
1742.1785,1742.1985,23750.0,27629.0,Nyctalus leisleri,0.224,0.321,-1,Echolocation,/mnt/ubna_data_01_mir/recover-20220822/UBNA_014/20220820_060000.WAV,Central Pond,recover-20220822,014,1795
1742.8085,1742.8254,23750.0,26992.0,Nyctalus leisleri,0.442,0.512,-1,Echolocation,/mnt/ubna_data_01_mir/recover-20220822/UBNA_014/20220820_060000.WAV,Central Pond,recover-20220822,014,1795
1743.4305,1743.45,23750.0,26575.0,Nyctalus leisleri,0.417,0.472,-1,Echolocation,/mnt/ubna_data_01_mir/recover-20220822/UBNA_014/20220820_060000.WAV,Central Pond,recover-20220822,014,1795
1744.2225,1744.2436,22890.0,26146.0,Nyctalus leisleri,0.12,0.236,-1,Echolocation,/mnt/ubna_data_01_mir/recover-20220822/UBNA_014/20220820_060000.WAV,Central Pond,recover-20220822,014,1795
1750.2775,1750.3001,23750.0,27701.0,Nyctalus leisleri,0.205,0.273,-1,Echolocation,/mnt/ubna_data_01_mir/recover-20220822/UBNA_014/20220820_060000.WAV,Central Pond,recover-20220822,014,1795
1753.8855,1753.9021,23750.0,27692.0,Nyctalus leisleri,0.107,0.265,-1,Echolocation,/mnt/ubna_data_01_mir/recover-20220822/UBNA_014/20220820_060000.WAV,Central Pond,recover-20220822,014,1795
1754.3475,1754.3569,35781.0,43151.0,Pipistrellus nathusii,0.45,0.548,-1,Echolocation,/mnt/ubna_data_01_mir/recover-20220822/UBNA_014/20220820_060000.WAV,Central Pond,recover-20220822,014,1795
1754.4615,1754.4815,23750.0,27549.0,Nyctalus leisleri,0.214,0.279,-1,Echolocation,/mnt/ubna_data_01_mir/recover-20220822/UBNA_014/20220820_060000.WAV,Central Pond,recover-20220822,014,1795
1754.9265,1754.936,36640.0,42744.0,Pipistrellus nathusii,0.206,0.272,-1,Echolocation,/mnt/ubna_data_01_mir/recover-20220822/UBNA_014/20220820_060000.WAV,Central Pond,recover-20220822,014,1795
1754.9935,1755.014,23750.0,27539.0,Nyctalus leisleri,0.292,0.36,-1,Echolocation,/mnt/ubna_data_01_mir/recover-20220822/UBNA_014/20220820_060000.WAV,Central Pond,recover-20220822,014,1795
1755.1195,1755.1292,38359.0,44841.0,Pipistrellus nathusii,0.4,0.435,-1,Echolocation,/mnt/ubna_data_01_mir/recover-20220822/UBNA_014/20220820_060000.WAV,Central Pond,recover-20220822,014,1795
1755.3375,1755.3596,23750.0,26854.0,Nyctalus leisleri,0.189,0.236,-1,Echolocation,/mnt/ubna_data_01_mir/recover-20220822/UBNA_014/20220820_060000.WAV,Central Pond,recover-20220822,014,1795
1755.6665,1755.6893,22890.0,27793.0,Nyctalus leisleri,0.124,0.283,-1,Echolocation,/mnt/ubna_data_01_mir/recover-20220822/UBNA_014/20220820_060000.WAV,Central Pond,recover-20220822,014,1795
1756.1575,1756.1775,23750.0,26740.0,Nyctalus leisleri,0.279,0.328,-1,Echolocation,/mnt/ubna_data_01_mir/recover-20220822/UBNA_014/20220820_060000.WAV,Central Pond,recover-20220822,014,1795
1756.3435,1756.364,22890.0,26524.0,Nyctalus noctula,0.097,0.209,-1,Echolocation,/mnt/ubna_data_01_mir/recover-20220822/UBNA_014/20220820_060000.WAV,Central Pond,recover-20220822,014,1795
1756.3865,1756.3961,36640.0,42314.0,Pipistrellus nathusii,0.426,0.512,-1,Echolocation,/mnt/ubna_data_01_mir/recover-20220822/UBNA_014/20220820_060000.WAV,Central Pond,recover-20220822,014,1795
1757.4495,1757.4587,38359.0,42849.0,Pipistrellus nathusii,0.188,0.263,-1,Echolocation,/mnt/ubna_data_01_mir/recover-20220822/UBNA_014/20220820_060000.WAV,Central Pond,recover-20220822,014,1795
1757.5425,1757.552,37500.0,44416.0,Pipistrellus nathusii,0.379,0.509,-1,Echolocation,/mnt/ubna_data_01_mir/recover-20220822/UBNA_014/20220820_060000.WAV,Central Pond,recover-20220822,014,1795
1757.9135,1757.9307,23750.0,27115.0,Nyctalus leisleri,0.215,0.317,-1,Echolocation,/mnt/ubna_data_01_mir/recover-20220822/UBNA_014/20220820_060000.WAV,Central Pond,recover-20220822,014,1795
1758.9005,1758.9227,22890.0,27154.0,Nyctalus leisleri,0.159,0.288,-1,Echolocation,/mnt/ubna_data_01_mir/recover-20220822/UBNA_014/20220820_060000.WAV,Central Pond,recover-20220822,014,1795
1759.0625,1759.0855999999999,23750.0,27115.0,Nyctalus leisleri,0.15,0.239,-1,Echolocation,/mnt/ubna_data_01_mir/recover-20220822/UBNA_014/20220820_060000.WAV,Central Pond,recover-20220822,014,1795
1759.3245,1759.3476,22890.0,28443.0,Nyctalus leisleri,0.148,0.375,-1,Echolocation,/mnt/ubna_data_01_mir/recover-20220822/UBNA_014/20220820_060000.WAV,Central Pond,recover-20220822,014,1795
1759.6365,1759.6533,22890.0,26950.0,Nyctalus leisleri,0.277,0.412,-1,Echolocation,/mnt/ubna_data_01_mir/recover-20220822/UBNA_014/20220820_060000.WAV,Central Pond,recover-20220822,014,1795
1760.0035,1760.0288,22031.0,25684.0,Nyctalus noctula,0.185,0.279,-1,Echolocation,/mnt/ubna_data_01_mir/recover-20220822/UBNA_014/20220820_060000.WAV,Central Pond,recover-20220822,014,1795
1760.3415,1760.3606,22890.0,26911.0,Nyctalus leisleri,0.2,0.299,-1,Echolocation,/mnt/ubna_data_01_mir/recover-20220822/UBNA_014/20220820_060000.WAV,Central Pond,recover-20220822,014,1795
1760.6195,1760.6443,23750.0,28953.0,Nyctalus leisleri,0.127,0.263,-1,Echolocation,/mnt/ubna_data_01_mir/recover-20220822/UBNA_014/20220820_060000.WAV,Central Pond,recover-20220822,014,1795
1761.4985,1761.5173,23750.0,28488.0,Nyctalus leisleri,0.209,0.374,-1,Echolocation,/mnt/ubna_data_01_mir/recover-20220822/UBNA_014/20220820_060000.WAV,Central Pond,recover-20220822,014,1795
1762.2315,1762.2527,23750.0,28070.0,Nyctalus leisleri,0.132,0.251,-1,Echolocation,/mnt/ubna_data_01_mir/recover-20220822/UBNA_014/20220820_060000.WAV,Central Pond,recover-20220822,014,1795
1764.4765,1764.4967,23750.0,27069.0,Nyctalus leisleri,0.357,0.398,-1,Echolocation,/mnt/ubna_data_01_mir/recover-20220822/UBNA_014/20220820_060000.WAV,Central Pond,recover-20220822,014,1795
1764.7685,1764.7887,22890.0,27199.0,Nyctalus leisleri,0.231,0.369,-1,Echolocation,/mnt/ubna_data_01_mir/recover-20220822/UBNA_014/20220820_060000.WAV,Central Pond,recover-20220822,014,1795
1764.9945,1765.0109,23750.0,27817.0,Nyctalus leisleri,0.471,0.544,-1,Echolocation,/mnt/ubna_data_01_mir/recover-20220822/UBNA_014/20220820_060000.WAV,Central Pond,recover-20220822,014,1795
1765.2835,1765.3048,23750.0,28120.0,Nyctalus leisleri,0.296,0.429,-1,Echolocation,/mnt/ubna_data_01_mir/recover-20220822/UBNA_014/20220820_060000.WAV,Central Pond,recover-20220822,014,1795
1765.4115,1765.4203,40078.0,44841.0,Pipistrellus nathusii,0.243,0.271,-1,Echolocation,/mnt/ubna_data_01_mir/recover-20220822/UBNA_014/20220820_060000.WAV,Central Pond,recover-20220822,014,1795
1765.9055,1765.9251,23750.0,27916.0,Nyctalus leisleri,0.292,0.372,-1,Echolocation,/mnt/ubna_data_01_mir/recover-20220822/UBNA_014/20220820_060000.WAV,Central Pond,recover-20220822,014,1795
1766.2185,1766.2408,23750.0,27716.0,Nyctalus leisleri,0.139,0.233,-1,Echolocation,/mnt/ubna_data_01_mir/recover-20220822/UBNA_014/20220820_060000.WAV,Central Pond,recover-20220822,014,1795
1769.2485,1769.2643,22890.0,28039.0,Nyctalus leisleri,0.288,0.521,-1,Echolocation,/mnt/ubna_data_01_mir/recover-20220822/UBNA_014/20220820_060000.WAV,Central Pond,recover-20220822,014,1795
1770.2915,1770.3149,23750.0,27799.0,Nyctalus leisleri,0.167,0.285,-1,Echolocation,/mnt/ubna_data_01_mir/recover-20220822/UBNA_014/20220820_060000.WAV,Central Pond,recover-20220822,014,1795
1771.0365,1771.06,22890.0,28042.0,Nyctalus leisleri,0.167,0.342,-1,Echolocation,/mnt/ubna_data_01_mir/recover-20220822/UBNA_014/20220820_060000.WAV,Central Pond,recover-20220822,014,1795
1771.6475,1771.6696,22890.0,26457.0,Nyctalus leisleri,0.199,0.28,-1,Echolocation,/mnt/ubna_data_01_mir/recover-20220822/UBNA_014/20220820_060000.WAV,Central Pond,recover-20220822,014,1795
1772.2495,1772.2664,22890.0,26432.0,Nyctalus leisleri,0.298,0.403,-1,Echolocation,/mnt/ubna_data_01_mir/recover-20220822/UBNA_014/20220820_060000.WAV,Central Pond,recover-20220822,014,1795
1772.8415,1772.8592,23750.0,28044.0,Nyctalus leisleri,0.343,0.457,-1,Echolocation,/mnt/ubna_data_01_mir/recover-20220822/UBNA_014/20220820_060000.WAV,Central Pond,recover-20220822,014,1795
1773.3175,1773.3387,23750.0,27194.0,Nyctalus leisleri,0.135,0.218,-1,Echolocation,/mnt/ubna_data_01_mir/recover-20220822/UBNA_014/20220820_060000.WAV,Central Pond,recover-20220822,014,1795
1774.1165,1774.1371,22890.0,27823.0,Nyctalus noctula,0.095,0.242,-1,Echolocation,/mnt/ubna_data_01_mir/recover-20220822/UBNA_014/20220820_060000.WAV,Central Pond,recover-20220822,014,1795
1774.4725,1774.4952,22890.0,26263.0,Nyctalus leisleri,0.18,0.232,-1,Echolocation,/mnt/ubna_data_01_mir/recover-20220822/UBNA_014/20220820_060000.WAV,Central Pond,recover-20220822,014,1795
1774.8055,1774.827,23750.0,27343.0,Nyctalus leisleri,0.285,0.36,-1,Echolocation,/mnt/ubna_data_01_mir/recover-20220822/UBNA_014/20220820_060000.WAV,Central Pond,recover-20220822,014,1795
1775.1265,1775.1456,23750.0,27166.0,Nyctalus leisleri,0.182,0.251,-1,Echolocation,/mnt/ubna_data_01_mir/recover-20220822/UBNA_014/20220820_060000.WAV,Central Pond,recover-20220822,014,1795
1775.4365,1775.4568,22890.0,27107.0,Nyctalus leisleri,0.238,0.337,-1,Echolocation,/mnt/ubna_data_01_mir/recover-20220822/UBNA_014/20220820_060000.WAV,Central Pond,recover-20220822,014,1795
1776.5535,1776.5729,22890.0,26961.0,Nyctalus leisleri,0.151,0.355,-1,Echolocation,/mnt/ubna_data_01_mir/recover-20220822/UBNA_014/20220820_060000.WAV,Central Pond,recover-20220822,014,1795
1776.7185,1776.7338,23750.0,27235.0,Nyctalus leisleri,0.377,0.482,-1,Echolocation,/mnt/ubna_data_01_mir/recover-20220822/UBNA_014/20220820_060000.WAV,Central Pond,recover-20220822,014,1795
1776.9935,1777.0107,22890.0,28482.0,Nyctalus leisleri,0.212,0.487,-1,Echolocation,/mnt/ubna_data_01_mir/recover-20220822/UBNA_014/20220820_060000.WAV,Central Pond,recover-20220822,014,1795
1777.3055,1777.3274,23750.0,26931.0,Nyctalus leisleri,0.157,0.247,-1,Echolocation,/mnt/ubna_data_01_mir/recover-20220822/UBNA_014/20220820_060000.WAV,Central Pond,recover-20220822,014,1795
1777.6155,1777.6322,23750.0,28035.0,Nyctalus leisleri,0.286,0.473,-1,Echolocation,/mnt/ubna_data_01_mir/recover-20220822/UBNA_014/20220820_060000.WAV,Central Pond,recover-20220822,014,1795
1778.2425,1778.2637,23750.0,27939.0,Nyctalus leisleri,0.232,0.364,-1,Echolocation,/mnt/ubna_data_01_mir/recover-20220822/UBNA_014/20220820_060000.WAV,Central Pond,recover-20220822,014,1795
1779.1525,1779.1723,24609.0,28428.0,Nyctalus leisleri,0.162,0.269,-1,Echolocation,/mnt/ubna_data_01_mir/recover-20220822/UBNA_014/20220820_060000.WAV,Central Pond,recover-20220822,014,1795
1781.0185,1781.0373,22890.0,27829.0,Nyctalus leisleri,0.146,0.329,-1,Echolocation,/mnt/ubna_data_01_mir/recover-20220822/UBNA_014/20220820_060000.WAV,Central Pond,recover-20220822,014,1795
1781.4205,1781.4412,22890.0,28979.0,Nyctalus noctula,0.211,0.444,-1,Echolocation,/mnt/ubna_data_01_mir/recover-20220822/UBNA_014/20220820_060000.WAV,Central Pond,recover-20220822,014,1795
1781.7115,1781.729,22890.0,27784.0,Nyctalus noctula,0.083,0.205,-1,Echolocation,/mnt/ubna_data_01_mir/recover-20220822/UBNA_014/20220820_060000.WAV,Central Pond,recover-20220822,014,1795
1782.0045,1782.0256,22031.0,25648.0,Nyctalus leisleri,0.157,0.243,-1,Echolocation,/mnt/ubna_data_01_mir/recover-20220822/UBNA_014/20220820_060000.WAV,Central Pond,recover-20220822,014,1795
1782.3075,1782.3304,22890.0,27086.0,Nyctalus leisleri,0.096,0.224,-1,Echolocation,/mnt/ubna_data_01_mir/recover-20220822/UBNA_014/20220820_060000.WAV,Central Pond,recover-20220822,014,1795
1782.6145,1782.6313,23750.0,28848.0,Nyctalus leisleri,0.219,0.353,-1,Echolocation,/mnt/ubna_data_01_mir/recover-20220822/UBNA_014/20220820_060000.WAV,Central Pond,recover-20220822,014,1795
1782.9135,1782.9347,23750.0,27575.0,Nyctalus leisleri,0.143,0.223,-1,Echolocation,/mnt/ubna_data_01_mir/recover-20220822/UBNA_014/20220820_060000.WAV,Central Pond,recover-20220822,014,1795
1783.1795,1783.1975,22890.0,28497.0,Nyctalus leisleri,0.23,0.458,-1,Echolocation,/mnt/ubna_data_01_mir/recover-20220822/UBNA_014/20220820_060000.WAV,Central Pond,recover-20220822,014,1795
1783.3405,1783.3605,23750.0,27564.0,Nyctalus leisleri,0.277,0.422,-1,Echolocation,/mnt/ubna_data_01_mir/recover-20220822/UBNA_014/20220820_060000.WAV,Central Pond,recover-20220822,014,1795
1783.5325,1783.5525,22890.0,26922.0,Nyctalus leisleri,0.256,0.376,-1,Echolocation,/mnt/ubna_data_01_mir/recover-20220822/UBNA_014/20220820_060000.WAV,Central Pond,recover-20220822,014,1795
1783.8135,1783.835,22890.0,28129.0,Nyctalus leisleri,0.203,0.382,-1,Echolocation,/mnt/ubna_data_01_mir/recover-20220822/UBNA_014/20220820_060000.WAV,Central Pond,recover-20220822,014,1795
1784.1715,1784.1885,22890.0,27376.0,Nyctalus leisleri,0.338,0.534,-1,Echolocation,/mnt/ubna_data_01_mir/recover-20220822/UBNA_014/20220820_060000.WAV,Central Pond,recover-20220822,014,1795
1784.4655,1784.488,22890.0,27150.0,Nyctalus noctula,0.1,0.218,-1,Echolocation,/mnt/ubna_data_01_mir/recover-20220822/UBNA_014/20220820_060000.WAV,Central Pond,recover-20220822,014,1795
1784.6805,1784.6989,23750.0,28095.0,Nyctalus leisleri,0.27,0.413,-1,Echolocation,/mnt/ubna_data_01_mir/recover-20220822/UBNA_014/20220820_060000.WAV,Central Pond,recover-20220822,014,1795
1785.0535,1785.0732,22890.0,27186.0,Nyctalus leisleri,0.152,0.299,-1,Echolocation,/mnt/ubna_data_01_mir/recover-20220822/UBNA_014/20220820_060000.WAV,Central Pond,recover-20220822,014,1795
1785.3645,1785.3878,22890.0,28030.0,Nyctalus leisleri,0.164,0.359,-1,Echolocation,/mnt/ubna_data_01_mir/recover-20220822/UBNA_014/20220820_060000.WAV,Central Pond,recover-20220822,014,1795
1785.6995,1785.7248,22890.0,27285.0,Nyctalus leisleri,0.089,0.202,-1,Echolocation,/mnt/ubna_data_01_mir/recover-20220822/UBNA_014/20220820_060000.WAV,Central Pond,recover-20220822,014,1795
1786.1305,1786.1487,23750.0,28358.0,Nyctalus leisleri,0.321,0.446,-1,Echolocation,/mnt/ubna_data_01_mir/recover-20220822/UBNA_014/20220820_060000.WAV,Central Pond,recover-20220822,014,1795
1786.4375,1786.4634,22890.0,26935.0,Nyctalus leisleri,0.179,0.254,-1,Echolocation,/mnt/ubna_data_01_mir/recover-20220822/UBNA_014/20220820_060000.WAV,Central Pond,recover-20220822,014,1795
1786.6885,1786.7118,22890.0,27656.0,Nyctalus leisleri,0.185,0.344,-1,Echolocation,/mnt/ubna_data_01_mir/recover-20220822/UBNA_014/20220820_060000.WAV,Central Pond,recover-20220822,014,1795
1787.0125,1787.0332,23750.0,26980.0,Nyctalus leisleri,0.214,0.27,-1,Echolocation,/mnt/ubna_data_01_mir/recover-20220822/UBNA_014/20220820_060000.WAV,Central Pond,recover-20220822,014,1795
1787.3265,1787.3474,22890.0,26379.0,Nyctalus leisleri,0.426,0.474,-1,Echolocation,/mnt/ubna_data_01_mir/recover-20220822/UBNA_014/20220820_060000.WAV,Central Pond,recover-20220822,014,1795
1787.6435,1787.6651,23750.0,27378.0,Nyctalus leisleri,0.168,0.232,-1,Echolocation,/mnt/ubna_data_01_mir/recover-20220822/UBNA_014/20220820_060000.WAV,Central Pond,recover-20220822,014,1795
1787.9555,1787.9743,23750.0,27563.0,Nyctalus leisleri,0.295,0.396,-1,Echolocation,/mnt/ubna_data_01_mir/recover-20220822/UBNA_014/20220820_060000.WAV,Central Pond,recover-20220822,014,1795
1788.2625,1788.2843,22890.0,28058.0,Nyctalus noctula,0.148,0.312,-1,Echolocation,/mnt/ubna_data_01_mir/recover-20220822/UBNA_014/20220820_060000.WAV,Central Pond,recover-20220822,014,1795
1788.5725,1788.5962,22890.0,27974.0,Nyctalus leisleri,0.197,0.36,-1,Echolocation,/mnt/ubna_data_01_mir/recover-20220822/UBNA_014/20220820_060000.WAV,Central Pond,recover-20220822,014,1795
1790.1455,1790.1695,22890.0,28351.0,Nyctalus noctula,0.17,0.346,-1,Echolocation,/mnt/ubna_data_01_mir/recover-20220822/UBNA_014/20220820_060000.WAV,Central Pond,recover-20220822,014,1795
1790.3145,1790.3347,22890.0,27971.0,Nyctalus leisleri,0.145,0.351,-1,Echolocation,/mnt/ubna_data_01_mir/recover-20220822/UBNA_014/20220820_060000.WAV,Central Pond,recover-20220822,014,1795
1790.5985,1790.6218,22890.0,28597.0,Nyctalus noctula,0.108,0.301,-1,Echolocation,/mnt/ubna_data_01_mir/recover-20220822/UBNA_014/20220820_060000.WAV,Central Pond,recover-20220822,014,1795
1790.7605,1790.7868,23750.0,29073.0,Nyctalus noctula,0.12,0.283,-1,Echolocation,/mnt/ubna_data_01_mir/recover-20220822/UBNA_014/20220820_060000.WAV,Central Pond,recover-20220822,014,1795
1791.0815,1791.1018,23750.0,27083.0,Nyctalus leisleri,0.153,0.244,-1,Echolocation,/mnt/ubna_data_01_mir/recover-20220822/UBNA_014/20220820_060000.WAV,Central Pond,recover-20220822,014,1795
1791.3775,1791.4,23750.0,28735.0,Nyctalus leisleri,0.139,0.306,-1,Echolocation,/mnt/ubna_data_01_mir/recover-20220822/UBNA_014/20220820_060000.WAV,Central Pond,recover-20220822,014,1795
1791.7125,1791.7304,22890.0,26465.0,Nyctalus leisleri,0.111,0.23,-1,Echolocation,/mnt/ubna_data_01_mir/recover-20220822/UBNA_014/20220820_060000.WAV,Central Pond,recover-20220822,014,1795
1792.0355,1792.0624,22890.0,27184.0,Nyctalus leisleri,0.155,0.274,-1,Echolocation,/mnt/ubna_data_01_mir/recover-20220822/UBNA_014/20220820_060000.WAV,Central Pond,recover-20220822,014,1795
1792.6525,1792.6704,22890.0,26104.0,Nyctalus leisleri,0.214,0.281,-1,Echolocation,/mnt/ubna_data_01_mir/recover-20220822/UBNA_014/20220820_060000.WAV,Central Pond,recover-20220822,014,1795
1792.9685,1792.9889,22890.0,27525.0,Nyctalus leisleri,0.088,0.216,-1,Echolocation,/mnt/ubna_data_01_mir/recover-20220822/UBNA_014/20220820_060000.WAV,Central Pond,recover-20220822,014,1795
1793.1235,1793.1385,23750.0,29147.0,Nyctalus leisleri,0.214,0.399,-1,Echolocation,/mnt/ubna_data_01_mir/recover-20220822/UBNA_014/20220820_060000.WAV,Central Pond,recover-20220822,014,1795
1793.2825,1793.3015,24609.0,28663.0,Nyctalus leisleri,0.193,0.317,-1,Echolocation,/mnt/ubna_data_01_mir/recover-20220822/UBNA_014/20220820_060000.WAV,Central Pond,recover-20220822,014,1795
1793.4195,1793.4391,23750.0,31997.0,Eptesicus serotinus,0.182,0.387,-1,Echolocation,/mnt/ubna_data_01_mir/recover-20220822/UBNA_014/20220820_060000.WAV,Central Pond,recover-20220822,014,1795
1793.5885,1793.6033,24609.0,32294.0,Eptesicus serotinus,0.239,0.53,-1,Echolocation,/mnt/ubna_data_01_mir/recover-20220822/UBNA_014/20220820_060000.WAV,Central Pond,recover-20220822,014,1795
1793.7245,1793.739,24609.0,31896.0,Eptesicus serotinus,0.252,0.494,-1,Echolocation,/mnt/ubna_data_01_mir/recover-20220822/UBNA_014/20220820_060000.WAV,Central Pond,recover-20220822,014,1795
1793.8555,1793.8741,24609.0,31209.0,Eptesicus serotinus,0.199,0.413,-1,Echolocation,/mnt/ubna_data_01_mir/recover-20220822/UBNA_014/20220820_060000.WAV,Central Pond,recover-20220822,014,1795
1793.9835,1793.9936,26328.0,33999.0,Eptesicus serotinus,0.299,0.505,-1,Echolocation,/mnt/ubna_data_01_mir/recover-20220822/UBNA_014/20220820_060000.WAV,Central Pond,recover-20220822,014,1795
1794.7735,1794.7903,22890.0,27610.0,Nyctalus leisleri,0.386,0.501,-1,Echolocation,/mnt/ubna_data_01_mir/recover-20220822/UBNA_014/20220820_060000.WAV,Central Pond,recover-20220822,014,1795
