start_time,end_time,low_freq,high_freq,class,class_prob,det_prob,individual,event,input_file,Site name,Recover Folder,SD Card,File Duration
0.0155,0.0283,25468.0,32552.0,Eptesicus serotinus,0.296,0.631,-1,Echolocation,/mnt/ubna_data_01_mir/recover-20220818/UBNA_006/20220818_060000.WAV,Central Pond,recover-20220818,006,1795
0.3045,0.3223,24609.0,29666.0,Nyctalus leisleri,0.273,0.566,-1,Echolocation,/mnt/ubna_data_01_mir/recover-20220818/UBNA_006/20220818_060000.WAV,Central Pond,recover-20220818,006,1795
0.5945,0.6121,24609.0,30489.0,Nyctalus leisleri,0.255,0.525,-1,Echolocation,/mnt/ubna_data_01_mir/recover-20220818/UBNA_006/20220818_060000.WAV,Central Pond,recover-20220818,006,1795
1.0125,1.0256,27187.0,32164.0,Nyctalus leisleri,0.293,0.454,-1,Echolocation,/mnt/ubna_data_01_mir/recover-20220818/UBNA_006/20220818_060000.WAV,Central Pond,recover-20220818,006,1795
1.2995,1.3106,26328.0,33216.0,Eptesicus serotinus,0.231,0.517,-1,Echolocation,/mnt/ubna_data_01_mir/recover-20220818/UBNA_006/20220818_060000.WAV,Central Pond,recover-20220818,006,1795
1.5965,1.6078,26328.0,32914.0,Nyctalus leisleri,0.248,0.539,-1,Echolocation,/mnt/ubna_data_01_mir/recover-20220818/UBNA_006/20220818_060000.WAV,Central Pond,recover-20220818,006,1795
2.4795,2.4925,19453.0,26316.0,Nyctalus noctula,0.132,0.243,-1,Echolocation,/mnt/ubna_data_01_mir/recover-20220818/UBNA_006/20220818_060000.WAV,Central Pond,recover-20220818,006,1795
2.5725,2.5852,18593.0,24030.0,Nyctalus noctula,0.402,0.561,-1,Echolocation,/mnt/ubna_data_01_mir/recover-20220818/UBNA_006/20220818_060000.WAV,Central Pond,recover-20220818,006,1795
2.6015,2.616,19453.0,23810.0,Nyctalus noctula,0.309,0.444,-1,Echolocation,/mnt/ubna_data_01_mir/recover-20220818/UBNA_006/20220818_060000.WAV,Central Pond,recover-20220818,006,1795
2.6255,2.6393,18593.0,24733.0,Nyctalus noctula,0.134,0.204,-1,Echolocation,/mnt/ubna_data_01_mir/recover-20220818/UBNA_006/20220818_060000.WAV,Central Pond,recover-20220818,006,1795
2.9155,2.9289,25468.0,30856.0,Nyctalus leisleri,0.189,0.384,-1,Echolocation,/mnt/ubna_data_01_mir/recover-20220818/UBNA_006/20220818_060000.WAV,Central Pond,recover-20220818,006,1795
3.7875,3.8005,23750.0,29904.0,Nyctalus leisleri,0.285,0.571,-1,Echolocation,/mnt/ubna_data_01_mir/recover-20220818/UBNA_006/20220818_060000.WAV,Central Pond,recover-20220818,006,1795
91.1225,91.1347,28046.0,33133.0,Eptesicus serotinus,0.118,0.21,-1,Echolocation,/mnt/ubna_data_01_mir/recover-20220818/UBNA_006/20220818_060000.WAV,Central Pond,recover-20220818,006,1795
276.6835,276.6926,27187.0,34696.0,Eptesicus serotinus,0.127,0.31,-1,Echolocation,/mnt/ubna_data_01_mir/recover-20220818/UBNA_006/20220818_060000.WAV,Central Pond,recover-20220818,006,1795
359.7355,359.7453,22031.0,29814.0,Nyctalus noctula,0.061,0.212,-1,Echolocation,/mnt/ubna_data_01_mir/recover-20220818/UBNA_006/20220818_060000.WAV,Central Pond,recover-20220818,006,1795
439.5885,439.6099,24609.0,28656.0,Nyctalus leisleri,0.19,0.303,-1,Echolocation,/mnt/ubna_data_01_mir/recover-20220818/UBNA_006/20220818_060000.WAV,Central Pond,recover-20220818,006,1795
440.3695,440.388,24609.0,29061.0,Nyctalus leisleri,0.185,0.315,-1,Echolocation,/mnt/ubna_data_01_mir/recover-20220818/UBNA_006/20220818_060000.WAV,Central Pond,recover-20220818,006,1795
441.1685,441.1899,23750.0,28566.0,Nyctalus leisleri,0.121,0.263,-1,Echolocation,/mnt/ubna_data_01_mir/recover-20220818/UBNA_006/20220818_060000.WAV,Central Pond,recover-20220818,006,1795
441.9705,441.9925,23750.0,28153.0,Nyctalus leisleri,0.282,0.389,-1,Echolocation,/mnt/ubna_data_01_mir/recover-20220818/UBNA_006/20220818_060000.WAV,Central Pond,recover-20220818,006,1795
442.8375,442.8578,23750.0,28654.0,Nyctalus leisleri,0.145,0.333,-1,Echolocation,/mnt/ubna_data_01_mir/recover-20220818/UBNA_006/20220818_060000.WAV,Central Pond,recover-20220818,006,1795
443.5305,443.5549,23750.0,28448.0,Nyctalus leisleri,0.109,0.235,-1,Echolocation,/mnt/ubna_data_01_mir/recover-20220818/UBNA_006/20220818_060000.WAV,Central Pond,recover-20220818,006,1795
444.3225,444.3403,23750.0,28389.0,Nyctalus leisleri,0.26,0.427,-1,Echolocation,/mnt/ubna_data_01_mir/recover-20220818/UBNA_006/20220818_060000.WAV,Central Pond,recover-20220818,006,1795
444.9685,444.9833,23750.0,28624.0,Nyctalus leisleri,0.187,0.339,-1,Echolocation,/mnt/ubna_data_01_mir/recover-20220818/UBNA_006/20220818_060000.WAV,Central Pond,recover-20220818,006,1795
446.3755,446.3956,23750.0,27319.0,Nyctalus leisleri,0.186,0.254,-1,Echolocation,/mnt/ubna_data_01_mir/recover-20220818/UBNA_006/20220818_060000.WAV,Central Pond,recover-20220818,006,1795
447.0365,447.0524,23750.0,27722.0,Nyctalus leisleri,0.125,0.265,-1,Echolocation,/mnt/ubna_data_01_mir/recover-20220818/UBNA_006/20220818_060000.WAV,Central Pond,recover-20220818,006,1795
447.8775,447.8941,23750.0,27581.0,Nyctalus leisleri,0.453,0.577,-1,Echolocation,/mnt/ubna_data_01_mir/recover-20220818/UBNA_006/20220818_060000.WAV,Central Pond,recover-20220818,006,1795
500.4875,500.4982,24609.0,31810.0,Eptesicus serotinus,0.15,0.236,-1,Echolocation,/mnt/ubna_data_01_mir/recover-20220818/UBNA_006/20220818_060000.WAV,Central Pond,recover-20220818,006,1795
510.8065,510.8221,24609.0,28274.0,Nyctalus leisleri,0.194,0.33,-1,Echolocation,/mnt/ubna_data_01_mir/recover-20220818/UBNA_006/20220818_060000.WAV,Central Pond,recover-20220818,006,1795
511.3475,511.3621,25468.0,29504.0,Nyctalus leisleri,0.187,0.3,-1,Echolocation,/mnt/ubna_data_01_mir/recover-20220818/UBNA_006/20220818_060000.WAV,Central Pond,recover-20220818,006,1795
513.7955,513.8117,24609.0,28295.0,Nyctalus leisleri,0.444,0.604,-1,Echolocation,/mnt/ubna_data_01_mir/recover-20220818/UBNA_006/20220818_060000.WAV,Central Pond,recover-20220818,006,1795
514.0815,514.1021,23750.0,28482.0,Nyctalus leisleri,0.087,0.237,-1,Echolocation,/mnt/ubna_data_01_mir/recover-20220818/UBNA_006/20220818_060000.WAV,Central Pond,recover-20220818,006,1795
514.5955,514.6134,23750.0,28044.0,Nyctalus leisleri,0.326,0.566,-1,Echolocation,/mnt/ubna_data_01_mir/recover-20220818/UBNA_006/20220818_060000.WAV,Central Pond,recover-20220818,006,1795
514.8545,514.8732,24609.0,28662.0,Nyctalus leisleri,0.191,0.308,-1,Echolocation,/mnt/ubna_data_01_mir/recover-20220818/UBNA_006/20220818_060000.WAV,Central Pond,recover-20220818,006,1795
515.2835,515.303,23750.0,28076.0,Nyctalus leisleri,0.266,0.41,-1,Echolocation,/mnt/ubna_data_01_mir/recover-20220818/UBNA_006/20220818_060000.WAV,Central Pond,recover-20220818,006,1795
515.9245,515.943,24609.0,29382.0,Nyctalus leisleri,0.22,0.483,-1,Echolocation,/mnt/ubna_data_01_mir/recover-20220818/UBNA_006/20220818_060000.WAV,Central Pond,recover-20220818,006,1795
516.2165,516.2353,23750.0,28743.0,Nyctalus leisleri,0.281,0.423,-1,Echolocation,/mnt/ubna_data_01_mir/recover-20220818/UBNA_006/20220818_060000.WAV,Central Pond,recover-20220818,006,1795
516.4115,516.4254,25468.0,30297.0,Nyctalus leisleri,0.405,0.525,-1,Echolocation,/mnt/ubna_data_01_mir/recover-20220818/UBNA_006/20220818_060000.WAV,Central Pond,recover-20220818,006,1795
516.9455,516.9638,24609.0,28309.0,Nyctalus leisleri,0.319,0.433,-1,Echolocation,/mnt/ubna_data_01_mir/recover-20220818/UBNA_006/20220818_060000.WAV,Central Pond,recover-20220818,006,1795
517.4835,517.5015,24609.0,27812.0,Nyctalus leisleri,0.466,0.556,-1,Echolocation,/mnt/ubna_data_01_mir/recover-20220818/UBNA_006/20220818_060000.WAV,Central Pond,recover-20220818,006,1795
517.7455,517.7696,23750.0,28303.0,Nyctalus leisleri,0.208,0.336,-1,Echolocation,/mnt/ubna_data_01_mir/recover-20220818/UBNA_006/20220818_060000.WAV,Central Pond,recover-20220818,006,1795
518.1495,518.1677999999999,24609.0,29477.0,Nyctalus leisleri,0.305,0.442,-1,Echolocation,/mnt/ubna_data_01_mir/recover-20220818/UBNA_006/20220818_060000.WAV,Central Pond,recover-20220818,006,1795
518.3845,518.4038,25468.0,29134.0,Nyctalus leisleri,0.216,0.317,-1,Echolocation,/mnt/ubna_data_01_mir/recover-20220818/UBNA_006/20220818_060000.WAV,Central Pond,recover-20220818,006,1795
518.4245,518.4439,22890.0,28605.0,Nyctalus leisleri,0.268,0.474,-1,Echolocation,/mnt/ubna_data_01_mir/recover-20220818/UBNA_006/20220818_060000.WAV,Central Pond,recover-20220818,006,1795
518.6995,518.7213,23750.0,28201.0,Nyctalus leisleri,0.306,0.447,-1,Echolocation,/mnt/ubna_data_01_mir/recover-20220818/UBNA_006/20220818_060000.WAV,Central Pond,recover-20220818,006,1795
518.9665,518.9856,24609.0,28600.0,Nyctalus leisleri,0.291,0.384,-1,Echolocation,/mnt/ubna_data_01_mir/recover-20220818/UBNA_006/20220818_060000.WAV,Central Pond,recover-20220818,006,1795
519.1195,519.1402,24609.0,28229.0,Nyctalus leisleri,0.315,0.47,-1,Echolocation,/mnt/ubna_data_01_mir/recover-20220818/UBNA_006/20220818_060000.WAV,Central Pond,recover-20220818,006,1795
519.4025,519.4197,24609.0,28616.0,Nyctalus leisleri,0.177,0.307,-1,Echolocation,/mnt/ubna_data_01_mir/recover-20220818/UBNA_006/20220818_060000.WAV,Central Pond,recover-20220818,006,1795
519.7895,519.8085,23750.0,28542.0,Nyctalus leisleri,0.291,0.44,-1,Echolocation,/mnt/ubna_data_01_mir/recover-20220818/UBNA_006/20220818_060000.WAV,Central Pond,recover-20220818,006,1795
520.4645,520.4785,24609.0,28345.0,Nyctalus leisleri,0.188,0.314,-1,Echolocation,/mnt/ubna_data_01_mir/recover-20220818/UBNA_006/20220818_060000.WAV,Central Pond,recover-20220818,006,1795
520.8625,520.8788,25468.0,30152.0,Nyctalus leisleri,0.136,0.259,-1,Echolocation,/mnt/ubna_data_01_mir/recover-20220818/UBNA_006/20220818_060000.WAV,Central Pond,recover-20220818,006,1795
521.4115,521.4269,23750.0,27973.0,Nyctalus leisleri,0.118,0.255,-1,Echolocation,/mnt/ubna_data_01_mir/recover-20220818/UBNA_006/20220818_060000.WAV,Central Pond,recover-20220818,006,1795
521.9605,521.9732,24609.0,30318.0,Nyctalus leisleri,0.247,0.476,-1,Echolocation,/mnt/ubna_data_01_mir/recover-20220818/UBNA_006/20220818_060000.WAV,Central Pond,recover-20220818,006,1795
523.0395,523.0538,24609.0,28042.0,Nyctalus leisleri,0.379,0.541,-1,Echolocation,/mnt/ubna_data_01_mir/recover-20220818/UBNA_006/20220818_060000.WAV,Central Pond,recover-20220818,006,1795
523.0815,523.0981,24609.0,29328.0,Nyctalus leisleri,0.114,0.279,-1,Echolocation,/mnt/ubna_data_01_mir/recover-20220818/UBNA_006/20220818_060000.WAV,Central Pond,recover-20220818,006,1795
526.5835,526.6004,25468.0,29754.0,Nyctalus leisleri,0.205,0.318,-1,Echolocation,/mnt/ubna_data_01_mir/recover-20220818/UBNA_006/20220818_060000.WAV,Central Pond,recover-20220818,006,1795
649.9695,649.988,22031.0,26028.0,Nyctalus leisleri,0.18,0.312,-1,Echolocation,/mnt/ubna_data_01_mir/recover-20220818/UBNA_006/20220818_060000.WAV,Central Pond,recover-20220818,006,1795
654.5535,654.5725,22890.0,27242.0,Nyctalus noctula,0.081,0.206,-1,Echolocation,/mnt/ubna_data_01_mir/recover-20220818/UBNA_006/20220818_060000.WAV,Central Pond,recover-20220818,006,1795
655.1415,655.1599,23750.0,28795.0,Nyctalus leisleri,0.274,0.483,-1,Echolocation,/mnt/ubna_data_01_mir/recover-20220818/UBNA_006/20220818_060000.WAV,Central Pond,recover-20220818,006,1795
655.4315,655.4503,22890.0,26552.0,Nyctalus leisleri,0.335,0.427,-1,Echolocation,/mnt/ubna_data_01_mir/recover-20220818/UBNA_006/20220818_060000.WAV,Central Pond,recover-20220818,006,1795
655.8635,655.8871,23750.0,28114.0,Nyctalus leisleri,0.101,0.214,-1,Echolocation,/mnt/ubna_data_01_mir/recover-20220818/UBNA_006/20220818_060000.WAV,Central Pond,recover-20220818,006,1795
656.3075,656.3263,22890.0,27652.0,Nyctalus leisleri,0.293,0.441,-1,Echolocation,/mnt/ubna_data_01_mir/recover-20220818/UBNA_006/20220818_060000.WAV,Central Pond,recover-20220818,006,1795
656.6095,656.6287,22890.0,27897.0,Nyctalus leisleri,0.194,0.379,-1,Echolocation,/mnt/ubna_data_01_mir/recover-20220818/UBNA_006/20220818_060000.WAV,Central Pond,recover-20220818,006,1795
656.9475,656.9646,22890.0,26291.0,Nyctalus leisleri,0.472,0.534,-1,Echolocation,/mnt/ubna_data_01_mir/recover-20220818/UBNA_006/20220818_060000.WAV,Central Pond,recover-20220818,006,1795
657.1215,657.1439,22031.0,27158.0,Nyctalus noctula,0.267,0.432,-1,Echolocation,/mnt/ubna_data_01_mir/recover-20220818/UBNA_006/20220818_060000.WAV,Central Pond,recover-20220818,006,1795
657.4045,657.4227,22890.0,27281.0,Nyctalus leisleri,0.311,0.418,-1,Echolocation,/mnt/ubna_data_01_mir/recover-20220818/UBNA_006/20220818_060000.WAV,Central Pond,recover-20220818,006,1795
657.6875,657.7101,22031.0,26619.0,Nyctalus leisleri,0.288,0.415,-1,Echolocation,/mnt/ubna_data_01_mir/recover-20220818/UBNA_006/20220818_060000.WAV,Central Pond,recover-20220818,006,1795
658.1215,658.142,23750.0,28008.0,Nyctalus leisleri,0.196,0.286,-1,Echolocation,/mnt/ubna_data_01_mir/recover-20220818/UBNA_006/20220818_060000.WAV,Central Pond,recover-20220818,006,1795
658.5375,658.5598,22031.0,27280.0,Nyctalus leisleri,0.125,0.291,-1,Echolocation,/mnt/ubna_data_01_mir/recover-20220818/UBNA_006/20220818_060000.WAV,Central Pond,recover-20220818,006,1795
658.9755,658.9936,22890.0,26903.0,Nyctalus leisleri,0.401,0.491,-1,Echolocation,/mnt/ubna_data_01_mir/recover-20220818/UBNA_006/20220818_060000.WAV,Central Pond,recover-20220818,006,1795
659.4085,659.427,22890.0,27420.0,Nyctalus leisleri,0.295,0.474,-1,Echolocation,/mnt/ubna_data_01_mir/recover-20220818/UBNA_006/20220818_060000.WAV,Central Pond,recover-20220818,006,1795
659.7055,659.7219,22890.0,27413.0,Nyctalus leisleri,0.514,0.613,-1,Echolocation,/mnt/ubna_data_01_mir/recover-20220818/UBNA_006/20220818_060000.WAV,Central Pond,recover-20220818,006,1795
660.1335,660.1486,22031.0,26553.0,Nyctalus leisleri,0.613,0.657,-1,Echolocation,/mnt/ubna_data_01_mir/recover-20220818/UBNA_006/20220818_060000.WAV,Central Pond,recover-20220818,006,1795
660.5805,660.5974,22890.0,27522.0,Nyctalus leisleri,0.38,0.619,-1,Echolocation,/mnt/ubna_data_01_mir/recover-20220818/UBNA_006/20220818_060000.WAV,Central Pond,recover-20220818,006,1795
660.7515,660.7665,23750.0,30768.0,Nyctalus leisleri,0.399,0.67,-1,Echolocation,/mnt/ubna_data_01_mir/recover-20220818/UBNA_006/20220818_060000.WAV,Central Pond,recover-20220818,006,1795
661.0595,661.0755,22890.0,26633.0,Nyctalus leisleri,0.488,0.577,-1,Echolocation,/mnt/ubna_data_01_mir/recover-20220818/UBNA_006/20220818_060000.WAV,Central Pond,recover-20220818,006,1795
661.2065,661.2219,23750.0,28110.0,Nyctalus leisleri,0.108,0.227,-1,Echolocation,/mnt/ubna_data_01_mir/recover-20220818/UBNA_006/20220818_060000.WAV,Central Pond,recover-20220818,006,1795
661.4845,661.5009,22890.0,27610.0,Nyctalus leisleri,0.479,0.643,-1,Echolocation,/mnt/ubna_data_01_mir/recover-20220818/UBNA_006/20220818_060000.WAV,Central Pond,recover-20220818,006,1795
661.7775,661.7932,22890.0,26399.0,Nyctalus leisleri,0.556,0.637,-1,Echolocation,/mnt/ubna_data_01_mir/recover-20220818/UBNA_006/20220818_060000.WAV,Central Pond,recover-20220818,006,1795
662.2235,662.2394,22890.0,27188.0,Nyctalus leisleri,0.421,0.631,-1,Echolocation,/mnt/ubna_data_01_mir/recover-20220818/UBNA_006/20220818_060000.WAV,Central Pond,recover-20220818,006,1795
662.3775,662.3945,23750.0,27616.0,Nyctalus leisleri,0.415,0.541,-1,Echolocation,/mnt/ubna_data_01_mir/recover-20220818/UBNA_006/20220818_060000.WAV,Central Pond,recover-20220818,006,1795
662.4975,662.511,25468.0,30828.0,Nyctalus leisleri,0.388,0.579,-1,Echolocation,/mnt/ubna_data_01_mir/recover-20220818/UBNA_006/20220818_060000.WAV,Central Pond,recover-20220818,006,1795
662.6205,662.6341,25468.0,29463.0,Nyctalus leisleri,0.256,0.377,-1,Echolocation,/mnt/ubna_data_01_mir/recover-20220818/UBNA_006/20220818_060000.WAV,Central Pond,recover-20220818,006,1795
663.7815,663.803,22890.0,27092.0,Nyctalus leisleri,0.157,0.322,-1,Echolocation,/mnt/ubna_data_01_mir/recover-20220818/UBNA_006/20220818_060000.WAV,Central Pond,recover-20220818,006,1795
664.0975,664.1148,22890.0,28453.0,Nyctalus leisleri,0.252,0.556,-1,Echolocation,/mnt/ubna_data_01_mir/recover-20220818/UBNA_006/20220818_060000.WAV,Central Pond,recover-20220818,006,1795
664.2595,664.2818,22031.0,26892.0,Nyctalus noctula,0.272,0.419,-1,Echolocation,/mnt/ubna_data_01_mir/recover-20220818/UBNA_006/20220818_060000.WAV,Central Pond,recover-20220818,006,1795
664.4175,664.4378,22890.0,27552.0,Nyctalus leisleri,0.231,0.337,-1,Echolocation,/mnt/ubna_data_01_mir/recover-20220818/UBNA_006/20220818_060000.WAV,Central Pond,recover-20220818,006,1795
665.6525,665.6645,23750.0,30543.0,Nyctalus leisleri,0.367,0.63,-1,Echolocation,/mnt/ubna_data_01_mir/recover-20220818/UBNA_006/20220818_060000.WAV,Central Pond,recover-20220818,006,1795
665.7945,665.8077,24609.0,28861.0,Nyctalus leisleri,0.262,0.426,-1,Echolocation,/mnt/ubna_data_01_mir/recover-20220818/UBNA_006/20220818_060000.WAV,Central Pond,recover-20220818,006,1795
666.0375,666.0518,23750.0,29506.0,Nyctalus leisleri,0.264,0.543,-1,Echolocation,/mnt/ubna_data_01_mir/recover-20220818/UBNA_006/20220818_060000.WAV,Central Pond,recover-20220818,006,1795
666.3775,666.3923,22890.0,28347.0,Nyctalus leisleri,0.396,0.645,-1,Echolocation,/mnt/ubna_data_01_mir/recover-20220818/UBNA_006/20220818_060000.WAV,Central Pond,recover-20220818,006,1795
666.5385,666.5527,22890.0,29077.0,Nyctalus leisleri,0.326,0.62,-1,Echolocation,/mnt/ubna_data_01_mir/recover-20220818/UBNA_006/20220818_060000.WAV,Central Pond,recover-20220818,006,1795
666.9695,666.9869,22890.0,28232.0,Nyctalus noctula,0.252,0.565,-1,Echolocation,/mnt/ubna_data_01_mir/recover-20220818/UBNA_006/20220818_060000.WAV,Central Pond,recover-20220818,006,1795
667.6805,667.6971,22890.0,27060.0,Nyctalus leisleri,0.384,0.566,-1,Echolocation,/mnt/ubna_data_01_mir/recover-20220818/UBNA_006/20220818_060000.WAV,Central Pond,recover-20220818,006,1795
668.1015,668.1176,22890.0,27063.0,Nyctalus leisleri,0.497,0.592,-1,Echolocation,/mnt/ubna_data_01_mir/recover-20220818/UBNA_006/20220818_060000.WAV,Central Pond,recover-20220818,006,1795
668.4055,668.4255,22031.0,25469.0,Nyctalus leisleri,0.136,0.289,-1,Echolocation,/mnt/ubna_data_01_mir/recover-20220818/UBNA_006/20220818_060000.WAV,Central Pond,recover-20220818,006,1795
668.7095,668.725,22031.0,26023.0,Nyctalus noctula,0.269,0.509,-1,Echolocation,/mnt/ubna_data_01_mir/recover-20220818/UBNA_006/20220818_060000.WAV,Central Pond,recover-20220818,006,1795
669.1015,669.1213,22031.0,25572.0,Nyctalus noctula,0.102,0.215,-1,Echolocation,/mnt/ubna_data_01_mir/recover-20220818/UBNA_006/20220818_060000.WAV,Central Pond,recover-20220818,006,1795
669.4115,669.4263,22890.0,25829.0,Nyctalus leisleri,0.525,0.552,-1,Echolocation,/mnt/ubna_data_01_mir/recover-20220818/UBNA_006/20220818_060000.WAV,Central Pond,recover-20220818,006,1795
669.9595,669.9792,22031.0,26805.0,Nyctalus leisleri,0.314,0.499,-1,Echolocation,/mnt/ubna_data_01_mir/recover-20220818/UBNA_006/20220818_060000.WAV,Central Pond,recover-20220818,006,1795
670.7475,670.7634,22890.0,26998.0,Nyctalus leisleri,0.385,0.524,-1,Echolocation,/mnt/ubna_data_01_mir/recover-20220818/UBNA_006/20220818_060000.WAV,Central Pond,recover-20220818,006,1795
671.2925,671.3092,22031.0,26044.0,Nyctalus leisleri,0.166,0.364,-1,Echolocation,/mnt/ubna_data_01_mir/recover-20220818/UBNA_006/20220818_060000.WAV,Central Pond,recover-20220818,006,1795
671.4765,671.4918,22890.0,26951.0,Nyctalus leisleri,0.285,0.462,-1,Echolocation,/mnt/ubna_data_01_mir/recover-20220818/UBNA_006/20220818_060000.WAV,Central Pond,recover-20220818,006,1795
671.7665,671.7872,22031.0,27204.0,Nyctalus noctula,0.218,0.409,-1,Echolocation,/mnt/ubna_data_01_mir/recover-20220818/UBNA_006/20220818_060000.WAV,Central Pond,recover-20220818,006,1795
673.3065,673.3241,22031.0,25843.0,Nyctalus leisleri,0.363,0.436,-1,Echolocation,/mnt/ubna_data_01_mir/recover-20220818/UBNA_006/20220818_060000.WAV,Central Pond,recover-20220818,006,1795
726.1835,726.1938,42656.0,48348.0,Pipistrellus nathusii,0.231,0.272,-1,Echolocation,/mnt/ubna_data_01_mir/recover-20220818/UBNA_006/20220818_060000.WAV,Central Pond,recover-20220818,006,1795
726.4325,726.4438,41796.0,49527.0,Pipistrellus nathusii,0.357,0.496,-1,Echolocation,/mnt/ubna_data_01_mir/recover-20220818/UBNA_006/20220818_060000.WAV,Central Pond,recover-20220818,006,1795
726.6575,726.6668,40937.0,50765.0,Pipistrellus nathusii,0.358,0.451,-1,Echolocation,/mnt/ubna_data_01_mir/recover-20220818/UBNA_006/20220818_060000.WAV,Central Pond,recover-20220818,006,1795
727.2955,727.3047,41796.0,50203.0,Pipistrellus nathusii,0.337,0.46,-1,Echolocation,/mnt/ubna_data_01_mir/recover-20220818/UBNA_006/20220818_060000.WAV,Central Pond,recover-20220818,006,1795
727.6195,727.6296,41796.0,49542.0,Pipistrellus nathusii,0.178,0.229,-1,Echolocation,/mnt/ubna_data_01_mir/recover-20220818/UBNA_006/20220818_060000.WAV,Central Pond,recover-20220818,006,1795
727.8565,727.8659,41796.0,54066.0,Pipistrellus nathusii,0.38,0.464,-1,Echolocation,/mnt/ubna_data_01_mir/recover-20220818/UBNA_006/20220818_060000.WAV,Central Pond,recover-20220818,006,1795
729.3625,729.3723,43515.0,48229.0,Pipistrellus pipistrellus,0.178,0.333,-1,Echolocation,/mnt/ubna_data_01_mir/recover-20220818/UBNA_006/20220818_060000.WAV,Central Pond,recover-20220818,006,1795
729.5805,729.5932,41796.0,46444.0,Pipistrellus nathusii,0.337,0.36,-1,Echolocation,/mnt/ubna_data_01_mir/recover-20220818/UBNA_006/20220818_060000.WAV,Central Pond,recover-20220818,006,1795
729.8565,729.8687,40078.0,44988.0,Pipistrellus nathusii,0.215,0.26,-1,Echolocation,/mnt/ubna_data_01_mir/recover-20220818/UBNA_006/20220818_060000.WAV,Central Pond,recover-20220818,006,1795
729.9535,729.9629,39218.0,44857.0,Pipistrellus nathusii,0.336,0.406,-1,Echolocation,/mnt/ubna_data_01_mir/recover-20220818/UBNA_006/20220818_060000.WAV,Central Pond,recover-20220818,006,1795
730.0365,730.047,39218.0,45112.0,Pipistrellus nathusii,0.329,0.373,-1,Echolocation,/mnt/ubna_data_01_mir/recover-20220818/UBNA_006/20220818_060000.WAV,Central Pond,recover-20220818,006,1795
730.3915,730.3991,40078.0,45429.0,Pipistrellus nathusii,0.352,0.384,-1,Echolocation,/mnt/ubna_data_01_mir/recover-20220818/UBNA_006/20220818_060000.WAV,Central Pond,recover-20220818,006,1795
731.4215,731.4318,40937.0,45211.0,Pipistrellus nathusii,0.379,0.4,-1,Echolocation,/mnt/ubna_data_01_mir/recover-20220818/UBNA_006/20220818_060000.WAV,Central Pond,recover-20220818,006,1795
735.1735,735.1884,26328.0,30784.0,Nyctalus leisleri,0.157,0.291,-1,Echolocation,/mnt/ubna_data_01_mir/recover-20220818/UBNA_006/20220818_060000.WAV,Central Pond,recover-20220818,006,1795
776.0035,776.0084,17734.0,32251.0,Plecotus austriacus,0.155,0.206,-1,Echolocation,/mnt/ubna_data_01_mir/recover-20220818/UBNA_006/20220818_060000.WAV,Central Pond,recover-20220818,006,1795
793.8955,793.9144,23750.0,27479.0,Nyctalus leisleri,0.254,0.345,-1,Echolocation,/mnt/ubna_data_01_mir/recover-20220818/UBNA_006/20220818_060000.WAV,Central Pond,recover-20220818,006,1795
794.9455,794.964,23750.0,28644.0,Nyctalus leisleri,0.134,0.306,-1,Echolocation,/mnt/ubna_data_01_mir/recover-20220818/UBNA_006/20220818_060000.WAV,Central Pond,recover-20220818,006,1795
795.3645,795.3889,22890.0,26770.0,Nyctalus leisleri,0.287,0.355,-1,Echolocation,/mnt/ubna_data_01_mir/recover-20220818/UBNA_006/20220818_060000.WAV,Central Pond,recover-20220818,006,1795
795.5785,795.5951,23750.0,27821.0,Nyctalus leisleri,0.284,0.393,-1,Echolocation,/mnt/ubna_data_01_mir/recover-20220818/UBNA_006/20220818_060000.WAV,Central Pond,recover-20220818,006,1795
795.7165,795.7367,23750.0,27216.0,Nyctalus leisleri,0.103,0.202,-1,Echolocation,/mnt/ubna_data_01_mir/recover-20220818/UBNA_006/20220818_060000.WAV,Central Pond,recover-20220818,006,1795
797.1595,797.1782,24609.0,29904.0,Nyctalus leisleri,0.153,0.33,-1,Echolocation,/mnt/ubna_data_01_mir/recover-20220818/UBNA_006/20220818_060000.WAV,Central Pond,recover-20220818,006,1795
797.8505,797.8705,23750.0,27733.0,Nyctalus leisleri,0.169,0.294,-1,Echolocation,/mnt/ubna_data_01_mir/recover-20220818/UBNA_006/20220818_060000.WAV,Central Pond,recover-20220818,006,1795
798.2075,798.2289,24609.0,28382.0,Nyctalus leisleri,0.151,0.239,-1,Echolocation,/mnt/ubna_data_01_mir/recover-20220818/UBNA_006/20220818_060000.WAV,Central Pond,recover-20220818,006,1795
798.6265,798.6442,24609.0,28652.0,Nyctalus leisleri,0.159,0.332,-1,Echolocation,/mnt/ubna_data_01_mir/recover-20220818/UBNA_006/20220818_060000.WAV,Central Pond,recover-20220818,006,1795
799.0095,799.0298,22890.0,26591.0,Nyctalus leisleri,0.283,0.371,-1,Echolocation,/mnt/ubna_data_01_mir/recover-20220818/UBNA_006/20220818_060000.WAV,Central Pond,recover-20220818,006,1795
799.3775,799.3974,23750.0,28078.0,Nyctalus leisleri,0.279,0.467,-1,Echolocation,/mnt/ubna_data_01_mir/recover-20220818/UBNA_006/20220818_060000.WAV,Central Pond,recover-20220818,006,1795
799.8055,799.823,23750.0,27914.0,Nyctalus leisleri,0.334,0.435,-1,Echolocation,/mnt/ubna_data_01_mir/recover-20220818/UBNA_006/20220818_060000.WAV,Central Pond,recover-20220818,006,1795
800.2025,800.2167,24609.0,32052.0,Nyctalus leisleri,0.259,0.559,-1,Echolocation,/mnt/ubna_data_01_mir/recover-20220818/UBNA_006/20220818_060000.WAV,Central Pond,recover-20220818,006,1795
800.8435,800.8622,23750.0,28638.0,Nyctalus leisleri,0.319,0.476,-1,Echolocation,/mnt/ubna_data_01_mir/recover-20220818/UBNA_006/20220818_060000.WAV,Central Pond,recover-20220818,006,1795
801.1135,801.1345,22890.0,27773.0,Nyctalus leisleri,0.257,0.447,-1,Echolocation,/mnt/ubna_data_01_mir/recover-20220818/UBNA_006/20220818_060000.WAV,Central Pond,recover-20220818,006,1795
801.5025,801.5242,22890.0,26117.0,Nyctalus leisleri,0.254,0.314,-1,Echolocation,/mnt/ubna_data_01_mir/recover-20220818/UBNA_006/20220818_060000.WAV,Central Pond,recover-20220818,006,1795
801.7605,801.779,23750.0,28293.0,Nyctalus leisleri,0.19,0.396,-1,Echolocation,/mnt/ubna_data_01_mir/recover-20220818/UBNA_006/20220818_060000.WAV,Central Pond,recover-20220818,006,1795
802.0095,802.028,23750.0,28541.0,Nyctalus leisleri,0.279,0.512,-1,Echolocation,/mnt/ubna_data_01_mir/recover-20220818/UBNA_006/20220818_060000.WAV,Central Pond,recover-20220818,006,1795
802.2775,802.3013,22890.0,26802.0,Nyctalus leisleri,0.149,0.234,-1,Echolocation,/mnt/ubna_data_01_mir/recover-20220818/UBNA_006/20220818_060000.WAV,Central Pond,recover-20220818,006,1795
802.5505,802.569,24609.0,29626.0,Nyctalus leisleri,0.131,0.293,-1,Echolocation,/mnt/ubna_data_01_mir/recover-20220818/UBNA_006/20220818_060000.WAV,Central Pond,recover-20220818,006,1795
803.1975,803.2178,23750.0,29902.0,Nyctalus leisleri,0.162,0.34,-1,Echolocation,/mnt/ubna_data_01_mir/recover-20220818/UBNA_006/20220818_060000.WAV,Central Pond,recover-20220818,006,1795
803.4605,803.4784,23750.0,29365.0,Nyctalus leisleri,0.252,0.426,-1,Echolocation,/mnt/ubna_data_01_mir/recover-20220818/UBNA_006/20220818_060000.WAV,Central Pond,recover-20220818,006,1795
803.7255,803.7473,23750.0,28668.0,Nyctalus leisleri,0.185,0.329,-1,Echolocation,/mnt/ubna_data_01_mir/recover-20220818/UBNA_006/20220818_060000.WAV,Central Pond,recover-20220818,006,1795
804.2625,804.2843,23750.0,26689.0,Nyctalus leisleri,0.332,0.369,-1,Echolocation,/mnt/ubna_data_01_mir/recover-20220818/UBNA_006/20220818_060000.WAV,Central Pond,recover-20220818,006,1795
804.5695,804.59,23750.0,28869.0,Nyctalus leisleri,0.147,0.353,-1,Echolocation,/mnt/ubna_data_01_mir/recover-20220818/UBNA_006/20220818_060000.WAV,Central Pond,recover-20220818,006,1795
804.7835,804.8076,22890.0,27218.0,Nyctalus leisleri,0.109,0.223,-1,Echolocation,/mnt/ubna_data_01_mir/recover-20220818/UBNA_006/20220818_060000.WAV,Central Pond,recover-20220818,006,1795
804.9945,805.0146,23750.0,27410.0,Nyctalus leisleri,0.323,0.386,-1,Echolocation,/mnt/ubna_data_01_mir/recover-20220818/UBNA_006/20220818_060000.WAV,Central Pond,recover-20220818,006,1795
805.1605,805.1818,23750.0,27791.0,Nyctalus leisleri,0.181,0.291,-1,Echolocation,/mnt/ubna_data_01_mir/recover-20220818/UBNA_006/20220818_060000.WAV,Central Pond,recover-20220818,006,1795
805.3525,805.3735,23750.0,28478.0,Nyctalus leisleri,0.252,0.368,-1,Echolocation,/mnt/ubna_data_01_mir/recover-20220818/UBNA_006/20220818_060000.WAV,Central Pond,recover-20220818,006,1795
805.5155,805.5317,23750.0,28647.0,Eptesicus serotinus,0.148,0.367,-1,Echolocation,/mnt/ubna_data_01_mir/recover-20220818/UBNA_006/20220818_060000.WAV,Central Pond,recover-20220818,006,1795
806.3165,806.3404,24609.0,28553.0,Nyctalus leisleri,0.128,0.23,-1,Echolocation,/mnt/ubna_data_01_mir/recover-20220818/UBNA_006/20220818_060000.WAV,Central Pond,recover-20220818,006,1795
806.9505,806.966,24609.0,29310.0,Nyctalus leisleri,0.358,0.488,-1,Echolocation,/mnt/ubna_data_01_mir/recover-20220818/UBNA_006/20220818_060000.WAV,Central Pond,recover-20220818,006,1795
807.1245,807.148,23750.0,28431.0,Nyctalus leisleri,0.19,0.326,-1,Echolocation,/mnt/ubna_data_01_mir/recover-20220818/UBNA_006/20220818_060000.WAV,Central Pond,recover-20220818,006,1795
807.4905,807.5135,22890.0,27107.0,Nyctalus noctula,0.121,0.283,-1,Echolocation,/mnt/ubna_data_01_mir/recover-20220818/UBNA_006/20220818_060000.WAV,Central Pond,recover-20220818,006,1795
807.7635,807.7859,23750.0,28743.0,Nyctalus leisleri,0.185,0.339,-1,Echolocation,/mnt/ubna_data_01_mir/recover-20220818/UBNA_006/20220818_060000.WAV,Central Pond,recover-20220818,006,1795
808.5365,808.5564,23750.0,28178.0,Nyctalus leisleri,0.285,0.407,-1,Echolocation,/mnt/ubna_data_01_mir/recover-20220818/UBNA_006/20220818_060000.WAV,Central Pond,recover-20220818,006,1795
808.7935,808.815,22890.0,27911.0,Nyctalus leisleri,0.282,0.409,-1,Echolocation,/mnt/ubna_data_01_mir/recover-20220818/UBNA_006/20220818_060000.WAV,Central Pond,recover-20220818,006,1795
811.2345,811.2544,22890.0,27613.0,Nyctalus leisleri,0.116,0.249,-1,Echolocation,/mnt/ubna_data_01_mir/recover-20220818/UBNA_006/20220818_060000.WAV,Central Pond,recover-20220818,006,1795
821.4485,821.4598,24609.0,29701.0,Nyctalus leisleri,0.164,0.353,-1,Echolocation,/mnt/ubna_data_01_mir/recover-20220818/UBNA_006/20220818_060000.WAV,Central Pond,recover-20220818,006,1795
821.7325,821.7439,25468.0,30845.0,Eptesicus serotinus,0.126,0.287,-1,Echolocation,/mnt/ubna_data_01_mir/recover-20220818/UBNA_006/20220818_060000.WAV,Central Pond,recover-20220818,006,1795
822.6675,822.6887,23750.0,27334.0,Nyctalus leisleri,0.152,0.219,-1,Echolocation,/mnt/ubna_data_01_mir/recover-20220818/UBNA_006/20220818_060000.WAV,Central Pond,recover-20220818,006,1795
822.9375,822.9566,24609.0,28071.0,Nyctalus leisleri,0.256,0.357,-1,Echolocation,/mnt/ubna_data_01_mir/recover-20220818/UBNA_006/20220818_060000.WAV,Central Pond,recover-20220818,006,1795
823.2135,823.2314,23750.0,30524.0,Eptesicus serotinus,0.206,0.49,-1,Echolocation,/mnt/ubna_data_01_mir/recover-20220818/UBNA_006/20220818_060000.WAV,Central Pond,recover-20220818,006,1795
823.4715,823.4887,23750.0,26882.0,Nyctalus leisleri,0.181,0.279,-1,Echolocation,/mnt/ubna_data_01_mir/recover-20220818/UBNA_006/20220818_060000.WAV,Central Pond,recover-20220818,006,1795
823.7475,823.7652,24609.0,29596.0,Nyctalus leisleri,0.315,0.505,-1,Echolocation,/mnt/ubna_data_01_mir/recover-20220818/UBNA_006/20220818_060000.WAV,Central Pond,recover-20220818,006,1795
824.0415,824.0622,22890.0,27402.0,Nyctalus noctula,0.097,0.211,-1,Echolocation,/mnt/ubna_data_01_mir/recover-20220818/UBNA_006/20220818_060000.WAV,Central Pond,recover-20220818,006,1795
824.4805,824.4981,23750.0,28609.0,Nyctalus leisleri,0.239,0.374,-1,Echolocation,/mnt/ubna_data_01_mir/recover-20220818/UBNA_006/20220818_060000.WAV,Central Pond,recover-20220818,006,1795
824.6185,824.6327,24609.0,30900.0,Nyctalus leisleri,0.227,0.487,-1,Echolocation,/mnt/ubna_data_01_mir/recover-20220818/UBNA_006/20220818_060000.WAV,Central Pond,recover-20220818,006,1795
824.7465,824.7563,25468.0,32451.0,Nyctalus leisleri,0.266,0.59,-1,Echolocation,/mnt/ubna_data_01_mir/recover-20220818/UBNA_006/20220818_060000.WAV,Central Pond,recover-20220818,006,1795
824.9135,824.9241,25468.0,31247.0,Eptesicus serotinus,0.153,0.297,-1,Echolocation,/mnt/ubna_data_01_mir/recover-20220818/UBNA_006/20220818_060000.WAV,Central Pond,recover-20220818,006,1795
825.0285,825.0377,25468.0,32973.0,Eptesicus serotinus,0.266,0.578,-1,Echolocation,/mnt/ubna_data_01_mir/recover-20220818/UBNA_006/20220818_060000.WAV,Central Pond,recover-20220818,006,1795
825.1325,825.1411,25468.0,33273.0,Eptesicus serotinus,0.274,0.519,-1,Echolocation,/mnt/ubna_data_01_mir/recover-20220818/UBNA_006/20220818_060000.WAV,Central Pond,recover-20220818,006,1795
825.2155,825.2236,25468.0,32864.0,Eptesicus serotinus,0.173,0.326,-1,Echolocation,/mnt/ubna_data_01_mir/recover-20220818/UBNA_006/20220818_060000.WAV,Central Pond,recover-20220818,006,1795
825.3635,825.3724,25468.0,32810.0,Eptesicus serotinus,0.248,0.511,-1,Echolocation,/mnt/ubna_data_01_mir/recover-20220818/UBNA_006/20220818_060000.WAV,Central Pond,recover-20220818,006,1795
825.7895,825.801,25468.0,33256.0,Eptesicus serotinus,0.306,0.621,-1,Echolocation,/mnt/ubna_data_01_mir/recover-20220818/UBNA_006/20220818_060000.WAV,Central Pond,recover-20220818,006,1795
825.9335,825.9427,25468.0,32692.0,Nyctalus leisleri,0.222,0.522,-1,Echolocation,/mnt/ubna_data_01_mir/recover-20220818/UBNA_006/20220818_060000.WAV,Central Pond,recover-20220818,006,1795
826.0575,826.0681,25468.0,32501.0,Nyctalus leisleri,0.379,0.595,-1,Echolocation,/mnt/ubna_data_01_mir/recover-20220818/UBNA_006/20220818_060000.WAV,Central Pond,recover-20220818,006,1795
826.1805,826.1917,24609.0,30941.0,Eptesicus serotinus,0.17,0.315,-1,Echolocation,/mnt/ubna_data_01_mir/recover-20220818/UBNA_006/20220818_060000.WAV,Central Pond,recover-20220818,006,1795
826.3005,826.3094,25468.0,33096.0,Nyctalus leisleri,0.258,0.566,-1,Echolocation,/mnt/ubna_data_01_mir/recover-20220818/UBNA_006/20220818_060000.WAV,Central Pond,recover-20220818,006,1795
826.4725,826.4815,24609.0,32210.0,Eptesicus serotinus,0.106,0.32,-1,Echolocation,/mnt/ubna_data_01_mir/recover-20220818/UBNA_006/20220818_060000.WAV,Central Pond,recover-20220818,006,1795
827.1055,827.1198,24609.0,30678.0,Eptesicus serotinus,0.199,0.43,-1,Echolocation,/mnt/ubna_data_01_mir/recover-20220818/UBNA_006/20220818_060000.WAV,Central Pond,recover-20220818,006,1795
827.2495,827.2638,22890.0,29891.0,Nyctalus leisleri,0.268,0.574,-1,Echolocation,/mnt/ubna_data_01_mir/recover-20220818/UBNA_006/20220818_060000.WAV,Central Pond,recover-20220818,006,1795
827.5215,827.5465,22890.0,27964.0,Nyctalus noctula,0.154,0.35,-1,Echolocation,/mnt/ubna_data_01_mir/recover-20220818/UBNA_006/20220818_060000.WAV,Central Pond,recover-20220818,006,1795
827.9305,827.9463,23750.0,30065.0,Nyctalus leisleri,0.3,0.617,-1,Echolocation,/mnt/ubna_data_01_mir/recover-20220818/UBNA_006/20220818_060000.WAV,Central Pond,recover-20220818,006,1795
828.2005,828.2152,22890.0,28418.0,Nyctalus leisleri,0.358,0.553,-1,Echolocation,/mnt/ubna_data_01_mir/recover-20220818/UBNA_006/20220818_060000.WAV,Central Pond,recover-20220818,006,1795
828.3475,828.3596,24609.0,29204.0,Nyctalus leisleri,0.202,0.433,-1,Echolocation,/mnt/ubna_data_01_mir/recover-20220818/UBNA_006/20220818_060000.WAV,Central Pond,recover-20220818,006,1795
828.4855,828.4967,23750.0,30286.0,Eptesicus serotinus,0.249,0.517,-1,Echolocation,/mnt/ubna_data_01_mir/recover-20220818/UBNA_006/20220818_060000.WAV,Central Pond,recover-20220818,006,1795
829.1765,829.1942,23750.0,27801.0,Nyctalus leisleri,0.206,0.309,-1,Echolocation,/mnt/ubna_data_01_mir/recover-20220818/UBNA_006/20220818_060000.WAV,Central Pond,recover-20220818,006,1795
829.8375,829.8503,24609.0,29681.0,Nyctalus leisleri,0.193,0.357,-1,Echolocation,/mnt/ubna_data_01_mir/recover-20220818/UBNA_006/20220818_060000.WAV,Central Pond,recover-20220818,006,1795
830.3575,830.3691,24609.0,29461.0,Nyctalus leisleri,0.239,0.465,-1,Echolocation,/mnt/ubna_data_01_mir/recover-20220818/UBNA_006/20220818_060000.WAV,Central Pond,recover-20220818,006,1795
830.7855,830.8047,23750.0,28563.0,Nyctalus leisleri,0.166,0.348,-1,Echolocation,/mnt/ubna_data_01_mir/recover-20220818/UBNA_006/20220818_060000.WAV,Central Pond,recover-20220818,006,1795
831.3295,831.3412,24609.0,29177.0,Nyctalus leisleri,0.138,0.28,-1,Echolocation,/mnt/ubna_data_01_mir/recover-20220818/UBNA_006/20220818_060000.WAV,Central Pond,recover-20220818,006,1795
831.6115,831.6295,22890.0,27407.0,Nyctalus leisleri,0.173,0.307,-1,Echolocation,/mnt/ubna_data_01_mir/recover-20220818/UBNA_006/20220818_060000.WAV,Central Pond,recover-20220818,006,1795
833.1435,833.1589,24609.0,29777.0,Nyctalus leisleri,0.145,0.311,-1,Echolocation,/mnt/ubna_data_01_mir/recover-20220818/UBNA_006/20220818_060000.WAV,Central Pond,recover-20220818,006,1795
833.2925,833.3069,24609.0,29277.0,Nyctalus leisleri,0.114,0.246,-1,Echolocation,/mnt/ubna_data_01_mir/recover-20220818/UBNA_006/20220818_060000.WAV,Central Pond,recover-20220818,006,1795
833.5545,833.5727,23750.0,28205.0,Nyctalus leisleri,0.095,0.228,-1,Echolocation,/mnt/ubna_data_01_mir/recover-20220818/UBNA_006/20220818_060000.WAV,Central Pond,recover-20220818,006,1795
833.6985,833.7166,23750.0,28215.0,Nyctalus leisleri,0.165,0.267,-1,Echolocation,/mnt/ubna_data_01_mir/recover-20220818/UBNA_006/20220818_060000.WAV,Central Pond,recover-20220818,006,1795
835.3685,835.3817,23750.0,29240.0,Nyctalus leisleri,0.247,0.468,-1,Echolocation,/mnt/ubna_data_01_mir/recover-20220818/UBNA_006/20220818_060000.WAV,Central Pond,recover-20220818,006,1795
835.4985,835.5123,22890.0,28867.0,Nyctalus leisleri,0.176,0.439,-1,Echolocation,/mnt/ubna_data_01_mir/recover-20220818/UBNA_006/20220818_060000.WAV,Central Pond,recover-20220818,006,1795
835.7625,835.7793,23750.0,26908.0,Nyctalus leisleri,0.537,0.618,-1,Echolocation,/mnt/ubna_data_01_mir/recover-20220818/UBNA_006/20220818_060000.WAV,Central Pond,recover-20220818,006,1795
836.0445,836.0616,22890.0,25475.0,Nyctalus leisleri,0.741,0.758,-1,Echolocation,/mnt/ubna_data_01_mir/recover-20220818/UBNA_006/20220818_060000.WAV,Central Pond,recover-20220818,006,1795
836.2955,836.3107,23750.0,28278.0,Nyctalus leisleri,0.416,0.545,-1,Echolocation,/mnt/ubna_data_01_mir/recover-20220818/UBNA_006/20220818_060000.WAV,Central Pond,recover-20220818,006,1795
836.5835,836.6003,23750.0,27406.0,Nyctalus leisleri,0.492,0.553,-1,Echolocation,/mnt/ubna_data_01_mir/recover-20220818/UBNA_006/20220818_060000.WAV,Central Pond,recover-20220818,006,1795
836.8355,836.8549,22890.0,27546.0,Nyctalus leisleri,0.343,0.456,-1,Echolocation,/mnt/ubna_data_01_mir/recover-20220818/UBNA_006/20220818_060000.WAV,Central Pond,recover-20220818,006,1795
837.0995,837.117,23750.0,28449.0,Nyctalus leisleri,0.323,0.478,-1,Echolocation,/mnt/ubna_data_01_mir/recover-20220818/UBNA_006/20220818_060000.WAV,Central Pond,recover-20220818,006,1795
837.3525,837.3678,23750.0,27950.0,Nyctalus leisleri,0.539,0.634,-1,Echolocation,/mnt/ubna_data_01_mir/recover-20220818/UBNA_006/20220818_060000.WAV,Central Pond,recover-20220818,006,1795
837.5075,837.5269,22890.0,27685.0,Nyctalus leisleri,0.328,0.492,-1,Echolocation,/mnt/ubna_data_01_mir/recover-20220818/UBNA_006/20220818_060000.WAV,Central Pond,recover-20220818,006,1795
837.6545,837.6689,23750.0,29584.0,Nyctalus leisleri,0.445,0.652,-1,Echolocation,/mnt/ubna_data_01_mir/recover-20220818/UBNA_006/20220818_060000.WAV,Central Pond,recover-20220818,006,1795
837.8065,837.8243,22890.0,26027.0,Nyctalus leisleri,0.503,0.55,-1,Echolocation,/mnt/ubna_data_01_mir/recover-20220818/UBNA_006/20220818_060000.WAV,Central Pond,recover-20220818,006,1795
837.9525,837.9705,22890.0,26420.0,Nyctalus leisleri,0.361,0.451,-1,Echolocation,/mnt/ubna_data_01_mir/recover-20220818/UBNA_006/20220818_060000.WAV,Central Pond,recover-20220818,006,1795
838.2095,838.2274,23750.0,29760.0,Nyctalus leisleri,0.179,0.492,-1,Echolocation,/mnt/ubna_data_01_mir/recover-20220818/UBNA_006/20220818_060000.WAV,Central Pond,recover-20220818,006,1795
838.4795,838.5016,22031.0,27918.0,Nyctalus noctula,0.23,0.415,-1,Echolocation,/mnt/ubna_data_01_mir/recover-20220818/UBNA_006/20220818_060000.WAV,Central Pond,recover-20220818,006,1795
838.6175,838.6368,22890.0,26264.0,Nyctalus leisleri,0.33,0.361,-1,Echolocation,/mnt/ubna_data_01_mir/recover-20220818/UBNA_006/20220818_060000.WAV,Central Pond,recover-20220818,006,1795
838.8665,838.8819,23750.0,30708.0,Nyctalus leisleri,0.192,0.449,-1,Echolocation,/mnt/ubna_data_01_mir/recover-20220818/UBNA_006/20220818_060000.WAV,Central Pond,recover-20220818,006,1795
839.1485,839.171,22890.0,26910.0,Nyctalus leisleri,0.284,0.351,-1,Echolocation,/mnt/ubna_data_01_mir/recover-20220818/UBNA_006/20220818_060000.WAV,Central Pond,recover-20220818,006,1795
839.3015,839.3183,23750.0,28322.0,Nyctalus leisleri,0.25,0.424,-1,Echolocation,/mnt/ubna_data_01_mir/recover-20220818/UBNA_006/20220818_060000.WAV,Central Pond,recover-20220818,006,1795
839.5575,839.5721,24609.0,31154.0,Nyctalus leisleri,0.243,0.466,-1,Echolocation,/mnt/ubna_data_01_mir/recover-20220818/UBNA_006/20220818_060000.WAV,Central Pond,recover-20220818,006,1795
839.8225,839.841,22890.0,27836.0,Nyctalus leisleri,0.291,0.449,-1,Echolocation,/mnt/ubna_data_01_mir/recover-20220818/UBNA_006/20220818_060000.WAV,Central Pond,recover-20220818,006,1795
839.9555,839.9696,24609.0,28035.0,Nyctalus leisleri,0.315,0.46,-1,Echolocation,/mnt/ubna_data_01_mir/recover-20220818/UBNA_006/20220818_060000.WAV,Central Pond,recover-20220818,006,1795
840.0945,840.1172,22890.0,27740.0,Nyctalus leisleri,0.184,0.369,-1,Echolocation,/mnt/ubna_data_01_mir/recover-20220818/UBNA_006/20220818_060000.WAV,Central Pond,recover-20220818,006,1795
840.3625,840.3819,23750.0,30755.0,Eptesicus serotinus,0.226,0.455,-1,Echolocation,/mnt/ubna_data_01_mir/recover-20220818/UBNA_006/20220818_060000.WAV,Central Pond,recover-20220818,006,1795
840.5185,840.5355,23750.0,29669.0,Nyctalus leisleri,0.355,0.499,-1,Echolocation,/mnt/ubna_data_01_mir/recover-20220818/UBNA_006/20220818_060000.WAV,Central Pond,recover-20220818,006,1795
840.6695,840.6871,23750.0,30687.0,Nyctalus leisleri,0.216,0.467,-1,Echolocation,/mnt/ubna_data_01_mir/recover-20220818/UBNA_006/20220818_060000.WAV,Central Pond,recover-20220818,006,1795
840.8255,840.8394,23750.0,31516.0,Eptesicus serotinus,0.268,0.489,-1,Echolocation,/mnt/ubna_data_01_mir/recover-20220818/UBNA_006/20220818_060000.WAV,Central Pond,recover-20220818,006,1795
840.9795,840.9926,23750.0,28584.0,Nyctalus leisleri,0.425,0.546,-1,Echolocation,/mnt/ubna_data_01_mir/recover-20220818/UBNA_006/20220818_060000.WAV,Central Pond,recover-20220818,006,1795
841.1195,841.1317,24609.0,29285.0,Nyctalus leisleri,0.213,0.439,-1,Echolocation,/mnt/ubna_data_01_mir/recover-20220818/UBNA_006/20220818_060000.WAV,Central Pond,recover-20220818,006,1795
841.2435,841.2584,24609.0,29148.0,Nyctalus leisleri,0.123,0.264,-1,Echolocation,/mnt/ubna_data_01_mir/recover-20220818/UBNA_006/20220818_060000.WAV,Central Pond,recover-20220818,006,1795
841.4145,841.4252,24609.0,30865.0,Nyctalus leisleri,0.253,0.516,-1,Echolocation,/mnt/ubna_data_01_mir/recover-20220818/UBNA_006/20220818_060000.WAV,Central Pond,recover-20220818,006,1795
841.5415,841.5536,24609.0,29585.0,Eptesicus serotinus,0.077,0.209,-1,Echolocation,/mnt/ubna_data_01_mir/recover-20220818/UBNA_006/20220818_060000.WAV,Central Pond,recover-20220818,006,1795
842.2375,842.2571,22890.0,28255.0,Nyctalus leisleri,0.191,0.418,-1,Echolocation,/mnt/ubna_data_01_mir/recover-20220818/UBNA_006/20220818_060000.WAV,Central Pond,recover-20220818,006,1795
842.3985,842.4141,24609.0,28363.0,Nyctalus leisleri,0.159,0.302,-1,Echolocation,/mnt/ubna_data_01_mir/recover-20220818/UBNA_006/20220818_060000.WAV,Central Pond,recover-20220818,006,1795
842.9445,842.9632,22890.0,27972.0,Nyctalus leisleri,0.17,0.356,-1,Echolocation,/mnt/ubna_data_01_mir/recover-20220818/UBNA_006/20220818_060000.WAV,Central Pond,recover-20220818,006,1795
843.4915,843.5127,22890.0,28560.0,Nyctalus noctula,0.185,0.336,-1,Echolocation,/mnt/ubna_data_01_mir/recover-20220818/UBNA_006/20220818_060000.WAV,Central Pond,recover-20220818,006,1795
843.6475,843.6667,23750.0,29439.0,Nyctalus leisleri,0.139,0.317,-1,Echolocation,/mnt/ubna_data_01_mir/recover-20220818/UBNA_006/20220818_060000.WAV,Central Pond,recover-20220818,006,1795
844.0785,844.0949,24609.0,29425.0,Nyctalus leisleri,0.132,0.273,-1,Echolocation,/mnt/ubna_data_01_mir/recover-20220818/UBNA_006/20220818_060000.WAV,Central Pond,recover-20220818,006,1795
844.2475,844.2627,26328.0,30598.0,Nyctalus leisleri,0.274,0.472,-1,Echolocation,/mnt/ubna_data_01_mir/recover-20220818/UBNA_006/20220818_060000.WAV,Central Pond,recover-20220818,006,1795
844.8175,844.8307,25468.0,30122.0,Nyctalus leisleri,0.378,0.539,-1,Echolocation,/mnt/ubna_data_01_mir/recover-20220818/UBNA_006/20220818_060000.WAV,Central Pond,recover-20220818,006,1795
845.2635,845.2785,25468.0,30870.0,Eptesicus serotinus,0.108,0.231,-1,Echolocation,/mnt/ubna_data_01_mir/recover-20220818/UBNA_006/20220818_060000.WAV,Central Pond,recover-20220818,006,1795
845.7045,845.7229,26328.0,29934.0,Nyctalus leisleri,0.13,0.21,-1,Echolocation,/mnt/ubna_data_01_mir/recover-20220818/UBNA_006/20220818_060000.WAV,Central Pond,recover-20220818,006,1795
846.8405,846.8554,23750.0,28664.0,Nyctalus leisleri,0.257,0.477,-1,Echolocation,/mnt/ubna_data_01_mir/recover-20220818/UBNA_006/20220818_060000.WAV,Central Pond,recover-20220818,006,1795
851.8935,851.9077,23750.0,28358.0,Nyctalus leisleri,0.346,0.524,-1,Echolocation,/mnt/ubna_data_01_mir/recover-20220818/UBNA_006/20220818_060000.WAV,Central Pond,recover-20220818,006,1795
852.1415,852.1569,23750.0,27570.0,Nyctalus leisleri,0.193,0.296,-1,Echolocation,/mnt/ubna_data_01_mir/recover-20220818/UBNA_006/20220818_060000.WAV,Central Pond,recover-20220818,006,1795
852.6695,852.6831,23750.0,27689.0,Nyctalus leisleri,0.504,0.601,-1,Echolocation,/mnt/ubna_data_01_mir/recover-20220818/UBNA_006/20220818_060000.WAV,Central Pond,recover-20220818,006,1795
852.9405,852.9619,23750.0,27398.0,Nyctalus leisleri,0.141,0.236,-1,Echolocation,/mnt/ubna_data_01_mir/recover-20220818/UBNA_006/20220818_060000.WAV,Central Pond,recover-20220818,006,1795
853.2085,853.2245,23750.0,27789.0,Nyctalus leisleri,0.177,0.321,-1,Echolocation,/mnt/ubna_data_01_mir/recover-20220818/UBNA_006/20220818_060000.WAV,Central Pond,recover-20220818,006,1795
853.4745,853.492,22890.0,27102.0,Nyctalus leisleri,0.323,0.464,-1,Echolocation,/mnt/ubna_data_01_mir/recover-20220818/UBNA_006/20220818_060000.WAV,Central Pond,recover-20220818,006,1795
853.8725,853.8915,23750.0,28782.0,Nyctalus leisleri,0.26,0.447,-1,Echolocation,/mnt/ubna_data_01_mir/recover-20220818/UBNA_006/20220818_060000.WAV,Central Pond,recover-20220818,006,1795
854.1515,854.1672,22890.0,27264.0,Nyctalus leisleri,0.487,0.563,-1,Echolocation,/mnt/ubna_data_01_mir/recover-20220818/UBNA_006/20220818_060000.WAV,Central Pond,recover-20220818,006,1795
854.5405,854.5596,24609.0,28251.0,Nyctalus leisleri,0.239,0.352,-1,Echolocation,/mnt/ubna_data_01_mir/recover-20220818/UBNA_006/20220818_060000.WAV,Central Pond,recover-20220818,006,1795
854.8165,854.8325,22890.0,27920.0,Nyctalus leisleri,0.309,0.478,-1,Echolocation,/mnt/ubna_data_01_mir/recover-20220818/UBNA_006/20220818_060000.WAV,Central Pond,recover-20220818,006,1795
855.0905,855.113,22890.0,27340.0,Nyctalus leisleri,0.139,0.319,-1,Echolocation,/mnt/ubna_data_01_mir/recover-20220818/UBNA_006/20220818_060000.WAV,Central Pond,recover-20220818,006,1795
855.4875,855.5021,23750.0,28505.0,Nyctalus leisleri,0.311,0.567,-1,Echolocation,/mnt/ubna_data_01_mir/recover-20220818/UBNA_006/20220818_060000.WAV,Central Pond,recover-20220818,006,1795
855.7635,855.7853,22890.0,27488.0,Nyctalus leisleri,0.26,0.386,-1,Echolocation,/mnt/ubna_data_01_mir/recover-20220818/UBNA_006/20220818_060000.WAV,Central Pond,recover-20220818,006,1795
856.0415,856.0593,23750.0,28820.0,Nyctalus leisleri,0.395,0.515,-1,Echolocation,/mnt/ubna_data_01_mir/recover-20220818/UBNA_006/20220818_060000.WAV,Central Pond,recover-20220818,006,1795
856.3145,856.3332,22890.0,27939.0,Nyctalus leisleri,0.238,0.427,-1,Echolocation,/mnt/ubna_data_01_mir/recover-20220818/UBNA_006/20220818_060000.WAV,Central Pond,recover-20220818,006,1795
856.5815,856.5951,23750.0,30291.0,Nyctalus leisleri,0.378,0.644,-1,Echolocation,/mnt/ubna_data_01_mir/recover-20220818/UBNA_006/20220818_060000.WAV,Central Pond,recover-20220818,006,1795
856.9805,857.0042,23750.0,27195.0,Nyctalus leisleri,0.185,0.247,-1,Echolocation,/mnt/ubna_data_01_mir/recover-20220818/UBNA_006/20220818_060000.WAV,Central Pond,recover-20220818,006,1795
857.3875,857.4032,23750.0,27599.0,Nyctalus leisleri,0.463,0.566,-1,Echolocation,/mnt/ubna_data_01_mir/recover-20220818/UBNA_006/20220818_060000.WAV,Central Pond,recover-20220818,006,1795
857.7495,857.77,23750.0,27388.0,Nyctalus leisleri,0.288,0.365,-1,Echolocation,/mnt/ubna_data_01_mir/recover-20220818/UBNA_006/20220818_060000.WAV,Central Pond,recover-20220818,006,1795
858.8225,858.8381,23750.0,28650.0,Nyctalus leisleri,0.318,0.505,-1,Echolocation,/mnt/ubna_data_01_mir/recover-20220818/UBNA_006/20220818_060000.WAV,Central Pond,recover-20220818,006,1795
859.3035,859.3195,23750.0,28746.0,Eptesicus serotinus,0.144,0.328,-1,Echolocation,/mnt/ubna_data_01_mir/recover-20220818/UBNA_006/20220818_060000.WAV,Central Pond,recover-20220818,006,1795
859.4705,859.4916,23750.0,27775.0,Nyctalus leisleri,0.128,0.226,-1,Echolocation,/mnt/ubna_data_01_mir/recover-20220818/UBNA_006/20220818_060000.WAV,Central Pond,recover-20220818,006,1795
859.7355,859.7496,22890.0,27156.0,Nyctalus leisleri,0.119,0.328,-1,Echolocation,/mnt/ubna_data_01_mir/recover-20220818/UBNA_006/20220818_060000.WAV,Central Pond,recover-20220818,006,1795
860.0015,860.017,22890.0,28345.0,Nyctalus leisleri,0.127,0.304,-1,Echolocation,/mnt/ubna_data_01_mir/recover-20220818/UBNA_006/20220818_060000.WAV,Central Pond,recover-20220818,006,1795
860.2645,860.2858,22890.0,26739.0,Nyctalus noctula,0.1,0.215,-1,Echolocation,/mnt/ubna_data_01_mir/recover-20220818/UBNA_006/20220818_060000.WAV,Central Pond,recover-20220818,006,1795
860.6585,860.6728,22890.0,27383.0,Nyctalus leisleri,0.351,0.5,-1,Echolocation,/mnt/ubna_data_01_mir/recover-20220818/UBNA_006/20220818_060000.WAV,Central Pond,recover-20220818,006,1795
867.1345,867.1506,23750.0,27542.0,Nyctalus leisleri,0.103,0.241,-1,Echolocation,/mnt/ubna_data_01_mir/recover-20220818/UBNA_006/20220818_060000.WAV,Central Pond,recover-20220818,006,1795
867.4005,867.4141,23750.0,29101.0,Nyctalus leisleri,0.42,0.601,-1,Echolocation,/mnt/ubna_data_01_mir/recover-20220818/UBNA_006/20220818_060000.WAV,Central Pond,recover-20220818,006,1795
867.5585,867.5728,23750.0,27948.0,Nyctalus leisleri,0.152,0.328,-1,Echolocation,/mnt/ubna_data_01_mir/recover-20220818/UBNA_006/20220818_060000.WAV,Central Pond,recover-20220818,006,1795
868.4895,868.5082,22890.0,27989.0,Nyctalus noctula,0.282,0.447,-1,Echolocation,/mnt/ubna_data_01_mir/recover-20220818/UBNA_006/20220818_060000.WAV,Central Pond,recover-20220818,006,1795
868.7565,868.7723,23750.0,27440.0,Nyctalus leisleri,0.241,0.362,-1,Echolocation,/mnt/ubna_data_01_mir/recover-20220818/UBNA_006/20220818_060000.WAV,Central Pond,recover-20220818,006,1795
868.9225,868.9416,23750.0,27939.0,Nyctalus leisleri,0.298,0.385,-1,Echolocation,/mnt/ubna_data_01_mir/recover-20220818/UBNA_006/20220818_060000.WAV,Central Pond,recover-20220818,006,1795
869.0835,869.1036,22890.0,26939.0,Nyctalus leisleri,0.325,0.464,-1,Echolocation,/mnt/ubna_data_01_mir/recover-20220818/UBNA_006/20220818_060000.WAV,Central Pond,recover-20220818,006,1795
869.2315,869.2502,22890.0,26721.0,Nyctalus leisleri,0.286,0.369,-1,Echolocation,/mnt/ubna_data_01_mir/recover-20220818/UBNA_006/20220818_060000.WAV,Central Pond,recover-20220818,006,1795
869.8515,869.8647,24609.0,28126.0,Nyctalus leisleri,0.332,0.488,-1,Echolocation,/mnt/ubna_data_01_mir/recover-20220818/UBNA_006/20220818_060000.WAV,Central Pond,recover-20220818,006,1795
870.1195,870.1384,22890.0,26797.0,Nyctalus leisleri,0.481,0.542,-1,Echolocation,/mnt/ubna_data_01_mir/recover-20220818/UBNA_006/20220818_060000.WAV,Central Pond,recover-20220818,006,1795
870.2575,870.2759,23750.0,27263.0,Nyctalus leisleri,0.379,0.461,-1,Echolocation,/mnt/ubna_data_01_mir/recover-20220818/UBNA_006/20220818_060000.WAV,Central Pond,recover-20220818,006,1795
870.3775,870.3905,23750.0,29485.0,Eptesicus serotinus,0.194,0.445,-1,Echolocation,/mnt/ubna_data_01_mir/recover-20220818/UBNA_006/20220818_060000.WAV,Central Pond,recover-20220818,006,1795
876.5425,876.5614,23750.0,27982.0,Nyctalus leisleri,0.193,0.274,-1,Echolocation,/mnt/ubna_data_01_mir/recover-20220818/UBNA_006/20220818_060000.WAV,Central Pond,recover-20220818,006,1795
877.3445,877.361,23750.0,29017.0,Nyctalus leisleri,0.102,0.273,-1,Echolocation,/mnt/ubna_data_01_mir/recover-20220818/UBNA_006/20220818_060000.WAV,Central Pond,recover-20220818,006,1795
877.6105,877.6242,23750.0,28453.0,Nyctalus leisleri,0.146,0.349,-1,Echolocation,/mnt/ubna_data_01_mir/recover-20220818/UBNA_006/20220818_060000.WAV,Central Pond,recover-20220818,006,1795
878.3425,878.3599,23750.0,28717.0,Nyctalus leisleri,0.084,0.219,-1,Echolocation,/mnt/ubna_data_01_mir/recover-20220818/UBNA_006/20220818_060000.WAV,Central Pond,recover-20220818,006,1795
879.9195,879.9357,23750.0,26794.0,Nyctalus leisleri,0.507,0.569,-1,Echolocation,/mnt/ubna_data_01_mir/recover-20220818/UBNA_006/20220818_060000.WAV,Central Pond,recover-20220818,006,1795
880.3175,880.3315,23750.0,29116.0,Nyctalus leisleri,0.494,0.632,-1,Echolocation,/mnt/ubna_data_01_mir/recover-20220818/UBNA_006/20220818_060000.WAV,Central Pond,recover-20220818,006,1795
880.5875,880.6063,23750.0,27735.0,Nyctalus leisleri,0.377,0.473,-1,Echolocation,/mnt/ubna_data_01_mir/recover-20220818/UBNA_006/20220818_060000.WAV,Central Pond,recover-20220818,006,1795
880.9915,881.0116,24609.0,28506.0,Nyctalus leisleri,0.18,0.276,-1,Echolocation,/mnt/ubna_data_01_mir/recover-20220818/UBNA_006/20220818_060000.WAV,Central Pond,recover-20220818,006,1795
881.1455,881.1647,22890.0,27417.0,Nyctalus leisleri,0.199,0.338,-1,Echolocation,/mnt/ubna_data_01_mir/recover-20220818/UBNA_006/20220818_060000.WAV,Central Pond,recover-20220818,006,1795
881.4175,881.4313,23750.0,27780.0,Nyctalus leisleri,0.378,0.514,-1,Echolocation,/mnt/ubna_data_01_mir/recover-20220818/UBNA_006/20220818_060000.WAV,Central Pond,recover-20220818,006,1795
881.5685,881.5867,23750.0,28486.0,Nyctalus leisleri,0.15,0.298,-1,Echolocation,/mnt/ubna_data_01_mir/recover-20220818/UBNA_006/20220818_060000.WAV,Central Pond,recover-20220818,006,1795
882.1285,882.1438,23750.0,28813.0,Nyctalus leisleri,0.266,0.432,-1,Echolocation,/mnt/ubna_data_01_mir/recover-20220818/UBNA_006/20220818_060000.WAV,Central Pond,recover-20220818,006,1795
882.4015,882.4188,23750.0,26776.0,Nyctalus leisleri,0.215,0.288,-1,Echolocation,/mnt/ubna_data_01_mir/recover-20220818/UBNA_006/20220818_060000.WAV,Central Pond,recover-20220818,006,1795
882.6835,882.7025,23750.0,28396.0,Nyctalus leisleri,0.324,0.473,-1,Echolocation,/mnt/ubna_data_01_mir/recover-20220818/UBNA_006/20220818_060000.WAV,Central Pond,recover-20220818,006,1795
882.9655,882.9864,23750.0,27378.0,Nyctalus leisleri,0.234,0.31,-1,Echolocation,/mnt/ubna_data_01_mir/recover-20220818/UBNA_006/20220818_060000.WAV,Central Pond,recover-20220818,006,1795
883.2465,883.2614,23750.0,28398.0,Nyctalus leisleri,0.34,0.502,-1,Echolocation,/mnt/ubna_data_01_mir/recover-20220818/UBNA_006/20220818_060000.WAV,Central Pond,recover-20220818,006,1795
883.5205,883.5346,23750.0,28159.0,Nyctalus leisleri,0.43,0.579,-1,Echolocation,/mnt/ubna_data_01_mir/recover-20220818/UBNA_006/20220818_060000.WAV,Central Pond,recover-20220818,006,1795
883.6595,883.672,24609.0,29527.0,Nyctalus leisleri,0.28,0.418,-1,Echolocation,/mnt/ubna_data_01_mir/recover-20220818/UBNA_006/20220818_060000.WAV,Central Pond,recover-20220818,006,1795
883.7945,883.8077,25468.0,30187.0,Nyctalus leisleri,0.181,0.354,-1,Echolocation,/mnt/ubna_data_01_mir/recover-20220818/UBNA_006/20220818_060000.WAV,Central Pond,recover-20220818,006,1795
884.4485,884.4658,24609.0,29001.0,Nyctalus leisleri,0.095,0.24,-1,Echolocation,/mnt/ubna_data_01_mir/recover-20220818/UBNA_006/20220818_060000.WAV,Central Pond,recover-20220818,006,1795
884.7095,884.7256,23750.0,28188.0,Nyctalus leisleri,0.238,0.353,-1,Echolocation,/mnt/ubna_data_01_mir/recover-20220818/UBNA_006/20220818_060000.WAV,Central Pond,recover-20220818,006,1795
885.2075,885.2257,23750.0,27822.0,Nyctalus leisleri,0.184,0.313,-1,Echolocation,/mnt/ubna_data_01_mir/recover-20220818/UBNA_006/20220818_060000.WAV,Central Pond,recover-20220818,006,1795
885.4525,885.4675,24609.0,28647.0,Nyctalus leisleri,0.153,0.296,-1,Echolocation,/mnt/ubna_data_01_mir/recover-20220818/UBNA_006/20220818_060000.WAV,Central Pond,recover-20220818,006,1795
885.6985,885.7159,23750.0,28125.0,Nyctalus leisleri,0.15,0.32,-1,Echolocation,/mnt/ubna_data_01_mir/recover-20220818/UBNA_006/20220818_060000.WAV,Central Pond,recover-20220818,006,1795
885.8515,885.8706999999999,22890.0,26686.0,Nyctalus leisleri,0.132,0.262,-1,Echolocation,/mnt/ubna_data_01_mir/recover-20220818/UBNA_006/20220818_060000.WAV,Central Pond,recover-20220818,006,1795
885.9625,885.9809,22890.0,27952.0,Nyctalus noctula,0.17,0.254,-1,Echolocation,/mnt/ubna_data_01_mir/recover-20220818/UBNA_006/20220818_060000.WAV,Central Pond,recover-20220818,006,1795
886.1095,886.1259,23750.0,27312.0,Nyctalus leisleri,0.429,0.549,-1,Echolocation,/mnt/ubna_data_01_mir/recover-20220818/UBNA_006/20220818_060000.WAV,Central Pond,recover-20220818,006,1795
886.1945,886.2134,22890.0,26171.0,Nyctalus leisleri,0.391,0.459,-1,Echolocation,/mnt/ubna_data_01_mir/recover-20220818/UBNA_006/20220818_060000.WAV,Central Pond,recover-20220818,006,1795
886.3625,886.3818,22890.0,27930.0,Nyctalus leisleri,0.224,0.405,-1,Echolocation,/mnt/ubna_data_01_mir/recover-20220818/UBNA_006/20220818_060000.WAV,Central Pond,recover-20220818,006,1795
886.6115,886.6296,24609.0,28522.0,Nyctalus leisleri,0.22,0.334,-1,Echolocation,/mnt/ubna_data_01_mir/recover-20220818/UBNA_006/20220818_060000.WAV,Central Pond,recover-20220818,006,1795
886.8705,886.8891,24609.0,28223.0,Nyctalus leisleri,0.178,0.296,-1,Echolocation,/mnt/ubna_data_01_mir/recover-20220818/UBNA_006/20220818_060000.WAV,Central Pond,recover-20220818,006,1795
887.3945,887.4106,23750.0,28679.0,Nyctalus leisleri,0.107,0.236,-1,Echolocation,/mnt/ubna_data_01_mir/recover-20220818/UBNA_006/20220818_060000.WAV,Central Pond,recover-20220818,006,1795
887.6565,887.6732,23750.0,28722.0,Nyctalus leisleri,0.159,0.302,-1,Echolocation,/mnt/ubna_data_01_mir/recover-20220818/UBNA_006/20220818_060000.WAV,Central Pond,recover-20220818,006,1795
887.9225,887.9405,23750.0,28502.0,Nyctalus leisleri,0.198,0.361,-1,Echolocation,/mnt/ubna_data_01_mir/recover-20220818/UBNA_006/20220818_060000.WAV,Central Pond,recover-20220818,006,1795
888.0425,888.0624,23750.0,28405.0,Nyctalus leisleri,0.225,0.395,-1,Echolocation,/mnt/ubna_data_01_mir/recover-20220818/UBNA_006/20220818_060000.WAV,Central Pond,recover-20220818,006,1795
888.1945,888.2114,23750.0,28051.0,Nyctalus leisleri,0.402,0.501,-1,Echolocation,/mnt/ubna_data_01_mir/recover-20220818/UBNA_006/20220818_060000.WAV,Central Pond,recover-20220818,006,1795
888.4615,888.4791,23750.0,28247.0,Nyctalus leisleri,0.111,0.23,-1,Echolocation,/mnt/ubna_data_01_mir/recover-20220818/UBNA_006/20220818_060000.WAV,Central Pond,recover-20220818,006,1795
888.6125,888.6312,23750.0,27852.0,Nyctalus leisleri,0.199,0.332,-1,Echolocation,/mnt/ubna_data_01_mir/recover-20220818/UBNA_006/20220818_060000.WAV,Central Pond,recover-20220818,006,1795
888.7305,888.745,23750.0,28996.0,Nyctalus leisleri,0.227,0.438,-1,Echolocation,/mnt/ubna_data_01_mir/recover-20220818/UBNA_006/20220818_060000.WAV,Central Pond,recover-20220818,006,1795
888.9985,889.0137,23750.0,28314.0,Nyctalus leisleri,0.253,0.432,-1,Echolocation,/mnt/ubna_data_01_mir/recover-20220818/UBNA_006/20220818_060000.WAV,Central Pond,recover-20220818,006,1795
889.2565,889.2741,23750.0,28798.0,Nyctalus leisleri,0.163,0.353,-1,Echolocation,/mnt/ubna_data_01_mir/recover-20220818/UBNA_006/20220818_060000.WAV,Central Pond,recover-20220818,006,1795
889.2805,889.2964,23750.0,27338.0,Nyctalus leisleri,0.133,0.236,-1,Echolocation,/mnt/ubna_data_01_mir/recover-20220818/UBNA_006/20220818_060000.WAV,Central Pond,recover-20220818,006,1795
889.5205,889.5488,22890.0,27493.0,Nyctalus noctula,0.095,0.207,-1,Echolocation,/mnt/ubna_data_01_mir/recover-20220818/UBNA_006/20220818_060000.WAV,Central Pond,recover-20220818,006,1795
889.6715,889.688,23750.0,28638.0,Nyctalus leisleri,0.174,0.333,-1,Echolocation,/mnt/ubna_data_01_mir/recover-20220818/UBNA_006/20220818_060000.WAV,Central Pond,recover-20220818,006,1795
889.9365,889.96,23750.0,29097.0,Nyctalus leisleri,0.126,0.3,-1,Echolocation,/mnt/ubna_data_01_mir/recover-20220818/UBNA_006/20220818_060000.WAV,Central Pond,recover-20220818,006,1795
890.7185,890.7326,25468.0,29012.0,Nyctalus leisleri,0.209,0.345,-1,Echolocation,/mnt/ubna_data_01_mir/recover-20220818/UBNA_006/20220818_060000.WAV,Central Pond,recover-20220818,006,1795
890.9905,891.0029,23750.0,30215.0,Nyctalus leisleri,0.37,0.602,-1,Echolocation,/mnt/ubna_data_01_mir/recover-20220818/UBNA_006/20220818_060000.WAV,Central Pond,recover-20220818,006,1795
891.3885,891.401,24609.0,29362.0,Nyctalus leisleri,0.213,0.433,-1,Echolocation,/mnt/ubna_data_01_mir/recover-20220818/UBNA_006/20220818_060000.WAV,Central Pond,recover-20220818,006,1795
891.6425,891.6605,23750.0,30723.0,Nyctalus leisleri,0.193,0.459,-1,Echolocation,/mnt/ubna_data_01_mir/recover-20220818/UBNA_006/20220818_060000.WAV,Central Pond,recover-20220818,006,1795
892.2975,892.3147,24609.0,28675.0,Nyctalus leisleri,0.195,0.315,-1,Echolocation,/mnt/ubna_data_01_mir/recover-20220818/UBNA_006/20220818_060000.WAV,Central Pond,recover-20220818,006,1795
892.5535,892.5776,23750.0,28167.0,Nyctalus noctula,0.116,0.265,-1,Echolocation,/mnt/ubna_data_01_mir/recover-20220818/UBNA_006/20220818_060000.WAV,Central Pond,recover-20220818,006,1795
892.9345,892.952,23750.0,30135.0,Nyctalus leisleri,0.256,0.435,-1,Echolocation,/mnt/ubna_data_01_mir/recover-20220818/UBNA_006/20220818_060000.WAV,Central Pond,recover-20220818,006,1795
893.1735,893.1919,22890.0,25953.0,Nyctalus leisleri,0.196,0.327,-1,Echolocation,/mnt/ubna_data_01_mir/recover-20220818/UBNA_006/20220818_060000.WAV,Central Pond,recover-20220818,006,1795
893.1985,893.213,23750.0,29187.0,Nyctalus leisleri,0.385,0.53,-1,Echolocation,/mnt/ubna_data_01_mir/recover-20220818/UBNA_006/20220818_060000.WAV,Central Pond,recover-20220818,006,1795
893.4505,893.4738,23750.0,28495.0,Nyctalus leisleri,0.157,0.326,-1,Echolocation,/mnt/ubna_data_01_mir/recover-20220818/UBNA_006/20220818_060000.WAV,Central Pond,recover-20220818,006,1795
893.7025,893.7204,24609.0,31523.0,Eptesicus serotinus,0.151,0.364,-1,Echolocation,/mnt/ubna_data_01_mir/recover-20220818/UBNA_006/20220818_060000.WAV,Central Pond,recover-20220818,006,1795
893.9725,893.9906,23750.0,27273.0,Nyctalus leisleri,0.436,0.514,-1,Echolocation,/mnt/ubna_data_01_mir/recover-20220818/UBNA_006/20220818_060000.WAV,Central Pond,recover-20220818,006,1795
894.1255,894.1476,23750.0,27633.0,Nyctalus leisleri,0.197,0.253,-1,Echolocation,/mnt/ubna_data_01_mir/recover-20220818/UBNA_006/20220818_060000.WAV,Central Pond,recover-20220818,006,1795
894.3815,894.3972,23750.0,32208.0,Eptesicus serotinus,0.198,0.451,-1,Echolocation,/mnt/ubna_data_01_mir/recover-20220818/UBNA_006/20220818_060000.WAV,Central Pond,recover-20220818,006,1795
894.6415,894.6629,23750.0,28920.0,Nyctalus leisleri,0.177,0.326,-1,Echolocation,/mnt/ubna_data_01_mir/recover-20220818/UBNA_006/20220818_060000.WAV,Central Pond,recover-20220818,006,1795
894.9195,894.9356,23750.0,26616.0,Nyctalus leisleri,0.257,0.304,-1,Echolocation,/mnt/ubna_data_01_mir/recover-20220818/UBNA_006/20220818_060000.WAV,Central Pond,recover-20220818,006,1795
895.0715,895.0874,23750.0,28999.0,Nyctalus leisleri,0.353,0.533,-1,Echolocation,/mnt/ubna_data_01_mir/recover-20220818/UBNA_006/20220818_060000.WAV,Central Pond,recover-20220818,006,1795
895.3105,895.3268,24609.0,31907.0,Nyctalus leisleri,0.265,0.578,-1,Echolocation,/mnt/ubna_data_01_mir/recover-20220818/UBNA_006/20220818_060000.WAV,Central Pond,recover-20220818,006,1795
895.5695,895.5882,24609.0,32681.0,Eptesicus serotinus,0.227,0.441,-1,Echolocation,/mnt/ubna_data_01_mir/recover-20220818/UBNA_006/20220818_060000.WAV,Central Pond,recover-20220818,006,1795
895.7735,895.7966,22890.0,27789.0,Nyctalus noctula,0.118,0.302,-1,Echolocation,/mnt/ubna_data_01_mir/recover-20220818/UBNA_006/20220818_060000.WAV,Central Pond,recover-20220818,006,1795
895.8415,895.8614,23750.0,28260.0,Nyctalus leisleri,0.317,0.443,-1,Echolocation,/mnt/ubna_data_01_mir/recover-20220818/UBNA_006/20220818_060000.WAV,Central Pond,recover-20220818,006,1795
896.2255,896.24,23750.0,29863.0,Nyctalus leisleri,0.206,0.339,-1,Echolocation,/mnt/ubna_data_01_mir/recover-20220818/UBNA_006/20220818_060000.WAV,Central Pond,recover-20220818,006,1795
896.3485000000001,896.3653,22890.0,27247.0,Nyctalus leisleri,0.345,0.518,-1,Echolocation,/mnt/ubna_data_01_mir/recover-20220818/UBNA_006/20220818_060000.WAV,Central Pond,recover-20220818,006,1795
896.4755,896.4926,23750.0,27500.0,Nyctalus leisleri,0.37,0.473,-1,Echolocation,/mnt/ubna_data_01_mir/recover-20220818/UBNA_006/20220818_060000.WAV,Central Pond,recover-20220818,006,1795
896.7175,896.7312,24609.0,35035.0,Eptesicus serotinus,0.363,0.577,-1,Echolocation,/mnt/ubna_data_01_mir/recover-20220818/UBNA_006/20220818_060000.WAV,Central Pond,recover-20220818,006,1795
896.9745,896.9901,23750.0,28815.0,Nyctalus leisleri,0.416,0.57,-1,Echolocation,/mnt/ubna_data_01_mir/recover-20220818/UBNA_006/20220818_060000.WAV,Central Pond,recover-20220818,006,1795
897.2305,897.2448,23750.0,29506.0,Nyctalus leisleri,0.39,0.535,-1,Echolocation,/mnt/ubna_data_01_mir/recover-20220818/UBNA_006/20220818_060000.WAV,Central Pond,recover-20220818,006,1795
897.3905,897.4094,22890.0,26382.0,Nyctalus leisleri,0.309,0.406,-1,Echolocation,/mnt/ubna_data_01_mir/recover-20220818/UBNA_006/20220818_060000.WAV,Central Pond,recover-20220818,006,1795
897.4885,897.513,22890.0,27382.0,Nyctalus leisleri,0.153,0.318,-1,Echolocation,/mnt/ubna_data_01_mir/recover-20220818/UBNA_006/20220818_060000.WAV,Central Pond,recover-20220818,006,1795
897.7615,897.7753,23750.0,30565.0,Nyctalus leisleri,0.304,0.612,-1,Echolocation,/mnt/ubna_data_01_mir/recover-20220818/UBNA_006/20220818_060000.WAV,Central Pond,recover-20220818,006,1795
897.9805,897.9961,22890.0,26926.0,Nyctalus leisleri,0.312,0.451,-1,Echolocation,/mnt/ubna_data_01_mir/recover-20220818/UBNA_006/20220818_060000.WAV,Central Pond,recover-20220818,006,1795
898.0365,898.058,23750.0,28646.0,Nyctalus leisleri,0.168,0.352,-1,Echolocation,/mnt/ubna_data_01_mir/recover-20220818/UBNA_006/20220818_060000.WAV,Central Pond,recover-20220818,006,1795
898.3035,898.3212,23750.0,32467.0,Eptesicus serotinus,0.295,0.538,-1,Echolocation,/mnt/ubna_data_01_mir/recover-20220818/UBNA_006/20220818_060000.WAV,Central Pond,recover-20220818,006,1795
898.5745,898.5937,22031.0,26609.0,Nyctalus leisleri,0.277,0.419,-1,Echolocation,/mnt/ubna_data_01_mir/recover-20220818/UBNA_006/20220818_060000.WAV,Central Pond,recover-20220818,006,1795
898.6905,898.7109,22890.0,28870.0,Nyctalus noctula,0.148,0.412,-1,Echolocation,/mnt/ubna_data_01_mir/recover-20220818/UBNA_006/20220818_060000.WAV,Central Pond,recover-20220818,006,1795
899.0795,899.0951,23750.0,30122.0,Nyctalus leisleri,0.254,0.59,-1,Echolocation,/mnt/ubna_data_01_mir/recover-20220818/UBNA_006/20220818_060000.WAV,Central Pond,recover-20220818,006,1795
899.2835,899.3035,22031.0,27124.0,Nyctalus leisleri,0.209,0.412,-1,Echolocation,/mnt/ubna_data_01_mir/recover-20220818/UBNA_006/20220818_060000.WAV,Central Pond,recover-20220818,006,1795
899.4755,899.5002,22890.0,27732.0,Nyctalus noctula,0.125,0.276,-1,Echolocation,/mnt/ubna_data_01_mir/recover-20220818/UBNA_006/20220818_060000.WAV,Central Pond,recover-20220818,006,1795
899.8705,899.8871,23750.0,29141.0,Nyctalus leisleri,0.218,0.478,-1,Echolocation,/mnt/ubna_data_01_mir/recover-20220818/UBNA_006/20220818_060000.WAV,Central Pond,recover-20220818,006,1795
900.1825,900.2011,22890.0,25971.0,Nyctalus leisleri,0.332,0.369,-1,Echolocation,/mnt/ubna_data_01_mir/recover-20220818/UBNA_006/20220818_060000.WAV,Central Pond,recover-20220818,006,1795
900.2575,900.2747,23750.0,28146.0,Nyctalus leisleri,0.31,0.479,-1,Echolocation,/mnt/ubna_data_01_mir/recover-20220818/UBNA_006/20220818_060000.WAV,Central Pond,recover-20220818,006,1795
900.4695,900.4855,22890.0,26897.0,Nyctalus leisleri,0.59,0.654,-1,Echolocation,/mnt/ubna_data_01_mir/recover-20220818/UBNA_006/20220818_060000.WAV,Central Pond,recover-20220818,006,1795
900.5195,900.5355,24609.0,30930.0,Nyctalus leisleri,0.292,0.488,-1,Echolocation,/mnt/ubna_data_01_mir/recover-20220818/UBNA_006/20220818_060000.WAV,Central Pond,recover-20220818,006,1795
900.7975,900.8111,23750.0,27703.0,Nyctalus leisleri,0.366,0.503,-1,Echolocation,/mnt/ubna_data_01_mir/recover-20220818/UBNA_006/20220818_060000.WAV,Central Pond,recover-20220818,006,1795
901.0595,901.0729,23750.0,31027.0,Nyctalus leisleri,0.253,0.568,-1,Echolocation,/mnt/ubna_data_01_mir/recover-20220818/UBNA_006/20220818_060000.WAV,Central Pond,recover-20220818,006,1795
901.3295,901.3457,22890.0,27838.0,Nyctalus leisleri,0.306,0.495,-1,Echolocation,/mnt/ubna_data_01_mir/recover-20220818/UBNA_006/20220818_060000.WAV,Central Pond,recover-20220818,006,1795
901.4685,901.483,23750.0,30331.0,Nyctalus leisleri,0.224,0.533,-1,Echolocation,/mnt/ubna_data_01_mir/recover-20220818/UBNA_006/20220818_060000.WAV,Central Pond,recover-20220818,006,1795
901.6075,901.621,23750.0,29911.0,Nyctalus leisleri,0.211,0.405,-1,Echolocation,/mnt/ubna_data_01_mir/recover-20220818/UBNA_006/20220818_060000.WAV,Central Pond,recover-20220818,006,1795
901.7475,901.7621,22890.0,27799.0,Nyctalus leisleri,0.371,0.537,-1,Echolocation,/mnt/ubna_data_01_mir/recover-20220818/UBNA_006/20220818_060000.WAV,Central Pond,recover-20220818,006,1795
901.7895,901.8052,22890.0,26903.0,Nyctalus leisleri,0.471,0.572,-1,Echolocation,/mnt/ubna_data_01_mir/recover-20220818/UBNA_006/20220818_060000.WAV,Central Pond,recover-20220818,006,1795
902.0015,902.0144,25468.0,31128.0,Nyctalus leisleri,0.226,0.456,-1,Echolocation,/mnt/ubna_data_01_mir/recover-20220818/UBNA_006/20220818_060000.WAV,Central Pond,recover-20220818,006,1795
902.2865,902.302,22890.0,28888.0,Nyctalus leisleri,0.336,0.606,-1,Echolocation,/mnt/ubna_data_01_mir/recover-20220818/UBNA_006/20220818_060000.WAV,Central Pond,recover-20220818,006,1795
902.6725,902.6853,23750.0,32395.0,Eptesicus serotinus,0.338,0.621,-1,Echolocation,/mnt/ubna_data_01_mir/recover-20220818/UBNA_006/20220818_060000.WAV,Central Pond,recover-20220818,006,1795
902.9615,902.9776,23750.0,29023.0,Nyctalus leisleri,0.169,0.443,-1,Echolocation,/mnt/ubna_data_01_mir/recover-20220818/UBNA_006/20220818_060000.WAV,Central Pond,recover-20220818,006,1795
903.2405,903.2566,24609.0,28972.0,Nyctalus leisleri,0.294,0.497,-1,Echolocation,/mnt/ubna_data_01_mir/recover-20220818/UBNA_006/20220818_060000.WAV,Central Pond,recover-20220818,006,1795
903.9125,903.9311,23750.0,27683.0,Nyctalus leisleri,0.137,0.265,-1,Echolocation,/mnt/ubna_data_01_mir/recover-20220818/UBNA_006/20220818_060000.WAV,Central Pond,recover-20220818,006,1795
904.0605,904.0778,23750.0,28533.0,Eptesicus serotinus,0.079,0.233,-1,Echolocation,/mnt/ubna_data_01_mir/recover-20220818/UBNA_006/20220818_060000.WAV,Central Pond,recover-20220818,006,1795
904.2685,904.2852,22890.0,28589.0,Nyctalus leisleri,0.3,0.579,-1,Echolocation,/mnt/ubna_data_01_mir/recover-20220818/UBNA_006/20220818_060000.WAV,Central Pond,recover-20220818,006,1795
904.8905,904.9054,22890.0,28629.0,Nyctalus noctula,0.192,0.484,-1,Echolocation,/mnt/ubna_data_01_mir/recover-20220818/UBNA_006/20220818_060000.WAV,Central Pond,recover-20220818,006,1795
906.2535,906.275,22890.0,26309.0,Nyctalus leisleri,0.133,0.23,-1,Echolocation,/mnt/ubna_data_01_mir/recover-20220818/UBNA_006/20220818_060000.WAV,Central Pond,recover-20220818,006,1795
906.3005,906.3166,24609.0,28767.0,Nyctalus leisleri,0.123,0.248,-1,Echolocation,/mnt/ubna_data_01_mir/recover-20220818/UBNA_006/20220818_060000.WAV,Central Pond,recover-20220818,006,1795
906.4605,906.4816,23750.0,27779.0,Nyctalus leisleri,0.214,0.332,-1,Echolocation,/mnt/ubna_data_01_mir/recover-20220818/UBNA_006/20220818_060000.WAV,Central Pond,recover-20220818,006,1795
906.6745,906.6931,22890.0,27513.0,Nyctalus leisleri,0.273,0.414,-1,Echolocation,/mnt/ubna_data_01_mir/recover-20220818/UBNA_006/20220818_060000.WAV,Central Pond,recover-20220818,006,1795
906.7875,906.8103,24609.0,29635.0,Nyctalus leisleri,0.151,0.288,-1,Echolocation,/mnt/ubna_data_01_mir/recover-20220818/UBNA_006/20220818_060000.WAV,Central Pond,recover-20220818,006,1795
906.9665,906.9782,25468.0,30084.0,Nyctalus leisleri,0.169,0.322,-1,Echolocation,/mnt/ubna_data_01_mir/recover-20220818/UBNA_006/20220818_060000.WAV,Central Pond,recover-20220818,006,1795
907.1295,907.1426,24609.0,29922.0,Nyctalus leisleri,0.36,0.537,-1,Echolocation,/mnt/ubna_data_01_mir/recover-20220818/UBNA_006/20220818_060000.WAV,Central Pond,recover-20220818,006,1795
907.2815,907.2953,25468.0,29962.0,Nyctalus leisleri,0.236,0.35,-1,Echolocation,/mnt/ubna_data_01_mir/recover-20220818/UBNA_006/20220818_060000.WAV,Central Pond,recover-20220818,006,1795
908.0605,908.0738,23750.0,27794.0,Nyctalus leisleri,0.172,0.341,-1,Echolocation,/mnt/ubna_data_01_mir/recover-20220818/UBNA_006/20220818_060000.WAV,Central Pond,recover-20220818,006,1795
908.2885,908.2999,24609.0,30054.0,Nyctalus leisleri,0.25,0.494,-1,Echolocation,/mnt/ubna_data_01_mir/recover-20220818/UBNA_006/20220818_060000.WAV,Central Pond,recover-20220818,006,1795
910.1395,910.1547,23750.0,28442.0,Nyctalus leisleri,0.276,0.465,-1,Echolocation,/mnt/ubna_data_01_mir/recover-20220818/UBNA_006/20220818_060000.WAV,Central Pond,recover-20220818,006,1795
910.7975,910.8158,24609.0,28059.0,Nyctalus leisleri,0.19,0.29,-1,Echolocation,/mnt/ubna_data_01_mir/recover-20220818/UBNA_006/20220818_060000.WAV,Central Pond,recover-20220818,006,1795
911.4715,911.4852,23750.0,28443.0,Nyctalus leisleri,0.117,0.266,-1,Echolocation,/mnt/ubna_data_01_mir/recover-20220818/UBNA_006/20220818_060000.WAV,Central Pond,recover-20220818,006,1795
911.6445,911.6594,24609.0,28999.0,Nyctalus leisleri,0.114,0.244,-1,Echolocation,/mnt/ubna_data_01_mir/recover-20220818/UBNA_006/20220818_060000.WAV,Central Pond,recover-20220818,006,1795
912.3165,912.3282,24609.0,29493.0,Nyctalus leisleri,0.365,0.622,-1,Echolocation,/mnt/ubna_data_01_mir/recover-20220818/UBNA_006/20220818_060000.WAV,Central Pond,recover-20220818,006,1795
917.2565,917.2707,23750.0,27253.0,Nyctalus leisleri,0.355,0.458,-1,Echolocation,/mnt/ubna_data_01_mir/recover-20220818/UBNA_006/20220818_060000.WAV,Central Pond,recover-20220818,006,1795
917.7595,917.776,24609.0,29358.0,Nyctalus leisleri,0.195,0.38,-1,Echolocation,/mnt/ubna_data_01_mir/recover-20220818/UBNA_006/20220818_060000.WAV,Central Pond,recover-20220818,006,1795
918.4735000000001,918.491,23750.0,27760.0,Nyctalus leisleri,0.305,0.394,-1,Echolocation,/mnt/ubna_data_01_mir/recover-20220818/UBNA_006/20220818_060000.WAV,Central Pond,recover-20220818,006,1795
920.1025,920.1204,24609.0,27788.0,Nyctalus leisleri,0.304,0.386,-1,Echolocation,/mnt/ubna_data_01_mir/recover-20220818/UBNA_006/20220818_060000.WAV,Central Pond,recover-20220818,006,1795
921.5975,921.6176,25468.0,28674.0,Nyctalus leisleri,0.151,0.238,-1,Echolocation,/mnt/ubna_data_01_mir/recover-20220818/UBNA_006/20220818_060000.WAV,Central Pond,recover-20220818,006,1795
921.8755,921.8895,25468.0,29351.0,Nyctalus leisleri,0.492,0.62,-1,Echolocation,/mnt/ubna_data_01_mir/recover-20220818/UBNA_006/20220818_060000.WAV,Central Pond,recover-20220818,006,1795
926.5545,926.5719,24609.0,28620.0,Nyctalus leisleri,0.09,0.21,-1,Echolocation,/mnt/ubna_data_01_mir/recover-20220818/UBNA_006/20220818_060000.WAV,Central Pond,recover-20220818,006,1795
935.2325,935.2488,24609.0,29374.0,Nyctalus leisleri,0.101,0.24,-1,Echolocation,/mnt/ubna_data_01_mir/recover-20220818/UBNA_006/20220818_060000.WAV,Central Pond,recover-20220818,006,1795
936.5375,936.5588,24609.0,28133.0,Nyctalus leisleri,0.205,0.284,-1,Echolocation,/mnt/ubna_data_01_mir/recover-20220818/UBNA_006/20220818_060000.WAV,Central Pond,recover-20220818,006,1795
936.8155,936.8308,25468.0,28989.0,Nyctalus leisleri,0.321,0.441,-1,Echolocation,/mnt/ubna_data_01_mir/recover-20220818/UBNA_006/20220818_060000.WAV,Central Pond,recover-20220818,006,1795
937.1005,937.1194,25468.0,28771.0,Nyctalus leisleri,0.236,0.353,-1,Echolocation,/mnt/ubna_data_01_mir/recover-20220818/UBNA_006/20220818_060000.WAV,Central Pond,recover-20220818,006,1795
937.3725,937.3948,25468.0,30417.0,Nyctalus leisleri,0.12,0.237,-1,Echolocation,/mnt/ubna_data_01_mir/recover-20220818/UBNA_006/20220818_060000.WAV,Central Pond,recover-20220818,006,1795
937.6755,937.6907,25468.0,29167.0,Nyctalus leisleri,0.116,0.214,-1,Echolocation,/mnt/ubna_data_01_mir/recover-20220818/UBNA_006/20220818_060000.WAV,Central Pond,recover-20220818,006,1795
937.9545,937.9733,25468.0,29488.0,Nyctalus leisleri,0.167,0.334,-1,Echolocation,/mnt/ubna_data_01_mir/recover-20220818/UBNA_006/20220818_060000.WAV,Central Pond,recover-20220818,006,1795
938.1175,938.1341,25468.0,30713.0,Nyctalus leisleri,0.254,0.568,-1,Echolocation,/mnt/ubna_data_01_mir/recover-20220818/UBNA_006/20220818_060000.WAV,Central Pond,recover-20220818,006,1795
938.3945,938.4126,25468.0,29707.0,Nyctalus leisleri,0.292,0.476,-1,Echolocation,/mnt/ubna_data_01_mir/recover-20220818/UBNA_006/20220818_060000.WAV,Central Pond,recover-20220818,006,1795
938.5575,938.5783,24609.0,28472.0,Nyctalus leisleri,0.284,0.394,-1,Echolocation,/mnt/ubna_data_01_mir/recover-20220818/UBNA_006/20220818_060000.WAV,Central Pond,recover-20220818,006,1795
938.7185,938.7383,24609.0,28793.0,Nyctalus leisleri,0.108,0.2,-1,Echolocation,/mnt/ubna_data_01_mir/recover-20220818/UBNA_006/20220818_060000.WAV,Central Pond,recover-20220818,006,1795
938.8675,938.8862,24609.0,27809.0,Nyctalus leisleri,0.444,0.58,-1,Echolocation,/mnt/ubna_data_01_mir/recover-20220818/UBNA_006/20220818_060000.WAV,Central Pond,recover-20220818,006,1795
939.1375,939.1543,25468.0,29238.0,Nyctalus leisleri,0.363,0.558,-1,Echolocation,/mnt/ubna_data_01_mir/recover-20220818/UBNA_006/20220818_060000.WAV,Central Pond,recover-20220818,006,1795
939.4235,939.4444,24609.0,28459.0,Nyctalus leisleri,0.27,0.36,-1,Echolocation,/mnt/ubna_data_01_mir/recover-20220818/UBNA_006/20220818_060000.WAV,Central Pond,recover-20220818,006,1795
939.7165,939.7344,25468.0,28438.0,Nyctalus leisleri,0.473,0.599,-1,Echolocation,/mnt/ubna_data_01_mir/recover-20220818/UBNA_006/20220818_060000.WAV,Central Pond,recover-20220818,006,1795
940.0015,940.0192,23750.0,28876.0,Nyctalus leisleri,0.137,0.294,-1,Echolocation,/mnt/ubna_data_01_mir/recover-20220818/UBNA_006/20220818_060000.WAV,Central Pond,recover-20220818,006,1795
940.2815,940.3001,24609.0,29390.0,Nyctalus leisleri,0.262,0.517,-1,Echolocation,/mnt/ubna_data_01_mir/recover-20220818/UBNA_006/20220818_060000.WAV,Central Pond,recover-20220818,006,1795
940.5755,940.5928,24609.0,27868.0,Nyctalus leisleri,0.295,0.407,-1,Echolocation,/mnt/ubna_data_01_mir/recover-20220818/UBNA_006/20220818_060000.WAV,Central Pond,recover-20220818,006,1795
940.6825,940.695,26328.0,31060.0,Nyctalus leisleri,0.41,0.56,-1,Echolocation,/mnt/ubna_data_01_mir/recover-20220818/UBNA_006/20220818_060000.WAV,Central Pond,recover-20220818,006,1795
940.8945,940.9093,26328.0,30197.0,Nyctalus leisleri,0.177,0.313,-1,Echolocation,/mnt/ubna_data_01_mir/recover-20220818/UBNA_006/20220818_060000.WAV,Central Pond,recover-20220818,006,1795
941.0015,941.0157,25468.0,29475.0,Nyctalus leisleri,0.12,0.224,-1,Echolocation,/mnt/ubna_data_01_mir/recover-20220818/UBNA_006/20220818_060000.WAV,Central Pond,recover-20220818,006,1795
941.1855,941.1964,26328.0,31493.0,Nyctalus leisleri,0.236,0.436,-1,Echolocation,/mnt/ubna_data_01_mir/recover-20220818/UBNA_006/20220818_060000.WAV,Central Pond,recover-20220818,006,1795
942.2345,942.244,39218.0,44851.0,Pipistrellus nathusii,0.424,0.49,-1,Echolocation,/mnt/ubna_data_01_mir/recover-20220818/UBNA_006/20220818_060000.WAV,Central Pond,recover-20220818,006,1795
942.5645,942.5856,23750.0,28083.0,Nyctalus leisleri,0.307,0.45,-1,Echolocation,/mnt/ubna_data_01_mir/recover-20220818/UBNA_006/20220818_060000.WAV,Central Pond,recover-20220818,006,1795
943.5825,943.6021,24609.0,28415.0,Nyctalus leisleri,0.269,0.416,-1,Echolocation,/mnt/ubna_data_01_mir/recover-20220818/UBNA_006/20220818_060000.WAV,Central Pond,recover-20220818,006,1795
943.7495,943.7681,24609.0,28693.0,Nyctalus leisleri,0.367,0.553,-1,Echolocation,/mnt/ubna_data_01_mir/recover-20220818/UBNA_006/20220818_060000.WAV,Central Pond,recover-20220818,006,1795
944.2025,944.2194,25468.0,29146.0,Nyctalus leisleri,0.325,0.467,-1,Echolocation,/mnt/ubna_data_01_mir/recover-20220818/UBNA_006/20220818_060000.WAV,Central Pond,recover-20220818,006,1795
944.3565,944.3751,25468.0,29073.0,Nyctalus leisleri,0.151,0.254,-1,Echolocation,/mnt/ubna_data_01_mir/recover-20220818/UBNA_006/20220818_060000.WAV,Central Pond,recover-20220818,006,1795
944.5095,944.5299,25468.0,29125.0,Nyctalus leisleri,0.251,0.342,-1,Echolocation,/mnt/ubna_data_01_mir/recover-20220818/UBNA_006/20220818_060000.WAV,Central Pond,recover-20220818,006,1795
944.6675,944.6829,24609.0,29524.0,Nyctalus leisleri,0.374,0.603,-1,Echolocation,/mnt/ubna_data_01_mir/recover-20220818/UBNA_006/20220818_060000.WAV,Central Pond,recover-20220818,006,1795
944.9535,944.9744,25468.0,28492.0,Nyctalus leisleri,0.133,0.23,-1,Echolocation,/mnt/ubna_data_01_mir/recover-20220818/UBNA_006/20220818_060000.WAV,Central Pond,recover-20220818,006,1795
945.1005,945.1156,24609.0,28660.0,Nyctalus leisleri,0.397,0.485,-1,Echolocation,/mnt/ubna_data_01_mir/recover-20220818/UBNA_006/20220818_060000.WAV,Central Pond,recover-20220818,006,1795
945.2575,945.2748,23750.0,28514.0,Nyctalus leisleri,0.349,0.508,-1,Echolocation,/mnt/ubna_data_01_mir/recover-20220818/UBNA_006/20220818_060000.WAV,Central Pond,recover-20220818,006,1795
945.5285,945.5457,24609.0,27834.0,Nyctalus leisleri,0.369,0.45,-1,Echolocation,/mnt/ubna_data_01_mir/recover-20220818/UBNA_006/20220818_060000.WAV,Central Pond,recover-20220818,006,1795
945.6775,945.6973,24609.0,27739.0,Nyctalus leisleri,0.141,0.245,-1,Echolocation,/mnt/ubna_data_01_mir/recover-20220818/UBNA_006/20220818_060000.WAV,Central Pond,recover-20220818,006,1795
945.9435,945.96,24609.0,28217.0,Nyctalus leisleri,0.185,0.27,-1,Echolocation,/mnt/ubna_data_01_mir/recover-20220818/UBNA_006/20220818_060000.WAV,Central Pond,recover-20220818,006,1795
946.2135,946.237,24609.0,28119.0,Nyctalus leisleri,0.235,0.355,-1,Echolocation,/mnt/ubna_data_01_mir/recover-20220818/UBNA_006/20220818_060000.WAV,Central Pond,recover-20220818,006,1795
946.6495,946.6648,24609.0,27999.0,Nyctalus leisleri,0.389,0.495,-1,Echolocation,/mnt/ubna_data_01_mir/recover-20220818/UBNA_006/20220818_060000.WAV,Central Pond,recover-20220818,006,1795
946.7025,946.7136,24609.0,30809.0,Nyctalus leisleri,0.292,0.585,-1,Echolocation,/mnt/ubna_data_01_mir/recover-20220818/UBNA_006/20220818_060000.WAV,Central Pond,recover-20220818,006,1795
946.8025,946.821,24609.0,28433.0,Nyctalus leisleri,0.331,0.512,-1,Echolocation,/mnt/ubna_data_01_mir/recover-20220818/UBNA_006/20220818_060000.WAV,Central Pond,recover-20220818,006,1795
946.9685,946.9831,23750.0,29677.0,Nyctalus leisleri,0.235,0.49,-1,Echolocation,/mnt/ubna_data_01_mir/recover-20220818/UBNA_006/20220818_060000.WAV,Central Pond,recover-20220818,006,1795
947.2155,947.233,24609.0,27769.0,Nyctalus leisleri,0.26,0.439,-1,Echolocation,/mnt/ubna_data_01_mir/recover-20220818/UBNA_006/20220818_060000.WAV,Central Pond,recover-20220818,006,1795
947.6415,947.6613,24609.0,28313.0,Nyctalus leisleri,0.3,0.418,-1,Echolocation,/mnt/ubna_data_01_mir/recover-20220818/UBNA_006/20220818_060000.WAV,Central Pond,recover-20220818,006,1795
947.7935,947.8088,25468.0,28166.0,Nyctalus leisleri,0.267,0.351,-1,Echolocation,/mnt/ubna_data_01_mir/recover-20220818/UBNA_006/20220818_060000.WAV,Central Pond,recover-20220818,006,1795
947.9855,947.9999,23750.0,28726.0,Nyctalus leisleri,0.211,0.397,-1,Echolocation,/mnt/ubna_data_01_mir/recover-20220818/UBNA_006/20220818_060000.WAV,Central Pond,recover-20220818,006,1795
948.0655,948.0861,24609.0,27491.0,Nyctalus leisleri,0.185,0.262,-1,Echolocation,/mnt/ubna_data_01_mir/recover-20220818/UBNA_006/20220818_060000.WAV,Central Pond,recover-20220818,006,1795
948.3325,948.3513,24609.0,27978.0,Nyctalus leisleri,0.308,0.401,-1,Echolocation,/mnt/ubna_data_01_mir/recover-20220818/UBNA_006/20220818_060000.WAV,Central Pond,recover-20220818,006,1795
948.6035,948.6227,23750.0,27608.0,Nyctalus leisleri,0.163,0.242,-1,Echolocation,/mnt/ubna_data_01_mir/recover-20220818/UBNA_006/20220818_060000.WAV,Central Pond,recover-20220818,006,1795
948.8985,948.9157,24609.0,29108.0,Nyctalus leisleri,0.228,0.385,-1,Echolocation,/mnt/ubna_data_01_mir/recover-20220818/UBNA_006/20220818_060000.WAV,Central Pond,recover-20220818,006,1795
949.3125,949.3295,25468.0,29492.0,Nyctalus leisleri,0.218,0.35,-1,Echolocation,/mnt/ubna_data_01_mir/recover-20220818/UBNA_006/20220818_060000.WAV,Central Pond,recover-20220818,006,1795
949.8555,949.8706999999999,25468.0,28728.0,Nyctalus leisleri,0.393,0.494,-1,Echolocation,/mnt/ubna_data_01_mir/recover-20220818/UBNA_006/20220818_060000.WAV,Central Pond,recover-20220818,006,1795
950.5705,950.5836,25468.0,30814.0,Nyctalus leisleri,0.363,0.566,-1,Echolocation,/mnt/ubna_data_01_mir/recover-20220818/UBNA_006/20220818_060000.WAV,Central Pond,recover-20220818,006,1795
951.2525,951.2657,24609.0,31153.0,Eptesicus serotinus,0.314,0.586,-1,Echolocation,/mnt/ubna_data_01_mir/recover-20220818/UBNA_006/20220818_060000.WAV,Central Pond,recover-20220818,006,1795
951.7855,951.8063,25468.0,28917.0,Nyctalus leisleri,0.119,0.237,-1,Echolocation,/mnt/ubna_data_01_mir/recover-20220818/UBNA_006/20220818_060000.WAV,Central Pond,recover-20220818,006,1795
956.8615,956.8743,25468.0,29720.0,Nyctalus leisleri,0.189,0.308,-1,Echolocation,/mnt/ubna_data_01_mir/recover-20220818/UBNA_006/20220818_060000.WAV,Central Pond,recover-20220818,006,1795
958.0285,958.0423,25468.0,29064.0,Nyctalus leisleri,0.312,0.462,-1,Echolocation,/mnt/ubna_data_01_mir/recover-20220818/UBNA_006/20220818_060000.WAV,Central Pond,recover-20220818,006,1795
975.9155,975.9341,26328.0,29240.0,Nyctalus leisleri,0.164,0.239,-1,Echolocation,/mnt/ubna_data_01_mir/recover-20220818/UBNA_006/20220818_060000.WAV,Central Pond,recover-20220818,006,1795
979.4555,979.4703,24609.0,29283.0,Nyctalus leisleri,0.307,0.489,-1,Echolocation,/mnt/ubna_data_01_mir/recover-20220818/UBNA_006/20220818_060000.WAV,Central Pond,recover-20220818,006,1795
980.8665,980.8815,23750.0,28429.0,Nyctalus leisleri,0.091,0.208,-1,Echolocation,/mnt/ubna_data_01_mir/recover-20220818/UBNA_006/20220818_060000.WAV,Central Pond,recover-20220818,006,1795
982.6045,982.6124,43515.0,52315.0,Pipistrellus pipistrellus,0.462,0.514,-1,Echolocation,/mnt/ubna_data_01_mir/recover-20220818/UBNA_006/20220818_060000.WAV,Central Pond,recover-20220818,006,1795
982.7115,982.7203,43515.0,49920.0,Pipistrellus pipistrellus,0.451,0.622,-1,Echolocation,/mnt/ubna_data_01_mir/recover-20220818/UBNA_006/20220818_060000.WAV,Central Pond,recover-20220818,006,1795
982.8265,982.8344,44375.0,52365.0,Pipistrellus pipistrellus,0.498,0.547,-1,Echolocation,/mnt/ubna_data_01_mir/recover-20220818/UBNA_006/20220818_060000.WAV,Central Pond,recover-20220818,006,1795
982.9435,982.9507,43515.0,51446.0,Pipistrellus pipistrellus,0.189,0.209,-1,Echolocation,/mnt/ubna_data_01_mir/recover-20220818/UBNA_006/20220818_060000.WAV,Central Pond,recover-20220818,006,1795
983.0485,983.0553,44375.0,53709.0,Pipistrellus pipistrellus,0.507,0.566,-1,Echolocation,/mnt/ubna_data_01_mir/recover-20220818/UBNA_006/20220818_060000.WAV,Central Pond,recover-20220818,006,1795
983.2125,983.2296,24609.0,28236.0,Nyctalus leisleri,0.16,0.263,-1,Echolocation,/mnt/ubna_data_01_mir/recover-20220818/UBNA_006/20220818_060000.WAV,Central Pond,recover-20220818,006,1795
983.2485,983.2559,43515.0,52202.0,Pipistrellus pipistrellus,0.502,0.574,-1,Echolocation,/mnt/ubna_data_01_mir/recover-20220818/UBNA_006/20220818_060000.WAV,Central Pond,recover-20220818,006,1795
983.3585,983.3669,43515.0,49996.0,Pipistrellus pipistrellus,0.508,0.534,-1,Echolocation,/mnt/ubna_data_01_mir/recover-20220818/UBNA_006/20220818_060000.WAV,Central Pond,recover-20220818,006,1795
983.4735000000001,983.4822,43515.0,51828.0,Pipistrellus pipistrellus,0.46,0.612,-1,Echolocation,/mnt/ubna_data_01_mir/recover-20220818/UBNA_006/20220818_060000.WAV,Central Pond,recover-20220818,006,1795
983.5865,983.5952,42656.0,49368.0,Pipistrellus pipistrellus,0.168,0.348,-1,Echolocation,/mnt/ubna_data_01_mir/recover-20220818/UBNA_006/20220818_060000.WAV,Central Pond,recover-20220818,006,1795
983.6925,983.7014,41796.0,53263.0,Pipistrellus pipistrellus,0.224,0.555,-1,Echolocation,/mnt/ubna_data_01_mir/recover-20220818/UBNA_006/20220818_060000.WAV,Central Pond,recover-20220818,006,1795
983.7875,983.7957,41796.0,47063.0,Pipistrellus pipistrellus,0.221,0.452,-1,Echolocation,/mnt/ubna_data_01_mir/recover-20220818/UBNA_006/20220818_060000.WAV,Central Pond,recover-20220818,006,1795
983.9155,983.926,43515.0,49041.0,Pipistrellus pipistrellus,0.384,0.589,-1,Echolocation,/mnt/ubna_data_01_mir/recover-20220818/UBNA_006/20220818_060000.WAV,Central Pond,recover-20220818,006,1795
983.9415,983.9648,23750.0,27953.0,Nyctalus leisleri,0.231,0.332,-1,Echolocation,/mnt/ubna_data_01_mir/recover-20220818/UBNA_006/20220818_060000.WAV,Central Pond,recover-20220818,006,1795
984.0145,984.0224,42656.0,52974.0,Pipistrellus pipistrellus,0.279,0.591,-1,Echolocation,/mnt/ubna_data_01_mir/recover-20220818/UBNA_006/20220818_060000.WAV,Central Pond,recover-20220818,006,1795
984.2215,984.23,43515.0,53386.0,Pipistrellus pipistrellus,0.326,0.643,-1,Echolocation,/mnt/ubna_data_01_mir/recover-20220818/UBNA_006/20220818_060000.WAV,Central Pond,recover-20220818,006,1795
984.3285,984.3388,41796.0,49677.0,Pipistrellus nathusii,0.358,0.45,-1,Echolocation,/mnt/ubna_data_01_mir/recover-20220818/UBNA_006/20220818_060000.WAV,Central Pond,recover-20220818,006,1795
984.3845,984.4012,25468.0,29418.0,Nyctalus leisleri,0.284,0.399,-1,Echolocation,/mnt/ubna_data_01_mir/recover-20220818/UBNA_006/20220818_060000.WAV,Central Pond,recover-20220818,006,1795
984.5285,984.5363,43515.0,53783.0,Pipistrellus pipistrellus,0.304,0.484,-1,Echolocation,/mnt/ubna_data_01_mir/recover-20220818/UBNA_006/20220818_060000.WAV,Central Pond,recover-20220818,006,1795
984.6385,984.6472,43515.0,50375.0,Pipistrellus pipistrellus,0.386,0.509,-1,Echolocation,/mnt/ubna_data_01_mir/recover-20220818/UBNA_006/20220818_060000.WAV,Central Pond,recover-20220818,006,1795
984.8325,984.8397,42656.0,51917.0,Pipistrellus nathusii,0.279,0.577,-1,Echolocation,/mnt/ubna_data_01_mir/recover-20220818/UBNA_006/20220818_060000.WAV,Central Pond,recover-20220818,006,1795
984.9415,984.9488,42656.0,50909.0,Pipistrellus nathusii,0.328,0.588,-1,Echolocation,/mnt/ubna_data_01_mir/recover-20220818/UBNA_006/20220818_060000.WAV,Central Pond,recover-20220818,006,1795
985.1265,985.1356,42656.0,52327.0,Pipistrellus nathusii,0.229,0.428,-1,Echolocation,/mnt/ubna_data_01_mir/recover-20220818/UBNA_006/20220818_060000.WAV,Central Pond,recover-20220818,006,1795
985.2405,985.2489,42656.0,48396.0,Pipistrellus nathusii,0.3,0.52,-1,Echolocation,/mnt/ubna_data_01_mir/recover-20220818/UBNA_006/20220818_060000.WAV,Central Pond,recover-20220818,006,1795
985.2555,985.2756,25468.0,29759.0,Nyctalus leisleri,0.197,0.34,-1,Echolocation,/mnt/ubna_data_01_mir/recover-20220818/UBNA_006/20220818_060000.WAV,Central Pond,recover-20220818,006,1795
985.5575,985.5648,43515.0,49310.0,Pipistrellus pipistrellus,0.265,0.406,-1,Echolocation,/mnt/ubna_data_01_mir/recover-20220818/UBNA_006/20220818_060000.WAV,Central Pond,recover-20220818,006,1795
985.8635,985.8734,42656.0,48127.0,Pipistrellus pipistrellus,0.194,0.391,-1,Echolocation,/mnt/ubna_data_01_mir/recover-20220818/UBNA_006/20220818_060000.WAV,Central Pond,recover-20220818,006,1795
986.2675,986.2769,40937.0,49160.0,Pipistrellus nathusii,0.407,0.471,-1,Echolocation,/mnt/ubna_data_01_mir/recover-20220818/UBNA_006/20220818_060000.WAV,Central Pond,recover-20220818,006,1795
986.4805,986.4891,40078.0,45657.0,Pipistrellus nathusii,0.29,0.34,-1,Echolocation,/mnt/ubna_data_01_mir/recover-20220818/UBNA_006/20220818_060000.WAV,Central Pond,recover-20220818,006,1795
986.5885,986.5977,41796.0,47145.0,Pipistrellus nathusii,0.544,0.56,-1,Echolocation,/mnt/ubna_data_01_mir/recover-20220818/UBNA_006/20220818_060000.WAV,Central Pond,recover-20220818,006,1795
986.7185,986.7371,24609.0,29737.0,Nyctalus leisleri,0.256,0.415,-1,Echolocation,/mnt/ubna_data_01_mir/recover-20220818/UBNA_006/20220818_060000.WAV,Central Pond,recover-20220818,006,1795
986.9055,986.9157,42656.0,52844.0,Pipistrellus nathusii,0.463,0.548,-1,Echolocation,/mnt/ubna_data_01_mir/recover-20220818/UBNA_006/20220818_060000.WAV,Central Pond,recover-20220818,006,1795
987.1205,987.129,43515.0,51628.0,Pipistrellus nathusii,0.339,0.553,-1,Echolocation,/mnt/ubna_data_01_mir/recover-20220818/UBNA_006/20220818_060000.WAV,Central Pond,recover-20220818,006,1795
987.3415,987.3491,42656.0,47837.0,Pipistrellus nathusii,0.344,0.415,-1,Echolocation,/mnt/ubna_data_01_mir/recover-20220818/UBNA_006/20220818_060000.WAV,Central Pond,recover-20220818,006,1795
987.6585,987.6694,41796.0,48007.0,Pipistrellus nathusii,0.431,0.491,-1,Echolocation,/mnt/ubna_data_01_mir/recover-20220818/UBNA_006/20220818_060000.WAV,Central Pond,recover-20220818,006,1795
987.7845,987.7934,41796.0,48528.0,Pipistrellus nathusii,0.298,0.334,-1,Echolocation,/mnt/ubna_data_01_mir/recover-20220818/UBNA_006/20220818_060000.WAV,Central Pond,recover-20220818,006,1795
988.0525,988.0624,40937.0,46177.0,Pipistrellus nathusii,0.291,0.304,-1,Echolocation,/mnt/ubna_data_01_mir/recover-20220818/UBNA_006/20220818_060000.WAV,Central Pond,recover-20220818,006,1795
988.1465,988.1535,40937.0,47777.0,Pipistrellus nathusii,0.374,0.387,-1,Echolocation,/mnt/ubna_data_01_mir/recover-20220818/UBNA_006/20220818_060000.WAV,Central Pond,recover-20220818,006,1795
988.3365,988.3457,40937.0,47823.0,Pipistrellus nathusii,0.478,0.537,-1,Echolocation,/mnt/ubna_data_01_mir/recover-20220818/UBNA_006/20220818_060000.WAV,Central Pond,recover-20220818,006,1795
988.4325,988.4401,40937.0,47084.0,Pipistrellus nathusii,0.511,0.532,-1,Echolocation,/mnt/ubna_data_01_mir/recover-20220818/UBNA_006/20220818_060000.WAV,Central Pond,recover-20220818,006,1795
988.5305,988.5391,41796.0,47721.0,Pipistrellus nathusii,0.488,0.514,-1,Echolocation,/mnt/ubna_data_01_mir/recover-20220818/UBNA_006/20220818_060000.WAV,Central Pond,recover-20220818,006,1795
988.6275,988.6353,41796.0,47395.0,Pipistrellus nathusii,0.539,0.552,-1,Echolocation,/mnt/ubna_data_01_mir/recover-20220818/UBNA_006/20220818_060000.WAV,Central Pond,recover-20220818,006,1795
988.7265,988.7351,40937.0,46737.0,Pipistrellus nathusii,0.293,0.315,-1,Echolocation,/mnt/ubna_data_01_mir/recover-20220818/UBNA_006/20220818_060000.WAV,Central Pond,recover-20220818,006,1795
988.8185,988.8278,41796.0,51667.0,Pipistrellus nathusii,0.504,0.563,-1,Echolocation,/mnt/ubna_data_01_mir/recover-20220818/UBNA_006/20220818_060000.WAV,Central Pond,recover-20220818,006,1795
988.9155,988.924,40937.0,49333.0,Pipistrellus nathusii,0.523,0.6,-1,Echolocation,/mnt/ubna_data_01_mir/recover-20220818/UBNA_006/20220818_060000.WAV,Central Pond,recover-20220818,006,1795
989.0175,989.0251,40937.0,50274.0,Pipistrellus nathusii,0.494,0.512,-1,Echolocation,/mnt/ubna_data_01_mir/recover-20220818/UBNA_006/20220818_060000.WAV,Central Pond,recover-20220818,006,1795
989.1125,989.1205,40937.0,48118.0,Pipistrellus nathusii,0.541,0.574,-1,Echolocation,/mnt/ubna_data_01_mir/recover-20220818/UBNA_006/20220818_060000.WAV,Central Pond,recover-20220818,006,1795
989.2125,989.2207,40937.0,50071.0,Pipistrellus nathusii,0.597,0.65,-1,Echolocation,/mnt/ubna_data_01_mir/recover-20220818/UBNA_006/20220818_060000.WAV,Central Pond,recover-20220818,006,1795
989.3105,989.3187,40937.0,48054.0,Pipistrellus nathusii,0.488,0.536,-1,Echolocation,/mnt/ubna_data_01_mir/recover-20220818/UBNA_006/20220818_060000.WAV,Central Pond,recover-20220818,006,1795
989.4095,989.4186,40078.0,48697.0,Pipistrellus nathusii,0.591,0.639,-1,Echolocation,/mnt/ubna_data_01_mir/recover-20220818/UBNA_006/20220818_060000.WAV,Central Pond,recover-20220818,006,1795
989.5105,989.5188,40937.0,49315.0,Pipistrellus nathusii,0.583,0.608,-1,Echolocation,/mnt/ubna_data_01_mir/recover-20220818/UBNA_006/20220818_060000.WAV,Central Pond,recover-20220818,006,1795
989.5955,989.6038,40937.0,50576.0,Pipistrellus nathusii,0.597,0.636,-1,Echolocation,/mnt/ubna_data_01_mir/recover-20220818/UBNA_006/20220818_060000.WAV,Central Pond,recover-20220818,006,1795
989.6975,989.7065,40937.0,46788.0,Pipistrellus nathusii,0.5,0.525,-1,Echolocation,/mnt/ubna_data_01_mir/recover-20220818/UBNA_006/20220818_060000.WAV,Central Pond,recover-20220818,006,1795
989.7955,989.8044,41796.0,49559.0,Pipistrellus nathusii,0.474,0.513,-1,Echolocation,/mnt/ubna_data_01_mir/recover-20220818/UBNA_006/20220818_060000.WAV,Central Pond,recover-20220818,006,1795
989.8885,989.898,40937.0,50780.0,Pipistrellus nathusii,0.564,0.659,-1,Echolocation,/mnt/ubna_data_01_mir/recover-20220818/UBNA_006/20220818_060000.WAV,Central Pond,recover-20220818,006,1795
990.0865,990.0953,40078.0,50349.0,Pipistrellus nathusii,0.526,0.614,-1,Echolocation,/mnt/ubna_data_01_mir/recover-20220818/UBNA_006/20220818_060000.WAV,Central Pond,recover-20220818,006,1795
990.1855,990.1943,40078.0,47829.0,Pipistrellus nathusii,0.478,0.518,-1,Echolocation,/mnt/ubna_data_01_mir/recover-20220818/UBNA_006/20220818_060000.WAV,Central Pond,recover-20220818,006,1795
990.2855,990.2949,40078.0,51091.0,Pipistrellus nathusii,0.49,0.551,-1,Echolocation,/mnt/ubna_data_01_mir/recover-20220818/UBNA_006/20220818_060000.WAV,Central Pond,recover-20220818,006,1795
990.3885,990.398,40078.0,46493.0,Pipistrellus nathusii,0.496,0.523,-1,Echolocation,/mnt/ubna_data_01_mir/recover-20220818/UBNA_006/20220818_060000.WAV,Central Pond,recover-20220818,006,1795
990.5715,990.5824,40937.0,51345.0,Pipistrellus nathusii,0.422,0.454,-1,Echolocation,/mnt/ubna_data_01_mir/recover-20220818/UBNA_006/20220818_060000.WAV,Central Pond,recover-20220818,006,1795
990.6705,990.679,40078.0,46549.0,Pipistrellus nathusii,0.554,0.611,-1,Echolocation,/mnt/ubna_data_01_mir/recover-20220818/UBNA_006/20220818_060000.WAV,Central Pond,recover-20220818,006,1795
990.7715,990.7818,40937.0,54203.0,Pipistrellus nathusii,0.45,0.542,-1,Echolocation,/mnt/ubna_data_01_mir/recover-20220818/UBNA_006/20220818_060000.WAV,Central Pond,recover-20220818,006,1795
990.8755,990.8839,40078.0,45707.0,Pipistrellus nathusii,0.258,0.276,-1,Echolocation,/mnt/ubna_data_01_mir/recover-20220818/UBNA_006/20220818_060000.WAV,Central Pond,recover-20220818,006,1795
990.9705,990.9799,40937.0,52575.0,Pipistrellus nathusii,0.484,0.521,-1,Echolocation,/mnt/ubna_data_01_mir/recover-20220818/UBNA_006/20220818_060000.WAV,Central Pond,recover-20220818,006,1795
991.0665,991.0757,40078.0,47480.0,Pipistrellus nathusii,0.367,0.397,-1,Echolocation,/mnt/ubna_data_01_mir/recover-20220818/UBNA_006/20220818_060000.WAV,Central Pond,recover-20220818,006,1795
991.1695,991.1795,39218.0,45418.0,Pipistrellus nathusii,0.376,0.392,-1,Echolocation,/mnt/ubna_data_01_mir/recover-20220818/UBNA_006/20220818_060000.WAV,Central Pond,recover-20220818,006,1795
991.2655,991.2742,40078.0,50407.0,Pipistrellus nathusii,0.534,0.579,-1,Echolocation,/mnt/ubna_data_01_mir/recover-20220818/UBNA_006/20220818_060000.WAV,Central Pond,recover-20220818,006,1795
991.2925,991.3088,25468.0,28657.0,Nyctalus leisleri,0.237,0.33,-1,Echolocation,/mnt/ubna_data_01_mir/recover-20220818/UBNA_006/20220818_060000.WAV,Central Pond,recover-20220818,006,1795
991.3665,991.3757,38359.0,44394.0,Pipistrellus nathusii,0.365,0.395,-1,Echolocation,/mnt/ubna_data_01_mir/recover-20220818/UBNA_006/20220818_060000.WAV,Central Pond,recover-20220818,006,1795
991.4695,991.4788,40078.0,47305.0,Pipistrellus nathusii,0.486,0.514,-1,Echolocation,/mnt/ubna_data_01_mir/recover-20220818/UBNA_006/20220818_060000.WAV,Central Pond,recover-20220818,006,1795
991.5725,991.5825,39218.0,45414.0,Pipistrellus nathusii,0.295,0.313,-1,Echolocation,/mnt/ubna_data_01_mir/recover-20220818/UBNA_006/20220818_060000.WAV,Central Pond,recover-20220818,006,1795
991.6645,991.6738,40937.0,51974.0,Pipistrellus nathusii,0.496,0.536,-1,Echolocation,/mnt/ubna_data_01_mir/recover-20220818/UBNA_006/20220818_060000.WAV,Central Pond,recover-20220818,006,1795
991.9585,991.9665,40078.0,49041.0,Pipistrellus nathusii,0.382,0.432,-1,Echolocation,/mnt/ubna_data_01_mir/recover-20220818/UBNA_006/20220818_060000.WAV,Central Pond,recover-20220818,006,1795
992.2445,992.2527,40937.0,48606.0,Pipistrellus nathusii,0.42,0.481,-1,Echolocation,/mnt/ubna_data_01_mir/recover-20220818/UBNA_006/20220818_060000.WAV,Central Pond,recover-20220818,006,1795
992.4485,992.4587,39218.0,47516.0,Pipistrellus nathusii,0.204,0.281,-1,Echolocation,/mnt/ubna_data_01_mir/recover-20220818/UBNA_006/20220818_060000.WAV,Central Pond,recover-20220818,006,1795
992.7355,992.7463,40078.0,50322.0,Pipistrellus nathusii,0.234,0.319,-1,Echolocation,/mnt/ubna_data_01_mir/recover-20220818/UBNA_006/20220818_060000.WAV,Central Pond,recover-20220818,006,1795
993.3205,993.3277,42656.0,47942.0,Pipistrellus nathusii,0.172,0.244,-1,Echolocation,/mnt/ubna_data_01_mir/recover-20220818/UBNA_006/20220818_060000.WAV,Central Pond,recover-20220818,006,1795
994.1975,994.2054,40078.0,46806.0,Pipistrellus nathusii,0.23,0.287,-1,Echolocation,/mnt/ubna_data_01_mir/recover-20220818/UBNA_006/20220818_060000.WAV,Central Pond,recover-20220818,006,1795
1031.6505,1031.6643,25468.0,29850.0,Nyctalus leisleri,0.137,0.27,-1,Echolocation,/mnt/ubna_data_01_mir/recover-20220818/UBNA_006/20220818_060000.WAV,Central Pond,recover-20220818,006,1795
1032.7835,1032.802,27187.0,33137.0,Eptesicus serotinus,0.124,0.254,-1,Echolocation,/mnt/ubna_data_01_mir/recover-20220818/UBNA_006/20220818_060000.WAV,Central Pond,recover-20220818,006,1795
1033.4365,1033.4541,25468.0,31687.0,Eptesicus serotinus,0.176,0.351,-1,Echolocation,/mnt/ubna_data_01_mir/recover-20220818/UBNA_006/20220818_060000.WAV,Central Pond,recover-20220818,006,1795
1034.1155,1034.1344,25468.0,30456.0,Nyctalus leisleri,0.158,0.273,-1,Echolocation,/mnt/ubna_data_01_mir/recover-20220818/UBNA_006/20220818_060000.WAV,Central Pond,recover-20220818,006,1795
1034.7865,1034.8033,25468.0,29479.0,Nyctalus leisleri,0.337,0.457,-1,Echolocation,/mnt/ubna_data_01_mir/recover-20220818/UBNA_006/20220818_060000.WAV,Central Pond,recover-20220818,006,1795
1035.0665,1035.0847,23750.0,27888.0,Nyctalus leisleri,0.189,0.296,-1,Echolocation,/mnt/ubna_data_01_mir/recover-20220818/UBNA_006/20220818_060000.WAV,Central Pond,recover-20220818,006,1795
1035.4725,1035.4905,25468.0,30049.0,Nyctalus leisleri,0.313,0.437,-1,Echolocation,/mnt/ubna_data_01_mir/recover-20220818/UBNA_006/20220818_060000.WAV,Central Pond,recover-20220818,006,1795
1036.8115,1036.8334,25468.0,30015.0,Nyctalus leisleri,0.18,0.295,-1,Echolocation,/mnt/ubna_data_01_mir/recover-20220818/UBNA_006/20220818_060000.WAV,Central Pond,recover-20220818,006,1795
1037.0735,1037.089,25468.0,31502.0,Nyctalus leisleri,0.234,0.432,-1,Echolocation,/mnt/ubna_data_01_mir/recover-20220818/UBNA_006/20220818_060000.WAV,Central Pond,recover-20220818,006,1795
1037.3465,1037.3679,25468.0,28804.0,Nyctalus leisleri,0.209,0.28,-1,Echolocation,/mnt/ubna_data_01_mir/recover-20220818/UBNA_006/20220818_060000.WAV,Central Pond,recover-20220818,006,1795
1037.7565,1037.7723,25468.0,31619.0,Nyctalus leisleri,0.208,0.452,-1,Echolocation,/mnt/ubna_data_01_mir/recover-20220818/UBNA_006/20220818_060000.WAV,Central Pond,recover-20220818,006,1795
1038.4085,1038.4221,25468.0,29384.0,Nyctalus leisleri,0.331,0.451,-1,Echolocation,/mnt/ubna_data_01_mir/recover-20220818/UBNA_006/20220818_060000.WAV,Central Pond,recover-20220818,006,1795
1038.8045,1038.826,25468.0,30780.0,Nyctalus leisleri,0.193,0.359,-1,Echolocation,/mnt/ubna_data_01_mir/recover-20220818/UBNA_006/20220818_060000.WAV,Central Pond,recover-20220818,006,1795
1039.4695,1039.4856,26328.0,31976.0,Nyctalus leisleri,0.209,0.415,-1,Echolocation,/mnt/ubna_data_01_mir/recover-20220818/UBNA_006/20220818_060000.WAV,Central Pond,recover-20220818,006,1795
1040.2445,1040.2585,26328.0,31371.0,Eptesicus serotinus,0.214,0.389,-1,Echolocation,/mnt/ubna_data_01_mir/recover-20220818/UBNA_006/20220818_060000.WAV,Central Pond,recover-20220818,006,1795
1040.8915,1040.9128,24609.0,29761.0,Eptesicus serotinus,0.121,0.305,-1,Echolocation,/mnt/ubna_data_01_mir/recover-20220818/UBNA_006/20220818_060000.WAV,Central Pond,recover-20220818,006,1795
1071.4715,1071.4937,25468.0,29964.0,Nyctalus leisleri,0.156,0.254,-1,Echolocation,/mnt/ubna_data_01_mir/recover-20220818/UBNA_006/20220818_060000.WAV,Central Pond,recover-20220818,006,1795
1076.0815,1076.101,22890.0,27168.0,Nyctalus leisleri,0.267,0.377,-1,Echolocation,/mnt/ubna_data_01_mir/recover-20220818/UBNA_006/20220818_060000.WAV,Central Pond,recover-20220818,006,1795
1146.8945,1146.9053,24609.0,30107.0,Eptesicus serotinus,0.121,0.249,-1,Echolocation,/mnt/ubna_data_01_mir/recover-20220818/UBNA_006/20220818_060000.WAV,Central Pond,recover-20220818,006,1795
1166.7045,1166.7095,16015.0,34563.0,Plecotus austriacus,0.121,0.224,-1,Echolocation,/mnt/ubna_data_01_mir/recover-20220818/UBNA_006/20220818_060000.WAV,Central Pond,recover-20220818,006,1795
1195.0615,1195.0754,25468.0,29538.0,Nyctalus leisleri,0.204,0.311,-1,Echolocation,/mnt/ubna_data_01_mir/recover-20220818/UBNA_006/20220818_060000.WAV,Central Pond,recover-20220818,006,1795
1195.3265,1195.3456,24609.0,28433.0,Nyctalus leisleri,0.208,0.303,-1,Echolocation,/mnt/ubna_data_01_mir/recover-20220818/UBNA_006/20220818_060000.WAV,Central Pond,recover-20220818,006,1795
1195.8645,1195.8811,25468.0,29123.0,Nyctalus leisleri,0.241,0.336,-1,Echolocation,/mnt/ubna_data_01_mir/recover-20220818/UBNA_006/20220818_060000.WAV,Central Pond,recover-20220818,006,1795
1196.5185,1196.5402,24609.0,28103.0,Nyctalus leisleri,0.136,0.206,-1,Echolocation,/mnt/ubna_data_01_mir/recover-20220818/UBNA_006/20220818_060000.WAV,Central Pond,recover-20220818,006,1795
1196.7905,1196.8094,24609.0,28494.0,Nyctalus leisleri,0.245,0.341,-1,Echolocation,/mnt/ubna_data_01_mir/recover-20220818/UBNA_006/20220818_060000.WAV,Central Pond,recover-20220818,006,1795
1197.0635,1197.0843,26328.0,30006.0,Nyctalus leisleri,0.188,0.279,-1,Echolocation,/mnt/ubna_data_01_mir/recover-20220818/UBNA_006/20220818_060000.WAV,Central Pond,recover-20220818,006,1795
1197.3315,1197.3524,25468.0,29365.0,Nyctalus leisleri,0.128,0.243,-1,Echolocation,/mnt/ubna_data_01_mir/recover-20220818/UBNA_006/20220818_060000.WAV,Central Pond,recover-20220818,006,1795
1197.6065,1197.624,25468.0,28838.0,Nyctalus leisleri,0.171,0.281,-1,Echolocation,/mnt/ubna_data_01_mir/recover-20220818/UBNA_006/20220818_060000.WAV,Central Pond,recover-20220818,006,1795
1197.9795,1197.9952,25468.0,31031.0,Nyctalus leisleri,0.191,0.441,-1,Echolocation,/mnt/ubna_data_01_mir/recover-20220818/UBNA_006/20220818_060000.WAV,Central Pond,recover-20220818,006,1795
1198.5195,1198.5415,24609.0,28153.0,Nyctalus leisleri,0.188,0.292,-1,Echolocation,/mnt/ubna_data_01_mir/recover-20220818/UBNA_006/20220818_060000.WAV,Central Pond,recover-20220818,006,1795
1198.6675,1198.6892,25468.0,29671.0,Nyctalus leisleri,0.202,0.316,-1,Echolocation,/mnt/ubna_data_01_mir/recover-20220818/UBNA_006/20220818_060000.WAV,Central Pond,recover-20220818,006,1795
1198.8335,1198.8503,25468.0,31917.0,Nyctalus leisleri,0.201,0.383,-1,Echolocation,/mnt/ubna_data_01_mir/recover-20220818/UBNA_006/20220818_060000.WAV,Central Pond,recover-20220818,006,1795
1198.9595,1198.9776,26328.0,28900.0,Nyctalus leisleri,0.199,0.272,-1,Echolocation,/mnt/ubna_data_01_mir/recover-20220818/UBNA_006/20220818_060000.WAV,Central Pond,recover-20220818,006,1795
1199.4805,1199.5018,24609.0,28550.0,Nyctalus leisleri,0.337,0.402,-1,Echolocation,/mnt/ubna_data_01_mir/recover-20220818/UBNA_006/20220818_060000.WAV,Central Pond,recover-20220818,006,1795
1199.6315,1199.651,26328.0,31461.0,Nyctalus leisleri,0.098,0.229,-1,Echolocation,/mnt/ubna_data_01_mir/recover-20220818/UBNA_006/20220818_060000.WAV,Central Pond,recover-20220818,006,1795
1200.1605,1200.1743,27187.0,31268.0,Nyctalus leisleri,0.106,0.212,-1,Echolocation,/mnt/ubna_data_01_mir/recover-20220818/UBNA_006/20220818_060000.WAV,Central Pond,recover-20220818,006,1795
1201.9255,1201.9437,25468.0,29908.0,Nyctalus leisleri,0.217,0.31,-1,Echolocation,/mnt/ubna_data_01_mir/recover-20220818/UBNA_006/20220818_060000.WAV,Central Pond,recover-20220818,006,1795
1202.6055,1202.6288,24609.0,29031.0,Nyctalus leisleri,0.158,0.288,-1,Echolocation,/mnt/ubna_data_01_mir/recover-20220818/UBNA_006/20220818_060000.WAV,Central Pond,recover-20220818,006,1795
1203.7405,1203.7627,24609.0,29136.0,Nyctalus leisleri,0.185,0.319,-1,Echolocation,/mnt/ubna_data_01_mir/recover-20220818/UBNA_006/20220818_060000.WAV,Central Pond,recover-20220818,006,1795
1204.4305,1204.4489,24609.0,28488.0,Nyctalus leisleri,0.343,0.444,-1,Echolocation,/mnt/ubna_data_01_mir/recover-20220818/UBNA_006/20220818_060000.WAV,Central Pond,recover-20220818,006,1795
1204.9815,1204.9972,24609.0,29085.0,Nyctalus leisleri,0.202,0.358,-1,Echolocation,/mnt/ubna_data_01_mir/recover-20220818/UBNA_006/20220818_060000.WAV,Central Pond,recover-20220818,006,1795
1205.5415,1205.5589,24609.0,28985.0,Nyctalus leisleri,0.207,0.341,-1,Echolocation,/mnt/ubna_data_01_mir/recover-20220818/UBNA_006/20220818_060000.WAV,Central Pond,recover-20220818,006,1795
1205.6875,1205.7103,24609.0,29157.0,Nyctalus leisleri,0.199,0.34,-1,Echolocation,/mnt/ubna_data_01_mir/recover-20220818/UBNA_006/20220818_060000.WAV,Central Pond,recover-20220818,006,1795
1206.4005,1206.4212,25468.0,28665.0,Nyctalus leisleri,0.17,0.243,-1,Echolocation,/mnt/ubna_data_01_mir/recover-20220818/UBNA_006/20220818_060000.WAV,Central Pond,recover-20220818,006,1795
1209.3165,1209.3379,25468.0,28670.0,Nyctalus leisleri,0.234,0.316,-1,Echolocation,/mnt/ubna_data_01_mir/recover-20220818/UBNA_006/20220818_060000.WAV,Central Pond,recover-20220818,006,1795
1269.2745,1269.2926,22890.0,27355.0,Nyctalus noctula,0.117,0.22,-1,Echolocation,/mnt/ubna_data_01_mir/recover-20220818/UBNA_006/20220818_060000.WAV,Central Pond,recover-20220818,006,1795
1321.3565,1321.3752,26328.0,30480.0,Nyctalus leisleri,0.222,0.342,-1,Echolocation,/mnt/ubna_data_01_mir/recover-20220818/UBNA_006/20220818_060000.WAV,Central Pond,recover-20220818,006,1795
1322.7785,1322.8017,24609.0,28497.0,Nyctalus leisleri,0.255,0.384,-1,Echolocation,/mnt/ubna_data_01_mir/recover-20220818/UBNA_006/20220818_060000.WAV,Central Pond,recover-20220818,006,1795
1323.0415,1323.0628,24609.0,28382.0,Nyctalus leisleri,0.3,0.422,-1,Echolocation,/mnt/ubna_data_01_mir/recover-20220818/UBNA_006/20220818_060000.WAV,Central Pond,recover-20220818,006,1795
1434.1925,1434.2008,54687.0,59072.0,Pipistrellus pipistrellus,0.121,0.22,-1,Echolocation,/mnt/ubna_data_01_mir/recover-20220818/UBNA_006/20220818_060000.WAV,Central Pond,recover-20220818,006,1795
1446.8735,1446.881,39218.0,49385.0,Pipistrellus nathusii,0.122,0.273,-1,Echolocation,/mnt/ubna_data_01_mir/recover-20220818/UBNA_006/20220818_060000.WAV,Central Pond,recover-20220818,006,1795
1448.7655,1448.7748,41796.0,46386.0,Pipistrellus nathusii,0.273,0.316,-1,Echolocation,/mnt/ubna_data_01_mir/recover-20220818/UBNA_006/20220818_060000.WAV,Central Pond,recover-20220818,006,1795
