start_time,end_time,low_freq,high_freq,event,class,class_prob,det_prob,individual,input_file,Site name,Recover Folder,SD Card,File Duration
108.1995,108.22970000000001,19453.0,21888.0,Echolocation,Nyctalus noctula,0.252,0.39,-1,/mnt/ubna_data_01_mir/recover-20220815/UBNA_008/20220812_083000.WAV,Central Pond,recover-20220815,008,1795
108.5555,108.5819,20312.0,23732.0,Echolocation,Nyctalus noctula,0.217,0.364,-1,/mnt/ubna_data_01_mir/recover-20220815/UBNA_008/20220812_083000.WAV,Central Pond,recover-20220815,008,1795
109.1125,109.12780000000001,20312.0,22217.0,Echolocation,Nyctalus leisleri,0.319,0.529,-1,/mnt/ubna_data_01_mir/recover-20220815/UBNA_008/20220812_083000.WAV,Central Pond,recover-20220815,008,1795
109.6275,109.6474,20312.0,24352.0,Echolocation,Nyctalus leisleri,0.224,0.453,-1,/mnt/ubna_data_01_mir/recover-20220815/UBNA_008/20220812_083000.WAV,Central Pond,recover-20220815,008,1795
110.0525,110.06960000000001,20312.0,23264.0,Echolocation,Nyctalus leisleri,0.647,0.678,-1,/mnt/ubna_data_01_mir/recover-20220815/UBNA_008/20220812_083000.WAV,Central Pond,recover-20220815,008,1795
111.4195,111.43430000000001,20312.0,23694.0,Echolocation,Nyctalus leisleri,0.584,0.654,-1,/mnt/ubna_data_01_mir/recover-20220815/UBNA_008/20220812_083000.WAV,Central Pond,recover-20220815,008,1795
111.9615,111.975,22031.0,25597.0,Echolocation,Nyctalus leisleri,0.373,0.42,-1,/mnt/ubna_data_01_mir/recover-20220815/UBNA_008/20220812_083000.WAV,Central Pond,recover-20220815,008,1795
114.33449999999999,114.3578,18593.0,21324.0,Echolocation,Nyctalus noctula,0.456,0.601,-1,/mnt/ubna_data_01_mir/recover-20220815/UBNA_008/20220812_083000.WAV,Central Pond,recover-20220815,008,1795
114.5805,114.6,19453.0,23125.0,Echolocation,Nyctalus noctula,0.256,0.495,-1,/mnt/ubna_data_01_mir/recover-20220815/UBNA_008/20220812_083000.WAV,Central Pond,recover-20220815,008,1795
115.3995,115.4228,19453.0,22755.0,Echolocation,Nyctalus noctula,0.182,0.369,-1,/mnt/ubna_data_01_mir/recover-20220815/UBNA_008/20220812_083000.WAV,Central Pond,recover-20220815,008,1795
198.5125,198.5278,23750.0,27678.0,Echolocation,Nyctalus leisleri,0.127,0.229,-1,/mnt/ubna_data_01_mir/recover-20220815/UBNA_008/20220812_083000.WAV,Central Pond,recover-20220815,008,1795
202.7525,202.7803,17734.0,20198.0,Echolocation,Nyctalus noctula,0.281,0.362,-1,/mnt/ubna_data_01_mir/recover-20220815/UBNA_008/20220812_083000.WAV,Central Pond,recover-20220815,008,1795
205.2105,205.2376,18593.0,21236.0,Echolocation,Nyctalus noctula,0.221,0.289,-1,/mnt/ubna_data_01_mir/recover-20220815/UBNA_008/20220812_083000.WAV,Central Pond,recover-20220815,008,1795
206.4195,206.4423,19453.0,22027.0,Echolocation,Nyctalus noctula,0.217,0.304,-1,/mnt/ubna_data_01_mir/recover-20220815/UBNA_008/20220812_083000.WAV,Central Pond,recover-20220815,008,1795
209.9655,209.9907,16875.0,19926.0,Echolocation,Nyctalus noctula,0.33,0.411,-1,/mnt/ubna_data_01_mir/recover-20220815/UBNA_008/20220812_083000.WAV,Central Pond,recover-20220815,008,1795
305.8845,305.893,28906.0,36834.0,Echolocation,Eptesicus serotinus,0.17,0.234,-1,/mnt/ubna_data_01_mir/recover-20220815/UBNA_008/20220812_083000.WAV,Central Pond,recover-20220815,008,1795
315.6565,315.6648,37500.0,43937.0,Echolocation,Pipistrellus nathusii,0.383,0.439,-1,/mnt/ubna_data_01_mir/recover-20220815/UBNA_008/20220812_083000.WAV,Central Pond,recover-20220815,008,1795
315.7645,315.7733,37500.0,43208.0,Echolocation,Pipistrellus nathusii,0.292,0.373,-1,/mnt/ubna_data_01_mir/recover-20220815/UBNA_008/20220812_083000.WAV,Central Pond,recover-20220815,008,1795
316.5395,316.5446,13437.0,34692.0,Echolocation,Plecotus auritus,0.264,0.332,-1,/mnt/ubna_data_01_mir/recover-20220815/UBNA_008/20220812_083000.WAV,Central Pond,recover-20220815,008,1795
316.6145,316.6241,37500.0,42275.0,Echolocation,Pipistrellus nathusii,0.161,0.237,-1,/mnt/ubna_data_01_mir/recover-20220815/UBNA_008/20220812_083000.WAV,Central Pond,recover-20220815,008,1795
316.8265,316.8353,38359.0,43904.0,Echolocation,Pipistrellus nathusii,0.399,0.571,-1,/mnt/ubna_data_01_mir/recover-20220815/UBNA_008/20220812_083000.WAV,Central Pond,recover-20220815,008,1795
379.9035,379.9131,41796.0,48282.0,Echolocation,Pipistrellus nathusii,0.435,0.526,-1,/mnt/ubna_data_01_mir/recover-20220815/UBNA_008/20220812_083000.WAV,Central Pond,recover-20220815,008,1795
380.0985,380.1065,39218.0,48543.0,Echolocation,Pipistrellus nathusii,0.552,0.605,-1,/mnt/ubna_data_01_mir/recover-20220815/UBNA_008/20220812_083000.WAV,Central Pond,recover-20220815,008,1795
380.2015,380.2115,39218.0,47090.0,Echolocation,Pipistrellus nathusii,0.586,0.62,-1,/mnt/ubna_data_01_mir/recover-20220815/UBNA_008/20220812_083000.WAV,Central Pond,recover-20220815,008,1795
380.3995,380.4091,40078.0,48163.0,Echolocation,Pipistrellus nathusii,0.525,0.553,-1,/mnt/ubna_data_01_mir/recover-20220815/UBNA_008/20220812_083000.WAV,Central Pond,recover-20220815,008,1795
380.5075,380.5158,40078.0,51212.0,Echolocation,Pipistrellus nathusii,0.586,0.635,-1,/mnt/ubna_data_01_mir/recover-20220815/UBNA_008/20220812_083000.WAV,Central Pond,recover-20220815,008,1795
380.70550000000003,380.7173,40937.0,50544.0,Echolocation,Pipistrellus nathusii,0.466,0.489,-1,/mnt/ubna_data_01_mir/recover-20220815/UBNA_008/20220812_083000.WAV,Central Pond,recover-20220815,008,1795
380.8125,380.8238,40937.0,50929.0,Echolocation,Pipistrellus nathusii,0.497,0.571,-1,/mnt/ubna_data_01_mir/recover-20220815/UBNA_008/20220812_083000.WAV,Central Pond,recover-20220815,008,1795
380.9105,380.9251,40937.0,46467.0,Echolocation,Pipistrellus nathusii,0.204,0.218,-1,/mnt/ubna_data_01_mir/recover-20220815/UBNA_008/20220812_083000.WAV,Central Pond,recover-20220815,008,1795
381.1025,381.1151,40937.0,51471.0,Echolocation,Pipistrellus nathusii,0.445,0.487,-1,/mnt/ubna_data_01_mir/recover-20220815/UBNA_008/20220812_083000.WAV,Central Pond,recover-20220815,008,1795
381.2075,381.2187,40078.0,53732.0,Echolocation,Pipistrellus nathusii,0.468,0.508,-1,/mnt/ubna_data_01_mir/recover-20220815/UBNA_008/20220812_083000.WAV,Central Pond,recover-20220815,008,1795
381.4085,381.4188,40078.0,55104.0,Echolocation,Pipistrellus nathusii,0.515,0.614,-1,/mnt/ubna_data_01_mir/recover-20220815/UBNA_008/20220812_083000.WAV,Central Pond,recover-20220815,008,1795
381.5115,381.5217,40078.0,53905.0,Echolocation,Pipistrellus nathusii,0.43,0.481,-1,/mnt/ubna_data_01_mir/recover-20220815/UBNA_008/20220812_083000.WAV,Central Pond,recover-20220815,008,1795
381.6125,381.6213,40937.0,50027.0,Echolocation,Pipistrellus nathusii,0.589,0.608,-1,/mnt/ubna_data_01_mir/recover-20220815/UBNA_008/20220812_083000.WAV,Central Pond,recover-20220815,008,1795
381.7005,381.71,40937.0,57906.0,Echolocation,Pipistrellus nathusii,0.409,0.529,-1,/mnt/ubna_data_01_mir/recover-20220815/UBNA_008/20220812_083000.WAV,Central Pond,recover-20220815,008,1795
381.8015,381.8149,40078.0,46642.0,Echolocation,Pipistrellus nathusii,0.488,0.521,-1,/mnt/ubna_data_01_mir/recover-20220815/UBNA_008/20220812_083000.WAV,Central Pond,recover-20220815,008,1795
382.0015,382.0104,39218.0,43974.0,Echolocation,Pipistrellus nathusii,0.271,0.283,-1,/mnt/ubna_data_01_mir/recover-20220815/UBNA_008/20220812_083000.WAV,Central Pond,recover-20220815,008,1795
382.10450000000003,382.114,39218.0,51207.0,Echolocation,Pipistrellus nathusii,0.57,0.659,-1,/mnt/ubna_data_01_mir/recover-20220815/UBNA_008/20220812_083000.WAV,Central Pond,recover-20220815,008,1795
382.2035,382.2147,38359.0,55841.0,Echolocation,Pipistrellus nathusii,0.522,0.579,-1,/mnt/ubna_data_01_mir/recover-20220815/UBNA_008/20220812_083000.WAV,Central Pond,recover-20220815,008,1795
382.3015,382.3111,39218.0,57047.0,Echolocation,Pipistrellus nathusii,0.627,0.667,-1,/mnt/ubna_data_01_mir/recover-20220815/UBNA_008/20220812_083000.WAV,Central Pond,recover-20220815,008,1795
382.4085,382.4177,39218.0,51838.0,Echolocation,Pipistrellus nathusii,0.592,0.647,-1,/mnt/ubna_data_01_mir/recover-20220815/UBNA_008/20220812_083000.WAV,Central Pond,recover-20220815,008,1795
382.60450000000003,382.6153,39218.0,58845.0,Echolocation,Pipistrellus nathusii,0.568,0.655,-1,/mnt/ubna_data_01_mir/recover-20220815/UBNA_008/20220812_083000.WAV,Central Pond,recover-20220815,008,1795
382.7145,382.725,39218.0,54670.0,Echolocation,Pipistrellus nathusii,0.599,0.639,-1,/mnt/ubna_data_01_mir/recover-20220815/UBNA_008/20220812_083000.WAV,Central Pond,recover-20220815,008,1795
382.9155,382.9265,38359.0,59275.0,Echolocation,Pipistrellus nathusii,0.593,0.654,-1,/mnt/ubna_data_01_mir/recover-20220815/UBNA_008/20220812_083000.WAV,Central Pond,recover-20220815,008,1795
383.0285,383.0393,39218.0,52503.0,Echolocation,Pipistrellus nathusii,0.616,0.653,-1,/mnt/ubna_data_01_mir/recover-20220815/UBNA_008/20220812_083000.WAV,Central Pond,recover-20220815,008,1795
383.2395,383.2502,39218.0,61068.0,Echolocation,Pipistrellus nathusii,0.647,0.729,-1,/mnt/ubna_data_01_mir/recover-20220815/UBNA_008/20220812_083000.WAV,Central Pond,recover-20220815,008,1795
383.3435,383.3541,37500.0,56268.0,Echolocation,Pipistrellus nathusii,0.489,0.556,-1,/mnt/ubna_data_01_mir/recover-20220815/UBNA_008/20220812_083000.WAV,Central Pond,recover-20220815,008,1795
383.4475,383.4575,37500.0,57118.0,Echolocation,Pipistrellus nathusii,0.522,0.583,-1,/mnt/ubna_data_01_mir/recover-20220815/UBNA_008/20220812_083000.WAV,Central Pond,recover-20220815,008,1795
383.5625,383.5733,38359.0,63259.0,Echolocation,Pipistrellus nathusii,0.546,0.634,-1,/mnt/ubna_data_01_mir/recover-20220815/UBNA_008/20220812_083000.WAV,Central Pond,recover-20220815,008,1795
383.6805,383.6914,38359.0,57155.0,Echolocation,Pipistrellus nathusii,0.47,0.549,-1,/mnt/ubna_data_01_mir/recover-20220815/UBNA_008/20220812_083000.WAV,Central Pond,recover-20220815,008,1795
383.8615,383.872,38359.0,64418.0,Echolocation,Pipistrellus nathusii,0.559,0.654,-1,/mnt/ubna_data_01_mir/recover-20220815/UBNA_008/20220812_083000.WAV,Central Pond,recover-20220815,008,1795
383.9655,383.9757,38359.0,54947.0,Echolocation,Pipistrellus nathusii,0.58,0.646,-1,/mnt/ubna_data_01_mir/recover-20220815/UBNA_008/20220812_083000.WAV,Central Pond,recover-20220815,008,1795
384.1625,384.1742,38359.0,59396.0,Echolocation,Pipistrellus nathusii,0.474,0.567,-1,/mnt/ubna_data_01_mir/recover-20220815/UBNA_008/20220812_083000.WAV,Central Pond,recover-20220815,008,1795
384.2995,384.3103,40078.0,52998.0,Echolocation,Pipistrellus nathusii,0.484,0.538,-1,/mnt/ubna_data_01_mir/recover-20220815/UBNA_008/20220812_083000.WAV,Central Pond,recover-20220815,008,1795
384.4425,384.4533,39218.0,58961.0,Echolocation,Pipistrellus nathusii,0.538,0.638,-1,/mnt/ubna_data_01_mir/recover-20220815/UBNA_008/20220812_083000.WAV,Central Pond,recover-20220815,008,1795
384.5615,384.5718,39218.0,53330.0,Echolocation,Pipistrellus nathusii,0.609,0.662,-1,/mnt/ubna_data_01_mir/recover-20220815/UBNA_008/20220812_083000.WAV,Central Pond,recover-20220815,008,1795
384.7355,384.7448,39218.0,55030.0,Echolocation,Pipistrellus nathusii,0.661,0.672,-1,/mnt/ubna_data_01_mir/recover-20220815/UBNA_008/20220812_083000.WAV,Central Pond,recover-20220815,008,1795
384.8335,384.8417,40078.0,49112.0,Echolocation,Pipistrellus nathusii,0.508,0.531,-1,/mnt/ubna_data_01_mir/recover-20220815/UBNA_008/20220812_083000.WAV,Central Pond,recover-20220815,008,1795
384.9565,384.9658,38359.0,53442.0,Echolocation,Pipistrellus nathusii,0.668,0.706,-1,/mnt/ubna_data_01_mir/recover-20220815/UBNA_008/20220812_083000.WAV,Central Pond,recover-20220815,008,1795
385.1025,385.1117,40078.0,52627.0,Echolocation,Pipistrellus nathusii,0.532,0.554,-1,/mnt/ubna_data_01_mir/recover-20220815/UBNA_008/20220812_083000.WAV,Central Pond,recover-20220815,008,1795
385.2165,385.2258,39218.0,52526.0,Echolocation,Pipistrellus nathusii,0.585,0.607,-1,/mnt/ubna_data_01_mir/recover-20220815/UBNA_008/20220812_083000.WAV,Central Pond,recover-20220815,008,1795
385.3165,385.3258,40078.0,49041.0,Echolocation,Pipistrellus nathusii,0.539,0.565,-1,/mnt/ubna_data_01_mir/recover-20220815/UBNA_008/20220812_083000.WAV,Central Pond,recover-20220815,008,1795
385.4365,385.4476,39218.0,56237.0,Echolocation,Pipistrellus nathusii,0.514,0.587,-1,/mnt/ubna_data_01_mir/recover-20220815/UBNA_008/20220812_083000.WAV,Central Pond,recover-20220815,008,1795
385.5315,385.5394,40078.0,48664.0,Echolocation,Pipistrellus nathusii,0.636,0.673,-1,/mnt/ubna_data_01_mir/recover-20220815/UBNA_008/20220812_083000.WAV,Central Pond,recover-20220815,008,1795
385.7045,385.7139,39218.0,52801.0,Echolocation,Pipistrellus nathusii,0.643,0.69,-1,/mnt/ubna_data_01_mir/recover-20220815/UBNA_008/20220812_083000.WAV,Central Pond,recover-20220815,008,1795
385.8145,385.8213,40078.0,46529.0,Echolocation,Pipistrellus nathusii,0.521,0.543,-1,/mnt/ubna_data_01_mir/recover-20220815/UBNA_008/20220812_083000.WAV,Central Pond,recover-20220815,008,1795
386.0735,386.0813,40078.0,48796.0,Echolocation,Pipistrellus nathusii,0.461,0.561,-1,/mnt/ubna_data_01_mir/recover-20220815/UBNA_008/20220812_083000.WAV,Central Pond,recover-20220815,008,1795
386.1705,386.1797,39218.0,45219.0,Echolocation,Pipistrellus nathusii,0.363,0.398,-1,/mnt/ubna_data_01_mir/recover-20220815/UBNA_008/20220812_083000.WAV,Central Pond,recover-20220815,008,1795
386.2775,386.2855,40078.0,54275.0,Echolocation,Pipistrellus nathusii,0.545,0.632,-1,/mnt/ubna_data_01_mir/recover-20220815/UBNA_008/20220812_083000.WAV,Central Pond,recover-20220815,008,1795
386.4605,386.4691,39218.0,44909.0,Echolocation,Pipistrellus nathusii,0.333,0.38,-1,/mnt/ubna_data_01_mir/recover-20220815/UBNA_008/20220812_083000.WAV,Central Pond,recover-20220815,008,1795
386.5555,386.5642,39218.0,47510.0,Echolocation,Pipistrellus nathusii,0.539,0.603,-1,/mnt/ubna_data_01_mir/recover-20220815/UBNA_008/20220812_083000.WAV,Central Pond,recover-20220815,008,1795
386.66949999999997,386.6787,40078.0,49730.0,Echolocation,Pipistrellus nathusii,0.471,0.591,-1,/mnt/ubna_data_01_mir/recover-20220815/UBNA_008/20220812_083000.WAV,Central Pond,recover-20220815,008,1795
386.8905,386.8986,40078.0,50116.0,Echolocation,Pipistrellus nathusii,0.538,0.572,-1,/mnt/ubna_data_01_mir/recover-20220815/UBNA_008/20220812_083000.WAV,Central Pond,recover-20220815,008,1795
386.9885,386.9997,40078.0,44611.0,Echolocation,Pipistrellus nathusii,0.232,0.247,-1,/mnt/ubna_data_01_mir/recover-20220815/UBNA_008/20220812_083000.WAV,Central Pond,recover-20220815,008,1795
387.1025,387.1117,38359.0,44488.0,Echolocation,Pipistrellus nathusii,0.344,0.392,-1,/mnt/ubna_data_01_mir/recover-20220815/UBNA_008/20220812_083000.WAV,Central Pond,recover-20220815,008,1795
387.1865,387.1944,40937.0,53821.0,Echolocation,Pipistrellus nathusii,0.519,0.578,-1,/mnt/ubna_data_01_mir/recover-20220815/UBNA_008/20220812_083000.WAV,Central Pond,recover-20220815,008,1795
387.27049999999997,387.2789,38359.0,44759.0,Echolocation,Pipistrellus nathusii,0.342,0.393,-1,/mnt/ubna_data_01_mir/recover-20220815/UBNA_008/20220812_083000.WAV,Central Pond,recover-20220815,008,1795
387.3715,387.3797,40078.0,47136.0,Echolocation,Pipistrellus nathusii,0.341,0.447,-1,/mnt/ubna_data_01_mir/recover-20220815/UBNA_008/20220812_083000.WAV,Central Pond,recover-20220815,008,1795
387.4715,387.4802,37500.0,46709.0,Echolocation,Pipistrellus nathusii,0.419,0.49,-1,/mnt/ubna_data_01_mir/recover-20220815/UBNA_008/20220812_083000.WAV,Central Pond,recover-20220815,008,1795
387.5565,387.565,39218.0,44941.0,Echolocation,Pipistrellus nathusii,0.252,0.34,-1,/mnt/ubna_data_01_mir/recover-20220815/UBNA_008/20220812_083000.WAV,Central Pond,recover-20220815,008,1795
387.6795,387.6887,40078.0,45650.0,Echolocation,Pipistrellus nathusii,0.346,0.36,-1,/mnt/ubna_data_01_mir/recover-20220815/UBNA_008/20220812_083000.WAV,Central Pond,recover-20220815,008,1795
387.7895,387.798,38359.0,44406.0,Echolocation,Pipistrellus nathusii,0.261,0.337,-1,/mnt/ubna_data_01_mir/recover-20220815/UBNA_008/20220812_083000.WAV,Central Pond,recover-20220815,008,1795
427.8885,427.9069,23750.0,26974.0,Echolocation,Nyctalus leisleri,0.157,0.233,-1,/mnt/ubna_data_01_mir/recover-20220815/UBNA_008/20220812_083000.WAV,Central Pond,recover-20220815,008,1795
456.7395,456.7609,16015.0,20077.0,Echolocation,Nyctalus noctula,0.198,0.23,-1,/mnt/ubna_data_01_mir/recover-20220815/UBNA_008/20220812_083000.WAV,Central Pond,recover-20220815,008,1795
472.4415,472.4489,40937.0,47145.0,Echolocation,Pipistrellus nathusii,0.384,0.421,-1,/mnt/ubna_data_01_mir/recover-20220815/UBNA_008/20220812_083000.WAV,Central Pond,recover-20220815,008,1795
473.3685,473.377,39218.0,46125.0,Echolocation,Pipistrellus nathusii,0.22,0.275,-1,/mnt/ubna_data_01_mir/recover-20220815/UBNA_008/20220812_083000.WAV,Central Pond,recover-20220815,008,1795
473.5405,473.5492,39218.0,45744.0,Echolocation,Pipistrellus nathusii,0.276,0.412,-1,/mnt/ubna_data_01_mir/recover-20220815/UBNA_008/20220812_083000.WAV,Central Pond,recover-20220815,008,1795
484.3615,484.3711,38359.0,42989.0,Echolocation,Pipistrellus nathusii,0.19,0.239,-1,/mnt/ubna_data_01_mir/recover-20220815/UBNA_008/20220812_083000.WAV,Central Pond,recover-20220815,008,1795
484.6045,484.6121,39218.0,45376.0,Echolocation,Pipistrellus nathusii,0.237,0.283,-1,/mnt/ubna_data_01_mir/recover-20220815/UBNA_008/20220812_083000.WAV,Central Pond,recover-20220815,008,1795
484.8835,484.8912,39218.0,45847.0,Echolocation,Pipistrellus nathusii,0.403,0.472,-1,/mnt/ubna_data_01_mir/recover-20220815/UBNA_008/20220812_083000.WAV,Central Pond,recover-20220815,008,1795
485.1175,485.1252,38359.0,44579.0,Echolocation,Pipistrellus nathusii,0.112,0.262,-1,/mnt/ubna_data_01_mir/recover-20220815/UBNA_008/20220812_083000.WAV,Central Pond,recover-20220815,008,1795
485.2805,485.2887,40078.0,45870.0,Echolocation,Pipistrellus nathusii,0.397,0.443,-1,/mnt/ubna_data_01_mir/recover-20220815/UBNA_008/20220812_083000.WAV,Central Pond,recover-20220815,008,1795
485.4025,485.4105,38359.0,48415.0,Echolocation,Pipistrellus nathusii,0.266,0.386,-1,/mnt/ubna_data_01_mir/recover-20220815/UBNA_008/20220812_083000.WAV,Central Pond,recover-20220815,008,1795
485.5015,485.5116,38359.0,44010.0,Echolocation,Pipistrellus nathusii,0.238,0.282,-1,/mnt/ubna_data_01_mir/recover-20220815/UBNA_008/20220812_083000.WAV,Central Pond,recover-20220815,008,1795
485.6175,485.6256,39218.0,45408.0,Echolocation,Pipistrellus nathusii,0.339,0.437,-1,/mnt/ubna_data_01_mir/recover-20220815/UBNA_008/20220812_083000.WAV,Central Pond,recover-20220815,008,1795
485.7545,485.7625,39218.0,45790.0,Echolocation,Pipistrellus nathusii,0.457,0.505,-1,/mnt/ubna_data_01_mir/recover-20220815/UBNA_008/20220812_083000.WAV,Central Pond,recover-20220815,008,1795
485.9045,485.9126,39218.0,48613.0,Echolocation,Pipistrellus nathusii,0.416,0.483,-1,/mnt/ubna_data_01_mir/recover-20220815/UBNA_008/20220812_083000.WAV,Central Pond,recover-20220815,008,1795
486.0085,486.0156,38359.0,46695.0,Echolocation,Pipistrellus nathusii,0.375,0.523,-1,/mnt/ubna_data_01_mir/recover-20220815/UBNA_008/20220812_083000.WAV,Central Pond,recover-20220815,008,1795
486.1595,486.1683,40078.0,47399.0,Echolocation,Pipistrellus nathusii,0.332,0.421,-1,/mnt/ubna_data_01_mir/recover-20220815/UBNA_008/20220812_083000.WAV,Central Pond,recover-20220815,008,1795
486.2835,486.2928,40937.0,54622.0,Echolocation,Pipistrellus nathusii,0.453,0.531,-1,/mnt/ubna_data_01_mir/recover-20220815/UBNA_008/20220812_083000.WAV,Central Pond,recover-20220815,008,1795
486.3965,486.4047,40937.0,53270.0,Echolocation,Pipistrellus nathusii,0.351,0.405,-1,/mnt/ubna_data_01_mir/recover-20220815/UBNA_008/20220812_083000.WAV,Central Pond,recover-20220815,008,1795
486.5195,486.5277,40078.0,51511.0,Echolocation,Pipistrellus nathusii,0.48,0.56,-1,/mnt/ubna_data_01_mir/recover-20220815/UBNA_008/20220812_083000.WAV,Central Pond,recover-20220815,008,1795
486.6785,486.6872,40937.0,48326.0,Echolocation,Pipistrellus nathusii,0.433,0.483,-1,/mnt/ubna_data_01_mir/recover-20220815/UBNA_008/20220812_083000.WAV,Central Pond,recover-20220815,008,1795
486.7985,486.806,38359.0,48057.0,Echolocation,Pipistrellus nathusii,0.326,0.428,-1,/mnt/ubna_data_01_mir/recover-20220815/UBNA_008/20220812_083000.WAV,Central Pond,recover-20220815,008,1795
486.9115,486.9205,39218.0,48843.0,Echolocation,Pipistrellus nathusii,0.354,0.502,-1,/mnt/ubna_data_01_mir/recover-20220815/UBNA_008/20220812_083000.WAV,Central Pond,recover-20220815,008,1795
487.0415,487.0506,40078.0,46730.0,Echolocation,Pipistrellus nathusii,0.445,0.496,-1,/mnt/ubna_data_01_mir/recover-20220815/UBNA_008/20220812_083000.WAV,Central Pond,recover-20220815,008,1795
487.1815,487.1888,39218.0,46757.0,Echolocation,Pipistrellus nathusii,0.423,0.462,-1,/mnt/ubna_data_01_mir/recover-20220815/UBNA_008/20220812_083000.WAV,Central Pond,recover-20220815,008,1795
487.3175,487.3253,38359.0,45597.0,Echolocation,Pipistrellus nathusii,0.459,0.517,-1,/mnt/ubna_data_01_mir/recover-20220815/UBNA_008/20220812_083000.WAV,Central Pond,recover-20220815,008,1795
487.4325,487.4409,39218.0,45923.0,Echolocation,Pipistrellus nathusii,0.428,0.457,-1,/mnt/ubna_data_01_mir/recover-20220815/UBNA_008/20220812_083000.WAV,Central Pond,recover-20220815,008,1795
487.5875,487.5973,40078.0,48462.0,Echolocation,Pipistrellus nathusii,0.393,0.418,-1,/mnt/ubna_data_01_mir/recover-20220815/UBNA_008/20220812_083000.WAV,Central Pond,recover-20220815,008,1795
487.8315,487.8417,40078.0,47559.0,Echolocation,Pipistrellus nathusii,0.36,0.384,-1,/mnt/ubna_data_01_mir/recover-20220815/UBNA_008/20220812_083000.WAV,Central Pond,recover-20220815,008,1795
494.3715,494.3812,38359.0,44100.0,Echolocation,Pipistrellus nathusii,0.179,0.225,-1,/mnt/ubna_data_01_mir/recover-20220815/UBNA_008/20220812_083000.WAV,Central Pond,recover-20220815,008,1795
494.9365,494.9446,39218.0,44841.0,Echolocation,Pipistrellus nathusii,0.304,0.343,-1,/mnt/ubna_data_01_mir/recover-20220815/UBNA_008/20220812_083000.WAV,Central Pond,recover-20220815,008,1795
495.0365,495.0458,40078.0,44955.0,Echolocation,Pipistrellus nathusii,0.229,0.257,-1,/mnt/ubna_data_01_mir/recover-20220815/UBNA_008/20220812_083000.WAV,Central Pond,recover-20220815,008,1795
495.1335,495.1436,40078.0,47874.0,Echolocation,Pipistrellus nathusii,0.354,0.438,-1,/mnt/ubna_data_01_mir/recover-20220815/UBNA_008/20220812_083000.WAV,Central Pond,recover-20220815,008,1795
495.2325,495.2417,40937.0,47603.0,Echolocation,Pipistrellus nathusii,0.426,0.477,-1,/mnt/ubna_data_01_mir/recover-20220815/UBNA_008/20220812_083000.WAV,Central Pond,recover-20220815,008,1795
495.3395,495.3484,39218.0,47226.0,Echolocation,Pipistrellus nathusii,0.401,0.537,-1,/mnt/ubna_data_01_mir/recover-20220815/UBNA_008/20220812_083000.WAV,Central Pond,recover-20220815,008,1795
495.4365,495.4458,40078.0,47967.0,Echolocation,Pipistrellus nathusii,0.395,0.433,-1,/mnt/ubna_data_01_mir/recover-20220815/UBNA_008/20220812_083000.WAV,Central Pond,recover-20220815,008,1795
495.7075,495.716,40937.0,49792.0,Echolocation,Pipistrellus nathusii,0.433,0.488,-1,/mnt/ubna_data_01_mir/recover-20220815/UBNA_008/20220812_083000.WAV,Central Pond,recover-20220815,008,1795
495.8915,495.9015,40078.0,47138.0,Echolocation,Pipistrellus nathusii,0.435,0.491,-1,/mnt/ubna_data_01_mir/recover-20220815/UBNA_008/20220812_083000.WAV,Central Pond,recover-20220815,008,1795
496.1755,496.1856,40078.0,51233.0,Echolocation,Pipistrellus nathusii,0.523,0.607,-1,/mnt/ubna_data_01_mir/recover-20220815/UBNA_008/20220812_083000.WAV,Central Pond,recover-20220815,008,1795
496.3715,496.3811,39218.0,47598.0,Echolocation,Pipistrellus nathusii,0.373,0.414,-1,/mnt/ubna_data_01_mir/recover-20220815/UBNA_008/20220812_083000.WAV,Central Pond,recover-20220815,008,1795
496.4745,496.4844,39218.0,46411.0,Echolocation,Pipistrellus nathusii,0.533,0.573,-1,/mnt/ubna_data_01_mir/recover-20220815/UBNA_008/20220812_083000.WAV,Central Pond,recover-20220815,008,1795
496.5845,496.5946,40078.0,46735.0,Echolocation,Pipistrellus nathusii,0.527,0.563,-1,/mnt/ubna_data_01_mir/recover-20220815/UBNA_008/20220812_083000.WAV,Central Pond,recover-20220815,008,1795
496.6835,496.6919,40078.0,47561.0,Echolocation,Pipistrellus nathusii,0.473,0.49,-1,/mnt/ubna_data_01_mir/recover-20220815/UBNA_008/20220812_083000.WAV,Central Pond,recover-20220815,008,1795
496.7935,496.8021,39218.0,46814.0,Echolocation,Pipistrellus nathusii,0.4,0.451,-1,/mnt/ubna_data_01_mir/recover-20220815/UBNA_008/20220812_083000.WAV,Central Pond,recover-20220815,008,1795
496.9675,496.9766,39218.0,47161.0,Echolocation,Pipistrellus nathusii,0.347,0.404,-1,/mnt/ubna_data_01_mir/recover-20220815/UBNA_008/20220812_083000.WAV,Central Pond,recover-20220815,008,1795
497.0855,497.0943,40078.0,47810.0,Echolocation,Pipistrellus nathusii,0.592,0.61,-1,/mnt/ubna_data_01_mir/recover-20220815/UBNA_008/20220812_083000.WAV,Central Pond,recover-20220815,008,1795
497.2755,497.2831,39218.0,48617.0,Echolocation,Pipistrellus nathusii,0.568,0.585,-1,/mnt/ubna_data_01_mir/recover-20220815/UBNA_008/20220812_083000.WAV,Central Pond,recover-20220815,008,1795
497.3825,497.39,39218.0,49286.0,Echolocation,Pipistrellus nathusii,0.535,0.566,-1,/mnt/ubna_data_01_mir/recover-20220815/UBNA_008/20220812_083000.WAV,Central Pond,recover-20220815,008,1795
497.4895,497.4982,38359.0,49505.0,Echolocation,Pipistrellus nathusii,0.66,0.678,-1,/mnt/ubna_data_01_mir/recover-20220815/UBNA_008/20220812_083000.WAV,Central Pond,recover-20220815,008,1795
497.5865,497.5958,38359.0,50062.0,Echolocation,Pipistrellus nathusii,0.587,0.635,-1,/mnt/ubna_data_01_mir/recover-20220815/UBNA_008/20220812_083000.WAV,Central Pond,recover-20220815,008,1795
497.6985,497.7076,39218.0,48114.0,Echolocation,Pipistrellus nathusii,0.609,0.652,-1,/mnt/ubna_data_01_mir/recover-20220815/UBNA_008/20220812_083000.WAV,Central Pond,recover-20220815,008,1795
497.8055,497.8137,39218.0,52070.0,Echolocation,Pipistrellus nathusii,0.606,0.67,-1,/mnt/ubna_data_01_mir/recover-20220815/UBNA_008/20220812_083000.WAV,Central Pond,recover-20220815,008,1795
497.9135,497.9222,39218.0,48019.0,Echolocation,Pipistrellus nathusii,0.509,0.535,-1,/mnt/ubna_data_01_mir/recover-20220815/UBNA_008/20220812_083000.WAV,Central Pond,recover-20220815,008,1795
498.0905,498.1003,39218.0,52577.0,Echolocation,Pipistrellus nathusii,0.62,0.682,-1,/mnt/ubna_data_01_mir/recover-20220815/UBNA_008/20220812_083000.WAV,Central Pond,recover-20220815,008,1795
498.1925,498.2019,38359.0,47831.0,Echolocation,Pipistrellus nathusii,0.532,0.554,-1,/mnt/ubna_data_01_mir/recover-20220815/UBNA_008/20220812_083000.WAV,Central Pond,recover-20220815,008,1795
498.2865,498.2959,38359.0,45318.0,Echolocation,Pipistrellus nathusii,0.514,0.552,-1,/mnt/ubna_data_01_mir/recover-20220815/UBNA_008/20220812_083000.WAV,Central Pond,recover-20220815,008,1795
498.3875,498.3968,38359.0,50277.0,Echolocation,Pipistrellus nathusii,0.652,0.673,-1,/mnt/ubna_data_01_mir/recover-20220815/UBNA_008/20220812_083000.WAV,Central Pond,recover-20220815,008,1795
498.4915,498.4991,39218.0,48786.0,Echolocation,Pipistrellus nathusii,0.58,0.611,-1,/mnt/ubna_data_01_mir/recover-20220815/UBNA_008/20220812_083000.WAV,Central Pond,recover-20220815,008,1795
498.5915,498.5985,39218.0,51748.0,Echolocation,Pipistrellus nathusii,0.619,0.647,-1,/mnt/ubna_data_01_mir/recover-20220815/UBNA_008/20220812_083000.WAV,Central Pond,recover-20220815,008,1795
498.6875,498.6955,39218.0,52499.0,Echolocation,Pipistrellus nathusii,0.66,0.69,-1,/mnt/ubna_data_01_mir/recover-20220815/UBNA_008/20220812_083000.WAV,Central Pond,recover-20220815,008,1795
498.7835,498.7918,39218.0,49682.0,Echolocation,Pipistrellus nathusii,0.541,0.588,-1,/mnt/ubna_data_01_mir/recover-20220815/UBNA_008/20220812_083000.WAV,Central Pond,recover-20220815,008,1795
498.8715,498.8796,39218.0,51104.0,Echolocation,Pipistrellus nathusii,0.627,0.662,-1,/mnt/ubna_data_01_mir/recover-20220815/UBNA_008/20220812_083000.WAV,Central Pond,recover-20220815,008,1795
498.9785,498.9863,38359.0,46685.0,Echolocation,Pipistrellus nathusii,0.597,0.614,-1,/mnt/ubna_data_01_mir/recover-20220815/UBNA_008/20220812_083000.WAV,Central Pond,recover-20220815,008,1795
499.1685,499.1787,38359.0,49680.0,Echolocation,Pipistrellus nathusii,0.547,0.578,-1,/mnt/ubna_data_01_mir/recover-20220815/UBNA_008/20220812_083000.WAV,Central Pond,recover-20220815,008,1795
499.2775,499.2864,39218.0,45553.0,Echolocation,Pipistrellus nathusii,0.226,0.25,-1,/mnt/ubna_data_01_mir/recover-20220815/UBNA_008/20220812_083000.WAV,Central Pond,recover-20220815,008,1795
499.4725,499.4815,38359.0,49497.0,Echolocation,Pipistrellus nathusii,0.586,0.615,-1,/mnt/ubna_data_01_mir/recover-20220815/UBNA_008/20220812_083000.WAV,Central Pond,recover-20220815,008,1795
499.7645,499.7746,38359.0,44441.0,Echolocation,Pipistrellus nathusii,0.381,0.41,-1,/mnt/ubna_data_01_mir/recover-20220815/UBNA_008/20220812_083000.WAV,Central Pond,recover-20220815,008,1795
500.0905,500.0994,38359.0,49128.0,Echolocation,Pipistrellus nathusii,0.438,0.58,-1,/mnt/ubna_data_01_mir/recover-20220815/UBNA_008/20220812_083000.WAV,Central Pond,recover-20220815,008,1795
500.4975,500.5067,39218.0,43984.0,Echolocation,Pipistrellus nathusii,0.276,0.318,-1,/mnt/ubna_data_01_mir/recover-20220815/UBNA_008/20220812_083000.WAV,Central Pond,recover-20220815,008,1795
508.3425,508.3509,38359.0,46805.0,Echolocation,Pipistrellus nathusii,0.18,0.239,-1,/mnt/ubna_data_01_mir/recover-20220815/UBNA_008/20220812_083000.WAV,Central Pond,recover-20220815,008,1795
508.4085,508.4162,40078.0,49529.0,Echolocation,Pipistrellus nathusii,0.323,0.38,-1,/mnt/ubna_data_01_mir/recover-20220815/UBNA_008/20220812_083000.WAV,Central Pond,recover-20220815,008,1795
508.4605,508.4698,39218.0,46390.0,Echolocation,Pipistrellus nathusii,0.427,0.479,-1,/mnt/ubna_data_01_mir/recover-20220815/UBNA_008/20220812_083000.WAV,Central Pond,recover-20220815,008,1795
508.6495,508.6575,38359.0,49195.0,Echolocation,Pipistrellus nathusii,0.255,0.299,-1,/mnt/ubna_data_01_mir/recover-20220815/UBNA_008/20220812_083000.WAV,Central Pond,recover-20220815,008,1795
508.7525,508.7615,40078.0,51106.0,Echolocation,Pipistrellus nathusii,0.433,0.49,-1,/mnt/ubna_data_01_mir/recover-20220815/UBNA_008/20220812_083000.WAV,Central Pond,recover-20220815,008,1795
508.7875,508.7948,38359.0,45838.0,Echolocation,Pipistrellus nathusii,0.319,0.382,-1,/mnt/ubna_data_01_mir/recover-20220815/UBNA_008/20220812_083000.WAV,Central Pond,recover-20220815,008,1795
508.8515,508.8625,39218.0,45137.0,Echolocation,Pipistrellus nathusii,0.242,0.26,-1,/mnt/ubna_data_01_mir/recover-20220815/UBNA_008/20220812_083000.WAV,Central Pond,recover-20220815,008,1795
508.9035,508.9122,40937.0,49121.0,Echolocation,Pipistrellus nathusii,0.315,0.347,-1,/mnt/ubna_data_01_mir/recover-20220815/UBNA_008/20220812_083000.WAV,Central Pond,recover-20220815,008,1795
508.9535,508.962,38359.0,45813.0,Echolocation,Pipistrellus nathusii,0.36,0.42,-1,/mnt/ubna_data_01_mir/recover-20220815/UBNA_008/20220812_083000.WAV,Central Pond,recover-20220815,008,1795
509.0225,509.0304,40078.0,49043.0,Echolocation,Pipistrellus nathusii,0.443,0.51,-1,/mnt/ubna_data_01_mir/recover-20220815/UBNA_008/20220812_083000.WAV,Central Pond,recover-20220815,008,1795
509.0465,509.0545,40078.0,45091.0,Echolocation,Pipistrellus nathusii,0.237,0.255,-1,/mnt/ubna_data_01_mir/recover-20220815/UBNA_008/20220812_083000.WAV,Central Pond,recover-20220815,008,1795
509.14549999999997,509.1558,40078.0,50709.0,Echolocation,Pipistrellus nathusii,0.461,0.535,-1,/mnt/ubna_data_01_mir/recover-20220815/UBNA_008/20220812_083000.WAV,Central Pond,recover-20220815,008,1795
509.1735,509.181,38359.0,48153.0,Echolocation,Pipistrellus nathusii,0.208,0.257,-1,/mnt/ubna_data_01_mir/recover-20220815/UBNA_008/20220812_083000.WAV,Central Pond,recover-20220815,008,1795
509.2935,509.3042,40078.0,52728.0,Echolocation,Pipistrellus nathusii,0.464,0.547,-1,/mnt/ubna_data_01_mir/recover-20220815/UBNA_008/20220812_083000.WAV,Central Pond,recover-20220815,008,1795
509.3405,509.34929999999997,39218.0,46855.0,Echolocation,Pipistrellus nathusii,0.445,0.507,-1,/mnt/ubna_data_01_mir/recover-20220815/UBNA_008/20220812_083000.WAV,Central Pond,recover-20220815,008,1795
509.4105,509.4202,39218.0,53191.0,Echolocation,Pipistrellus nathusii,0.552,0.629,-1,/mnt/ubna_data_01_mir/recover-20220815/UBNA_008/20220812_083000.WAV,Central Pond,recover-20220815,008,1795
509.4355,509.4437,40078.0,46423.0,Echolocation,Pipistrellus nathusii,0.49,0.503,-1,/mnt/ubna_data_01_mir/recover-20220815/UBNA_008/20220812_083000.WAV,Central Pond,recover-20220815,008,1795
509.5375,509.5459,40078.0,51784.0,Echolocation,Pipistrellus nathusii,0.534,0.638,-1,/mnt/ubna_data_01_mir/recover-20220815/UBNA_008/20220812_083000.WAV,Central Pond,recover-20220815,008,1795
509.5655,509.5725,41796.0,52352.0,Echolocation,Pipistrellus nathusii,0.536,0.589,-1,/mnt/ubna_data_01_mir/recover-20220815/UBNA_008/20220812_083000.WAV,Central Pond,recover-20220815,008,1795
509.6805,509.6885,40078.0,55819.0,Echolocation,Pipistrellus nathusii,0.615,0.665,-1,/mnt/ubna_data_01_mir/recover-20220815/UBNA_008/20220812_083000.WAV,Central Pond,recover-20220815,008,1795
509.7205,509.7275,40078.0,50619.0,Echolocation,Pipistrellus nathusii,0.545,0.573,-1,/mnt/ubna_data_01_mir/recover-20220815/UBNA_008/20220812_083000.WAV,Central Pond,recover-20220815,008,1795
509.7905,509.7994,39218.0,55207.0,Echolocation,Pipistrellus nathusii,0.544,0.628,-1,/mnt/ubna_data_01_mir/recover-20220815/UBNA_008/20220812_083000.WAV,Central Pond,recover-20220815,008,1795
509.8225,509.8328,39218.0,49137.0,Echolocation,Pipistrellus nathusii,0.53,0.556,-1,/mnt/ubna_data_01_mir/recover-20220815/UBNA_008/20220812_083000.WAV,Central Pond,recover-20220815,008,1795
509.9025,509.912,39218.0,52765.0,Echolocation,Pipistrellus nathusii,0.491,0.569,-1,/mnt/ubna_data_01_mir/recover-20220815/UBNA_008/20220812_083000.WAV,Central Pond,recover-20220815,008,1795
510.0095,510.021,37500.0,52328.0,Echolocation,Pipistrellus nathusii,0.51,0.564,-1,/mnt/ubna_data_01_mir/recover-20220815/UBNA_008/20220812_083000.WAV,Central Pond,recover-20220815,008,1795
510.1165,510.125,40078.0,50540.0,Echolocation,Pipistrellus nathusii,0.55,0.566,-1,/mnt/ubna_data_01_mir/recover-20220815/UBNA_008/20220812_083000.WAV,Central Pond,recover-20220815,008,1795
510.3055,510.3137,39218.0,52352.0,Echolocation,Pipistrellus nathusii,0.462,0.507,-1,/mnt/ubna_data_01_mir/recover-20220815/UBNA_008/20220812_083000.WAV,Central Pond,recover-20220815,008,1795
510.4085,510.4191,40078.0,52221.0,Echolocation,Pipistrellus nathusii,0.551,0.57,-1,/mnt/ubna_data_01_mir/recover-20220815/UBNA_008/20220812_083000.WAV,Central Pond,recover-20220815,008,1795
510.4245,510.4312,41796.0,48154.0,Echolocation,Pipistrellus nathusii,0.215,0.229,-1,/mnt/ubna_data_01_mir/recover-20220815/UBNA_008/20220812_083000.WAV,Central Pond,recover-20220815,008,1795
510.5125,510.5213,39218.0,50313.0,Echolocation,Pipistrellus nathusii,0.555,0.609,-1,/mnt/ubna_data_01_mir/recover-20220815/UBNA_008/20220812_083000.WAV,Central Pond,recover-20220815,008,1795
510.5315,510.5388,41796.0,53734.0,Echolocation,Pipistrellus nathusii,0.35,0.388,-1,/mnt/ubna_data_01_mir/recover-20220815/UBNA_008/20220812_083000.WAV,Central Pond,recover-20220815,008,1795
510.6455,510.6525,41796.0,48521.0,Echolocation,Pipistrellus nathusii,0.553,0.584,-1,/mnt/ubna_data_01_mir/recover-20220815/UBNA_008/20220812_083000.WAV,Central Pond,recover-20220815,008,1795
510.7035,510.7141,39218.0,51916.0,Echolocation,Pipistrellus nathusii,0.564,0.607,-1,/mnt/ubna_data_01_mir/recover-20220815/UBNA_008/20220812_083000.WAV,Central Pond,recover-20220815,008,1795
510.7945,510.8046,39218.0,54691.0,Echolocation,Pipistrellus nathusii,0.441,0.495,-1,/mnt/ubna_data_01_mir/recover-20220815/UBNA_008/20220812_083000.WAV,Central Pond,recover-20220815,008,1795
510.9025,510.9114,39218.0,54564.0,Echolocation,Pipistrellus nathusii,0.633,0.672,-1,/mnt/ubna_data_01_mir/recover-20220815/UBNA_008/20220812_083000.WAV,Central Pond,recover-20220815,008,1795
511.0145,511.023,39218.0,50849.0,Echolocation,Pipistrellus nathusii,0.671,0.687,-1,/mnt/ubna_data_01_mir/recover-20220815/UBNA_008/20220812_083000.WAV,Central Pond,recover-20220815,008,1795
511.1205,511.1294,39218.0,54798.0,Echolocation,Pipistrellus nathusii,0.744,0.756,-1,/mnt/ubna_data_01_mir/recover-20220815/UBNA_008/20220812_083000.WAV,Central Pond,recover-20220815,008,1795
511.2725,511.2828,39218.0,46560.0,Echolocation,Pipistrellus nathusii,0.352,0.37,-1,/mnt/ubna_data_01_mir/recover-20220815/UBNA_008/20220812_083000.WAV,Central Pond,recover-20220815,008,1795
511.3215,511.3301,39218.0,56243.0,Echolocation,Pipistrellus nathusii,0.718,0.753,-1,/mnt/ubna_data_01_mir/recover-20220815/UBNA_008/20220812_083000.WAV,Central Pond,recover-20220815,008,1795
511.3955,511.4025,40937.0,54910.0,Echolocation,Pipistrellus nathusii,0.503,0.533,-1,/mnt/ubna_data_01_mir/recover-20220815/UBNA_008/20220812_083000.WAV,Central Pond,recover-20220815,008,1795
511.5265,511.536,40078.0,49369.0,Echolocation,Pipistrellus nathusii,0.602,0.622,-1,/mnt/ubna_data_01_mir/recover-20220815/UBNA_008/20220812_083000.WAV,Central Pond,recover-20220815,008,1795
511.6295,511.638,39218.0,59286.0,Echolocation,Pipistrellus nathusii,0.648,0.686,-1,/mnt/ubna_data_01_mir/recover-20220815/UBNA_008/20220812_083000.WAV,Central Pond,recover-20220815,008,1795
511.7385,511.7482,39218.0,50514.0,Echolocation,Pipistrellus nathusii,0.648,0.66,-1,/mnt/ubna_data_01_mir/recover-20220815/UBNA_008/20220812_083000.WAV,Central Pond,recover-20220815,008,1795
511.9305,511.9398,38359.0,55903.0,Echolocation,Pipistrellus nathusii,0.7,0.71,-1,/mnt/ubna_data_01_mir/recover-20220815/UBNA_008/20220812_083000.WAV,Central Pond,recover-20220815,008,1795
512.0335,512.0421,39218.0,51471.0,Echolocation,Pipistrellus nathusii,0.557,0.58,-1,/mnt/ubna_data_01_mir/recover-20220815/UBNA_008/20220812_083000.WAV,Central Pond,recover-20220815,008,1795
512.2275,512.2382,38359.0,54260.0,Echolocation,Pipistrellus nathusii,0.625,0.659,-1,/mnt/ubna_data_01_mir/recover-20220815/UBNA_008/20220812_083000.WAV,Central Pond,recover-20220815,008,1795
512.3085,512.3165,40078.0,46375.0,Echolocation,Pipistrellus nathusii,0.229,0.252,-1,/mnt/ubna_data_01_mir/recover-20220815/UBNA_008/20220812_083000.WAV,Central Pond,recover-20220815,008,1795
512.3345,512.3439,39218.0,50359.0,Echolocation,Pipistrellus nathusii,0.527,0.588,-1,/mnt/ubna_data_01_mir/recover-20220815/UBNA_008/20220812_083000.WAV,Central Pond,recover-20220815,008,1795
512.5265,512.5365,38359.0,57000.0,Echolocation,Pipistrellus nathusii,0.58,0.61,-1,/mnt/ubna_data_01_mir/recover-20220815/UBNA_008/20220812_083000.WAV,Central Pond,recover-20220815,008,1795
512.6345,512.6445,39218.0,48437.0,Echolocation,Pipistrellus nathusii,0.546,0.575,-1,/mnt/ubna_data_01_mir/recover-20220815/UBNA_008/20220812_083000.WAV,Central Pond,recover-20220815,008,1795
512.8245,512.8346,38359.0,56469.0,Echolocation,Pipistrellus nathusii,0.667,0.694,-1,/mnt/ubna_data_01_mir/recover-20220815/UBNA_008/20220812_083000.WAV,Central Pond,recover-20220815,008,1795
512.9325,512.9424,38359.0,47792.0,Echolocation,Pipistrellus nathusii,0.513,0.557,-1,/mnt/ubna_data_01_mir/recover-20220815/UBNA_008/20220812_083000.WAV,Central Pond,recover-20220815,008,1795
513.1255,513.1347,38359.0,54954.0,Echolocation,Pipistrellus nathusii,0.674,0.71,-1,/mnt/ubna_data_01_mir/recover-20220815/UBNA_008/20220812_083000.WAV,Central Pond,recover-20220815,008,1795
513.2305,513.2409,38359.0,52843.0,Echolocation,Pipistrellus nathusii,0.584,0.627,-1,/mnt/ubna_data_01_mir/recover-20220815/UBNA_008/20220812_083000.WAV,Central Pond,recover-20220815,008,1795
513.3315,513.3413,38359.0,54692.0,Echolocation,Pipistrellus nathusii,0.611,0.633,-1,/mnt/ubna_data_01_mir/recover-20220815/UBNA_008/20220812_083000.WAV,Central Pond,recover-20220815,008,1795
513.4365,513.4457,38359.0,47242.0,Echolocation,Pipistrellus nathusii,0.492,0.542,-1,/mnt/ubna_data_01_mir/recover-20220815/UBNA_008/20220812_083000.WAV,Central Pond,recover-20220815,008,1795
513.5405,513.551,38359.0,51315.0,Echolocation,Pipistrellus nathusii,0.568,0.605,-1,/mnt/ubna_data_01_mir/recover-20220815/UBNA_008/20220812_083000.WAV,Central Pond,recover-20220815,008,1795
513.6535,513.6625,38359.0,51678.0,Echolocation,Pipistrellus nathusii,0.649,0.681,-1,/mnt/ubna_data_01_mir/recover-20220815/UBNA_008/20220812_083000.WAV,Central Pond,recover-20220815,008,1795
513.7605,513.769,38359.0,47775.0,Echolocation,Pipistrellus nathusii,0.55,0.575,-1,/mnt/ubna_data_01_mir/recover-20220815/UBNA_008/20220812_083000.WAV,Central Pond,recover-20220815,008,1795
513.8695,513.8789,39218.0,51995.0,Echolocation,Pipistrellus nathusii,0.565,0.64,-1,/mnt/ubna_data_01_mir/recover-20220815/UBNA_008/20220812_083000.WAV,Central Pond,recover-20220815,008,1795
513.9815,513.9897,39218.0,48598.0,Echolocation,Pipistrellus nathusii,0.51,0.549,-1,/mnt/ubna_data_01_mir/recover-20220815/UBNA_008/20220812_083000.WAV,Central Pond,recover-20220815,008,1795
514.0815,514.0903,38359.0,45712.0,Echolocation,Pipistrellus nathusii,0.442,0.526,-1,/mnt/ubna_data_01_mir/recover-20220815/UBNA_008/20220812_083000.WAV,Central Pond,recover-20220815,008,1795
514.1775,514.1866,38359.0,50618.0,Echolocation,Pipistrellus nathusii,0.524,0.59,-1,/mnt/ubna_data_01_mir/recover-20220815/UBNA_008/20220812_083000.WAV,Central Pond,recover-20220815,008,1795
514.2835,514.2932,39218.0,47602.0,Echolocation,Pipistrellus nathusii,0.449,0.559,-1,/mnt/ubna_data_01_mir/recover-20220815/UBNA_008/20220812_083000.WAV,Central Pond,recover-20220815,008,1795
514.3945,514.404,38359.0,49897.0,Echolocation,Pipistrellus nathusii,0.548,0.609,-1,/mnt/ubna_data_01_mir/recover-20220815/UBNA_008/20220812_083000.WAV,Central Pond,recover-20220815,008,1795
514.5065,514.516,38359.0,48248.0,Echolocation,Pipistrellus nathusii,0.396,0.495,-1,/mnt/ubna_data_01_mir/recover-20220815/UBNA_008/20220812_083000.WAV,Central Pond,recover-20220815,008,1795
514.6985,514.7068,39218.0,50177.0,Echolocation,Pipistrellus nathusii,0.482,0.541,-1,/mnt/ubna_data_01_mir/recover-20220815/UBNA_008/20220812_083000.WAV,Central Pond,recover-20220815,008,1795
514.9935,515.0028,38359.0,52353.0,Echolocation,Pipistrellus nathusii,0.423,0.537,-1,/mnt/ubna_data_01_mir/recover-20220815/UBNA_008/20220812_083000.WAV,Central Pond,recover-20220815,008,1795
515.2975,515.306,38359.0,48814.0,Echolocation,Pipistrellus nathusii,0.531,0.583,-1,/mnt/ubna_data_01_mir/recover-20220815/UBNA_008/20220812_083000.WAV,Central Pond,recover-20220815,008,1795
515.5995,515.6096,38359.0,48274.0,Echolocation,Pipistrellus nathusii,0.465,0.527,-1,/mnt/ubna_data_01_mir/recover-20220815/UBNA_008/20220812_083000.WAV,Central Pond,recover-20220815,008,1795
516.1915,516.2003,37500.0,44713.0,Echolocation,Pipistrellus nathusii,0.276,0.375,-1,/mnt/ubna_data_01_mir/recover-20220815/UBNA_008/20220812_083000.WAV,Central Pond,recover-20220815,008,1795
522.3545,522.3663,41796.0,44705.0,Echolocation,Pipistrellus nathusii,0.184,0.202,-1,/mnt/ubna_data_01_mir/recover-20220815/UBNA_008/20220812_083000.WAV,Central Pond,recover-20220815,008,1795
522.5305,522.5384,40078.0,46407.0,Echolocation,Pipistrellus nathusii,0.418,0.495,-1,/mnt/ubna_data_01_mir/recover-20220815/UBNA_008/20220812_083000.WAV,Central Pond,recover-20220815,008,1795
522.6225,522.6316,40937.0,47159.0,Echolocation,Pipistrellus nathusii,0.186,0.239,-1,/mnt/ubna_data_01_mir/recover-20220815/UBNA_008/20220812_083000.WAV,Central Pond,recover-20220815,008,1795
522.7125,522.7204,40937.0,46656.0,Echolocation,Pipistrellus nathusii,0.4,0.463,-1,/mnt/ubna_data_01_mir/recover-20220815/UBNA_008/20220812_083000.WAV,Central Pond,recover-20220815,008,1795
522.8605,522.8688,40078.0,45951.0,Echolocation,Pipistrellus nathusii,0.271,0.34,-1,/mnt/ubna_data_01_mir/recover-20220815/UBNA_008/20220812_083000.WAV,Central Pond,recover-20220815,008,1795
522.9565,522.9647,40937.0,46654.0,Echolocation,Pipistrellus nathusii,0.359,0.386,-1,/mnt/ubna_data_01_mir/recover-20220815/UBNA_008/20220812_083000.WAV,Central Pond,recover-20220815,008,1795
523.1965,523.2046,39218.0,45392.0,Echolocation,Pipistrellus nathusii,0.113,0.207,-1,/mnt/ubna_data_01_mir/recover-20220815/UBNA_008/20220812_083000.WAV,Central Pond,recover-20220815,008,1795
523.3105,523.3197,40937.0,47546.0,Echolocation,Pipistrellus nathusii,0.411,0.461,-1,/mnt/ubna_data_01_mir/recover-20220815/UBNA_008/20220812_083000.WAV,Central Pond,recover-20220815,008,1795
523.4535,523.4617,39218.0,45285.0,Echolocation,Pipistrellus nathusii,0.207,0.293,-1,/mnt/ubna_data_01_mir/recover-20220815/UBNA_008/20220812_083000.WAV,Central Pond,recover-20220815,008,1795
523.6265,523.6362,42656.0,47382.0,Echolocation,Pipistrellus nathusii,0.386,0.413,-1,/mnt/ubna_data_01_mir/recover-20220815/UBNA_008/20220812_083000.WAV,Central Pond,recover-20220815,008,1795
523.7095,523.7186,41796.0,47907.0,Echolocation,Pipistrellus nathusii,0.521,0.595,-1,/mnt/ubna_data_01_mir/recover-20220815/UBNA_008/20220812_083000.WAV,Central Pond,recover-20220815,008,1795
523.8655,523.8759,41796.0,46970.0,Echolocation,Pipistrellus nathusii,0.204,0.23,-1,/mnt/ubna_data_01_mir/recover-20220815/UBNA_008/20220812_083000.WAV,Central Pond,recover-20220815,008,1795
524.3875,524.3952,40937.0,51435.0,Echolocation,Pipistrellus nathusii,0.323,0.465,-1,/mnt/ubna_data_01_mir/recover-20220815/UBNA_008/20220812_083000.WAV,Central Pond,recover-20220815,008,1795
524.4475,524.456,39218.0,44928.0,Echolocation,Pipistrellus nathusii,0.359,0.395,-1,/mnt/ubna_data_01_mir/recover-20220815/UBNA_008/20220812_083000.WAV,Central Pond,recover-20220815,008,1795
524.5595,524.5712,38359.0,44583.0,Echolocation,Pipistrellus nathusii,0.244,0.269,-1,/mnt/ubna_data_01_mir/recover-20220815/UBNA_008/20220812_083000.WAV,Central Pond,recover-20220815,008,1795
524.6295,524.6386,40937.0,47067.0,Echolocation,Pipistrellus nathusii,0.418,0.459,-1,/mnt/ubna_data_01_mir/recover-20220815/UBNA_008/20220812_083000.WAV,Central Pond,recover-20220815,008,1795
524.7535,524.7597,39218.0,49582.0,Echolocation,Pipistrellus nathusii,0.239,0.353,-1,/mnt/ubna_data_01_mir/recover-20220815/UBNA_008/20220812_083000.WAV,Central Pond,recover-20220815,008,1795
525.4125,525.4201,40078.0,47843.0,Echolocation,Pipistrellus nathusii,0.421,0.485,-1,/mnt/ubna_data_01_mir/recover-20220815/UBNA_008/20220812_083000.WAV,Central Pond,recover-20220815,008,1795
525.5235,525.5341,38359.0,45084.0,Echolocation,Pipistrellus nathusii,0.427,0.448,-1,/mnt/ubna_data_01_mir/recover-20220815/UBNA_008/20220812_083000.WAV,Central Pond,recover-20220815,008,1795
525.6435,525.6492,41796.0,46130.0,Echolocation,Pipistrellus nathusii,0.215,0.24,-1,/mnt/ubna_data_01_mir/recover-20220815/UBNA_008/20220812_083000.WAV,Central Pond,recover-20220815,008,1795
525.7515,525.7578,39218.0,49555.0,Echolocation,Pipistrellus nathusii,0.532,0.598,-1,/mnt/ubna_data_01_mir/recover-20220815/UBNA_008/20220812_083000.WAV,Central Pond,recover-20220815,008,1795
525.8575,525.8665,39218.0,46253.0,Echolocation,Pipistrellus nathusii,0.565,0.617,-1,/mnt/ubna_data_01_mir/recover-20220815/UBNA_008/20220812_083000.WAV,Central Pond,recover-20220815,008,1795
525.9735,525.9819,38359.0,46049.0,Echolocation,Pipistrellus nathusii,0.533,0.589,-1,/mnt/ubna_data_01_mir/recover-20220815/UBNA_008/20220812_083000.WAV,Central Pond,recover-20220815,008,1795
526.0865,526.0947,39218.0,46721.0,Echolocation,Pipistrellus nathusii,0.514,0.551,-1,/mnt/ubna_data_01_mir/recover-20220815/UBNA_008/20220812_083000.WAV,Central Pond,recover-20220815,008,1795
526.1935,526.2016,38359.0,49356.0,Echolocation,Pipistrellus nathusii,0.558,0.639,-1,/mnt/ubna_data_01_mir/recover-20220815/UBNA_008/20220812_083000.WAV,Central Pond,recover-20220815,008,1795
526.2985,526.3068,38359.0,44926.0,Echolocation,Pipistrellus nathusii,0.517,0.552,-1,/mnt/ubna_data_01_mir/recover-20220815/UBNA_008/20220812_083000.WAV,Central Pond,recover-20220815,008,1795
526.4145,526.4249,38359.0,43680.0,Echolocation,Pipistrellus nathusii,0.261,0.285,-1,/mnt/ubna_data_01_mir/recover-20220815/UBNA_008/20220812_083000.WAV,Central Pond,recover-20220815,008,1795
526.5305,526.5398,39218.0,45863.0,Echolocation,Pipistrellus nathusii,0.554,0.579,-1,/mnt/ubna_data_01_mir/recover-20220815/UBNA_008/20220812_083000.WAV,Central Pond,recover-20220815,008,1795
526.8455,526.8534,37500.0,47273.0,Echolocation,Pipistrellus nathusii,0.575,0.622,-1,/mnt/ubna_data_01_mir/recover-20220815/UBNA_008/20220812_083000.WAV,Central Pond,recover-20220815,008,1795
527.1755,527.1867,37500.0,47117.0,Echolocation,Pipistrellus nathusii,0.45,0.511,-1,/mnt/ubna_data_01_mir/recover-20220815/UBNA_008/20220812_083000.WAV,Central Pond,recover-20220815,008,1795
527.5015,527.5108,38359.0,46578.0,Echolocation,Pipistrellus nathusii,0.433,0.549,-1,/mnt/ubna_data_01_mir/recover-20220815/UBNA_008/20220812_083000.WAV,Central Pond,recover-20220815,008,1795
528.3185,528.3285,38359.0,43190.0,Echolocation,Pipistrellus nathusii,0.194,0.232,-1,/mnt/ubna_data_01_mir/recover-20220815/UBNA_008/20220812_083000.WAV,Central Pond,recover-20220815,008,1795
529.2315,529.2401,37500.0,43368.0,Echolocation,Pipistrellus nathusii,0.357,0.4,-1,/mnt/ubna_data_01_mir/recover-20220815/UBNA_008/20220812_083000.WAV,Central Pond,recover-20220815,008,1795
529.8785,529.8876,36640.0,43170.0,Echolocation,Pipistrellus nathusii,0.145,0.229,-1,/mnt/ubna_data_01_mir/recover-20220815/UBNA_008/20220812_083000.WAV,Central Pond,recover-20220815,008,1795
555.3875,555.3964,40937.0,46176.0,Echolocation,Pipistrellus nathusii,0.412,0.433,-1,/mnt/ubna_data_01_mir/recover-20220815/UBNA_008/20220812_083000.WAV,Central Pond,recover-20220815,008,1795
555.6835,555.6913,40078.0,46143.0,Echolocation,Pipistrellus nathusii,0.396,0.426,-1,/mnt/ubna_data_01_mir/recover-20220815/UBNA_008/20220812_083000.WAV,Central Pond,recover-20220815,008,1795
555.7765,555.7853,40078.0,45758.0,Echolocation,Pipistrellus nathusii,0.127,0.214,-1,/mnt/ubna_data_01_mir/recover-20220815/UBNA_008/20220812_083000.WAV,Central Pond,recover-20220815,008,1795
604.6335,604.6387,40078.0,52470.0,Echolocation,Myotis daubentonii,0.136,0.242,-1,/mnt/ubna_data_01_mir/recover-20220815/UBNA_008/20220812_083000.WAV,Central Pond,recover-20220815,008,1795
605.0855,605.0891,38359.0,52594.0,Echolocation,Myotis daubentonii,0.132,0.215,-1,/mnt/ubna_data_01_mir/recover-20220815/UBNA_008/20220812_083000.WAV,Central Pond,recover-20220815,008,1795
605.1715,605.176,39218.0,53791.0,Echolocation,Myotis daubentonii,0.192,0.292,-1,/mnt/ubna_data_01_mir/recover-20220815/UBNA_008/20220812_083000.WAV,Central Pond,recover-20220815,008,1795
605.3505,605.3552999999999,39218.0,49751.0,Echolocation,Myotis daubentonii,0.152,0.228,-1,/mnt/ubna_data_01_mir/recover-20220815/UBNA_008/20220812_083000.WAV,Central Pond,recover-20220815,008,1795
605.5265,605.5311,37500.0,48181.0,Echolocation,Myotis daubentonii,0.13,0.201,-1,/mnt/ubna_data_01_mir/recover-20220815/UBNA_008/20220812_083000.WAV,Central Pond,recover-20220815,008,1795
605.7225,605.7272,37500.0,54345.0,Echolocation,Myotis daubentonii,0.264,0.4,-1,/mnt/ubna_data_01_mir/recover-20220815/UBNA_008/20220812_083000.WAV,Central Pond,recover-20220815,008,1795
605.8065,605.8158,40078.0,47783.0,Echolocation,Pipistrellus nathusii,0.348,0.443,-1,/mnt/ubna_data_01_mir/recover-20220815/UBNA_008/20220812_083000.WAV,Central Pond,recover-20220815,008,1795
606.0165,606.0254,40078.0,48301.0,Echolocation,Pipistrellus nathusii,0.396,0.474,-1,/mnt/ubna_data_01_mir/recover-20220815/UBNA_008/20220812_083000.WAV,Central Pond,recover-20220815,008,1795
606.2115,606.2198,40078.0,46994.0,Echolocation,Pipistrellus nathusii,0.497,0.563,-1,/mnt/ubna_data_01_mir/recover-20220815/UBNA_008/20220812_083000.WAV,Central Pond,recover-20220815,008,1795
606.3385,606.3484,40937.0,50431.0,Echolocation,Pipistrellus nathusii,0.473,0.565,-1,/mnt/ubna_data_01_mir/recover-20220815/UBNA_008/20220812_083000.WAV,Central Pond,recover-20220815,008,1795
606.5295,606.5371,40078.0,47339.0,Echolocation,Pipistrellus nathusii,0.549,0.59,-1,/mnt/ubna_data_01_mir/recover-20220815/UBNA_008/20220812_083000.WAV,Central Pond,recover-20220815,008,1795
606.6395,606.6467,40078.0,52290.0,Echolocation,Pipistrellus nathusii,0.437,0.501,-1,/mnt/ubna_data_01_mir/recover-20220815/UBNA_008/20220812_083000.WAV,Central Pond,recover-20220815,008,1795
606.7995,606.8081,40078.0,46828.0,Echolocation,Pipistrellus nathusii,0.44,0.51,-1,/mnt/ubna_data_01_mir/recover-20220815/UBNA_008/20220812_083000.WAV,Central Pond,recover-20220815,008,1795
606.9075,606.9151,40078.0,50533.0,Echolocation,Pipistrellus nathusii,0.483,0.575,-1,/mnt/ubna_data_01_mir/recover-20220815/UBNA_008/20220812_083000.WAV,Central Pond,recover-20220815,008,1795
607.0255,607.0329,39218.0,48265.0,Echolocation,Pipistrellus nathusii,0.503,0.612,-1,/mnt/ubna_data_01_mir/recover-20220815/UBNA_008/20220812_083000.WAV,Central Pond,recover-20220815,008,1795
607.1415,607.1489,39218.0,51532.0,Echolocation,Pipistrellus nathusii,0.362,0.512,-1,/mnt/ubna_data_01_mir/recover-20220815/UBNA_008/20220812_083000.WAV,Central Pond,recover-20220815,008,1795
607.1845,607.1908,46953.0,50445.0,Echolocation,Pipistrellus pipistrellus,0.168,0.229,-1,/mnt/ubna_data_01_mir/recover-20220815/UBNA_008/20220812_083000.WAV,Central Pond,recover-20220815,008,1795
607.2595,607.268,39218.0,48172.0,Echolocation,Pipistrellus nathusii,0.301,0.439,-1,/mnt/ubna_data_01_mir/recover-20220815/UBNA_008/20220812_083000.WAV,Central Pond,recover-20220815,008,1795
607.3935,607.3997,39218.0,49348.0,Echolocation,Pipistrellus nathusii,0.191,0.365,-1,/mnt/ubna_data_01_mir/recover-20220815/UBNA_008/20220812_083000.WAV,Central Pond,recover-20220815,008,1795
607.5135,607.52,39218.0,50631.0,Echolocation,Pipistrellus nathusii,0.182,0.398,-1,/mnt/ubna_data_01_mir/recover-20220815/UBNA_008/20220812_083000.WAV,Central Pond,recover-20220815,008,1795
607.6185,607.6265,40937.0,52025.0,Echolocation,Pipistrellus nathusii,0.195,0.307,-1,/mnt/ubna_data_01_mir/recover-20220815/UBNA_008/20220812_083000.WAV,Central Pond,recover-20220815,008,1795
607.7145,607.7224,41796.0,51112.0,Echolocation,Pipistrellus nathusii,0.207,0.285,-1,/mnt/ubna_data_01_mir/recover-20220815/UBNA_008/20220812_083000.WAV,Central Pond,recover-20220815,008,1795
607.8155,607.823,41796.0,51698.0,Echolocation,Pipistrellus nathusii,0.32,0.462,-1,/mnt/ubna_data_01_mir/recover-20220815/UBNA_008/20220812_083000.WAV,Central Pond,recover-20220815,008,1795
608.0935,608.0992,40937.0,52786.0,Echolocation,Pipistrellus nathusii,0.206,0.403,-1,/mnt/ubna_data_01_mir/recover-20220815/UBNA_008/20220812_083000.WAV,Central Pond,recover-20220815,008,1795
608.1895,608.196,40078.0,58751.0,Echolocation,Pipistrellus nathusii,0.202,0.466,-1,/mnt/ubna_data_01_mir/recover-20220815/UBNA_008/20220812_083000.WAV,Central Pond,recover-20220815,008,1795
608.2665,608.2719,40078.0,58215.0,Echolocation,Pipistrellus nathusii,0.195,0.518,-1,/mnt/ubna_data_01_mir/recover-20220815/UBNA_008/20220812_083000.WAV,Central Pond,recover-20220815,008,1795
608.3035,608.3079,43515.0,61317.0,Echolocation,Myotis daubentonii,0.137,0.278,-1,/mnt/ubna_data_01_mir/recover-20220815/UBNA_008/20220812_083000.WAV,Central Pond,recover-20220815,008,1795
608.3205,608.3248,40078.0,57847.0,Echolocation,Myotis daubentonii,0.098,0.234,-1,/mnt/ubna_data_01_mir/recover-20220815/UBNA_008/20220812_083000.WAV,Central Pond,recover-20220815,008,1795
608.3415,608.3469,41796.0,57395.0,Echolocation,Pipistrellus nathusii,0.208,0.449,-1,/mnt/ubna_data_01_mir/recover-20220815/UBNA_008/20220812_083000.WAV,Central Pond,recover-20220815,008,1795
608.4285,608.434,42656.0,60966.0,Echolocation,Pipistrellus nathusii,0.145,0.36,-1,/mnt/ubna_data_01_mir/recover-20220815/UBNA_008/20220812_083000.WAV,Central Pond,recover-20220815,008,1795
608.5115,608.5166,41796.0,60585.0,Echolocation,Pipistrellus nathusii,0.144,0.367,-1,/mnt/ubna_data_01_mir/recover-20220815/UBNA_008/20220812_083000.WAV,Central Pond,recover-20220815,008,1795
608.5505,608.5559,41796.0,57247.0,Echolocation,Pipistrellus nathusii,0.208,0.458,-1,/mnt/ubna_data_01_mir/recover-20220815/UBNA_008/20220812_083000.WAV,Central Pond,recover-20220815,008,1795
608.6455,608.6516,40078.0,65582.0,Echolocation,Myotis brandtii,0.135,0.41,-1,/mnt/ubna_data_01_mir/recover-20220815/UBNA_008/20220812_083000.WAV,Central Pond,recover-20220815,008,1795
608.6615,608.6667,40937.0,58285.0,Echolocation,Myotis daubentonii,0.161,0.397,-1,/mnt/ubna_data_01_mir/recover-20220815/UBNA_008/20220812_083000.WAV,Central Pond,recover-20220815,008,1795
608.7335,608.7388,40937.0,58451.0,Echolocation,Pipistrellus nathusii,0.156,0.449,-1,/mnt/ubna_data_01_mir/recover-20220815/UBNA_008/20220812_083000.WAV,Central Pond,recover-20220815,008,1795
608.7605,608.7667,40078.0,69386.0,Echolocation,Myotis brandtii,0.144,0.343,-1,/mnt/ubna_data_01_mir/recover-20220815/UBNA_008/20220812_083000.WAV,Central Pond,recover-20220815,008,1795
608.7755,608.7808,41796.0,59904.0,Echolocation,Myotis daubentonii,0.189,0.429,-1,/mnt/ubna_data_01_mir/recover-20220815/UBNA_008/20220812_083000.WAV,Central Pond,recover-20220815,008,1795
608.8355,608.8415,42656.0,61468.0,Echolocation,Pipistrellus nathusii,0.184,0.475,-1,/mnt/ubna_data_01_mir/recover-20220815/UBNA_008/20220812_083000.WAV,Central Pond,recover-20220815,008,1795
608.8495,608.8552999999999,40078.0,64078.0,Echolocation,Myotis brandtii,0.139,0.286,-1,/mnt/ubna_data_01_mir/recover-20220815/UBNA_008/20220812_083000.WAV,Central Pond,recover-20220815,008,1795
608.8725,608.878,40078.0,58447.0,Echolocation,Myotis brandtii,0.097,0.276,-1,/mnt/ubna_data_01_mir/recover-20220815/UBNA_008/20220812_083000.WAV,Central Pond,recover-20220815,008,1795
608.9325,608.9383,39218.0,64542.0,Echolocation,Myotis brandtii,0.143,0.41,-1,/mnt/ubna_data_01_mir/recover-20220815/UBNA_008/20220812_083000.WAV,Central Pond,recover-20220815,008,1795
608.9485,608.9544,40937.0,66166.0,Echolocation,Pipistrellus nathusii,0.153,0.303,-1,/mnt/ubna_data_01_mir/recover-20220815/UBNA_008/20220812_083000.WAV,Central Pond,recover-20220815,008,1795
608.9985,609.0045,40078.0,73704.0,Echolocation,Myotis brandtii,0.174,0.315,-1,/mnt/ubna_data_01_mir/recover-20220815/UBNA_008/20220812_083000.WAV,Central Pond,recover-20220815,008,1795
609.0185,609.0242,39218.0,68486.0,Echolocation,Myotis brandtii,0.171,0.366,-1,/mnt/ubna_data_01_mir/recover-20220815/UBNA_008/20220812_083000.WAV,Central Pond,recover-20220815,008,1795
609.0505,609.0561,41796.0,63717.0,Echolocation,Pipistrellus nathusii,0.134,0.35,-1,/mnt/ubna_data_01_mir/recover-20220815/UBNA_008/20220812_083000.WAV,Central Pond,recover-20220815,008,1795
609.1005,609.1064,37500.0,75313.0,Echolocation,Myotis brandtii,0.226,0.405,-1,/mnt/ubna_data_01_mir/recover-20220815/UBNA_008/20220812_083000.WAV,Central Pond,recover-20220815,008,1795
609.1345,609.1402,40937.0,66749.0,Echolocation,Pipistrellus nathusii,0.148,0.386,-1,/mnt/ubna_data_01_mir/recover-20220815/UBNA_008/20220812_083000.WAV,Central Pond,recover-20220815,008,1795
609.1825,609.1886,37500.0,73307.0,Echolocation,Myotis daubentonii,0.18,0.451,-1,/mnt/ubna_data_01_mir/recover-20220815/UBNA_008/20220812_083000.WAV,Central Pond,recover-20220815,008,1795
609.2195,609.2258,40937.0,69616.0,Echolocation,Pipistrellus nathusii,0.24,0.467,-1,/mnt/ubna_data_01_mir/recover-20220815/UBNA_008/20220812_083000.WAV,Central Pond,recover-20220815,008,1795
609.2665,609.2728,37500.0,73595.0,Echolocation,Myotis brandtii,0.147,0.364,-1,/mnt/ubna_data_01_mir/recover-20220815/UBNA_008/20220812_083000.WAV,Central Pond,recover-20220815,008,1795
609.3075,609.3133,39218.0,68061.0,Echolocation,Myotis brandtii,0.133,0.347,-1,/mnt/ubna_data_01_mir/recover-20220815/UBNA_008/20220812_083000.WAV,Central Pond,recover-20220815,008,1795
609.3545,609.3606,38359.0,71073.0,Echolocation,Myotis brandtii,0.135,0.341,-1,/mnt/ubna_data_01_mir/recover-20220815/UBNA_008/20220812_083000.WAV,Central Pond,recover-20220815,008,1795
609.3935,609.3998,40937.0,68991.0,Echolocation,Pipistrellus nathusii,0.181,0.444,-1,/mnt/ubna_data_01_mir/recover-20220815/UBNA_008/20220812_083000.WAV,Central Pond,recover-20220815,008,1795
609.4375,609.4435,37500.0,68080.0,Echolocation,Myotis daubentonii,0.228,0.462,-1,/mnt/ubna_data_01_mir/recover-20220815/UBNA_008/20220812_083000.WAV,Central Pond,recover-20220815,008,1795
609.4705,609.476,39218.0,68476.0,Echolocation,Myotis brandtii,0.112,0.333,-1,/mnt/ubna_data_01_mir/recover-20220815/UBNA_008/20220812_083000.WAV,Central Pond,recover-20220815,008,1795
609.5275,609.5335,38359.0,64294.0,Echolocation,Pipistrellus nathusii,0.225,0.559,-1,/mnt/ubna_data_01_mir/recover-20220815/UBNA_008/20220812_083000.WAV,Central Pond,recover-20220815,008,1795
609.6145,609.6202,37500.0,59520.0,Echolocation,Myotis daubentonii,0.199,0.494,-1,/mnt/ubna_data_01_mir/recover-20220815/UBNA_008/20220812_083000.WAV,Central Pond,recover-20220815,008,1795
609.6455,609.6513,40078.0,66490.0,Echolocation,Pipistrellus nathusii,0.188,0.4,-1,/mnt/ubna_data_01_mir/recover-20220815/UBNA_008/20220812_083000.WAV,Central Pond,recover-20220815,008,1795
609.7085,609.7133,37500.0,62135.0,Echolocation,Myotis brandtii,0.147,0.301,-1,/mnt/ubna_data_01_mir/recover-20220815/UBNA_008/20220812_083000.WAV,Central Pond,recover-20220815,008,1795
609.7355,609.7418,40078.0,68416.0,Echolocation,Myotis daubentonii,0.131,0.398,-1,/mnt/ubna_data_01_mir/recover-20220815/UBNA_008/20220812_083000.WAV,Central Pond,recover-20220815,008,1795
609.7935,609.7998,40078.0,55372.0,Echolocation,Pipistrellus nathusii,0.106,0.336,-1,/mnt/ubna_data_01_mir/recover-20220815/UBNA_008/20220812_083000.WAV,Central Pond,recover-20220815,008,1795
609.8285,609.8343,39218.0,66450.0,Echolocation,Pipistrellus nathusii,0.275,0.469,-1,/mnt/ubna_data_01_mir/recover-20220815/UBNA_008/20220812_083000.WAV,Central Pond,recover-20220815,008,1795
609.8875,609.8952,42656.0,56207.0,Echolocation,Pipistrellus nathusii,0.162,0.309,-1,/mnt/ubna_data_01_mir/recover-20220815/UBNA_008/20220812_083000.WAV,Central Pond,recover-20220815,008,1795
609.9765,609.9812,40078.0,57547.0,Echolocation,Myotis daubentonii,0.094,0.244,-1,/mnt/ubna_data_01_mir/recover-20220815/UBNA_008/20220812_083000.WAV,Central Pond,recover-20220815,008,1795
610.0015,610.0064,37500.0,63357.0,Echolocation,Myotis daubentonii,0.12,0.304,-1,/mnt/ubna_data_01_mir/recover-20220815/UBNA_008/20220812_083000.WAV,Central Pond,recover-20220815,008,1795
610.0905,610.0955,39218.0,56473.0,Echolocation,Pipistrellus nathusii,0.236,0.403,-1,/mnt/ubna_data_01_mir/recover-20220815/UBNA_008/20220812_083000.WAV,Central Pond,recover-20220815,008,1795
610.1755,610.1813,40078.0,60848.0,Echolocation,Pipistrellus nathusii,0.436,0.533,-1,/mnt/ubna_data_01_mir/recover-20220815/UBNA_008/20220812_083000.WAV,Central Pond,recover-20220815,008,1795
610.2515,610.262,42656.0,53164.0,Echolocation,Pipistrellus nathusii,0.275,0.307,-1,/mnt/ubna_data_01_mir/recover-20220815/UBNA_008/20220812_083000.WAV,Central Pond,recover-20220815,008,1795
610.2695,610.2752,40078.0,58330.0,Echolocation,Pipistrellus nathusii,0.211,0.317,-1,/mnt/ubna_data_01_mir/recover-20220815/UBNA_008/20220812_083000.WAV,Central Pond,recover-20220815,008,1795
610.3505,610.3567,38359.0,60778.0,Echolocation,Pipistrellus nathusii,0.268,0.461,-1,/mnt/ubna_data_01_mir/recover-20220815/UBNA_008/20220812_083000.WAV,Central Pond,recover-20220815,008,1795
610.4445,610.4522,40078.0,57459.0,Echolocation,Pipistrellus nathusii,0.342,0.476,-1,/mnt/ubna_data_01_mir/recover-20220815/UBNA_008/20220812_083000.WAV,Central Pond,recover-20220815,008,1795
610.5335,610.5389,40937.0,57305.0,Echolocation,Pipistrellus nathusii,0.274,0.399,-1,/mnt/ubna_data_01_mir/recover-20220815/UBNA_008/20220812_083000.WAV,Central Pond,recover-20220815,008,1795
610.6205,610.6256,40937.0,60795.0,Echolocation,Pipistrellus nathusii,0.389,0.461,-1,/mnt/ubna_data_01_mir/recover-20220815/UBNA_008/20220812_083000.WAV,Central Pond,recover-20220815,008,1795
610.7165,610.7232,41796.0,48173.0,Echolocation,Pipistrellus nathusii,0.252,0.313,-1,/mnt/ubna_data_01_mir/recover-20220815/UBNA_008/20220812_083000.WAV,Central Pond,recover-20220815,008,1795
610.8045,610.8115,40937.0,57639.0,Echolocation,Pipistrellus nathusii,0.321,0.44,-1,/mnt/ubna_data_01_mir/recover-20220815/UBNA_008/20220812_083000.WAV,Central Pond,recover-20220815,008,1795
610.9005,610.9122,41796.0,47083.0,Echolocation,Pipistrellus nathusii,0.221,0.234,-1,/mnt/ubna_data_01_mir/recover-20220815/UBNA_008/20220812_083000.WAV,Central Pond,recover-20220815,008,1795
610.9915,611.0004,40937.0,53923.0,Echolocation,Pipistrellus nathusii,0.381,0.435,-1,/mnt/ubna_data_01_mir/recover-20220815/UBNA_008/20220812_083000.WAV,Central Pond,recover-20220815,008,1795
611.1665,611.177,40078.0,53921.0,Echolocation,Pipistrellus nathusii,0.371,0.405,-1,/mnt/ubna_data_01_mir/recover-20220815/UBNA_008/20220812_083000.WAV,Central Pond,recover-20220815,008,1795
611.2525,611.2607,40937.0,56353.0,Echolocation,Pipistrellus nathusii,0.435,0.544,-1,/mnt/ubna_data_01_mir/recover-20220815/UBNA_008/20220812_083000.WAV,Central Pond,recover-20220815,008,1795
611.3435,611.3513,40078.0,50275.0,Echolocation,Pipistrellus nathusii,0.268,0.393,-1,/mnt/ubna_data_01_mir/recover-20220815/UBNA_008/20220812_083000.WAV,Central Pond,recover-20220815,008,1795
611.4355,611.4442,39218.0,56373.0,Echolocation,Pipistrellus nathusii,0.284,0.396,-1,/mnt/ubna_data_01_mir/recover-20220815/UBNA_008/20220812_083000.WAV,Central Pond,recover-20220815,008,1795
611.5295,611.5388,40078.0,46690.0,Echolocation,Pipistrellus nathusii,0.45,0.467,-1,/mnt/ubna_data_01_mir/recover-20220815/UBNA_008/20220812_083000.WAV,Central Pond,recover-20220815,008,1795
611.6195,611.6273,40937.0,52505.0,Echolocation,Pipistrellus nathusii,0.217,0.299,-1,/mnt/ubna_data_01_mir/recover-20220815/UBNA_008/20220812_083000.WAV,Central Pond,recover-20220815,008,1795
611.8015,611.8107,39218.0,52926.0,Echolocation,Pipistrellus nathusii,0.369,0.449,-1,/mnt/ubna_data_01_mir/recover-20220815/UBNA_008/20220812_083000.WAV,Central Pond,recover-20220815,008,1795
612.0825,612.0924,40937.0,51598.0,Echolocation,Pipistrellus nathusii,0.39,0.419,-1,/mnt/ubna_data_01_mir/recover-20220815/UBNA_008/20220812_083000.WAV,Central Pond,recover-20220815,008,1795
612.2515,612.2618,39218.0,49078.0,Echolocation,Pipistrellus nathusii,0.259,0.294,-1,/mnt/ubna_data_01_mir/recover-20220815/UBNA_008/20220812_083000.WAV,Central Pond,recover-20220815,008,1795
612.3455,612.3536,40078.0,52667.0,Echolocation,Pipistrellus nathusii,0.489,0.536,-1,/mnt/ubna_data_01_mir/recover-20220815/UBNA_008/20220812_083000.WAV,Central Pond,recover-20220815,008,1795
612.4285,612.4375,40078.0,52267.0,Echolocation,Pipistrellus nathusii,0.37,0.412,-1,/mnt/ubna_data_01_mir/recover-20220815/UBNA_008/20220812_083000.WAV,Central Pond,recover-20220815,008,1795
612.6115,612.6209,40937.0,53378.0,Echolocation,Pipistrellus nathusii,0.53,0.552,-1,/mnt/ubna_data_01_mir/recover-20220815/UBNA_008/20220812_083000.WAV,Central Pond,recover-20220815,008,1795
612.6995,612.7113,39218.0,45142.0,Echolocation,Pipistrellus nathusii,0.338,0.351,-1,/mnt/ubna_data_01_mir/recover-20220815/UBNA_008/20220812_083000.WAV,Central Pond,recover-20220815,008,1795
612.7815,612.7901,40937.0,46766.0,Echolocation,Pipistrellus nathusii,0.426,0.439,-1,/mnt/ubna_data_01_mir/recover-20220815/UBNA_008/20220812_083000.WAV,Central Pond,recover-20220815,008,1795
612.8635,612.8735,38359.0,51530.0,Echolocation,Pipistrellus nathusii,0.45,0.492,-1,/mnt/ubna_data_01_mir/recover-20220815/UBNA_008/20220812_083000.WAV,Central Pond,recover-20220815,008,1795
612.9465,612.9536,40937.0,54666.0,Echolocation,Pipistrellus nathusii,0.506,0.534,-1,/mnt/ubna_data_01_mir/recover-20220815/UBNA_008/20220812_083000.WAV,Central Pond,recover-20220815,008,1795
613.0165,613.0236,40937.0,57291.0,Echolocation,Pipistrellus nathusii,0.54,0.576,-1,/mnt/ubna_data_01_mir/recover-20220815/UBNA_008/20220812_083000.WAV,Central Pond,recover-20220815,008,1795
613.0815,613.0894,40937.0,56458.0,Echolocation,Pipistrellus nathusii,0.542,0.569,-1,/mnt/ubna_data_01_mir/recover-20220815/UBNA_008/20220812_083000.WAV,Central Pond,recover-20220815,008,1795
613.1565,613.1647,40937.0,55208.0,Echolocation,Pipistrellus nathusii,0.638,0.654,-1,/mnt/ubna_data_01_mir/recover-20220815/UBNA_008/20220812_083000.WAV,Central Pond,recover-20220815,008,1795
613.2385,613.2472,40937.0,54601.0,Echolocation,Pipistrellus nathusii,0.488,0.517,-1,/mnt/ubna_data_01_mir/recover-20220815/UBNA_008/20220812_083000.WAV,Central Pond,recover-20220815,008,1795
613.3345,613.3406,40078.0,59907.0,Echolocation,Pipistrellus nathusii,0.586,0.611,-1,/mnt/ubna_data_01_mir/recover-20220815/UBNA_008/20220812_083000.WAV,Central Pond,recover-20220815,008,1795
613.4395,613.4474,40937.0,59779.0,Echolocation,Pipistrellus nathusii,0.593,0.626,-1,/mnt/ubna_data_01_mir/recover-20220815/UBNA_008/20220812_083000.WAV,Central Pond,recover-20220815,008,1795
613.5385,613.5461,40078.0,61010.0,Echolocation,Pipistrellus nathusii,0.509,0.557,-1,/mnt/ubna_data_01_mir/recover-20220815/UBNA_008/20220812_083000.WAV,Central Pond,recover-20220815,008,1795
613.6465,613.653,39218.0,61567.0,Echolocation,Pipistrellus nathusii,0.661,0.703,-1,/mnt/ubna_data_01_mir/recover-20220815/UBNA_008/20220812_083000.WAV,Central Pond,recover-20220815,008,1795
613.7445,613.7511,39218.0,67035.0,Echolocation,Pipistrellus nathusii,0.62,0.681,-1,/mnt/ubna_data_01_mir/recover-20220815/UBNA_008/20220812_083000.WAV,Central Pond,recover-20220815,008,1795
613.8515,613.8594,39218.0,61785.0,Echolocation,Pipistrellus nathusii,0.666,0.688,-1,/mnt/ubna_data_01_mir/recover-20220815/UBNA_008/20220812_083000.WAV,Central Pond,recover-20220815,008,1795
613.9565,613.9631,39218.0,66790.0,Echolocation,Pipistrellus nathusii,0.671,0.694,-1,/mnt/ubna_data_01_mir/recover-20220815/UBNA_008/20220812_083000.WAV,Central Pond,recover-20220815,008,1795
614.0595,614.067,39218.0,70151.0,Echolocation,Pipistrellus nathusii,0.701,0.717,-1,/mnt/ubna_data_01_mir/recover-20220815/UBNA_008/20220812_083000.WAV,Central Pond,recover-20220815,008,1795
614.1235,614.1307,38359.0,74801.0,Echolocation,Pipistrellus nathusii,0.327,0.49,-1,/mnt/ubna_data_01_mir/recover-20220815/UBNA_008/20220812_083000.WAV,Central Pond,recover-20220815,008,1795
614.1995,614.2068,39218.0,71169.0,Echolocation,Pipistrellus nathusii,0.669,0.701,-1,/mnt/ubna_data_01_mir/recover-20220815/UBNA_008/20220812_083000.WAV,Central Pond,recover-20220815,008,1795
614.2985,614.3052,39218.0,72962.0,Echolocation,Pipistrellus nathusii,0.642,0.667,-1,/mnt/ubna_data_01_mir/recover-20220815/UBNA_008/20220812_083000.WAV,Central Pond,recover-20220815,008,1795
614.4055,614.4123,37500.0,68327.0,Echolocation,Pipistrellus nathusii,0.603,0.652,-1,/mnt/ubna_data_01_mir/recover-20220815/UBNA_008/20220812_083000.WAV,Central Pond,recover-20220815,008,1795
614.5145,614.522,38359.0,75649.0,Echolocation,Pipistrellus nathusii,0.695,0.72,-1,/mnt/ubna_data_01_mir/recover-20220815/UBNA_008/20220812_083000.WAV,Central Pond,recover-20220815,008,1795
614.6185,614.6263,37500.0,72079.0,Echolocation,Pipistrellus nathusii,0.467,0.544,-1,/mnt/ubna_data_01_mir/recover-20220815/UBNA_008/20220812_083000.WAV,Central Pond,recover-20220815,008,1795
614.7275,614.7345,38359.0,70558.0,Echolocation,Pipistrellus nathusii,0.671,0.686,-1,/mnt/ubna_data_01_mir/recover-20220815/UBNA_008/20220812_083000.WAV,Central Pond,recover-20220815,008,1795
614.8175,614.8246,38359.0,72649.0,Echolocation,Pipistrellus nathusii,0.425,0.518,-1,/mnt/ubna_data_01_mir/recover-20220815/UBNA_008/20220812_083000.WAV,Central Pond,recover-20220815,008,1795
614.9155,614.9226,39218.0,67278.0,Echolocation,Pipistrellus nathusii,0.629,0.679,-1,/mnt/ubna_data_01_mir/recover-20220815/UBNA_008/20220812_083000.WAV,Central Pond,recover-20220815,008,1795
615.0155,615.0231,38359.0,73606.0,Echolocation,Pipistrellus nathusii,0.704,0.723,-1,/mnt/ubna_data_01_mir/recover-20220815/UBNA_008/20220812_083000.WAV,Central Pond,recover-20220815,008,1795
615.1205,615.1273,38359.0,63186.0,Echolocation,Pipistrellus nathusii,0.626,0.691,-1,/mnt/ubna_data_01_mir/recover-20220815/UBNA_008/20220812_083000.WAV,Central Pond,recover-20220815,008,1795
615.2195,615.2278,38359.0,63279.0,Echolocation,Pipistrellus nathusii,0.591,0.614,-1,/mnt/ubna_data_01_mir/recover-20220815/UBNA_008/20220812_083000.WAV,Central Pond,recover-20220815,008,1795
615.3265,615.3352,40078.0,56988.0,Echolocation,Pipistrellus nathusii,0.602,0.622,-1,/mnt/ubna_data_01_mir/recover-20220815/UBNA_008/20220812_083000.WAV,Central Pond,recover-20220815,008,1795
615.4405,615.4484,39218.0,62359.0,Echolocation,Pipistrellus nathusii,0.681,0.702,-1,/mnt/ubna_data_01_mir/recover-20220815/UBNA_008/20220812_083000.WAV,Central Pond,recover-20220815,008,1795
615.5355,615.5431,40078.0,57229.0,Echolocation,Pipistrellus nathusii,0.573,0.603,-1,/mnt/ubna_data_01_mir/recover-20220815/UBNA_008/20220812_083000.WAV,Central Pond,recover-20220815,008,1795
615.6365,615.6441,40078.0,64418.0,Echolocation,Pipistrellus nathusii,0.671,0.711,-1,/mnt/ubna_data_01_mir/recover-20220815/UBNA_008/20220812_083000.WAV,Central Pond,recover-20220815,008,1795
615.7445,615.7522,40078.0,57081.0,Echolocation,Pipistrellus nathusii,0.474,0.538,-1,/mnt/ubna_data_01_mir/recover-20220815/UBNA_008/20220812_083000.WAV,Central Pond,recover-20220815,008,1795
615.8475,615.8538,39218.0,57940.0,Echolocation,Pipistrellus nathusii,0.445,0.506,-1,/mnt/ubna_data_01_mir/recover-20220815/UBNA_008/20220812_083000.WAV,Central Pond,recover-20220815,008,1795
615.9355,615.9448,40937.0,49898.0,Echolocation,Pipistrellus nathusii,0.297,0.328,-1,/mnt/ubna_data_01_mir/recover-20220815/UBNA_008/20220812_083000.WAV,Central Pond,recover-20220815,008,1795
616.0305,616.0359,38359.0,49830.0,Echolocation,Pipistrellus nathusii,0.12,0.372,-1,/mnt/ubna_data_01_mir/recover-20220815/UBNA_008/20220812_083000.WAV,Central Pond,recover-20220815,008,1795
616.1555,616.1598,38359.0,51475.0,Echolocation,Myotis daubentonii,0.106,0.244,-1,/mnt/ubna_data_01_mir/recover-20220815/UBNA_008/20220812_083000.WAV,Central Pond,recover-20220815,008,1795
616.4075,616.4132,40078.0,53806.0,Echolocation,Myotis brandtii,0.086,0.264,-1,/mnt/ubna_data_01_mir/recover-20220815/UBNA_008/20220812_083000.WAV,Central Pond,recover-20220815,008,1795
616.5615,616.5673,41796.0,50885.0,Echolocation,Pipistrellus nathusii,0.149,0.363,-1,/mnt/ubna_data_01_mir/recover-20220815/UBNA_008/20220812_083000.WAV,Central Pond,recover-20220815,008,1795
616.6055,616.6112,41796.0,50635.0,Echolocation,Pipistrellus nathusii,0.185,0.397,-1,/mnt/ubna_data_01_mir/recover-20220815/UBNA_008/20220812_083000.WAV,Central Pond,recover-20220815,008,1795
616.6555,616.6611,40078.0,53168.0,Echolocation,Myotis daubentonii,0.158,0.443,-1,/mnt/ubna_data_01_mir/recover-20220815/UBNA_008/20220812_083000.WAV,Central Pond,recover-20220815,008,1795
616.7125,616.7175,40078.0,52550.0,Echolocation,Myotis daubentonii,0.12,0.263,-1,/mnt/ubna_data_01_mir/recover-20220815/UBNA_008/20220812_083000.WAV,Central Pond,recover-20220815,008,1795
616.7645,616.7699,40937.0,52590.0,Echolocation,Myotis daubentonii,0.14,0.393,-1,/mnt/ubna_data_01_mir/recover-20220815/UBNA_008/20220812_083000.WAV,Central Pond,recover-20220815,008,1795
616.8605,616.8654,38359.0,50352.0,Echolocation,Myotis daubentonii,0.118,0.214,-1,/mnt/ubna_data_01_mir/recover-20220815/UBNA_008/20220812_083000.WAV,Central Pond,recover-20220815,008,1795
616.9045,616.9096,40078.0,54299.0,Echolocation,Pipistrellus nathusii,0.138,0.423,-1,/mnt/ubna_data_01_mir/recover-20220815/UBNA_008/20220812_083000.WAV,Central Pond,recover-20220815,008,1795
616.9435,616.9485999999999,40937.0,55934.0,Echolocation,Pipistrellus nathusii,0.122,0.301,-1,/mnt/ubna_data_01_mir/recover-20220815/UBNA_008/20220812_083000.WAV,Central Pond,recover-20220815,008,1795
616.9925,616.9984,43515.0,53222.0,Echolocation,Pipistrellus nathusii,0.151,0.303,-1,/mnt/ubna_data_01_mir/recover-20220815/UBNA_008/20220812_083000.WAV,Central Pond,recover-20220815,008,1795
617.0255,617.0338,41796.0,55051.0,Echolocation,Pipistrellus nathusii,0.111,0.202,-1,/mnt/ubna_data_01_mir/recover-20220815/UBNA_008/20220812_083000.WAV,Central Pond,recover-20220815,008,1795
617.3235,617.3302,41796.0,53683.0,Echolocation,Pipistrellus nathusii,0.249,0.379,-1,/mnt/ubna_data_01_mir/recover-20220815/UBNA_008/20220812_083000.WAV,Central Pond,recover-20220815,008,1795
617.4285,617.4385,41796.0,50344.0,Echolocation,Pipistrellus nathusii,0.307,0.365,-1,/mnt/ubna_data_01_mir/recover-20220815/UBNA_008/20220812_083000.WAV,Central Pond,recover-20220815,008,1795
617.6285,617.6388,42656.0,49781.0,Echolocation,Pipistrellus nathusii,0.364,0.411,-1,/mnt/ubna_data_01_mir/recover-20220815/UBNA_008/20220812_083000.WAV,Central Pond,recover-20220815,008,1795
617.7435,617.7517,41796.0,48939.0,Echolocation,Pipistrellus nathusii,0.35,0.42,-1,/mnt/ubna_data_01_mir/recover-20220815/UBNA_008/20220812_083000.WAV,Central Pond,recover-20220815,008,1795
617.8405,617.8495,41796.0,54086.0,Echolocation,Pipistrellus nathusii,0.35,0.529,-1,/mnt/ubna_data_01_mir/recover-20220815/UBNA_008/20220812_083000.WAV,Central Pond,recover-20220815,008,1795
617.9325,617.9398,40937.0,55023.0,Echolocation,Pipistrellus nathusii,0.285,0.452,-1,/mnt/ubna_data_01_mir/recover-20220815/UBNA_008/20220812_083000.WAV,Central Pond,recover-20220815,008,1795
618.0355,618.0442,40937.0,54223.0,Echolocation,Pipistrellus nathusii,0.408,0.463,-1,/mnt/ubna_data_01_mir/recover-20220815/UBNA_008/20220812_083000.WAV,Central Pond,recover-20220815,008,1795
618.1355,618.1461,40937.0,56704.0,Echolocation,Pipistrellus nathusii,0.334,0.457,-1,/mnt/ubna_data_01_mir/recover-20220815/UBNA_008/20220812_083000.WAV,Central Pond,recover-20220815,008,1795
618.2205,618.2258,43515.0,54070.0,Echolocation,Pipistrellus nathusii,0.232,0.34,-1,/mnt/ubna_data_01_mir/recover-20220815/UBNA_008/20220812_083000.WAV,Central Pond,recover-20220815,008,1795
618.3375,618.3463,40937.0,49603.0,Echolocation,Pipistrellus nathusii,0.467,0.51,-1,/mnt/ubna_data_01_mir/recover-20220815/UBNA_008/20220812_083000.WAV,Central Pond,recover-20220815,008,1795
618.4425,618.4532,40937.0,54456.0,Echolocation,Pipistrellus nathusii,0.322,0.406,-1,/mnt/ubna_data_01_mir/recover-20220815/UBNA_008/20220812_083000.WAV,Central Pond,recover-20220815,008,1795
618.6365,618.6481,41796.0,53421.0,Echolocation,Pipistrellus nathusii,0.327,0.435,-1,/mnt/ubna_data_01_mir/recover-20220815/UBNA_008/20220812_083000.WAV,Central Pond,recover-20220815,008,1795
618.7355,618.7447,40937.0,56072.0,Echolocation,Pipistrellus nathusii,0.482,0.577,-1,/mnt/ubna_data_01_mir/recover-20220815/UBNA_008/20220812_083000.WAV,Central Pond,recover-20220815,008,1795
618.7855,618.7918,40937.0,49429.0,Echolocation,Pipistrellus nathusii,0.167,0.242,-1,/mnt/ubna_data_01_mir/recover-20220815/UBNA_008/20220812_083000.WAV,Central Pond,recover-20220815,008,1795
618.8755,618.8818,42656.0,51020.0,Echolocation,Pipistrellus nathusii,0.218,0.27,-1,/mnt/ubna_data_01_mir/recover-20220815/UBNA_008/20220812_083000.WAV,Central Pond,recover-20220815,008,1795
618.9455,618.9571,41796.0,54049.0,Echolocation,Pipistrellus nathusii,0.379,0.486,-1,/mnt/ubna_data_01_mir/recover-20220815/UBNA_008/20220812_083000.WAV,Central Pond,recover-20220815,008,1795
619.0495,619.06,41796.0,58174.0,Echolocation,Pipistrellus nathusii,0.498,0.568,-1,/mnt/ubna_data_01_mir/recover-20220815/UBNA_008/20220812_083000.WAV,Central Pond,recover-20220815,008,1795
619.2415,619.2538,40937.0,59243.0,Echolocation,Pipistrellus nathusii,0.434,0.541,-1,/mnt/ubna_data_01_mir/recover-20220815/UBNA_008/20220812_083000.WAV,Central Pond,recover-20220815,008,1795
619.3435,619.3514,41796.0,59411.0,Echolocation,Pipistrellus nathusii,0.524,0.582,-1,/mnt/ubna_data_01_mir/recover-20220815/UBNA_008/20220812_083000.WAV,Central Pond,recover-20220815,008,1795
619.5425,619.5496,41796.0,57612.0,Echolocation,Pipistrellus nathusii,0.586,0.628,-1,/mnt/ubna_data_01_mir/recover-20220815/UBNA_008/20220812_083000.WAV,Central Pond,recover-20220815,008,1795
619.6535,619.6644,41796.0,57721.0,Echolocation,Pipistrellus nathusii,0.473,0.555,-1,/mnt/ubna_data_01_mir/recover-20220815/UBNA_008/20220812_083000.WAV,Central Pond,recover-20220815,008,1795
619.8515,619.8606,40937.0,59354.0,Echolocation,Pipistrellus nathusii,0.544,0.607,-1,/mnt/ubna_data_01_mir/recover-20220815/UBNA_008/20220812_083000.WAV,Central Pond,recover-20220815,008,1795
619.9555,619.9635,40078.0,58286.0,Echolocation,Pipistrellus nathusii,0.546,0.609,-1,/mnt/ubna_data_01_mir/recover-20220815/UBNA_008/20220812_083000.WAV,Central Pond,recover-20220815,008,1795
620.0985000000001,620.106,40937.0,58470.0,Echolocation,Pipistrellus nathusii,0.573,0.605,-1,/mnt/ubna_data_01_mir/recover-20220815/UBNA_008/20220812_083000.WAV,Central Pond,recover-20220815,008,1795
620.1825,620.1902,40937.0,66810.0,Echolocation,Pipistrellus nathusii,0.561,0.606,-1,/mnt/ubna_data_01_mir/recover-20220815/UBNA_008/20220812_083000.WAV,Central Pond,recover-20220815,008,1795
620.2715,620.2805,40937.0,62022.0,Echolocation,Pipistrellus nathusii,0.421,0.516,-1,/mnt/ubna_data_01_mir/recover-20220815/UBNA_008/20220812_083000.WAV,Central Pond,recover-20220815,008,1795
620.3725,620.3805,40937.0,56157.0,Echolocation,Pipistrellus nathusii,0.587,0.615,-1,/mnt/ubna_data_01_mir/recover-20220815/UBNA_008/20220812_083000.WAV,Central Pond,recover-20220815,008,1795
620.4715,620.4788,40937.0,59822.0,Echolocation,Pipistrellus nathusii,0.513,0.565,-1,/mnt/ubna_data_01_mir/recover-20220815/UBNA_008/20220812_083000.WAV,Central Pond,recover-20220815,008,1795
620.5755,620.5841,40937.0,60214.0,Echolocation,Pipistrellus nathusii,0.546,0.614,-1,/mnt/ubna_data_01_mir/recover-20220815/UBNA_008/20220812_083000.WAV,Central Pond,recover-20220815,008,1795
620.7705,620.7796,40078.0,62627.0,Echolocation,Pipistrellus nathusii,0.526,0.56,-1,/mnt/ubna_data_01_mir/recover-20220815/UBNA_008/20220812_083000.WAV,Central Pond,recover-20220815,008,1795
620.8715,620.8796,40078.0,56357.0,Echolocation,Pipistrellus nathusii,0.6,0.633,-1,/mnt/ubna_data_01_mir/recover-20220815/UBNA_008/20220812_083000.WAV,Central Pond,recover-20220815,008,1795
621.0655,621.0738,40078.0,66057.0,Echolocation,Pipistrellus nathusii,0.486,0.547,-1,/mnt/ubna_data_01_mir/recover-20220815/UBNA_008/20220812_083000.WAV,Central Pond,recover-20220815,008,1795
621.1645,621.1741,40937.0,55267.0,Echolocation,Pipistrellus nathusii,0.476,0.547,-1,/mnt/ubna_data_01_mir/recover-20220815/UBNA_008/20220812_083000.WAV,Central Pond,recover-20220815,008,1795
621.3505,621.3579,40937.0,62023.0,Echolocation,Pipistrellus nathusii,0.506,0.558,-1,/mnt/ubna_data_01_mir/recover-20220815/UBNA_008/20220812_083000.WAV,Central Pond,recover-20220815,008,1795
621.4485,621.4565,40078.0,55223.0,Echolocation,Pipistrellus nathusii,0.506,0.551,-1,/mnt/ubna_data_01_mir/recover-20220815/UBNA_008/20220812_083000.WAV,Central Pond,recover-20220815,008,1795
621.6325,621.6402,40078.0,62610.0,Echolocation,Pipistrellus nathusii,0.567,0.624,-1,/mnt/ubna_data_01_mir/recover-20220815/UBNA_008/20220812_083000.WAV,Central Pond,recover-20220815,008,1795
621.7295,621.7369,40078.0,56828.0,Echolocation,Pipistrellus nathusii,0.539,0.597,-1,/mnt/ubna_data_01_mir/recover-20220815/UBNA_008/20220812_083000.WAV,Central Pond,recover-20220815,008,1795
621.9095,621.9175,39218.0,65811.0,Echolocation,Pipistrellus nathusii,0.568,0.62,-1,/mnt/ubna_data_01_mir/recover-20220815/UBNA_008/20220812_083000.WAV,Central Pond,recover-20220815,008,1795
622.0045,622.0119,38359.0,58020.0,Echolocation,Pipistrellus nathusii,0.506,0.632,-1,/mnt/ubna_data_01_mir/recover-20220815/UBNA_008/20220812_083000.WAV,Central Pond,recover-20220815,008,1795
622.0665,622.0727,38359.0,54481.0,Echolocation,Pipistrellus nathusii,0.174,0.362,-1,/mnt/ubna_data_01_mir/recover-20220815/UBNA_008/20220812_083000.WAV,Central Pond,recover-20220815,008,1795
622.1505,622.1566,43515.0,50233.0,Echolocation,Pipistrellus nathusii,0.221,0.292,-1,/mnt/ubna_data_01_mir/recover-20220815/UBNA_008/20220812_083000.WAV,Central Pond,recover-20220815,008,1795
622.5285,622.5358,40937.0,60676.0,Echolocation,Pipistrellus nathusii,0.467,0.61,-1,/mnt/ubna_data_01_mir/recover-20220815/UBNA_008/20220812_083000.WAV,Central Pond,recover-20220815,008,1795
622.6065,622.615,40937.0,56512.0,Echolocation,Pipistrellus nathusii,0.293,0.466,-1,/mnt/ubna_data_01_mir/recover-20220815/UBNA_008/20220812_083000.WAV,Central Pond,recover-20220815,008,1795
622.7305,622.74,40937.0,62203.0,Echolocation,Pipistrellus nathusii,0.446,0.575,-1,/mnt/ubna_data_01_mir/recover-20220815/UBNA_008/20220812_083000.WAV,Central Pond,recover-20220815,008,1795
622.8285,622.8394,40078.0,47601.0,Echolocation,Pipistrellus nathusii,0.359,0.38,-1,/mnt/ubna_data_01_mir/recover-20220815/UBNA_008/20220812_083000.WAV,Central Pond,recover-20220815,008,1795
622.9965,623.0065,40078.0,61108.0,Echolocation,Pipistrellus nathusii,0.496,0.575,-1,/mnt/ubna_data_01_mir/recover-20220815/UBNA_008/20220812_083000.WAV,Central Pond,recover-20220815,008,1795
623.0985000000001,623.1099,40937.0,49842.0,Echolocation,Pipistrellus nathusii,0.425,0.445,-1,/mnt/ubna_data_01_mir/recover-20220815/UBNA_008/20220812_083000.WAV,Central Pond,recover-20220815,008,1795
623.2805,623.2903,40937.0,57836.0,Echolocation,Pipistrellus nathusii,0.426,0.536,-1,/mnt/ubna_data_01_mir/recover-20220815/UBNA_008/20220812_083000.WAV,Central Pond,recover-20220815,008,1795
623.3855,623.3956000000001,40937.0,47919.0,Echolocation,Pipistrellus nathusii,0.33,0.357,-1,/mnt/ubna_data_01_mir/recover-20220815/UBNA_008/20220812_083000.WAV,Central Pond,recover-20220815,008,1795
623.5625,623.5725,40078.0,60475.0,Echolocation,Pipistrellus nathusii,0.561,0.635,-1,/mnt/ubna_data_01_mir/recover-20220815/UBNA_008/20220812_083000.WAV,Central Pond,recover-20220815,008,1795
623.6635,623.6704,40078.0,53093.0,Echolocation,Pipistrellus nathusii,0.437,0.511,-1,/mnt/ubna_data_01_mir/recover-20220815/UBNA_008/20220812_083000.WAV,Central Pond,recover-20220815,008,1795
623.8495,623.8601,40078.0,60811.0,Echolocation,Pipistrellus nathusii,0.562,0.656,-1,/mnt/ubna_data_01_mir/recover-20220815/UBNA_008/20220812_083000.WAV,Central Pond,recover-20220815,008,1795
623.9505,623.9591,39218.0,46107.0,Echolocation,Pipistrellus nathusii,0.413,0.466,-1,/mnt/ubna_data_01_mir/recover-20220815/UBNA_008/20220812_083000.WAV,Central Pond,recover-20220815,008,1795
624.0375,624.0446,40078.0,48011.0,Echolocation,Pipistrellus nathusii,0.313,0.417,-1,/mnt/ubna_data_01_mir/recover-20220815/UBNA_008/20220812_083000.WAV,Central Pond,recover-20220815,008,1795
624.1205,624.1295,40078.0,46908.0,Echolocation,Pipistrellus nathusii,0.426,0.456,-1,/mnt/ubna_data_01_mir/recover-20220815/UBNA_008/20220812_083000.WAV,Central Pond,recover-20220815,008,1795
624.2035,624.2148,40078.0,50333.0,Echolocation,Pipistrellus nathusii,0.321,0.369,-1,/mnt/ubna_data_01_mir/recover-20220815/UBNA_008/20220812_083000.WAV,Central Pond,recover-20220815,008,1795
624.9725,624.9789,44375.0,54724.0,Echolocation,Pipistrellus nathusii,0.282,0.44,-1,/mnt/ubna_data_01_mir/recover-20220815/UBNA_008/20220812_083000.WAV,Central Pond,recover-20220815,008,1795
625.0435,625.0518,41796.0,59604.0,Echolocation,Pipistrellus nathusii,0.407,0.486,-1,/mnt/ubna_data_01_mir/recover-20220815/UBNA_008/20220812_083000.WAV,Central Pond,recover-20220815,008,1795
625.1125,625.1251,41796.0,45426.0,Echolocation,Pipistrellus nathusii,0.249,0.262,-1,/mnt/ubna_data_01_mir/recover-20220815/UBNA_008/20220812_083000.WAV,Central Pond,recover-20220815,008,1795
625.1925,625.2027,40937.0,57023.0,Echolocation,Pipistrellus nathusii,0.311,0.413,-1,/mnt/ubna_data_01_mir/recover-20220815/UBNA_008/20220812_083000.WAV,Central Pond,recover-20220815,008,1795
625.2875,625.2956,39218.0,45204.0,Echolocation,Pipistrellus nathusii,0.307,0.37,-1,/mnt/ubna_data_01_mir/recover-20220815/UBNA_008/20220812_083000.WAV,Central Pond,recover-20220815,008,1795
625.4665,625.4747,39218.0,52167.0,Echolocation,Pipistrellus nathusii,0.428,0.526,-1,/mnt/ubna_data_01_mir/recover-20220815/UBNA_008/20220812_083000.WAV,Central Pond,recover-20220815,008,1795
625.5715,625.5787,39218.0,47259.0,Echolocation,Pipistrellus nathusii,0.393,0.446,-1,/mnt/ubna_data_01_mir/recover-20220815/UBNA_008/20220812_083000.WAV,Central Pond,recover-20220815,008,1795
625.6735,625.6817,38359.0,45485.0,Echolocation,Pipistrellus nathusii,0.452,0.553,-1,/mnt/ubna_data_01_mir/recover-20220815/UBNA_008/20220812_083000.WAV,Central Pond,recover-20220815,008,1795
625.7745,625.7847,40078.0,51457.0,Echolocation,Pipistrellus nathusii,0.409,0.497,-1,/mnt/ubna_data_01_mir/recover-20220815/UBNA_008/20220812_083000.WAV,Central Pond,recover-20220815,008,1795
626.0865,626.0957,40078.0,50561.0,Echolocation,Pipistrellus nathusii,0.497,0.6,-1,/mnt/ubna_data_01_mir/recover-20220815/UBNA_008/20220812_083000.WAV,Central Pond,recover-20220815,008,1795
626.5955,626.6045,40078.0,46224.0,Echolocation,Pipistrellus nathusii,0.395,0.433,-1,/mnt/ubna_data_01_mir/recover-20220815/UBNA_008/20220812_083000.WAV,Central Pond,recover-20220815,008,1795
627.0765,627.084,40078.0,46143.0,Echolocation,Pipistrellus nathusii,0.44,0.483,-1,/mnt/ubna_data_01_mir/recover-20220815/UBNA_008/20220812_083000.WAV,Central Pond,recover-20220815,008,1795
627.3815,627.39,40937.0,45964.0,Echolocation,Pipistrellus nathusii,0.351,0.372,-1,/mnt/ubna_data_01_mir/recover-20220815/UBNA_008/20220812_083000.WAV,Central Pond,recover-20220815,008,1795
627.7805,627.7884,40078.0,46100.0,Echolocation,Pipistrellus nathusii,0.307,0.397,-1,/mnt/ubna_data_01_mir/recover-20220815/UBNA_008/20220812_083000.WAV,Central Pond,recover-20220815,008,1795
627.8805,627.8892,38359.0,44242.0,Echolocation,Pipistrellus nathusii,0.159,0.247,-1,/mnt/ubna_data_01_mir/recover-20220815/UBNA_008/20220812_083000.WAV,Central Pond,recover-20220815,008,1795
628.0605,628.0705,40937.0,46523.0,Echolocation,Pipistrellus nathusii,0.321,0.371,-1,/mnt/ubna_data_01_mir/recover-20220815/UBNA_008/20220812_083000.WAV,Central Pond,recover-20220815,008,1795
628.6425,628.6521,40078.0,46595.0,Echolocation,Pipistrellus nathusii,0.473,0.572,-1,/mnt/ubna_data_01_mir/recover-20220815/UBNA_008/20220812_083000.WAV,Central Pond,recover-20220815,008,1795
647.1975,647.2066,38359.0,43344.0,Echolocation,Pipistrellus nathusii,0.274,0.342,-1,/mnt/ubna_data_01_mir/recover-20220815/UBNA_008/20220812_083000.WAV,Central Pond,recover-20220815,008,1795
647.4945,647.5028,39218.0,44849.0,Echolocation,Pipistrellus nathusii,0.378,0.43,-1,/mnt/ubna_data_01_mir/recover-20220815/UBNA_008/20220812_083000.WAV,Central Pond,recover-20220815,008,1795
647.7095,647.7179,38359.0,44055.0,Echolocation,Pipistrellus nathusii,0.328,0.388,-1,/mnt/ubna_data_01_mir/recover-20220815/UBNA_008/20220812_083000.WAV,Central Pond,recover-20220815,008,1795
648.0195,648.0277,38359.0,47300.0,Echolocation,Pipistrellus nathusii,0.394,0.424,-1,/mnt/ubna_data_01_mir/recover-20220815/UBNA_008/20220812_083000.WAV,Central Pond,recover-20220815,008,1795
648.1185,648.1292,39218.0,45032.0,Echolocation,Pipistrellus nathusii,0.388,0.403,-1,/mnt/ubna_data_01_mir/recover-20220815/UBNA_008/20220812_083000.WAV,Central Pond,recover-20220815,008,1795
648.2315,648.2392,38359.0,48099.0,Echolocation,Pipistrellus nathusii,0.414,0.462,-1,/mnt/ubna_data_01_mir/recover-20220815/UBNA_008/20220812_083000.WAV,Central Pond,recover-20220815,008,1795
648.3475,648.3552,38359.0,44111.0,Echolocation,Pipistrellus nathusii,0.277,0.315,-1,/mnt/ubna_data_01_mir/recover-20220815/UBNA_008/20220812_083000.WAV,Central Pond,recover-20220815,008,1795
648.4555,648.4631,39218.0,47136.0,Echolocation,Pipistrellus nathusii,0.44,0.476,-1,/mnt/ubna_data_01_mir/recover-20220815/UBNA_008/20220812_083000.WAV,Central Pond,recover-20220815,008,1795
648.6525,648.6637,38359.0,43964.0,Echolocation,Pipistrellus nathusii,0.34,0.352,-1,/mnt/ubna_data_01_mir/recover-20220815/UBNA_008/20220812_083000.WAV,Central Pond,recover-20220815,008,1795
648.7635,648.7727,40078.0,47743.0,Echolocation,Pipistrellus nathusii,0.497,0.541,-1,/mnt/ubna_data_01_mir/recover-20220815/UBNA_008/20220812_083000.WAV,Central Pond,recover-20220815,008,1795
648.8755,648.8859,38359.0,46093.0,Echolocation,Pipistrellus nathusii,0.479,0.521,-1,/mnt/ubna_data_01_mir/recover-20220815/UBNA_008/20220812_083000.WAV,Central Pond,recover-20220815,008,1795
648.9825,648.9926,38359.0,48376.0,Echolocation,Pipistrellus nathusii,0.493,0.572,-1,/mnt/ubna_data_01_mir/recover-20220815/UBNA_008/20220812_083000.WAV,Central Pond,recover-20220815,008,1795
649.0865,649.0945,38359.0,46786.0,Echolocation,Pipistrellus nathusii,0.542,0.561,-1,/mnt/ubna_data_01_mir/recover-20220815/UBNA_008/20220812_083000.WAV,Central Pond,recover-20220815,008,1795
649.1985,649.2063,39218.0,52322.0,Echolocation,Pipistrellus nathusii,0.45,0.532,-1,/mnt/ubna_data_01_mir/recover-20220815/UBNA_008/20220812_083000.WAV,Central Pond,recover-20220815,008,1795
649.3925,649.4017,38359.0,48108.0,Echolocation,Pipistrellus nathusii,0.498,0.537,-1,/mnt/ubna_data_01_mir/recover-20220815/UBNA_008/20220812_083000.WAV,Central Pond,recover-20220815,008,1795
649.5025,649.5107,39218.0,49793.0,Echolocation,Pipistrellus nathusii,0.563,0.605,-1,/mnt/ubna_data_01_mir/recover-20220815/UBNA_008/20220812_083000.WAV,Central Pond,recover-20220815,008,1795
649.6245,649.6337,38359.0,50803.0,Echolocation,Pipistrellus nathusii,0.634,0.676,-1,/mnt/ubna_data_01_mir/recover-20220815/UBNA_008/20220812_083000.WAV,Central Pond,recover-20220815,008,1795
649.7275,649.7373,39218.0,50966.0,Echolocation,Pipistrellus nathusii,0.482,0.568,-1,/mnt/ubna_data_01_mir/recover-20220815/UBNA_008/20220812_083000.WAV,Central Pond,recover-20220815,008,1795
649.8415,649.8508,39218.0,52016.0,Echolocation,Pipistrellus nathusii,0.561,0.638,-1,/mnt/ubna_data_01_mir/recover-20220815/UBNA_008/20220812_083000.WAV,Central Pond,recover-20220815,008,1795
649.9455,649.9544,38359.0,44903.0,Echolocation,Pipistrellus nathusii,0.472,0.515,-1,/mnt/ubna_data_01_mir/recover-20220815/UBNA_008/20220812_083000.WAV,Central Pond,recover-20220815,008,1795
650.0495,650.0575,38359.0,48000.0,Echolocation,Pipistrellus nathusii,0.532,0.575,-1,/mnt/ubna_data_01_mir/recover-20220815/UBNA_008/20220812_083000.WAV,Central Pond,recover-20220815,008,1795
650.1365,650.1465,39218.0,46685.0,Echolocation,Pipistrellus nathusii,0.438,0.487,-1,/mnt/ubna_data_01_mir/recover-20220815/UBNA_008/20220812_083000.WAV,Central Pond,recover-20220815,008,1795
650.2465,650.2556,40078.0,49719.0,Echolocation,Pipistrellus nathusii,0.473,0.531,-1,/mnt/ubna_data_01_mir/recover-20220815/UBNA_008/20220812_083000.WAV,Central Pond,recover-20220815,008,1795
650.3505,650.3588,38359.0,48559.0,Echolocation,Pipistrellus nathusii,0.662,0.691,-1,/mnt/ubna_data_01_mir/recover-20220815/UBNA_008/20220812_083000.WAV,Central Pond,recover-20220815,008,1795
650.4655,650.4746,38359.0,48812.0,Echolocation,Pipistrellus nathusii,0.547,0.626,-1,/mnt/ubna_data_01_mir/recover-20220815/UBNA_008/20220812_083000.WAV,Central Pond,recover-20220815,008,1795
650.5725,650.5834,38359.0,44345.0,Echolocation,Pipistrellus nathusii,0.309,0.335,-1,/mnt/ubna_data_01_mir/recover-20220815/UBNA_008/20220812_083000.WAV,Central Pond,recover-20220815,008,1795
650.6765,650.6856,39218.0,48723.0,Echolocation,Pipistrellus nathusii,0.582,0.603,-1,/mnt/ubna_data_01_mir/recover-20220815/UBNA_008/20220812_083000.WAV,Central Pond,recover-20220815,008,1795
650.7875,650.7959,39218.0,47571.0,Echolocation,Pipistrellus nathusii,0.402,0.448,-1,/mnt/ubna_data_01_mir/recover-20220815/UBNA_008/20220812_083000.WAV,Central Pond,recover-20220815,008,1795
650.9835,650.9915,39218.0,51207.0,Echolocation,Pipistrellus nathusii,0.607,0.627,-1,/mnt/ubna_data_01_mir/recover-20220815/UBNA_008/20220812_083000.WAV,Central Pond,recover-20220815,008,1795
651.0975,651.107,39218.0,49372.0,Echolocation,Pipistrellus nathusii,0.482,0.542,-1,/mnt/ubna_data_01_mir/recover-20220815/UBNA_008/20220812_083000.WAV,Central Pond,recover-20220815,008,1795
651.2155,651.2251,39218.0,50990.0,Echolocation,Pipistrellus nathusii,0.474,0.565,-1,/mnt/ubna_data_01_mir/recover-20220815/UBNA_008/20220812_083000.WAV,Central Pond,recover-20220815,008,1795
651.3315,651.3412,39218.0,48856.0,Echolocation,Pipistrellus nathusii,0.497,0.52,-1,/mnt/ubna_data_01_mir/recover-20220815/UBNA_008/20220812_083000.WAV,Central Pond,recover-20220815,008,1795
651.5205,651.5294,39218.0,53552.0,Echolocation,Pipistrellus nathusii,0.577,0.622,-1,/mnt/ubna_data_01_mir/recover-20220815/UBNA_008/20220812_083000.WAV,Central Pond,recover-20220815,008,1795
651.6335,651.6422,38359.0,47487.0,Echolocation,Pipistrellus nathusii,0.465,0.551,-1,/mnt/ubna_data_01_mir/recover-20220815/UBNA_008/20220812_083000.WAV,Central Pond,recover-20220815,008,1795
651.8345,651.8442,39218.0,50150.0,Echolocation,Pipistrellus nathusii,0.506,0.595,-1,/mnt/ubna_data_01_mir/recover-20220815/UBNA_008/20220812_083000.WAV,Central Pond,recover-20220815,008,1795
652.0545,652.0618,37500.0,44543.0,Echolocation,Pipistrellus nathusii,0.248,0.395,-1,/mnt/ubna_data_01_mir/recover-20220815/UBNA_008/20220812_083000.WAV,Central Pond,recover-20220815,008,1795
652.2705,652.28,38359.0,44093.0,Echolocation,Pipistrellus nathusii,0.263,0.322,-1,/mnt/ubna_data_01_mir/recover-20220815/UBNA_008/20220812_083000.WAV,Central Pond,recover-20220815,008,1795
710.3555,710.3746,22890.0,26246.0,Echolocation,Nyctalus leisleri,0.173,0.257,-1,/mnt/ubna_data_01_mir/recover-20220815/UBNA_008/20220812_083000.WAV,Central Pond,recover-20220815,008,1795
711.6625,711.6809,22890.0,26613.0,Echolocation,Nyctalus leisleri,0.103,0.207,-1,/mnt/ubna_data_01_mir/recover-20220815/UBNA_008/20220812_083000.WAV,Central Pond,recover-20220815,008,1795
712.0595,712.0841,22890.0,26681.0,Echolocation,Nyctalus leisleri,0.16,0.25,-1,/mnt/ubna_data_01_mir/recover-20220815/UBNA_008/20220812_083000.WAV,Central Pond,recover-20220815,008,1795
712.7235000000001,712.7414,22890.0,26578.0,Echolocation,Nyctalus leisleri,0.299,0.401,-1,/mnt/ubna_data_01_mir/recover-20220815/UBNA_008/20220812_083000.WAV,Central Pond,recover-20220815,008,1795
713.3895,713.4095,22890.0,26794.0,Echolocation,Nyctalus leisleri,0.221,0.291,-1,/mnt/ubna_data_01_mir/recover-20220815/UBNA_008/20220812_083000.WAV,Central Pond,recover-20220815,008,1795
713.6615,713.6825,22890.0,26485.0,Echolocation,Nyctalus leisleri,0.11,0.206,-1,/mnt/ubna_data_01_mir/recover-20220815/UBNA_008/20220812_083000.WAV,Central Pond,recover-20220815,008,1795
714.3365,714.3552999999999,22890.0,27751.0,Echolocation,Nyctalus leisleri,0.139,0.328,-1,/mnt/ubna_data_01_mir/recover-20220815/UBNA_008/20220812_083000.WAV,Central Pond,recover-20220815,008,1795
714.8795,714.8983,22890.0,27642.0,Echolocation,Nyctalus leisleri,0.255,0.422,-1,/mnt/ubna_data_01_mir/recover-20220815/UBNA_008/20220812_083000.WAV,Central Pond,recover-20220815,008,1795
715.4155,715.4367,22890.0,28129.0,Echolocation,Nyctalus noctula,0.159,0.39,-1,/mnt/ubna_data_01_mir/recover-20220815/UBNA_008/20220812_083000.WAV,Central Pond,recover-20220815,008,1795
716.0925,716.1167,22031.0,25849.0,Echolocation,Nyctalus leisleri,0.233,0.309,-1,/mnt/ubna_data_01_mir/recover-20220815/UBNA_008/20220812_083000.WAV,Central Pond,recover-20220815,008,1795
720.2955,720.3194,22031.0,26312.0,Echolocation,Nyctalus leisleri,0.219,0.288,-1,/mnt/ubna_data_01_mir/recover-20220815/UBNA_008/20220812_083000.WAV,Central Pond,recover-20220815,008,1795
721.0465,721.0683,22031.0,26552.0,Echolocation,Nyctalus leisleri,0.124,0.271,-1,/mnt/ubna_data_01_mir/recover-20220815/UBNA_008/20220812_083000.WAV,Central Pond,recover-20220815,008,1795
724.0815,724.0889,39218.0,48593.0,Echolocation,Pipistrellus nathusii,0.283,0.368,-1,/mnt/ubna_data_01_mir/recover-20220815/UBNA_008/20220812_083000.WAV,Central Pond,recover-20220815,008,1795
724.1645,724.1724,40078.0,47395.0,Echolocation,Pipistrellus nathusii,0.411,0.479,-1,/mnt/ubna_data_01_mir/recover-20220815/UBNA_008/20220812_083000.WAV,Central Pond,recover-20220815,008,1795
724.2475,724.2555,40078.0,49123.0,Echolocation,Pipistrellus nathusii,0.376,0.468,-1,/mnt/ubna_data_01_mir/recover-20220815/UBNA_008/20220812_083000.WAV,Central Pond,recover-20220815,008,1795
724.3265,724.3349,38359.0,47981.0,Echolocation,Pipistrellus nathusii,0.356,0.503,-1,/mnt/ubna_data_01_mir/recover-20220815/UBNA_008/20220812_083000.WAV,Central Pond,recover-20220815,008,1795
724.4065,724.4135,40937.0,47705.0,Echolocation,Pipistrellus nathusii,0.367,0.437,-1,/mnt/ubna_data_01_mir/recover-20220815/UBNA_008/20220812_083000.WAV,Central Pond,recover-20220815,008,1795
724.4825,724.4901,39218.0,48172.0,Echolocation,Pipistrellus nathusii,0.357,0.483,-1,/mnt/ubna_data_01_mir/recover-20220815/UBNA_008/20220812_083000.WAV,Central Pond,recover-20220815,008,1795
724.7185,724.7264,39218.0,46551.0,Echolocation,Pipistrellus nathusii,0.387,0.456,-1,/mnt/ubna_data_01_mir/recover-20220815/UBNA_008/20220812_083000.WAV,Central Pond,recover-20220815,008,1795
724.8505,724.8583,39218.0,46861.0,Echolocation,Pipistrellus nathusii,0.272,0.366,-1,/mnt/ubna_data_01_mir/recover-20220815/UBNA_008/20220812_083000.WAV,Central Pond,recover-20220815,008,1795
725.0265,725.0357,40078.0,52089.0,Echolocation,Pipistrellus nathusii,0.417,0.508,-1,/mnt/ubna_data_01_mir/recover-20220815/UBNA_008/20220812_083000.WAV,Central Pond,recover-20220815,008,1795
725.1195,725.1291,40078.0,47340.0,Echolocation,Pipistrellus nathusii,0.351,0.386,-1,/mnt/ubna_data_01_mir/recover-20220815/UBNA_008/20220812_083000.WAV,Central Pond,recover-20220815,008,1795
725.2855,725.2924,39218.0,49771.0,Echolocation,Pipistrellus nathusii,0.152,0.247,-1,/mnt/ubna_data_01_mir/recover-20220815/UBNA_008/20220812_083000.WAV,Central Pond,recover-20220815,008,1795
725.3775,725.3847,37500.0,49077.0,Echolocation,Pipistrellus nathusii,0.154,0.316,-1,/mnt/ubna_data_01_mir/recover-20220815/UBNA_008/20220812_083000.WAV,Central Pond,recover-20220815,008,1795
725.7515,725.7589,37500.0,47314.0,Echolocation,Pipistrellus nathusii,0.309,0.464,-1,/mnt/ubna_data_01_mir/recover-20220815/UBNA_008/20220812_083000.WAV,Central Pond,recover-20220815,008,1795
859.4085,859.4168999999999,40937.0,46010.0,Echolocation,Pipistrellus nathusii,0.21,0.248,-1,/mnt/ubna_data_01_mir/recover-20220815/UBNA_008/20220812_083000.WAV,Central Pond,recover-20220815,008,1795
859.6175,859.6255,39218.0,47321.0,Echolocation,Pipistrellus nathusii,0.105,0.216,-1,/mnt/ubna_data_01_mir/recover-20220815/UBNA_008/20220812_083000.WAV,Central Pond,recover-20220815,008,1795
859.7235000000001,859.733,39218.0,45135.0,Echolocation,Pipistrellus nathusii,0.114,0.201,-1,/mnt/ubna_data_01_mir/recover-20220815/UBNA_008/20220812_083000.WAV,Central Pond,recover-20220815,008,1795
859.8165,859.8259,40937.0,46079.0,Echolocation,Pipistrellus nathusii,0.229,0.25,-1,/mnt/ubna_data_01_mir/recover-20220815/UBNA_008/20220812_083000.WAV,Central Pond,recover-20220815,008,1795
860.0185,860.028,39218.0,49607.0,Echolocation,Pipistrellus nathusii,0.187,0.371,-1,/mnt/ubna_data_01_mir/recover-20220815/UBNA_008/20220812_083000.WAV,Central Pond,recover-20220815,008,1795
890.1355,890.1459,39218.0,43752.0,Echolocation,Pipistrellus nathusii,0.246,0.266,-1,/mnt/ubna_data_01_mir/recover-20220815/UBNA_008/20220812_083000.WAV,Central Pond,recover-20220815,008,1795
890.4175,890.4278,41796.0,45736.0,Echolocation,Pipistrellus nathusii,0.19,0.221,-1,/mnt/ubna_data_01_mir/recover-20220815/UBNA_008/20220812_083000.WAV,Central Pond,recover-20220815,008,1795
891.3515,891.3598,39218.0,48158.0,Echolocation,Pipistrellus nathusii,0.572,0.595,-1,/mnt/ubna_data_01_mir/recover-20220815/UBNA_008/20220812_083000.WAV,Central Pond,recover-20220815,008,1795
891.5455,891.5559,39218.0,45854.0,Echolocation,Pipistrellus nathusii,0.522,0.563,-1,/mnt/ubna_data_01_mir/recover-20220815/UBNA_008/20220812_083000.WAV,Central Pond,recover-20220815,008,1795
891.7385,891.7494,38359.0,43022.0,Echolocation,Pipistrellus nathusii,0.213,0.228,-1,/mnt/ubna_data_01_mir/recover-20220815/UBNA_008/20220812_083000.WAV,Central Pond,recover-20220815,008,1795
891.8435,891.8539,36640.0,42558.0,Echolocation,Pipistrellus nathusii,0.298,0.359,-1,/mnt/ubna_data_01_mir/recover-20220815/UBNA_008/20220812_083000.WAV,Central Pond,recover-20220815,008,1795
892.0305,892.0415,38359.0,44264.0,Echolocation,Pipistrellus nathusii,0.36,0.437,-1,/mnt/ubna_data_01_mir/recover-20220815/UBNA_008/20220812_083000.WAV,Central Pond,recover-20220815,008,1795
914.4445,914.4641,23750.0,27487.0,Echolocation,Nyctalus leisleri,0.262,0.339,-1,/mnt/ubna_data_01_mir/recover-20220815/UBNA_008/20220812_083000.WAV,Central Pond,recover-20220815,008,1795
1050.3985,1050.4065,39218.0,45638.0,Echolocation,Pipistrellus nathusii,0.226,0.315,-1,/mnt/ubna_data_01_mir/recover-20220815/UBNA_008/20220812_083000.WAV,Central Pond,recover-20220815,008,1795
1050.6495,1050.6578,37500.0,43383.0,Echolocation,Pipistrellus nathusii,0.248,0.379,-1,/mnt/ubna_data_01_mir/recover-20220815/UBNA_008/20220812_083000.WAV,Central Pond,recover-20220815,008,1795
1050.8415,1050.8498,37500.0,44861.0,Echolocation,Pipistrellus nathusii,0.154,0.239,-1,/mnt/ubna_data_01_mir/recover-20220815/UBNA_008/20220812_083000.WAV,Central Pond,recover-20220815,008,1795
1051.3765,1051.3853,37500.0,42338.0,Echolocation,Pipistrellus nathusii,0.223,0.332,-1,/mnt/ubna_data_01_mir/recover-20220815/UBNA_008/20220812_083000.WAV,Central Pond,recover-20220815,008,1795
1051.5635,1051.5723,37500.0,46832.0,Echolocation,Pipistrellus nathusii,0.352,0.432,-1,/mnt/ubna_data_01_mir/recover-20220815/UBNA_008/20220812_083000.WAV,Central Pond,recover-20220815,008,1795
1051.6585,1051.67,35781.0,44870.0,Echolocation,Pipistrellus nathusii,0.178,0.246,-1,/mnt/ubna_data_01_mir/recover-20220815/UBNA_008/20220812_083000.WAV,Central Pond,recover-20220815,008,1795
1051.9245,1051.9325,39218.0,47695.0,Echolocation,Pipistrellus nathusii,0.432,0.514,-1,/mnt/ubna_data_01_mir/recover-20220815/UBNA_008/20220812_083000.WAV,Central Pond,recover-20220815,008,1795
1052.6675,1052.6759,36640.0,42493.0,Echolocation,Barbastellus barbastellus,0.161,0.313,-1,/mnt/ubna_data_01_mir/recover-20220815/UBNA_008/20220812_083000.WAV,Central Pond,recover-20220815,008,1795
1063.6495,1063.6554,13437.0,32431.0,Echolocation,Plecotus auritus,0.171,0.203,-1,/mnt/ubna_data_01_mir/recover-20220815/UBNA_008/20220812_083000.WAV,Central Pond,recover-20220815,008,1795
1166.5955,1166.6055,37500.0,42975.0,Echolocation,Pipistrellus nathusii,0.323,0.373,-1,/mnt/ubna_data_01_mir/recover-20220815/UBNA_008/20220812_083000.WAV,Central Pond,recover-20220815,008,1795
1166.7025,1166.7126,36640.0,41423.0,Echolocation,Pipistrellus nathusii,0.17,0.254,-1,/mnt/ubna_data_01_mir/recover-20220815/UBNA_008/20220812_083000.WAV,Central Pond,recover-20220815,008,1795
1166.7945,1166.8053,37500.0,42981.0,Echolocation,Pipistrellus nathusii,0.148,0.205,-1,/mnt/ubna_data_01_mir/recover-20220815/UBNA_008/20220812_083000.WAV,Central Pond,recover-20220815,008,1795
1248.7045,1248.7118,43515.0,48864.0,Echolocation,Pipistrellus pipistrellus,0.169,0.257,-1,/mnt/ubna_data_01_mir/recover-20220815/UBNA_008/20220812_083000.WAV,Central Pond,recover-20220815,008,1795
1249.3055,1249.3141,40078.0,46904.0,Echolocation,Pipistrellus nathusii,0.448,0.509,-1,/mnt/ubna_data_01_mir/recover-20220815/UBNA_008/20220812_083000.WAV,Central Pond,recover-20220815,008,1795
1255.0645,1255.0745,40078.0,45054.0,Echolocation,Pipistrellus nathusii,0.267,0.296,-1,/mnt/ubna_data_01_mir/recover-20220815/UBNA_008/20220812_083000.WAV,Central Pond,recover-20220815,008,1795
1255.1645,1255.1726,41796.0,47465.0,Echolocation,Pipistrellus nathusii,0.439,0.473,-1,/mnt/ubna_data_01_mir/recover-20220815/UBNA_008/20220812_083000.WAV,Central Pond,recover-20220815,008,1795
1255.3895,1255.3991,40937.0,46741.0,Echolocation,Pipistrellus nathusii,0.398,0.429,-1,/mnt/ubna_data_01_mir/recover-20220815/UBNA_008/20220812_083000.WAV,Central Pond,recover-20220815,008,1795
1255.5085,1255.5176,40937.0,48700.0,Echolocation,Pipistrellus nathusii,0.509,0.549,-1,/mnt/ubna_data_01_mir/recover-20220815/UBNA_008/20220812_083000.WAV,Central Pond,recover-20220815,008,1795
1255.6185,1255.6282,40078.0,45922.0,Echolocation,Pipistrellus nathusii,0.36,0.384,-1,/mnt/ubna_data_01_mir/recover-20220815/UBNA_008/20220812_083000.WAV,Central Pond,recover-20220815,008,1795
1255.7355,1255.7447,40078.0,49699.0,Echolocation,Pipistrellus nathusii,0.403,0.466,-1,/mnt/ubna_data_01_mir/recover-20220815/UBNA_008/20220812_083000.WAV,Central Pond,recover-20220815,008,1795
1255.8485,1255.8577,40937.0,52933.0,Echolocation,Pipistrellus nathusii,0.452,0.577,-1,/mnt/ubna_data_01_mir/recover-20220815/UBNA_008/20220812_083000.WAV,Central Pond,recover-20220815,008,1795
1255.9535,1255.963,40078.0,52534.0,Echolocation,Pipistrellus nathusii,0.545,0.643,-1,/mnt/ubna_data_01_mir/recover-20220815/UBNA_008/20220812_083000.WAV,Central Pond,recover-20220815,008,1795
1256.0705,1256.0787,40937.0,52461.0,Echolocation,Pipistrellus nathusii,0.578,0.613,-1,/mnt/ubna_data_01_mir/recover-20220815/UBNA_008/20220812_083000.WAV,Central Pond,recover-20220815,008,1795
1256.2825,1256.292,40078.0,49783.0,Echolocation,Pipistrellus nathusii,0.577,0.664,-1,/mnt/ubna_data_01_mir/recover-20220815/UBNA_008/20220812_083000.WAV,Central Pond,recover-20220815,008,1795
1256.3915,1256.4003,40937.0,51184.0,Echolocation,Pipistrellus nathusii,0.594,0.644,-1,/mnt/ubna_data_01_mir/recover-20220815/UBNA_008/20220812_083000.WAV,Central Pond,recover-20220815,008,1795
1256.5055,1256.5131,40078.0,50726.0,Echolocation,Pipistrellus nathusii,0.602,0.612,-1,/mnt/ubna_data_01_mir/recover-20220815/UBNA_008/20220812_083000.WAV,Central Pond,recover-20220815,008,1795
1256.6225,1256.6313,40937.0,53940.0,Echolocation,Pipistrellus nathusii,0.555,0.676,-1,/mnt/ubna_data_01_mir/recover-20220815/UBNA_008/20220812_083000.WAV,Central Pond,recover-20220815,008,1795
1256.7445,1256.7529,40937.0,50921.0,Echolocation,Pipistrellus nathusii,0.658,0.695,-1,/mnt/ubna_data_01_mir/recover-20220815/UBNA_008/20220812_083000.WAV,Central Pond,recover-20220815,008,1795
1256.8045,1256.81,42656.0,53513.0,Echolocation,Pipistrellus nathusii,0.569,0.598,-1,/mnt/ubna_data_01_mir/recover-20220815/UBNA_008/20220812_083000.WAV,Central Pond,recover-20220815,008,1795
1256.8705,1256.8774,41796.0,54088.0,Echolocation,Pipistrellus nathusii,0.5,0.57,-1,/mnt/ubna_data_01_mir/recover-20220815/UBNA_008/20220812_083000.WAV,Central Pond,recover-20220815,008,1795
1256.9425,1256.9493,42656.0,48897.0,Echolocation,Pipistrellus nathusii,0.391,0.429,-1,/mnt/ubna_data_01_mir/recover-20220815/UBNA_008/20220812_083000.WAV,Central Pond,recover-20220815,008,1795
1257.0015,1257.0063,42656.0,50783.0,Echolocation,Pipistrellus nathusii,0.254,0.29,-1,/mnt/ubna_data_01_mir/recover-20220815/UBNA_008/20220812_083000.WAV,Central Pond,recover-20220815,008,1795
1257.0395,1257.0463,43515.0,50425.0,Echolocation,Pipistrellus nathusii,0.193,0.242,-1,/mnt/ubna_data_01_mir/recover-20220815/UBNA_008/20220812_083000.WAV,Central Pond,recover-20220815,008,1795
1257.3635,1257.3701,42656.0,52393.0,Echolocation,Pipistrellus nathusii,0.596,0.636,-1,/mnt/ubna_data_01_mir/recover-20220815/UBNA_008/20220812_083000.WAV,Central Pond,recover-20220815,008,1795
1257.4445,1257.4513,41796.0,53556.0,Echolocation,Pipistrellus nathusii,0.61,0.637,-1,/mnt/ubna_data_01_mir/recover-20220815/UBNA_008/20220812_083000.WAV,Central Pond,recover-20220815,008,1795
1257.5415,1257.5503,40937.0,54141.0,Echolocation,Pipistrellus nathusii,0.575,0.654,-1,/mnt/ubna_data_01_mir/recover-20220815/UBNA_008/20220812_083000.WAV,Central Pond,recover-20220815,008,1795
1257.6395,1257.6469,40078.0,54289.0,Echolocation,Pipistrellus nathusii,0.577,0.613,-1,/mnt/ubna_data_01_mir/recover-20220815/UBNA_008/20220812_083000.WAV,Central Pond,recover-20220815,008,1795
1257.7515,1257.76,39218.0,54553.0,Echolocation,Pipistrellus nathusii,0.553,0.62,-1,/mnt/ubna_data_01_mir/recover-20220815/UBNA_008/20220812_083000.WAV,Central Pond,recover-20220815,008,1795
1257.8735,1257.8829,40078.0,58853.0,Echolocation,Pipistrellus nathusii,0.53,0.638,-1,/mnt/ubna_data_01_mir/recover-20220815/UBNA_008/20220812_083000.WAV,Central Pond,recover-20220815,008,1795
1257.9885,1257.997,40078.0,59084.0,Echolocation,Pipistrellus nathusii,0.613,0.685,-1,/mnt/ubna_data_01_mir/recover-20220815/UBNA_008/20220812_083000.WAV,Central Pond,recover-20220815,008,1795
1258.1055,1258.1148,38359.0,58044.0,Echolocation,Pipistrellus nathusii,0.539,0.588,-1,/mnt/ubna_data_01_mir/recover-20220815/UBNA_008/20220812_083000.WAV,Central Pond,recover-20220815,008,1795
1258.2155,1258.2255,38359.0,57120.0,Echolocation,Pipistrellus nathusii,0.552,0.612,-1,/mnt/ubna_data_01_mir/recover-20220815/UBNA_008/20220812_083000.WAV,Central Pond,recover-20220815,008,1795
1258.3315,1258.34,40078.0,61586.0,Echolocation,Pipistrellus nathusii,0.644,0.704,-1,/mnt/ubna_data_01_mir/recover-20220815/UBNA_008/20220812_083000.WAV,Central Pond,recover-20220815,008,1795
1258.4385,1258.4484,40078.0,58662.0,Echolocation,Pipistrellus nathusii,0.621,0.7,-1,/mnt/ubna_data_01_mir/recover-20220815/UBNA_008/20220812_083000.WAV,Central Pond,recover-20220815,008,1795
1258.5505,1258.5603,39218.0,59425.0,Echolocation,Pipistrellus nathusii,0.498,0.565,-1,/mnt/ubna_data_01_mir/recover-20220815/UBNA_008/20220812_083000.WAV,Central Pond,recover-20220815,008,1795
1258.6625,1258.672,40078.0,60907.0,Echolocation,Pipistrellus nathusii,0.563,0.614,-1,/mnt/ubna_data_01_mir/recover-20220815/UBNA_008/20220812_083000.WAV,Central Pond,recover-20220815,008,1795
1258.7485,1258.758,40078.0,63511.0,Echolocation,Pipistrellus nathusii,0.598,0.669,-1,/mnt/ubna_data_01_mir/recover-20220815/UBNA_008/20220812_083000.WAV,Central Pond,recover-20220815,008,1795
1258.8525,1258.862,40078.0,60974.0,Echolocation,Pipistrellus nathusii,0.615,0.666,-1,/mnt/ubna_data_01_mir/recover-20220815/UBNA_008/20220812_083000.WAV,Central Pond,recover-20220815,008,1795
1258.9895,1259.0,40078.0,62669.0,Echolocation,Pipistrellus nathusii,0.502,0.59,-1,/mnt/ubna_data_01_mir/recover-20220815/UBNA_008/20220812_083000.WAV,Central Pond,recover-20220815,008,1795
1259.0895,1259.0999,40078.0,55974.0,Echolocation,Pipistrellus nathusii,0.605,0.659,-1,/mnt/ubna_data_01_mir/recover-20220815/UBNA_008/20220812_083000.WAV,Central Pond,recover-20220815,008,1795
1259.1935,1259.2049,38359.0,63020.0,Echolocation,Pipistrellus nathusii,0.524,0.621,-1,/mnt/ubna_data_01_mir/recover-20220815/UBNA_008/20220812_083000.WAV,Central Pond,recover-20220815,008,1795
1259.4135,1259.4235,40078.0,67433.0,Echolocation,Pipistrellus nathusii,0.63,0.694,-1,/mnt/ubna_data_01_mir/recover-20220815/UBNA_008/20220812_083000.WAV,Central Pond,recover-20220815,008,1795
1259.5195,1259.5297,40078.0,64510.0,Echolocation,Pipistrellus nathusii,0.573,0.653,-1,/mnt/ubna_data_01_mir/recover-20220815/UBNA_008/20220812_083000.WAV,Central Pond,recover-20220815,008,1795
1259.6255,1259.6383,40078.0,58499.0,Echolocation,Pipistrellus nathusii,0.448,0.557,-1,/mnt/ubna_data_01_mir/recover-20220815/UBNA_008/20220812_083000.WAV,Central Pond,recover-20220815,008,1795
1259.7305,1259.7401,38359.0,65962.0,Echolocation,Pipistrellus nathusii,0.576,0.616,-1,/mnt/ubna_data_01_mir/recover-20220815/UBNA_008/20220812_083000.WAV,Central Pond,recover-20220815,008,1795
1259.8405,1259.8508,40078.0,65323.0,Echolocation,Pipistrellus nathusii,0.671,0.73,-1,/mnt/ubna_data_01_mir/recover-20220815/UBNA_008/20220812_083000.WAV,Central Pond,recover-20220815,008,1795
1259.9495,1259.9586,40078.0,68846.0,Echolocation,Pipistrellus nathusii,0.69,0.719,-1,/mnt/ubna_data_01_mir/recover-20220815/UBNA_008/20220812_083000.WAV,Central Pond,recover-20220815,008,1795
1260.0615,1260.0708,40078.0,57754.0,Echolocation,Pipistrellus nathusii,0.616,0.668,-1,/mnt/ubna_data_01_mir/recover-20220815/UBNA_008/20220812_083000.WAV,Central Pond,recover-20220815,008,1795
1260.1625,1260.1716,40078.0,70485.0,Echolocation,Pipistrellus nathusii,0.635,0.692,-1,/mnt/ubna_data_01_mir/recover-20220815/UBNA_008/20220812_083000.WAV,Central Pond,recover-20220815,008,1795
1260.3885,1260.3983,39218.0,64052.0,Echolocation,Pipistrellus nathusii,0.628,0.686,-1,/mnt/ubna_data_01_mir/recover-20220815/UBNA_008/20220812_083000.WAV,Central Pond,recover-20220815,008,1795
1260.4915,1260.5009,40078.0,61549.0,Echolocation,Pipistrellus nathusii,0.543,0.641,-1,/mnt/ubna_data_01_mir/recover-20220815/UBNA_008/20220812_083000.WAV,Central Pond,recover-20220815,008,1795
1260.6055,1260.6135,40078.0,51908.0,Echolocation,Pipistrellus nathusii,0.72,0.731,-1,/mnt/ubna_data_01_mir/recover-20220815/UBNA_008/20220812_083000.WAV,Central Pond,recover-20220815,008,1795
1260.8055,1260.8151,39218.0,62515.0,Echolocation,Pipistrellus nathusii,0.631,0.699,-1,/mnt/ubna_data_01_mir/recover-20220815/UBNA_008/20220812_083000.WAV,Central Pond,recover-20220815,008,1795
1260.9185,1260.9279,40078.0,49043.0,Echolocation,Pipistrellus nathusii,0.648,0.669,-1,/mnt/ubna_data_01_mir/recover-20220815/UBNA_008/20220812_083000.WAV,Central Pond,recover-20220815,008,1795
1261.0005,1261.0078,42656.0,47452.0,Echolocation,Pipistrellus nathusii,0.207,0.224,-1,/mnt/ubna_data_01_mir/recover-20220815/UBNA_008/20220812_083000.WAV,Central Pond,recover-20220815,008,1795
1261.1305,1261.1415,40078.0,49616.0,Echolocation,Pipistrellus nathusii,0.496,0.513,-1,/mnt/ubna_data_01_mir/recover-20220815/UBNA_008/20220812_083000.WAV,Central Pond,recover-20220815,008,1795
1261.2165,1261.2265,40937.0,49108.0,Echolocation,Pipistrellus nathusii,0.402,0.418,-1,/mnt/ubna_data_01_mir/recover-20220815/UBNA_008/20220812_083000.WAV,Central Pond,recover-20220815,008,1795
1261.3045,1261.3141,39218.0,57085.0,Echolocation,Pipistrellus nathusii,0.544,0.57,-1,/mnt/ubna_data_01_mir/recover-20220815/UBNA_008/20220812_083000.WAV,Central Pond,recover-20220815,008,1795
1261.4105,1261.4218,40078.0,45830.0,Echolocation,Pipistrellus nathusii,0.407,0.427,-1,/mnt/ubna_data_01_mir/recover-20220815/UBNA_008/20220812_083000.WAV,Central Pond,recover-20220815,008,1795
1261.5135,1261.5239,40078.0,56584.0,Echolocation,Pipistrellus nathusii,0.534,0.578,-1,/mnt/ubna_data_01_mir/recover-20220815/UBNA_008/20220812_083000.WAV,Central Pond,recover-20220815,008,1795
1261.6275,1261.6382,40078.0,50095.0,Echolocation,Pipistrellus nathusii,0.478,0.525,-1,/mnt/ubna_data_01_mir/recover-20220815/UBNA_008/20220812_083000.WAV,Central Pond,recover-20220815,008,1795
1261.7395,1261.7484,39218.0,55976.0,Echolocation,Pipistrellus nathusii,0.525,0.614,-1,/mnt/ubna_data_01_mir/recover-20220815/UBNA_008/20220812_083000.WAV,Central Pond,recover-20220815,008,1795
1261.8555,1261.8652,40078.0,45517.0,Echolocation,Pipistrellus nathusii,0.328,0.346,-1,/mnt/ubna_data_01_mir/recover-20220815/UBNA_008/20220812_083000.WAV,Central Pond,recover-20220815,008,1795
1261.9615,1261.9705,40078.0,53671.0,Echolocation,Pipistrellus nathusii,0.642,0.678,-1,/mnt/ubna_data_01_mir/recover-20220815/UBNA_008/20220812_083000.WAV,Central Pond,recover-20220815,008,1795
1262.0375,1262.0467,38359.0,46938.0,Echolocation,Pipistrellus nathusii,0.509,0.623,-1,/mnt/ubna_data_01_mir/recover-20220815/UBNA_008/20220812_083000.WAV,Central Pond,recover-20220815,008,1795
1262.0715,1262.0825,39218.0,45562.0,Echolocation,Pipistrellus nathusii,0.28,0.3,-1,/mnt/ubna_data_01_mir/recover-20220815/UBNA_008/20220812_083000.WAV,Central Pond,recover-20220815,008,1795
1262.1525,1262.1619,37500.0,44154.0,Echolocation,Pipistrellus nathusii,0.321,0.362,-1,/mnt/ubna_data_01_mir/recover-20220815/UBNA_008/20220812_083000.WAV,Central Pond,recover-20220815,008,1795
1262.2655,1262.274,40078.0,52608.0,Echolocation,Pipistrellus nathusii,0.687,0.718,-1,/mnt/ubna_data_01_mir/recover-20220815/UBNA_008/20220812_083000.WAV,Central Pond,recover-20220815,008,1795
1262.3615,1262.3698,37500.0,46935.0,Echolocation,Pipistrellus nathusii,0.544,0.626,-1,/mnt/ubna_data_01_mir/recover-20220815/UBNA_008/20220812_083000.WAV,Central Pond,recover-20220815,008,1795
1262.5545,1262.5626,39218.0,54200.0,Echolocation,Pipistrellus nathusii,0.537,0.615,-1,/mnt/ubna_data_01_mir/recover-20220815/UBNA_008/20220812_083000.WAV,Central Pond,recover-20220815,008,1795
1262.5885,1262.5982,37500.0,43760.0,Echolocation,Pipistrellus nathusii,0.392,0.423,-1,/mnt/ubna_data_01_mir/recover-20220815/UBNA_008/20220812_083000.WAV,Central Pond,recover-20220815,008,1795
1262.6565,1262.6642,40078.0,47494.0,Echolocation,Pipistrellus nathusii,0.47,0.532,-1,/mnt/ubna_data_01_mir/recover-20220815/UBNA_008/20220812_083000.WAV,Central Pond,recover-20220815,008,1795
1262.7955,1262.8037,38359.0,44802.0,Echolocation,Pipistrellus nathusii,0.386,0.429,-1,/mnt/ubna_data_01_mir/recover-20220815/UBNA_008/20220812_083000.WAV,Central Pond,recover-20220815,008,1795
1262.8435,1262.8506,39218.0,49321.0,Echolocation,Pipistrellus nathusii,0.567,0.594,-1,/mnt/ubna_data_01_mir/recover-20220815/UBNA_008/20220812_083000.WAV,Central Pond,recover-20220815,008,1795
1262.9415,1262.9504,39218.0,48312.0,Echolocation,Pipistrellus nathusii,0.558,0.609,-1,/mnt/ubna_data_01_mir/recover-20220815/UBNA_008/20220812_083000.WAV,Central Pond,recover-20220815,008,1795
1263.0385,1263.0452,40078.0,51966.0,Echolocation,Pipistrellus nathusii,0.485,0.528,-1,/mnt/ubna_data_01_mir/recover-20220815/UBNA_008/20220812_083000.WAV,Central Pond,recover-20220815,008,1795
1263.1225,1263.1304,38359.0,46573.0,Echolocation,Pipistrellus nathusii,0.558,0.602,-1,/mnt/ubna_data_01_mir/recover-20220815/UBNA_008/20220812_083000.WAV,Central Pond,recover-20220815,008,1795
1263.1425,1263.1514,40078.0,46726.0,Echolocation,Pipistrellus nathusii,0.187,0.207,-1,/mnt/ubna_data_01_mir/recover-20220815/UBNA_008/20220812_083000.WAV,Central Pond,recover-20220815,008,1795
1263.3405,1263.3484,40078.0,46002.0,Echolocation,Pipistrellus nathusii,0.256,0.285,-1,/mnt/ubna_data_01_mir/recover-20220815/UBNA_008/20220812_083000.WAV,Central Pond,recover-20220815,008,1795
1263.4745,1263.4835,38359.0,46444.0,Echolocation,Pipistrellus nathusii,0.449,0.516,-1,/mnt/ubna_data_01_mir/recover-20220815/UBNA_008/20220812_083000.WAV,Central Pond,recover-20220815,008,1795
1358.8305,1358.8357,13437.0,26901.0,Echolocation,Plecotus auritus,0.185,0.21,-1,/mnt/ubna_data_01_mir/recover-20220815/UBNA_008/20220812_083000.WAV,Central Pond,recover-20220815,008,1795
1373.1965,1373.2103,23750.0,27739.0,Echolocation,Nyctalus leisleri,0.336,0.455,-1,/mnt/ubna_data_01_mir/recover-20220815/UBNA_008/20220812_083000.WAV,Central Pond,recover-20220815,008,1795
1403.7505,1403.7666,16015.0,21070.0,Echolocation,Nyctalus noctula,0.178,0.205,-1,/mnt/ubna_data_01_mir/recover-20220815/UBNA_008/20220812_083000.WAV,Central Pond,recover-20220815,008,1795
1412.8015,1412.8106,38359.0,44355.0,Echolocation,Pipistrellus nathusii,0.35,0.418,-1,/mnt/ubna_data_01_mir/recover-20220815/UBNA_008/20220812_083000.WAV,Central Pond,recover-20220815,008,1795
1412.8995,1412.9074,38359.0,44482.0,Echolocation,Pipistrellus nathusii,0.337,0.461,-1,/mnt/ubna_data_01_mir/recover-20220815/UBNA_008/20220812_083000.WAV,Central Pond,recover-20220815,008,1795
1413.7045,1413.7132,37500.0,43943.0,Echolocation,Pipistrellus nathusii,0.226,0.316,-1,/mnt/ubna_data_01_mir/recover-20220815/UBNA_008/20220812_083000.WAV,Central Pond,recover-20220815,008,1795
1450.6135,1450.6223,39218.0,44557.0,Echolocation,Pipistrellus nathusii,0.291,0.34,-1,/mnt/ubna_data_01_mir/recover-20220815/UBNA_008/20220812_083000.WAV,Central Pond,recover-20220815,008,1795
1489.8685,1489.8745,13437.0,30739.0,Echolocation,Plecotus auritus,0.138,0.217,-1,/mnt/ubna_data_01_mir/recover-20220815/UBNA_008/20220812_083000.WAV,Central Pond,recover-20220815,008,1795
1539.4915,1539.4975,13437.0,28573.0,Echolocation,Plecotus auritus,0.17,0.234,-1,/mnt/ubna_data_01_mir/recover-20220815/UBNA_008/20220812_083000.WAV,Central Pond,recover-20220815,008,1795
1630.4755,1630.4933,22890.0,27377.0,Echolocation,Nyctalus leisleri,0.3,0.444,-1,/mnt/ubna_data_01_mir/recover-20220815/UBNA_008/20220812_083000.WAV,Central Pond,recover-20220815,008,1795
1631.2745,1631.2984,22890.0,27010.0,Echolocation,Nyctalus leisleri,0.125,0.258,-1,/mnt/ubna_data_01_mir/recover-20220815/UBNA_008/20220812_083000.WAV,Central Pond,recover-20220815,008,1795
1631.9515,1631.9771,22031.0,27675.0,Echolocation,Nyctalus noctula,0.135,0.302,-1,/mnt/ubna_data_01_mir/recover-20220815/UBNA_008/20220812_083000.WAV,Central Pond,recover-20220815,008,1795
1632.3675,1632.383,22031.0,25988.0,Echolocation,Nyctalus leisleri,0.445,0.58,-1,/mnt/ubna_data_01_mir/recover-20220815/UBNA_008/20220812_083000.WAV,Central Pond,recover-20220815,008,1795
1632.6375,1632.6595,23750.0,27214.0,Echolocation,Nyctalus leisleri,0.182,0.257,-1,/mnt/ubna_data_01_mir/recover-20220815/UBNA_008/20220812_083000.WAV,Central Pond,recover-20220815,008,1795
1633.3265,1633.3443,22031.0,25878.0,Echolocation,Nyctalus leisleri,0.448,0.504,-1,/mnt/ubna_data_01_mir/recover-20220815/UBNA_008/20220812_083000.WAV,Central Pond,recover-20220815,008,1795
1634.0085,1634.0289,22890.0,25479.0,Echolocation,Nyctalus leisleri,0.385,0.405,-1,/mnt/ubna_data_01_mir/recover-20220815/UBNA_008/20220812_083000.WAV,Central Pond,recover-20220815,008,1795
1634.4105,1634.4299,22890.0,26294.0,Echolocation,Nyctalus leisleri,0.402,0.46,-1,/mnt/ubna_data_01_mir/recover-20220815/UBNA_008/20220812_083000.WAV,Central Pond,recover-20220815,008,1795
1634.6785,1634.6966,22031.0,25734.0,Echolocation,Nyctalus leisleri,0.555,0.596,-1,/mnt/ubna_data_01_mir/recover-20220815/UBNA_008/20220812_083000.WAV,Central Pond,recover-20220815,008,1795
1634.9435,1634.9619,22890.0,25952.0,Echolocation,Nyctalus leisleri,0.496,0.528,-1,/mnt/ubna_data_01_mir/recover-20220815/UBNA_008/20220812_083000.WAV,Central Pond,recover-20220815,008,1795
1635.0925,1635.1187,22890.0,27233.0,Echolocation,Nyctalus leisleri,0.16,0.276,-1,/mnt/ubna_data_01_mir/recover-20220815/UBNA_008/20220812_083000.WAV,Central Pond,recover-20220815,008,1795
1635.8905,1635.9149,22031.0,27124.0,Echolocation,Nyctalus noctula,0.142,0.292,-1,/mnt/ubna_data_01_mir/recover-20220815/UBNA_008/20220812_083000.WAV,Central Pond,recover-20220815,008,1795
1636.5885,1636.608,22890.0,25430.0,Echolocation,Nyctalus leisleri,0.408,0.437,-1,/mnt/ubna_data_01_mir/recover-20220815/UBNA_008/20220812_083000.WAV,Central Pond,recover-20220815,008,1795
1636.8725,1636.8927,22890.0,27297.0,Echolocation,Nyctalus leisleri,0.2,0.318,-1,/mnt/ubna_data_01_mir/recover-20220815/UBNA_008/20220812_083000.WAV,Central Pond,recover-20220815,008,1795
1637.4275,1637.4436,22890.0,26005.0,Echolocation,Nyctalus leisleri,0.525,0.588,-1,/mnt/ubna_data_01_mir/recover-20220815/UBNA_008/20220812_083000.WAV,Central Pond,recover-20220815,008,1795
1637.9335,1637.9504,22890.0,25848.0,Echolocation,Nyctalus leisleri,0.255,0.336,-1,/mnt/ubna_data_01_mir/recover-20220815/UBNA_008/20220812_083000.WAV,Central Pond,recover-20220815,008,1795
1638.6075,1638.624,22031.0,26050.0,Echolocation,Nyctalus leisleri,0.243,0.378,-1,/mnt/ubna_data_01_mir/recover-20220815/UBNA_008/20220812_083000.WAV,Central Pond,recover-20220815,008,1795
1639.2975,1639.3194,22031.0,25238.0,Echolocation,Nyctalus leisleri,0.119,0.229,-1,/mnt/ubna_data_01_mir/recover-20220815/UBNA_008/20220812_083000.WAV,Central Pond,recover-20220815,008,1795
1658.5855,1658.5988,43515.0,46509.0,Echolocation,Pipistrellus nathusii,0.099,0.207,-1,/mnt/ubna_data_01_mir/recover-20220815/UBNA_008/20220812_083000.WAV,Central Pond,recover-20220815,008,1795
